datetime,ALLSKY_SFC_SW_DIFF
2024-07-31 00:00:00,0.0
2024-07-31 01:00:00,0.0
2024-07-31 02:00:00,0.0
2024-07-31 03:00:00,0.0
2024-07-31 04:00:00,0.0
2024-07-31 05:00:00,0.0
2024-07-31 06:00:00,26.83
2024-07-31 07:00:00,66.66
2024-07-31 08:00:00,110.04
2024-07-31 09:00:00,145.41
2024-07-31 10:00:00,210.09
2024-07-31 11:00:00,229.6
2024-07-31 12:00:00,222.25
2024-07-31 13:00:00,223.73
2024-07-31 14:00:00,225.53
2024-07-31 15:00:00,170.29
2024-07-31 16:00:00,117.24
2024-07-31 17:00:00,58.21
2024-07-31 18:00:00,9.22
2024-07-31 19:00:00,0.0
2024-07-31 20:00:00,0.0
2024-07-31 21:00:00,0.0
2024-07-31 22:00:00,0.0
2024-07-31 23:00:00,0.0
2024-08-01 00:00:00,0.0
2024-08-01 01:00:00,0.0
2024-08-01 02:00:00,0.0
2024-08-01 03:00:00,0.0
2024-08-01 04:00:00,0.0
2024-08-01 05:00:00,0.0
2024-08-01 06:00:00,37.57
2024-08-01 07:00:00,95.93
2024-08-01 08:00:00,142.89
2024-08-01 09:00:00,224.77
2024-08-01 10:00:00,273.98
2024-08-01 11:00:00,296.63
2024-08-01 12:00:00,377.43
2024-08-01 13:00:00,291.94
2024-08-01 14:00:00,271.09
2024-08-01 15:00:00,204.33
2024-08-01 16:00:00,127.61
2024-08-01 17:00:00,57.78
2024-08-01 18:00:00,8.45
2024-08-01 19:00:00,0.0
2024-08-01 20:00:00,0.0
2024-08-01 21:00:00,0.0
2024-08-01 22:00:00,0.0
2024-08-01 23:00:00,0.0
2024-08-02 00:00:00,0.0
2024-08-02 01:00:00,0.0
2024-08-02 02:00:00,0.0
2024-08-02 03:00:00,0.0
2024-08-02 04:00:00,0.0
2024-08-02 05:00:00,0.0
2024-08-02 06:00:00,29.37
2024-08-02 07:00:00,79.41
2024-08-02 08:00:00,140.7
2024-08-02 09:00:00,155.25
2024-08-02 10:00:00,158.6
2024-08-02 11:00:00,189.04
2024-08-02 12:00:00,239.97
2024-08-02 13:00:00,208.8
2024-08-02 14:00:00,218.87
2024-08-02 15:00:00,126.81
2024-08-02 16:00:00,88.77
2024-08-02 17:00:00,43.71
2024-08-02 18:00:00,6.08
2024-08-02 19:00:00,0.0
2024-08-02 20:00:00,0.0
2024-08-02 21:00:00,0.0
2024-08-02 22:00:00,0.0
2024-08-02 23:00:00,0.0
2024-08-03 00:00:00,0.0
2024-08-03 01:00:00,0.0
2024-08-03 02:00:00,0.0
2024-08-03 03:00:00,0.0
2024-08-03 04:00:00,0.0
2024-08-03 05:00:00,0.0
2024-08-03 06:00:00,24.77
2024-08-03 07:00:00,88.54
2024-08-03 08:00:00,153.21
2024-08-03 09:00:00,188.41
2024-08-03 10:00:00,153.58
2024-08-03 11:00:00,153.91
2024-08-03 12:00:00,94.45
2024-08-03 13:00:00,113.21
2024-08-03 14:00:00,91.11
2024-08-03 15:00:00,87.44
2024-08-03 16:00:00,66.3
2024-08-03 17:00:00,38.67
2024-08-03 18:00:00,6.47
2024-08-03 19:00:00,0.0
2024-08-03 20:00:00,0.0
2024-08-03 21:00:00,0.0
2024-08-03 22:00:00,0.0
2024-08-03 23:00:00,0.0
2024-08-04 00:00:00,0.0
2024-08-04 01:00:00,0.0
2024-08-04 02:00:00,0.0
2024-08-04 03:00:00,0.0
2024-08-04 04:00:00,0.0
2024-08-04 05:00:00,0.0
2024-08-04 06:00:00,11.51
2024-08-04 07:00:00,19.06
2024-08-04 08:00:00,24.88
2024-08-04 09:00:00,28.25
2024-08-04 10:00:00,42.57
2024-08-04 11:00:00,56.58
2024-08-04 12:00:00,77.35
2024-08-04 13:00:00,109.21
2024-08-04 14:00:00,181.6
2024-08-04 15:00:00,137.29
2024-08-04 16:00:00,95.55
2024-08-04 17:00:00,60.47
2024-08-04 18:00:00,9.78
2024-08-04 19:00:00,0.0
2024-08-04 20:00:00,0.0
2024-08-04 21:00:00,0.0
2024-08-04 22:00:00,0.0
2024-08-04 23:00:00,0.0
2024-08-05 00:00:00,0.0
2024-08-05 01:00:00,0.0
2024-08-05 02:00:00,0.0
2024-08-05 03:00:00,0.0
2024-08-05 04:00:00,0.0
2024-08-05 05:00:00,0.0
2024-08-05 06:00:00,41.07
2024-08-05 07:00:00,83.01
2024-08-05 08:00:00,143.19
2024-08-05 09:00:00,218.31
2024-08-05 10:00:00,254.12
2024-08-05 11:00:00,253.16
2024-08-05 12:00:00,242.65
2024-08-05 13:00:00,250.4
2024-08-05 14:00:00,213.04
2024-08-05 15:00:00,148.84
2024-08-05 16:00:00,96.48
2024-08-05 17:00:00,48.55
2024-08-05 18:00:00,7.89
2024-08-05 19:00:00,0.0
2024-08-05 20:00:00,0.0
2024-08-05 21:00:00,0.0
2024-08-05 22:00:00,0.0
2024-08-05 23:00:00,0.0
2024-08-06 00:00:00,0.0
2024-08-06 01:00:00,0.0
2024-08-06 02:00:00,0.0
2024-08-06 03:00:00,0.0
2024-08-06 04:00:00,0.0
2024-08-06 05:00:00,0.0
2024-08-06 06:00:00,46.15
2024-08-06 07:00:00,97.12
2024-08-06 08:00:00,152.31
2024-08-06 09:00:00,219.95
2024-08-06 10:00:00,231.94
2024-08-06 11:00:00,265.91
2024-08-06 12:00:00,350.32
2024-08-06 13:00:00,301.23
2024-08-06 14:00:00,249.75
2024-08-06 15:00:00,194.9
2024-08-06 16:00:00,132.68
2024-08-06 17:00:00,65.9
2024-08-06 18:00:00,7.19
2024-08-06 19:00:00,0.0
2024-08-06 20:00:00,0.0
2024-08-06 21:00:00,0.0
2024-08-06 22:00:00,0.0
2024-08-06 23:00:00,0.0
2024-08-07 00:00:00,0.0
2024-08-07 01:00:00,0.0
2024-08-07 02:00:00,0.0
2024-08-07 03:00:00,0.0
2024-08-07 04:00:00,0.0
2024-08-07 05:00:00,0.0
2024-08-07 06:00:00,26.84
2024-08-07 07:00:00,75.08
2024-08-07 08:00:00,120.85
2024-08-07 09:00:00,153.75
2024-08-07 10:00:00,200.17
2024-08-07 11:00:00,212.65
2024-08-07 12:00:00,212.0
2024-08-07 13:00:00,218.88
2024-08-07 14:00:00,190.59
2024-08-07 15:00:00,167.38
2024-08-07 16:00:00,116.38
2024-08-07 17:00:00,56.83
2024-08-07 18:00:00,5.86
2024-08-07 19:00:00,0.0
2024-08-07 20:00:00,0.0
2024-08-07 21:00:00,0.0
2024-08-07 22:00:00,0.0
2024-08-07 23:00:00,0.0
2024-08-08 00:00:00,0.0
2024-08-08 01:00:00,0.0
2024-08-08 02:00:00,0.0
2024-08-08 03:00:00,0.0
2024-08-08 04:00:00,0.0
2024-08-08 05:00:00,0.0
2024-08-08 06:00:00,32.08
2024-08-08 07:00:00,81.05
2024-08-08 08:00:00,141.44
2024-08-08 09:00:00,177.93
2024-08-08 10:00:00,191.9
2024-08-08 11:00:00,239.8
2024-08-08 12:00:00,303.26
2024-08-08 13:00:00,219.27
2024-08-08 14:00:00,271.38
2024-08-08 15:00:00,201.89
2024-08-08 16:00:00,142.93
2024-08-08 17:00:00,62.04
2024-08-08 18:00:00,11.02
2024-08-08 19:00:00,0.0
2024-08-08 20:00:00,0.0
2024-08-08 21:00:00,0.0
2024-08-08 22:00:00,0.0
2024-08-08 23:00:00,0.0
2024-08-09 00:00:00,0.0
2024-08-09 01:00:00,0.0
2024-08-09 02:00:00,0.0
2024-08-09 03:00:00,0.0
2024-08-09 04:00:00,0.0
2024-08-09 05:00:00,0.0
2024-08-09 06:00:00,36.93
2024-08-09 07:00:00,94.55
2024-08-09 08:00:00,168.58
2024-08-09 09:00:00,182.79
2024-08-09 10:00:00,214.15
2024-08-09 11:00:00,245.57
2024-08-09 12:00:00,265.35
2024-08-09 13:00:00,228.25
2024-08-09 14:00:00,174.96
2024-08-09 15:00:00,159.55
2024-08-09 16:00:00,93.55
2024-08-09 17:00:00,40.56
2024-08-09 18:00:00,6.32
2024-08-09 19:00:00,0.0
2024-08-09 20:00:00,0.0
2024-08-09 21:00:00,0.0
2024-08-09 22:00:00,0.0
2024-08-09 23:00:00,0.0
2024-08-10 00:00:00,0.0
2024-08-10 01:00:00,0.0
2024-08-10 02:00:00,0.0
2024-08-10 03:00:00,0.0
2024-08-10 04:00:00,0.0
2024-08-10 05:00:00,0.0
2024-08-10 06:00:00,32.56
2024-08-10 07:00:00,82.71
2024-08-10 08:00:00,141.33
2024-08-10 09:00:00,167.66
2024-08-10 10:00:00,206.05
2024-08-10 11:00:00,207.53
2024-08-10 12:00:00,263.79
2024-08-10 13:00:00,185.29
2024-08-10 14:00:00,236.74
2024-08-10 15:00:00,182.59
2024-08-10 16:00:00,98.88
2024-08-10 17:00:00,49.11
2024-08-10 18:00:00,10.18
2024-08-10 19:00:00,0.0
2024-08-10 20:00:00,0.0
2024-08-10 21:00:00,0.0
2024-08-10 22:00:00,0.0
2024-08-10 23:00:00,0.0
2024-08-11 00:00:00,0.0
2024-08-11 01:00:00,0.0
2024-08-11 02:00:00,0.0
2024-08-11 03:00:00,0.0
2024-08-11 04:00:00,0.0
2024-08-11 05:00:00,0.0
2024-08-11 06:00:00,45.59
2024-08-11 07:00:00,103.65
2024-08-11 08:00:00,135.89
2024-08-11 09:00:00,229.57
2024-08-11 10:00:00,306.38
2024-08-11 11:00:00,273.75
2024-08-11 12:00:00,255.46
2024-08-11 13:00:00,247.02
2024-08-11 14:00:00,218.78
2024-08-11 15:00:00,209.56
2024-08-11 16:00:00,121.78
2024-08-11 17:00:00,71.92
2024-08-11 18:00:00,8.2
2024-08-11 19:00:00,0.0
2024-08-11 20:00:00,0.0
2024-08-11 21:00:00,0.0
2024-08-11 22:00:00,0.0
2024-08-11 23:00:00,0.0
2024-08-12 00:00:00,0.0
2024-08-12 01:00:00,0.0
2024-08-12 02:00:00,0.0
2024-08-12 03:00:00,0.0
2024-08-12 04:00:00,0.0
2024-08-12 05:00:00,0.0
2024-08-12 06:00:00,42.43
2024-08-12 07:00:00,93.02
2024-08-12 08:00:00,168.4
2024-08-12 09:00:00,236.79
2024-08-12 10:00:00,316.02
2024-08-12 11:00:00,276.86
2024-08-12 12:00:00,205.14
2024-08-12 13:00:00,286.72
2024-08-12 14:00:00,179.04
2024-08-12 15:00:00,272.49
2024-08-12 16:00:00,144.22
2024-08-12 17:00:00,69.66
2024-08-12 18:00:00,9.53
2024-08-12 19:00:00,0.0
2024-08-12 20:00:00,0.0
2024-08-12 21:00:00,0.0
2024-08-12 22:00:00,0.0
2024-08-12 23:00:00,0.0
2024-08-13 00:00:00,0.0
2024-08-13 01:00:00,0.0
2024-08-13 02:00:00,0.0
2024-08-13 03:00:00,0.0
2024-08-13 04:00:00,0.0
2024-08-13 05:00:00,0.0
2024-08-13 06:00:00,43.14
2024-08-13 07:00:00,123.09
2024-08-13 08:00:00,252.29
2024-08-13 09:00:00,292.44
2024-08-13 10:00:00,319.53
2024-08-13 11:00:00,294.08
2024-08-13 12:00:00,280.41
2024-08-13 13:00:00,170.61
2024-08-13 14:00:00,224.03
2024-08-13 15:00:00,165.52
2024-08-13 16:00:00,148.32
2024-08-13 17:00:00,73.08
2024-08-13 18:00:00,10.52
2024-08-13 19:00:00,0.0
2024-08-13 20:00:00,0.0
2024-08-13 21:00:00,0.0
2024-08-13 22:00:00,0.0
2024-08-13 23:00:00,0.0
2024-08-14 00:00:00,0.0
2024-08-14 01:00:00,0.0
2024-08-14 02:00:00,0.0
2024-08-14 03:00:00,0.0
2024-08-14 04:00:00,0.0
2024-08-14 05:00:00,0.0
2024-08-14 06:00:00,50.92
2024-08-14 07:00:00,128.72
2024-08-14 08:00:00,194.9
2024-08-14 09:00:00,240.62
2024-08-14 10:00:00,251.15
2024-08-14 11:00:00,293.82
2024-08-14 12:00:00,271.19
2024-08-14 13:00:00,181.38
2024-08-14 14:00:00,266.38
2024-08-14 15:00:00,278.19
2024-08-14 16:00:00,176.52
2024-08-14 17:00:00,103.13
2024-08-14 18:00:00,11.5
2024-08-14 19:00:00,0.0
2024-08-14 20:00:00,0.0
2024-08-14 21:00:00,0.0
2024-08-14 22:00:00,0.0
2024-08-14 23:00:00,0.0
2024-08-15 00:00:00,0.0
2024-08-15 01:00:00,0.0
2024-08-15 02:00:00,0.0
2024-08-15 03:00:00,0.0
2024-08-15 04:00:00,0.0
2024-08-15 05:00:00,0.0
2024-08-15 06:00:00,54.5
2024-08-15 07:00:00,161.29
2024-08-15 08:00:00,222.09
2024-08-15 09:00:00,271.03
2024-08-15 10:00:00,240.31
2024-08-15 11:00:00,252.5
2024-08-15 12:00:00,243.45
2024-08-15 13:00:00,227.18
2024-08-15 14:00:00,256.88
2024-08-15 15:00:00,209.14
2024-08-15 16:00:00,162.11
2024-08-15 17:00:00,73.07
2024-08-15 18:00:00,8.98
2024-08-15 19:00:00,0.0
2024-08-15 20:00:00,0.0
2024-08-15 21:00:00,0.0
2024-08-15 22:00:00,0.0
2024-08-15 23:00:00,0.0
2024-08-16 00:00:00,0.0
2024-08-16 01:00:00,0.0
2024-08-16 02:00:00,0.0
2024-08-16 03:00:00,0.0
2024-08-16 04:00:00,0.0
2024-08-16 05:00:00,0.0
2024-08-16 06:00:00,48.69
2024-08-16 07:00:00,108.72
2024-08-16 08:00:00,211.13
2024-08-16 09:00:00,283.49
2024-08-16 10:00:00,357.46
2024-08-16 11:00:00,354.0
2024-08-16 12:00:00,231.6
2024-08-16 13:00:00,278.9
2024-08-16 14:00:00,292.21
2024-08-16 15:00:00,270.03
2024-08-16 16:00:00,188.02
2024-08-16 17:00:00,99.26
2024-08-16 18:00:00,7.87
2024-08-16 19:00:00,0.0
2024-08-16 20:00:00,0.0
2024-08-16 21:00:00,0.0
2024-08-16 22:00:00,0.0
2024-08-16 23:00:00,0.0
2024-08-17 00:00:00,0.0
2024-08-17 01:00:00,0.0
2024-08-17 02:00:00,0.0
2024-08-17 03:00:00,0.0
2024-08-17 04:00:00,0.0
2024-08-17 05:00:00,0.0
2024-08-17 06:00:00,61.93
2024-08-17 07:00:00,161.75
2024-08-17 08:00:00,239.95
2024-08-17 09:00:00,339.81
2024-08-17 10:00:00,404.35
2024-08-17 11:00:00,458.8
2024-08-17 12:00:00,480.33
2024-08-17 13:00:00,352.5
2024-08-17 14:00:00,290.43
2024-08-17 15:00:00,225.93
2024-08-17 16:00:00,144.66
2024-08-17 17:00:00,63.53
2024-08-17 18:00:00,4.59
2024-08-17 19:00:00,0.0
2024-08-17 20:00:00,0.0
2024-08-17 21:00:00,0.0
2024-08-17 22:00:00,0.0
2024-08-17 23:00:00,0.0
2024-08-18 00:00:00,0.0
2024-08-18 01:00:00,0.0
2024-08-18 02:00:00,0.0
2024-08-18 03:00:00,0.0
2024-08-18 04:00:00,0.0
2024-08-18 05:00:00,0.0
2024-08-18 06:00:00,52.61
2024-08-18 07:00:00,130.14
2024-08-18 08:00:00,207.56
2024-08-18 09:00:00,286.28
2024-08-18 10:00:00,384.1
2024-08-18 11:00:00,393.92
2024-08-18 12:00:00,317.89
2024-08-18 13:00:00,306.2
2024-08-18 14:00:00,261.81
2024-08-18 15:00:00,238.51
2024-08-18 16:00:00,167.65
2024-08-18 17:00:00,57.44
2024-08-18 18:00:00,5.64
2024-08-18 19:00:00,0.0
2024-08-18 20:00:00,0.0
2024-08-18 21:00:00,0.0
2024-08-18 22:00:00,0.0
2024-08-18 23:00:00,0.0
2024-08-19 00:00:00,0.0
2024-08-19 01:00:00,0.0
2024-08-19 02:00:00,0.0
2024-08-19 03:00:00,0.0
2024-08-19 04:00:00,0.0
2024-08-19 05:00:00,0.0
2024-08-19 06:00:00,43.2
2024-08-19 07:00:00,133.16
2024-08-19 08:00:00,238.66
2024-08-19 09:00:00,269.07
2024-08-19 10:00:00,379.49
2024-08-19 11:00:00,348.82
2024-08-19 12:00:00,372.72
2024-08-19 13:00:00,353.79
2024-08-19 14:00:00,137.15
2024-08-19 15:00:00,83.38
2024-08-19 16:00:00,62.57
2024-08-19 17:00:00,29.65
2024-08-19 18:00:00,2.05
2024-08-19 19:00:00,0.0
2024-08-19 20:00:00,0.0
2024-08-19 21:00:00,0.0
2024-08-19 22:00:00,0.0
2024-08-19 23:00:00,0.0
2024-08-20 00:00:00,0.0
2024-08-20 01:00:00,0.0
2024-08-20 02:00:00,0.0
2024-08-20 03:00:00,0.0
2024-08-20 04:00:00,0.0
2024-08-20 05:00:00,0.0
2024-08-20 06:00:00,48.82
2024-08-20 07:00:00,128.34
2024-08-20 08:00:00,222.83
2024-08-20 09:00:00,289.61
2024-08-20 10:00:00,338.4
2024-08-20 11:00:00,288.01
2024-08-20 12:00:00,353.08
2024-08-20 13:00:00,300.47
2024-08-20 14:00:00,164.45
2024-08-20 15:00:00,119.88
2024-08-20 16:00:00,72.97
2024-08-20 17:00:00,26.84
2024-08-20 18:00:00,3.09
2024-08-20 19:00:00,0.0
2024-08-20 20:00:00,0.0
2024-08-20 21:00:00,0.0
2024-08-20 22:00:00,0.0
2024-08-20 23:00:00,0.0
2024-08-21 00:00:00,0.0
2024-08-21 01:00:00,0.0
2024-08-21 02:00:00,0.0
2024-08-21 03:00:00,0.0
2024-08-21 04:00:00,0.0
2024-08-21 05:00:00,0.0
2024-08-21 06:00:00,56.05
2024-08-21 07:00:00,151.38
2024-08-21 08:00:00,250.67
2024-08-21 09:00:00,302.46
2024-08-21 10:00:00,351.15
2024-08-21 11:00:00,276.47
2024-08-21 12:00:00,462.12
2024-08-21 13:00:00,361.8
2024-08-21 14:00:00,264.97
2024-08-21 15:00:00,209.75
2024-08-21 16:00:00,143.37
2024-08-21 17:00:00,64.81
2024-08-21 18:00:00,5.0
2024-08-21 19:00:00,0.0
2024-08-21 20:00:00,0.0
2024-08-21 21:00:00,0.0
2024-08-21 22:00:00,0.0
2024-08-21 23:00:00,0.0
2024-08-22 00:00:00,0.0
2024-08-22 01:00:00,0.0
2024-08-22 02:00:00,0.0
2024-08-22 03:00:00,0.0
2024-08-22 04:00:00,0.0
2024-08-22 05:00:00,0.0
2024-08-22 06:00:00,54.56
2024-08-22 07:00:00,161.82
2024-08-22 08:00:00,267.2
2024-08-22 09:00:00,371.55
2024-08-22 10:00:00,362.07
2024-08-22 11:00:00,355.94
2024-08-22 12:00:00,222.36
2024-08-22 13:00:00,222.0
2024-08-22 14:00:00,289.14
2024-08-22 15:00:00,242.36
2024-08-22 16:00:00,171.61
2024-08-22 17:00:00,58.2
2024-08-22 18:00:00,4.72
2024-08-22 19:00:00,0.0
2024-08-22 20:00:00,0.0
2024-08-22 21:00:00,0.0
2024-08-22 22:00:00,0.0
2024-08-22 23:00:00,0.0
2024-08-23 00:00:00,0.0
2024-08-23 01:00:00,0.0
2024-08-23 02:00:00,0.0
2024-08-23 03:00:00,0.0
2024-08-23 04:00:00,0.0
2024-08-23 05:00:00,0.0
2024-08-23 06:00:00,47.32
2024-08-23 07:00:00,132.82
2024-08-23 08:00:00,232.0
2024-08-23 09:00:00,322.81
2024-08-23 10:00:00,318.98
2024-08-23 11:00:00,271.63
2024-08-23 12:00:00,307.92
2024-08-23 13:00:00,266.79
2024-08-23 14:00:00,178.29
2024-08-23 15:00:00,185.56
2024-08-23 16:00:00,116.91
2024-08-23 17:00:00,49.67
2024-08-23 18:00:00,3.47
2024-08-23 19:00:00,0.0
2024-08-23 20:00:00,0.0
2024-08-23 21:00:00,0.0
2024-08-23 22:00:00,0.0
2024-08-23 23:00:00,0.0
2024-08-24 00:00:00,0.0
2024-08-24 01:00:00,0.0
2024-08-24 02:00:00,0.0
2024-08-24 03:00:00,0.0
2024-08-24 04:00:00,0.0
2024-08-24 05:00:00,0.0
2024-08-24 06:00:00,27.39
2024-08-24 07:00:00,68.23
2024-08-24 08:00:00,94.78
2024-08-24 09:00:00,161.87
2024-08-24 10:00:00,155.1
2024-08-24 11:00:00,114.85
2024-08-24 12:00:00,104.31
2024-08-24 13:00:00,112.18
2024-08-24 14:00:00,125.93
2024-08-24 15:00:00,109.73
2024-08-24 16:00:00,68.93
2024-08-24 17:00:00,28.26
2024-08-24 18:00:00,2.45
2024-08-24 19:00:00,0.0
2024-08-24 20:00:00,0.0
2024-08-24 21:00:00,0.0
2024-08-24 22:00:00,0.0
2024-08-24 23:00:00,0.0
2024-08-25 00:00:00,0.0
2024-08-25 01:00:00,0.0
2024-08-25 02:00:00,0.0
2024-08-25 03:00:00,0.0
2024-08-25 04:00:00,0.0
2024-08-25 05:00:00,0.0
2024-08-25 06:00:00,25.11
2024-08-25 07:00:00,71.93
2024-08-25 08:00:00,113.3
2024-08-25 09:00:00,184.65
2024-08-25 10:00:00,204.15
2024-08-25 11:00:00,189.94
2024-08-25 12:00:00,236.49
2024-08-25 13:00:00,244.76
2024-08-25 14:00:00,123.06
2024-08-25 15:00:00,89.74
2024-08-25 16:00:00,61.87
2024-08-25 17:00:00,29.29
2024-08-25 18:00:00,2.79
2024-08-25 19:00:00,0.0
2024-08-25 20:00:00,0.0
2024-08-25 21:00:00,0.0
2024-08-25 22:00:00,0.0
2024-08-25 23:00:00,0.0
2024-08-26 00:00:00,0.0
2024-08-26 01:00:00,0.0
2024-08-26 02:00:00,0.0
2024-08-26 03:00:00,0.0
2024-08-26 04:00:00,0.0
2024-08-26 05:00:00,0.0
2024-08-26 06:00:00,29.92
2024-08-26 07:00:00,82.7
2024-08-26 08:00:00,144.21
2024-08-26 09:00:00,262.36
2024-08-26 10:00:00,311.92
2024-08-26 11:00:00,319.79
2024-08-26 12:00:00,242.19
2024-08-26 13:00:00,263.71
2024-08-26 14:00:00,176.7
2024-08-26 15:00:00,155.47
2024-08-26 16:00:00,101.31
2024-08-26 17:00:00,33.7
2024-08-26 18:00:00,3.3
2024-08-26 19:00:00,0.0
2024-08-26 20:00:00,0.0
2024-08-26 21:00:00,0.0
2024-08-26 22:00:00,0.0
2024-08-26 23:00:00,0.0
2024-08-27 00:00:00,0.0
2024-08-27 01:00:00,0.0
2024-08-27 02:00:00,0.0
2024-08-27 03:00:00,0.0
2024-08-27 04:00:00,0.0
2024-08-27 05:00:00,0.0
2024-08-27 06:00:00,43.17
2024-08-27 07:00:00,113.1
2024-08-27 08:00:00,173.29
2024-08-27 09:00:00,236.3
2024-08-27 10:00:00,280.49
2024-08-27 11:00:00,334.75
2024-08-27 12:00:00,249.46
2024-08-27 13:00:00,265.57
2024-08-27 14:00:00,277.22
2024-08-27 15:00:00,203.0
2024-08-27 16:00:00,138.7
2024-08-27 17:00:00,64.77
2024-08-27 18:00:00,4.42
2024-08-27 19:00:00,0.0
2024-08-27 20:00:00,0.0
2024-08-27 21:00:00,0.0
2024-08-27 22:00:00,0.0
2024-08-27 23:00:00,0.0
2024-08-28 00:00:00,0.0
2024-08-28 01:00:00,0.0
2024-08-28 02:00:00,0.0
2024-08-28 03:00:00,0.0
2024-08-28 04:00:00,0.0
2024-08-28 05:00:00,0.0
2024-08-28 06:00:00,32.18
2024-08-28 07:00:00,71.63
2024-08-28 08:00:00,118.73
2024-08-28 09:00:00,154.78
2024-08-28 10:00:00,207.96
2024-08-28 11:00:00,269.12
2024-08-28 12:00:00,216.15
2024-08-28 13:00:00,246.1
2024-08-28 14:00:00,192.57
2024-08-28 15:00:00,168.46
2024-08-28 16:00:00,105.95
2024-08-28 17:00:00,45.56
2024-08-28 18:00:00,4.51
2024-08-28 19:00:00,0.0
2024-08-28 20:00:00,0.0
2024-08-28 21:00:00,0.0
2024-08-28 22:00:00,0.0
2024-08-28 23:00:00,0.0
2024-08-29 00:00:00,0.0
2024-08-29 01:00:00,0.0
2024-08-29 02:00:00,0.0
2024-08-29 03:00:00,0.0
2024-08-29 04:00:00,0.0
2024-08-29 05:00:00,0.0
2024-08-29 06:00:00,44.41
2024-08-29 07:00:00,113.37
2024-08-29 08:00:00,213.93
2024-08-29 09:00:00,260.4
2024-08-29 10:00:00,267.27
2024-08-29 11:00:00,280.21
2024-08-29 12:00:00,280.62
2024-08-29 13:00:00,288.86
2024-08-29 14:00:00,224.01
2024-08-29 15:00:00,207.62
2024-08-29 16:00:00,136.98
2024-08-29 17:00:00,49.68
2024-08-29 18:00:00,3.74
2024-08-29 19:00:00,0.0
2024-08-29 20:00:00,0.0
2024-08-29 21:00:00,0.0
2024-08-29 22:00:00,0.0
2024-08-29 23:00:00,0.0
2024-08-30 00:00:00,0.0
2024-08-30 01:00:00,0.0
2024-08-30 02:00:00,0.0
2024-08-30 03:00:00,0.0
2024-08-30 04:00:00,0.0
2024-08-30 05:00:00,0.0
2024-08-30 06:00:00,45.75
2024-08-30 07:00:00,131.46
2024-08-30 08:00:00,182.07
2024-08-30 09:00:00,246.65
2024-08-30 10:00:00,311.43
2024-08-30 11:00:00,317.34
2024-08-30 12:00:00,266.45
2024-08-30 13:00:00,283.97
2024-08-30 14:00:00,254.1
2024-08-30 15:00:00,229.04
2024-08-30 16:00:00,169.18
2024-08-30 17:00:00,62.34
2024-08-30 18:00:00,4.23
2024-08-30 19:00:00,0.0
2024-08-30 20:00:00,0.0
2024-08-30 21:00:00,0.0
2024-08-30 22:00:00,0.0
2024-08-30 23:00:00,0.0
2024-08-31 00:00:00,0.0
2024-08-31 01:00:00,0.0
2024-08-31 02:00:00,0.0
2024-08-31 03:00:00,0.0
2024-08-31 04:00:00,0.0
2024-08-31 05:00:00,0.0
2024-08-31 06:00:00,49.21
2024-08-31 07:00:00,104.59
2024-08-31 08:00:00,153.29
2024-08-31 09:00:00,223.95
2024-08-31 10:00:00,353.34
2024-08-31 11:00:00,355.73
2024-08-31 12:00:00,382.63
2024-08-31 13:00:00,362.98
2024-08-31 14:00:00,310.22
2024-08-31 15:00:00,235.43
2024-08-31 16:00:00,162.79
2024-08-31 17:00:00,61.64
2024-08-31 18:00:00,3.98
2024-08-31 19:00:00,0.0
2024-08-31 20:00:00,0.0
2024-08-31 21:00:00,0.0
2024-08-31 22:00:00,0.0
2024-08-31 23:00:00,0.0
2024-09-01 00:00:00,0.0
2024-09-01 01:00:00,0.0
2024-09-01 02:00:00,0.0
2024-09-01 03:00:00,0.0
2024-09-01 04:00:00,0.0
2024-09-01 05:00:00,0.0
2024-09-01 06:00:00,35.73
2024-09-01 07:00:00,105.34
2024-09-01 08:00:00,176.07
2024-09-01 09:00:00,255.42
2024-09-01 10:00:00,293.78
2024-09-01 11:00:00,290.57
2024-09-01 12:00:00,183.16
2024-09-01 13:00:00,141.62
2024-09-01 14:00:00,95.42
2024-09-01 15:00:00,92.8
2024-09-01 16:00:00,64.18
2024-09-01 17:00:00,27.53
2024-09-01 18:00:00,0.0
2024-09-01 19:00:00,0.0
2024-09-01 20:00:00,0.0
2024-09-01 21:00:00,0.0
2024-09-01 22:00:00,0.0
2024-09-01 23:00:00,0.0
2024-09-02 00:00:00,0.0
2024-09-02 01:00:00,0.0
2024-09-02 02:00:00,0.0
2024-09-02 03:00:00,0.0
2024-09-02 04:00:00,0.0
2024-09-02 05:00:00,0.0
2024-09-02 06:00:00,24.54
2024-09-02 07:00:00,64.59
2024-09-02 08:00:00,107.8
2024-09-02 09:00:00,167.68
2024-09-02 10:00:00,180.42
2024-09-02 11:00:00,178.77
2024-09-02 12:00:00,141.31
2024-09-02 13:00:00,129.12
2024-09-02 14:00:00,108.58
2024-09-02 15:00:00,74.0
2024-09-02 16:00:00,58.27
2024-09-02 17:00:00,30.69
2024-09-02 18:00:00,0.0
2024-09-02 19:00:00,0.0
2024-09-02 20:00:00,0.0
2024-09-02 21:00:00,0.0
2024-09-02 22:00:00,0.0
2024-09-02 23:00:00,0.0
2024-09-03 00:00:00,0.0
2024-09-03 01:00:00,0.0
2024-09-03 02:00:00,0.0
2024-09-03 03:00:00,0.0
2024-09-03 04:00:00,0.0
2024-09-03 05:00:00,0.0
2024-09-03 06:00:00,35.11
2024-09-03 07:00:00,102.37
2024-09-03 08:00:00,178.05
2024-09-03 09:00:00,258.79
2024-09-03 10:00:00,284.47
2024-09-03 11:00:00,287.44
2024-09-03 12:00:00,247.28
2024-09-03 13:00:00,243.98
2024-09-03 14:00:00,217.45
2024-09-03 15:00:00,181.78
2024-09-03 16:00:00,108.42
2024-09-03 17:00:00,48.99
2024-09-03 18:00:00,0.0
2024-09-03 19:00:00,0.0
2024-09-03 20:00:00,0.0
2024-09-03 21:00:00,0.0
2024-09-03 22:00:00,0.0
2024-09-03 23:00:00,0.0
2024-09-04 00:00:00,0.0
2024-09-04 01:00:00,0.0
2024-09-04 02:00:00,0.0
2024-09-04 03:00:00,0.0
2024-09-04 04:00:00,0.0
2024-09-04 05:00:00,0.0
2024-09-04 06:00:00,44.49
2024-09-04 07:00:00,134.68
2024-09-04 08:00:00,225.99
2024-09-04 09:00:00,301.22
2024-09-04 10:00:00,358.93
2024-09-04 11:00:00,309.95
2024-09-04 12:00:00,357.08
2024-09-04 13:00:00,278.51
2024-09-04 14:00:00,283.46
2024-09-04 15:00:00,210.96
2024-09-04 16:00:00,96.87
2024-09-04 17:00:00,40.99
2024-09-04 18:00:00,0.0
2024-09-04 19:00:00,0.0
2024-09-04 20:00:00,0.0
2024-09-04 21:00:00,0.0
2024-09-04 22:00:00,0.0
2024-09-04 23:00:00,0.0
2024-09-05 00:00:00,0.0
2024-09-05 01:00:00,0.0
2024-09-05 02:00:00,0.0
2024-09-05 03:00:00,0.0
2024-09-05 04:00:00,0.0
2024-09-05 05:00:00,0.0
2024-09-05 06:00:00,27.13
2024-09-05 07:00:00,96.26
2024-09-05 08:00:00,181.94
2024-09-05 09:00:00,200.21
2024-09-05 10:00:00,282.31
2024-09-05 11:00:00,307.66
2024-09-05 12:00:00,324.81
2024-09-05 13:00:00,251.13
2024-09-05 14:00:00,234.33
2024-09-05 15:00:00,143.65
2024-09-05 16:00:00,80.01
2024-09-05 17:00:00,40.85
2024-09-05 18:00:00,0.0
2024-09-05 19:00:00,0.0
2024-09-05 20:00:00,0.0
2024-09-05 21:00:00,0.0
2024-09-05 22:00:00,0.0
2024-09-05 23:00:00,0.0
2024-09-06 00:00:00,0.0
2024-09-06 01:00:00,0.0
2024-09-06 02:00:00,0.0
2024-09-06 03:00:00,0.0
2024-09-06 04:00:00,0.0
2024-09-06 05:00:00,0.0
2024-09-06 06:00:00,41.36
2024-09-06 07:00:00,105.38
2024-09-06 08:00:00,175.82
2024-09-06 09:00:00,241.71
2024-09-06 10:00:00,278.39
2024-09-06 11:00:00,233.51
2024-09-06 12:00:00,198.16
2024-09-06 13:00:00,276.59
2024-09-06 14:00:00,208.98
2024-09-06 15:00:00,139.34
2024-09-06 16:00:00,111.93
2024-09-06 17:00:00,49.64
2024-09-06 18:00:00,0.0
2024-09-06 19:00:00,0.0
2024-09-06 20:00:00,0.0
2024-09-06 21:00:00,0.0
2024-09-06 22:00:00,0.0
2024-09-06 23:00:00,0.0
2024-09-07 00:00:00,0.0
2024-09-07 01:00:00,0.0
2024-09-07 02:00:00,0.0
2024-09-07 03:00:00,0.0
2024-09-07 04:00:00,0.0
2024-09-07 05:00:00,0.0
2024-09-07 06:00:00,44.05
2024-09-07 07:00:00,125.77
2024-09-07 08:00:00,179.69
2024-09-07 09:00:00,231.25
2024-09-07 10:00:00,272.92
2024-09-07 11:00:00,288.39
2024-09-07 12:00:00,206.14
2024-09-07 13:00:00,243.43
2024-09-07 14:00:00,237.59
2024-09-07 15:00:00,165.26
2024-09-07 16:00:00,118.76
2024-09-07 17:00:00,40.35
2024-09-07 18:00:00,0.0
2024-09-07 19:00:00,0.0
2024-09-07 20:00:00,0.0
2024-09-07 21:00:00,0.0
2024-09-07 22:00:00,0.0
2024-09-07 23:00:00,0.0
2024-09-08 00:00:00,0.0
2024-09-08 01:00:00,0.0
2024-09-08 02:00:00,0.0
2024-09-08 03:00:00,0.0
2024-09-08 04:00:00,0.0
2024-09-08 05:00:00,0.0
2024-09-08 06:00:00,48.01
2024-09-08 07:00:00,129.14
2024-09-08 08:00:00,197.63
2024-09-08 09:00:00,268.04
2024-09-08 10:00:00,242.0
2024-09-08 11:00:00,250.83
2024-09-08 12:00:00,266.07
2024-09-08 13:00:00,288.26
2024-09-08 14:00:00,188.44
2024-09-08 15:00:00,220.9
2024-09-08 16:00:00,121.77
2024-09-08 17:00:00,63.83
2024-09-08 18:00:00,0.0
2024-09-08 19:00:00,0.0
2024-09-08 20:00:00,0.0
2024-09-08 21:00:00,0.0
2024-09-08 22:00:00,0.0
2024-09-08 23:00:00,0.0
2024-09-09 00:00:00,0.0
2024-09-09 01:00:00,0.0
2024-09-09 02:00:00,0.0
2024-09-09 03:00:00,0.0
2024-09-09 04:00:00,0.0
2024-09-09 05:00:00,0.0
2024-09-09 06:00:00,39.18
2024-09-09 07:00:00,104.57
2024-09-09 08:00:00,171.61
2024-09-09 09:00:00,174.34
2024-09-09 10:00:00,233.98
2024-09-09 11:00:00,247.84
2024-09-09 12:00:00,240.64
2024-09-09 13:00:00,248.16
2024-09-09 14:00:00,234.78
2024-09-09 15:00:00,170.73
2024-09-09 16:00:00,116.95
2024-09-09 17:00:00,42.45
2024-09-09 18:00:00,0.0
2024-09-09 19:00:00,0.0
2024-09-09 20:00:00,0.0
2024-09-09 21:00:00,0.0
2024-09-09 22:00:00,0.0
2024-09-09 23:00:00,0.0
2024-09-10 00:00:00,0.0
2024-09-10 01:00:00,0.0
2024-09-10 02:00:00,0.0
2024-09-10 03:00:00,0.0
2024-09-10 04:00:00,0.0
2024-09-10 05:00:00,0.0
2024-09-10 06:00:00,45.87
2024-09-10 07:00:00,101.08
2024-09-10 08:00:00,127.9
2024-09-10 09:00:00,198.92
2024-09-10 10:00:00,268.12
2024-09-10 11:00:00,289.7
2024-09-10 12:00:00,280.31
2024-09-10 13:00:00,244.3
2024-09-10 14:00:00,186.36
2024-09-10 15:00:00,163.58
2024-09-10 16:00:00,113.84
2024-09-10 17:00:00,42.01
2024-09-10 18:00:00,0.0
2024-09-10 19:00:00,0.0
2024-09-10 20:00:00,0.0
2024-09-10 21:00:00,0.0
2024-09-10 22:00:00,0.0
2024-09-10 23:00:00,0.0
2024-09-11 00:00:00,0.0
2024-09-11 01:00:00,0.0
2024-09-11 02:00:00,0.0
2024-09-11 03:00:00,0.0
2024-09-11 04:00:00,0.0
2024-09-11 05:00:00,0.0
2024-09-11 06:00:00,43.76
2024-09-11 07:00:00,129.11
2024-09-11 08:00:00,231.34
2024-09-11 09:00:00,255.7
2024-09-11 10:00:00,376.38
2024-09-11 11:00:00,377.73
2024-09-11 12:00:00,293.01
2024-09-11 13:00:00,309.44
2024-09-11 14:00:00,276.98
2024-09-11 15:00:00,225.29
2024-09-11 16:00:00,128.08
2024-09-11 17:00:00,46.79
2024-09-11 18:00:00,0.0
2024-09-11 19:00:00,0.0
2024-09-11 20:00:00,0.0
2024-09-11 21:00:00,0.0
2024-09-11 22:00:00,0.0
2024-09-11 23:00:00,0.0
2024-09-12 00:00:00,0.0
2024-09-12 01:00:00,0.0
2024-09-12 02:00:00,0.0
2024-09-12 03:00:00,0.0
2024-09-12 04:00:00,0.0
2024-09-12 05:00:00,0.0
2024-09-12 06:00:00,41.54
2024-09-12 07:00:00,102.23
2024-09-12 08:00:00,166.99
2024-09-12 09:00:00,308.03
2024-09-12 10:00:00,292.19
2024-09-12 11:00:00,279.31
2024-09-12 12:00:00,348.33
2024-09-12 13:00:00,280.82
2024-09-12 14:00:00,213.99
2024-09-12 15:00:00,193.38
2024-09-12 16:00:00,129.95
2024-09-12 17:00:00,56.38
2024-09-12 18:00:00,0.0
2024-09-12 19:00:00,0.0
2024-09-12 20:00:00,0.0
2024-09-12 21:00:00,0.0
2024-09-12 22:00:00,0.0
2024-09-12 23:00:00,0.0
2024-09-13 00:00:00,0.0
2024-09-13 01:00:00,0.0
2024-09-13 02:00:00,0.0
2024-09-13 03:00:00,0.0
2024-09-13 04:00:00,0.0
2024-09-13 05:00:00,0.0
2024-09-13 06:00:00,42.07
2024-09-13 07:00:00,129.8
2024-09-13 08:00:00,249.85
2024-09-13 09:00:00,289.18
2024-09-13 10:00:00,344.84
2024-09-13 11:00:00,336.81
2024-09-13 12:00:00,368.35
2024-09-13 13:00:00,347.9
2024-09-13 14:00:00,279.51
2024-09-13 15:00:00,238.68
2024-09-13 16:00:00,159.15
2024-09-13 17:00:00,50.31
2024-09-13 18:00:00,0.0
2024-09-13 19:00:00,0.0
2024-09-13 20:00:00,0.0
2024-09-13 21:00:00,0.0
2024-09-13 22:00:00,0.0
2024-09-13 23:00:00,0.0
2024-09-14 00:00:00,0.0
2024-09-14 01:00:00,0.0
2024-09-14 02:00:00,0.0
2024-09-14 03:00:00,0.0
2024-09-14 04:00:00,0.0
2024-09-14 05:00:00,0.0
2024-09-14 06:00:00,45.81
2024-09-14 07:00:00,113.03
2024-09-14 08:00:00,225.23
2024-09-14 09:00:00,302.31
2024-09-14 10:00:00,365.97
2024-09-14 11:00:00,263.89
2024-09-14 12:00:00,265.92
2024-09-14 13:00:00,172.73
2024-09-14 14:00:00,294.77
2024-09-14 15:00:00,221.87
2024-09-14 16:00:00,100.85
2024-09-14 17:00:00,56.67
2024-09-14 18:00:00,0.0
2024-09-14 19:00:00,0.0
2024-09-14 20:00:00,0.0
2024-09-14 21:00:00,0.0
2024-09-14 22:00:00,0.0
2024-09-14 23:00:00,0.0
2024-09-15 00:00:00,0.0
2024-09-15 01:00:00,0.0
2024-09-15 02:00:00,0.0
2024-09-15 03:00:00,0.0
2024-09-15 04:00:00,0.0
2024-09-15 05:00:00,0.0
2024-09-15 06:00:00,34.21
2024-09-15 07:00:00,89.09
2024-09-15 08:00:00,162.28
2024-09-15 09:00:00,203.95
2024-09-15 10:00:00,257.69
2024-09-15 11:00:00,233.97
2024-09-15 12:00:00,212.48
2024-09-15 13:00:00,210.19
2024-09-15 14:00:00,188.87
2024-09-15 15:00:00,187.97
2024-09-15 16:00:00,118.14
2024-09-15 17:00:00,53.32
2024-09-15 18:00:00,0.0
2024-09-15 19:00:00,0.0
2024-09-15 20:00:00,0.0
2024-09-15 21:00:00,0.0
2024-09-15 22:00:00,0.0
2024-09-15 23:00:00,0.0
2024-09-16 00:00:00,0.0
2024-09-16 01:00:00,0.0
2024-09-16 02:00:00,0.0
2024-09-16 03:00:00,0.0
2024-09-16 04:00:00,0.0
2024-09-16 05:00:00,0.0
2024-09-16 06:00:00,49.57
2024-09-16 07:00:00,172.15
2024-09-16 08:00:00,253.37
2024-09-16 09:00:00,265.02
2024-09-16 10:00:00,281.25
2024-09-16 11:00:00,254.23
2024-09-16 12:00:00,224.87
2024-09-16 13:00:00,189.3
2024-09-16 14:00:00,273.13
2024-09-16 15:00:00,226.18
2024-09-16 16:00:00,105.74
2024-09-16 17:00:00,42.45
2024-09-16 18:00:00,0.0
2024-09-16 19:00:00,0.0
2024-09-16 20:00:00,0.0
2024-09-16 21:00:00,0.0
2024-09-16 22:00:00,0.0
2024-09-16 23:00:00,0.0
2024-09-17 00:00:00,0.0
2024-09-17 01:00:00,0.0
2024-09-17 02:00:00,0.0
2024-09-17 03:00:00,0.0
2024-09-17 04:00:00,0.0
2024-09-17 05:00:00,0.0
2024-09-17 06:00:00,55.62
2024-09-17 07:00:00,141.54
2024-09-17 08:00:00,195.35
2024-09-17 09:00:00,302.52
2024-09-17 10:00:00,297.13
2024-09-17 11:00:00,292.64
2024-09-17 12:00:00,228.0
2024-09-17 13:00:00,230.33
2024-09-17 14:00:00,288.25
2024-09-17 15:00:00,225.54
2024-09-17 16:00:00,141.9
2024-09-17 17:00:00,52.71
2024-09-17 18:00:00,0.0
2024-09-17 19:00:00,0.0
2024-09-17 20:00:00,0.0
2024-09-17 21:00:00,0.0
2024-09-17 22:00:00,0.0
2024-09-17 23:00:00,0.0
2024-09-18 00:00:00,0.0
2024-09-18 01:00:00,0.0
2024-09-18 02:00:00,0.0
2024-09-18 03:00:00,0.0
2024-09-18 04:00:00,0.0
2024-09-18 05:00:00,0.0
2024-09-18 06:00:00,53.7
2024-09-18 07:00:00,144.48
2024-09-18 08:00:00,197.55
2024-09-18 09:00:00,268.69
2024-09-18 10:00:00,312.94
2024-09-18 11:00:00,284.42
2024-09-18 12:00:00,294.21
2024-09-18 13:00:00,245.65
2024-09-18 14:00:00,252.48
2024-09-18 15:00:00,208.53
2024-09-18 16:00:00,132.76
2024-09-18 17:00:00,49.88
2024-09-18 18:00:00,0.0
2024-09-18 19:00:00,0.0
2024-09-18 20:00:00,0.0
2024-09-18 21:00:00,0.0
2024-09-18 22:00:00,0.0
2024-09-18 23:00:00,0.0
2024-09-19 00:00:00,0.0
2024-09-19 01:00:00,0.0
2024-09-19 02:00:00,0.0
2024-09-19 03:00:00,0.0
2024-09-19 04:00:00,0.0
2024-09-19 05:00:00,0.0
2024-09-19 06:00:00,48.02
2024-09-19 07:00:00,159.91
2024-09-19 08:00:00,237.44
2024-09-19 09:00:00,301.09
2024-09-19 10:00:00,309.82
2024-09-19 11:00:00,322.25
2024-09-19 12:00:00,267.25
2024-09-19 13:00:00,213.95
2024-09-19 14:00:00,266.75
2024-09-19 15:00:00,203.63
2024-09-19 16:00:00,152.69
2024-09-19 17:00:00,43.45
2024-09-19 18:00:00,0.0
2024-09-19 19:00:00,0.0
2024-09-19 20:00:00,0.0
2024-09-19 21:00:00,0.0
2024-09-19 22:00:00,0.0
2024-09-19 23:00:00,0.0
2024-09-20 00:00:00,0.0
2024-09-20 01:00:00,0.0
2024-09-20 02:00:00,0.0
2024-09-20 03:00:00,0.0
2024-09-20 04:00:00,0.0
2024-09-20 05:00:00,0.0
2024-09-20 06:00:00,51.45
2024-09-20 07:00:00,167.75
2024-09-20 08:00:00,245.16
2024-09-20 09:00:00,355.54
2024-09-20 10:00:00,380.56
2024-09-20 11:00:00,259.09
2024-09-20 12:00:00,296.59
2024-09-20 13:00:00,301.87
2024-09-20 14:00:00,339.61
2024-09-20 15:00:00,213.23
2024-09-20 16:00:00,159.6
2024-09-20 17:00:00,44.05
2024-09-20 18:00:00,0.0
2024-09-20 19:00:00,0.0
2024-09-20 20:00:00,0.0
2024-09-20 21:00:00,0.0
2024-09-20 22:00:00,0.0
2024-09-20 23:00:00,0.0
2024-09-21 00:00:00,0.0
2024-09-21 01:00:00,0.0
2024-09-21 02:00:00,0.0
2024-09-21 03:00:00,0.0
2024-09-21 04:00:00,0.0
2024-09-21 05:00:00,0.0
2024-09-21 06:00:00,31.76
2024-09-21 07:00:00,129.5
2024-09-21 08:00:00,201.89
2024-09-21 09:00:00,299.65
2024-09-21 10:00:00,341.84
2024-09-21 11:00:00,341.01
2024-09-21 12:00:00,268.0
2024-09-21 13:00:00,233.85
2024-09-21 14:00:00,271.06
2024-09-21 15:00:00,182.9
2024-09-21 16:00:00,128.21
2024-09-21 17:00:00,32.63
2024-09-21 18:00:00,0.0
2024-09-21 19:00:00,0.0
2024-09-21 20:00:00,0.0
2024-09-21 21:00:00,0.0
2024-09-21 22:00:00,0.0
2024-09-21 23:00:00,0.0
2024-09-22 00:00:00,0.0
2024-09-22 01:00:00,0.0
2024-09-22 02:00:00,0.0
2024-09-22 03:00:00,0.0
2024-09-22 04:00:00,0.0
2024-09-22 05:00:00,0.0
2024-09-22 06:00:00,40.27
2024-09-22 07:00:00,137.35
2024-09-22 08:00:00,282.78
2024-09-22 09:00:00,357.16
2024-09-22 10:00:00,381.25
2024-09-22 11:00:00,417.48
2024-09-22 12:00:00,338.6
2024-09-22 13:00:00,364.15
2024-09-22 14:00:00,327.83
2024-09-22 15:00:00,229.33
2024-09-22 16:00:00,144.51
2024-09-22 17:00:00,39.33
2024-09-22 18:00:00,0.0
2024-09-22 19:00:00,0.0
2024-09-22 20:00:00,0.0
2024-09-22 21:00:00,0.0
2024-09-22 22:00:00,0.0
2024-09-22 23:00:00,0.0
2024-09-23 00:00:00,0.0
2024-09-23 01:00:00,0.0
2024-09-23 02:00:00,0.0
2024-09-23 03:00:00,0.0
2024-09-23 04:00:00,0.0
2024-09-23 05:00:00,0.0
2024-09-23 06:00:00,35.82
2024-09-23 07:00:00,95.19
2024-09-23 08:00:00,196.9
2024-09-23 09:00:00,246.23
2024-09-23 10:00:00,323.35
2024-09-23 11:00:00,363.22
2024-09-23 12:00:00,316.73
2024-09-23 13:00:00,271.64
2024-09-23 14:00:00,222.0
2024-09-23 15:00:00,155.47
2024-09-23 16:00:00,94.99
2024-09-23 17:00:00,24.77
2024-09-23 18:00:00,0.0
2024-09-23 19:00:00,0.0
2024-09-23 20:00:00,0.0
2024-09-23 21:00:00,0.0
2024-09-23 22:00:00,0.0
2024-09-23 23:00:00,0.0
2024-09-24 00:00:00,0.0
2024-09-24 01:00:00,0.0
2024-09-24 02:00:00,0.0
2024-09-24 03:00:00,0.0
2024-09-24 04:00:00,0.0
2024-09-24 05:00:00,0.0
2024-09-24 06:00:00,36.32
2024-09-24 07:00:00,117.19
2024-09-24 08:00:00,188.79
2024-09-24 09:00:00,257.06
2024-09-24 10:00:00,241.24
2024-09-24 11:00:00,216.83
2024-09-24 12:00:00,242.8
2024-09-24 13:00:00,239.38
2024-09-24 14:00:00,151.79
2024-09-24 15:00:00,76.24
2024-09-24 16:00:00,46.18
2024-09-24 17:00:00,12.86
2024-09-24 18:00:00,0.0
2024-09-24 19:00:00,0.0
2024-09-24 20:00:00,0.0
2024-09-24 21:00:00,0.0
2024-09-24 22:00:00,0.0
2024-09-24 23:00:00,0.0
2024-09-25 00:00:00,0.0
2024-09-25 01:00:00,0.0
2024-09-25 02:00:00,0.0
2024-09-25 03:00:00,0.0
2024-09-25 04:00:00,0.0
2024-09-25 05:00:00,0.0
2024-09-25 06:00:00,28.29
2024-09-25 07:00:00,89.95
2024-09-25 08:00:00,159.24
2024-09-25 09:00:00,195.22
2024-09-25 10:00:00,269.91
2024-09-25 11:00:00,314.67
2024-09-25 12:00:00,310.65
2024-09-25 13:00:00,146.45
2024-09-25 14:00:00,157.66
2024-09-25 15:00:00,49.36
2024-09-25 16:00:00,26.8
2024-09-25 17:00:00,6.53
2024-09-25 18:00:00,0.0
2024-09-25 19:00:00,0.0
2024-09-25 20:00:00,0.0
2024-09-25 21:00:00,0.0
2024-09-25 22:00:00,0.0
2024-09-25 23:00:00,0.0
2024-09-26 00:00:00,0.0
2024-09-26 01:00:00,0.0
2024-09-26 02:00:00,0.0
2024-09-26 03:00:00,0.0
2024-09-26 04:00:00,0.0
2024-09-26 05:00:00,0.0
2024-09-26 06:00:00,27.99
2024-09-26 07:00:00,81.34
2024-09-26 08:00:00,140.61
2024-09-26 09:00:00,192.06
2024-09-26 10:00:00,261.79
2024-09-26 11:00:00,308.38
2024-09-26 12:00:00,352.31
2024-09-26 13:00:00,238.2
2024-09-26 14:00:00,229.17
2024-09-26 15:00:00,103.0
2024-09-26 16:00:00,58.96
2024-09-26 17:00:00,11.13
2024-09-26 18:00:00,0.0
2024-09-26 19:00:00,0.0
2024-09-26 20:00:00,0.0
2024-09-26 21:00:00,0.0
2024-09-26 22:00:00,0.0
2024-09-26 23:00:00,0.0
2024-09-27 00:00:00,0.0
2024-09-27 01:00:00,0.0
2024-09-27 02:00:00,0.0
2024-09-27 03:00:00,0.0
2024-09-27 04:00:00,0.0
2024-09-27 05:00:00,0.0
2024-09-27 06:00:00,19.28
2024-09-27 07:00:00,54.75
2024-09-27 08:00:00,88.62
2024-09-27 09:00:00,123.21
2024-09-27 10:00:00,210.67
2024-09-27 11:00:00,197.54
2024-09-27 12:00:00,306.64
2024-09-27 13:00:00,221.1
2024-09-27 14:00:00,197.33
2024-09-27 15:00:00,129.36
2024-09-27 16:00:00,77.41
2024-09-27 17:00:00,20.22
2024-09-27 18:00:00,0.0
2024-09-27 19:00:00,0.0
2024-09-27 20:00:00,0.0
2024-09-27 21:00:00,0.0
2024-09-27 22:00:00,0.0
2024-09-27 23:00:00,0.0
2024-09-28 00:00:00,0.0
2024-09-28 01:00:00,0.0
2024-09-28 02:00:00,0.0
2024-09-28 03:00:00,0.0
2024-09-28 04:00:00,0.0
2024-09-28 05:00:00,0.0
2024-09-28 06:00:00,42.29
2024-09-28 07:00:00,113.87
2024-09-28 08:00:00,185.09
2024-09-28 09:00:00,192.46
2024-09-28 10:00:00,256.66
2024-09-28 11:00:00,282.46
2024-09-28 12:00:00,167.74
2024-09-28 13:00:00,249.96
2024-09-28 14:00:00,182.62
2024-09-28 15:00:00,144.69
2024-09-28 16:00:00,88.54
2024-09-28 17:00:00,27.04
2024-09-28 18:00:00,0.0
2024-09-28 19:00:00,0.0
2024-09-28 20:00:00,0.0
2024-09-28 21:00:00,0.0
2024-09-28 22:00:00,0.0
2024-09-28 23:00:00,0.0
2024-09-29 00:00:00,0.0
2024-09-29 01:00:00,0.0
2024-09-29 02:00:00,0.0
2024-09-29 03:00:00,0.0
2024-09-29 04:00:00,0.0
2024-09-29 05:00:00,0.0
2024-09-29 06:00:00,45.24
2024-09-29 07:00:00,162.92
2024-09-29 08:00:00,211.4
2024-09-29 09:00:00,307.94
2024-09-29 10:00:00,317.5
2024-09-29 11:00:00,325.68
2024-09-29 12:00:00,258.61
2024-09-29 13:00:00,239.29
2024-09-29 14:00:00,170.28
2024-09-29 15:00:00,160.56
2024-09-29 16:00:00,122.54
2024-09-29 17:00:00,32.98
2024-09-29 18:00:00,0.0
2024-09-29 19:00:00,0.0
2024-09-29 20:00:00,0.0
2024-09-29 21:00:00,0.0
2024-09-29 22:00:00,0.0
2024-09-29 23:00:00,0.0
2024-09-30 00:00:00,0.0
2024-09-30 01:00:00,0.0
2024-09-30 02:00:00,0.0
2024-09-30 03:00:00,0.0
2024-09-30 04:00:00,0.0
2024-09-30 05:00:00,0.0
2024-09-30 06:00:00,42.31
2024-09-30 07:00:00,118.89
2024-09-30 08:00:00,177.71
2024-09-30 09:00:00,206.75
2024-09-30 10:00:00,256.76
2024-09-30 11:00:00,274.45
2024-09-30 12:00:00,242.32
2024-09-30 13:00:00,202.61
2024-09-30 14:00:00,203.0
2024-09-30 15:00:00,143.64
2024-09-30 16:00:00,128.17
2024-09-30 17:00:00,34.3
2024-09-30 18:00:00,0.0
2024-09-30 19:00:00,0.0
2024-09-30 20:00:00,0.0
2024-09-30 21:00:00,0.0
2024-09-30 22:00:00,0.0
2024-09-30 23:00:00,0.0
2024-10-01 00:00:00,0.0
2024-10-01 01:00:00,0.0
2024-10-01 02:00:00,0.0
2024-10-01 03:00:00,0.0
2024-10-01 04:00:00,0.0
2024-10-01 05:00:00,0.0
2024-10-01 06:00:00,43.5
2024-10-01 07:00:00,143.36
2024-10-01 08:00:00,206.24
2024-10-01 09:00:00,237.56
2024-10-01 10:00:00,333.46
2024-10-01 11:00:00,358.26
2024-10-01 12:00:00,317.2
2024-10-01 13:00:00,303.3
2024-10-01 14:00:00,323.98
2024-10-01 15:00:00,192.49
2024-10-01 16:00:00,148.95
2024-10-01 17:00:00,27.76
2024-10-01 18:00:00,0.0
2024-10-01 19:00:00,0.0
2024-10-01 20:00:00,0.0
2024-10-01 21:00:00,0.0
2024-10-01 22:00:00,0.0
2024-10-01 23:00:00,0.0
2024-10-02 00:00:00,0.0
2024-10-02 01:00:00,0.0
2024-10-02 02:00:00,0.0
2024-10-02 03:00:00,0.0
2024-10-02 04:00:00,0.0
2024-10-02 05:00:00,0.0
2024-10-02 06:00:00,45.81
2024-10-02 07:00:00,156.4
2024-10-02 08:00:00,208.57
2024-10-02 09:00:00,233.06
2024-10-02 10:00:00,255.94
2024-10-02 11:00:00,343.91
2024-10-02 12:00:00,292.56
2024-10-02 13:00:00,285.82
2024-10-02 14:00:00,186.29
2024-10-02 15:00:00,57.59
2024-10-02 16:00:00,39.78
2024-10-02 17:00:00,10.25
2024-10-02 18:00:00,0.0
2024-10-02 19:00:00,0.0
2024-10-02 20:00:00,0.0
2024-10-02 21:00:00,0.0
2024-10-02 22:00:00,0.0
2024-10-02 23:00:00,0.0
2024-10-03 00:00:00,0.0
2024-10-03 01:00:00,0.0
2024-10-03 02:00:00,0.0
2024-10-03 03:00:00,0.0
2024-10-03 04:00:00,0.0
2024-10-03 05:00:00,0.0
2024-10-03 06:00:00,36.76
2024-10-03 07:00:00,119.46
2024-10-03 08:00:00,222.93
2024-10-03 09:00:00,292.87
2024-10-03 10:00:00,296.11
2024-10-03 11:00:00,305.09
2024-10-03 12:00:00,218.13
2024-10-03 13:00:00,306.83
2024-10-03 14:00:00,241.67
2024-10-03 15:00:00,204.48
2024-10-03 16:00:00,132.89
2024-10-03 17:00:00,29.23
2024-10-03 18:00:00,0.0
2024-10-03 19:00:00,0.0
2024-10-03 20:00:00,0.0
2024-10-03 21:00:00,0.0
2024-10-03 22:00:00,0.0
2024-10-03 23:00:00,0.0
2024-10-04 00:00:00,0.0
2024-10-04 01:00:00,0.0
2024-10-04 02:00:00,0.0
2024-10-04 03:00:00,0.0
2024-10-04 04:00:00,0.0
2024-10-04 05:00:00,0.0
2024-10-04 06:00:00,50.91
2024-10-04 07:00:00,156.34
2024-10-04 08:00:00,223.36
2024-10-04 09:00:00,337.94
2024-10-04 10:00:00,320.72
2024-10-04 11:00:00,240.09
2024-10-04 12:00:00,330.69
2024-10-04 13:00:00,354.38
2024-10-04 14:00:00,248.66
2024-10-04 15:00:00,184.41
2024-10-04 16:00:00,102.94
2024-10-04 17:00:00,28.46
2024-10-04 18:00:00,0.0
2024-10-04 19:00:00,0.0
2024-10-04 20:00:00,0.0
2024-10-04 21:00:00,0.0
2024-10-04 22:00:00,0.0
2024-10-04 23:00:00,0.0
2024-10-05 00:00:00,0.0
2024-10-05 01:00:00,0.0
2024-10-05 02:00:00,0.0
2024-10-05 03:00:00,0.0
2024-10-05 04:00:00,0.0
2024-10-05 05:00:00,0.0
2024-10-05 06:00:00,47.17
2024-10-05 07:00:00,135.4
2024-10-05 08:00:00,207.06
2024-10-05 09:00:00,181.35
2024-10-05 10:00:00,221.07
2024-10-05 11:00:00,293.06
2024-10-05 12:00:00,310.84
2024-10-05 13:00:00,218.8
2024-10-05 14:00:00,213.66
2024-10-05 15:00:00,142.4
2024-10-05 16:00:00,128.5
2024-10-05 17:00:00,29.38
2024-10-05 18:00:00,0.0
2024-10-05 19:00:00,0.0
2024-10-05 20:00:00,0.0
2024-10-05 21:00:00,0.0
2024-10-05 22:00:00,0.0
2024-10-05 23:00:00,0.0
2024-10-06 00:00:00,0.0
2024-10-06 01:00:00,0.0
2024-10-06 02:00:00,0.0
2024-10-06 03:00:00,0.0
2024-10-06 04:00:00,0.0
2024-10-06 05:00:00,0.0
2024-10-06 06:00:00,44.54
2024-10-06 07:00:00,147.08
2024-10-06 08:00:00,224.37
2024-10-06 09:00:00,261.15
2024-10-06 10:00:00,299.89
2024-10-06 11:00:00,322.02
2024-10-06 12:00:00,296.6
2024-10-06 13:00:00,244.29
2024-10-06 14:00:00,238.66
2024-10-06 15:00:00,154.02
2024-10-06 16:00:00,107.34
2024-10-06 17:00:00,19.02
2024-10-06 18:00:00,0.0
2024-10-06 19:00:00,0.0
2024-10-06 20:00:00,0.0
2024-10-06 21:00:00,0.0
2024-10-06 22:00:00,0.0
2024-10-06 23:00:00,0.0
2024-10-07 00:00:00,0.0
2024-10-07 01:00:00,0.0
2024-10-07 02:00:00,0.0
2024-10-07 03:00:00,0.0
2024-10-07 04:00:00,0.0
2024-10-07 05:00:00,0.0
2024-10-07 06:00:00,39.13
2024-10-07 07:00:00,132.26
2024-10-07 08:00:00,222.88
2024-10-07 09:00:00,275.55
2024-10-07 10:00:00,334.71
2024-10-07 11:00:00,369.39
2024-10-07 12:00:00,346.69
2024-10-07 13:00:00,298.73
2024-10-07 14:00:00,291.84
2024-10-07 15:00:00,228.92
2024-10-07 16:00:00,128.35
2024-10-07 17:00:00,24.63
2024-10-07 18:00:00,0.0
2024-10-07 19:00:00,0.0
2024-10-07 20:00:00,0.0
2024-10-07 21:00:00,0.0
2024-10-07 22:00:00,0.0
2024-10-07 23:00:00,0.0
2024-10-08 00:00:00,0.0
2024-10-08 01:00:00,0.0
2024-10-08 02:00:00,0.0
2024-10-08 03:00:00,0.0
2024-10-08 04:00:00,0.0
2024-10-08 05:00:00,0.0
2024-10-08 06:00:00,40.56
2024-10-08 07:00:00,149.08
2024-10-08 08:00:00,210.14
2024-10-08 09:00:00,358.47
2024-10-08 10:00:00,340.2
2024-10-08 11:00:00,322.5
2024-10-08 12:00:00,219.04
2024-10-08 13:00:00,292.84
2024-10-08 14:00:00,188.01
2024-10-08 15:00:00,179.3
2024-10-08 16:00:00,107.63
2024-10-08 17:00:00,23.16
2024-10-08 18:00:00,0.0
2024-10-08 19:00:00,0.0
2024-10-08 20:00:00,0.0
2024-10-08 21:00:00,0.0
2024-10-08 22:00:00,0.0
2024-10-08 23:00:00,0.0
2024-10-09 00:00:00,0.0
2024-10-09 01:00:00,0.0
2024-10-09 02:00:00,0.0
2024-10-09 03:00:00,0.0
2024-10-09 04:00:00,0.0
2024-10-09 05:00:00,0.0
2024-10-09 06:00:00,20.02
2024-10-09 07:00:00,72.9
2024-10-09 08:00:00,150.42
2024-10-09 09:00:00,222.17
2024-10-09 10:00:00,271.17
2024-10-09 11:00:00,296.63
2024-10-09 12:00:00,293.46
2024-10-09 13:00:00,184.01
2024-10-09 14:00:00,192.95
2024-10-09 15:00:00,146.0
2024-10-09 16:00:00,41.54
2024-10-09 17:00:00,9.01
2024-10-09 18:00:00,0.0
2024-10-09 19:00:00,0.0
2024-10-09 20:00:00,0.0
2024-10-09 21:00:00,0.0
2024-10-09 22:00:00,0.0
2024-10-09 23:00:00,0.0
2024-10-10 00:00:00,0.0
2024-10-10 01:00:00,0.0
2024-10-10 02:00:00,0.0
2024-10-10 03:00:00,0.0
2024-10-10 04:00:00,0.0
2024-10-10 05:00:00,0.0
2024-10-10 06:00:00,32.66
2024-10-10 07:00:00,121.88
2024-10-10 08:00:00,223.07
2024-10-10 09:00:00,262.87
2024-10-10 10:00:00,240.61
2024-10-10 11:00:00,335.78
2024-10-10 12:00:00,393.1
2024-10-10 13:00:00,293.7
2024-10-10 14:00:00,215.7
2024-10-10 15:00:00,148.01
2024-10-10 16:00:00,91.66
2024-10-10 17:00:00,16.2
2024-10-10 18:00:00,0.0
2024-10-10 19:00:00,0.0
2024-10-10 20:00:00,0.0
2024-10-10 21:00:00,0.0
2024-10-10 22:00:00,0.0
2024-10-10 23:00:00,0.0
2024-10-11 00:00:00,0.0
2024-10-11 01:00:00,0.0
2024-10-11 02:00:00,0.0
2024-10-11 03:00:00,0.0
2024-10-11 04:00:00,0.0
2024-10-11 05:00:00,0.0
2024-10-11 06:00:00,42.15
2024-10-11 07:00:00,147.46
2024-10-11 08:00:00,268.55
2024-10-11 09:00:00,362.18
2024-10-11 10:00:00,359.37
2024-10-11 11:00:00,387.67
2024-10-11 12:00:00,410.15
2024-10-11 13:00:00,297.38
2024-10-11 14:00:00,261.33
2024-10-11 15:00:00,167.69
2024-10-11 16:00:00,103.94
2024-10-11 17:00:00,17.76
2024-10-11 18:00:00,0.0
2024-10-11 19:00:00,0.0
2024-10-11 20:00:00,0.0
2024-10-11 21:00:00,0.0
2024-10-11 22:00:00,0.0
2024-10-11 23:00:00,0.0
2024-10-12 00:00:00,0.0
2024-10-12 01:00:00,0.0
2024-10-12 02:00:00,0.0
2024-10-12 03:00:00,0.0
2024-10-12 04:00:00,0.0
2024-10-12 05:00:00,0.0
2024-10-12 06:00:00,50.59
2024-10-12 07:00:00,158.92
2024-10-12 08:00:00,235.34
2024-10-12 09:00:00,245.17
2024-10-12 10:00:00,301.78
2024-10-12 11:00:00,339.28
2024-10-12 12:00:00,274.75
2024-10-12 13:00:00,245.22
2024-10-12 14:00:00,194.41
2024-10-12 15:00:00,173.6
2024-10-12 16:00:00,104.32
2024-10-12 17:00:00,20.01
2024-10-12 18:00:00,0.0
2024-10-12 19:00:00,0.0
2024-10-12 20:00:00,0.0
2024-10-12 21:00:00,0.0
2024-10-12 22:00:00,0.0
2024-10-12 23:00:00,0.0
2024-10-13 00:00:00,0.0
2024-10-13 01:00:00,0.0
2024-10-13 02:00:00,0.0
2024-10-13 03:00:00,0.0
2024-10-13 04:00:00,0.0
2024-10-13 05:00:00,0.0
2024-10-13 06:00:00,40.84
2024-10-13 07:00:00,110.47
2024-10-13 08:00:00,181.85
2024-10-13 09:00:00,216.92
2024-10-13 10:00:00,203.42
2024-10-13 11:00:00,329.75
2024-10-13 12:00:00,322.54
2024-10-13 13:00:00,199.16
2024-10-13 14:00:00,180.03
2024-10-13 15:00:00,213.85
2024-10-13 16:00:00,94.34
2024-10-13 17:00:00,16.13
2024-10-13 18:00:00,0.0
2024-10-13 19:00:00,0.0
2024-10-13 20:00:00,0.0
2024-10-13 21:00:00,0.0
2024-10-13 22:00:00,0.0
2024-10-13 23:00:00,0.0
2024-10-14 00:00:00,0.0
2024-10-14 01:00:00,0.0
2024-10-14 02:00:00,0.0
2024-10-14 03:00:00,0.0
2024-10-14 04:00:00,0.0
2024-10-14 05:00:00,0.0
2024-10-14 06:00:00,44.99
2024-10-14 07:00:00,140.89
2024-10-14 08:00:00,151.32
2024-10-14 09:00:00,289.41
2024-10-14 10:00:00,263.39
2024-10-14 11:00:00,294.15
2024-10-14 12:00:00,216.33
2024-10-14 13:00:00,205.76
2024-10-14 14:00:00,266.32
2024-10-14 15:00:00,213.42
2024-10-14 16:00:00,103.45
2024-10-14 17:00:00,21.33
2024-10-14 18:00:00,0.0
2024-10-14 19:00:00,0.0
2024-10-14 20:00:00,0.0
2024-10-14 21:00:00,0.0
2024-10-14 22:00:00,0.0
2024-10-14 23:00:00,0.0
2024-10-15 00:00:00,0.0
2024-10-15 01:00:00,0.0
2024-10-15 02:00:00,0.0
2024-10-15 03:00:00,0.0
2024-10-15 04:00:00,0.0
2024-10-15 05:00:00,0.0
2024-10-15 06:00:00,34.23
2024-10-15 07:00:00,110.72
2024-10-15 08:00:00,183.69
2024-10-15 09:00:00,249.06
2024-10-15 10:00:00,311.13
2024-10-15 11:00:00,340.47
2024-10-15 12:00:00,349.61
2024-10-15 13:00:00,282.28
2024-10-15 14:00:00,260.39
2024-10-15 15:00:00,209.47
2024-10-15 16:00:00,107.68
2024-10-15 17:00:00,18.52
2024-10-15 18:00:00,0.0
2024-10-15 19:00:00,0.0
2024-10-15 20:00:00,0.0
2024-10-15 21:00:00,0.0
2024-10-15 22:00:00,0.0
2024-10-15 23:00:00,0.0
2024-10-16 00:00:00,0.0
2024-10-16 01:00:00,0.0
2024-10-16 02:00:00,0.0
2024-10-16 03:00:00,0.0
2024-10-16 04:00:00,0.0
2024-10-16 05:00:00,0.0
2024-10-16 06:00:00,37.69
2024-10-16 07:00:00,124.42
2024-10-16 08:00:00,199.69
2024-10-16 09:00:00,278.12
2024-10-16 10:00:00,275.87
2024-10-16 11:00:00,328.53
2024-10-16 12:00:00,333.37
2024-10-16 13:00:00,252.21
2024-10-16 14:00:00,199.92
2024-10-16 15:00:00,219.37
2024-10-16 16:00:00,101.96
2024-10-16 17:00:00,15.32
2024-10-16 18:00:00,0.0
2024-10-16 19:00:00,0.0
2024-10-16 20:00:00,0.0
2024-10-16 21:00:00,0.0
2024-10-16 22:00:00,0.0
2024-10-16 23:00:00,0.0
2024-10-17 00:00:00,0.0
2024-10-17 01:00:00,0.0
2024-10-17 02:00:00,0.0
2024-10-17 03:00:00,0.0
2024-10-17 04:00:00,0.0
2024-10-17 05:00:00,0.0
2024-10-17 06:00:00,17.22
2024-10-17 07:00:00,72.01
2024-10-17 08:00:00,160.66
2024-10-17 09:00:00,215.86
2024-10-17 10:00:00,327.79
2024-10-17 11:00:00,323.25
2024-10-17 12:00:00,372.71
2024-10-17 13:00:00,256.3
2024-10-17 14:00:00,214.77
2024-10-17 15:00:00,156.35
2024-10-17 16:00:00,85.87
2024-10-17 17:00:00,16.44
2024-10-17 18:00:00,0.0
2024-10-17 19:00:00,0.0
2024-10-17 20:00:00,0.0
2024-10-17 21:00:00,0.0
2024-10-17 22:00:00,0.0
2024-10-17 23:00:00,0.0
2024-10-18 00:00:00,0.0
2024-10-18 01:00:00,0.0
2024-10-18 02:00:00,0.0
2024-10-18 03:00:00,0.0
2024-10-18 04:00:00,0.0
2024-10-18 05:00:00,0.0
2024-10-18 06:00:00,39.37
2024-10-18 07:00:00,132.1
2024-10-18 08:00:00,258.88
2024-10-18 09:00:00,257.49
2024-10-18 10:00:00,321.87
2024-10-18 11:00:00,382.7
2024-10-18 12:00:00,372.63
2024-10-18 13:00:00,271.1
2024-10-18 14:00:00,239.5
2024-10-18 15:00:00,143.2
2024-10-18 16:00:00,101.9
2024-10-18 17:00:00,14.36
2024-10-18 18:00:00,0.0
2024-10-18 19:00:00,0.0
2024-10-18 20:00:00,0.0
2024-10-18 21:00:00,0.0
2024-10-18 22:00:00,0.0
2024-10-18 23:00:00,0.0
2024-10-19 00:00:00,0.0
2024-10-19 01:00:00,0.0
2024-10-19 02:00:00,0.0
2024-10-19 03:00:00,0.0
2024-10-19 04:00:00,0.0
2024-10-19 05:00:00,0.0
2024-10-19 06:00:00,42.07
2024-10-19 07:00:00,121.19
2024-10-19 08:00:00,234.14
2024-10-19 09:00:00,237.73
2024-10-19 10:00:00,195.26
2024-10-19 11:00:00,310.8
2024-10-19 12:00:00,271.18
2024-10-19 13:00:00,289.91
2024-10-19 14:00:00,219.67
2024-10-19 15:00:00,144.27
2024-10-19 16:00:00,74.43
2024-10-19 17:00:00,11.65
2024-10-19 18:00:00,0.0
2024-10-19 19:00:00,0.0
2024-10-19 20:00:00,0.0
2024-10-19 21:00:00,0.0
2024-10-19 22:00:00,0.0
2024-10-19 23:00:00,0.0
2024-10-20 00:00:00,0.0
2024-10-20 01:00:00,0.0
2024-10-20 02:00:00,0.0
2024-10-20 03:00:00,0.0
2024-10-20 04:00:00,0.0
2024-10-20 05:00:00,0.0
2024-10-20 06:00:00,37.04
2024-10-20 07:00:00,159.26
2024-10-20 08:00:00,200.37
2024-10-20 09:00:00,247.4
2024-10-20 10:00:00,297.43
2024-10-20 11:00:00,350.72
2024-10-20 12:00:00,226.23
2024-10-20 13:00:00,235.65
2024-10-20 14:00:00,231.87
2024-10-20 15:00:00,183.0
2024-10-20 16:00:00,83.42
2024-10-20 17:00:00,12.34
2024-10-20 18:00:00,0.0
2024-10-20 19:00:00,0.0
2024-10-20 20:00:00,0.0
2024-10-20 21:00:00,0.0
2024-10-20 22:00:00,0.0
2024-10-20 23:00:00,0.0
2024-10-21 00:00:00,0.0
2024-10-21 01:00:00,0.0
2024-10-21 02:00:00,0.0
2024-10-21 03:00:00,0.0
2024-10-21 04:00:00,0.0
2024-10-21 05:00:00,0.0
2024-10-21 06:00:00,39.07
2024-10-21 07:00:00,128.76
2024-10-21 08:00:00,210.67
2024-10-21 09:00:00,231.19
2024-10-21 10:00:00,266.82
2024-10-21 11:00:00,341.5
2024-10-21 12:00:00,311.79
2024-10-21 13:00:00,249.12
2024-10-21 14:00:00,195.74
2024-10-21 15:00:00,190.93
2024-10-21 16:00:00,86.34
2024-10-21 17:00:00,12.99
2024-10-21 18:00:00,0.0
2024-10-21 19:00:00,0.0
2024-10-21 20:00:00,0.0
2024-10-21 21:00:00,0.0
2024-10-21 22:00:00,0.0
2024-10-21 23:00:00,0.0
2024-10-22 00:00:00,0.0
2024-10-22 01:00:00,0.0
2024-10-22 02:00:00,0.0
2024-10-22 03:00:00,0.0
2024-10-22 04:00:00,0.0
2024-10-22 05:00:00,0.0
2024-10-22 06:00:00,32.02
2024-10-22 07:00:00,113.22
2024-10-22 08:00:00,166.6
2024-10-22 09:00:00,243.47
2024-10-22 10:00:00,275.36
2024-10-22 11:00:00,314.01
2024-10-22 12:00:00,302.03
2024-10-22 13:00:00,207.6
2024-10-22 14:00:00,199.18
2024-10-22 15:00:00,212.33
2024-10-22 16:00:00,88.39
2024-10-22 17:00:00,13.87
2024-10-22 18:00:00,0.0
2024-10-22 19:00:00,0.0
2024-10-22 20:00:00,0.0
2024-10-22 21:00:00,0.0
2024-10-22 22:00:00,0.0
2024-10-22 23:00:00,0.0
2024-10-23 00:00:00,0.0
2024-10-23 01:00:00,0.0
2024-10-23 02:00:00,0.0
2024-10-23 03:00:00,0.0
2024-10-23 04:00:00,0.0
2024-10-23 05:00:00,0.0
2024-10-23 06:00:00,37.15
2024-10-23 07:00:00,131.86
2024-10-23 08:00:00,237.12
2024-10-23 09:00:00,279.49
2024-10-23 10:00:00,326.94
2024-10-23 11:00:00,335.68
2024-10-23 12:00:00,313.39
2024-10-23 13:00:00,204.17
2024-10-23 14:00:00,217.67
2024-10-23 15:00:00,170.93
2024-10-23 16:00:00,91.2
2024-10-23 17:00:00,15.1
2024-10-23 18:00:00,0.0
2024-10-23 19:00:00,0.0
2024-10-23 20:00:00,0.0
2024-10-23 21:00:00,0.0
2024-10-23 22:00:00,0.0
2024-10-23 23:00:00,0.0
2024-10-24 00:00:00,0.0
2024-10-24 01:00:00,0.0
2024-10-24 02:00:00,0.0
2024-10-24 03:00:00,0.0
2024-10-24 04:00:00,0.0
2024-10-24 05:00:00,0.0
2024-10-24 06:00:00,34.37
2024-10-24 07:00:00,127.38
2024-10-24 08:00:00,208.43
2024-10-24 09:00:00,285.78
2024-10-24 10:00:00,323.52
2024-10-24 11:00:00,340.92
2024-10-24 12:00:00,373.78
2024-10-24 13:00:00,267.44
2024-10-24 14:00:00,223.75
2024-10-24 15:00:00,189.82
2024-10-24 16:00:00,74.51
2024-10-24 17:00:00,15.74
2024-10-24 18:00:00,0.0
2024-10-24 19:00:00,0.0
2024-10-24 20:00:00,0.0
2024-10-24 21:00:00,0.0
2024-10-24 22:00:00,0.0
2024-10-24 23:00:00,0.0
2024-10-25 00:00:00,0.0
2024-10-25 01:00:00,0.0
2024-10-25 02:00:00,0.0
2024-10-25 03:00:00,0.0
2024-10-25 04:00:00,0.0
2024-10-25 05:00:00,0.0
2024-10-25 06:00:00,37.97
2024-10-25 07:00:00,138.51
2024-10-25 08:00:00,235.6
2024-10-25 09:00:00,328.26
2024-10-25 10:00:00,341.01
2024-10-25 11:00:00,312.26
2024-10-25 12:00:00,291.53
2024-10-25 13:00:00,349.09
2024-10-25 14:00:00,293.63
2024-10-25 15:00:00,153.01
2024-10-25 16:00:00,85.03
2024-10-25 17:00:00,13.41
2024-10-25 18:00:00,0.0
2024-10-25 19:00:00,0.0
2024-10-25 20:00:00,0.0
2024-10-25 21:00:00,0.0
2024-10-25 22:00:00,0.0
2024-10-25 23:00:00,0.0
2024-10-26 00:00:00,0.0
2024-10-26 01:00:00,0.0
2024-10-26 02:00:00,0.0
2024-10-26 03:00:00,0.0
2024-10-26 04:00:00,0.0
2024-10-26 05:00:00,0.0
2024-10-26 06:00:00,32.06
2024-10-26 07:00:00,130.12
2024-10-26 08:00:00,177.29
2024-10-26 09:00:00,211.37
2024-10-26 10:00:00,244.43
2024-10-26 11:00:00,278.56
2024-10-26 12:00:00,241.91
2024-10-26 13:00:00,258.19
2024-10-26 14:00:00,232.36
2024-10-26 15:00:00,154.61
2024-10-26 16:00:00,78.97
2024-10-26 17:00:00,14.9
2024-10-26 18:00:00,0.0
2024-10-26 19:00:00,0.0
2024-10-26 20:00:00,0.0
2024-10-26 21:00:00,0.0
2024-10-26 22:00:00,0.0
2024-10-26 23:00:00,0.0
2024-10-27 00:00:00,0.0
2024-10-27 01:00:00,0.0
2024-10-27 02:00:00,0.0
2024-10-27 03:00:00,0.0
2024-10-27 04:00:00,0.0
2024-10-27 05:00:00,0.0
2024-10-27 06:00:00,37.61
2024-10-27 07:00:00,140.09
2024-10-27 08:00:00,201.21
2024-10-27 09:00:00,208.16
2024-10-27 10:00:00,233.76
2024-10-27 11:00:00,265.6
2024-10-27 12:00:00,251.24
2024-10-27 13:00:00,239.76
2024-10-27 14:00:00,228.8
2024-10-27 15:00:00,137.94
2024-10-27 16:00:00,76.95
2024-10-27 17:00:00,14.12
2024-10-27 18:00:00,0.0
2024-10-27 19:00:00,0.0
2024-10-27 20:00:00,0.0
2024-10-27 21:00:00,0.0
2024-10-27 22:00:00,0.0
2024-10-27 23:00:00,0.0
2024-10-28 00:00:00,0.0
2024-10-28 01:00:00,0.0
2024-10-28 02:00:00,0.0
2024-10-28 03:00:00,0.0
2024-10-28 04:00:00,0.0
2024-10-28 05:00:00,0.0
2024-10-28 06:00:00,33.56
2024-10-28 07:00:00,119.2
2024-10-28 08:00:00,187.44
2024-10-28 09:00:00,197.76
2024-10-28 10:00:00,222.5
2024-10-28 11:00:00,280.92
2024-10-28 12:00:00,261.56
2024-10-28 13:00:00,221.71
2024-10-28 14:00:00,224.99
2024-10-28 15:00:00,187.88
2024-10-28 16:00:00,100.79
2024-10-28 17:00:00,12.0
2024-10-28 18:00:00,0.0
2024-10-28 19:00:00,0.0
2024-10-28 20:00:00,0.0
2024-10-28 21:00:00,0.0
2024-10-28 22:00:00,0.0
2024-10-28 23:00:00,0.0
2024-10-29 00:00:00,0.0
2024-10-29 01:00:00,0.0
2024-10-29 02:00:00,0.0
2024-10-29 03:00:00,0.0
2024-10-29 04:00:00,0.0
2024-10-29 05:00:00,0.0
2024-10-29 06:00:00,35.77
2024-10-29 07:00:00,106.81
2024-10-29 08:00:00,175.63
2024-10-29 09:00:00,244.72
2024-10-29 10:00:00,265.42
2024-10-29 11:00:00,293.05
2024-10-29 12:00:00,279.96
2024-10-29 13:00:00,220.61
2024-10-29 14:00:00,239.56
2024-10-29 15:00:00,182.26
2024-10-29 16:00:00,84.21
2024-10-29 17:00:00,12.12
2024-10-29 18:00:00,0.0
2024-10-29 19:00:00,0.0
2024-10-29 20:00:00,0.0
2024-10-29 21:00:00,0.0
2024-10-29 22:00:00,0.0
2024-10-29 23:00:00,0.0
2024-10-30 00:00:00,0.0
2024-10-30 01:00:00,0.0
2024-10-30 02:00:00,0.0
2024-10-30 03:00:00,0.0
2024-10-30 04:00:00,0.0
2024-10-30 05:00:00,0.0
2024-10-30 06:00:00,34.85
2024-10-30 07:00:00,134.62
2024-10-30 08:00:00,164.54
2024-10-30 09:00:00,232.62
2024-10-30 10:00:00,234.43
2024-10-30 11:00:00,235.14
2024-10-30 12:00:00,291.73
2024-10-30 13:00:00,257.46
2024-10-30 14:00:00,230.77
2024-10-30 15:00:00,183.99
2024-10-30 16:00:00,97.58
2024-10-30 17:00:00,10.02
2024-10-30 18:00:00,0.0
2024-10-30 19:00:00,0.0
2024-10-30 20:00:00,0.0
2024-10-30 21:00:00,0.0
2024-10-30 22:00:00,0.0
2024-10-30 23:00:00,0.0
2024-10-31 00:00:00,0.0
2024-10-31 01:00:00,0.0
2024-10-31 02:00:00,0.0
2024-10-31 03:00:00,0.0
2024-10-31 04:00:00,0.0
2024-10-31 05:00:00,0.0
2024-10-31 06:00:00,25.88
2024-10-31 07:00:00,128.5
2024-10-31 08:00:00,202.59
2024-10-31 09:00:00,203.39
2024-10-31 10:00:00,312.48
2024-10-31 11:00:00,315.79
2024-10-31 12:00:00,323.25
2024-10-31 13:00:00,356.33
2024-10-31 14:00:00,248.27
2024-10-31 15:00:00,185.39
2024-10-31 16:00:00,93.35
2024-10-31 17:00:00,9.41
2024-10-31 18:00:00,0.0
2024-10-31 19:00:00,0.0
2024-10-31 20:00:00,0.0
2024-10-31 21:00:00,0.0
2024-10-31 22:00:00,0.0
2024-10-31 23:00:00,0.0
2024-11-01 00:00:00,0.0
2024-11-01 01:00:00,0.0
2024-11-01 02:00:00,0.0
2024-11-01 03:00:00,0.0
2024-11-01 04:00:00,0.0
2024-11-01 05:00:00,0.0
2024-11-01 06:00:00,25.58
2024-11-01 07:00:00,113.44
2024-11-01 08:00:00,181.74
2024-11-01 09:00:00,247.59
2024-11-01 10:00:00,345.74
2024-11-01 11:00:00,370.51
2024-11-01 12:00:00,342.53
2024-11-01 13:00:00,352.56
2024-11-01 14:00:00,229.04
2024-11-01 15:00:00,175.54
2024-11-01 16:00:00,73.77
2024-11-01 17:00:00,9.1
2024-11-01 18:00:00,0.0
2024-11-01 19:00:00,0.0
2024-11-01 20:00:00,0.0
2024-11-01 21:00:00,0.0
2024-11-01 22:00:00,0.0
2024-11-01 23:00:00,0.0
2024-11-02 00:00:00,0.0
2024-11-02 01:00:00,0.0
2024-11-02 02:00:00,0.0
2024-11-02 03:00:00,0.0
2024-11-02 04:00:00,0.0
2024-11-02 05:00:00,0.0
2024-11-02 06:00:00,22.63
2024-11-02 07:00:00,134.18
2024-11-02 08:00:00,209.25
2024-11-02 09:00:00,273.28
2024-11-02 10:00:00,345.34
2024-11-02 11:00:00,358.19
2024-11-02 12:00:00,315.1
2024-11-02 13:00:00,301.86
2024-11-02 14:00:00,228.97
2024-11-02 15:00:00,189.44
2024-11-02 16:00:00,90.35
2024-11-02 17:00:00,11.71
2024-11-02 18:00:00,0.0
2024-11-02 19:00:00,0.0
2024-11-02 20:00:00,0.0
2024-11-02 21:00:00,0.0
2024-11-02 22:00:00,0.0
2024-11-02 23:00:00,0.0
2024-11-03 00:00:00,0.0
2024-11-03 01:00:00,0.0
2024-11-03 02:00:00,0.0
2024-11-03 03:00:00,0.0
2024-11-03 04:00:00,0.0
2024-11-03 05:00:00,0.0
2024-11-03 06:00:00,25.48
2024-11-03 07:00:00,130.51
2024-11-03 08:00:00,215.93
2024-11-03 09:00:00,268.06
2024-11-03 10:00:00,424.66
2024-11-03 11:00:00,348.61
2024-11-03 12:00:00,288.19
2024-11-03 13:00:00,238.69
2024-11-03 14:00:00,240.33
2024-11-03 15:00:00,182.25
2024-11-03 16:00:00,83.0
2024-11-03 17:00:00,10.92
2024-11-03 18:00:00,0.0
2024-11-03 19:00:00,0.0
2024-11-03 20:00:00,0.0
2024-11-03 21:00:00,0.0
2024-11-03 22:00:00,0.0
2024-11-03 23:00:00,0.0
2024-11-04 00:00:00,0.0
2024-11-04 01:00:00,0.0
2024-11-04 02:00:00,0.0
2024-11-04 03:00:00,0.0
2024-11-04 04:00:00,0.0
2024-11-04 05:00:00,0.0
2024-11-04 06:00:00,25.47
2024-11-04 07:00:00,108.92
2024-11-04 08:00:00,223.92
2024-11-04 09:00:00,260.12
2024-11-04 10:00:00,321.52
2024-11-04 11:00:00,345.81
2024-11-04 12:00:00,318.97
2024-11-04 13:00:00,316.84
2024-11-04 14:00:00,306.56
2024-11-04 15:00:00,217.79
2024-11-04 16:00:00,89.44
2024-11-04 17:00:00,7.71
2024-11-04 18:00:00,0.0
2024-11-04 19:00:00,0.0
2024-11-04 20:00:00,0.0
2024-11-04 21:00:00,0.0
2024-11-04 22:00:00,0.0
2024-11-04 23:00:00,0.0
2024-11-05 00:00:00,0.0
2024-11-05 01:00:00,0.0
2024-11-05 02:00:00,0.0
2024-11-05 03:00:00,0.0
2024-11-05 04:00:00,0.0
2024-11-05 05:00:00,0.0
2024-11-05 06:00:00,26.37
2024-11-05 07:00:00,134.06
2024-11-05 08:00:00,222.85
2024-11-05 09:00:00,263.37
2024-11-05 10:00:00,311.77
2024-11-05 11:00:00,333.48
2024-11-05 12:00:00,379.05
2024-11-05 13:00:00,297.03
2024-11-05 14:00:00,270.28
2024-11-05 15:00:00,175.03
2024-11-05 16:00:00,91.06
2024-11-05 17:00:00,8.19
2024-11-05 18:00:00,0.0
2024-11-05 19:00:00,0.0
2024-11-05 20:00:00,0.0
2024-11-05 21:00:00,0.0
2024-11-05 22:00:00,0.0
2024-11-05 23:00:00,0.0
2024-11-06 00:00:00,0.0
2024-11-06 01:00:00,0.0
2024-11-06 02:00:00,0.0
2024-11-06 03:00:00,0.0
2024-11-06 04:00:00,0.0
2024-11-06 05:00:00,0.0
2024-11-06 06:00:00,25.06
2024-11-06 07:00:00,112.19
2024-11-06 08:00:00,206.99
2024-11-06 09:00:00,247.28
2024-11-06 10:00:00,307.43
2024-11-06 11:00:00,287.94
2024-11-06 12:00:00,274.0
2024-11-06 13:00:00,259.3
2024-11-06 14:00:00,238.0
2024-11-06 15:00:00,139.86
2024-11-06 16:00:00,73.99
2024-11-06 17:00:00,13.15
2024-11-06 18:00:00,0.0
2024-11-06 19:00:00,0.0
2024-11-06 20:00:00,0.0
2024-11-06 21:00:00,0.0
2024-11-06 22:00:00,0.0
2024-11-06 23:00:00,0.0
2024-11-07 00:00:00,0.0
2024-11-07 01:00:00,0.0
2024-11-07 02:00:00,0.0
2024-11-07 03:00:00,0.0
2024-11-07 04:00:00,0.0
2024-11-07 05:00:00,0.0
2024-11-07 06:00:00,25.54
2024-11-07 07:00:00,109.24
2024-11-07 08:00:00,209.13
2024-11-07 09:00:00,254.97
2024-11-07 10:00:00,303.0
2024-11-07 11:00:00,290.78
2024-11-07 12:00:00,301.09
2024-11-07 13:00:00,282.4
2024-11-07 14:00:00,237.97
2024-11-07 15:00:00,170.4
2024-11-07 16:00:00,81.06
2024-11-07 17:00:00,8.55
2024-11-07 18:00:00,0.0
2024-11-07 19:00:00,0.0
2024-11-07 20:00:00,0.0
2024-11-07 21:00:00,0.0
2024-11-07 22:00:00,0.0
2024-11-07 23:00:00,0.0
2024-11-08 00:00:00,0.0
2024-11-08 01:00:00,0.0
2024-11-08 02:00:00,0.0
2024-11-08 03:00:00,0.0
2024-11-08 04:00:00,0.0
2024-11-08 05:00:00,0.0
2024-11-08 06:00:00,23.92
2024-11-08 07:00:00,129.45
2024-11-08 08:00:00,211.29
2024-11-08 09:00:00,263.79
2024-11-08 10:00:00,322.1
2024-11-08 11:00:00,301.85
2024-11-08 12:00:00,285.16
2024-11-08 13:00:00,278.41
2024-11-08 14:00:00,248.71
2024-11-08 15:00:00,142.46
2024-11-08 16:00:00,72.02
2024-11-08 17:00:00,12.07
2024-11-08 18:00:00,0.0
2024-11-08 19:00:00,0.0
2024-11-08 20:00:00,0.0
2024-11-08 21:00:00,0.0
2024-11-08 22:00:00,0.0
2024-11-08 23:00:00,0.0
2024-11-09 00:00:00,0.0
2024-11-09 01:00:00,0.0
2024-11-09 02:00:00,0.0
2024-11-09 03:00:00,0.0
2024-11-09 04:00:00,0.0
2024-11-09 05:00:00,0.0
2024-11-09 06:00:00,24.62
2024-11-09 07:00:00,124.44
2024-11-09 08:00:00,251.74
2024-11-09 09:00:00,221.36
2024-11-09 10:00:00,272.88
2024-11-09 11:00:00,282.7
2024-11-09 12:00:00,323.76
2024-11-09 13:00:00,306.29
2024-11-09 14:00:00,264.07
2024-11-09 15:00:00,176.04
2024-11-09 16:00:00,81.81
2024-11-09 17:00:00,8.29
2024-11-09 18:00:00,0.0
2024-11-09 19:00:00,0.0
2024-11-09 20:00:00,0.0
2024-11-09 21:00:00,0.0
2024-11-09 22:00:00,0.0
2024-11-09 23:00:00,0.0
2024-11-10 00:00:00,0.0
2024-11-10 01:00:00,0.0
2024-11-10 02:00:00,0.0
2024-11-10 03:00:00,0.0
2024-11-10 04:00:00,0.0
2024-11-10 05:00:00,0.0
2024-11-10 06:00:00,24.3
2024-11-10 07:00:00,111.37
2024-11-10 08:00:00,295.1
2024-11-10 09:00:00,255.02
2024-11-10 10:00:00,286.46
2024-11-10 11:00:00,332.7
2024-11-10 12:00:00,316.14
2024-11-10 13:00:00,266.67
2024-11-10 14:00:00,227.55
2024-11-10 15:00:00,177.05
2024-11-10 16:00:00,86.42
2024-11-10 17:00:00,9.03
2024-11-10 18:00:00,0.0
2024-11-10 19:00:00,0.0
2024-11-10 20:00:00,0.0
2024-11-10 21:00:00,0.0
2024-11-10 22:00:00,0.0
2024-11-10 23:00:00,0.0
2024-11-11 00:00:00,0.0
2024-11-11 01:00:00,0.0
2024-11-11 02:00:00,0.0
2024-11-11 03:00:00,0.0
2024-11-11 04:00:00,0.0
2024-11-11 05:00:00,0.0
2024-11-11 06:00:00,20.31
2024-11-11 07:00:00,114.72
2024-11-11 08:00:00,224.42
2024-11-11 09:00:00,244.69
2024-11-11 10:00:00,317.34
2024-11-11 11:00:00,322.16
2024-11-11 12:00:00,327.3
2024-11-11 13:00:00,325.71
2024-11-11 14:00:00,256.58
2024-11-11 15:00:00,160.11
2024-11-11 16:00:00,78.61
2024-11-11 17:00:00,8.13
2024-11-11 18:00:00,0.0
2024-11-11 19:00:00,0.0
2024-11-11 20:00:00,0.0
2024-11-11 21:00:00,0.0
2024-11-11 22:00:00,0.0
2024-11-11 23:00:00,0.0
2024-11-12 00:00:00,0.0
2024-11-12 01:00:00,0.0
2024-11-12 02:00:00,0.0
2024-11-12 03:00:00,0.0
2024-11-12 04:00:00,0.0
2024-11-12 05:00:00,0.0
2024-11-12 06:00:00,19.11
2024-11-12 07:00:00,118.82
2024-11-12 08:00:00,249.87
2024-11-12 09:00:00,259.51
2024-11-12 10:00:00,303.38
2024-11-12 11:00:00,303.05
2024-11-12 12:00:00,295.54
2024-11-12 13:00:00,240.54
2024-11-12 14:00:00,207.71
2024-11-12 15:00:00,155.05
2024-11-12 16:00:00,67.53
2024-11-12 17:00:00,10.77
2024-11-12 18:00:00,0.0
2024-11-12 19:00:00,0.0
2024-11-12 20:00:00,0.0
2024-11-12 21:00:00,0.0
2024-11-12 22:00:00,0.0
2024-11-12 23:00:00,0.0
2024-11-13 00:00:00,0.0
2024-11-13 01:00:00,0.0
2024-11-13 02:00:00,0.0
2024-11-13 03:00:00,0.0
2024-11-13 04:00:00,0.0
2024-11-13 05:00:00,0.0
2024-11-13 06:00:00,20.01
2024-11-13 07:00:00,108.56
2024-11-13 08:00:00,173.96
2024-11-13 09:00:00,272.06
2024-11-13 10:00:00,263.32
2024-11-13 11:00:00,274.29
2024-11-13 12:00:00,269.64
2024-11-13 13:00:00,214.76
2024-11-13 14:00:00,188.65
2024-11-13 15:00:00,145.07
2024-11-13 16:00:00,65.63
2024-11-13 17:00:00,10.9
2024-11-13 18:00:00,0.0
2024-11-13 19:00:00,0.0
2024-11-13 20:00:00,0.0
2024-11-13 21:00:00,0.0
2024-11-13 22:00:00,0.0
2024-11-13 23:00:00,0.0
2024-11-14 00:00:00,0.0
2024-11-14 01:00:00,0.0
2024-11-14 02:00:00,0.0
2024-11-14 03:00:00,0.0
2024-11-14 04:00:00,0.0
2024-11-14 05:00:00,0.0
2024-11-14 06:00:00,18.3
2024-11-14 07:00:00,122.9
2024-11-14 08:00:00,178.27
2024-11-14 09:00:00,279.91
2024-11-14 10:00:00,342.6
2024-11-14 11:00:00,315.8
2024-11-14 12:00:00,287.98
2024-11-14 13:00:00,221.39
2024-11-14 14:00:00,231.13
2024-11-14 15:00:00,137.74
2024-11-14 16:00:00,92.02
2024-11-14 17:00:00,8.68
2024-11-14 18:00:00,0.0
2024-11-14 19:00:00,0.0
2024-11-14 20:00:00,0.0
2024-11-14 21:00:00,0.0
2024-11-14 22:00:00,0.0
2024-11-14 23:00:00,0.0
2024-11-15 00:00:00,0.0
2024-11-15 01:00:00,0.0
2024-11-15 02:00:00,0.0
2024-11-15 03:00:00,0.0
2024-11-15 04:00:00,0.0
2024-11-15 05:00:00,0.0
2024-11-15 06:00:00,20.13
2024-11-15 07:00:00,75.64
2024-11-15 08:00:00,185.36
2024-11-15 09:00:00,208.47
2024-11-15 10:00:00,215.41
2024-11-15 11:00:00,223.24
2024-11-15 12:00:00,200.87
2024-11-15 13:00:00,273.67
2024-11-15 14:00:00,184.87
2024-11-15 15:00:00,144.04
2024-11-15 16:00:00,56.79
2024-11-15 17:00:00,7.29
2024-11-15 18:00:00,0.0
2024-11-15 19:00:00,0.0
2024-11-15 20:00:00,0.0
2024-11-15 21:00:00,0.0
2024-11-15 22:00:00,0.0
2024-11-15 23:00:00,0.0
2024-11-16 00:00:00,0.0
2024-11-16 01:00:00,0.0
2024-11-16 02:00:00,0.0
2024-11-16 03:00:00,0.0
2024-11-16 04:00:00,0.0
2024-11-16 05:00:00,0.0
2024-11-16 06:00:00,18.45
2024-11-16 07:00:00,91.49
2024-11-16 08:00:00,186.03
2024-11-16 09:00:00,217.07
2024-11-16 10:00:00,270.39
2024-11-16 11:00:00,270.23
2024-11-16 12:00:00,269.64
2024-11-16 13:00:00,267.32
2024-11-16 14:00:00,203.18
2024-11-16 15:00:00,153.41
2024-11-16 16:00:00,68.04
2024-11-16 17:00:00,5.83
2024-11-16 18:00:00,0.0
2024-11-16 19:00:00,0.0
2024-11-16 20:00:00,0.0
2024-11-16 21:00:00,0.0
2024-11-16 22:00:00,0.0
2024-11-16 23:00:00,0.0
2024-11-17 00:00:00,0.0
2024-11-17 01:00:00,0.0
2024-11-17 02:00:00,0.0
2024-11-17 03:00:00,0.0
2024-11-17 04:00:00,0.0
2024-11-17 05:00:00,0.0
2024-11-17 06:00:00,16.05
2024-11-17 07:00:00,92.88
2024-11-17 08:00:00,183.1
2024-11-17 09:00:00,237.86
2024-11-17 10:00:00,313.32
2024-11-17 11:00:00,325.48
2024-11-17 12:00:00,319.0
2024-11-17 13:00:00,259.71
2024-11-17 14:00:00,228.95
2024-11-17 15:00:00,152.99
2024-11-17 16:00:00,72.34
2024-11-17 17:00:00,7.37
2024-11-17 18:00:00,0.0
2024-11-17 19:00:00,0.0
2024-11-17 20:00:00,0.0
2024-11-17 21:00:00,0.0
2024-11-17 22:00:00,0.0
2024-11-17 23:00:00,0.0
2024-11-18 00:00:00,0.0
2024-11-18 01:00:00,0.0
2024-11-18 02:00:00,0.0
2024-11-18 03:00:00,0.0
2024-11-18 04:00:00,0.0
2024-11-18 05:00:00,0.0
2024-11-18 06:00:00,21.78
2024-11-18 07:00:00,104.63
2024-11-18 08:00:00,177.85
2024-11-18 09:00:00,213.2
2024-11-18 10:00:00,264.26
2024-11-18 11:00:00,302.99
2024-11-18 12:00:00,230.78
2024-11-18 13:00:00,190.53
2024-11-18 14:00:00,172.16
2024-11-18 15:00:00,137.95
2024-11-18 16:00:00,63.72
2024-11-18 17:00:00,13.95
2024-11-18 18:00:00,0.0
2024-11-18 19:00:00,0.0
2024-11-18 20:00:00,0.0
2024-11-18 21:00:00,0.0
2024-11-18 22:00:00,0.0
2024-11-18 23:00:00,0.0
2024-11-19 00:00:00,0.0
2024-11-19 01:00:00,0.0
2024-11-19 02:00:00,0.0
2024-11-19 03:00:00,0.0
2024-11-19 04:00:00,0.0
2024-11-19 05:00:00,0.0
2024-11-19 06:00:00,17.69
2024-11-19 07:00:00,106.77
2024-11-19 08:00:00,183.01
2024-11-19 09:00:00,208.96
2024-11-19 10:00:00,269.62
2024-11-19 11:00:00,297.03
2024-11-19 12:00:00,297.07
2024-11-19 13:00:00,241.38
2024-11-19 14:00:00,213.45
2024-11-19 15:00:00,140.91
2024-11-19 16:00:00,68.78
2024-11-19 17:00:00,12.82
2024-11-19 18:00:00,0.0
2024-11-19 19:00:00,0.0
2024-11-19 20:00:00,0.0
2024-11-19 21:00:00,0.0
2024-11-19 22:00:00,0.0
2024-11-19 23:00:00,0.0
2024-11-20 00:00:00,0.0
2024-11-20 01:00:00,0.0
2024-11-20 02:00:00,0.0
2024-11-20 03:00:00,0.0
2024-11-20 04:00:00,0.0
2024-11-20 05:00:00,0.0
2024-11-20 06:00:00,16.81
2024-11-20 07:00:00,107.17
2024-11-20 08:00:00,156.08
2024-11-20 09:00:00,240.08
2024-11-20 10:00:00,275.62
2024-11-20 11:00:00,291.28
2024-11-20 12:00:00,292.07
2024-11-20 13:00:00,251.28
2024-11-20 14:00:00,207.25
2024-11-20 15:00:00,166.84
2024-11-20 16:00:00,75.64
2024-11-20 17:00:00,8.13
2024-11-20 18:00:00,0.0
2024-11-20 19:00:00,0.0
2024-11-20 20:00:00,0.0
2024-11-20 21:00:00,0.0
2024-11-20 22:00:00,0.0
2024-11-20 23:00:00,0.0
2024-11-21 00:00:00,0.0
2024-11-21 01:00:00,0.0
2024-11-21 02:00:00,0.0
2024-11-21 03:00:00,0.0
2024-11-21 04:00:00,0.0
2024-11-21 05:00:00,0.0
2024-11-21 06:00:00,17.52
2024-11-21 07:00:00,136.67
2024-11-21 08:00:00,182.46
2024-11-21 09:00:00,237.74
2024-11-21 10:00:00,272.26
2024-11-21 11:00:00,268.54
2024-11-21 12:00:00,294.35
2024-11-21 13:00:00,327.38
2024-11-21 14:00:00,222.44
2024-11-21 15:00:00,166.78
2024-11-21 16:00:00,74.88
2024-11-21 17:00:00,7.57
2024-11-21 18:00:00,0.0
2024-11-21 19:00:00,0.0
2024-11-21 20:00:00,0.0
2024-11-21 21:00:00,0.0
2024-11-21 22:00:00,0.0
2024-11-21 23:00:00,0.0
2024-11-22 00:00:00,0.0
2024-11-22 01:00:00,0.0
2024-11-22 02:00:00,0.0
2024-11-22 03:00:00,0.0
2024-11-22 04:00:00,0.0
2024-11-22 05:00:00,0.0
2024-11-22 06:00:00,16.6
2024-11-22 07:00:00,102.17
2024-11-22 08:00:00,179.34
2024-11-22 09:00:00,269.66
2024-11-22 10:00:00,320.03
2024-11-22 11:00:00,293.9
2024-11-22 12:00:00,333.62
2024-11-22 13:00:00,266.46
2024-11-22 14:00:00,218.07
2024-11-22 15:00:00,134.78
2024-11-22 16:00:00,68.87
2024-11-22 17:00:00,12.14
2024-11-22 18:00:00,0.0
2024-11-22 19:00:00,0.0
2024-11-22 20:00:00,0.0
2024-11-22 21:00:00,0.0
2024-11-22 22:00:00,0.0
2024-11-22 23:00:00,0.0
2024-11-23 00:00:00,0.0
2024-11-23 01:00:00,0.0
2024-11-23 02:00:00,0.0
2024-11-23 03:00:00,0.0
2024-11-23 04:00:00,0.0
2024-11-23 05:00:00,0.0
2024-11-23 06:00:00,14.47
2024-11-23 07:00:00,110.37
2024-11-23 08:00:00,181.77
2024-11-23 09:00:00,261.8
2024-11-23 10:00:00,329.14
2024-11-23 11:00:00,348.52
2024-11-23 12:00:00,306.49
2024-11-23 13:00:00,288.54
2024-11-23 14:00:00,221.41
2024-11-23 15:00:00,186.53
2024-11-23 16:00:00,89.37
2024-11-23 17:00:00,8.0
2024-11-23 18:00:00,0.0
2024-11-23 19:00:00,0.0
2024-11-23 20:00:00,0.0
2024-11-23 21:00:00,0.0
2024-11-23 22:00:00,0.0
2024-11-23 23:00:00,0.0
2024-11-24 00:00:00,0.0
2024-11-24 01:00:00,0.0
2024-11-24 02:00:00,0.0
2024-11-24 03:00:00,0.0
2024-11-24 04:00:00,0.0
2024-11-24 05:00:00,0.0
2024-11-24 06:00:00,15.45
2024-11-24 07:00:00,114.47
2024-11-24 08:00:00,187.09
2024-11-24 09:00:00,276.95
2024-11-24 10:00:00,338.92
2024-11-24 11:00:00,361.7
2024-11-24 12:00:00,340.32
2024-11-24 13:00:00,254.45
2024-11-24 14:00:00,215.04
2024-11-24 15:00:00,160.49
2024-11-24 16:00:00,76.31
2024-11-24 17:00:00,8.35
2024-11-24 18:00:00,0.0
2024-11-24 19:00:00,0.0
2024-11-24 20:00:00,0.0
2024-11-24 21:00:00,0.0
2024-11-24 22:00:00,0.0
2024-11-24 23:00:00,0.0
2024-11-25 00:00:00,0.0
2024-11-25 01:00:00,0.0
2024-11-25 02:00:00,0.0
2024-11-25 03:00:00,0.0
2024-11-25 04:00:00,0.0
2024-11-25 05:00:00,0.0
2024-11-25 06:00:00,16.99
2024-11-25 07:00:00,94.62
2024-11-25 08:00:00,209.81
2024-11-25 09:00:00,242.24
2024-11-25 10:00:00,298.62
2024-11-25 11:00:00,349.31
2024-11-25 12:00:00,310.01
2024-11-25 13:00:00,309.89
2024-11-25 14:00:00,250.18
2024-11-25 15:00:00,175.42
2024-11-25 16:00:00,92.98
2024-11-25 17:00:00,7.63
2024-11-25 18:00:00,0.0
2024-11-25 19:00:00,0.0
2024-11-25 20:00:00,0.0
2024-11-25 21:00:00,0.0
2024-11-25 22:00:00,0.0
2024-11-25 23:00:00,0.0
2024-11-26 00:00:00,0.0
2024-11-26 01:00:00,0.0
2024-11-26 02:00:00,0.0
2024-11-26 03:00:00,0.0
2024-11-26 04:00:00,0.0
2024-11-26 05:00:00,0.0
2024-11-26 06:00:00,14.09
2024-11-26 07:00:00,98.86
2024-11-26 08:00:00,211.14
2024-11-26 09:00:00,241.26
2024-11-26 10:00:00,295.89
2024-11-26 11:00:00,315.22
2024-11-26 12:00:00,320.25
2024-11-26 13:00:00,293.43
2024-11-26 14:00:00,209.89
2024-11-26 15:00:00,190.81
2024-11-26 16:00:00,89.39
2024-11-26 17:00:00,8.45
2024-11-26 18:00:00,0.0
2024-11-26 19:00:00,0.0
2024-11-26 20:00:00,0.0
2024-11-26 21:00:00,0.0
2024-11-26 22:00:00,0.0
2024-11-26 23:00:00,0.0
2024-11-27 00:00:00,0.0
2024-11-27 01:00:00,0.0
2024-11-27 02:00:00,0.0
2024-11-27 03:00:00,0.0
2024-11-27 04:00:00,0.0
2024-11-27 05:00:00,0.0
2024-11-27 06:00:00,16.04
2024-11-27 07:00:00,107.85
2024-11-27 08:00:00,158.71
2024-11-27 09:00:00,227.78
2024-11-27 10:00:00,275.81
2024-11-27 11:00:00,343.09
2024-11-27 12:00:00,233.25
2024-11-27 13:00:00,217.34
2024-11-27 14:00:00,222.46
2024-11-27 15:00:00,153.77
2024-11-27 16:00:00,71.75
2024-11-27 17:00:00,8.62
2024-11-27 18:00:00,0.0
2024-11-27 19:00:00,0.0
2024-11-27 20:00:00,0.0
2024-11-27 21:00:00,0.0
2024-11-27 22:00:00,0.0
2024-11-27 23:00:00,0.0
2024-11-28 00:00:00,0.0
2024-11-28 01:00:00,0.0
2024-11-28 02:00:00,0.0
2024-11-28 03:00:00,0.0
2024-11-28 04:00:00,0.0
2024-11-28 05:00:00,0.0
2024-11-28 06:00:00,16.54
2024-11-28 07:00:00,92.01
2024-11-28 08:00:00,163.69
2024-11-28 09:00:00,200.8
2024-11-28 10:00:00,241.13
2024-11-28 11:00:00,292.08
2024-11-28 12:00:00,213.62
2024-11-28 13:00:00,188.72
2024-11-28 14:00:00,213.2
2024-11-28 15:00:00,147.38
2024-11-28 16:00:00,66.79
2024-11-28 17:00:00,9.03
2024-11-28 18:00:00,0.0
2024-11-28 19:00:00,0.0
2024-11-28 20:00:00,0.0
2024-11-28 21:00:00,0.0
2024-11-28 22:00:00,0.0
2024-11-28 23:00:00,0.0
2024-11-29 00:00:00,0.0
2024-11-29 01:00:00,0.0
2024-11-29 02:00:00,0.0
2024-11-29 03:00:00,0.0
2024-11-29 04:00:00,0.0
2024-11-29 05:00:00,0.0
2024-11-29 06:00:00,15.08
2024-11-29 07:00:00,83.35
2024-11-29 08:00:00,216.33
2024-11-29 09:00:00,177.53
2024-11-29 10:00:00,215.01
2024-11-29 11:00:00,237.23
2024-11-29 12:00:00,195.28
2024-11-29 13:00:00,174.3
2024-11-29 14:00:00,206.0
2024-11-29 15:00:00,114.41
2024-11-29 16:00:00,65.99
2024-11-29 17:00:00,13.95
2024-11-29 18:00:00,0.0
2024-11-29 19:00:00,0.0
2024-11-29 20:00:00,0.0
2024-11-29 21:00:00,0.0
2024-11-29 22:00:00,0.0
2024-11-29 23:00:00,0.0
2024-11-30 00:00:00,0.0
2024-11-30 01:00:00,0.0
2024-11-30 02:00:00,0.0
2024-11-30 03:00:00,0.0
2024-11-30 04:00:00,0.0
2024-11-30 05:00:00,0.0
2024-11-30 06:00:00,13.7
2024-11-30 07:00:00,108.55
2024-11-30 08:00:00,163.83
2024-11-30 09:00:00,199.33
2024-11-30 10:00:00,299.68
2024-11-30 11:00:00,304.81
2024-11-30 12:00:00,311.7
2024-11-30 13:00:00,246.19
2024-11-30 14:00:00,267.59
2024-11-30 15:00:00,186.04
2024-11-30 16:00:00,71.74
2024-11-30 17:00:00,8.4
2024-11-30 18:00:00,0.0
2024-11-30 19:00:00,0.0
2024-11-30 20:00:00,0.0
2024-11-30 21:00:00,0.0
2024-11-30 22:00:00,0.0
2024-11-30 23:00:00,0.0
2024-12-01 00:00:00,0.0
2024-12-01 01:00:00,0.0
2024-12-01 02:00:00,0.0
2024-12-01 03:00:00,0.0
2024-12-01 04:00:00,0.0
2024-12-01 05:00:00,0.0
2024-12-01 06:00:00,12.49
2024-12-01 07:00:00,87.86
2024-12-01 08:00:00,198.25
2024-12-01 09:00:00,294.9
2024-12-01 10:00:00,349.55
2024-12-01 11:00:00,394.84
2024-12-01 12:00:00,349.92
2024-12-01 13:00:00,277.87
2024-12-01 14:00:00,222.26
2024-12-01 15:00:00,168.66
2024-12-01 16:00:00,75.84
2024-12-01 17:00:00,8.14
2024-12-01 18:00:00,0.0
2024-12-01 19:00:00,0.0
2024-12-01 20:00:00,0.0
2024-12-01 21:00:00,0.0
2024-12-01 22:00:00,0.0
2024-12-01 23:00:00,0.0
2024-12-02 00:00:00,0.0
2024-12-02 01:00:00,0.0
2024-12-02 02:00:00,0.0
2024-12-02 03:00:00,0.0
2024-12-02 04:00:00,0.0
2024-12-02 05:00:00,0.0
2024-12-02 06:00:00,11.77
2024-12-02 07:00:00,85.46
2024-12-02 08:00:00,144.29
2024-12-02 09:00:00,198.3
2024-12-02 10:00:00,242.31
2024-12-02 11:00:00,300.81
2024-12-02 12:00:00,234.61
2024-12-02 13:00:00,220.08
2024-12-02 14:00:00,152.1
2024-12-02 15:00:00,107.72
2024-12-02 16:00:00,59.18
2024-12-02 17:00:00,5.79
2024-12-02 18:00:00,0.0
2024-12-02 19:00:00,0.0
2024-12-02 20:00:00,0.0
2024-12-02 21:00:00,0.0
2024-12-02 22:00:00,0.0
2024-12-02 23:00:00,0.0
2024-12-03 00:00:00,0.0
2024-12-03 01:00:00,0.0
2024-12-03 02:00:00,0.0
2024-12-03 03:00:00,0.0
2024-12-03 04:00:00,0.0
2024-12-03 05:00:00,0.0
2024-12-03 06:00:00,14.36
2024-12-03 07:00:00,104.35
2024-12-03 08:00:00,163.38
2024-12-03 09:00:00,226.73
2024-12-03 10:00:00,232.93
2024-12-03 11:00:00,352.34
2024-12-03 12:00:00,340.6
2024-12-03 13:00:00,291.21
2024-12-03 14:00:00,237.05
2024-12-03 15:00:00,166.43
2024-12-03 16:00:00,68.78
2024-12-03 17:00:00,6.12
2024-12-03 18:00:00,0.0
2024-12-03 19:00:00,0.0
2024-12-03 20:00:00,0.0
2024-12-03 21:00:00,0.0
2024-12-03 22:00:00,0.0
2024-12-03 23:00:00,0.0
2024-12-04 00:00:00,0.0
2024-12-04 01:00:00,0.0
2024-12-04 02:00:00,0.0
2024-12-04 03:00:00,0.0
2024-12-04 04:00:00,0.0
2024-12-04 05:00:00,0.0
2024-12-04 06:00:00,10.61
2024-12-04 07:00:00,78.73
2024-12-04 08:00:00,143.99
2024-12-04 09:00:00,262.41
2024-12-04 10:00:00,271.86
2024-12-04 11:00:00,290.92
2024-12-04 12:00:00,258.5
2024-12-04 13:00:00,178.59
2024-12-04 14:00:00,224.86
2024-12-04 15:00:00,111.75
2024-12-04 16:00:00,72.79
2024-12-04 17:00:00,8.67
2024-12-04 18:00:00,0.0
2024-12-04 19:00:00,0.0
2024-12-04 20:00:00,0.0
2024-12-04 21:00:00,0.0
2024-12-04 22:00:00,0.0
2024-12-04 23:00:00,0.0
2024-12-05 00:00:00,0.0
2024-12-05 01:00:00,0.0
2024-12-05 02:00:00,0.0
2024-12-05 03:00:00,0.0
2024-12-05 04:00:00,0.0
2024-12-05 05:00:00,0.0
2024-12-05 06:00:00,12.42
2024-12-05 07:00:00,73.17
2024-12-05 08:00:00,168.57
2024-12-05 09:00:00,174.64
2024-12-05 10:00:00,201.04
2024-12-05 11:00:00,264.32
2024-12-05 12:00:00,269.29
2024-12-05 13:00:00,229.36
2024-12-05 14:00:00,270.26
2024-12-05 15:00:00,130.86
2024-12-05 16:00:00,74.29
2024-12-05 17:00:00,8.45
2024-12-05 18:00:00,0.0
2024-12-05 19:00:00,0.0
2024-12-05 20:00:00,0.0
2024-12-05 21:00:00,0.0
2024-12-05 22:00:00,0.0
2024-12-05 23:00:00,0.0
2024-12-06 00:00:00,0.0
2024-12-06 01:00:00,0.0
2024-12-06 02:00:00,0.0
2024-12-06 03:00:00,0.0
2024-12-06 04:00:00,0.0
2024-12-06 05:00:00,0.0
2024-12-06 06:00:00,9.68
2024-12-06 07:00:00,96.77
2024-12-06 08:00:00,204.74
2024-12-06 09:00:00,293.86
2024-12-06 10:00:00,320.01
2024-12-06 11:00:00,332.41
2024-12-06 12:00:00,221.16
2024-12-06 13:00:00,268.82
2024-12-06 14:00:00,211.72
2024-12-06 15:00:00,177.16
2024-12-06 16:00:00,73.37
2024-12-06 17:00:00,8.94
2024-12-06 18:00:00,0.0
2024-12-06 19:00:00,0.0
2024-12-06 20:00:00,0.0
2024-12-06 21:00:00,0.0
2024-12-06 22:00:00,0.0
2024-12-06 23:00:00,0.0
2024-12-07 00:00:00,0.0
2024-12-07 01:00:00,0.0
2024-12-07 02:00:00,0.0
2024-12-07 03:00:00,0.0
2024-12-07 04:00:00,0.0
2024-12-07 05:00:00,0.0
2024-12-07 06:00:00,11.9
2024-12-07 07:00:00,87.44
2024-12-07 08:00:00,141.52
2024-12-07 09:00:00,219.66
2024-12-07 10:00:00,252.99
2024-12-07 11:00:00,285.3
2024-12-07 12:00:00,200.93
2024-12-07 13:00:00,247.7
2024-12-07 14:00:00,201.94
2024-12-07 15:00:00,160.48
2024-12-07 16:00:00,79.6
2024-12-07 17:00:00,8.52
2024-12-07 18:00:00,0.0
2024-12-07 19:00:00,0.0
2024-12-07 20:00:00,0.0
2024-12-07 21:00:00,0.0
2024-12-07 22:00:00,0.0
2024-12-07 23:00:00,0.0
2024-12-08 00:00:00,0.0
2024-12-08 01:00:00,0.0
2024-12-08 02:00:00,0.0
2024-12-08 03:00:00,0.0
2024-12-08 04:00:00,0.0
2024-12-08 05:00:00,0.0
2024-12-08 06:00:00,14.56
2024-12-08 07:00:00,92.28
2024-12-08 08:00:00,150.38
2024-12-08 09:00:00,168.2
2024-12-08 10:00:00,190.1
2024-12-08 11:00:00,189.16
2024-12-08 12:00:00,234.5
2024-12-08 13:00:00,167.49
2024-12-08 14:00:00,199.69
2024-12-08 15:00:00,126.58
2024-12-08 16:00:00,75.09
2024-12-08 17:00:00,9.64
2024-12-08 18:00:00,0.0
2024-12-08 19:00:00,0.0
2024-12-08 20:00:00,0.0
2024-12-08 21:00:00,0.0
2024-12-08 22:00:00,0.0
2024-12-08 23:00:00,0.0
2024-12-09 00:00:00,0.0
2024-12-09 01:00:00,0.0
2024-12-09 02:00:00,0.0
2024-12-09 03:00:00,0.0
2024-12-09 04:00:00,0.0
2024-12-09 05:00:00,0.0
2024-12-09 06:00:00,13.99
2024-12-09 07:00:00,82.58
2024-12-09 08:00:00,137.88
2024-12-09 09:00:00,159.9
2024-12-09 10:00:00,300.58
2024-12-09 11:00:00,322.13
2024-12-09 12:00:00,296.44
2024-12-09 13:00:00,234.7
2024-12-09 14:00:00,161.27
2024-12-09 15:00:00,123.13
2024-12-09 16:00:00,77.46
2024-12-09 17:00:00,8.94
2024-12-09 18:00:00,0.0
2024-12-09 19:00:00,0.0
2024-12-09 20:00:00,0.0
2024-12-09 21:00:00,0.0
2024-12-09 22:00:00,0.0
2024-12-09 23:00:00,0.0
2024-12-10 00:00:00,0.0
2024-12-10 01:00:00,0.0
2024-12-10 02:00:00,0.0
2024-12-10 03:00:00,0.0
2024-12-10 04:00:00,0.0
2024-12-10 05:00:00,0.0
2024-12-10 06:00:00,10.65
2024-12-10 07:00:00,70.93
2024-12-10 08:00:00,113.67
2024-12-10 09:00:00,208.31
2024-12-10 10:00:00,177.88
2024-12-10 11:00:00,191.92
2024-12-10 12:00:00,218.25
2024-12-10 13:00:00,222.77
2024-12-10 14:00:00,226.32
2024-12-10 15:00:00,121.29
2024-12-10 16:00:00,62.27
2024-12-10 17:00:00,12.15
2024-12-10 18:00:00,0.0
2024-12-10 19:00:00,0.0
2024-12-10 20:00:00,0.0
2024-12-10 21:00:00,0.0
2024-12-10 22:00:00,0.0
2024-12-10 23:00:00,0.0
2024-12-11 00:00:00,0.0
2024-12-11 01:00:00,0.0
2024-12-11 02:00:00,0.0
2024-12-11 03:00:00,0.0
2024-12-11 04:00:00,0.0
2024-12-11 05:00:00,0.0
2024-12-11 06:00:00,9.75
2024-12-11 07:00:00,74.22
2024-12-11 08:00:00,153.45
2024-12-11 09:00:00,220.05
2024-12-11 10:00:00,203.79
2024-12-11 11:00:00,239.09
2024-12-11 12:00:00,270.84
2024-12-11 13:00:00,235.5
2024-12-11 14:00:00,230.27
2024-12-11 15:00:00,122.06
2024-12-11 16:00:00,63.93
2024-12-11 17:00:00,12.5
2024-12-11 18:00:00,0.0
2024-12-11 19:00:00,0.0
2024-12-11 20:00:00,0.0
2024-12-11 21:00:00,0.0
2024-12-11 22:00:00,0.0
2024-12-11 23:00:00,0.0
2024-12-12 00:00:00,0.0
2024-12-12 01:00:00,0.0
2024-12-12 02:00:00,0.0
2024-12-12 03:00:00,0.0
2024-12-12 04:00:00,0.0
2024-12-12 05:00:00,0.0
2024-12-12 06:00:00,9.39
2024-12-12 07:00:00,85.59
2024-12-12 08:00:00,151.69
2024-12-12 09:00:00,185.38
2024-12-12 10:00:00,215.77
2024-12-12 11:00:00,230.94
2024-12-12 12:00:00,277.46
2024-12-12 13:00:00,266.64
2024-12-12 14:00:00,218.92
2024-12-12 15:00:00,152.99
2024-12-12 16:00:00,70.0
2024-12-12 17:00:00,9.77
2024-12-12 18:00:00,0.0
2024-12-12 19:00:00,0.0
2024-12-12 20:00:00,0.0
2024-12-12 21:00:00,0.0
2024-12-12 22:00:00,0.0
2024-12-12 23:00:00,0.0
2024-12-13 00:00:00,0.0
2024-12-13 01:00:00,0.0
2024-12-13 02:00:00,0.0
2024-12-13 03:00:00,0.0
2024-12-13 04:00:00,0.0
2024-12-13 05:00:00,0.0
2024-12-13 06:00:00,9.5
2024-12-13 07:00:00,72.54
2024-12-13 08:00:00,130.63
2024-12-13 09:00:00,154.2
2024-12-13 10:00:00,171.46
2024-12-13 11:00:00,159.69
2024-12-13 12:00:00,221.8
2024-12-13 13:00:00,169.99
2024-12-13 14:00:00,198.09
2024-12-13 15:00:00,156.62
2024-12-13 16:00:00,76.93
2024-12-13 17:00:00,8.98
2024-12-13 18:00:00,0.0
2024-12-13 19:00:00,0.0
2024-12-13 20:00:00,0.0
2024-12-13 21:00:00,0.0
2024-12-13 22:00:00,0.0
2024-12-13 23:00:00,0.0
2024-12-14 00:00:00,0.0
2024-12-14 01:00:00,0.0
2024-12-14 02:00:00,0.0
2024-12-14 03:00:00,0.0
2024-12-14 04:00:00,0.0
2024-12-14 05:00:00,0.0
2024-12-14 06:00:00,8.42
2024-12-14 07:00:00,83.02
2024-12-14 08:00:00,182.14
2024-12-14 09:00:00,190.21
2024-12-14 10:00:00,276.25
2024-12-14 11:00:00,268.31
2024-12-14 12:00:00,226.85
2024-12-14 13:00:00,206.4
2024-12-14 14:00:00,210.68
2024-12-14 15:00:00,135.67
2024-12-14 16:00:00,76.0
2024-12-14 17:00:00,9.25
2024-12-14 18:00:00,0.0
2024-12-14 19:00:00,0.0
2024-12-14 20:00:00,0.0
2024-12-14 21:00:00,0.0
2024-12-14 22:00:00,0.0
2024-12-14 23:00:00,0.0
2024-12-15 00:00:00,0.0
2024-12-15 01:00:00,0.0
2024-12-15 02:00:00,0.0
2024-12-15 03:00:00,0.0
2024-12-15 04:00:00,0.0
2024-12-15 05:00:00,0.0
2024-12-15 06:00:00,7.67
2024-12-15 07:00:00,87.44
2024-12-15 08:00:00,140.47
2024-12-15 09:00:00,228.86
2024-12-15 10:00:00,227.19
2024-12-15 11:00:00,248.53
2024-12-15 12:00:00,183.43
2024-12-15 13:00:00,191.44
2024-12-15 14:00:00,165.86
2024-12-15 15:00:00,146.55
2024-12-15 16:00:00,87.04
2024-12-15 17:00:00,10.19
2024-12-15 18:00:00,0.0
2024-12-15 19:00:00,0.0
2024-12-15 20:00:00,0.0
2024-12-15 21:00:00,0.0
2024-12-15 22:00:00,0.0
2024-12-15 23:00:00,0.0
2024-12-16 00:00:00,0.0
2024-12-16 01:00:00,0.0
2024-12-16 02:00:00,0.0
2024-12-16 03:00:00,0.0
2024-12-16 04:00:00,0.0
2024-12-16 05:00:00,0.0
2024-12-16 06:00:00,10.23
2024-12-16 07:00:00,86.07
2024-12-16 08:00:00,139.51
2024-12-16 09:00:00,164.25
2024-12-16 10:00:00,186.01
2024-12-16 11:00:00,179.62
2024-12-16 12:00:00,131.05
2024-12-16 13:00:00,135.83
2024-12-16 14:00:00,165.68
2024-12-16 15:00:00,131.0
2024-12-16 16:00:00,76.94
2024-12-16 17:00:00,11.52
2024-12-16 18:00:00,0.0
2024-12-16 19:00:00,0.0
2024-12-16 20:00:00,0.0
2024-12-16 21:00:00,0.0
2024-12-16 22:00:00,0.0
2024-12-16 23:00:00,0.0
2024-12-17 00:00:00,0.0
2024-12-17 01:00:00,0.0
2024-12-17 02:00:00,0.0
2024-12-17 03:00:00,0.0
2024-12-17 04:00:00,0.0
2024-12-17 05:00:00,0.0
2024-12-17 06:00:00,10.76
2024-12-17 07:00:00,86.1
2024-12-17 08:00:00,155.17
2024-12-17 09:00:00,183.31
2024-12-17 10:00:00,209.48
2024-12-17 11:00:00,208.15
2024-12-17 12:00:00,185.36
2024-12-17 13:00:00,192.93
2024-12-17 14:00:00,199.38
2024-12-17 15:00:00,134.72
2024-12-17 16:00:00,74.59
2024-12-17 17:00:00,11.11
2024-12-17 18:00:00,0.0
2024-12-17 19:00:00,0.0
2024-12-17 20:00:00,0.0
2024-12-17 21:00:00,0.0
2024-12-17 22:00:00,0.0
2024-12-17 23:00:00,0.0
2024-12-18 00:00:00,0.0
2024-12-18 01:00:00,0.0
2024-12-18 02:00:00,0.0
2024-12-18 03:00:00,0.0
2024-12-18 04:00:00,0.0
2024-12-18 05:00:00,0.0
2024-12-18 06:00:00,8.57
2024-12-18 07:00:00,78.07
2024-12-18 08:00:00,148.17
2024-12-18 09:00:00,188.02
2024-12-18 10:00:00,176.18
2024-12-18 11:00:00,184.2
2024-12-18 12:00:00,248.43
2024-12-18 13:00:00,202.72
2024-12-18 14:00:00,174.48
2024-12-18 15:00:00,144.63
2024-12-18 16:00:00,87.38
2024-12-18 17:00:00,11.19
2024-12-18 18:00:00,0.0
2024-12-18 19:00:00,0.0
2024-12-18 20:00:00,0.0
2024-12-18 21:00:00,0.0
2024-12-18 22:00:00,0.0
2024-12-18 23:00:00,0.0
2024-12-19 00:00:00,0.0
2024-12-19 01:00:00,0.0
2024-12-19 02:00:00,0.0
2024-12-19 03:00:00,0.0
2024-12-19 04:00:00,0.0
2024-12-19 05:00:00,0.0
2024-12-19 06:00:00,7.71
2024-12-19 07:00:00,61.84
2024-12-19 08:00:00,162.34
2024-12-19 09:00:00,177.39
2024-12-19 10:00:00,199.15
2024-12-19 11:00:00,211.58
2024-12-19 12:00:00,213.89
2024-12-19 13:00:00,186.38
2024-12-19 14:00:00,222.38
2024-12-19 15:00:00,132.97
2024-12-19 16:00:00,72.33
2024-12-19 17:00:00,9.89
2024-12-19 18:00:00,0.0
2024-12-19 19:00:00,0.0
2024-12-19 20:00:00,0.0
2024-12-19 21:00:00,0.0
2024-12-19 22:00:00,0.0
2024-12-19 23:00:00,0.0
2024-12-20 00:00:00,0.0
2024-12-20 01:00:00,0.0
2024-12-20 02:00:00,0.0
2024-12-20 03:00:00,0.0
2024-12-20 04:00:00,0.0
2024-12-20 05:00:00,0.0
2024-12-20 06:00:00,7.18
2024-12-20 07:00:00,74.35
2024-12-20 08:00:00,146.03
2024-12-20 09:00:00,199.32
2024-12-20 10:00:00,211.44
2024-12-20 11:00:00,266.58
2024-12-20 12:00:00,244.3
2024-12-20 13:00:00,237.17
2024-12-20 14:00:00,247.45
2024-12-20 15:00:00,167.43
2024-12-20 16:00:00,80.58
2024-12-20 17:00:00,11.29
2024-12-20 18:00:00,0.0
2024-12-20 19:00:00,0.0
2024-12-20 20:00:00,0.0
2024-12-20 21:00:00,0.0
2024-12-20 22:00:00,0.0
2024-12-20 23:00:00,0.0
2024-12-21 00:00:00,0.0
2024-12-21 01:00:00,0.0
2024-12-21 02:00:00,0.0
2024-12-21 03:00:00,0.0
2024-12-21 04:00:00,0.0
2024-12-21 05:00:00,0.0
2024-12-21 06:00:00,6.34
2024-12-21 07:00:00,69.18
2024-12-21 08:00:00,165.33
2024-12-21 09:00:00,286.13
2024-12-21 10:00:00,258.33
2024-12-21 11:00:00,301.22
2024-12-21 12:00:00,288.36
2024-12-21 13:00:00,259.32
2024-12-21 14:00:00,245.67
2024-12-21 15:00:00,146.85
2024-12-21 16:00:00,86.78
2024-12-21 17:00:00,11.22
2024-12-21 18:00:00,0.0
2024-12-21 19:00:00,0.0
2024-12-21 20:00:00,0.0
2024-12-21 21:00:00,0.0
2024-12-21 22:00:00,0.0
2024-12-21 23:00:00,0.0
2024-12-22 00:00:00,0.0
2024-12-22 01:00:00,0.0
2024-12-22 02:00:00,0.0
2024-12-22 03:00:00,0.0
2024-12-22 04:00:00,0.0
2024-12-22 05:00:00,0.0
2024-12-22 06:00:00,6.66
2024-12-22 07:00:00,64.51
2024-12-22 08:00:00,139.79
2024-12-22 09:00:00,167.5
2024-12-22 10:00:00,193.32
2024-12-22 11:00:00,278.75
2024-12-22 12:00:00,315.53
2024-12-22 13:00:00,293.24
2024-12-22 14:00:00,198.06
2024-12-22 15:00:00,145.09
2024-12-22 16:00:00,97.45
2024-12-22 17:00:00,12.48
2024-12-22 18:00:00,0.0
2024-12-22 19:00:00,0.0
2024-12-22 20:00:00,0.0
2024-12-22 21:00:00,0.0
2024-12-22 22:00:00,0.0
2024-12-22 23:00:00,0.0
2024-12-23 00:00:00,0.0
2024-12-23 01:00:00,0.0
2024-12-23 02:00:00,0.0
2024-12-23 03:00:00,0.0
2024-12-23 04:00:00,0.0
2024-12-23 05:00:00,0.0
2024-12-23 06:00:00,9.41
2024-12-23 07:00:00,74.32
2024-12-23 08:00:00,170.19
2024-12-23 09:00:00,226.25
2024-12-23 10:00:00,301.48
2024-12-23 11:00:00,297.76
2024-12-23 12:00:00,273.88
2024-12-23 13:00:00,320.69
2024-12-23 14:00:00,249.69
2024-12-23 15:00:00,177.8
2024-12-23 16:00:00,82.94
2024-12-23 17:00:00,10.31
2024-12-23 18:00:00,0.0
2024-12-23 19:00:00,0.0
2024-12-23 20:00:00,0.0
2024-12-23 21:00:00,0.0
2024-12-23 22:00:00,0.0
2024-12-23 23:00:00,0.0
2024-12-24 00:00:00,0.0
2024-12-24 01:00:00,0.0
2024-12-24 02:00:00,0.0
2024-12-24 03:00:00,0.0
2024-12-24 04:00:00,0.0
2024-12-24 05:00:00,0.0
2024-12-24 06:00:00,6.6
2024-12-24 07:00:00,69.1
2024-12-24 08:00:00,160.37
2024-12-24 09:00:00,176.47
2024-12-24 10:00:00,148.13
2024-12-24 11:00:00,303.47
2024-12-24 12:00:00,252.13
2024-12-24 13:00:00,274.73
2024-12-24 14:00:00,199.8
2024-12-24 15:00:00,173.13
2024-12-24 16:00:00,78.64
2024-12-24 17:00:00,10.9
2024-12-24 18:00:00,0.0
2024-12-24 19:00:00,0.0
2024-12-24 20:00:00,0.0
2024-12-24 21:00:00,0.0
2024-12-24 22:00:00,0.0
2024-12-24 23:00:00,0.0
2024-12-25 00:00:00,0.0
2024-12-25 01:00:00,0.0
2024-12-25 02:00:00,0.0
2024-12-25 03:00:00,0.0
2024-12-25 04:00:00,0.0
2024-12-25 05:00:00,0.0
2024-12-25 06:00:00,4.93
2024-12-25 07:00:00,68.41
2024-12-25 08:00:00,202.09
2024-12-25 09:00:00,216.95
2024-12-25 10:00:00,303.24
2024-12-25 11:00:00,363.48
2024-12-25 12:00:00,315.23
2024-12-25 13:00:00,309.55
2024-12-25 14:00:00,238.01
2024-12-25 15:00:00,234.05
2024-12-25 16:00:00,81.77
2024-12-25 17:00:00,8.03
2024-12-25 18:00:00,0.0
2024-12-25 19:00:00,0.0
2024-12-25 20:00:00,0.0
2024-12-25 21:00:00,0.0
2024-12-25 22:00:00,0.0
2024-12-25 23:00:00,0.0
2024-12-26 00:00:00,0.0
2024-12-26 01:00:00,0.0
2024-12-26 02:00:00,0.0
2024-12-26 03:00:00,0.0
2024-12-26 04:00:00,0.0
2024-12-26 05:00:00,0.0
2024-12-26 06:00:00,4.14
2024-12-26 07:00:00,57.83
2024-12-26 08:00:00,162.4
2024-12-26 09:00:00,270.16
2024-12-26 10:00:00,196.57
2024-12-26 11:00:00,292.46
2024-12-26 12:00:00,285.41
2024-12-26 13:00:00,206.41
2024-12-26 14:00:00,217.03
2024-12-26 15:00:00,192.55
2024-12-26 16:00:00,80.01
2024-12-26 17:00:00,10.45
2024-12-26 18:00:00,0.0
2024-12-26 19:00:00,0.0
2024-12-26 20:00:00,0.0
2024-12-26 21:00:00,0.0
2024-12-26 22:00:00,0.0
2024-12-26 23:00:00,0.0
2024-12-27 00:00:00,0.0
2024-12-27 01:00:00,0.0
2024-12-27 02:00:00,0.0
2024-12-27 03:00:00,0.0
2024-12-27 04:00:00,0.0
2024-12-27 05:00:00,0.0
2024-12-27 06:00:00,4.69
2024-12-27 07:00:00,69.47
2024-12-27 08:00:00,187.01
2024-12-27 09:00:00,234.63
2024-12-27 10:00:00,285.69
2024-12-27 11:00:00,327.17
2024-12-27 12:00:00,247.58
2024-12-27 13:00:00,251.03
2024-12-27 14:00:00,167.03
2024-12-27 15:00:00,166.77
2024-12-27 16:00:00,79.87
2024-12-27 17:00:00,13.59
2024-12-27 18:00:00,0.0
2024-12-27 19:00:00,0.0
2024-12-27 20:00:00,0.0
2024-12-27 21:00:00,0.0
2024-12-27 22:00:00,0.0
2024-12-27 23:00:00,0.0
2024-12-28 00:00:00,0.0
2024-12-28 01:00:00,0.0
2024-12-28 02:00:00,0.0
2024-12-28 03:00:00,0.0
2024-12-28 04:00:00,0.0
2024-12-28 05:00:00,0.0
2024-12-28 06:00:00,5.25
2024-12-28 07:00:00,79.45
2024-12-28 08:00:00,197.51
2024-12-28 09:00:00,252.93
2024-12-28 10:00:00,267.97
2024-12-28 11:00:00,304.37
2024-12-28 12:00:00,223.22
2024-12-28 13:00:00,269.72
2024-12-28 14:00:00,199.86
2024-12-28 15:00:00,165.55
2024-12-28 16:00:00,92.27
2024-12-28 17:00:00,15.55
2024-12-28 18:00:00,0.0
2024-12-28 19:00:00,0.0
2024-12-28 20:00:00,0.0
2024-12-28 21:00:00,0.0
2024-12-28 22:00:00,0.0
2024-12-28 23:00:00,0.0
2024-12-29 00:00:00,0.0
2024-12-29 01:00:00,0.0
2024-12-29 02:00:00,0.0
2024-12-29 03:00:00,0.0
2024-12-29 04:00:00,0.0
2024-12-29 05:00:00,0.0
2024-12-29 06:00:00,4.32
2024-12-29 07:00:00,65.29
2024-12-29 08:00:00,145.04
2024-12-29 09:00:00,189.09
2024-12-29 10:00:00,163.52
2024-12-29 11:00:00,223.29
2024-12-29 12:00:00,290.12
2024-12-29 13:00:00,280.61
2024-12-29 14:00:00,178.72
2024-12-29 15:00:00,177.43
2024-12-29 16:00:00,86.87
2024-12-29 17:00:00,12.66
2024-12-29 18:00:00,0.0
2024-12-29 19:00:00,0.0
2024-12-29 20:00:00,0.0
2024-12-29 21:00:00,0.0
2024-12-29 22:00:00,0.0
2024-12-29 23:00:00,0.0
2024-12-30 00:00:00,0.0
2024-12-30 01:00:00,0.0
2024-12-30 02:00:00,0.0
2024-12-30 03:00:00,0.0
2024-12-30 04:00:00,0.0
2024-12-30 05:00:00,0.0
2024-12-30 06:00:00,4.83
2024-12-30 07:00:00,57.5
2024-12-30 08:00:00,160.61
2024-12-30 09:00:00,199.93
2024-12-30 10:00:00,188.3
2024-12-30 11:00:00,241.95
2024-12-30 12:00:00,279.53
2024-12-30 13:00:00,251.07
2024-12-30 14:00:00,231.95
2024-12-30 15:00:00,167.7
2024-12-30 16:00:00,97.75
2024-12-30 17:00:00,13.39
2024-12-30 18:00:00,0.0
2024-12-30 19:00:00,0.0
2024-12-30 20:00:00,0.0
2024-12-30 21:00:00,0.0
2024-12-30 22:00:00,0.0
2024-12-30 23:00:00,0.0
2024-12-31 00:00:00,0.0
2024-12-31 01:00:00,0.0
2024-12-31 02:00:00,0.0
2024-12-31 03:00:00,0.0
2024-12-31 04:00:00,0.0
2024-12-31 05:00:00,0.0
2024-12-31 06:00:00,7.14
2024-12-31 07:00:00,63.76
2024-12-31 08:00:00,156.28
2024-12-31 09:00:00,181.61
2024-12-31 10:00:00,224.13
2024-12-31 11:00:00,232.64
2024-12-31 12:00:00,222.26
2024-12-31 13:00:00,228.09
2024-12-31 14:00:00,242.69
2024-12-31 15:00:00,165.91
2024-12-31 16:00:00,91.76
2024-12-31 17:00:00,15.64
2024-12-31 18:00:00,0.0
2024-12-31 19:00:00,0.0
2024-12-31 20:00:00,0.0
2024-12-31 21:00:00,0.0
2024-12-31 22:00:00,0.0
2024-12-31 23:00:00,0.0
2025-01-01 00:00:00,0.0
2025-01-01 01:00:00,0.0
2025-01-01 02:00:00,0.0
2025-01-01 03:00:00,0.0
2025-01-01 04:00:00,0.0
2025-01-01 05:00:00,0.0
2025-01-01 06:00:00,4.4
2025-01-01 07:00:00,56.83
2025-01-01 08:00:00,147.11
2025-01-01 09:00:00,177.48
2025-01-01 10:00:00,217.48
2025-01-01 11:00:00,241.38
2025-01-01 12:00:00,237.76
2025-01-01 13:00:00,250.78
2025-01-01 14:00:00,196.8
2025-01-01 15:00:00,133.12
2025-01-01 16:00:00,76.24
2025-01-01 17:00:00,16.57
2025-01-01 18:00:00,0.0
2025-01-01 19:00:00,0.0
2025-01-01 20:00:00,0.0
2025-01-01 21:00:00,0.0
2025-01-01 22:00:00,0.0
2025-01-01 23:00:00,0.0
2025-01-02 00:00:00,0.0
2025-01-02 01:00:00,0.0
2025-01-02 02:00:00,0.0
2025-01-02 03:00:00,0.0
2025-01-02 04:00:00,0.0
2025-01-02 05:00:00,0.0
2025-01-02 06:00:00,0.0
2025-01-02 07:00:00,59.04
2025-01-02 08:00:00,163.85
2025-01-02 09:00:00,224.3
2025-01-02 10:00:00,211.58
2025-01-02 11:00:00,214.79
2025-01-02 12:00:00,168.87
2025-01-02 13:00:00,192.86
2025-01-02 14:00:00,162.38
2025-01-02 15:00:00,141.46
2025-01-02 16:00:00,93.96
2025-01-02 17:00:00,18.5
2025-01-02 18:00:00,0.0
2025-01-02 19:00:00,0.0
2025-01-02 20:00:00,0.0
2025-01-02 21:00:00,0.0
2025-01-02 22:00:00,0.0
2025-01-02 23:00:00,0.0
2025-01-03 00:00:00,0.0
2025-01-03 01:00:00,0.0
2025-01-03 02:00:00,0.0
2025-01-03 03:00:00,0.0
2025-01-03 04:00:00,0.0
2025-01-03 05:00:00,0.0
2025-01-03 06:00:00,0.0
2025-01-03 07:00:00,54.65
2025-01-03 08:00:00,98.03
2025-01-03 09:00:00,103.71
2025-01-03 10:00:00,122.13
2025-01-03 11:00:00,122.41
2025-01-03 12:00:00,136.66
2025-01-03 13:00:00,136.09
2025-01-03 14:00:00,111.71
2025-01-03 15:00:00,126.56
2025-01-03 16:00:00,74.58
2025-01-03 17:00:00,19.83
2025-01-03 18:00:00,0.0
2025-01-03 19:00:00,0.0
2025-01-03 20:00:00,0.0
2025-01-03 21:00:00,0.0
2025-01-03 22:00:00,0.0
2025-01-03 23:00:00,0.0
2025-01-04 00:00:00,0.0
2025-01-04 01:00:00,0.0
2025-01-04 02:00:00,0.0
2025-01-04 03:00:00,0.0
2025-01-04 04:00:00,0.0
2025-01-04 05:00:00,0.0
2025-01-04 06:00:00,0.0
2025-01-04 07:00:00,54.15
2025-01-04 08:00:00,121.42
2025-01-04 09:00:00,140.9
2025-01-04 10:00:00,169.83
2025-01-04 11:00:00,175.67
2025-01-04 12:00:00,136.49
2025-01-04 13:00:00,147.04
2025-01-04 14:00:00,128.24
2025-01-04 15:00:00,140.14
2025-01-04 16:00:00,84.03
2025-01-04 17:00:00,20.0
2025-01-04 18:00:00,0.0
2025-01-04 19:00:00,0.0
2025-01-04 20:00:00,0.0
2025-01-04 21:00:00,0.0
2025-01-04 22:00:00,0.0
2025-01-04 23:00:00,0.0
2025-01-05 00:00:00,0.0
2025-01-05 01:00:00,0.0
2025-01-05 02:00:00,0.0
2025-01-05 03:00:00,0.0
2025-01-05 04:00:00,0.0
2025-01-05 05:00:00,0.0
2025-01-05 06:00:00,0.0
2025-01-05 07:00:00,67.41
2025-01-05 08:00:00,183.59
2025-01-05 09:00:00,164.48
2025-01-05 10:00:00,228.31
2025-01-05 11:00:00,213.32
2025-01-05 12:00:00,268.35
2025-01-05 13:00:00,185.63
2025-01-05 14:00:00,212.62
2025-01-05 15:00:00,147.54
2025-01-05 16:00:00,92.63
2025-01-05 17:00:00,20.23
2025-01-05 18:00:00,0.0
2025-01-05 19:00:00,0.0
2025-01-05 20:00:00,0.0
2025-01-05 21:00:00,0.0
2025-01-05 22:00:00,0.0
2025-01-05 23:00:00,0.0
2025-01-06 00:00:00,0.0
2025-01-06 01:00:00,0.0
2025-01-06 02:00:00,0.0
2025-01-06 03:00:00,0.0
2025-01-06 04:00:00,0.0
2025-01-06 05:00:00,0.0
2025-01-06 06:00:00,0.0
2025-01-06 07:00:00,68.84
2025-01-06 08:00:00,121.07
2025-01-06 09:00:00,206.75
2025-01-06 10:00:00,192.22
2025-01-06 11:00:00,243.2
2025-01-06 12:00:00,237.25
2025-01-06 13:00:00,213.58
2025-01-06 14:00:00,197.73
2025-01-06 15:00:00,135.49
2025-01-06 16:00:00,95.24
2025-01-06 17:00:00,20.57
2025-01-06 18:00:00,0.0
2025-01-06 19:00:00,0.0
2025-01-06 20:00:00,0.0
2025-01-06 21:00:00,0.0
2025-01-06 22:00:00,0.0
2025-01-06 23:00:00,0.0
2025-01-07 00:00:00,0.0
2025-01-07 01:00:00,0.0
2025-01-07 02:00:00,0.0
2025-01-07 03:00:00,0.0
2025-01-07 04:00:00,0.0
2025-01-07 05:00:00,0.0
2025-01-07 06:00:00,0.0
2025-01-07 07:00:00,68.84
2025-01-07 08:00:00,162.21
2025-01-07 09:00:00,238.22
2025-01-07 10:00:00,270.01
2025-01-07 11:00:00,208.26
2025-01-07 12:00:00,228.14
2025-01-07 13:00:00,215.68
2025-01-07 14:00:00,212.88
2025-01-07 15:00:00,148.99
2025-01-07 16:00:00,88.35
2025-01-07 17:00:00,18.37
2025-01-07 18:00:00,0.0
2025-01-07 19:00:00,0.0
2025-01-07 20:00:00,0.0
2025-01-07 21:00:00,0.0
2025-01-07 22:00:00,0.0
2025-01-07 23:00:00,0.0
2025-01-08 00:00:00,0.0
2025-01-08 01:00:00,0.0
2025-01-08 02:00:00,0.0
2025-01-08 03:00:00,0.0
2025-01-08 04:00:00,0.0
2025-01-08 05:00:00,0.0
2025-01-08 06:00:00,0.0
2025-01-08 07:00:00,64.65
2025-01-08 08:00:00,126.81
2025-01-08 09:00:00,227.61
2025-01-08 10:00:00,227.24
2025-01-08 11:00:00,238.32
2025-01-08 12:00:00,288.43
2025-01-08 13:00:00,262.64
2025-01-08 14:00:00,217.49
2025-01-08 15:00:00,155.79
2025-01-08 16:00:00,97.04
2025-01-08 17:00:00,16.42
2025-01-08 18:00:00,0.0
2025-01-08 19:00:00,0.0
2025-01-08 20:00:00,0.0
2025-01-08 21:00:00,0.0
2025-01-08 22:00:00,0.0
2025-01-08 23:00:00,0.0
2025-01-09 00:00:00,0.0
2025-01-09 01:00:00,0.0
2025-01-09 02:00:00,0.0
2025-01-09 03:00:00,0.0
2025-01-09 04:00:00,0.0
2025-01-09 05:00:00,0.0
2025-01-09 06:00:00,0.0
2025-01-09 07:00:00,65.73
2025-01-09 08:00:00,153.43
2025-01-09 09:00:00,213.65
2025-01-09 10:00:00,255.29
2025-01-09 11:00:00,250.57
2025-01-09 12:00:00,251.09
2025-01-09 13:00:00,223.49
2025-01-09 14:00:00,216.3
2025-01-09 15:00:00,165.95
2025-01-09 16:00:00,89.61
2025-01-09 17:00:00,17.87
2025-01-09 18:00:00,0.0
2025-01-09 19:00:00,0.0
2025-01-09 20:00:00,0.0
2025-01-09 21:00:00,0.0
2025-01-09 22:00:00,0.0
2025-01-09 23:00:00,0.0
2025-01-10 00:00:00,0.0
2025-01-10 01:00:00,0.0
2025-01-10 02:00:00,0.0
2025-01-10 03:00:00,0.0
2025-01-10 04:00:00,0.0
2025-01-10 05:00:00,0.0
2025-01-10 06:00:00,0.0
2025-01-10 07:00:00,56.4
2025-01-10 08:00:00,149.41
2025-01-10 09:00:00,194.37
2025-01-10 10:00:00,254.35
2025-01-10 11:00:00,282.58
2025-01-10 12:00:00,272.21
2025-01-10 13:00:00,244.84
2025-01-10 14:00:00,240.4
2025-01-10 15:00:00,176.13
2025-01-10 16:00:00,95.09
2025-01-10 17:00:00,18.68
2025-01-10 18:00:00,0.0
2025-01-10 19:00:00,0.0
2025-01-10 20:00:00,0.0
2025-01-10 21:00:00,0.0
2025-01-10 22:00:00,0.0
2025-01-10 23:00:00,0.0
2025-01-11 00:00:00,0.0
2025-01-11 01:00:00,0.0
2025-01-11 02:00:00,0.0
2025-01-11 03:00:00,0.0
2025-01-11 04:00:00,0.0
2025-01-11 05:00:00,0.0
2025-01-11 06:00:00,0.0
2025-01-11 07:00:00,63.07
2025-01-11 08:00:00,157.58
2025-01-11 09:00:00,195.36
2025-01-11 10:00:00,267.03
2025-01-11 11:00:00,317.64
2025-01-11 12:00:00,342.39
2025-01-11 13:00:00,243.37
2025-01-11 14:00:00,282.69
2025-01-11 15:00:00,204.68
2025-01-11 16:00:00,82.7
2025-01-11 17:00:00,19.65
2025-01-11 18:00:00,0.0
2025-01-11 19:00:00,0.0
2025-01-11 20:00:00,0.0
2025-01-11 21:00:00,0.0
2025-01-11 22:00:00,0.0
2025-01-11 23:00:00,0.0
2025-01-12 00:00:00,0.0
2025-01-12 01:00:00,0.0
2025-01-12 02:00:00,0.0
2025-01-12 03:00:00,0.0
2025-01-12 04:00:00,0.0
2025-01-12 05:00:00,0.0
2025-01-12 06:00:00,0.0
2025-01-12 07:00:00,66.0
2025-01-12 08:00:00,169.78
2025-01-12 09:00:00,197.83
2025-01-12 10:00:00,273.04
2025-01-12 11:00:00,304.53
2025-01-12 12:00:00,292.65
2025-01-12 13:00:00,268.37
2025-01-12 14:00:00,280.77
2025-01-12 15:00:00,174.27
2025-01-12 16:00:00,110.57
2025-01-12 17:00:00,16.07
2025-01-12 18:00:00,0.0
2025-01-12 19:00:00,0.0
2025-01-12 20:00:00,0.0
2025-01-12 21:00:00,0.0
2025-01-12 22:00:00,0.0
2025-01-12 23:00:00,0.0
2025-01-13 00:00:00,0.0
2025-01-13 01:00:00,0.0
2025-01-13 02:00:00,0.0
2025-01-13 03:00:00,0.0
2025-01-13 04:00:00,0.0
2025-01-13 05:00:00,0.0
2025-01-13 06:00:00,0.0
2025-01-13 07:00:00,67.98
2025-01-13 08:00:00,167.37
2025-01-13 09:00:00,186.27
2025-01-13 10:00:00,263.94
2025-01-13 11:00:00,266.02
2025-01-13 12:00:00,316.58
2025-01-13 13:00:00,298.18
2025-01-13 14:00:00,265.59
2025-01-13 15:00:00,229.22
2025-01-13 16:00:00,117.39
2025-01-13 17:00:00,21.13
2025-01-13 18:00:00,0.0
2025-01-13 19:00:00,0.0
2025-01-13 20:00:00,0.0
2025-01-13 21:00:00,0.0
2025-01-13 22:00:00,0.0
2025-01-13 23:00:00,0.0
2025-01-14 00:00:00,0.0
2025-01-14 01:00:00,0.0
2025-01-14 02:00:00,0.0
2025-01-14 03:00:00,0.0
2025-01-14 04:00:00,0.0
2025-01-14 05:00:00,0.0
2025-01-14 06:00:00,0.0
2025-01-14 07:00:00,59.48
2025-01-14 08:00:00,166.43
2025-01-14 09:00:00,187.55
2025-01-14 10:00:00,210.47
2025-01-14 11:00:00,298.79
2025-01-14 12:00:00,328.83
2025-01-14 13:00:00,273.36
2025-01-14 14:00:00,228.93
2025-01-14 15:00:00,215.69
2025-01-14 16:00:00,104.11
2025-01-14 17:00:00,22.25
2025-01-14 18:00:00,0.0
2025-01-14 19:00:00,0.0
2025-01-14 20:00:00,0.0
2025-01-14 21:00:00,0.0
2025-01-14 22:00:00,0.0
2025-01-14 23:00:00,0.0
2025-01-15 00:00:00,0.0
2025-01-15 01:00:00,0.0
2025-01-15 02:00:00,0.0
2025-01-15 03:00:00,0.0
2025-01-15 04:00:00,0.0
2025-01-15 05:00:00,0.0
2025-01-15 06:00:00,0.0
2025-01-15 07:00:00,64.39
2025-01-15 08:00:00,150.02
2025-01-15 09:00:00,199.74
2025-01-15 10:00:00,275.77
2025-01-15 11:00:00,305.09
2025-01-15 12:00:00,329.52
2025-01-15 13:00:00,247.41
2025-01-15 14:00:00,241.31
2025-01-15 15:00:00,218.16
2025-01-15 16:00:00,100.38
2025-01-15 17:00:00,22.35
2025-01-15 18:00:00,0.0
2025-01-15 19:00:00,0.0
2025-01-15 20:00:00,0.0
2025-01-15 21:00:00,0.0
2025-01-15 22:00:00,0.0
2025-01-15 23:00:00,0.0
2025-01-16 00:00:00,0.0
2025-01-16 01:00:00,0.0
2025-01-16 02:00:00,0.0
2025-01-16 03:00:00,0.0
2025-01-16 04:00:00,0.0
2025-01-16 05:00:00,0.0
2025-01-16 06:00:00,0.0
2025-01-16 07:00:00,63.82
2025-01-16 08:00:00,144.9
2025-01-16 09:00:00,196.29
2025-01-16 10:00:00,292.1
2025-01-16 11:00:00,338.11
2025-01-16 12:00:00,319.28
2025-01-16 13:00:00,219.28
2025-01-16 14:00:00,227.86
2025-01-16 15:00:00,161.36
2025-01-16 16:00:00,112.51
2025-01-16 17:00:00,24.99
2025-01-16 18:00:00,0.0
2025-01-16 19:00:00,0.0
2025-01-16 20:00:00,0.0
2025-01-16 21:00:00,0.0
2025-01-16 22:00:00,0.0
2025-01-16 23:00:00,0.0
2025-01-17 00:00:00,0.0
2025-01-17 01:00:00,0.0
2025-01-17 02:00:00,0.0
2025-01-17 03:00:00,0.0
2025-01-17 04:00:00,0.0
2025-01-17 05:00:00,0.0
2025-01-17 06:00:00,0.0
2025-01-17 07:00:00,62.02
2025-01-17 08:00:00,159.07
2025-01-17 09:00:00,228.44
2025-01-17 10:00:00,303.74
2025-01-17 11:00:00,309.32
2025-01-17 12:00:00,295.29
2025-01-17 13:00:00,268.66
2025-01-17 14:00:00,194.95
2025-01-17 15:00:00,172.33
2025-01-17 16:00:00,100.65
2025-01-17 17:00:00,22.2
2025-01-17 18:00:00,0.0
2025-01-17 19:00:00,0.0
2025-01-17 20:00:00,0.0
2025-01-17 21:00:00,0.0
2025-01-17 22:00:00,0.0
2025-01-17 23:00:00,0.0
2025-01-18 00:00:00,0.0
2025-01-18 01:00:00,0.0
2025-01-18 02:00:00,0.0
2025-01-18 03:00:00,0.0
2025-01-18 04:00:00,0.0
2025-01-18 05:00:00,0.0
2025-01-18 06:00:00,0.0
2025-01-18 07:00:00,62.79
2025-01-18 08:00:00,152.7
2025-01-18 09:00:00,217.61
2025-01-18 10:00:00,244.57
2025-01-18 11:00:00,288.79
2025-01-18 12:00:00,259.75
2025-01-18 13:00:00,251.68
2025-01-18 14:00:00,196.11
2025-01-18 15:00:00,152.85
2025-01-18 16:00:00,112.05
2025-01-18 17:00:00,23.72
2025-01-18 18:00:00,0.0
2025-01-18 19:00:00,0.0
2025-01-18 20:00:00,0.0
2025-01-18 21:00:00,0.0
2025-01-18 22:00:00,0.0
2025-01-18 23:00:00,0.0
2025-01-19 00:00:00,0.0
2025-01-19 01:00:00,0.0
2025-01-19 02:00:00,0.0
2025-01-19 03:00:00,0.0
2025-01-19 04:00:00,0.0
2025-01-19 05:00:00,0.0
2025-01-19 06:00:00,0.0
2025-01-19 07:00:00,55.67
2025-01-19 08:00:00,153.13
2025-01-19 09:00:00,229.44
2025-01-19 10:00:00,228.22
2025-01-19 11:00:00,289.68
2025-01-19 12:00:00,258.7
2025-01-19 13:00:00,253.28
2025-01-19 14:00:00,240.22
2025-01-19 15:00:00,187.39
2025-01-19 16:00:00,101.68
2025-01-19 17:00:00,23.98
2025-01-19 18:00:00,0.0
2025-01-19 19:00:00,0.0
2025-01-19 20:00:00,0.0
2025-01-19 21:00:00,0.0
2025-01-19 22:00:00,0.0
2025-01-19 23:00:00,0.0
2025-01-20 00:00:00,0.0
2025-01-20 01:00:00,0.0
2025-01-20 02:00:00,0.0
2025-01-20 03:00:00,0.0
2025-01-20 04:00:00,0.0
2025-01-20 05:00:00,0.0
2025-01-20 06:00:00,0.0
2025-01-20 07:00:00,54.23
2025-01-20 08:00:00,137.42
2025-01-20 09:00:00,186.05
2025-01-20 10:00:00,185.28
2025-01-20 11:00:00,217.34
2025-01-20 12:00:00,237.48
2025-01-20 13:00:00,219.44
2025-01-20 14:00:00,215.92
2025-01-20 15:00:00,172.32
2025-01-20 16:00:00,117.59
2025-01-20 17:00:00,26.15
2025-01-20 18:00:00,0.0
2025-01-20 19:00:00,0.0
2025-01-20 20:00:00,0.0
2025-01-20 21:00:00,0.0
2025-01-20 22:00:00,0.0
2025-01-20 23:00:00,0.0
2025-01-21 00:00:00,0.0
2025-01-21 01:00:00,0.0
2025-01-21 02:00:00,0.0
2025-01-21 03:00:00,0.0
2025-01-21 04:00:00,0.0
2025-01-21 05:00:00,0.0
2025-01-21 06:00:00,0.0
2025-01-21 07:00:00,62.75
2025-01-21 08:00:00,135.26
2025-01-21 09:00:00,203.18
2025-01-21 10:00:00,180.34
2025-01-21 11:00:00,212.7
2025-01-21 12:00:00,246.9
2025-01-21 13:00:00,213.67
2025-01-21 14:00:00,194.34
2025-01-21 15:00:00,173.03
2025-01-21 16:00:00,118.09
2025-01-21 17:00:00,27.77
2025-01-21 18:00:00,0.0
2025-01-21 19:00:00,0.0
2025-01-21 20:00:00,0.0
2025-01-21 21:00:00,0.0
2025-01-21 22:00:00,0.0
2025-01-21 23:00:00,0.0
2025-01-22 00:00:00,0.0
2025-01-22 01:00:00,0.0
2025-01-22 02:00:00,0.0
2025-01-22 03:00:00,0.0
2025-01-22 04:00:00,0.0
2025-01-22 05:00:00,0.0
2025-01-22 06:00:00,0.0
2025-01-22 07:00:00,70.07
2025-01-22 08:00:00,142.74
2025-01-22 09:00:00,219.65
2025-01-22 10:00:00,260.55
2025-01-22 11:00:00,236.04
2025-01-22 12:00:00,216.46
2025-01-22 13:00:00,164.14
2025-01-22 14:00:00,140.86
2025-01-22 15:00:00,166.6
2025-01-22 16:00:00,97.92
2025-01-22 17:00:00,28.39
2025-01-22 18:00:00,0.0
2025-01-22 19:00:00,0.0
2025-01-22 20:00:00,0.0
2025-01-22 21:00:00,0.0
2025-01-22 22:00:00,0.0
2025-01-22 23:00:00,0.0
2025-01-23 00:00:00,0.0
2025-01-23 01:00:00,0.0
2025-01-23 02:00:00,0.0
2025-01-23 03:00:00,0.0
2025-01-23 04:00:00,0.0
2025-01-23 05:00:00,0.0
2025-01-23 06:00:00,0.0
2025-01-23 07:00:00,64.37
2025-01-23 08:00:00,134.0
2025-01-23 09:00:00,175.74
2025-01-23 10:00:00,197.16
2025-01-23 11:00:00,205.61
2025-01-23 12:00:00,239.86
2025-01-23 13:00:00,208.91
2025-01-23 14:00:00,182.45
2025-01-23 15:00:00,142.68
2025-01-23 16:00:00,90.81
2025-01-23 17:00:00,26.49
2025-01-23 18:00:00,0.0
2025-01-23 19:00:00,0.0
2025-01-23 20:00:00,0.0
2025-01-23 21:00:00,0.0
2025-01-23 22:00:00,0.0
2025-01-23 23:00:00,0.0
2025-01-24 00:00:00,0.0
2025-01-24 01:00:00,0.0
2025-01-24 02:00:00,0.0
2025-01-24 03:00:00,0.0
2025-01-24 04:00:00,0.0
2025-01-24 05:00:00,0.0
2025-01-24 06:00:00,0.0
2025-01-24 07:00:00,57.52
2025-01-24 08:00:00,124.8
2025-01-24 09:00:00,234.26
2025-01-24 10:00:00,252.03
2025-01-24 11:00:00,250.43
2025-01-24 12:00:00,254.88
2025-01-24 13:00:00,208.71
2025-01-24 14:00:00,229.92
2025-01-24 15:00:00,169.05
2025-01-24 16:00:00,125.25
2025-01-24 17:00:00,32.56
2025-01-24 18:00:00,0.0
2025-01-24 19:00:00,0.0
2025-01-24 20:00:00,0.0
2025-01-24 21:00:00,0.0
2025-01-24 22:00:00,0.0
2025-01-24 23:00:00,0.0
2025-01-25 00:00:00,0.0
2025-01-25 01:00:00,0.0
2025-01-25 02:00:00,0.0
2025-01-25 03:00:00,0.0
2025-01-25 04:00:00,0.0
2025-01-25 05:00:00,0.0
2025-01-25 06:00:00,0.0
2025-01-25 07:00:00,48.8
2025-01-25 08:00:00,94.54
2025-01-25 09:00:00,142.8
2025-01-25 10:00:00,157.44
2025-01-25 11:00:00,158.31
2025-01-25 12:00:00,152.79
2025-01-25 13:00:00,142.4
2025-01-25 14:00:00,125.86
2025-01-25 15:00:00,123.5
2025-01-25 16:00:00,88.04
2025-01-25 17:00:00,27.74
2025-01-25 18:00:00,0.0
2025-01-25 19:00:00,0.0
2025-01-25 20:00:00,0.0
2025-01-25 21:00:00,0.0
2025-01-25 22:00:00,0.0
2025-01-25 23:00:00,0.0
2025-01-26 00:00:00,0.0
2025-01-26 01:00:00,0.0
2025-01-26 02:00:00,0.0
2025-01-26 03:00:00,0.0
2025-01-26 04:00:00,0.0
2025-01-26 05:00:00,0.0
2025-01-26 06:00:00,0.0
2025-01-26 07:00:00,57.38
2025-01-26 08:00:00,127.97
2025-01-26 09:00:00,141.67
2025-01-26 10:00:00,139.33
2025-01-26 11:00:00,168.69
2025-01-26 12:00:00,157.09
2025-01-26 13:00:00,151.06
2025-01-26 14:00:00,122.82
2025-01-26 15:00:00,135.74
2025-01-26 16:00:00,92.92
2025-01-26 17:00:00,28.84
2025-01-26 18:00:00,0.0
2025-01-26 19:00:00,0.0
2025-01-26 20:00:00,0.0
2025-01-26 21:00:00,0.0
2025-01-26 22:00:00,0.0
2025-01-26 23:00:00,0.0
2025-01-27 00:00:00,0.0
2025-01-27 01:00:00,0.0
2025-01-27 02:00:00,0.0
2025-01-27 03:00:00,0.0
2025-01-27 04:00:00,0.0
2025-01-27 05:00:00,0.0
2025-01-27 06:00:00,0.0
2025-01-27 07:00:00,63.37
2025-01-27 08:00:00,136.16
2025-01-27 09:00:00,186.26
2025-01-27 10:00:00,239.85
2025-01-27 11:00:00,239.86
2025-01-27 12:00:00,266.68
2025-01-27 13:00:00,231.52
2025-01-27 14:00:00,222.33
2025-01-27 15:00:00,210.25
2025-01-27 16:00:00,113.53
2025-01-27 17:00:00,33.23
2025-01-27 18:00:00,0.0
2025-01-27 19:00:00,0.0
2025-01-27 20:00:00,0.0
2025-01-27 21:00:00,0.0
2025-01-27 22:00:00,0.0
2025-01-27 23:00:00,0.0
2025-01-28 00:00:00,0.0
2025-01-28 01:00:00,0.0
2025-01-28 02:00:00,0.0
2025-01-28 03:00:00,0.0
2025-01-28 04:00:00,0.0
2025-01-28 05:00:00,0.0
2025-01-28 06:00:00,0.0
2025-01-28 07:00:00,61.97
2025-01-28 08:00:00,162.96
2025-01-28 09:00:00,198.32
2025-01-28 10:00:00,306.39
2025-01-28 11:00:00,325.03
2025-01-28 12:00:00,276.58
2025-01-28 13:00:00,321.63
2025-01-28 14:00:00,296.57
2025-01-28 15:00:00,222.65
2025-01-28 16:00:00,135.63
2025-01-28 17:00:00,40.66
2025-01-28 18:00:00,0.0
2025-01-28 19:00:00,0.0
2025-01-28 20:00:00,0.0
2025-01-28 21:00:00,0.0
2025-01-28 22:00:00,0.0
2025-01-28 23:00:00,0.0
2025-01-29 00:00:00,0.0
2025-01-29 01:00:00,0.0
2025-01-29 02:00:00,0.0
2025-01-29 03:00:00,0.0
2025-01-29 04:00:00,0.0
2025-01-29 05:00:00,0.0
2025-01-29 06:00:00,0.0
2025-01-29 07:00:00,68.83
2025-01-29 08:00:00,164.83
2025-01-29 09:00:00,241.74
2025-01-29 10:00:00,216.65
2025-01-29 11:00:00,246.29
2025-01-29 12:00:00,259.58
2025-01-29 13:00:00,246.87
2025-01-29 14:00:00,199.12
2025-01-29 15:00:00,200.44
2025-01-29 16:00:00,122.76
2025-01-29 17:00:00,31.99
2025-01-29 18:00:00,0.0
2025-01-29 19:00:00,0.0
2025-01-29 20:00:00,0.0
2025-01-29 21:00:00,0.0
2025-01-29 22:00:00,0.0
2025-01-29 23:00:00,0.0
2025-01-30 00:00:00,0.0
2025-01-30 01:00:00,0.0
2025-01-30 02:00:00,0.0
2025-01-30 03:00:00,0.0
2025-01-30 04:00:00,0.0
2025-01-30 05:00:00,0.0
2025-01-30 06:00:00,0.0
2025-01-30 07:00:00,54.51
2025-01-30 08:00:00,126.71
2025-01-30 09:00:00,156.05
2025-01-30 10:00:00,201.99
2025-01-30 11:00:00,239.35
2025-01-30 12:00:00,232.98
2025-01-30 13:00:00,235.32
2025-01-30 14:00:00,194.79
2025-01-30 15:00:00,157.07
2025-01-30 16:00:00,119.55
2025-01-30 17:00:00,30.21
2025-01-30 18:00:00,0.0
2025-01-30 19:00:00,0.0
2025-01-30 20:00:00,0.0
2025-01-30 21:00:00,0.0
2025-01-30 22:00:00,0.0
2025-01-30 23:00:00,0.0
2025-01-31 00:00:00,0.0
2025-01-31 01:00:00,0.0
2025-01-31 02:00:00,0.0
2025-01-31 03:00:00,0.0
2025-01-31 04:00:00,0.0
2025-01-31 05:00:00,0.0
2025-01-31 06:00:00,0.0
2025-01-31 07:00:00,66.38
2025-01-31 08:00:00,134.95
2025-01-31 09:00:00,174.91
2025-01-31 10:00:00,192.72
2025-01-31 11:00:00,242.89
2025-01-31 12:00:00,224.48
2025-01-31 13:00:00,224.93
2025-01-31 14:00:00,207.06
2025-01-31 15:00:00,149.51
2025-01-31 16:00:00,111.84
2025-01-31 17:00:00,32.33
2025-01-31 18:00:00,0.0
2025-01-31 19:00:00,0.0
2025-01-31 20:00:00,0.0
2025-01-31 21:00:00,0.0
2025-01-31 22:00:00,0.0
2025-01-31 23:00:00,0.0
2025-02-01 00:00:00,0.0
2025-02-01 01:00:00,0.0
2025-02-01 02:00:00,0.0
2025-02-01 03:00:00,0.0
2025-02-01 04:00:00,0.0
2025-02-01 05:00:00,0.0
2025-02-01 06:00:00,0.0
2025-02-01 07:00:00,61.84
2025-02-01 08:00:00,151.15
2025-02-01 09:00:00,140.89
2025-02-01 10:00:00,167.99
2025-02-01 11:00:00,179.93
2025-02-01 12:00:00,179.1
2025-02-01 13:00:00,189.14
2025-02-01 14:00:00,173.53
2025-02-01 15:00:00,128.5
2025-02-01 16:00:00,101.15
2025-02-01 17:00:00,32.55
2025-02-01 18:00:00,0.0
2025-02-01 19:00:00,0.0
2025-02-01 20:00:00,0.0
2025-02-01 21:00:00,0.0
2025-02-01 22:00:00,0.0
2025-02-01 23:00:00,0.0
2025-02-02 00:00:00,0.0
2025-02-02 01:00:00,0.0
2025-02-02 02:00:00,0.0
2025-02-02 03:00:00,0.0
2025-02-02 04:00:00,0.0
2025-02-02 05:00:00,0.0
2025-02-02 06:00:00,0.0
2025-02-02 07:00:00,57.03
2025-02-02 08:00:00,118.67
2025-02-02 09:00:00,196.32
2025-02-02 10:00:00,180.79
2025-02-02 11:00:00,236.01
2025-02-02 12:00:00,221.9
2025-02-02 13:00:00,245.59
2025-02-02 14:00:00,222.69
2025-02-02 15:00:00,181.09
2025-02-02 16:00:00,97.76
2025-02-02 17:00:00,34.62
2025-02-02 18:00:00,0.0
2025-02-02 19:00:00,0.0
2025-02-02 20:00:00,0.0
2025-02-02 21:00:00,0.0
2025-02-02 22:00:00,0.0
2025-02-02 23:00:00,0.0
2025-02-03 00:00:00,0.0
2025-02-03 01:00:00,0.0
2025-02-03 02:00:00,0.0
2025-02-03 03:00:00,0.0
2025-02-03 04:00:00,0.0
2025-02-03 05:00:00,0.0
2025-02-03 06:00:00,4.65
2025-02-03 07:00:00,73.74
2025-02-03 08:00:00,143.63
2025-02-03 09:00:00,200.44
2025-02-03 10:00:00,214.37
2025-02-03 11:00:00,226.99
2025-02-03 12:00:00,224.17
2025-02-03 13:00:00,229.87
2025-02-03 14:00:00,215.11
2025-02-03 15:00:00,173.96
2025-02-03 16:00:00,126.35
2025-02-03 17:00:00,39.6
2025-02-03 18:00:00,0.0
2025-02-03 19:00:00,0.0
2025-02-03 20:00:00,0.0
2025-02-03 21:00:00,0.0
2025-02-03 22:00:00,0.0
2025-02-03 23:00:00,0.0
2025-02-04 00:00:00,0.0
2025-02-04 01:00:00,0.0
2025-02-04 02:00:00,0.0
2025-02-04 03:00:00,0.0
2025-02-04 04:00:00,0.0
2025-02-04 05:00:00,0.0
2025-02-04 06:00:00,4.03
2025-02-04 07:00:00,73.71
2025-02-04 08:00:00,146.13
2025-02-04 09:00:00,199.87
2025-02-04 10:00:00,273.79
2025-02-04 11:00:00,275.5
2025-02-04 12:00:00,230.98
2025-02-04 13:00:00,239.58
2025-02-04 14:00:00,173.15
2025-02-04 15:00:00,143.47
2025-02-04 16:00:00,121.81
2025-02-04 17:00:00,36.66
2025-02-04 18:00:00,0.0
2025-02-04 19:00:00,0.0
2025-02-04 20:00:00,0.0
2025-02-04 21:00:00,0.0
2025-02-04 22:00:00,0.0
2025-02-04 23:00:00,0.0
2025-02-05 00:00:00,0.0
2025-02-05 01:00:00,0.0
2025-02-05 02:00:00,0.0
2025-02-05 03:00:00,0.0
2025-02-05 04:00:00,0.0
2025-02-05 05:00:00,0.0
2025-02-05 06:00:00,4.9
2025-02-05 07:00:00,61.79
2025-02-05 08:00:00,125.76
2025-02-05 09:00:00,153.65
2025-02-05 10:00:00,189.25
2025-02-05 11:00:00,185.83
2025-02-05 12:00:00,197.71
2025-02-05 13:00:00,228.78
2025-02-05 14:00:00,176.53
2025-02-05 15:00:00,149.69
2025-02-05 16:00:00,112.35
2025-02-05 17:00:00,36.11
2025-02-05 18:00:00,0.0
2025-02-05 19:00:00,0.0
2025-02-05 20:00:00,0.0
2025-02-05 21:00:00,0.0
2025-02-05 22:00:00,0.0
2025-02-05 23:00:00,0.0
2025-02-06 00:00:00,0.0
2025-02-06 01:00:00,0.0
2025-02-06 02:00:00,0.0
2025-02-06 03:00:00,0.0
2025-02-06 04:00:00,0.0
2025-02-06 05:00:00,0.0
2025-02-06 06:00:00,5.46
2025-02-06 07:00:00,55.66
2025-02-06 08:00:00,125.81
2025-02-06 09:00:00,188.72
2025-02-06 10:00:00,210.24
2025-02-06 11:00:00,196.69
2025-02-06 12:00:00,202.89
2025-02-06 13:00:00,251.61
2025-02-06 14:00:00,195.58
2025-02-06 15:00:00,213.9
2025-02-06 16:00:00,128.31
2025-02-06 17:00:00,38.32
2025-02-06 18:00:00,0.0
2025-02-06 19:00:00,0.0
2025-02-06 20:00:00,0.0
2025-02-06 21:00:00,0.0
2025-02-06 22:00:00,0.0
2025-02-06 23:00:00,0.0
2025-02-07 00:00:00,0.0
2025-02-07 01:00:00,0.0
2025-02-07 02:00:00,0.0
2025-02-07 03:00:00,0.0
2025-02-07 04:00:00,0.0
2025-02-07 05:00:00,0.0
2025-02-07 06:00:00,4.86
2025-02-07 07:00:00,64.82
2025-02-07 08:00:00,140.47
2025-02-07 09:00:00,186.62
2025-02-07 10:00:00,233.84
2025-02-07 11:00:00,238.89
2025-02-07 12:00:00,232.11
2025-02-07 13:00:00,251.15
2025-02-07 14:00:00,289.39
2025-02-07 15:00:00,228.52
2025-02-07 16:00:00,138.75
2025-02-07 17:00:00,42.95
2025-02-07 18:00:00,0.0
2025-02-07 19:00:00,0.0
2025-02-07 20:00:00,0.0
2025-02-07 21:00:00,0.0
2025-02-07 22:00:00,0.0
2025-02-07 23:00:00,0.0
2025-02-08 00:00:00,0.0
2025-02-08 01:00:00,0.0
2025-02-08 02:00:00,0.0
2025-02-08 03:00:00,0.0
2025-02-08 04:00:00,0.0
2025-02-08 05:00:00,0.0
2025-02-08 06:00:00,7.54
2025-02-08 07:00:00,64.46
2025-02-08 08:00:00,124.94
2025-02-08 09:00:00,212.53
2025-02-08 10:00:00,273.64
2025-02-08 11:00:00,269.37
2025-02-08 12:00:00,322.89
2025-02-08 13:00:00,310.32
2025-02-08 14:00:00,300.98
2025-02-08 15:00:00,218.79
2025-02-08 16:00:00,146.37
2025-02-08 17:00:00,40.78
2025-02-08 18:00:00,0.0
2025-02-08 19:00:00,0.0
2025-02-08 20:00:00,0.0
2025-02-08 21:00:00,0.0
2025-02-08 22:00:00,0.0
2025-02-08 23:00:00,0.0
2025-02-09 00:00:00,0.0
2025-02-09 01:00:00,0.0
2025-02-09 02:00:00,0.0
2025-02-09 03:00:00,0.0
2025-02-09 04:00:00,0.0
2025-02-09 05:00:00,0.0
2025-02-09 06:00:00,7.83
2025-02-09 07:00:00,64.88
2025-02-09 08:00:00,144.63
2025-02-09 09:00:00,214.32
2025-02-09 10:00:00,269.69
2025-02-09 11:00:00,274.36
2025-02-09 12:00:00,319.79
2025-02-09 13:00:00,354.21
2025-02-09 14:00:00,324.84
2025-02-09 15:00:00,213.72
2025-02-09 16:00:00,152.97
2025-02-09 17:00:00,39.9
2025-02-09 18:00:00,0.0
2025-02-09 19:00:00,0.0
2025-02-09 20:00:00,0.0
2025-02-09 21:00:00,0.0
2025-02-09 22:00:00,0.0
2025-02-09 23:00:00,0.0
2025-02-10 00:00:00,0.0
2025-02-10 01:00:00,0.0
2025-02-10 02:00:00,0.0
2025-02-10 03:00:00,0.0
2025-02-10 04:00:00,0.0
2025-02-10 05:00:00,0.0
2025-02-10 06:00:00,4.83
2025-02-10 07:00:00,66.83
2025-02-10 08:00:00,145.55
2025-02-10 09:00:00,226.68
2025-02-10 10:00:00,324.94
2025-02-10 11:00:00,295.55
2025-02-10 12:00:00,343.94
2025-02-10 13:00:00,293.7
2025-02-10 14:00:00,259.61
2025-02-10 15:00:00,203.46
2025-02-10 16:00:00,147.11
2025-02-10 17:00:00,38.66
2025-02-10 18:00:00,0.0
2025-02-10 19:00:00,0.0
2025-02-10 20:00:00,0.0
2025-02-10 21:00:00,0.0
2025-02-10 22:00:00,0.0
2025-02-10 23:00:00,0.0
2025-02-11 00:00:00,0.0
2025-02-11 01:00:00,0.0
2025-02-11 02:00:00,0.0
2025-02-11 03:00:00,0.0
2025-02-11 04:00:00,0.0
2025-02-11 05:00:00,0.0
2025-02-11 06:00:00,8.73
2025-02-11 07:00:00,66.63
2025-02-11 08:00:00,146.28
2025-02-11 09:00:00,217.49
2025-02-11 10:00:00,266.43
2025-02-11 11:00:00,262.74
2025-02-11 12:00:00,324.71
2025-02-11 13:00:00,268.41
2025-02-11 14:00:00,263.33
2025-02-11 15:00:00,176.95
2025-02-11 16:00:00,111.11
2025-02-11 17:00:00,44.95
2025-02-11 18:00:00,0.0
2025-02-11 19:00:00,0.0
2025-02-11 20:00:00,0.0
2025-02-11 21:00:00,0.0
2025-02-11 22:00:00,0.0
2025-02-11 23:00:00,0.0
2025-02-12 00:00:00,0.0
2025-02-12 01:00:00,0.0
2025-02-12 02:00:00,0.0
2025-02-12 03:00:00,0.0
2025-02-12 04:00:00,0.0
2025-02-12 05:00:00,0.0
2025-02-12 06:00:00,6.57
2025-02-12 07:00:00,61.29
2025-02-12 08:00:00,142.08
2025-02-12 09:00:00,205.23
2025-02-12 10:00:00,208.57
2025-02-12 11:00:00,209.81
2025-02-12 12:00:00,237.29
2025-02-12 13:00:00,204.19
2025-02-12 14:00:00,181.09
2025-02-12 15:00:00,191.02
2025-02-12 16:00:00,121.48
2025-02-12 17:00:00,47.75
2025-02-12 18:00:00,0.0
2025-02-12 19:00:00,0.0
2025-02-12 20:00:00,0.0
2025-02-12 21:00:00,0.0
2025-02-12 22:00:00,0.0
2025-02-12 23:00:00,0.0
2025-02-13 00:00:00,0.0
2025-02-13 01:00:00,0.0
2025-02-13 02:00:00,0.0
2025-02-13 03:00:00,0.0
2025-02-13 04:00:00,0.0
2025-02-13 05:00:00,0.0
2025-02-13 06:00:00,7.73
2025-02-13 07:00:00,80.09
2025-02-13 08:00:00,177.14
2025-02-13 09:00:00,158.99
2025-02-13 10:00:00,229.87
2025-02-13 11:00:00,187.55
2025-02-13 12:00:00,207.81
2025-02-13 13:00:00,184.34
2025-02-13 14:00:00,162.08
2025-02-13 15:00:00,163.47
2025-02-13 16:00:00,159.75
2025-02-13 17:00:00,49.5
2025-02-13 18:00:00,0.0
2025-02-13 19:00:00,0.0
2025-02-13 20:00:00,0.0
2025-02-13 21:00:00,0.0
2025-02-13 22:00:00,0.0
2025-02-13 23:00:00,0.0
2025-02-14 00:00:00,0.0
2025-02-14 01:00:00,0.0
2025-02-14 02:00:00,0.0
2025-02-14 03:00:00,0.0
2025-02-14 04:00:00,0.0
2025-02-14 05:00:00,0.0
2025-02-14 06:00:00,8.43
2025-02-14 07:00:00,86.81
2025-02-14 08:00:00,149.1
2025-02-14 09:00:00,191.71
2025-02-14 10:00:00,158.02
2025-02-14 11:00:00,159.38
2025-02-14 12:00:00,195.07
2025-02-14 13:00:00,179.7
2025-02-14 14:00:00,157.12
2025-02-14 15:00:00,158.28
2025-02-14 16:00:00,155.77
2025-02-14 17:00:00,50.38
2025-02-14 18:00:00,0.0
2025-02-14 19:00:00,0.0
2025-02-14 20:00:00,0.0
2025-02-14 21:00:00,0.0
2025-02-14 22:00:00,0.0
2025-02-14 23:00:00,0.0
2025-02-15 00:00:00,0.0
2025-02-15 01:00:00,0.0
2025-02-15 02:00:00,0.0
2025-02-15 03:00:00,0.0
2025-02-15 04:00:00,0.0
2025-02-15 05:00:00,0.0
2025-02-15 06:00:00,8.04
2025-02-15 07:00:00,75.5
2025-02-15 08:00:00,129.67
2025-02-15 09:00:00,157.96
2025-02-15 10:00:00,175.97
2025-02-15 11:00:00,185.02
2025-02-15 12:00:00,172.25
2025-02-15 13:00:00,132.7
2025-02-15 14:00:00,120.15
2025-02-15 15:00:00,125.75
2025-02-15 16:00:00,112.95
2025-02-15 17:00:00,44.11
2025-02-15 18:00:00,0.0
2025-02-15 19:00:00,0.0
2025-02-15 20:00:00,0.0
2025-02-15 21:00:00,0.0
2025-02-15 22:00:00,0.0
2025-02-15 23:00:00,0.0
2025-02-16 00:00:00,0.0
2025-02-16 01:00:00,0.0
2025-02-16 02:00:00,0.0
2025-02-16 03:00:00,0.0
2025-02-16 04:00:00,0.0
2025-02-16 05:00:00,0.0
2025-02-16 06:00:00,9.9
2025-02-16 07:00:00,73.71
2025-02-16 08:00:00,123.23
2025-02-16 09:00:00,185.45
2025-02-16 10:00:00,145.63
2025-02-16 11:00:00,169.85
2025-02-16 12:00:00,233.4
2025-02-16 13:00:00,157.1
2025-02-16 14:00:00,152.42
2025-02-16 15:00:00,150.52
2025-02-16 16:00:00,127.16
2025-02-16 17:00:00,48.57
2025-02-16 18:00:00,0.0
2025-02-16 19:00:00,0.0
2025-02-16 20:00:00,0.0
2025-02-16 21:00:00,0.0
2025-02-16 22:00:00,0.0
2025-02-16 23:00:00,0.0
2025-02-17 00:00:00,0.0
2025-02-17 01:00:00,0.0
2025-02-17 02:00:00,0.0
2025-02-17 03:00:00,0.0
2025-02-17 04:00:00,0.0
2025-02-17 05:00:00,0.0
2025-02-17 06:00:00,10.1
2025-02-17 07:00:00,63.97
2025-02-17 08:00:00,103.45
2025-02-17 09:00:00,137.06
2025-02-17 10:00:00,149.96
2025-02-17 11:00:00,157.33
2025-02-17 12:00:00,173.68
2025-02-17 13:00:00,151.78
2025-02-17 14:00:00,147.99
2025-02-17 15:00:00,167.57
2025-02-17 16:00:00,125.81
2025-02-17 17:00:00,49.7
2025-02-17 18:00:00,0.0
2025-02-17 19:00:00,0.0
2025-02-17 20:00:00,0.0
2025-02-17 21:00:00,0.0
2025-02-17 22:00:00,0.0
2025-02-17 23:00:00,0.0
2025-02-18 00:00:00,0.0
2025-02-18 01:00:00,0.0
2025-02-18 02:00:00,0.0
2025-02-18 03:00:00,0.0
2025-02-18 04:00:00,0.0
2025-02-18 05:00:00,0.0
2025-02-18 06:00:00,9.64
2025-02-18 07:00:00,70.04
2025-02-18 08:00:00,113.87
2025-02-18 09:00:00,171.89
2025-02-18 10:00:00,173.17
2025-02-18 11:00:00,197.31
2025-02-18 12:00:00,206.96
2025-02-18 13:00:00,180.56
2025-02-18 14:00:00,173.82
2025-02-18 15:00:00,191.93
2025-02-18 16:00:00,138.78
2025-02-18 17:00:00,51.26
2025-02-18 18:00:00,0.0
2025-02-18 19:00:00,0.0
2025-02-18 20:00:00,0.0
2025-02-18 21:00:00,0.0
2025-02-18 22:00:00,0.0
2025-02-18 23:00:00,0.0
2025-02-19 00:00:00,0.0
2025-02-19 01:00:00,0.0
2025-02-19 02:00:00,0.0
2025-02-19 03:00:00,0.0
2025-02-19 04:00:00,0.0
2025-02-19 05:00:00,0.0
2025-02-19 06:00:00,8.51
2025-02-19 07:00:00,84.53
2025-02-19 08:00:00,139.32
2025-02-19 09:00:00,186.69
2025-02-19 10:00:00,233.34
2025-02-19 11:00:00,211.1
2025-02-19 12:00:00,218.82
2025-02-19 13:00:00,184.39
2025-02-19 14:00:00,199.64
2025-02-19 15:00:00,200.68
2025-02-19 16:00:00,143.07
2025-02-19 17:00:00,52.29
2025-02-19 18:00:00,0.0
2025-02-19 19:00:00,0.0
2025-02-19 20:00:00,0.0
2025-02-19 21:00:00,0.0
2025-02-19 22:00:00,0.0
2025-02-19 23:00:00,0.0
2025-02-20 00:00:00,0.0
2025-02-20 01:00:00,0.0
2025-02-20 02:00:00,0.0
2025-02-20 03:00:00,0.0
2025-02-20 04:00:00,0.0
2025-02-20 05:00:00,0.0
2025-02-20 06:00:00,9.76
2025-02-20 07:00:00,77.4
2025-02-20 08:00:00,137.14
2025-02-20 09:00:00,139.38
2025-02-20 10:00:00,170.18
2025-02-20 11:00:00,197.21
2025-02-20 12:00:00,209.62
2025-02-20 13:00:00,176.75
2025-02-20 14:00:00,194.7
2025-02-20 15:00:00,179.42
2025-02-20 16:00:00,151.16
2025-02-20 17:00:00,55.15
2025-02-20 18:00:00,0.0
2025-02-20 19:00:00,0.0
2025-02-20 20:00:00,0.0
2025-02-20 21:00:00,0.0
2025-02-20 22:00:00,0.0
2025-02-20 23:00:00,0.0
2025-02-21 00:00:00,0.0
2025-02-21 01:00:00,0.0
2025-02-21 02:00:00,0.0
2025-02-21 03:00:00,0.0
2025-02-21 04:00:00,0.0
2025-02-21 05:00:00,0.0
2025-02-21 06:00:00,11.04
2025-02-21 07:00:00,81.0
2025-02-21 08:00:00,126.11
2025-02-21 09:00:00,151.66
2025-02-21 10:00:00,211.79
2025-02-21 11:00:00,225.29
2025-02-21 12:00:00,215.9
2025-02-21 13:00:00,184.75
2025-02-21 14:00:00,193.97
2025-02-21 15:00:00,168.37
2025-02-21 16:00:00,110.89
2025-02-21 17:00:00,48.26
2025-02-21 18:00:00,0.0
2025-02-21 19:00:00,0.0
2025-02-21 20:00:00,0.0
2025-02-21 21:00:00,0.0
2025-02-21 22:00:00,0.0
2025-02-21 23:00:00,0.0
2025-02-22 00:00:00,0.0
2025-02-22 01:00:00,0.0
2025-02-22 02:00:00,0.0
2025-02-22 03:00:00,0.0
2025-02-22 04:00:00,0.0
2025-02-22 05:00:00,0.0
2025-02-22 06:00:00,14.32
2025-02-22 07:00:00,73.19
2025-02-22 08:00:00,123.89
2025-02-22 09:00:00,206.84
2025-02-22 10:00:00,218.67
2025-02-22 11:00:00,227.1
2025-02-22 12:00:00,229.53
2025-02-22 13:00:00,202.95
2025-02-22 14:00:00,216.33
2025-02-22 15:00:00,210.26
2025-02-22 16:00:00,154.43
2025-02-22 17:00:00,58.95
2025-02-22 18:00:00,0.0
2025-02-22 19:00:00,0.0
2025-02-22 20:00:00,0.0
2025-02-22 21:00:00,0.0
2025-02-22 22:00:00,0.0
2025-02-22 23:00:00,0.0
2025-02-23 00:00:00,0.0
2025-02-23 01:00:00,0.0
2025-02-23 02:00:00,0.0
2025-02-23 03:00:00,0.0
2025-02-23 04:00:00,0.0
2025-02-23 05:00:00,0.0
2025-02-23 06:00:00,11.51
2025-02-23 07:00:00,74.96
2025-02-23 08:00:00,110.64
2025-02-23 09:00:00,165.37
2025-02-23 10:00:00,180.4
2025-02-23 11:00:00,176.71
2025-02-23 12:00:00,200.34
2025-02-23 13:00:00,178.72
2025-02-23 14:00:00,179.18
2025-02-23 15:00:00,137.74
2025-02-23 16:00:00,128.4
2025-02-23 17:00:00,56.46
2025-02-23 18:00:00,0.0
2025-02-23 19:00:00,0.0
2025-02-23 20:00:00,0.0
2025-02-23 21:00:00,0.0
2025-02-23 22:00:00,0.0
2025-02-23 23:00:00,0.0
2025-02-24 00:00:00,0.0
2025-02-24 01:00:00,0.0
2025-02-24 02:00:00,0.0
2025-02-24 03:00:00,0.0
2025-02-24 04:00:00,0.0
2025-02-24 05:00:00,0.0
2025-02-24 06:00:00,11.64
2025-02-24 07:00:00,66.37
2025-02-24 08:00:00,112.29
2025-02-24 09:00:00,178.31
2025-02-24 10:00:00,188.02
2025-02-24 11:00:00,189.44
2025-02-24 12:00:00,214.93
2025-02-24 13:00:00,197.63
2025-02-24 14:00:00,188.99
2025-02-24 15:00:00,152.95
2025-02-24 16:00:00,142.38
2025-02-24 17:00:00,58.29
2025-02-24 18:00:00,0.0
2025-02-24 19:00:00,0.0
2025-02-24 20:00:00,0.0
2025-02-24 21:00:00,0.0
2025-02-24 22:00:00,0.0
2025-02-24 23:00:00,0.0
2025-02-25 00:00:00,0.0
2025-02-25 01:00:00,0.0
2025-02-25 02:00:00,0.0
2025-02-25 03:00:00,0.0
2025-02-25 04:00:00,0.0
2025-02-25 05:00:00,0.0
2025-02-25 06:00:00,12.89
2025-02-25 07:00:00,110.0
2025-02-25 08:00:00,202.83
2025-02-25 09:00:00,298.6
2025-02-25 10:00:00,339.56
2025-02-25 11:00:00,396.4
2025-02-25 12:00:00,360.67
2025-02-25 13:00:00,268.21
2025-02-25 14:00:00,270.41
2025-02-25 15:00:00,188.79
2025-02-25 16:00:00,144.56
2025-02-25 17:00:00,47.9
2025-02-25 18:00:00,0.0
2025-02-25 19:00:00,0.0
2025-02-25 20:00:00,0.0
2025-02-25 21:00:00,0.0
2025-02-25 22:00:00,0.0
2025-02-25 23:00:00,0.0
2025-02-26 00:00:00,0.0
2025-02-26 01:00:00,0.0
2025-02-26 02:00:00,0.0
2025-02-26 03:00:00,0.0
2025-02-26 04:00:00,0.0
2025-02-26 05:00:00,0.0
2025-02-26 06:00:00,11.99
2025-02-26 07:00:00,78.75
2025-02-26 08:00:00,158.5
2025-02-26 09:00:00,190.13
2025-02-26 10:00:00,250.34
2025-02-26 11:00:00,259.73
2025-02-26 12:00:00,246.96
2025-02-26 13:00:00,252.65
2025-02-26 14:00:00,234.48
2025-02-26 15:00:00,178.4
2025-02-26 16:00:00,139.78
2025-02-26 17:00:00,55.44
2025-02-26 18:00:00,0.0
2025-02-26 19:00:00,0.0
2025-02-26 20:00:00,0.0
2025-02-26 21:00:00,0.0
2025-02-26 22:00:00,0.0
2025-02-26 23:00:00,0.0
2025-02-27 00:00:00,0.0
2025-02-27 01:00:00,0.0
2025-02-27 02:00:00,0.0
2025-02-27 03:00:00,0.0
2025-02-27 04:00:00,0.0
2025-02-27 05:00:00,0.0
2025-02-27 06:00:00,12.27
2025-02-27 07:00:00,80.12
2025-02-27 08:00:00,158.63
2025-02-27 09:00:00,198.38
2025-02-27 10:00:00,278.92
2025-02-27 11:00:00,265.43
2025-02-27 12:00:00,237.88
2025-02-27 13:00:00,243.98
2025-02-27 14:00:00,204.99
2025-02-27 15:00:00,184.6
2025-02-27 16:00:00,121.73
2025-02-27 17:00:00,53.93
2025-02-27 18:00:00,0.0
2025-02-27 19:00:00,0.0
2025-02-27 20:00:00,0.0
2025-02-27 21:00:00,0.0
2025-02-27 22:00:00,0.0
2025-02-27 23:00:00,0.0
2025-02-28 00:00:00,0.0
2025-02-28 01:00:00,0.0
2025-02-28 02:00:00,0.0
2025-02-28 03:00:00,0.0
2025-02-28 04:00:00,0.0
2025-02-28 05:00:00,0.0
2025-02-28 06:00:00,9.74
2025-02-28 07:00:00,99.32
2025-02-28 08:00:00,175.69
2025-02-28 09:00:00,183.52
2025-02-28 10:00:00,245.25
2025-02-28 11:00:00,254.18
2025-02-28 12:00:00,375.81
2025-02-28 13:00:00,295.03
2025-02-28 14:00:00,323.81
2025-02-28 15:00:00,238.19
2025-02-28 16:00:00,182.0
2025-02-28 17:00:00,60.27
2025-02-28 18:00:00,0.0
2025-02-28 19:00:00,0.0
2025-02-28 20:00:00,0.0
2025-02-28 21:00:00,0.0
2025-02-28 22:00:00,0.0
2025-02-28 23:00:00,0.0
2025-03-01 00:00:00,0.0
2025-03-01 01:00:00,0.0
2025-03-01 02:00:00,0.0
2025-03-01 03:00:00,0.0
2025-03-01 04:00:00,0.0
2025-03-01 05:00:00,0.0
2025-03-01 06:00:00,12.39
2025-03-01 07:00:00,89.15
2025-03-01 08:00:00,184.95
2025-03-01 09:00:00,228.2
2025-03-01 10:00:00,283.07
2025-03-01 11:00:00,305.34
2025-03-01 12:00:00,295.0
2025-03-01 13:00:00,280.66
2025-03-01 14:00:00,268.78
2025-03-01 15:00:00,204.23
2025-03-01 16:00:00,166.1
2025-03-01 17:00:00,59.48
2025-03-01 18:00:00,0.0
2025-03-01 19:00:00,0.0
2025-03-01 20:00:00,0.0
2025-03-01 21:00:00,0.0
2025-03-01 22:00:00,0.0
2025-03-01 23:00:00,0.0
2025-03-02 00:00:00,0.0
2025-03-02 01:00:00,0.0
2025-03-02 02:00:00,0.0
2025-03-02 03:00:00,0.0
2025-03-02 04:00:00,0.0
2025-03-02 05:00:00,0.0
2025-03-02 06:00:00,14.25
2025-03-02 07:00:00,95.92
2025-03-02 08:00:00,186.13
2025-03-02 09:00:00,261.05
2025-03-02 10:00:00,339.12
2025-03-02 11:00:00,258.07
2025-03-02 12:00:00,293.15
2025-03-02 13:00:00,370.56
2025-03-02 14:00:00,286.93
2025-03-02 15:00:00,213.25
2025-03-02 16:00:00,173.51
2025-03-02 17:00:00,57.23
2025-03-02 18:00:00,0.0
2025-03-02 19:00:00,0.0
2025-03-02 20:00:00,0.0
2025-03-02 21:00:00,0.0
2025-03-02 22:00:00,0.0
2025-03-02 23:00:00,0.0
2025-03-03 00:00:00,0.0
2025-03-03 01:00:00,0.0
2025-03-03 02:00:00,0.0
2025-03-03 03:00:00,0.0
2025-03-03 04:00:00,0.0
2025-03-03 05:00:00,0.0
2025-03-03 06:00:00,14.88
2025-03-03 07:00:00,86.63
2025-03-03 08:00:00,202.12
2025-03-03 09:00:00,271.72
2025-03-03 10:00:00,264.76
2025-03-03 11:00:00,275.3
2025-03-03 12:00:00,320.76
2025-03-03 13:00:00,291.72
2025-03-03 14:00:00,292.59
2025-03-03 15:00:00,237.31
2025-03-03 16:00:00,156.88
2025-03-03 17:00:00,59.6
2025-03-03 18:00:00,0.0
2025-03-03 19:00:00,0.0
2025-03-03 20:00:00,0.0
2025-03-03 21:00:00,0.0
2025-03-03 22:00:00,0.0
2025-03-03 23:00:00,0.0
2025-03-04 00:00:00,0.0
2025-03-04 01:00:00,0.0
2025-03-04 02:00:00,0.0
2025-03-04 03:00:00,0.0
2025-03-04 04:00:00,0.0
2025-03-04 05:00:00,0.0
2025-03-04 06:00:00,17.66
2025-03-04 07:00:00,97.39
2025-03-04 08:00:00,148.0
2025-03-04 09:00:00,185.94
2025-03-04 10:00:00,247.2
2025-03-04 11:00:00,277.45
2025-03-04 12:00:00,298.34
2025-03-04 13:00:00,271.76
2025-03-04 14:00:00,197.55
2025-03-04 15:00:00,170.58
2025-03-04 16:00:00,128.23
2025-03-04 17:00:00,66.13
2025-03-04 18:00:00,0.0
2025-03-04 19:00:00,0.0
2025-03-04 20:00:00,0.0
2025-03-04 21:00:00,0.0
2025-03-04 22:00:00,0.0
2025-03-04 23:00:00,0.0
2025-03-05 00:00:00,0.0
2025-03-05 01:00:00,0.0
2025-03-05 02:00:00,0.0
2025-03-05 03:00:00,0.0
2025-03-05 04:00:00,0.0
2025-03-05 05:00:00,0.0
2025-03-05 06:00:00,16.19
2025-03-05 07:00:00,86.14
2025-03-05 08:00:00,150.83
2025-03-05 09:00:00,165.68
2025-03-05 10:00:00,177.38
2025-03-05 11:00:00,198.52
2025-03-05 12:00:00,218.44
2025-03-05 13:00:00,187.2
2025-03-05 14:00:00,175.68
2025-03-05 15:00:00,149.03
2025-03-05 16:00:00,141.81
2025-03-05 17:00:00,53.6
2025-03-05 18:00:00,0.0
2025-03-05 19:00:00,0.0
2025-03-05 20:00:00,0.0
2025-03-05 21:00:00,0.0
2025-03-05 22:00:00,0.0
2025-03-05 23:00:00,0.0
2025-03-06 00:00:00,0.0
2025-03-06 01:00:00,0.0
2025-03-06 02:00:00,0.0
2025-03-06 03:00:00,0.0
2025-03-06 04:00:00,0.0
2025-03-06 05:00:00,0.0
2025-03-06 06:00:00,18.71
2025-03-06 07:00:00,71.67
2025-03-06 08:00:00,111.76
2025-03-06 09:00:00,147.13
2025-03-06 10:00:00,142.32
2025-03-06 11:00:00,165.93
2025-03-06 12:00:00,175.01
2025-03-06 13:00:00,152.4
2025-03-06 14:00:00,144.01
2025-03-06 15:00:00,125.7
2025-03-06 16:00:00,104.79
2025-03-06 17:00:00,54.08
2025-03-06 18:00:00,0.0
2025-03-06 19:00:00,0.0
2025-03-06 20:00:00,0.0
2025-03-06 21:00:00,0.0
2025-03-06 22:00:00,0.0
2025-03-06 23:00:00,0.0
2025-03-07 00:00:00,0.0
2025-03-07 01:00:00,0.0
2025-03-07 02:00:00,0.0
2025-03-07 03:00:00,0.0
2025-03-07 04:00:00,0.0
2025-03-07 05:00:00,0.0
2025-03-07 06:00:00,18.67
2025-03-07 07:00:00,76.21
2025-03-07 08:00:00,140.0
2025-03-07 09:00:00,138.6
2025-03-07 10:00:00,127.58
2025-03-07 11:00:00,159.07
2025-03-07 12:00:00,192.59
2025-03-07 13:00:00,158.96
2025-03-07 14:00:00,147.8
2025-03-07 15:00:00,127.1
2025-03-07 16:00:00,104.34
2025-03-07 17:00:00,53.03
2025-03-07 18:00:00,0.0
2025-03-07 19:00:00,0.0
2025-03-07 20:00:00,0.0
2025-03-07 21:00:00,0.0
2025-03-07 22:00:00,0.0
2025-03-07 23:00:00,0.0
2025-03-08 00:00:00,0.0
2025-03-08 01:00:00,0.0
2025-03-08 02:00:00,0.0
2025-03-08 03:00:00,0.0
2025-03-08 04:00:00,0.0
2025-03-08 05:00:00,0.0
2025-03-08 06:00:00,18.41
2025-03-08 07:00:00,82.52
2025-03-08 08:00:00,146.84
2025-03-08 09:00:00,164.53
2025-03-08 10:00:00,157.35
2025-03-08 11:00:00,213.44
2025-03-08 12:00:00,229.63
2025-03-08 13:00:00,188.14
2025-03-08 14:00:00,181.88
2025-03-08 15:00:00,164.64
2025-03-08 16:00:00,119.42
2025-03-08 17:00:00,57.14
2025-03-08 18:00:00,0.0
2025-03-08 19:00:00,0.0
2025-03-08 20:00:00,0.0
2025-03-08 21:00:00,0.0
2025-03-08 22:00:00,0.0
2025-03-08 23:00:00,0.0
2025-03-09 00:00:00,0.0
2025-03-09 01:00:00,0.0
2025-03-09 02:00:00,0.0
2025-03-09 03:00:00,0.0
2025-03-09 04:00:00,0.0
2025-03-09 05:00:00,0.0
2025-03-09 06:00:00,22.28
2025-03-09 07:00:00,96.14
2025-03-09 08:00:00,137.93
2025-03-09 09:00:00,147.64
2025-03-09 10:00:00,159.2
2025-03-09 11:00:00,202.82
2025-03-09 12:00:00,230.17
2025-03-09 13:00:00,198.42
2025-03-09 14:00:00,180.28
2025-03-09 15:00:00,162.38
2025-03-09 16:00:00,117.46
2025-03-09 17:00:00,59.06
2025-03-09 18:00:00,0.0
2025-03-09 19:00:00,0.0
2025-03-09 20:00:00,0.0
2025-03-09 21:00:00,0.0
2025-03-09 22:00:00,0.0
2025-03-09 23:00:00,0.0
2025-03-10 00:00:00,0.0
2025-03-10 01:00:00,0.0
2025-03-10 02:00:00,0.0
2025-03-10 03:00:00,0.0
2025-03-10 04:00:00,0.0
2025-03-10 05:00:00,0.0
2025-03-10 06:00:00,15.93
2025-03-10 07:00:00,95.44
2025-03-10 08:00:00,165.56
2025-03-10 09:00:00,219.68
2025-03-10 10:00:00,238.1
2025-03-10 11:00:00,312.96
2025-03-10 12:00:00,303.93
2025-03-10 13:00:00,264.97
2025-03-10 14:00:00,240.06
2025-03-10 15:00:00,211.05
2025-03-10 16:00:00,122.37
2025-03-10 17:00:00,61.88
2025-03-10 18:00:00,0.0
2025-03-10 19:00:00,0.0
2025-03-10 20:00:00,0.0
2025-03-10 21:00:00,0.0
2025-03-10 22:00:00,0.0
2025-03-10 23:00:00,0.0
2025-03-11 00:00:00,0.0
2025-03-11 01:00:00,0.0
2025-03-11 02:00:00,0.0
2025-03-11 03:00:00,0.0
2025-03-11 04:00:00,0.0
2025-03-11 05:00:00,0.0
2025-03-11 06:00:00,16.88
2025-03-11 07:00:00,112.41
2025-03-11 08:00:00,183.52
2025-03-11 09:00:00,218.45
2025-03-11 10:00:00,236.88
2025-03-11 11:00:00,332.68
2025-03-11 12:00:00,278.06
2025-03-11 13:00:00,272.38
2025-03-11 14:00:00,247.06
2025-03-11 15:00:00,217.64
2025-03-11 16:00:00,125.81
2025-03-11 17:00:00,61.79
2025-03-11 18:00:00,0.0
2025-03-11 19:00:00,0.0
2025-03-11 20:00:00,0.0
2025-03-11 21:00:00,0.0
2025-03-11 22:00:00,0.0
2025-03-11 23:00:00,0.0
2025-03-12 00:00:00,0.0
2025-03-12 01:00:00,0.0
2025-03-12 02:00:00,0.0
2025-03-12 03:00:00,0.0
2025-03-12 04:00:00,0.0
2025-03-12 05:00:00,0.0
2025-03-12 06:00:00,20.8
2025-03-12 07:00:00,102.2
2025-03-12 08:00:00,199.26
2025-03-12 09:00:00,223.53
2025-03-12 10:00:00,249.54
2025-03-12 11:00:00,324.22
2025-03-12 12:00:00,277.02
2025-03-12 13:00:00,265.21
2025-03-12 14:00:00,231.41
2025-03-12 15:00:00,188.61
2025-03-12 16:00:00,137.44
2025-03-12 17:00:00,59.75
2025-03-12 18:00:00,0.0
2025-03-12 19:00:00,0.0
2025-03-12 20:00:00,0.0
2025-03-12 21:00:00,0.0
2025-03-12 22:00:00,0.0
2025-03-12 23:00:00,0.0
2025-03-13 00:00:00,0.0
2025-03-13 01:00:00,0.0
2025-03-13 02:00:00,0.0
2025-03-13 03:00:00,0.0
2025-03-13 04:00:00,0.0
2025-03-13 05:00:00,0.0
2025-03-13 06:00:00,22.16
2025-03-13 07:00:00,100.93
2025-03-13 08:00:00,191.92
2025-03-13 09:00:00,242.44
2025-03-13 10:00:00,252.08
2025-03-13 11:00:00,306.34
2025-03-13 12:00:00,251.24
2025-03-13 13:00:00,279.18
2025-03-13 14:00:00,252.22
2025-03-13 15:00:00,202.75
2025-03-13 16:00:00,136.88
2025-03-13 17:00:00,55.78
2025-03-13 18:00:00,0.0
2025-03-13 19:00:00,0.0
2025-03-13 20:00:00,0.0
2025-03-13 21:00:00,0.0
2025-03-13 22:00:00,0.0
2025-03-13 23:00:00,0.0
2025-03-14 00:00:00,0.0
2025-03-14 01:00:00,0.0
2025-03-14 02:00:00,0.0
2025-03-14 03:00:00,0.0
2025-03-14 04:00:00,0.0
2025-03-14 05:00:00,0.0
2025-03-14 06:00:00,18.8
2025-03-14 07:00:00,114.74
2025-03-14 08:00:00,179.62
2025-03-14 09:00:00,257.11
2025-03-14 10:00:00,270.09
2025-03-14 11:00:00,346.26
2025-03-14 12:00:00,235.12
2025-03-14 13:00:00,255.56
2025-03-14 14:00:00,249.81
2025-03-14 15:00:00,180.35
2025-03-14 16:00:00,135.58
2025-03-14 17:00:00,55.76
2025-03-14 18:00:00,0.0
2025-03-14 19:00:00,0.0
2025-03-14 20:00:00,0.0
2025-03-14 21:00:00,0.0
2025-03-14 22:00:00,0.0
2025-03-14 23:00:00,0.0
2025-03-15 00:00:00,0.0
2025-03-15 01:00:00,0.0
2025-03-15 02:00:00,0.0
2025-03-15 03:00:00,0.0
2025-03-15 04:00:00,0.0
2025-03-15 05:00:00,0.0
2025-03-15 06:00:00,23.77
2025-03-15 07:00:00,122.52
2025-03-15 08:00:00,212.81
2025-03-15 09:00:00,266.86
2025-03-15 10:00:00,312.43
2025-03-15 11:00:00,355.41
2025-03-15 12:00:00,349.73
2025-03-15 13:00:00,264.19
2025-03-15 14:00:00,245.87
2025-03-15 15:00:00,261.41
2025-03-15 16:00:00,149.05
2025-03-15 17:00:00,74.02
2025-03-15 18:00:00,0.0
2025-03-15 19:00:00,0.0
2025-03-15 20:00:00,0.0
2025-03-15 21:00:00,0.0
2025-03-15 22:00:00,0.0
2025-03-15 23:00:00,0.0
2025-03-16 00:00:00,0.0
2025-03-16 01:00:00,0.0
2025-03-16 02:00:00,0.0
2025-03-16 03:00:00,0.0
2025-03-16 04:00:00,0.0
2025-03-16 05:00:00,0.0
2025-03-16 06:00:00,19.32
2025-03-16 07:00:00,109.81
2025-03-16 08:00:00,172.94
2025-03-16 09:00:00,250.01
2025-03-16 10:00:00,248.64
2025-03-16 11:00:00,303.23
2025-03-16 12:00:00,323.34
2025-03-16 13:00:00,294.61
2025-03-16 14:00:00,267.69
2025-03-16 15:00:00,205.98
2025-03-16 16:00:00,124.21
2025-03-16 17:00:00,62.37
2025-03-16 18:00:00,0.0
2025-03-16 19:00:00,0.0
2025-03-16 20:00:00,0.0
2025-03-16 21:00:00,0.0
2025-03-16 22:00:00,0.0
2025-03-16 23:00:00,0.0
2025-03-17 00:00:00,0.0
2025-03-17 01:00:00,0.0
2025-03-17 02:00:00,0.0
2025-03-17 03:00:00,0.0
2025-03-17 04:00:00,0.0
2025-03-17 05:00:00,0.0
2025-03-17 06:00:00,22.35
2025-03-17 07:00:00,117.41
2025-03-17 08:00:00,185.21
2025-03-17 09:00:00,203.23
2025-03-17 10:00:00,260.14
2025-03-17 11:00:00,263.13
2025-03-17 12:00:00,294.8
2025-03-17 13:00:00,386.5
2025-03-17 14:00:00,308.8
2025-03-17 15:00:00,229.45
2025-03-17 16:00:00,160.46
2025-03-17 17:00:00,65.08
2025-03-17 18:00:00,0.0
2025-03-17 19:00:00,0.0
2025-03-17 20:00:00,0.0
2025-03-17 21:00:00,0.0
2025-03-17 22:00:00,0.0
2025-03-17 23:00:00,0.0
2025-03-18 00:00:00,0.0
2025-03-18 01:00:00,0.0
2025-03-18 02:00:00,0.0
2025-03-18 03:00:00,0.0
2025-03-18 04:00:00,0.0
2025-03-18 05:00:00,0.0
2025-03-18 06:00:00,23.08
2025-03-18 07:00:00,101.77
2025-03-18 08:00:00,213.07
2025-03-18 09:00:00,207.1
2025-03-18 10:00:00,268.26
2025-03-18 11:00:00,274.54
2025-03-18 12:00:00,254.1
2025-03-18 13:00:00,240.97
2025-03-18 14:00:00,222.6
2025-03-18 15:00:00,184.76
2025-03-18 16:00:00,132.34
2025-03-18 17:00:00,57.71
2025-03-18 18:00:00,0.0
2025-03-18 19:00:00,0.0
2025-03-18 20:00:00,0.0
2025-03-18 21:00:00,0.0
2025-03-18 22:00:00,0.0
2025-03-18 23:00:00,0.0
2025-03-19 00:00:00,0.0
2025-03-19 01:00:00,0.0
2025-03-19 02:00:00,0.0
2025-03-19 03:00:00,0.0
2025-03-19 04:00:00,0.0
2025-03-19 05:00:00,0.0
2025-03-19 06:00:00,25.31
2025-03-19 07:00:00,104.31
2025-03-19 08:00:00,161.63
2025-03-19 09:00:00,185.18
2025-03-19 10:00:00,228.94
2025-03-19 11:00:00,232.74
2025-03-19 12:00:00,262.0
2025-03-19 13:00:00,310.03
2025-03-19 14:00:00,254.53
2025-03-19 15:00:00,196.5
2025-03-19 16:00:00,146.31
2025-03-19 17:00:00,62.39
2025-03-19 18:00:00,0.0
2025-03-19 19:00:00,0.0
2025-03-19 20:00:00,0.0
2025-03-19 21:00:00,0.0
2025-03-19 22:00:00,0.0
2025-03-19 23:00:00,0.0
2025-03-20 00:00:00,0.0
2025-03-20 01:00:00,0.0
2025-03-20 02:00:00,0.0
2025-03-20 03:00:00,0.0
2025-03-20 04:00:00,0.0
2025-03-20 05:00:00,0.0
2025-03-20 06:00:00,28.34
2025-03-20 07:00:00,129.83
2025-03-20 08:00:00,198.75
2025-03-20 09:00:00,273.49
2025-03-20 10:00:00,282.51
2025-03-20 11:00:00,296.85
2025-03-20 12:00:00,323.32
2025-03-20 13:00:00,278.64
2025-03-20 14:00:00,290.0
2025-03-20 15:00:00,244.29
2025-03-20 16:00:00,161.25
2025-03-20 17:00:00,65.92
2025-03-20 18:00:00,0.0
2025-03-20 19:00:00,0.0
2025-03-20 20:00:00,0.0
2025-03-20 21:00:00,0.0
2025-03-20 22:00:00,0.0
2025-03-20 23:00:00,0.0
2025-03-21 00:00:00,0.0
2025-03-21 01:00:00,0.0
2025-03-21 02:00:00,0.0
2025-03-21 03:00:00,0.0
2025-03-21 04:00:00,0.0
2025-03-21 05:00:00,0.0
2025-03-21 06:00:00,28.16
2025-03-21 07:00:00,122.02
2025-03-21 08:00:00,170.76
2025-03-21 09:00:00,189.07
2025-03-21 10:00:00,220.44
2025-03-21 11:00:00,226.97
2025-03-21 12:00:00,202.55
2025-03-21 13:00:00,214.79
2025-03-21 14:00:00,184.1
2025-03-21 15:00:00,171.97
2025-03-21 16:00:00,121.32
2025-03-21 17:00:00,49.52
2025-03-21 18:00:00,0.0
2025-03-21 19:00:00,0.0
2025-03-21 20:00:00,0.0
2025-03-21 21:00:00,0.0
2025-03-21 22:00:00,0.0
2025-03-21 23:00:00,0.0
2025-03-22 00:00:00,0.0
2025-03-22 01:00:00,0.0
2025-03-22 02:00:00,0.0
2025-03-22 03:00:00,0.0
2025-03-22 04:00:00,0.0
2025-03-22 05:00:00,0.0
2025-03-22 06:00:00,31.99
2025-03-22 07:00:00,96.95
2025-03-22 08:00:00,134.68
2025-03-22 09:00:00,152.87
2025-03-22 10:00:00,208.0
2025-03-22 11:00:00,173.99
2025-03-22 12:00:00,152.99
2025-03-22 13:00:00,166.28
2025-03-22 14:00:00,155.64
2025-03-22 15:00:00,114.64
2025-03-22 16:00:00,97.85
2025-03-22 17:00:00,51.29
2025-03-22 18:00:00,0.0
2025-03-22 19:00:00,0.0
2025-03-22 20:00:00,0.0
2025-03-22 21:00:00,0.0
2025-03-22 22:00:00,0.0
2025-03-22 23:00:00,0.0
2025-03-23 00:00:00,0.0
2025-03-23 01:00:00,0.0
2025-03-23 02:00:00,0.0
2025-03-23 03:00:00,0.0
2025-03-23 04:00:00,0.0
2025-03-23 05:00:00,0.0
2025-03-23 06:00:00,29.42
2025-03-23 07:00:00,100.9
2025-03-23 08:00:00,149.26
2025-03-23 09:00:00,167.66
2025-03-23 10:00:00,183.17
2025-03-23 11:00:00,201.02
2025-03-23 12:00:00,227.89
2025-03-23 13:00:00,218.33
2025-03-23 14:00:00,245.14
2025-03-23 15:00:00,213.6
2025-03-23 16:00:00,160.46
2025-03-23 17:00:00,66.75
2025-03-23 18:00:00,0.0
2025-03-23 19:00:00,0.0
2025-03-23 20:00:00,0.0
2025-03-23 21:00:00,0.0
2025-03-23 22:00:00,0.0
2025-03-23 23:00:00,0.0
2025-03-24 00:00:00,0.0
2025-03-24 01:00:00,0.0
2025-03-24 02:00:00,0.0
2025-03-24 03:00:00,0.0
2025-03-24 04:00:00,0.0
2025-03-24 05:00:00,0.0
2025-03-24 06:00:00,28.46
2025-03-24 07:00:00,136.92
2025-03-24 08:00:00,237.44
2025-03-24 09:00:00,292.09
2025-03-24 10:00:00,302.62
2025-03-24 11:00:00,332.33
2025-03-24 12:00:00,298.14
2025-03-24 13:00:00,267.97
2025-03-24 14:00:00,259.75
2025-03-24 15:00:00,232.96
2025-03-24 16:00:00,152.78
2025-03-24 17:00:00,66.5
2025-03-24 18:00:00,0.0
2025-03-24 19:00:00,0.0
2025-03-24 20:00:00,0.0
2025-03-24 21:00:00,0.0
2025-03-24 22:00:00,0.0
2025-03-24 23:00:00,0.0
2025-03-25 00:00:00,0.0
2025-03-25 01:00:00,0.0
2025-03-25 02:00:00,0.0
2025-03-25 03:00:00,0.0
2025-03-25 04:00:00,0.0
2025-03-25 05:00:00,0.0
2025-03-25 06:00:00,28.72
2025-03-25 07:00:00,127.69
2025-03-25 08:00:00,196.85
2025-03-25 09:00:00,279.46
2025-03-25 10:00:00,301.63
2025-03-25 11:00:00,345.7
2025-03-25 12:00:00,320.42
2025-03-25 13:00:00,315.0
2025-03-25 14:00:00,304.73
2025-03-25 15:00:00,268.43
2025-03-25 16:00:00,185.78
2025-03-25 17:00:00,73.91
2025-03-25 18:00:00,0.0
2025-03-25 19:00:00,0.0
2025-03-25 20:00:00,0.0
2025-03-25 21:00:00,0.0
2025-03-25 22:00:00,0.0
2025-03-25 23:00:00,0.0
2025-03-26 00:00:00,0.0
2025-03-26 01:00:00,0.0
2025-03-26 02:00:00,0.0
2025-03-26 03:00:00,0.0
2025-03-26 04:00:00,0.0
2025-03-26 05:00:00,0.0
2025-03-26 06:00:00,31.47
2025-03-26 07:00:00,126.14
2025-03-26 08:00:00,222.91
2025-03-26 09:00:00,229.89
2025-03-26 10:00:00,283.81
2025-03-26 11:00:00,285.78
2025-03-26 12:00:00,302.98
2025-03-26 13:00:00,275.28
2025-03-26 14:00:00,240.65
2025-03-26 15:00:00,178.83
2025-03-26 16:00:00,143.13
2025-03-26 17:00:00,56.56
2025-03-26 18:00:00,0.0
2025-03-26 19:00:00,0.0
2025-03-26 20:00:00,0.0
2025-03-26 21:00:00,0.0
2025-03-26 22:00:00,0.0
2025-03-26 23:00:00,0.0
2025-03-27 00:00:00,0.0
2025-03-27 01:00:00,0.0
2025-03-27 02:00:00,0.0
2025-03-27 03:00:00,0.0
2025-03-27 04:00:00,0.0
2025-03-27 05:00:00,0.0
2025-03-27 06:00:00,35.57
2025-03-27 07:00:00,109.67
2025-03-27 08:00:00,211.3
2025-03-27 09:00:00,237.8
2025-03-27 10:00:00,315.38
2025-03-27 11:00:00,320.75
2025-03-27 12:00:00,391.04
2025-03-27 13:00:00,374.02
2025-03-27 14:00:00,271.23
2025-03-27 15:00:00,207.73
2025-03-27 16:00:00,154.93
2025-03-27 17:00:00,59.89
2025-03-27 18:00:00,0.0
2025-03-27 19:00:00,0.0
2025-03-27 20:00:00,0.0
2025-03-27 21:00:00,0.0
2025-03-27 22:00:00,0.0
2025-03-27 23:00:00,0.0
2025-03-28 00:00:00,0.0
2025-03-28 01:00:00,0.0
2025-03-28 02:00:00,0.0
2025-03-28 03:00:00,0.0
2025-03-28 04:00:00,0.0
2025-03-28 05:00:00,0.0
2025-03-28 06:00:00,31.76
2025-03-28 07:00:00,127.21
2025-03-28 08:00:00,202.0
2025-03-28 09:00:00,247.49
2025-03-28 10:00:00,285.31
2025-03-28 11:00:00,287.3
2025-03-28 12:00:00,323.6
2025-03-28 13:00:00,282.04
2025-03-28 14:00:00,280.72
2025-03-28 15:00:00,199.84
2025-03-28 16:00:00,140.52
2025-03-28 17:00:00,72.48
2025-03-28 18:00:00,0.0
2025-03-28 19:00:00,0.0
2025-03-28 20:00:00,0.0
2025-03-28 21:00:00,0.0
2025-03-28 22:00:00,0.0
2025-03-28 23:00:00,0.0
2025-03-29 00:00:00,0.0
2025-03-29 01:00:00,0.0
2025-03-29 02:00:00,0.0
2025-03-29 03:00:00,0.0
2025-03-29 04:00:00,0.0
2025-03-29 05:00:00,0.0
2025-03-29 06:00:00,31.87
2025-03-29 07:00:00,136.55
2025-03-29 08:00:00,209.0
2025-03-29 09:00:00,242.86
2025-03-29 10:00:00,314.81
2025-03-29 11:00:00,356.37
2025-03-29 12:00:00,315.63
2025-03-29 13:00:00,335.43
2025-03-29 14:00:00,326.02
2025-03-29 15:00:00,268.3
2025-03-29 16:00:00,174.69
2025-03-29 17:00:00,80.04
2025-03-29 18:00:00,0.0
2025-03-29 19:00:00,0.0
2025-03-29 20:00:00,0.0
2025-03-29 21:00:00,0.0
2025-03-29 22:00:00,0.0
2025-03-29 23:00:00,0.0
2025-03-30 00:00:00,0.0
2025-03-30 01:00:00,0.0
2025-03-30 02:00:00,0.0
2025-03-30 03:00:00,0.0
2025-03-30 04:00:00,0.0
2025-03-30 05:00:00,0.0
2025-03-30 06:00:00,28.51
2025-03-30 07:00:00,104.36
2025-03-30 08:00:00,204.7
2025-03-30 09:00:00,279.97
2025-03-30 10:00:00,387.99
2025-03-30 11:00:00,359.49
2025-03-30 12:00:00,363.16
2025-03-30 13:00:00,341.39
2025-03-30 14:00:00,259.22
2025-03-30 15:00:00,198.17
2025-03-30 16:00:00,163.82
2025-03-30 17:00:00,58.34
2025-03-30 18:00:00,0.0
2025-03-30 19:00:00,0.0
2025-03-30 20:00:00,0.0
2025-03-30 21:00:00,0.0
2025-03-30 22:00:00,0.0
2025-03-30 23:00:00,0.0
2025-03-31 00:00:00,0.0
2025-03-31 01:00:00,0.0
2025-03-31 02:00:00,0.0
2025-03-31 03:00:00,0.0
2025-03-31 04:00:00,0.0
2025-03-31 05:00:00,0.0
2025-03-31 06:00:00,28.34
2025-03-31 07:00:00,150.94
2025-03-31 08:00:00,260.18
2025-03-31 09:00:00,271.12
2025-03-31 10:00:00,342.19
2025-03-31 11:00:00,422.0
2025-03-31 12:00:00,339.69
2025-03-31 13:00:00,292.68
2025-03-31 14:00:00,279.45
2025-03-31 15:00:00,177.99
2025-03-31 16:00:00,141.71
2025-03-31 17:00:00,54.62
2025-03-31 18:00:00,0.0
2025-03-31 19:00:00,0.0
2025-03-31 20:00:00,0.0
2025-03-31 21:00:00,0.0
2025-03-31 22:00:00,0.0
2025-03-31 23:00:00,0.0
2025-04-01 00:00:00,0.0
2025-04-01 01:00:00,0.0
2025-04-01 02:00:00,0.0
2025-04-01 03:00:00,0.0
2025-04-01 04:00:00,0.0
2025-04-01 05:00:00,0.0
2025-04-01 06:00:00,24.84
2025-04-01 07:00:00,93.98
2025-04-01 08:00:00,140.56
2025-04-01 09:00:00,186.54
2025-04-01 10:00:00,218.04
2025-04-01 11:00:00,237.46
2025-04-01 12:00:00,233.93
2025-04-01 13:00:00,235.23
2025-04-01 14:00:00,194.94
2025-04-01 15:00:00,166.58
2025-04-01 16:00:00,121.26
2025-04-01 17:00:00,51.25
2025-04-01 18:00:00,0.0
2025-04-01 19:00:00,0.0
2025-04-01 20:00:00,0.0
2025-04-01 21:00:00,0.0
2025-04-01 22:00:00,0.0
2025-04-01 23:00:00,0.0
2025-04-02 00:00:00,0.0
2025-04-02 01:00:00,0.0
2025-04-02 02:00:00,0.0
2025-04-02 03:00:00,0.0
2025-04-02 04:00:00,0.0
2025-04-02 05:00:00,0.0
2025-04-02 06:00:00,29.88
2025-04-02 07:00:00,128.82
2025-04-02 08:00:00,211.85
2025-04-02 09:00:00,269.87
2025-04-02 10:00:00,297.15
2025-04-02 11:00:00,393.09
2025-04-02 12:00:00,424.78
2025-04-02 13:00:00,412.92
2025-04-02 14:00:00,364.36
2025-04-02 15:00:00,234.4
2025-04-02 16:00:00,203.14
2025-04-02 17:00:00,73.85
2025-04-02 18:00:00,0.0
2025-04-02 19:00:00,0.0
2025-04-02 20:00:00,0.0
2025-04-02 21:00:00,0.0
2025-04-02 22:00:00,0.0
2025-04-02 23:00:00,0.0
2025-04-03 00:00:00,0.0
2025-04-03 01:00:00,0.0
2025-04-03 02:00:00,0.0
2025-04-03 03:00:00,0.0
2025-04-03 04:00:00,0.0
2025-04-03 05:00:00,0.0
2025-04-03 06:00:00,42.5
2025-04-03 07:00:00,170.42
2025-04-03 08:00:00,212.33
2025-04-03 09:00:00,307.76
2025-04-03 10:00:00,305.43
2025-04-03 11:00:00,320.9
2025-04-03 12:00:00,375.61
2025-04-03 13:00:00,339.1
2025-04-03 14:00:00,291.43
2025-04-03 15:00:00,209.74
2025-04-03 16:00:00,158.32
2025-04-03 17:00:00,54.53
2025-04-03 18:00:00,0.0
2025-04-03 19:00:00,0.0
2025-04-03 20:00:00,0.0
2025-04-03 21:00:00,0.0
2025-04-03 22:00:00,0.0
2025-04-03 23:00:00,0.0
2025-04-04 00:00:00,0.0
2025-04-04 01:00:00,0.0
2025-04-04 02:00:00,0.0
2025-04-04 03:00:00,0.0
2025-04-04 04:00:00,0.0
2025-04-04 05:00:00,0.0
2025-04-04 06:00:00,39.49
2025-04-04 07:00:00,151.92
2025-04-04 08:00:00,211.0
2025-04-04 09:00:00,297.82
2025-04-04 10:00:00,377.58
2025-04-04 11:00:00,301.38
2025-04-04 12:00:00,351.46
2025-04-04 13:00:00,270.22
2025-04-04 14:00:00,246.44
2025-04-04 15:00:00,129.55
2025-04-04 16:00:00,133.32
2025-04-04 17:00:00,52.6
2025-04-04 18:00:00,0.0
2025-04-04 19:00:00,0.0
2025-04-04 20:00:00,0.0
2025-04-04 21:00:00,0.0
2025-04-04 22:00:00,0.0
2025-04-04 23:00:00,0.0
2025-04-05 00:00:00,0.0
2025-04-05 01:00:00,0.0
2025-04-05 02:00:00,0.0
2025-04-05 03:00:00,0.0
2025-04-05 04:00:00,0.0
2025-04-05 05:00:00,0.0
2025-04-05 06:00:00,43.28
2025-04-05 07:00:00,150.07
2025-04-05 08:00:00,189.29
2025-04-05 09:00:00,252.44
2025-04-05 10:00:00,297.78
2025-04-05 11:00:00,310.37
2025-04-05 12:00:00,311.02
2025-04-05 13:00:00,288.44
2025-04-05 14:00:00,277.95
2025-04-05 15:00:00,243.93
2025-04-05 16:00:00,159.32
2025-04-05 17:00:00,66.95
2025-04-05 18:00:00,3.55
2025-04-05 19:00:00,0.0
2025-04-05 20:00:00,0.0
2025-04-05 21:00:00,0.0
2025-04-05 22:00:00,0.0
2025-04-05 23:00:00,0.0
2025-04-06 00:00:00,0.0
2025-04-06 01:00:00,0.0
2025-04-06 02:00:00,0.0
2025-04-06 03:00:00,0.0
2025-04-06 04:00:00,0.0
2025-04-06 05:00:00,0.0
2025-04-06 06:00:00,45.82
2025-04-06 07:00:00,134.17
2025-04-06 08:00:00,183.7
2025-04-06 09:00:00,234.02
2025-04-06 10:00:00,288.18
2025-04-06 11:00:00,275.16
2025-04-06 12:00:00,239.72
2025-04-06 13:00:00,242.28
2025-04-06 14:00:00,185.09
2025-04-06 15:00:00,207.46
2025-04-06 16:00:00,139.28
2025-04-06 17:00:00,69.32
2025-04-06 18:00:00,4.68
2025-04-06 19:00:00,0.0
2025-04-06 20:00:00,0.0
2025-04-06 21:00:00,0.0
2025-04-06 22:00:00,0.0
2025-04-06 23:00:00,0.0
2025-04-07 00:00:00,0.0
2025-04-07 01:00:00,0.0
2025-04-07 02:00:00,0.0
2025-04-07 03:00:00,0.0
2025-04-07 04:00:00,0.0
2025-04-07 05:00:00,0.0
2025-04-07 06:00:00,43.63
2025-04-07 07:00:00,129.66
2025-04-07 08:00:00,157.03
2025-04-07 09:00:00,196.51
2025-04-07 10:00:00,230.52
2025-04-07 11:00:00,199.44
2025-04-07 12:00:00,292.01
2025-04-07 13:00:00,305.75
2025-04-07 14:00:00,272.56
2025-04-07 15:00:00,213.74
2025-04-07 16:00:00,178.02
2025-04-07 17:00:00,72.69
2025-04-07 18:00:00,4.55
2025-04-07 19:00:00,0.0
2025-04-07 20:00:00,0.0
2025-04-07 21:00:00,0.0
2025-04-07 22:00:00,0.0
2025-04-07 23:00:00,0.0
2025-04-08 00:00:00,0.0
2025-04-08 01:00:00,0.0
2025-04-08 02:00:00,0.0
2025-04-08 03:00:00,0.0
2025-04-08 04:00:00,0.0
2025-04-08 05:00:00,0.0
2025-04-08 06:00:00,58.12
2025-04-08 07:00:00,170.82
2025-04-08 08:00:00,222.21
2025-04-08 09:00:00,227.97
2025-04-08 10:00:00,291.22
2025-04-08 11:00:00,260.31
2025-04-08 12:00:00,335.03
2025-04-08 13:00:00,383.51
2025-04-08 14:00:00,265.23
2025-04-08 15:00:00,262.6
2025-04-08 16:00:00,199.36
2025-04-08 17:00:00,82.07
2025-04-08 18:00:00,4.17
2025-04-08 19:00:00,0.0
2025-04-08 20:00:00,0.0
2025-04-08 21:00:00,0.0
2025-04-08 22:00:00,0.0
2025-04-08 23:00:00,0.0
2025-04-09 00:00:00,0.0
2025-04-09 01:00:00,0.0
2025-04-09 02:00:00,0.0
2025-04-09 03:00:00,0.0
2025-04-09 04:00:00,0.0
2025-04-09 05:00:00,0.0
2025-04-09 06:00:00,60.74
2025-04-09 07:00:00,167.53
2025-04-09 08:00:00,266.08
2025-04-09 09:00:00,260.92
2025-04-09 10:00:00,344.06
2025-04-09 11:00:00,279.95
2025-04-09 12:00:00,327.5
2025-04-09 13:00:00,303.21
2025-04-09 14:00:00,273.48
2025-04-09 15:00:00,198.93
2025-04-09 16:00:00,161.74
2025-04-09 17:00:00,81.43
2025-04-09 18:00:00,4.31
2025-04-09 19:00:00,0.0
2025-04-09 20:00:00,0.0
2025-04-09 21:00:00,0.0
2025-04-09 22:00:00,0.0
2025-04-09 23:00:00,0.0
2025-04-10 00:00:00,0.0
2025-04-10 01:00:00,0.0
2025-04-10 02:00:00,0.0
2025-04-10 03:00:00,0.0
2025-04-10 04:00:00,0.0
2025-04-10 05:00:00,0.0
2025-04-10 06:00:00,47.93
2025-04-10 07:00:00,165.73
2025-04-10 08:00:00,206.74
2025-04-10 09:00:00,291.67
2025-04-10 10:00:00,341.55
2025-04-10 11:00:00,380.0
2025-04-10 12:00:00,315.25
2025-04-10 13:00:00,329.08
2025-04-10 14:00:00,272.98
2025-04-10 15:00:00,255.46
2025-04-10 16:00:00,184.28
2025-04-10 17:00:00,67.4
2025-04-10 18:00:00,5.06
2025-04-10 19:00:00,0.0
2025-04-10 20:00:00,0.0
2025-04-10 21:00:00,0.0
2025-04-10 22:00:00,0.0
2025-04-10 23:00:00,0.0
2025-04-11 00:00:00,0.0
2025-04-11 01:00:00,0.0
2025-04-11 02:00:00,0.0
2025-04-11 03:00:00,0.0
2025-04-11 04:00:00,0.0
2025-04-11 05:00:00,0.0
2025-04-11 06:00:00,60.53
2025-04-11 07:00:00,150.57
2025-04-11 08:00:00,200.59
2025-04-11 09:00:00,298.49
2025-04-11 10:00:00,258.17
2025-04-11 11:00:00,290.84
2025-04-11 12:00:00,295.48
2025-04-11 13:00:00,278.4
2025-04-11 14:00:00,289.92
2025-04-11 15:00:00,215.21
2025-04-11 16:00:00,162.24
2025-04-11 17:00:00,78.92
2025-04-11 18:00:00,5.07
2025-04-11 19:00:00,0.0
2025-04-11 20:00:00,0.0
2025-04-11 21:00:00,0.0
2025-04-11 22:00:00,0.0
2025-04-11 23:00:00,0.0
2025-04-12 00:00:00,0.0
2025-04-12 01:00:00,0.0
2025-04-12 02:00:00,0.0
2025-04-12 03:00:00,0.0
2025-04-12 04:00:00,0.0
2025-04-12 05:00:00,0.0
2025-04-12 06:00:00,55.84
2025-04-12 07:00:00,144.61
2025-04-12 08:00:00,234.22
2025-04-12 09:00:00,219.45
2025-04-12 10:00:00,224.0
2025-04-12 11:00:00,261.76
2025-04-12 12:00:00,188.27
2025-04-12 13:00:00,164.16
2025-04-12 14:00:00,154.71
2025-04-12 15:00:00,156.14
2025-04-12 16:00:00,101.83
2025-04-12 17:00:00,58.81
2025-04-12 18:00:00,6.13
2025-04-12 19:00:00,0.0
2025-04-12 20:00:00,0.0
2025-04-12 21:00:00,0.0
2025-04-12 22:00:00,0.0
2025-04-12 23:00:00,0.0
2025-04-13 00:00:00,0.0
2025-04-13 01:00:00,0.0
2025-04-13 02:00:00,0.0
2025-04-13 03:00:00,0.0
2025-04-13 04:00:00,0.0
2025-04-13 05:00:00,0.0
2025-04-13 06:00:00,58.78
2025-04-13 07:00:00,144.29
2025-04-13 08:00:00,189.56
2025-04-13 09:00:00,220.87
2025-04-13 10:00:00,195.01
2025-04-13 11:00:00,231.25
2025-04-13 12:00:00,225.53
2025-04-13 13:00:00,274.55
2025-04-13 14:00:00,236.0
2025-04-13 15:00:00,195.4
2025-04-13 16:00:00,115.19
2025-04-13 17:00:00,64.26
2025-04-13 18:00:00,5.39
2025-04-13 19:00:00,0.0
2025-04-13 20:00:00,0.0
2025-04-13 21:00:00,0.0
2025-04-13 22:00:00,0.0
2025-04-13 23:00:00,0.0
2025-04-14 00:00:00,0.0
2025-04-14 01:00:00,0.0
2025-04-14 02:00:00,0.0
2025-04-14 03:00:00,0.0
2025-04-14 04:00:00,0.0
2025-04-14 05:00:00,0.0
2025-04-14 06:00:00,52.37
2025-04-14 07:00:00,113.55
2025-04-14 08:00:00,160.92
2025-04-14 09:00:00,201.32
2025-04-14 10:00:00,235.21
2025-04-14 11:00:00,244.33
2025-04-14 12:00:00,224.15
2025-04-14 13:00:00,236.56
2025-04-14 14:00:00,207.64
2025-04-14 15:00:00,167.08
2025-04-14 16:00:00,118.39
2025-04-14 17:00:00,65.37
2025-04-14 18:00:00,6.05
2025-04-14 19:00:00,0.0
2025-04-14 20:00:00,0.0
2025-04-14 21:00:00,0.0
2025-04-14 22:00:00,0.0
2025-04-14 23:00:00,0.0
2025-04-15 00:00:00,0.0
2025-04-15 01:00:00,0.0
2025-04-15 02:00:00,0.0
2025-04-15 03:00:00,0.0
2025-04-15 04:00:00,0.0
2025-04-15 05:00:00,0.0
2025-04-15 06:00:00,49.54
2025-04-15 07:00:00,143.17
2025-04-15 08:00:00,194.31
2025-04-15 09:00:00,246.03
2025-04-15 10:00:00,250.3
2025-04-15 11:00:00,293.15
2025-04-15 12:00:00,255.24
2025-04-15 13:00:00,289.96
2025-04-15 14:00:00,214.75
2025-04-15 15:00:00,177.84
2025-04-15 16:00:00,135.74
2025-04-15 17:00:00,65.02
2025-04-15 18:00:00,6.58
2025-04-15 19:00:00,0.0
2025-04-15 20:00:00,0.0
2025-04-15 21:00:00,0.0
2025-04-15 22:00:00,0.0
2025-04-15 23:00:00,0.0
2025-04-16 00:00:00,0.0
2025-04-16 01:00:00,0.0
2025-04-16 02:00:00,0.0
2025-04-16 03:00:00,0.0
2025-04-16 04:00:00,0.0
2025-04-16 05:00:00,0.0
2025-04-16 06:00:00,66.3
2025-04-16 07:00:00,173.1
2025-04-16 08:00:00,209.69
2025-04-16 09:00:00,246.42
2025-04-16 10:00:00,251.0
2025-04-16 11:00:00,294.02
2025-04-16 12:00:00,283.19
2025-04-16 13:00:00,331.24
2025-04-16 14:00:00,263.68
2025-04-16 15:00:00,197.62
2025-04-16 16:00:00,180.27
2025-04-16 17:00:00,64.38
2025-04-16 18:00:00,5.87
2025-04-16 19:00:00,0.0
2025-04-16 20:00:00,0.0
2025-04-16 21:00:00,0.0
2025-04-16 22:00:00,0.0
2025-04-16 23:00:00,0.0
2025-04-17 00:00:00,0.0
2025-04-17 01:00:00,0.0
2025-04-17 02:00:00,0.0
2025-04-17 03:00:00,0.0
2025-04-17 04:00:00,0.0
2025-04-17 05:00:00,0.0
2025-04-17 06:00:00,55.29
2025-04-17 07:00:00,144.93
2025-04-17 08:00:00,182.93
2025-04-17 09:00:00,234.58
2025-04-17 10:00:00,270.18
2025-04-17 11:00:00,284.42
2025-04-17 12:00:00,289.38
2025-04-17 13:00:00,276.36
2025-04-17 14:00:00,288.62
2025-04-17 15:00:00,197.99
2025-04-17 16:00:00,202.17
2025-04-17 17:00:00,79.11
2025-04-17 18:00:00,6.46
2025-04-17 19:00:00,0.0
2025-04-17 20:00:00,0.0
2025-04-17 21:00:00,0.0
2025-04-17 22:00:00,0.0
2025-04-17 23:00:00,0.0
2025-04-18 00:00:00,0.0
2025-04-18 01:00:00,0.0
2025-04-18 02:00:00,0.0
2025-04-18 03:00:00,0.0
2025-04-18 04:00:00,0.0
2025-04-18 05:00:00,0.0
2025-04-18 06:00:00,53.72
2025-04-18 07:00:00,148.93
2025-04-18 08:00:00,240.5
2025-04-18 09:00:00,249.93
2025-04-18 10:00:00,294.87
2025-04-18 11:00:00,309.15
2025-04-18 12:00:00,305.29
2025-04-18 13:00:00,287.85
2025-04-18 14:00:00,239.52
2025-04-18 15:00:00,193.58
2025-04-18 16:00:00,145.49
2025-04-18 17:00:00,72.59
2025-04-18 18:00:00,6.39
2025-04-18 19:00:00,0.0
2025-04-18 20:00:00,0.0
2025-04-18 21:00:00,0.0
2025-04-18 22:00:00,0.0
2025-04-18 23:00:00,0.0
2025-04-19 00:00:00,0.0
2025-04-19 01:00:00,0.0
2025-04-19 02:00:00,0.0
2025-04-19 03:00:00,0.0
2025-04-19 04:00:00,0.0
2025-04-19 05:00:00,0.0
2025-04-19 06:00:00,67.3
2025-04-19 07:00:00,147.01
2025-04-19 08:00:00,244.95
2025-04-19 09:00:00,282.05
2025-04-19 10:00:00,303.52
2025-04-19 11:00:00,310.42
2025-04-19 12:00:00,310.56
2025-04-19 13:00:00,329.76
2025-04-19 14:00:00,250.29
2025-04-19 15:00:00,216.28
2025-04-19 16:00:00,136.74
2025-04-19 17:00:00,65.7
2025-04-19 18:00:00,6.5
2025-04-19 19:00:00,0.0
2025-04-19 20:00:00,0.0
2025-04-19 21:00:00,0.0
2025-04-19 22:00:00,0.0
2025-04-19 23:00:00,0.0
2025-04-20 00:00:00,0.0
2025-04-20 01:00:00,0.0
2025-04-20 02:00:00,0.0
2025-04-20 03:00:00,0.0
2025-04-20 04:00:00,0.0
2025-04-20 05:00:00,0.0
2025-04-20 06:00:00,58.35
2025-04-20 07:00:00,152.27
2025-04-20 08:00:00,253.04
2025-04-20 09:00:00,303.07
2025-04-20 10:00:00,356.95
2025-04-20 11:00:00,352.11
2025-04-20 12:00:00,285.39
2025-04-20 13:00:00,281.86
2025-04-20 14:00:00,238.25
2025-04-20 15:00:00,196.79
2025-04-20 16:00:00,147.73
2025-04-20 17:00:00,71.06
2025-04-20 18:00:00,6.5
2025-04-20 19:00:00,0.0
2025-04-20 20:00:00,0.0
2025-04-20 21:00:00,0.0
2025-04-20 22:00:00,0.0
2025-04-20 23:00:00,0.0
2025-04-21 00:00:00,0.0
2025-04-21 01:00:00,0.0
2025-04-21 02:00:00,0.0
2025-04-21 03:00:00,0.0
2025-04-21 04:00:00,0.0
2025-04-21 05:00:00,0.0
2025-04-21 06:00:00,66.3
2025-04-21 07:00:00,163.01
2025-04-21 08:00:00,220.99
2025-04-21 09:00:00,333.53
2025-04-21 10:00:00,407.2
2025-04-21 11:00:00,404.35
2025-04-21 12:00:00,316.9
2025-04-21 13:00:00,311.16
2025-04-21 14:00:00,248.24
2025-04-21 15:00:00,217.82
2025-04-21 16:00:00,135.76
2025-04-21 17:00:00,68.46
2025-04-21 18:00:00,6.44
2025-04-21 19:00:00,0.0
2025-04-21 20:00:00,0.0
2025-04-21 21:00:00,0.0
2025-04-21 22:00:00,0.0
2025-04-21 23:00:00,0.0
2025-04-22 00:00:00,0.0
2025-04-22 01:00:00,0.0
2025-04-22 02:00:00,0.0
2025-04-22 03:00:00,0.0
2025-04-22 04:00:00,0.0
2025-04-22 05:00:00,0.0
2025-04-22 06:00:00,63.38
2025-04-22 07:00:00,167.19
2025-04-22 08:00:00,219.38
2025-04-22 09:00:00,283.81
2025-04-22 10:00:00,330.3
2025-04-22 11:00:00,297.67
2025-04-22 12:00:00,332.28
2025-04-22 13:00:00,347.08
2025-04-22 14:00:00,290.91
2025-04-22 15:00:00,231.91
2025-04-22 16:00:00,192.06
2025-04-22 17:00:00,77.49
2025-04-22 18:00:00,6.37
2025-04-22 19:00:00,0.0
2025-04-22 20:00:00,0.0
2025-04-22 21:00:00,0.0
2025-04-22 22:00:00,0.0
2025-04-22 23:00:00,0.0
2025-04-23 00:00:00,0.0
2025-04-23 01:00:00,0.0
2025-04-23 02:00:00,0.0
2025-04-23 03:00:00,0.0
2025-04-23 04:00:00,0.0
2025-04-23 05:00:00,0.0
2025-04-23 06:00:00,70.82
2025-04-23 07:00:00,185.05
2025-04-23 08:00:00,311.72
2025-04-23 09:00:00,320.77
2025-04-23 10:00:00,329.47
2025-04-23 11:00:00,340.02
2025-04-23 12:00:00,417.54
2025-04-23 13:00:00,368.14
2025-04-23 14:00:00,288.82
2025-04-23 15:00:00,242.69
2025-04-23 16:00:00,145.12
2025-04-23 17:00:00,74.71
2025-04-23 18:00:00,10.04
2025-04-23 19:00:00,0.0
2025-04-23 20:00:00,0.0
2025-04-23 21:00:00,0.0
2025-04-23 22:00:00,0.0
2025-04-23 23:00:00,0.0
2025-04-24 00:00:00,0.0
2025-04-24 01:00:00,0.0
2025-04-24 02:00:00,0.0
2025-04-24 03:00:00,0.0
2025-04-24 04:00:00,0.0
2025-04-24 05:00:00,0.0
2025-04-24 06:00:00,75.87
2025-04-24 07:00:00,181.84
2025-04-24 08:00:00,243.2
2025-04-24 09:00:00,357.66
2025-04-24 10:00:00,420.83
2025-04-24 11:00:00,340.37
2025-04-24 12:00:00,367.08
2025-04-24 13:00:00,328.89
2025-04-24 14:00:00,283.21
2025-04-24 15:00:00,222.27
2025-04-24 16:00:00,147.61
2025-04-24 17:00:00,73.24
2025-04-24 18:00:00,6.15
2025-04-24 19:00:00,0.0
2025-04-24 20:00:00,0.0
2025-04-24 21:00:00,0.0
2025-04-24 22:00:00,0.0
2025-04-24 23:00:00,0.0
2025-04-25 00:00:00,0.0
2025-04-25 01:00:00,0.0
2025-04-25 02:00:00,0.0
2025-04-25 03:00:00,0.0
2025-04-25 04:00:00,0.0
2025-04-25 05:00:00,0.0
2025-04-25 06:00:00,59.75
2025-04-25 07:00:00,171.72
2025-04-25 08:00:00,297.45
2025-04-25 09:00:00,285.45
2025-04-25 10:00:00,366.53
2025-04-25 11:00:00,364.59
2025-04-25 12:00:00,427.68
2025-04-25 13:00:00,325.73
2025-04-25 14:00:00,277.95
2025-04-25 15:00:00,236.77
2025-04-25 16:00:00,195.16
2025-04-25 17:00:00,77.83
2025-04-25 18:00:00,6.91
2025-04-25 19:00:00,0.0
2025-04-25 20:00:00,0.0
2025-04-25 21:00:00,0.0
2025-04-25 22:00:00,0.0
2025-04-25 23:00:00,0.0
2025-04-26 00:00:00,0.0
2025-04-26 01:00:00,0.0
2025-04-26 02:00:00,0.0
2025-04-26 03:00:00,0.0
2025-04-26 04:00:00,0.0
2025-04-26 05:00:00,0.0
2025-04-26 06:00:00,65.1
2025-04-26 07:00:00,187.16
2025-04-26 08:00:00,262.0
2025-04-26 09:00:00,322.8
2025-04-26 10:00:00,384.78
2025-04-26 11:00:00,417.35
2025-04-26 12:00:00,401.22
2025-04-26 13:00:00,339.67
2025-04-26 14:00:00,317.69
2025-04-26 15:00:00,258.44
2025-04-26 16:00:00,204.67
2025-04-26 17:00:00,90.14
2025-04-26 18:00:00,6.12
2025-04-26 19:00:00,0.0
2025-04-26 20:00:00,0.0
2025-04-26 21:00:00,0.0
2025-04-26 22:00:00,0.0
2025-04-26 23:00:00,0.0
2025-04-27 00:00:00,0.0
2025-04-27 01:00:00,0.0
2025-04-27 02:00:00,0.0
2025-04-27 03:00:00,0.0
2025-04-27 04:00:00,0.0
2025-04-27 05:00:00,0.0
2025-04-27 06:00:00,69.56
2025-04-27 07:00:00,176.82
2025-04-27 08:00:00,246.18
2025-04-27 09:00:00,244.26
2025-04-27 10:00:00,358.52
2025-04-27 11:00:00,274.83
2025-04-27 12:00:00,291.14
2025-04-27 13:00:00,351.39
2025-04-27 14:00:00,266.44
2025-04-27 15:00:00,239.46
2025-04-27 16:00:00,188.39
2025-04-27 17:00:00,78.03
2025-04-27 18:00:00,8.49
2025-04-27 19:00:00,0.0
2025-04-27 20:00:00,0.0
2025-04-27 21:00:00,0.0
2025-04-27 22:00:00,0.0
2025-04-27 23:00:00,0.0
2025-04-28 00:00:00,0.0
2025-04-28 01:00:00,0.0
2025-04-28 02:00:00,0.0
2025-04-28 03:00:00,0.0
2025-04-28 04:00:00,0.0
2025-04-28 05:00:00,0.0
2025-04-28 06:00:00,76.28
2025-04-28 07:00:00,159.56
2025-04-28 08:00:00,239.02
2025-04-28 09:00:00,300.26
2025-04-28 10:00:00,326.28
2025-04-28 11:00:00,256.37
2025-04-28 12:00:00,244.13
2025-04-28 13:00:00,318.27
2025-04-28 14:00:00,236.17
2025-04-28 15:00:00,185.36
2025-04-28 16:00:00,149.01
2025-04-28 17:00:00,68.43
2025-04-28 18:00:00,8.43
2025-04-28 19:00:00,0.0
2025-04-28 20:00:00,0.0
2025-04-28 21:00:00,0.0
2025-04-28 22:00:00,0.0
2025-04-28 23:00:00,0.0
2025-04-29 00:00:00,0.0
2025-04-29 01:00:00,0.0
2025-04-29 02:00:00,0.0
2025-04-29 03:00:00,0.0
2025-04-29 04:00:00,0.0
2025-04-29 05:00:00,0.0
2025-04-29 06:00:00,80.6
2025-04-29 07:00:00,164.92
2025-04-29 08:00:00,233.01
2025-04-29 09:00:00,243.15
2025-04-29 10:00:00,238.56
2025-04-29 11:00:00,294.56
2025-04-29 12:00:00,304.78
2025-04-29 13:00:00,306.85
2025-04-29 14:00:00,244.06
2025-04-29 15:00:00,212.06
2025-04-29 16:00:00,149.56
2025-04-29 17:00:00,71.76
2025-04-29 18:00:00,8.13
2025-04-29 19:00:00,0.0
2025-04-29 20:00:00,0.0
2025-04-29 21:00:00,0.0
2025-04-29 22:00:00,0.0
2025-04-29 23:00:00,0.0
2025-04-30 00:00:00,-999.0
2025-04-30 01:00:00,-999.0
2025-04-30 02:00:00,-999.0
2025-04-30 03:00:00,-999.0
2025-04-30 04:00:00,-999.0
2025-04-30 05:00:00,-999.0
2025-04-30 06:00:00,-999.0
2025-04-30 07:00:00,-999.0
2025-04-30 08:00:00,-999.0
2025-04-30 09:00:00,-999.0
2025-04-30 10:00:00,-999.0
2025-04-30 11:00:00,-999.0
2025-04-30 12:00:00,-999.0
2025-04-30 13:00:00,-999.0
2025-04-30 14:00:00,-999.0
2025-04-30 15:00:00,-999.0
2025-04-30 16:00:00,-999.0
2025-04-30 17:00:00,-999.0
2025-04-30 18:00:00,-999.0
2025-04-30 19:00:00,-999.0
2025-04-30 20:00:00,-999.0
2025-04-30 21:00:00,-999.0
2025-04-30 22:00:00,-999.0
2025-04-30 23:00:00,-999.0
2025-05-01 00:00:00,-999.0
2025-05-01 01:00:00,-999.0
2025-05-01 02:00:00,-999.0
2025-05-01 03:00:00,-999.0
2025-05-01 04:00:00,-999.0
2025-05-01 05:00:00,-999.0
2025-05-01 06:00:00,-999.0
2025-05-01 07:00:00,-999.0
2025-05-01 08:00:00,-999.0
2025-05-01 09:00:00,-999.0
2025-05-01 10:00:00,-999.0
2025-05-01 11:00:00,-999.0
2025-05-01 12:00:00,-999.0
2025-05-01 13:00:00,-999.0
2025-05-01 14:00:00,-999.0
2025-05-01 15:00:00,-999.0
2025-05-01 16:00:00,-999.0
2025-05-01 17:00:00,-999.0
2025-05-01 18:00:00,-999.0
2025-05-01 19:00:00,-999.0
2025-05-01 20:00:00,-999.0
2025-05-01 21:00:00,-999.0
2025-05-01 22:00:00,-999.0
2025-05-01 23:00:00,-999.0
2025-05-02 00:00:00,-999.0
2025-05-02 01:00:00,-999.0
2025-05-02 02:00:00,-999.0
2025-05-02 03:00:00,-999.0
2025-05-02 04:00:00,-999.0
2025-05-02 05:00:00,-999.0
2025-05-02 06:00:00,-999.0
2025-05-02 07:00:00,-999.0
2025-05-02 08:00:00,-999.0
2025-05-02 09:00:00,-999.0
2025-05-02 10:00:00,-999.0
2025-05-02 11:00:00,-999.0
2025-05-02 12:00:00,-999.0
2025-05-02 13:00:00,-999.0
2025-05-02 14:00:00,-999.0
2025-05-02 15:00:00,-999.0
2025-05-02 16:00:00,-999.0
2025-05-02 17:00:00,-999.0
2025-05-02 18:00:00,-999.0
2025-05-02 19:00:00,-999.0
2025-05-02 20:00:00,-999.0
2025-05-02 21:00:00,-999.0
2025-05-02 22:00:00,-999.0
2025-05-02 23:00:00,-999.0
2025-05-03 00:00:00,-999.0
2025-05-03 01:00:00,-999.0
2025-05-03 02:00:00,-999.0
2025-05-03 03:00:00,-999.0
2025-05-03 04:00:00,-999.0
2025-05-03 05:00:00,-999.0
2025-05-03 06:00:00,-999.0
2025-05-03 07:00:00,-999.0
2025-05-03 08:00:00,-999.0
2025-05-03 09:00:00,-999.0
2025-05-03 10:00:00,-999.0
2025-05-03 11:00:00,-999.0
2025-05-03 12:00:00,-999.0
2025-05-03 13:00:00,-999.0
2025-05-03 14:00:00,-999.0
2025-05-03 15:00:00,-999.0
2025-05-03 16:00:00,-999.0
2025-05-03 17:00:00,-999.0
2025-05-03 18:00:00,-999.0
2025-05-03 19:00:00,-999.0
2025-05-03 20:00:00,-999.0
2025-05-03 21:00:00,-999.0
2025-05-03 22:00:00,-999.0
2025-05-03 23:00:00,-999.0
2025-05-04 00:00:00,-999.0
2025-05-04 01:00:00,-999.0
2025-05-04 02:00:00,-999.0
2025-05-04 03:00:00,-999.0
2025-05-04 04:00:00,-999.0
2025-05-04 05:00:00,-999.0
2025-05-04 06:00:00,-999.0
2025-05-04 07:00:00,-999.0
2025-05-04 08:00:00,-999.0
2025-05-04 09:00:00,-999.0
2025-05-04 10:00:00,-999.0
2025-05-04 11:00:00,-999.0
2025-05-04 12:00:00,-999.0
2025-05-04 13:00:00,-999.0
2025-05-04 14:00:00,-999.0
2025-05-04 15:00:00,-999.0
2025-05-04 16:00:00,-999.0
2025-05-04 17:00:00,-999.0
2025-05-04 18:00:00,-999.0
2025-05-04 19:00:00,-999.0
2025-05-04 20:00:00,-999.0
2025-05-04 21:00:00,-999.0
2025-05-04 22:00:00,-999.0
2025-05-04 23:00:00,-999.0
2025-05-05 00:00:00,-999.0
2025-05-05 01:00:00,-999.0
2025-05-05 02:00:00,-999.0
2025-05-05 03:00:00,-999.0
2025-05-05 04:00:00,-999.0
2025-05-05 05:00:00,-999.0
2025-05-05 06:00:00,-999.0
2025-05-05 07:00:00,-999.0
2025-05-05 08:00:00,-999.0
2025-05-05 09:00:00,-999.0
2025-05-05 10:00:00,-999.0
2025-05-05 11:00:00,-999.0
2025-05-05 12:00:00,-999.0
2025-05-05 13:00:00,-999.0
2025-05-05 14:00:00,-999.0
2025-05-05 15:00:00,-999.0
2025-05-05 16:00:00,-999.0
2025-05-05 17:00:00,-999.0
2025-05-05 18:00:00,-999.0
2025-05-05 19:00:00,-999.0
2025-05-05 20:00:00,-999.0
2025-05-05 21:00:00,-999.0
2025-05-05 22:00:00,-999.0
2025-05-05 23:00:00,-999.0
2025-05-06 00:00:00,-999.0
2025-05-06 01:00:00,-999.0
2025-05-06 02:00:00,-999.0
2025-05-06 03:00:00,-999.0
2025-05-06 04:00:00,-999.0
2025-05-06 05:00:00,-999.0
2025-05-06 06:00:00,-999.0
2025-05-06 07:00:00,-999.0
2025-05-06 08:00:00,-999.0
2025-05-06 09:00:00,-999.0
2025-05-06 10:00:00,-999.0
2025-05-06 11:00:00,-999.0
2025-05-06 12:00:00,-999.0
2025-05-06 13:00:00,-999.0
2025-05-06 14:00:00,-999.0
2025-05-06 15:00:00,-999.0
2025-05-06 16:00:00,-999.0
2025-05-06 17:00:00,-999.0
2025-05-06 18:00:00,-999.0
2025-05-06 19:00:00,-999.0
2025-05-06 20:00:00,-999.0
2025-05-06 21:00:00,-999.0
2025-05-06 22:00:00,-999.0
2025-05-06 23:00:00,-999.0
2025-05-07 00:00:00,-999.0
2025-05-07 01:00:00,-999.0
2025-05-07 02:00:00,-999.0
2025-05-07 03:00:00,-999.0
2025-05-07 04:00:00,-999.0
2025-05-07 05:00:00,-999.0
2025-05-07 06:00:00,-999.0
2025-05-07 07:00:00,-999.0
2025-05-07 08:00:00,-999.0
2025-05-07 09:00:00,-999.0
2025-05-07 10:00:00,-999.0
2025-05-07 11:00:00,-999.0
2025-05-07 12:00:00,-999.0
2025-05-07 13:00:00,-999.0
2025-05-07 14:00:00,-999.0
2025-05-07 15:00:00,-999.0
2025-05-07 16:00:00,-999.0
2025-05-07 17:00:00,-999.0
2025-05-07 18:00:00,-999.0
2025-05-07 19:00:00,-999.0
2025-05-07 20:00:00,-999.0
2025-05-07 21:00:00,-999.0
2025-05-07 22:00:00,-999.0
2025-05-07 23:00:00,-999.0
2025-05-08 00:00:00,-999.0
2025-05-08 01:00:00,-999.0
2025-05-08 02:00:00,-999.0
2025-05-08 03:00:00,-999.0
2025-05-08 04:00:00,-999.0
2025-05-08 05:00:00,-999.0
2025-05-08 06:00:00,-999.0
2025-05-08 07:00:00,-999.0
2025-05-08 08:00:00,-999.0
2025-05-08 09:00:00,-999.0
2025-05-08 10:00:00,-999.0
2025-05-08 11:00:00,-999.0
2025-05-08 12:00:00,-999.0
2025-05-08 13:00:00,-999.0
2025-05-08 14:00:00,-999.0
2025-05-08 15:00:00,-999.0
2025-05-08 16:00:00,-999.0
2025-05-08 17:00:00,-999.0
2025-05-08 18:00:00,-999.0
2025-05-08 19:00:00,-999.0
2025-05-08 20:00:00,-999.0
2025-05-08 21:00:00,-999.0
2025-05-08 22:00:00,-999.0
2025-05-08 23:00:00,-999.0
2025-05-09 00:00:00,-999.0
2025-05-09 01:00:00,-999.0
2025-05-09 02:00:00,-999.0
2025-05-09 03:00:00,-999.0
2025-05-09 04:00:00,-999.0
2025-05-09 05:00:00,-999.0
2025-05-09 06:00:00,-999.0
2025-05-09 07:00:00,-999.0
2025-05-09 08:00:00,-999.0
2025-05-09 09:00:00,-999.0
2025-05-09 10:00:00,-999.0
2025-05-09 11:00:00,-999.0
2025-05-09 12:00:00,-999.0
2025-05-09 13:00:00,-999.0
2025-05-09 14:00:00,-999.0
2025-05-09 15:00:00,-999.0
2025-05-09 16:00:00,-999.0
2025-05-09 17:00:00,-999.0
2025-05-09 18:00:00,-999.0
2025-05-09 19:00:00,-999.0
2025-05-09 20:00:00,-999.0
2025-05-09 21:00:00,-999.0
2025-05-09 22:00:00,-999.0
2025-05-09 23:00:00,-999.0
2025-05-10 00:00:00,-999.0
2025-05-10 01:00:00,-999.0
2025-05-10 02:00:00,-999.0
2025-05-10 03:00:00,-999.0
2025-05-10 04:00:00,-999.0
2025-05-10 05:00:00,-999.0
2025-05-10 06:00:00,-999.0
2025-05-10 07:00:00,-999.0
2025-05-10 08:00:00,-999.0
2025-05-10 09:00:00,-999.0
2025-05-10 10:00:00,-999.0
2025-05-10 11:00:00,-999.0
2025-05-10 12:00:00,-999.0
2025-05-10 13:00:00,-999.0
2025-05-10 14:00:00,-999.0
2025-05-10 15:00:00,-999.0
2025-05-10 16:00:00,-999.0
2025-05-10 17:00:00,-999.0
2025-05-10 18:00:00,-999.0
2025-05-10 19:00:00,-999.0
2025-05-10 20:00:00,-999.0
2025-05-10 21:00:00,-999.0
2025-05-10 22:00:00,-999.0
2025-05-10 23:00:00,-999.0
2025-05-11 00:00:00,-999.0
2025-05-11 01:00:00,-999.0
2025-05-11 02:00:00,-999.0
2025-05-11 03:00:00,-999.0
2025-05-11 04:00:00,-999.0
2025-05-11 05:00:00,-999.0
2025-05-11 06:00:00,-999.0
2025-05-11 07:00:00,-999.0
2025-05-11 08:00:00,-999.0
2025-05-11 09:00:00,-999.0
2025-05-11 10:00:00,-999.0
2025-05-11 11:00:00,-999.0
2025-05-11 12:00:00,-999.0
2025-05-11 13:00:00,-999.0
2025-05-11 14:00:00,-999.0
2025-05-11 15:00:00,-999.0
2025-05-11 16:00:00,-999.0
2025-05-11 17:00:00,-999.0
2025-05-11 18:00:00,-999.0
2025-05-11 19:00:00,-999.0
2025-05-11 20:00:00,-999.0
2025-05-11 21:00:00,-999.0
2025-05-11 22:00:00,-999.0
2025-05-11 23:00:00,-999.0
2025-05-12 00:00:00,-999.0
2025-05-12 01:00:00,-999.0
2025-05-12 02:00:00,-999.0
2025-05-12 03:00:00,-999.0
2025-05-12 04:00:00,-999.0
2025-05-12 05:00:00,-999.0
2025-05-12 06:00:00,-999.0
2025-05-12 07:00:00,-999.0
2025-05-12 08:00:00,-999.0
2025-05-12 09:00:00,-999.0
2025-05-12 10:00:00,-999.0
2025-05-12 11:00:00,-999.0
2025-05-12 12:00:00,-999.0
2025-05-12 13:00:00,-999.0
2025-05-12 14:00:00,-999.0
2025-05-12 15:00:00,-999.0
2025-05-12 16:00:00,-999.0
2025-05-12 17:00:00,-999.0
2025-05-12 18:00:00,-999.0
2025-05-12 19:00:00,-999.0
2025-05-12 20:00:00,-999.0
2025-05-12 21:00:00,-999.0
2025-05-12 22:00:00,-999.0
2025-05-12 23:00:00,-999.0
2025-05-13 00:00:00,-999.0
2025-05-13 01:00:00,-999.0
2025-05-13 02:00:00,-999.0
2025-05-13 03:00:00,-999.0
2025-05-13 04:00:00,-999.0
2025-05-13 05:00:00,-999.0
2025-05-13 06:00:00,-999.0
2025-05-13 07:00:00,-999.0
2025-05-13 08:00:00,-999.0
2025-05-13 09:00:00,-999.0
2025-05-13 10:00:00,-999.0
2025-05-13 11:00:00,-999.0
2025-05-13 12:00:00,-999.0
2025-05-13 13:00:00,-999.0
2025-05-13 14:00:00,-999.0
2025-05-13 15:00:00,-999.0
2025-05-13 16:00:00,-999.0
2025-05-13 17:00:00,-999.0
2025-05-13 18:00:00,-999.0
2025-05-13 19:00:00,-999.0
2025-05-13 20:00:00,-999.0
2025-05-13 21:00:00,-999.0
2025-05-13 22:00:00,-999.0
2025-05-13 23:00:00,-999.0
2025-05-14 00:00:00,-999.0
2025-05-14 01:00:00,-999.0
2025-05-14 02:00:00,-999.0
2025-05-14 03:00:00,-999.0
2025-05-14 04:00:00,-999.0
2025-05-14 05:00:00,-999.0
2025-05-14 06:00:00,-999.0
2025-05-14 07:00:00,-999.0
2025-05-14 08:00:00,-999.0
2025-05-14 09:00:00,-999.0
2025-05-14 10:00:00,-999.0
2025-05-14 11:00:00,-999.0
2025-05-14 12:00:00,-999.0
2025-05-14 13:00:00,-999.0
2025-05-14 14:00:00,-999.0
2025-05-14 15:00:00,-999.0
2025-05-14 16:00:00,-999.0
2025-05-14 17:00:00,-999.0
2025-05-14 18:00:00,-999.0
2025-05-14 19:00:00,-999.0
2025-05-14 20:00:00,-999.0
2025-05-14 21:00:00,-999.0
2025-05-14 22:00:00,-999.0
2025-05-14 23:00:00,-999.0
2025-05-15 00:00:00,-999.0
2025-05-15 01:00:00,-999.0
2025-05-15 02:00:00,-999.0
2025-05-15 03:00:00,-999.0
2025-05-15 04:00:00,-999.0
2025-05-15 05:00:00,-999.0
2025-05-15 06:00:00,-999.0
2025-05-15 07:00:00,-999.0
2025-05-15 08:00:00,-999.0
2025-05-15 09:00:00,-999.0
2025-05-15 10:00:00,-999.0
2025-05-15 11:00:00,-999.0
2025-05-15 12:00:00,-999.0
2025-05-15 13:00:00,-999.0
2025-05-15 14:00:00,-999.0
2025-05-15 15:00:00,-999.0
2025-05-15 16:00:00,-999.0
2025-05-15 17:00:00,-999.0
2025-05-15 18:00:00,-999.0
2025-05-15 19:00:00,-999.0
2025-05-15 20:00:00,-999.0
2025-05-15 21:00:00,-999.0
2025-05-15 22:00:00,-999.0
2025-05-15 23:00:00,-999.0
2025-05-16 00:00:00,-999.0
2025-05-16 01:00:00,-999.0
2025-05-16 02:00:00,-999.0
2025-05-16 03:00:00,-999.0
2025-05-16 04:00:00,-999.0
2025-05-16 05:00:00,-999.0
2025-05-16 06:00:00,-999.0
2025-05-16 07:00:00,-999.0
2025-05-16 08:00:00,-999.0
2025-05-16 09:00:00,-999.0
2025-05-16 10:00:00,-999.0
2025-05-16 11:00:00,-999.0
2025-05-16 12:00:00,-999.0
2025-05-16 13:00:00,-999.0
2025-05-16 14:00:00,-999.0
2025-05-16 15:00:00,-999.0
2025-05-16 16:00:00,-999.0
2025-05-16 17:00:00,-999.0
2025-05-16 18:00:00,-999.0
2025-05-16 19:00:00,-999.0
2025-05-16 20:00:00,-999.0
2025-05-16 21:00:00,-999.0
2025-05-16 22:00:00,-999.0
2025-05-16 23:00:00,-999.0
2025-05-17 00:00:00,-999.0
2025-05-17 01:00:00,-999.0
2025-05-17 02:00:00,-999.0
2025-05-17 03:00:00,-999.0
2025-05-17 04:00:00,-999.0
2025-05-17 05:00:00,-999.0
2025-05-17 06:00:00,-999.0
2025-05-17 07:00:00,-999.0
2025-05-17 08:00:00,-999.0
2025-05-17 09:00:00,-999.0
2025-05-17 10:00:00,-999.0
2025-05-17 11:00:00,-999.0
2025-05-17 12:00:00,-999.0
2025-05-17 13:00:00,-999.0
2025-05-17 14:00:00,-999.0
2025-05-17 15:00:00,-999.0
2025-05-17 16:00:00,-999.0
2025-05-17 17:00:00,-999.0
2025-05-17 18:00:00,-999.0
2025-05-17 19:00:00,-999.0
2025-05-17 20:00:00,-999.0
2025-05-17 21:00:00,-999.0
2025-05-17 22:00:00,-999.0
2025-05-17 23:00:00,-999.0
2025-05-18 00:00:00,-999.0
2025-05-18 01:00:00,-999.0
2025-05-18 02:00:00,-999.0
2025-05-18 03:00:00,-999.0
2025-05-18 04:00:00,-999.0
2025-05-18 05:00:00,-999.0
2025-05-18 06:00:00,-999.0
2025-05-18 07:00:00,-999.0
2025-05-18 08:00:00,-999.0
2025-05-18 09:00:00,-999.0
2025-05-18 10:00:00,-999.0
2025-05-18 11:00:00,-999.0
2025-05-18 12:00:00,-999.0
2025-05-18 13:00:00,-999.0
2025-05-18 14:00:00,-999.0
2025-05-18 15:00:00,-999.0
2025-05-18 16:00:00,-999.0
2025-05-18 17:00:00,-999.0
2025-05-18 18:00:00,-999.0
2025-05-18 19:00:00,-999.0
2025-05-18 20:00:00,-999.0
2025-05-18 21:00:00,-999.0
2025-05-18 22:00:00,-999.0
2025-05-18 23:00:00,-999.0
2025-05-19 00:00:00,-999.0
2025-05-19 01:00:00,-999.0
2025-05-19 02:00:00,-999.0
2025-05-19 03:00:00,-999.0
2025-05-19 04:00:00,-999.0
2025-05-19 05:00:00,-999.0
2025-05-19 06:00:00,-999.0
2025-05-19 07:00:00,-999.0
2025-05-19 08:00:00,-999.0
2025-05-19 09:00:00,-999.0
2025-05-19 10:00:00,-999.0
2025-05-19 11:00:00,-999.0
2025-05-19 12:00:00,-999.0
2025-05-19 13:00:00,-999.0
2025-05-19 14:00:00,-999.0
2025-05-19 15:00:00,-999.0
2025-05-19 16:00:00,-999.0
2025-05-19 17:00:00,-999.0
2025-05-19 18:00:00,-999.0
2025-05-19 19:00:00,-999.0
2025-05-19 20:00:00,-999.0
2025-05-19 21:00:00,-999.0
2025-05-19 22:00:00,-999.0
2025-05-19 23:00:00,-999.0
2025-05-20 00:00:00,-999.0
2025-05-20 01:00:00,-999.0
2025-05-20 02:00:00,-999.0
2025-05-20 03:00:00,-999.0
2025-05-20 04:00:00,-999.0
2025-05-20 05:00:00,-999.0
2025-05-20 06:00:00,-999.0
2025-05-20 07:00:00,-999.0
2025-05-20 08:00:00,-999.0
2025-05-20 09:00:00,-999.0
2025-05-20 10:00:00,-999.0
2025-05-20 11:00:00,-999.0
2025-05-20 12:00:00,-999.0
2025-05-20 13:00:00,-999.0
2025-05-20 14:00:00,-999.0
2025-05-20 15:00:00,-999.0
2025-05-20 16:00:00,-999.0
2025-05-20 17:00:00,-999.0
2025-05-20 18:00:00,-999.0
2025-05-20 19:00:00,-999.0
2025-05-20 20:00:00,-999.0
2025-05-20 21:00:00,-999.0
2025-05-20 22:00:00,-999.0
2025-05-20 23:00:00,-999.0
2025-05-21 00:00:00,-999.0
2025-05-21 01:00:00,-999.0
2025-05-21 02:00:00,-999.0
2025-05-21 03:00:00,-999.0
2025-05-21 04:00:00,-999.0
2025-05-21 05:00:00,-999.0
2025-05-21 06:00:00,-999.0
2025-05-21 07:00:00,-999.0
2025-05-21 08:00:00,-999.0
2025-05-21 09:00:00,-999.0
2025-05-21 10:00:00,-999.0
2025-05-21 11:00:00,-999.0
2025-05-21 12:00:00,-999.0
2025-05-21 13:00:00,-999.0
2025-05-21 14:00:00,-999.0
2025-05-21 15:00:00,-999.0
2025-05-21 16:00:00,-999.0
2025-05-21 17:00:00,-999.0
2025-05-21 18:00:00,-999.0
2025-05-21 19:00:00,-999.0
2025-05-21 20:00:00,-999.0
2025-05-21 21:00:00,-999.0
2025-05-21 22:00:00,-999.0
2025-05-21 23:00:00,-999.0
2025-05-22 00:00:00,-999.0
2025-05-22 01:00:00,-999.0
2025-05-22 02:00:00,-999.0
2025-05-22 03:00:00,-999.0
2025-05-22 04:00:00,-999.0
2025-05-22 05:00:00,-999.0
2025-05-22 06:00:00,-999.0
2025-05-22 07:00:00,-999.0
2025-05-22 08:00:00,-999.0
2025-05-22 09:00:00,-999.0
2025-05-22 10:00:00,-999.0
2025-05-22 11:00:00,-999.0
2025-05-22 12:00:00,-999.0
2025-05-22 13:00:00,-999.0
2025-05-22 14:00:00,-999.0
2025-05-22 15:00:00,-999.0
2025-05-22 16:00:00,-999.0
2025-05-22 17:00:00,-999.0
2025-05-22 18:00:00,-999.0
2025-05-22 19:00:00,-999.0
2025-05-22 20:00:00,-999.0
2025-05-22 21:00:00,-999.0
2025-05-22 22:00:00,-999.0
2025-05-22 23:00:00,-999.0
2025-05-23 00:00:00,-999.0
2025-05-23 01:00:00,-999.0
2025-05-23 02:00:00,-999.0
2025-05-23 03:00:00,-999.0
2025-05-23 04:00:00,-999.0
2025-05-23 05:00:00,-999.0
2025-05-23 06:00:00,-999.0
2025-05-23 07:00:00,-999.0
2025-05-23 08:00:00,-999.0
2025-05-23 09:00:00,-999.0
2025-05-23 10:00:00,-999.0
2025-05-23 11:00:00,-999.0
2025-05-23 12:00:00,-999.0
2025-05-23 13:00:00,-999.0
2025-05-23 14:00:00,-999.0
2025-05-23 15:00:00,-999.0
2025-05-23 16:00:00,-999.0
2025-05-23 17:00:00,-999.0
2025-05-23 18:00:00,-999.0
2025-05-23 19:00:00,-999.0
2025-05-23 20:00:00,-999.0
2025-05-23 21:00:00,-999.0
2025-05-23 22:00:00,-999.0
2025-05-23 23:00:00,-999.0
2025-05-24 00:00:00,-999.0
2025-05-24 01:00:00,-999.0
2025-05-24 02:00:00,-999.0
2025-05-24 03:00:00,-999.0
2025-05-24 04:00:00,-999.0
2025-05-24 05:00:00,-999.0
2025-05-24 06:00:00,-999.0
2025-05-24 07:00:00,-999.0
2025-05-24 08:00:00,-999.0
2025-05-24 09:00:00,-999.0
2025-05-24 10:00:00,-999.0
2025-05-24 11:00:00,-999.0
2025-05-24 12:00:00,-999.0
2025-05-24 13:00:00,-999.0
2025-05-24 14:00:00,-999.0
2025-05-24 15:00:00,-999.0
2025-05-24 16:00:00,-999.0
2025-05-24 17:00:00,-999.0
2025-05-24 18:00:00,-999.0
2025-05-24 19:00:00,-999.0
2025-05-24 20:00:00,-999.0
2025-05-24 21:00:00,-999.0
2025-05-24 22:00:00,-999.0
2025-05-24 23:00:00,-999.0
2025-05-25 00:00:00,-999.0
2025-05-25 01:00:00,-999.0
2025-05-25 02:00:00,-999.0
2025-05-25 03:00:00,-999.0
2025-05-25 04:00:00,-999.0
2025-05-25 05:00:00,-999.0
2025-05-25 06:00:00,-999.0
2025-05-25 07:00:00,-999.0
2025-05-25 08:00:00,-999.0
2025-05-25 09:00:00,-999.0
2025-05-25 10:00:00,-999.0
2025-05-25 11:00:00,-999.0
2025-05-25 12:00:00,-999.0
2025-05-25 13:00:00,-999.0
2025-05-25 14:00:00,-999.0
2025-05-25 15:00:00,-999.0
2025-05-25 16:00:00,-999.0
2025-05-25 17:00:00,-999.0
2025-05-25 18:00:00,-999.0
2025-05-25 19:00:00,-999.0
2025-05-25 20:00:00,-999.0
2025-05-25 21:00:00,-999.0
2025-05-25 22:00:00,-999.0
2025-05-25 23:00:00,-999.0
2025-05-26 00:00:00,-999.0
2025-05-26 01:00:00,-999.0
2025-05-26 02:00:00,-999.0
2025-05-26 03:00:00,-999.0
2025-05-26 04:00:00,-999.0
2025-05-26 05:00:00,-999.0
2025-05-26 06:00:00,-999.0
2025-05-26 07:00:00,-999.0
2025-05-26 08:00:00,-999.0
2025-05-26 09:00:00,-999.0
2025-05-26 10:00:00,-999.0
2025-05-26 11:00:00,-999.0
2025-05-26 12:00:00,-999.0
2025-05-26 13:00:00,-999.0
2025-05-26 14:00:00,-999.0
2025-05-26 15:00:00,-999.0
2025-05-26 16:00:00,-999.0
2025-05-26 17:00:00,-999.0
2025-05-26 18:00:00,-999.0
2025-05-26 19:00:00,-999.0
2025-05-26 20:00:00,-999.0
2025-05-26 21:00:00,-999.0
2025-05-26 22:00:00,-999.0
2025-05-26 23:00:00,-999.0
2025-05-27 00:00:00,-999.0
2025-05-27 01:00:00,-999.0
2025-05-27 02:00:00,-999.0
2025-05-27 03:00:00,-999.0
2025-05-27 04:00:00,-999.0
2025-05-27 05:00:00,-999.0
2025-05-27 06:00:00,-999.0
2025-05-27 07:00:00,-999.0
2025-05-27 08:00:00,-999.0
2025-05-27 09:00:00,-999.0
2025-05-27 10:00:00,-999.0
2025-05-27 11:00:00,-999.0
2025-05-27 12:00:00,-999.0
2025-05-27 13:00:00,-999.0
2025-05-27 14:00:00,-999.0
2025-05-27 15:00:00,-999.0
2025-05-27 16:00:00,-999.0
2025-05-27 17:00:00,-999.0
2025-05-27 18:00:00,-999.0
2025-05-27 19:00:00,-999.0
2025-05-27 20:00:00,-999.0
2025-05-27 21:00:00,-999.0
2025-05-27 22:00:00,-999.0
2025-05-27 23:00:00,-999.0
2025-05-28 00:00:00,-999.0
2025-05-28 01:00:00,-999.0
2025-05-28 02:00:00,-999.0
2025-05-28 03:00:00,-999.0
2025-05-28 04:00:00,-999.0
2025-05-28 05:00:00,-999.0
2025-05-28 06:00:00,-999.0
2025-05-28 07:00:00,-999.0
2025-05-28 08:00:00,-999.0
2025-05-28 09:00:00,-999.0
2025-05-28 10:00:00,-999.0
2025-05-28 11:00:00,-999.0
2025-05-28 12:00:00,-999.0
2025-05-28 13:00:00,-999.0
2025-05-28 14:00:00,-999.0
2025-05-28 15:00:00,-999.0
2025-05-28 16:00:00,-999.0
2025-05-28 17:00:00,-999.0
2025-05-28 18:00:00,-999.0
2025-05-28 19:00:00,-999.0
2025-05-28 20:00:00,-999.0
2025-05-28 21:00:00,-999.0
2025-05-28 22:00:00,-999.0
2025-05-28 23:00:00,-999.0
2025-05-29 00:00:00,-999.0
2025-05-29 01:00:00,-999.0
2025-05-29 02:00:00,-999.0
2025-05-29 03:00:00,-999.0
2025-05-29 04:00:00,-999.0
2025-05-29 05:00:00,-999.0
2025-05-29 06:00:00,-999.0
2025-05-29 07:00:00,-999.0
2025-05-29 08:00:00,-999.0
2025-05-29 09:00:00,-999.0
2025-05-29 10:00:00,-999.0
2025-05-29 11:00:00,-999.0
2025-05-29 12:00:00,-999.0
2025-05-29 13:00:00,-999.0
2025-05-29 14:00:00,-999.0
2025-05-29 15:00:00,-999.0
2025-05-29 16:00:00,-999.0
2025-05-29 17:00:00,-999.0
2025-05-29 18:00:00,-999.0
2025-05-29 19:00:00,-999.0
2025-05-29 20:00:00,-999.0
2025-05-29 21:00:00,-999.0
2025-05-29 22:00:00,-999.0
2025-05-29 23:00:00,-999.0
2025-05-30 00:00:00,-999.0
2025-05-30 01:00:00,-999.0
2025-05-30 02:00:00,-999.0
2025-05-30 03:00:00,-999.0
2025-05-30 04:00:00,-999.0
2025-05-30 05:00:00,-999.0
2025-05-30 06:00:00,-999.0
2025-05-30 07:00:00,-999.0
2025-05-30 08:00:00,-999.0
2025-05-30 09:00:00,-999.0
2025-05-30 10:00:00,-999.0
2025-05-30 11:00:00,-999.0
2025-05-30 12:00:00,-999.0
2025-05-30 13:00:00,-999.0
2025-05-30 14:00:00,-999.0
2025-05-30 15:00:00,-999.0
2025-05-30 16:00:00,-999.0
2025-05-30 17:00:00,-999.0
2025-05-30 18:00:00,-999.0
2025-05-30 19:00:00,-999.0
2025-05-30 20:00:00,-999.0
2025-05-30 21:00:00,-999.0
2025-05-30 22:00:00,-999.0
2025-05-30 23:00:00,-999.0
2025-05-31 00:00:00,-999.0
2025-05-31 01:00:00,-999.0
2025-05-31 02:00:00,-999.0
2025-05-31 03:00:00,-999.0
2025-05-31 04:00:00,-999.0
2025-05-31 05:00:00,-999.0
2025-05-31 06:00:00,-999.0
2025-05-31 07:00:00,-999.0
2025-05-31 08:00:00,-999.0
2025-05-31 09:00:00,-999.0
2025-05-31 10:00:00,-999.0
2025-05-31 11:00:00,-999.0
2025-05-31 12:00:00,-999.0
2025-05-31 13:00:00,-999.0
2025-05-31 14:00:00,-999.0
2025-05-31 15:00:00,-999.0
2025-05-31 16:00:00,-999.0
2025-05-31 17:00:00,-999.0
2025-05-31 18:00:00,-999.0
2025-05-31 19:00:00,-999.0
2025-05-31 20:00:00,-999.0
2025-05-31 21:00:00,-999.0
2025-05-31 22:00:00,-999.0
2025-05-31 23:00:00,-999.0
2025-06-01 00:00:00,-999.0
2025-06-01 01:00:00,-999.0
2025-06-01 02:00:00,-999.0
2025-06-01 03:00:00,-999.0
2025-06-01 04:00:00,-999.0
2025-06-01 05:00:00,-999.0
2025-06-01 06:00:00,-999.0
2025-06-01 07:00:00,-999.0
2025-06-01 08:00:00,-999.0
2025-06-01 09:00:00,-999.0
2025-06-01 10:00:00,-999.0
2025-06-01 11:00:00,-999.0
2025-06-01 12:00:00,-999.0
2025-06-01 13:00:00,-999.0
2025-06-01 14:00:00,-999.0
2025-06-01 15:00:00,-999.0
2025-06-01 16:00:00,-999.0
2025-06-01 17:00:00,-999.0
2025-06-01 18:00:00,-999.0
2025-06-01 19:00:00,-999.0
2025-06-01 20:00:00,-999.0
2025-06-01 21:00:00,-999.0
2025-06-01 22:00:00,-999.0
2025-06-01 23:00:00,-999.0
2025-06-02 00:00:00,-999.0
2025-06-02 01:00:00,-999.0
2025-06-02 02:00:00,-999.0
2025-06-02 03:00:00,-999.0
2025-06-02 04:00:00,-999.0
2025-06-02 05:00:00,-999.0
2025-06-02 06:00:00,-999.0
2025-06-02 07:00:00,-999.0
2025-06-02 08:00:00,-999.0
2025-06-02 09:00:00,-999.0
2025-06-02 10:00:00,-999.0
2025-06-02 11:00:00,-999.0
2025-06-02 12:00:00,-999.0
2025-06-02 13:00:00,-999.0
2025-06-02 14:00:00,-999.0
2025-06-02 15:00:00,-999.0
2025-06-02 16:00:00,-999.0
2025-06-02 17:00:00,-999.0
2025-06-02 18:00:00,-999.0
2025-06-02 19:00:00,-999.0
2025-06-02 20:00:00,-999.0
2025-06-02 21:00:00,-999.0
2025-06-02 22:00:00,-999.0
2025-06-02 23:00:00,-999.0
2025-06-03 00:00:00,-999.0
2025-06-03 01:00:00,-999.0
2025-06-03 02:00:00,-999.0
2025-06-03 03:00:00,-999.0
2025-06-03 04:00:00,-999.0
2025-06-03 05:00:00,-999.0
2025-06-03 06:00:00,-999.0
2025-06-03 07:00:00,-999.0
2025-06-03 08:00:00,-999.0
2025-06-03 09:00:00,-999.0
2025-06-03 10:00:00,-999.0
2025-06-03 11:00:00,-999.0
2025-06-03 12:00:00,-999.0
2025-06-03 13:00:00,-999.0
2025-06-03 14:00:00,-999.0
2025-06-03 15:00:00,-999.0
2025-06-03 16:00:00,-999.0
2025-06-03 17:00:00,-999.0
2025-06-03 18:00:00,-999.0
2025-06-03 19:00:00,-999.0
2025-06-03 20:00:00,-999.0
2025-06-03 21:00:00,-999.0
2025-06-03 22:00:00,-999.0
2025-06-03 23:00:00,-999.0
2025-06-04 00:00:00,-999.0
2025-06-04 01:00:00,-999.0
2025-06-04 02:00:00,-999.0
2025-06-04 03:00:00,-999.0
2025-06-04 04:00:00,-999.0
2025-06-04 05:00:00,-999.0
2025-06-04 06:00:00,-999.0
2025-06-04 07:00:00,-999.0
2025-06-04 08:00:00,-999.0
2025-06-04 09:00:00,-999.0
2025-06-04 10:00:00,-999.0
2025-06-04 11:00:00,-999.0
2025-06-04 12:00:00,-999.0
2025-06-04 13:00:00,-999.0
2025-06-04 14:00:00,-999.0
2025-06-04 15:00:00,-999.0
2025-06-04 16:00:00,-999.0
2025-06-04 17:00:00,-999.0
2025-06-04 18:00:00,-999.0
2025-06-04 19:00:00,-999.0
2025-06-04 20:00:00,-999.0
2025-06-04 21:00:00,-999.0
2025-06-04 22:00:00,-999.0
2025-06-04 23:00:00,-999.0
2025-06-05 00:00:00,-999.0
2025-06-05 01:00:00,-999.0
2025-06-05 02:00:00,-999.0
2025-06-05 03:00:00,-999.0
2025-06-05 04:00:00,-999.0
2025-06-05 05:00:00,-999.0
2025-06-05 06:00:00,-999.0
2025-06-05 07:00:00,-999.0
2025-06-05 08:00:00,-999.0
2025-06-05 09:00:00,-999.0
2025-06-05 10:00:00,-999.0
2025-06-05 11:00:00,-999.0
2025-06-05 12:00:00,-999.0
2025-06-05 13:00:00,-999.0
2025-06-05 14:00:00,-999.0
2025-06-05 15:00:00,-999.0
2025-06-05 16:00:00,-999.0
2025-06-05 17:00:00,-999.0
2025-06-05 18:00:00,-999.0
2025-06-05 19:00:00,-999.0
2025-06-05 20:00:00,-999.0
2025-06-05 21:00:00,-999.0
2025-06-05 22:00:00,-999.0
2025-06-05 23:00:00,-999.0
2025-06-06 00:00:00,-999.0
2025-06-06 01:00:00,-999.0
2025-06-06 02:00:00,-999.0
2025-06-06 03:00:00,-999.0
2025-06-06 04:00:00,-999.0
2025-06-06 05:00:00,-999.0
2025-06-06 06:00:00,-999.0
2025-06-06 07:00:00,-999.0
2025-06-06 08:00:00,-999.0
2025-06-06 09:00:00,-999.0
2025-06-06 10:00:00,-999.0
2025-06-06 11:00:00,-999.0
2025-06-06 12:00:00,-999.0
2025-06-06 13:00:00,-999.0
2025-06-06 14:00:00,-999.0
2025-06-06 15:00:00,-999.0
2025-06-06 16:00:00,-999.0
2025-06-06 17:00:00,-999.0
2025-06-06 18:00:00,-999.0
2025-06-06 19:00:00,-999.0
2025-06-06 20:00:00,-999.0
2025-06-06 21:00:00,-999.0
2025-06-06 22:00:00,-999.0
2025-06-06 23:00:00,-999.0
2025-06-07 00:00:00,-999.0
2025-06-07 01:00:00,-999.0
2025-06-07 02:00:00,-999.0
2025-06-07 03:00:00,-999.0
2025-06-07 04:00:00,-999.0
2025-06-07 05:00:00,-999.0
2025-06-07 06:00:00,-999.0
2025-06-07 07:00:00,-999.0
2025-06-07 08:00:00,-999.0
2025-06-07 09:00:00,-999.0
2025-06-07 10:00:00,-999.0
2025-06-07 11:00:00,-999.0
2025-06-07 12:00:00,-999.0
2025-06-07 13:00:00,-999.0
2025-06-07 14:00:00,-999.0
2025-06-07 15:00:00,-999.0
2025-06-07 16:00:00,-999.0
2025-06-07 17:00:00,-999.0
2025-06-07 18:00:00,-999.0
2025-06-07 19:00:00,-999.0
2025-06-07 20:00:00,-999.0
2025-06-07 21:00:00,-999.0
2025-06-07 22:00:00,-999.0
2025-06-07 23:00:00,-999.0
2025-06-08 00:00:00,-999.0
2025-06-08 01:00:00,-999.0
2025-06-08 02:00:00,-999.0
2025-06-08 03:00:00,-999.0
2025-06-08 04:00:00,-999.0
2025-06-08 05:00:00,-999.0
2025-06-08 06:00:00,-999.0
2025-06-08 07:00:00,-999.0
2025-06-08 08:00:00,-999.0
2025-06-08 09:00:00,-999.0
2025-06-08 10:00:00,-999.0
2025-06-08 11:00:00,-999.0
2025-06-08 12:00:00,-999.0
2025-06-08 13:00:00,-999.0
2025-06-08 14:00:00,-999.0
2025-06-08 15:00:00,-999.0
2025-06-08 16:00:00,-999.0
2025-06-08 17:00:00,-999.0
2025-06-08 18:00:00,-999.0
2025-06-08 19:00:00,-999.0
2025-06-08 20:00:00,-999.0
2025-06-08 21:00:00,-999.0
2025-06-08 22:00:00,-999.0
2025-06-08 23:00:00,-999.0
2025-06-09 00:00:00,-999.0
2025-06-09 01:00:00,-999.0
2025-06-09 02:00:00,-999.0
2025-06-09 03:00:00,-999.0
2025-06-09 04:00:00,-999.0
2025-06-09 05:00:00,-999.0
2025-06-09 06:00:00,-999.0
2025-06-09 07:00:00,-999.0
2025-06-09 08:00:00,-999.0
2025-06-09 09:00:00,-999.0
2025-06-09 10:00:00,-999.0
2025-06-09 11:00:00,-999.0
2025-06-09 12:00:00,-999.0
2025-06-09 13:00:00,-999.0
2025-06-09 14:00:00,-999.0
2025-06-09 15:00:00,-999.0
2025-06-09 16:00:00,-999.0
2025-06-09 17:00:00,-999.0
2025-06-09 18:00:00,-999.0
2025-06-09 19:00:00,-999.0
2025-06-09 20:00:00,-999.0
2025-06-09 21:00:00,-999.0
2025-06-09 22:00:00,-999.0
2025-06-09 23:00:00,-999.0
2025-06-10 00:00:00,-999.0
2025-06-10 01:00:00,-999.0
2025-06-10 02:00:00,-999.0
2025-06-10 03:00:00,-999.0
2025-06-10 04:00:00,-999.0
2025-06-10 05:00:00,-999.0
2025-06-10 06:00:00,-999.0
2025-06-10 07:00:00,-999.0
2025-06-10 08:00:00,-999.0
2025-06-10 09:00:00,-999.0
2025-06-10 10:00:00,-999.0
2025-06-10 11:00:00,-999.0
2025-06-10 12:00:00,-999.0
2025-06-10 13:00:00,-999.0
2025-06-10 14:00:00,-999.0
2025-06-10 15:00:00,-999.0
2025-06-10 16:00:00,-999.0
2025-06-10 17:00:00,-999.0
2025-06-10 18:00:00,-999.0
2025-06-10 19:00:00,-999.0
2025-06-10 20:00:00,-999.0
2025-06-10 21:00:00,-999.0
2025-06-10 22:00:00,-999.0
2025-06-10 23:00:00,-999.0
2025-06-11 00:00:00,-999.0
2025-06-11 01:00:00,-999.0
2025-06-11 02:00:00,-999.0
2025-06-11 03:00:00,-999.0
2025-06-11 04:00:00,-999.0
2025-06-11 05:00:00,-999.0
2025-06-11 06:00:00,-999.0
2025-06-11 07:00:00,-999.0
2025-06-11 08:00:00,-999.0
2025-06-11 09:00:00,-999.0
2025-06-11 10:00:00,-999.0
2025-06-11 11:00:00,-999.0
2025-06-11 12:00:00,-999.0
2025-06-11 13:00:00,-999.0
2025-06-11 14:00:00,-999.0
2025-06-11 15:00:00,-999.0
2025-06-11 16:00:00,-999.0
2025-06-11 17:00:00,-999.0
2025-06-11 18:00:00,-999.0
2025-06-11 19:00:00,-999.0
2025-06-11 20:00:00,-999.0
2025-06-11 21:00:00,-999.0
2025-06-11 22:00:00,-999.0
2025-06-11 23:00:00,-999.0
2025-06-12 00:00:00,-999.0
2025-06-12 01:00:00,-999.0
2025-06-12 02:00:00,-999.0
2025-06-12 03:00:00,-999.0
2025-06-12 04:00:00,-999.0
2025-06-12 05:00:00,-999.0
2025-06-12 06:00:00,-999.0
2025-06-12 07:00:00,-999.0
2025-06-12 08:00:00,-999.0
2025-06-12 09:00:00,-999.0
2025-06-12 10:00:00,-999.0
2025-06-12 11:00:00,-999.0
2025-06-12 12:00:00,-999.0
2025-06-12 13:00:00,-999.0
2025-06-12 14:00:00,-999.0
2025-06-12 15:00:00,-999.0
2025-06-12 16:00:00,-999.0
2025-06-12 17:00:00,-999.0
2025-06-12 18:00:00,-999.0
2025-06-12 19:00:00,-999.0
2025-06-12 20:00:00,-999.0
2025-06-12 21:00:00,-999.0
2025-06-12 22:00:00,-999.0
2025-06-12 23:00:00,-999.0
2025-06-13 00:00:00,-999.0
2025-06-13 01:00:00,-999.0
2025-06-13 02:00:00,-999.0
2025-06-13 03:00:00,-999.0
2025-06-13 04:00:00,-999.0
2025-06-13 05:00:00,-999.0
2025-06-13 06:00:00,-999.0
2025-06-13 07:00:00,-999.0
2025-06-13 08:00:00,-999.0
2025-06-13 09:00:00,-999.0
2025-06-13 10:00:00,-999.0
2025-06-13 11:00:00,-999.0
2025-06-13 12:00:00,-999.0
2025-06-13 13:00:00,-999.0
2025-06-13 14:00:00,-999.0
2025-06-13 15:00:00,-999.0
2025-06-13 16:00:00,-999.0
2025-06-13 17:00:00,-999.0
2025-06-13 18:00:00,-999.0
2025-06-13 19:00:00,-999.0
2025-06-13 20:00:00,-999.0
2025-06-13 21:00:00,-999.0
2025-06-13 22:00:00,-999.0
2025-06-13 23:00:00,-999.0
2025-06-14 00:00:00,-999.0
2025-06-14 01:00:00,-999.0
2025-06-14 02:00:00,-999.0
2025-06-14 03:00:00,-999.0
2025-06-14 04:00:00,-999.0
2025-06-14 05:00:00,-999.0
2025-06-14 06:00:00,-999.0
2025-06-14 07:00:00,-999.0
2025-06-14 08:00:00,-999.0
2025-06-14 09:00:00,-999.0
2025-06-14 10:00:00,-999.0
2025-06-14 11:00:00,-999.0
2025-06-14 12:00:00,-999.0
2025-06-14 13:00:00,-999.0
2025-06-14 14:00:00,-999.0
2025-06-14 15:00:00,-999.0
2025-06-14 16:00:00,-999.0
2025-06-14 17:00:00,-999.0
2025-06-14 18:00:00,-999.0
2025-06-14 19:00:00,-999.0
2025-06-14 20:00:00,-999.0
2025-06-14 21:00:00,-999.0
2025-06-14 22:00:00,-999.0
2025-06-14 23:00:00,-999.0
2025-06-15 00:00:00,-999.0
2025-06-15 01:00:00,-999.0
2025-06-15 02:00:00,-999.0
2025-06-15 03:00:00,-999.0
2025-06-15 04:00:00,-999.0
2025-06-15 05:00:00,-999.0
2025-06-15 06:00:00,-999.0
2025-06-15 07:00:00,-999.0
2025-06-15 08:00:00,-999.0
2025-06-15 09:00:00,-999.0
2025-06-15 10:00:00,-999.0
2025-06-15 11:00:00,-999.0
2025-06-15 12:00:00,-999.0
2025-06-15 13:00:00,-999.0
2025-06-15 14:00:00,-999.0
2025-06-15 15:00:00,-999.0
2025-06-15 16:00:00,-999.0
2025-06-15 17:00:00,-999.0
2025-06-15 18:00:00,-999.0
2025-06-15 19:00:00,-999.0
2025-06-15 20:00:00,-999.0
2025-06-15 21:00:00,-999.0
2025-06-15 22:00:00,-999.0
2025-06-15 23:00:00,-999.0
2025-06-16 00:00:00,-999.0
2025-06-16 01:00:00,-999.0
2025-06-16 02:00:00,-999.0
2025-06-16 03:00:00,-999.0
2025-06-16 04:00:00,-999.0
2025-06-16 05:00:00,-999.0
2025-06-16 06:00:00,-999.0
2025-06-16 07:00:00,-999.0
2025-06-16 08:00:00,-999.0
2025-06-16 09:00:00,-999.0
2025-06-16 10:00:00,-999.0
2025-06-16 11:00:00,-999.0
2025-06-16 12:00:00,-999.0
2025-06-16 13:00:00,-999.0
2025-06-16 14:00:00,-999.0
2025-06-16 15:00:00,-999.0
2025-06-16 16:00:00,-999.0
2025-06-16 17:00:00,-999.0
2025-06-16 18:00:00,-999.0
2025-06-16 19:00:00,-999.0
2025-06-16 20:00:00,-999.0
2025-06-16 21:00:00,-999.0
2025-06-16 22:00:00,-999.0
2025-06-16 23:00:00,-999.0
2025-06-17 00:00:00,-999.0
2025-06-17 01:00:00,-999.0
2025-06-17 02:00:00,-999.0
2025-06-17 03:00:00,-999.0
2025-06-17 04:00:00,-999.0
2025-06-17 05:00:00,-999.0
2025-06-17 06:00:00,-999.0
2025-06-17 07:00:00,-999.0
2025-06-17 08:00:00,-999.0
2025-06-17 09:00:00,-999.0
2025-06-17 10:00:00,-999.0
2025-06-17 11:00:00,-999.0
2025-06-17 12:00:00,-999.0
2025-06-17 13:00:00,-999.0
2025-06-17 14:00:00,-999.0
2025-06-17 15:00:00,-999.0
2025-06-17 16:00:00,-999.0
2025-06-17 17:00:00,-999.0
2025-06-17 18:00:00,-999.0
2025-06-17 19:00:00,-999.0
2025-06-17 20:00:00,-999.0
2025-06-17 21:00:00,-999.0
2025-06-17 22:00:00,-999.0
2025-06-17 23:00:00,-999.0
2025-06-18 00:00:00,-999.0
2025-06-18 01:00:00,-999.0
2025-06-18 02:00:00,-999.0
2025-06-18 03:00:00,-999.0
2025-06-18 04:00:00,-999.0
2025-06-18 05:00:00,-999.0
2025-06-18 06:00:00,-999.0
2025-06-18 07:00:00,-999.0
2025-06-18 08:00:00,-999.0
2025-06-18 09:00:00,-999.0
2025-06-18 10:00:00,-999.0
2025-06-18 11:00:00,-999.0
2025-06-18 12:00:00,-999.0
2025-06-18 13:00:00,-999.0
2025-06-18 14:00:00,-999.0
2025-06-18 15:00:00,-999.0
2025-06-18 16:00:00,-999.0
2025-06-18 17:00:00,-999.0
2025-06-18 18:00:00,-999.0
2025-06-18 19:00:00,-999.0
2025-06-18 20:00:00,-999.0
2025-06-18 21:00:00,-999.0
2025-06-18 22:00:00,-999.0
2025-06-18 23:00:00,-999.0
2025-06-19 00:00:00,-999.0
2025-06-19 01:00:00,-999.0
2025-06-19 02:00:00,-999.0
2025-06-19 03:00:00,-999.0
2025-06-19 04:00:00,-999.0
2025-06-19 05:00:00,-999.0
2025-06-19 06:00:00,-999.0
2025-06-19 07:00:00,-999.0
2025-06-19 08:00:00,-999.0
2025-06-19 09:00:00,-999.0
2025-06-19 10:00:00,-999.0
2025-06-19 11:00:00,-999.0
2025-06-19 12:00:00,-999.0
2025-06-19 13:00:00,-999.0
2025-06-19 14:00:00,-999.0
2025-06-19 15:00:00,-999.0
2025-06-19 16:00:00,-999.0
2025-06-19 17:00:00,-999.0
2025-06-19 18:00:00,-999.0
2025-06-19 19:00:00,-999.0
2025-06-19 20:00:00,-999.0
2025-06-19 21:00:00,-999.0
2025-06-19 22:00:00,-999.0
2025-06-19 23:00:00,-999.0
2025-06-20 00:00:00,-999.0
2025-06-20 01:00:00,-999.0
2025-06-20 02:00:00,-999.0
2025-06-20 03:00:00,-999.0
2025-06-20 04:00:00,-999.0
2025-06-20 05:00:00,-999.0
2025-06-20 06:00:00,-999.0
2025-06-20 07:00:00,-999.0
2025-06-20 08:00:00,-999.0
2025-06-20 09:00:00,-999.0
2025-06-20 10:00:00,-999.0
2025-06-20 11:00:00,-999.0
2025-06-20 12:00:00,-999.0
2025-06-20 13:00:00,-999.0
2025-06-20 14:00:00,-999.0
2025-06-20 15:00:00,-999.0
2025-06-20 16:00:00,-999.0
2025-06-20 17:00:00,-999.0
2025-06-20 18:00:00,-999.0
2025-06-20 19:00:00,-999.0
2025-06-20 20:00:00,-999.0
2025-06-20 21:00:00,-999.0
2025-06-20 22:00:00,-999.0
2025-06-20 23:00:00,-999.0
2025-06-21 00:00:00,-999.0
2025-06-21 01:00:00,-999.0
2025-06-21 02:00:00,-999.0
2025-06-21 03:00:00,-999.0
2025-06-21 04:00:00,-999.0
2025-06-21 05:00:00,-999.0
2025-06-21 06:00:00,-999.0
2025-06-21 07:00:00,-999.0
2025-06-21 08:00:00,-999.0
2025-06-21 09:00:00,-999.0
2025-06-21 10:00:00,-999.0
2025-06-21 11:00:00,-999.0
2025-06-21 12:00:00,-999.0
2025-06-21 13:00:00,-999.0
2025-06-21 14:00:00,-999.0
2025-06-21 15:00:00,-999.0
2025-06-21 16:00:00,-999.0
2025-06-21 17:00:00,-999.0
2025-06-21 18:00:00,-999.0
2025-06-21 19:00:00,-999.0
2025-06-21 20:00:00,-999.0
2025-06-21 21:00:00,-999.0
2025-06-21 22:00:00,-999.0
2025-06-21 23:00:00,-999.0
2025-06-22 00:00:00,-999.0
2025-06-22 01:00:00,-999.0
2025-06-22 02:00:00,-999.0
2025-06-22 03:00:00,-999.0
2025-06-22 04:00:00,-999.0
2025-06-22 05:00:00,-999.0
2025-06-22 06:00:00,-999.0
2025-06-22 07:00:00,-999.0
2025-06-22 08:00:00,-999.0
2025-06-22 09:00:00,-999.0
2025-06-22 10:00:00,-999.0
2025-06-22 11:00:00,-999.0
2025-06-22 12:00:00,-999.0
2025-06-22 13:00:00,-999.0
2025-06-22 14:00:00,-999.0
2025-06-22 15:00:00,-999.0
2025-06-22 16:00:00,-999.0
2025-06-22 17:00:00,-999.0
2025-06-22 18:00:00,-999.0
2025-06-22 19:00:00,-999.0
2025-06-22 20:00:00,-999.0
2025-06-22 21:00:00,-999.0
2025-06-22 22:00:00,-999.0
2025-06-22 23:00:00,-999.0
2025-06-23 00:00:00,-999.0
2025-06-23 01:00:00,-999.0
2025-06-23 02:00:00,-999.0
2025-06-23 03:00:00,-999.0
2025-06-23 04:00:00,-999.0
2025-06-23 05:00:00,-999.0
2025-06-23 06:00:00,-999.0
2025-06-23 07:00:00,-999.0
2025-06-23 08:00:00,-999.0
2025-06-23 09:00:00,-999.0
2025-06-23 10:00:00,-999.0
2025-06-23 11:00:00,-999.0
2025-06-23 12:00:00,-999.0
2025-06-23 13:00:00,-999.0
2025-06-23 14:00:00,-999.0
2025-06-23 15:00:00,-999.0
2025-06-23 16:00:00,-999.0
2025-06-23 17:00:00,-999.0
2025-06-23 18:00:00,-999.0
2025-06-23 19:00:00,-999.0
2025-06-23 20:00:00,-999.0
2025-06-23 21:00:00,-999.0
2025-06-23 22:00:00,-999.0
2025-06-23 23:00:00,-999.0
2025-06-24 00:00:00,-999.0
2025-06-24 01:00:00,-999.0
2025-06-24 02:00:00,-999.0
2025-06-24 03:00:00,-999.0
2025-06-24 04:00:00,-999.0
2025-06-24 05:00:00,-999.0
2025-06-24 06:00:00,-999.0
2025-06-24 07:00:00,-999.0
2025-06-24 08:00:00,-999.0
2025-06-24 09:00:00,-999.0
2025-06-24 10:00:00,-999.0
2025-06-24 11:00:00,-999.0
2025-06-24 12:00:00,-999.0
2025-06-24 13:00:00,-999.0
2025-06-24 14:00:00,-999.0
2025-06-24 15:00:00,-999.0
2025-06-24 16:00:00,-999.0
2025-06-24 17:00:00,-999.0
2025-06-24 18:00:00,-999.0
2025-06-24 19:00:00,-999.0
2025-06-24 20:00:00,-999.0
2025-06-24 21:00:00,-999.0
2025-06-24 22:00:00,-999.0
2025-06-24 23:00:00,-999.0
2025-06-25 00:00:00,-999.0
2025-06-25 01:00:00,-999.0
2025-06-25 02:00:00,-999.0
2025-06-25 03:00:00,-999.0
2025-06-25 04:00:00,-999.0
2025-06-25 05:00:00,-999.0
2025-06-25 06:00:00,-999.0
2025-06-25 07:00:00,-999.0
2025-06-25 08:00:00,-999.0
2025-06-25 09:00:00,-999.0
2025-06-25 10:00:00,-999.0
2025-06-25 11:00:00,-999.0
2025-06-25 12:00:00,-999.0
2025-06-25 13:00:00,-999.0
2025-06-25 14:00:00,-999.0
2025-06-25 15:00:00,-999.0
2025-06-25 16:00:00,-999.0
2025-06-25 17:00:00,-999.0
2025-06-25 18:00:00,-999.0
2025-06-25 19:00:00,-999.0
2025-06-25 20:00:00,-999.0
2025-06-25 21:00:00,-999.0
2025-06-25 22:00:00,-999.0
2025-06-25 23:00:00,-999.0
2025-06-26 00:00:00,-999.0
2025-06-26 01:00:00,-999.0
2025-06-26 02:00:00,-999.0
2025-06-26 03:00:00,-999.0
2025-06-26 04:00:00,-999.0
2025-06-26 05:00:00,-999.0
2025-06-26 06:00:00,-999.0
2025-06-26 07:00:00,-999.0
2025-06-26 08:00:00,-999.0
2025-06-26 09:00:00,-999.0
2025-06-26 10:00:00,-999.0
2025-06-26 11:00:00,-999.0
2025-06-26 12:00:00,-999.0
2025-06-26 13:00:00,-999.0
2025-06-26 14:00:00,-999.0
2025-06-26 15:00:00,-999.0
2025-06-26 16:00:00,-999.0
2025-06-26 17:00:00,-999.0
2025-06-26 18:00:00,-999.0
2025-06-26 19:00:00,-999.0
2025-06-26 20:00:00,-999.0
2025-06-26 21:00:00,-999.0
2025-06-26 22:00:00,-999.0
2025-06-26 23:00:00,-999.0
2025-06-27 00:00:00,-999.0
2025-06-27 01:00:00,-999.0
2025-06-27 02:00:00,-999.0
2025-06-27 03:00:00,-999.0
2025-06-27 04:00:00,-999.0
2025-06-27 05:00:00,-999.0
2025-06-27 06:00:00,-999.0
2025-06-27 07:00:00,-999.0
2025-06-27 08:00:00,-999.0
2025-06-27 09:00:00,-999.0
2025-06-27 10:00:00,-999.0
2025-06-27 11:00:00,-999.0
2025-06-27 12:00:00,-999.0
2025-06-27 13:00:00,-999.0
2025-06-27 14:00:00,-999.0
2025-06-27 15:00:00,-999.0
2025-06-27 16:00:00,-999.0
2025-06-27 17:00:00,-999.0
2025-06-27 18:00:00,-999.0
2025-06-27 19:00:00,-999.0
2025-06-27 20:00:00,-999.0
2025-06-27 21:00:00,-999.0
2025-06-27 22:00:00,-999.0
2025-06-27 23:00:00,-999.0
2025-06-28 00:00:00,-999.0
2025-06-28 01:00:00,-999.0
2025-06-28 02:00:00,-999.0
2025-06-28 03:00:00,-999.0
2025-06-28 04:00:00,-999.0
2025-06-28 05:00:00,-999.0
2025-06-28 06:00:00,-999.0
2025-06-28 07:00:00,-999.0
2025-06-28 08:00:00,-999.0
2025-06-28 09:00:00,-999.0
2025-06-28 10:00:00,-999.0
2025-06-28 11:00:00,-999.0
2025-06-28 12:00:00,-999.0
2025-06-28 13:00:00,-999.0
2025-06-28 14:00:00,-999.0
2025-06-28 15:00:00,-999.0
2025-06-28 16:00:00,-999.0
2025-06-28 17:00:00,-999.0
2025-06-28 18:00:00,-999.0
2025-06-28 19:00:00,-999.0
2025-06-28 20:00:00,-999.0
2025-06-28 21:00:00,-999.0
2025-06-28 22:00:00,-999.0
2025-06-28 23:00:00,-999.0
2025-06-29 00:00:00,-999.0
2025-06-29 01:00:00,-999.0
2025-06-29 02:00:00,-999.0
2025-06-29 03:00:00,-999.0
2025-06-29 04:00:00,-999.0
2025-06-29 05:00:00,-999.0
2025-06-29 06:00:00,-999.0
2025-06-29 07:00:00,-999.0
2025-06-29 08:00:00,-999.0
2025-06-29 09:00:00,-999.0
2025-06-29 10:00:00,-999.0
2025-06-29 11:00:00,-999.0
2025-06-29 12:00:00,-999.0
2025-06-29 13:00:00,-999.0
2025-06-29 14:00:00,-999.0
2025-06-29 15:00:00,-999.0
2025-06-29 16:00:00,-999.0
2025-06-29 17:00:00,-999.0
2025-06-29 18:00:00,-999.0
2025-06-29 19:00:00,-999.0
2025-06-29 20:00:00,-999.0
2025-06-29 21:00:00,-999.0
2025-06-29 22:00:00,-999.0
2025-06-29 23:00:00,-999.0
2025-06-30 00:00:00,-999.0
2025-06-30 01:00:00,-999.0
2025-06-30 02:00:00,-999.0
2025-06-30 03:00:00,-999.0
2025-06-30 04:00:00,-999.0
2025-06-30 05:00:00,-999.0
2025-06-30 06:00:00,-999.0
2025-06-30 07:00:00,-999.0
2025-06-30 08:00:00,-999.0
2025-06-30 09:00:00,-999.0
2025-06-30 10:00:00,-999.0
2025-06-30 11:00:00,-999.0
2025-06-30 12:00:00,-999.0
2025-06-30 13:00:00,-999.0
2025-06-30 14:00:00,-999.0
2025-06-30 15:00:00,-999.0
2025-06-30 16:00:00,-999.0
2025-06-30 17:00:00,-999.0
2025-06-30 18:00:00,-999.0
2025-06-30 19:00:00,-999.0
2025-06-30 20:00:00,-999.0
2025-06-30 21:00:00,-999.0
2025-06-30 22:00:00,-999.0
2025-06-30 23:00:00,-999.0
2025-07-01 00:00:00,-999.0
2025-07-01 01:00:00,-999.0
2025-07-01 02:00:00,-999.0
2025-07-01 03:00:00,-999.0
2025-07-01 04:00:00,-999.0
2025-07-01 05:00:00,-999.0
2025-07-01 06:00:00,-999.0
2025-07-01 07:00:00,-999.0
2025-07-01 08:00:00,-999.0
2025-07-01 09:00:00,-999.0
2025-07-01 10:00:00,-999.0
2025-07-01 11:00:00,-999.0
2025-07-01 12:00:00,-999.0
2025-07-01 13:00:00,-999.0
2025-07-01 14:00:00,-999.0
2025-07-01 15:00:00,-999.0
2025-07-01 16:00:00,-999.0
2025-07-01 17:00:00,-999.0
2025-07-01 18:00:00,-999.0
2025-07-01 19:00:00,-999.0
2025-07-01 20:00:00,-999.0
2025-07-01 21:00:00,-999.0
2025-07-01 22:00:00,-999.0
2025-07-01 23:00:00,-999.0
2025-07-02 00:00:00,-999.0
2025-07-02 01:00:00,-999.0
2025-07-02 02:00:00,-999.0
2025-07-02 03:00:00,-999.0
2025-07-02 04:00:00,-999.0
2025-07-02 05:00:00,-999.0
2025-07-02 06:00:00,-999.0
2025-07-02 07:00:00,-999.0
2025-07-02 08:00:00,-999.0
2025-07-02 09:00:00,-999.0
2025-07-02 10:00:00,-999.0
2025-07-02 11:00:00,-999.0
2025-07-02 12:00:00,-999.0
2025-07-02 13:00:00,-999.0
2025-07-02 14:00:00,-999.0
2025-07-02 15:00:00,-999.0
2025-07-02 16:00:00,-999.0
2025-07-02 17:00:00,-999.0
2025-07-02 18:00:00,-999.0
2025-07-02 19:00:00,-999.0
2025-07-02 20:00:00,-999.0
2025-07-02 21:00:00,-999.0
2025-07-02 22:00:00,-999.0
2025-07-02 23:00:00,-999.0
2025-07-03 00:00:00,-999.0
2025-07-03 01:00:00,-999.0
2025-07-03 02:00:00,-999.0
2025-07-03 03:00:00,-999.0
2025-07-03 04:00:00,-999.0
2025-07-03 05:00:00,-999.0
2025-07-03 06:00:00,-999.0
2025-07-03 07:00:00,-999.0
2025-07-03 08:00:00,-999.0
2025-07-03 09:00:00,-999.0
2025-07-03 10:00:00,-999.0
2025-07-03 11:00:00,-999.0
2025-07-03 12:00:00,-999.0
2025-07-03 13:00:00,-999.0
2025-07-03 14:00:00,-999.0
2025-07-03 15:00:00,-999.0
2025-07-03 16:00:00,-999.0
2025-07-03 17:00:00,-999.0
2025-07-03 18:00:00,-999.0
2025-07-03 19:00:00,-999.0
2025-07-03 20:00:00,-999.0
2025-07-03 21:00:00,-999.0
2025-07-03 22:00:00,-999.0
2025-07-03 23:00:00,-999.0
2025-07-04 00:00:00,-999.0
2025-07-04 01:00:00,-999.0
2025-07-04 02:00:00,-999.0
2025-07-04 03:00:00,-999.0
2025-07-04 04:00:00,-999.0
2025-07-04 05:00:00,-999.0
2025-07-04 06:00:00,-999.0
2025-07-04 07:00:00,-999.0
2025-07-04 08:00:00,-999.0
2025-07-04 09:00:00,-999.0
2025-07-04 10:00:00,-999.0
2025-07-04 11:00:00,-999.0
2025-07-04 12:00:00,-999.0
2025-07-04 13:00:00,-999.0
2025-07-04 14:00:00,-999.0
2025-07-04 15:00:00,-999.0
2025-07-04 16:00:00,-999.0
2025-07-04 17:00:00,-999.0
2025-07-04 18:00:00,-999.0
2025-07-04 19:00:00,-999.0
2025-07-04 20:00:00,-999.0
2025-07-04 21:00:00,-999.0
2025-07-04 22:00:00,-999.0
2025-07-04 23:00:00,-999.0
2025-07-05 00:00:00,-999.0
2025-07-05 01:00:00,-999.0
2025-07-05 02:00:00,-999.0
2025-07-05 03:00:00,-999.0
2025-07-05 04:00:00,-999.0
2025-07-05 05:00:00,-999.0
2025-07-05 06:00:00,-999.0
2025-07-05 07:00:00,-999.0
2025-07-05 08:00:00,-999.0
2025-07-05 09:00:00,-999.0
2025-07-05 10:00:00,-999.0
2025-07-05 11:00:00,-999.0
2025-07-05 12:00:00,-999.0
2025-07-05 13:00:00,-999.0
2025-07-05 14:00:00,-999.0
2025-07-05 15:00:00,-999.0
2025-07-05 16:00:00,-999.0
2025-07-05 17:00:00,-999.0
2025-07-05 18:00:00,-999.0
2025-07-05 19:00:00,-999.0
2025-07-05 20:00:00,-999.0
2025-07-05 21:00:00,-999.0
2025-07-05 22:00:00,-999.0
2025-07-05 23:00:00,-999.0
2025-07-06 00:00:00,-999.0
2025-07-06 01:00:00,-999.0
2025-07-06 02:00:00,-999.0
2025-07-06 03:00:00,-999.0
2025-07-06 04:00:00,-999.0
2025-07-06 05:00:00,-999.0
2025-07-06 06:00:00,-999.0
2025-07-06 07:00:00,-999.0
2025-07-06 08:00:00,-999.0
2025-07-06 09:00:00,-999.0
2025-07-06 10:00:00,-999.0
2025-07-06 11:00:00,-999.0
2025-07-06 12:00:00,-999.0
2025-07-06 13:00:00,-999.0
2025-07-06 14:00:00,-999.0
2025-07-06 15:00:00,-999.0
2025-07-06 16:00:00,-999.0
2025-07-06 17:00:00,-999.0
2025-07-06 18:00:00,-999.0
2025-07-06 19:00:00,-999.0
2025-07-06 20:00:00,-999.0
2025-07-06 21:00:00,-999.0
2025-07-06 22:00:00,-999.0
2025-07-06 23:00:00,-999.0
2025-07-07 00:00:00,-999.0
2025-07-07 01:00:00,-999.0
2025-07-07 02:00:00,-999.0
2025-07-07 03:00:00,-999.0
2025-07-07 04:00:00,-999.0
2025-07-07 05:00:00,-999.0
2025-07-07 06:00:00,-999.0
2025-07-07 07:00:00,-999.0
2025-07-07 08:00:00,-999.0
2025-07-07 09:00:00,-999.0
2025-07-07 10:00:00,-999.0
2025-07-07 11:00:00,-999.0
2025-07-07 12:00:00,-999.0
2025-07-07 13:00:00,-999.0
2025-07-07 14:00:00,-999.0
2025-07-07 15:00:00,-999.0
2025-07-07 16:00:00,-999.0
2025-07-07 17:00:00,-999.0
2025-07-07 18:00:00,-999.0
2025-07-07 19:00:00,-999.0
2025-07-07 20:00:00,-999.0
2025-07-07 21:00:00,-999.0
2025-07-07 22:00:00,-999.0
2025-07-07 23:00:00,-999.0
2025-07-08 00:00:00,-999.0
2025-07-08 01:00:00,-999.0
2025-07-08 02:00:00,-999.0
2025-07-08 03:00:00,-999.0
2025-07-08 04:00:00,-999.0
2025-07-08 05:00:00,-999.0
2025-07-08 06:00:00,-999.0
2025-07-08 07:00:00,-999.0
2025-07-08 08:00:00,-999.0
2025-07-08 09:00:00,-999.0
2025-07-08 10:00:00,-999.0
2025-07-08 11:00:00,-999.0
2025-07-08 12:00:00,-999.0
2025-07-08 13:00:00,-999.0
2025-07-08 14:00:00,-999.0
2025-07-08 15:00:00,-999.0
2025-07-08 16:00:00,-999.0
2025-07-08 17:00:00,-999.0
2025-07-08 18:00:00,-999.0
2025-07-08 19:00:00,-999.0
2025-07-08 20:00:00,-999.0
2025-07-08 21:00:00,-999.0
2025-07-08 22:00:00,-999.0
2025-07-08 23:00:00,-999.0
2025-07-09 00:00:00,-999.0
2025-07-09 01:00:00,-999.0
2025-07-09 02:00:00,-999.0
2025-07-09 03:00:00,-999.0
2025-07-09 04:00:00,-999.0
2025-07-09 05:00:00,-999.0
2025-07-09 06:00:00,-999.0
2025-07-09 07:00:00,-999.0
2025-07-09 08:00:00,-999.0
2025-07-09 09:00:00,-999.0
2025-07-09 10:00:00,-999.0
2025-07-09 11:00:00,-999.0
2025-07-09 12:00:00,-999.0
2025-07-09 13:00:00,-999.0
2025-07-09 14:00:00,-999.0
2025-07-09 15:00:00,-999.0
2025-07-09 16:00:00,-999.0
2025-07-09 17:00:00,-999.0
2025-07-09 18:00:00,-999.0
2025-07-09 19:00:00,-999.0
2025-07-09 20:00:00,-999.0
2025-07-09 21:00:00,-999.0
2025-07-09 22:00:00,-999.0
2025-07-09 23:00:00,-999.0
2025-07-10 00:00:00,-999.0
2025-07-10 01:00:00,-999.0
2025-07-10 02:00:00,-999.0
2025-07-10 03:00:00,-999.0
2025-07-10 04:00:00,-999.0
2025-07-10 05:00:00,-999.0
2025-07-10 06:00:00,-999.0
2025-07-10 07:00:00,-999.0
2025-07-10 08:00:00,-999.0
2025-07-10 09:00:00,-999.0
2025-07-10 10:00:00,-999.0
2025-07-10 11:00:00,-999.0
2025-07-10 12:00:00,-999.0
2025-07-10 13:00:00,-999.0
2025-07-10 14:00:00,-999.0
2025-07-10 15:00:00,-999.0
2025-07-10 16:00:00,-999.0
2025-07-10 17:00:00,-999.0
2025-07-10 18:00:00,-999.0
2025-07-10 19:00:00,-999.0
2025-07-10 20:00:00,-999.0
2025-07-10 21:00:00,-999.0
2025-07-10 22:00:00,-999.0
2025-07-10 23:00:00,-999.0
2025-07-11 00:00:00,-999.0
2025-07-11 01:00:00,-999.0
2025-07-11 02:00:00,-999.0
2025-07-11 03:00:00,-999.0
2025-07-11 04:00:00,-999.0
2025-07-11 05:00:00,-999.0
2025-07-11 06:00:00,-999.0
2025-07-11 07:00:00,-999.0
2025-07-11 08:00:00,-999.0
2025-07-11 09:00:00,-999.0
2025-07-11 10:00:00,-999.0
2025-07-11 11:00:00,-999.0
2025-07-11 12:00:00,-999.0
2025-07-11 13:00:00,-999.0
2025-07-11 14:00:00,-999.0
2025-07-11 15:00:00,-999.0
2025-07-11 16:00:00,-999.0
2025-07-11 17:00:00,-999.0
2025-07-11 18:00:00,-999.0
2025-07-11 19:00:00,-999.0
2025-07-11 20:00:00,-999.0
2025-07-11 21:00:00,-999.0
2025-07-11 22:00:00,-999.0
2025-07-11 23:00:00,-999.0
2025-07-12 00:00:00,-999.0
2025-07-12 01:00:00,-999.0
2025-07-12 02:00:00,-999.0
2025-07-12 03:00:00,-999.0
2025-07-12 04:00:00,-999.0
2025-07-12 05:00:00,-999.0
2025-07-12 06:00:00,-999.0
2025-07-12 07:00:00,-999.0
2025-07-12 08:00:00,-999.0
2025-07-12 09:00:00,-999.0
2025-07-12 10:00:00,-999.0
2025-07-12 11:00:00,-999.0
2025-07-12 12:00:00,-999.0
2025-07-12 13:00:00,-999.0
2025-07-12 14:00:00,-999.0
2025-07-12 15:00:00,-999.0
2025-07-12 16:00:00,-999.0
2025-07-12 17:00:00,-999.0
2025-07-12 18:00:00,-999.0
2025-07-12 19:00:00,-999.0
2025-07-12 20:00:00,-999.0
2025-07-12 21:00:00,-999.0
2025-07-12 22:00:00,-999.0
2025-07-12 23:00:00,-999.0
2025-07-13 00:00:00,-999.0
2025-07-13 01:00:00,-999.0
2025-07-13 02:00:00,-999.0
2025-07-13 03:00:00,-999.0
2025-07-13 04:00:00,-999.0
2025-07-13 05:00:00,-999.0
2025-07-13 06:00:00,-999.0
2025-07-13 07:00:00,-999.0
2025-07-13 08:00:00,-999.0
2025-07-13 09:00:00,-999.0
2025-07-13 10:00:00,-999.0
2025-07-13 11:00:00,-999.0
2025-07-13 12:00:00,-999.0
2025-07-13 13:00:00,-999.0
2025-07-13 14:00:00,-999.0
2025-07-13 15:00:00,-999.0
2025-07-13 16:00:00,-999.0
2025-07-13 17:00:00,-999.0
2025-07-13 18:00:00,-999.0
2025-07-13 19:00:00,-999.0
2025-07-13 20:00:00,-999.0
2025-07-13 21:00:00,-999.0
2025-07-13 22:00:00,-999.0
2025-07-13 23:00:00,-999.0
2025-07-14 00:00:00,-999.0
2025-07-14 01:00:00,-999.0
2025-07-14 02:00:00,-999.0
2025-07-14 03:00:00,-999.0
2025-07-14 04:00:00,-999.0
2025-07-14 05:00:00,-999.0
2025-07-14 06:00:00,-999.0
2025-07-14 07:00:00,-999.0
2025-07-14 08:00:00,-999.0
2025-07-14 09:00:00,-999.0
2025-07-14 10:00:00,-999.0
2025-07-14 11:00:00,-999.0
2025-07-14 12:00:00,-999.0
2025-07-14 13:00:00,-999.0
2025-07-14 14:00:00,-999.0
2025-07-14 15:00:00,-999.0
2025-07-14 16:00:00,-999.0
2025-07-14 17:00:00,-999.0
2025-07-14 18:00:00,-999.0
2025-07-14 19:00:00,-999.0
2025-07-14 20:00:00,-999.0
2025-07-14 21:00:00,-999.0
2025-07-14 22:00:00,-999.0
2025-07-14 23:00:00,-999.0
2025-07-15 00:00:00,-999.0
2025-07-15 01:00:00,-999.0
2025-07-15 02:00:00,-999.0
2025-07-15 03:00:00,-999.0
2025-07-15 04:00:00,-999.0
2025-07-15 05:00:00,-999.0
2025-07-15 06:00:00,-999.0
2025-07-15 07:00:00,-999.0
2025-07-15 08:00:00,-999.0
2025-07-15 09:00:00,-999.0
2025-07-15 10:00:00,-999.0
2025-07-15 11:00:00,-999.0
2025-07-15 12:00:00,-999.0
2025-07-15 13:00:00,-999.0
2025-07-15 14:00:00,-999.0
2025-07-15 15:00:00,-999.0
2025-07-15 16:00:00,-999.0
2025-07-15 17:00:00,-999.0
2025-07-15 18:00:00,-999.0
2025-07-15 19:00:00,-999.0
2025-07-15 20:00:00,-999.0
2025-07-15 21:00:00,-999.0
2025-07-15 22:00:00,-999.0
2025-07-15 23:00:00,-999.0
2025-07-16 00:00:00,-999.0
2025-07-16 01:00:00,-999.0
2025-07-16 02:00:00,-999.0
2025-07-16 03:00:00,-999.0
2025-07-16 04:00:00,-999.0
2025-07-16 05:00:00,-999.0
2025-07-16 06:00:00,-999.0
2025-07-16 07:00:00,-999.0
2025-07-16 08:00:00,-999.0
2025-07-16 09:00:00,-999.0
2025-07-16 10:00:00,-999.0
2025-07-16 11:00:00,-999.0
2025-07-16 12:00:00,-999.0
2025-07-16 13:00:00,-999.0
2025-07-16 14:00:00,-999.0
2025-07-16 15:00:00,-999.0
2025-07-16 16:00:00,-999.0
2025-07-16 17:00:00,-999.0
2025-07-16 18:00:00,-999.0
2025-07-16 19:00:00,-999.0
2025-07-16 20:00:00,-999.0
2025-07-16 21:00:00,-999.0
2025-07-16 22:00:00,-999.0
2025-07-16 23:00:00,-999.0
2025-07-17 00:00:00,-999.0
2025-07-17 01:00:00,-999.0
2025-07-17 02:00:00,-999.0
2025-07-17 03:00:00,-999.0
2025-07-17 04:00:00,-999.0
2025-07-17 05:00:00,-999.0
2025-07-17 06:00:00,-999.0
2025-07-17 07:00:00,-999.0
2025-07-17 08:00:00,-999.0
2025-07-17 09:00:00,-999.0
2025-07-17 10:00:00,-999.0
2025-07-17 11:00:00,-999.0
2025-07-17 12:00:00,-999.0
2025-07-17 13:00:00,-999.0
2025-07-17 14:00:00,-999.0
2025-07-17 15:00:00,-999.0
2025-07-17 16:00:00,-999.0
2025-07-17 17:00:00,-999.0
2025-07-17 18:00:00,-999.0
2025-07-17 19:00:00,-999.0
2025-07-17 20:00:00,-999.0
2025-07-17 21:00:00,-999.0
2025-07-17 22:00:00,-999.0
2025-07-17 23:00:00,-999.0
2025-07-18 00:00:00,-999.0
2025-07-18 01:00:00,-999.0
2025-07-18 02:00:00,-999.0
2025-07-18 03:00:00,-999.0
2025-07-18 04:00:00,-999.0
2025-07-18 05:00:00,-999.0
2025-07-18 06:00:00,-999.0
2025-07-18 07:00:00,-999.0
2025-07-18 08:00:00,-999.0
2025-07-18 09:00:00,-999.0
2025-07-18 10:00:00,-999.0
2025-07-18 11:00:00,-999.0
2025-07-18 12:00:00,-999.0
2025-07-18 13:00:00,-999.0
2025-07-18 14:00:00,-999.0
2025-07-18 15:00:00,-999.0
2025-07-18 16:00:00,-999.0
2025-07-18 17:00:00,-999.0
2025-07-18 18:00:00,-999.0
2025-07-18 19:00:00,-999.0
2025-07-18 20:00:00,-999.0
2025-07-18 21:00:00,-999.0
2025-07-18 22:00:00,-999.0
2025-07-18 23:00:00,-999.0
2025-07-19 00:00:00,-999.0
2025-07-19 01:00:00,-999.0
2025-07-19 02:00:00,-999.0
2025-07-19 03:00:00,-999.0
2025-07-19 04:00:00,-999.0
2025-07-19 05:00:00,-999.0
2025-07-19 06:00:00,-999.0
2025-07-19 07:00:00,-999.0
2025-07-19 08:00:00,-999.0
2025-07-19 09:00:00,-999.0
2025-07-19 10:00:00,-999.0
2025-07-19 11:00:00,-999.0
2025-07-19 12:00:00,-999.0
2025-07-19 13:00:00,-999.0
2025-07-19 14:00:00,-999.0
2025-07-19 15:00:00,-999.0
2025-07-19 16:00:00,-999.0
2025-07-19 17:00:00,-999.0
2025-07-19 18:00:00,-999.0
2025-07-19 19:00:00,-999.0
2025-07-19 20:00:00,-999.0
2025-07-19 21:00:00,-999.0
2025-07-19 22:00:00,-999.0
2025-07-19 23:00:00,-999.0
2025-07-20 00:00:00,-999.0
2025-07-20 01:00:00,-999.0
2025-07-20 02:00:00,-999.0
2025-07-20 03:00:00,-999.0
2025-07-20 04:00:00,-999.0
2025-07-20 05:00:00,-999.0
2025-07-20 06:00:00,-999.0
2025-07-20 07:00:00,-999.0
2025-07-20 08:00:00,-999.0
2025-07-20 09:00:00,-999.0
2025-07-20 10:00:00,-999.0
2025-07-20 11:00:00,-999.0
2025-07-20 12:00:00,-999.0
2025-07-20 13:00:00,-999.0
2025-07-20 14:00:00,-999.0
2025-07-20 15:00:00,-999.0
2025-07-20 16:00:00,-999.0
2025-07-20 17:00:00,-999.0
2025-07-20 18:00:00,-999.0
2025-07-20 19:00:00,-999.0
2025-07-20 20:00:00,-999.0
2025-07-20 21:00:00,-999.0
2025-07-20 22:00:00,-999.0
2025-07-20 23:00:00,-999.0
2025-07-21 00:00:00,-999.0
2025-07-21 01:00:00,-999.0
2025-07-21 02:00:00,-999.0
2025-07-21 03:00:00,-999.0
2025-07-21 04:00:00,-999.0
2025-07-21 05:00:00,-999.0
2025-07-21 06:00:00,-999.0
2025-07-21 07:00:00,-999.0
2025-07-21 08:00:00,-999.0
2025-07-21 09:00:00,-999.0
2025-07-21 10:00:00,-999.0
2025-07-21 11:00:00,-999.0
2025-07-21 12:00:00,-999.0
2025-07-21 13:00:00,-999.0
2025-07-21 14:00:00,-999.0
2025-07-21 15:00:00,-999.0
2025-07-21 16:00:00,-999.0
2025-07-21 17:00:00,-999.0
2025-07-21 18:00:00,-999.0
2025-07-21 19:00:00,-999.0
2025-07-21 20:00:00,-999.0
2025-07-21 21:00:00,-999.0
2025-07-21 22:00:00,-999.0
2025-07-21 23:00:00,-999.0
2025-07-22 00:00:00,-999.0
2025-07-22 01:00:00,-999.0
2025-07-22 02:00:00,-999.0
2025-07-22 03:00:00,-999.0
2025-07-22 04:00:00,-999.0
2025-07-22 05:00:00,-999.0
2025-07-22 06:00:00,-999.0
2025-07-22 07:00:00,-999.0
2025-07-22 08:00:00,-999.0
2025-07-22 09:00:00,-999.0
2025-07-22 10:00:00,-999.0
2025-07-22 11:00:00,-999.0
2025-07-22 12:00:00,-999.0
2025-07-22 13:00:00,-999.0
2025-07-22 14:00:00,-999.0
2025-07-22 15:00:00,-999.0
2025-07-22 16:00:00,-999.0
2025-07-22 17:00:00,-999.0
2025-07-22 18:00:00,-999.0
2025-07-22 19:00:00,-999.0
2025-07-22 20:00:00,-999.0
2025-07-22 21:00:00,-999.0
2025-07-22 22:00:00,-999.0
2025-07-22 23:00:00,-999.0
2025-07-23 00:00:00,-999.0
2025-07-23 01:00:00,-999.0
2025-07-23 02:00:00,-999.0
2025-07-23 03:00:00,-999.0
2025-07-23 04:00:00,-999.0
2025-07-23 05:00:00,-999.0
2025-07-23 06:00:00,-999.0
2025-07-23 07:00:00,-999.0
2025-07-23 08:00:00,-999.0
2025-07-23 09:00:00,-999.0
2025-07-23 10:00:00,-999.0
2025-07-23 11:00:00,-999.0
2025-07-23 12:00:00,-999.0
2025-07-23 13:00:00,-999.0
2025-07-23 14:00:00,-999.0
2025-07-23 15:00:00,-999.0
2025-07-23 16:00:00,-999.0
2025-07-23 17:00:00,-999.0
2025-07-23 18:00:00,-999.0
2025-07-23 19:00:00,-999.0
2025-07-23 20:00:00,-999.0
2025-07-23 21:00:00,-999.0
2025-07-23 22:00:00,-999.0
2025-07-23 23:00:00,-999.0
2025-07-24 00:00:00,-999.0
2025-07-24 01:00:00,-999.0
2025-07-24 02:00:00,-999.0
2025-07-24 03:00:00,-999.0
2025-07-24 04:00:00,-999.0
2025-07-24 05:00:00,-999.0
2025-07-24 06:00:00,-999.0
2025-07-24 07:00:00,-999.0
2025-07-24 08:00:00,-999.0
2025-07-24 09:00:00,-999.0
2025-07-24 10:00:00,-999.0
2025-07-24 11:00:00,-999.0
2025-07-24 12:00:00,-999.0
2025-07-24 13:00:00,-999.0
2025-07-24 14:00:00,-999.0
2025-07-24 15:00:00,-999.0
2025-07-24 16:00:00,-999.0
2025-07-24 17:00:00,-999.0
2025-07-24 18:00:00,-999.0
2025-07-24 19:00:00,-999.0
2025-07-24 20:00:00,-999.0
2025-07-24 21:00:00,-999.0
2025-07-24 22:00:00,-999.0
2025-07-24 23:00:00,-999.0
2025-07-25 00:00:00,-999.0
2025-07-25 01:00:00,-999.0
2025-07-25 02:00:00,-999.0
2025-07-25 03:00:00,-999.0
2025-07-25 04:00:00,-999.0
2025-07-25 05:00:00,-999.0
2025-07-25 06:00:00,-999.0
2025-07-25 07:00:00,-999.0
2025-07-25 08:00:00,-999.0
2025-07-25 09:00:00,-999.0
2025-07-25 10:00:00,-999.0
2025-07-25 11:00:00,-999.0
2025-07-25 12:00:00,-999.0
2025-07-25 13:00:00,-999.0
2025-07-25 14:00:00,-999.0
2025-07-25 15:00:00,-999.0
2025-07-25 16:00:00,-999.0
2025-07-25 17:00:00,-999.0
2025-07-25 18:00:00,-999.0
2025-07-25 19:00:00,-999.0
2025-07-25 20:00:00,-999.0
2025-07-25 21:00:00,-999.0
2025-07-25 22:00:00,-999.0
2025-07-25 23:00:00,-999.0
2025-07-26 00:00:00,-999.0
2025-07-26 01:00:00,-999.0
2025-07-26 02:00:00,-999.0
2025-07-26 03:00:00,-999.0
2025-07-26 04:00:00,-999.0
2025-07-26 05:00:00,-999.0
2025-07-26 06:00:00,-999.0
2025-07-26 07:00:00,-999.0
2025-07-26 08:00:00,-999.0
2025-07-26 09:00:00,-999.0
2025-07-26 10:00:00,-999.0
2025-07-26 11:00:00,-999.0
2025-07-26 12:00:00,-999.0
2025-07-26 13:00:00,-999.0
2025-07-26 14:00:00,-999.0
2025-07-26 15:00:00,-999.0
2025-07-26 16:00:00,-999.0
2025-07-26 17:00:00,-999.0
2025-07-26 18:00:00,-999.0
2025-07-26 19:00:00,-999.0
2025-07-26 20:00:00,-999.0
2025-07-26 21:00:00,-999.0
2025-07-26 22:00:00,-999.0
2025-07-26 23:00:00,-999.0
2025-07-27 00:00:00,-999.0
2025-07-27 01:00:00,-999.0
2025-07-27 02:00:00,-999.0
2025-07-27 03:00:00,-999.0
2025-07-27 04:00:00,-999.0
2025-07-27 05:00:00,-999.0
2025-07-27 06:00:00,-999.0
2025-07-27 07:00:00,-999.0
2025-07-27 08:00:00,-999.0
2025-07-27 09:00:00,-999.0
2025-07-27 10:00:00,-999.0
2025-07-27 11:00:00,-999.0
2025-07-27 12:00:00,-999.0
2025-07-27 13:00:00,-999.0
2025-07-27 14:00:00,-999.0
2025-07-27 15:00:00,-999.0
2025-07-27 16:00:00,-999.0
2025-07-27 17:00:00,-999.0
2025-07-27 18:00:00,-999.0
2025-07-27 19:00:00,-999.0
2025-07-27 20:00:00,-999.0
2025-07-27 21:00:00,-999.0
2025-07-27 22:00:00,-999.0
2025-07-27 23:00:00,-999.0
2025-07-28 00:00:00,-999.0
2025-07-28 01:00:00,-999.0
2025-07-28 02:00:00,-999.0
2025-07-28 03:00:00,-999.0
2025-07-28 04:00:00,-999.0
2025-07-28 05:00:00,-999.0
2025-07-28 06:00:00,-999.0
2025-07-28 07:00:00,-999.0
2025-07-28 08:00:00,-999.0
2025-07-28 09:00:00,-999.0
2025-07-28 10:00:00,-999.0
2025-07-28 11:00:00,-999.0
2025-07-28 12:00:00,-999.0
2025-07-28 13:00:00,-999.0
2025-07-28 14:00:00,-999.0
2025-07-28 15:00:00,-999.0
2025-07-28 16:00:00,-999.0
2025-07-28 17:00:00,-999.0
2025-07-28 18:00:00,-999.0
2025-07-28 19:00:00,-999.0
2025-07-28 20:00:00,-999.0
2025-07-28 21:00:00,-999.0
2025-07-28 22:00:00,-999.0
2025-07-28 23:00:00,-999.0
2025-07-29 00:00:00,-999.0
2025-07-29 01:00:00,-999.0
2025-07-29 02:00:00,-999.0
2025-07-29 03:00:00,-999.0
2025-07-29 04:00:00,-999.0
2025-07-29 05:00:00,-999.0
2025-07-29 06:00:00,-999.0
2025-07-29 07:00:00,-999.0
2025-07-29 08:00:00,-999.0
2025-07-29 09:00:00,-999.0
2025-07-29 10:00:00,-999.0
2025-07-29 11:00:00,-999.0
2025-07-29 12:00:00,-999.0
2025-07-29 13:00:00,-999.0
2025-07-29 14:00:00,-999.0
2025-07-29 15:00:00,-999.0
2025-07-29 16:00:00,-999.0
2025-07-29 17:00:00,-999.0
2025-07-29 18:00:00,-999.0
2025-07-29 19:00:00,-999.0
2025-07-29 20:00:00,-999.0
2025-07-29 21:00:00,-999.0
2025-07-29 22:00:00,-999.0
2025-07-29 23:00:00,-999.0
2025-07-30 00:00:00,-999.0
2025-07-30 01:00:00,-999.0
2025-07-30 02:00:00,-999.0
2025-07-30 03:00:00,-999.0
2025-07-30 04:00:00,-999.0
2025-07-30 05:00:00,-999.0
2025-07-30 06:00:00,-999.0
2025-07-30 07:00:00,-999.0
2025-07-30 08:00:00,-999.0
2025-07-30 09:00:00,-999.0
2025-07-30 10:00:00,-999.0
2025-07-30 11:00:00,-999.0
2025-07-30 12:00:00,-999.0
2025-07-30 13:00:00,-999.0
2025-07-30 14:00:00,-999.0
2025-07-30 15:00:00,-999.0
2025-07-30 16:00:00,-999.0
2025-07-30 17:00:00,-999.0
2025-07-30 18:00:00,-999.0
2025-07-30 19:00:00,-999.0
2025-07-30 20:00:00,-999.0
2025-07-30 21:00:00,-999.0
2025-07-30 22:00:00,-999.0
2025-07-30 23:00:00,-999.0
2025-07-31 00:00:00,-999.0
2025-07-31 01:00:00,-999.0
2025-07-31 02:00:00,-999.0
2025-07-31 03:00:00,-999.0
2025-07-31 04:00:00,-999.0
2025-07-31 05:00:00,-999.0
2025-07-31 06:00:00,-999.0
2025-07-31 07:00:00,-999.0
2025-07-31 08:00:00,-999.0
2025-07-31 09:00:00,-999.0
2025-07-31 10:00:00,-999.0
2025-07-31 11:00:00,-999.0
2025-07-31 12:00:00,-999.0
2025-07-31 13:00:00,-999.0
2025-07-31 14:00:00,-999.0
2025-07-31 15:00:00,-999.0
2025-07-31 16:00:00,-999.0
2025-07-31 17:00:00,-999.0
2025-07-31 18:00:00,-999.0
2025-07-31 19:00:00,-999.0
2025-07-31 20:00:00,-999.0
2025-07-31 21:00:00,-999.0
2025-07-31 22:00:00,-999.0
2025-07-31 23:00:00,-999.0
