datetime,TOA_SW_DWN
2024-08-02 00:00:00,0.0
2024-08-02 01:00:00,0.0
2024-08-02 02:00:00,0.0
2024-08-02 03:00:00,0.0
2024-08-02 04:00:00,0.0
2024-08-02 05:00:00,0.0
2024-08-02 06:00:00,170.27
2024-08-02 07:00:00,473.23
2024-08-02 08:00:00,753.95
2024-08-02 09:00:00,992.9
2024-08-02 10:00:00,1173.75
2024-08-02 11:00:00,1284.2
2024-08-02 12:00:00,1316.68
2024-08-02 13:00:00,1268.95
2024-08-02 14:00:00,1144.28
2024-08-02 15:00:00,951.12
2024-08-02 16:00:00,702.67
2024-08-02 17:00:00,415.8
2024-08-02 18:00:00,113.22
2024-08-02 19:00:00,0.0
2024-08-02 20:00:00,0.0
2024-08-02 21:00:00,0.0
2024-08-02 22:00:00,0.0
2024-08-02 23:00:00,0.0
2024-08-03 00:00:00,0.0
2024-08-03 01:00:00,0.0
2024-08-03 02:00:00,0.0
2024-08-03 03:00:00,0.0
2024-08-03 04:00:00,0.0
2024-08-03 05:00:00,0.0
2024-08-03 06:00:00,168.68
2024-08-03 07:00:00,472.25
2024-08-03 08:00:00,753.45
2024-08-03 09:00:00,992.75
2024-08-03 10:00:00,1173.85
2024-08-03 11:00:00,1284.38
2024-08-03 12:00:00,1316.8
2024-08-03 13:00:00,1268.9
2024-08-03 14:00:00,1143.9
2024-08-03 15:00:00,950.33
2024-08-03 16:00:00,701.33
2024-08-03 17:00:00,413.92
2024-08-03 18:00:00,111.18
2024-08-03 19:00:00,0.0
2024-08-03 20:00:00,0.0
2024-08-03 21:00:00,0.0
2024-08-03 22:00:00,0.0
2024-08-03 23:00:00,0.0
2024-08-04 00:00:00,0.0
2024-08-04 01:00:00,0.0
2024-08-04 02:00:00,0.0
2024-08-04 03:00:00,0.0
2024-08-04 04:00:00,0.0
2024-08-04 05:00:00,0.0
2024-08-04 06:00:00,167.1
2024-08-04 07:00:00,471.2
2024-08-04 08:00:00,752.8
2024-08-04 09:00:00,992.4
2024-08-04 10:00:00,1173.7
2024-08-04 11:00:00,1284.3
2024-08-04 12:00:00,1316.65
2024-08-04 13:00:00,1268.53
2024-08-04 14:00:00,1143.22
2024-08-04 15:00:00,949.22
2024-08-04 16:00:00,699.78
2024-08-04 17:00:00,411.85
2024-08-04 18:00:00,109.03
2024-08-04 19:00:00,0.0
2024-08-04 20:00:00,0.0
2024-08-04 21:00:00,0.0
2024-08-04 22:00:00,0.0
2024-08-04 23:00:00,0.0
2024-08-05 00:00:00,0.0
2024-08-05 01:00:00,0.0
2024-08-05 02:00:00,0.0
2024-08-05 03:00:00,0.0
2024-08-05 04:00:00,0.0
2024-08-05 05:00:00,0.0
2024-08-05 06:00:00,165.52
2024-08-05 07:00:00,470.17
2024-08-05 08:00:00,752.15
2024-08-05 09:00:00,992.05
2024-08-05 10:00:00,1173.53
2024-08-05 11:00:00,1284.18
2024-08-05 12:00:00,1316.43
2024-08-05 13:00:00,1268.1
2024-08-05 14:00:00,1142.47
2024-08-05 15:00:00,948.05
2024-08-05 16:00:00,698.12
2024-08-05 17:00:00,409.67
2024-08-05 18:00:00,106.82
2024-08-05 19:00:00,0.0
2024-08-05 20:00:00,0.0
2024-08-05 21:00:00,0.0
2024-08-05 22:00:00,0.0
2024-08-05 23:00:00,0.0
2024-08-06 00:00:00,0.0
2024-08-06 01:00:00,0.0
2024-08-06 02:00:00,0.0
2024-08-06 03:00:00,0.0
2024-08-06 04:00:00,0.0
2024-08-06 05:00:00,0.0
2024-08-06 06:00:00,163.98
2024-08-06 07:00:00,469.15
2024-08-06 08:00:00,751.53
2024-08-06 09:00:00,991.72
2024-08-06 10:00:00,1173.38
2024-08-06 11:00:00,1284.05
2024-08-06 12:00:00,1316.22
2024-08-06 13:00:00,1267.68
2024-08-06 14:00:00,1141.68
2024-08-06 15:00:00,946.85
2024-08-06 16:00:00,696.4
2024-08-06 17:00:00,407.45
2024-08-06 18:00:00,104.6
2024-08-06 19:00:00,0.0
2024-08-06 20:00:00,0.0
2024-08-06 21:00:00,0.0
2024-08-06 22:00:00,0.0
2024-08-06 23:00:00,0.0
2024-08-07 00:00:00,0.0
2024-08-07 01:00:00,0.0
2024-08-07 02:00:00,0.0
2024-08-07 03:00:00,0.0
2024-08-07 04:00:00,0.0
2024-08-07 05:00:00,0.0
2024-08-07 06:00:00,162.43
2024-08-07 07:00:00,468.05
2024-08-07 08:00:00,750.78
2024-08-07 09:00:00,991.22
2024-08-07 10:00:00,1172.97
2024-08-07 11:00:00,1283.68
2024-08-07 12:00:00,1315.72
2024-08-07 13:00:00,1266.93
2024-08-07 14:00:00,1140.6
2024-08-07 15:00:00,945.35
2024-08-07 16:00:00,694.47
2024-08-07 17:00:00,405.02
2024-08-07 18:00:00,102.28
2024-08-07 19:00:00,0.0
2024-08-07 20:00:00,0.0
2024-08-07 21:00:00,0.0
2024-08-07 22:00:00,0.0
2024-08-07 23:00:00,0.0
2024-08-08 00:00:00,0.0
2024-08-08 01:00:00,0.0
2024-08-08 02:00:00,0.0
2024-08-08 03:00:00,0.0
2024-08-08 04:00:00,0.0
2024-08-08 05:00:00,0.0
2024-08-08 06:00:00,160.98
2024-08-08 07:00:00,467.12
2024-08-08 08:00:00,750.25
2024-08-08 09:00:00,991.0
2024-08-08 10:00:00,1172.95
2024-08-08 11:00:00,1283.65
2024-08-08 12:00:00,1315.57
2024-08-08 13:00:00,1266.53
2024-08-08 14:00:00,1139.82
2024-08-08 15:00:00,944.1
2024-08-08 16:00:00,692.65
2024-08-08 17:00:00,402.65
2024-08-08 18:00:00,99.95
2024-08-08 19:00:00,0.0
2024-08-08 20:00:00,0.0
2024-08-08 21:00:00,0.0
2024-08-08 22:00:00,0.0
2024-08-08 23:00:00,0.0
2024-08-09 00:00:00,0.0
2024-08-09 01:00:00,0.0
2024-08-09 02:00:00,0.0
2024-08-09 03:00:00,0.0
2024-08-09 04:00:00,0.0
2024-08-09 05:00:00,0.0
2024-08-09 06:00:00,159.57
2024-08-09 07:00:00,466.35
2024-08-09 08:00:00,749.97
2024-08-09 09:00:00,991.1
2024-08-09 10:00:00,1173.25
2024-08-09 11:00:00,1284.03
2024-08-09 12:00:00,1315.82
2024-08-09 13:00:00,1266.47
2024-08-09 14:00:00,1139.32
2024-08-09 15:00:00,943.05
2024-08-09 16:00:00,690.97
2024-08-09 17:00:00,400.3
2024-08-09 18:00:00,97.62
2024-08-09 19:00:00,0.0
2024-08-09 20:00:00,0.0
2024-08-09 21:00:00,0.0
2024-08-09 22:00:00,0.0
2024-08-09 23:00:00,0.0
2024-08-10 00:00:00,0.0
2024-08-10 01:00:00,0.0
2024-08-10 02:00:00,0.0
2024-08-10 03:00:00,0.0
2024-08-10 04:00:00,0.0
2024-08-10 05:00:00,0.0
2024-08-10 06:00:00,158.18
2024-08-10 07:00:00,465.55
2024-08-10 08:00:00,749.65
2024-08-10 09:00:00,991.12
2024-08-10 10:00:00,1173.47
2024-08-10 11:00:00,1284.25
2024-08-10 12:00:00,1315.9
2024-08-10 13:00:00,1266.25
2024-08-10 14:00:00,1138.68
2024-08-10 15:00:00,941.85
2024-08-10 16:00:00,689.17
2024-08-10 17:00:00,397.85
2024-08-10 18:00:00,95.25
2024-08-10 19:00:00,0.0
2024-08-10 20:00:00,0.0
2024-08-10 21:00:00,0.0
2024-08-10 22:00:00,0.0
2024-08-10 23:00:00,0.0
2024-08-11 00:00:00,0.0
2024-08-11 01:00:00,0.0
2024-08-11 02:00:00,0.0
2024-08-11 03:00:00,0.0
2024-08-11 04:00:00,0.0
2024-08-11 05:00:00,0.0
2024-08-11 06:00:00,156.8
2024-08-11 07:00:00,464.73
2024-08-11 08:00:00,749.28
2024-08-11 09:00:00,991.05
2024-08-11 10:00:00,1173.57
2024-08-11 11:00:00,1284.35
2024-08-11 12:00:00,1315.85
2024-08-11 13:00:00,1265.9
2024-08-11 14:00:00,1137.88
2024-08-11 15:00:00,940.5
2024-08-11 16:00:00,687.22
2024-08-11 17:00:00,395.27
2024-08-11 18:00:00,92.82
2024-08-11 19:00:00,0.0
2024-08-11 20:00:00,0.0
2024-08-11 21:00:00,0.0
2024-08-11 22:00:00,0.0
2024-08-11 23:00:00,0.0
2024-08-12 00:00:00,0.0
2024-08-12 01:00:00,0.0
2024-08-12 02:00:00,0.0
2024-08-12 03:00:00,0.0
2024-08-12 04:00:00,0.0
2024-08-12 05:00:00,0.0
2024-08-12 06:00:00,155.45
2024-08-12 07:00:00,463.83
2024-08-12 08:00:00,748.78
2024-08-12 09:00:00,990.8
2024-08-12 10:00:00,1173.43
2024-08-12 11:00:00,1284.2
2024-08-12 12:00:00,1315.5
2024-08-12 13:00:00,1265.22
2024-08-12 14:00:00,1136.78
2024-08-12 15:00:00,938.9
2024-08-12 16:00:00,685.05
2024-08-12 17:00:00,392.52
2024-08-12 18:00:00,90.35
2024-08-12 19:00:00,0.0
2024-08-12 20:00:00,0.0
2024-08-12 21:00:00,0.0
2024-08-12 22:00:00,0.0
2024-08-12 23:00:00,0.0
2024-08-13 00:00:00,0.0
2024-08-13 01:00:00,0.0
2024-08-13 02:00:00,0.0
2024-08-13 03:00:00,0.0
2024-08-13 04:00:00,0.0
2024-08-13 05:00:00,0.0
2024-08-13 06:00:00,154.1
2024-08-13 07:00:00,462.98
2024-08-13 08:00:00,748.3
2024-08-13 09:00:00,990.6
2024-08-13 10:00:00,1173.35
2024-08-13 11:00:00,1284.07
2024-08-13 12:00:00,1315.2
2024-08-13 13:00:00,1264.57
2024-08-13 14:00:00,1135.7
2024-08-13 15:00:00,937.28
2024-08-13 16:00:00,682.83
2024-08-13 17:00:00,389.73
2024-08-13 18:00:00,87.88
2024-08-13 19:00:00,0.0
2024-08-13 20:00:00,0.0
2024-08-13 21:00:00,0.0
2024-08-13 22:00:00,0.0
2024-08-13 23:00:00,0.0
2024-08-14 00:00:00,0.0
2024-08-14 01:00:00,0.0
2024-08-14 02:00:00,0.0
2024-08-14 03:00:00,0.0
2024-08-14 04:00:00,0.0
2024-08-14 05:00:00,0.0
2024-08-14 06:00:00,152.82
2024-08-14 07:00:00,462.27
2024-08-14 08:00:00,748.08
2024-08-14 09:00:00,990.7
2024-08-14 10:00:00,1173.62
2024-08-14 11:00:00,1284.32
2024-08-14 12:00:00,1315.25
2024-08-14 13:00:00,1264.3
2024-08-14 14:00:00,1134.9
2024-08-14 15:00:00,935.85
2024-08-14 16:00:00,680.75
2024-08-14 17:00:00,386.95
2024-08-14 18:00:00,85.38
2024-08-14 19:00:00,0.0
2024-08-14 20:00:00,0.0
2024-08-14 21:00:00,0.0
2024-08-14 22:00:00,0.0
2024-08-14 23:00:00,0.0
2024-08-15 00:00:00,0.0
2024-08-15 01:00:00,0.0
2024-08-15 02:00:00,0.0
2024-08-15 03:00:00,0.0
2024-08-15 04:00:00,0.0
2024-08-15 05:00:00,0.0
2024-08-15 06:00:00,151.55
2024-08-15 07:00:00,461.52
2024-08-15 08:00:00,747.75
2024-08-15 09:00:00,990.67
2024-08-15 10:00:00,1173.72
2024-08-15 11:00:00,1284.38
2024-08-15 12:00:00,1315.1
2024-08-15 13:00:00,1263.78
2024-08-15 14:00:00,1133.88
2024-08-15 15:00:00,934.25
2024-08-15 16:00:00,678.5
2024-08-15 17:00:00,384.02
2024-08-15 18:00:00,82.85
2024-08-15 19:00:00,0.0
2024-08-15 20:00:00,0.0
2024-08-15 21:00:00,0.0
2024-08-15 22:00:00,0.0
2024-08-15 23:00:00,0.0
2024-08-16 00:00:00,0.0
2024-08-16 01:00:00,0.0
2024-08-16 02:00:00,0.0
2024-08-16 03:00:00,0.0
2024-08-16 04:00:00,0.0
2024-08-16 05:00:00,0.0
2024-08-16 06:00:00,150.3
2024-08-16 07:00:00,460.75
2024-08-16 08:00:00,747.38
2024-08-16 09:00:00,990.55
2024-08-16 10:00:00,1173.68
2024-08-16 11:00:00,1284.28
2024-08-16 12:00:00,1314.75
2024-08-16 13:00:00,1263.05
2024-08-16 14:00:00,1132.68
2024-08-16 15:00:00,932.47
2024-08-16 16:00:00,676.1
2024-08-16 17:00:00,381.0
2024-08-16 18:00:00,80.32
2024-08-16 19:00:00,0.0
2024-08-16 20:00:00,0.0
2024-08-16 21:00:00,0.0
2024-08-16 22:00:00,0.0
2024-08-16 23:00:00,0.0
2024-08-17 00:00:00,0.0
2024-08-17 01:00:00,0.0
2024-08-17 02:00:00,0.0
2024-08-17 03:00:00,0.0
2024-08-17 04:00:00,0.0
2024-08-17 05:00:00,0.0
2024-08-17 06:00:00,149.05
2024-08-17 07:00:00,459.92
2024-08-17 08:00:00,746.92
2024-08-17 09:00:00,990.33
2024-08-17 10:00:00,1173.53
2024-08-17 11:00:00,1284.03
2024-08-17 12:00:00,1314.28
2024-08-17 13:00:00,1262.18
2024-08-17 14:00:00,1131.3
2024-08-17 15:00:00,930.53
2024-08-17 16:00:00,673.55
2024-08-17 17:00:00,377.85
2024-08-17 18:00:00,77.75
2024-08-17 19:00:00,0.0
2024-08-17 20:00:00,0.0
2024-08-17 21:00:00,0.0
2024-08-17 22:00:00,0.0
2024-08-17 23:00:00,0.0
2024-08-18 00:00:00,0.0
2024-08-18 01:00:00,0.0
2024-08-18 02:00:00,0.0
2024-08-18 03:00:00,0.0
2024-08-18 04:00:00,0.0
2024-08-18 05:00:00,0.0
2024-08-18 06:00:00,147.82
2024-08-18 07:00:00,459.08
2024-08-18 08:00:00,746.4
2024-08-18 09:00:00,989.97
2024-08-18 10:00:00,1173.2
2024-08-18 11:00:00,1283.57
2024-08-18 12:00:00,1313.57
2024-08-18 13:00:00,1261.1
2024-08-18 14:00:00,1129.72
2024-08-18 15:00:00,928.4
2024-08-18 16:00:00,670.85
2024-08-18 17:00:00,374.58
2024-08-18 18:00:00,75.18
2024-08-18 19:00:00,0.0
2024-08-18 20:00:00,0.0
2024-08-18 21:00:00,0.0
2024-08-18 22:00:00,0.0
2024-08-18 23:00:00,0.0
2024-08-19 00:00:00,0.0
2024-08-19 01:00:00,0.0
2024-08-19 02:00:00,0.0
2024-08-19 03:00:00,0.0
2024-08-19 04:00:00,0.0
2024-08-19 05:00:00,0.0
2024-08-19 06:00:00,146.6
2024-08-19 07:00:00,458.23
2024-08-19 08:00:00,745.85
2024-08-19 09:00:00,989.62
2024-08-19 10:00:00,1172.88
2024-08-19 11:00:00,1283.12
2024-08-19 12:00:00,1312.82
2024-08-19 13:00:00,1259.95
2024-08-19 14:00:00,1128.1
2024-08-19 15:00:00,926.22
2024-08-19 16:00:00,668.05
2024-08-19 17:00:00,371.23
2024-08-19 18:00:00,72.57
2024-08-19 19:00:00,0.0
2024-08-19 20:00:00,0.0
2024-08-19 21:00:00,0.0
2024-08-19 22:00:00,0.0
2024-08-19 23:00:00,0.0
2024-08-20 00:00:00,0.0
2024-08-20 01:00:00,0.0
2024-08-20 02:00:00,0.0
2024-08-20 03:00:00,0.0
2024-08-20 04:00:00,0.0
2024-08-20 05:00:00,0.0
2024-08-20 06:00:00,145.4
2024-08-20 07:00:00,457.35
2024-08-20 08:00:00,745.25
2024-08-20 09:00:00,989.15
2024-08-20 10:00:00,1172.4
2024-08-20 11:00:00,1282.5
2024-08-20 12:00:00,1311.93
2024-08-20 13:00:00,1258.65
2024-08-20 14:00:00,1126.28
2024-08-20 15:00:00,923.85
2024-08-20 16:00:00,665.15
2024-08-20 17:00:00,367.75
2024-08-20 18:00:00,69.97
2024-08-20 19:00:00,0.0
2024-08-20 20:00:00,0.0
2024-08-20 21:00:00,0.0
2024-08-20 22:00:00,0.0
2024-08-20 23:00:00,0.0
2024-08-21 00:00:00,0.0
2024-08-21 01:00:00,0.0
2024-08-21 02:00:00,0.0
2024-08-21 03:00:00,0.0
2024-08-21 04:00:00,0.0
2024-08-21 05:00:00,0.0
2024-08-21 06:00:00,144.18
2024-08-21 07:00:00,456.42
2024-08-21 08:00:00,744.58
2024-08-21 09:00:00,988.58
2024-08-21 10:00:00,1171.78
2024-08-21 11:00:00,1281.7
2024-08-21 12:00:00,1310.8
2024-08-21 13:00:00,1257.12
2024-08-21 14:00:00,1124.28
2024-08-21 15:00:00,921.33
2024-08-21 16:00:00,662.05
2024-08-21 17:00:00,364.17
2024-08-21 18:00:00,67.38
2024-08-21 19:00:00,0.0
2024-08-21 20:00:00,0.0
2024-08-21 21:00:00,0.0
2024-08-21 22:00:00,0.0
2024-08-21 23:00:00,0.0
2024-08-22 00:00:00,0.0
2024-08-22 01:00:00,0.0
2024-08-22 02:00:00,0.0
2024-08-22 03:00:00,0.0
2024-08-22 04:00:00,0.0
2024-08-22 05:00:00,0.0
2024-08-22 06:00:00,143.02
2024-08-22 07:00:00,455.6
2024-08-22 08:00:00,744.0
2024-08-22 09:00:00,988.12
2024-08-22 10:00:00,1171.32
2024-08-22 11:00:00,1281.07
2024-08-22 12:00:00,1309.88
2024-08-22 13:00:00,1255.75
2024-08-22 14:00:00,1122.4
2024-08-22 15:00:00,918.85
2024-08-22 16:00:00,659.03
2024-08-22 17:00:00,360.58
2024-08-22 18:00:00,64.8
2024-08-22 19:00:00,0.0
2024-08-22 20:00:00,0.0
2024-08-22 21:00:00,0.0
2024-08-22 22:00:00,0.0
2024-08-22 23:00:00,0.0
2024-08-23 00:00:00,0.0
2024-08-23 01:00:00,0.0
2024-08-23 02:00:00,0.0
2024-08-23 03:00:00,0.0
2024-08-23 04:00:00,0.0
2024-08-23 05:00:00,0.0
2024-08-23 06:00:00,141.9
2024-08-23 07:00:00,454.85
2024-08-23 08:00:00,743.58
2024-08-23 09:00:00,987.85
2024-08-23 10:00:00,1171.05
2024-08-23 11:00:00,1280.62
2024-08-23 12:00:00,1309.1
2024-08-23 13:00:00,1254.53
2024-08-23 14:00:00,1120.62
2024-08-23 15:00:00,916.47
2024-08-23 16:00:00,656.03
2024-08-23 17:00:00,356.95
2024-08-23 18:00:00,62.22
2024-08-23 19:00:00,0.0
2024-08-23 20:00:00,0.0
2024-08-23 21:00:00,0.0
2024-08-23 22:00:00,0.0
2024-08-23 23:00:00,0.0
2024-08-24 00:00:00,0.0
2024-08-24 01:00:00,0.0
2024-08-24 02:00:00,0.0
2024-08-24 03:00:00,0.0
2024-08-24 04:00:00,0.0
2024-08-24 05:00:00,0.0
2024-08-24 06:00:00,140.8
2024-08-24 07:00:00,454.1
2024-08-24 08:00:00,743.12
2024-08-24 09:00:00,987.55
2024-08-24 10:00:00,1170.72
2024-08-24 11:00:00,1280.12
2024-08-24 12:00:00,1308.28
2024-08-24 13:00:00,1253.25
2024-08-24 14:00:00,1118.78
2024-08-24 15:00:00,914.03
2024-08-24 16:00:00,652.92
2024-08-24 17:00:00,353.27
2024-08-24 18:00:00,59.67
2024-08-24 19:00:00,0.0
2024-08-24 20:00:00,0.0
2024-08-24 21:00:00,0.0
2024-08-24 22:00:00,0.0
2024-08-24 23:00:00,0.0
2024-08-25 00:00:00,0.0
2024-08-25 01:00:00,0.0
2024-08-25 02:00:00,0.0
2024-08-25 03:00:00,0.0
2024-08-25 04:00:00,0.0
2024-08-25 05:00:00,0.0
2024-08-25 06:00:00,139.75
2024-08-25 07:00:00,453.45
2024-08-25 08:00:00,742.83
2024-08-25 09:00:00,987.45
2024-08-25 10:00:00,1170.62
2024-08-25 11:00:00,1279.85
2024-08-25 12:00:00,1307.68
2024-08-25 13:00:00,1252.15
2024-08-25 14:00:00,1117.1
2024-08-25 15:00:00,911.7
2024-08-25 16:00:00,649.9
2024-08-25 17:00:00,349.58
2024-08-25 18:00:00,57.15
2024-08-25 19:00:00,0.0
2024-08-25 20:00:00,0.0
2024-08-25 21:00:00,0.0
2024-08-25 22:00:00,0.0
2024-08-25 23:00:00,0.0
2024-08-26 00:00:00,0.0
2024-08-26 01:00:00,0.0
2024-08-26 02:00:00,0.0
2024-08-26 03:00:00,0.0
2024-08-26 04:00:00,0.0
2024-08-26 05:00:00,0.0
2024-08-26 06:00:00,138.73
2024-08-26 07:00:00,452.83
2024-08-26 08:00:00,742.55
2024-08-26 09:00:00,987.35
2024-08-26 10:00:00,1170.55
2024-08-26 11:00:00,1279.6
2024-08-26 12:00:00,1307.05
2024-08-26 13:00:00,1251.07
2024-08-26 14:00:00,1115.4
2024-08-26 15:00:00,909.33
2024-08-26 16:00:00,646.83
2024-08-26 17:00:00,345.83
2024-08-26 18:00:00,54.65
2024-08-26 19:00:00,0.0
2024-08-26 20:00:00,0.0
2024-08-26 21:00:00,0.0
2024-08-26 22:00:00,0.0
2024-08-26 23:00:00,0.0
2024-08-27 00:00:00,0.0
2024-08-27 01:00:00,0.0
2024-08-27 02:00:00,0.0
2024-08-27 03:00:00,0.0
2024-08-27 04:00:00,0.0
2024-08-27 05:00:00,0.0
2024-08-27 06:00:00,137.73
2024-08-27 07:00:00,452.23
2024-08-27 08:00:00,742.33
2024-08-27 09:00:00,987.33
2024-08-27 10:00:00,1170.53
2024-08-27 11:00:00,1279.4
2024-08-27 12:00:00,1306.5
2024-08-27 13:00:00,1250.0
2024-08-27 14:00:00,1113.72
2024-08-27 15:00:00,906.95
2024-08-27 16:00:00,643.72
2024-08-27 17:00:00,342.05
2024-08-27 18:00:00,52.17
2024-08-27 19:00:00,0.0
2024-08-27 20:00:00,0.0
2024-08-27 21:00:00,0.0
2024-08-27 22:00:00,0.0
2024-08-27 23:00:00,0.0
2024-08-28 00:00:00,0.0
2024-08-28 01:00:00,0.0
2024-08-28 02:00:00,0.0
2024-08-28 03:00:00,0.0
2024-08-28 04:00:00,0.0
2024-08-28 05:00:00,0.0
2024-08-28 06:00:00,136.73
2024-08-28 07:00:00,451.6
2024-08-28 08:00:00,742.03
2024-08-28 09:00:00,987.2
2024-08-28 10:00:00,1170.35
2024-08-28 11:00:00,1279.03
2024-08-28 12:00:00,1305.78
2024-08-28 13:00:00,1248.78
2024-08-28 14:00:00,1111.88
2024-08-28 15:00:00,904.4
2024-08-28 16:00:00,640.5
2024-08-28 17:00:00,338.15
2024-08-28 18:00:00,49.72
2024-08-28 19:00:00,0.0
2024-08-28 20:00:00,0.0
2024-08-28 21:00:00,0.0
2024-08-28 22:00:00,0.0
2024-08-28 23:00:00,0.0
2024-08-29 00:00:00,0.0
2024-08-29 01:00:00,0.0
2024-08-29 02:00:00,0.0
2024-08-29 03:00:00,0.0
2024-08-29 04:00:00,0.0
2024-08-29 05:00:00,0.0
2024-08-29 06:00:00,135.75
2024-08-29 07:00:00,451.0
2024-08-29 08:00:00,741.75
2024-08-29 09:00:00,987.08
2024-08-29 10:00:00,1170.2
2024-08-29 11:00:00,1278.68
2024-08-29 12:00:00,1305.05
2024-08-29 13:00:00,1247.5
2024-08-29 14:00:00,1109.97
2024-08-29 15:00:00,901.83
2024-08-29 16:00:00,637.22
2024-08-29 17:00:00,334.2
2024-08-29 18:00:00,47.3
2024-08-29 19:00:00,0.0
2024-08-29 20:00:00,0.0
2024-08-29 21:00:00,0.0
2024-08-29 22:00:00,0.0
2024-08-29 23:00:00,0.0
2024-08-30 00:00:00,0.0
2024-08-30 01:00:00,0.0
2024-08-30 02:00:00,0.0
2024-08-30 03:00:00,0.0
2024-08-30 04:00:00,0.0
2024-08-30 05:00:00,0.0
2024-08-30 06:00:00,134.75
2024-08-30 07:00:00,450.25
2024-08-30 08:00:00,741.25
2024-08-30 09:00:00,986.62
2024-08-30 10:00:00,1169.68
2024-08-30 11:00:00,1277.88
2024-08-30 12:00:00,1303.85
2024-08-30 13:00:00,1245.82
2024-08-30 14:00:00,1107.7
2024-08-30 15:00:00,898.92
2024-08-30 16:00:00,633.7
2024-08-30 17:00:00,330.08
2024-08-30 18:00:00,44.9
2024-08-30 19:00:00,0.0
2024-08-30 20:00:00,0.0
2024-08-30 21:00:00,0.0
2024-08-30 22:00:00,0.0
2024-08-30 23:00:00,0.0
2024-08-31 00:00:00,0.0
2024-08-31 01:00:00,0.0
2024-08-31 02:00:00,0.0
2024-08-31 03:00:00,0.0
2024-08-31 04:00:00,0.0
2024-08-31 05:00:00,0.0
2024-08-31 06:00:00,133.73
2024-08-31 07:00:00,449.48
2024-08-31 08:00:00,740.67
2024-08-31 09:00:00,986.1
2024-08-31 10:00:00,1169.03
2024-08-31 11:00:00,1276.95
2024-08-31 12:00:00,1302.53
2024-08-31 13:00:00,1243.97
2024-08-31 14:00:00,1105.28
2024-08-31 15:00:00,895.88
2024-08-31 16:00:00,630.05
2024-08-31 17:00:00,325.88
2024-08-31 18:00:00,42.53
2024-08-31 19:00:00,0.0
2024-08-31 20:00:00,0.0
2024-08-31 21:00:00,0.0
2024-08-31 22:00:00,0.0
2024-08-31 23:00:00,0.0
2024-09-01 00:00:00,0.0
2024-09-01 01:00:00,0.0
2024-09-01 02:00:00,0.0
2024-09-01 03:00:00,0.0
2024-09-01 04:00:00,0.0
2024-09-01 05:00:00,0.0
2024-09-01 06:00:00,132.75
2024-09-01 07:00:00,448.75
2024-09-01 08:00:00,740.15
2024-09-01 09:00:00,985.62
2024-09-01 10:00:00,1168.45
2024-09-01 11:00:00,1276.1
2024-09-01 12:00:00,1301.28
2024-09-01 13:00:00,1242.2
2024-09-01 14:00:00,1102.9
2024-09-01 15:00:00,892.85
2024-09-01 16:00:00,626.4
2024-09-01 17:00:00,321.65
2024-09-01 18:00:00,40.2
2024-09-01 19:00:00,0.0
2024-09-01 20:00:00,0.0
2024-09-01 21:00:00,0.0
2024-09-01 22:00:00,0.0
2024-09-01 23:00:00,0.0
2024-09-02 00:00:00,0.0
2024-09-02 01:00:00,0.0
2024-09-02 02:00:00,0.0
2024-09-02 03:00:00,0.0
2024-09-02 04:00:00,0.0
2024-09-02 05:00:00,0.0
2024-09-02 06:00:00,131.77
2024-09-02 07:00:00,447.98
2024-09-02 08:00:00,739.58
2024-09-02 09:00:00,985.1
2024-09-02 10:00:00,1167.78
2024-09-02 11:00:00,1275.15
2024-09-02 12:00:00,1299.88
2024-09-02 13:00:00,1240.28
2024-09-02 14:00:00,1100.38
2024-09-02 15:00:00,889.72
2024-09-02 16:00:00,622.65
2024-09-02 17:00:00,317.35
2024-09-02 18:00:00,37.9
2024-09-02 19:00:00,0.0
2024-09-02 20:00:00,0.0
2024-09-02 21:00:00,0.0
2024-09-02 22:00:00,0.0
2024-09-02 23:00:00,0.0
2024-09-03 00:00:00,0.0
2024-09-03 01:00:00,0.0
2024-09-03 02:00:00,0.0
2024-09-03 03:00:00,0.0
2024-09-03 04:00:00,0.0
2024-09-03 05:00:00,0.0
2024-09-03 06:00:00,130.82
2024-09-03 07:00:00,447.23
2024-09-03 08:00:00,739.0
2024-09-03 09:00:00,984.55
2024-09-03 10:00:00,1167.07
2024-09-03 11:00:00,1274.15
2024-09-03 12:00:00,1298.47
2024-09-03 13:00:00,1238.32
2024-09-03 14:00:00,1097.82
2024-09-03 15:00:00,886.53
2024-09-03 16:00:00,618.85
2024-09-03 17:00:00,312.98
2024-09-03 18:00:00,35.67
2024-09-03 19:00:00,0.0
2024-09-03 20:00:00,0.0
2024-09-03 21:00:00,0.0
2024-09-03 22:00:00,0.0
2024-09-03 23:00:00,0.0
2024-09-04 00:00:00,0.0
2024-09-04 01:00:00,0.0
2024-09-04 02:00:00,0.0
2024-09-04 03:00:00,0.0
2024-09-04 04:00:00,0.0
2024-09-04 05:00:00,0.0
2024-09-04 06:00:00,129.85
2024-09-04 07:00:00,446.45
2024-09-04 08:00:00,738.4
2024-09-04 09:00:00,983.92
2024-09-04 10:00:00,1166.3
2024-09-04 11:00:00,1273.07
2024-09-04 12:00:00,1296.95
2024-09-04 13:00:00,1236.25
2024-09-04 14:00:00,1095.15
2024-09-04 15:00:00,883.25
2024-09-04 16:00:00,614.95
2024-09-04 17:00:00,308.58
2024-09-04 18:00:00,33.47
2024-09-04 19:00:00,0.0
2024-09-04 20:00:00,0.0
2024-09-04 21:00:00,0.0
2024-09-04 22:00:00,0.0
2024-09-04 23:00:00,0.0
2024-09-05 00:00:00,0.0
2024-09-05 01:00:00,0.0
2024-09-05 02:00:00,0.0
2024-09-05 03:00:00,0.0
2024-09-05 04:00:00,0.0
2024-09-05 05:00:00,0.0
2024-09-05 06:00:00,128.93
2024-09-05 07:00:00,445.75
2024-09-05 08:00:00,737.9
2024-09-05 09:00:00,983.47
2024-09-05 10:00:00,1165.72
2024-09-05 11:00:00,1272.2
2024-09-05 12:00:00,1295.62
2024-09-05 13:00:00,1234.38
2024-09-05 14:00:00,1092.65
2024-09-05 15:00:00,880.08
2024-09-05 16:00:00,611.15
2024-09-05 17:00:00,304.15
2024-09-05 18:00:00,31.35
2024-09-05 19:00:00,0.0
2024-09-05 20:00:00,0.0
2024-09-05 21:00:00,0.0
2024-09-05 22:00:00,0.0
2024-09-05 23:00:00,0.0
2024-09-06 00:00:00,0.0
2024-09-06 01:00:00,0.0
2024-09-06 02:00:00,0.0
2024-09-06 03:00:00,0.0
2024-09-06 04:00:00,0.0
2024-09-06 05:00:00,0.0
2024-09-06 06:00:00,128.0
2024-09-06 07:00:00,445.02
2024-09-06 08:00:00,737.35
2024-09-06 09:00:00,982.92
2024-09-06 10:00:00,1165.03
2024-09-06 11:00:00,1271.18
2024-09-06 12:00:00,1294.15
2024-09-06 13:00:00,1232.35
2024-09-06 14:00:00,1090.0
2024-09-06 15:00:00,876.78
2024-09-06 16:00:00,607.22
2024-09-06 17:00:00,299.67
2024-09-06 18:00:00,29.27
2024-09-06 19:00:00,0.0
2024-09-06 20:00:00,0.0
2024-09-06 21:00:00,0.0
2024-09-06 22:00:00,0.0
2024-09-06 23:00:00,0.0
2024-09-07 00:00:00,0.0
2024-09-07 01:00:00,0.0
2024-09-07 02:00:00,0.0
2024-09-07 03:00:00,0.0
2024-09-07 04:00:00,0.0
2024-09-07 05:00:00,0.0
2024-09-07 06:00:00,127.07
2024-09-07 07:00:00,444.27
2024-09-07 08:00:00,736.75
2024-09-07 09:00:00,982.35
2024-09-07 10:00:00,1164.28
2024-09-07 11:00:00,1270.1
2024-09-07 12:00:00,1292.6
2024-09-07 13:00:00,1230.25
2024-09-07 14:00:00,1087.28
2024-09-07 15:00:00,873.42
2024-09-07 16:00:00,603.22
2024-09-07 17:00:00,295.12
2024-09-07 18:00:00,27.25
2024-09-07 19:00:00,0.0
2024-09-07 20:00:00,0.0
2024-09-07 21:00:00,0.0
2024-09-07 22:00:00,0.0
2024-09-07 23:00:00,0.0
2024-09-08 00:00:00,0.0
2024-09-08 01:00:00,0.0
2024-09-08 02:00:00,0.0
2024-09-08 03:00:00,0.0
2024-09-08 04:00:00,0.0
2024-09-08 05:00:00,0.0
2024-09-08 06:00:00,126.15
2024-09-08 07:00:00,443.45
2024-09-08 08:00:00,736.08
2024-09-08 09:00:00,981.6
2024-09-08 10:00:00,1163.32
2024-09-08 11:00:00,1268.8
2024-09-08 12:00:00,1290.85
2024-09-08 13:00:00,1227.95
2024-09-08 14:00:00,1084.38
2024-09-08 15:00:00,869.9
2024-09-08 16:00:00,599.12
2024-09-08 17:00:00,290.52
2024-09-08 18:00:00,25.27
2024-09-08 19:00:00,0.0
2024-09-08 20:00:00,0.0
2024-09-08 21:00:00,0.0
2024-09-08 22:00:00,0.0
2024-09-08 23:00:00,0.0
2024-09-09 00:00:00,0.0
2024-09-09 01:00:00,0.0
2024-09-09 02:00:00,0.0
2024-09-09 03:00:00,0.0
2024-09-09 04:00:00,0.0
2024-09-09 05:00:00,0.0
2024-09-09 06:00:00,125.2
2024-09-09 07:00:00,442.58
2024-09-09 08:00:00,735.28
2024-09-09 09:00:00,980.72
2024-09-09 10:00:00,1162.2
2024-09-09 11:00:00,1267.32
2024-09-09 12:00:00,1288.9
2024-09-09 13:00:00,1225.45
2024-09-09 14:00:00,1081.28
2024-09-09 15:00:00,866.2
2024-09-09 16:00:00,594.9
2024-09-09 17:00:00,285.83
2024-09-09 18:00:00,23.38
2024-09-09 19:00:00,0.0
2024-09-09 20:00:00,0.0
2024-09-09 21:00:00,0.0
2024-09-09 22:00:00,0.0
2024-09-09 23:00:00,0.0
2024-09-10 00:00:00,0.0
2024-09-10 01:00:00,0.0
2024-09-10 02:00:00,0.0
2024-09-10 03:00:00,0.0
2024-09-10 04:00:00,0.0
2024-09-10 05:00:00,0.0
2024-09-10 06:00:00,124.25
2024-09-10 07:00:00,441.65
2024-09-10 08:00:00,734.4
2024-09-10 09:00:00,979.75
2024-09-10 10:00:00,1160.97
2024-09-10 11:00:00,1265.72
2024-09-10 12:00:00,1286.82
2024-09-10 13:00:00,1222.82
2024-09-10 14:00:00,1078.07
2024-09-10 15:00:00,862.42
2024-09-10 16:00:00,590.6
2024-09-10 17:00:00,281.08
2024-09-10 18:00:00,21.52
2024-09-10 19:00:00,0.0
2024-09-10 20:00:00,0.0
2024-09-10 21:00:00,0.0
2024-09-10 22:00:00,0.0
2024-09-10 23:00:00,0.0
2024-09-11 00:00:00,0.0
2024-09-11 01:00:00,0.0
2024-09-11 02:00:00,0.0
2024-09-11 03:00:00,0.0
2024-09-11 04:00:00,0.0
2024-09-11 05:00:00,0.0
2024-09-11 06:00:00,123.32
2024-09-11 07:00:00,440.83
2024-09-11 08:00:00,733.67
2024-09-11 09:00:00,978.95
2024-09-11 10:00:00,1159.97
2024-09-11 11:00:00,1264.35
2024-09-11 12:00:00,1284.95
2024-09-11 13:00:00,1220.4
2024-09-11 14:00:00,1075.03
2024-09-11 15:00:00,858.78
2024-09-11 16:00:00,586.38
2024-09-11 17:00:00,276.38
2024-09-11 18:00:00,19.75
2024-09-11 19:00:00,0.0
2024-09-11 20:00:00,0.0
2024-09-11 21:00:00,0.0
2024-09-11 22:00:00,0.0
2024-09-11 23:00:00,0.0
2024-09-12 00:00:00,0.0
2024-09-12 01:00:00,0.0
2024-09-12 02:00:00,0.0
2024-09-12 03:00:00,0.0
2024-09-12 04:00:00,0.0
2024-09-12 05:00:00,0.0
2024-09-12 06:00:00,122.4
2024-09-12 07:00:00,440.02
2024-09-12 08:00:00,732.95
2024-09-12 09:00:00,978.2
2024-09-12 10:00:00,1159.0
2024-09-12 11:00:00,1263.0
2024-09-12 12:00:00,1283.12
2024-09-12 13:00:00,1218.0
2024-09-12 14:00:00,1072.03
2024-09-12 15:00:00,855.15
2024-09-12 16:00:00,582.15
2024-09-12 17:00:00,271.62
2024-09-12 18:00:00,18.05
2024-09-12 19:00:00,0.0
2024-09-12 20:00:00,0.0
2024-09-12 21:00:00,0.0
2024-09-12 22:00:00,0.0
2024-09-12 23:00:00,0.0
2024-09-13 00:00:00,0.0
2024-09-13 01:00:00,0.0
2024-09-13 02:00:00,0.0
2024-09-13 03:00:00,0.0
2024-09-13 04:00:00,0.0
2024-09-13 05:00:00,0.0
2024-09-13 06:00:00,121.5
2024-09-13 07:00:00,439.17
2024-09-13 08:00:00,732.22
2024-09-13 09:00:00,977.4
2024-09-13 10:00:00,1157.95
2024-09-13 11:00:00,1261.6
2024-09-13 12:00:00,1281.25
2024-09-13 13:00:00,1215.53
2024-09-13 14:00:00,1068.95
2024-09-13 15:00:00,851.45
2024-09-13 16:00:00,577.88
2024-09-13 17:00:00,266.85
2024-09-13 18:00:00,16.42
2024-09-13 19:00:00,0.0
2024-09-13 20:00:00,0.0
2024-09-13 21:00:00,0.0
2024-09-13 22:00:00,0.0
2024-09-13 23:00:00,0.0
2024-09-14 00:00:00,0.0
2024-09-14 01:00:00,0.0
2024-09-14 02:00:00,0.0
2024-09-14 03:00:00,0.0
2024-09-14 04:00:00,0.0
2024-09-14 05:00:00,0.0
2024-09-14 06:00:00,120.55
2024-09-14 07:00:00,438.25
2024-09-14 08:00:00,731.33
2024-09-14 09:00:00,976.38
2024-09-14 10:00:00,1156.68
2024-09-14 11:00:00,1259.93
2024-09-14 12:00:00,1279.07
2024-09-14 13:00:00,1212.8
2024-09-14 14:00:00,1065.62
2024-09-14 15:00:00,847.55
2024-09-14 16:00:00,573.45
2024-09-14 17:00:00,262.0
2024-09-14 18:00:00,14.85
2024-09-14 19:00:00,0.0
2024-09-14 20:00:00,0.0
2024-09-14 21:00:00,0.0
2024-09-14 22:00:00,0.0
2024-09-14 23:00:00,0.0
2024-09-15 00:00:00,0.0
2024-09-15 01:00:00,0.0
2024-09-15 02:00:00,0.0
2024-09-15 03:00:00,0.0
2024-09-15 04:00:00,0.0
2024-09-15 05:00:00,0.0
2024-09-15 06:00:00,119.62
2024-09-15 07:00:00,437.3
2024-09-15 08:00:00,730.4
2024-09-15 09:00:00,975.3
2024-09-15 10:00:00,1155.32
2024-09-15 11:00:00,1258.18
2024-09-15 12:00:00,1276.82
2024-09-15 13:00:00,1210.0
2024-09-15 14:00:00,1062.25
2024-09-15 15:00:00,843.6
2024-09-15 16:00:00,569.0
2024-09-15 17:00:00,270.5
2024-09-15 18:00:00,0.0
2024-09-15 19:00:00,0.0
2024-09-15 20:00:00,0.0
2024-09-15 21:00:00,0.0
2024-09-15 22:00:00,0.0
2024-09-15 23:00:00,0.0
2024-09-16 00:00:00,0.0
2024-09-16 01:00:00,0.0
2024-09-16 02:00:00,0.0
2024-09-16 03:00:00,0.0
2024-09-16 04:00:00,0.0
2024-09-16 05:00:00,0.0
2024-09-16 06:00:00,118.65
2024-09-16 07:00:00,436.3
2024-09-16 08:00:00,729.38
2024-09-16 09:00:00,974.12
2024-09-16 10:00:00,1153.88
2024-09-16 11:00:00,1256.3
2024-09-16 12:00:00,1274.45
2024-09-16 13:00:00,1207.07
2024-09-16 14:00:00,1058.75
2024-09-16 15:00:00,839.55
2024-09-16 16:00:00,564.47
2024-09-16 17:00:00,264.15
2024-09-16 18:00:00,0.0
2024-09-16 19:00:00,0.0
2024-09-16 20:00:00,0.0
2024-09-16 21:00:00,0.0
2024-09-16 22:00:00,0.0
2024-09-16 23:00:00,0.0
2024-09-17 00:00:00,0.0
2024-09-17 01:00:00,0.0
2024-09-17 02:00:00,0.0
2024-09-17 03:00:00,0.0
2024-09-17 04:00:00,0.0
2024-09-17 05:00:00,0.0
2024-09-17 06:00:00,117.7
2024-09-17 07:00:00,435.3
2024-09-17 08:00:00,728.35
2024-09-17 09:00:00,972.95
2024-09-17 10:00:00,1152.38
2024-09-17 11:00:00,1254.4
2024-09-17 12:00:00,1272.05
2024-09-17 13:00:00,1204.1
2024-09-17 14:00:00,1055.2
2024-09-17 15:00:00,835.47
2024-09-17 16:00:00,559.92
2024-09-17 17:00:00,257.88
2024-09-17 18:00:00,0.0
2024-09-17 19:00:00,0.0
2024-09-17 20:00:00,0.0
2024-09-17 21:00:00,0.0
2024-09-17 22:00:00,0.0
2024-09-17 23:00:00,0.0
2024-09-18 00:00:00,0.0
2024-09-18 01:00:00,0.0
2024-09-18 02:00:00,0.0
2024-09-18 03:00:00,0.0
2024-09-18 04:00:00,0.0
2024-09-18 05:00:00,0.0
2024-09-18 06:00:00,116.75
2024-09-18 07:00:00,434.3
2024-09-18 08:00:00,727.35
2024-09-18 09:00:00,971.8
2024-09-18 10:00:00,1150.93
2024-09-18 11:00:00,1252.55
2024-09-18 12:00:00,1269.7
2024-09-18 13:00:00,1201.2
2024-09-18 14:00:00,1051.72
2024-09-18 15:00:00,831.45
2024-09-18 16:00:00,555.38
2024-09-18 17:00:00,251.68
2024-09-18 18:00:00,0.0
2024-09-18 19:00:00,0.0
2024-09-18 20:00:00,0.0
2024-09-18 21:00:00,0.0
2024-09-18 22:00:00,0.0
2024-09-18 23:00:00,0.0
2024-09-19 00:00:00,0.0
2024-09-19 01:00:00,0.0
2024-09-19 02:00:00,0.0
2024-09-19 03:00:00,0.0
2024-09-19 04:00:00,0.0
2024-09-19 05:00:00,0.0
2024-09-19 06:00:00,115.78
2024-09-19 07:00:00,433.25
2024-09-19 08:00:00,726.28
2024-09-19 09:00:00,970.53
2024-09-19 10:00:00,1149.35
2024-09-19 11:00:00,1250.55
2024-09-19 12:00:00,1267.2
2024-09-19 13:00:00,1198.15
2024-09-19 14:00:00,1048.12
2024-09-19 15:00:00,827.33
2024-09-19 16:00:00,550.78
2024-09-19 17:00:00,245.52
2024-09-19 18:00:00,0.0
2024-09-19 19:00:00,0.0
2024-09-19 20:00:00,0.0
2024-09-19 21:00:00,0.0
2024-09-19 22:00:00,0.0
2024-09-19 23:00:00,0.0
2024-09-20 00:00:00,0.0
2024-09-20 01:00:00,0.0
2024-09-20 02:00:00,0.0
2024-09-20 03:00:00,0.0
2024-09-20 04:00:00,0.0
2024-09-20 05:00:00,0.0
2024-09-20 06:00:00,114.8
2024-09-20 07:00:00,432.12
2024-09-20 08:00:00,725.1
2024-09-20 09:00:00,969.15
2024-09-20 10:00:00,1147.65
2024-09-20 11:00:00,1248.4
2024-09-20 12:00:00,1264.55
2024-09-20 13:00:00,1194.97
2024-09-20 14:00:00,1044.4
2024-09-20 15:00:00,823.1
2024-09-20 16:00:00,546.12
2024-09-20 17:00:00,239.45
2024-09-20 18:00:00,0.0
2024-09-20 19:00:00,0.0
2024-09-20 20:00:00,0.0
2024-09-20 21:00:00,0.0
2024-09-20 22:00:00,0.0
2024-09-20 23:00:00,0.0
2024-09-21 00:00:00,0.0
2024-09-21 01:00:00,0.0
2024-09-21 02:00:00,0.0
2024-09-21 03:00:00,0.0
2024-09-21 04:00:00,0.0
2024-09-21 05:00:00,0.0
2024-09-21 06:00:00,113.82
2024-09-21 07:00:00,431.05
2024-09-21 08:00:00,723.95
2024-09-21 09:00:00,967.83
2024-09-21 10:00:00,1146.03
2024-09-21 11:00:00,1246.35
2024-09-21 12:00:00,1262.0
2024-09-21 13:00:00,1191.88
2024-09-21 14:00:00,1040.75
2024-09-21 15:00:00,818.92
2024-09-21 16:00:00,541.5
2024-09-21 17:00:00,233.43
2024-09-21 18:00:00,0.0
2024-09-21 19:00:00,0.0
2024-09-21 20:00:00,0.0
2024-09-21 21:00:00,0.0
2024-09-21 22:00:00,0.0
2024-09-21 23:00:00,0.0
2024-09-22 00:00:00,0.0
2024-09-22 01:00:00,0.0
2024-09-22 02:00:00,0.0
2024-09-22 03:00:00,0.0
2024-09-22 04:00:00,0.0
2024-09-22 05:00:00,0.0
2024-09-22 06:00:00,112.85
2024-09-22 07:00:00,429.98
2024-09-22 08:00:00,722.85
2024-09-22 09:00:00,966.55
2024-09-22 10:00:00,1144.45
2024-09-22 11:00:00,1244.38
2024-09-22 12:00:00,1259.5
2024-09-22 13:00:00,1188.82
2024-09-22 14:00:00,1037.15
2024-09-22 15:00:00,814.8
2024-09-22 16:00:00,536.9
2024-09-22 17:00:00,227.52
2024-09-22 18:00:00,0.0
2024-09-22 19:00:00,0.0
2024-09-22 20:00:00,0.0
2024-09-22 21:00:00,0.0
2024-09-22 22:00:00,0.0
2024-09-22 23:00:00,0.0
2024-09-23 00:00:00,0.0
2024-09-23 01:00:00,0.0
2024-09-23 02:00:00,0.0
2024-09-23 03:00:00,0.0
2024-09-23 04:00:00,0.0
2024-09-23 05:00:00,0.0
2024-09-23 06:00:00,111.85
2024-09-23 07:00:00,428.85
2024-09-23 08:00:00,721.67
2024-09-23 09:00:00,965.2
2024-09-23 10:00:00,1142.78
2024-09-23 11:00:00,1242.28
2024-09-23 12:00:00,1256.93
2024-09-23 13:00:00,1185.7
2024-09-23 14:00:00,1033.47
2024-09-23 15:00:00,810.6
2024-09-23 16:00:00,532.25
2024-09-23 17:00:00,221.68
2024-09-23 18:00:00,0.0
2024-09-23 19:00:00,0.0
2024-09-23 20:00:00,0.0
2024-09-23 21:00:00,0.0
2024-09-23 22:00:00,0.0
2024-09-23 23:00:00,0.0
2024-09-24 00:00:00,0.0
2024-09-24 01:00:00,0.0
2024-09-24 02:00:00,0.0
2024-09-24 03:00:00,0.0
2024-09-24 04:00:00,0.0
2024-09-24 05:00:00,0.0
2024-09-24 06:00:00,110.88
2024-09-24 07:00:00,427.75
2024-09-24 08:00:00,720.58
2024-09-24 09:00:00,963.92
2024-09-24 10:00:00,1141.2
2024-09-24 11:00:00,1240.3
2024-09-24 12:00:00,1254.45
2024-09-24 13:00:00,1182.7
2024-09-24 14:00:00,1029.9
2024-09-24 15:00:00,806.5
2024-09-24 16:00:00,527.7
2024-09-24 17:00:00,215.95
2024-09-24 18:00:00,0.0
2024-09-24 19:00:00,0.0
2024-09-24 20:00:00,0.0
2024-09-24 21:00:00,0.0
2024-09-24 22:00:00,0.0
2024-09-24 23:00:00,0.0
2024-09-25 00:00:00,0.0
2024-09-25 01:00:00,0.0
2024-09-25 02:00:00,0.0
2024-09-25 03:00:00,0.0
2024-09-25 04:00:00,0.0
2024-09-25 05:00:00,0.0
2024-09-25 06:00:00,109.85
2024-09-25 07:00:00,426.55
2024-09-25 08:00:00,719.3
2024-09-25 09:00:00,962.45
2024-09-25 10:00:00,1139.4
2024-09-25 11:00:00,1238.07
2024-09-25 12:00:00,1251.72
2024-09-25 13:00:00,1179.45
2024-09-25 14:00:00,1026.12
2024-09-25 15:00:00,802.22
2024-09-25 16:00:00,523.0
2024-09-25 17:00:00,210.25
2024-09-25 18:00:00,0.0
2024-09-25 19:00:00,0.0
2024-09-25 20:00:00,0.0
2024-09-25 21:00:00,0.0
2024-09-25 22:00:00,0.0
2024-09-25 23:00:00,0.0
2024-09-26 00:00:00,0.0
2024-09-26 01:00:00,0.0
2024-09-26 02:00:00,0.0
2024-09-26 03:00:00,0.0
2024-09-26 04:00:00,0.0
2024-09-26 05:00:00,0.0
2024-09-26 06:00:00,108.8
2024-09-26 07:00:00,425.3
2024-09-26 08:00:00,717.97
2024-09-26 09:00:00,960.9
2024-09-26 10:00:00,1137.5
2024-09-26 11:00:00,1235.75
2024-09-26 12:00:00,1248.93
2024-09-26 13:00:00,1176.1
2024-09-26 14:00:00,1022.28
2024-09-26 15:00:00,797.92
2024-09-26 16:00:00,518.3
2024-09-26 17:00:00,204.62
2024-09-26 18:00:00,0.0
2024-09-26 19:00:00,0.0
2024-09-26 20:00:00,0.0
2024-09-26 21:00:00,0.0
2024-09-26 22:00:00,0.0
2024-09-26 23:00:00,0.0
2024-09-27 00:00:00,0.0
2024-09-27 01:00:00,0.0
2024-09-27 02:00:00,0.0
2024-09-27 03:00:00,0.0
2024-09-27 04:00:00,0.0
2024-09-27 05:00:00,0.0
2024-09-27 06:00:00,107.75
2024-09-27 07:00:00,424.02
2024-09-27 08:00:00,716.58
2024-09-27 09:00:00,959.28
2024-09-27 10:00:00,1135.53
2024-09-27 11:00:00,1233.32
2024-09-27 12:00:00,1246.03
2024-09-27 13:00:00,1172.7
2024-09-27 14:00:00,1018.38
2024-09-27 15:00:00,793.58
2024-09-27 16:00:00,513.58
2024-09-27 17:00:00,199.1
2024-09-27 18:00:00,0.0
2024-09-27 19:00:00,0.0
2024-09-27 20:00:00,0.0
2024-09-27 21:00:00,0.0
2024-09-27 22:00:00,0.0
2024-09-27 23:00:00,0.0
2024-09-28 00:00:00,0.0
2024-09-28 01:00:00,0.0
2024-09-28 02:00:00,0.0
2024-09-28 03:00:00,0.0
2024-09-28 04:00:00,0.0
2024-09-28 05:00:00,0.0
2024-09-28 06:00:00,106.68
2024-09-28 07:00:00,422.62
2024-09-28 08:00:00,715.0
2024-09-28 09:00:00,957.4
2024-09-28 10:00:00,1133.3
2024-09-28 11:00:00,1230.65
2024-09-28 12:00:00,1242.85
2024-09-28 13:00:00,1169.05
2024-09-28 14:00:00,1014.28
2024-09-28 15:00:00,789.05
2024-09-28 16:00:00,508.75
2024-09-28 17:00:00,193.62
2024-09-28 18:00:00,0.0
2024-09-28 19:00:00,0.0
2024-09-28 20:00:00,0.0
2024-09-28 21:00:00,0.0
2024-09-28 22:00:00,0.0
2024-09-28 23:00:00,0.0
2024-09-29 00:00:00,0.0
2024-09-29 01:00:00,0.0
2024-09-29 02:00:00,0.0
2024-09-29 03:00:00,0.0
2024-09-29 04:00:00,0.0
2024-09-29 05:00:00,0.0
2024-09-29 06:00:00,105.57
2024-09-29 07:00:00,421.2
2024-09-29 08:00:00,713.42
2024-09-29 09:00:00,955.55
2024-09-29 10:00:00,1131.05
2024-09-29 11:00:00,1227.97
2024-09-29 12:00:00,1239.7
2024-09-29 13:00:00,1165.4
2024-09-29 14:00:00,1010.17
2024-09-29 15:00:00,784.55
2024-09-29 16:00:00,503.95
2024-09-29 17:00:00,188.25
2024-09-29 18:00:00,0.0
2024-09-29 19:00:00,0.0
2024-09-29 20:00:00,0.0
2024-09-29 21:00:00,0.0
2024-09-29 22:00:00,0.0
2024-09-29 23:00:00,0.0
2024-09-30 00:00:00,0.0
2024-09-30 01:00:00,0.0
2024-09-30 02:00:00,0.0
2024-09-30 03:00:00,0.0
2024-09-30 04:00:00,0.0
2024-09-30 05:00:00,0.0
2024-09-30 06:00:00,104.45
2024-09-30 07:00:00,419.7
2024-09-30 08:00:00,711.7
2024-09-30 09:00:00,953.5
2024-09-30 10:00:00,1128.6
2024-09-30 11:00:00,1225.07
2024-09-30 12:00:00,1236.32
2024-09-30 13:00:00,1161.57
2024-09-30 14:00:00,1005.9
2024-09-30 15:00:00,779.95
2024-09-30 16:00:00,499.1
2024-09-30 17:00:00,182.93
2024-09-30 18:00:00,0.0
2024-09-30 19:00:00,0.0
2024-09-30 20:00:00,0.0
2024-09-30 21:00:00,0.0
2024-09-30 22:00:00,0.0
2024-09-30 23:00:00,0.0
2024-10-01 00:00:00,0.0
2024-10-01 01:00:00,0.0
2024-10-01 02:00:00,0.0
2024-10-01 03:00:00,0.0
2024-10-01 04:00:00,0.0
2024-10-01 05:00:00,0.0
2024-10-01 06:00:00,103.3
2024-10-01 07:00:00,418.17
2024-10-01 08:00:00,709.97
2024-10-01 09:00:00,951.45
2024-10-01 10:00:00,1126.18
2024-10-01 11:00:00,1222.2
2024-10-01 12:00:00,1232.97
2024-10-01 13:00:00,1157.78
2024-10-01 14:00:00,1001.7
2024-10-01 15:00:00,775.38
2024-10-01 16:00:00,494.27
2024-10-01 17:00:00,177.73
2024-10-01 18:00:00,0.0
2024-10-01 19:00:00,0.0
2024-10-01 20:00:00,0.0
2024-10-01 21:00:00,0.0
2024-10-01 22:00:00,0.0
2024-10-01 23:00:00,0.0
2024-10-02 00:00:00,0.0
2024-10-02 01:00:00,0.0
2024-10-02 02:00:00,0.0
2024-10-02 03:00:00,0.0
2024-10-02 04:00:00,0.0
2024-10-02 05:00:00,0.0
2024-10-02 06:00:00,102.12
2024-10-02 07:00:00,416.52
2024-10-02 08:00:00,708.03
2024-10-02 09:00:00,949.15
2024-10-02 10:00:00,1123.45
2024-10-02 11:00:00,1219.0
2024-10-02 12:00:00,1229.32
2024-10-02 13:00:00,1153.68
2024-10-02 14:00:00,997.22
2024-10-02 15:00:00,770.62
2024-10-02 16:00:00,489.33
2024-10-02 17:00:00,172.6
2024-10-02 18:00:00,0.0
2024-10-02 19:00:00,0.0
2024-10-02 20:00:00,0.0
2024-10-02 21:00:00,0.0
2024-10-02 22:00:00,0.0
2024-10-02 23:00:00,0.0
2024-10-03 00:00:00,0.0
2024-10-03 01:00:00,0.0
2024-10-03 02:00:00,0.0
2024-10-03 03:00:00,0.0
2024-10-03 04:00:00,0.0
2024-10-03 05:00:00,0.0
2024-10-03 06:00:00,100.95
2024-10-03 07:00:00,414.85
2024-10-03 08:00:00,706.1
2024-10-03 09:00:00,946.88
2024-10-03 10:00:00,1120.72
2024-10-03 11:00:00,1215.85
2024-10-03 12:00:00,1225.7
2024-10-03 13:00:00,1149.62
2024-10-03 14:00:00,992.83
2024-10-03 15:00:00,765.92
2024-10-03 16:00:00,484.45
2024-10-03 17:00:00,167.55
2024-10-03 18:00:00,0.0
2024-10-03 19:00:00,0.0
2024-10-03 20:00:00,0.0
2024-10-03 21:00:00,0.0
2024-10-03 22:00:00,0.0
2024-10-03 23:00:00,0.0
2024-10-04 00:00:00,0.0
2024-10-04 01:00:00,0.0
2024-10-04 02:00:00,0.0
2024-10-04 03:00:00,0.0
2024-10-04 04:00:00,0.0
2024-10-04 05:00:00,0.0
2024-10-04 06:00:00,99.72
2024-10-04 07:00:00,413.12
2024-10-04 08:00:00,704.08
2024-10-04 09:00:00,944.5
2024-10-04 10:00:00,1117.93
2024-10-04 11:00:00,1212.6
2024-10-04 12:00:00,1222.0
2024-10-04 13:00:00,1145.53
2024-10-04 14:00:00,988.35
2024-10-04 15:00:00,761.2
2024-10-04 16:00:00,479.58
2024-10-04 17:00:00,162.62
2024-10-04 18:00:00,0.0
2024-10-04 19:00:00,0.0
2024-10-04 20:00:00,0.0
2024-10-04 21:00:00,0.0
2024-10-04 22:00:00,0.0
2024-10-04 23:00:00,0.0
2024-10-05 00:00:00,0.0
2024-10-05 01:00:00,0.0
2024-10-05 02:00:00,0.0
2024-10-05 03:00:00,0.0
2024-10-05 04:00:00,0.0
2024-10-05 05:00:00,0.0
2024-10-05 06:00:00,98.55
2024-10-05 07:00:00,411.55
2024-10-05 08:00:00,702.33
2024-10-05 09:00:00,942.47
2024-10-05 10:00:00,1115.57
2024-10-05 11:00:00,1209.82
2024-10-05 12:00:00,1218.8
2024-10-05 13:00:00,1141.88
2024-10-05 14:00:00,984.3
2024-10-05 15:00:00,756.8
2024-10-05 16:00:00,474.9
2024-10-05 17:00:00,157.88
2024-10-05 18:00:00,0.0
2024-10-05 19:00:00,0.0
2024-10-05 20:00:00,0.0
2024-10-05 21:00:00,0.0
2024-10-05 22:00:00,0.0
2024-10-05 23:00:00,0.0
2024-10-06 00:00:00,0.0
2024-10-06 01:00:00,0.0
2024-10-06 02:00:00,0.0
2024-10-06 03:00:00,0.0
2024-10-06 04:00:00,0.0
2024-10-06 05:00:00,0.0
2024-10-06 06:00:00,97.35
2024-10-06 07:00:00,409.92
2024-10-06 08:00:00,700.55
2024-10-06 09:00:00,940.42
2024-10-06 10:00:00,1113.18
2024-10-06 11:00:00,1207.03
2024-10-06 12:00:00,1215.57
2024-10-06 13:00:00,1138.22
2024-10-06 14:00:00,980.28
2024-10-06 15:00:00,752.45
2024-10-06 16:00:00,470.27
2024-10-06 17:00:00,153.23
2024-10-06 18:00:00,0.0
2024-10-06 19:00:00,0.0
2024-10-06 20:00:00,0.0
2024-10-06 21:00:00,0.0
2024-10-06 22:00:00,0.0
2024-10-06 23:00:00,0.0
2024-10-07 00:00:00,0.0
2024-10-07 01:00:00,0.0
2024-10-07 02:00:00,0.0
2024-10-07 03:00:00,0.0
2024-10-07 04:00:00,0.0
2024-10-07 05:00:00,0.0
2024-10-07 06:00:00,96.12
2024-10-07 07:00:00,408.23
2024-10-07 08:00:00,698.65
2024-10-07 09:00:00,938.22
2024-10-07 10:00:00,1110.62
2024-10-07 11:00:00,1204.07
2024-10-07 12:00:00,1212.2
2024-10-07 13:00:00,1134.45
2024-10-07 14:00:00,976.12
2024-10-07 15:00:00,748.0
2024-10-07 16:00:00,465.62
2024-10-07 17:00:00,148.65
2024-10-07 18:00:00,0.0
2024-10-07 19:00:00,0.0
2024-10-07 20:00:00,0.0
2024-10-07 21:00:00,0.0
2024-10-07 22:00:00,0.0
2024-10-07 23:00:00,0.0
2024-10-08 00:00:00,0.0
2024-10-08 01:00:00,0.0
2024-10-08 02:00:00,0.0
2024-10-08 03:00:00,0.0
2024-10-08 04:00:00,0.0
2024-10-08 05:00:00,0.0
2024-10-08 06:00:00,94.85
2024-10-08 07:00:00,406.4
2024-10-08 08:00:00,696.6
2024-10-08 09:00:00,935.85
2024-10-08 10:00:00,1107.88
2024-10-08 11:00:00,1200.9
2024-10-08 12:00:00,1208.62
2024-10-08 13:00:00,1130.5
2024-10-08 14:00:00,971.83
2024-10-08 15:00:00,743.45
2024-10-08 16:00:00,460.92
2024-10-08 17:00:00,144.18
2024-10-08 18:00:00,0.0
2024-10-08 19:00:00,0.0
2024-10-08 20:00:00,0.0
2024-10-08 21:00:00,0.0
2024-10-08 22:00:00,0.0
2024-10-08 23:00:00,0.0
2024-10-09 00:00:00,0.0
2024-10-09 01:00:00,0.0
2024-10-09 02:00:00,0.0
2024-10-09 03:00:00,0.0
2024-10-09 04:00:00,0.0
2024-10-09 05:00:00,0.0
2024-10-09 06:00:00,93.55
2024-10-09 07:00:00,404.55
2024-10-09 08:00:00,694.45
2024-10-09 09:00:00,933.38
2024-10-09 10:00:00,1105.0
2024-10-09 11:00:00,1197.65
2024-10-09 12:00:00,1204.95
2024-10-09 13:00:00,1126.47
2024-10-09 14:00:00,967.5
2024-10-09 15:00:00,738.9
2024-10-09 16:00:00,456.23
2024-10-09 17:00:00,139.8
2024-10-09 18:00:00,0.0
2024-10-09 19:00:00,0.0
2024-10-09 20:00:00,0.0
2024-10-09 21:00:00,0.0
2024-10-09 22:00:00,0.0
2024-10-09 23:00:00,0.0
2024-10-10 00:00:00,0.0
2024-10-10 01:00:00,0.0
2024-10-10 02:00:00,0.0
2024-10-10 03:00:00,0.0
2024-10-10 04:00:00,0.0
2024-10-10 05:00:00,0.0
2024-10-10 06:00:00,92.25
2024-10-10 07:00:00,402.67
2024-10-10 08:00:00,692.35
2024-10-10 09:00:00,930.95
2024-10-10 10:00:00,1102.2
2024-10-10 11:00:00,1194.45
2024-10-10 12:00:00,1201.38
2024-10-10 13:00:00,1122.53
2024-10-10 14:00:00,963.25
2024-10-10 15:00:00,734.42
2024-10-10 16:00:00,451.62
2024-10-10 17:00:00,135.55
2024-10-10 18:00:00,0.0
2024-10-10 19:00:00,0.0
2024-10-10 20:00:00,0.0
2024-10-10 21:00:00,0.0
2024-10-10 22:00:00,0.0
2024-10-10 23:00:00,0.0
2024-10-11 00:00:00,0.0
2024-10-11 01:00:00,0.0
2024-10-11 02:00:00,0.0
2024-10-11 03:00:00,0.0
2024-10-11 04:00:00,0.0
2024-10-11 05:00:00,0.0
2024-10-11 06:00:00,90.95
2024-10-11 07:00:00,400.77
2024-10-11 08:00:00,690.22
2024-10-11 09:00:00,928.53
2024-10-11 10:00:00,1099.45
2024-10-11 11:00:00,1191.32
2024-10-11 12:00:00,1197.88
2024-10-11 13:00:00,1118.68
2024-10-11 14:00:00,959.1
2024-10-11 15:00:00,730.03
2024-10-11 16:00:00,447.08
2024-10-11 17:00:00,131.43
2024-10-11 18:00:00,0.0
2024-10-11 19:00:00,0.0
2024-10-11 20:00:00,0.0
2024-10-11 21:00:00,0.0
2024-10-11 22:00:00,0.0
2024-10-11 23:00:00,0.0
2024-10-12 00:00:00,0.0
2024-10-12 01:00:00,0.0
2024-10-12 02:00:00,0.0
2024-10-12 03:00:00,0.0
2024-10-12 04:00:00,0.0
2024-10-12 05:00:00,0.0
2024-10-12 06:00:00,89.6
2024-10-12 07:00:00,398.83
2024-10-12 08:00:00,688.03
2024-10-12 09:00:00,926.0
2024-10-12 10:00:00,1096.57
2024-10-12 11:00:00,1188.07
2024-10-12 12:00:00,1194.25
2024-10-12 13:00:00,1114.72
2024-10-12 14:00:00,954.88
2024-10-12 15:00:00,725.6
2024-10-12 16:00:00,442.55
2024-10-12 17:00:00,127.38
2024-10-12 18:00:00,0.0
2024-10-12 19:00:00,0.0
2024-10-12 20:00:00,0.0
2024-10-12 21:00:00,0.0
2024-10-12 22:00:00,0.0
2024-10-12 23:00:00,0.0
2024-10-13 00:00:00,0.0
2024-10-13 01:00:00,0.0
2024-10-13 02:00:00,0.0
2024-10-13 03:00:00,0.0
2024-10-13 04:00:00,0.0
2024-10-13 05:00:00,0.0
2024-10-13 06:00:00,88.28
2024-10-13 07:00:00,396.9
2024-10-13 08:00:00,685.92
2024-10-13 09:00:00,923.65
2024-10-13 10:00:00,1093.93
2024-10-13 11:00:00,1185.07
2024-10-13 12:00:00,1190.9
2024-10-13 13:00:00,1111.03
2024-10-13 14:00:00,950.88
2024-10-13 15:00:00,721.38
2024-10-13 16:00:00,438.15
2024-10-13 17:00:00,123.47
2024-10-13 18:00:00,0.0
2024-10-13 19:00:00,0.0
2024-10-13 20:00:00,0.0
2024-10-13 21:00:00,0.0
2024-10-13 22:00:00,0.0
2024-10-13 23:00:00,0.0
2024-10-14 00:00:00,0.0
2024-10-14 01:00:00,0.0
2024-10-14 02:00:00,0.0
2024-10-14 03:00:00,0.0
2024-10-14 04:00:00,0.0
2024-10-14 05:00:00,0.0
2024-10-14 06:00:00,86.93
2024-10-14 07:00:00,394.95
2024-10-14 08:00:00,683.78
2024-10-14 09:00:00,921.25
2024-10-14 10:00:00,1091.2
2024-10-14 11:00:00,1182.03
2024-10-14 12:00:00,1187.53
2024-10-14 13:00:00,1107.32
2024-10-14 14:00:00,946.9
2024-10-14 15:00:00,717.17
2024-10-14 16:00:00,433.8
2024-10-14 17:00:00,119.68
2024-10-14 18:00:00,0.0
2024-10-14 19:00:00,0.0
2024-10-14 20:00:00,0.0
2024-10-14 21:00:00,0.0
2024-10-14 22:00:00,0.0
2024-10-14 23:00:00,0.0
2024-10-15 00:00:00,0.0
2024-10-15 01:00:00,0.0
2024-10-15 02:00:00,0.0
2024-10-15 03:00:00,0.0
2024-10-15 04:00:00,0.0
2024-10-15 05:00:00,0.0
2024-10-15 06:00:00,85.53
2024-10-15 07:00:00,392.85
2024-10-15 08:00:00,681.45
2024-10-15 09:00:00,918.62
2024-10-15 10:00:00,1088.25
2024-10-15 11:00:00,1178.72
2024-10-15 12:00:00,1183.9
2024-10-15 13:00:00,1103.4
2024-10-15 14:00:00,942.75
2024-10-15 15:00:00,712.85
2024-10-15 16:00:00,429.4
2024-10-15 17:00:00,115.97
2024-10-15 18:00:00,0.0
2024-10-15 19:00:00,0.0
2024-10-15 20:00:00,0.0
2024-10-15 21:00:00,0.0
2024-10-15 22:00:00,0.0
2024-10-15 23:00:00,0.0
2024-10-16 00:00:00,0.0
2024-10-16 01:00:00,0.0
2024-10-16 02:00:00,0.0
2024-10-16 03:00:00,0.0
2024-10-16 04:00:00,0.0
2024-10-16 05:00:00,0.0
2024-10-16 06:00:00,84.1
2024-10-16 07:00:00,390.7
2024-10-16 08:00:00,679.0
2024-10-16 09:00:00,915.88
2024-10-16 10:00:00,1085.15
2024-10-16 11:00:00,1175.3
2024-10-16 12:00:00,1180.15
2024-10-16 13:00:00,1099.4
2024-10-16 14:00:00,938.55
2024-10-16 15:00:00,708.53
2024-10-16 16:00:00,425.05
2024-10-16 17:00:00,112.38
2024-10-16 18:00:00,0.0
2024-10-16 19:00:00,0.0
2024-10-16 20:00:00,0.0
2024-10-16 21:00:00,0.0
2024-10-16 22:00:00,0.0
2024-10-16 23:00:00,0.0
2024-10-17 00:00:00,0.0
2024-10-17 01:00:00,0.0
2024-10-17 02:00:00,0.0
2024-10-17 03:00:00,0.0
2024-10-17 04:00:00,0.0
2024-10-17 05:00:00,0.0
2024-10-17 06:00:00,82.65
2024-10-17 07:00:00,388.42
2024-10-17 08:00:00,676.45
2024-10-17 09:00:00,912.97
2024-10-17 10:00:00,1081.9
2024-10-17 11:00:00,1171.72
2024-10-17 12:00:00,1176.28
2024-10-17 13:00:00,1095.28
2024-10-17 14:00:00,934.25
2024-10-17 15:00:00,704.15
2024-10-17 16:00:00,420.67
2024-10-17 17:00:00,108.85
2024-10-17 18:00:00,0.0
2024-10-17 19:00:00,0.0
2024-10-17 20:00:00,0.0
2024-10-17 21:00:00,0.0
2024-10-17 22:00:00,0.0
2024-10-17 23:00:00,0.0
2024-10-18 00:00:00,0.0
2024-10-18 01:00:00,0.0
2024-10-18 02:00:00,0.0
2024-10-18 03:00:00,0.0
2024-10-18 04:00:00,0.0
2024-10-18 05:00:00,0.0
2024-10-18 06:00:00,81.18
2024-10-18 07:00:00,386.17
2024-10-18 08:00:00,673.92
2024-10-18 09:00:00,910.15
2024-10-18 10:00:00,1078.75
2024-10-18 11:00:00,1168.25
2024-10-18 12:00:00,1172.53
2024-10-18 13:00:00,1091.3
2024-10-18 14:00:00,930.1
2024-10-18 15:00:00,699.9
2024-10-18 16:00:00,416.42
2024-10-18 17:00:00,105.45
2024-10-18 18:00:00,0.0
2024-10-18 19:00:00,0.0
2024-10-18 20:00:00,0.0
2024-10-18 21:00:00,0.0
2024-10-18 22:00:00,0.0
2024-10-18 23:00:00,0.0
2024-10-19 00:00:00,0.0
2024-10-19 01:00:00,0.0
2024-10-19 02:00:00,0.0
2024-10-19 03:00:00,0.0
2024-10-19 04:00:00,0.0
2024-10-19 05:00:00,0.0
2024-10-19 06:00:00,79.7
2024-10-19 07:00:00,383.88
2024-10-19 08:00:00,671.38
2024-10-19 09:00:00,907.3
2024-10-19 10:00:00,1075.6
2024-10-19 11:00:00,1164.8
2024-10-19 12:00:00,1168.8
2024-10-19 13:00:00,1087.35
2024-10-19 14:00:00,926.0
2024-10-19 15:00:00,695.72
2024-10-19 16:00:00,412.23
2024-10-19 17:00:00,102.18
2024-10-19 18:00:00,0.0
2024-10-19 19:00:00,0.0
2024-10-19 20:00:00,0.0
2024-10-19 21:00:00,0.0
2024-10-19 22:00:00,0.0
2024-10-19 23:00:00,0.0
2024-10-20 00:00:00,0.0
2024-10-20 01:00:00,0.0
2024-10-20 02:00:00,0.0
2024-10-20 03:00:00,0.0
2024-10-20 04:00:00,0.0
2024-10-20 05:00:00,0.0
2024-10-20 06:00:00,78.22
2024-10-20 07:00:00,381.6
2024-10-20 08:00:00,668.85
2024-10-20 09:00:00,904.53
2024-10-20 10:00:00,1072.55
2024-10-20 11:00:00,1161.47
2024-10-20 12:00:00,1165.22
2024-10-20 13:00:00,1083.55
2024-10-20 14:00:00,922.03
2024-10-20 15:00:00,691.67
2024-10-20 16:00:00,408.15
2024-10-20 17:00:00,99.03
2024-10-20 18:00:00,0.0
2024-10-20 19:00:00,0.0
2024-10-20 20:00:00,0.0
2024-10-20 21:00:00,0.0
2024-10-20 22:00:00,0.0
2024-10-20 23:00:00,0.0
2024-10-21 00:00:00,0.0
2024-10-21 01:00:00,0.0
2024-10-21 02:00:00,0.0
2024-10-21 03:00:00,0.0
2024-10-21 04:00:00,0.0
2024-10-21 05:00:00,0.0
2024-10-21 06:00:00,76.72
2024-10-21 07:00:00,379.2
2024-10-21 08:00:00,666.2
2024-10-21 09:00:00,901.58
2024-10-21 10:00:00,1069.32
2024-10-21 11:00:00,1157.97
2024-10-21 12:00:00,1161.47
2024-10-21 13:00:00,1079.62
2024-10-21 14:00:00,917.97
2024-10-21 15:00:00,687.58
2024-10-21 16:00:00,404.08
2024-10-21 17:00:00,95.95
2024-10-21 18:00:00,0.0
2024-10-21 19:00:00,0.0
2024-10-21 20:00:00,0.0
2024-10-21 21:00:00,0.0
2024-10-21 22:00:00,0.0
2024-10-21 23:00:00,0.0
2024-10-22 00:00:00,0.0
2024-10-22 01:00:00,0.0
2024-10-22 02:00:00,0.0
2024-10-22 03:00:00,0.0
2024-10-22 04:00:00,0.0
2024-10-22 05:00:00,0.0
2024-10-22 06:00:00,75.18
2024-10-22 07:00:00,376.75
2024-10-22 08:00:00,663.47
2024-10-22 09:00:00,898.58
2024-10-22 10:00:00,1066.03
2024-10-22 11:00:00,1154.4
2024-10-22 12:00:00,1157.7
2024-10-22 13:00:00,1075.68
2024-10-22 14:00:00,913.95
2024-10-22 15:00:00,683.5
2024-10-22 16:00:00,400.08
2024-10-22 17:00:00,92.97
2024-10-22 18:00:00,0.0
2024-10-22 19:00:00,0.0
2024-10-22 20:00:00,0.0
2024-10-22 21:00:00,0.0
2024-10-22 22:00:00,0.0
2024-10-22 23:00:00,0.0
2024-10-23 00:00:00,0.0
2024-10-23 01:00:00,0.0
2024-10-23 02:00:00,0.0
2024-10-23 03:00:00,0.0
2024-10-23 04:00:00,0.0
2024-10-23 05:00:00,0.0
2024-10-23 06:00:00,73.62
2024-10-23 07:00:00,374.2
2024-10-23 08:00:00,660.6
2024-10-23 09:00:00,895.4
2024-10-23 10:00:00,1062.55
2024-10-23 11:00:00,1150.65
2024-10-23 12:00:00,1153.75
2024-10-23 13:00:00,1071.6
2024-10-23 14:00:00,909.8
2024-10-23 15:00:00,679.4
2024-10-23 16:00:00,396.08
2024-10-23 17:00:00,90.1
2024-10-23 18:00:00,0.0
2024-10-23 19:00:00,0.0
2024-10-23 20:00:00,0.0
2024-10-23 21:00:00,0.0
2024-10-23 22:00:00,0.0
2024-10-23 23:00:00,0.0
2024-10-24 00:00:00,0.0
2024-10-24 01:00:00,0.0
2024-10-24 02:00:00,0.0
2024-10-24 03:00:00,0.0
2024-10-24 04:00:00,0.0
2024-10-24 05:00:00,0.0
2024-10-24 06:00:00,72.05
2024-10-24 07:00:00,371.58
2024-10-24 08:00:00,657.67
2024-10-24 09:00:00,892.15
2024-10-24 10:00:00,1059.0
2024-10-24 11:00:00,1146.88
2024-10-24 12:00:00,1149.78
2024-10-24 13:00:00,1067.5
2024-10-24 14:00:00,905.67
2024-10-24 15:00:00,675.33
2024-10-24 16:00:00,392.12
2024-10-24 17:00:00,87.32
2024-10-24 18:00:00,0.0
2024-10-24 19:00:00,0.0
2024-10-24 20:00:00,0.0
2024-10-24 21:00:00,0.0
2024-10-24 22:00:00,0.0
2024-10-24 23:00:00,0.0
2024-10-25 00:00:00,0.0
2024-10-25 01:00:00,0.0
2024-10-25 02:00:00,0.0
2024-10-25 03:00:00,0.0
2024-10-25 04:00:00,0.0
2024-10-25 05:00:00,0.0
2024-10-25 06:00:00,70.45
2024-10-25 07:00:00,368.9
2024-10-25 08:00:00,654.62
2024-10-25 09:00:00,888.78
2024-10-25 10:00:00,1055.32
2024-10-25 11:00:00,1142.95
2024-10-25 12:00:00,1145.68
2024-10-25 13:00:00,1063.32
2024-10-25 14:00:00,901.5
2024-10-25 15:00:00,671.25
2024-10-25 16:00:00,388.23
2024-10-25 17:00:00,84.65
2024-10-25 18:00:00,0.0
2024-10-25 19:00:00,0.0
2024-10-25 20:00:00,0.0
2024-10-25 21:00:00,0.0
2024-10-25 22:00:00,0.0
2024-10-25 23:00:00,0.0
2024-10-26 00:00:00,0.0
2024-10-26 01:00:00,0.0
2024-10-26 02:00:00,0.0
2024-10-26 03:00:00,0.0
2024-10-26 04:00:00,0.0
2024-10-26 05:00:00,0.0
2024-10-26 06:00:00,68.85
2024-10-26 07:00:00,366.08
2024-10-26 08:00:00,651.45
2024-10-26 09:00:00,885.2
2024-10-26 10:00:00,1051.45
2024-10-26 11:00:00,1138.82
2024-10-26 12:00:00,1141.4
2024-10-26 13:00:00,1059.0
2024-10-26 14:00:00,897.22
2024-10-26 15:00:00,667.12
2024-10-26 16:00:00,384.35
2024-10-26 17:00:00,82.07
2024-10-26 18:00:00,0.0
2024-10-26 19:00:00,0.0
2024-10-26 20:00:00,0.0
2024-10-26 21:00:00,0.0
2024-10-26 22:00:00,0.0
2024-10-26 23:00:00,0.0
2024-10-27 00:00:00,0.0
2024-10-27 01:00:00,0.0
2024-10-27 02:00:00,0.0
2024-10-27 03:00:00,0.0
2024-10-27 04:00:00,0.0
2024-10-27 05:00:00,0.0
2024-10-27 06:00:00,67.22
2024-10-27 07:00:00,363.27
2024-10-27 08:00:00,648.28
2024-10-27 09:00:00,881.7
2024-10-27 10:00:00,1047.68
2024-10-27 11:00:00,1134.82
2024-10-27 12:00:00,1137.28
2024-10-27 13:00:00,1054.82
2024-10-27 14:00:00,893.1
2024-10-27 15:00:00,663.12
2024-10-27 16:00:00,380.58
2024-10-27 17:00:00,79.57
2024-10-27 18:00:00,0.0
2024-10-27 19:00:00,0.0
2024-10-27 20:00:00,0.0
2024-10-27 21:00:00,0.0
2024-10-27 22:00:00,0.0
2024-10-27 23:00:00,0.0
2024-10-28 00:00:00,0.0
2024-10-28 01:00:00,0.0
2024-10-28 02:00:00,0.0
2024-10-28 03:00:00,0.0
2024-10-28 04:00:00,0.0
2024-10-28 05:00:00,0.0
2024-10-28 06:00:00,65.6
2024-10-28 07:00:00,360.48
2024-10-28 08:00:00,645.17
2024-10-28 09:00:00,878.33
2024-10-28 10:00:00,1044.03
2024-10-28 11:00:00,1131.0
2024-10-28 12:00:00,1133.32
2024-10-28 13:00:00,1050.82
2024-10-28 14:00:00,889.15
2024-10-28 15:00:00,659.3
2024-10-28 16:00:00,376.95
2024-10-28 17:00:00,77.22
2024-10-28 18:00:00,0.0
2024-10-28 19:00:00,0.0
2024-10-28 20:00:00,0.0
2024-10-28 21:00:00,0.0
2024-10-28 22:00:00,0.0
2024-10-28 23:00:00,0.0
2024-10-29 00:00:00,0.0
2024-10-29 01:00:00,0.0
2024-10-29 02:00:00,0.0
2024-10-29 03:00:00,0.0
2024-10-29 04:00:00,0.0
2024-10-29 05:00:00,0.0
2024-10-29 06:00:00,63.95
2024-10-29 07:00:00,357.6
2024-10-29 08:00:00,641.95
2024-10-29 09:00:00,874.78
2024-10-29 10:00:00,1040.22
2024-10-29 11:00:00,1127.03
2024-10-29 12:00:00,1129.22
2024-10-29 13:00:00,1046.75
2024-10-29 14:00:00,885.15
2024-10-29 15:00:00,655.47
2024-10-29 16:00:00,373.38
2024-10-29 17:00:00,74.95
2024-10-29 18:00:00,0.0
2024-10-29 19:00:00,0.0
2024-10-29 20:00:00,0.0
2024-10-29 21:00:00,0.0
2024-10-29 22:00:00,0.0
2024-10-29 23:00:00,0.0
2024-10-30 00:00:00,0.0
2024-10-30 01:00:00,0.0
2024-10-30 02:00:00,0.0
2024-10-30 03:00:00,0.0
2024-10-30 04:00:00,0.0
2024-10-30 05:00:00,0.0
2024-10-30 06:00:00,62.33
2024-10-30 07:00:00,354.75
2024-10-30 08:00:00,638.85
2024-10-30 09:00:00,871.42
2024-10-30 10:00:00,1036.68
2024-10-30 11:00:00,1123.32
2024-10-30 12:00:00,1125.47
2024-10-30 13:00:00,1042.97
2024-10-30 14:00:00,881.42
2024-10-30 15:00:00,651.9
2024-10-30 16:00:00,369.98
2024-10-30 17:00:00,72.78
2024-10-30 18:00:00,0.0
2024-10-30 19:00:00,0.0
2024-10-30 20:00:00,0.0
2024-10-30 21:00:00,0.0
2024-10-30 22:00:00,0.0
2024-10-30 23:00:00,0.0
2024-10-31 00:00:00,0.0
2024-10-31 01:00:00,0.0
2024-10-31 02:00:00,0.0
2024-10-31 03:00:00,0.0
2024-10-31 04:00:00,0.0
2024-10-31 05:00:00,0.0
2024-10-31 06:00:00,60.67
2024-10-31 07:00:00,351.85
2024-10-31 08:00:00,635.67
2024-10-31 09:00:00,868.03
2024-10-31 10:00:00,1033.1
2024-10-31 11:00:00,1119.6
2024-10-31 12:00:00,1121.7
2024-10-31 13:00:00,1039.2
2024-10-31 14:00:00,877.75
2024-10-31 15:00:00,648.35
2024-10-31 16:00:00,366.65
2024-10-31 17:00:00,70.7
2024-10-31 18:00:00,0.0
2024-10-31 19:00:00,0.0
2024-10-31 20:00:00,0.0
2024-10-31 21:00:00,0.0
2024-10-31 22:00:00,0.0
2024-10-31 23:00:00,0.0
2024-11-01 00:00:00,0.0
2024-11-01 01:00:00,0.0
2024-11-01 02:00:00,0.0
2024-11-01 03:00:00,0.0
2024-11-01 04:00:00,0.0
2024-11-01 05:00:00,0.0
2024-11-01 06:00:00,59.05
2024-11-01 07:00:00,348.92
2024-11-01 08:00:00,632.47
2024-11-01 09:00:00,864.6
2024-11-01 10:00:00,1029.47
2024-11-01 11:00:00,1115.9
2024-11-01 12:00:00,1117.93
2024-11-01 13:00:00,1035.47
2024-11-01 14:00:00,874.12
2024-11-01 15:00:00,644.9
2024-11-01 16:00:00,363.42
2024-11-01 17:00:00,68.72
2024-11-01 18:00:00,0.0
2024-11-01 19:00:00,0.0
2024-11-01 20:00:00,0.0
2024-11-01 21:00:00,0.0
2024-11-01 22:00:00,0.0
2024-11-01 23:00:00,0.0
2024-11-02 00:00:00,0.0
2024-11-02 01:00:00,0.0
2024-11-02 02:00:00,0.0
2024-11-02 03:00:00,0.0
2024-11-02 04:00:00,0.0
2024-11-02 05:00:00,0.0
2024-11-02 06:00:00,57.38
2024-11-02 07:00:00,345.92
2024-11-02 08:00:00,629.2
2024-11-02 09:00:00,861.08
2024-11-02 10:00:00,1025.78
2024-11-02 11:00:00,1112.07
2024-11-02 12:00:00,1114.1
2024-11-02 13:00:00,1031.7
2024-11-02 14:00:00,870.5
2024-11-02 15:00:00,641.47
2024-11-02 16:00:00,360.25
2024-11-02 17:00:00,66.85
2024-11-02 18:00:00,0.0
2024-11-02 19:00:00,0.0
2024-11-02 20:00:00,0.0
2024-11-02 21:00:00,0.0
2024-11-02 22:00:00,0.0
2024-11-02 23:00:00,0.0
2024-11-03 00:00:00,0.0
2024-11-03 01:00:00,0.0
2024-11-03 02:00:00,0.0
2024-11-03 03:00:00,0.0
2024-11-03 04:00:00,0.0
2024-11-03 05:00:00,0.0
2024-11-03 06:00:00,55.72
2024-11-03 07:00:00,342.88
2024-11-03 08:00:00,625.88
2024-11-03 09:00:00,857.53
2024-11-03 10:00:00,1022.08
2024-11-03 11:00:00,1108.3
2024-11-03 12:00:00,1110.3
2024-11-03 13:00:00,1027.97
2024-11-03 14:00:00,866.92
2024-11-03 15:00:00,638.15
2024-11-03 16:00:00,357.2
2024-11-03 17:00:00,65.05
2024-11-03 18:00:00,0.0
2024-11-03 19:00:00,0.0
2024-11-03 20:00:00,0.0
2024-11-03 21:00:00,0.0
2024-11-03 22:00:00,0.0
2024-11-03 23:00:00,0.0
2024-11-04 00:00:00,0.0
2024-11-04 01:00:00,0.0
2024-11-04 02:00:00,0.0
2024-11-04 03:00:00,0.0
2024-11-04 04:00:00,0.0
2024-11-04 05:00:00,0.0
2024-11-04 06:00:00,54.05
2024-11-04 07:00:00,339.73
2024-11-04 08:00:00,622.42
2024-11-04 09:00:00,853.85
2024-11-04 10:00:00,1018.22
2024-11-04 11:00:00,1104.35
2024-11-04 12:00:00,1106.38
2024-11-04 13:00:00,1024.18
2024-11-04 14:00:00,863.33
2024-11-04 15:00:00,634.8
2024-11-04 16:00:00,354.17
2024-11-04 17:00:00,63.33
2024-11-04 18:00:00,0.0
2024-11-04 19:00:00,0.0
2024-11-04 20:00:00,0.0
2024-11-04 21:00:00,0.0
2024-11-04 22:00:00,0.0
2024-11-04 23:00:00,0.0
2024-11-05 00:00:00,0.0
2024-11-05 01:00:00,0.0
2024-11-05 02:00:00,0.0
2024-11-05 03:00:00,0.0
2024-11-05 04:00:00,0.0
2024-11-05 05:00:00,0.0
2024-11-05 06:00:00,52.4
2024-11-05 07:00:00,336.6
2024-11-05 08:00:00,619.03
2024-11-05 09:00:00,850.22
2024-11-05 10:00:00,1014.45
2024-11-05 11:00:00,1100.55
2024-11-05 12:00:00,1102.6
2024-11-05 13:00:00,1020.5
2024-11-05 14:00:00,859.85
2024-11-05 15:00:00,631.6
2024-11-05 16:00:00,351.3
2024-11-05 17:00:00,61.7
2024-11-05 18:00:00,0.0
2024-11-05 19:00:00,0.0
2024-11-05 20:00:00,0.0
2024-11-05 21:00:00,0.0
2024-11-05 22:00:00,0.0
2024-11-05 23:00:00,0.0
2024-11-06 00:00:00,0.0
2024-11-06 01:00:00,0.0
2024-11-06 02:00:00,0.0
2024-11-06 03:00:00,0.0
2024-11-06 04:00:00,0.0
2024-11-06 05:00:00,0.0
2024-11-06 06:00:00,50.75
2024-11-06 07:00:00,333.45
2024-11-06 08:00:00,615.62
2024-11-06 09:00:00,846.65
2024-11-06 10:00:00,1010.78
2024-11-06 11:00:00,1096.82
2024-11-06 12:00:00,1098.95
2024-11-06 13:00:00,1017.0
2024-11-06 14:00:00,856.55
2024-11-06 15:00:00,628.55
2024-11-06 16:00:00,348.55
2024-11-06 17:00:00,60.15
2024-11-06 18:00:00,0.0
2024-11-06 19:00:00,0.0
2024-11-06 20:00:00,0.0
2024-11-06 21:00:00,0.0
2024-11-06 22:00:00,0.0
2024-11-06 23:00:00,0.0
2024-11-07 00:00:00,0.0
2024-11-07 01:00:00,0.0
2024-11-07 02:00:00,0.0
2024-11-07 03:00:00,0.0
2024-11-07 04:00:00,0.0
2024-11-07 05:00:00,0.0
2024-11-07 06:00:00,49.1
2024-11-07 07:00:00,330.27
2024-11-07 08:00:00,612.2
2024-11-07 09:00:00,843.05
2024-11-07 10:00:00,1007.1
2024-11-07 11:00:00,1093.12
2024-11-07 12:00:00,1095.32
2024-11-07 13:00:00,1013.53
2024-11-07 14:00:00,853.3
2024-11-07 15:00:00,625.6
2024-11-07 16:00:00,345.9
2024-11-07 17:00:00,58.72
2024-11-07 18:00:00,0.0
2024-11-07 19:00:00,0.0
2024-11-07 20:00:00,0.0
2024-11-07 21:00:00,0.0
2024-11-07 22:00:00,0.0
2024-11-07 23:00:00,0.0
2024-11-08 00:00:00,0.0
2024-11-08 01:00:00,0.0
2024-11-08 02:00:00,0.0
2024-11-08 03:00:00,0.0
2024-11-08 04:00:00,0.0
2024-11-08 05:00:00,0.0
2024-11-08 06:00:00,47.45
2024-11-08 07:00:00,327.05
2024-11-08 08:00:00,608.75
2024-11-08 09:00:00,839.45
2024-11-08 10:00:00,1003.4
2024-11-08 11:00:00,1089.45
2024-11-08 12:00:00,1091.75
2024-11-08 13:00:00,1010.12
2024-11-08 14:00:00,850.15
2024-11-08 15:00:00,622.72
2024-11-08 16:00:00,343.35
2024-11-08 17:00:00,57.35
2024-11-08 18:00:00,0.0
2024-11-08 19:00:00,0.0
2024-11-08 20:00:00,0.0
2024-11-08 21:00:00,0.0
2024-11-08 22:00:00,0.0
2024-11-08 23:00:00,0.0
2024-11-09 00:00:00,0.0
2024-11-09 01:00:00,0.0
2024-11-09 02:00:00,0.0
2024-11-09 03:00:00,0.0
2024-11-09 04:00:00,0.0
2024-11-09 05:00:00,0.0
2024-11-09 06:00:00,45.8
2024-11-09 07:00:00,323.8
2024-11-09 08:00:00,605.28
2024-11-09 09:00:00,835.83
2024-11-09 10:00:00,999.72
2024-11-09 11:00:00,1085.8
2024-11-09 12:00:00,1088.2
2024-11-09 13:00:00,1006.78
2024-11-09 14:00:00,847.08
2024-11-09 15:00:00,619.95
2024-11-09 16:00:00,340.92
2024-11-09 17:00:00,56.08
2024-11-09 18:00:00,0.0
2024-11-09 19:00:00,0.0
2024-11-09 20:00:00,0.0
2024-11-09 21:00:00,0.0
2024-11-09 22:00:00,0.0
2024-11-09 23:00:00,0.0
2024-11-10 00:00:00,0.0
2024-11-10 01:00:00,0.0
2024-11-10 02:00:00,0.0
2024-11-10 03:00:00,0.0
2024-11-10 04:00:00,0.0
2024-11-10 05:00:00,0.0
2024-11-10 06:00:00,44.17
2024-11-10 07:00:00,320.5
2024-11-10 08:00:00,601.78
2024-11-10 09:00:00,832.2
2024-11-10 10:00:00,996.05
2024-11-10 11:00:00,1082.18
2024-11-10 12:00:00,1084.72
2024-11-10 13:00:00,1003.5
2024-11-10 14:00:00,844.08
2024-11-10 15:00:00,617.28
2024-11-10 16:00:00,338.6
2024-11-10 17:00:00,54.85
2024-11-10 18:00:00,0.0
2024-11-10 19:00:00,0.0
2024-11-10 20:00:00,0.0
2024-11-10 21:00:00,0.0
2024-11-10 22:00:00,0.0
2024-11-10 23:00:00,0.0
2024-11-11 00:00:00,0.0
2024-11-11 01:00:00,0.0
2024-11-11 02:00:00,0.0
2024-11-11 03:00:00,0.0
2024-11-11 04:00:00,0.0
2024-11-11 05:00:00,0.0
2024-11-11 06:00:00,42.55
2024-11-11 07:00:00,317.17
2024-11-11 08:00:00,598.25
2024-11-11 09:00:00,828.55
2024-11-11 10:00:00,992.38
2024-11-11 11:00:00,1078.57
2024-11-11 12:00:00,1081.28
2024-11-11 13:00:00,1000.28
2024-11-11 14:00:00,841.15
2024-11-11 15:00:00,614.7
2024-11-11 16:00:00,336.38
2024-11-11 17:00:00,53.72
2024-11-11 18:00:00,0.0
2024-11-11 19:00:00,0.0
2024-11-11 20:00:00,0.0
2024-11-11 21:00:00,0.0
2024-11-11 22:00:00,0.0
2024-11-11 23:00:00,0.0
2024-11-12 00:00:00,0.0
2024-11-12 01:00:00,0.0
2024-11-12 02:00:00,0.0
2024-11-12 03:00:00,0.0
2024-11-12 04:00:00,0.0
2024-11-12 05:00:00,0.0
2024-11-12 06:00:00,40.95
2024-11-12 07:00:00,313.85
2024-11-12 08:00:00,594.72
2024-11-12 09:00:00,824.9
2024-11-12 10:00:00,988.7
2024-11-12 11:00:00,1075.0
2024-11-12 12:00:00,1077.85
2024-11-12 13:00:00,997.12
2024-11-12 14:00:00,838.3
2024-11-12 15:00:00,612.22
2024-11-12 16:00:00,334.27
2024-11-12 17:00:00,52.67
2024-11-12 18:00:00,0.0
2024-11-12 19:00:00,0.0
2024-11-12 20:00:00,0.0
2024-11-12 21:00:00,0.0
2024-11-12 22:00:00,0.0
2024-11-12 23:00:00,0.0
2024-11-13 00:00:00,0.0
2024-11-13 01:00:00,0.0
2024-11-13 02:00:00,0.0
2024-11-13 03:00:00,0.0
2024-11-13 04:00:00,0.0
2024-11-13 05:00:00,0.0
2024-11-13 06:00:00,39.35
2024-11-13 07:00:00,310.48
2024-11-13 08:00:00,591.15
2024-11-13 09:00:00,821.25
2024-11-13 10:00:00,985.05
2024-11-13 11:00:00,1071.45
2024-11-13 12:00:00,1074.5
2024-11-13 13:00:00,994.05
2024-11-13 14:00:00,835.58
2024-11-13 15:00:00,609.85
2024-11-13 16:00:00,332.27
2024-11-13 17:00:00,51.7
2024-11-13 18:00:00,0.0
2024-11-13 19:00:00,0.0
2024-11-13 20:00:00,0.0
2024-11-13 21:00:00,0.0
2024-11-13 22:00:00,0.0
2024-11-13 23:00:00,0.0
2024-11-14 00:00:00,0.0
2024-11-14 01:00:00,0.0
2024-11-14 02:00:00,0.0
2024-11-14 03:00:00,0.0
2024-11-14 04:00:00,0.0
2024-11-14 05:00:00,0.0
2024-11-14 06:00:00,37.78
2024-11-14 07:00:00,307.08
2024-11-14 08:00:00,587.58
2024-11-14 09:00:00,817.58
2024-11-14 10:00:00,981.42
2024-11-14 11:00:00,1067.93
2024-11-14 12:00:00,1071.2
2024-11-14 13:00:00,991.05
2024-11-14 14:00:00,832.9
2024-11-14 15:00:00,607.58
2024-11-14 16:00:00,330.4
2024-11-14 17:00:00,50.83
2024-11-14 18:00:00,0.0
2024-11-14 19:00:00,0.0
2024-11-14 20:00:00,0.0
2024-11-14 21:00:00,0.0
2024-11-14 22:00:00,0.0
2024-11-14 23:00:00,0.0
2024-11-15 00:00:00,0.0
2024-11-15 01:00:00,0.0
2024-11-15 02:00:00,0.0
2024-11-15 03:00:00,0.0
2024-11-15 04:00:00,0.0
2024-11-15 05:00:00,0.0
2024-11-15 06:00:00,36.2
2024-11-15 07:00:00,303.65
2024-11-15 08:00:00,583.97
2024-11-15 09:00:00,813.92
2024-11-15 10:00:00,977.8
2024-11-15 11:00:00,1064.45
2024-11-15 12:00:00,1067.95
2024-11-15 13:00:00,988.1
2024-11-15 14:00:00,830.33
2024-11-15 15:00:00,605.4
2024-11-15 16:00:00,328.62
2024-11-15 17:00:00,50.0
2024-11-15 18:00:00,0.0
2024-11-15 19:00:00,0.0
2024-11-15 20:00:00,0.0
2024-11-15 21:00:00,0.0
2024-11-15 22:00:00,0.0
2024-11-15 23:00:00,0.0
2024-11-16 00:00:00,0.0
2024-11-16 01:00:00,0.0
2024-11-16 02:00:00,0.0
2024-11-16 03:00:00,0.0
2024-11-16 04:00:00,0.0
2024-11-16 05:00:00,0.0
2024-11-16 06:00:00,34.67
2024-11-16 07:00:00,300.23
2024-11-16 08:00:00,580.42
2024-11-16 09:00:00,810.35
2024-11-16 10:00:00,974.28
2024-11-16 11:00:00,1061.1
2024-11-16 12:00:00,1064.88
2024-11-16 13:00:00,985.33
2024-11-16 14:00:00,827.92
2024-11-16 15:00:00,603.4
2024-11-16 16:00:00,327.0
2024-11-16 17:00:00,49.25
2024-11-16 18:00:00,0.0
2024-11-16 19:00:00,0.0
2024-11-16 20:00:00,0.0
2024-11-16 21:00:00,0.0
2024-11-16 22:00:00,0.0
2024-11-16 23:00:00,0.0
2024-11-17 00:00:00,0.0
2024-11-17 01:00:00,0.0
2024-11-17 02:00:00,0.0
2024-11-17 03:00:00,0.0
2024-11-17 04:00:00,0.0
2024-11-17 05:00:00,0.0
2024-11-17 06:00:00,33.15
2024-11-17 07:00:00,296.77
2024-11-17 08:00:00,576.83
2024-11-17 09:00:00,806.7
2024-11-17 10:00:00,970.72
2024-11-17 11:00:00,1057.72
2024-11-17 12:00:00,1061.75
2024-11-17 13:00:00,982.58
2024-11-17 14:00:00,825.58
2024-11-17 15:00:00,601.45
2024-11-17 16:00:00,325.48
2024-11-17 17:00:00,48.58
2024-11-17 18:00:00,0.0
2024-11-17 19:00:00,0.0
2024-11-17 20:00:00,0.0
2024-11-17 21:00:00,0.0
2024-11-17 22:00:00,0.0
2024-11-17 23:00:00,0.0
2024-11-18 00:00:00,0.0
2024-11-18 01:00:00,0.0
2024-11-18 02:00:00,0.0
2024-11-18 03:00:00,0.0
2024-11-18 04:00:00,0.0
2024-11-18 05:00:00,0.0
2024-11-18 06:00:00,31.65
2024-11-18 07:00:00,293.3
2024-11-18 08:00:00,573.25
2024-11-18 09:00:00,803.1
2024-11-18 10:00:00,967.22
2024-11-18 11:00:00,1054.43
2024-11-18 12:00:00,1058.75
2024-11-18 13:00:00,979.92
2024-11-18 14:00:00,823.33
2024-11-18 15:00:00,599.62
2024-11-18 16:00:00,324.08
2024-11-18 17:00:00,47.95
2024-11-18 18:00:00,0.0
2024-11-18 19:00:00,0.0
2024-11-18 20:00:00,0.0
2024-11-18 21:00:00,0.0
2024-11-18 22:00:00,0.0
2024-11-18 23:00:00,0.0
2024-11-19 00:00:00,0.0
2024-11-19 01:00:00,0.0
2024-11-19 02:00:00,0.0
2024-11-19 03:00:00,0.0
2024-11-19 04:00:00,0.0
2024-11-19 05:00:00,0.0
2024-11-19 06:00:00,30.17
2024-11-19 07:00:00,289.8
2024-11-19 08:00:00,569.62
2024-11-19 09:00:00,799.47
2024-11-19 10:00:00,963.7
2024-11-19 11:00:00,1051.12
2024-11-19 12:00:00,1055.75
2024-11-19 13:00:00,977.33
2024-11-19 14:00:00,821.15
2024-11-19 15:00:00,597.9
2024-11-19 16:00:00,322.77
2024-11-19 17:00:00,47.42
2024-11-19 18:00:00,0.0
2024-11-19 19:00:00,0.0
2024-11-19 20:00:00,0.0
2024-11-19 21:00:00,0.0
2024-11-19 22:00:00,0.0
2024-11-19 23:00:00,0.0
2024-11-20 00:00:00,0.0
2024-11-20 01:00:00,0.0
2024-11-20 02:00:00,0.0
2024-11-20 03:00:00,0.0
2024-11-20 04:00:00,0.0
2024-11-20 05:00:00,0.0
2024-11-20 06:00:00,28.73
2024-11-20 07:00:00,286.33
2024-11-20 08:00:00,566.05
2024-11-20 09:00:00,795.95
2024-11-20 10:00:00,960.3
2024-11-20 11:00:00,1047.95
2024-11-20 12:00:00,1052.93
2024-11-20 13:00:00,974.88
2024-11-20 14:00:00,819.15
2024-11-20 15:00:00,596.35
2024-11-20 16:00:00,321.62
2024-11-20 17:00:00,46.95
2024-11-20 18:00:00,0.0
2024-11-20 19:00:00,0.0
2024-11-20 20:00:00,0.0
2024-11-20 21:00:00,0.0
2024-11-20 22:00:00,0.0
2024-11-20 23:00:00,0.0
2024-11-21 00:00:00,0.0
2024-11-21 01:00:00,0.0
2024-11-21 02:00:00,0.0
2024-11-21 03:00:00,0.0
2024-11-21 04:00:00,0.0
2024-11-21 05:00:00,0.0
2024-11-21 06:00:00,27.3
2024-11-21 07:00:00,282.77
2024-11-21 08:00:00,562.4
2024-11-21 09:00:00,792.3
2024-11-21 10:00:00,956.78
2024-11-21 11:00:00,1044.68
2024-11-21 12:00:00,1050.0
2024-11-21 13:00:00,972.38
2024-11-21 14:00:00,817.12
2024-11-21 15:00:00,594.8
2024-11-21 16:00:00,320.55
2024-11-21 17:00:00,46.55
2024-11-21 18:00:00,0.0
2024-11-21 19:00:00,0.0
2024-11-21 20:00:00,0.0
2024-11-21 21:00:00,0.0
2024-11-21 22:00:00,0.0
2024-11-21 23:00:00,0.0
2024-11-22 00:00:00,0.0
2024-11-22 01:00:00,0.0
2024-11-22 02:00:00,0.0
2024-11-22 03:00:00,0.0
2024-11-22 04:00:00,0.0
2024-11-22 05:00:00,0.0
2024-11-22 06:00:00,25.92
2024-11-22 07:00:00,279.23
2024-11-22 08:00:00,558.72
2024-11-22 09:00:00,788.6
2024-11-22 10:00:00,953.22
2024-11-22 11:00:00,1041.4
2024-11-22 12:00:00,1047.07
2024-11-22 13:00:00,969.9
2024-11-22 14:00:00,815.12
2024-11-22 15:00:00,593.33
2024-11-22 16:00:00,319.58
2024-11-22 17:00:00,46.2
2024-11-22 18:00:00,0.0
2024-11-22 19:00:00,0.0
2024-11-22 20:00:00,0.0
2024-11-22 21:00:00,0.0
2024-11-22 22:00:00,0.0
2024-11-22 23:00:00,0.0
2024-11-23 00:00:00,0.0
2024-11-23 01:00:00,0.0
2024-11-23 02:00:00,0.0
2024-11-23 03:00:00,0.0
2024-11-23 04:00:00,0.0
2024-11-23 05:00:00,0.0
2024-11-23 06:00:00,24.55
2024-11-23 07:00:00,275.65
2024-11-23 08:00:00,555.03
2024-11-23 09:00:00,784.92
2024-11-23 10:00:00,949.7
2024-11-23 11:00:00,1038.15
2024-11-23 12:00:00,1044.2
2024-11-23 13:00:00,967.5
2024-11-23 14:00:00,813.25
2024-11-23 15:00:00,591.95
2024-11-23 16:00:00,318.7
2024-11-23 17:00:00,45.92
2024-11-23 18:00:00,0.0
2024-11-23 19:00:00,0.0
2024-11-23 20:00:00,0.0
2024-11-23 21:00:00,0.0
2024-11-23 22:00:00,0.0
2024-11-23 23:00:00,0.0
2024-11-24 00:00:00,0.0
2024-11-24 01:00:00,0.0
2024-11-24 02:00:00,0.0
2024-11-24 03:00:00,0.0
2024-11-24 04:00:00,0.0
2024-11-24 05:00:00,0.0
2024-11-24 06:00:00,23.23
2024-11-24 07:00:00,272.05
2024-11-24 08:00:00,551.33
2024-11-24 09:00:00,781.25
2024-11-24 10:00:00,946.17
2024-11-24 11:00:00,1034.9
2024-11-24 12:00:00,1041.38
2024-11-24 13:00:00,965.15
2024-11-24 14:00:00,811.42
2024-11-24 15:00:00,590.67
2024-11-24 16:00:00,317.95
2024-11-24 17:00:00,45.7
2024-11-24 18:00:00,0.0
2024-11-24 19:00:00,0.0
2024-11-24 20:00:00,0.0
2024-11-24 21:00:00,0.0
2024-11-24 22:00:00,0.0
2024-11-24 23:00:00,0.0
2024-11-25 00:00:00,0.0
2024-11-25 01:00:00,0.0
2024-11-25 02:00:00,0.0
2024-11-25 03:00:00,0.0
2024-11-25 04:00:00,0.0
2024-11-25 05:00:00,0.0
2024-11-25 06:00:00,21.92
2024-11-25 07:00:00,268.48
2024-11-25 08:00:00,547.62
2024-11-25 09:00:00,777.6
2024-11-25 10:00:00,942.72
2024-11-25 11:00:00,1031.75
2024-11-25 12:00:00,1038.62
2024-11-25 13:00:00,962.9
2024-11-25 14:00:00,809.72
2024-11-25 15:00:00,589.53
2024-11-25 16:00:00,317.3
2024-11-25 17:00:00,45.55
2024-11-25 18:00:00,0.0
2024-11-25 19:00:00,0.0
2024-11-25 20:00:00,0.0
2024-11-25 21:00:00,0.0
2024-11-25 22:00:00,0.0
2024-11-25 23:00:00,0.0
2024-11-26 00:00:00,0.0
2024-11-26 01:00:00,0.0
2024-11-26 02:00:00,0.0
2024-11-26 03:00:00,0.0
2024-11-26 04:00:00,0.0
2024-11-26 05:00:00,0.0
2024-11-26 06:00:00,20.65
2024-11-26 07:00:00,264.9
2024-11-26 08:00:00,543.97
2024-11-26 09:00:00,774.0
2024-11-26 10:00:00,939.33
2024-11-26 11:00:00,1028.7
2024-11-26 12:00:00,1036.0
2024-11-26 13:00:00,960.78
2024-11-26 14:00:00,808.15
2024-11-26 15:00:00,588.5
2024-11-26 16:00:00,316.8
2024-11-26 17:00:00,45.47
2024-11-26 18:00:00,0.0
2024-11-26 19:00:00,0.0
2024-11-26 20:00:00,0.0
2024-11-26 21:00:00,0.0
2024-11-26 22:00:00,0.0
2024-11-26 23:00:00,0.0
2024-11-27 00:00:00,0.0
2024-11-27 01:00:00,0.0
2024-11-27 02:00:00,0.0
2024-11-27 03:00:00,0.0
2024-11-27 04:00:00,0.0
2024-11-27 05:00:00,0.0
2024-11-27 06:00:00,19.42
2024-11-27 07:00:00,261.4
2024-11-27 08:00:00,540.45
2024-11-27 09:00:00,770.6
2024-11-27 10:00:00,936.17
2024-11-27 11:00:00,1025.9
2024-11-27 12:00:00,1033.65
2024-11-27 13:00:00,958.95
2024-11-27 14:00:00,806.85
2024-11-27 15:00:00,587.7
2024-11-27 16:00:00,316.48
2024-11-27 17:00:00,45.47
2024-11-27 18:00:00,0.0
2024-11-27 19:00:00,0.0
2024-11-27 20:00:00,0.0
2024-11-27 21:00:00,0.0
2024-11-27 22:00:00,0.0
2024-11-27 23:00:00,0.0
2024-11-28 00:00:00,0.0
2024-11-28 01:00:00,0.0
2024-11-28 02:00:00,0.0
2024-11-28 03:00:00,0.0
2024-11-28 04:00:00,0.0
2024-11-28 05:00:00,0.0
2024-11-28 06:00:00,18.25
2024-11-28 07:00:00,257.9
2024-11-28 08:00:00,536.92
2024-11-28 09:00:00,767.22
2024-11-28 10:00:00,933.05
2024-11-28 11:00:00,1023.17
2024-11-28 12:00:00,1031.4
2024-11-28 13:00:00,957.2
2024-11-28 14:00:00,805.65
2024-11-28 15:00:00,587.03
2024-11-28 16:00:00,316.27
2024-11-28 17:00:00,45.53
2024-11-28 18:00:00,0.0
2024-11-28 19:00:00,0.0
2024-11-28 20:00:00,0.0
2024-11-28 21:00:00,0.0
2024-11-28 22:00:00,0.0
2024-11-28 23:00:00,0.0
2024-11-29 00:00:00,0.0
2024-11-29 01:00:00,0.0
2024-11-29 02:00:00,0.0
2024-11-29 03:00:00,0.0
2024-11-29 04:00:00,0.0
2024-11-29 05:00:00,0.0
2024-11-29 06:00:00,17.1
2024-11-29 07:00:00,254.4
2024-11-29 08:00:00,533.45
2024-11-29 09:00:00,763.88
2024-11-29 10:00:00,930.0
2024-11-29 11:00:00,1020.5
2024-11-29 12:00:00,1029.22
2024-11-29 13:00:00,955.55
2024-11-29 14:00:00,804.55
2024-11-29 15:00:00,586.47
2024-11-29 16:00:00,316.2
2024-11-29 17:00:00,45.65
2024-11-29 18:00:00,0.0
2024-11-29 19:00:00,0.0
2024-11-29 20:00:00,0.0
2024-11-29 21:00:00,0.0
2024-11-29 22:00:00,0.0
2024-11-29 23:00:00,0.0
2024-11-30 00:00:00,0.0
2024-11-30 01:00:00,0.0
2024-11-30 02:00:00,0.0
2024-11-30 03:00:00,0.0
2024-11-30 04:00:00,0.0
2024-11-30 05:00:00,0.0
2024-11-30 06:00:00,16.0
2024-11-30 07:00:00,250.93
2024-11-30 08:00:00,530.0
2024-11-30 09:00:00,760.6
2024-11-30 10:00:00,927.03
2024-11-30 11:00:00,1017.95
2024-11-30 12:00:00,1027.15
2024-11-30 13:00:00,954.05
2024-11-30 14:00:00,803.6
2024-11-30 15:00:00,586.05
2024-11-30 16:00:00,316.25
2024-11-30 17:00:00,45.85
2024-11-30 18:00:00,0.0
2024-11-30 19:00:00,0.0
2024-11-30 20:00:00,0.0
2024-11-30 21:00:00,0.0
2024-11-30 22:00:00,0.0
2024-11-30 23:00:00,0.0
2024-12-01 00:00:00,0.0
2024-12-01 01:00:00,0.0
2024-12-01 02:00:00,0.0
2024-12-01 03:00:00,0.0
2024-12-01 04:00:00,0.0
2024-12-01 05:00:00,0.0
2024-12-01 06:00:00,14.93
2024-12-01 07:00:00,247.48
2024-12-01 08:00:00,526.6
2024-12-01 09:00:00,757.4
2024-12-01 10:00:00,924.15
2024-12-01 11:00:00,1015.5
2024-12-01 12:00:00,1025.22
2024-12-01 13:00:00,952.67
2024-12-01 14:00:00,802.78
2024-12-01 15:00:00,585.78
2024-12-01 16:00:00,316.42
2024-12-01 17:00:00,46.1
2024-12-01 18:00:00,0.0
2024-12-01 19:00:00,0.0
2024-12-01 20:00:00,0.0
2024-12-01 21:00:00,0.0
2024-12-01 22:00:00,0.0
2024-12-01 23:00:00,0.0
2024-12-02 00:00:00,0.0
2024-12-02 01:00:00,0.0
2024-12-02 02:00:00,0.0
2024-12-02 03:00:00,0.0
2024-12-02 04:00:00,0.0
2024-12-02 05:00:00,0.0
2024-12-02 06:00:00,0.0
2024-12-02 07:00:00,257.92
2024-12-02 08:00:00,523.25
2024-12-02 09:00:00,754.28
2024-12-02 10:00:00,921.38
2024-12-02 11:00:00,1013.17
2024-12-02 12:00:00,1023.42
2024-12-02 13:00:00,951.42
2024-12-02 14:00:00,802.1
2024-12-02 15:00:00,585.62
2024-12-02 16:00:00,316.73
2024-12-02 17:00:00,46.42
2024-12-02 18:00:00,0.0
2024-12-02 19:00:00,0.0
2024-12-02 20:00:00,0.0
2024-12-02 21:00:00,0.0
2024-12-02 22:00:00,0.0
2024-12-02 23:00:00,0.0
2024-12-03 00:00:00,0.0
2024-12-03 01:00:00,0.0
2024-12-03 02:00:00,0.0
2024-12-03 03:00:00,0.0
2024-12-03 04:00:00,0.0
2024-12-03 05:00:00,0.0
2024-12-03 06:00:00,0.0
2024-12-03 07:00:00,253.55
2024-12-03 08:00:00,519.95
2024-12-03 09:00:00,751.22
2024-12-03 10:00:00,918.7
2024-12-03 11:00:00,1010.97
2024-12-03 12:00:00,1021.78
2024-12-03 13:00:00,950.35
2024-12-03 14:00:00,801.6
2024-12-03 15:00:00,585.62
2024-12-03 16:00:00,317.15
2024-12-03 17:00:00,46.8
2024-12-03 18:00:00,0.0
2024-12-03 19:00:00,0.0
2024-12-03 20:00:00,0.0
2024-12-03 21:00:00,0.0
2024-12-03 22:00:00,0.0
2024-12-03 23:00:00,0.0
2024-12-04 00:00:00,0.0
2024-12-04 01:00:00,0.0
2024-12-04 02:00:00,0.0
2024-12-04 03:00:00,0.0
2024-12-04 04:00:00,0.0
2024-12-04 05:00:00,0.0
2024-12-04 06:00:00,0.0
2024-12-04 07:00:00,249.23
2024-12-04 08:00:00,516.67
2024-12-04 09:00:00,748.2
2024-12-04 10:00:00,916.05
2024-12-04 11:00:00,1008.8
2024-12-04 12:00:00,1020.15
2024-12-04 13:00:00,949.33
2024-12-04 14:00:00,801.15
2024-12-04 15:00:00,585.7
2024-12-04 16:00:00,317.7
2024-12-04 17:00:00,47.25
2024-12-04 18:00:00,0.0
2024-12-04 19:00:00,0.0
2024-12-04 20:00:00,0.0
2024-12-04 21:00:00,0.0
2024-12-04 22:00:00,0.0
2024-12-04 23:00:00,0.0
2024-12-05 00:00:00,0.0
2024-12-05 01:00:00,0.0
2024-12-05 02:00:00,0.0
2024-12-05 03:00:00,0.0
2024-12-05 04:00:00,0.0
2024-12-05 05:00:00,0.0
2024-12-05 06:00:00,0.0
2024-12-05 07:00:00,244.98
2024-12-05 08:00:00,513.45
2024-12-05 09:00:00,745.22
2024-12-05 10:00:00,913.47
2024-12-05 11:00:00,1006.72
2024-12-05 12:00:00,1018.65
2024-12-05 13:00:00,948.42
2024-12-05 14:00:00,800.83
2024-12-05 15:00:00,585.92
2024-12-05 16:00:00,318.35
2024-12-05 17:00:00,47.78
2024-12-05 18:00:00,0.0
2024-12-05 19:00:00,0.0
2024-12-05 20:00:00,0.0
2024-12-05 21:00:00,0.0
2024-12-05 22:00:00,0.0
2024-12-05 23:00:00,0.0
2024-12-06 00:00:00,0.0
2024-12-06 01:00:00,0.0
2024-12-06 02:00:00,0.0
2024-12-06 03:00:00,0.0
2024-12-06 04:00:00,0.0
2024-12-06 05:00:00,0.0
2024-12-06 06:00:00,0.0
2024-12-06 07:00:00,240.75
2024-12-06 08:00:00,510.2
2024-12-06 09:00:00,742.25
2024-12-06 10:00:00,910.88
2024-12-06 11:00:00,1004.62
2024-12-06 12:00:00,1017.12
2024-12-06 13:00:00,947.5
2024-12-06 14:00:00,800.53
2024-12-06 15:00:00,586.2
2024-12-06 16:00:00,319.1
2024-12-06 17:00:00,48.35
2024-12-06 18:00:00,0.0
2024-12-06 19:00:00,0.0
2024-12-06 20:00:00,0.0
2024-12-06 21:00:00,0.0
2024-12-06 22:00:00,0.0
2024-12-06 23:00:00,0.0
2024-12-07 00:00:00,0.0
2024-12-07 01:00:00,0.0
2024-12-07 02:00:00,0.0
2024-12-07 03:00:00,0.0
2024-12-07 04:00:00,0.0
2024-12-07 05:00:00,0.0
2024-12-07 06:00:00,0.0
2024-12-07 07:00:00,236.62
2024-12-07 08:00:00,507.0
2024-12-07 09:00:00,739.33
2024-12-07 10:00:00,908.35
2024-12-07 11:00:00,1002.62
2024-12-07 12:00:00,1015.72
2024-12-07 13:00:00,946.72
2024-12-07 14:00:00,800.35
2024-12-07 15:00:00,586.58
2024-12-07 16:00:00,319.95
2024-12-07 17:00:00,48.97
2024-12-07 18:00:00,0.0
2024-12-07 19:00:00,0.0
2024-12-07 20:00:00,0.0
2024-12-07 21:00:00,0.0
2024-12-07 22:00:00,0.0
2024-12-07 23:00:00,0.0
2024-12-08 00:00:00,0.0
2024-12-08 01:00:00,0.0
2024-12-08 02:00:00,0.0
2024-12-08 03:00:00,0.0
2024-12-08 04:00:00,0.0
2024-12-08 05:00:00,0.0
2024-12-08 06:00:00,0.0
2024-12-08 07:00:00,232.55
2024-12-08 08:00:00,503.88
2024-12-08 09:00:00,736.45
2024-12-08 10:00:00,905.92
2024-12-08 11:00:00,1000.72
2024-12-08 12:00:00,1014.4
2024-12-08 13:00:00,946.05
2024-12-08 14:00:00,800.3
2024-12-08 15:00:00,587.08
2024-12-08 16:00:00,320.92
2024-12-08 17:00:00,49.7
2024-12-08 18:00:00,0.0
2024-12-08 19:00:00,0.0
2024-12-08 20:00:00,0.0
2024-12-08 21:00:00,0.0
2024-12-08 22:00:00,0.0
2024-12-08 23:00:00,0.0
2024-12-09 00:00:00,0.0
2024-12-09 01:00:00,0.0
2024-12-09 02:00:00,0.0
2024-12-09 03:00:00,0.0
2024-12-09 04:00:00,0.0
2024-12-09 05:00:00,0.0
2024-12-09 06:00:00,0.0
2024-12-09 07:00:00,228.57
2024-12-09 08:00:00,500.77
2024-12-09 09:00:00,733.67
2024-12-09 10:00:00,903.58
2024-12-09 11:00:00,998.92
2024-12-09 12:00:00,1013.22
2024-12-09 13:00:00,945.5
2024-12-09 14:00:00,800.35
2024-12-09 15:00:00,587.7
2024-12-09 16:00:00,322.02
2024-12-09 17:00:00,50.47
2024-12-09 18:00:00,0.0
2024-12-09 19:00:00,0.0
2024-12-09 20:00:00,0.0
2024-12-09 21:00:00,0.0
2024-12-09 22:00:00,0.0
2024-12-09 23:00:00,0.0
2024-12-10 00:00:00,0.0
2024-12-10 01:00:00,0.0
2024-12-10 02:00:00,0.0
2024-12-10 03:00:00,0.0
2024-12-10 04:00:00,0.0
2024-12-10 05:00:00,0.0
2024-12-10 06:00:00,0.0
2024-12-10 07:00:00,224.7
2024-12-10 08:00:00,497.75
2024-12-10 09:00:00,730.97
2024-12-10 10:00:00,901.33
2024-12-10 11:00:00,997.22
2024-12-10 12:00:00,1012.12
2024-12-10 13:00:00,945.05
2024-12-10 14:00:00,800.55
2024-12-10 15:00:00,588.45
2024-12-10 16:00:00,323.23
2024-12-10 17:00:00,51.3
2024-12-10 18:00:00,0.0
2024-12-10 19:00:00,0.0
2024-12-10 20:00:00,0.0
2024-12-10 21:00:00,0.0
2024-12-10 22:00:00,0.0
2024-12-10 23:00:00,0.0
2024-12-11 00:00:00,0.0
2024-12-11 01:00:00,0.0
2024-12-11 02:00:00,0.0
2024-12-11 03:00:00,0.0
2024-12-11 04:00:00,0.0
2024-12-11 05:00:00,0.0
2024-12-11 06:00:00,0.0
2024-12-11 07:00:00,220.9
2024-12-11 08:00:00,494.77
2024-12-11 09:00:00,728.33
2024-12-11 10:00:00,899.15
2024-12-11 11:00:00,995.62
2024-12-11 12:00:00,1011.15
2024-12-11 13:00:00,944.72
2024-12-11 14:00:00,800.85
2024-12-11 15:00:00,589.3
2024-12-11 16:00:00,324.52
2024-12-11 17:00:00,52.22
2024-12-11 18:00:00,0.0
2024-12-11 19:00:00,0.0
2024-12-11 20:00:00,0.0
2024-12-11 21:00:00,0.0
2024-12-11 22:00:00,0.0
2024-12-11 23:00:00,0.0
2024-12-12 00:00:00,0.0
2024-12-12 01:00:00,0.0
2024-12-12 02:00:00,0.0
2024-12-12 03:00:00,0.0
2024-12-12 04:00:00,0.0
2024-12-12 05:00:00,0.0
2024-12-12 06:00:00,0.0
2024-12-12 07:00:00,217.18
2024-12-12 08:00:00,491.88
2024-12-12 09:00:00,725.78
2024-12-12 10:00:00,897.08
2024-12-12 11:00:00,994.12
2024-12-12 12:00:00,1010.3
2024-12-12 13:00:00,944.53
2024-12-12 14:00:00,801.25
2024-12-12 15:00:00,590.28
2024-12-12 16:00:00,325.95
2024-12-12 17:00:00,53.2
2024-12-12 18:00:00,0.0
2024-12-12 19:00:00,0.0
2024-12-12 20:00:00,0.0
2024-12-12 21:00:00,0.0
2024-12-12 22:00:00,0.0
2024-12-12 23:00:00,0.0
2024-12-13 00:00:00,0.0
2024-12-13 01:00:00,0.0
2024-12-13 02:00:00,0.0
2024-12-13 03:00:00,0.0
2024-12-13 04:00:00,0.0
2024-12-13 05:00:00,0.0
2024-12-13 06:00:00,0.0
2024-12-13 07:00:00,213.55
2024-12-13 08:00:00,489.05
2024-12-13 09:00:00,723.3
2024-12-13 10:00:00,895.1
2024-12-13 11:00:00,992.72
2024-12-13 12:00:00,1009.55
2024-12-13 13:00:00,944.42
2024-12-13 14:00:00,801.8
2024-12-13 15:00:00,591.38
2024-12-13 16:00:00,327.48
2024-12-13 17:00:00,54.25
2024-12-13 18:00:00,0.0
2024-12-13 19:00:00,0.0
2024-12-13 20:00:00,0.0
2024-12-13 21:00:00,0.0
2024-12-13 22:00:00,0.0
2024-12-13 23:00:00,0.0
2024-12-14 00:00:00,0.0
2024-12-14 01:00:00,0.0
2024-12-14 02:00:00,0.0
2024-12-14 03:00:00,0.0
2024-12-14 04:00:00,0.0
2024-12-14 05:00:00,0.0
2024-12-14 06:00:00,0.0
2024-12-14 07:00:00,210.02
2024-12-14 08:00:00,486.3
2024-12-14 09:00:00,720.95
2024-12-14 10:00:00,893.25
2024-12-14 11:00:00,991.47
2024-12-14 12:00:00,1008.95
2024-12-14 13:00:00,944.5
2024-12-14 14:00:00,802.5
2024-12-14 15:00:00,592.6
2024-12-14 16:00:00,329.12
2024-12-14 17:00:00,55.38
2024-12-14 18:00:00,0.0
2024-12-14 19:00:00,0.0
2024-12-14 20:00:00,0.0
2024-12-14 21:00:00,0.0
2024-12-14 22:00:00,0.0
2024-12-14 23:00:00,0.0
2024-12-15 00:00:00,0.0
2024-12-15 01:00:00,0.0
2024-12-15 02:00:00,0.0
2024-12-15 03:00:00,0.0
2024-12-15 04:00:00,0.0
2024-12-15 05:00:00,0.0
2024-12-15 06:00:00,0.0
2024-12-15 07:00:00,206.57
2024-12-15 08:00:00,483.58
2024-12-15 09:00:00,718.6
2024-12-15 10:00:00,891.4
2024-12-15 11:00:00,990.25
2024-12-15 12:00:00,1008.38
2024-12-15 13:00:00,944.6
2024-12-15 14:00:00,803.22
2024-12-15 15:00:00,593.88
2024-12-15 16:00:00,330.85
2024-12-15 17:00:00,56.55
2024-12-15 18:00:00,0.0
2024-12-15 19:00:00,0.0
2024-12-15 20:00:00,0.0
2024-12-15 21:00:00,0.0
2024-12-15 22:00:00,0.0
2024-12-15 23:00:00,0.0
2024-12-16 00:00:00,0.0
2024-12-16 01:00:00,0.0
2024-12-16 02:00:00,0.0
2024-12-16 03:00:00,0.0
2024-12-16 04:00:00,0.0
2024-12-16 05:00:00,0.0
2024-12-16 06:00:00,0.0
2024-12-16 07:00:00,203.25
2024-12-16 08:00:00,480.98
2024-12-16 09:00:00,716.38
2024-12-16 10:00:00,889.72
2024-12-16 11:00:00,989.17
2024-12-16 12:00:00,1008.0
2024-12-16 13:00:00,944.88
2024-12-16 14:00:00,804.12
2024-12-16 15:00:00,595.33
2024-12-16 16:00:00,332.7
2024-12-16 17:00:00,57.83
2024-12-16 18:00:00,0.0
2024-12-16 19:00:00,0.0
2024-12-16 20:00:00,0.0
2024-12-16 21:00:00,0.0
2024-12-16 22:00:00,0.0
2024-12-16 23:00:00,0.0
2024-12-17 00:00:00,0.0
2024-12-17 01:00:00,0.0
2024-12-17 02:00:00,0.0
2024-12-17 03:00:00,0.0
2024-12-17 04:00:00,0.0
2024-12-17 05:00:00,0.0
2024-12-17 06:00:00,0.0
2024-12-17 07:00:00,200.02
2024-12-17 08:00:00,478.42
2024-12-17 09:00:00,714.28
2024-12-17 10:00:00,888.15
2024-12-17 11:00:00,988.25
2024-12-17 12:00:00,1007.72
2024-12-17 13:00:00,945.28
2024-12-17 14:00:00,805.12
2024-12-17 15:00:00,596.88
2024-12-17 16:00:00,334.65
2024-12-17 17:00:00,59.15
2024-12-17 18:00:00,0.0
2024-12-17 19:00:00,0.0
2024-12-17 20:00:00,0.0
2024-12-17 21:00:00,0.0
2024-12-17 22:00:00,0.0
2024-12-17 23:00:00,0.0
2024-12-18 00:00:00,0.0
2024-12-18 01:00:00,0.0
2024-12-18 02:00:00,0.0
2024-12-18 03:00:00,0.0
2024-12-18 04:00:00,0.0
2024-12-18 05:00:00,0.0
2024-12-18 06:00:00,0.0
2024-12-18 07:00:00,196.9
2024-12-18 08:00:00,476.0
2024-12-18 09:00:00,712.3
2024-12-18 10:00:00,886.72
2024-12-18 11:00:00,987.47
2024-12-18 12:00:00,1007.62
2024-12-18 13:00:00,945.83
2024-12-18 14:00:00,806.33
2024-12-18 15:00:00,598.55
2024-12-18 16:00:00,336.7
2024-12-18 17:00:00,60.58
2024-12-18 18:00:00,0.0
2024-12-18 19:00:00,0.0
2024-12-18 20:00:00,0.0
2024-12-18 21:00:00,0.0
2024-12-18 22:00:00,0.0
2024-12-18 23:00:00,0.0
2024-12-19 00:00:00,0.0
2024-12-19 01:00:00,0.0
2024-12-19 02:00:00,0.0
2024-12-19 03:00:00,0.0
2024-12-19 04:00:00,0.0
2024-12-19 05:00:00,0.0
2024-12-19 06:00:00,0.0
2024-12-19 07:00:00,193.88
2024-12-19 08:00:00,473.7
2024-12-19 09:00:00,710.45
2024-12-19 10:00:00,885.47
2024-12-19 11:00:00,986.88
2024-12-19 12:00:00,1007.72
2024-12-19 13:00:00,946.6
2024-12-19 14:00:00,807.67
2024-12-19 15:00:00,600.4
2024-12-19 16:00:00,338.9
2024-12-19 17:00:00,62.05
2024-12-19 18:00:00,0.0
2024-12-19 19:00:00,0.0
2024-12-19 20:00:00,0.0
2024-12-19 21:00:00,0.0
2024-12-19 22:00:00,0.0
2024-12-19 23:00:00,0.0
2024-12-20 00:00:00,0.0
2024-12-20 01:00:00,0.0
2024-12-20 02:00:00,0.0
2024-12-20 03:00:00,0.0
2024-12-20 04:00:00,0.0
2024-12-20 05:00:00,0.0
2024-12-20 06:00:00,0.0
2024-12-20 07:00:00,190.98
2024-12-20 08:00:00,471.42
2024-12-20 09:00:00,708.65
2024-12-20 10:00:00,884.28
2024-12-20 11:00:00,986.33
2024-12-20 12:00:00,1007.85
2024-12-20 13:00:00,947.4
2024-12-20 14:00:00,809.08
2024-12-20 15:00:00,602.3
2024-12-20 16:00:00,341.17
2024-12-20 17:00:00,63.6
2024-12-20 18:00:00,0.0
2024-12-20 19:00:00,0.0
2024-12-20 20:00:00,0.0
2024-12-20 21:00:00,0.0
2024-12-20 22:00:00,0.0
2024-12-20 23:00:00,0.0
2024-12-21 00:00:00,0.0
2024-12-21 01:00:00,0.0
2024-12-21 02:00:00,0.0
2024-12-21 03:00:00,0.0
2024-12-21 04:00:00,0.0
2024-12-21 05:00:00,0.0
2024-12-21 06:00:00,0.0
2024-12-21 07:00:00,188.12
2024-12-21 08:00:00,469.17
2024-12-21 09:00:00,706.85
2024-12-21 10:00:00,883.03
2024-12-21 11:00:00,985.72
2024-12-21 12:00:00,1007.92
2024-12-21 13:00:00,948.15
2024-12-21 14:00:00,810.45
2024-12-21 15:00:00,604.2
2024-12-21 16:00:00,343.45
2024-12-21 17:00:00,65.22
2024-12-21 18:00:00,0.0
2024-12-21 19:00:00,0.0
2024-12-21 20:00:00,0.0
2024-12-21 21:00:00,0.0
2024-12-21 22:00:00,0.0
2024-12-21 23:00:00,0.0
2024-12-22 00:00:00,0.0
2024-12-22 01:00:00,0.0
2024-12-22 02:00:00,0.0
2024-12-22 03:00:00,0.0
2024-12-22 04:00:00,0.0
2024-12-22 05:00:00,0.0
2024-12-22 06:00:00,0.0
2024-12-22 07:00:00,185.38
2024-12-22 08:00:00,467.0
2024-12-22 09:00:00,705.1
2024-12-22 10:00:00,881.85
2024-12-22 11:00:00,985.17
2024-12-22 12:00:00,1008.08
2024-12-22 13:00:00,948.97
2024-12-22 14:00:00,811.9
2024-12-22 15:00:00,606.17
2024-12-22 16:00:00,345.83
2024-12-22 17:00:00,66.9
2024-12-22 18:00:00,0.0
2024-12-22 19:00:00,0.0
2024-12-22 20:00:00,0.0
2024-12-22 21:00:00,0.0
2024-12-22 22:00:00,0.0
2024-12-22 23:00:00,0.0
2024-12-23 00:00:00,0.0
2024-12-23 01:00:00,0.0
2024-12-23 02:00:00,0.0
2024-12-23 03:00:00,0.0
2024-12-23 04:00:00,0.0
2024-12-23 05:00:00,0.0
2024-12-23 06:00:00,0.0
2024-12-23 07:00:00,182.73
2024-12-23 08:00:00,464.9
2024-12-23 09:00:00,703.45
2024-12-23 10:00:00,880.78
2024-12-23 11:00:00,984.75
2024-12-23 12:00:00,1008.35
2024-12-23 13:00:00,949.9
2024-12-23 14:00:00,813.45
2024-12-23 15:00:00,608.25
2024-12-23 16:00:00,348.27
2024-12-23 17:00:00,68.68
2024-12-23 18:00:00,0.0
2024-12-23 19:00:00,0.0
2024-12-23 20:00:00,0.0
2024-12-23 21:00:00,0.0
2024-12-23 22:00:00,0.0
2024-12-23 23:00:00,0.0
2024-12-24 00:00:00,0.0
2024-12-24 01:00:00,0.0
2024-12-24 02:00:00,0.0
2024-12-24 03:00:00,0.0
2024-12-24 04:00:00,0.0
2024-12-24 05:00:00,0.0
2024-12-24 06:00:00,0.0
2024-12-24 07:00:00,180.18
2024-12-24 08:00:00,462.83
2024-12-24 09:00:00,701.83
2024-12-24 10:00:00,879.67
2024-12-24 11:00:00,984.33
2024-12-24 12:00:00,1008.58
2024-12-24 13:00:00,950.83
2024-12-24 14:00:00,815.0
2024-12-24 15:00:00,610.35
2024-12-24 16:00:00,350.77
2024-12-24 17:00:00,70.5
2024-12-24 18:00:00,0.0
2024-12-24 19:00:00,0.0
2024-12-24 20:00:00,0.0
2024-12-24 21:00:00,0.0
2024-12-24 22:00:00,0.0
2024-12-24 23:00:00,0.0
2024-12-25 00:00:00,0.0
2024-12-25 01:00:00,0.0
2024-12-25 02:00:00,0.0
2024-12-25 03:00:00,0.0
2024-12-25 04:00:00,0.0
2024-12-25 05:00:00,0.0
2024-12-25 06:00:00,0.0
2024-12-25 07:00:00,177.77
2024-12-25 08:00:00,461.0
2024-12-25 09:00:00,700.47
2024-12-25 10:00:00,878.95
2024-12-25 11:00:00,984.25
2024-12-25 12:00:00,1009.2
2024-12-25 13:00:00,952.12
2024-12-25 14:00:00,816.88
2024-12-25 15:00:00,612.67
2024-12-25 16:00:00,353.45
2024-12-25 17:00:00,72.43
2024-12-25 18:00:00,0.0
2024-12-25 19:00:00,0.0
2024-12-25 20:00:00,0.0
2024-12-25 21:00:00,0.0
2024-12-25 22:00:00,0.0
2024-12-25 23:00:00,0.0
2024-12-26 00:00:00,0.0
2024-12-26 01:00:00,0.0
2024-12-26 02:00:00,0.0
2024-12-26 03:00:00,0.0
2024-12-26 04:00:00,0.0
2024-12-26 05:00:00,0.0
2024-12-26 06:00:00,0.0
2024-12-26 07:00:00,175.52
2024-12-26 08:00:00,459.33
2024-12-26 09:00:00,699.38
2024-12-26 10:00:00,878.5
2024-12-26 11:00:00,984.5
2024-12-26 12:00:00,1010.15
2024-12-26 13:00:00,953.7
2024-12-26 14:00:00,819.03
2024-12-26 15:00:00,615.25
2024-12-26 16:00:00,356.27
2024-12-26 17:00:00,74.43
2024-12-26 18:00:00,0.0
2024-12-26 19:00:00,0.0
2024-12-26 20:00:00,0.0
2024-12-26 21:00:00,0.0
2024-12-26 22:00:00,0.0
2024-12-26 23:00:00,0.0
2024-12-27 00:00:00,0.0
2024-12-27 01:00:00,0.0
2024-12-27 02:00:00,0.0
2024-12-27 03:00:00,0.0
2024-12-27 04:00:00,0.0
2024-12-27 05:00:00,0.0
2024-12-27 06:00:00,0.0
2024-12-27 07:00:00,173.35
2024-12-27 08:00:00,457.73
2024-12-27 09:00:00,698.33
2024-12-27 10:00:00,878.08
2024-12-27 11:00:00,984.75
2024-12-27 12:00:00,1011.1
2024-12-27 13:00:00,955.3
2024-12-27 14:00:00,821.17
2024-12-27 15:00:00,617.83
2024-12-27 16:00:00,359.12
2024-12-27 17:00:00,76.5
2024-12-27 18:00:00,0.0
2024-12-27 19:00:00,0.0
2024-12-27 20:00:00,0.0
2024-12-27 21:00:00,0.0
2024-12-27 22:00:00,0.0
2024-12-27 23:00:00,0.0
2024-12-28 00:00:00,0.0
2024-12-28 01:00:00,0.0
2024-12-28 02:00:00,0.0
2024-12-28 03:00:00,0.0
2024-12-28 04:00:00,0.0
2024-12-28 05:00:00,0.0
2024-12-28 06:00:00,0.0
2024-12-28 07:00:00,171.32
2024-12-28 08:00:00,456.3
2024-12-28 09:00:00,697.47
2024-12-28 10:00:00,877.9
2024-12-28 11:00:00,985.28
2024-12-28 12:00:00,1012.33
2024-12-28 13:00:00,957.15
2024-12-28 14:00:00,823.55
2024-12-28 15:00:00,620.6
2024-12-28 16:00:00,362.12
2024-12-28 17:00:00,78.65
2024-12-28 18:00:00,0.0
2024-12-28 19:00:00,0.0
2024-12-28 20:00:00,0.0
2024-12-28 21:00:00,0.0
2024-12-28 22:00:00,0.0
2024-12-28 23:00:00,0.0
2024-12-29 00:00:00,0.0
2024-12-29 01:00:00,0.0
2024-12-29 02:00:00,0.0
2024-12-29 03:00:00,0.0
2024-12-29 04:00:00,0.0
2024-12-29 05:00:00,0.0
2024-12-29 06:00:00,0.0
2024-12-29 07:00:00,169.4
2024-12-29 08:00:00,454.95
2024-12-29 09:00:00,696.72
2024-12-29 10:00:00,877.83
2024-12-29 11:00:00,985.9
2024-12-29 12:00:00,1013.62
2024-12-29 13:00:00,959.1
2024-12-29 14:00:00,826.03
2024-12-29 15:00:00,623.45
2024-12-29 16:00:00,365.2
2024-12-29 17:00:00,80.88
2024-12-29 18:00:00,0.0
2024-12-29 19:00:00,0.0
2024-12-29 20:00:00,0.0
2024-12-29 21:00:00,0.0
2024-12-29 22:00:00,0.0
2024-12-29 23:00:00,0.0
2024-12-30 00:00:00,0.0
2024-12-30 01:00:00,0.0
2024-12-30 02:00:00,0.0
2024-12-30 03:00:00,0.0
2024-12-30 04:00:00,0.0
2024-12-30 05:00:00,0.0
2024-12-30 06:00:00,0.0
2024-12-30 07:00:00,167.6
2024-12-30 08:00:00,453.75
2024-12-30 09:00:00,696.12
2024-12-30 10:00:00,877.9
2024-12-30 11:00:00,986.7
2024-12-30 12:00:00,1015.1
2024-12-30 13:00:00,961.17
2024-12-30 14:00:00,828.62
2024-12-30 15:00:00,626.4
2024-12-30 16:00:00,368.35
2024-12-30 17:00:00,83.2
2024-12-30 18:00:00,0.0
2024-12-30 19:00:00,0.0
2024-12-30 20:00:00,0.0
2024-12-30 21:00:00,0.0
2024-12-30 22:00:00,0.0
2024-12-30 23:00:00,0.0
2024-12-31 00:00:00,0.0
2024-12-31 01:00:00,0.0
2024-12-31 02:00:00,0.0
2024-12-31 03:00:00,0.0
2024-12-31 04:00:00,0.0
2024-12-31 05:00:00,0.0
2024-12-31 06:00:00,0.0
2024-12-31 07:00:00,165.9
2024-12-31 08:00:00,452.58
2024-12-31 09:00:00,695.55
2024-12-31 10:00:00,877.97
2024-12-31 11:00:00,987.47
2024-12-31 12:00:00,1016.58
2024-12-31 13:00:00,963.28
2024-12-31 14:00:00,831.2
2024-12-31 15:00:00,629.38
2024-12-31 16:00:00,371.52
2024-12-31 17:00:00,85.57
2024-12-31 18:00:00,0.0
2024-12-31 19:00:00,0.0
2024-12-31 20:00:00,0.0
2024-12-31 21:00:00,0.0
2024-12-31 22:00:00,0.0
2024-12-31 23:00:00,0.0
2025-01-01 00:00:00,0.0
2025-01-01 01:00:00,0.0
2025-01-01 02:00:00,0.0
2025-01-01 03:00:00,0.0
2025-01-01 04:00:00,0.0
2025-01-01 05:00:00,0.0
2025-01-01 06:00:00,0.0
2025-01-01 07:00:00,164.27
2025-01-01 08:00:00,451.45
2025-01-01 09:00:00,694.97
2025-01-01 10:00:00,878.05
2025-01-01 11:00:00,988.22
2025-01-01 12:00:00,1018.0
2025-01-01 13:00:00,965.33
2025-01-01 14:00:00,833.78
2025-01-01 15:00:00,632.33
2025-01-01 16:00:00,374.7
2025-01-01 17:00:00,88.0
2025-01-01 18:00:00,0.0
2025-01-01 19:00:00,0.0
2025-01-01 20:00:00,0.0
2025-01-01 21:00:00,0.0
2025-01-01 22:00:00,0.0
2025-01-01 23:00:00,0.0
2025-01-02 00:00:00,0.0
2025-01-02 01:00:00,0.0
2025-01-02 02:00:00,0.0
2025-01-02 03:00:00,0.0
2025-01-02 04:00:00,0.0
2025-01-02 05:00:00,0.0
2025-01-02 06:00:00,0.0
2025-01-02 07:00:00,162.77
2025-01-02 08:00:00,450.45
2025-01-02 09:00:00,694.53
2025-01-02 10:00:00,878.25
2025-01-02 11:00:00,989.1
2025-01-02 12:00:00,1019.53
2025-01-02 13:00:00,967.45
2025-01-02 14:00:00,836.42
2025-01-02 15:00:00,635.38
2025-01-02 16:00:00,377.95
2025-01-02 17:00:00,90.53
2025-01-02 18:00:00,0.0
2025-01-02 19:00:00,0.0
2025-01-02 20:00:00,0.0
2025-01-02 21:00:00,0.0
2025-01-02 22:00:00,0.0
2025-01-02 23:00:00,0.0
2025-01-03 00:00:00,0.0
2025-01-03 01:00:00,0.0
2025-01-03 02:00:00,0.0
2025-01-03 03:00:00,0.0
2025-01-03 04:00:00,0.0
2025-01-03 05:00:00,0.0
2025-01-03 06:00:00,0.0
2025-01-03 07:00:00,161.38
2025-01-03 08:00:00,449.58
2025-01-03 09:00:00,694.22
2025-01-03 10:00:00,878.6
2025-01-03 11:00:00,990.12
2025-01-03 12:00:00,1021.22
2025-01-03 13:00:00,969.75
2025-01-03 14:00:00,839.2
2025-01-03 15:00:00,638.5
2025-01-03 16:00:00,381.27
2025-01-03 17:00:00,93.1
2025-01-03 18:00:00,0.0
2025-01-03 19:00:00,0.0
2025-01-03 20:00:00,0.0
2025-01-03 21:00:00,0.0
2025-01-03 22:00:00,0.0
2025-01-03 23:00:00,0.0
2025-01-04 00:00:00,0.0
2025-01-04 01:00:00,0.0
2025-01-04 02:00:00,0.0
2025-01-04 03:00:00,0.0
2025-01-04 04:00:00,0.0
2025-01-04 05:00:00,0.0
2025-01-04 06:00:00,0.0
2025-01-04 07:00:00,160.1
2025-01-04 08:00:00,448.8
2025-01-04 09:00:00,694.08
2025-01-04 10:00:00,879.1
2025-01-04 11:00:00,991.3
2025-01-04 12:00:00,1023.05
2025-01-04 13:00:00,972.15
2025-01-04 14:00:00,842.1
2025-01-04 15:00:00,641.72
2025-01-04 16:00:00,384.67
2025-01-04 17:00:00,95.75
2025-01-04 18:00:00,0.0
2025-01-04 19:00:00,0.0
2025-01-04 20:00:00,0.0
2025-01-04 21:00:00,0.0
2025-01-04 22:00:00,0.0
2025-01-04 23:00:00,0.0
2025-01-05 00:00:00,0.0
2025-01-05 01:00:00,0.0
2025-01-05 02:00:00,0.0
2025-01-05 03:00:00,0.0
2025-01-05 04:00:00,0.0
2025-01-05 05:00:00,0.0
2025-01-05 06:00:00,0.0
2025-01-05 07:00:00,158.95
2025-01-05 08:00:00,448.15
2025-01-05 09:00:00,694.0
2025-01-05 10:00:00,879.7
2025-01-05 11:00:00,992.58
2025-01-05 12:00:00,1024.97
2025-01-05 13:00:00,974.65
2025-01-05 14:00:00,845.05
2025-01-05 15:00:00,645.0
2025-01-05 16:00:00,388.12
2025-01-05 17:00:00,98.47
2025-01-05 18:00:00,0.0
2025-01-05 19:00:00,0.0
2025-01-05 20:00:00,0.0
2025-01-05 21:00:00,0.0
2025-01-05 22:00:00,0.0
2025-01-05 23:00:00,0.0
2025-01-06 00:00:00,0.0
2025-01-06 01:00:00,0.0
2025-01-06 02:00:00,0.0
2025-01-06 03:00:00,0.0
2025-01-06 04:00:00,0.0
2025-01-06 05:00:00,0.0
2025-01-06 06:00:00,0.0
2025-01-06 07:00:00,157.93
2025-01-06 08:00:00,447.65
2025-01-06 09:00:00,694.08
2025-01-06 10:00:00,880.42
2025-01-06 11:00:00,993.97
2025-01-06 12:00:00,1027.0
2025-01-06 13:00:00,977.25
2025-01-06 14:00:00,848.12
2025-01-06 15:00:00,648.38
2025-01-06 16:00:00,391.62
2025-01-06 17:00:00,101.25
2025-01-06 18:00:00,0.0
2025-01-06 19:00:00,0.0
2025-01-06 20:00:00,0.0
2025-01-06 21:00:00,0.0
2025-01-06 22:00:00,0.0
2025-01-06 23:00:00,0.0
2025-01-07 00:00:00,0.0
2025-01-07 01:00:00,0.0
2025-01-07 02:00:00,0.0
2025-01-07 03:00:00,0.0
2025-01-07 04:00:00,0.0
2025-01-07 05:00:00,0.0
2025-01-07 06:00:00,0.0
2025-01-07 07:00:00,157.0
2025-01-07 08:00:00,447.23
2025-01-07 09:00:00,694.28
2025-01-07 10:00:00,881.28
2025-01-07 11:00:00,995.5
2025-01-07 12:00:00,1029.15
2025-01-07 13:00:00,979.97
2025-01-07 14:00:00,851.25
2025-01-07 15:00:00,651.8
2025-01-07 16:00:00,395.17
2025-01-07 17:00:00,104.12
2025-01-07 18:00:00,0.0
2025-01-07 19:00:00,0.0
2025-01-07 20:00:00,0.0
2025-01-07 21:00:00,0.0
2025-01-07 22:00:00,0.0
2025-01-07 23:00:00,0.0
2025-01-08 00:00:00,0.0
2025-01-08 01:00:00,0.0
2025-01-08 02:00:00,0.0
2025-01-08 03:00:00,0.0
2025-01-08 04:00:00,0.0
2025-01-08 05:00:00,0.0
2025-01-08 06:00:00,0.0
2025-01-08 07:00:00,156.18
2025-01-08 08:00:00,446.95
2025-01-08 09:00:00,694.6
2025-01-08 10:00:00,882.25
2025-01-08 11:00:00,997.15
2025-01-08 12:00:00,1031.43
2025-01-08 13:00:00,982.78
2025-01-08 14:00:00,854.47
2025-01-08 15:00:00,655.3
2025-01-08 16:00:00,398.77
2025-01-08 17:00:00,107.05
2025-01-08 18:00:00,0.0
2025-01-08 19:00:00,0.0
2025-01-08 20:00:00,0.0
2025-01-08 21:00:00,0.0
2025-01-08 22:00:00,0.0
2025-01-08 23:00:00,0.0
2025-01-09 00:00:00,0.0
2025-01-09 01:00:00,0.0
2025-01-09 02:00:00,0.0
2025-01-09 03:00:00,0.0
2025-01-09 04:00:00,0.0
2025-01-09 05:00:00,0.0
2025-01-09 06:00:00,0.0
2025-01-09 07:00:00,155.48
2025-01-09 08:00:00,446.77
2025-01-09 09:00:00,695.03
2025-01-09 10:00:00,883.35
2025-01-09 11:00:00,998.88
2025-01-09 12:00:00,1033.78
2025-01-09 13:00:00,985.65
2025-01-09 14:00:00,857.78
2025-01-09 15:00:00,658.85
2025-01-09 16:00:00,402.42
2025-01-09 17:00:00,110.03
2025-01-09 18:00:00,0.0
2025-01-09 19:00:00,0.0
2025-01-09 20:00:00,0.0
2025-01-09 21:00:00,0.0
2025-01-09 22:00:00,0.0
2025-01-09 23:00:00,0.0
2025-01-10 00:00:00,0.0
2025-01-10 01:00:00,0.0
2025-01-10 02:00:00,0.0
2025-01-10 03:00:00,0.0
2025-01-10 04:00:00,0.0
2025-01-10 05:00:00,0.0
2025-01-10 06:00:00,0.0
2025-01-10 07:00:00,154.9
2025-01-10 08:00:00,446.7
2025-01-10 09:00:00,695.58
2025-01-10 10:00:00,884.53
2025-01-10 11:00:00,1000.72
2025-01-10 12:00:00,1036.22
2025-01-10 13:00:00,988.6
2025-01-10 14:00:00,861.12
2025-01-10 15:00:00,662.45
2025-01-10 16:00:00,406.1
2025-01-10 17:00:00,113.07
2025-01-10 18:00:00,0.0
2025-01-10 19:00:00,0.0
2025-01-10 20:00:00,0.0
2025-01-10 21:00:00,0.0
2025-01-10 22:00:00,0.0
2025-01-10 23:00:00,0.0
2025-01-11 00:00:00,0.0
2025-01-11 01:00:00,0.0
2025-01-11 02:00:00,0.0
2025-01-11 03:00:00,0.0
2025-01-11 04:00:00,0.0
2025-01-11 05:00:00,0.0
2025-01-11 06:00:00,0.0
2025-01-11 07:00:00,154.45
2025-01-11 08:00:00,446.77
2025-01-11 09:00:00,696.25
2025-01-11 10:00:00,885.85
2025-01-11 11:00:00,1002.67
2025-01-11 12:00:00,1038.78
2025-01-11 13:00:00,991.65
2025-01-11 14:00:00,864.55
2025-01-11 15:00:00,666.1
2025-01-11 16:00:00,409.83
2025-01-11 17:00:00,116.18
2025-01-11 18:00:00,0.0
2025-01-11 19:00:00,0.0
2025-01-11 20:00:00,0.0
2025-01-11 21:00:00,0.0
2025-01-11 22:00:00,0.0
2025-01-11 23:00:00,0.0
2025-01-12 00:00:00,0.0
2025-01-12 01:00:00,0.0
2025-01-12 02:00:00,0.0
2025-01-12 03:00:00,0.0
2025-01-12 04:00:00,0.0
2025-01-12 05:00:00,0.0
2025-01-12 06:00:00,0.0
2025-01-12 07:00:00,154.1
2025-01-12 08:00:00,446.95
2025-01-12 09:00:00,697.03
2025-01-12 10:00:00,887.28
2025-01-12 11:00:00,1004.72
2025-01-12 12:00:00,1041.4
2025-01-12 13:00:00,994.78
2025-01-12 14:00:00,868.03
2025-01-12 15:00:00,669.8
2025-01-12 16:00:00,413.58
2025-01-12 17:00:00,119.35
2025-01-12 18:00:00,0.0
2025-01-12 19:00:00,0.0
2025-01-12 20:00:00,0.0
2025-01-12 21:00:00,0.0
2025-01-12 22:00:00,0.0
2025-01-12 23:00:00,0.0
2025-01-13 00:00:00,0.0
2025-01-13 01:00:00,0.0
2025-01-13 02:00:00,0.0
2025-01-13 03:00:00,0.0
2025-01-13 04:00:00,0.0
2025-01-13 05:00:00,0.0
2025-01-13 06:00:00,0.0
2025-01-13 07:00:00,153.88
2025-01-13 08:00:00,447.25
2025-01-13 09:00:00,697.92
2025-01-13 10:00:00,888.8
2025-01-13 11:00:00,1006.88
2025-01-13 12:00:00,1044.12
2025-01-13 13:00:00,997.97
2025-01-13 14:00:00,871.58
2025-01-13 15:00:00,673.53
2025-01-13 16:00:00,417.35
2025-01-13 17:00:00,122.57
2025-01-13 18:00:00,0.0
2025-01-13 19:00:00,0.0
2025-01-13 20:00:00,0.0
2025-01-13 21:00:00,0.0
2025-01-13 22:00:00,0.0
2025-01-13 23:00:00,0.0
2025-01-14 00:00:00,0.0
2025-01-14 01:00:00,0.0
2025-01-14 02:00:00,0.0
2025-01-14 03:00:00,0.0
2025-01-14 04:00:00,0.0
2025-01-14 05:00:00,0.0
2025-01-14 06:00:00,0.0
2025-01-14 07:00:00,153.75
2025-01-14 08:00:00,447.65
2025-01-14 09:00:00,698.9
2025-01-14 10:00:00,890.42
2025-01-14 11:00:00,1009.1
2025-01-14 12:00:00,1046.9
2025-01-14 13:00:00,1001.2
2025-01-14 14:00:00,875.15
2025-01-14 15:00:00,677.3
2025-01-14 16:00:00,421.15
2025-01-14 17:00:00,125.85
2025-01-14 18:00:00,0.0
2025-01-14 19:00:00,0.0
2025-01-14 20:00:00,0.0
2025-01-14 21:00:00,0.0
2025-01-14 22:00:00,0.0
2025-01-14 23:00:00,0.0
2025-01-15 00:00:00,0.0
2025-01-15 01:00:00,0.0
2025-01-15 02:00:00,0.0
2025-01-15 03:00:00,0.0
2025-01-15 04:00:00,0.0
2025-01-15 05:00:00,0.0
2025-01-15 06:00:00,0.0
2025-01-15 07:00:00,153.73
2025-01-15 08:00:00,448.15
2025-01-15 09:00:00,700.0
2025-01-15 10:00:00,892.12
2025-01-15 11:00:00,1011.42
2025-01-15 12:00:00,1049.75
2025-01-15 13:00:00,1004.5
2025-01-15 14:00:00,878.78
2025-01-15 15:00:00,681.1
2025-01-15 16:00:00,424.95
2025-01-15 17:00:00,129.15
2025-01-15 18:00:00,0.0
2025-01-15 19:00:00,0.0
2025-01-15 20:00:00,0.0
2025-01-15 21:00:00,0.0
2025-01-15 22:00:00,0.0
2025-01-15 23:00:00,0.0
2025-01-16 00:00:00,0.0
2025-01-16 01:00:00,0.0
2025-01-16 02:00:00,0.0
2025-01-16 03:00:00,0.0
2025-01-16 04:00:00,0.0
2025-01-16 05:00:00,0.0
2025-01-16 06:00:00,0.0
2025-01-16 07:00:00,153.8
2025-01-16 08:00:00,448.67
2025-01-16 09:00:00,701.03
2025-01-16 10:00:00,893.7
2025-01-16 11:00:00,1013.55
2025-01-16 12:00:00,1052.38
2025-01-16 13:00:00,1007.58
2025-01-16 14:00:00,882.2
2025-01-16 15:00:00,684.72
2025-01-16 16:00:00,428.67
2025-01-16 17:00:00,132.5
2025-01-16 18:00:00,0.0
2025-01-16 19:00:00,0.0
2025-01-16 20:00:00,0.0
2025-01-16 21:00:00,0.0
2025-01-16 22:00:00,0.0
2025-01-16 23:00:00,0.0
2025-01-17 00:00:00,0.0
2025-01-17 01:00:00,0.0
2025-01-17 02:00:00,0.0
2025-01-17 03:00:00,0.0
2025-01-17 04:00:00,0.0
2025-01-17 05:00:00,0.0
2025-01-17 06:00:00,0.0
2025-01-17 07:00:00,153.95
2025-01-17 08:00:00,449.2
2025-01-17 09:00:00,702.03
2025-01-17 10:00:00,895.2
2025-01-17 11:00:00,1015.55
2025-01-17 12:00:00,1054.9
2025-01-17 13:00:00,1010.53
2025-01-17 14:00:00,885.47
2025-01-17 15:00:00,688.28
2025-01-17 16:00:00,432.3
2025-01-17 17:00:00,135.85
2025-01-17 18:00:00,0.0
2025-01-17 19:00:00,0.0
2025-01-17 20:00:00,0.0
2025-01-17 21:00:00,0.0
2025-01-17 22:00:00,0.0
2025-01-17 23:00:00,0.0
2025-01-18 00:00:00,0.0
2025-01-18 01:00:00,0.0
2025-01-18 02:00:00,0.0
2025-01-18 03:00:00,0.0
2025-01-18 04:00:00,0.0
2025-01-18 05:00:00,0.0
2025-01-18 06:00:00,0.0
2025-01-18 07:00:00,154.3
2025-01-18 08:00:00,450.02
2025-01-18 09:00:00,703.4
2025-01-18 10:00:00,897.12
2025-01-18 11:00:00,1018.05
2025-01-18 12:00:00,1057.88
2025-01-18 13:00:00,1013.9
2025-01-18 14:00:00,889.15
2025-01-18 15:00:00,692.08
2025-01-18 16:00:00,436.12
2025-01-18 17:00:00,139.27
2025-01-18 18:00:00,0.0
2025-01-18 19:00:00,0.0
2025-01-18 20:00:00,0.0
2025-01-18 21:00:00,0.0
2025-01-18 22:00:00,0.0
2025-01-18 23:00:00,0.0
2025-01-19 00:00:00,0.0
2025-01-19 01:00:00,0.0
2025-01-19 02:00:00,0.0
2025-01-19 03:00:00,0.0
2025-01-19 04:00:00,0.0
2025-01-19 05:00:00,0.0
2025-01-19 06:00:00,0.0
2025-01-19 07:00:00,154.75
2025-01-19 08:00:00,451.0
2025-01-19 09:00:00,704.92
2025-01-19 10:00:00,899.25
2025-01-19 11:00:00,1020.7
2025-01-19 12:00:00,1061.0
2025-01-19 13:00:00,1017.42
2025-01-19 14:00:00,892.92
2025-01-19 15:00:00,695.97
2025-01-19 16:00:00,439.98
2025-01-19 17:00:00,142.77
2025-01-19 18:00:00,0.0
2025-01-19 19:00:00,0.0
2025-01-19 20:00:00,0.0
2025-01-19 21:00:00,0.0
2025-01-19 22:00:00,0.0
2025-01-19 23:00:00,0.0
2025-01-20 00:00:00,0.0
2025-01-20 01:00:00,0.0
2025-01-20 02:00:00,0.0
2025-01-20 03:00:00,0.0
2025-01-20 04:00:00,0.0
2025-01-20 05:00:00,0.0
2025-01-20 06:00:00,0.0
2025-01-20 07:00:00,155.35
2025-01-20 08:00:00,452.12
2025-01-20 09:00:00,706.65
2025-01-20 10:00:00,901.53
2025-01-20 11:00:00,1023.53
2025-01-20 12:00:00,1064.3
2025-01-20 13:00:00,1021.1
2025-01-20 14:00:00,896.83
2025-01-20 15:00:00,699.95
2025-01-20 16:00:00,443.9
2025-01-20 17:00:00,146.32
2025-01-20 18:00:00,0.0
2025-01-20 19:00:00,0.0
2025-01-20 20:00:00,0.0
2025-01-20 21:00:00,0.0
2025-01-20 22:00:00,0.0
2025-01-20 23:00:00,0.0
2025-01-21 00:00:00,0.0
2025-01-21 01:00:00,0.0
2025-01-21 02:00:00,0.0
2025-01-21 03:00:00,0.0
2025-01-21 04:00:00,0.0
2025-01-21 05:00:00,0.0
2025-01-21 06:00:00,0.0
2025-01-21 07:00:00,156.07
2025-01-21 08:00:00,453.45
2025-01-21 09:00:00,708.55
2025-01-21 10:00:00,904.05
2025-01-21 11:00:00,1026.6
2025-01-21 12:00:00,1067.82
2025-01-21 13:00:00,1024.95
2025-01-21 14:00:00,900.88
2025-01-21 15:00:00,704.05
2025-01-21 16:00:00,447.88
2025-01-21 17:00:00,149.93
2025-01-21 18:00:00,0.0
2025-01-21 19:00:00,0.0
2025-01-21 20:00:00,0.0
2025-01-21 21:00:00,0.0
2025-01-21 22:00:00,0.0
2025-01-21 23:00:00,0.0
2025-01-22 00:00:00,0.0
2025-01-22 01:00:00,0.0
2025-01-22 02:00:00,0.0
2025-01-22 03:00:00,0.0
2025-01-22 04:00:00,0.0
2025-01-22 05:00:00,0.0
2025-01-22 06:00:00,0.0
2025-01-22 07:00:00,156.95
2025-01-22 08:00:00,454.92
2025-01-22 09:00:00,710.67
2025-01-22 10:00:00,906.78
2025-01-22 11:00:00,1029.88
2025-01-22 12:00:00,1071.55
2025-01-22 13:00:00,1029.0
2025-01-22 14:00:00,905.08
2025-01-22 15:00:00,708.25
2025-01-22 16:00:00,451.92
2025-01-22 17:00:00,153.57
2025-01-22 18:00:00,0.0
2025-01-22 19:00:00,0.0
2025-01-22 20:00:00,0.0
2025-01-22 21:00:00,0.0
2025-01-22 22:00:00,0.0
2025-01-22 23:00:00,0.0
2025-01-23 00:00:00,0.0
2025-01-23 01:00:00,0.0
2025-01-23 02:00:00,0.0
2025-01-23 03:00:00,0.0
2025-01-23 04:00:00,0.0
2025-01-23 05:00:00,0.0
2025-01-23 06:00:00,0.0
2025-01-23 07:00:00,157.95
2025-01-23 08:00:00,456.52
2025-01-23 09:00:00,712.9
2025-01-23 10:00:00,909.6
2025-01-23 11:00:00,1033.2
2025-01-23 12:00:00,1075.32
2025-01-23 13:00:00,1033.07
2025-01-23 14:00:00,909.3
2025-01-23 15:00:00,712.45
2025-01-23 16:00:00,455.95
2025-01-23 17:00:00,157.25
2025-01-23 18:00:00,0.0
2025-01-23 19:00:00,0.0
2025-01-23 20:00:00,0.0
2025-01-23 21:00:00,0.0
2025-01-23 22:00:00,0.0
2025-01-23 23:00:00,0.0
2025-01-24 00:00:00,0.0
2025-01-24 01:00:00,0.0
2025-01-24 02:00:00,0.0
2025-01-24 03:00:00,0.0
2025-01-24 04:00:00,0.0
2025-01-24 05:00:00,0.0
2025-01-24 06:00:00,0.0
2025-01-24 07:00:00,159.05
2025-01-24 08:00:00,458.25
2025-01-24 09:00:00,715.22
2025-01-24 10:00:00,912.53
2025-01-24 11:00:00,1036.65
2025-01-24 12:00:00,1079.18
2025-01-24 13:00:00,1037.2
2025-01-24 14:00:00,913.58
2025-01-24 15:00:00,716.7
2025-01-24 16:00:00,460.0
2025-01-24 17:00:00,160.98
2025-01-24 18:00:00,0.0
2025-01-24 19:00:00,0.0
2025-01-24 20:00:00,0.0
2025-01-24 21:00:00,0.0
2025-01-24 22:00:00,0.0
2025-01-24 23:00:00,0.0
2025-01-25 00:00:00,0.0
2025-01-25 01:00:00,0.0
2025-01-25 02:00:00,0.0
2025-01-25 03:00:00,0.0
2025-01-25 04:00:00,0.0
2025-01-25 05:00:00,0.0
2025-01-25 06:00:00,0.0
2025-01-25 07:00:00,160.27
2025-01-25 08:00:00,460.02
2025-01-25 09:00:00,717.6
2025-01-25 10:00:00,915.42
2025-01-25 11:00:00,1040.05
2025-01-25 12:00:00,1082.97
2025-01-25 13:00:00,1041.28
2025-01-25 14:00:00,917.75
2025-01-25 15:00:00,720.85
2025-01-25 16:00:00,464.0
2025-01-25 17:00:00,164.7
2025-01-25 18:00:00,0.0
2025-01-25 19:00:00,0.0
2025-01-25 20:00:00,0.0
2025-01-25 21:00:00,0.0
2025-01-25 22:00:00,0.0
2025-01-25 23:00:00,0.0
2025-01-26 00:00:00,0.0
2025-01-26 01:00:00,0.0
2025-01-26 02:00:00,0.0
2025-01-26 03:00:00,0.0
2025-01-26 04:00:00,0.0
2025-01-26 05:00:00,0.0
2025-01-26 06:00:00,0.0
2025-01-26 07:00:00,161.62
2025-01-26 08:00:00,461.88
2025-01-26 09:00:00,719.97
2025-01-26 10:00:00,918.35
2025-01-26 11:00:00,1043.43
2025-01-26 12:00:00,1086.72
2025-01-26 13:00:00,1045.25
2025-01-26 14:00:00,921.88
2025-01-26 15:00:00,724.95
2025-01-26 16:00:00,467.92
2025-01-26 17:00:00,168.43
2025-01-26 18:00:00,0.0
2025-01-26 19:00:00,0.0
2025-01-26 20:00:00,0.0
2025-01-26 21:00:00,0.0
2025-01-26 22:00:00,0.0
2025-01-26 23:00:00,0.0
2025-01-27 00:00:00,0.0
2025-01-27 01:00:00,0.0
2025-01-27 02:00:00,0.0
2025-01-27 03:00:00,0.0
2025-01-27 04:00:00,0.0
2025-01-27 05:00:00,0.0
2025-01-27 06:00:00,0.0
2025-01-27 07:00:00,163.05
2025-01-27 08:00:00,463.8
2025-01-27 09:00:00,722.4
2025-01-27 10:00:00,921.25
2025-01-27 11:00:00,1046.75
2025-01-27 12:00:00,1090.4
2025-01-27 13:00:00,1049.18
2025-01-27 14:00:00,925.9
2025-01-27 15:00:00,728.97
2025-01-27 16:00:00,471.8
2025-01-27 17:00:00,172.18
2025-01-27 18:00:00,0.0
2025-01-27 19:00:00,0.0
2025-01-27 20:00:00,0.0
2025-01-27 21:00:00,0.0
2025-01-27 22:00:00,0.0
2025-01-27 23:00:00,0.0
2025-01-28 00:00:00,0.0
2025-01-28 01:00:00,0.0
2025-01-28 02:00:00,0.0
2025-01-28 03:00:00,0.0
2025-01-28 04:00:00,0.0
2025-01-28 05:00:00,0.0
2025-01-28 06:00:00,0.0
2025-01-28 07:00:00,164.6
2025-01-28 08:00:00,465.83
2025-01-28 09:00:00,724.95
2025-01-28 10:00:00,924.25
2025-01-28 11:00:00,1050.2
2025-01-28 12:00:00,1094.15
2025-01-28 13:00:00,1053.18
2025-01-28 14:00:00,930.0
2025-01-28 15:00:00,733.03
2025-01-28 16:00:00,475.7
2025-01-28 17:00:00,175.93
2025-01-28 18:00:00,0.0
2025-01-28 19:00:00,0.0
2025-01-28 20:00:00,0.0
2025-01-28 21:00:00,0.0
2025-01-28 22:00:00,0.0
2025-01-28 23:00:00,0.0
2025-01-29 00:00:00,0.0
2025-01-29 01:00:00,0.0
2025-01-29 02:00:00,0.0
2025-01-29 03:00:00,0.0
2025-01-29 04:00:00,0.0
2025-01-29 05:00:00,0.0
2025-01-29 06:00:00,0.0
2025-01-29 07:00:00,166.27
2025-01-29 08:00:00,467.9
2025-01-29 09:00:00,727.47
2025-01-29 10:00:00,927.22
2025-01-29 11:00:00,1053.53
2025-01-29 12:00:00,1097.8
2025-01-29 13:00:00,1057.03
2025-01-29 14:00:00,933.92
2025-01-29 15:00:00,736.95
2025-01-29 16:00:00,479.48
2025-01-29 17:00:00,179.65
2025-01-29 18:00:00,0.0
2025-01-29 19:00:00,0.0
2025-01-29 20:00:00,0.0
2025-01-29 21:00:00,0.0
2025-01-29 22:00:00,0.0
2025-01-29 23:00:00,0.0
2025-01-30 00:00:00,0.0
2025-01-30 01:00:00,0.0
2025-01-30 02:00:00,0.0
2025-01-30 03:00:00,0.0
2025-01-30 04:00:00,0.0
2025-01-30 05:00:00,0.0
2025-01-30 06:00:00,0.0
2025-01-30 07:00:00,168.07
2025-01-30 08:00:00,470.1
2025-01-30 09:00:00,730.12
2025-01-30 10:00:00,930.3
2025-01-30 11:00:00,1056.97
2025-01-30 12:00:00,1101.55
2025-01-30 13:00:00,1060.93
2025-01-30 14:00:00,937.92
2025-01-30 15:00:00,740.9
2025-01-30 16:00:00,483.27
2025-01-30 17:00:00,183.43
2025-01-30 18:00:00,0.0
2025-01-30 19:00:00,0.0
2025-01-30 20:00:00,0.0
2025-01-30 21:00:00,0.0
2025-01-30 22:00:00,0.0
2025-01-30 23:00:00,0.0
2025-01-31 00:00:00,0.0
2025-01-31 01:00:00,0.0
2025-01-31 02:00:00,0.0
2025-01-31 03:00:00,0.0
2025-01-31 04:00:00,0.0
2025-01-31 05:00:00,0.0
2025-01-31 06:00:00,0.0
2025-01-31 07:00:00,169.98
2025-01-31 08:00:00,472.38
2025-01-31 09:00:00,732.8
2025-01-31 10:00:00,933.35
2025-01-31 11:00:00,1060.38
2025-01-31 12:00:00,1105.2
2025-01-31 13:00:00,1064.78
2025-01-31 14:00:00,941.85
2025-01-31 15:00:00,744.78
2025-01-31 16:00:00,487.0
2025-01-31 17:00:00,187.15
2025-01-31 18:00:00,0.0
2025-01-31 19:00:00,0.0
2025-01-31 20:00:00,0.0
2025-01-31 21:00:00,0.0
2025-01-31 22:00:00,0.0
2025-01-31 23:00:00,0.0
2025-02-01 00:00:00,0.0
2025-02-01 01:00:00,0.0
2025-02-01 02:00:00,0.0
2025-02-01 03:00:00,0.0
2025-02-01 04:00:00,0.0
2025-02-01 05:00:00,0.0
2025-02-01 06:00:00,0.0
2025-02-01 07:00:00,172.0
2025-02-01 08:00:00,474.77
2025-02-01 09:00:00,735.62
2025-02-01 10:00:00,936.58
2025-02-01 11:00:00,1063.93
2025-02-01 12:00:00,1109.0
2025-02-01 13:00:00,1068.72
2025-02-01 14:00:00,945.83
2025-02-01 15:00:00,748.7
2025-02-01 16:00:00,490.75
2025-02-01 17:00:00,190.93
2025-02-01 18:00:00,0.0
2025-02-01 19:00:00,0.0
2025-02-01 20:00:00,0.0
2025-02-01 21:00:00,0.0
2025-02-01 22:00:00,0.0
2025-02-01 23:00:00,0.0
2025-02-02 00:00:00,0.0
2025-02-02 01:00:00,0.0
2025-02-02 02:00:00,0.0
2025-02-02 03:00:00,0.0
2025-02-02 04:00:00,0.0
2025-02-02 05:00:00,0.0
2025-02-02 06:00:00,0.0
2025-02-02 07:00:00,174.12
2025-02-02 08:00:00,477.17
2025-02-02 09:00:00,738.38
2025-02-02 10:00:00,939.62
2025-02-02 11:00:00,1067.28
2025-02-02 12:00:00,1112.55
2025-02-02 13:00:00,1072.43
2025-02-02 14:00:00,949.58
2025-02-02 15:00:00,752.42
2025-02-02 16:00:00,494.35
2025-02-02 17:00:00,194.65
2025-02-02 18:00:00,0.0
2025-02-02 19:00:00,0.0
2025-02-02 20:00:00,0.0
2025-02-02 21:00:00,0.0
2025-02-02 22:00:00,0.0
2025-02-02 23:00:00,0.0
2025-02-03 00:00:00,0.0
2025-02-03 01:00:00,0.0
2025-02-03 02:00:00,0.0
2025-02-03 03:00:00,0.0
2025-02-03 04:00:00,0.0
2025-02-03 05:00:00,0.0
2025-02-03 06:00:00,0.0
2025-02-03 07:00:00,176.43
2025-02-03 08:00:00,479.77
2025-02-03 09:00:00,741.33
2025-02-03 10:00:00,942.95
2025-02-03 11:00:00,1070.88
2025-02-03 12:00:00,1116.35
2025-02-03 13:00:00,1076.35
2025-02-03 14:00:00,953.53
2025-02-03 15:00:00,756.28
2025-02-03 16:00:00,498.02
2025-02-03 17:00:00,198.38
2025-02-03 18:00:00,0.0
2025-02-03 19:00:00,0.0
2025-02-03 20:00:00,0.0
2025-02-03 21:00:00,0.0
2025-02-03 22:00:00,0.0
2025-02-03 23:00:00,0.0
2025-02-04 00:00:00,0.0
2025-02-04 01:00:00,0.0
2025-02-04 02:00:00,0.0
2025-02-04 03:00:00,0.0
2025-02-04 04:00:00,0.0
2025-02-04 05:00:00,0.0
2025-02-04 06:00:00,0.0
2025-02-04 07:00:00,178.85
2025-02-04 08:00:00,482.52
2025-02-04 09:00:00,744.5
2025-02-04 10:00:00,946.45
2025-02-04 11:00:00,1074.65
2025-02-04 12:00:00,1120.35
2025-02-04 13:00:00,1080.43
2025-02-04 14:00:00,957.58
2025-02-04 15:00:00,760.2
2025-02-04 16:00:00,501.73
2025-02-04 17:00:00,202.15
2025-02-04 18:00:00,0.0
2025-02-04 19:00:00,0.0
2025-02-04 20:00:00,0.0
2025-02-04 21:00:00,0.0
2025-02-04 22:00:00,0.0
2025-02-04 23:00:00,0.0
2025-02-05 00:00:00,0.0
2025-02-05 01:00:00,0.0
2025-02-05 02:00:00,0.0
2025-02-05 03:00:00,0.0
2025-02-05 04:00:00,0.0
2025-02-05 05:00:00,0.0
2025-02-05 06:00:00,0.0
2025-02-05 07:00:00,181.45
2025-02-05 08:00:00,485.48
2025-02-05 09:00:00,747.88
2025-02-05 10:00:00,950.22
2025-02-05 11:00:00,1078.72
2025-02-05 12:00:00,1124.6
2025-02-05 13:00:00,1084.72
2025-02-05 14:00:00,961.83
2025-02-05 15:00:00,764.28
2025-02-05 16:00:00,505.52
2025-02-05 17:00:00,205.98
2025-02-05 18:00:00,0.0
2025-02-05 19:00:00,0.0
2025-02-05 20:00:00,0.0
2025-02-05 21:00:00,0.0
2025-02-05 22:00:00,0.0
2025-02-05 23:00:00,0.0
2025-02-06 00:00:00,0.0
2025-02-06 01:00:00,0.0
2025-02-06 02:00:00,0.0
2025-02-06 03:00:00,0.0
2025-02-06 04:00:00,0.0
2025-02-06 05:00:00,0.0
2025-02-06 06:00:00,0.0
2025-02-06 07:00:00,184.23
2025-02-06 08:00:00,488.58
2025-02-06 09:00:00,751.45
2025-02-06 10:00:00,954.2
2025-02-06 11:00:00,1082.97
2025-02-06 12:00:00,1129.03
2025-02-06 13:00:00,1089.2
2025-02-06 14:00:00,966.2
2025-02-06 15:00:00,768.42
2025-02-06 16:00:00,509.33
2025-02-06 17:00:00,209.8
2025-02-06 18:00:00,0.0
2025-02-06 19:00:00,0.0
2025-02-06 20:00:00,0.0
2025-02-06 21:00:00,0.0
2025-02-06 22:00:00,0.0
2025-02-06 23:00:00,0.0
2025-02-07 00:00:00,0.0
2025-02-07 01:00:00,0.0
2025-02-07 02:00:00,0.0
2025-02-07 03:00:00,0.0
2025-02-07 04:00:00,0.0
2025-02-07 05:00:00,0.0
2025-02-07 06:00:00,0.0
2025-02-07 07:00:00,187.07
2025-02-07 08:00:00,491.7
2025-02-07 09:00:00,754.95
2025-02-07 10:00:00,958.03
2025-02-07 11:00:00,1087.05
2025-02-07 12:00:00,1133.22
2025-02-07 13:00:00,1093.43
2025-02-07 14:00:00,970.35
2025-02-07 15:00:00,772.4
2025-02-07 16:00:00,513.03
2025-02-07 17:00:00,213.55
2025-02-07 18:00:00,0.0
2025-02-07 19:00:00,0.0
2025-02-07 20:00:00,0.0
2025-02-07 21:00:00,0.0
2025-02-07 22:00:00,0.0
2025-02-07 23:00:00,0.0
2025-02-08 00:00:00,0.0
2025-02-08 01:00:00,0.0
2025-02-08 02:00:00,0.0
2025-02-08 03:00:00,0.0
2025-02-08 04:00:00,0.0
2025-02-08 05:00:00,0.0
2025-02-08 06:00:00,0.0
2025-02-08 07:00:00,190.02
2025-02-08 08:00:00,494.85
2025-02-08 09:00:00,758.45
2025-02-08 10:00:00,961.8
2025-02-08 11:00:00,1091.05
2025-02-08 12:00:00,1137.35
2025-02-08 13:00:00,1097.57
2025-02-08 14:00:00,974.4
2025-02-08 15:00:00,776.25
2025-02-08 16:00:00,516.62
2025-02-08 17:00:00,217.3
2025-02-08 18:00:00,0.0
2025-02-08 19:00:00,0.0
2025-02-08 20:00:00,0.0
2025-02-08 21:00:00,0.0
2025-02-08 22:00:00,0.0
2025-02-08 23:00:00,0.0
2025-02-09 00:00:00,0.0
2025-02-09 01:00:00,0.0
2025-02-09 02:00:00,0.0
2025-02-09 03:00:00,0.0
2025-02-09 04:00:00,0.0
2025-02-09 05:00:00,0.0
2025-02-09 06:00:00,0.0
2025-02-09 07:00:00,193.1
2025-02-09 08:00:00,498.02
2025-02-09 09:00:00,761.95
2025-02-09 10:00:00,965.55
2025-02-09 11:00:00,1094.97
2025-02-09 12:00:00,1141.38
2025-02-09 13:00:00,1101.57
2025-02-09 14:00:00,978.33
2025-02-09 15:00:00,780.0
2025-02-09 16:00:00,520.12
2025-02-09 17:00:00,221.0
2025-02-09 18:00:00,0.0
2025-02-09 19:00:00,0.0
2025-02-09 20:00:00,0.0
2025-02-09 21:00:00,0.0
2025-02-09 22:00:00,0.0
2025-02-09 23:00:00,0.0
2025-02-10 00:00:00,0.0
2025-02-10 01:00:00,0.0
2025-02-10 02:00:00,0.0
2025-02-10 03:00:00,0.0
2025-02-10 04:00:00,0.0
2025-02-10 05:00:00,0.0
2025-02-10 06:00:00,0.0
2025-02-10 07:00:00,196.32
2025-02-10 08:00:00,501.35
2025-02-10 09:00:00,765.6
2025-02-10 10:00:00,969.45
2025-02-10 11:00:00,1099.03
2025-02-10 12:00:00,1145.5
2025-02-10 13:00:00,1105.7
2025-02-10 14:00:00,982.33
2025-02-10 15:00:00,783.8
2025-02-10 16:00:00,523.65
2025-02-10 17:00:00,224.7
2025-02-10 18:00:00,0.0
2025-02-10 19:00:00,0.0
2025-02-10 20:00:00,0.0
2025-02-10 21:00:00,0.0
2025-02-10 22:00:00,0.0
2025-02-10 23:00:00,0.0
2025-02-11 00:00:00,0.0
2025-02-11 01:00:00,0.0
2025-02-11 02:00:00,0.0
2025-02-11 03:00:00,0.0
2025-02-11 04:00:00,0.0
2025-02-11 05:00:00,0.0
2025-02-11 06:00:00,0.0
2025-02-11 07:00:00,199.68
2025-02-11 08:00:00,504.75
2025-02-11 09:00:00,769.28
2025-02-11 10:00:00,973.35
2025-02-11 11:00:00,1103.07
2025-02-11 12:00:00,1149.62
2025-02-11 13:00:00,1109.78
2025-02-11 14:00:00,986.28
2025-02-11 15:00:00,787.55
2025-02-11 16:00:00,527.1
2025-02-11 17:00:00,228.35
2025-02-11 18:00:00,0.0
2025-02-11 19:00:00,0.0
2025-02-11 20:00:00,0.0
2025-02-11 21:00:00,0.0
2025-02-11 22:00:00,0.0
2025-02-11 23:00:00,0.0
2025-02-12 00:00:00,0.0
2025-02-12 01:00:00,0.0
2025-02-12 02:00:00,0.0
2025-02-12 03:00:00,0.0
2025-02-12 04:00:00,0.0
2025-02-12 05:00:00,0.0
2025-02-12 06:00:00,0.0
2025-02-12 07:00:00,203.15
2025-02-12 08:00:00,508.17
2025-02-12 09:00:00,772.95
2025-02-12 10:00:00,977.22
2025-02-12 11:00:00,1107.07
2025-02-12 12:00:00,1153.65
2025-02-12 13:00:00,1113.75
2025-02-12 14:00:00,990.12
2025-02-12 15:00:00,791.17
2025-02-12 16:00:00,530.5
2025-02-12 17:00:00,232.0
2025-02-12 18:00:00,0.0
2025-02-12 19:00:00,0.0
2025-02-12 20:00:00,0.0
2025-02-12 21:00:00,0.0
2025-02-12 22:00:00,0.0
2025-02-12 23:00:00,0.0
2025-02-13 00:00:00,0.0
2025-02-13 01:00:00,0.0
2025-02-13 02:00:00,0.0
2025-02-13 03:00:00,0.0
2025-02-13 04:00:00,0.0
2025-02-13 05:00:00,0.0
2025-02-13 06:00:00,0.0
2025-02-13 07:00:00,206.75
2025-02-13 08:00:00,511.7
2025-02-13 09:00:00,776.72
2025-02-13 10:00:00,981.17
2025-02-13 11:00:00,1111.12
2025-02-13 12:00:00,1157.7
2025-02-13 13:00:00,1117.75
2025-02-13 14:00:00,993.97
2025-02-13 15:00:00,794.8
2025-02-13 16:00:00,533.85
2025-02-13 17:00:00,235.6
2025-02-13 18:00:00,0.0
2025-02-13 19:00:00,0.0
2025-02-13 20:00:00,0.0
2025-02-13 21:00:00,0.0
2025-02-13 22:00:00,0.0
2025-02-13 23:00:00,0.0
2025-02-14 00:00:00,0.0
2025-02-14 01:00:00,0.0
2025-02-14 02:00:00,0.0
2025-02-14 03:00:00,0.0
2025-02-14 04:00:00,0.0
2025-02-14 05:00:00,0.0
2025-02-14 06:00:00,0.0
2025-02-14 07:00:00,210.5
2025-02-14 08:00:00,515.35
2025-02-14 09:00:00,780.6
2025-02-14 10:00:00,985.22
2025-02-14 11:00:00,1115.25
2025-02-14 12:00:00,1161.82
2025-02-14 13:00:00,1121.8
2025-02-14 14:00:00,997.85
2025-02-14 15:00:00,798.45
2025-02-14 16:00:00,537.17
2025-02-14 17:00:00,239.2
2025-02-14 18:00:00,0.0
2025-02-14 19:00:00,0.0
2025-02-14 20:00:00,0.0
2025-02-14 21:00:00,0.0
2025-02-14 22:00:00,0.0
2025-02-14 23:00:00,0.0
2025-02-15 00:00:00,0.0
2025-02-15 01:00:00,0.0
2025-02-15 02:00:00,0.0
2025-02-15 03:00:00,0.0
2025-02-15 04:00:00,0.0
2025-02-15 05:00:00,0.0
2025-02-15 06:00:00,0.0
2025-02-15 07:00:00,214.4
2025-02-15 08:00:00,519.08
2025-02-15 09:00:00,784.58
2025-02-15 10:00:00,989.38
2025-02-15 11:00:00,1119.47
2025-02-15 12:00:00,1166.03
2025-02-15 13:00:00,1125.88
2025-02-15 14:00:00,1001.75
2025-02-15 15:00:00,802.08
2025-02-15 16:00:00,540.5
2025-02-15 17:00:00,242.77
2025-02-15 18:00:00,0.0
2025-02-15 19:00:00,0.0
2025-02-15 20:00:00,0.0
2025-02-15 21:00:00,0.0
2025-02-15 22:00:00,0.0
2025-02-15 23:00:00,0.0
2025-02-16 00:00:00,0.0
2025-02-16 01:00:00,0.0
2025-02-16 02:00:00,0.0
2025-02-16 03:00:00,0.0
2025-02-16 04:00:00,0.0
2025-02-16 05:00:00,0.0
2025-02-16 06:00:00,0.0
2025-02-16 07:00:00,218.43
2025-02-16 08:00:00,522.88
2025-02-16 09:00:00,788.6
2025-02-16 10:00:00,993.53
2025-02-16 11:00:00,1123.68
2025-02-16 12:00:00,1170.2
2025-02-16 13:00:00,1129.93
2025-02-16 14:00:00,1005.58
2025-02-16 15:00:00,805.67
2025-02-16 16:00:00,543.78
2025-02-16 17:00:00,246.32
2025-02-16 18:00:00,0.0
2025-02-16 19:00:00,0.0
2025-02-16 20:00:00,0.0
2025-02-16 21:00:00,0.0
2025-02-16 22:00:00,0.0
2025-02-16 23:00:00,0.0
2025-02-17 00:00:00,0.0
2025-02-17 01:00:00,0.0
2025-02-17 02:00:00,0.0
2025-02-17 03:00:00,0.0
2025-02-17 04:00:00,0.0
2025-02-17 05:00:00,0.0
2025-02-17 06:00:00,0.0
2025-02-17 07:00:00,222.55
2025-02-17 08:00:00,526.72
2025-02-17 09:00:00,792.62
2025-02-17 10:00:00,997.67
2025-02-17 11:00:00,1127.85
2025-02-17 12:00:00,1174.32
2025-02-17 13:00:00,1133.9
2025-02-17 14:00:00,1009.35
2025-02-17 15:00:00,809.17
2025-02-17 16:00:00,546.97
2025-02-17 17:00:00,249.82
2025-02-17 18:00:00,0.0
2025-02-17 19:00:00,0.0
2025-02-17 20:00:00,0.0
2025-02-17 21:00:00,0.0
2025-02-17 22:00:00,0.0
2025-02-17 23:00:00,0.0
2025-02-18 00:00:00,0.0
2025-02-18 01:00:00,0.0
2025-02-18 02:00:00,0.0
2025-02-18 03:00:00,0.0
2025-02-18 04:00:00,0.0
2025-02-18 05:00:00,0.0
2025-02-18 06:00:00,0.0
2025-02-18 07:00:00,226.82
2025-02-18 08:00:00,530.58
2025-02-18 09:00:00,796.62
2025-02-18 10:00:00,1001.72
2025-02-18 11:00:00,1131.9
2025-02-18 12:00:00,1178.3
2025-02-18 13:00:00,1137.72
2025-02-18 14:00:00,1012.97
2025-02-18 15:00:00,812.55
2025-02-18 16:00:00,550.08
2025-02-18 17:00:00,253.25
2025-02-18 18:00:00,0.0
2025-02-18 19:00:00,0.0
2025-02-18 20:00:00,0.0
2025-02-18 21:00:00,0.0
2025-02-18 22:00:00,0.0
2025-02-18 23:00:00,0.0
2025-02-19 00:00:00,0.0
2025-02-19 01:00:00,0.0
2025-02-19 02:00:00,0.0
2025-02-19 03:00:00,0.0
2025-02-19 04:00:00,0.0
2025-02-19 05:00:00,0.0
2025-02-19 06:00:00,0.0
2025-02-19 07:00:00,231.2
2025-02-19 08:00:00,534.53
2025-02-19 09:00:00,800.67
2025-02-19 10:00:00,1005.83
2025-02-19 11:00:00,1136.0
2025-02-19 12:00:00,1182.28
2025-02-19 13:00:00,1141.55
2025-02-19 14:00:00,1016.58
2025-02-19 15:00:00,815.88
2025-02-19 16:00:00,553.12
2025-02-19 17:00:00,256.67
2025-02-19 18:00:00,0.0
2025-02-19 19:00:00,0.0
2025-02-19 20:00:00,0.0
2025-02-19 21:00:00,0.0
2025-02-19 22:00:00,0.0
2025-02-19 23:00:00,0.0
2025-02-20 00:00:00,0.0
2025-02-20 01:00:00,0.0
2025-02-20 02:00:00,0.0
2025-02-20 03:00:00,0.0
2025-02-20 04:00:00,0.0
2025-02-20 05:00:00,0.0
2025-02-20 06:00:00,0.0
2025-02-20 07:00:00,235.73
2025-02-20 08:00:00,538.47
2025-02-20 09:00:00,804.75
2025-02-20 10:00:00,1009.9
2025-02-20 11:00:00,1140.03
2025-02-20 12:00:00,1186.2
2025-02-20 13:00:00,1145.28
2025-02-20 14:00:00,1020.08
2025-02-20 15:00:00,819.12
2025-02-20 16:00:00,556.1
2025-02-20 17:00:00,260.02
2025-02-20 18:00:00,0.0
2025-02-20 19:00:00,0.0
2025-02-20 20:00:00,0.0
2025-02-20 21:00:00,0.0
2025-02-20 22:00:00,0.0
2025-02-20 23:00:00,0.0
2025-02-21 00:00:00,0.0
2025-02-21 01:00:00,0.0
2025-02-21 02:00:00,0.0
2025-02-21 03:00:00,0.0
2025-02-21 04:00:00,0.0
2025-02-21 05:00:00,0.0
2025-02-21 06:00:00,0.0
2025-02-21 07:00:00,240.35
2025-02-21 08:00:00,542.5
2025-02-21 09:00:00,808.83
2025-02-21 10:00:00,1014.0
2025-02-21 11:00:00,1144.03
2025-02-21 12:00:00,1190.07
2025-02-21 13:00:00,1148.97
2025-02-21 14:00:00,1023.53
2025-02-21 15:00:00,822.33
2025-02-21 16:00:00,559.03
2025-02-21 17:00:00,263.33
2025-02-21 18:00:00,0.0
2025-02-21 19:00:00,0.0
2025-02-21 20:00:00,0.0
2025-02-21 21:00:00,0.0
2025-02-21 22:00:00,0.0
2025-02-21 23:00:00,0.0
2025-02-22 00:00:00,0.0
2025-02-22 01:00:00,0.0
2025-02-22 02:00:00,0.0
2025-02-22 03:00:00,0.0
2025-02-22 04:00:00,0.0
2025-02-22 05:00:00,0.0
2025-02-22 06:00:00,0.0
2025-02-22 07:00:00,245.12
2025-02-22 08:00:00,546.6
2025-02-22 09:00:00,812.97
2025-02-22 10:00:00,1018.15
2025-02-22 11:00:00,1148.1
2025-02-22 12:00:00,1194.0
2025-02-22 13:00:00,1152.68
2025-02-22 14:00:00,1027.0
2025-02-22 15:00:00,825.5
2025-02-22 16:00:00,561.92
2025-02-22 17:00:00,266.62
2025-02-22 18:00:00,0.0
2025-02-22 19:00:00,0.0
2025-02-22 20:00:00,0.0
2025-02-22 21:00:00,0.0
2025-02-22 22:00:00,0.0
2025-02-22 23:00:00,0.0
2025-02-23 00:00:00,0.0
2025-02-23 01:00:00,0.0
2025-02-23 02:00:00,0.0
2025-02-23 03:00:00,0.0
2025-02-23 04:00:00,0.0
2025-02-23 05:00:00,0.0
2025-02-23 06:00:00,0.0
2025-02-23 07:00:00,250.1
2025-02-23 08:00:00,550.85
2025-02-23 09:00:00,817.35
2025-02-23 10:00:00,1022.55
2025-02-23 11:00:00,1152.43
2025-02-23 12:00:00,1198.15
2025-02-23 13:00:00,1156.62
2025-02-23 14:00:00,1030.62
2025-02-23 15:00:00,828.8
2025-02-23 16:00:00,564.9
2025-02-23 17:00:00,269.92
2025-02-23 18:00:00,0.0
2025-02-23 19:00:00,0.0
2025-02-23 20:00:00,0.0
2025-02-23 21:00:00,0.0
2025-02-23 22:00:00,0.0
2025-02-23 23:00:00,0.0
2025-02-24 00:00:00,0.0
2025-02-24 01:00:00,0.0
2025-02-24 02:00:00,0.0
2025-02-24 03:00:00,0.0
2025-02-24 04:00:00,0.0
2025-02-24 05:00:00,0.0
2025-02-24 06:00:00,0.0
2025-02-24 07:00:00,255.18
2025-02-24 08:00:00,555.15
2025-02-24 09:00:00,821.75
2025-02-24 10:00:00,1026.9
2025-02-24 11:00:00,1156.7
2025-02-24 12:00:00,1202.25
2025-02-24 13:00:00,1160.47
2025-02-24 14:00:00,1034.2
2025-02-24 15:00:00,832.05
2025-02-24 16:00:00,567.8
2025-02-24 17:00:00,273.2
2025-02-24 18:00:00,0.0
2025-02-24 19:00:00,0.0
2025-02-24 20:00:00,0.0
2025-02-24 21:00:00,0.0
2025-02-24 22:00:00,0.0
2025-02-24 23:00:00,0.0
2025-02-25 00:00:00,0.0
2025-02-25 01:00:00,0.0
2025-02-25 02:00:00,0.0
2025-02-25 03:00:00,0.0
2025-02-25 04:00:00,0.0
2025-02-25 05:00:00,0.0
2025-02-25 06:00:00,0.0
2025-02-25 07:00:00,260.4
2025-02-25 08:00:00,559.53
2025-02-25 09:00:00,826.17
2025-02-25 10:00:00,1031.32
2025-02-25 11:00:00,1161.0
2025-02-25 12:00:00,1206.35
2025-02-25 13:00:00,1164.32
2025-02-25 14:00:00,1037.72
2025-02-25 15:00:00,835.25
2025-02-25 16:00:00,570.65
2025-02-25 17:00:00,262.0
2025-02-25 18:00:00,14.4
2025-02-25 19:00:00,0.0
2025-02-25 20:00:00,0.0
2025-02-25 21:00:00,0.0
2025-02-25 22:00:00,0.0
2025-02-25 23:00:00,0.0
2025-02-26 00:00:00,0.0
2025-02-26 01:00:00,0.0
2025-02-26 02:00:00,0.0
2025-02-26 03:00:00,0.0
2025-02-26 04:00:00,0.0
2025-02-26 05:00:00,0.0
2025-02-26 06:00:00,0.0
2025-02-26 07:00:00,265.77
2025-02-26 08:00:00,563.97
2025-02-26 09:00:00,830.67
2025-02-26 10:00:00,1035.8
2025-02-26 11:00:00,1165.38
2025-02-26 12:00:00,1210.53
2025-02-26 13:00:00,1168.2
2025-02-26 14:00:00,1041.3
2025-02-26 15:00:00,838.47
2025-02-26 16:00:00,573.53
2025-02-26 17:00:00,264.52
2025-02-26 18:00:00,15.1
2025-02-26 19:00:00,0.0
2025-02-26 20:00:00,0.0
2025-02-26 21:00:00,0.0
2025-02-26 22:00:00,0.0
2025-02-26 23:00:00,0.0
2025-02-27 00:00:00,0.0
2025-02-27 01:00:00,0.0
2025-02-27 02:00:00,0.0
2025-02-27 03:00:00,0.0
2025-02-27 04:00:00,0.0
2025-02-27 05:00:00,0.0
2025-02-27 06:00:00,0.0
2025-02-27 07:00:00,271.17
2025-02-27 08:00:00,568.28
2025-02-27 09:00:00,834.95
2025-02-27 10:00:00,1039.97
2025-02-27 11:00:00,1169.35
2025-02-27 12:00:00,1214.28
2025-02-27 13:00:00,1171.68
2025-02-27 14:00:00,1044.5
2025-02-27 15:00:00,841.35
2025-02-27 16:00:00,576.15
2025-02-27 17:00:00,266.92
2025-02-27 18:00:00,15.77
2025-02-27 19:00:00,0.0
2025-02-27 20:00:00,0.0
2025-02-27 21:00:00,0.0
2025-02-27 22:00:00,0.0
2025-02-27 23:00:00,0.0
2025-02-28 00:00:00,0.0
2025-02-28 01:00:00,0.0
2025-02-28 02:00:00,0.0
2025-02-28 03:00:00,0.0
2025-02-28 04:00:00,0.0
2025-02-28 05:00:00,0.0
2025-02-28 06:00:00,14.3
2025-02-28 07:00:00,262.4
2025-02-28 08:00:00,572.58
2025-02-28 09:00:00,839.17
2025-02-28 10:00:00,1044.05
2025-02-28 11:00:00,1173.2
2025-02-28 12:00:00,1217.88
2025-02-28 13:00:00,1175.03
2025-02-28 14:00:00,1047.53
2025-02-28 15:00:00,844.12
2025-02-28 16:00:00,578.65
2025-02-28 17:00:00,269.25
2025-02-28 18:00:00,16.48
2025-02-28 19:00:00,0.0
2025-02-28 20:00:00,0.0
2025-02-28 21:00:00,0.0
2025-02-28 22:00:00,0.0
2025-02-28 23:00:00,0.0
2025-03-01 00:00:00,0.0
2025-03-01 01:00:00,0.0
2025-03-01 02:00:00,0.0
2025-03-01 03:00:00,0.0
2025-03-01 04:00:00,0.0
2025-03-01 05:00:00,0.0
2025-03-01 06:00:00,15.57
2025-03-01 07:00:00,266.75
2025-03-01 08:00:00,576.9
2025-03-01 09:00:00,843.42
2025-03-01 10:00:00,1048.12
2025-03-01 11:00:00,1177.07
2025-03-01 12:00:00,1221.47
2025-03-01 13:00:00,1178.32
2025-03-01 14:00:00,1050.55
2025-03-01 15:00:00,846.85
2025-03-01 16:00:00,581.15
2025-03-01 17:00:00,271.52
2025-03-01 18:00:00,17.17
2025-03-01 19:00:00,0.0
2025-03-01 20:00:00,0.0
2025-03-01 21:00:00,0.0
2025-03-01 22:00:00,0.0
2025-03-01 23:00:00,0.0
2025-03-02 00:00:00,0.0
2025-03-02 01:00:00,0.0
2025-03-02 02:00:00,0.0
2025-03-02 03:00:00,0.0
2025-03-02 04:00:00,0.0
2025-03-02 05:00:00,0.0
2025-03-02 06:00:00,16.95
2025-03-02 07:00:00,271.17
2025-03-02 08:00:00,581.33
2025-03-02 09:00:00,847.78
2025-03-02 10:00:00,1052.32
2025-03-02 11:00:00,1181.05
2025-03-02 12:00:00,1225.18
2025-03-02 13:00:00,1181.7
2025-03-02 14:00:00,1053.6
2025-03-02 15:00:00,849.6
2025-03-02 16:00:00,583.62
2025-03-02 17:00:00,273.8
2025-03-02 18:00:00,17.85
2025-03-02 19:00:00,0.0
2025-03-02 20:00:00,0.0
2025-03-02 21:00:00,0.0
2025-03-02 22:00:00,0.0
2025-03-02 23:00:00,0.0
2025-03-03 00:00:00,0.0
2025-03-03 01:00:00,0.0
2025-03-03 02:00:00,0.0
2025-03-03 03:00:00,0.0
2025-03-03 04:00:00,0.0
2025-03-03 05:00:00,0.0
2025-03-03 06:00:00,18.38
2025-03-03 07:00:00,275.65
2025-03-03 08:00:00,585.78
2025-03-03 09:00:00,852.12
2025-03-03 10:00:00,1056.5
2025-03-03 11:00:00,1184.97
2025-03-03 12:00:00,1228.82
2025-03-03 13:00:00,1185.03
2025-03-03 14:00:00,1056.6
2025-03-03 15:00:00,852.3
2025-03-03 16:00:00,586.05
2025-03-03 17:00:00,276.0
2025-03-03 18:00:00,18.55
2025-03-03 19:00:00,0.0
2025-03-03 20:00:00,0.0
2025-03-03 21:00:00,0.0
2025-03-03 22:00:00,0.0
2025-03-03 23:00:00,0.0
2025-03-04 00:00:00,0.0
2025-03-04 01:00:00,0.0
2025-03-04 02:00:00,0.0
2025-03-04 03:00:00,0.0
2025-03-04 04:00:00,0.0
2025-03-04 05:00:00,0.0
2025-03-04 06:00:00,19.9
2025-03-04 07:00:00,280.15
2025-03-04 08:00:00,590.25
2025-03-04 09:00:00,856.47
2025-03-04 10:00:00,1060.65
2025-03-04 11:00:00,1188.88
2025-03-04 12:00:00,1232.43
2025-03-04 13:00:00,1188.3
2025-03-04 14:00:00,1059.55
2025-03-04 15:00:00,854.95
2025-03-04 16:00:00,588.42
2025-03-04 17:00:00,278.17
2025-03-04 18:00:00,19.25
2025-03-04 19:00:00,0.0
2025-03-04 20:00:00,0.0
2025-03-04 21:00:00,0.0
2025-03-04 22:00:00,0.0
2025-03-04 23:00:00,0.0
2025-03-05 00:00:00,0.0
2025-03-05 01:00:00,0.0
2025-03-05 02:00:00,0.0
2025-03-05 03:00:00,0.0
2025-03-05 04:00:00,0.0
2025-03-05 05:00:00,0.0
2025-03-05 06:00:00,21.48
2025-03-05 07:00:00,284.7
2025-03-05 08:00:00,594.75
2025-03-05 09:00:00,860.83
2025-03-05 10:00:00,1064.8
2025-03-05 11:00:00,1192.75
2025-03-05 12:00:00,1235.97
2025-03-05 13:00:00,1191.53
2025-03-05 14:00:00,1062.45
2025-03-05 15:00:00,857.53
2025-03-05 16:00:00,590.75
2025-03-05 17:00:00,280.33
2025-03-05 18:00:00,19.95
2025-03-05 19:00:00,0.0
2025-03-05 20:00:00,0.0
2025-03-05 21:00:00,0.0
2025-03-05 22:00:00,0.0
2025-03-05 23:00:00,0.0
2025-03-06 00:00:00,0.0
2025-03-06 01:00:00,0.0
2025-03-06 02:00:00,0.0
2025-03-06 03:00:00,0.0
2025-03-06 04:00:00,0.0
2025-03-06 05:00:00,0.0
2025-03-06 06:00:00,23.15
2025-03-06 07:00:00,289.27
2025-03-06 08:00:00,599.25
2025-03-06 09:00:00,865.17
2025-03-06 10:00:00,1068.9
2025-03-06 11:00:00,1196.57
2025-03-06 12:00:00,1239.47
2025-03-06 13:00:00,1194.68
2025-03-06 14:00:00,1065.25
2025-03-06 15:00:00,860.05
2025-03-06 16:00:00,593.03
2025-03-06 17:00:00,282.4
2025-03-06 18:00:00,20.65
2025-03-06 19:00:00,0.0
2025-03-06 20:00:00,0.0
2025-03-06 21:00:00,0.0
2025-03-06 22:00:00,0.0
2025-03-06 23:00:00,0.0
2025-03-07 00:00:00,0.0
2025-03-07 01:00:00,0.0
2025-03-07 02:00:00,0.0
2025-03-07 03:00:00,0.0
2025-03-07 04:00:00,0.0
2025-03-07 05:00:00,0.0
2025-03-07 06:00:00,24.9
2025-03-07 07:00:00,293.88
2025-03-07 08:00:00,603.75
2025-03-07 09:00:00,869.5
2025-03-07 10:00:00,1072.95
2025-03-07 11:00:00,1200.32
2025-03-07 12:00:00,1242.88
2025-03-07 13:00:00,1197.72
2025-03-07 14:00:00,1067.97
2025-03-07 15:00:00,862.47
2025-03-07 16:00:00,595.2
2025-03-07 17:00:00,284.42
2025-03-07 18:00:00,21.35
2025-03-07 19:00:00,0.0
2025-03-07 20:00:00,0.0
2025-03-07 21:00:00,0.0
2025-03-07 22:00:00,0.0
2025-03-07 23:00:00,0.0
2025-03-08 00:00:00,0.0
2025-03-08 01:00:00,0.0
2025-03-08 02:00:00,0.0
2025-03-08 03:00:00,0.0
2025-03-08 04:00:00,0.0
2025-03-08 05:00:00,0.0
2025-03-08 06:00:00,26.73
2025-03-08 07:00:00,298.5
2025-03-08 08:00:00,608.25
2025-03-08 09:00:00,873.78
2025-03-08 10:00:00,1076.97
2025-03-08 11:00:00,1204.0
2025-03-08 12:00:00,1246.2
2025-03-08 13:00:00,1200.72
2025-03-08 14:00:00,1070.62
2025-03-08 15:00:00,864.83
2025-03-08 16:00:00,597.35
2025-03-08 17:00:00,286.42
2025-03-08 18:00:00,22.02
2025-03-08 19:00:00,0.0
2025-03-08 20:00:00,0.0
2025-03-08 21:00:00,0.0
2025-03-08 22:00:00,0.0
2025-03-08 23:00:00,0.0
2025-03-09 00:00:00,0.0
2025-03-09 01:00:00,0.0
2025-03-09 02:00:00,0.0
2025-03-09 03:00:00,0.0
2025-03-09 04:00:00,0.0
2025-03-09 05:00:00,0.0
2025-03-09 06:00:00,28.62
2025-03-09 07:00:00,303.17
2025-03-09 08:00:00,612.8
2025-03-09 09:00:00,878.12
2025-03-09 10:00:00,1081.03
2025-03-09 11:00:00,1207.72
2025-03-09 12:00:00,1249.57
2025-03-09 13:00:00,1203.7
2025-03-09 14:00:00,1073.28
2025-03-09 15:00:00,867.17
2025-03-09 16:00:00,599.45
2025-03-09 17:00:00,288.4
2025-03-09 18:00:00,22.73
2025-03-09 19:00:00,0.0
2025-03-09 20:00:00,0.0
2025-03-09 21:00:00,0.0
2025-03-09 22:00:00,0.0
2025-03-09 23:00:00,0.0
2025-03-10 00:00:00,0.0
2025-03-10 01:00:00,0.0
2025-03-10 02:00:00,0.0
2025-03-10 03:00:00,0.0
2025-03-10 04:00:00,0.0
2025-03-10 05:00:00,0.0
2025-03-10 06:00:00,30.6
2025-03-10 07:00:00,307.88
2025-03-10 08:00:00,617.38
2025-03-10 09:00:00,882.45
2025-03-10 10:00:00,1085.07
2025-03-10 11:00:00,1211.43
2025-03-10 12:00:00,1252.9
2025-03-10 13:00:00,1206.65
2025-03-10 14:00:00,1075.88
2025-03-10 15:00:00,869.47
2025-03-10 16:00:00,601.53
2025-03-10 17:00:00,290.33
2025-03-10 18:00:00,23.42
2025-03-10 19:00:00,0.0
2025-03-10 20:00:00,0.0
2025-03-10 21:00:00,0.0
2025-03-10 22:00:00,0.0
2025-03-10 23:00:00,0.0
2025-03-11 00:00:00,0.0
2025-03-11 01:00:00,0.0
2025-03-11 02:00:00,0.0
2025-03-11 03:00:00,0.0
2025-03-11 04:00:00,0.0
2025-03-11 05:00:00,0.0
2025-03-11 06:00:00,32.67
2025-03-11 07:00:00,312.58
2025-03-11 08:00:00,621.92
2025-03-11 09:00:00,886.78
2025-03-11 10:00:00,1089.07
2025-03-11 11:00:00,1215.07
2025-03-11 12:00:00,1256.18
2025-03-11 13:00:00,1209.55
2025-03-11 14:00:00,1078.43
2025-03-11 15:00:00,871.72
2025-03-11 16:00:00,603.55
2025-03-11 17:00:00,292.2
2025-03-11 18:00:00,24.12
2025-03-11 19:00:00,0.0
2025-03-11 20:00:00,0.0
2025-03-11 21:00:00,0.0
2025-03-11 22:00:00,0.0
2025-03-11 23:00:00,0.0
2025-03-12 00:00:00,0.0
2025-03-12 01:00:00,0.0
2025-03-12 02:00:00,0.0
2025-03-12 03:00:00,0.0
2025-03-12 04:00:00,0.0
2025-03-12 05:00:00,0.0
2025-03-12 06:00:00,34.83
2025-03-12 07:00:00,317.3
2025-03-12 08:00:00,626.45
2025-03-12 09:00:00,891.03
2025-03-12 10:00:00,1093.03
2025-03-12 11:00:00,1218.62
2025-03-12 12:00:00,1259.32
2025-03-12 13:00:00,1212.32
2025-03-12 14:00:00,1080.85
2025-03-12 15:00:00,873.88
2025-03-12 16:00:00,605.5
2025-03-12 17:00:00,294.05
2025-03-12 18:00:00,24.83
2025-03-12 19:00:00,0.0
2025-03-12 20:00:00,0.0
2025-03-12 21:00:00,0.0
2025-03-12 22:00:00,0.0
2025-03-12 23:00:00,0.0
2025-03-13 00:00:00,0.0
2025-03-13 01:00:00,0.0
2025-03-13 02:00:00,0.0
2025-03-13 03:00:00,0.0
2025-03-13 04:00:00,0.0
2025-03-13 05:00:00,0.0
2025-03-13 06:00:00,37.05
2025-03-13 07:00:00,322.02
2025-03-13 08:00:00,630.97
2025-03-13 09:00:00,895.25
2025-03-13 10:00:00,1096.88
2025-03-13 11:00:00,1222.1
2025-03-13 12:00:00,1262.4
2025-03-13 13:00:00,1215.0
2025-03-13 14:00:00,1083.2
2025-03-13 15:00:00,875.95
2025-03-13 16:00:00,607.38
2025-03-13 17:00:00,295.85
2025-03-13 18:00:00,25.5
2025-03-13 19:00:00,0.0
2025-03-13 20:00:00,0.0
2025-03-13 21:00:00,0.0
2025-03-13 22:00:00,0.0
2025-03-13 23:00:00,0.0
2025-03-14 00:00:00,0.0
2025-03-14 01:00:00,0.0
2025-03-14 02:00:00,0.0
2025-03-14 03:00:00,0.0
2025-03-14 04:00:00,0.0
2025-03-14 05:00:00,0.0
2025-03-14 06:00:00,39.35
2025-03-14 07:00:00,326.77
2025-03-14 08:00:00,635.5
2025-03-14 09:00:00,899.47
2025-03-14 10:00:00,1100.75
2025-03-14 11:00:00,1225.57
2025-03-14 12:00:00,1265.45
2025-03-14 13:00:00,1217.7
2025-03-14 14:00:00,1085.53
2025-03-14 15:00:00,878.0
2025-03-14 16:00:00,609.25
2025-03-14 17:00:00,297.6
2025-03-14 18:00:00,26.2
2025-03-14 19:00:00,0.0
2025-03-14 20:00:00,0.0
2025-03-14 21:00:00,0.0
2025-03-14 22:00:00,0.0
2025-03-14 23:00:00,0.0
2025-03-15 00:00:00,0.0
2025-03-15 01:00:00,0.0
2025-03-15 02:00:00,0.0
2025-03-15 03:00:00,0.0
2025-03-15 04:00:00,0.0
2025-03-15 05:00:00,0.0
2025-03-15 06:00:00,41.72
2025-03-15 07:00:00,331.52
2025-03-15 08:00:00,640.0
2025-03-15 09:00:00,903.7
2025-03-15 10:00:00,1104.57
2025-03-15 11:00:00,1229.0
2025-03-15 12:00:00,1268.45
2025-03-15 13:00:00,1220.3
2025-03-15 14:00:00,1087.8
2025-03-15 15:00:00,879.97
2025-03-15 16:00:00,611.05
2025-03-15 17:00:00,299.35
2025-03-15 18:00:00,26.9
2025-03-15 19:00:00,0.0
2025-03-15 20:00:00,0.0
2025-03-15 21:00:00,0.0
2025-03-15 22:00:00,0.0
2025-03-15 23:00:00,0.0
2025-03-16 00:00:00,0.0
2025-03-16 01:00:00,0.0
2025-03-16 02:00:00,0.0
2025-03-16 03:00:00,0.0
2025-03-16 04:00:00,0.0
2025-03-16 05:00:00,0.0
2025-03-16 06:00:00,44.2
2025-03-16 07:00:00,336.27
2025-03-16 08:00:00,644.5
2025-03-16 09:00:00,907.85
2025-03-16 10:00:00,1108.35
2025-03-16 11:00:00,1232.35
2025-03-16 12:00:00,1271.4
2025-03-16 13:00:00,1222.82
2025-03-16 14:00:00,1089.97
2025-03-16 15:00:00,881.9
2025-03-16 16:00:00,612.83
2025-03-16 17:00:00,301.05
2025-03-16 18:00:00,27.58
2025-03-16 19:00:00,0.0
2025-03-16 20:00:00,0.0
2025-03-16 21:00:00,0.0
2025-03-16 22:00:00,0.0
2025-03-16 23:00:00,0.0
2025-03-17 00:00:00,0.0
2025-03-17 01:00:00,0.0
2025-03-17 02:00:00,0.0
2025-03-17 03:00:00,0.0
2025-03-17 04:00:00,0.0
2025-03-17 05:00:00,0.0
2025-03-17 06:00:00,46.72
2025-03-17 07:00:00,340.98
2025-03-17 08:00:00,648.9
2025-03-17 09:00:00,911.88
2025-03-17 10:00:00,1111.93
2025-03-17 11:00:00,1235.47
2025-03-17 12:00:00,1274.07
2025-03-17 13:00:00,1225.12
2025-03-17 14:00:00,1091.95
2025-03-17 15:00:00,883.65
2025-03-17 16:00:00,614.45
2025-03-17 17:00:00,302.67
2025-03-17 18:00:00,28.27
2025-03-17 19:00:00,0.0
2025-03-17 20:00:00,0.0
2025-03-17 21:00:00,0.0
2025-03-17 22:00:00,0.0
2025-03-17 23:00:00,0.0
2025-03-18 00:00:00,0.0
2025-03-18 01:00:00,0.0
2025-03-18 02:00:00,0.0
2025-03-18 03:00:00,0.0
2025-03-18 04:00:00,0.0
2025-03-18 05:00:00,0.0
2025-03-18 06:00:00,49.35
2025-03-18 07:00:00,345.73
2025-03-18 08:00:00,653.4
2025-03-18 09:00:00,916.0
2025-03-18 10:00:00,1115.68
2025-03-18 11:00:00,1238.78
2025-03-18 12:00:00,1276.95
2025-03-18 13:00:00,1227.57
2025-03-18 14:00:00,1094.07
2025-03-18 15:00:00,885.5
2025-03-18 16:00:00,616.12
2025-03-18 17:00:00,304.3
2025-03-18 18:00:00,28.95
2025-03-18 19:00:00,0.0
2025-03-18 20:00:00,0.0
2025-03-18 21:00:00,0.0
2025-03-18 22:00:00,0.0
2025-03-18 23:00:00,0.0
2025-03-19 00:00:00,0.0
2025-03-19 01:00:00,0.0
2025-03-19 02:00:00,0.0
2025-03-19 03:00:00,0.0
2025-03-19 04:00:00,0.0
2025-03-19 05:00:00,0.0
2025-03-19 06:00:00,52.05
2025-03-19 07:00:00,350.48
2025-03-19 08:00:00,657.85
2025-03-19 09:00:00,920.1
2025-03-19 10:00:00,1119.35
2025-03-19 11:00:00,1242.0
2025-03-19 12:00:00,1279.72
2025-03-19 13:00:00,1229.97
2025-03-19 14:00:00,1096.1
2025-03-19 15:00:00,887.3
2025-03-19 16:00:00,617.78
2025-03-19 17:00:00,305.92
2025-03-19 18:00:00,29.65
2025-03-19 19:00:00,0.0
2025-03-19 20:00:00,0.0
2025-03-19 21:00:00,0.0
2025-03-19 22:00:00,0.0
2025-03-19 23:00:00,0.0
2025-03-20 00:00:00,0.0
2025-03-20 01:00:00,0.0
2025-03-20 02:00:00,0.0
2025-03-20 03:00:00,0.0
2025-03-20 04:00:00,0.0
2025-03-20 05:00:00,0.0
2025-03-20 06:00:00,54.83
2025-03-20 07:00:00,355.23
2025-03-20 08:00:00,662.28
2025-03-20 09:00:00,924.1
2025-03-20 10:00:00,1122.9
2025-03-20 11:00:00,1245.1
2025-03-20 12:00:00,1282.38
2025-03-20 13:00:00,1232.22
2025-03-20 14:00:00,1098.03
2025-03-20 15:00:00,888.97
2025-03-20 16:00:00,619.33
2025-03-20 17:00:00,307.48
2025-03-20 18:00:00,30.35
2025-03-20 19:00:00,0.0
2025-03-20 20:00:00,0.0
2025-03-20 21:00:00,0.0
2025-03-20 22:00:00,0.0
2025-03-20 23:00:00,0.0
2025-03-21 00:00:00,0.0
2025-03-21 01:00:00,0.0
2025-03-21 02:00:00,0.0
2025-03-21 03:00:00,0.0
2025-03-21 04:00:00,0.0
2025-03-21 05:00:00,0.0
2025-03-21 06:00:00,57.67
2025-03-21 07:00:00,359.95
2025-03-21 08:00:00,666.65
2025-03-21 09:00:00,928.1
2025-03-21 10:00:00,1126.43
2025-03-21 11:00:00,1248.18
2025-03-21 12:00:00,1285.0
2025-03-21 13:00:00,1234.43
2025-03-21 14:00:00,1099.9
2025-03-21 15:00:00,890.62
2025-03-21 16:00:00,620.88
2025-03-21 17:00:00,309.02
2025-03-21 18:00:00,31.02
2025-03-21 19:00:00,0.0
2025-03-21 20:00:00,0.0
2025-03-21 21:00:00,0.0
2025-03-21 22:00:00,0.0
2025-03-21 23:00:00,0.0
2025-03-22 00:00:00,0.0
2025-03-22 01:00:00,0.0
2025-03-22 02:00:00,0.0
2025-03-22 03:00:00,0.0
2025-03-22 04:00:00,0.0
2025-03-22 05:00:00,0.0
2025-03-22 06:00:00,60.58
2025-03-22 07:00:00,364.62
2025-03-22 08:00:00,670.95
2025-03-22 09:00:00,931.95
2025-03-22 10:00:00,1129.82
2025-03-22 11:00:00,1251.05
2025-03-22 12:00:00,1287.43
2025-03-22 13:00:00,1236.45
2025-03-22 14:00:00,1101.62
2025-03-22 15:00:00,892.15
2025-03-22 16:00:00,622.3
2025-03-22 17:00:00,310.5
2025-03-22 18:00:00,31.73
2025-03-22 19:00:00,0.0
2025-03-22 20:00:00,0.0
2025-03-22 21:00:00,0.0
2025-03-22 22:00:00,0.0
2025-03-22 23:00:00,0.0
2025-03-23 00:00:00,0.0
2025-03-23 01:00:00,0.0
2025-03-23 02:00:00,0.0
2025-03-23 03:00:00,0.0
2025-03-23 04:00:00,0.0
2025-03-23 05:00:00,0.0
2025-03-23 06:00:00,63.58
2025-03-23 07:00:00,369.3
2025-03-23 08:00:00,675.28
2025-03-23 09:00:00,935.85
2025-03-23 10:00:00,1133.22
2025-03-23 11:00:00,1253.97
2025-03-23 12:00:00,1289.9
2025-03-23 13:00:00,1238.53
2025-03-23 14:00:00,1103.38
2025-03-23 15:00:00,893.67
2025-03-23 16:00:00,623.75
2025-03-23 17:00:00,312.0
2025-03-23 18:00:00,32.4
2025-03-23 19:00:00,0.0
2025-03-23 20:00:00,0.0
2025-03-23 21:00:00,0.0
2025-03-23 22:00:00,0.0
2025-03-23 23:00:00,0.0
2025-03-24 00:00:00,0.0
2025-03-24 01:00:00,0.0
2025-03-24 02:00:00,0.0
2025-03-24 03:00:00,0.0
2025-03-24 04:00:00,0.0
2025-03-24 05:00:00,0.0
2025-03-24 06:00:00,66.62
2025-03-24 07:00:00,373.98
2025-03-24 08:00:00,679.6
2025-03-24 09:00:00,939.72
2025-03-24 10:00:00,1136.62
2025-03-24 11:00:00,1256.9
2025-03-24 12:00:00,1292.35
2025-03-24 13:00:00,1240.57
2025-03-24 14:00:00,1105.12
2025-03-24 15:00:00,895.22
2025-03-24 16:00:00,625.2
2025-03-24 17:00:00,313.48
2025-03-24 18:00:00,33.1
2025-03-24 19:00:00,0.0
2025-03-24 20:00:00,0.0
2025-03-24 21:00:00,0.0
2025-03-24 22:00:00,0.0
2025-03-24 23:00:00,0.0
2025-03-25 00:00:00,0.0
2025-03-25 01:00:00,0.0
2025-03-25 02:00:00,0.0
2025-03-25 03:00:00,0.0
2025-03-25 04:00:00,0.0
2025-03-25 05:00:00,0.0
2025-03-25 06:00:00,69.75
2025-03-25 07:00:00,378.62
2025-03-25 08:00:00,683.83
2025-03-25 09:00:00,943.47
2025-03-25 10:00:00,1139.88
2025-03-25 11:00:00,1259.65
2025-03-25 12:00:00,1294.62
2025-03-25 13:00:00,1242.47
2025-03-25 14:00:00,1106.7
2025-03-25 15:00:00,896.6
2025-03-25 16:00:00,626.53
2025-03-25 17:00:00,314.9
2025-03-25 18:00:00,33.8
2025-03-25 19:00:00,0.0
2025-03-25 20:00:00,0.0
2025-03-25 21:00:00,0.0
2025-03-25 22:00:00,0.0
2025-03-25 23:00:00,0.0
2025-03-26 00:00:00,0.0
2025-03-26 01:00:00,0.0
2025-03-26 02:00:00,0.0
2025-03-26 03:00:00,0.0
2025-03-26 04:00:00,0.0
2025-03-26 05:00:00,0.0
2025-03-26 06:00:00,72.93
2025-03-26 07:00:00,383.15
2025-03-26 08:00:00,687.9
2025-03-26 09:00:00,947.03
2025-03-26 10:00:00,1142.9
2025-03-26 11:00:00,1262.15
2025-03-26 12:00:00,1296.65
2025-03-26 13:00:00,1244.1
2025-03-26 14:00:00,1108.05
2025-03-26 15:00:00,897.83
2025-03-26 16:00:00,627.75
2025-03-26 17:00:00,316.25
2025-03-26 18:00:00,34.5
2025-03-26 19:00:00,0.0
2025-03-26 20:00:00,0.0
2025-03-26 21:00:00,0.0
2025-03-26 22:00:00,0.0
2025-03-26 23:00:00,0.0
2025-03-27 00:00:00,0.0
2025-03-27 01:00:00,0.0
2025-03-27 02:00:00,0.0
2025-03-27 03:00:00,0.0
2025-03-27 04:00:00,0.0
2025-03-27 05:00:00,0.0
2025-03-27 06:00:00,76.18
2025-03-27 07:00:00,387.67
2025-03-27 08:00:00,691.92
2025-03-27 09:00:00,950.53
2025-03-27 10:00:00,1145.85
2025-03-27 11:00:00,1264.55
2025-03-27 12:00:00,1298.6
2025-03-27 13:00:00,1245.65
2025-03-27 14:00:00,1109.35
2025-03-27 15:00:00,898.97
2025-03-27 16:00:00,628.92
2025-03-27 17:00:00,317.58
2025-03-27 18:00:00,35.17
2025-03-27 19:00:00,0.0
2025-03-27 20:00:00,0.0
2025-03-27 21:00:00,0.0
2025-03-27 22:00:00,0.0
2025-03-27 23:00:00,0.0
2025-03-28 00:00:00,0.0
2025-03-28 01:00:00,0.0
2025-03-28 02:00:00,0.0
2025-03-28 03:00:00,0.0
2025-03-28 04:00:00,0.0
2025-03-28 05:00:00,0.0
2025-03-28 06:00:00,79.47
2025-03-28 07:00:00,392.17
2025-03-28 08:00:00,695.97
2025-03-28 09:00:00,954.03
2025-03-28 10:00:00,1148.8
2025-03-28 11:00:00,1266.97
2025-03-28 12:00:00,1300.55
2025-03-28 13:00:00,1247.22
2025-03-28 14:00:00,1110.65
2025-03-28 15:00:00,900.15
2025-03-28 16:00:00,630.1
2025-03-28 17:00:00,318.9
2025-03-28 18:00:00,35.88
2025-03-28 19:00:00,0.0
2025-03-28 20:00:00,0.0
2025-03-28 21:00:00,0.0
2025-03-28 22:00:00,0.0
2025-03-28 23:00:00,0.0
2025-03-29 00:00:00,0.0
2025-03-29 01:00:00,0.0
2025-03-29 02:00:00,0.0
2025-03-29 03:00:00,0.0
2025-03-29 04:00:00,0.0
2025-03-29 05:00:00,0.0
2025-03-29 06:00:00,82.82
2025-03-29 07:00:00,396.65
2025-03-29 08:00:00,699.95
2025-03-29 09:00:00,957.47
2025-03-29 10:00:00,1151.7
2025-03-29 11:00:00,1269.35
2025-03-29 12:00:00,1302.45
2025-03-29 13:00:00,1248.75
2025-03-29 14:00:00,1111.93
2025-03-29 15:00:00,901.3
2025-03-29 16:00:00,631.25
2025-03-29 17:00:00,320.2
2025-03-29 18:00:00,36.58
2025-03-29 19:00:00,0.0
2025-03-29 20:00:00,0.0
2025-03-29 21:00:00,0.0
2025-03-29 22:00:00,0.0
2025-03-29 23:00:00,0.0
2025-03-30 00:00:00,0.0
2025-03-30 01:00:00,0.0
2025-03-30 02:00:00,0.0
2025-03-30 03:00:00,0.0
2025-03-30 04:00:00,0.0
2025-03-30 05:00:00,0.0
2025-03-30 06:00:00,86.22
2025-03-30 07:00:00,401.02
2025-03-30 08:00:00,703.8
2025-03-30 09:00:00,960.75
2025-03-30 10:00:00,1154.38
2025-03-30 11:00:00,1271.5
2025-03-30 12:00:00,1304.12
2025-03-30 13:00:00,1250.05
2025-03-30 14:00:00,1112.97
2025-03-30 15:00:00,902.25
2025-03-30 16:00:00,632.28
2025-03-30 17:00:00,321.45
2025-03-30 18:00:00,37.28
2025-03-30 19:00:00,0.0
2025-03-30 20:00:00,0.0
2025-03-30 21:00:00,0.0
2025-03-30 22:00:00,0.0
2025-03-30 23:00:00,0.0
2025-03-31 00:00:00,0.0
2025-03-31 01:00:00,0.0
2025-03-31 02:00:00,0.0
2025-03-31 03:00:00,0.0
2025-03-31 04:00:00,0.0
2025-03-31 05:00:00,0.0
2025-03-31 06:00:00,89.7
2025-03-31 07:00:00,405.38
2025-03-31 08:00:00,707.6
2025-03-31 09:00:00,963.97
2025-03-31 10:00:00,1157.03
2025-03-31 11:00:00,1273.6
2025-03-31 12:00:00,1305.75
2025-03-31 13:00:00,1251.3
2025-03-31 14:00:00,1114.0
2025-03-31 15:00:00,903.2
2025-03-31 16:00:00,633.3
2025-03-31 17:00:00,322.67
2025-03-31 18:00:00,38.0
2025-03-31 19:00:00,0.0
2025-03-31 20:00:00,0.0
2025-03-31 21:00:00,0.0
2025-03-31 22:00:00,0.0
2025-03-31 23:00:00,0.0
2025-04-01 00:00:00,0.0
2025-04-01 01:00:00,0.0
2025-04-01 02:00:00,0.0
2025-04-01 03:00:00,0.0
2025-04-01 04:00:00,0.0
2025-04-01 05:00:00,0.0
2025-04-01 06:00:00,93.2
2025-04-01 07:00:00,409.67
2025-04-01 08:00:00,711.33
2025-04-01 09:00:00,967.1
2025-04-01 10:00:00,1159.53
2025-04-01 11:00:00,1275.55
2025-04-01 12:00:00,1307.22
2025-04-01 13:00:00,1252.43
2025-04-01 14:00:00,1114.9
2025-04-01 15:00:00,904.05
2025-04-01 16:00:00,634.25
2025-04-01 17:00:00,323.9
2025-04-01 18:00:00,38.7
2025-04-01 19:00:00,0.0
2025-04-01 20:00:00,0.0
2025-04-01 21:00:00,0.0
2025-04-01 22:00:00,0.0
2025-04-01 23:00:00,0.0
2025-04-02 00:00:00,0.0
2025-04-02 01:00:00,0.0
2025-04-02 02:00:00,0.0
2025-04-02 03:00:00,0.0
2025-04-02 04:00:00,0.0
2025-04-02 05:00:00,0.0
2025-04-02 06:00:00,96.75
2025-04-02 07:00:00,413.92
2025-04-02 08:00:00,715.03
2025-04-02 09:00:00,970.2
2025-04-02 10:00:00,1162.05
2025-04-02 11:00:00,1277.5
2025-04-02 12:00:00,1308.72
2025-04-02 13:00:00,1253.57
2025-04-02 14:00:00,1115.85
2025-04-02 15:00:00,904.92
2025-04-02 16:00:00,635.2
2025-04-02 17:00:00,325.1
2025-04-02 18:00:00,39.42
2025-04-02 19:00:00,0.0
2025-04-02 20:00:00,0.0
2025-04-02 21:00:00,0.0
2025-04-02 22:00:00,0.0
2025-04-02 23:00:00,0.0
2025-04-03 00:00:00,0.0
2025-04-03 01:00:00,0.0
2025-04-03 02:00:00,0.0
2025-04-03 03:00:00,0.0
2025-04-03 04:00:00,0.0
2025-04-03 05:00:00,0.0
2025-04-03 06:00:00,100.32
2025-04-03 07:00:00,418.15
2025-04-03 08:00:00,718.67
2025-04-03 09:00:00,973.25
2025-04-03 10:00:00,1164.5
2025-04-03 11:00:00,1279.4
2025-04-03 12:00:00,1310.15
2025-04-03 13:00:00,1254.65
2025-04-03 14:00:00,1116.72
2025-04-03 15:00:00,905.75
2025-04-03 16:00:00,636.15
2025-04-03 17:00:00,326.3
2025-04-03 18:00:00,40.12
2025-04-03 19:00:00,0.0
2025-04-03 20:00:00,0.0
2025-04-03 21:00:00,0.0
2025-04-03 22:00:00,0.0
2025-04-03 23:00:00,0.0
2025-04-04 00:00:00,0.0
2025-04-04 01:00:00,0.0
2025-04-04 02:00:00,0.0
2025-04-04 03:00:00,0.0
2025-04-04 04:00:00,0.0
2025-04-04 05:00:00,0.0
2025-04-04 06:00:00,103.97
2025-04-04 07:00:00,422.38
2025-04-04 08:00:00,722.38
2025-04-04 09:00:00,976.38
2025-04-04 10:00:00,1167.05
2025-04-04 11:00:00,1281.43
2025-04-04 12:00:00,1311.7
2025-04-04 13:00:00,1255.88
2025-04-04 14:00:00,1117.7
2025-04-04 15:00:00,906.67
2025-04-04 16:00:00,637.15
2025-04-04 17:00:00,327.52
2025-04-04 18:00:00,40.88
2025-04-04 19:00:00,0.0
2025-04-04 20:00:00,0.0
2025-04-04 21:00:00,0.0
2025-04-04 22:00:00,0.0
2025-04-04 23:00:00,0.0
2025-04-05 00:00:00,0.0
2025-04-05 01:00:00,0.0
2025-04-05 02:00:00,0.0
2025-04-05 03:00:00,0.0
2025-04-05 04:00:00,0.0
2025-04-05 05:00:00,0.0
2025-04-05 06:00:00,107.68
2025-04-05 07:00:00,426.58
2025-04-05 08:00:00,726.08
2025-04-05 09:00:00,979.5
2025-04-05 10:00:00,1169.6
2025-04-05 11:00:00,1283.45
2025-04-05 12:00:00,1313.3
2025-04-05 13:00:00,1257.12
2025-04-05 14:00:00,1118.75
2025-04-05 15:00:00,907.62
2025-04-05 16:00:00,638.17
2025-04-05 17:00:00,328.77
2025-04-05 18:00:00,41.62
2025-04-05 19:00:00,0.0
2025-04-05 20:00:00,0.0
2025-04-05 21:00:00,0.0
2025-04-05 22:00:00,0.0
2025-04-05 23:00:00,0.0
2025-04-06 00:00:00,0.0
2025-04-06 01:00:00,0.0
2025-04-06 02:00:00,0.0
2025-04-06 03:00:00,0.0
2025-04-06 04:00:00,0.0
2025-04-06 05:00:00,0.0
2025-04-06 06:00:00,111.4
2025-04-06 07:00:00,430.75
2025-04-06 08:00:00,729.72
2025-04-06 09:00:00,982.58
2025-04-06 10:00:00,1172.15
2025-04-06 11:00:00,1285.47
2025-04-06 12:00:00,1314.88
2025-04-06 13:00:00,1258.35
2025-04-06 14:00:00,1119.75
2025-04-06 15:00:00,908.58
2025-04-06 16:00:00,639.2
2025-04-06 17:00:00,330.02
2025-04-06 18:00:00,42.38
2025-04-06 19:00:00,0.0
2025-04-06 20:00:00,0.0
2025-04-06 21:00:00,0.0
2025-04-06 22:00:00,0.0
2025-04-06 23:00:00,0.0
2025-04-07 00:00:00,0.0
2025-04-07 01:00:00,0.0
2025-04-07 02:00:00,0.0
2025-04-07 03:00:00,0.0
2025-04-07 04:00:00,0.0
2025-04-07 05:00:00,0.0
2025-04-07 06:00:00,115.15
2025-04-07 07:00:00,434.88
2025-04-07 08:00:00,733.28
2025-04-07 09:00:00,985.58
2025-04-07 10:00:00,1174.57
2025-04-07 11:00:00,1287.38
2025-04-07 12:00:00,1316.35
2025-04-07 13:00:00,1259.47
2025-04-07 14:00:00,1120.7
2025-04-07 15:00:00,909.45
2025-04-07 16:00:00,640.2
2025-04-07 17:00:00,331.25
2025-04-07 18:00:00,43.12
2025-04-07 19:00:00,0.0
2025-04-07 20:00:00,0.0
2025-04-07 21:00:00,0.0
2025-04-07 22:00:00,0.0
2025-04-07 23:00:00,0.0
2025-04-08 00:00:00,0.0
2025-04-08 01:00:00,0.0
2025-04-08 02:00:00,0.0
2025-04-08 03:00:00,0.0
2025-04-08 04:00:00,0.0
2025-04-08 05:00:00,0.0
2025-04-08 06:00:00,118.95
2025-04-08 07:00:00,438.92
2025-04-08 08:00:00,736.83
2025-04-08 09:00:00,988.55
2025-04-08 10:00:00,1176.97
2025-04-08 11:00:00,1289.28
2025-04-08 12:00:00,1317.8
2025-04-08 13:00:00,1260.6
2025-04-08 14:00:00,1121.62
2025-04-08 15:00:00,910.35
2025-04-08 16:00:00,641.17
2025-04-08 17:00:00,332.5
2025-04-08 18:00:00,43.9
2025-04-08 19:00:00,0.0
2025-04-08 20:00:00,0.0
2025-04-08 21:00:00,0.0
2025-04-08 22:00:00,0.0
2025-04-08 23:00:00,0.0
2025-04-09 00:00:00,0.0
2025-04-09 01:00:00,0.0
2025-04-09 02:00:00,0.0
2025-04-09 03:00:00,0.0
2025-04-09 04:00:00,0.0
2025-04-09 05:00:00,0.0
2025-04-09 06:00:00,122.75
2025-04-09 07:00:00,442.92
2025-04-09 08:00:00,740.28
2025-04-09 09:00:00,991.42
2025-04-09 10:00:00,1179.3
2025-04-09 11:00:00,1291.07
2025-04-09 12:00:00,1319.18
2025-04-09 13:00:00,1261.68
2025-04-09 14:00:00,1122.53
2025-04-09 15:00:00,911.2
2025-04-09 16:00:00,642.15
2025-04-09 17:00:00,333.73
2025-04-09 18:00:00,44.67
2025-04-09 19:00:00,0.0
2025-04-09 20:00:00,0.0
2025-04-09 21:00:00,0.0
2025-04-09 22:00:00,0.0
2025-04-09 23:00:00,0.0
2025-04-10 00:00:00,0.0
2025-04-10 01:00:00,0.0
2025-04-10 02:00:00,0.0
2025-04-10 03:00:00,0.0
2025-04-10 04:00:00,0.0
2025-04-10 05:00:00,0.0
2025-04-10 06:00:00,126.55
2025-04-10 07:00:00,446.77
2025-04-10 08:00:00,743.5
2025-04-10 09:00:00,994.05
2025-04-10 10:00:00,1181.3
2025-04-10 11:00:00,1292.55
2025-04-10 12:00:00,1320.22
2025-04-10 13:00:00,1262.43
2025-04-10 14:00:00,1123.12
2025-04-10 15:00:00,911.83
2025-04-10 16:00:00,642.97
2025-04-10 17:00:00,334.88
2025-04-10 18:00:00,45.45
2025-04-10 19:00:00,0.0
2025-04-10 20:00:00,0.0
2025-04-10 21:00:00,0.0
2025-04-10 22:00:00,0.0
2025-04-10 23:00:00,0.0
2025-04-11 00:00:00,0.0
2025-04-11 01:00:00,0.0
2025-04-11 02:00:00,0.0
2025-04-11 03:00:00,0.0
2025-04-11 04:00:00,0.0
2025-04-11 05:00:00,0.0
2025-04-11 06:00:00,130.38
2025-04-11 07:00:00,450.55
2025-04-11 08:00:00,746.65
2025-04-11 09:00:00,996.53
2025-04-11 10:00:00,1183.18
2025-04-11 11:00:00,1293.9
2025-04-11 12:00:00,1321.12
2025-04-11 13:00:00,1263.05
2025-04-11 14:00:00,1123.62
2025-04-11 15:00:00,912.4
2025-04-11 16:00:00,643.75
2025-04-11 17:00:00,336.0
2025-04-11 18:00:00,46.25
2025-04-11 19:00:00,0.0
2025-04-11 20:00:00,0.0
2025-04-11 21:00:00,0.0
2025-04-11 22:00:00,0.0
2025-04-11 23:00:00,0.0
2025-04-12 00:00:00,0.0
2025-04-12 01:00:00,0.0
2025-04-12 02:00:00,0.0
2025-04-12 03:00:00,0.0
2025-04-12 04:00:00,0.0
2025-04-12 05:00:00,0.0
2025-04-12 06:00:00,134.18
2025-04-12 07:00:00,454.25
2025-04-12 08:00:00,749.7
2025-04-12 09:00:00,998.95
2025-04-12 10:00:00,1185.0
2025-04-12 11:00:00,1295.2
2025-04-12 12:00:00,1322.0
2025-04-12 13:00:00,1263.65
2025-04-12 14:00:00,1124.12
2025-04-12 15:00:00,912.95
2025-04-12 16:00:00,644.5
2025-04-12 17:00:00,337.15
2025-04-12 18:00:00,47.05
2025-04-12 19:00:00,0.0
2025-04-12 20:00:00,0.0
2025-04-12 21:00:00,0.0
2025-04-12 22:00:00,0.0
2025-04-12 23:00:00,0.0
2025-04-13 00:00:00,0.0
2025-04-13 01:00:00,0.0
2025-04-13 02:00:00,0.0
2025-04-13 03:00:00,0.0
2025-04-13 04:00:00,0.0
2025-04-13 05:00:00,0.0
2025-04-13 06:00:00,138.02
2025-04-13 07:00:00,457.95
2025-04-13 08:00:00,752.8
2025-04-13 09:00:00,1001.45
2025-04-13 10:00:00,1186.9
2025-04-13 11:00:00,1296.57
2025-04-13 12:00:00,1323.0
2025-04-13 13:00:00,1264.38
2025-04-13 14:00:00,1124.72
2025-04-13 15:00:00,913.58
2025-04-13 16:00:00,645.35
2025-04-13 17:00:00,338.33
2025-04-13 18:00:00,47.88
2025-04-13 19:00:00,0.0
2025-04-13 20:00:00,0.0
2025-04-13 21:00:00,0.0
2025-04-13 22:00:00,0.0
2025-04-13 23:00:00,0.0
2025-04-14 00:00:00,0.0
2025-04-14 01:00:00,0.0
2025-04-14 02:00:00,0.0
2025-04-14 03:00:00,0.0
2025-04-14 04:00:00,0.0
2025-04-14 05:00:00,0.0
2025-04-14 06:00:00,141.9
2025-04-14 07:00:00,461.58
2025-04-14 08:00:00,755.85
2025-04-14 09:00:00,1003.88
2025-04-14 10:00:00,1188.78
2025-04-14 11:00:00,1297.93
2025-04-14 12:00:00,1323.95
2025-04-14 13:00:00,1265.07
2025-04-14 14:00:00,1125.3
2025-04-14 15:00:00,914.2
2025-04-14 16:00:00,646.17
2025-04-14 17:00:00,339.5
2025-04-14 18:00:00,48.7
2025-04-14 19:00:00,0.0
2025-04-14 20:00:00,0.0
2025-04-14 21:00:00,0.0
2025-04-14 22:00:00,0.0
2025-04-14 23:00:00,0.0
2025-04-15 00:00:00,0.0
2025-04-15 01:00:00,0.0
2025-04-15 02:00:00,0.0
2025-04-15 03:00:00,0.0
2025-04-15 04:00:00,0.0
2025-04-15 05:00:00,0.0
2025-04-15 06:00:00,145.73
2025-04-15 07:00:00,465.1
2025-04-15 08:00:00,758.75
2025-04-15 09:00:00,1006.15
2025-04-15 10:00:00,1190.45
2025-04-15 11:00:00,1299.12
2025-04-15 12:00:00,1324.78
2025-04-15 13:00:00,1265.62
2025-04-15 14:00:00,1125.78
2025-04-15 15:00:00,914.75
2025-04-15 16:00:00,646.97
2025-04-15 17:00:00,340.67
2025-04-15 18:00:00,49.55
2025-04-15 19:00:00,0.0
2025-04-15 20:00:00,0.0
2025-04-15 21:00:00,0.0
2025-04-15 22:00:00,0.0
2025-04-15 23:00:00,0.0
2025-04-16 00:00:00,0.0
2025-04-16 01:00:00,0.0
2025-04-16 02:00:00,0.0
2025-04-16 03:00:00,0.0
2025-04-16 04:00:00,0.0
2025-04-16 05:00:00,0.0
2025-04-16 06:00:00,149.57
2025-04-16 07:00:00,468.55
2025-04-16 08:00:00,761.55
2025-04-16 09:00:00,1008.33
2025-04-16 10:00:00,1192.05
2025-04-16 11:00:00,1300.2
2025-04-16 12:00:00,1325.45
2025-04-16 13:00:00,1266.1
2025-04-16 14:00:00,1126.18
2025-04-16 15:00:00,915.25
2025-04-16 16:00:00,647.7
2025-04-16 17:00:00,341.83
2025-04-16 18:00:00,50.4
2025-04-16 19:00:00,0.0
2025-04-16 20:00:00,0.0
2025-04-16 21:00:00,0.0
2025-04-16 22:00:00,0.0
2025-04-16 23:00:00,0.0
2025-04-17 00:00:00,0.0
2025-04-17 01:00:00,0.0
2025-04-17 02:00:00,0.0
2025-04-17 03:00:00,0.0
2025-04-17 04:00:00,0.0
2025-04-17 05:00:00,0.0
2025-04-17 06:00:00,153.38
2025-04-17 07:00:00,471.88
2025-04-17 08:00:00,764.2
2025-04-17 09:00:00,1010.33
2025-04-17 10:00:00,1193.43
2025-04-17 11:00:00,1301.1
2025-04-17 12:00:00,1325.97
2025-04-17 13:00:00,1266.38
2025-04-17 14:00:00,1126.43
2025-04-17 15:00:00,915.62
2025-04-17 16:00:00,648.38
2025-04-17 17:00:00,342.92
2025-04-17 18:00:00,51.25
2025-04-17 19:00:00,0.0
2025-04-17 20:00:00,0.0
2025-04-17 21:00:00,0.0
2025-04-17 22:00:00,0.0
2025-04-17 23:00:00,0.0
2025-04-18 00:00:00,0.0
2025-04-18 01:00:00,0.0
2025-04-18 02:00:00,0.0
2025-04-18 03:00:00,0.0
2025-04-18 04:00:00,0.0
2025-04-18 05:00:00,0.0
2025-04-18 06:00:00,157.15
2025-04-18 07:00:00,475.1
2025-04-18 08:00:00,766.75
2025-04-18 09:00:00,1012.2
2025-04-18 10:00:00,1194.7
2025-04-18 11:00:00,1301.88
2025-04-18 12:00:00,1326.38
2025-04-18 13:00:00,1266.6
2025-04-18 14:00:00,1126.6
2025-04-18 15:00:00,915.95
2025-04-18 16:00:00,649.03
2025-04-18 17:00:00,344.05
2025-04-18 18:00:00,52.12
2025-04-18 19:00:00,0.0
2025-04-18 20:00:00,0.0
2025-04-18 21:00:00,0.0
2025-04-18 22:00:00,0.0
2025-04-18 23:00:00,0.0
2025-04-19 00:00:00,0.0
2025-04-19 01:00:00,0.0
2025-04-19 02:00:00,0.0
2025-04-19 03:00:00,0.0
2025-04-19 04:00:00,0.0
2025-04-19 05:00:00,0.0
2025-04-19 06:00:00,160.95
2025-04-19 07:00:00,478.33
2025-04-19 08:00:00,769.33
2025-04-19 09:00:00,1014.12
2025-04-19 10:00:00,1196.05
2025-04-19 11:00:00,1302.72
2025-04-19 12:00:00,1326.88
2025-04-19 13:00:00,1266.9
2025-04-19 14:00:00,1126.88
2025-04-19 15:00:00,916.38
2025-04-19 16:00:00,649.75
2025-04-19 17:00:00,345.2
2025-04-19 18:00:00,53.03
2025-04-19 19:00:00,0.0
2025-04-19 20:00:00,0.0
2025-04-19 21:00:00,0.0
2025-04-19 22:00:00,0.0
2025-04-19 23:00:00,0.0
2025-04-20 00:00:00,0.0
2025-04-20 01:00:00,0.0
2025-04-20 02:00:00,0.0
2025-04-20 03:00:00,0.0
2025-04-20 04:00:00,0.0
2025-04-20 05:00:00,0.0
2025-04-20 06:00:00,164.75
2025-04-20 07:00:00,481.52
2025-04-20 08:00:00,771.92
2025-04-20 09:00:00,1016.12
2025-04-20 10:00:00,1197.5
2025-04-20 11:00:00,1303.72
2025-04-20 12:00:00,1327.55
2025-04-20 13:00:00,1267.35
2025-04-20 14:00:00,1127.3
2025-04-20 15:00:00,916.9
2025-04-20 16:00:00,650.55
2025-04-20 17:00:00,346.4
2025-04-20 18:00:00,53.95
2025-04-20 19:00:00,0.0
2025-04-20 20:00:00,0.0
2025-04-20 21:00:00,0.0
2025-04-20 22:00:00,0.0
2025-04-20 23:00:00,0.0
2025-04-21 00:00:00,0.0
2025-04-21 01:00:00,0.0
2025-04-21 02:00:00,0.0
2025-04-21 03:00:00,0.0
2025-04-21 04:00:00,0.0
2025-04-21 05:00:00,0.0
2025-04-21 06:00:00,168.5
2025-04-21 07:00:00,484.62
2025-04-21 08:00:00,774.4
2025-04-21 09:00:00,1018.0
2025-04-21 10:00:00,1198.85
2025-04-21 11:00:00,1304.6
2025-04-21 12:00:00,1328.1
2025-04-21 13:00:00,1267.72
2025-04-21 14:00:00,1127.62
2025-04-21 15:00:00,917.4
2025-04-21 16:00:00,651.33
2025-04-21 17:00:00,347.6
2025-04-21 18:00:00,54.88
2025-04-21 19:00:00,0.0
2025-04-21 20:00:00,0.0
2025-04-21 21:00:00,0.0
2025-04-21 22:00:00,0.0
2025-04-21 23:00:00,0.0
2025-04-22 00:00:00,0.0
2025-04-22 01:00:00,0.0
2025-04-22 02:00:00,0.0
2025-04-22 03:00:00,0.0
2025-04-22 04:00:00,0.0
2025-04-22 05:00:00,0.0
2025-04-22 06:00:00,172.2
2025-04-22 07:00:00,487.6
2025-04-22 08:00:00,776.72
2025-04-22 09:00:00,1019.7
2025-04-22 10:00:00,1199.97
2025-04-22 11:00:00,1305.28
2025-04-22 12:00:00,1328.45
2025-04-22 13:00:00,1267.93
2025-04-22 14:00:00,1127.85
2025-04-22 15:00:00,917.78
2025-04-22 16:00:00,652.03
2025-04-22 17:00:00,348.77
2025-04-22 18:00:00,55.83
2025-04-22 19:00:00,0.0
2025-04-22 20:00:00,0.0
2025-04-22 21:00:00,0.0
2025-04-22 22:00:00,0.0
2025-04-22 23:00:00,0.0
2025-04-23 00:00:00,0.0
2025-04-23 01:00:00,0.0
2025-04-23 02:00:00,0.0
2025-04-23 03:00:00,0.0
2025-04-23 04:00:00,0.0
2025-04-23 05:00:00,0.0
2025-04-23 06:00:00,175.88
2025-04-23 07:00:00,490.5
2025-04-23 08:00:00,778.97
2025-04-23 09:00:00,1021.33
2025-04-23 10:00:00,1201.05
2025-04-23 11:00:00,1305.9
2025-04-23 12:00:00,1328.75
2025-04-23 13:00:00,1268.07
2025-04-23 14:00:00,1128.0
2025-04-23 15:00:00,918.12
2025-04-23 16:00:00,652.72
2025-04-23 17:00:00,349.95
2025-04-23 18:00:00,56.78
2025-04-23 19:00:00,0.0
2025-04-23 20:00:00,0.0
2025-04-23 21:00:00,0.0
2025-04-23 22:00:00,0.0
2025-04-23 23:00:00,0.0
2025-04-24 00:00:00,0.0
2025-04-24 01:00:00,0.0
2025-04-24 02:00:00,0.0
2025-04-24 03:00:00,0.0
2025-04-24 04:00:00,0.0
2025-04-24 05:00:00,0.0
2025-04-24 06:00:00,179.52
2025-04-24 07:00:00,493.35
2025-04-24 08:00:00,781.2
2025-04-24 09:00:00,1022.95
2025-04-24 10:00:00,1202.12
2025-04-24 11:00:00,1306.55
2025-04-24 12:00:00,1329.12
2025-04-24 13:00:00,1268.3
2025-04-24 14:00:00,1128.25
2025-04-24 15:00:00,918.55
2025-04-24 16:00:00,653.5
2025-04-24 17:00:00,351.17
2025-04-24 18:00:00,57.78
2025-04-24 19:00:00,0.0
2025-04-24 20:00:00,0.0
2025-04-24 21:00:00,0.0
2025-04-24 22:00:00,0.0
2025-04-24 23:00:00,0.0
2025-04-25 00:00:00,0.0
2025-04-25 01:00:00,0.0
2025-04-25 02:00:00,0.0
2025-04-25 03:00:00,0.0
2025-04-25 04:00:00,0.0
2025-04-25 05:00:00,0.0
2025-04-25 06:00:00,183.15
2025-04-25 07:00:00,496.12
2025-04-25 08:00:00,783.35
2025-04-25 09:00:00,1024.5
2025-04-25 10:00:00,1203.15
2025-04-25 11:00:00,1307.18
2025-04-25 12:00:00,1329.45
2025-04-25 13:00:00,1268.5
2025-04-25 14:00:00,1128.47
2025-04-25 15:00:00,918.97
2025-04-25 16:00:00,654.25
2025-04-25 17:00:00,352.38
2025-04-25 18:00:00,58.78
2025-04-25 19:00:00,0.0
2025-04-25 20:00:00,0.0
2025-04-25 21:00:00,0.0
2025-04-25 22:00:00,0.0
2025-04-25 23:00:00,0.0
2025-04-26 00:00:00,0.0
2025-04-26 01:00:00,0.0
2025-04-26 02:00:00,0.0
2025-04-26 03:00:00,0.0
2025-04-26 04:00:00,0.0
2025-04-26 05:00:00,0.0
2025-04-26 06:00:00,186.75
2025-04-26 07:00:00,498.88
2025-04-26 08:00:00,785.5
2025-04-26 09:00:00,1026.1
2025-04-26 10:00:00,1204.25
2025-04-26 11:00:00,1307.88
2025-04-26 12:00:00,1329.88
2025-04-26 13:00:00,1268.8
2025-04-26 14:00:00,1128.8
2025-04-26 15:00:00,919.47
2025-04-26 16:00:00,655.08
2025-04-26 17:00:00,353.65
2025-04-26 18:00:00,59.8
2025-04-26 19:00:00,0.0
2025-04-26 20:00:00,0.0
2025-04-26 21:00:00,0.0
2025-04-26 22:00:00,0.0
2025-04-26 23:00:00,0.0
2025-04-27 00:00:00,0.0
2025-04-27 01:00:00,0.0
2025-04-27 02:00:00,0.0
2025-04-27 03:00:00,0.0
2025-04-27 04:00:00,0.0
2025-04-27 05:00:00,0.0
2025-04-27 06:00:00,190.25
2025-04-27 07:00:00,501.45
2025-04-27 08:00:00,787.42
2025-04-27 09:00:00,1027.43
2025-04-27 10:00:00,1205.07
2025-04-27 11:00:00,1308.28
2025-04-27 12:00:00,1330.03
2025-04-27 13:00:00,1268.85
2025-04-27 14:00:00,1128.93
2025-04-27 15:00:00,919.83
2025-04-27 16:00:00,655.8
2025-04-27 17:00:00,354.88
2025-04-27 18:00:00,60.83
2025-04-27 19:00:00,0.0
2025-04-27 20:00:00,0.0
2025-04-27 21:00:00,0.0
2025-04-27 22:00:00,0.0
2025-04-27 23:00:00,0.0
2025-04-28 00:00:00,0.0
2025-04-28 01:00:00,0.0
2025-04-28 02:00:00,0.0
2025-04-28 03:00:00,0.0
2025-04-28 04:00:00,0.0
2025-04-28 05:00:00,0.0
2025-04-28 06:00:00,193.68
2025-04-28 07:00:00,503.88
2025-04-28 08:00:00,789.2
2025-04-28 09:00:00,1028.57
2025-04-28 10:00:00,1205.7
2025-04-28 11:00:00,1308.5
2025-04-28 12:00:00,1330.0
2025-04-28 13:00:00,1268.72
2025-04-28 14:00:00,1128.9
2025-04-28 15:00:00,920.08
2025-04-28 16:00:00,656.45
2025-04-28 17:00:00,356.05
2025-04-28 18:00:00,61.88
2025-04-28 19:00:00,0.0
2025-04-28 20:00:00,0.0
2025-04-28 21:00:00,0.0
2025-04-28 22:00:00,0.0
2025-04-28 23:00:00,0.0
2025-04-29 00:00:00,0.0
2025-04-29 01:00:00,0.0
2025-04-29 02:00:00,0.0
2025-04-29 03:00:00,0.0
2025-04-29 04:00:00,0.0
2025-04-29 05:00:00,0.0
2025-04-29 06:00:00,197.05
2025-04-29 07:00:00,506.23
2025-04-29 08:00:00,790.92
2025-04-29 09:00:00,1029.68
2025-04-29 10:00:00,1206.28
2025-04-29 11:00:00,1308.7
2025-04-29 12:00:00,1329.95
2025-04-29 13:00:00,1268.62
2025-04-29 14:00:00,1128.9
2025-04-29 15:00:00,920.33
2025-04-29 16:00:00,657.12
2025-04-29 17:00:00,357.27
2025-04-29 18:00:00,62.92
2025-04-29 19:00:00,0.0
2025-04-29 20:00:00,0.0
2025-04-29 21:00:00,0.0
2025-04-29 22:00:00,0.0
2025-04-29 23:00:00,0.0
2025-04-30 00:00:00,-999.0
2025-04-30 01:00:00,-999.0
2025-04-30 02:00:00,-999.0
2025-04-30 03:00:00,-999.0
2025-04-30 04:00:00,-999.0
2025-04-30 05:00:00,-999.0
2025-04-30 06:00:00,-999.0
2025-04-30 07:00:00,-999.0
2025-04-30 08:00:00,-999.0
2025-04-30 09:00:00,-999.0
2025-04-30 10:00:00,-999.0
2025-04-30 11:00:00,-999.0
2025-04-30 12:00:00,-999.0
2025-04-30 13:00:00,-999.0
2025-04-30 14:00:00,-999.0
2025-04-30 15:00:00,-999.0
2025-04-30 16:00:00,-999.0
2025-04-30 17:00:00,-999.0
2025-04-30 18:00:00,-999.0
2025-04-30 19:00:00,-999.0
2025-04-30 20:00:00,-999.0
2025-04-30 21:00:00,-999.0
2025-04-30 22:00:00,-999.0
2025-04-30 23:00:00,-999.0
2025-05-01 00:00:00,-999.0
2025-05-01 01:00:00,-999.0
2025-05-01 02:00:00,-999.0
2025-05-01 03:00:00,-999.0
2025-05-01 04:00:00,-999.0
2025-05-01 05:00:00,-999.0
2025-05-01 06:00:00,-999.0
2025-05-01 07:00:00,-999.0
2025-05-01 08:00:00,-999.0
2025-05-01 09:00:00,-999.0
2025-05-01 10:00:00,-999.0
2025-05-01 11:00:00,-999.0
2025-05-01 12:00:00,-999.0
2025-05-01 13:00:00,-999.0
2025-05-01 14:00:00,-999.0
2025-05-01 15:00:00,-999.0
2025-05-01 16:00:00,-999.0
2025-05-01 17:00:00,-999.0
2025-05-01 18:00:00,-999.0
2025-05-01 19:00:00,-999.0
2025-05-01 20:00:00,-999.0
2025-05-01 21:00:00,-999.0
2025-05-01 22:00:00,-999.0
2025-05-01 23:00:00,-999.0
2025-05-02 00:00:00,-999.0
2025-05-02 01:00:00,-999.0
2025-05-02 02:00:00,-999.0
2025-05-02 03:00:00,-999.0
2025-05-02 04:00:00,-999.0
2025-05-02 05:00:00,-999.0
2025-05-02 06:00:00,-999.0
2025-05-02 07:00:00,-999.0
2025-05-02 08:00:00,-999.0
2025-05-02 09:00:00,-999.0
2025-05-02 10:00:00,-999.0
2025-05-02 11:00:00,-999.0
2025-05-02 12:00:00,-999.0
2025-05-02 13:00:00,-999.0
2025-05-02 14:00:00,-999.0
2025-05-02 15:00:00,-999.0
2025-05-02 16:00:00,-999.0
2025-05-02 17:00:00,-999.0
2025-05-02 18:00:00,-999.0
2025-05-02 19:00:00,-999.0
2025-05-02 20:00:00,-999.0
2025-05-02 21:00:00,-999.0
2025-05-02 22:00:00,-999.0
2025-05-02 23:00:00,-999.0
2025-05-03 00:00:00,-999.0
2025-05-03 01:00:00,-999.0
2025-05-03 02:00:00,-999.0
2025-05-03 03:00:00,-999.0
2025-05-03 04:00:00,-999.0
2025-05-03 05:00:00,-999.0
2025-05-03 06:00:00,-999.0
2025-05-03 07:00:00,-999.0
2025-05-03 08:00:00,-999.0
2025-05-03 09:00:00,-999.0
2025-05-03 10:00:00,-999.0
2025-05-03 11:00:00,-999.0
2025-05-03 12:00:00,-999.0
2025-05-03 13:00:00,-999.0
2025-05-03 14:00:00,-999.0
2025-05-03 15:00:00,-999.0
2025-05-03 16:00:00,-999.0
2025-05-03 17:00:00,-999.0
2025-05-03 18:00:00,-999.0
2025-05-03 19:00:00,-999.0
2025-05-03 20:00:00,-999.0
2025-05-03 21:00:00,-999.0
2025-05-03 22:00:00,-999.0
2025-05-03 23:00:00,-999.0
2025-05-04 00:00:00,-999.0
2025-05-04 01:00:00,-999.0
2025-05-04 02:00:00,-999.0
2025-05-04 03:00:00,-999.0
2025-05-04 04:00:00,-999.0
2025-05-04 05:00:00,-999.0
2025-05-04 06:00:00,-999.0
2025-05-04 07:00:00,-999.0
2025-05-04 08:00:00,-999.0
2025-05-04 09:00:00,-999.0
2025-05-04 10:00:00,-999.0
2025-05-04 11:00:00,-999.0
2025-05-04 12:00:00,-999.0
2025-05-04 13:00:00,-999.0
2025-05-04 14:00:00,-999.0
2025-05-04 15:00:00,-999.0
2025-05-04 16:00:00,-999.0
2025-05-04 17:00:00,-999.0
2025-05-04 18:00:00,-999.0
2025-05-04 19:00:00,-999.0
2025-05-04 20:00:00,-999.0
2025-05-04 21:00:00,-999.0
2025-05-04 22:00:00,-999.0
2025-05-04 23:00:00,-999.0
2025-05-05 00:00:00,-999.0
2025-05-05 01:00:00,-999.0
2025-05-05 02:00:00,-999.0
2025-05-05 03:00:00,-999.0
2025-05-05 04:00:00,-999.0
2025-05-05 05:00:00,-999.0
2025-05-05 06:00:00,-999.0
2025-05-05 07:00:00,-999.0
2025-05-05 08:00:00,-999.0
2025-05-05 09:00:00,-999.0
2025-05-05 10:00:00,-999.0
2025-05-05 11:00:00,-999.0
2025-05-05 12:00:00,-999.0
2025-05-05 13:00:00,-999.0
2025-05-05 14:00:00,-999.0
2025-05-05 15:00:00,-999.0
2025-05-05 16:00:00,-999.0
2025-05-05 17:00:00,-999.0
2025-05-05 18:00:00,-999.0
2025-05-05 19:00:00,-999.0
2025-05-05 20:00:00,-999.0
2025-05-05 21:00:00,-999.0
2025-05-05 22:00:00,-999.0
2025-05-05 23:00:00,-999.0
2025-05-06 00:00:00,-999.0
2025-05-06 01:00:00,-999.0
2025-05-06 02:00:00,-999.0
2025-05-06 03:00:00,-999.0
2025-05-06 04:00:00,-999.0
2025-05-06 05:00:00,-999.0
2025-05-06 06:00:00,-999.0
2025-05-06 07:00:00,-999.0
2025-05-06 08:00:00,-999.0
2025-05-06 09:00:00,-999.0
2025-05-06 10:00:00,-999.0
2025-05-06 11:00:00,-999.0
2025-05-06 12:00:00,-999.0
2025-05-06 13:00:00,-999.0
2025-05-06 14:00:00,-999.0
2025-05-06 15:00:00,-999.0
2025-05-06 16:00:00,-999.0
2025-05-06 17:00:00,-999.0
2025-05-06 18:00:00,-999.0
2025-05-06 19:00:00,-999.0
2025-05-06 20:00:00,-999.0
2025-05-06 21:00:00,-999.0
2025-05-06 22:00:00,-999.0
2025-05-06 23:00:00,-999.0
2025-05-07 00:00:00,-999.0
2025-05-07 01:00:00,-999.0
2025-05-07 02:00:00,-999.0
2025-05-07 03:00:00,-999.0
2025-05-07 04:00:00,-999.0
2025-05-07 05:00:00,-999.0
2025-05-07 06:00:00,-999.0
2025-05-07 07:00:00,-999.0
2025-05-07 08:00:00,-999.0
2025-05-07 09:00:00,-999.0
2025-05-07 10:00:00,-999.0
2025-05-07 11:00:00,-999.0
2025-05-07 12:00:00,-999.0
2025-05-07 13:00:00,-999.0
2025-05-07 14:00:00,-999.0
2025-05-07 15:00:00,-999.0
2025-05-07 16:00:00,-999.0
2025-05-07 17:00:00,-999.0
2025-05-07 18:00:00,-999.0
2025-05-07 19:00:00,-999.0
2025-05-07 20:00:00,-999.0
2025-05-07 21:00:00,-999.0
2025-05-07 22:00:00,-999.0
2025-05-07 23:00:00,-999.0
2025-05-08 00:00:00,-999.0
2025-05-08 01:00:00,-999.0
2025-05-08 02:00:00,-999.0
2025-05-08 03:00:00,-999.0
2025-05-08 04:00:00,-999.0
2025-05-08 05:00:00,-999.0
2025-05-08 06:00:00,-999.0
2025-05-08 07:00:00,-999.0
2025-05-08 08:00:00,-999.0
2025-05-08 09:00:00,-999.0
2025-05-08 10:00:00,-999.0
2025-05-08 11:00:00,-999.0
2025-05-08 12:00:00,-999.0
2025-05-08 13:00:00,-999.0
2025-05-08 14:00:00,-999.0
2025-05-08 15:00:00,-999.0
2025-05-08 16:00:00,-999.0
2025-05-08 17:00:00,-999.0
2025-05-08 18:00:00,-999.0
2025-05-08 19:00:00,-999.0
2025-05-08 20:00:00,-999.0
2025-05-08 21:00:00,-999.0
2025-05-08 22:00:00,-999.0
2025-05-08 23:00:00,-999.0
2025-05-09 00:00:00,-999.0
2025-05-09 01:00:00,-999.0
2025-05-09 02:00:00,-999.0
2025-05-09 03:00:00,-999.0
2025-05-09 04:00:00,-999.0
2025-05-09 05:00:00,-999.0
2025-05-09 06:00:00,-999.0
2025-05-09 07:00:00,-999.0
2025-05-09 08:00:00,-999.0
2025-05-09 09:00:00,-999.0
2025-05-09 10:00:00,-999.0
2025-05-09 11:00:00,-999.0
2025-05-09 12:00:00,-999.0
2025-05-09 13:00:00,-999.0
2025-05-09 14:00:00,-999.0
2025-05-09 15:00:00,-999.0
2025-05-09 16:00:00,-999.0
2025-05-09 17:00:00,-999.0
2025-05-09 18:00:00,-999.0
2025-05-09 19:00:00,-999.0
2025-05-09 20:00:00,-999.0
2025-05-09 21:00:00,-999.0
2025-05-09 22:00:00,-999.0
2025-05-09 23:00:00,-999.0
2025-05-10 00:00:00,-999.0
2025-05-10 01:00:00,-999.0
2025-05-10 02:00:00,-999.0
2025-05-10 03:00:00,-999.0
2025-05-10 04:00:00,-999.0
2025-05-10 05:00:00,-999.0
2025-05-10 06:00:00,-999.0
2025-05-10 07:00:00,-999.0
2025-05-10 08:00:00,-999.0
2025-05-10 09:00:00,-999.0
2025-05-10 10:00:00,-999.0
2025-05-10 11:00:00,-999.0
2025-05-10 12:00:00,-999.0
2025-05-10 13:00:00,-999.0
2025-05-10 14:00:00,-999.0
2025-05-10 15:00:00,-999.0
2025-05-10 16:00:00,-999.0
2025-05-10 17:00:00,-999.0
2025-05-10 18:00:00,-999.0
2025-05-10 19:00:00,-999.0
2025-05-10 20:00:00,-999.0
2025-05-10 21:00:00,-999.0
2025-05-10 22:00:00,-999.0
2025-05-10 23:00:00,-999.0
2025-05-11 00:00:00,-999.0
2025-05-11 01:00:00,-999.0
2025-05-11 02:00:00,-999.0
2025-05-11 03:00:00,-999.0
2025-05-11 04:00:00,-999.0
2025-05-11 05:00:00,-999.0
2025-05-11 06:00:00,-999.0
2025-05-11 07:00:00,-999.0
2025-05-11 08:00:00,-999.0
2025-05-11 09:00:00,-999.0
2025-05-11 10:00:00,-999.0
2025-05-11 11:00:00,-999.0
2025-05-11 12:00:00,-999.0
2025-05-11 13:00:00,-999.0
2025-05-11 14:00:00,-999.0
2025-05-11 15:00:00,-999.0
2025-05-11 16:00:00,-999.0
2025-05-11 17:00:00,-999.0
2025-05-11 18:00:00,-999.0
2025-05-11 19:00:00,-999.0
2025-05-11 20:00:00,-999.0
2025-05-11 21:00:00,-999.0
2025-05-11 22:00:00,-999.0
2025-05-11 23:00:00,-999.0
2025-05-12 00:00:00,-999.0
2025-05-12 01:00:00,-999.0
2025-05-12 02:00:00,-999.0
2025-05-12 03:00:00,-999.0
2025-05-12 04:00:00,-999.0
2025-05-12 05:00:00,-999.0
2025-05-12 06:00:00,-999.0
2025-05-12 07:00:00,-999.0
2025-05-12 08:00:00,-999.0
2025-05-12 09:00:00,-999.0
2025-05-12 10:00:00,-999.0
2025-05-12 11:00:00,-999.0
2025-05-12 12:00:00,-999.0
2025-05-12 13:00:00,-999.0
2025-05-12 14:00:00,-999.0
2025-05-12 15:00:00,-999.0
2025-05-12 16:00:00,-999.0
2025-05-12 17:00:00,-999.0
2025-05-12 18:00:00,-999.0
2025-05-12 19:00:00,-999.0
2025-05-12 20:00:00,-999.0
2025-05-12 21:00:00,-999.0
2025-05-12 22:00:00,-999.0
2025-05-12 23:00:00,-999.0
2025-05-13 00:00:00,-999.0
2025-05-13 01:00:00,-999.0
2025-05-13 02:00:00,-999.0
2025-05-13 03:00:00,-999.0
2025-05-13 04:00:00,-999.0
2025-05-13 05:00:00,-999.0
2025-05-13 06:00:00,-999.0
2025-05-13 07:00:00,-999.0
2025-05-13 08:00:00,-999.0
2025-05-13 09:00:00,-999.0
2025-05-13 10:00:00,-999.0
2025-05-13 11:00:00,-999.0
2025-05-13 12:00:00,-999.0
2025-05-13 13:00:00,-999.0
2025-05-13 14:00:00,-999.0
2025-05-13 15:00:00,-999.0
2025-05-13 16:00:00,-999.0
2025-05-13 17:00:00,-999.0
2025-05-13 18:00:00,-999.0
2025-05-13 19:00:00,-999.0
2025-05-13 20:00:00,-999.0
2025-05-13 21:00:00,-999.0
2025-05-13 22:00:00,-999.0
2025-05-13 23:00:00,-999.0
2025-05-14 00:00:00,-999.0
2025-05-14 01:00:00,-999.0
2025-05-14 02:00:00,-999.0
2025-05-14 03:00:00,-999.0
2025-05-14 04:00:00,-999.0
2025-05-14 05:00:00,-999.0
2025-05-14 06:00:00,-999.0
2025-05-14 07:00:00,-999.0
2025-05-14 08:00:00,-999.0
2025-05-14 09:00:00,-999.0
2025-05-14 10:00:00,-999.0
2025-05-14 11:00:00,-999.0
2025-05-14 12:00:00,-999.0
2025-05-14 13:00:00,-999.0
2025-05-14 14:00:00,-999.0
2025-05-14 15:00:00,-999.0
2025-05-14 16:00:00,-999.0
2025-05-14 17:00:00,-999.0
2025-05-14 18:00:00,-999.0
2025-05-14 19:00:00,-999.0
2025-05-14 20:00:00,-999.0
2025-05-14 21:00:00,-999.0
2025-05-14 22:00:00,-999.0
2025-05-14 23:00:00,-999.0
2025-05-15 00:00:00,-999.0
2025-05-15 01:00:00,-999.0
2025-05-15 02:00:00,-999.0
2025-05-15 03:00:00,-999.0
2025-05-15 04:00:00,-999.0
2025-05-15 05:00:00,-999.0
2025-05-15 06:00:00,-999.0
2025-05-15 07:00:00,-999.0
2025-05-15 08:00:00,-999.0
2025-05-15 09:00:00,-999.0
2025-05-15 10:00:00,-999.0
2025-05-15 11:00:00,-999.0
2025-05-15 12:00:00,-999.0
2025-05-15 13:00:00,-999.0
2025-05-15 14:00:00,-999.0
2025-05-15 15:00:00,-999.0
2025-05-15 16:00:00,-999.0
2025-05-15 17:00:00,-999.0
2025-05-15 18:00:00,-999.0
2025-05-15 19:00:00,-999.0
2025-05-15 20:00:00,-999.0
2025-05-15 21:00:00,-999.0
2025-05-15 22:00:00,-999.0
2025-05-15 23:00:00,-999.0
2025-05-16 00:00:00,-999.0
2025-05-16 01:00:00,-999.0
2025-05-16 02:00:00,-999.0
2025-05-16 03:00:00,-999.0
2025-05-16 04:00:00,-999.0
2025-05-16 05:00:00,-999.0
2025-05-16 06:00:00,-999.0
2025-05-16 07:00:00,-999.0
2025-05-16 08:00:00,-999.0
2025-05-16 09:00:00,-999.0
2025-05-16 10:00:00,-999.0
2025-05-16 11:00:00,-999.0
2025-05-16 12:00:00,-999.0
2025-05-16 13:00:00,-999.0
2025-05-16 14:00:00,-999.0
2025-05-16 15:00:00,-999.0
2025-05-16 16:00:00,-999.0
2025-05-16 17:00:00,-999.0
2025-05-16 18:00:00,-999.0
2025-05-16 19:00:00,-999.0
2025-05-16 20:00:00,-999.0
2025-05-16 21:00:00,-999.0
2025-05-16 22:00:00,-999.0
2025-05-16 23:00:00,-999.0
2025-05-17 00:00:00,-999.0
2025-05-17 01:00:00,-999.0
2025-05-17 02:00:00,-999.0
2025-05-17 03:00:00,-999.0
2025-05-17 04:00:00,-999.0
2025-05-17 05:00:00,-999.0
2025-05-17 06:00:00,-999.0
2025-05-17 07:00:00,-999.0
2025-05-17 08:00:00,-999.0
2025-05-17 09:00:00,-999.0
2025-05-17 10:00:00,-999.0
2025-05-17 11:00:00,-999.0
2025-05-17 12:00:00,-999.0
2025-05-17 13:00:00,-999.0
2025-05-17 14:00:00,-999.0
2025-05-17 15:00:00,-999.0
2025-05-17 16:00:00,-999.0
2025-05-17 17:00:00,-999.0
2025-05-17 18:00:00,-999.0
2025-05-17 19:00:00,-999.0
2025-05-17 20:00:00,-999.0
2025-05-17 21:00:00,-999.0
2025-05-17 22:00:00,-999.0
2025-05-17 23:00:00,-999.0
2025-05-18 00:00:00,-999.0
2025-05-18 01:00:00,-999.0
2025-05-18 02:00:00,-999.0
2025-05-18 03:00:00,-999.0
2025-05-18 04:00:00,-999.0
2025-05-18 05:00:00,-999.0
2025-05-18 06:00:00,-999.0
2025-05-18 07:00:00,-999.0
2025-05-18 08:00:00,-999.0
2025-05-18 09:00:00,-999.0
2025-05-18 10:00:00,-999.0
2025-05-18 11:00:00,-999.0
2025-05-18 12:00:00,-999.0
2025-05-18 13:00:00,-999.0
2025-05-18 14:00:00,-999.0
2025-05-18 15:00:00,-999.0
2025-05-18 16:00:00,-999.0
2025-05-18 17:00:00,-999.0
2025-05-18 18:00:00,-999.0
2025-05-18 19:00:00,-999.0
2025-05-18 20:00:00,-999.0
2025-05-18 21:00:00,-999.0
2025-05-18 22:00:00,-999.0
2025-05-18 23:00:00,-999.0
2025-05-19 00:00:00,-999.0
2025-05-19 01:00:00,-999.0
2025-05-19 02:00:00,-999.0
2025-05-19 03:00:00,-999.0
2025-05-19 04:00:00,-999.0
2025-05-19 05:00:00,-999.0
2025-05-19 06:00:00,-999.0
2025-05-19 07:00:00,-999.0
2025-05-19 08:00:00,-999.0
2025-05-19 09:00:00,-999.0
2025-05-19 10:00:00,-999.0
2025-05-19 11:00:00,-999.0
2025-05-19 12:00:00,-999.0
2025-05-19 13:00:00,-999.0
2025-05-19 14:00:00,-999.0
2025-05-19 15:00:00,-999.0
2025-05-19 16:00:00,-999.0
2025-05-19 17:00:00,-999.0
2025-05-19 18:00:00,-999.0
2025-05-19 19:00:00,-999.0
2025-05-19 20:00:00,-999.0
2025-05-19 21:00:00,-999.0
2025-05-19 22:00:00,-999.0
2025-05-19 23:00:00,-999.0
2025-05-20 00:00:00,-999.0
2025-05-20 01:00:00,-999.0
2025-05-20 02:00:00,-999.0
2025-05-20 03:00:00,-999.0
2025-05-20 04:00:00,-999.0
2025-05-20 05:00:00,-999.0
2025-05-20 06:00:00,-999.0
2025-05-20 07:00:00,-999.0
2025-05-20 08:00:00,-999.0
2025-05-20 09:00:00,-999.0
2025-05-20 10:00:00,-999.0
2025-05-20 11:00:00,-999.0
2025-05-20 12:00:00,-999.0
2025-05-20 13:00:00,-999.0
2025-05-20 14:00:00,-999.0
2025-05-20 15:00:00,-999.0
2025-05-20 16:00:00,-999.0
2025-05-20 17:00:00,-999.0
2025-05-20 18:00:00,-999.0
2025-05-20 19:00:00,-999.0
2025-05-20 20:00:00,-999.0
2025-05-20 21:00:00,-999.0
2025-05-20 22:00:00,-999.0
2025-05-20 23:00:00,-999.0
2025-05-21 00:00:00,-999.0
2025-05-21 01:00:00,-999.0
2025-05-21 02:00:00,-999.0
2025-05-21 03:00:00,-999.0
2025-05-21 04:00:00,-999.0
2025-05-21 05:00:00,-999.0
2025-05-21 06:00:00,-999.0
2025-05-21 07:00:00,-999.0
2025-05-21 08:00:00,-999.0
2025-05-21 09:00:00,-999.0
2025-05-21 10:00:00,-999.0
2025-05-21 11:00:00,-999.0
2025-05-21 12:00:00,-999.0
2025-05-21 13:00:00,-999.0
2025-05-21 14:00:00,-999.0
2025-05-21 15:00:00,-999.0
2025-05-21 16:00:00,-999.0
2025-05-21 17:00:00,-999.0
2025-05-21 18:00:00,-999.0
2025-05-21 19:00:00,-999.0
2025-05-21 20:00:00,-999.0
2025-05-21 21:00:00,-999.0
2025-05-21 22:00:00,-999.0
2025-05-21 23:00:00,-999.0
2025-05-22 00:00:00,-999.0
2025-05-22 01:00:00,-999.0
2025-05-22 02:00:00,-999.0
2025-05-22 03:00:00,-999.0
2025-05-22 04:00:00,-999.0
2025-05-22 05:00:00,-999.0
2025-05-22 06:00:00,-999.0
2025-05-22 07:00:00,-999.0
2025-05-22 08:00:00,-999.0
2025-05-22 09:00:00,-999.0
2025-05-22 10:00:00,-999.0
2025-05-22 11:00:00,-999.0
2025-05-22 12:00:00,-999.0
2025-05-22 13:00:00,-999.0
2025-05-22 14:00:00,-999.0
2025-05-22 15:00:00,-999.0
2025-05-22 16:00:00,-999.0
2025-05-22 17:00:00,-999.0
2025-05-22 18:00:00,-999.0
2025-05-22 19:00:00,-999.0
2025-05-22 20:00:00,-999.0
2025-05-22 21:00:00,-999.0
2025-05-22 22:00:00,-999.0
2025-05-22 23:00:00,-999.0
2025-05-23 00:00:00,-999.0
2025-05-23 01:00:00,-999.0
2025-05-23 02:00:00,-999.0
2025-05-23 03:00:00,-999.0
2025-05-23 04:00:00,-999.0
2025-05-23 05:00:00,-999.0
2025-05-23 06:00:00,-999.0
2025-05-23 07:00:00,-999.0
2025-05-23 08:00:00,-999.0
2025-05-23 09:00:00,-999.0
2025-05-23 10:00:00,-999.0
2025-05-23 11:00:00,-999.0
2025-05-23 12:00:00,-999.0
2025-05-23 13:00:00,-999.0
2025-05-23 14:00:00,-999.0
2025-05-23 15:00:00,-999.0
2025-05-23 16:00:00,-999.0
2025-05-23 17:00:00,-999.0
2025-05-23 18:00:00,-999.0
2025-05-23 19:00:00,-999.0
2025-05-23 20:00:00,-999.0
2025-05-23 21:00:00,-999.0
2025-05-23 22:00:00,-999.0
2025-05-23 23:00:00,-999.0
2025-05-24 00:00:00,-999.0
2025-05-24 01:00:00,-999.0
2025-05-24 02:00:00,-999.0
2025-05-24 03:00:00,-999.0
2025-05-24 04:00:00,-999.0
2025-05-24 05:00:00,-999.0
2025-05-24 06:00:00,-999.0
2025-05-24 07:00:00,-999.0
2025-05-24 08:00:00,-999.0
2025-05-24 09:00:00,-999.0
2025-05-24 10:00:00,-999.0
2025-05-24 11:00:00,-999.0
2025-05-24 12:00:00,-999.0
2025-05-24 13:00:00,-999.0
2025-05-24 14:00:00,-999.0
2025-05-24 15:00:00,-999.0
2025-05-24 16:00:00,-999.0
2025-05-24 17:00:00,-999.0
2025-05-24 18:00:00,-999.0
2025-05-24 19:00:00,-999.0
2025-05-24 20:00:00,-999.0
2025-05-24 21:00:00,-999.0
2025-05-24 22:00:00,-999.0
2025-05-24 23:00:00,-999.0
2025-05-25 00:00:00,-999.0
2025-05-25 01:00:00,-999.0
2025-05-25 02:00:00,-999.0
2025-05-25 03:00:00,-999.0
2025-05-25 04:00:00,-999.0
2025-05-25 05:00:00,-999.0
2025-05-25 06:00:00,-999.0
2025-05-25 07:00:00,-999.0
2025-05-25 08:00:00,-999.0
2025-05-25 09:00:00,-999.0
2025-05-25 10:00:00,-999.0
2025-05-25 11:00:00,-999.0
2025-05-25 12:00:00,-999.0
2025-05-25 13:00:00,-999.0
2025-05-25 14:00:00,-999.0
2025-05-25 15:00:00,-999.0
2025-05-25 16:00:00,-999.0
2025-05-25 17:00:00,-999.0
2025-05-25 18:00:00,-999.0
2025-05-25 19:00:00,-999.0
2025-05-25 20:00:00,-999.0
2025-05-25 21:00:00,-999.0
2025-05-25 22:00:00,-999.0
2025-05-25 23:00:00,-999.0
2025-05-26 00:00:00,-999.0
2025-05-26 01:00:00,-999.0
2025-05-26 02:00:00,-999.0
2025-05-26 03:00:00,-999.0
2025-05-26 04:00:00,-999.0
2025-05-26 05:00:00,-999.0
2025-05-26 06:00:00,-999.0
2025-05-26 07:00:00,-999.0
2025-05-26 08:00:00,-999.0
2025-05-26 09:00:00,-999.0
2025-05-26 10:00:00,-999.0
2025-05-26 11:00:00,-999.0
2025-05-26 12:00:00,-999.0
2025-05-26 13:00:00,-999.0
2025-05-26 14:00:00,-999.0
2025-05-26 15:00:00,-999.0
2025-05-26 16:00:00,-999.0
2025-05-26 17:00:00,-999.0
2025-05-26 18:00:00,-999.0
2025-05-26 19:00:00,-999.0
2025-05-26 20:00:00,-999.0
2025-05-26 21:00:00,-999.0
2025-05-26 22:00:00,-999.0
2025-05-26 23:00:00,-999.0
2025-05-27 00:00:00,-999.0
2025-05-27 01:00:00,-999.0
2025-05-27 02:00:00,-999.0
2025-05-27 03:00:00,-999.0
2025-05-27 04:00:00,-999.0
2025-05-27 05:00:00,-999.0
2025-05-27 06:00:00,-999.0
2025-05-27 07:00:00,-999.0
2025-05-27 08:00:00,-999.0
2025-05-27 09:00:00,-999.0
2025-05-27 10:00:00,-999.0
2025-05-27 11:00:00,-999.0
2025-05-27 12:00:00,-999.0
2025-05-27 13:00:00,-999.0
2025-05-27 14:00:00,-999.0
2025-05-27 15:00:00,-999.0
2025-05-27 16:00:00,-999.0
2025-05-27 17:00:00,-999.0
2025-05-27 18:00:00,-999.0
2025-05-27 19:00:00,-999.0
2025-05-27 20:00:00,-999.0
2025-05-27 21:00:00,-999.0
2025-05-27 22:00:00,-999.0
2025-05-27 23:00:00,-999.0
2025-05-28 00:00:00,-999.0
2025-05-28 01:00:00,-999.0
2025-05-28 02:00:00,-999.0
2025-05-28 03:00:00,-999.0
2025-05-28 04:00:00,-999.0
2025-05-28 05:00:00,-999.0
2025-05-28 06:00:00,-999.0
2025-05-28 07:00:00,-999.0
2025-05-28 08:00:00,-999.0
2025-05-28 09:00:00,-999.0
2025-05-28 10:00:00,-999.0
2025-05-28 11:00:00,-999.0
2025-05-28 12:00:00,-999.0
2025-05-28 13:00:00,-999.0
2025-05-28 14:00:00,-999.0
2025-05-28 15:00:00,-999.0
2025-05-28 16:00:00,-999.0
2025-05-28 17:00:00,-999.0
2025-05-28 18:00:00,-999.0
2025-05-28 19:00:00,-999.0
2025-05-28 20:00:00,-999.0
2025-05-28 21:00:00,-999.0
2025-05-28 22:00:00,-999.0
2025-05-28 23:00:00,-999.0
2025-05-29 00:00:00,-999.0
2025-05-29 01:00:00,-999.0
2025-05-29 02:00:00,-999.0
2025-05-29 03:00:00,-999.0
2025-05-29 04:00:00,-999.0
2025-05-29 05:00:00,-999.0
2025-05-29 06:00:00,-999.0
2025-05-29 07:00:00,-999.0
2025-05-29 08:00:00,-999.0
2025-05-29 09:00:00,-999.0
2025-05-29 10:00:00,-999.0
2025-05-29 11:00:00,-999.0
2025-05-29 12:00:00,-999.0
2025-05-29 13:00:00,-999.0
2025-05-29 14:00:00,-999.0
2025-05-29 15:00:00,-999.0
2025-05-29 16:00:00,-999.0
2025-05-29 17:00:00,-999.0
2025-05-29 18:00:00,-999.0
2025-05-29 19:00:00,-999.0
2025-05-29 20:00:00,-999.0
2025-05-29 21:00:00,-999.0
2025-05-29 22:00:00,-999.0
2025-05-29 23:00:00,-999.0
2025-05-30 00:00:00,-999.0
2025-05-30 01:00:00,-999.0
2025-05-30 02:00:00,-999.0
2025-05-30 03:00:00,-999.0
2025-05-30 04:00:00,-999.0
2025-05-30 05:00:00,-999.0
2025-05-30 06:00:00,-999.0
2025-05-30 07:00:00,-999.0
2025-05-30 08:00:00,-999.0
2025-05-30 09:00:00,-999.0
2025-05-30 10:00:00,-999.0
2025-05-30 11:00:00,-999.0
2025-05-30 12:00:00,-999.0
2025-05-30 13:00:00,-999.0
2025-05-30 14:00:00,-999.0
2025-05-30 15:00:00,-999.0
2025-05-30 16:00:00,-999.0
2025-05-30 17:00:00,-999.0
2025-05-30 18:00:00,-999.0
2025-05-30 19:00:00,-999.0
2025-05-30 20:00:00,-999.0
2025-05-30 21:00:00,-999.0
2025-05-30 22:00:00,-999.0
2025-05-30 23:00:00,-999.0
2025-05-31 00:00:00,-999.0
2025-05-31 01:00:00,-999.0
2025-05-31 02:00:00,-999.0
2025-05-31 03:00:00,-999.0
2025-05-31 04:00:00,-999.0
2025-05-31 05:00:00,-999.0
2025-05-31 06:00:00,-999.0
2025-05-31 07:00:00,-999.0
2025-05-31 08:00:00,-999.0
2025-05-31 09:00:00,-999.0
2025-05-31 10:00:00,-999.0
2025-05-31 11:00:00,-999.0
2025-05-31 12:00:00,-999.0
2025-05-31 13:00:00,-999.0
2025-05-31 14:00:00,-999.0
2025-05-31 15:00:00,-999.0
2025-05-31 16:00:00,-999.0
2025-05-31 17:00:00,-999.0
2025-05-31 18:00:00,-999.0
2025-05-31 19:00:00,-999.0
2025-05-31 20:00:00,-999.0
2025-05-31 21:00:00,-999.0
2025-05-31 22:00:00,-999.0
2025-05-31 23:00:00,-999.0
2025-06-01 00:00:00,-999.0
2025-06-01 01:00:00,-999.0
2025-06-01 02:00:00,-999.0
2025-06-01 03:00:00,-999.0
2025-06-01 04:00:00,-999.0
2025-06-01 05:00:00,-999.0
2025-06-01 06:00:00,-999.0
2025-06-01 07:00:00,-999.0
2025-06-01 08:00:00,-999.0
2025-06-01 09:00:00,-999.0
2025-06-01 10:00:00,-999.0
2025-06-01 11:00:00,-999.0
2025-06-01 12:00:00,-999.0
2025-06-01 13:00:00,-999.0
2025-06-01 14:00:00,-999.0
2025-06-01 15:00:00,-999.0
2025-06-01 16:00:00,-999.0
2025-06-01 17:00:00,-999.0
2025-06-01 18:00:00,-999.0
2025-06-01 19:00:00,-999.0
2025-06-01 20:00:00,-999.0
2025-06-01 21:00:00,-999.0
2025-06-01 22:00:00,-999.0
2025-06-01 23:00:00,-999.0
2025-06-02 00:00:00,-999.0
2025-06-02 01:00:00,-999.0
2025-06-02 02:00:00,-999.0
2025-06-02 03:00:00,-999.0
2025-06-02 04:00:00,-999.0
2025-06-02 05:00:00,-999.0
2025-06-02 06:00:00,-999.0
2025-06-02 07:00:00,-999.0
2025-06-02 08:00:00,-999.0
2025-06-02 09:00:00,-999.0
2025-06-02 10:00:00,-999.0
2025-06-02 11:00:00,-999.0
2025-06-02 12:00:00,-999.0
2025-06-02 13:00:00,-999.0
2025-06-02 14:00:00,-999.0
2025-06-02 15:00:00,-999.0
2025-06-02 16:00:00,-999.0
2025-06-02 17:00:00,-999.0
2025-06-02 18:00:00,-999.0
2025-06-02 19:00:00,-999.0
2025-06-02 20:00:00,-999.0
2025-06-02 21:00:00,-999.0
2025-06-02 22:00:00,-999.0
2025-06-02 23:00:00,-999.0
2025-06-03 00:00:00,-999.0
2025-06-03 01:00:00,-999.0
2025-06-03 02:00:00,-999.0
2025-06-03 03:00:00,-999.0
2025-06-03 04:00:00,-999.0
2025-06-03 05:00:00,-999.0
2025-06-03 06:00:00,-999.0
2025-06-03 07:00:00,-999.0
2025-06-03 08:00:00,-999.0
2025-06-03 09:00:00,-999.0
2025-06-03 10:00:00,-999.0
2025-06-03 11:00:00,-999.0
2025-06-03 12:00:00,-999.0
2025-06-03 13:00:00,-999.0
2025-06-03 14:00:00,-999.0
2025-06-03 15:00:00,-999.0
2025-06-03 16:00:00,-999.0
2025-06-03 17:00:00,-999.0
2025-06-03 18:00:00,-999.0
2025-06-03 19:00:00,-999.0
2025-06-03 20:00:00,-999.0
2025-06-03 21:00:00,-999.0
2025-06-03 22:00:00,-999.0
2025-06-03 23:00:00,-999.0
2025-06-04 00:00:00,-999.0
2025-06-04 01:00:00,-999.0
2025-06-04 02:00:00,-999.0
2025-06-04 03:00:00,-999.0
2025-06-04 04:00:00,-999.0
2025-06-04 05:00:00,-999.0
2025-06-04 06:00:00,-999.0
2025-06-04 07:00:00,-999.0
2025-06-04 08:00:00,-999.0
2025-06-04 09:00:00,-999.0
2025-06-04 10:00:00,-999.0
2025-06-04 11:00:00,-999.0
2025-06-04 12:00:00,-999.0
2025-06-04 13:00:00,-999.0
2025-06-04 14:00:00,-999.0
2025-06-04 15:00:00,-999.0
2025-06-04 16:00:00,-999.0
2025-06-04 17:00:00,-999.0
2025-06-04 18:00:00,-999.0
2025-06-04 19:00:00,-999.0
2025-06-04 20:00:00,-999.0
2025-06-04 21:00:00,-999.0
2025-06-04 22:00:00,-999.0
2025-06-04 23:00:00,-999.0
2025-06-05 00:00:00,-999.0
2025-06-05 01:00:00,-999.0
2025-06-05 02:00:00,-999.0
2025-06-05 03:00:00,-999.0
2025-06-05 04:00:00,-999.0
2025-06-05 05:00:00,-999.0
2025-06-05 06:00:00,-999.0
2025-06-05 07:00:00,-999.0
2025-06-05 08:00:00,-999.0
2025-06-05 09:00:00,-999.0
2025-06-05 10:00:00,-999.0
2025-06-05 11:00:00,-999.0
2025-06-05 12:00:00,-999.0
2025-06-05 13:00:00,-999.0
2025-06-05 14:00:00,-999.0
2025-06-05 15:00:00,-999.0
2025-06-05 16:00:00,-999.0
2025-06-05 17:00:00,-999.0
2025-06-05 18:00:00,-999.0
2025-06-05 19:00:00,-999.0
2025-06-05 20:00:00,-999.0
2025-06-05 21:00:00,-999.0
2025-06-05 22:00:00,-999.0
2025-06-05 23:00:00,-999.0
2025-06-06 00:00:00,-999.0
2025-06-06 01:00:00,-999.0
2025-06-06 02:00:00,-999.0
2025-06-06 03:00:00,-999.0
2025-06-06 04:00:00,-999.0
2025-06-06 05:00:00,-999.0
2025-06-06 06:00:00,-999.0
2025-06-06 07:00:00,-999.0
2025-06-06 08:00:00,-999.0
2025-06-06 09:00:00,-999.0
2025-06-06 10:00:00,-999.0
2025-06-06 11:00:00,-999.0
2025-06-06 12:00:00,-999.0
2025-06-06 13:00:00,-999.0
2025-06-06 14:00:00,-999.0
2025-06-06 15:00:00,-999.0
2025-06-06 16:00:00,-999.0
2025-06-06 17:00:00,-999.0
2025-06-06 18:00:00,-999.0
2025-06-06 19:00:00,-999.0
2025-06-06 20:00:00,-999.0
2025-06-06 21:00:00,-999.0
2025-06-06 22:00:00,-999.0
2025-06-06 23:00:00,-999.0
2025-06-07 00:00:00,-999.0
2025-06-07 01:00:00,-999.0
2025-06-07 02:00:00,-999.0
2025-06-07 03:00:00,-999.0
2025-06-07 04:00:00,-999.0
2025-06-07 05:00:00,-999.0
2025-06-07 06:00:00,-999.0
2025-06-07 07:00:00,-999.0
2025-06-07 08:00:00,-999.0
2025-06-07 09:00:00,-999.0
2025-06-07 10:00:00,-999.0
2025-06-07 11:00:00,-999.0
2025-06-07 12:00:00,-999.0
2025-06-07 13:00:00,-999.0
2025-06-07 14:00:00,-999.0
2025-06-07 15:00:00,-999.0
2025-06-07 16:00:00,-999.0
2025-06-07 17:00:00,-999.0
2025-06-07 18:00:00,-999.0
2025-06-07 19:00:00,-999.0
2025-06-07 20:00:00,-999.0
2025-06-07 21:00:00,-999.0
2025-06-07 22:00:00,-999.0
2025-06-07 23:00:00,-999.0
2025-06-08 00:00:00,-999.0
2025-06-08 01:00:00,-999.0
2025-06-08 02:00:00,-999.0
2025-06-08 03:00:00,-999.0
2025-06-08 04:00:00,-999.0
2025-06-08 05:00:00,-999.0
2025-06-08 06:00:00,-999.0
2025-06-08 07:00:00,-999.0
2025-06-08 08:00:00,-999.0
2025-06-08 09:00:00,-999.0
2025-06-08 10:00:00,-999.0
2025-06-08 11:00:00,-999.0
2025-06-08 12:00:00,-999.0
2025-06-08 13:00:00,-999.0
2025-06-08 14:00:00,-999.0
2025-06-08 15:00:00,-999.0
2025-06-08 16:00:00,-999.0
2025-06-08 17:00:00,-999.0
2025-06-08 18:00:00,-999.0
2025-06-08 19:00:00,-999.0
2025-06-08 20:00:00,-999.0
2025-06-08 21:00:00,-999.0
2025-06-08 22:00:00,-999.0
2025-06-08 23:00:00,-999.0
2025-06-09 00:00:00,-999.0
2025-06-09 01:00:00,-999.0
2025-06-09 02:00:00,-999.0
2025-06-09 03:00:00,-999.0
2025-06-09 04:00:00,-999.0
2025-06-09 05:00:00,-999.0
2025-06-09 06:00:00,-999.0
2025-06-09 07:00:00,-999.0
2025-06-09 08:00:00,-999.0
2025-06-09 09:00:00,-999.0
2025-06-09 10:00:00,-999.0
2025-06-09 11:00:00,-999.0
2025-06-09 12:00:00,-999.0
2025-06-09 13:00:00,-999.0
2025-06-09 14:00:00,-999.0
2025-06-09 15:00:00,-999.0
2025-06-09 16:00:00,-999.0
2025-06-09 17:00:00,-999.0
2025-06-09 18:00:00,-999.0
2025-06-09 19:00:00,-999.0
2025-06-09 20:00:00,-999.0
2025-06-09 21:00:00,-999.0
2025-06-09 22:00:00,-999.0
2025-06-09 23:00:00,-999.0
2025-06-10 00:00:00,-999.0
2025-06-10 01:00:00,-999.0
2025-06-10 02:00:00,-999.0
2025-06-10 03:00:00,-999.0
2025-06-10 04:00:00,-999.0
2025-06-10 05:00:00,-999.0
2025-06-10 06:00:00,-999.0
2025-06-10 07:00:00,-999.0
2025-06-10 08:00:00,-999.0
2025-06-10 09:00:00,-999.0
2025-06-10 10:00:00,-999.0
2025-06-10 11:00:00,-999.0
2025-06-10 12:00:00,-999.0
2025-06-10 13:00:00,-999.0
2025-06-10 14:00:00,-999.0
2025-06-10 15:00:00,-999.0
2025-06-10 16:00:00,-999.0
2025-06-10 17:00:00,-999.0
2025-06-10 18:00:00,-999.0
2025-06-10 19:00:00,-999.0
2025-06-10 20:00:00,-999.0
2025-06-10 21:00:00,-999.0
2025-06-10 22:00:00,-999.0
2025-06-10 23:00:00,-999.0
2025-06-11 00:00:00,-999.0
2025-06-11 01:00:00,-999.0
2025-06-11 02:00:00,-999.0
2025-06-11 03:00:00,-999.0
2025-06-11 04:00:00,-999.0
2025-06-11 05:00:00,-999.0
2025-06-11 06:00:00,-999.0
2025-06-11 07:00:00,-999.0
2025-06-11 08:00:00,-999.0
2025-06-11 09:00:00,-999.0
2025-06-11 10:00:00,-999.0
2025-06-11 11:00:00,-999.0
2025-06-11 12:00:00,-999.0
2025-06-11 13:00:00,-999.0
2025-06-11 14:00:00,-999.0
2025-06-11 15:00:00,-999.0
2025-06-11 16:00:00,-999.0
2025-06-11 17:00:00,-999.0
2025-06-11 18:00:00,-999.0
2025-06-11 19:00:00,-999.0
2025-06-11 20:00:00,-999.0
2025-06-11 21:00:00,-999.0
2025-06-11 22:00:00,-999.0
2025-06-11 23:00:00,-999.0
2025-06-12 00:00:00,-999.0
2025-06-12 01:00:00,-999.0
2025-06-12 02:00:00,-999.0
2025-06-12 03:00:00,-999.0
2025-06-12 04:00:00,-999.0
2025-06-12 05:00:00,-999.0
2025-06-12 06:00:00,-999.0
2025-06-12 07:00:00,-999.0
2025-06-12 08:00:00,-999.0
2025-06-12 09:00:00,-999.0
2025-06-12 10:00:00,-999.0
2025-06-12 11:00:00,-999.0
2025-06-12 12:00:00,-999.0
2025-06-12 13:00:00,-999.0
2025-06-12 14:00:00,-999.0
2025-06-12 15:00:00,-999.0
2025-06-12 16:00:00,-999.0
2025-06-12 17:00:00,-999.0
2025-06-12 18:00:00,-999.0
2025-06-12 19:00:00,-999.0
2025-06-12 20:00:00,-999.0
2025-06-12 21:00:00,-999.0
2025-06-12 22:00:00,-999.0
2025-06-12 23:00:00,-999.0
2025-06-13 00:00:00,-999.0
2025-06-13 01:00:00,-999.0
2025-06-13 02:00:00,-999.0
2025-06-13 03:00:00,-999.0
2025-06-13 04:00:00,-999.0
2025-06-13 05:00:00,-999.0
2025-06-13 06:00:00,-999.0
2025-06-13 07:00:00,-999.0
2025-06-13 08:00:00,-999.0
2025-06-13 09:00:00,-999.0
2025-06-13 10:00:00,-999.0
2025-06-13 11:00:00,-999.0
2025-06-13 12:00:00,-999.0
2025-06-13 13:00:00,-999.0
2025-06-13 14:00:00,-999.0
2025-06-13 15:00:00,-999.0
2025-06-13 16:00:00,-999.0
2025-06-13 17:00:00,-999.0
2025-06-13 18:00:00,-999.0
2025-06-13 19:00:00,-999.0
2025-06-13 20:00:00,-999.0
2025-06-13 21:00:00,-999.0
2025-06-13 22:00:00,-999.0
2025-06-13 23:00:00,-999.0
2025-06-14 00:00:00,-999.0
2025-06-14 01:00:00,-999.0
2025-06-14 02:00:00,-999.0
2025-06-14 03:00:00,-999.0
2025-06-14 04:00:00,-999.0
2025-06-14 05:00:00,-999.0
2025-06-14 06:00:00,-999.0
2025-06-14 07:00:00,-999.0
2025-06-14 08:00:00,-999.0
2025-06-14 09:00:00,-999.0
2025-06-14 10:00:00,-999.0
2025-06-14 11:00:00,-999.0
2025-06-14 12:00:00,-999.0
2025-06-14 13:00:00,-999.0
2025-06-14 14:00:00,-999.0
2025-06-14 15:00:00,-999.0
2025-06-14 16:00:00,-999.0
2025-06-14 17:00:00,-999.0
2025-06-14 18:00:00,-999.0
2025-06-14 19:00:00,-999.0
2025-06-14 20:00:00,-999.0
2025-06-14 21:00:00,-999.0
2025-06-14 22:00:00,-999.0
2025-06-14 23:00:00,-999.0
2025-06-15 00:00:00,-999.0
2025-06-15 01:00:00,-999.0
2025-06-15 02:00:00,-999.0
2025-06-15 03:00:00,-999.0
2025-06-15 04:00:00,-999.0
2025-06-15 05:00:00,-999.0
2025-06-15 06:00:00,-999.0
2025-06-15 07:00:00,-999.0
2025-06-15 08:00:00,-999.0
2025-06-15 09:00:00,-999.0
2025-06-15 10:00:00,-999.0
2025-06-15 11:00:00,-999.0
2025-06-15 12:00:00,-999.0
2025-06-15 13:00:00,-999.0
2025-06-15 14:00:00,-999.0
2025-06-15 15:00:00,-999.0
2025-06-15 16:00:00,-999.0
2025-06-15 17:00:00,-999.0
2025-06-15 18:00:00,-999.0
2025-06-15 19:00:00,-999.0
2025-06-15 20:00:00,-999.0
2025-06-15 21:00:00,-999.0
2025-06-15 22:00:00,-999.0
2025-06-15 23:00:00,-999.0
2025-06-16 00:00:00,-999.0
2025-06-16 01:00:00,-999.0
2025-06-16 02:00:00,-999.0
2025-06-16 03:00:00,-999.0
2025-06-16 04:00:00,-999.0
2025-06-16 05:00:00,-999.0
2025-06-16 06:00:00,-999.0
2025-06-16 07:00:00,-999.0
2025-06-16 08:00:00,-999.0
2025-06-16 09:00:00,-999.0
2025-06-16 10:00:00,-999.0
2025-06-16 11:00:00,-999.0
2025-06-16 12:00:00,-999.0
2025-06-16 13:00:00,-999.0
2025-06-16 14:00:00,-999.0
2025-06-16 15:00:00,-999.0
2025-06-16 16:00:00,-999.0
2025-06-16 17:00:00,-999.0
2025-06-16 18:00:00,-999.0
2025-06-16 19:00:00,-999.0
2025-06-16 20:00:00,-999.0
2025-06-16 21:00:00,-999.0
2025-06-16 22:00:00,-999.0
2025-06-16 23:00:00,-999.0
2025-06-17 00:00:00,-999.0
2025-06-17 01:00:00,-999.0
2025-06-17 02:00:00,-999.0
2025-06-17 03:00:00,-999.0
2025-06-17 04:00:00,-999.0
2025-06-17 05:00:00,-999.0
2025-06-17 06:00:00,-999.0
2025-06-17 07:00:00,-999.0
2025-06-17 08:00:00,-999.0
2025-06-17 09:00:00,-999.0
2025-06-17 10:00:00,-999.0
2025-06-17 11:00:00,-999.0
2025-06-17 12:00:00,-999.0
2025-06-17 13:00:00,-999.0
2025-06-17 14:00:00,-999.0
2025-06-17 15:00:00,-999.0
2025-06-17 16:00:00,-999.0
2025-06-17 17:00:00,-999.0
2025-06-17 18:00:00,-999.0
2025-06-17 19:00:00,-999.0
2025-06-17 20:00:00,-999.0
2025-06-17 21:00:00,-999.0
2025-06-17 22:00:00,-999.0
2025-06-17 23:00:00,-999.0
2025-06-18 00:00:00,-999.0
2025-06-18 01:00:00,-999.0
2025-06-18 02:00:00,-999.0
2025-06-18 03:00:00,-999.0
2025-06-18 04:00:00,-999.0
2025-06-18 05:00:00,-999.0
2025-06-18 06:00:00,-999.0
2025-06-18 07:00:00,-999.0
2025-06-18 08:00:00,-999.0
2025-06-18 09:00:00,-999.0
2025-06-18 10:00:00,-999.0
2025-06-18 11:00:00,-999.0
2025-06-18 12:00:00,-999.0
2025-06-18 13:00:00,-999.0
2025-06-18 14:00:00,-999.0
2025-06-18 15:00:00,-999.0
2025-06-18 16:00:00,-999.0
2025-06-18 17:00:00,-999.0
2025-06-18 18:00:00,-999.0
2025-06-18 19:00:00,-999.0
2025-06-18 20:00:00,-999.0
2025-06-18 21:00:00,-999.0
2025-06-18 22:00:00,-999.0
2025-06-18 23:00:00,-999.0
2025-06-19 00:00:00,-999.0
2025-06-19 01:00:00,-999.0
2025-06-19 02:00:00,-999.0
2025-06-19 03:00:00,-999.0
2025-06-19 04:00:00,-999.0
2025-06-19 05:00:00,-999.0
2025-06-19 06:00:00,-999.0
2025-06-19 07:00:00,-999.0
2025-06-19 08:00:00,-999.0
2025-06-19 09:00:00,-999.0
2025-06-19 10:00:00,-999.0
2025-06-19 11:00:00,-999.0
2025-06-19 12:00:00,-999.0
2025-06-19 13:00:00,-999.0
2025-06-19 14:00:00,-999.0
2025-06-19 15:00:00,-999.0
2025-06-19 16:00:00,-999.0
2025-06-19 17:00:00,-999.0
2025-06-19 18:00:00,-999.0
2025-06-19 19:00:00,-999.0
2025-06-19 20:00:00,-999.0
2025-06-19 21:00:00,-999.0
2025-06-19 22:00:00,-999.0
2025-06-19 23:00:00,-999.0
2025-06-20 00:00:00,-999.0
2025-06-20 01:00:00,-999.0
2025-06-20 02:00:00,-999.0
2025-06-20 03:00:00,-999.0
2025-06-20 04:00:00,-999.0
2025-06-20 05:00:00,-999.0
2025-06-20 06:00:00,-999.0
2025-06-20 07:00:00,-999.0
2025-06-20 08:00:00,-999.0
2025-06-20 09:00:00,-999.0
2025-06-20 10:00:00,-999.0
2025-06-20 11:00:00,-999.0
2025-06-20 12:00:00,-999.0
2025-06-20 13:00:00,-999.0
2025-06-20 14:00:00,-999.0
2025-06-20 15:00:00,-999.0
2025-06-20 16:00:00,-999.0
2025-06-20 17:00:00,-999.0
2025-06-20 18:00:00,-999.0
2025-06-20 19:00:00,-999.0
2025-06-20 20:00:00,-999.0
2025-06-20 21:00:00,-999.0
2025-06-20 22:00:00,-999.0
2025-06-20 23:00:00,-999.0
2025-06-21 00:00:00,-999.0
2025-06-21 01:00:00,-999.0
2025-06-21 02:00:00,-999.0
2025-06-21 03:00:00,-999.0
2025-06-21 04:00:00,-999.0
2025-06-21 05:00:00,-999.0
2025-06-21 06:00:00,-999.0
2025-06-21 07:00:00,-999.0
2025-06-21 08:00:00,-999.0
2025-06-21 09:00:00,-999.0
2025-06-21 10:00:00,-999.0
2025-06-21 11:00:00,-999.0
2025-06-21 12:00:00,-999.0
2025-06-21 13:00:00,-999.0
2025-06-21 14:00:00,-999.0
2025-06-21 15:00:00,-999.0
2025-06-21 16:00:00,-999.0
2025-06-21 17:00:00,-999.0
2025-06-21 18:00:00,-999.0
2025-06-21 19:00:00,-999.0
2025-06-21 20:00:00,-999.0
2025-06-21 21:00:00,-999.0
2025-06-21 22:00:00,-999.0
2025-06-21 23:00:00,-999.0
2025-06-22 00:00:00,-999.0
2025-06-22 01:00:00,-999.0
2025-06-22 02:00:00,-999.0
2025-06-22 03:00:00,-999.0
2025-06-22 04:00:00,-999.0
2025-06-22 05:00:00,-999.0
2025-06-22 06:00:00,-999.0
2025-06-22 07:00:00,-999.0
2025-06-22 08:00:00,-999.0
2025-06-22 09:00:00,-999.0
2025-06-22 10:00:00,-999.0
2025-06-22 11:00:00,-999.0
2025-06-22 12:00:00,-999.0
2025-06-22 13:00:00,-999.0
2025-06-22 14:00:00,-999.0
2025-06-22 15:00:00,-999.0
2025-06-22 16:00:00,-999.0
2025-06-22 17:00:00,-999.0
2025-06-22 18:00:00,-999.0
2025-06-22 19:00:00,-999.0
2025-06-22 20:00:00,-999.0
2025-06-22 21:00:00,-999.0
2025-06-22 22:00:00,-999.0
2025-06-22 23:00:00,-999.0
2025-06-23 00:00:00,-999.0
2025-06-23 01:00:00,-999.0
2025-06-23 02:00:00,-999.0
2025-06-23 03:00:00,-999.0
2025-06-23 04:00:00,-999.0
2025-06-23 05:00:00,-999.0
2025-06-23 06:00:00,-999.0
2025-06-23 07:00:00,-999.0
2025-06-23 08:00:00,-999.0
2025-06-23 09:00:00,-999.0
2025-06-23 10:00:00,-999.0
2025-06-23 11:00:00,-999.0
2025-06-23 12:00:00,-999.0
2025-06-23 13:00:00,-999.0
2025-06-23 14:00:00,-999.0
2025-06-23 15:00:00,-999.0
2025-06-23 16:00:00,-999.0
2025-06-23 17:00:00,-999.0
2025-06-23 18:00:00,-999.0
2025-06-23 19:00:00,-999.0
2025-06-23 20:00:00,-999.0
2025-06-23 21:00:00,-999.0
2025-06-23 22:00:00,-999.0
2025-06-23 23:00:00,-999.0
2025-06-24 00:00:00,-999.0
2025-06-24 01:00:00,-999.0
2025-06-24 02:00:00,-999.0
2025-06-24 03:00:00,-999.0
2025-06-24 04:00:00,-999.0
2025-06-24 05:00:00,-999.0
2025-06-24 06:00:00,-999.0
2025-06-24 07:00:00,-999.0
2025-06-24 08:00:00,-999.0
2025-06-24 09:00:00,-999.0
2025-06-24 10:00:00,-999.0
2025-06-24 11:00:00,-999.0
2025-06-24 12:00:00,-999.0
2025-06-24 13:00:00,-999.0
2025-06-24 14:00:00,-999.0
2025-06-24 15:00:00,-999.0
2025-06-24 16:00:00,-999.0
2025-06-24 17:00:00,-999.0
2025-06-24 18:00:00,-999.0
2025-06-24 19:00:00,-999.0
2025-06-24 20:00:00,-999.0
2025-06-24 21:00:00,-999.0
2025-06-24 22:00:00,-999.0
2025-06-24 23:00:00,-999.0
2025-06-25 00:00:00,-999.0
2025-06-25 01:00:00,-999.0
2025-06-25 02:00:00,-999.0
2025-06-25 03:00:00,-999.0
2025-06-25 04:00:00,-999.0
2025-06-25 05:00:00,-999.0
2025-06-25 06:00:00,-999.0
2025-06-25 07:00:00,-999.0
2025-06-25 08:00:00,-999.0
2025-06-25 09:00:00,-999.0
2025-06-25 10:00:00,-999.0
2025-06-25 11:00:00,-999.0
2025-06-25 12:00:00,-999.0
2025-06-25 13:00:00,-999.0
2025-06-25 14:00:00,-999.0
2025-06-25 15:00:00,-999.0
2025-06-25 16:00:00,-999.0
2025-06-25 17:00:00,-999.0
2025-06-25 18:00:00,-999.0
2025-06-25 19:00:00,-999.0
2025-06-25 20:00:00,-999.0
2025-06-25 21:00:00,-999.0
2025-06-25 22:00:00,-999.0
2025-06-25 23:00:00,-999.0
2025-06-26 00:00:00,-999.0
2025-06-26 01:00:00,-999.0
2025-06-26 02:00:00,-999.0
2025-06-26 03:00:00,-999.0
2025-06-26 04:00:00,-999.0
2025-06-26 05:00:00,-999.0
2025-06-26 06:00:00,-999.0
2025-06-26 07:00:00,-999.0
2025-06-26 08:00:00,-999.0
2025-06-26 09:00:00,-999.0
2025-06-26 10:00:00,-999.0
2025-06-26 11:00:00,-999.0
2025-06-26 12:00:00,-999.0
2025-06-26 13:00:00,-999.0
2025-06-26 14:00:00,-999.0
2025-06-26 15:00:00,-999.0
2025-06-26 16:00:00,-999.0
2025-06-26 17:00:00,-999.0
2025-06-26 18:00:00,-999.0
2025-06-26 19:00:00,-999.0
2025-06-26 20:00:00,-999.0
2025-06-26 21:00:00,-999.0
2025-06-26 22:00:00,-999.0
2025-06-26 23:00:00,-999.0
2025-06-27 00:00:00,-999.0
2025-06-27 01:00:00,-999.0
2025-06-27 02:00:00,-999.0
2025-06-27 03:00:00,-999.0
2025-06-27 04:00:00,-999.0
2025-06-27 05:00:00,-999.0
2025-06-27 06:00:00,-999.0
2025-06-27 07:00:00,-999.0
2025-06-27 08:00:00,-999.0
2025-06-27 09:00:00,-999.0
2025-06-27 10:00:00,-999.0
2025-06-27 11:00:00,-999.0
2025-06-27 12:00:00,-999.0
2025-06-27 13:00:00,-999.0
2025-06-27 14:00:00,-999.0
2025-06-27 15:00:00,-999.0
2025-06-27 16:00:00,-999.0
2025-06-27 17:00:00,-999.0
2025-06-27 18:00:00,-999.0
2025-06-27 19:00:00,-999.0
2025-06-27 20:00:00,-999.0
2025-06-27 21:00:00,-999.0
2025-06-27 22:00:00,-999.0
2025-06-27 23:00:00,-999.0
2025-06-28 00:00:00,-999.0
2025-06-28 01:00:00,-999.0
2025-06-28 02:00:00,-999.0
2025-06-28 03:00:00,-999.0
2025-06-28 04:00:00,-999.0
2025-06-28 05:00:00,-999.0
2025-06-28 06:00:00,-999.0
2025-06-28 07:00:00,-999.0
2025-06-28 08:00:00,-999.0
2025-06-28 09:00:00,-999.0
2025-06-28 10:00:00,-999.0
2025-06-28 11:00:00,-999.0
2025-06-28 12:00:00,-999.0
2025-06-28 13:00:00,-999.0
2025-06-28 14:00:00,-999.0
2025-06-28 15:00:00,-999.0
2025-06-28 16:00:00,-999.0
2025-06-28 17:00:00,-999.0
2025-06-28 18:00:00,-999.0
2025-06-28 19:00:00,-999.0
2025-06-28 20:00:00,-999.0
2025-06-28 21:00:00,-999.0
2025-06-28 22:00:00,-999.0
2025-06-28 23:00:00,-999.0
2025-06-29 00:00:00,-999.0
2025-06-29 01:00:00,-999.0
2025-06-29 02:00:00,-999.0
2025-06-29 03:00:00,-999.0
2025-06-29 04:00:00,-999.0
2025-06-29 05:00:00,-999.0
2025-06-29 06:00:00,-999.0
2025-06-29 07:00:00,-999.0
2025-06-29 08:00:00,-999.0
2025-06-29 09:00:00,-999.0
2025-06-29 10:00:00,-999.0
2025-06-29 11:00:00,-999.0
2025-06-29 12:00:00,-999.0
2025-06-29 13:00:00,-999.0
2025-06-29 14:00:00,-999.0
2025-06-29 15:00:00,-999.0
2025-06-29 16:00:00,-999.0
2025-06-29 17:00:00,-999.0
2025-06-29 18:00:00,-999.0
2025-06-29 19:00:00,-999.0
2025-06-29 20:00:00,-999.0
2025-06-29 21:00:00,-999.0
2025-06-29 22:00:00,-999.0
2025-06-29 23:00:00,-999.0
2025-06-30 00:00:00,-999.0
2025-06-30 01:00:00,-999.0
2025-06-30 02:00:00,-999.0
2025-06-30 03:00:00,-999.0
2025-06-30 04:00:00,-999.0
2025-06-30 05:00:00,-999.0
2025-06-30 06:00:00,-999.0
2025-06-30 07:00:00,-999.0
2025-06-30 08:00:00,-999.0
2025-06-30 09:00:00,-999.0
2025-06-30 10:00:00,-999.0
2025-06-30 11:00:00,-999.0
2025-06-30 12:00:00,-999.0
2025-06-30 13:00:00,-999.0
2025-06-30 14:00:00,-999.0
2025-06-30 15:00:00,-999.0
2025-06-30 16:00:00,-999.0
2025-06-30 17:00:00,-999.0
2025-06-30 18:00:00,-999.0
2025-06-30 19:00:00,-999.0
2025-06-30 20:00:00,-999.0
2025-06-30 21:00:00,-999.0
2025-06-30 22:00:00,-999.0
2025-06-30 23:00:00,-999.0
2025-07-01 00:00:00,-999.0
2025-07-01 01:00:00,-999.0
2025-07-01 02:00:00,-999.0
2025-07-01 03:00:00,-999.0
2025-07-01 04:00:00,-999.0
2025-07-01 05:00:00,-999.0
2025-07-01 06:00:00,-999.0
2025-07-01 07:00:00,-999.0
2025-07-01 08:00:00,-999.0
2025-07-01 09:00:00,-999.0
2025-07-01 10:00:00,-999.0
2025-07-01 11:00:00,-999.0
2025-07-01 12:00:00,-999.0
2025-07-01 13:00:00,-999.0
2025-07-01 14:00:00,-999.0
2025-07-01 15:00:00,-999.0
2025-07-01 16:00:00,-999.0
2025-07-01 17:00:00,-999.0
2025-07-01 18:00:00,-999.0
2025-07-01 19:00:00,-999.0
2025-07-01 20:00:00,-999.0
2025-07-01 21:00:00,-999.0
2025-07-01 22:00:00,-999.0
2025-07-01 23:00:00,-999.0
2025-07-02 00:00:00,-999.0
2025-07-02 01:00:00,-999.0
2025-07-02 02:00:00,-999.0
2025-07-02 03:00:00,-999.0
2025-07-02 04:00:00,-999.0
2025-07-02 05:00:00,-999.0
2025-07-02 06:00:00,-999.0
2025-07-02 07:00:00,-999.0
2025-07-02 08:00:00,-999.0
2025-07-02 09:00:00,-999.0
2025-07-02 10:00:00,-999.0
2025-07-02 11:00:00,-999.0
2025-07-02 12:00:00,-999.0
2025-07-02 13:00:00,-999.0
2025-07-02 14:00:00,-999.0
2025-07-02 15:00:00,-999.0
2025-07-02 16:00:00,-999.0
2025-07-02 17:00:00,-999.0
2025-07-02 18:00:00,-999.0
2025-07-02 19:00:00,-999.0
2025-07-02 20:00:00,-999.0
2025-07-02 21:00:00,-999.0
2025-07-02 22:00:00,-999.0
2025-07-02 23:00:00,-999.0
2025-07-03 00:00:00,-999.0
2025-07-03 01:00:00,-999.0
2025-07-03 02:00:00,-999.0
2025-07-03 03:00:00,-999.0
2025-07-03 04:00:00,-999.0
2025-07-03 05:00:00,-999.0
2025-07-03 06:00:00,-999.0
2025-07-03 07:00:00,-999.0
2025-07-03 08:00:00,-999.0
2025-07-03 09:00:00,-999.0
2025-07-03 10:00:00,-999.0
2025-07-03 11:00:00,-999.0
2025-07-03 12:00:00,-999.0
2025-07-03 13:00:00,-999.0
2025-07-03 14:00:00,-999.0
2025-07-03 15:00:00,-999.0
2025-07-03 16:00:00,-999.0
2025-07-03 17:00:00,-999.0
2025-07-03 18:00:00,-999.0
2025-07-03 19:00:00,-999.0
2025-07-03 20:00:00,-999.0
2025-07-03 21:00:00,-999.0
2025-07-03 22:00:00,-999.0
2025-07-03 23:00:00,-999.0
2025-07-04 00:00:00,-999.0
2025-07-04 01:00:00,-999.0
2025-07-04 02:00:00,-999.0
2025-07-04 03:00:00,-999.0
2025-07-04 04:00:00,-999.0
2025-07-04 05:00:00,-999.0
2025-07-04 06:00:00,-999.0
2025-07-04 07:00:00,-999.0
2025-07-04 08:00:00,-999.0
2025-07-04 09:00:00,-999.0
2025-07-04 10:00:00,-999.0
2025-07-04 11:00:00,-999.0
2025-07-04 12:00:00,-999.0
2025-07-04 13:00:00,-999.0
2025-07-04 14:00:00,-999.0
2025-07-04 15:00:00,-999.0
2025-07-04 16:00:00,-999.0
2025-07-04 17:00:00,-999.0
2025-07-04 18:00:00,-999.0
2025-07-04 19:00:00,-999.0
2025-07-04 20:00:00,-999.0
2025-07-04 21:00:00,-999.0
2025-07-04 22:00:00,-999.0
2025-07-04 23:00:00,-999.0
2025-07-05 00:00:00,-999.0
2025-07-05 01:00:00,-999.0
2025-07-05 02:00:00,-999.0
2025-07-05 03:00:00,-999.0
2025-07-05 04:00:00,-999.0
2025-07-05 05:00:00,-999.0
2025-07-05 06:00:00,-999.0
2025-07-05 07:00:00,-999.0
2025-07-05 08:00:00,-999.0
2025-07-05 09:00:00,-999.0
2025-07-05 10:00:00,-999.0
2025-07-05 11:00:00,-999.0
2025-07-05 12:00:00,-999.0
2025-07-05 13:00:00,-999.0
2025-07-05 14:00:00,-999.0
2025-07-05 15:00:00,-999.0
2025-07-05 16:00:00,-999.0
2025-07-05 17:00:00,-999.0
2025-07-05 18:00:00,-999.0
2025-07-05 19:00:00,-999.0
2025-07-05 20:00:00,-999.0
2025-07-05 21:00:00,-999.0
2025-07-05 22:00:00,-999.0
2025-07-05 23:00:00,-999.0
2025-07-06 00:00:00,-999.0
2025-07-06 01:00:00,-999.0
2025-07-06 02:00:00,-999.0
2025-07-06 03:00:00,-999.0
2025-07-06 04:00:00,-999.0
2025-07-06 05:00:00,-999.0
2025-07-06 06:00:00,-999.0
2025-07-06 07:00:00,-999.0
2025-07-06 08:00:00,-999.0
2025-07-06 09:00:00,-999.0
2025-07-06 10:00:00,-999.0
2025-07-06 11:00:00,-999.0
2025-07-06 12:00:00,-999.0
2025-07-06 13:00:00,-999.0
2025-07-06 14:00:00,-999.0
2025-07-06 15:00:00,-999.0
2025-07-06 16:00:00,-999.0
2025-07-06 17:00:00,-999.0
2025-07-06 18:00:00,-999.0
2025-07-06 19:00:00,-999.0
2025-07-06 20:00:00,-999.0
2025-07-06 21:00:00,-999.0
2025-07-06 22:00:00,-999.0
2025-07-06 23:00:00,-999.0
2025-07-07 00:00:00,-999.0
2025-07-07 01:00:00,-999.0
2025-07-07 02:00:00,-999.0
2025-07-07 03:00:00,-999.0
2025-07-07 04:00:00,-999.0
2025-07-07 05:00:00,-999.0
2025-07-07 06:00:00,-999.0
2025-07-07 07:00:00,-999.0
2025-07-07 08:00:00,-999.0
2025-07-07 09:00:00,-999.0
2025-07-07 10:00:00,-999.0
2025-07-07 11:00:00,-999.0
2025-07-07 12:00:00,-999.0
2025-07-07 13:00:00,-999.0
2025-07-07 14:00:00,-999.0
2025-07-07 15:00:00,-999.0
2025-07-07 16:00:00,-999.0
2025-07-07 17:00:00,-999.0
2025-07-07 18:00:00,-999.0
2025-07-07 19:00:00,-999.0
2025-07-07 20:00:00,-999.0
2025-07-07 21:00:00,-999.0
2025-07-07 22:00:00,-999.0
2025-07-07 23:00:00,-999.0
2025-07-08 00:00:00,-999.0
2025-07-08 01:00:00,-999.0
2025-07-08 02:00:00,-999.0
2025-07-08 03:00:00,-999.0
2025-07-08 04:00:00,-999.0
2025-07-08 05:00:00,-999.0
2025-07-08 06:00:00,-999.0
2025-07-08 07:00:00,-999.0
2025-07-08 08:00:00,-999.0
2025-07-08 09:00:00,-999.0
2025-07-08 10:00:00,-999.0
2025-07-08 11:00:00,-999.0
2025-07-08 12:00:00,-999.0
2025-07-08 13:00:00,-999.0
2025-07-08 14:00:00,-999.0
2025-07-08 15:00:00,-999.0
2025-07-08 16:00:00,-999.0
2025-07-08 17:00:00,-999.0
2025-07-08 18:00:00,-999.0
2025-07-08 19:00:00,-999.0
2025-07-08 20:00:00,-999.0
2025-07-08 21:00:00,-999.0
2025-07-08 22:00:00,-999.0
2025-07-08 23:00:00,-999.0
2025-07-09 00:00:00,-999.0
2025-07-09 01:00:00,-999.0
2025-07-09 02:00:00,-999.0
2025-07-09 03:00:00,-999.0
2025-07-09 04:00:00,-999.0
2025-07-09 05:00:00,-999.0
2025-07-09 06:00:00,-999.0
2025-07-09 07:00:00,-999.0
2025-07-09 08:00:00,-999.0
2025-07-09 09:00:00,-999.0
2025-07-09 10:00:00,-999.0
2025-07-09 11:00:00,-999.0
2025-07-09 12:00:00,-999.0
2025-07-09 13:00:00,-999.0
2025-07-09 14:00:00,-999.0
2025-07-09 15:00:00,-999.0
2025-07-09 16:00:00,-999.0
2025-07-09 17:00:00,-999.0
2025-07-09 18:00:00,-999.0
2025-07-09 19:00:00,-999.0
2025-07-09 20:00:00,-999.0
2025-07-09 21:00:00,-999.0
2025-07-09 22:00:00,-999.0
2025-07-09 23:00:00,-999.0
2025-07-10 00:00:00,-999.0
2025-07-10 01:00:00,-999.0
2025-07-10 02:00:00,-999.0
2025-07-10 03:00:00,-999.0
2025-07-10 04:00:00,-999.0
2025-07-10 05:00:00,-999.0
2025-07-10 06:00:00,-999.0
2025-07-10 07:00:00,-999.0
2025-07-10 08:00:00,-999.0
2025-07-10 09:00:00,-999.0
2025-07-10 10:00:00,-999.0
2025-07-10 11:00:00,-999.0
2025-07-10 12:00:00,-999.0
2025-07-10 13:00:00,-999.0
2025-07-10 14:00:00,-999.0
2025-07-10 15:00:00,-999.0
2025-07-10 16:00:00,-999.0
2025-07-10 17:00:00,-999.0
2025-07-10 18:00:00,-999.0
2025-07-10 19:00:00,-999.0
2025-07-10 20:00:00,-999.0
2025-07-10 21:00:00,-999.0
2025-07-10 22:00:00,-999.0
2025-07-10 23:00:00,-999.0
2025-07-11 00:00:00,-999.0
2025-07-11 01:00:00,-999.0
2025-07-11 02:00:00,-999.0
2025-07-11 03:00:00,-999.0
2025-07-11 04:00:00,-999.0
2025-07-11 05:00:00,-999.0
2025-07-11 06:00:00,-999.0
2025-07-11 07:00:00,-999.0
2025-07-11 08:00:00,-999.0
2025-07-11 09:00:00,-999.0
2025-07-11 10:00:00,-999.0
2025-07-11 11:00:00,-999.0
2025-07-11 12:00:00,-999.0
2025-07-11 13:00:00,-999.0
2025-07-11 14:00:00,-999.0
2025-07-11 15:00:00,-999.0
2025-07-11 16:00:00,-999.0
2025-07-11 17:00:00,-999.0
2025-07-11 18:00:00,-999.0
2025-07-11 19:00:00,-999.0
2025-07-11 20:00:00,-999.0
2025-07-11 21:00:00,-999.0
2025-07-11 22:00:00,-999.0
2025-07-11 23:00:00,-999.0
2025-07-12 00:00:00,-999.0
2025-07-12 01:00:00,-999.0
2025-07-12 02:00:00,-999.0
2025-07-12 03:00:00,-999.0
2025-07-12 04:00:00,-999.0
2025-07-12 05:00:00,-999.0
2025-07-12 06:00:00,-999.0
2025-07-12 07:00:00,-999.0
2025-07-12 08:00:00,-999.0
2025-07-12 09:00:00,-999.0
2025-07-12 10:00:00,-999.0
2025-07-12 11:00:00,-999.0
2025-07-12 12:00:00,-999.0
2025-07-12 13:00:00,-999.0
2025-07-12 14:00:00,-999.0
2025-07-12 15:00:00,-999.0
2025-07-12 16:00:00,-999.0
2025-07-12 17:00:00,-999.0
2025-07-12 18:00:00,-999.0
2025-07-12 19:00:00,-999.0
2025-07-12 20:00:00,-999.0
2025-07-12 21:00:00,-999.0
2025-07-12 22:00:00,-999.0
2025-07-12 23:00:00,-999.0
2025-07-13 00:00:00,-999.0
2025-07-13 01:00:00,-999.0
2025-07-13 02:00:00,-999.0
2025-07-13 03:00:00,-999.0
2025-07-13 04:00:00,-999.0
2025-07-13 05:00:00,-999.0
2025-07-13 06:00:00,-999.0
2025-07-13 07:00:00,-999.0
2025-07-13 08:00:00,-999.0
2025-07-13 09:00:00,-999.0
2025-07-13 10:00:00,-999.0
2025-07-13 11:00:00,-999.0
2025-07-13 12:00:00,-999.0
2025-07-13 13:00:00,-999.0
2025-07-13 14:00:00,-999.0
2025-07-13 15:00:00,-999.0
2025-07-13 16:00:00,-999.0
2025-07-13 17:00:00,-999.0
2025-07-13 18:00:00,-999.0
2025-07-13 19:00:00,-999.0
2025-07-13 20:00:00,-999.0
2025-07-13 21:00:00,-999.0
2025-07-13 22:00:00,-999.0
2025-07-13 23:00:00,-999.0
2025-07-14 00:00:00,-999.0
2025-07-14 01:00:00,-999.0
2025-07-14 02:00:00,-999.0
2025-07-14 03:00:00,-999.0
2025-07-14 04:00:00,-999.0
2025-07-14 05:00:00,-999.0
2025-07-14 06:00:00,-999.0
2025-07-14 07:00:00,-999.0
2025-07-14 08:00:00,-999.0
2025-07-14 09:00:00,-999.0
2025-07-14 10:00:00,-999.0
2025-07-14 11:00:00,-999.0
2025-07-14 12:00:00,-999.0
2025-07-14 13:00:00,-999.0
2025-07-14 14:00:00,-999.0
2025-07-14 15:00:00,-999.0
2025-07-14 16:00:00,-999.0
2025-07-14 17:00:00,-999.0
2025-07-14 18:00:00,-999.0
2025-07-14 19:00:00,-999.0
2025-07-14 20:00:00,-999.0
2025-07-14 21:00:00,-999.0
2025-07-14 22:00:00,-999.0
2025-07-14 23:00:00,-999.0
2025-07-15 00:00:00,-999.0
2025-07-15 01:00:00,-999.0
2025-07-15 02:00:00,-999.0
2025-07-15 03:00:00,-999.0
2025-07-15 04:00:00,-999.0
2025-07-15 05:00:00,-999.0
2025-07-15 06:00:00,-999.0
2025-07-15 07:00:00,-999.0
2025-07-15 08:00:00,-999.0
2025-07-15 09:00:00,-999.0
2025-07-15 10:00:00,-999.0
2025-07-15 11:00:00,-999.0
2025-07-15 12:00:00,-999.0
2025-07-15 13:00:00,-999.0
2025-07-15 14:00:00,-999.0
2025-07-15 15:00:00,-999.0
2025-07-15 16:00:00,-999.0
2025-07-15 17:00:00,-999.0
2025-07-15 18:00:00,-999.0
2025-07-15 19:00:00,-999.0
2025-07-15 20:00:00,-999.0
2025-07-15 21:00:00,-999.0
2025-07-15 22:00:00,-999.0
2025-07-15 23:00:00,-999.0
2025-07-16 00:00:00,-999.0
2025-07-16 01:00:00,-999.0
2025-07-16 02:00:00,-999.0
2025-07-16 03:00:00,-999.0
2025-07-16 04:00:00,-999.0
2025-07-16 05:00:00,-999.0
2025-07-16 06:00:00,-999.0
2025-07-16 07:00:00,-999.0
2025-07-16 08:00:00,-999.0
2025-07-16 09:00:00,-999.0
2025-07-16 10:00:00,-999.0
2025-07-16 11:00:00,-999.0
2025-07-16 12:00:00,-999.0
2025-07-16 13:00:00,-999.0
2025-07-16 14:00:00,-999.0
2025-07-16 15:00:00,-999.0
2025-07-16 16:00:00,-999.0
2025-07-16 17:00:00,-999.0
2025-07-16 18:00:00,-999.0
2025-07-16 19:00:00,-999.0
2025-07-16 20:00:00,-999.0
2025-07-16 21:00:00,-999.0
2025-07-16 22:00:00,-999.0
2025-07-16 23:00:00,-999.0
2025-07-17 00:00:00,-999.0
2025-07-17 01:00:00,-999.0
2025-07-17 02:00:00,-999.0
2025-07-17 03:00:00,-999.0
2025-07-17 04:00:00,-999.0
2025-07-17 05:00:00,-999.0
2025-07-17 06:00:00,-999.0
2025-07-17 07:00:00,-999.0
2025-07-17 08:00:00,-999.0
2025-07-17 09:00:00,-999.0
2025-07-17 10:00:00,-999.0
2025-07-17 11:00:00,-999.0
2025-07-17 12:00:00,-999.0
2025-07-17 13:00:00,-999.0
2025-07-17 14:00:00,-999.0
2025-07-17 15:00:00,-999.0
2025-07-17 16:00:00,-999.0
2025-07-17 17:00:00,-999.0
2025-07-17 18:00:00,-999.0
2025-07-17 19:00:00,-999.0
2025-07-17 20:00:00,-999.0
2025-07-17 21:00:00,-999.0
2025-07-17 22:00:00,-999.0
2025-07-17 23:00:00,-999.0
2025-07-18 00:00:00,-999.0
2025-07-18 01:00:00,-999.0
2025-07-18 02:00:00,-999.0
2025-07-18 03:00:00,-999.0
2025-07-18 04:00:00,-999.0
2025-07-18 05:00:00,-999.0
2025-07-18 06:00:00,-999.0
2025-07-18 07:00:00,-999.0
2025-07-18 08:00:00,-999.0
2025-07-18 09:00:00,-999.0
2025-07-18 10:00:00,-999.0
2025-07-18 11:00:00,-999.0
2025-07-18 12:00:00,-999.0
2025-07-18 13:00:00,-999.0
2025-07-18 14:00:00,-999.0
2025-07-18 15:00:00,-999.0
2025-07-18 16:00:00,-999.0
2025-07-18 17:00:00,-999.0
2025-07-18 18:00:00,-999.0
2025-07-18 19:00:00,-999.0
2025-07-18 20:00:00,-999.0
2025-07-18 21:00:00,-999.0
2025-07-18 22:00:00,-999.0
2025-07-18 23:00:00,-999.0
2025-07-19 00:00:00,-999.0
2025-07-19 01:00:00,-999.0
2025-07-19 02:00:00,-999.0
2025-07-19 03:00:00,-999.0
2025-07-19 04:00:00,-999.0
2025-07-19 05:00:00,-999.0
2025-07-19 06:00:00,-999.0
2025-07-19 07:00:00,-999.0
2025-07-19 08:00:00,-999.0
2025-07-19 09:00:00,-999.0
2025-07-19 10:00:00,-999.0
2025-07-19 11:00:00,-999.0
2025-07-19 12:00:00,-999.0
2025-07-19 13:00:00,-999.0
2025-07-19 14:00:00,-999.0
2025-07-19 15:00:00,-999.0
2025-07-19 16:00:00,-999.0
2025-07-19 17:00:00,-999.0
2025-07-19 18:00:00,-999.0
2025-07-19 19:00:00,-999.0
2025-07-19 20:00:00,-999.0
2025-07-19 21:00:00,-999.0
2025-07-19 22:00:00,-999.0
2025-07-19 23:00:00,-999.0
2025-07-20 00:00:00,-999.0
2025-07-20 01:00:00,-999.0
2025-07-20 02:00:00,-999.0
2025-07-20 03:00:00,-999.0
2025-07-20 04:00:00,-999.0
2025-07-20 05:00:00,-999.0
2025-07-20 06:00:00,-999.0
2025-07-20 07:00:00,-999.0
2025-07-20 08:00:00,-999.0
2025-07-20 09:00:00,-999.0
2025-07-20 10:00:00,-999.0
2025-07-20 11:00:00,-999.0
2025-07-20 12:00:00,-999.0
2025-07-20 13:00:00,-999.0
2025-07-20 14:00:00,-999.0
2025-07-20 15:00:00,-999.0
2025-07-20 16:00:00,-999.0
2025-07-20 17:00:00,-999.0
2025-07-20 18:00:00,-999.0
2025-07-20 19:00:00,-999.0
2025-07-20 20:00:00,-999.0
2025-07-20 21:00:00,-999.0
2025-07-20 22:00:00,-999.0
2025-07-20 23:00:00,-999.0
2025-07-21 00:00:00,-999.0
2025-07-21 01:00:00,-999.0
2025-07-21 02:00:00,-999.0
2025-07-21 03:00:00,-999.0
2025-07-21 04:00:00,-999.0
2025-07-21 05:00:00,-999.0
2025-07-21 06:00:00,-999.0
2025-07-21 07:00:00,-999.0
2025-07-21 08:00:00,-999.0
2025-07-21 09:00:00,-999.0
2025-07-21 10:00:00,-999.0
2025-07-21 11:00:00,-999.0
2025-07-21 12:00:00,-999.0
2025-07-21 13:00:00,-999.0
2025-07-21 14:00:00,-999.0
2025-07-21 15:00:00,-999.0
2025-07-21 16:00:00,-999.0
2025-07-21 17:00:00,-999.0
2025-07-21 18:00:00,-999.0
2025-07-21 19:00:00,-999.0
2025-07-21 20:00:00,-999.0
2025-07-21 21:00:00,-999.0
2025-07-21 22:00:00,-999.0
2025-07-21 23:00:00,-999.0
2025-07-22 00:00:00,-999.0
2025-07-22 01:00:00,-999.0
2025-07-22 02:00:00,-999.0
2025-07-22 03:00:00,-999.0
2025-07-22 04:00:00,-999.0
2025-07-22 05:00:00,-999.0
2025-07-22 06:00:00,-999.0
2025-07-22 07:00:00,-999.0
2025-07-22 08:00:00,-999.0
2025-07-22 09:00:00,-999.0
2025-07-22 10:00:00,-999.0
2025-07-22 11:00:00,-999.0
2025-07-22 12:00:00,-999.0
2025-07-22 13:00:00,-999.0
2025-07-22 14:00:00,-999.0
2025-07-22 15:00:00,-999.0
2025-07-22 16:00:00,-999.0
2025-07-22 17:00:00,-999.0
2025-07-22 18:00:00,-999.0
2025-07-22 19:00:00,-999.0
2025-07-22 20:00:00,-999.0
2025-07-22 21:00:00,-999.0
2025-07-22 22:00:00,-999.0
2025-07-22 23:00:00,-999.0
2025-07-23 00:00:00,-999.0
2025-07-23 01:00:00,-999.0
2025-07-23 02:00:00,-999.0
2025-07-23 03:00:00,-999.0
2025-07-23 04:00:00,-999.0
2025-07-23 05:00:00,-999.0
2025-07-23 06:00:00,-999.0
2025-07-23 07:00:00,-999.0
2025-07-23 08:00:00,-999.0
2025-07-23 09:00:00,-999.0
2025-07-23 10:00:00,-999.0
2025-07-23 11:00:00,-999.0
2025-07-23 12:00:00,-999.0
2025-07-23 13:00:00,-999.0
2025-07-23 14:00:00,-999.0
2025-07-23 15:00:00,-999.0
2025-07-23 16:00:00,-999.0
2025-07-23 17:00:00,-999.0
2025-07-23 18:00:00,-999.0
2025-07-23 19:00:00,-999.0
2025-07-23 20:00:00,-999.0
2025-07-23 21:00:00,-999.0
2025-07-23 22:00:00,-999.0
2025-07-23 23:00:00,-999.0
2025-07-24 00:00:00,-999.0
2025-07-24 01:00:00,-999.0
2025-07-24 02:00:00,-999.0
2025-07-24 03:00:00,-999.0
2025-07-24 04:00:00,-999.0
2025-07-24 05:00:00,-999.0
2025-07-24 06:00:00,-999.0
2025-07-24 07:00:00,-999.0
2025-07-24 08:00:00,-999.0
2025-07-24 09:00:00,-999.0
2025-07-24 10:00:00,-999.0
2025-07-24 11:00:00,-999.0
2025-07-24 12:00:00,-999.0
2025-07-24 13:00:00,-999.0
2025-07-24 14:00:00,-999.0
2025-07-24 15:00:00,-999.0
2025-07-24 16:00:00,-999.0
2025-07-24 17:00:00,-999.0
2025-07-24 18:00:00,-999.0
2025-07-24 19:00:00,-999.0
2025-07-24 20:00:00,-999.0
2025-07-24 21:00:00,-999.0
2025-07-24 22:00:00,-999.0
2025-07-24 23:00:00,-999.0
2025-07-25 00:00:00,-999.0
2025-07-25 01:00:00,-999.0
2025-07-25 02:00:00,-999.0
2025-07-25 03:00:00,-999.0
2025-07-25 04:00:00,-999.0
2025-07-25 05:00:00,-999.0
2025-07-25 06:00:00,-999.0
2025-07-25 07:00:00,-999.0
2025-07-25 08:00:00,-999.0
2025-07-25 09:00:00,-999.0
2025-07-25 10:00:00,-999.0
2025-07-25 11:00:00,-999.0
2025-07-25 12:00:00,-999.0
2025-07-25 13:00:00,-999.0
2025-07-25 14:00:00,-999.0
2025-07-25 15:00:00,-999.0
2025-07-25 16:00:00,-999.0
2025-07-25 17:00:00,-999.0
2025-07-25 18:00:00,-999.0
2025-07-25 19:00:00,-999.0
2025-07-25 20:00:00,-999.0
2025-07-25 21:00:00,-999.0
2025-07-25 22:00:00,-999.0
2025-07-25 23:00:00,-999.0
2025-07-26 00:00:00,-999.0
2025-07-26 01:00:00,-999.0
2025-07-26 02:00:00,-999.0
2025-07-26 03:00:00,-999.0
2025-07-26 04:00:00,-999.0
2025-07-26 05:00:00,-999.0
2025-07-26 06:00:00,-999.0
2025-07-26 07:00:00,-999.0
2025-07-26 08:00:00,-999.0
2025-07-26 09:00:00,-999.0
2025-07-26 10:00:00,-999.0
2025-07-26 11:00:00,-999.0
2025-07-26 12:00:00,-999.0
2025-07-26 13:00:00,-999.0
2025-07-26 14:00:00,-999.0
2025-07-26 15:00:00,-999.0
2025-07-26 16:00:00,-999.0
2025-07-26 17:00:00,-999.0
2025-07-26 18:00:00,-999.0
2025-07-26 19:00:00,-999.0
2025-07-26 20:00:00,-999.0
2025-07-26 21:00:00,-999.0
2025-07-26 22:00:00,-999.0
2025-07-26 23:00:00,-999.0
2025-07-27 00:00:00,-999.0
2025-07-27 01:00:00,-999.0
2025-07-27 02:00:00,-999.0
2025-07-27 03:00:00,-999.0
2025-07-27 04:00:00,-999.0
2025-07-27 05:00:00,-999.0
2025-07-27 06:00:00,-999.0
2025-07-27 07:00:00,-999.0
2025-07-27 08:00:00,-999.0
2025-07-27 09:00:00,-999.0
2025-07-27 10:00:00,-999.0
2025-07-27 11:00:00,-999.0
2025-07-27 12:00:00,-999.0
2025-07-27 13:00:00,-999.0
2025-07-27 14:00:00,-999.0
2025-07-27 15:00:00,-999.0
2025-07-27 16:00:00,-999.0
2025-07-27 17:00:00,-999.0
2025-07-27 18:00:00,-999.0
2025-07-27 19:00:00,-999.0
2025-07-27 20:00:00,-999.0
2025-07-27 21:00:00,-999.0
2025-07-27 22:00:00,-999.0
2025-07-27 23:00:00,-999.0
2025-07-28 00:00:00,-999.0
2025-07-28 01:00:00,-999.0
2025-07-28 02:00:00,-999.0
2025-07-28 03:00:00,-999.0
2025-07-28 04:00:00,-999.0
2025-07-28 05:00:00,-999.0
2025-07-28 06:00:00,-999.0
2025-07-28 07:00:00,-999.0
2025-07-28 08:00:00,-999.0
2025-07-28 09:00:00,-999.0
2025-07-28 10:00:00,-999.0
2025-07-28 11:00:00,-999.0
2025-07-28 12:00:00,-999.0
2025-07-28 13:00:00,-999.0
2025-07-28 14:00:00,-999.0
2025-07-28 15:00:00,-999.0
2025-07-28 16:00:00,-999.0
2025-07-28 17:00:00,-999.0
2025-07-28 18:00:00,-999.0
2025-07-28 19:00:00,-999.0
2025-07-28 20:00:00,-999.0
2025-07-28 21:00:00,-999.0
2025-07-28 22:00:00,-999.0
2025-07-28 23:00:00,-999.0
2025-07-29 00:00:00,-999.0
2025-07-29 01:00:00,-999.0
2025-07-29 02:00:00,-999.0
2025-07-29 03:00:00,-999.0
2025-07-29 04:00:00,-999.0
2025-07-29 05:00:00,-999.0
2025-07-29 06:00:00,-999.0
2025-07-29 07:00:00,-999.0
2025-07-29 08:00:00,-999.0
2025-07-29 09:00:00,-999.0
2025-07-29 10:00:00,-999.0
2025-07-29 11:00:00,-999.0
2025-07-29 12:00:00,-999.0
2025-07-29 13:00:00,-999.0
2025-07-29 14:00:00,-999.0
2025-07-29 15:00:00,-999.0
2025-07-29 16:00:00,-999.0
2025-07-29 17:00:00,-999.0
2025-07-29 18:00:00,-999.0
2025-07-29 19:00:00,-999.0
2025-07-29 20:00:00,-999.0
2025-07-29 21:00:00,-999.0
2025-07-29 22:00:00,-999.0
2025-07-29 23:00:00,-999.0
2025-07-30 00:00:00,-999.0
2025-07-30 01:00:00,-999.0
2025-07-30 02:00:00,-999.0
2025-07-30 03:00:00,-999.0
2025-07-30 04:00:00,-999.0
2025-07-30 05:00:00,-999.0
2025-07-30 06:00:00,-999.0
2025-07-30 07:00:00,-999.0
2025-07-30 08:00:00,-999.0
2025-07-30 09:00:00,-999.0
2025-07-30 10:00:00,-999.0
2025-07-30 11:00:00,-999.0
2025-07-30 12:00:00,-999.0
2025-07-30 13:00:00,-999.0
2025-07-30 14:00:00,-999.0
2025-07-30 15:00:00,-999.0
2025-07-30 16:00:00,-999.0
2025-07-30 17:00:00,-999.0
2025-07-30 18:00:00,-999.0
2025-07-30 19:00:00,-999.0
2025-07-30 20:00:00,-999.0
2025-07-30 21:00:00,-999.0
2025-07-30 22:00:00,-999.0
2025-07-30 23:00:00,-999.0
2025-07-31 00:00:00,-999.0
2025-07-31 01:00:00,-999.0
2025-07-31 02:00:00,-999.0
2025-07-31 03:00:00,-999.0
2025-07-31 04:00:00,-999.0
2025-07-31 05:00:00,-999.0
2025-07-31 06:00:00,-999.0
2025-07-31 07:00:00,-999.0
2025-07-31 08:00:00,-999.0
2025-07-31 09:00:00,-999.0
2025-07-31 10:00:00,-999.0
2025-07-31 11:00:00,-999.0
2025-07-31 12:00:00,-999.0
2025-07-31 13:00:00,-999.0
2025-07-31 14:00:00,-999.0
2025-07-31 15:00:00,-999.0
2025-07-31 16:00:00,-999.0
2025-07-31 17:00:00,-999.0
2025-07-31 18:00:00,-999.0
2025-07-31 19:00:00,-999.0
2025-07-31 20:00:00,-999.0
2025-07-31 21:00:00,-999.0
2025-07-31 22:00:00,-999.0
2025-07-31 23:00:00,-999.0
2025-08-01 00:00:00,-999.0
2025-08-01 01:00:00,-999.0
2025-08-01 02:00:00,-999.0
2025-08-01 03:00:00,-999.0
2025-08-01 04:00:00,-999.0
2025-08-01 05:00:00,-999.0
2025-08-01 06:00:00,-999.0
2025-08-01 07:00:00,-999.0
2025-08-01 08:00:00,-999.0
2025-08-01 09:00:00,-999.0
2025-08-01 10:00:00,-999.0
2025-08-01 11:00:00,-999.0
2025-08-01 12:00:00,-999.0
2025-08-01 13:00:00,-999.0
2025-08-01 14:00:00,-999.0
2025-08-01 15:00:00,-999.0
2025-08-01 16:00:00,-999.0
2025-08-01 17:00:00,-999.0
2025-08-01 18:00:00,-999.0
2025-08-01 19:00:00,-999.0
2025-08-01 20:00:00,-999.0
2025-08-01 21:00:00,-999.0
2025-08-01 22:00:00,-999.0
2025-08-01 23:00:00,-999.0
2025-08-02 00:00:00,-999.0
2025-08-02 01:00:00,-999.0
2025-08-02 02:00:00,-999.0
2025-08-02 03:00:00,-999.0
2025-08-02 04:00:00,-999.0
2025-08-02 05:00:00,-999.0
2025-08-02 06:00:00,-999.0
2025-08-02 07:00:00,-999.0
2025-08-02 08:00:00,-999.0
2025-08-02 09:00:00,-999.0
2025-08-02 10:00:00,-999.0
2025-08-02 11:00:00,-999.0
2025-08-02 12:00:00,-999.0
2025-08-02 13:00:00,-999.0
2025-08-02 14:00:00,-999.0
2025-08-02 15:00:00,-999.0
2025-08-02 16:00:00,-999.0
2025-08-02 17:00:00,-999.0
2025-08-02 18:00:00,-999.0
2025-08-02 19:00:00,-999.0
2025-08-02 20:00:00,-999.0
2025-08-02 21:00:00,-999.0
2025-08-02 22:00:00,-999.0
2025-08-02 23:00:00,-999.0
