datetime,ALLSKY_SFC_SW_DIFF
2024-08-02 00:00:00,0.0
2024-08-02 01:00:00,0.0
2024-08-02 02:00:00,0.0
2024-08-02 03:00:00,0.0
2024-08-02 04:00:00,0.0
2024-08-02 05:00:00,0.0
2024-08-02 06:00:00,16.04
2024-08-02 07:00:00,43.14
2024-08-02 08:00:00,78.73
2024-08-02 09:00:00,147.6
2024-08-02 10:00:00,220.01
2024-08-02 11:00:00,242.1
2024-08-02 12:00:00,348.38
2024-08-02 13:00:00,320.18
2024-08-02 14:00:00,243.64
2024-08-02 15:00:00,201.12
2024-08-02 16:00:00,150.34
2024-08-02 17:00:00,68.49
2024-08-02 18:00:00,15.23
2024-08-02 19:00:00,0.0
2024-08-02 20:00:00,0.0
2024-08-02 21:00:00,0.0
2024-08-02 22:00:00,0.0
2024-08-02 23:00:00,0.0
2024-08-03 00:00:00,0.0
2024-08-03 01:00:00,0.0
2024-08-03 02:00:00,0.0
2024-08-03 03:00:00,0.0
2024-08-03 04:00:00,0.0
2024-08-03 05:00:00,0.0
2024-08-03 06:00:00,32.74
2024-08-03 07:00:00,114.11
2024-08-03 08:00:00,217.64
2024-08-03 09:00:00,328.38
2024-08-03 10:00:00,438.93
2024-08-03 11:00:00,502.43
2024-08-03 12:00:00,481.77
2024-08-03 13:00:00,376.43
2024-08-03 14:00:00,359.52
2024-08-03 15:00:00,302.25
2024-08-03 16:00:00,246.51
2024-08-03 17:00:00,121.92
2024-08-03 18:00:00,26.28
2024-08-03 19:00:00,0.0
2024-08-03 20:00:00,0.0
2024-08-03 21:00:00,0.0
2024-08-03 22:00:00,0.0
2024-08-03 23:00:00,0.0
2024-08-04 00:00:00,0.0
2024-08-04 01:00:00,0.0
2024-08-04 02:00:00,0.0
2024-08-04 03:00:00,0.0
2024-08-04 04:00:00,0.0
2024-08-04 05:00:00,0.0
2024-08-04 06:00:00,26.21
2024-08-04 07:00:00,94.31
2024-08-04 08:00:00,190.37
2024-08-04 09:00:00,299.19
2024-08-04 10:00:00,390.26
2024-08-04 11:00:00,465.62
2024-08-04 12:00:00,473.98
2024-08-04 13:00:00,467.75
2024-08-04 14:00:00,320.03
2024-08-04 15:00:00,289.2
2024-08-04 16:00:00,207.26
2024-08-04 17:00:00,110.88
2024-08-04 18:00:00,23.85
2024-08-04 19:00:00,0.0
2024-08-04 20:00:00,0.0
2024-08-04 21:00:00,0.0
2024-08-04 22:00:00,0.0
2024-08-04 23:00:00,0.0
2024-08-05 00:00:00,0.0
2024-08-05 01:00:00,0.0
2024-08-05 02:00:00,0.0
2024-08-05 03:00:00,0.0
2024-08-05 04:00:00,0.0
2024-08-05 05:00:00,0.0
2024-08-05 06:00:00,31.8
2024-08-05 07:00:00,117.73
2024-08-05 08:00:00,211.15
2024-08-05 09:00:00,289.99
2024-08-05 10:00:00,363.7
2024-08-05 11:00:00,410.37
2024-08-05 12:00:00,473.68
2024-08-05 13:00:00,397.99
2024-08-05 14:00:00,312.38
2024-08-05 15:00:00,104.28
2024-08-05 16:00:00,65.33
2024-08-05 17:00:00,48.84
2024-08-05 18:00:00,6.98
2024-08-05 19:00:00,0.0
2024-08-05 20:00:00,0.0
2024-08-05 21:00:00,0.0
2024-08-05 22:00:00,0.0
2024-08-05 23:00:00,0.0
2024-08-06 00:00:00,0.0
2024-08-06 01:00:00,0.0
2024-08-06 02:00:00,0.0
2024-08-06 03:00:00,0.0
2024-08-06 04:00:00,0.0
2024-08-06 05:00:00,0.0
2024-08-06 06:00:00,18.16
2024-08-06 07:00:00,63.22
2024-08-06 08:00:00,113.46
2024-08-06 09:00:00,141.31
2024-08-06 10:00:00,185.88
2024-08-06 11:00:00,225.9
2024-08-06 12:00:00,178.79
2024-08-06 13:00:00,158.3
2024-08-06 14:00:00,74.9
2024-08-06 15:00:00,56.85
2024-08-06 16:00:00,47.72
2024-08-06 17:00:00,24.83
2024-08-06 18:00:00,5.48
2024-08-06 19:00:00,0.0
2024-08-06 20:00:00,0.0
2024-08-06 21:00:00,0.0
2024-08-06 22:00:00,0.0
2024-08-06 23:00:00,0.0
2024-08-07 00:00:00,0.0
2024-08-07 01:00:00,0.0
2024-08-07 02:00:00,0.0
2024-08-07 03:00:00,0.0
2024-08-07 04:00:00,0.0
2024-08-07 05:00:00,0.0
2024-08-07 06:00:00,24.07
2024-08-07 07:00:00,82.66
2024-08-07 08:00:00,159.77
2024-08-07 09:00:00,237.33
2024-08-07 10:00:00,220.83
2024-08-07 11:00:00,246.12
2024-08-07 12:00:00,205.37
2024-08-07 13:00:00,217.82
2024-08-07 14:00:00,272.89
2024-08-07 15:00:00,223.58
2024-08-07 16:00:00,131.42
2024-08-07 17:00:00,63.03
2024-08-07 18:00:00,10.14
2024-08-07 19:00:00,0.0
2024-08-07 20:00:00,0.0
2024-08-07 21:00:00,0.0
2024-08-07 22:00:00,0.0
2024-08-07 23:00:00,0.0
2024-08-08 00:00:00,0.0
2024-08-08 01:00:00,0.0
2024-08-08 02:00:00,0.0
2024-08-08 03:00:00,0.0
2024-08-08 04:00:00,0.0
2024-08-08 05:00:00,0.0
2024-08-08 06:00:00,28.58
2024-08-08 07:00:00,91.97
2024-08-08 08:00:00,202.44
2024-08-08 09:00:00,354.54
2024-08-08 10:00:00,424.05
2024-08-08 11:00:00,375.82
2024-08-08 12:00:00,375.93
2024-08-08 13:00:00,273.01
2024-08-08 14:00:00,278.15
2024-08-08 15:00:00,170.63
2024-08-08 16:00:00,82.86
2024-08-08 17:00:00,89.9
2024-08-08 18:00:00,12.12
2024-08-08 19:00:00,0.0
2024-08-08 20:00:00,0.0
2024-08-08 21:00:00,0.0
2024-08-08 22:00:00,0.0
2024-08-08 23:00:00,0.0
2024-08-09 00:00:00,0.0
2024-08-09 01:00:00,0.0
2024-08-09 02:00:00,0.0
2024-08-09 03:00:00,0.0
2024-08-09 04:00:00,0.0
2024-08-09 05:00:00,0.0
2024-08-09 06:00:00,21.93
2024-08-09 07:00:00,75.7
2024-08-09 08:00:00,145.38
2024-08-09 09:00:00,292.52
2024-08-09 10:00:00,385.67
2024-08-09 11:00:00,434.39
2024-08-09 12:00:00,405.64
2024-08-09 13:00:00,376.39
2024-08-09 14:00:00,301.25
2024-08-09 15:00:00,248.41
2024-08-09 16:00:00,167.15
2024-08-09 17:00:00,94.59
2024-08-09 18:00:00,14.29
2024-08-09 19:00:00,0.0
2024-08-09 20:00:00,0.0
2024-08-09 21:00:00,0.0
2024-08-09 22:00:00,0.0
2024-08-09 23:00:00,0.0
2024-08-10 00:00:00,0.0
2024-08-10 01:00:00,0.0
2024-08-10 02:00:00,0.0
2024-08-10 03:00:00,0.0
2024-08-10 04:00:00,0.0
2024-08-10 05:00:00,0.0
2024-08-10 06:00:00,26.09
2024-08-10 07:00:00,90.01
2024-08-10 08:00:00,194.17
2024-08-10 09:00:00,311.73
2024-08-10 10:00:00,390.69
2024-08-10 11:00:00,450.79
2024-08-10 12:00:00,396.67
2024-08-10 13:00:00,385.98
2024-08-10 14:00:00,333.69
2024-08-10 15:00:00,266.59
2024-08-10 16:00:00,187.03
2024-08-10 17:00:00,107.4
2024-08-10 18:00:00,17.48
2024-08-10 19:00:00,0.0
2024-08-10 20:00:00,0.0
2024-08-10 21:00:00,0.0
2024-08-10 22:00:00,0.0
2024-08-10 23:00:00,0.0
2024-08-11 00:00:00,0.0
2024-08-11 01:00:00,0.0
2024-08-11 02:00:00,0.0
2024-08-11 03:00:00,0.0
2024-08-11 04:00:00,0.0
2024-08-11 05:00:00,0.0
2024-08-11 06:00:00,34.85
2024-08-11 07:00:00,143.55
2024-08-11 08:00:00,284.89
2024-08-11 09:00:00,394.26
2024-08-11 10:00:00,469.59
2024-08-11 11:00:00,485.16
2024-08-11 12:00:00,460.09
2024-08-11 13:00:00,514.37
2024-08-11 14:00:00,391.78
2024-08-11 15:00:00,330.37
2024-08-11 16:00:00,246.29
2024-08-11 17:00:00,116.8
2024-08-11 18:00:00,23.26
2024-08-11 19:00:00,0.0
2024-08-11 20:00:00,0.0
2024-08-11 21:00:00,0.0
2024-08-11 22:00:00,0.0
2024-08-11 23:00:00,0.0
2024-08-12 00:00:00,0.0
2024-08-12 01:00:00,0.0
2024-08-12 02:00:00,0.0
2024-08-12 03:00:00,0.0
2024-08-12 04:00:00,0.0
2024-08-12 05:00:00,0.0
2024-08-12 06:00:00,28.17
2024-08-12 07:00:00,114.23
2024-08-12 08:00:00,228.74
2024-08-12 09:00:00,300.77
2024-08-12 10:00:00,325.88
2024-08-12 11:00:00,280.9
2024-08-12 12:00:00,218.43
2024-08-12 13:00:00,287.25
2024-08-12 14:00:00,333.51
2024-08-12 15:00:00,266.84
2024-08-12 16:00:00,215.1
2024-08-12 17:00:00,119.65
2024-08-12 18:00:00,21.14
2024-08-12 19:00:00,0.0
2024-08-12 20:00:00,0.0
2024-08-12 21:00:00,0.0
2024-08-12 22:00:00,0.0
2024-08-12 23:00:00,0.0
2024-08-13 00:00:00,0.0
2024-08-13 01:00:00,0.0
2024-08-13 02:00:00,0.0
2024-08-13 03:00:00,0.0
2024-08-13 04:00:00,0.0
2024-08-13 05:00:00,0.0
2024-08-13 06:00:00,36.31
2024-08-13 07:00:00,142.16
2024-08-13 08:00:00,213.73
2024-08-13 09:00:00,274.01
2024-08-13 10:00:00,372.98
2024-08-13 11:00:00,410.77
2024-08-13 12:00:00,351.52
2024-08-13 13:00:00,378.31
2024-08-13 14:00:00,326.4
2024-08-13 15:00:00,235.51
2024-08-13 16:00:00,79.98
2024-08-13 17:00:00,40.73
2024-08-13 18:00:00,4.52
2024-08-13 19:00:00,0.0
2024-08-13 20:00:00,0.0
2024-08-13 21:00:00,0.0
2024-08-13 22:00:00,0.0
2024-08-13 23:00:00,0.0
2024-08-14 00:00:00,0.0
2024-08-14 01:00:00,0.0
2024-08-14 02:00:00,0.0
2024-08-14 03:00:00,0.0
2024-08-14 04:00:00,0.0
2024-08-14 05:00:00,0.0
2024-08-14 06:00:00,32.46
2024-08-14 07:00:00,99.19
2024-08-14 08:00:00,225.02
2024-08-14 09:00:00,269.93
2024-08-14 10:00:00,345.15
2024-08-14 11:00:00,338.54
2024-08-14 12:00:00,224.81
2024-08-14 13:00:00,188.83
2024-08-14 14:00:00,142.52
2024-08-14 15:00:00,113.17
2024-08-14 16:00:00,84.55
2024-08-14 17:00:00,41.24
2024-08-14 18:00:00,7.32
2024-08-14 19:00:00,0.0
2024-08-14 20:00:00,0.0
2024-08-14 21:00:00,0.0
2024-08-14 22:00:00,0.0
2024-08-14 23:00:00,0.0
2024-08-15 00:00:00,0.0
2024-08-15 01:00:00,0.0
2024-08-15 02:00:00,0.0
2024-08-15 03:00:00,0.0
2024-08-15 04:00:00,0.0
2024-08-15 05:00:00,0.0
2024-08-15 06:00:00,23.89
2024-08-15 07:00:00,95.61
2024-08-15 08:00:00,185.11
2024-08-15 09:00:00,305.4
2024-08-15 10:00:00,415.6
2024-08-15 11:00:00,451.28
2024-08-15 12:00:00,450.83
2024-08-15 13:00:00,473.16
2024-08-15 14:00:00,353.62
2024-08-15 15:00:00,209.76
2024-08-15 16:00:00,131.41
2024-08-15 17:00:00,53.28
2024-08-15 18:00:00,7.22
2024-08-15 19:00:00,0.0
2024-08-15 20:00:00,0.0
2024-08-15 21:00:00,0.0
2024-08-15 22:00:00,0.0
2024-08-15 23:00:00,0.0
2024-08-16 00:00:00,0.0
2024-08-16 01:00:00,0.0
2024-08-16 02:00:00,0.0
2024-08-16 03:00:00,0.0
2024-08-16 04:00:00,0.0
2024-08-16 05:00:00,0.0
2024-08-16 06:00:00,6.68
2024-08-16 07:00:00,24.45
2024-08-16 08:00:00,45.3
2024-08-16 09:00:00,84.01
2024-08-16 10:00:00,163.3
2024-08-16 11:00:00,214.15
2024-08-16 12:00:00,267.26
2024-08-16 13:00:00,421.81
2024-08-16 14:00:00,323.02
2024-08-16 15:00:00,275.21
2024-08-16 16:00:00,182.26
2024-08-16 17:00:00,89.14
2024-08-16 18:00:00,14.92
2024-08-16 19:00:00,0.0
2024-08-16 20:00:00,0.0
2024-08-16 21:00:00,0.0
2024-08-16 22:00:00,0.0
2024-08-16 23:00:00,0.0
2024-08-17 00:00:00,0.0
2024-08-17 01:00:00,0.0
2024-08-17 02:00:00,0.0
2024-08-17 03:00:00,0.0
2024-08-17 04:00:00,0.0
2024-08-17 05:00:00,0.0
2024-08-17 06:00:00,33.14
2024-08-17 07:00:00,120.4
2024-08-17 08:00:00,235.77
2024-08-17 09:00:00,357.35
2024-08-17 10:00:00,402.7
2024-08-17 11:00:00,408.77
2024-08-17 12:00:00,367.4
2024-08-17 13:00:00,324.23
2024-08-17 14:00:00,301.22
2024-08-17 15:00:00,233.83
2024-08-17 16:00:00,100.85
2024-08-17 17:00:00,52.07
2024-08-17 18:00:00,9.05
2024-08-17 19:00:00,0.0
2024-08-17 20:00:00,0.0
2024-08-17 21:00:00,0.0
2024-08-17 22:00:00,0.0
2024-08-17 23:00:00,0.0
2024-08-18 00:00:00,0.0
2024-08-18 01:00:00,0.0
2024-08-18 02:00:00,0.0
2024-08-18 03:00:00,0.0
2024-08-18 04:00:00,0.0
2024-08-18 05:00:00,0.0
2024-08-18 06:00:00,36.16
2024-08-18 07:00:00,155.13
2024-08-18 08:00:00,291.47
2024-08-18 09:00:00,399.15
2024-08-18 10:00:00,468.59
2024-08-18 11:00:00,392.07
2024-08-18 12:00:00,373.02
2024-08-18 13:00:00,280.14
2024-08-18 14:00:00,148.89
2024-08-18 15:00:00,55.33
2024-08-18 16:00:00,32.9
2024-08-18 17:00:00,17.93
2024-08-18 18:00:00,3.54
2024-08-18 19:00:00,0.0
2024-08-18 20:00:00,0.0
2024-08-18 21:00:00,0.0
2024-08-18 22:00:00,0.0
2024-08-18 23:00:00,0.0
2024-08-19 00:00:00,0.0
2024-08-19 01:00:00,0.0
2024-08-19 02:00:00,0.0
2024-08-19 03:00:00,0.0
2024-08-19 04:00:00,0.0
2024-08-19 05:00:00,0.0
2024-08-19 06:00:00,22.69
2024-08-19 07:00:00,93.6
2024-08-19 08:00:00,212.12
2024-08-19 09:00:00,335.0
2024-08-19 10:00:00,397.59
2024-08-19 11:00:00,478.64
2024-08-19 12:00:00,272.62
2024-08-19 13:00:00,320.39
2024-08-19 14:00:00,312.94
2024-08-19 15:00:00,214.6
2024-08-19 16:00:00,187.52
2024-08-19 17:00:00,95.08
2024-08-19 18:00:00,12.13
2024-08-19 19:00:00,0.0
2024-08-19 20:00:00,0.0
2024-08-19 21:00:00,0.0
2024-08-19 22:00:00,0.0
2024-08-19 23:00:00,0.0
2024-08-20 00:00:00,0.0
2024-08-20 01:00:00,0.0
2024-08-20 02:00:00,0.0
2024-08-20 03:00:00,0.0
2024-08-20 04:00:00,0.0
2024-08-20 05:00:00,0.0
2024-08-20 06:00:00,31.6
2024-08-20 07:00:00,134.3
2024-08-20 08:00:00,241.38
2024-08-20 09:00:00,335.67
2024-08-20 10:00:00,388.64
2024-08-20 11:00:00,455.09
2024-08-20 12:00:00,436.36
2024-08-20 13:00:00,308.59
2024-08-20 14:00:00,291.29
2024-08-20 15:00:00,224.65
2024-08-20 16:00:00,156.7
2024-08-20 17:00:00,73.96
2024-08-20 18:00:00,10.96
2024-08-20 19:00:00,0.0
2024-08-20 20:00:00,0.0
2024-08-20 21:00:00,0.0
2024-08-20 22:00:00,0.0
2024-08-20 23:00:00,0.0
2024-08-21 00:00:00,0.0
2024-08-21 01:00:00,0.0
2024-08-21 02:00:00,0.0
2024-08-21 03:00:00,0.0
2024-08-21 04:00:00,0.0
2024-08-21 05:00:00,0.0
2024-08-21 06:00:00,33.58
2024-08-21 07:00:00,145.7
2024-08-21 08:00:00,297.0
2024-08-21 09:00:00,368.49
2024-08-21 10:00:00,353.88
2024-08-21 11:00:00,393.39
2024-08-21 12:00:00,355.52
2024-08-21 13:00:00,295.61
2024-08-21 14:00:00,191.33
2024-08-21 15:00:00,219.43
2024-08-21 16:00:00,154.56
2024-08-21 17:00:00,72.7
2024-08-21 18:00:00,10.91
2024-08-21 19:00:00,0.0
2024-08-21 20:00:00,0.0
2024-08-21 21:00:00,0.0
2024-08-21 22:00:00,0.0
2024-08-21 23:00:00,0.0
2024-08-22 00:00:00,0.0
2024-08-22 01:00:00,0.0
2024-08-22 02:00:00,0.0
2024-08-22 03:00:00,0.0
2024-08-22 04:00:00,0.0
2024-08-22 05:00:00,0.0
2024-08-22 06:00:00,18.33
2024-08-22 07:00:00,76.24
2024-08-22 08:00:00,172.86
2024-08-22 09:00:00,222.81
2024-08-22 10:00:00,306.12
2024-08-22 11:00:00,406.97
2024-08-22 12:00:00,404.92
2024-08-22 13:00:00,388.4
2024-08-22 14:00:00,399.05
2024-08-22 15:00:00,273.64
2024-08-22 16:00:00,168.09
2024-08-22 17:00:00,75.06
2024-08-22 18:00:00,11.8
2024-08-22 19:00:00,0.0
2024-08-22 20:00:00,0.0
2024-08-22 21:00:00,0.0
2024-08-22 22:00:00,0.0
2024-08-22 23:00:00,0.0
2024-08-23 00:00:00,0.0
2024-08-23 01:00:00,0.0
2024-08-23 02:00:00,0.0
2024-08-23 03:00:00,0.0
2024-08-23 04:00:00,0.0
2024-08-23 05:00:00,0.0
2024-08-23 06:00:00,14.77
2024-08-23 07:00:00,59.99
2024-08-23 08:00:00,106.32
2024-08-23 09:00:00,162.66
2024-08-23 10:00:00,221.17
2024-08-23 11:00:00,250.81
2024-08-23 12:00:00,268.21
2024-08-23 13:00:00,343.76
2024-08-23 14:00:00,342.62
2024-08-23 15:00:00,254.88
2024-08-23 16:00:00,150.51
2024-08-23 17:00:00,71.46
2024-08-23 18:00:00,8.08
2024-08-23 19:00:00,0.0
2024-08-23 20:00:00,0.0
2024-08-23 21:00:00,0.0
2024-08-23 22:00:00,0.0
2024-08-23 23:00:00,0.0
2024-08-24 00:00:00,0.0
2024-08-24 01:00:00,0.0
2024-08-24 02:00:00,0.0
2024-08-24 03:00:00,0.0
2024-08-24 04:00:00,0.0
2024-08-24 05:00:00,0.0
2024-08-24 06:00:00,24.5
2024-08-24 07:00:00,104.32
2024-08-24 08:00:00,237.74
2024-08-24 09:00:00,258.91
2024-08-24 10:00:00,329.68
2024-08-24 11:00:00,260.24
2024-08-24 12:00:00,162.56
2024-08-24 13:00:00,109.41
2024-08-24 14:00:00,140.11
2024-08-24 15:00:00,97.74
2024-08-24 16:00:00,62.5
2024-08-24 17:00:00,30.39
2024-08-24 18:00:00,4.06
2024-08-24 19:00:00,0.0
2024-08-24 20:00:00,0.0
2024-08-24 21:00:00,0.0
2024-08-24 22:00:00,0.0
2024-08-24 23:00:00,0.0
2024-08-25 00:00:00,0.0
2024-08-25 01:00:00,0.0
2024-08-25 02:00:00,0.0
2024-08-25 03:00:00,0.0
2024-08-25 04:00:00,0.0
2024-08-25 05:00:00,0.0
2024-08-25 06:00:00,21.09
2024-08-25 07:00:00,89.95
2024-08-25 08:00:00,200.0
2024-08-25 09:00:00,274.53
2024-08-25 10:00:00,315.32
2024-08-25 11:00:00,340.86
2024-08-25 12:00:00,231.27
2024-08-25 13:00:00,197.13
2024-08-25 14:00:00,155.92
2024-08-25 15:00:00,136.95
2024-08-25 16:00:00,96.42
2024-08-25 17:00:00,48.84
2024-08-25 18:00:00,7.61
2024-08-25 19:00:00,0.0
2024-08-25 20:00:00,0.0
2024-08-25 21:00:00,0.0
2024-08-25 22:00:00,0.0
2024-08-25 23:00:00,0.0
2024-08-26 00:00:00,0.0
2024-08-26 01:00:00,0.0
2024-08-26 02:00:00,0.0
2024-08-26 03:00:00,0.0
2024-08-26 04:00:00,0.0
2024-08-26 05:00:00,0.0
2024-08-26 06:00:00,23.62
2024-08-26 07:00:00,104.92
2024-08-26 08:00:00,230.24
2024-08-26 09:00:00,300.96
2024-08-26 10:00:00,368.16
2024-08-26 11:00:00,477.85
2024-08-26 12:00:00,410.67
2024-08-26 13:00:00,444.72
2024-08-26 14:00:00,371.1
2024-08-26 15:00:00,219.67
2024-08-26 16:00:00,150.63
2024-08-26 17:00:00,82.85
2024-08-26 18:00:00,5.58
2024-08-26 19:00:00,0.0
2024-08-26 20:00:00,0.0
2024-08-26 21:00:00,0.0
2024-08-26 22:00:00,0.0
2024-08-26 23:00:00,0.0
2024-08-27 00:00:00,0.0
2024-08-27 01:00:00,0.0
2024-08-27 02:00:00,0.0
2024-08-27 03:00:00,0.0
2024-08-27 04:00:00,0.0
2024-08-27 05:00:00,0.0
2024-08-27 06:00:00,9.33
2024-08-27 07:00:00,65.53
2024-08-27 08:00:00,174.29
2024-08-27 09:00:00,298.1
2024-08-27 10:00:00,431.11
2024-08-27 11:00:00,492.87
2024-08-27 12:00:00,455.93
2024-08-27 13:00:00,281.73
2024-08-27 14:00:00,192.97
2024-08-27 15:00:00,95.48
2024-08-27 16:00:00,73.75
2024-08-27 17:00:00,28.15
2024-08-27 18:00:00,4.46
2024-08-27 19:00:00,0.0
2024-08-27 20:00:00,0.0
2024-08-27 21:00:00,0.0
2024-08-27 22:00:00,0.0
2024-08-27 23:00:00,0.0
2024-08-28 00:00:00,0.0
2024-08-28 01:00:00,0.0
2024-08-28 02:00:00,0.0
2024-08-28 03:00:00,0.0
2024-08-28 04:00:00,0.0
2024-08-28 05:00:00,0.0
2024-08-28 06:00:00,28.56
2024-08-28 07:00:00,126.78
2024-08-28 08:00:00,254.7
2024-08-28 09:00:00,334.95
2024-08-28 10:00:00,384.97
2024-08-28 11:00:00,405.93
2024-08-28 12:00:00,380.76
2024-08-28 13:00:00,302.16
2024-08-28 14:00:00,278.43
2024-08-28 15:00:00,141.42
2024-08-28 16:00:00,83.96
2024-08-28 17:00:00,33.86
2024-08-28 18:00:00,2.89
2024-08-28 19:00:00,0.0
2024-08-28 20:00:00,0.0
2024-08-28 21:00:00,0.0
2024-08-28 22:00:00,0.0
2024-08-28 23:00:00,0.0
2024-08-29 00:00:00,0.0
2024-08-29 01:00:00,0.0
2024-08-29 02:00:00,0.0
2024-08-29 03:00:00,0.0
2024-08-29 04:00:00,0.0
2024-08-29 05:00:00,0.0
2024-08-29 06:00:00,21.59
2024-08-29 07:00:00,105.52
2024-08-29 08:00:00,230.83
2024-08-29 09:00:00,302.11
2024-08-29 10:00:00,302.18
2024-08-29 11:00:00,351.74
2024-08-29 12:00:00,332.9
2024-08-29 13:00:00,273.96
2024-08-29 14:00:00,130.7
2024-08-29 15:00:00,74.61
2024-08-29 16:00:00,54.51
2024-08-29 17:00:00,26.05
2024-08-29 18:00:00,5.18
2024-08-29 19:00:00,0.0
2024-08-29 20:00:00,0.0
2024-08-29 21:00:00,0.0
2024-08-29 22:00:00,0.0
2024-08-29 23:00:00,0.0
2024-08-30 00:00:00,0.0
2024-08-30 01:00:00,0.0
2024-08-30 02:00:00,0.0
2024-08-30 03:00:00,0.0
2024-08-30 04:00:00,0.0
2024-08-30 05:00:00,0.0
2024-08-30 06:00:00,35.95
2024-08-30 07:00:00,114.5
2024-08-30 08:00:00,212.55
2024-08-30 09:00:00,286.9
2024-08-30 10:00:00,410.6
2024-08-30 11:00:00,224.53
2024-08-30 12:00:00,204.12
2024-08-30 13:00:00,307.9
2024-08-30 14:00:00,297.36
2024-08-30 15:00:00,241.53
2024-08-30 16:00:00,195.58
2024-08-30 17:00:00,93.19
2024-08-30 18:00:00,12.07
2024-08-30 19:00:00,0.0
2024-08-30 20:00:00,0.0
2024-08-30 21:00:00,0.0
2024-08-30 22:00:00,0.0
2024-08-30 23:00:00,0.0
2024-08-31 00:00:00,0.0
2024-08-31 01:00:00,0.0
2024-08-31 02:00:00,0.0
2024-08-31 03:00:00,0.0
2024-08-31 04:00:00,0.0
2024-08-31 05:00:00,0.0
2024-08-31 06:00:00,27.2
2024-08-31 07:00:00,81.08
2024-08-31 08:00:00,233.38
2024-08-31 09:00:00,244.03
2024-08-31 10:00:00,269.15
2024-08-31 11:00:00,353.63
2024-08-31 12:00:00,309.85
2024-08-31 13:00:00,271.76
2024-08-31 14:00:00,142.06
2024-08-31 15:00:00,185.18
2024-08-31 16:00:00,139.62
2024-08-31 17:00:00,61.25
2024-08-31 18:00:00,10.91
2024-08-31 19:00:00,0.0
2024-08-31 20:00:00,0.0
2024-08-31 21:00:00,0.0
2024-08-31 22:00:00,0.0
2024-08-31 23:00:00,0.0
2024-09-01 00:00:00,0.0
2024-09-01 01:00:00,0.0
2024-09-01 02:00:00,0.0
2024-09-01 03:00:00,0.0
2024-09-01 04:00:00,0.0
2024-09-01 05:00:00,0.0
2024-09-01 06:00:00,30.28
2024-09-01 07:00:00,123.27
2024-09-01 08:00:00,208.43
2024-09-01 09:00:00,206.28
2024-09-01 10:00:00,241.86
2024-09-01 11:00:00,342.9
2024-09-01 12:00:00,360.51
2024-09-01 13:00:00,228.81
2024-09-01 14:00:00,327.09
2024-09-01 15:00:00,247.12
2024-09-01 16:00:00,155.82
2024-09-01 17:00:00,65.7
2024-09-01 18:00:00,10.49
2024-09-01 19:00:00,0.0
2024-09-01 20:00:00,0.0
2024-09-01 21:00:00,0.0
2024-09-01 22:00:00,0.0
2024-09-01 23:00:00,0.0
2024-09-02 00:00:00,0.0
2024-09-02 01:00:00,0.0
2024-09-02 02:00:00,0.0
2024-09-02 03:00:00,0.0
2024-09-02 04:00:00,0.0
2024-09-02 05:00:00,0.0
2024-09-02 06:00:00,28.06
2024-09-02 07:00:00,96.57
2024-09-02 08:00:00,250.47
2024-09-02 09:00:00,270.23
2024-09-02 10:00:00,340.7
2024-09-02 11:00:00,314.6
2024-09-02 12:00:00,430.84
2024-09-02 13:00:00,251.25
2024-09-02 14:00:00,274.07
2024-09-02 15:00:00,199.43
2024-09-02 16:00:00,179.34
2024-09-02 17:00:00,75.79
2024-09-02 18:00:00,8.61
2024-09-02 19:00:00,0.0
2024-09-02 20:00:00,0.0
2024-09-02 21:00:00,0.0
2024-09-02 22:00:00,0.0
2024-09-02 23:00:00,0.0
2024-09-03 00:00:00,0.0
2024-09-03 01:00:00,0.0
2024-09-03 02:00:00,0.0
2024-09-03 03:00:00,0.0
2024-09-03 04:00:00,0.0
2024-09-03 05:00:00,0.0
2024-09-03 06:00:00,29.9
2024-09-03 07:00:00,95.67
2024-09-03 08:00:00,261.63
2024-09-03 09:00:00,264.31
2024-09-03 10:00:00,315.3
2024-09-03 11:00:00,317.83
2024-09-03 12:00:00,298.81
2024-09-03 13:00:00,349.08
2024-09-03 14:00:00,336.54
2024-09-03 15:00:00,231.46
2024-09-03 16:00:00,189.25
2024-09-03 17:00:00,89.67
2024-09-03 18:00:00,11.26
2024-09-03 19:00:00,0.0
2024-09-03 20:00:00,0.0
2024-09-03 21:00:00,0.0
2024-09-03 22:00:00,0.0
2024-09-03 23:00:00,0.0
2024-09-04 00:00:00,0.0
2024-09-04 01:00:00,0.0
2024-09-04 02:00:00,0.0
2024-09-04 03:00:00,0.0
2024-09-04 04:00:00,0.0
2024-09-04 05:00:00,0.0
2024-09-04 06:00:00,32.74
2024-09-04 07:00:00,145.09
2024-09-04 08:00:00,279.59
2024-09-04 09:00:00,343.29
2024-09-04 10:00:00,436.36
2024-09-04 11:00:00,265.19
2024-09-04 12:00:00,272.84
2024-09-04 13:00:00,301.97
2024-09-04 14:00:00,238.76
2024-09-04 15:00:00,233.15
2024-09-04 16:00:00,178.62
2024-09-04 17:00:00,71.55
2024-09-04 18:00:00,9.26
2024-09-04 19:00:00,0.0
2024-09-04 20:00:00,0.0
2024-09-04 21:00:00,0.0
2024-09-04 22:00:00,0.0
2024-09-04 23:00:00,0.0
2024-09-05 00:00:00,0.0
2024-09-05 01:00:00,0.0
2024-09-05 02:00:00,0.0
2024-09-05 03:00:00,0.0
2024-09-05 04:00:00,0.0
2024-09-05 05:00:00,0.0
2024-09-05 06:00:00,37.68
2024-09-05 07:00:00,141.78
2024-09-05 08:00:00,225.54
2024-09-05 09:00:00,223.16
2024-09-05 10:00:00,254.36
2024-09-05 11:00:00,208.18
2024-09-05 12:00:00,322.33
2024-09-05 13:00:00,241.65
2024-09-05 14:00:00,202.88
2024-09-05 15:00:00,163.17
2024-09-05 16:00:00,152.79
2024-09-05 17:00:00,81.69
2024-09-05 18:00:00,8.62
2024-09-05 19:00:00,0.0
2024-09-05 20:00:00,0.0
2024-09-05 21:00:00,0.0
2024-09-05 22:00:00,0.0
2024-09-05 23:00:00,0.0
2024-09-06 00:00:00,0.0
2024-09-06 01:00:00,0.0
2024-09-06 02:00:00,0.0
2024-09-06 03:00:00,0.0
2024-09-06 04:00:00,0.0
2024-09-06 05:00:00,0.0
2024-09-06 06:00:00,36.6
2024-09-06 07:00:00,117.74
2024-09-06 08:00:00,185.56
2024-09-06 09:00:00,144.51
2024-09-06 10:00:00,174.14
2024-09-06 11:00:00,239.18
2024-09-06 12:00:00,273.17
2024-09-06 13:00:00,302.28
2024-09-06 14:00:00,316.0
2024-09-06 15:00:00,125.58
2024-09-06 16:00:00,82.96
2024-09-06 17:00:00,36.08
2024-09-06 18:00:00,5.2
2024-09-06 19:00:00,0.0
2024-09-06 20:00:00,0.0
2024-09-06 21:00:00,0.0
2024-09-06 22:00:00,0.0
2024-09-06 23:00:00,0.0
2024-09-07 00:00:00,0.0
2024-09-07 01:00:00,0.0
2024-09-07 02:00:00,0.0
2024-09-07 03:00:00,0.0
2024-09-07 04:00:00,0.0
2024-09-07 05:00:00,0.0
2024-09-07 06:00:00,36.21
2024-09-07 07:00:00,172.12
2024-09-07 08:00:00,246.24
2024-09-07 09:00:00,284.32
2024-09-07 10:00:00,310.75
2024-09-07 11:00:00,307.02
2024-09-07 12:00:00,328.3
2024-09-07 13:00:00,272.77
2024-09-07 14:00:00,253.64
2024-09-07 15:00:00,209.19
2024-09-07 16:00:00,130.12
2024-09-07 17:00:00,57.11
2024-09-07 18:00:00,5.67
2024-09-07 19:00:00,0.0
2024-09-07 20:00:00,0.0
2024-09-07 21:00:00,0.0
2024-09-07 22:00:00,0.0
2024-09-07 23:00:00,0.0
2024-09-08 00:00:00,0.0
2024-09-08 01:00:00,0.0
2024-09-08 02:00:00,0.0
2024-09-08 03:00:00,0.0
2024-09-08 04:00:00,0.0
2024-09-08 05:00:00,0.0
2024-09-08 06:00:00,22.9
2024-09-08 07:00:00,115.56
2024-09-08 08:00:00,222.69
2024-09-08 09:00:00,259.42
2024-09-08 10:00:00,386.71
2024-09-08 11:00:00,401.12
2024-09-08 12:00:00,469.75
2024-09-08 13:00:00,328.84
2024-09-08 14:00:00,334.36
2024-09-08 15:00:00,242.87
2024-09-08 16:00:00,163.15
2024-09-08 17:00:00,67.68
2024-09-08 18:00:00,7.44
2024-09-08 19:00:00,0.0
2024-09-08 20:00:00,0.0
2024-09-08 21:00:00,0.0
2024-09-08 22:00:00,0.0
2024-09-08 23:00:00,0.0
2024-09-09 00:00:00,0.0
2024-09-09 01:00:00,0.0
2024-09-09 02:00:00,0.0
2024-09-09 03:00:00,0.0
2024-09-09 04:00:00,0.0
2024-09-09 05:00:00,0.0
2024-09-09 06:00:00,19.25
2024-09-09 07:00:00,83.39
2024-09-09 08:00:00,169.78
2024-09-09 09:00:00,271.0
2024-09-09 10:00:00,348.56
2024-09-09 11:00:00,307.55
2024-09-09 12:00:00,179.02
2024-09-09 13:00:00,175.94
2024-09-09 14:00:00,124.4
2024-09-09 15:00:00,100.55
2024-09-09 16:00:00,70.89
2024-09-09 17:00:00,28.18
2024-09-09 18:00:00,2.18
2024-09-09 19:00:00,0.0
2024-09-09 20:00:00,0.0
2024-09-09 21:00:00,0.0
2024-09-09 22:00:00,0.0
2024-09-09 23:00:00,0.0
2024-09-10 00:00:00,0.0
2024-09-10 01:00:00,0.0
2024-09-10 02:00:00,0.0
2024-09-10 03:00:00,0.0
2024-09-10 04:00:00,0.0
2024-09-10 05:00:00,0.0
2024-09-10 06:00:00,24.83
2024-09-10 07:00:00,122.35
2024-09-10 08:00:00,241.49
2024-09-10 09:00:00,374.93
2024-09-10 10:00:00,453.6
2024-09-10 11:00:00,520.9
2024-09-10 12:00:00,451.49
2024-09-10 13:00:00,438.04
2024-09-10 14:00:00,392.42
2024-09-10 15:00:00,333.94
2024-09-10 16:00:00,212.64
2024-09-10 17:00:00,81.01
2024-09-10 18:00:00,6.36
2024-09-10 19:00:00,0.0
2024-09-10 20:00:00,0.0
2024-09-10 21:00:00,0.0
2024-09-10 22:00:00,0.0
2024-09-10 23:00:00,0.0
2024-09-11 00:00:00,0.0
2024-09-11 01:00:00,0.0
2024-09-11 02:00:00,0.0
2024-09-11 03:00:00,0.0
2024-09-11 04:00:00,0.0
2024-09-11 05:00:00,0.0
2024-09-11 06:00:00,30.19
2024-09-11 07:00:00,148.49
2024-09-11 08:00:00,275.1
2024-09-11 09:00:00,376.9
2024-09-11 10:00:00,448.29
2024-09-11 11:00:00,507.84
2024-09-11 12:00:00,544.68
2024-09-11 13:00:00,486.3
2024-09-11 14:00:00,399.12
2024-09-11 15:00:00,235.16
2024-09-11 16:00:00,161.75
2024-09-11 17:00:00,60.81
2024-09-11 18:00:00,3.7
2024-09-11 19:00:00,0.0
2024-09-11 20:00:00,0.0
2024-09-11 21:00:00,0.0
2024-09-11 22:00:00,0.0
2024-09-11 23:00:00,0.0
2024-09-12 00:00:00,0.0
2024-09-12 01:00:00,0.0
2024-09-12 02:00:00,0.0
2024-09-12 03:00:00,0.0
2024-09-12 04:00:00,0.0
2024-09-12 05:00:00,0.0
2024-09-12 06:00:00,34.27
2024-09-12 07:00:00,163.58
2024-09-12 08:00:00,287.96
2024-09-12 09:00:00,406.67
2024-09-12 10:00:00,478.94
2024-09-12 11:00:00,480.52
2024-09-12 12:00:00,470.64
2024-09-12 13:00:00,434.2
2024-09-12 14:00:00,392.55
2024-09-12 15:00:00,271.49
2024-09-12 16:00:00,163.31
2024-09-12 17:00:00,55.87
2024-09-12 18:00:00,4.3
2024-09-12 19:00:00,0.0
2024-09-12 20:00:00,0.0
2024-09-12 21:00:00,0.0
2024-09-12 22:00:00,0.0
2024-09-12 23:00:00,0.0
2024-09-13 00:00:00,0.0
2024-09-13 01:00:00,0.0
2024-09-13 02:00:00,0.0
2024-09-13 03:00:00,0.0
2024-09-13 04:00:00,0.0
2024-09-13 05:00:00,0.0
2024-09-13 06:00:00,16.09
2024-09-13 07:00:00,84.81
2024-09-13 08:00:00,182.19
2024-09-13 09:00:00,294.16
2024-09-13 10:00:00,411.27
2024-09-13 11:00:00,463.23
2024-09-13 12:00:00,470.94
2024-09-13 13:00:00,445.75
2024-09-13 14:00:00,419.18
2024-09-13 15:00:00,303.01
2024-09-13 16:00:00,171.8
2024-09-13 17:00:00,59.34
2024-09-13 18:00:00,2.89
2024-09-13 19:00:00,0.0
2024-09-13 20:00:00,0.0
2024-09-13 21:00:00,0.0
2024-09-13 22:00:00,0.0
2024-09-13 23:00:00,0.0
2024-09-14 00:00:00,0.0
2024-09-14 01:00:00,0.0
2024-09-14 02:00:00,0.0
2024-09-14 03:00:00,0.0
2024-09-14 04:00:00,0.0
2024-09-14 05:00:00,0.0
2024-09-14 06:00:00,15.66
2024-09-14 07:00:00,87.89
2024-09-14 08:00:00,205.22
2024-09-14 09:00:00,278.74
2024-09-14 10:00:00,347.64
2024-09-14 11:00:00,359.53
2024-09-14 12:00:00,287.26
2024-09-14 13:00:00,221.05
2024-09-14 14:00:00,201.59
2024-09-14 15:00:00,206.56
2024-09-14 16:00:00,100.79
2024-09-14 17:00:00,33.56
2024-09-14 18:00:00,1.32
2024-09-14 19:00:00,0.0
2024-09-14 20:00:00,0.0
2024-09-14 21:00:00,0.0
2024-09-14 22:00:00,0.0
2024-09-14 23:00:00,0.0
2024-09-15 00:00:00,0.0
2024-09-15 01:00:00,0.0
2024-09-15 02:00:00,0.0
2024-09-15 03:00:00,0.0
2024-09-15 04:00:00,0.0
2024-09-15 05:00:00,0.0
2024-09-15 06:00:00,12.05
2024-09-15 07:00:00,70.71
2024-09-15 08:00:00,155.89
2024-09-15 09:00:00,222.54
2024-09-15 10:00:00,256.0
2024-09-15 11:00:00,298.81
2024-09-15 12:00:00,336.55
2024-09-15 13:00:00,298.79
2024-09-15 14:00:00,315.23
2024-09-15 15:00:00,198.57
2024-09-15 16:00:00,129.02
2024-09-15 17:00:00,47.92
2024-09-15 18:00:00,0.0
2024-09-15 19:00:00,0.0
2024-09-15 20:00:00,0.0
2024-09-15 21:00:00,0.0
2024-09-15 22:00:00,0.0
2024-09-15 23:00:00,0.0
2024-09-16 00:00:00,0.0
2024-09-16 01:00:00,0.0
2024-09-16 02:00:00,0.0
2024-09-16 03:00:00,0.0
2024-09-16 04:00:00,0.0
2024-09-16 05:00:00,0.0
2024-09-16 06:00:00,12.47
2024-09-16 07:00:00,70.66
2024-09-16 08:00:00,170.7
2024-09-16 09:00:00,254.72
2024-09-16 10:00:00,320.37
2024-09-16 11:00:00,375.87
2024-09-16 12:00:00,328.76
2024-09-16 13:00:00,275.43
2024-09-16 14:00:00,180.56
2024-09-16 15:00:00,190.72
2024-09-16 16:00:00,107.8
2024-09-16 17:00:00,47.69
2024-09-16 18:00:00,0.0
2024-09-16 19:00:00,0.0
2024-09-16 20:00:00,0.0
2024-09-16 21:00:00,0.0
2024-09-16 22:00:00,0.0
2024-09-16 23:00:00,0.0
2024-09-17 00:00:00,0.0
2024-09-17 01:00:00,0.0
2024-09-17 02:00:00,0.0
2024-09-17 03:00:00,0.0
2024-09-17 04:00:00,0.0
2024-09-17 05:00:00,0.0
2024-09-17 06:00:00,6.12
2024-09-17 07:00:00,49.76
2024-09-17 08:00:00,134.2
2024-09-17 09:00:00,321.01
2024-09-17 10:00:00,381.93
2024-09-17 11:00:00,440.65
2024-09-17 12:00:00,373.52
2024-09-17 13:00:00,287.23
2024-09-17 14:00:00,246.85
2024-09-17 15:00:00,131.2
2024-09-17 16:00:00,138.77
2024-09-17 17:00:00,54.73
2024-09-17 18:00:00,0.0
2024-09-17 19:00:00,0.0
2024-09-17 20:00:00,0.0
2024-09-17 21:00:00,0.0
2024-09-17 22:00:00,0.0
2024-09-17 23:00:00,0.0
2024-09-18 00:00:00,0.0
2024-09-18 01:00:00,0.0
2024-09-18 02:00:00,0.0
2024-09-18 03:00:00,0.0
2024-09-18 04:00:00,0.0
2024-09-18 05:00:00,0.0
2024-09-18 06:00:00,14.26
2024-09-18 07:00:00,82.73
2024-09-18 08:00:00,206.46
2024-09-18 09:00:00,271.35
2024-09-18 10:00:00,303.19
2024-09-18 11:00:00,273.56
2024-09-18 12:00:00,313.53
2024-09-18 13:00:00,234.59
2024-09-18 14:00:00,200.54
2024-09-18 15:00:00,190.4
2024-09-18 16:00:00,127.83
2024-09-18 17:00:00,48.36
2024-09-18 18:00:00,0.0
2024-09-18 19:00:00,0.0
2024-09-18 20:00:00,0.0
2024-09-18 21:00:00,0.0
2024-09-18 22:00:00,0.0
2024-09-18 23:00:00,0.0
2024-09-19 00:00:00,0.0
2024-09-19 01:00:00,0.0
2024-09-19 02:00:00,0.0
2024-09-19 03:00:00,0.0
2024-09-19 04:00:00,0.0
2024-09-19 05:00:00,0.0
2024-09-19 06:00:00,32.86
2024-09-19 07:00:00,128.38
2024-09-19 08:00:00,300.49
2024-09-19 09:00:00,415.96
2024-09-19 10:00:00,403.43
2024-09-19 11:00:00,480.18
2024-09-19 12:00:00,492.84
2024-09-19 13:00:00,307.29
2024-09-19 14:00:00,327.98
2024-09-19 15:00:00,276.84
2024-09-19 16:00:00,203.73
2024-09-19 17:00:00,77.12
2024-09-19 18:00:00,0.0
2024-09-19 19:00:00,0.0
2024-09-19 20:00:00,0.0
2024-09-19 21:00:00,0.0
2024-09-19 22:00:00,0.0
2024-09-19 23:00:00,0.0
2024-09-20 00:00:00,0.0
2024-09-20 01:00:00,0.0
2024-09-20 02:00:00,0.0
2024-09-20 03:00:00,0.0
2024-09-20 04:00:00,0.0
2024-09-20 05:00:00,0.0
2024-09-20 06:00:00,31.51
2024-09-20 07:00:00,119.38
2024-09-20 08:00:00,182.13
2024-09-20 09:00:00,210.99
2024-09-20 10:00:00,260.84
2024-09-20 11:00:00,271.74
2024-09-20 12:00:00,334.88
2024-09-20 13:00:00,301.07
2024-09-20 14:00:00,259.22
2024-09-20 15:00:00,193.25
2024-09-20 16:00:00,139.13
2024-09-20 17:00:00,59.52
2024-09-20 18:00:00,0.0
2024-09-20 19:00:00,0.0
2024-09-20 20:00:00,0.0
2024-09-20 21:00:00,0.0
2024-09-20 22:00:00,0.0
2024-09-20 23:00:00,0.0
2024-09-21 00:00:00,0.0
2024-09-21 01:00:00,0.0
2024-09-21 02:00:00,0.0
2024-09-21 03:00:00,0.0
2024-09-21 04:00:00,0.0
2024-09-21 05:00:00,0.0
2024-09-21 06:00:00,24.07
2024-09-21 07:00:00,117.72
2024-09-21 08:00:00,238.89
2024-09-21 09:00:00,343.67
2024-09-21 10:00:00,444.61
2024-09-21 11:00:00,476.25
2024-09-21 12:00:00,513.56
2024-09-21 13:00:00,473.15
2024-09-21 14:00:00,429.78
2024-09-21 15:00:00,301.28
2024-09-21 16:00:00,181.4
2024-09-21 17:00:00,63.9
2024-09-21 18:00:00,0.0
2024-09-21 19:00:00,0.0
2024-09-21 20:00:00,0.0
2024-09-21 21:00:00,0.0
2024-09-21 22:00:00,0.0
2024-09-21 23:00:00,0.0
2024-09-22 00:00:00,0.0
2024-09-22 01:00:00,0.0
2024-09-22 02:00:00,0.0
2024-09-22 03:00:00,0.0
2024-09-22 04:00:00,0.0
2024-09-22 05:00:00,0.0
2024-09-22 06:00:00,21.41
2024-09-22 07:00:00,107.17
2024-09-22 08:00:00,230.18
2024-09-22 09:00:00,295.72
2024-09-22 10:00:00,323.59
2024-09-22 11:00:00,292.34
2024-09-22 12:00:00,398.21
2024-09-22 13:00:00,245.73
2024-09-22 14:00:00,268.45
2024-09-22 15:00:00,138.92
2024-09-22 16:00:00,106.41
2024-09-22 17:00:00,38.52
2024-09-22 18:00:00,0.0
2024-09-22 19:00:00,0.0
2024-09-22 20:00:00,0.0
2024-09-22 21:00:00,0.0
2024-09-22 22:00:00,0.0
2024-09-22 23:00:00,0.0
2024-09-23 00:00:00,0.0
2024-09-23 01:00:00,0.0
2024-09-23 02:00:00,0.0
2024-09-23 03:00:00,0.0
2024-09-23 04:00:00,0.0
2024-09-23 05:00:00,0.0
2024-09-23 06:00:00,28.29
2024-09-23 07:00:00,148.43
2024-09-23 08:00:00,274.04
2024-09-23 09:00:00,399.48
2024-09-23 10:00:00,443.55
2024-09-23 11:00:00,458.35
2024-09-23 12:00:00,388.21
2024-09-23 13:00:00,132.05
2024-09-23 14:00:00,132.36
2024-09-23 15:00:00,126.38
2024-09-23 16:00:00,60.74
2024-09-23 17:00:00,13.28
2024-09-23 18:00:00,0.0
2024-09-23 19:00:00,0.0
2024-09-23 20:00:00,0.0
2024-09-23 21:00:00,0.0
2024-09-23 22:00:00,0.0
2024-09-23 23:00:00,0.0
2024-09-24 00:00:00,0.0
2024-09-24 01:00:00,0.0
2024-09-24 02:00:00,0.0
2024-09-24 03:00:00,0.0
2024-09-24 04:00:00,0.0
2024-09-24 05:00:00,0.0
2024-09-24 06:00:00,24.4
2024-09-24 07:00:00,131.09
2024-09-24 08:00:00,269.15
2024-09-24 09:00:00,391.98
2024-09-24 10:00:00,431.93
2024-09-24 11:00:00,388.63
2024-09-24 12:00:00,342.53
2024-09-24 13:00:00,194.99
2024-09-24 14:00:00,98.02
2024-09-24 15:00:00,87.53
2024-09-24 16:00:00,58.82
2024-09-24 17:00:00,19.98
2024-09-24 18:00:00,0.0
2024-09-24 19:00:00,0.0
2024-09-24 20:00:00,0.0
2024-09-24 21:00:00,0.0
2024-09-24 22:00:00,0.0
2024-09-24 23:00:00,0.0
2024-09-25 00:00:00,0.0
2024-09-25 01:00:00,0.0
2024-09-25 02:00:00,0.0
2024-09-25 03:00:00,0.0
2024-09-25 04:00:00,0.0
2024-09-25 05:00:00,0.0
2024-09-25 06:00:00,11.37
2024-09-25 07:00:00,69.26
2024-09-25 08:00:00,144.31
2024-09-25 09:00:00,230.71
2024-09-25 10:00:00,339.54
2024-09-25 11:00:00,406.29
2024-09-25 12:00:00,419.59
2024-09-25 13:00:00,328.55
2024-09-25 14:00:00,236.45
2024-09-25 15:00:00,95.46
2024-09-25 16:00:00,54.74
2024-09-25 17:00:00,15.57
2024-09-25 18:00:00,0.0
2024-09-25 19:00:00,0.0
2024-09-25 20:00:00,0.0
2024-09-25 21:00:00,0.0
2024-09-25 22:00:00,0.0
2024-09-25 23:00:00,0.0
2024-09-26 00:00:00,0.0
2024-09-26 01:00:00,0.0
2024-09-26 02:00:00,0.0
2024-09-26 03:00:00,0.0
2024-09-26 04:00:00,0.0
2024-09-26 05:00:00,0.0
2024-09-26 06:00:00,16.4
2024-09-26 07:00:00,98.55
2024-09-26 08:00:00,206.72
2024-09-26 09:00:00,229.07
2024-09-26 10:00:00,262.02
2024-09-26 11:00:00,315.74
2024-09-26 12:00:00,174.82
2024-09-26 13:00:00,353.09
2024-09-26 14:00:00,181.1
2024-09-26 15:00:00,140.28
2024-09-26 16:00:00,79.46
2024-09-26 17:00:00,13.95
2024-09-26 18:00:00,0.0
2024-09-26 19:00:00,0.0
2024-09-26 20:00:00,0.0
2024-09-26 21:00:00,0.0
2024-09-26 22:00:00,0.0
2024-09-26 23:00:00,0.0
2024-09-27 00:00:00,0.0
2024-09-27 01:00:00,0.0
2024-09-27 02:00:00,0.0
2024-09-27 03:00:00,0.0
2024-09-27 04:00:00,0.0
2024-09-27 05:00:00,0.0
2024-09-27 06:00:00,10.34
2024-09-27 07:00:00,41.13
2024-09-27 08:00:00,55.71
2024-09-27 09:00:00,157.82
2024-09-27 10:00:00,299.91
2024-09-27 11:00:00,414.41
2024-09-27 12:00:00,441.26
2024-09-27 13:00:00,419.31
2024-09-27 14:00:00,339.86
2024-09-27 15:00:00,271.69
2024-09-27 16:00:00,141.95
2024-09-27 17:00:00,41.25
2024-09-27 18:00:00,0.0
2024-09-27 19:00:00,0.0
2024-09-27 20:00:00,0.0
2024-09-27 21:00:00,0.0
2024-09-27 22:00:00,0.0
2024-09-27 23:00:00,0.0
2024-09-28 00:00:00,0.0
2024-09-28 01:00:00,0.0
2024-09-28 02:00:00,0.0
2024-09-28 03:00:00,0.0
2024-09-28 04:00:00,0.0
2024-09-28 05:00:00,0.0
2024-09-28 06:00:00,31.92
2024-09-28 07:00:00,138.04
2024-09-28 08:00:00,205.41
2024-09-28 09:00:00,245.44
2024-09-28 10:00:00,287.17
2024-09-28 11:00:00,235.86
2024-09-28 12:00:00,264.42
2024-09-28 13:00:00,278.84
2024-09-28 14:00:00,159.91
2024-09-28 15:00:00,160.43
2024-09-28 16:00:00,93.58
2024-09-28 17:00:00,43.3
2024-09-28 18:00:00,0.0
2024-09-28 19:00:00,0.0
2024-09-28 20:00:00,0.0
2024-09-28 21:00:00,0.0
2024-09-28 22:00:00,0.0
2024-09-28 23:00:00,0.0
2024-09-29 00:00:00,0.0
2024-09-29 01:00:00,0.0
2024-09-29 02:00:00,0.0
2024-09-29 03:00:00,0.0
2024-09-29 04:00:00,0.0
2024-09-29 05:00:00,0.0
2024-09-29 06:00:00,27.23
2024-09-29 07:00:00,99.95
2024-09-29 08:00:00,150.29
2024-09-29 09:00:00,148.48
2024-09-29 10:00:00,174.96
2024-09-29 11:00:00,173.88
2024-09-29 12:00:00,272.0
2024-09-29 13:00:00,218.75
2024-09-29 14:00:00,230.98
2024-09-29 15:00:00,197.44
2024-09-29 16:00:00,134.68
2024-09-29 17:00:00,43.67
2024-09-29 18:00:00,0.0
2024-09-29 19:00:00,0.0
2024-09-29 20:00:00,0.0
2024-09-29 21:00:00,0.0
2024-09-29 22:00:00,0.0
2024-09-29 23:00:00,0.0
2024-09-30 00:00:00,0.0
2024-09-30 01:00:00,0.0
2024-09-30 02:00:00,0.0
2024-09-30 03:00:00,0.0
2024-09-30 04:00:00,0.0
2024-09-30 05:00:00,0.0
2024-09-30 06:00:00,25.12
2024-09-30 07:00:00,103.97
2024-09-30 08:00:00,151.51
2024-09-30 09:00:00,167.89
2024-09-30 10:00:00,206.2
2024-09-30 11:00:00,224.69
2024-09-30 12:00:00,331.47
2024-09-30 13:00:00,292.7
2024-09-30 14:00:00,310.09
2024-09-30 15:00:00,219.17
2024-09-30 16:00:00,155.68
2024-09-30 17:00:00,49.18
2024-09-30 18:00:00,0.0
2024-09-30 19:00:00,0.0
2024-09-30 20:00:00,0.0
2024-09-30 21:00:00,0.0
2024-09-30 22:00:00,0.0
2024-09-30 23:00:00,0.0
2024-10-01 00:00:00,0.0
2024-10-01 01:00:00,0.0
2024-10-01 02:00:00,0.0
2024-10-01 03:00:00,0.0
2024-10-01 04:00:00,0.0
2024-10-01 05:00:00,0.0
2024-10-01 06:00:00,23.56
2024-10-01 07:00:00,110.63
2024-10-01 08:00:00,185.26
2024-10-01 09:00:00,212.69
2024-10-01 10:00:00,271.62
2024-10-01 11:00:00,288.67
2024-10-01 12:00:00,359.92
2024-10-01 13:00:00,311.77
2024-10-01 14:00:00,242.27
2024-10-01 15:00:00,220.28
2024-10-01 16:00:00,158.27
2024-10-01 17:00:00,48.81
2024-10-01 18:00:00,0.0
2024-10-01 19:00:00,0.0
2024-10-01 20:00:00,0.0
2024-10-01 21:00:00,0.0
2024-10-01 22:00:00,0.0
2024-10-01 23:00:00,0.0
2024-10-02 00:00:00,0.0
2024-10-02 01:00:00,0.0
2024-10-02 02:00:00,0.0
2024-10-02 03:00:00,0.0
2024-10-02 04:00:00,0.0
2024-10-02 05:00:00,0.0
2024-10-02 06:00:00,23.45
2024-10-02 07:00:00,105.23
2024-10-02 08:00:00,214.39
2024-10-02 09:00:00,291.42
2024-10-02 10:00:00,323.26
2024-10-02 11:00:00,358.59
2024-10-02 12:00:00,369.44
2024-10-02 13:00:00,355.73
2024-10-02 14:00:00,254.94
2024-10-02 15:00:00,184.92
2024-10-02 16:00:00,97.48
2024-10-02 17:00:00,25.31
2024-10-02 18:00:00,0.0
2024-10-02 19:00:00,0.0
2024-10-02 20:00:00,0.0
2024-10-02 21:00:00,0.0
2024-10-02 22:00:00,0.0
2024-10-02 23:00:00,0.0
2024-10-03 00:00:00,0.0
2024-10-03 01:00:00,0.0
2024-10-03 02:00:00,0.0
2024-10-03 03:00:00,0.0
2024-10-03 04:00:00,0.0
2024-10-03 05:00:00,0.0
2024-10-03 06:00:00,19.83
2024-10-03 07:00:00,99.21
2024-10-03 08:00:00,216.33
2024-10-03 09:00:00,264.5
2024-10-03 10:00:00,327.0
2024-10-03 11:00:00,335.2
2024-10-03 12:00:00,369.04
2024-10-03 13:00:00,412.64
2024-10-03 14:00:00,303.89
2024-10-03 15:00:00,211.85
2024-10-03 16:00:00,141.09
2024-10-03 17:00:00,32.94
2024-10-03 18:00:00,0.0
2024-10-03 19:00:00,0.0
2024-10-03 20:00:00,0.0
2024-10-03 21:00:00,0.0
2024-10-03 22:00:00,0.0
2024-10-03 23:00:00,0.0
2024-10-04 00:00:00,0.0
2024-10-04 01:00:00,0.0
2024-10-04 02:00:00,0.0
2024-10-04 03:00:00,0.0
2024-10-04 04:00:00,0.0
2024-10-04 05:00:00,0.0
2024-10-04 06:00:00,22.65
2024-10-04 07:00:00,107.3
2024-10-04 08:00:00,207.9
2024-10-04 09:00:00,297.16
2024-10-04 10:00:00,304.47
2024-10-04 11:00:00,342.96
2024-10-04 12:00:00,374.4
2024-10-04 13:00:00,355.02
2024-10-04 14:00:00,308.7
2024-10-04 15:00:00,233.65
2024-10-04 16:00:00,142.45
2024-10-04 17:00:00,39.84
2024-10-04 18:00:00,0.0
2024-10-04 19:00:00,0.0
2024-10-04 20:00:00,0.0
2024-10-04 21:00:00,0.0
2024-10-04 22:00:00,0.0
2024-10-04 23:00:00,0.0
2024-10-05 00:00:00,0.0
2024-10-05 01:00:00,0.0
2024-10-05 02:00:00,0.0
2024-10-05 03:00:00,0.0
2024-10-05 04:00:00,0.0
2024-10-05 05:00:00,0.0
2024-10-05 06:00:00,24.05
2024-10-05 07:00:00,124.93
2024-10-05 08:00:00,219.51
2024-10-05 09:00:00,292.36
2024-10-05 10:00:00,361.3
2024-10-05 11:00:00,432.93
2024-10-05 12:00:00,395.18
2024-10-05 13:00:00,352.81
2024-10-05 14:00:00,310.88
2024-10-05 15:00:00,223.8
2024-10-05 16:00:00,147.65
2024-10-05 17:00:00,38.06
2024-10-05 18:00:00,0.0
2024-10-05 19:00:00,0.0
2024-10-05 20:00:00,0.0
2024-10-05 21:00:00,0.0
2024-10-05 22:00:00,0.0
2024-10-05 23:00:00,0.0
2024-10-06 00:00:00,0.0
2024-10-06 01:00:00,0.0
2024-10-06 02:00:00,0.0
2024-10-06 03:00:00,0.0
2024-10-06 04:00:00,0.0
2024-10-06 05:00:00,0.0
2024-10-06 06:00:00,18.92
2024-10-06 07:00:00,84.77
2024-10-06 08:00:00,222.45
2024-10-06 09:00:00,311.91
2024-10-06 10:00:00,386.49
2024-10-06 11:00:00,349.08
2024-10-06 12:00:00,265.89
2024-10-06 13:00:00,277.85
2024-10-06 14:00:00,229.27
2024-10-06 15:00:00,154.13
2024-10-06 16:00:00,89.5
2024-10-06 17:00:00,23.46
2024-10-06 18:00:00,0.0
2024-10-06 19:00:00,0.0
2024-10-06 20:00:00,0.0
2024-10-06 21:00:00,0.0
2024-10-06 22:00:00,0.0
2024-10-06 23:00:00,0.0
2024-10-07 00:00:00,0.0
2024-10-07 01:00:00,0.0
2024-10-07 02:00:00,0.0
2024-10-07 03:00:00,0.0
2024-10-07 04:00:00,0.0
2024-10-07 05:00:00,0.0
2024-10-07 06:00:00,23.83
2024-10-07 07:00:00,93.68
2024-10-07 08:00:00,221.53
2024-10-07 09:00:00,335.69
2024-10-07 10:00:00,421.2
2024-10-07 11:00:00,465.7
2024-10-07 12:00:00,440.96
2024-10-07 13:00:00,381.56
2024-10-07 14:00:00,284.58
2024-10-07 15:00:00,214.54
2024-10-07 16:00:00,133.23
2024-10-07 17:00:00,32.69
2024-10-07 18:00:00,0.0
2024-10-07 19:00:00,0.0
2024-10-07 20:00:00,0.0
2024-10-07 21:00:00,0.0
2024-10-07 22:00:00,0.0
2024-10-07 23:00:00,0.0
2024-10-08 00:00:00,0.0
2024-10-08 01:00:00,0.0
2024-10-08 02:00:00,0.0
2024-10-08 03:00:00,0.0
2024-10-08 04:00:00,0.0
2024-10-08 05:00:00,0.0
2024-10-08 06:00:00,24.53
2024-10-08 07:00:00,124.77
2024-10-08 08:00:00,220.48
2024-10-08 09:00:00,281.71
2024-10-08 10:00:00,213.21
2024-10-08 11:00:00,208.1
2024-10-08 12:00:00,233.37
2024-10-08 13:00:00,188.52
2024-10-08 14:00:00,208.27
2024-10-08 15:00:00,178.44
2024-10-08 16:00:00,122.79
2024-10-08 17:00:00,29.69
2024-10-08 18:00:00,0.0
2024-10-08 19:00:00,0.0
2024-10-08 20:00:00,0.0
2024-10-08 21:00:00,0.0
2024-10-08 22:00:00,0.0
2024-10-08 23:00:00,0.0
2024-10-09 00:00:00,0.0
2024-10-09 01:00:00,0.0
2024-10-09 02:00:00,0.0
2024-10-09 03:00:00,0.0
2024-10-09 04:00:00,0.0
2024-10-09 05:00:00,0.0
2024-10-09 06:00:00,22.55
2024-10-09 07:00:00,76.31
2024-10-09 08:00:00,125.34
2024-10-09 09:00:00,155.49
2024-10-09 10:00:00,109.22
2024-10-09 11:00:00,162.43
2024-10-09 12:00:00,219.42
2024-10-09 13:00:00,110.38
2024-10-09 14:00:00,166.37
2024-10-09 15:00:00,123.79
2024-10-09 16:00:00,75.95
2024-10-09 17:00:00,34.29
2024-10-09 18:00:00,0.0
2024-10-09 19:00:00,0.0
2024-10-09 20:00:00,0.0
2024-10-09 21:00:00,0.0
2024-10-09 22:00:00,0.0
2024-10-09 23:00:00,0.0
2024-10-10 00:00:00,0.0
2024-10-10 01:00:00,0.0
2024-10-10 02:00:00,0.0
2024-10-10 03:00:00,0.0
2024-10-10 04:00:00,0.0
2024-10-10 05:00:00,0.0
2024-10-10 06:00:00,27.96
2024-10-10 07:00:00,81.54
2024-10-10 08:00:00,95.01
2024-10-10 09:00:00,143.7
2024-10-10 10:00:00,110.49
2024-10-10 11:00:00,115.08
2024-10-10 12:00:00,189.32
2024-10-10 13:00:00,167.0
2024-10-10 14:00:00,171.53
2024-10-10 15:00:00,118.97
2024-10-10 16:00:00,85.26
2024-10-10 17:00:00,34.21
2024-10-10 18:00:00,0.0
2024-10-10 19:00:00,0.0
2024-10-10 20:00:00,0.0
2024-10-10 21:00:00,0.0
2024-10-10 22:00:00,0.0
2024-10-10 23:00:00,0.0
2024-10-11 00:00:00,0.0
2024-10-11 01:00:00,0.0
2024-10-11 02:00:00,0.0
2024-10-11 03:00:00,0.0
2024-10-11 04:00:00,0.0
2024-10-11 05:00:00,0.0
2024-10-11 06:00:00,22.98
2024-10-11 07:00:00,75.11
2024-10-11 08:00:00,97.81
2024-10-11 09:00:00,145.28
2024-10-11 10:00:00,173.23
2024-10-11 11:00:00,175.54
2024-10-11 12:00:00,212.22
2024-10-11 13:00:00,175.99
2024-10-11 14:00:00,156.04
2024-10-11 15:00:00,110.99
2024-10-11 16:00:00,78.59
2024-10-11 17:00:00,30.8
2024-10-11 18:00:00,0.0
2024-10-11 19:00:00,0.0
2024-10-11 20:00:00,0.0
2024-10-11 21:00:00,0.0
2024-10-11 22:00:00,0.0
2024-10-11 23:00:00,0.0
2024-10-12 00:00:00,0.0
2024-10-12 01:00:00,0.0
2024-10-12 02:00:00,0.0
2024-10-12 03:00:00,0.0
2024-10-12 04:00:00,0.0
2024-10-12 05:00:00,0.0
2024-10-12 06:00:00,21.43
2024-10-12 07:00:00,68.72
2024-10-12 08:00:00,97.41
2024-10-12 09:00:00,149.97
2024-10-12 10:00:00,133.65
2024-10-12 11:00:00,186.63
2024-10-12 12:00:00,238.5
2024-10-12 13:00:00,185.75
2024-10-12 14:00:00,163.5
2024-10-12 15:00:00,116.21
2024-10-12 16:00:00,73.73
2024-10-12 17:00:00,28.29
2024-10-12 18:00:00,0.0
2024-10-12 19:00:00,0.0
2024-10-12 20:00:00,0.0
2024-10-12 21:00:00,0.0
2024-10-12 22:00:00,0.0
2024-10-12 23:00:00,0.0
2024-10-13 00:00:00,0.0
2024-10-13 01:00:00,0.0
2024-10-13 02:00:00,0.0
2024-10-13 03:00:00,0.0
2024-10-13 04:00:00,0.0
2024-10-13 05:00:00,0.0
2024-10-13 06:00:00,21.4
2024-10-13 07:00:00,72.65
2024-10-13 08:00:00,105.41
2024-10-13 09:00:00,127.66
2024-10-13 10:00:00,139.74
2024-10-13 11:00:00,162.1
2024-10-13 12:00:00,190.96
2024-10-13 13:00:00,175.58
2024-10-13 14:00:00,138.94
2024-10-13 15:00:00,132.66
2024-10-13 16:00:00,94.88
2024-10-13 17:00:00,34.58
2024-10-13 18:00:00,0.0
2024-10-13 19:00:00,0.0
2024-10-13 20:00:00,0.0
2024-10-13 21:00:00,0.0
2024-10-13 22:00:00,0.0
2024-10-13 23:00:00,0.0
2024-10-14 00:00:00,0.0
2024-10-14 01:00:00,0.0
2024-10-14 02:00:00,0.0
2024-10-14 03:00:00,0.0
2024-10-14 04:00:00,0.0
2024-10-14 05:00:00,0.0
2024-10-14 06:00:00,22.32
2024-10-14 07:00:00,101.31
2024-10-14 08:00:00,156.4
2024-10-14 09:00:00,212.47
2024-10-14 10:00:00,219.54
2024-10-14 11:00:00,250.69
2024-10-14 12:00:00,197.07
2024-10-14 13:00:00,218.92
2024-10-14 14:00:00,172.62
2024-10-14 15:00:00,131.21
2024-10-14 16:00:00,86.21
2024-10-14 17:00:00,28.21
2024-10-14 18:00:00,0.0
2024-10-14 19:00:00,0.0
2024-10-14 20:00:00,0.0
2024-10-14 21:00:00,0.0
2024-10-14 22:00:00,0.0
2024-10-14 23:00:00,0.0
2024-10-15 00:00:00,0.0
2024-10-15 01:00:00,0.0
2024-10-15 02:00:00,0.0
2024-10-15 03:00:00,0.0
2024-10-15 04:00:00,0.0
2024-10-15 05:00:00,0.0
2024-10-15 06:00:00,23.84
2024-10-15 07:00:00,101.54
2024-10-15 08:00:00,149.43
2024-10-15 09:00:00,216.33
2024-10-15 10:00:00,215.3
2024-10-15 11:00:00,192.33
2024-10-15 12:00:00,220.99
2024-10-15 13:00:00,203.75
2024-10-15 14:00:00,217.26
2024-10-15 15:00:00,154.23
2024-10-15 16:00:00,108.92
2024-10-15 17:00:00,28.64
2024-10-15 18:00:00,0.0
2024-10-15 19:00:00,0.0
2024-10-15 20:00:00,0.0
2024-10-15 21:00:00,0.0
2024-10-15 22:00:00,0.0
2024-10-15 23:00:00,0.0
2024-10-16 00:00:00,0.0
2024-10-16 01:00:00,0.0
2024-10-16 02:00:00,0.0
2024-10-16 03:00:00,0.0
2024-10-16 04:00:00,0.0
2024-10-16 05:00:00,0.0
2024-10-16 06:00:00,20.79
2024-10-16 07:00:00,96.16
2024-10-16 08:00:00,136.61
2024-10-16 09:00:00,165.27
2024-10-16 10:00:00,189.05
2024-10-16 11:00:00,231.97
2024-10-16 12:00:00,245.34
2024-10-16 13:00:00,215.47
2024-10-16 14:00:00,183.02
2024-10-16 15:00:00,155.26
2024-10-16 16:00:00,97.35
2024-10-16 17:00:00,27.91
2024-10-16 18:00:00,0.0
2024-10-16 19:00:00,0.0
2024-10-16 20:00:00,0.0
2024-10-16 21:00:00,0.0
2024-10-16 22:00:00,0.0
2024-10-16 23:00:00,0.0
2024-10-17 00:00:00,0.0
2024-10-17 01:00:00,0.0
2024-10-17 02:00:00,0.0
2024-10-17 03:00:00,0.0
2024-10-17 04:00:00,0.0
2024-10-17 05:00:00,0.0
2024-10-17 06:00:00,21.86
2024-10-17 07:00:00,98.3
2024-10-17 08:00:00,208.62
2024-10-17 09:00:00,237.43
2024-10-17 10:00:00,185.34
2024-10-17 11:00:00,206.73
2024-10-17 12:00:00,214.21
2024-10-17 13:00:00,233.12
2024-10-17 14:00:00,197.33
2024-10-17 15:00:00,145.57
2024-10-17 16:00:00,86.86
2024-10-17 17:00:00,27.08
2024-10-17 18:00:00,0.0
2024-10-17 19:00:00,0.0
2024-10-17 20:00:00,0.0
2024-10-17 21:00:00,0.0
2024-10-17 22:00:00,0.0
2024-10-17 23:00:00,0.0
2024-10-18 00:00:00,0.0
2024-10-18 01:00:00,0.0
2024-10-18 02:00:00,0.0
2024-10-18 03:00:00,0.0
2024-10-18 04:00:00,0.0
2024-10-18 05:00:00,0.0
2024-10-18 06:00:00,18.71
2024-10-18 07:00:00,69.19
2024-10-18 08:00:00,96.18
2024-10-18 09:00:00,117.82
2024-10-18 10:00:00,165.28
2024-10-18 11:00:00,192.25
2024-10-18 12:00:00,224.47
2024-10-18 13:00:00,219.13
2024-10-18 14:00:00,131.16
2024-10-18 15:00:00,180.9
2024-10-18 16:00:00,102.53
2024-10-18 17:00:00,26.11
2024-10-18 18:00:00,0.0
2024-10-18 19:00:00,0.0
2024-10-18 20:00:00,0.0
2024-10-18 21:00:00,0.0
2024-10-18 22:00:00,0.0
2024-10-18 23:00:00,0.0
2024-10-19 00:00:00,0.0
2024-10-19 01:00:00,0.0
2024-10-19 02:00:00,0.0
2024-10-19 03:00:00,0.0
2024-10-19 04:00:00,0.0
2024-10-19 05:00:00,0.0
2024-10-19 06:00:00,24.4
2024-10-19 07:00:00,102.64
2024-10-19 08:00:00,151.84
2024-10-19 09:00:00,175.55
2024-10-19 10:00:00,285.38
2024-10-19 11:00:00,300.93
2024-10-19 12:00:00,395.48
2024-10-19 13:00:00,249.88
2024-10-19 14:00:00,201.82
2024-10-19 15:00:00,173.97
2024-10-19 16:00:00,108.95
2024-10-19 17:00:00,20.72
2024-10-19 18:00:00,0.0
2024-10-19 19:00:00,0.0
2024-10-19 20:00:00,0.0
2024-10-19 21:00:00,0.0
2024-10-19 22:00:00,0.0
2024-10-19 23:00:00,0.0
2024-10-20 00:00:00,0.0
2024-10-20 01:00:00,0.0
2024-10-20 02:00:00,0.0
2024-10-20 03:00:00,0.0
2024-10-20 04:00:00,0.0
2024-10-20 05:00:00,0.0
2024-10-20 06:00:00,24.21
2024-10-20 07:00:00,127.45
2024-10-20 08:00:00,251.19
2024-10-20 09:00:00,328.78
2024-10-20 10:00:00,300.49
2024-10-20 11:00:00,332.99
2024-10-20 12:00:00,300.39
2024-10-20 13:00:00,230.14
2024-10-20 14:00:00,245.1
2024-10-20 15:00:00,199.17
2024-10-20 16:00:00,125.62
2024-10-20 17:00:00,20.45
2024-10-20 18:00:00,0.0
2024-10-20 19:00:00,0.0
2024-10-20 20:00:00,0.0
2024-10-20 21:00:00,0.0
2024-10-20 22:00:00,0.0
2024-10-20 23:00:00,0.0
2024-10-21 00:00:00,0.0
2024-10-21 01:00:00,0.0
2024-10-21 02:00:00,0.0
2024-10-21 03:00:00,0.0
2024-10-21 04:00:00,0.0
2024-10-21 05:00:00,0.0
2024-10-21 06:00:00,16.05
2024-10-21 07:00:00,99.91
2024-10-21 08:00:00,188.21
2024-10-21 09:00:00,274.98
2024-10-21 10:00:00,313.66
2024-10-21 11:00:00,343.84
2024-10-21 12:00:00,340.91
2024-10-21 13:00:00,293.6
2024-10-21 14:00:00,266.89
2024-10-21 15:00:00,190.87
2024-10-21 16:00:00,109.49
2024-10-21 17:00:00,23.11
2024-10-21 18:00:00,0.0
2024-10-21 19:00:00,0.0
2024-10-21 20:00:00,0.0
2024-10-21 21:00:00,0.0
2024-10-21 22:00:00,0.0
2024-10-21 23:00:00,0.0
2024-10-22 00:00:00,0.0
2024-10-22 01:00:00,0.0
2024-10-22 02:00:00,0.0
2024-10-22 03:00:00,0.0
2024-10-22 04:00:00,0.0
2024-10-22 05:00:00,0.0
2024-10-22 06:00:00,19.21
2024-10-22 07:00:00,105.97
2024-10-22 08:00:00,174.51
2024-10-22 09:00:00,265.28
2024-10-22 10:00:00,256.35
2024-10-22 11:00:00,233.12
2024-10-22 12:00:00,271.94
2024-10-22 13:00:00,222.44
2024-10-22 14:00:00,197.44
2024-10-22 15:00:00,172.86
2024-10-22 16:00:00,110.71
2024-10-22 17:00:00,27.4
2024-10-22 18:00:00,0.0
2024-10-22 19:00:00,0.0
2024-10-22 20:00:00,0.0
2024-10-22 21:00:00,0.0
2024-10-22 22:00:00,0.0
2024-10-22 23:00:00,0.0
2024-10-23 00:00:00,0.0
2024-10-23 01:00:00,0.0
2024-10-23 02:00:00,0.0
2024-10-23 03:00:00,0.0
2024-10-23 04:00:00,0.0
2024-10-23 05:00:00,0.0
2024-10-23 06:00:00,19.16
2024-10-23 07:00:00,115.94
2024-10-23 08:00:00,242.01
2024-10-23 09:00:00,316.84
2024-10-23 10:00:00,304.22
2024-10-23 11:00:00,373.38
2024-10-23 12:00:00,390.26
2024-10-23 13:00:00,421.02
2024-10-23 14:00:00,303.54
2024-10-23 15:00:00,203.78
2024-10-23 16:00:00,99.16
2024-10-23 17:00:00,15.77
2024-10-23 18:00:00,0.0
2024-10-23 19:00:00,0.0
2024-10-23 20:00:00,0.0
2024-10-23 21:00:00,0.0
2024-10-23 22:00:00,0.0
2024-10-23 23:00:00,0.0
2024-10-24 00:00:00,0.0
2024-10-24 01:00:00,0.0
2024-10-24 02:00:00,0.0
2024-10-24 03:00:00,0.0
2024-10-24 04:00:00,0.0
2024-10-24 05:00:00,0.0
2024-10-24 06:00:00,12.56
2024-10-24 07:00:00,79.65
2024-10-24 08:00:00,175.33
2024-10-24 09:00:00,250.66
2024-10-24 10:00:00,251.44
2024-10-24 11:00:00,202.33
2024-10-24 12:00:00,201.36
2024-10-24 13:00:00,220.15
2024-10-24 14:00:00,163.07
2024-10-24 15:00:00,139.96
2024-10-24 16:00:00,69.05
2024-10-24 17:00:00,6.77
2024-10-24 18:00:00,0.0
2024-10-24 19:00:00,0.0
2024-10-24 20:00:00,0.0
2024-10-24 21:00:00,0.0
2024-10-24 22:00:00,0.0
2024-10-24 23:00:00,0.0
2024-10-25 00:00:00,0.0
2024-10-25 01:00:00,0.0
2024-10-25 02:00:00,0.0
2024-10-25 03:00:00,0.0
2024-10-25 04:00:00,0.0
2024-10-25 05:00:00,0.0
2024-10-25 06:00:00,6.1
2024-10-25 07:00:00,41.95
2024-10-25 08:00:00,82.99
2024-10-25 09:00:00,132.14
2024-10-25 10:00:00,170.03
2024-10-25 11:00:00,189.1
2024-10-25 12:00:00,152.46
2024-10-25 13:00:00,80.28
2024-10-25 14:00:00,40.33
2024-10-25 15:00:00,34.89
2024-10-25 16:00:00,22.11
2024-10-25 17:00:00,5.12
2024-10-25 18:00:00,0.0
2024-10-25 19:00:00,0.0
2024-10-25 20:00:00,0.0
2024-10-25 21:00:00,0.0
2024-10-25 22:00:00,0.0
2024-10-25 23:00:00,0.0
2024-10-26 00:00:00,0.0
2024-10-26 01:00:00,0.0
2024-10-26 02:00:00,0.0
2024-10-26 03:00:00,0.0
2024-10-26 04:00:00,0.0
2024-10-26 05:00:00,0.0
2024-10-26 06:00:00,4.22
2024-10-26 07:00:00,35.1
2024-10-26 08:00:00,65.04
2024-10-26 09:00:00,103.3
2024-10-26 10:00:00,128.99
2024-10-26 11:00:00,136.73
2024-10-26 12:00:00,138.72
2024-10-26 13:00:00,146.58
2024-10-26 14:00:00,88.94
2024-10-26 15:00:00,62.66
2024-10-26 16:00:00,21.39
2024-10-26 17:00:00,5.01
2024-10-26 18:00:00,0.0
2024-10-26 19:00:00,0.0
2024-10-26 20:00:00,0.0
2024-10-26 21:00:00,0.0
2024-10-26 22:00:00,0.0
2024-10-26 23:00:00,0.0
2024-10-27 00:00:00,0.0
2024-10-27 01:00:00,0.0
2024-10-27 02:00:00,0.0
2024-10-27 03:00:00,0.0
2024-10-27 04:00:00,0.0
2024-10-27 05:00:00,0.0
2024-10-27 06:00:00,12.88
2024-10-27 07:00:00,85.05
2024-10-27 08:00:00,179.72
2024-10-27 09:00:00,242.52
2024-10-27 10:00:00,276.63
2024-10-27 11:00:00,277.62
2024-10-27 12:00:00,304.11
2024-10-27 13:00:00,304.52
2024-10-27 14:00:00,243.75
2024-10-27 15:00:00,181.35
2024-10-27 16:00:00,89.21
2024-10-27 17:00:00,16.44
2024-10-27 18:00:00,0.0
2024-10-27 19:00:00,0.0
2024-10-27 20:00:00,0.0
2024-10-27 21:00:00,0.0
2024-10-27 22:00:00,0.0
2024-10-27 23:00:00,0.0
2024-10-28 00:00:00,0.0
2024-10-28 01:00:00,0.0
2024-10-28 02:00:00,0.0
2024-10-28 03:00:00,0.0
2024-10-28 04:00:00,0.0
2024-10-28 05:00:00,0.0
2024-10-28 06:00:00,12.26
2024-10-28 07:00:00,74.79
2024-10-28 08:00:00,137.0
2024-10-28 09:00:00,262.98
2024-10-28 10:00:00,296.34
2024-10-28 11:00:00,358.77
2024-10-28 12:00:00,335.15
2024-10-28 13:00:00,314.32
2024-10-28 14:00:00,236.33
2024-10-28 15:00:00,178.58
2024-10-28 16:00:00,86.76
2024-10-28 17:00:00,14.63
2024-10-28 18:00:00,0.0
2024-10-28 19:00:00,0.0
2024-10-28 20:00:00,0.0
2024-10-28 21:00:00,0.0
2024-10-28 22:00:00,0.0
2024-10-28 23:00:00,0.0
2024-10-29 00:00:00,0.0
2024-10-29 01:00:00,0.0
2024-10-29 02:00:00,0.0
2024-10-29 03:00:00,0.0
2024-10-29 04:00:00,0.0
2024-10-29 05:00:00,0.0
2024-10-29 06:00:00,13.46
2024-10-29 07:00:00,69.53
2024-10-29 08:00:00,129.79
2024-10-29 09:00:00,261.84
2024-10-29 10:00:00,294.92
2024-10-29 11:00:00,374.19
2024-10-29 12:00:00,363.45
2024-10-29 13:00:00,305.21
2024-10-29 14:00:00,191.19
2024-10-29 15:00:00,149.67
2024-10-29 16:00:00,92.47
2024-10-29 17:00:00,18.13
2024-10-29 18:00:00,0.0
2024-10-29 19:00:00,0.0
2024-10-29 20:00:00,0.0
2024-10-29 21:00:00,0.0
2024-10-29 22:00:00,0.0
2024-10-29 23:00:00,0.0
2024-10-30 00:00:00,0.0
2024-10-30 01:00:00,0.0
2024-10-30 02:00:00,0.0
2024-10-30 03:00:00,0.0
2024-10-30 04:00:00,0.0
2024-10-30 05:00:00,0.0
2024-10-30 06:00:00,15.37
2024-10-30 07:00:00,85.2
2024-10-30 08:00:00,154.58
2024-10-30 09:00:00,189.59
2024-10-30 10:00:00,203.55
2024-10-30 11:00:00,217.67
2024-10-30 12:00:00,234.12
2024-10-30 13:00:00,214.0
2024-10-30 14:00:00,198.32
2024-10-30 15:00:00,150.31
2024-10-30 16:00:00,90.87
2024-10-30 17:00:00,18.68
2024-10-30 18:00:00,0.0
2024-10-30 19:00:00,0.0
2024-10-30 20:00:00,0.0
2024-10-30 21:00:00,0.0
2024-10-30 22:00:00,0.0
2024-10-30 23:00:00,0.0
2024-10-31 00:00:00,0.0
2024-10-31 01:00:00,0.0
2024-10-31 02:00:00,0.0
2024-10-31 03:00:00,0.0
2024-10-31 04:00:00,0.0
2024-10-31 05:00:00,0.0
2024-10-31 06:00:00,15.27
2024-10-31 07:00:00,79.52
2024-10-31 08:00:00,133.66
2024-10-31 09:00:00,169.72
2024-10-31 10:00:00,209.17
2024-10-31 11:00:00,241.67
2024-10-31 12:00:00,244.39
2024-10-31 13:00:00,198.85
2024-10-31 14:00:00,188.56
2024-10-31 15:00:00,145.73
2024-10-31 16:00:00,91.08
2024-10-31 17:00:00,17.98
2024-10-31 18:00:00,0.0
2024-10-31 19:00:00,0.0
2024-10-31 20:00:00,0.0
2024-10-31 21:00:00,0.0
2024-10-31 22:00:00,0.0
2024-10-31 23:00:00,0.0
2024-11-01 00:00:00,0.0
2024-11-01 01:00:00,0.0
2024-11-01 02:00:00,0.0
2024-11-01 03:00:00,0.0
2024-11-01 04:00:00,0.0
2024-11-01 05:00:00,0.0
2024-11-01 06:00:00,10.7
2024-11-01 07:00:00,67.01
2024-11-01 08:00:00,159.13
2024-11-01 09:00:00,222.33
2024-11-01 10:00:00,247.22
2024-11-01 11:00:00,256.41
2024-11-01 12:00:00,290.54
2024-11-01 13:00:00,229.12
2024-11-01 14:00:00,230.63
2024-11-01 15:00:00,183.82
2024-11-01 16:00:00,95.65
2024-11-01 17:00:00,16.46
2024-11-01 18:00:00,0.0
2024-11-01 19:00:00,0.0
2024-11-01 20:00:00,0.0
2024-11-01 21:00:00,0.0
2024-11-01 22:00:00,0.0
2024-11-01 23:00:00,0.0
2024-11-02 00:00:00,0.0
2024-11-02 01:00:00,0.0
2024-11-02 02:00:00,0.0
2024-11-02 03:00:00,0.0
2024-11-02 04:00:00,0.0
2024-11-02 05:00:00,0.0
2024-11-02 06:00:00,12.12
2024-11-02 07:00:00,87.01
2024-11-02 08:00:00,161.52
2024-11-02 09:00:00,205.2
2024-11-02 10:00:00,237.18
2024-11-02 11:00:00,251.15
2024-11-02 12:00:00,229.54
2024-11-02 13:00:00,224.51
2024-11-02 14:00:00,187.95
2024-11-02 15:00:00,155.16
2024-11-02 16:00:00,99.66
2024-11-02 17:00:00,17.77
2024-11-02 18:00:00,0.0
2024-11-02 19:00:00,0.0
2024-11-02 20:00:00,0.0
2024-11-02 21:00:00,0.0
2024-11-02 22:00:00,0.0
2024-11-02 23:00:00,0.0
2024-11-03 00:00:00,0.0
2024-11-03 01:00:00,0.0
2024-11-03 02:00:00,0.0
2024-11-03 03:00:00,0.0
2024-11-03 04:00:00,0.0
2024-11-03 05:00:00,0.0
2024-11-03 06:00:00,12.95
2024-11-03 07:00:00,91.34
2024-11-03 08:00:00,161.86
2024-11-03 09:00:00,228.81
2024-11-03 10:00:00,271.88
2024-11-03 11:00:00,304.16
2024-11-03 12:00:00,285.21
2024-11-03 13:00:00,286.35
2024-11-03 14:00:00,217.64
2024-11-03 15:00:00,161.6
2024-11-03 16:00:00,90.27
2024-11-03 17:00:00,14.94
2024-11-03 18:00:00,0.0
2024-11-03 19:00:00,0.0
2024-11-03 20:00:00,0.0
2024-11-03 21:00:00,0.0
2024-11-03 22:00:00,0.0
2024-11-03 23:00:00,0.0
2024-11-04 00:00:00,0.0
2024-11-04 01:00:00,0.0
2024-11-04 02:00:00,0.0
2024-11-04 03:00:00,0.0
2024-11-04 04:00:00,0.0
2024-11-04 05:00:00,0.0
2024-11-04 06:00:00,13.08
2024-11-04 07:00:00,92.65
2024-11-04 08:00:00,185.13
2024-11-04 09:00:00,236.43
2024-11-04 10:00:00,272.59
2024-11-04 11:00:00,280.11
2024-11-04 12:00:00,281.76
2024-11-04 13:00:00,250.71
2024-11-04 14:00:00,237.58
2024-11-04 15:00:00,194.73
2024-11-04 16:00:00,102.21
2024-11-04 17:00:00,16.15
2024-11-04 18:00:00,0.0
2024-11-04 19:00:00,0.0
2024-11-04 20:00:00,0.0
2024-11-04 21:00:00,0.0
2024-11-04 22:00:00,0.0
2024-11-04 23:00:00,0.0
2024-11-05 00:00:00,0.0
2024-11-05 01:00:00,0.0
2024-11-05 02:00:00,0.0
2024-11-05 03:00:00,0.0
2024-11-05 04:00:00,0.0
2024-11-05 05:00:00,0.0
2024-11-05 06:00:00,12.47
2024-11-05 07:00:00,90.34
2024-11-05 08:00:00,174.04
2024-11-05 09:00:00,222.93
2024-11-05 10:00:00,263.23
2024-11-05 11:00:00,280.86
2024-11-05 12:00:00,231.08
2024-11-05 13:00:00,203.0
2024-11-05 14:00:00,213.72
2024-11-05 15:00:00,172.39
2024-11-05 16:00:00,91.43
2024-11-05 17:00:00,15.77
2024-11-05 18:00:00,0.0
2024-11-05 19:00:00,0.0
2024-11-05 20:00:00,0.0
2024-11-05 21:00:00,0.0
2024-11-05 22:00:00,0.0
2024-11-05 23:00:00,0.0
2024-11-06 00:00:00,0.0
2024-11-06 01:00:00,0.0
2024-11-06 02:00:00,0.0
2024-11-06 03:00:00,0.0
2024-11-06 04:00:00,0.0
2024-11-06 05:00:00,0.0
2024-11-06 06:00:00,13.66
2024-11-06 07:00:00,88.28
2024-11-06 08:00:00,158.85
2024-11-06 09:00:00,189.76
2024-11-06 10:00:00,231.25
2024-11-06 11:00:00,269.56
2024-11-06 12:00:00,271.91
2024-11-06 13:00:00,242.43
2024-11-06 14:00:00,232.83
2024-11-06 15:00:00,171.65
2024-11-06 16:00:00,99.95
2024-11-06 17:00:00,14.96
2024-11-06 18:00:00,0.0
2024-11-06 19:00:00,0.0
2024-11-06 20:00:00,0.0
2024-11-06 21:00:00,0.0
2024-11-06 22:00:00,0.0
2024-11-06 23:00:00,0.0
2024-11-07 00:00:00,0.0
2024-11-07 01:00:00,0.0
2024-11-07 02:00:00,0.0
2024-11-07 03:00:00,0.0
2024-11-07 04:00:00,0.0
2024-11-07 05:00:00,0.0
2024-11-07 06:00:00,14.68
2024-11-07 07:00:00,87.68
2024-11-07 08:00:00,149.08
2024-11-07 09:00:00,182.89
2024-11-07 10:00:00,192.06
2024-11-07 11:00:00,217.73
2024-11-07 12:00:00,261.95
2024-11-07 13:00:00,247.83
2024-11-07 14:00:00,202.21
2024-11-07 15:00:00,170.56
2024-11-07 16:00:00,93.65
2024-11-07 17:00:00,13.21
2024-11-07 18:00:00,0.0
2024-11-07 19:00:00,0.0
2024-11-07 20:00:00,0.0
2024-11-07 21:00:00,0.0
2024-11-07 22:00:00,0.0
2024-11-07 23:00:00,0.0
2024-11-08 00:00:00,0.0
2024-11-08 01:00:00,0.0
2024-11-08 02:00:00,0.0
2024-11-08 03:00:00,0.0
2024-11-08 04:00:00,0.0
2024-11-08 05:00:00,0.0
2024-11-08 06:00:00,11.57
2024-11-08 07:00:00,85.68
2024-11-08 08:00:00,176.08
2024-11-08 09:00:00,221.37
2024-11-08 10:00:00,248.26
2024-11-08 11:00:00,264.75
2024-11-08 12:00:00,290.56
2024-11-08 13:00:00,268.33
2024-11-08 14:00:00,230.6
2024-11-08 15:00:00,157.96
2024-11-08 16:00:00,90.37
2024-11-08 17:00:00,12.1
2024-11-08 18:00:00,0.0
2024-11-08 19:00:00,0.0
2024-11-08 20:00:00,0.0
2024-11-08 21:00:00,0.0
2024-11-08 22:00:00,0.0
2024-11-08 23:00:00,0.0
2024-11-09 00:00:00,0.0
2024-11-09 01:00:00,0.0
2024-11-09 02:00:00,0.0
2024-11-09 03:00:00,0.0
2024-11-09 04:00:00,0.0
2024-11-09 05:00:00,0.0
2024-11-09 06:00:00,12.33
2024-11-09 07:00:00,84.35
2024-11-09 08:00:00,164.54
2024-11-09 09:00:00,198.34
2024-11-09 10:00:00,206.99
2024-11-09 11:00:00,225.73
2024-11-09 12:00:00,210.24
2024-11-09 13:00:00,177.56
2024-11-09 14:00:00,159.31
2024-11-09 15:00:00,126.96
2024-11-09 16:00:00,77.31
2024-11-09 17:00:00,13.93
2024-11-09 18:00:00,0.0
2024-11-09 19:00:00,0.0
2024-11-09 20:00:00,0.0
2024-11-09 21:00:00,0.0
2024-11-09 22:00:00,0.0
2024-11-09 23:00:00,0.0
2024-11-10 00:00:00,0.0
2024-11-10 01:00:00,0.0
2024-11-10 02:00:00,0.0
2024-11-10 03:00:00,0.0
2024-11-10 04:00:00,0.0
2024-11-10 05:00:00,0.0
2024-11-10 06:00:00,12.07
2024-11-10 07:00:00,65.75
2024-11-10 08:00:00,109.47
2024-11-10 09:00:00,123.06
2024-11-10 10:00:00,126.33
2024-11-10 11:00:00,151.66
2024-11-10 12:00:00,140.86
2024-11-10 13:00:00,141.83
2024-11-10 14:00:00,149.58
2024-11-10 15:00:00,123.62
2024-11-10 16:00:00,76.49
2024-11-10 17:00:00,15.21
2024-11-10 18:00:00,0.0
2024-11-10 19:00:00,0.0
2024-11-10 20:00:00,0.0
2024-11-10 21:00:00,0.0
2024-11-10 22:00:00,0.0
2024-11-10 23:00:00,0.0
2024-11-11 00:00:00,0.0
2024-11-11 01:00:00,0.0
2024-11-11 02:00:00,0.0
2024-11-11 03:00:00,0.0
2024-11-11 04:00:00,0.0
2024-11-11 05:00:00,0.0
2024-11-11 06:00:00,11.06
2024-11-11 07:00:00,89.72
2024-11-11 08:00:00,182.05
2024-11-11 09:00:00,259.07
2024-11-11 10:00:00,304.94
2024-11-11 11:00:00,292.22
2024-11-11 12:00:00,314.8
2024-11-11 13:00:00,222.08
2024-11-11 14:00:00,267.4
2024-11-11 15:00:00,155.78
2024-11-11 16:00:00,95.78
2024-11-11 17:00:00,14.64
2024-11-11 18:00:00,0.0
2024-11-11 19:00:00,0.0
2024-11-11 20:00:00,0.0
2024-11-11 21:00:00,0.0
2024-11-11 22:00:00,0.0
2024-11-11 23:00:00,0.0
2024-11-12 00:00:00,0.0
2024-11-12 01:00:00,0.0
2024-11-12 02:00:00,0.0
2024-11-12 03:00:00,0.0
2024-11-12 04:00:00,0.0
2024-11-12 05:00:00,0.0
2024-11-12 06:00:00,12.17
2024-11-12 07:00:00,88.22
2024-11-12 08:00:00,202.2
2024-11-12 09:00:00,286.54
2024-11-12 10:00:00,364.78
2024-11-12 11:00:00,366.09
2024-11-12 12:00:00,391.6
2024-11-12 13:00:00,394.66
2024-11-12 14:00:00,278.78
2024-11-12 15:00:00,223.87
2024-11-12 16:00:00,107.79
2024-11-12 17:00:00,14.43
2024-11-12 18:00:00,0.0
2024-11-12 19:00:00,0.0
2024-11-12 20:00:00,0.0
2024-11-12 21:00:00,0.0
2024-11-12 22:00:00,0.0
2024-11-12 23:00:00,0.0
2024-11-13 00:00:00,0.0
2024-11-13 01:00:00,0.0
2024-11-13 02:00:00,0.0
2024-11-13 03:00:00,0.0
2024-11-13 04:00:00,0.0
2024-11-13 05:00:00,0.0
2024-11-13 06:00:00,12.66
2024-11-13 07:00:00,94.04
2024-11-13 08:00:00,163.95
2024-11-13 09:00:00,191.61
2024-11-13 10:00:00,225.02
2024-11-13 11:00:00,209.66
2024-11-13 12:00:00,229.88
2024-11-13 13:00:00,191.85
2024-11-13 14:00:00,169.1
2024-11-13 15:00:00,152.48
2024-11-13 16:00:00,89.39
2024-11-13 17:00:00,13.65
2024-11-13 18:00:00,0.0
2024-11-13 19:00:00,0.0
2024-11-13 20:00:00,0.0
2024-11-13 21:00:00,0.0
2024-11-13 22:00:00,0.0
2024-11-13 23:00:00,0.0
2024-11-14 00:00:00,0.0
2024-11-14 01:00:00,0.0
2024-11-14 02:00:00,0.0
2024-11-14 03:00:00,0.0
2024-11-14 04:00:00,0.0
2024-11-14 05:00:00,0.0
2024-11-14 06:00:00,10.81
2024-11-14 07:00:00,78.94
2024-11-14 08:00:00,137.44
2024-11-14 09:00:00,169.67
2024-11-14 10:00:00,189.8
2024-11-14 11:00:00,203.27
2024-11-14 12:00:00,280.58
2024-11-14 13:00:00,249.12
2024-11-14 14:00:00,219.71
2024-11-14 15:00:00,173.17
2024-11-14 16:00:00,85.29
2024-11-14 17:00:00,11.49
2024-11-14 18:00:00,0.0
2024-11-14 19:00:00,0.0
2024-11-14 20:00:00,0.0
2024-11-14 21:00:00,0.0
2024-11-14 22:00:00,0.0
2024-11-14 23:00:00,0.0
2024-11-15 00:00:00,0.0
2024-11-15 01:00:00,0.0
2024-11-15 02:00:00,0.0
2024-11-15 03:00:00,0.0
2024-11-15 04:00:00,0.0
2024-11-15 05:00:00,0.0
2024-11-15 06:00:00,9.22
2024-11-15 07:00:00,84.51
2024-11-15 08:00:00,168.16
2024-11-15 09:00:00,216.88
2024-11-15 10:00:00,255.43
2024-11-15 11:00:00,277.06
2024-11-15 12:00:00,263.82
2024-11-15 13:00:00,229.95
2024-11-15 14:00:00,199.34
2024-11-15 15:00:00,163.63
2024-11-15 16:00:00,84.2
2024-11-15 17:00:00,13.04
2024-11-15 18:00:00,0.0
2024-11-15 19:00:00,0.0
2024-11-15 20:00:00,0.0
2024-11-15 21:00:00,0.0
2024-11-15 22:00:00,0.0
2024-11-15 23:00:00,0.0
2024-11-16 00:00:00,0.0
2024-11-16 01:00:00,0.0
2024-11-16 02:00:00,0.0
2024-11-16 03:00:00,0.0
2024-11-16 04:00:00,0.0
2024-11-16 05:00:00,0.0
2024-11-16 06:00:00,10.2
2024-11-16 07:00:00,85.5
2024-11-16 08:00:00,155.64
2024-11-16 09:00:00,192.0
2024-11-16 10:00:00,209.69
2024-11-16 11:00:00,230.09
2024-11-16 12:00:00,235.19
2024-11-16 13:00:00,206.11
2024-11-16 14:00:00,180.97
2024-11-16 15:00:00,153.33
2024-11-16 16:00:00,81.64
2024-11-16 17:00:00,13.39
2024-11-16 18:00:00,0.0
2024-11-16 19:00:00,0.0
2024-11-16 20:00:00,0.0
2024-11-16 21:00:00,0.0
2024-11-16 22:00:00,0.0
2024-11-16 23:00:00,0.0
2024-11-17 00:00:00,0.0
2024-11-17 01:00:00,0.0
2024-11-17 02:00:00,0.0
2024-11-17 03:00:00,0.0
2024-11-17 04:00:00,0.0
2024-11-17 05:00:00,0.0
2024-11-17 06:00:00,9.9
2024-11-17 07:00:00,84.02
2024-11-17 08:00:00,153.79
2024-11-17 09:00:00,197.39
2024-11-17 10:00:00,199.95
2024-11-17 11:00:00,217.89
2024-11-17 12:00:00,248.73
2024-11-17 13:00:00,224.47
2024-11-17 14:00:00,196.34
2024-11-17 15:00:00,163.49
2024-11-17 16:00:00,86.12
2024-11-17 17:00:00,12.99
2024-11-17 18:00:00,0.0
2024-11-17 19:00:00,0.0
2024-11-17 20:00:00,0.0
2024-11-17 21:00:00,0.0
2024-11-17 22:00:00,0.0
2024-11-17 23:00:00,0.0
2024-11-18 00:00:00,0.0
2024-11-18 01:00:00,0.0
2024-11-18 02:00:00,0.0
2024-11-18 03:00:00,0.0
2024-11-18 04:00:00,0.0
2024-11-18 05:00:00,0.0
2024-11-18 06:00:00,9.32
2024-11-18 07:00:00,85.35
2024-11-18 08:00:00,156.5
2024-11-18 09:00:00,205.12
2024-11-18 10:00:00,214.36
2024-11-18 11:00:00,225.87
2024-11-18 12:00:00,266.13
2024-11-18 13:00:00,245.14
2024-11-18 14:00:00,215.78
2024-11-18 15:00:00,163.55
2024-11-18 16:00:00,83.64
2024-11-18 17:00:00,11.48
2024-11-18 18:00:00,0.0
2024-11-18 19:00:00,0.0
2024-11-18 20:00:00,0.0
2024-11-18 21:00:00,0.0
2024-11-18 22:00:00,0.0
2024-11-18 23:00:00,0.0
2024-11-19 00:00:00,0.0
2024-11-19 01:00:00,0.0
2024-11-19 02:00:00,0.0
2024-11-19 03:00:00,0.0
2024-11-19 04:00:00,0.0
2024-11-19 05:00:00,0.0
2024-11-19 06:00:00,7.94
2024-11-19 07:00:00,82.89
2024-11-19 08:00:00,165.91
2024-11-19 09:00:00,222.02
2024-11-19 10:00:00,245.83
2024-11-19 11:00:00,269.86
2024-11-19 12:00:00,274.53
2024-11-19 13:00:00,254.63
2024-11-19 14:00:00,215.01
2024-11-19 15:00:00,164.71
2024-11-19 16:00:00,83.77
2024-11-19 17:00:00,11.29
2024-11-19 18:00:00,0.0
2024-11-19 19:00:00,0.0
2024-11-19 20:00:00,0.0
2024-11-19 21:00:00,0.0
2024-11-19 22:00:00,0.0
2024-11-19 23:00:00,0.0
2024-11-20 00:00:00,0.0
2024-11-20 01:00:00,0.0
2024-11-20 02:00:00,0.0
2024-11-20 03:00:00,0.0
2024-11-20 04:00:00,0.0
2024-11-20 05:00:00,0.0
2024-11-20 06:00:00,7.52
2024-11-20 07:00:00,81.07
2024-11-20 08:00:00,161.7
2024-11-20 09:00:00,214.07
2024-11-20 10:00:00,247.53
2024-11-20 11:00:00,264.01
2024-11-20 12:00:00,251.25
2024-11-20 13:00:00,216.37
2024-11-20 14:00:00,196.96
2024-11-20 15:00:00,163.72
2024-11-20 16:00:00,81.03
2024-11-20 17:00:00,11.4
2024-11-20 18:00:00,0.0
2024-11-20 19:00:00,0.0
2024-11-20 20:00:00,0.0
2024-11-20 21:00:00,0.0
2024-11-20 22:00:00,0.0
2024-11-20 23:00:00,0.0
2024-11-21 00:00:00,0.0
2024-11-21 01:00:00,0.0
2024-11-21 02:00:00,0.0
2024-11-21 03:00:00,0.0
2024-11-21 04:00:00,0.0
2024-11-21 05:00:00,0.0
2024-11-21 06:00:00,9.13
2024-11-21 07:00:00,78.75
2024-11-21 08:00:00,157.51
2024-11-21 09:00:00,190.87
2024-11-21 10:00:00,214.04
2024-11-21 11:00:00,235.29
2024-11-21 12:00:00,277.64
2024-11-21 13:00:00,232.46
2024-11-21 14:00:00,219.67
2024-11-21 15:00:00,166.18
2024-11-21 16:00:00,87.27
2024-11-21 17:00:00,11.17
2024-11-21 18:00:00,0.0
2024-11-21 19:00:00,0.0
2024-11-21 20:00:00,0.0
2024-11-21 21:00:00,0.0
2024-11-21 22:00:00,0.0
2024-11-21 23:00:00,0.0
2024-11-22 00:00:00,0.0
2024-11-22 01:00:00,0.0
2024-11-22 02:00:00,0.0
2024-11-22 03:00:00,0.0
2024-11-22 04:00:00,0.0
2024-11-22 05:00:00,0.0
2024-11-22 06:00:00,7.99
2024-11-22 07:00:00,75.55
2024-11-22 08:00:00,164.96
2024-11-22 09:00:00,216.03
2024-11-22 10:00:00,269.43
2024-11-22 11:00:00,287.94
2024-11-22 12:00:00,290.51
2024-11-22 13:00:00,257.99
2024-11-22 14:00:00,251.26
2024-11-22 15:00:00,180.17
2024-11-22 16:00:00,81.29
2024-11-22 17:00:00,10.08
2024-11-22 18:00:00,0.0
2024-11-22 19:00:00,0.0
2024-11-22 20:00:00,0.0
2024-11-22 21:00:00,0.0
2024-11-22 22:00:00,0.0
2024-11-22 23:00:00,0.0
2024-11-23 00:00:00,0.0
2024-11-23 01:00:00,0.0
2024-11-23 02:00:00,0.0
2024-11-23 03:00:00,0.0
2024-11-23 04:00:00,0.0
2024-11-23 05:00:00,0.0
2024-11-23 06:00:00,6.85
2024-11-23 07:00:00,75.1
2024-11-23 08:00:00,170.79
2024-11-23 09:00:00,236.14
2024-11-23 10:00:00,273.09
2024-11-23 11:00:00,289.82
2024-11-23 12:00:00,291.46
2024-11-23 13:00:00,278.29
2024-11-23 14:00:00,240.09
2024-11-23 15:00:00,175.48
2024-11-23 16:00:00,81.85
2024-11-23 17:00:00,9.47
2024-11-23 18:00:00,0.0
2024-11-23 19:00:00,0.0
2024-11-23 20:00:00,0.0
2024-11-23 21:00:00,0.0
2024-11-23 22:00:00,0.0
2024-11-23 23:00:00,0.0
2024-11-24 00:00:00,0.0
2024-11-24 01:00:00,0.0
2024-11-24 02:00:00,0.0
2024-11-24 03:00:00,0.0
2024-11-24 04:00:00,0.0
2024-11-24 05:00:00,0.0
2024-11-24 06:00:00,6.25
2024-11-24 07:00:00,75.55
2024-11-24 08:00:00,182.46
2024-11-24 09:00:00,275.56
2024-11-24 10:00:00,303.09
2024-11-24 11:00:00,349.09
2024-11-24 12:00:00,337.94
2024-11-24 13:00:00,279.88
2024-11-24 14:00:00,254.39
2024-11-24 15:00:00,199.56
2024-11-24 16:00:00,85.8
2024-11-24 17:00:00,11.1
2024-11-24 18:00:00,0.0
2024-11-24 19:00:00,0.0
2024-11-24 20:00:00,0.0
2024-11-24 21:00:00,0.0
2024-11-24 22:00:00,0.0
2024-11-24 23:00:00,0.0
2024-11-25 00:00:00,0.0
2024-11-25 01:00:00,0.0
2024-11-25 02:00:00,0.0
2024-11-25 03:00:00,0.0
2024-11-25 04:00:00,0.0
2024-11-25 05:00:00,0.0
2024-11-25 06:00:00,5.36
2024-11-25 07:00:00,65.35
2024-11-25 08:00:00,161.37
2024-11-25 09:00:00,266.55
2024-11-25 10:00:00,285.92
2024-11-25 11:00:00,284.54
2024-11-25 12:00:00,290.36
2024-11-25 13:00:00,277.59
2024-11-25 14:00:00,251.57
2024-11-25 15:00:00,183.2
2024-11-25 16:00:00,79.07
2024-11-25 17:00:00,10.92
2024-11-25 18:00:00,0.0
2024-11-25 19:00:00,0.0
2024-11-25 20:00:00,0.0
2024-11-25 21:00:00,0.0
2024-11-25 22:00:00,0.0
2024-11-25 23:00:00,0.0
2024-11-26 00:00:00,0.0
2024-11-26 01:00:00,0.0
2024-11-26 02:00:00,0.0
2024-11-26 03:00:00,0.0
2024-11-26 04:00:00,0.0
2024-11-26 05:00:00,0.0
2024-11-26 06:00:00,5.72
2024-11-26 07:00:00,66.86
2024-11-26 08:00:00,163.04
2024-11-26 09:00:00,238.72
2024-11-26 10:00:00,251.99
2024-11-26 11:00:00,288.46
2024-11-26 12:00:00,284.98
2024-11-26 13:00:00,258.61
2024-11-26 14:00:00,235.05
2024-11-26 15:00:00,175.6
2024-11-26 16:00:00,86.15
2024-11-26 17:00:00,12.16
2024-11-26 18:00:00,0.0
2024-11-26 19:00:00,0.0
2024-11-26 20:00:00,0.0
2024-11-26 21:00:00,0.0
2024-11-26 22:00:00,0.0
2024-11-26 23:00:00,0.0
2024-11-27 00:00:00,0.0
2024-11-27 01:00:00,0.0
2024-11-27 02:00:00,0.0
2024-11-27 03:00:00,0.0
2024-11-27 04:00:00,0.0
2024-11-27 05:00:00,0.0
2024-11-27 06:00:00,5.22
2024-11-27 07:00:00,72.24
2024-11-27 08:00:00,180.42
2024-11-27 09:00:00,259.33
2024-11-27 10:00:00,284.98
2024-11-27 11:00:00,337.71
2024-11-27 12:00:00,372.29
2024-11-27 13:00:00,337.02
2024-11-27 14:00:00,297.98
2024-11-27 15:00:00,218.41
2024-11-27 16:00:00,98.62
2024-11-27 17:00:00,13.95
2024-11-27 18:00:00,0.0
2024-11-27 19:00:00,0.0
2024-11-27 20:00:00,0.0
2024-11-27 21:00:00,0.0
2024-11-27 22:00:00,0.0
2024-11-27 23:00:00,0.0
2024-11-28 00:00:00,0.0
2024-11-28 01:00:00,0.0
2024-11-28 02:00:00,0.0
2024-11-28 03:00:00,0.0
2024-11-28 04:00:00,0.0
2024-11-28 05:00:00,0.0
2024-11-28 06:00:00,6.02
2024-11-28 07:00:00,81.67
2024-11-28 08:00:00,188.82
2024-11-28 09:00:00,251.93
2024-11-28 10:00:00,293.52
2024-11-28 11:00:00,325.17
2024-11-28 12:00:00,340.76
2024-11-28 13:00:00,303.62
2024-11-28 14:00:00,317.7
2024-11-28 15:00:00,209.66
2024-11-28 16:00:00,90.16
2024-11-28 17:00:00,10.08
2024-11-28 18:00:00,0.0
2024-11-28 19:00:00,0.0
2024-11-28 20:00:00,0.0
2024-11-28 21:00:00,0.0
2024-11-28 22:00:00,0.0
2024-11-28 23:00:00,0.0
2024-11-29 00:00:00,0.0
2024-11-29 01:00:00,0.0
2024-11-29 02:00:00,0.0
2024-11-29 03:00:00,0.0
2024-11-29 04:00:00,0.0
2024-11-29 05:00:00,0.0
2024-11-29 06:00:00,4.19
2024-11-29 07:00:00,44.15
2024-11-29 08:00:00,77.84
2024-11-29 09:00:00,151.05
2024-11-29 10:00:00,209.4
2024-11-29 11:00:00,239.18
2024-11-29 12:00:00,198.05
2024-11-29 13:00:00,158.25
2024-11-29 14:00:00,86.04
2024-11-29 15:00:00,83.03
2024-11-29 16:00:00,38.56
2024-11-29 17:00:00,4.22
2024-11-29 18:00:00,0.0
2024-11-29 19:00:00,0.0
2024-11-29 20:00:00,0.0
2024-11-29 21:00:00,0.0
2024-11-29 22:00:00,0.0
2024-11-29 23:00:00,0.0
2024-11-30 00:00:00,0.0
2024-11-30 01:00:00,0.0
2024-11-30 02:00:00,0.0
2024-11-30 03:00:00,0.0
2024-11-30 04:00:00,0.0
2024-11-30 05:00:00,0.0
2024-11-30 06:00:00,2.92
2024-11-30 07:00:00,41.45
2024-11-30 08:00:00,116.82
2024-11-30 09:00:00,116.38
2024-11-30 10:00:00,225.95
2024-11-30 11:00:00,323.91
2024-11-30 12:00:00,339.8
2024-11-30 13:00:00,373.06
2024-11-30 14:00:00,263.74
2024-11-30 15:00:00,181.03
2024-11-30 16:00:00,77.59
2024-11-30 17:00:00,11.11
2024-11-30 18:00:00,0.0
2024-11-30 19:00:00,0.0
2024-11-30 20:00:00,0.0
2024-11-30 21:00:00,0.0
2024-11-30 22:00:00,0.0
2024-11-30 23:00:00,0.0
2024-12-01 00:00:00,0.0
2024-12-01 01:00:00,0.0
2024-12-01 02:00:00,0.0
2024-12-01 03:00:00,0.0
2024-12-01 04:00:00,0.0
2024-12-01 05:00:00,0.0
2024-12-01 06:00:00,1.89
2024-12-01 07:00:00,34.41
2024-12-01 08:00:00,102.1
2024-12-01 09:00:00,179.04
2024-12-01 10:00:00,253.21
2024-12-01 11:00:00,274.9
2024-12-01 12:00:00,327.26
2024-12-01 13:00:00,227.17
2024-12-01 14:00:00,193.64
2024-12-01 15:00:00,120.47
2024-12-01 16:00:00,50.18
2024-12-01 17:00:00,4.78
2024-12-01 18:00:00,0.0
2024-12-01 19:00:00,0.0
2024-12-01 20:00:00,0.0
2024-12-01 21:00:00,0.0
2024-12-01 22:00:00,0.0
2024-12-01 23:00:00,0.0
2024-12-02 00:00:00,0.0
2024-12-02 01:00:00,0.0
2024-12-02 02:00:00,0.0
2024-12-02 03:00:00,0.0
2024-12-02 04:00:00,0.0
2024-12-02 05:00:00,0.0
2024-12-02 06:00:00,0.0
2024-12-02 07:00:00,53.1
2024-12-02 08:00:00,137.14
2024-12-02 09:00:00,217.82
2024-12-02 10:00:00,282.64
2024-12-02 11:00:00,309.3
2024-12-02 12:00:00,316.38
2024-12-02 13:00:00,266.25
2024-12-02 14:00:00,231.21
2024-12-02 15:00:00,156.45
2024-12-02 16:00:00,53.84
2024-12-02 17:00:00,6.66
2024-12-02 18:00:00,0.0
2024-12-02 19:00:00,0.0
2024-12-02 20:00:00,0.0
2024-12-02 21:00:00,0.0
2024-12-02 22:00:00,0.0
2024-12-02 23:00:00,0.0
2024-12-03 00:00:00,0.0
2024-12-03 01:00:00,0.0
2024-12-03 02:00:00,0.0
2024-12-03 03:00:00,0.0
2024-12-03 04:00:00,0.0
2024-12-03 05:00:00,0.0
2024-12-03 06:00:00,0.0
2024-12-03 07:00:00,52.89
2024-12-03 08:00:00,145.69
2024-12-03 09:00:00,214.85
2024-12-03 10:00:00,299.52
2024-12-03 11:00:00,307.7
2024-12-03 12:00:00,266.94
2024-12-03 13:00:00,260.39
2024-12-03 14:00:00,232.13
2024-12-03 15:00:00,127.61
2024-12-03 16:00:00,71.19
2024-12-03 17:00:00,11.09
2024-12-03 18:00:00,0.0
2024-12-03 19:00:00,0.0
2024-12-03 20:00:00,0.0
2024-12-03 21:00:00,0.0
2024-12-03 22:00:00,0.0
2024-12-03 23:00:00,0.0
2024-12-04 00:00:00,0.0
2024-12-04 01:00:00,0.0
2024-12-04 02:00:00,0.0
2024-12-04 03:00:00,0.0
2024-12-04 04:00:00,0.0
2024-12-04 05:00:00,0.0
2024-12-04 06:00:00,0.0
2024-12-04 07:00:00,67.21
2024-12-04 08:00:00,114.87
2024-12-04 09:00:00,165.58
2024-12-04 10:00:00,174.79
2024-12-04 11:00:00,189.53
2024-12-04 12:00:00,202.2
2024-12-04 13:00:00,188.05
2024-12-04 14:00:00,174.5
2024-12-04 15:00:00,134.83
2024-12-04 16:00:00,75.93
2024-12-04 17:00:00,11.05
2024-12-04 18:00:00,0.0
2024-12-04 19:00:00,0.0
2024-12-04 20:00:00,0.0
2024-12-04 21:00:00,0.0
2024-12-04 22:00:00,0.0
2024-12-04 23:00:00,0.0
2024-12-05 00:00:00,0.0
2024-12-05 01:00:00,0.0
2024-12-05 02:00:00,0.0
2024-12-05 03:00:00,0.0
2024-12-05 04:00:00,0.0
2024-12-05 05:00:00,0.0
2024-12-05 06:00:00,0.0
2024-12-05 07:00:00,62.02
2024-12-05 08:00:00,121.48
2024-12-05 09:00:00,179.25
2024-12-05 10:00:00,196.08
2024-12-05 11:00:00,206.19
2024-12-05 12:00:00,244.74
2024-12-05 13:00:00,227.33
2024-12-05 14:00:00,204.05
2024-12-05 15:00:00,157.43
2024-12-05 16:00:00,81.11
2024-12-05 17:00:00,10.67
2024-12-05 18:00:00,0.0
2024-12-05 19:00:00,0.0
2024-12-05 20:00:00,0.0
2024-12-05 21:00:00,0.0
2024-12-05 22:00:00,0.0
2024-12-05 23:00:00,0.0
2024-12-06 00:00:00,0.0
2024-12-06 01:00:00,0.0
2024-12-06 02:00:00,0.0
2024-12-06 03:00:00,0.0
2024-12-06 04:00:00,0.0
2024-12-06 05:00:00,0.0
2024-12-06 06:00:00,0.0
2024-12-06 07:00:00,60.7
2024-12-06 08:00:00,141.92
2024-12-06 09:00:00,212.32
2024-12-06 10:00:00,246.34
2024-12-06 11:00:00,252.17
2024-12-06 12:00:00,260.92
2024-12-06 13:00:00,240.07
2024-12-06 14:00:00,205.32
2024-12-06 15:00:00,138.08
2024-12-06 16:00:00,66.47
2024-12-06 17:00:00,9.0
2024-12-06 18:00:00,0.0
2024-12-06 19:00:00,0.0
2024-12-06 20:00:00,0.0
2024-12-06 21:00:00,0.0
2024-12-06 22:00:00,0.0
2024-12-06 23:00:00,0.0
2024-12-07 00:00:00,0.0
2024-12-07 01:00:00,0.0
2024-12-07 02:00:00,0.0
2024-12-07 03:00:00,0.0
2024-12-07 04:00:00,0.0
2024-12-07 05:00:00,0.0
2024-12-07 06:00:00,0.0
2024-12-07 07:00:00,50.1
2024-12-07 08:00:00,129.23
2024-12-07 09:00:00,171.7
2024-12-07 10:00:00,238.6
2024-12-07 11:00:00,277.27
2024-12-07 12:00:00,273.85
2024-12-07 13:00:00,222.13
2024-12-07 14:00:00,192.79
2024-12-07 15:00:00,126.14
2024-12-07 16:00:00,63.9
2024-12-07 17:00:00,9.2
2024-12-07 18:00:00,0.0
2024-12-07 19:00:00,0.0
2024-12-07 20:00:00,0.0
2024-12-07 21:00:00,0.0
2024-12-07 22:00:00,0.0
2024-12-07 23:00:00,0.0
2024-12-08 00:00:00,0.0
2024-12-08 01:00:00,0.0
2024-12-08 02:00:00,0.0
2024-12-08 03:00:00,0.0
2024-12-08 04:00:00,0.0
2024-12-08 05:00:00,0.0
2024-12-08 06:00:00,0.0
2024-12-08 07:00:00,31.26
2024-12-08 08:00:00,84.79
2024-12-08 09:00:00,123.27
2024-12-08 10:00:00,165.6
2024-12-08 11:00:00,151.25
2024-12-08 12:00:00,185.96
2024-12-08 13:00:00,158.16
2024-12-08 14:00:00,193.21
2024-12-08 15:00:00,115.01
2024-12-08 16:00:00,63.65
2024-12-08 17:00:00,10.22
2024-12-08 18:00:00,0.0
2024-12-08 19:00:00,0.0
2024-12-08 20:00:00,0.0
2024-12-08 21:00:00,0.0
2024-12-08 22:00:00,0.0
2024-12-08 23:00:00,0.0
2024-12-09 00:00:00,0.0
2024-12-09 01:00:00,0.0
2024-12-09 02:00:00,0.0
2024-12-09 03:00:00,0.0
2024-12-09 04:00:00,0.0
2024-12-09 05:00:00,0.0
2024-12-09 06:00:00,0.0
2024-12-09 07:00:00,40.19
2024-12-09 08:00:00,90.99
2024-12-09 09:00:00,155.98
2024-12-09 10:00:00,206.23
2024-12-09 11:00:00,263.3
2024-12-09 12:00:00,314.08
2024-12-09 13:00:00,277.78
2024-12-09 14:00:00,225.22
2024-12-09 15:00:00,159.03
2024-12-09 16:00:00,77.5
2024-12-09 17:00:00,11.56
2024-12-09 18:00:00,0.0
2024-12-09 19:00:00,0.0
2024-12-09 20:00:00,0.0
2024-12-09 21:00:00,0.0
2024-12-09 22:00:00,0.0
2024-12-09 23:00:00,0.0
2024-12-10 00:00:00,0.0
2024-12-10 01:00:00,0.0
2024-12-10 02:00:00,0.0
2024-12-10 03:00:00,0.0
2024-12-10 04:00:00,0.0
2024-12-10 05:00:00,0.0
2024-12-10 06:00:00,0.0
2024-12-10 07:00:00,38.03
2024-12-10 08:00:00,96.18
2024-12-10 09:00:00,205.56
2024-12-10 10:00:00,237.69
2024-12-10 11:00:00,302.68
2024-12-10 12:00:00,226.86
2024-12-10 13:00:00,226.82
2024-12-10 14:00:00,180.87
2024-12-10 15:00:00,164.65
2024-12-10 16:00:00,71.61
2024-12-10 17:00:00,10.13
2024-12-10 18:00:00,0.0
2024-12-10 19:00:00,0.0
2024-12-10 20:00:00,0.0
2024-12-10 21:00:00,0.0
2024-12-10 22:00:00,0.0
2024-12-10 23:00:00,0.0
2024-12-11 00:00:00,0.0
2024-12-11 01:00:00,0.0
2024-12-11 02:00:00,0.0
2024-12-11 03:00:00,0.0
2024-12-11 04:00:00,0.0
2024-12-11 05:00:00,0.0
2024-12-11 06:00:00,0.0
2024-12-11 07:00:00,57.49
2024-12-11 08:00:00,161.72
2024-12-11 09:00:00,254.52
2024-12-11 10:00:00,285.44
2024-12-11 11:00:00,299.97
2024-12-11 12:00:00,293.31
2024-12-11 13:00:00,236.52
2024-12-11 14:00:00,226.4
2024-12-11 15:00:00,174.5
2024-12-11 16:00:00,85.78
2024-12-11 17:00:00,13.02
2024-12-11 18:00:00,0.0
2024-12-11 19:00:00,0.0
2024-12-11 20:00:00,0.0
2024-12-11 21:00:00,0.0
2024-12-11 22:00:00,0.0
2024-12-11 23:00:00,0.0
2024-12-12 00:00:00,0.0
2024-12-12 01:00:00,0.0
2024-12-12 02:00:00,0.0
2024-12-12 03:00:00,0.0
2024-12-12 04:00:00,0.0
2024-12-12 05:00:00,0.0
2024-12-12 06:00:00,0.0
2024-12-12 07:00:00,55.37
2024-12-12 08:00:00,144.14
2024-12-12 09:00:00,188.22
2024-12-12 10:00:00,231.74
2024-12-12 11:00:00,237.58
2024-12-12 12:00:00,225.6
2024-12-12 13:00:00,185.42
2024-12-12 14:00:00,173.35
2024-12-12 15:00:00,137.5
2024-12-12 16:00:00,77.35
2024-12-12 17:00:00,13.58
2024-12-12 18:00:00,0.0
2024-12-12 19:00:00,0.0
2024-12-12 20:00:00,0.0
2024-12-12 21:00:00,0.0
2024-12-12 22:00:00,0.0
2024-12-12 23:00:00,0.0
2024-12-13 00:00:00,0.0
2024-12-13 01:00:00,0.0
2024-12-13 02:00:00,0.0
2024-12-13 03:00:00,0.0
2024-12-13 04:00:00,0.0
2024-12-13 05:00:00,0.0
2024-12-13 06:00:00,0.0
2024-12-13 07:00:00,53.73
2024-12-13 08:00:00,118.02
2024-12-13 09:00:00,173.09
2024-12-13 10:00:00,188.47
2024-12-13 11:00:00,180.93
2024-12-13 12:00:00,198.23
2024-12-13 13:00:00,177.2
2024-12-13 14:00:00,175.26
2024-12-13 15:00:00,138.25
2024-12-13 16:00:00,79.34
2024-12-13 17:00:00,14.26
2024-12-13 18:00:00,0.0
2024-12-13 19:00:00,0.0
2024-12-13 20:00:00,0.0
2024-12-13 21:00:00,0.0
2024-12-13 22:00:00,0.0
2024-12-13 23:00:00,0.0
2024-12-14 00:00:00,0.0
2024-12-14 01:00:00,0.0
2024-12-14 02:00:00,0.0
2024-12-14 03:00:00,0.0
2024-12-14 04:00:00,0.0
2024-12-14 05:00:00,0.0
2024-12-14 06:00:00,0.0
2024-12-14 07:00:00,59.22
2024-12-14 08:00:00,128.73
2024-12-14 09:00:00,169.2
2024-12-14 10:00:00,184.97
2024-12-14 11:00:00,186.57
2024-12-14 12:00:00,201.32
2024-12-14 13:00:00,180.84
2024-12-14 14:00:00,175.64
2024-12-14 15:00:00,138.07
2024-12-14 16:00:00,78.87
2024-12-14 17:00:00,15.88
2024-12-14 18:00:00,0.0
2024-12-14 19:00:00,0.0
2024-12-14 20:00:00,0.0
2024-12-14 21:00:00,0.0
2024-12-14 22:00:00,0.0
2024-12-14 23:00:00,0.0
2024-12-15 00:00:00,0.0
2024-12-15 01:00:00,0.0
2024-12-15 02:00:00,0.0
2024-12-15 03:00:00,0.0
2024-12-15 04:00:00,0.0
2024-12-15 05:00:00,0.0
2024-12-15 06:00:00,0.0
2024-12-15 07:00:00,58.08
2024-12-15 08:00:00,127.52
2024-12-15 09:00:00,163.92
2024-12-15 10:00:00,181.52
2024-12-15 11:00:00,184.41
2024-12-15 12:00:00,161.67
2024-12-15 13:00:00,150.7
2024-12-15 14:00:00,175.09
2024-12-15 15:00:00,147.24
2024-12-15 16:00:00,88.39
2024-12-15 17:00:00,17.82
2024-12-15 18:00:00,0.0
2024-12-15 19:00:00,0.0
2024-12-15 20:00:00,0.0
2024-12-15 21:00:00,0.0
2024-12-15 22:00:00,0.0
2024-12-15 23:00:00,0.0
2024-12-16 00:00:00,0.0
2024-12-16 01:00:00,0.0
2024-12-16 02:00:00,0.0
2024-12-16 03:00:00,0.0
2024-12-16 04:00:00,0.0
2024-12-16 05:00:00,0.0
2024-12-16 06:00:00,0.0
2024-12-16 07:00:00,59.41
2024-12-16 08:00:00,117.51
2024-12-16 09:00:00,137.49
2024-12-16 10:00:00,148.22
2024-12-16 11:00:00,150.8
2024-12-16 12:00:00,195.16
2024-12-16 13:00:00,167.52
2024-12-16 14:00:00,164.87
2024-12-16 15:00:00,147.54
2024-12-16 16:00:00,86.71
2024-12-16 17:00:00,15.85
2024-12-16 18:00:00,0.0
2024-12-16 19:00:00,0.0
2024-12-16 20:00:00,0.0
2024-12-16 21:00:00,0.0
2024-12-16 22:00:00,0.0
2024-12-16 23:00:00,0.0
2024-12-17 00:00:00,0.0
2024-12-17 01:00:00,0.0
2024-12-17 02:00:00,0.0
2024-12-17 03:00:00,0.0
2024-12-17 04:00:00,0.0
2024-12-17 05:00:00,0.0
2024-12-17 06:00:00,0.0
2024-12-17 07:00:00,57.0
2024-12-17 08:00:00,145.47
2024-12-17 09:00:00,172.58
2024-12-17 10:00:00,233.11
2024-12-17 11:00:00,295.93
2024-12-17 12:00:00,333.48
2024-12-17 13:00:00,355.3
2024-12-17 14:00:00,297.73
2024-12-17 15:00:00,220.2
2024-12-17 16:00:00,113.1
2024-12-17 17:00:00,17.52
2024-12-17 18:00:00,0.0
2024-12-17 19:00:00,0.0
2024-12-17 20:00:00,0.0
2024-12-17 21:00:00,0.0
2024-12-17 22:00:00,0.0
2024-12-17 23:00:00,0.0
2024-12-18 00:00:00,0.0
2024-12-18 01:00:00,0.0
2024-12-18 02:00:00,0.0
2024-12-18 03:00:00,0.0
2024-12-18 04:00:00,0.0
2024-12-18 05:00:00,0.0
2024-12-18 06:00:00,0.0
2024-12-18 07:00:00,47.41
2024-12-18 08:00:00,113.12
2024-12-18 09:00:00,204.5
2024-12-18 10:00:00,179.56
2024-12-18 11:00:00,276.71
2024-12-18 12:00:00,234.3
2024-12-18 13:00:00,229.27
2024-12-18 14:00:00,255.35
2024-12-18 15:00:00,215.66
2024-12-18 16:00:00,101.59
2024-12-18 17:00:00,16.01
2024-12-18 18:00:00,0.0
2024-12-18 19:00:00,0.0
2024-12-18 20:00:00,0.0
2024-12-18 21:00:00,0.0
2024-12-18 22:00:00,0.0
2024-12-18 23:00:00,0.0
2024-12-19 00:00:00,0.0
2024-12-19 01:00:00,0.0
2024-12-19 02:00:00,0.0
2024-12-19 03:00:00,0.0
2024-12-19 04:00:00,0.0
2024-12-19 05:00:00,0.0
2024-12-19 06:00:00,0.0
2024-12-19 07:00:00,29.46
2024-12-19 08:00:00,91.92
2024-12-19 09:00:00,143.27
2024-12-19 10:00:00,204.9
2024-12-19 11:00:00,229.32
2024-12-19 12:00:00,249.68
2024-12-19 13:00:00,185.75
2024-12-19 14:00:00,276.26
2024-12-19 15:00:00,178.87
2024-12-19 16:00:00,88.81
2024-12-19 17:00:00,13.12
2024-12-19 18:00:00,0.0
2024-12-19 19:00:00,0.0
2024-12-19 20:00:00,0.0
2024-12-19 21:00:00,0.0
2024-12-19 22:00:00,0.0
2024-12-19 23:00:00,0.0
2024-12-20 00:00:00,0.0
2024-12-20 01:00:00,0.0
2024-12-20 02:00:00,0.0
2024-12-20 03:00:00,0.0
2024-12-20 04:00:00,0.0
2024-12-20 05:00:00,0.0
2024-12-20 06:00:00,0.0
2024-12-20 07:00:00,17.3
2024-12-20 08:00:00,63.5
2024-12-20 09:00:00,101.03
2024-12-20 10:00:00,187.82
2024-12-20 11:00:00,229.46
2024-12-20 12:00:00,192.31
2024-12-20 13:00:00,153.22
2024-12-20 14:00:00,108.1
2024-12-20 15:00:00,85.59
2024-12-20 16:00:00,42.75
2024-12-20 17:00:00,7.64
2024-12-20 18:00:00,0.0
2024-12-20 19:00:00,0.0
2024-12-20 20:00:00,0.0
2024-12-20 21:00:00,0.0
2024-12-20 22:00:00,0.0
2024-12-20 23:00:00,0.0
2024-12-21 00:00:00,0.0
2024-12-21 01:00:00,0.0
2024-12-21 02:00:00,0.0
2024-12-21 03:00:00,0.0
2024-12-21 04:00:00,0.0
2024-12-21 05:00:00,0.0
2024-12-21 06:00:00,0.0
2024-12-21 07:00:00,28.88
2024-12-21 08:00:00,71.17
2024-12-21 09:00:00,112.11
2024-12-21 10:00:00,174.91
2024-12-21 11:00:00,198.49
2024-12-21 12:00:00,213.94
2024-12-21 13:00:00,177.4
2024-12-21 14:00:00,105.98
2024-12-21 15:00:00,80.42
2024-12-21 16:00:00,42.96
2024-12-21 17:00:00,10.45
2024-12-21 18:00:00,0.0
2024-12-21 19:00:00,0.0
2024-12-21 20:00:00,0.0
2024-12-21 21:00:00,0.0
2024-12-21 22:00:00,0.0
2024-12-21 23:00:00,0.0
2024-12-22 00:00:00,0.0
2024-12-22 01:00:00,0.0
2024-12-22 02:00:00,0.0
2024-12-22 03:00:00,0.0
2024-12-22 04:00:00,0.0
2024-12-22 05:00:00,0.0
2024-12-22 06:00:00,0.0
2024-12-22 07:00:00,50.67
2024-12-22 08:00:00,123.25
2024-12-22 09:00:00,190.96
2024-12-22 10:00:00,224.28
2024-12-22 11:00:00,255.5
2024-12-22 12:00:00,300.49
2024-12-22 13:00:00,167.61
2024-12-22 14:00:00,271.37
2024-12-22 15:00:00,131.67
2024-12-22 16:00:00,77.44
2024-12-22 17:00:00,17.93
2024-12-22 18:00:00,0.0
2024-12-22 19:00:00,0.0
2024-12-22 20:00:00,0.0
2024-12-22 21:00:00,0.0
2024-12-22 22:00:00,0.0
2024-12-22 23:00:00,0.0
2024-12-23 00:00:00,0.0
2024-12-23 01:00:00,0.0
2024-12-23 02:00:00,0.0
2024-12-23 03:00:00,0.0
2024-12-23 04:00:00,0.0
2024-12-23 05:00:00,0.0
2024-12-23 06:00:00,0.0
2024-12-23 07:00:00,46.61
2024-12-23 08:00:00,103.47
2024-12-23 09:00:00,147.31
2024-12-23 10:00:00,238.89
2024-12-23 11:00:00,289.29
2024-12-23 12:00:00,268.63
2024-12-23 13:00:00,188.39
2024-12-23 14:00:00,225.72
2024-12-23 15:00:00,172.67
2024-12-23 16:00:00,96.1
2024-12-23 17:00:00,12.08
2024-12-23 18:00:00,0.0
2024-12-23 19:00:00,0.0
2024-12-23 20:00:00,0.0
2024-12-23 21:00:00,0.0
2024-12-23 22:00:00,0.0
2024-12-23 23:00:00,0.0
2024-12-24 00:00:00,0.0
2024-12-24 01:00:00,0.0
2024-12-24 02:00:00,0.0
2024-12-24 03:00:00,0.0
2024-12-24 04:00:00,0.0
2024-12-24 05:00:00,0.0
2024-12-24 06:00:00,0.0
2024-12-24 07:00:00,26.92
2024-12-24 08:00:00,86.28
2024-12-24 09:00:00,152.64
2024-12-24 10:00:00,178.34
2024-12-24 11:00:00,172.82
2024-12-24 12:00:00,190.74
2024-12-24 13:00:00,157.63
2024-12-24 14:00:00,67.72
2024-12-24 15:00:00,53.81
2024-12-24 16:00:00,27.01
2024-12-24 17:00:00,5.29
2024-12-24 18:00:00,0.0
2024-12-24 19:00:00,0.0
2024-12-24 20:00:00,0.0
2024-12-24 21:00:00,0.0
2024-12-24 22:00:00,0.0
2024-12-24 23:00:00,0.0
2024-12-25 00:00:00,0.0
2024-12-25 01:00:00,0.0
2024-12-25 02:00:00,0.0
2024-12-25 03:00:00,0.0
2024-12-25 04:00:00,0.0
2024-12-25 05:00:00,0.0
2024-12-25 06:00:00,0.0
2024-12-25 07:00:00,14.53
2024-12-25 08:00:00,67.27
2024-12-25 09:00:00,101.92
2024-12-25 10:00:00,73.06
2024-12-25 11:00:00,212.53
2024-12-25 12:00:00,171.46
2024-12-25 13:00:00,126.88
2024-12-25 14:00:00,117.79
2024-12-25 15:00:00,116.95
2024-12-25 16:00:00,57.08
2024-12-25 17:00:00,7.96
2024-12-25 18:00:00,0.0
2024-12-25 19:00:00,0.0
2024-12-25 20:00:00,0.0
2024-12-25 21:00:00,0.0
2024-12-25 22:00:00,0.0
2024-12-25 23:00:00,0.0
2024-12-26 00:00:00,0.0
2024-12-26 01:00:00,0.0
2024-12-26 02:00:00,0.0
2024-12-26 03:00:00,0.0
2024-12-26 04:00:00,0.0
2024-12-26 05:00:00,0.0
2024-12-26 06:00:00,0.0
2024-12-26 07:00:00,35.25
2024-12-26 08:00:00,101.88
2024-12-26 09:00:00,136.39
2024-12-26 10:00:00,210.92
2024-12-26 11:00:00,231.44
2024-12-26 12:00:00,249.76
2024-12-26 13:00:00,255.34
2024-12-26 14:00:00,188.0
2024-12-26 15:00:00,159.98
2024-12-26 16:00:00,94.07
2024-12-26 17:00:00,17.35
2024-12-26 18:00:00,0.0
2024-12-26 19:00:00,0.0
2024-12-26 20:00:00,0.0
2024-12-26 21:00:00,0.0
2024-12-26 22:00:00,0.0
2024-12-26 23:00:00,0.0
2024-12-27 00:00:00,0.0
2024-12-27 01:00:00,0.0
2024-12-27 02:00:00,0.0
2024-12-27 03:00:00,0.0
2024-12-27 04:00:00,0.0
2024-12-27 05:00:00,0.0
2024-12-27 06:00:00,0.0
2024-12-27 07:00:00,39.42
2024-12-27 08:00:00,117.9
2024-12-27 09:00:00,175.73
2024-12-27 10:00:00,217.42
2024-12-27 11:00:00,228.42
2024-12-27 12:00:00,190.27
2024-12-27 13:00:00,176.4
2024-12-27 14:00:00,158.49
2024-12-27 15:00:00,137.94
2024-12-27 16:00:00,82.24
2024-12-27 17:00:00,18.98
2024-12-27 18:00:00,0.0
2024-12-27 19:00:00,0.0
2024-12-27 20:00:00,0.0
2024-12-27 21:00:00,0.0
2024-12-27 22:00:00,0.0
2024-12-27 23:00:00,0.0
2024-12-28 00:00:00,0.0
2024-12-28 01:00:00,0.0
2024-12-28 02:00:00,0.0
2024-12-28 03:00:00,0.0
2024-12-28 04:00:00,0.0
2024-12-28 05:00:00,0.0
2024-12-28 06:00:00,0.0
2024-12-28 07:00:00,41.18
2024-12-28 08:00:00,109.03
2024-12-28 09:00:00,149.3
2024-12-28 10:00:00,177.62
2024-12-28 11:00:00,176.7
2024-12-28 12:00:00,200.59
2024-12-28 13:00:00,180.66
2024-12-28 14:00:00,173.29
2024-12-28 15:00:00,147.68
2024-12-28 16:00:00,84.52
2024-12-28 17:00:00,19.06
2024-12-28 18:00:00,0.0
2024-12-28 19:00:00,0.0
2024-12-28 20:00:00,0.0
2024-12-28 21:00:00,0.0
2024-12-28 22:00:00,0.0
2024-12-28 23:00:00,0.0
2024-12-29 00:00:00,0.0
2024-12-29 01:00:00,0.0
2024-12-29 02:00:00,0.0
2024-12-29 03:00:00,0.0
2024-12-29 04:00:00,0.0
2024-12-29 05:00:00,0.0
2024-12-29 06:00:00,0.0
2024-12-29 07:00:00,40.95
2024-12-29 08:00:00,107.41
2024-12-29 09:00:00,160.74
2024-12-29 10:00:00,181.08
2024-12-29 11:00:00,200.62
2024-12-29 12:00:00,242.22
2024-12-29 13:00:00,224.18
2024-12-29 14:00:00,197.58
2024-12-29 15:00:00,160.1
2024-12-29 16:00:00,83.85
2024-12-29 17:00:00,16.58
2024-12-29 18:00:00,0.0
2024-12-29 19:00:00,0.0
2024-12-29 20:00:00,0.0
2024-12-29 21:00:00,0.0
2024-12-29 22:00:00,0.0
2024-12-29 23:00:00,0.0
2024-12-30 00:00:00,0.0
2024-12-30 01:00:00,0.0
2024-12-30 02:00:00,0.0
2024-12-30 03:00:00,0.0
2024-12-30 04:00:00,0.0
2024-12-30 05:00:00,0.0
2024-12-30 06:00:00,0.0
2024-12-30 07:00:00,38.37
2024-12-30 08:00:00,118.13
2024-12-30 09:00:00,180.21
2024-12-30 10:00:00,220.34
2024-12-30 11:00:00,240.11
2024-12-30 12:00:00,273.8
2024-12-30 13:00:00,254.23
2024-12-30 14:00:00,223.23
2024-12-30 15:00:00,165.87
2024-12-30 16:00:00,91.48
2024-12-30 17:00:00,17.19
2024-12-30 18:00:00,0.0
2024-12-30 19:00:00,0.0
2024-12-30 20:00:00,0.0
2024-12-30 21:00:00,0.0
2024-12-30 22:00:00,0.0
2024-12-30 23:00:00,0.0
2024-12-31 00:00:00,0.0
2024-12-31 01:00:00,0.0
2024-12-31 02:00:00,0.0
2024-12-31 03:00:00,0.0
2024-12-31 04:00:00,0.0
2024-12-31 05:00:00,0.0
2024-12-31 06:00:00,0.0
2024-12-31 07:00:00,38.46
2024-12-31 08:00:00,113.19
2024-12-31 09:00:00,167.77
2024-12-31 10:00:00,163.8
2024-12-31 11:00:00,215.74
2024-12-31 12:00:00,290.68
2024-12-31 13:00:00,254.21
2024-12-31 14:00:00,229.52
2024-12-31 15:00:00,172.48
2024-12-31 16:00:00,99.23
2024-12-31 17:00:00,20.1
2024-12-31 18:00:00,0.0
2024-12-31 19:00:00,0.0
2024-12-31 20:00:00,0.0
2024-12-31 21:00:00,0.0
2024-12-31 22:00:00,0.0
2024-12-31 23:00:00,0.0
2025-01-01 00:00:00,0.0
2025-01-01 01:00:00,0.0
2025-01-01 02:00:00,0.0
2025-01-01 03:00:00,0.0
2025-01-01 04:00:00,0.0
2025-01-01 05:00:00,0.0
2025-01-01 06:00:00,0.0
2025-01-01 07:00:00,39.46
2025-01-01 08:00:00,135.61
2025-01-01 09:00:00,208.49
2025-01-01 10:00:00,213.83
2025-01-01 11:00:00,274.25
2025-01-01 12:00:00,258.13
2025-01-01 13:00:00,256.41
2025-01-01 14:00:00,227.37
2025-01-01 15:00:00,170.63
2025-01-01 16:00:00,94.61
2025-01-01 17:00:00,19.65
2025-01-01 18:00:00,0.0
2025-01-01 19:00:00,0.0
2025-01-01 20:00:00,0.0
2025-01-01 21:00:00,0.0
2025-01-01 22:00:00,0.0
2025-01-01 23:00:00,0.0
2025-01-02 00:00:00,0.0
2025-01-02 01:00:00,0.0
2025-01-02 02:00:00,0.0
2025-01-02 03:00:00,0.0
2025-01-02 04:00:00,0.0
2025-01-02 05:00:00,0.0
2025-01-02 06:00:00,0.0
2025-01-02 07:00:00,39.0
2025-01-02 08:00:00,132.75
2025-01-02 09:00:00,180.41
2025-01-02 10:00:00,216.01
2025-01-02 11:00:00,232.86
2025-01-02 12:00:00,238.47
2025-01-02 13:00:00,229.81
2025-01-02 14:00:00,216.12
2025-01-02 15:00:00,171.54
2025-01-02 16:00:00,106.61
2025-01-02 17:00:00,23.7
2025-01-02 18:00:00,0.0
2025-01-02 19:00:00,0.0
2025-01-02 20:00:00,0.0
2025-01-02 21:00:00,0.0
2025-01-02 22:00:00,0.0
2025-01-02 23:00:00,0.0
2025-01-03 00:00:00,0.0
2025-01-03 01:00:00,0.0
2025-01-03 02:00:00,0.0
2025-01-03 03:00:00,0.0
2025-01-03 04:00:00,0.0
2025-01-03 05:00:00,0.0
2025-01-03 06:00:00,0.0
2025-01-03 07:00:00,38.79
2025-01-03 08:00:00,125.16
2025-01-03 09:00:00,195.21
2025-01-03 10:00:00,230.87
2025-01-03 11:00:00,244.7
2025-01-03 12:00:00,264.25
2025-01-03 13:00:00,245.45
2025-01-03 14:00:00,204.04
2025-01-03 15:00:00,181.91
2025-01-03 16:00:00,96.4
2025-01-03 17:00:00,22.07
2025-01-03 18:00:00,0.0
2025-01-03 19:00:00,0.0
2025-01-03 20:00:00,0.0
2025-01-03 21:00:00,0.0
2025-01-03 22:00:00,0.0
2025-01-03 23:00:00,0.0
2025-01-04 00:00:00,0.0
2025-01-04 01:00:00,0.0
2025-01-04 02:00:00,0.0
2025-01-04 03:00:00,0.0
2025-01-04 04:00:00,0.0
2025-01-04 05:00:00,0.0
2025-01-04 06:00:00,0.0
2025-01-04 07:00:00,38.1
2025-01-04 08:00:00,127.53
2025-01-04 09:00:00,182.55
2025-01-04 10:00:00,232.27
2025-01-04 11:00:00,245.57
2025-01-04 12:00:00,254.82
2025-01-04 13:00:00,247.44
2025-01-04 14:00:00,219.86
2025-01-04 15:00:00,165.0
2025-01-04 16:00:00,94.41
2025-01-04 17:00:00,20.23
2025-01-04 18:00:00,0.0
2025-01-04 19:00:00,0.0
2025-01-04 20:00:00,0.0
2025-01-04 21:00:00,0.0
2025-01-04 22:00:00,0.0
2025-01-04 23:00:00,0.0
2025-01-05 00:00:00,0.0
2025-01-05 01:00:00,0.0
2025-01-05 02:00:00,0.0
2025-01-05 03:00:00,0.0
2025-01-05 04:00:00,0.0
2025-01-05 05:00:00,0.0
2025-01-05 06:00:00,0.0
2025-01-05 07:00:00,36.21
2025-01-05 08:00:00,118.72
2025-01-05 09:00:00,189.12
2025-01-05 10:00:00,234.18
2025-01-05 11:00:00,264.57
2025-01-05 12:00:00,257.01
2025-01-05 13:00:00,248.43
2025-01-05 14:00:00,219.27
2025-01-05 15:00:00,164.25
2025-01-05 16:00:00,95.53
2025-01-05 17:00:00,22.33
2025-01-05 18:00:00,0.0
2025-01-05 19:00:00,0.0
2025-01-05 20:00:00,0.0
2025-01-05 21:00:00,0.0
2025-01-05 22:00:00,0.0
2025-01-05 23:00:00,0.0
2025-01-06 00:00:00,0.0
2025-01-06 01:00:00,0.0
2025-01-06 02:00:00,0.0
2025-01-06 03:00:00,0.0
2025-01-06 04:00:00,0.0
2025-01-06 05:00:00,0.0
2025-01-06 06:00:00,0.0
2025-01-06 07:00:00,38.03
2025-01-06 08:00:00,123.85
2025-01-06 09:00:00,199.45
2025-01-06 10:00:00,239.71
2025-01-06 11:00:00,263.04
2025-01-06 12:00:00,296.42
2025-01-06 13:00:00,256.25
2025-01-06 14:00:00,217.66
2025-01-06 15:00:00,172.77
2025-01-06 16:00:00,91.99
2025-01-06 17:00:00,20.95
2025-01-06 18:00:00,0.0
2025-01-06 19:00:00,0.0
2025-01-06 20:00:00,0.0
2025-01-06 21:00:00,0.0
2025-01-06 22:00:00,0.0
2025-01-06 23:00:00,0.0
2025-01-07 00:00:00,0.0
2025-01-07 01:00:00,0.0
2025-01-07 02:00:00,0.0
2025-01-07 03:00:00,0.0
2025-01-07 04:00:00,0.0
2025-01-07 05:00:00,0.0
2025-01-07 06:00:00,0.0
2025-01-07 07:00:00,35.88
2025-01-07 08:00:00,126.26
2025-01-07 09:00:00,194.3
2025-01-07 10:00:00,233.09
2025-01-07 11:00:00,247.15
2025-01-07 12:00:00,264.18
2025-01-07 13:00:00,239.56
2025-01-07 14:00:00,209.44
2025-01-07 15:00:00,163.86
2025-01-07 16:00:00,96.75
2025-01-07 17:00:00,20.42
2025-01-07 18:00:00,0.0
2025-01-07 19:00:00,0.0
2025-01-07 20:00:00,0.0
2025-01-07 21:00:00,0.0
2025-01-07 22:00:00,0.0
2025-01-07 23:00:00,0.0
2025-01-08 00:00:00,0.0
2025-01-08 01:00:00,0.0
2025-01-08 02:00:00,0.0
2025-01-08 03:00:00,0.0
2025-01-08 04:00:00,0.0
2025-01-08 05:00:00,0.0
2025-01-08 06:00:00,0.0
2025-01-08 07:00:00,34.0
2025-01-08 08:00:00,114.54
2025-01-08 09:00:00,176.54
2025-01-08 10:00:00,224.07
2025-01-08 11:00:00,247.78
2025-01-08 12:00:00,243.64
2025-01-08 13:00:00,228.74
2025-01-08 14:00:00,214.17
2025-01-08 15:00:00,161.99
2025-01-08 16:00:00,99.37
2025-01-08 17:00:00,23.17
2025-01-08 18:00:00,0.0
2025-01-08 19:00:00,0.0
2025-01-08 20:00:00,0.0
2025-01-08 21:00:00,0.0
2025-01-08 22:00:00,0.0
2025-01-08 23:00:00,0.0
2025-01-09 00:00:00,0.0
2025-01-09 01:00:00,0.0
2025-01-09 02:00:00,0.0
2025-01-09 03:00:00,0.0
2025-01-09 04:00:00,0.0
2025-01-09 05:00:00,0.0
2025-01-09 06:00:00,0.0
2025-01-09 07:00:00,36.93
2025-01-09 08:00:00,124.88
2025-01-09 09:00:00,187.2
2025-01-09 10:00:00,236.47
2025-01-09 11:00:00,262.57
2025-01-09 12:00:00,271.24
2025-01-09 13:00:00,237.56
2025-01-09 14:00:00,216.28
2025-01-09 15:00:00,160.68
2025-01-09 16:00:00,106.45
2025-01-09 17:00:00,24.97
2025-01-09 18:00:00,0.0
2025-01-09 19:00:00,0.0
2025-01-09 20:00:00,0.0
2025-01-09 21:00:00,0.0
2025-01-09 22:00:00,0.0
2025-01-09 23:00:00,0.0
2025-01-10 00:00:00,0.0
2025-01-10 01:00:00,0.0
2025-01-10 02:00:00,0.0
2025-01-10 03:00:00,0.0
2025-01-10 04:00:00,0.0
2025-01-10 05:00:00,0.0
2025-01-10 06:00:00,0.0
2025-01-10 07:00:00,39.76
2025-01-10 08:00:00,137.28
2025-01-10 09:00:00,184.5
2025-01-10 10:00:00,225.07
2025-01-10 11:00:00,258.58
2025-01-10 12:00:00,286.74
2025-01-10 13:00:00,259.22
2025-01-10 14:00:00,228.05
2025-01-10 15:00:00,181.38
2025-01-10 16:00:00,109.55
2025-01-10 17:00:00,24.36
2025-01-10 18:00:00,0.0
2025-01-10 19:00:00,0.0
2025-01-10 20:00:00,0.0
2025-01-10 21:00:00,0.0
2025-01-10 22:00:00,0.0
2025-01-10 23:00:00,0.0
2025-01-11 00:00:00,0.0
2025-01-11 01:00:00,0.0
2025-01-11 02:00:00,0.0
2025-01-11 03:00:00,0.0
2025-01-11 04:00:00,0.0
2025-01-11 05:00:00,0.0
2025-01-11 06:00:00,0.0
2025-01-11 07:00:00,34.38
2025-01-11 08:00:00,126.78
2025-01-11 09:00:00,172.45
2025-01-11 10:00:00,233.96
2025-01-11 11:00:00,243.09
2025-01-11 12:00:00,253.19
2025-01-11 13:00:00,240.88
2025-01-11 14:00:00,208.25
2025-01-11 15:00:00,167.86
2025-01-11 16:00:00,105.99
2025-01-11 17:00:00,27.31
2025-01-11 18:00:00,0.0
2025-01-11 19:00:00,0.0
2025-01-11 20:00:00,0.0
2025-01-11 21:00:00,0.0
2025-01-11 22:00:00,0.0
2025-01-11 23:00:00,0.0
2025-01-12 00:00:00,0.0
2025-01-12 01:00:00,0.0
2025-01-12 02:00:00,0.0
2025-01-12 03:00:00,0.0
2025-01-12 04:00:00,0.0
2025-01-12 05:00:00,0.0
2025-01-12 06:00:00,0.0
2025-01-12 07:00:00,40.65
2025-01-12 08:00:00,116.41
2025-01-12 09:00:00,180.91
2025-01-12 10:00:00,228.49
2025-01-12 11:00:00,251.83
2025-01-12 12:00:00,313.04
2025-01-12 13:00:00,245.75
2025-01-12 14:00:00,224.29
2025-01-12 15:00:00,187.31
2025-01-12 16:00:00,120.46
2025-01-12 17:00:00,34.61
2025-01-12 18:00:00,0.0
2025-01-12 19:00:00,0.0
2025-01-12 20:00:00,0.0
2025-01-12 21:00:00,0.0
2025-01-12 22:00:00,0.0
2025-01-12 23:00:00,0.0
2025-01-13 00:00:00,0.0
2025-01-13 01:00:00,0.0
2025-01-13 02:00:00,0.0
2025-01-13 03:00:00,0.0
2025-01-13 04:00:00,0.0
2025-01-13 05:00:00,0.0
2025-01-13 06:00:00,0.0
2025-01-13 07:00:00,38.48
2025-01-13 08:00:00,117.67
2025-01-13 09:00:00,162.43
2025-01-13 10:00:00,186.46
2025-01-13 11:00:00,200.41
2025-01-13 12:00:00,264.46
2025-01-13 13:00:00,235.18
2025-01-13 14:00:00,214.3
2025-01-13 15:00:00,179.36
2025-01-13 16:00:00,107.39
2025-01-13 17:00:00,27.06
2025-01-13 18:00:00,0.0
2025-01-13 19:00:00,0.0
2025-01-13 20:00:00,0.0
2025-01-13 21:00:00,0.0
2025-01-13 22:00:00,0.0
2025-01-13 23:00:00,0.0
2025-01-14 00:00:00,0.0
2025-01-14 01:00:00,0.0
2025-01-14 02:00:00,0.0
2025-01-14 03:00:00,0.0
2025-01-14 04:00:00,0.0
2025-01-14 05:00:00,0.0
2025-01-14 06:00:00,0.0
2025-01-14 07:00:00,30.13
2025-01-14 08:00:00,115.44
2025-01-14 09:00:00,193.49
2025-01-14 10:00:00,244.02
2025-01-14 11:00:00,285.76
2025-01-14 12:00:00,293.03
2025-01-14 13:00:00,267.96
2025-01-14 14:00:00,226.36
2025-01-14 15:00:00,186.39
2025-01-14 16:00:00,105.98
2025-01-14 17:00:00,25.02
2025-01-14 18:00:00,0.0
2025-01-14 19:00:00,0.0
2025-01-14 20:00:00,0.0
2025-01-14 21:00:00,0.0
2025-01-14 22:00:00,0.0
2025-01-14 23:00:00,0.0
2025-01-15 00:00:00,0.0
2025-01-15 01:00:00,0.0
2025-01-15 02:00:00,0.0
2025-01-15 03:00:00,0.0
2025-01-15 04:00:00,0.0
2025-01-15 05:00:00,0.0
2025-01-15 06:00:00,0.0
2025-01-15 07:00:00,30.43
2025-01-15 08:00:00,100.82
2025-01-15 09:00:00,165.41
2025-01-15 10:00:00,240.04
2025-01-15 11:00:00,269.07
2025-01-15 12:00:00,267.34
2025-01-15 13:00:00,251.65
2025-01-15 14:00:00,211.2
2025-01-15 15:00:00,176.09
2025-01-15 16:00:00,97.36
2025-01-15 17:00:00,23.22
2025-01-15 18:00:00,0.0
2025-01-15 19:00:00,0.0
2025-01-15 20:00:00,0.0
2025-01-15 21:00:00,0.0
2025-01-15 22:00:00,0.0
2025-01-15 23:00:00,0.0
2025-01-16 00:00:00,0.0
2025-01-16 01:00:00,0.0
2025-01-16 02:00:00,0.0
2025-01-16 03:00:00,0.0
2025-01-16 04:00:00,0.0
2025-01-16 05:00:00,0.0
2025-01-16 06:00:00,0.0
2025-01-16 07:00:00,33.36
2025-01-16 08:00:00,124.21
2025-01-16 09:00:00,193.37
2025-01-16 10:00:00,222.89
2025-01-16 11:00:00,260.31
2025-01-16 12:00:00,257.69
2025-01-16 13:00:00,265.16
2025-01-16 14:00:00,210.78
2025-01-16 15:00:00,173.32
2025-01-16 16:00:00,111.03
2025-01-16 17:00:00,29.44
2025-01-16 18:00:00,0.0
2025-01-16 19:00:00,0.0
2025-01-16 20:00:00,0.0
2025-01-16 21:00:00,0.0
2025-01-16 22:00:00,0.0
2025-01-16 23:00:00,0.0
2025-01-17 00:00:00,0.0
2025-01-17 01:00:00,0.0
2025-01-17 02:00:00,0.0
2025-01-17 03:00:00,0.0
2025-01-17 04:00:00,0.0
2025-01-17 05:00:00,0.0
2025-01-17 06:00:00,0.0
2025-01-17 07:00:00,37.81
2025-01-17 08:00:00,111.89
2025-01-17 09:00:00,172.29
2025-01-17 10:00:00,190.73
2025-01-17 11:00:00,193.4
2025-01-17 12:00:00,244.21
2025-01-17 13:00:00,225.96
2025-01-17 14:00:00,207.49
2025-01-17 15:00:00,171.5
2025-01-17 16:00:00,108.07
2025-01-17 17:00:00,31.47
2025-01-17 18:00:00,0.0
2025-01-17 19:00:00,0.0
2025-01-17 20:00:00,0.0
2025-01-17 21:00:00,0.0
2025-01-17 22:00:00,0.0
2025-01-17 23:00:00,0.0
2025-01-18 00:00:00,0.0
2025-01-18 01:00:00,0.0
2025-01-18 02:00:00,0.0
2025-01-18 03:00:00,0.0
2025-01-18 04:00:00,0.0
2025-01-18 05:00:00,0.0
2025-01-18 06:00:00,0.0
2025-01-18 07:00:00,37.42
2025-01-18 08:00:00,113.24
2025-01-18 09:00:00,158.69
2025-01-18 10:00:00,178.86
2025-01-18 11:00:00,178.6
2025-01-18 12:00:00,264.32
2025-01-18 13:00:00,227.44
2025-01-18 14:00:00,211.99
2025-01-18 15:00:00,167.28
2025-01-18 16:00:00,109.9
2025-01-18 17:00:00,30.92
2025-01-18 18:00:00,0.0
2025-01-18 19:00:00,0.0
2025-01-18 20:00:00,0.0
2025-01-18 21:00:00,0.0
2025-01-18 22:00:00,0.0
2025-01-18 23:00:00,0.0
2025-01-19 00:00:00,0.0
2025-01-19 01:00:00,0.0
2025-01-19 02:00:00,0.0
2025-01-19 03:00:00,0.0
2025-01-19 04:00:00,0.0
2025-01-19 05:00:00,0.0
2025-01-19 06:00:00,0.0
2025-01-19 07:00:00,39.33
2025-01-19 08:00:00,115.71
2025-01-19 09:00:00,166.57
2025-01-19 10:00:00,190.04
2025-01-19 11:00:00,197.0
2025-01-19 12:00:00,204.71
2025-01-19 13:00:00,187.57
2025-01-19 14:00:00,177.59
2025-01-19 15:00:00,148.06
2025-01-19 16:00:00,104.01
2025-01-19 17:00:00,33.85
2025-01-19 18:00:00,0.0
2025-01-19 19:00:00,0.0
2025-01-19 20:00:00,0.0
2025-01-19 21:00:00,0.0
2025-01-19 22:00:00,0.0
2025-01-19 23:00:00,0.0
2025-01-20 00:00:00,0.0
2025-01-20 01:00:00,0.0
2025-01-20 02:00:00,0.0
2025-01-20 03:00:00,0.0
2025-01-20 04:00:00,0.0
2025-01-20 05:00:00,0.0
2025-01-20 06:00:00,0.0
2025-01-20 07:00:00,39.46
2025-01-20 08:00:00,108.79
2025-01-20 09:00:00,150.35
2025-01-20 10:00:00,170.98
2025-01-20 11:00:00,178.6
2025-01-20 12:00:00,177.37
2025-01-20 13:00:00,162.7
2025-01-20 14:00:00,158.29
2025-01-20 15:00:00,137.18
2025-01-20 16:00:00,105.9
2025-01-20 17:00:00,37.36
2025-01-20 18:00:00,0.0
2025-01-20 19:00:00,0.0
2025-01-20 20:00:00,0.0
2025-01-20 21:00:00,0.0
2025-01-20 22:00:00,0.0
2025-01-20 23:00:00,0.0
2025-01-21 00:00:00,0.0
2025-01-21 01:00:00,0.0
2025-01-21 02:00:00,0.0
2025-01-21 03:00:00,0.0
2025-01-21 04:00:00,0.0
2025-01-21 05:00:00,0.0
2025-01-21 06:00:00,0.0
2025-01-21 07:00:00,42.85
2025-01-21 08:00:00,140.73
2025-01-21 09:00:00,180.3
2025-01-21 10:00:00,211.51
2025-01-21 11:00:00,204.15
2025-01-21 12:00:00,175.03
2025-01-21 13:00:00,174.07
2025-01-21 14:00:00,165.08
2025-01-21 15:00:00,145.49
2025-01-21 16:00:00,107.99
2025-01-21 17:00:00,36.49
2025-01-21 18:00:00,0.0
2025-01-21 19:00:00,0.0
2025-01-21 20:00:00,0.0
2025-01-21 21:00:00,0.0
2025-01-21 22:00:00,0.0
2025-01-21 23:00:00,0.0
2025-01-22 00:00:00,0.0
2025-01-22 01:00:00,0.0
2025-01-22 02:00:00,0.0
2025-01-22 03:00:00,0.0
2025-01-22 04:00:00,0.0
2025-01-22 05:00:00,0.0
2025-01-22 06:00:00,0.0
2025-01-22 07:00:00,40.73
2025-01-22 08:00:00,108.69
2025-01-22 09:00:00,153.32
2025-01-22 10:00:00,178.07
2025-01-22 11:00:00,191.82
2025-01-22 12:00:00,217.99
2025-01-22 13:00:00,214.88
2025-01-22 14:00:00,199.1
2025-01-22 15:00:00,167.32
2025-01-22 16:00:00,115.94
2025-01-22 17:00:00,37.41
2025-01-22 18:00:00,0.0
2025-01-22 19:00:00,0.0
2025-01-22 20:00:00,0.0
2025-01-22 21:00:00,0.0
2025-01-22 22:00:00,0.0
2025-01-22 23:00:00,0.0
2025-01-23 00:00:00,0.0
2025-01-23 01:00:00,0.0
2025-01-23 02:00:00,0.0
2025-01-23 03:00:00,0.0
2025-01-23 04:00:00,0.0
2025-01-23 05:00:00,0.0
2025-01-23 06:00:00,0.0
2025-01-23 07:00:00,40.5
2025-01-23 08:00:00,123.81
2025-01-23 09:00:00,175.76
2025-01-23 10:00:00,203.64
2025-01-23 11:00:00,218.9
2025-01-23 12:00:00,255.57
2025-01-23 13:00:00,234.31
2025-01-23 14:00:00,216.28
2025-01-23 15:00:00,169.69
2025-01-23 16:00:00,115.51
2025-01-23 17:00:00,36.05
2025-01-23 18:00:00,0.0
2025-01-23 19:00:00,0.0
2025-01-23 20:00:00,0.0
2025-01-23 21:00:00,0.0
2025-01-23 22:00:00,0.0
2025-01-23 23:00:00,0.0
2025-01-24 00:00:00,0.0
2025-01-24 01:00:00,0.0
2025-01-24 02:00:00,0.0
2025-01-24 03:00:00,0.0
2025-01-24 04:00:00,0.0
2025-01-24 05:00:00,0.0
2025-01-24 06:00:00,0.0
2025-01-24 07:00:00,26.06
2025-01-24 08:00:00,99.34
2025-01-24 09:00:00,150.87
2025-01-24 10:00:00,244.9
2025-01-24 11:00:00,248.56
2025-01-24 12:00:00,285.65
2025-01-24 13:00:00,255.64
2025-01-24 14:00:00,238.02
2025-01-24 15:00:00,189.51
2025-01-24 16:00:00,119.39
2025-01-24 17:00:00,34.42
2025-01-24 18:00:00,0.0
2025-01-24 19:00:00,0.0
2025-01-24 20:00:00,0.0
2025-01-24 21:00:00,0.0
2025-01-24 22:00:00,0.0
2025-01-24 23:00:00,0.0
2025-01-25 00:00:00,0.0
2025-01-25 01:00:00,0.0
2025-01-25 02:00:00,0.0
2025-01-25 03:00:00,0.0
2025-01-25 04:00:00,0.0
2025-01-25 05:00:00,0.0
2025-01-25 06:00:00,0.0
2025-01-25 07:00:00,25.24
2025-01-25 08:00:00,96.21
2025-01-25 09:00:00,154.7
2025-01-25 10:00:00,210.34
2025-01-25 11:00:00,257.19
2025-01-25 12:00:00,299.09
2025-01-25 13:00:00,285.7
2025-01-25 14:00:00,239.9
2025-01-25 15:00:00,205.2
2025-01-25 16:00:00,125.45
2025-01-25 17:00:00,39.59
2025-01-25 18:00:00,0.0
2025-01-25 19:00:00,0.0
2025-01-25 20:00:00,0.0
2025-01-25 21:00:00,0.0
2025-01-25 22:00:00,0.0
2025-01-25 23:00:00,0.0
2025-01-26 00:00:00,0.0
2025-01-26 01:00:00,0.0
2025-01-26 02:00:00,0.0
2025-01-26 03:00:00,0.0
2025-01-26 04:00:00,0.0
2025-01-26 05:00:00,0.0
2025-01-26 06:00:00,0.0
2025-01-26 07:00:00,20.9
2025-01-26 08:00:00,79.89
2025-01-26 09:00:00,137.11
2025-01-26 10:00:00,200.81
2025-01-26 11:00:00,244.2
2025-01-26 12:00:00,268.79
2025-01-26 13:00:00,255.36
2025-01-26 14:00:00,235.39
2025-01-26 15:00:00,181.98
2025-01-26 16:00:00,101.09
2025-01-26 17:00:00,29.97
2025-01-26 18:00:00,0.0
2025-01-26 19:00:00,0.0
2025-01-26 20:00:00,0.0
2025-01-26 21:00:00,0.0
2025-01-26 22:00:00,0.0
2025-01-26 23:00:00,0.0
2025-01-27 00:00:00,0.0
2025-01-27 01:00:00,0.0
2025-01-27 02:00:00,0.0
2025-01-27 03:00:00,0.0
2025-01-27 04:00:00,0.0
2025-01-27 05:00:00,0.0
2025-01-27 06:00:00,0.0
2025-01-27 07:00:00,25.22
2025-01-27 08:00:00,105.93
2025-01-27 09:00:00,198.28
2025-01-27 10:00:00,245.23
2025-01-27 11:00:00,253.1
2025-01-27 12:00:00,285.04
2025-01-27 13:00:00,271.57
2025-01-27 14:00:00,229.51
2025-01-27 15:00:00,200.2
2025-01-27 16:00:00,119.91
2025-01-27 17:00:00,36.73
2025-01-27 18:00:00,0.0
2025-01-27 19:00:00,0.0
2025-01-27 20:00:00,0.0
2025-01-27 21:00:00,0.0
2025-01-27 22:00:00,0.0
2025-01-27 23:00:00,0.0
2025-01-28 00:00:00,0.0
2025-01-28 01:00:00,0.0
2025-01-28 02:00:00,0.0
2025-01-28 03:00:00,0.0
2025-01-28 04:00:00,0.0
2025-01-28 05:00:00,0.0
2025-01-28 06:00:00,0.0
2025-01-28 07:00:00,24.1
2025-01-28 08:00:00,75.66
2025-01-28 09:00:00,130.53
2025-01-28 10:00:00,220.3
2025-01-28 11:00:00,263.01
2025-01-28 12:00:00,315.35
2025-01-28 13:00:00,271.25
2025-01-28 14:00:00,247.56
2025-01-28 15:00:00,206.12
2025-01-28 16:00:00,130.03
2025-01-28 17:00:00,37.01
2025-01-28 18:00:00,0.0
2025-01-28 19:00:00,0.0
2025-01-28 20:00:00,0.0
2025-01-28 21:00:00,0.0
2025-01-28 22:00:00,0.0
2025-01-28 23:00:00,0.0
2025-01-29 00:00:00,0.0
2025-01-29 01:00:00,0.0
2025-01-29 02:00:00,0.0
2025-01-29 03:00:00,0.0
2025-01-29 04:00:00,0.0
2025-01-29 05:00:00,0.0
2025-01-29 06:00:00,0.0
2025-01-29 07:00:00,18.69
2025-01-29 08:00:00,80.55
2025-01-29 09:00:00,154.02
2025-01-29 10:00:00,244.66
2025-01-29 11:00:00,279.28
2025-01-29 12:00:00,345.26
2025-01-29 13:00:00,252.28
2025-01-29 14:00:00,280.44
2025-01-29 15:00:00,224.03
2025-01-29 16:00:00,143.55
2025-01-29 17:00:00,42.29
2025-01-29 18:00:00,0.0
2025-01-29 19:00:00,0.0
2025-01-29 20:00:00,0.0
2025-01-29 21:00:00,0.0
2025-01-29 22:00:00,0.0
2025-01-29 23:00:00,0.0
2025-01-30 00:00:00,0.0
2025-01-30 01:00:00,0.0
2025-01-30 02:00:00,0.0
2025-01-30 03:00:00,0.0
2025-01-30 04:00:00,0.0
2025-01-30 05:00:00,0.0
2025-01-30 06:00:00,0.0
2025-01-30 07:00:00,38.27
2025-01-30 08:00:00,129.42
2025-01-30 09:00:00,214.12
2025-01-30 10:00:00,241.85
2025-01-30 11:00:00,276.67
2025-01-30 12:00:00,295.14
2025-01-30 13:00:00,286.25
2025-01-30 14:00:00,243.96
2025-01-30 15:00:00,203.82
2025-01-30 16:00:00,133.41
2025-01-30 17:00:00,41.15
2025-01-30 18:00:00,0.0
2025-01-30 19:00:00,0.0
2025-01-30 20:00:00,0.0
2025-01-30 21:00:00,0.0
2025-01-30 22:00:00,0.0
2025-01-30 23:00:00,0.0
2025-01-31 00:00:00,0.0
2025-01-31 01:00:00,0.0
2025-01-31 02:00:00,0.0
2025-01-31 03:00:00,0.0
2025-01-31 04:00:00,0.0
2025-01-31 05:00:00,0.0
2025-01-31 06:00:00,0.0
2025-01-31 07:00:00,35.41
2025-01-31 08:00:00,142.53
2025-01-31 09:00:00,203.91
2025-01-31 10:00:00,243.83
2025-01-31 11:00:00,284.64
2025-01-31 12:00:00,284.28
2025-01-31 13:00:00,285.62
2025-01-31 14:00:00,234.26
2025-01-31 15:00:00,203.37
2025-01-31 16:00:00,125.87
2025-01-31 17:00:00,40.45
2025-01-31 18:00:00,0.0
2025-01-31 19:00:00,0.0
2025-01-31 20:00:00,0.0
2025-01-31 21:00:00,0.0
2025-01-31 22:00:00,0.0
2025-01-31 23:00:00,0.0
2025-02-01 00:00:00,0.0
2025-02-01 01:00:00,0.0
2025-02-01 02:00:00,0.0
2025-02-01 03:00:00,0.0
2025-02-01 04:00:00,0.0
2025-02-01 05:00:00,0.0
2025-02-01 06:00:00,0.0
2025-02-01 07:00:00,30.75
2025-02-01 08:00:00,116.19
2025-02-01 09:00:00,161.53
2025-02-01 10:00:00,229.08
2025-02-01 11:00:00,237.57
2025-02-01 12:00:00,257.84
2025-02-01 13:00:00,271.89
2025-02-01 14:00:00,228.07
2025-02-01 15:00:00,194.75
2025-02-01 16:00:00,126.96
2025-02-01 17:00:00,42.97
2025-02-01 18:00:00,0.0
2025-02-01 19:00:00,0.0
2025-02-01 20:00:00,0.0
2025-02-01 21:00:00,0.0
2025-02-01 22:00:00,0.0
2025-02-01 23:00:00,0.0
2025-02-02 00:00:00,0.0
2025-02-02 01:00:00,0.0
2025-02-02 02:00:00,0.0
2025-02-02 03:00:00,0.0
2025-02-02 04:00:00,0.0
2025-02-02 05:00:00,0.0
2025-02-02 06:00:00,0.0
2025-02-02 07:00:00,32.14
2025-02-02 08:00:00,124.24
2025-02-02 09:00:00,181.51
2025-02-02 10:00:00,207.33
2025-02-02 11:00:00,245.82
2025-02-02 12:00:00,264.17
2025-02-02 13:00:00,254.63
2025-02-02 14:00:00,207.42
2025-02-02 15:00:00,184.56
2025-02-02 16:00:00,121.29
2025-02-02 17:00:00,43.71
2025-02-02 18:00:00,0.0
2025-02-02 19:00:00,0.0
2025-02-02 20:00:00,0.0
2025-02-02 21:00:00,0.0
2025-02-02 22:00:00,0.0
2025-02-02 23:00:00,0.0
2025-02-03 00:00:00,0.0
2025-02-03 01:00:00,0.0
2025-02-03 02:00:00,0.0
2025-02-03 03:00:00,0.0
2025-02-03 04:00:00,0.0
2025-02-03 05:00:00,0.0
2025-02-03 06:00:00,0.0
2025-02-03 07:00:00,34.94
2025-02-03 08:00:00,125.67
2025-02-03 09:00:00,166.54
2025-02-03 10:00:00,245.38
2025-02-03 11:00:00,270.58
2025-02-03 12:00:00,299.08
2025-02-03 13:00:00,274.63
2025-02-03 14:00:00,248.89
2025-02-03 15:00:00,203.46
2025-02-03 16:00:00,126.71
2025-02-03 17:00:00,43.04
2025-02-03 18:00:00,0.0
2025-02-03 19:00:00,0.0
2025-02-03 20:00:00,0.0
2025-02-03 21:00:00,0.0
2025-02-03 22:00:00,0.0
2025-02-03 23:00:00,0.0
2025-02-04 00:00:00,0.0
2025-02-04 01:00:00,0.0
2025-02-04 02:00:00,0.0
2025-02-04 03:00:00,0.0
2025-02-04 04:00:00,0.0
2025-02-04 05:00:00,0.0
2025-02-04 06:00:00,0.0
2025-02-04 07:00:00,39.24
2025-02-04 08:00:00,133.53
2025-02-04 09:00:00,195.4
2025-02-04 10:00:00,224.87
2025-02-04 11:00:00,256.79
2025-02-04 12:00:00,296.72
2025-02-04 13:00:00,276.2
2025-02-04 14:00:00,249.21
2025-02-04 15:00:00,203.1
2025-02-04 16:00:00,127.89
2025-02-04 17:00:00,43.85
2025-02-04 18:00:00,0.0
2025-02-04 19:00:00,0.0
2025-02-04 20:00:00,0.0
2025-02-04 21:00:00,0.0
2025-02-04 22:00:00,0.0
2025-02-04 23:00:00,0.0
2025-02-05 00:00:00,0.0
2025-02-05 01:00:00,0.0
2025-02-05 02:00:00,0.0
2025-02-05 03:00:00,0.0
2025-02-05 04:00:00,0.0
2025-02-05 05:00:00,0.0
2025-02-05 06:00:00,0.0
2025-02-05 07:00:00,25.05
2025-02-05 08:00:00,90.1
2025-02-05 09:00:00,165.8
2025-02-05 10:00:00,236.11
2025-02-05 11:00:00,249.34
2025-02-05 12:00:00,292.54
2025-02-05 13:00:00,278.19
2025-02-05 14:00:00,245.42
2025-02-05 15:00:00,198.34
2025-02-05 16:00:00,131.3
2025-02-05 17:00:00,48.47
2025-02-05 18:00:00,0.0
2025-02-05 19:00:00,0.0
2025-02-05 20:00:00,0.0
2025-02-05 21:00:00,0.0
2025-02-05 22:00:00,0.0
2025-02-05 23:00:00,0.0
2025-02-06 00:00:00,0.0
2025-02-06 01:00:00,0.0
2025-02-06 02:00:00,0.0
2025-02-06 03:00:00,0.0
2025-02-06 04:00:00,0.0
2025-02-06 05:00:00,0.0
2025-02-06 06:00:00,0.0
2025-02-06 07:00:00,36.49
2025-02-06 08:00:00,130.45
2025-02-06 09:00:00,208.76
2025-02-06 10:00:00,254.12
2025-02-06 11:00:00,284.83
2025-02-06 12:00:00,325.27
2025-02-06 13:00:00,290.7
2025-02-06 14:00:00,263.2
2025-02-06 15:00:00,207.66
2025-02-06 16:00:00,135.35
2025-02-06 17:00:00,42.87
2025-02-06 18:00:00,0.0
2025-02-06 19:00:00,0.0
2025-02-06 20:00:00,0.0
2025-02-06 21:00:00,0.0
2025-02-06 22:00:00,0.0
2025-02-06 23:00:00,0.0
2025-02-07 00:00:00,0.0
2025-02-07 01:00:00,0.0
2025-02-07 02:00:00,0.0
2025-02-07 03:00:00,0.0
2025-02-07 04:00:00,0.0
2025-02-07 05:00:00,0.0
2025-02-07 06:00:00,0.0
2025-02-07 07:00:00,40.25
2025-02-07 08:00:00,144.53
2025-02-07 09:00:00,204.62
2025-02-07 10:00:00,241.48
2025-02-07 11:00:00,270.42
2025-02-07 12:00:00,281.45
2025-02-07 13:00:00,251.19
2025-02-07 14:00:00,227.03
2025-02-07 15:00:00,192.59
2025-02-07 16:00:00,126.53
2025-02-07 17:00:00,53.83
2025-02-07 18:00:00,0.0
2025-02-07 19:00:00,0.0
2025-02-07 20:00:00,0.0
2025-02-07 21:00:00,0.0
2025-02-07 22:00:00,0.0
2025-02-07 23:00:00,0.0
2025-02-08 00:00:00,0.0
2025-02-08 01:00:00,0.0
2025-02-08 02:00:00,0.0
2025-02-08 03:00:00,0.0
2025-02-08 04:00:00,0.0
2025-02-08 05:00:00,0.0
2025-02-08 06:00:00,0.0
2025-02-08 07:00:00,45.73
2025-02-08 08:00:00,145.71
2025-02-08 09:00:00,167.63
2025-02-08 10:00:00,199.77
2025-02-08 11:00:00,212.98
2025-02-08 12:00:00,242.28
2025-02-08 13:00:00,224.63
2025-02-08 14:00:00,202.01
2025-02-08 15:00:00,184.86
2025-02-08 16:00:00,126.57
2025-02-08 17:00:00,53.14
2025-02-08 18:00:00,0.0
2025-02-08 19:00:00,0.0
2025-02-08 20:00:00,0.0
2025-02-08 21:00:00,0.0
2025-02-08 22:00:00,0.0
2025-02-08 23:00:00,0.0
2025-02-09 00:00:00,0.0
2025-02-09 01:00:00,0.0
2025-02-09 02:00:00,0.0
2025-02-09 03:00:00,0.0
2025-02-09 04:00:00,0.0
2025-02-09 05:00:00,0.0
2025-02-09 06:00:00,0.0
2025-02-09 07:00:00,47.05
2025-02-09 08:00:00,162.65
2025-02-09 09:00:00,201.36
2025-02-09 10:00:00,221.42
2025-02-09 11:00:00,233.16
2025-02-09 12:00:00,231.69
2025-02-09 13:00:00,209.46
2025-02-09 14:00:00,191.64
2025-02-09 15:00:00,179.1
2025-02-09 16:00:00,131.77
2025-02-09 17:00:00,57.33
2025-02-09 18:00:00,0.0
2025-02-09 19:00:00,0.0
2025-02-09 20:00:00,0.0
2025-02-09 21:00:00,0.0
2025-02-09 22:00:00,0.0
2025-02-09 23:00:00,0.0
2025-02-10 00:00:00,0.0
2025-02-10 01:00:00,0.0
2025-02-10 02:00:00,0.0
2025-02-10 03:00:00,0.0
2025-02-10 04:00:00,0.0
2025-02-10 05:00:00,0.0
2025-02-10 06:00:00,0.0
2025-02-10 07:00:00,49.58
2025-02-10 08:00:00,147.06
2025-02-10 09:00:00,187.56
2025-02-10 10:00:00,218.11
2025-02-10 11:00:00,237.24
2025-02-10 12:00:00,267.11
2025-02-10 13:00:00,244.23
2025-02-10 14:00:00,235.99
2025-02-10 15:00:00,191.15
2025-02-10 16:00:00,133.81
2025-02-10 17:00:00,57.37
2025-02-10 18:00:00,0.0
2025-02-10 19:00:00,0.0
2025-02-10 20:00:00,0.0
2025-02-10 21:00:00,0.0
2025-02-10 22:00:00,0.0
2025-02-10 23:00:00,0.0
2025-02-11 00:00:00,0.0
2025-02-11 01:00:00,0.0
2025-02-11 02:00:00,0.0
2025-02-11 03:00:00,0.0
2025-02-11 04:00:00,0.0
2025-02-11 05:00:00,0.0
2025-02-11 06:00:00,0.0
2025-02-11 07:00:00,51.54
2025-02-11 08:00:00,130.41
2025-02-11 09:00:00,178.41
2025-02-11 10:00:00,187.86
2025-02-11 11:00:00,208.36
2025-02-11 12:00:00,245.02
2025-02-11 13:00:00,243.21
2025-02-11 14:00:00,228.38
2025-02-11 15:00:00,173.18
2025-02-11 16:00:00,133.17
2025-02-11 17:00:00,55.87
2025-02-11 18:00:00,0.0
2025-02-11 19:00:00,0.0
2025-02-11 20:00:00,0.0
2025-02-11 21:00:00,0.0
2025-02-11 22:00:00,0.0
2025-02-11 23:00:00,0.0
2025-02-12 00:00:00,0.0
2025-02-12 01:00:00,0.0
2025-02-12 02:00:00,0.0
2025-02-12 03:00:00,0.0
2025-02-12 04:00:00,0.0
2025-02-12 05:00:00,0.0
2025-02-12 06:00:00,0.0
2025-02-12 07:00:00,46.48
2025-02-12 08:00:00,137.33
2025-02-12 09:00:00,201.41
2025-02-12 10:00:00,241.81
2025-02-12 11:00:00,276.19
2025-02-12 12:00:00,313.24
2025-02-12 13:00:00,285.78
2025-02-12 14:00:00,263.13
2025-02-12 15:00:00,202.5
2025-02-12 16:00:00,147.72
2025-02-12 17:00:00,51.41
2025-02-12 18:00:00,0.0
2025-02-12 19:00:00,0.0
2025-02-12 20:00:00,0.0
2025-02-12 21:00:00,0.0
2025-02-12 22:00:00,0.0
2025-02-12 23:00:00,0.0
2025-02-13 00:00:00,0.0
2025-02-13 01:00:00,0.0
2025-02-13 02:00:00,0.0
2025-02-13 03:00:00,0.0
2025-02-13 04:00:00,0.0
2025-02-13 05:00:00,0.0
2025-02-13 06:00:00,0.0
2025-02-13 07:00:00,49.13
2025-02-13 08:00:00,121.95
2025-02-13 09:00:00,185.38
2025-02-13 10:00:00,208.93
2025-02-13 11:00:00,217.35
2025-02-13 12:00:00,263.58
2025-02-13 13:00:00,257.22
2025-02-13 14:00:00,231.4
2025-02-13 15:00:00,190.95
2025-02-13 16:00:00,144.27
2025-02-13 17:00:00,62.71
2025-02-13 18:00:00,0.0
2025-02-13 19:00:00,0.0
2025-02-13 20:00:00,0.0
2025-02-13 21:00:00,0.0
2025-02-13 22:00:00,0.0
2025-02-13 23:00:00,0.0
2025-02-14 00:00:00,0.0
2025-02-14 01:00:00,0.0
2025-02-14 02:00:00,0.0
2025-02-14 03:00:00,0.0
2025-02-14 04:00:00,0.0
2025-02-14 05:00:00,0.0
2025-02-14 06:00:00,0.0
2025-02-14 07:00:00,56.14
2025-02-14 08:00:00,129.83
2025-02-14 09:00:00,168.54
2025-02-14 10:00:00,193.07
2025-02-14 11:00:00,201.61
2025-02-14 12:00:00,249.12
2025-02-14 13:00:00,247.74
2025-02-14 14:00:00,225.98
2025-02-14 15:00:00,193.74
2025-02-14 16:00:00,136.94
2025-02-14 17:00:00,65.99
2025-02-14 18:00:00,0.0
2025-02-14 19:00:00,0.0
2025-02-14 20:00:00,0.0
2025-02-14 21:00:00,0.0
2025-02-14 22:00:00,0.0
2025-02-14 23:00:00,0.0
2025-02-15 00:00:00,0.0
2025-02-15 01:00:00,0.0
2025-02-15 02:00:00,0.0
2025-02-15 03:00:00,0.0
2025-02-15 04:00:00,0.0
2025-02-15 05:00:00,0.0
2025-02-15 06:00:00,0.0
2025-02-15 07:00:00,55.65
2025-02-15 08:00:00,144.08
2025-02-15 09:00:00,156.96
2025-02-15 10:00:00,169.46
2025-02-15 11:00:00,193.38
2025-02-15 12:00:00,141.67
2025-02-15 13:00:00,137.23
2025-02-15 14:00:00,131.94
2025-02-15 15:00:00,128.98
2025-02-15 16:00:00,102.05
2025-02-15 17:00:00,58.98
2025-02-15 18:00:00,0.0
2025-02-15 19:00:00,0.0
2025-02-15 20:00:00,0.0
2025-02-15 21:00:00,0.0
2025-02-15 22:00:00,0.0
2025-02-15 23:00:00,0.0
2025-02-16 00:00:00,0.0
2025-02-16 01:00:00,0.0
2025-02-16 02:00:00,0.0
2025-02-16 03:00:00,0.0
2025-02-16 04:00:00,0.0
2025-02-16 05:00:00,0.0
2025-02-16 06:00:00,0.0
2025-02-16 07:00:00,55.83
2025-02-16 08:00:00,118.28
2025-02-16 09:00:00,135.77
2025-02-16 10:00:00,154.11
2025-02-16 11:00:00,166.72
2025-02-16 12:00:00,187.44
2025-02-16 13:00:00,188.06
2025-02-16 14:00:00,175.6
2025-02-16 15:00:00,166.89
2025-02-16 16:00:00,133.62
2025-02-16 17:00:00,68.02
2025-02-16 18:00:00,0.0
2025-02-16 19:00:00,0.0
2025-02-16 20:00:00,0.0
2025-02-16 21:00:00,0.0
2025-02-16 22:00:00,0.0
2025-02-16 23:00:00,0.0
2025-02-17 00:00:00,0.0
2025-02-17 01:00:00,0.0
2025-02-17 02:00:00,0.0
2025-02-17 03:00:00,0.0
2025-02-17 04:00:00,0.0
2025-02-17 05:00:00,0.0
2025-02-17 06:00:00,0.0
2025-02-17 07:00:00,61.65
2025-02-17 08:00:00,132.06
2025-02-17 09:00:00,164.57
2025-02-17 10:00:00,179.29
2025-02-17 11:00:00,192.48
2025-02-17 12:00:00,188.51
2025-02-17 13:00:00,185.61
2025-02-17 14:00:00,176.35
2025-02-17 15:00:00,155.7
2025-02-17 16:00:00,131.97
2025-02-17 17:00:00,68.55
2025-02-17 18:00:00,0.0
2025-02-17 19:00:00,0.0
2025-02-17 20:00:00,0.0
2025-02-17 21:00:00,0.0
2025-02-17 22:00:00,0.0
2025-02-17 23:00:00,0.0
2025-02-18 00:00:00,0.0
2025-02-18 01:00:00,0.0
2025-02-18 02:00:00,0.0
2025-02-18 03:00:00,0.0
2025-02-18 04:00:00,0.0
2025-02-18 05:00:00,0.0
2025-02-18 06:00:00,0.0
2025-02-18 07:00:00,63.94
2025-02-18 08:00:00,147.3
2025-02-18 09:00:00,192.57
2025-02-18 10:00:00,208.94
2025-02-18 11:00:00,220.94
2025-02-18 12:00:00,246.11
2025-02-18 13:00:00,250.62
2025-02-18 14:00:00,225.01
2025-02-18 15:00:00,195.18
2025-02-18 16:00:00,164.43
2025-02-18 17:00:00,68.05
2025-02-18 18:00:00,0.0
2025-02-18 19:00:00,0.0
2025-02-18 20:00:00,0.0
2025-02-18 21:00:00,0.0
2025-02-18 22:00:00,0.0
2025-02-18 23:00:00,0.0
2025-02-19 00:00:00,0.0
2025-02-19 01:00:00,0.0
2025-02-19 02:00:00,0.0
2025-02-19 03:00:00,0.0
2025-02-19 04:00:00,0.0
2025-02-19 05:00:00,0.0
2025-02-19 06:00:00,0.0
2025-02-19 07:00:00,58.87
2025-02-19 08:00:00,151.65
2025-02-19 09:00:00,213.52
2025-02-19 10:00:00,259.19
2025-02-19 11:00:00,260.38
2025-02-19 12:00:00,310.36
2025-02-19 13:00:00,322.69
2025-02-19 14:00:00,270.31
2025-02-19 15:00:00,190.2
2025-02-19 16:00:00,145.39
2025-02-19 17:00:00,59.28
2025-02-19 18:00:00,0.0
2025-02-19 19:00:00,0.0
2025-02-19 20:00:00,0.0
2025-02-19 21:00:00,0.0
2025-02-19 22:00:00,0.0
2025-02-19 23:00:00,0.0
2025-02-20 00:00:00,0.0
2025-02-20 01:00:00,0.0
2025-02-20 02:00:00,0.0
2025-02-20 03:00:00,0.0
2025-02-20 04:00:00,0.0
2025-02-20 05:00:00,0.0
2025-02-20 06:00:00,0.0
2025-02-20 07:00:00,56.32
2025-02-20 08:00:00,164.16
2025-02-20 09:00:00,214.4
2025-02-20 10:00:00,266.25
2025-02-20 11:00:00,279.26
2025-02-20 12:00:00,339.63
2025-02-20 13:00:00,313.92
2025-02-20 14:00:00,307.17
2025-02-20 15:00:00,235.22
2025-02-20 16:00:00,169.05
2025-02-20 17:00:00,64.4
2025-02-20 18:00:00,0.0
2025-02-20 19:00:00,0.0
2025-02-20 20:00:00,0.0
2025-02-20 21:00:00,0.0
2025-02-20 22:00:00,0.0
2025-02-20 23:00:00,0.0
2025-02-21 00:00:00,0.0
2025-02-21 01:00:00,0.0
2025-02-21 02:00:00,0.0
2025-02-21 03:00:00,0.0
2025-02-21 04:00:00,0.0
2025-02-21 05:00:00,0.0
2025-02-21 06:00:00,0.0
2025-02-21 07:00:00,64.14
2025-02-21 08:00:00,158.68
2025-02-21 09:00:00,220.68
2025-02-21 10:00:00,259.47
2025-02-21 11:00:00,285.88
2025-02-21 12:00:00,319.57
2025-02-21 13:00:00,314.38
2025-02-21 14:00:00,261.5
2025-02-21 15:00:00,218.96
2025-02-21 16:00:00,166.18
2025-02-21 17:00:00,71.94
2025-02-21 18:00:00,0.0
2025-02-21 19:00:00,0.0
2025-02-21 20:00:00,0.0
2025-02-21 21:00:00,0.0
2025-02-21 22:00:00,0.0
2025-02-21 23:00:00,0.0
2025-02-22 00:00:00,0.0
2025-02-22 01:00:00,0.0
2025-02-22 02:00:00,0.0
2025-02-22 03:00:00,0.0
2025-02-22 04:00:00,0.0
2025-02-22 05:00:00,0.0
2025-02-22 06:00:00,0.0
2025-02-22 07:00:00,62.47
2025-02-22 08:00:00,162.15
2025-02-22 09:00:00,209.37
2025-02-22 10:00:00,274.44
2025-02-22 11:00:00,313.41
2025-02-22 12:00:00,351.27
2025-02-22 13:00:00,328.17
2025-02-22 14:00:00,258.85
2025-02-22 15:00:00,175.17
2025-02-22 16:00:00,131.59
2025-02-22 17:00:00,59.99
2025-02-22 18:00:00,0.0
2025-02-22 19:00:00,0.0
2025-02-22 20:00:00,0.0
2025-02-22 21:00:00,0.0
2025-02-22 22:00:00,0.0
2025-02-22 23:00:00,0.0
2025-02-23 00:00:00,0.0
2025-02-23 01:00:00,0.0
2025-02-23 02:00:00,0.0
2025-02-23 03:00:00,0.0
2025-02-23 04:00:00,0.0
2025-02-23 05:00:00,0.0
2025-02-23 06:00:00,0.0
2025-02-23 07:00:00,64.96
2025-02-23 08:00:00,161.48
2025-02-23 09:00:00,245.34
2025-02-23 10:00:00,335.1
2025-02-23 11:00:00,287.1
2025-02-23 12:00:00,336.11
2025-02-23 13:00:00,347.63
2025-02-23 14:00:00,284.46
2025-02-23 15:00:00,237.12
2025-02-23 16:00:00,165.5
2025-02-23 17:00:00,67.72
2025-02-23 18:00:00,0.0
2025-02-23 19:00:00,0.0
2025-02-23 20:00:00,0.0
2025-02-23 21:00:00,0.0
2025-02-23 22:00:00,0.0
2025-02-23 23:00:00,0.0
2025-02-24 00:00:00,0.0
2025-02-24 01:00:00,0.0
2025-02-24 02:00:00,0.0
2025-02-24 03:00:00,0.0
2025-02-24 04:00:00,0.0
2025-02-24 05:00:00,0.0
2025-02-24 06:00:00,0.0
2025-02-24 07:00:00,72.29
2025-02-24 08:00:00,179.76
2025-02-24 09:00:00,219.13
2025-02-24 10:00:00,281.06
2025-02-24 11:00:00,335.38
2025-02-24 12:00:00,340.19
2025-02-24 13:00:00,242.48
2025-02-24 14:00:00,301.86
2025-02-24 15:00:00,219.49
2025-02-24 16:00:00,162.03
2025-02-24 17:00:00,74.54
2025-02-24 18:00:00,0.0
2025-02-24 19:00:00,0.0
2025-02-24 20:00:00,0.0
2025-02-24 21:00:00,0.0
2025-02-24 22:00:00,0.0
2025-02-24 23:00:00,0.0
2025-02-25 00:00:00,0.0
2025-02-25 01:00:00,0.0
2025-02-25 02:00:00,0.0
2025-02-25 03:00:00,0.0
2025-02-25 04:00:00,0.0
2025-02-25 05:00:00,0.0
2025-02-25 06:00:00,0.0
2025-02-25 07:00:00,67.52
2025-02-25 08:00:00,169.07
2025-02-25 09:00:00,268.03
2025-02-25 10:00:00,432.75
2025-02-25 11:00:00,374.54
2025-02-25 12:00:00,318.64
2025-02-25 13:00:00,314.1
2025-02-25 14:00:00,297.55
2025-02-25 15:00:00,228.12
2025-02-25 16:00:00,160.62
2025-02-25 17:00:00,69.02
2025-02-25 18:00:00,4.06
2025-02-25 19:00:00,0.0
2025-02-25 20:00:00,0.0
2025-02-25 21:00:00,0.0
2025-02-25 22:00:00,0.0
2025-02-25 23:00:00,0.0
2025-02-26 00:00:00,0.0
2025-02-26 01:00:00,0.0
2025-02-26 02:00:00,0.0
2025-02-26 03:00:00,0.0
2025-02-26 04:00:00,0.0
2025-02-26 05:00:00,0.0
2025-02-26 06:00:00,0.0
2025-02-26 07:00:00,65.26
2025-02-26 08:00:00,147.47
2025-02-26 09:00:00,216.79
2025-02-26 10:00:00,283.72
2025-02-26 11:00:00,278.4
2025-02-26 12:00:00,328.59
2025-02-26 13:00:00,319.73
2025-02-26 14:00:00,285.61
2025-02-26 15:00:00,236.07
2025-02-26 16:00:00,173.08
2025-02-26 17:00:00,68.61
2025-02-26 18:00:00,4.27
2025-02-26 19:00:00,0.0
2025-02-26 20:00:00,0.0
2025-02-26 21:00:00,0.0
2025-02-26 22:00:00,0.0
2025-02-26 23:00:00,0.0
2025-02-27 00:00:00,0.0
2025-02-27 01:00:00,0.0
2025-02-27 02:00:00,0.0
2025-02-27 03:00:00,0.0
2025-02-27 04:00:00,0.0
2025-02-27 05:00:00,0.0
2025-02-27 06:00:00,0.0
2025-02-27 07:00:00,76.35
2025-02-27 08:00:00,165.35
2025-02-27 09:00:00,225.88
2025-02-27 10:00:00,259.6
2025-02-27 11:00:00,281.2
2025-02-27 12:00:00,331.29
2025-02-27 13:00:00,306.57
2025-02-27 14:00:00,274.76
2025-02-27 15:00:00,220.08
2025-02-27 16:00:00,160.91
2025-02-27 17:00:00,70.16
2025-02-27 18:00:00,4.35
2025-02-27 19:00:00,0.0
2025-02-27 20:00:00,0.0
2025-02-27 21:00:00,0.0
2025-02-27 22:00:00,0.0
2025-02-27 23:00:00,0.0
2025-02-28 00:00:00,0.0
2025-02-28 01:00:00,0.0
2025-02-28 02:00:00,0.0
2025-02-28 03:00:00,0.0
2025-02-28 04:00:00,0.0
2025-02-28 05:00:00,0.0
2025-02-28 06:00:00,3.7
2025-02-28 07:00:00,67.73
2025-02-28 08:00:00,165.78
2025-02-28 09:00:00,210.41
2025-02-28 10:00:00,272.56
2025-02-28 11:00:00,311.06
2025-02-28 12:00:00,322.29
2025-02-28 13:00:00,268.55
2025-02-28 14:00:00,241.23
2025-02-28 15:00:00,200.4
2025-02-28 16:00:00,163.56
2025-02-28 17:00:00,71.91
2025-02-28 18:00:00,5.02
2025-02-28 19:00:00,0.0
2025-02-28 20:00:00,0.0
2025-02-28 21:00:00,0.0
2025-02-28 22:00:00,0.0
2025-02-28 23:00:00,0.0
2025-03-01 00:00:00,0.0
2025-03-01 01:00:00,0.0
2025-03-01 02:00:00,0.0
2025-03-01 03:00:00,0.0
2025-03-01 04:00:00,0.0
2025-03-01 05:00:00,0.0
2025-03-01 06:00:00,4.43
2025-03-01 07:00:00,75.16
2025-03-01 08:00:00,159.76
2025-03-01 09:00:00,220.71
2025-03-01 10:00:00,252.92
2025-03-01 11:00:00,267.56
2025-03-01 12:00:00,246.63
2025-03-01 13:00:00,241.72
2025-03-01 14:00:00,226.48
2025-03-01 15:00:00,189.82
2025-03-01 16:00:00,141.48
2025-03-01 17:00:00,65.64
2025-03-01 18:00:00,5.21
2025-03-01 19:00:00,0.0
2025-03-01 20:00:00,0.0
2025-03-01 21:00:00,0.0
2025-03-01 22:00:00,0.0
2025-03-01 23:00:00,0.0
2025-03-02 00:00:00,0.0
2025-03-02 01:00:00,0.0
2025-03-02 02:00:00,0.0
2025-03-02 03:00:00,0.0
2025-03-02 04:00:00,0.0
2025-03-02 05:00:00,0.0
2025-03-02 06:00:00,5.06
2025-03-02 07:00:00,70.21
2025-03-02 08:00:00,151.06
2025-03-02 09:00:00,206.51
2025-03-02 10:00:00,244.95
2025-03-02 11:00:00,288.68
2025-03-02 12:00:00,387.11
2025-03-02 13:00:00,368.62
2025-03-02 14:00:00,347.54
2025-03-02 15:00:00,306.7
2025-03-02 16:00:00,202.64
2025-03-02 17:00:00,88.44
2025-03-02 18:00:00,6.06
2025-03-02 19:00:00,0.0
2025-03-02 20:00:00,0.0
2025-03-02 21:00:00,0.0
2025-03-02 22:00:00,0.0
2025-03-02 23:00:00,0.0
2025-03-03 00:00:00,0.0
2025-03-03 01:00:00,0.0
2025-03-03 02:00:00,0.0
2025-03-03 03:00:00,0.0
2025-03-03 04:00:00,0.0
2025-03-03 05:00:00,0.0
2025-03-03 06:00:00,5.31
2025-03-03 07:00:00,70.72
2025-03-03 08:00:00,158.61
2025-03-03 09:00:00,228.25
2025-03-03 10:00:00,263.8
2025-03-03 11:00:00,288.58
2025-03-03 12:00:00,326.01
2025-03-03 13:00:00,297.82
2025-03-03 14:00:00,294.27
2025-03-03 15:00:00,236.22
2025-03-03 16:00:00,174.8
2025-03-03 17:00:00,72.5
2025-03-03 18:00:00,5.23
2025-03-03 19:00:00,0.0
2025-03-03 20:00:00,0.0
2025-03-03 21:00:00,0.0
2025-03-03 22:00:00,0.0
2025-03-03 23:00:00,0.0
2025-03-04 00:00:00,0.0
2025-03-04 01:00:00,0.0
2025-03-04 02:00:00,0.0
2025-03-04 03:00:00,0.0
2025-03-04 04:00:00,0.0
2025-03-04 05:00:00,0.0
2025-03-04 06:00:00,5.77
2025-03-04 07:00:00,76.86
2025-03-04 08:00:00,151.64
2025-03-04 09:00:00,193.72
2025-03-04 10:00:00,222.23
2025-03-04 11:00:00,208.52
2025-03-04 12:00:00,155.13
2025-03-04 13:00:00,127.21
2025-03-04 14:00:00,127.27
2025-03-04 15:00:00,112.86
2025-03-04 16:00:00,100.35
2025-03-04 17:00:00,64.61
2025-03-04 18:00:00,7.24
2025-03-04 19:00:00,0.0
2025-03-04 20:00:00,0.0
2025-03-04 21:00:00,0.0
2025-03-04 22:00:00,0.0
2025-03-04 23:00:00,0.0
2025-03-05 00:00:00,0.0
2025-03-05 01:00:00,0.0
2025-03-05 02:00:00,0.0
2025-03-05 03:00:00,0.0
2025-03-05 04:00:00,0.0
2025-03-05 05:00:00,0.0
2025-03-05 06:00:00,7.65
2025-03-05 07:00:00,90.22
2025-03-05 08:00:00,141.68
2025-03-05 09:00:00,172.93
2025-03-05 10:00:00,191.82
2025-03-05 11:00:00,222.18
2025-03-05 12:00:00,326.39
2025-03-05 13:00:00,315.46
2025-03-05 14:00:00,267.27
2025-03-05 15:00:00,225.87
2025-03-05 16:00:00,148.71
2025-03-05 17:00:00,82.67
2025-03-05 18:00:00,6.35
2025-03-05 19:00:00,0.0
2025-03-05 20:00:00,0.0
2025-03-05 21:00:00,0.0
2025-03-05 22:00:00,0.0
2025-03-05 23:00:00,0.0
2025-03-06 00:00:00,0.0
2025-03-06 01:00:00,0.0
2025-03-06 02:00:00,0.0
2025-03-06 03:00:00,0.0
2025-03-06 04:00:00,0.0
2025-03-06 05:00:00,0.0
2025-03-06 06:00:00,8.79
2025-03-06 07:00:00,78.8
2025-03-06 08:00:00,133.83
2025-03-06 09:00:00,146.37
2025-03-06 10:00:00,153.49
2025-03-06 11:00:00,153.97
2025-03-06 12:00:00,180.05
2025-03-06 13:00:00,172.91
2025-03-06 14:00:00,169.01
2025-03-06 15:00:00,147.95
2025-03-06 16:00:00,123.61
2025-03-06 17:00:00,71.79
2025-03-06 18:00:00,7.92
2025-03-06 19:00:00,0.0
2025-03-06 20:00:00,0.0
2025-03-06 21:00:00,0.0
2025-03-06 22:00:00,0.0
2025-03-06 23:00:00,0.0
2025-03-07 00:00:00,0.0
2025-03-07 01:00:00,0.0
2025-03-07 02:00:00,0.0
2025-03-07 03:00:00,0.0
2025-03-07 04:00:00,0.0
2025-03-07 05:00:00,0.0
2025-03-07 06:00:00,8.98
2025-03-07 07:00:00,76.56
2025-03-07 08:00:00,141.82
2025-03-07 09:00:00,171.44
2025-03-07 10:00:00,192.07
2025-03-07 11:00:00,199.82
2025-03-07 12:00:00,215.07
2025-03-07 13:00:00,212.2
2025-03-07 14:00:00,205.67
2025-03-07 15:00:00,185.19
2025-03-07 16:00:00,152.05
2025-03-07 17:00:00,80.58
2025-03-07 18:00:00,7.5
2025-03-07 19:00:00,0.0
2025-03-07 20:00:00,0.0
2025-03-07 21:00:00,0.0
2025-03-07 22:00:00,0.0
2025-03-07 23:00:00,0.0
2025-03-08 00:00:00,0.0
2025-03-08 01:00:00,0.0
2025-03-08 02:00:00,0.0
2025-03-08 03:00:00,0.0
2025-03-08 04:00:00,0.0
2025-03-08 05:00:00,0.0
2025-03-08 06:00:00,8.83
2025-03-08 07:00:00,86.59
2025-03-08 08:00:00,158.45
2025-03-08 09:00:00,192.85
2025-03-08 10:00:00,214.05
2025-03-08 11:00:00,225.49
2025-03-08 12:00:00,224.13
2025-03-08 13:00:00,233.37
2025-03-08 14:00:00,223.67
2025-03-08 15:00:00,193.94
2025-03-08 16:00:00,156.03
2025-03-08 17:00:00,79.5
2025-03-08 18:00:00,7.09
2025-03-08 19:00:00,0.0
2025-03-08 20:00:00,0.0
2025-03-08 21:00:00,0.0
2025-03-08 22:00:00,0.0
2025-03-08 23:00:00,0.0
2025-03-09 00:00:00,0.0
2025-03-09 01:00:00,0.0
2025-03-09 02:00:00,0.0
2025-03-09 03:00:00,0.0
2025-03-09 04:00:00,0.0
2025-03-09 05:00:00,0.0
2025-03-09 06:00:00,7.89
2025-03-09 07:00:00,85.63
2025-03-09 08:00:00,164.42
2025-03-09 09:00:00,226.9
2025-03-09 10:00:00,261.54
2025-03-09 11:00:00,261.84
2025-03-09 12:00:00,278.67
2025-03-09 13:00:00,291.74
2025-03-09 14:00:00,284.83
2025-03-09 15:00:00,225.61
2025-03-09 16:00:00,174.15
2025-03-09 17:00:00,76.18
2025-03-09 18:00:00,6.68
2025-03-09 19:00:00,0.0
2025-03-09 20:00:00,0.0
2025-03-09 21:00:00,0.0
2025-03-09 22:00:00,0.0
2025-03-09 23:00:00,0.0
2025-03-10 00:00:00,0.0
2025-03-10 01:00:00,0.0
2025-03-10 02:00:00,0.0
2025-03-10 03:00:00,0.0
2025-03-10 04:00:00,0.0
2025-03-10 05:00:00,0.0
2025-03-10 06:00:00,8.23
2025-03-10 07:00:00,84.47
2025-03-10 08:00:00,165.78
2025-03-10 09:00:00,192.3
2025-03-10 10:00:00,223.67
2025-03-10 11:00:00,226.8
2025-03-10 12:00:00,223.38
2025-03-10 13:00:00,212.65
2025-03-10 14:00:00,189.62
2025-03-10 15:00:00,165.14
2025-03-10 16:00:00,130.87
2025-03-10 17:00:00,70.49
2025-03-10 18:00:00,7.94
2025-03-10 19:00:00,0.0
2025-03-10 20:00:00,0.0
2025-03-10 21:00:00,0.0
2025-03-10 22:00:00,0.0
2025-03-10 23:00:00,0.0
2025-03-11 00:00:00,0.0
2025-03-11 01:00:00,0.0
2025-03-11 02:00:00,0.0
2025-03-11 03:00:00,0.0
2025-03-11 04:00:00,0.0
2025-03-11 05:00:00,0.0
2025-03-11 06:00:00,9.64
2025-03-11 07:00:00,77.66
2025-03-11 08:00:00,129.24
2025-03-11 09:00:00,164.85
2025-03-11 10:00:00,177.26
2025-03-11 11:00:00,186.76
2025-03-11 12:00:00,238.73
2025-03-11 13:00:00,236.31
2025-03-11 14:00:00,216.63
2025-03-11 15:00:00,192.35
2025-03-11 16:00:00,152.98
2025-03-11 17:00:00,79.98
2025-03-11 18:00:00,8.03
2025-03-11 19:00:00,0.0
2025-03-11 20:00:00,0.0
2025-03-11 21:00:00,0.0
2025-03-11 22:00:00,0.0
2025-03-11 23:00:00,0.0
2025-03-12 00:00:00,0.0
2025-03-12 01:00:00,0.0
2025-03-12 02:00:00,0.0
2025-03-12 03:00:00,0.0
2025-03-12 04:00:00,0.0
2025-03-12 05:00:00,0.0
2025-03-12 06:00:00,10.03
2025-03-12 07:00:00,81.15
2025-03-12 08:00:00,145.09
2025-03-12 09:00:00,189.86
2025-03-12 10:00:00,207.38
2025-03-12 11:00:00,217.93
2025-03-12 12:00:00,229.15
2025-03-12 13:00:00,228.6
2025-03-12 14:00:00,212.28
2025-03-12 15:00:00,192.37
2025-03-12 16:00:00,154.68
2025-03-12 17:00:00,81.31
2025-03-12 18:00:00,8.22
2025-03-12 19:00:00,0.0
2025-03-12 20:00:00,0.0
2025-03-12 21:00:00,0.0
2025-03-12 22:00:00,0.0
2025-03-12 23:00:00,0.0
2025-03-13 00:00:00,0.0
2025-03-13 01:00:00,0.0
2025-03-13 02:00:00,0.0
2025-03-13 03:00:00,0.0
2025-03-13 04:00:00,0.0
2025-03-13 05:00:00,0.0
2025-03-13 06:00:00,9.82
2025-03-13 07:00:00,78.12
2025-03-13 08:00:00,146.63
2025-03-13 09:00:00,178.6
2025-03-13 10:00:00,198.82
2025-03-13 11:00:00,204.78
2025-03-13 12:00:00,249.86
2025-03-13 13:00:00,246.89
2025-03-13 14:00:00,229.92
2025-03-13 15:00:00,205.86
2025-03-13 16:00:00,158.1
2025-03-13 17:00:00,80.17
2025-03-13 18:00:00,8.15
2025-03-13 19:00:00,0.0
2025-03-13 20:00:00,0.0
2025-03-13 21:00:00,0.0
2025-03-13 22:00:00,0.0
2025-03-13 23:00:00,0.0
2025-03-14 00:00:00,0.0
2025-03-14 01:00:00,0.0
2025-03-14 02:00:00,0.0
2025-03-14 03:00:00,0.0
2025-03-14 04:00:00,0.0
2025-03-14 05:00:00,0.0
2025-03-14 06:00:00,10.49
2025-03-14 07:00:00,82.47
2025-03-14 08:00:00,159.17
2025-03-14 09:00:00,201.09
2025-03-14 10:00:00,228.93
2025-03-14 11:00:00,241.21
2025-03-14 12:00:00,247.94
2025-03-14 13:00:00,244.78
2025-03-14 14:00:00,228.04
2025-03-14 15:00:00,190.49
2025-03-14 16:00:00,143.36
2025-03-14 17:00:00,75.06
2025-03-14 18:00:00,8.09
2025-03-14 19:00:00,0.0
2025-03-14 20:00:00,0.0
2025-03-14 21:00:00,0.0
2025-03-14 22:00:00,0.0
2025-03-14 23:00:00,0.0
2025-03-15 00:00:00,0.0
2025-03-15 01:00:00,0.0
2025-03-15 02:00:00,0.0
2025-03-15 03:00:00,0.0
2025-03-15 04:00:00,0.0
2025-03-15 05:00:00,0.0
2025-03-15 06:00:00,9.95
2025-03-15 07:00:00,85.32
2025-03-15 08:00:00,164.93
2025-03-15 09:00:00,214.67
2025-03-15 10:00:00,243.86
2025-03-15 11:00:00,252.83
2025-03-15 12:00:00,246.41
2025-03-15 13:00:00,285.85
2025-03-15 14:00:00,261.13
2025-03-15 15:00:00,191.65
2025-03-15 16:00:00,152.71
2025-03-15 17:00:00,73.79
2025-03-15 18:00:00,8.23
2025-03-15 19:00:00,0.0
2025-03-15 20:00:00,0.0
2025-03-15 21:00:00,0.0
2025-03-15 22:00:00,0.0
2025-03-15 23:00:00,0.0
2025-03-16 00:00:00,0.0
2025-03-16 01:00:00,0.0
2025-03-16 02:00:00,0.0
2025-03-16 03:00:00,0.0
2025-03-16 04:00:00,0.0
2025-03-16 05:00:00,0.0
2025-03-16 06:00:00,9.37
2025-03-16 07:00:00,84.81
2025-03-16 08:00:00,168.0
2025-03-16 09:00:00,218.21
2025-03-16 10:00:00,263.38
2025-03-16 11:00:00,271.69
2025-03-16 12:00:00,311.67
2025-03-16 13:00:00,277.25
2025-03-16 14:00:00,258.86
2025-03-16 15:00:00,213.74
2025-03-16 16:00:00,171.29
2025-03-16 17:00:00,77.84
2025-03-16 18:00:00,6.86
2025-03-16 19:00:00,0.0
2025-03-16 20:00:00,0.0
2025-03-16 21:00:00,0.0
2025-03-16 22:00:00,0.0
2025-03-16 23:00:00,0.0
2025-03-17 00:00:00,0.0
2025-03-17 01:00:00,0.0
2025-03-17 02:00:00,0.0
2025-03-17 03:00:00,0.0
2025-03-17 04:00:00,0.0
2025-03-17 05:00:00,0.0
2025-03-17 06:00:00,10.82
2025-03-17 07:00:00,84.97
2025-03-17 08:00:00,174.95
2025-03-17 09:00:00,235.4
2025-03-17 10:00:00,275.03
2025-03-17 11:00:00,305.96
2025-03-17 12:00:00,348.66
2025-03-17 13:00:00,342.96
2025-03-17 14:00:00,295.53
2025-03-17 15:00:00,231.71
2025-03-17 16:00:00,171.4
2025-03-17 17:00:00,74.06
2025-03-17 18:00:00,6.32
2025-03-17 19:00:00,0.0
2025-03-17 20:00:00,0.0
2025-03-17 21:00:00,0.0
2025-03-17 22:00:00,0.0
2025-03-17 23:00:00,0.0
2025-03-18 00:00:00,0.0
2025-03-18 01:00:00,0.0
2025-03-18 02:00:00,0.0
2025-03-18 03:00:00,0.0
2025-03-18 04:00:00,0.0
2025-03-18 05:00:00,0.0
2025-03-18 06:00:00,10.83
2025-03-18 07:00:00,86.19
2025-03-18 08:00:00,170.21
2025-03-18 09:00:00,236.73
2025-03-18 10:00:00,309.04
2025-03-18 11:00:00,258.92
2025-03-18 12:00:00,315.09
2025-03-18 13:00:00,307.27
2025-03-18 14:00:00,268.76
2025-03-18 15:00:00,222.66
2025-03-18 16:00:00,172.29
2025-03-18 17:00:00,81.04
2025-03-18 18:00:00,8.05
2025-03-18 19:00:00,0.0
2025-03-18 20:00:00,0.0
2025-03-18 21:00:00,0.0
2025-03-18 22:00:00,0.0
2025-03-18 23:00:00,0.0
2025-03-19 00:00:00,0.0
2025-03-19 01:00:00,0.0
2025-03-19 02:00:00,0.0
2025-03-19 03:00:00,0.0
2025-03-19 04:00:00,0.0
2025-03-19 05:00:00,0.0
2025-03-19 06:00:00,12.55
2025-03-19 07:00:00,85.56
2025-03-19 08:00:00,162.06
2025-03-19 09:00:00,214.99
2025-03-19 10:00:00,264.49
2025-03-19 11:00:00,266.11
2025-03-19 12:00:00,353.14
2025-03-19 13:00:00,341.22
2025-03-19 14:00:00,292.37
2025-03-19 15:00:00,228.39
2025-03-19 16:00:00,174.51
2025-03-19 17:00:00,78.59
2025-03-19 18:00:00,7.01
2025-03-19 19:00:00,0.0
2025-03-19 20:00:00,0.0
2025-03-19 21:00:00,0.0
2025-03-19 22:00:00,0.0
2025-03-19 23:00:00,0.0
2025-03-20 00:00:00,0.0
2025-03-20 01:00:00,0.0
2025-03-20 02:00:00,0.0
2025-03-20 03:00:00,0.0
2025-03-20 04:00:00,0.0
2025-03-20 05:00:00,0.0
2025-03-20 06:00:00,13.5
2025-03-20 07:00:00,97.94
2025-03-20 08:00:00,179.69
2025-03-20 09:00:00,239.29
2025-03-20 10:00:00,276.06
2025-03-20 11:00:00,270.07
2025-03-20 12:00:00,316.32
2025-03-20 13:00:00,287.83
2025-03-20 14:00:00,266.06
2025-03-20 15:00:00,214.61
2025-03-20 16:00:00,150.35
2025-03-20 17:00:00,81.24
2025-03-20 18:00:00,7.99
2025-03-20 19:00:00,0.0
2025-03-20 20:00:00,0.0
2025-03-20 21:00:00,0.0
2025-03-20 22:00:00,0.0
2025-03-20 23:00:00,0.0
2025-03-21 00:00:00,0.0
2025-03-21 01:00:00,0.0
2025-03-21 02:00:00,0.0
2025-03-21 03:00:00,0.0
2025-03-21 04:00:00,0.0
2025-03-21 05:00:00,0.0
2025-03-21 06:00:00,14.15
2025-03-21 07:00:00,92.62
2025-03-21 08:00:00,161.92
2025-03-21 09:00:00,305.89
2025-03-21 10:00:00,258.71
2025-03-21 11:00:00,264.99
2025-03-21 12:00:00,252.12
2025-03-21 13:00:00,397.51
2025-03-21 14:00:00,406.11
2025-03-21 15:00:00,309.32
2025-03-21 16:00:00,205.75
2025-03-21 17:00:00,86.02
2025-03-21 18:00:00,8.44
2025-03-21 19:00:00,0.0
2025-03-21 20:00:00,0.0
2025-03-21 21:00:00,0.0
2025-03-21 22:00:00,0.0
2025-03-21 23:00:00,0.0
2025-03-22 00:00:00,0.0
2025-03-22 01:00:00,0.0
2025-03-22 02:00:00,0.0
2025-03-22 03:00:00,0.0
2025-03-22 04:00:00,0.0
2025-03-22 05:00:00,0.0
2025-03-22 06:00:00,4.32
2025-03-22 07:00:00,35.49
2025-03-22 08:00:00,82.94
2025-03-22 09:00:00,152.87
2025-03-22 10:00:00,244.68
2025-03-22 11:00:00,312.13
2025-03-22 12:00:00,324.28
2025-03-22 13:00:00,249.78
2025-03-22 14:00:00,174.51
2025-03-22 15:00:00,170.83
2025-03-22 16:00:00,63.09
2025-03-22 17:00:00,13.38
2025-03-22 18:00:00,3.21
2025-03-22 19:00:00,0.0
2025-03-22 20:00:00,0.0
2025-03-22 21:00:00,0.0
2025-03-22 22:00:00,0.0
2025-03-22 23:00:00,0.0
2025-03-23 00:00:00,0.0
2025-03-23 01:00:00,0.0
2025-03-23 02:00:00,0.0
2025-03-23 03:00:00,0.0
2025-03-23 04:00:00,0.0
2025-03-23 05:00:00,0.0
2025-03-23 06:00:00,13.9
2025-03-23 07:00:00,73.03
2025-03-23 08:00:00,138.61
2025-03-23 09:00:00,241.71
2025-03-23 10:00:00,324.71
2025-03-23 11:00:00,306.46
2025-03-23 12:00:00,328.39
2025-03-23 13:00:00,235.34
2025-03-23 14:00:00,287.52
2025-03-23 15:00:00,237.42
2025-03-23 16:00:00,165.06
2025-03-23 17:00:00,71.43
2025-03-23 18:00:00,8.05
2025-03-23 19:00:00,0.0
2025-03-23 20:00:00,0.0
2025-03-23 21:00:00,0.0
2025-03-23 22:00:00,0.0
2025-03-23 23:00:00,0.0
2025-03-24 00:00:00,0.0
2025-03-24 01:00:00,0.0
2025-03-24 02:00:00,0.0
2025-03-24 03:00:00,0.0
2025-03-24 04:00:00,0.0
2025-03-24 05:00:00,0.0
2025-03-24 06:00:00,16.92
2025-03-24 07:00:00,102.08
2025-03-24 08:00:00,162.09
2025-03-24 09:00:00,228.19
2025-03-24 10:00:00,258.54
2025-03-24 11:00:00,277.89
2025-03-24 12:00:00,305.77
2025-03-24 13:00:00,317.3
2025-03-24 14:00:00,321.12
2025-03-24 15:00:00,250.52
2025-03-24 16:00:00,181.52
2025-03-24 17:00:00,81.62
2025-03-24 18:00:00,9.09
2025-03-24 19:00:00,0.0
2025-03-24 20:00:00,0.0
2025-03-24 21:00:00,0.0
2025-03-24 22:00:00,0.0
2025-03-24 23:00:00,0.0
2025-03-25 00:00:00,0.0
2025-03-25 01:00:00,0.0
2025-03-25 02:00:00,0.0
2025-03-25 03:00:00,0.0
2025-03-25 04:00:00,0.0
2025-03-25 05:00:00,0.0
2025-03-25 06:00:00,16.03
2025-03-25 07:00:00,90.86
2025-03-25 08:00:00,168.8
2025-03-25 09:00:00,209.45
2025-03-25 10:00:00,238.43
2025-03-25 11:00:00,262.72
2025-03-25 12:00:00,291.8
2025-03-25 13:00:00,256.91
2025-03-25 14:00:00,276.54
2025-03-25 15:00:00,189.55
2025-03-25 16:00:00,133.42
2025-03-25 17:00:00,84.65
2025-03-25 18:00:00,9.69
2025-03-25 19:00:00,0.0
2025-03-25 20:00:00,0.0
2025-03-25 21:00:00,0.0
2025-03-25 22:00:00,0.0
2025-03-25 23:00:00,0.0
2025-03-26 00:00:00,0.0
2025-03-26 01:00:00,0.0
2025-03-26 02:00:00,0.0
2025-03-26 03:00:00,0.0
2025-03-26 04:00:00,0.0
2025-03-26 05:00:00,0.0
2025-03-26 06:00:00,18.0
2025-03-26 07:00:00,92.22
2025-03-26 08:00:00,159.22
2025-03-26 09:00:00,185.72
2025-03-26 10:00:00,205.8
2025-03-26 11:00:00,215.9
2025-03-26 12:00:00,231.94
2025-03-26 13:00:00,218.83
2025-03-26 14:00:00,219.64
2025-03-26 15:00:00,183.73
2025-03-26 16:00:00,142.76
2025-03-26 17:00:00,75.58
2025-03-26 18:00:00,9.43
2025-03-26 19:00:00,0.0
2025-03-26 20:00:00,0.0
2025-03-26 21:00:00,0.0
2025-03-26 22:00:00,0.0
2025-03-26 23:00:00,0.0
2025-03-27 00:00:00,0.0
2025-03-27 01:00:00,0.0
2025-03-27 02:00:00,0.0
2025-03-27 03:00:00,0.0
2025-03-27 04:00:00,0.0
2025-03-27 05:00:00,0.0
2025-03-27 06:00:00,18.61
2025-03-27 07:00:00,103.69
2025-03-27 08:00:00,177.66
2025-03-27 09:00:00,198.22
2025-03-27 10:00:00,220.04
2025-03-27 11:00:00,228.06
2025-03-27 12:00:00,258.03
2025-03-27 13:00:00,228.61
2025-03-27 14:00:00,222.89
2025-03-27 15:00:00,193.3
2025-03-27 16:00:00,149.01
2025-03-27 17:00:00,74.5
2025-03-27 18:00:00,9.49
2025-03-27 19:00:00,0.0
2025-03-27 20:00:00,0.0
2025-03-27 21:00:00,0.0
2025-03-27 22:00:00,0.0
2025-03-27 23:00:00,0.0
2025-03-28 00:00:00,0.0
2025-03-28 01:00:00,0.0
2025-03-28 02:00:00,0.0
2025-03-28 03:00:00,0.0
2025-03-28 04:00:00,0.0
2025-03-28 05:00:00,0.0
2025-03-28 06:00:00,18.87
2025-03-28 07:00:00,108.65
2025-03-28 08:00:00,171.71
2025-03-28 09:00:00,245.82
2025-03-28 10:00:00,257.96
2025-03-28 11:00:00,280.87
2025-03-28 12:00:00,301.21
2025-03-28 13:00:00,250.42
2025-03-28 14:00:00,235.18
2025-03-28 15:00:00,202.92
2025-03-28 16:00:00,145.5
2025-03-28 17:00:00,80.5
2025-03-28 18:00:00,9.61
2025-03-28 19:00:00,0.0
2025-03-28 20:00:00,0.0
2025-03-28 21:00:00,0.0
2025-03-28 22:00:00,0.0
2025-03-28 23:00:00,0.0
2025-03-29 00:00:00,0.0
2025-03-29 01:00:00,0.0
2025-03-29 02:00:00,0.0
2025-03-29 03:00:00,0.0
2025-03-29 04:00:00,0.0
2025-03-29 05:00:00,0.0
2025-03-29 06:00:00,18.55
2025-03-29 07:00:00,97.79
2025-03-29 08:00:00,164.73
2025-03-29 09:00:00,227.1
2025-03-29 10:00:00,262.68
2025-03-29 11:00:00,249.32
2025-03-29 12:00:00,256.45
2025-03-29 13:00:00,282.54
2025-03-29 14:00:00,258.97
2025-03-29 15:00:00,214.9
2025-03-29 16:00:00,154.73
2025-03-29 17:00:00,76.7
2025-03-29 18:00:00,8.38
2025-03-29 19:00:00,0.0
2025-03-29 20:00:00,0.0
2025-03-29 21:00:00,0.0
2025-03-29 22:00:00,0.0
2025-03-29 23:00:00,0.0
2025-03-30 00:00:00,0.0
2025-03-30 01:00:00,0.0
2025-03-30 02:00:00,0.0
2025-03-30 03:00:00,0.0
2025-03-30 04:00:00,0.0
2025-03-30 05:00:00,0.0
2025-03-30 06:00:00,20.1
2025-03-30 07:00:00,107.82
2025-03-30 08:00:00,163.15
2025-03-30 09:00:00,239.47
2025-03-30 10:00:00,297.61
2025-03-30 11:00:00,308.98
2025-03-30 12:00:00,271.87
2025-03-30 13:00:00,302.33
2025-03-30 14:00:00,277.07
2025-03-30 15:00:00,223.33
2025-03-30 16:00:00,164.57
2025-03-30 17:00:00,82.66
2025-03-30 18:00:00,8.94
2025-03-30 19:00:00,0.0
2025-03-30 20:00:00,0.0
2025-03-30 21:00:00,0.0
2025-03-30 22:00:00,0.0
2025-03-30 23:00:00,0.0
2025-03-31 00:00:00,0.0
2025-03-31 01:00:00,0.0
2025-03-31 02:00:00,0.0
2025-03-31 03:00:00,0.0
2025-03-31 04:00:00,0.0
2025-03-31 05:00:00,0.0
2025-03-31 06:00:00,19.84
2025-03-31 07:00:00,105.5
2025-03-31 08:00:00,187.86
2025-03-31 09:00:00,255.15
2025-03-31 10:00:00,291.51
2025-03-31 11:00:00,274.29
2025-03-31 12:00:00,243.56
2025-03-31 13:00:00,287.63
2025-03-31 14:00:00,271.17
2025-03-31 15:00:00,216.14
2025-03-31 16:00:00,154.84
2025-03-31 17:00:00,83.22
2025-03-31 18:00:00,9.67
2025-03-31 19:00:00,0.0
2025-03-31 20:00:00,0.0
2025-03-31 21:00:00,0.0
2025-03-31 22:00:00,0.0
2025-03-31 23:00:00,0.0
2025-04-01 00:00:00,0.0
2025-04-01 01:00:00,0.0
2025-04-01 02:00:00,0.0
2025-04-01 03:00:00,0.0
2025-04-01 04:00:00,0.0
2025-04-01 05:00:00,0.0
2025-04-01 06:00:00,20.43
2025-04-01 07:00:00,107.21
2025-04-01 08:00:00,189.31
2025-04-01 09:00:00,233.71
2025-04-01 10:00:00,233.08
2025-04-01 11:00:00,241.47
2025-04-01 12:00:00,269.28
2025-04-01 13:00:00,258.01
2025-04-01 14:00:00,230.4
2025-04-01 15:00:00,198.15
2025-04-01 16:00:00,151.03
2025-04-01 17:00:00,87.13
2025-04-01 18:00:00,10.67
2025-04-01 19:00:00,0.0
2025-04-01 20:00:00,0.0
2025-04-01 21:00:00,0.0
2025-04-01 22:00:00,0.0
2025-04-01 23:00:00,0.0
2025-04-02 00:00:00,0.0
2025-04-02 01:00:00,0.0
2025-04-02 02:00:00,0.0
2025-04-02 03:00:00,0.0
2025-04-02 04:00:00,0.0
2025-04-02 05:00:00,0.0
2025-04-02 06:00:00,20.03
2025-04-02 07:00:00,107.73
2025-04-02 08:00:00,196.66
2025-04-02 09:00:00,228.6
2025-04-02 10:00:00,255.68
2025-04-02 11:00:00,258.47
2025-04-02 12:00:00,233.86
2025-04-02 13:00:00,262.96
2025-04-02 14:00:00,255.16
2025-04-02 15:00:00,210.91
2025-04-02 16:00:00,167.96
2025-04-02 17:00:00,85.69
2025-04-02 18:00:00,11.43
2025-04-02 19:00:00,0.0
2025-04-02 20:00:00,0.0
2025-04-02 21:00:00,0.0
2025-04-02 22:00:00,0.0
2025-04-02 23:00:00,0.0
2025-04-03 00:00:00,0.0
2025-04-03 01:00:00,0.0
2025-04-03 02:00:00,0.0
2025-04-03 03:00:00,0.0
2025-04-03 04:00:00,0.0
2025-04-03 05:00:00,0.0
2025-04-03 06:00:00,24.77
2025-04-03 07:00:00,104.01
2025-04-03 08:00:00,161.79
2025-04-03 09:00:00,180.38
2025-04-03 10:00:00,198.07
2025-04-03 11:00:00,219.92
2025-04-03 12:00:00,167.71
2025-04-03 13:00:00,197.48
2025-04-03 14:00:00,173.48
2025-04-03 15:00:00,124.5
2025-04-03 16:00:00,137.05
2025-04-03 17:00:00,85.67
2025-04-03 18:00:00,12.8
2025-04-03 19:00:00,0.0
2025-04-03 20:00:00,0.0
2025-04-03 21:00:00,0.0
2025-04-03 22:00:00,0.0
2025-04-03 23:00:00,0.0
2025-04-04 00:00:00,0.0
2025-04-04 01:00:00,0.0
2025-04-04 02:00:00,0.0
2025-04-04 03:00:00,0.0
2025-04-04 04:00:00,0.0
2025-04-04 05:00:00,0.0
2025-04-04 06:00:00,18.92
2025-04-04 07:00:00,111.39
2025-04-04 08:00:00,215.91
2025-04-04 09:00:00,377.53
2025-04-04 10:00:00,400.11
2025-04-04 11:00:00,360.9
2025-04-04 12:00:00,357.38
2025-04-04 13:00:00,345.18
2025-04-04 14:00:00,397.57
2025-04-04 15:00:00,298.86
2025-04-04 16:00:00,192.26
2025-04-04 17:00:00,81.69
2025-04-04 18:00:00,8.92
2025-04-04 19:00:00,0.0
2025-04-04 20:00:00,0.0
2025-04-04 21:00:00,0.0
2025-04-04 22:00:00,0.0
2025-04-04 23:00:00,0.0
2025-04-05 00:00:00,0.0
2025-04-05 01:00:00,0.0
2025-04-05 02:00:00,0.0
2025-04-05 03:00:00,0.0
2025-04-05 04:00:00,0.0
2025-04-05 05:00:00,0.0
2025-04-05 06:00:00,23.36
2025-04-05 07:00:00,112.13
2025-04-05 08:00:00,183.78
2025-04-05 09:00:00,229.89
2025-04-05 10:00:00,262.09
2025-04-05 11:00:00,296.62
2025-04-05 12:00:00,253.16
2025-04-05 13:00:00,264.34
2025-04-05 14:00:00,257.48
2025-04-05 15:00:00,220.59
2025-04-05 16:00:00,164.95
2025-04-05 17:00:00,88.52
2025-04-05 18:00:00,10.81
2025-04-05 19:00:00,0.0
2025-04-05 20:00:00,0.0
2025-04-05 21:00:00,0.0
2025-04-05 22:00:00,0.0
2025-04-05 23:00:00,0.0
2025-04-06 00:00:00,0.0
2025-04-06 01:00:00,0.0
2025-04-06 02:00:00,0.0
2025-04-06 03:00:00,0.0
2025-04-06 04:00:00,0.0
2025-04-06 05:00:00,0.0
2025-04-06 06:00:00,28.73
2025-04-06 07:00:00,125.68
2025-04-06 08:00:00,233.92
2025-04-06 09:00:00,281.59
2025-04-06 10:00:00,265.49
2025-04-06 11:00:00,322.89
2025-04-06 12:00:00,337.69
2025-04-06 13:00:00,308.96
2025-04-06 14:00:00,288.45
2025-04-06 15:00:00,221.1
2025-04-06 16:00:00,162.75
2025-04-06 17:00:00,86.38
2025-04-06 18:00:00,9.72
2025-04-06 19:00:00,0.0
2025-04-06 20:00:00,0.0
2025-04-06 21:00:00,0.0
2025-04-06 22:00:00,0.0
2025-04-06 23:00:00,0.0
2025-04-07 00:00:00,0.0
2025-04-07 01:00:00,0.0
2025-04-07 02:00:00,0.0
2025-04-07 03:00:00,0.0
2025-04-07 04:00:00,0.0
2025-04-07 05:00:00,0.0
2025-04-07 06:00:00,24.67
2025-04-07 07:00:00,108.54
2025-04-07 08:00:00,192.06
2025-04-07 09:00:00,239.42
2025-04-07 10:00:00,272.11
2025-04-07 11:00:00,288.25
2025-04-07 12:00:00,228.68
2025-04-07 13:00:00,237.69
2025-04-07 14:00:00,247.26
2025-04-07 15:00:00,219.29
2025-04-07 16:00:00,164.57
2025-04-07 17:00:00,87.03
2025-04-07 18:00:00,11.47
2025-04-07 19:00:00,0.0
2025-04-07 20:00:00,0.0
2025-04-07 21:00:00,0.0
2025-04-07 22:00:00,0.0
2025-04-07 23:00:00,0.0
2025-04-08 00:00:00,0.0
2025-04-08 01:00:00,0.0
2025-04-08 02:00:00,0.0
2025-04-08 03:00:00,0.0
2025-04-08 04:00:00,0.0
2025-04-08 05:00:00,0.0
2025-04-08 06:00:00,27.55
2025-04-08 07:00:00,120.16
2025-04-08 08:00:00,205.07
2025-04-08 09:00:00,244.2
2025-04-08 10:00:00,293.78
2025-04-08 11:00:00,321.56
2025-04-08 12:00:00,273.08
2025-04-08 13:00:00,280.36
2025-04-08 14:00:00,215.27
2025-04-08 15:00:00,170.43
2025-04-08 16:00:00,142.62
2025-04-08 17:00:00,86.1
2025-04-08 18:00:00,11.92
2025-04-08 19:00:00,0.0
2025-04-08 20:00:00,0.0
2025-04-08 21:00:00,0.0
2025-04-08 22:00:00,0.0
2025-04-08 23:00:00,0.0
2025-04-09 00:00:00,0.0
2025-04-09 01:00:00,0.0
2025-04-09 02:00:00,0.0
2025-04-09 03:00:00,0.0
2025-04-09 04:00:00,0.0
2025-04-09 05:00:00,0.0
2025-04-09 06:00:00,31.91
2025-04-09 07:00:00,106.96
2025-04-09 08:00:00,172.55
2025-04-09 09:00:00,206.59
2025-04-09 10:00:00,256.73
2025-04-09 11:00:00,467.05
2025-04-09 12:00:00,442.96
2025-04-09 13:00:00,175.61
2025-04-09 14:00:00,375.1
2025-04-09 15:00:00,171.82
2025-04-09 16:00:00,113.84
2025-04-09 17:00:00,77.48
2025-04-09 18:00:00,13.47
2025-04-09 19:00:00,0.0
2025-04-09 20:00:00,0.0
2025-04-09 21:00:00,0.0
2025-04-09 22:00:00,0.0
2025-04-09 23:00:00,0.0
2025-04-10 00:00:00,0.0
2025-04-10 01:00:00,0.0
2025-04-10 02:00:00,0.0
2025-04-10 03:00:00,0.0
2025-04-10 04:00:00,0.0
2025-04-10 05:00:00,0.0
2025-04-10 06:00:00,37.12
2025-04-10 07:00:00,122.36
2025-04-10 08:00:00,157.94
2025-04-10 09:00:00,160.94
2025-04-10 10:00:00,172.83
2025-04-10 11:00:00,235.25
2025-04-10 12:00:00,226.27
2025-04-10 13:00:00,300.49
2025-04-10 14:00:00,261.25
2025-04-10 15:00:00,210.42
2025-04-10 16:00:00,169.79
2025-04-10 17:00:00,99.91
2025-04-10 18:00:00,13.29
2025-04-10 19:00:00,0.0
2025-04-10 20:00:00,0.0
2025-04-10 21:00:00,0.0
2025-04-10 22:00:00,0.0
2025-04-10 23:00:00,0.0
2025-04-11 00:00:00,0.0
2025-04-11 01:00:00,0.0
2025-04-11 02:00:00,0.0
2025-04-11 03:00:00,0.0
2025-04-11 04:00:00,0.0
2025-04-11 05:00:00,0.0
2025-04-11 06:00:00,36.37
2025-04-11 07:00:00,155.69
2025-04-11 08:00:00,250.2
2025-04-11 09:00:00,250.91
2025-04-11 10:00:00,266.13
2025-04-11 11:00:00,356.44
2025-04-11 12:00:00,335.43
2025-04-11 13:00:00,460.28
2025-04-11 14:00:00,320.58
2025-04-11 15:00:00,289.3
2025-04-11 16:00:00,221.55
2025-04-11 17:00:00,106.89
2025-04-11 18:00:00,11.6
2025-04-11 19:00:00,0.0
2025-04-11 20:00:00,0.0
2025-04-11 21:00:00,0.0
2025-04-11 22:00:00,0.0
2025-04-11 23:00:00,0.0
2025-04-12 00:00:00,0.0
2025-04-12 01:00:00,0.0
2025-04-12 02:00:00,0.0
2025-04-12 03:00:00,0.0
2025-04-12 04:00:00,0.0
2025-04-12 05:00:00,0.0
2025-04-12 06:00:00,33.93
2025-04-12 07:00:00,119.15
2025-04-12 08:00:00,190.24
2025-04-12 09:00:00,243.75
2025-04-12 10:00:00,267.93
2025-04-12 11:00:00,229.15
2025-04-12 12:00:00,340.75
2025-04-12 13:00:00,352.1
2025-04-12 14:00:00,282.64
2025-04-12 15:00:00,206.43
2025-04-12 16:00:00,154.68
2025-04-12 17:00:00,67.15
2025-04-12 18:00:00,7.47
2025-04-12 19:00:00,0.0
2025-04-12 20:00:00,0.0
2025-04-12 21:00:00,0.0
2025-04-12 22:00:00,0.0
2025-04-12 23:00:00,0.0
2025-04-13 00:00:00,0.0
2025-04-13 01:00:00,0.0
2025-04-13 02:00:00,0.0
2025-04-13 03:00:00,0.0
2025-04-13 04:00:00,0.0
2025-04-13 05:00:00,0.0
2025-04-13 06:00:00,36.08
2025-04-13 07:00:00,140.82
2025-04-13 08:00:00,209.97
2025-04-13 09:00:00,258.86
2025-04-13 10:00:00,342.17
2025-04-13 11:00:00,387.53
2025-04-13 12:00:00,369.8
2025-04-13 13:00:00,257.81
2025-04-13 14:00:00,359.6
2025-04-13 15:00:00,255.29
2025-04-13 16:00:00,199.13
2025-04-13 17:00:00,102.32
2025-04-13 18:00:00,11.12
2025-04-13 19:00:00,0.0
2025-04-13 20:00:00,0.0
2025-04-13 21:00:00,0.0
2025-04-13 22:00:00,0.0
2025-04-13 23:00:00,0.0
2025-04-14 00:00:00,0.0
2025-04-14 01:00:00,0.0
2025-04-14 02:00:00,0.0
2025-04-14 03:00:00,0.0
2025-04-14 04:00:00,0.0
2025-04-14 05:00:00,0.0
2025-04-14 06:00:00,29.63
2025-04-14 07:00:00,135.12
2025-04-14 08:00:00,249.85
2025-04-14 09:00:00,370.5
2025-04-14 10:00:00,381.05
2025-04-14 11:00:00,376.35
2025-04-14 12:00:00,342.85
2025-04-14 13:00:00,315.76
2025-04-14 14:00:00,276.89
2025-04-14 15:00:00,234.19
2025-04-14 16:00:00,193.68
2025-04-14 17:00:00,100.89
2025-04-14 18:00:00,12.35
2025-04-14 19:00:00,0.0
2025-04-14 20:00:00,0.0
2025-04-14 21:00:00,0.0
2025-04-14 22:00:00,0.0
2025-04-14 23:00:00,0.0
2025-04-15 00:00:00,0.0
2025-04-15 01:00:00,0.0
2025-04-15 02:00:00,0.0
2025-04-15 03:00:00,0.0
2025-04-15 04:00:00,0.0
2025-04-15 05:00:00,0.0
2025-04-15 06:00:00,32.16
2025-04-15 07:00:00,126.18
2025-04-15 08:00:00,221.85
2025-04-15 09:00:00,378.89
2025-04-15 10:00:00,452.23
2025-04-15 11:00:00,491.28
2025-04-15 12:00:00,477.02
2025-04-15 13:00:00,338.77
2025-04-15 14:00:00,271.24
2025-04-15 15:00:00,200.85
2025-04-15 16:00:00,141.68
2025-04-15 17:00:00,67.09
2025-04-15 18:00:00,6.3
2025-04-15 19:00:00,0.0
2025-04-15 20:00:00,0.0
2025-04-15 21:00:00,0.0
2025-04-15 22:00:00,0.0
2025-04-15 23:00:00,0.0
2025-04-16 00:00:00,0.0
2025-04-16 01:00:00,0.0
2025-04-16 02:00:00,0.0
2025-04-16 03:00:00,0.0
2025-04-16 04:00:00,0.0
2025-04-16 05:00:00,0.0
2025-04-16 06:00:00,34.36
2025-04-16 07:00:00,136.93
2025-04-16 08:00:00,196.23
2025-04-16 09:00:00,262.57
2025-04-16 10:00:00,305.29
2025-04-16 11:00:00,290.52
2025-04-16 12:00:00,342.63
2025-04-16 13:00:00,346.96
2025-04-16 14:00:00,312.28
2025-04-16 15:00:00,244.48
2025-04-16 16:00:00,200.69
2025-04-16 17:00:00,95.89
2025-04-16 18:00:00,12.98
2025-04-16 19:00:00,0.0
2025-04-16 20:00:00,0.0
2025-04-16 21:00:00,0.0
2025-04-16 22:00:00,0.0
2025-04-16 23:00:00,0.0
2025-04-17 00:00:00,0.0
2025-04-17 01:00:00,0.0
2025-04-17 02:00:00,0.0
2025-04-17 03:00:00,0.0
2025-04-17 04:00:00,0.0
2025-04-17 05:00:00,0.0
2025-04-17 06:00:00,35.21
2025-04-17 07:00:00,129.82
2025-04-17 08:00:00,198.96
2025-04-17 09:00:00,345.1
2025-04-17 10:00:00,295.03
2025-04-17 11:00:00,278.75
2025-04-17 12:00:00,343.18
2025-04-17 13:00:00,388.18
2025-04-17 14:00:00,332.31
2025-04-17 15:00:00,229.75
2025-04-17 16:00:00,167.52
2025-04-17 17:00:00,71.51
2025-04-17 18:00:00,10.35
2025-04-17 19:00:00,0.0
2025-04-17 20:00:00,0.0
2025-04-17 21:00:00,0.0
2025-04-17 22:00:00,0.0
2025-04-17 23:00:00,0.0
2025-04-18 00:00:00,0.0
2025-04-18 01:00:00,0.0
2025-04-18 02:00:00,0.0
2025-04-18 03:00:00,0.0
2025-04-18 04:00:00,0.0
2025-04-18 05:00:00,0.0
2025-04-18 06:00:00,30.93
2025-04-18 07:00:00,119.41
2025-04-18 08:00:00,174.1
2025-04-18 09:00:00,240.71
2025-04-18 10:00:00,330.65
2025-04-18 11:00:00,335.21
2025-04-18 12:00:00,299.58
2025-04-18 13:00:00,327.03
2025-04-18 14:00:00,283.28
2025-04-18 15:00:00,238.41
2025-04-18 16:00:00,185.8
2025-04-18 17:00:00,93.3
2025-04-18 18:00:00,13.45
2025-04-18 19:00:00,0.0
2025-04-18 20:00:00,0.0
2025-04-18 21:00:00,0.0
2025-04-18 22:00:00,0.0
2025-04-18 23:00:00,0.0
2025-04-19 00:00:00,0.0
2025-04-19 01:00:00,0.0
2025-04-19 02:00:00,0.0
2025-04-19 03:00:00,0.0
2025-04-19 04:00:00,0.0
2025-04-19 05:00:00,0.0
2025-04-19 06:00:00,39.33
2025-04-19 07:00:00,157.04
2025-04-19 08:00:00,280.87
2025-04-19 09:00:00,372.74
2025-04-19 10:00:00,413.95
2025-04-19 11:00:00,417.32
2025-04-19 12:00:00,375.99
2025-04-19 13:00:00,341.65
2025-04-19 14:00:00,335.32
2025-04-19 15:00:00,313.09
2025-04-19 16:00:00,217.63
2025-04-19 17:00:00,108.21
2025-04-19 18:00:00,14.61
2025-04-19 19:00:00,0.0
2025-04-19 20:00:00,0.0
2025-04-19 21:00:00,0.0
2025-04-19 22:00:00,0.0
2025-04-19 23:00:00,0.0
2025-04-20 00:00:00,0.0
2025-04-20 01:00:00,0.0
2025-04-20 02:00:00,0.0
2025-04-20 03:00:00,0.0
2025-04-20 04:00:00,0.0
2025-04-20 05:00:00,0.0
2025-04-20 06:00:00,38.17
2025-04-20 07:00:00,148.8
2025-04-20 08:00:00,225.24
2025-04-20 09:00:00,271.91
2025-04-20 10:00:00,276.02
2025-04-20 11:00:00,253.38
2025-04-20 12:00:00,259.44
2025-04-20 13:00:00,322.95
2025-04-20 14:00:00,321.75
2025-04-20 15:00:00,224.39
2025-04-20 16:00:00,146.55
2025-04-20 17:00:00,71.13
2025-04-20 18:00:00,10.61
2025-04-20 19:00:00,0.0
2025-04-20 20:00:00,0.0
2025-04-20 21:00:00,0.0
2025-04-20 22:00:00,0.0
2025-04-20 23:00:00,0.0
2025-04-21 00:00:00,0.0
2025-04-21 01:00:00,0.0
2025-04-21 02:00:00,0.0
2025-04-21 03:00:00,0.0
2025-04-21 04:00:00,0.0
2025-04-21 05:00:00,0.0
2025-04-21 06:00:00,40.67
2025-04-21 07:00:00,139.42
2025-04-21 08:00:00,218.27
2025-04-21 09:00:00,311.32
2025-04-21 10:00:00,301.71
2025-04-21 11:00:00,286.62
2025-04-21 12:00:00,297.34
2025-04-21 13:00:00,356.98
2025-04-21 14:00:00,281.35
2025-04-21 15:00:00,229.15
2025-04-21 16:00:00,195.65
2025-04-21 17:00:00,98.47
2025-04-21 18:00:00,13.12
2025-04-21 19:00:00,0.0
2025-04-21 20:00:00,0.0
2025-04-21 21:00:00,0.0
2025-04-21 22:00:00,0.0
2025-04-21 23:00:00,0.0
2025-04-22 00:00:00,0.0
2025-04-22 01:00:00,0.0
2025-04-22 02:00:00,0.0
2025-04-22 03:00:00,0.0
2025-04-22 04:00:00,0.0
2025-04-22 05:00:00,0.0
2025-04-22 06:00:00,43.37
2025-04-22 07:00:00,145.06
2025-04-22 08:00:00,226.09
2025-04-22 09:00:00,258.52
2025-04-22 10:00:00,287.22
2025-04-22 11:00:00,271.64
2025-04-22 12:00:00,286.71
2025-04-22 13:00:00,330.83
2025-04-22 14:00:00,281.5
2025-04-22 15:00:00,243.12
2025-04-22 16:00:00,181.97
2025-04-22 17:00:00,103.64
2025-04-22 18:00:00,12.96
2025-04-22 19:00:00,0.0
2025-04-22 20:00:00,0.0
2025-04-22 21:00:00,0.0
2025-04-22 22:00:00,0.0
2025-04-22 23:00:00,0.0
2025-04-23 00:00:00,0.0
2025-04-23 01:00:00,0.0
2025-04-23 02:00:00,0.0
2025-04-23 03:00:00,0.0
2025-04-23 04:00:00,0.0
2025-04-23 05:00:00,0.0
2025-04-23 06:00:00,40.83
2025-04-23 07:00:00,145.5
2025-04-23 08:00:00,219.45
2025-04-23 09:00:00,258.2
2025-04-23 10:00:00,258.66
2025-04-23 11:00:00,252.07
2025-04-23 12:00:00,257.31
2025-04-23 13:00:00,312.83
2025-04-23 14:00:00,258.84
2025-04-23 15:00:00,247.8
2025-04-23 16:00:00,204.2
2025-04-23 17:00:00,106.7
2025-04-23 18:00:00,15.43
2025-04-23 19:00:00,0.0
2025-04-23 20:00:00,0.0
2025-04-23 21:00:00,0.0
2025-04-23 22:00:00,0.0
2025-04-23 23:00:00,0.0
2025-04-24 00:00:00,0.0
2025-04-24 01:00:00,0.0
2025-04-24 02:00:00,0.0
2025-04-24 03:00:00,0.0
2025-04-24 04:00:00,0.0
2025-04-24 05:00:00,0.0
2025-04-24 06:00:00,42.7
2025-04-24 07:00:00,141.54
2025-04-24 08:00:00,210.47
2025-04-24 09:00:00,301.42
2025-04-24 10:00:00,277.16
2025-04-24 11:00:00,260.24
2025-04-24 12:00:00,281.7
2025-04-24 13:00:00,315.1
2025-04-24 14:00:00,299.49
2025-04-24 15:00:00,225.91
2025-04-24 16:00:00,181.81
2025-04-24 17:00:00,99.29
2025-04-24 18:00:00,13.56
2025-04-24 19:00:00,0.0
2025-04-24 20:00:00,0.0
2025-04-24 21:00:00,0.0
2025-04-24 22:00:00,0.0
2025-04-24 23:00:00,0.0
2025-04-25 00:00:00,0.0
2025-04-25 01:00:00,0.0
2025-04-25 02:00:00,0.0
2025-04-25 03:00:00,0.0
2025-04-25 04:00:00,0.0
2025-04-25 05:00:00,0.0
2025-04-25 06:00:00,46.73
2025-04-25 07:00:00,134.56
2025-04-25 08:00:00,215.23
2025-04-25 09:00:00,338.17
2025-04-25 10:00:00,261.22
2025-04-25 11:00:00,238.19
2025-04-25 12:00:00,190.5
2025-04-25 13:00:00,219.67
2025-04-25 14:00:00,236.25
2025-04-25 15:00:00,215.99
2025-04-25 16:00:00,164.96
2025-04-25 17:00:00,104.11
2025-04-25 18:00:00,16.05
2025-04-25 19:00:00,0.0
2025-04-25 20:00:00,0.0
2025-04-25 21:00:00,0.0
2025-04-25 22:00:00,0.0
2025-04-25 23:00:00,0.0
2025-04-26 00:00:00,0.0
2025-04-26 01:00:00,0.0
2025-04-26 02:00:00,0.0
2025-04-26 03:00:00,0.0
2025-04-26 04:00:00,0.0
2025-04-26 05:00:00,0.0
2025-04-26 06:00:00,47.72
2025-04-26 07:00:00,142.58
2025-04-26 08:00:00,229.97
2025-04-26 09:00:00,421.53
2025-04-26 10:00:00,315.85
2025-04-26 11:00:00,221.38
2025-04-26 12:00:00,233.61
2025-04-26 13:00:00,303.28
2025-04-26 14:00:00,279.32
2025-04-26 15:00:00,173.69
2025-04-26 16:00:00,127.0
2025-04-26 17:00:00,60.49
2025-04-26 18:00:00,9.62
2025-04-26 19:00:00,0.0
2025-04-26 20:00:00,0.0
2025-04-26 21:00:00,0.0
2025-04-26 22:00:00,0.0
2025-04-26 23:00:00,0.0
2025-04-27 00:00:00,0.0
2025-04-27 01:00:00,0.0
2025-04-27 02:00:00,0.0
2025-04-27 03:00:00,0.0
2025-04-27 04:00:00,0.0
2025-04-27 05:00:00,0.0
2025-04-27 06:00:00,42.1
2025-04-27 07:00:00,136.22
2025-04-27 08:00:00,242.07
2025-04-27 09:00:00,292.05
2025-04-27 10:00:00,364.21
2025-04-27 11:00:00,530.9
2025-04-27 12:00:00,328.92
2025-04-27 13:00:00,242.03
2025-04-27 14:00:00,358.21
2025-04-27 15:00:00,220.05
2025-04-27 16:00:00,174.48
2025-04-27 17:00:00,81.5
2025-04-27 18:00:00,9.54
2025-04-27 19:00:00,0.0
2025-04-27 20:00:00,0.0
2025-04-27 21:00:00,0.0
2025-04-27 22:00:00,0.0
2025-04-27 23:00:00,0.0
2025-04-28 00:00:00,0.0
2025-04-28 01:00:00,0.0
2025-04-28 02:00:00,0.0
2025-04-28 03:00:00,0.0
2025-04-28 04:00:00,0.0
2025-04-28 05:00:00,0.0
2025-04-28 06:00:00,49.18
2025-04-28 07:00:00,149.87
2025-04-28 08:00:00,204.38
2025-04-28 09:00:00,228.49
2025-04-28 10:00:00,240.07
2025-04-28 11:00:00,249.17
2025-04-28 12:00:00,266.72
2025-04-28 13:00:00,359.08
2025-04-28 14:00:00,269.42
2025-04-28 15:00:00,250.19
2025-04-28 16:00:00,189.08
2025-04-28 17:00:00,105.55
2025-04-28 18:00:00,13.26
2025-04-28 19:00:00,0.0
2025-04-28 20:00:00,0.0
2025-04-28 21:00:00,0.0
2025-04-28 22:00:00,0.0
2025-04-28 23:00:00,0.0
2025-04-29 00:00:00,0.0
2025-04-29 01:00:00,0.0
2025-04-29 02:00:00,0.0
2025-04-29 03:00:00,0.0
2025-04-29 04:00:00,0.0
2025-04-29 05:00:00,0.0
2025-04-29 06:00:00,56.63
2025-04-29 07:00:00,157.55
2025-04-29 08:00:00,213.21
2025-04-29 09:00:00,235.08
2025-04-29 10:00:00,265.66
2025-04-29 11:00:00,277.41
2025-04-29 12:00:00,290.25
2025-04-29 13:00:00,328.14
2025-04-29 14:00:00,271.02
2025-04-29 15:00:00,214.01
2025-04-29 16:00:00,175.76
2025-04-29 17:00:00,108.96
2025-04-29 18:00:00,17.22
2025-04-29 19:00:00,0.0
2025-04-29 20:00:00,0.0
2025-04-29 21:00:00,0.0
2025-04-29 22:00:00,0.0
2025-04-29 23:00:00,0.0
2025-04-30 00:00:00,-999.0
2025-04-30 01:00:00,-999.0
2025-04-30 02:00:00,-999.0
2025-04-30 03:00:00,-999.0
2025-04-30 04:00:00,-999.0
2025-04-30 05:00:00,-999.0
2025-04-30 06:00:00,-999.0
2025-04-30 07:00:00,-999.0
2025-04-30 08:00:00,-999.0
2025-04-30 09:00:00,-999.0
2025-04-30 10:00:00,-999.0
2025-04-30 11:00:00,-999.0
2025-04-30 12:00:00,-999.0
2025-04-30 13:00:00,-999.0
2025-04-30 14:00:00,-999.0
2025-04-30 15:00:00,-999.0
2025-04-30 16:00:00,-999.0
2025-04-30 17:00:00,-999.0
2025-04-30 18:00:00,-999.0
2025-04-30 19:00:00,-999.0
2025-04-30 20:00:00,-999.0
2025-04-30 21:00:00,-999.0
2025-04-30 22:00:00,-999.0
2025-04-30 23:00:00,-999.0
2025-05-01 00:00:00,-999.0
2025-05-01 01:00:00,-999.0
2025-05-01 02:00:00,-999.0
2025-05-01 03:00:00,-999.0
2025-05-01 04:00:00,-999.0
2025-05-01 05:00:00,-999.0
2025-05-01 06:00:00,-999.0
2025-05-01 07:00:00,-999.0
2025-05-01 08:00:00,-999.0
2025-05-01 09:00:00,-999.0
2025-05-01 10:00:00,-999.0
2025-05-01 11:00:00,-999.0
2025-05-01 12:00:00,-999.0
2025-05-01 13:00:00,-999.0
2025-05-01 14:00:00,-999.0
2025-05-01 15:00:00,-999.0
2025-05-01 16:00:00,-999.0
2025-05-01 17:00:00,-999.0
2025-05-01 18:00:00,-999.0
2025-05-01 19:00:00,-999.0
2025-05-01 20:00:00,-999.0
2025-05-01 21:00:00,-999.0
2025-05-01 22:00:00,-999.0
2025-05-01 23:00:00,-999.0
2025-05-02 00:00:00,-999.0
2025-05-02 01:00:00,-999.0
2025-05-02 02:00:00,-999.0
2025-05-02 03:00:00,-999.0
2025-05-02 04:00:00,-999.0
2025-05-02 05:00:00,-999.0
2025-05-02 06:00:00,-999.0
2025-05-02 07:00:00,-999.0
2025-05-02 08:00:00,-999.0
2025-05-02 09:00:00,-999.0
2025-05-02 10:00:00,-999.0
2025-05-02 11:00:00,-999.0
2025-05-02 12:00:00,-999.0
2025-05-02 13:00:00,-999.0
2025-05-02 14:00:00,-999.0
2025-05-02 15:00:00,-999.0
2025-05-02 16:00:00,-999.0
2025-05-02 17:00:00,-999.0
2025-05-02 18:00:00,-999.0
2025-05-02 19:00:00,-999.0
2025-05-02 20:00:00,-999.0
2025-05-02 21:00:00,-999.0
2025-05-02 22:00:00,-999.0
2025-05-02 23:00:00,-999.0
2025-05-03 00:00:00,-999.0
2025-05-03 01:00:00,-999.0
2025-05-03 02:00:00,-999.0
2025-05-03 03:00:00,-999.0
2025-05-03 04:00:00,-999.0
2025-05-03 05:00:00,-999.0
2025-05-03 06:00:00,-999.0
2025-05-03 07:00:00,-999.0
2025-05-03 08:00:00,-999.0
2025-05-03 09:00:00,-999.0
2025-05-03 10:00:00,-999.0
2025-05-03 11:00:00,-999.0
2025-05-03 12:00:00,-999.0
2025-05-03 13:00:00,-999.0
2025-05-03 14:00:00,-999.0
2025-05-03 15:00:00,-999.0
2025-05-03 16:00:00,-999.0
2025-05-03 17:00:00,-999.0
2025-05-03 18:00:00,-999.0
2025-05-03 19:00:00,-999.0
2025-05-03 20:00:00,-999.0
2025-05-03 21:00:00,-999.0
2025-05-03 22:00:00,-999.0
2025-05-03 23:00:00,-999.0
2025-05-04 00:00:00,-999.0
2025-05-04 01:00:00,-999.0
2025-05-04 02:00:00,-999.0
2025-05-04 03:00:00,-999.0
2025-05-04 04:00:00,-999.0
2025-05-04 05:00:00,-999.0
2025-05-04 06:00:00,-999.0
2025-05-04 07:00:00,-999.0
2025-05-04 08:00:00,-999.0
2025-05-04 09:00:00,-999.0
2025-05-04 10:00:00,-999.0
2025-05-04 11:00:00,-999.0
2025-05-04 12:00:00,-999.0
2025-05-04 13:00:00,-999.0
2025-05-04 14:00:00,-999.0
2025-05-04 15:00:00,-999.0
2025-05-04 16:00:00,-999.0
2025-05-04 17:00:00,-999.0
2025-05-04 18:00:00,-999.0
2025-05-04 19:00:00,-999.0
2025-05-04 20:00:00,-999.0
2025-05-04 21:00:00,-999.0
2025-05-04 22:00:00,-999.0
2025-05-04 23:00:00,-999.0
2025-05-05 00:00:00,-999.0
2025-05-05 01:00:00,-999.0
2025-05-05 02:00:00,-999.0
2025-05-05 03:00:00,-999.0
2025-05-05 04:00:00,-999.0
2025-05-05 05:00:00,-999.0
2025-05-05 06:00:00,-999.0
2025-05-05 07:00:00,-999.0
2025-05-05 08:00:00,-999.0
2025-05-05 09:00:00,-999.0
2025-05-05 10:00:00,-999.0
2025-05-05 11:00:00,-999.0
2025-05-05 12:00:00,-999.0
2025-05-05 13:00:00,-999.0
2025-05-05 14:00:00,-999.0
2025-05-05 15:00:00,-999.0
2025-05-05 16:00:00,-999.0
2025-05-05 17:00:00,-999.0
2025-05-05 18:00:00,-999.0
2025-05-05 19:00:00,-999.0
2025-05-05 20:00:00,-999.0
2025-05-05 21:00:00,-999.0
2025-05-05 22:00:00,-999.0
2025-05-05 23:00:00,-999.0
2025-05-06 00:00:00,-999.0
2025-05-06 01:00:00,-999.0
2025-05-06 02:00:00,-999.0
2025-05-06 03:00:00,-999.0
2025-05-06 04:00:00,-999.0
2025-05-06 05:00:00,-999.0
2025-05-06 06:00:00,-999.0
2025-05-06 07:00:00,-999.0
2025-05-06 08:00:00,-999.0
2025-05-06 09:00:00,-999.0
2025-05-06 10:00:00,-999.0
2025-05-06 11:00:00,-999.0
2025-05-06 12:00:00,-999.0
2025-05-06 13:00:00,-999.0
2025-05-06 14:00:00,-999.0
2025-05-06 15:00:00,-999.0
2025-05-06 16:00:00,-999.0
2025-05-06 17:00:00,-999.0
2025-05-06 18:00:00,-999.0
2025-05-06 19:00:00,-999.0
2025-05-06 20:00:00,-999.0
2025-05-06 21:00:00,-999.0
2025-05-06 22:00:00,-999.0
2025-05-06 23:00:00,-999.0
2025-05-07 00:00:00,-999.0
2025-05-07 01:00:00,-999.0
2025-05-07 02:00:00,-999.0
2025-05-07 03:00:00,-999.0
2025-05-07 04:00:00,-999.0
2025-05-07 05:00:00,-999.0
2025-05-07 06:00:00,-999.0
2025-05-07 07:00:00,-999.0
2025-05-07 08:00:00,-999.0
2025-05-07 09:00:00,-999.0
2025-05-07 10:00:00,-999.0
2025-05-07 11:00:00,-999.0
2025-05-07 12:00:00,-999.0
2025-05-07 13:00:00,-999.0
2025-05-07 14:00:00,-999.0
2025-05-07 15:00:00,-999.0
2025-05-07 16:00:00,-999.0
2025-05-07 17:00:00,-999.0
2025-05-07 18:00:00,-999.0
2025-05-07 19:00:00,-999.0
2025-05-07 20:00:00,-999.0
2025-05-07 21:00:00,-999.0
2025-05-07 22:00:00,-999.0
2025-05-07 23:00:00,-999.0
2025-05-08 00:00:00,-999.0
2025-05-08 01:00:00,-999.0
2025-05-08 02:00:00,-999.0
2025-05-08 03:00:00,-999.0
2025-05-08 04:00:00,-999.0
2025-05-08 05:00:00,-999.0
2025-05-08 06:00:00,-999.0
2025-05-08 07:00:00,-999.0
2025-05-08 08:00:00,-999.0
2025-05-08 09:00:00,-999.0
2025-05-08 10:00:00,-999.0
2025-05-08 11:00:00,-999.0
2025-05-08 12:00:00,-999.0
2025-05-08 13:00:00,-999.0
2025-05-08 14:00:00,-999.0
2025-05-08 15:00:00,-999.0
2025-05-08 16:00:00,-999.0
2025-05-08 17:00:00,-999.0
2025-05-08 18:00:00,-999.0
2025-05-08 19:00:00,-999.0
2025-05-08 20:00:00,-999.0
2025-05-08 21:00:00,-999.0
2025-05-08 22:00:00,-999.0
2025-05-08 23:00:00,-999.0
2025-05-09 00:00:00,-999.0
2025-05-09 01:00:00,-999.0
2025-05-09 02:00:00,-999.0
2025-05-09 03:00:00,-999.0
2025-05-09 04:00:00,-999.0
2025-05-09 05:00:00,-999.0
2025-05-09 06:00:00,-999.0
2025-05-09 07:00:00,-999.0
2025-05-09 08:00:00,-999.0
2025-05-09 09:00:00,-999.0
2025-05-09 10:00:00,-999.0
2025-05-09 11:00:00,-999.0
2025-05-09 12:00:00,-999.0
2025-05-09 13:00:00,-999.0
2025-05-09 14:00:00,-999.0
2025-05-09 15:00:00,-999.0
2025-05-09 16:00:00,-999.0
2025-05-09 17:00:00,-999.0
2025-05-09 18:00:00,-999.0
2025-05-09 19:00:00,-999.0
2025-05-09 20:00:00,-999.0
2025-05-09 21:00:00,-999.0
2025-05-09 22:00:00,-999.0
2025-05-09 23:00:00,-999.0
2025-05-10 00:00:00,-999.0
2025-05-10 01:00:00,-999.0
2025-05-10 02:00:00,-999.0
2025-05-10 03:00:00,-999.0
2025-05-10 04:00:00,-999.0
2025-05-10 05:00:00,-999.0
2025-05-10 06:00:00,-999.0
2025-05-10 07:00:00,-999.0
2025-05-10 08:00:00,-999.0
2025-05-10 09:00:00,-999.0
2025-05-10 10:00:00,-999.0
2025-05-10 11:00:00,-999.0
2025-05-10 12:00:00,-999.0
2025-05-10 13:00:00,-999.0
2025-05-10 14:00:00,-999.0
2025-05-10 15:00:00,-999.0
2025-05-10 16:00:00,-999.0
2025-05-10 17:00:00,-999.0
2025-05-10 18:00:00,-999.0
2025-05-10 19:00:00,-999.0
2025-05-10 20:00:00,-999.0
2025-05-10 21:00:00,-999.0
2025-05-10 22:00:00,-999.0
2025-05-10 23:00:00,-999.0
2025-05-11 00:00:00,-999.0
2025-05-11 01:00:00,-999.0
2025-05-11 02:00:00,-999.0
2025-05-11 03:00:00,-999.0
2025-05-11 04:00:00,-999.0
2025-05-11 05:00:00,-999.0
2025-05-11 06:00:00,-999.0
2025-05-11 07:00:00,-999.0
2025-05-11 08:00:00,-999.0
2025-05-11 09:00:00,-999.0
2025-05-11 10:00:00,-999.0
2025-05-11 11:00:00,-999.0
2025-05-11 12:00:00,-999.0
2025-05-11 13:00:00,-999.0
2025-05-11 14:00:00,-999.0
2025-05-11 15:00:00,-999.0
2025-05-11 16:00:00,-999.0
2025-05-11 17:00:00,-999.0
2025-05-11 18:00:00,-999.0
2025-05-11 19:00:00,-999.0
2025-05-11 20:00:00,-999.0
2025-05-11 21:00:00,-999.0
2025-05-11 22:00:00,-999.0
2025-05-11 23:00:00,-999.0
2025-05-12 00:00:00,-999.0
2025-05-12 01:00:00,-999.0
2025-05-12 02:00:00,-999.0
2025-05-12 03:00:00,-999.0
2025-05-12 04:00:00,-999.0
2025-05-12 05:00:00,-999.0
2025-05-12 06:00:00,-999.0
2025-05-12 07:00:00,-999.0
2025-05-12 08:00:00,-999.0
2025-05-12 09:00:00,-999.0
2025-05-12 10:00:00,-999.0
2025-05-12 11:00:00,-999.0
2025-05-12 12:00:00,-999.0
2025-05-12 13:00:00,-999.0
2025-05-12 14:00:00,-999.0
2025-05-12 15:00:00,-999.0
2025-05-12 16:00:00,-999.0
2025-05-12 17:00:00,-999.0
2025-05-12 18:00:00,-999.0
2025-05-12 19:00:00,-999.0
2025-05-12 20:00:00,-999.0
2025-05-12 21:00:00,-999.0
2025-05-12 22:00:00,-999.0
2025-05-12 23:00:00,-999.0
2025-05-13 00:00:00,-999.0
2025-05-13 01:00:00,-999.0
2025-05-13 02:00:00,-999.0
2025-05-13 03:00:00,-999.0
2025-05-13 04:00:00,-999.0
2025-05-13 05:00:00,-999.0
2025-05-13 06:00:00,-999.0
2025-05-13 07:00:00,-999.0
2025-05-13 08:00:00,-999.0
2025-05-13 09:00:00,-999.0
2025-05-13 10:00:00,-999.0
2025-05-13 11:00:00,-999.0
2025-05-13 12:00:00,-999.0
2025-05-13 13:00:00,-999.0
2025-05-13 14:00:00,-999.0
2025-05-13 15:00:00,-999.0
2025-05-13 16:00:00,-999.0
2025-05-13 17:00:00,-999.0
2025-05-13 18:00:00,-999.0
2025-05-13 19:00:00,-999.0
2025-05-13 20:00:00,-999.0
2025-05-13 21:00:00,-999.0
2025-05-13 22:00:00,-999.0
2025-05-13 23:00:00,-999.0
2025-05-14 00:00:00,-999.0
2025-05-14 01:00:00,-999.0
2025-05-14 02:00:00,-999.0
2025-05-14 03:00:00,-999.0
2025-05-14 04:00:00,-999.0
2025-05-14 05:00:00,-999.0
2025-05-14 06:00:00,-999.0
2025-05-14 07:00:00,-999.0
2025-05-14 08:00:00,-999.0
2025-05-14 09:00:00,-999.0
2025-05-14 10:00:00,-999.0
2025-05-14 11:00:00,-999.0
2025-05-14 12:00:00,-999.0
2025-05-14 13:00:00,-999.0
2025-05-14 14:00:00,-999.0
2025-05-14 15:00:00,-999.0
2025-05-14 16:00:00,-999.0
2025-05-14 17:00:00,-999.0
2025-05-14 18:00:00,-999.0
2025-05-14 19:00:00,-999.0
2025-05-14 20:00:00,-999.0
2025-05-14 21:00:00,-999.0
2025-05-14 22:00:00,-999.0
2025-05-14 23:00:00,-999.0
2025-05-15 00:00:00,-999.0
2025-05-15 01:00:00,-999.0
2025-05-15 02:00:00,-999.0
2025-05-15 03:00:00,-999.0
2025-05-15 04:00:00,-999.0
2025-05-15 05:00:00,-999.0
2025-05-15 06:00:00,-999.0
2025-05-15 07:00:00,-999.0
2025-05-15 08:00:00,-999.0
2025-05-15 09:00:00,-999.0
2025-05-15 10:00:00,-999.0
2025-05-15 11:00:00,-999.0
2025-05-15 12:00:00,-999.0
2025-05-15 13:00:00,-999.0
2025-05-15 14:00:00,-999.0
2025-05-15 15:00:00,-999.0
2025-05-15 16:00:00,-999.0
2025-05-15 17:00:00,-999.0
2025-05-15 18:00:00,-999.0
2025-05-15 19:00:00,-999.0
2025-05-15 20:00:00,-999.0
2025-05-15 21:00:00,-999.0
2025-05-15 22:00:00,-999.0
2025-05-15 23:00:00,-999.0
2025-05-16 00:00:00,-999.0
2025-05-16 01:00:00,-999.0
2025-05-16 02:00:00,-999.0
2025-05-16 03:00:00,-999.0
2025-05-16 04:00:00,-999.0
2025-05-16 05:00:00,-999.0
2025-05-16 06:00:00,-999.0
2025-05-16 07:00:00,-999.0
2025-05-16 08:00:00,-999.0
2025-05-16 09:00:00,-999.0
2025-05-16 10:00:00,-999.0
2025-05-16 11:00:00,-999.0
2025-05-16 12:00:00,-999.0
2025-05-16 13:00:00,-999.0
2025-05-16 14:00:00,-999.0
2025-05-16 15:00:00,-999.0
2025-05-16 16:00:00,-999.0
2025-05-16 17:00:00,-999.0
2025-05-16 18:00:00,-999.0
2025-05-16 19:00:00,-999.0
2025-05-16 20:00:00,-999.0
2025-05-16 21:00:00,-999.0
2025-05-16 22:00:00,-999.0
2025-05-16 23:00:00,-999.0
2025-05-17 00:00:00,-999.0
2025-05-17 01:00:00,-999.0
2025-05-17 02:00:00,-999.0
2025-05-17 03:00:00,-999.0
2025-05-17 04:00:00,-999.0
2025-05-17 05:00:00,-999.0
2025-05-17 06:00:00,-999.0
2025-05-17 07:00:00,-999.0
2025-05-17 08:00:00,-999.0
2025-05-17 09:00:00,-999.0
2025-05-17 10:00:00,-999.0
2025-05-17 11:00:00,-999.0
2025-05-17 12:00:00,-999.0
2025-05-17 13:00:00,-999.0
2025-05-17 14:00:00,-999.0
2025-05-17 15:00:00,-999.0
2025-05-17 16:00:00,-999.0
2025-05-17 17:00:00,-999.0
2025-05-17 18:00:00,-999.0
2025-05-17 19:00:00,-999.0
2025-05-17 20:00:00,-999.0
2025-05-17 21:00:00,-999.0
2025-05-17 22:00:00,-999.0
2025-05-17 23:00:00,-999.0
2025-05-18 00:00:00,-999.0
2025-05-18 01:00:00,-999.0
2025-05-18 02:00:00,-999.0
2025-05-18 03:00:00,-999.0
2025-05-18 04:00:00,-999.0
2025-05-18 05:00:00,-999.0
2025-05-18 06:00:00,-999.0
2025-05-18 07:00:00,-999.0
2025-05-18 08:00:00,-999.0
2025-05-18 09:00:00,-999.0
2025-05-18 10:00:00,-999.0
2025-05-18 11:00:00,-999.0
2025-05-18 12:00:00,-999.0
2025-05-18 13:00:00,-999.0
2025-05-18 14:00:00,-999.0
2025-05-18 15:00:00,-999.0
2025-05-18 16:00:00,-999.0
2025-05-18 17:00:00,-999.0
2025-05-18 18:00:00,-999.0
2025-05-18 19:00:00,-999.0
2025-05-18 20:00:00,-999.0
2025-05-18 21:00:00,-999.0
2025-05-18 22:00:00,-999.0
2025-05-18 23:00:00,-999.0
2025-05-19 00:00:00,-999.0
2025-05-19 01:00:00,-999.0
2025-05-19 02:00:00,-999.0
2025-05-19 03:00:00,-999.0
2025-05-19 04:00:00,-999.0
2025-05-19 05:00:00,-999.0
2025-05-19 06:00:00,-999.0
2025-05-19 07:00:00,-999.0
2025-05-19 08:00:00,-999.0
2025-05-19 09:00:00,-999.0
2025-05-19 10:00:00,-999.0
2025-05-19 11:00:00,-999.0
2025-05-19 12:00:00,-999.0
2025-05-19 13:00:00,-999.0
2025-05-19 14:00:00,-999.0
2025-05-19 15:00:00,-999.0
2025-05-19 16:00:00,-999.0
2025-05-19 17:00:00,-999.0
2025-05-19 18:00:00,-999.0
2025-05-19 19:00:00,-999.0
2025-05-19 20:00:00,-999.0
2025-05-19 21:00:00,-999.0
2025-05-19 22:00:00,-999.0
2025-05-19 23:00:00,-999.0
2025-05-20 00:00:00,-999.0
2025-05-20 01:00:00,-999.0
2025-05-20 02:00:00,-999.0
2025-05-20 03:00:00,-999.0
2025-05-20 04:00:00,-999.0
2025-05-20 05:00:00,-999.0
2025-05-20 06:00:00,-999.0
2025-05-20 07:00:00,-999.0
2025-05-20 08:00:00,-999.0
2025-05-20 09:00:00,-999.0
2025-05-20 10:00:00,-999.0
2025-05-20 11:00:00,-999.0
2025-05-20 12:00:00,-999.0
2025-05-20 13:00:00,-999.0
2025-05-20 14:00:00,-999.0
2025-05-20 15:00:00,-999.0
2025-05-20 16:00:00,-999.0
2025-05-20 17:00:00,-999.0
2025-05-20 18:00:00,-999.0
2025-05-20 19:00:00,-999.0
2025-05-20 20:00:00,-999.0
2025-05-20 21:00:00,-999.0
2025-05-20 22:00:00,-999.0
2025-05-20 23:00:00,-999.0
2025-05-21 00:00:00,-999.0
2025-05-21 01:00:00,-999.0
2025-05-21 02:00:00,-999.0
2025-05-21 03:00:00,-999.0
2025-05-21 04:00:00,-999.0
2025-05-21 05:00:00,-999.0
2025-05-21 06:00:00,-999.0
2025-05-21 07:00:00,-999.0
2025-05-21 08:00:00,-999.0
2025-05-21 09:00:00,-999.0
2025-05-21 10:00:00,-999.0
2025-05-21 11:00:00,-999.0
2025-05-21 12:00:00,-999.0
2025-05-21 13:00:00,-999.0
2025-05-21 14:00:00,-999.0
2025-05-21 15:00:00,-999.0
2025-05-21 16:00:00,-999.0
2025-05-21 17:00:00,-999.0
2025-05-21 18:00:00,-999.0
2025-05-21 19:00:00,-999.0
2025-05-21 20:00:00,-999.0
2025-05-21 21:00:00,-999.0
2025-05-21 22:00:00,-999.0
2025-05-21 23:00:00,-999.0
2025-05-22 00:00:00,-999.0
2025-05-22 01:00:00,-999.0
2025-05-22 02:00:00,-999.0
2025-05-22 03:00:00,-999.0
2025-05-22 04:00:00,-999.0
2025-05-22 05:00:00,-999.0
2025-05-22 06:00:00,-999.0
2025-05-22 07:00:00,-999.0
2025-05-22 08:00:00,-999.0
2025-05-22 09:00:00,-999.0
2025-05-22 10:00:00,-999.0
2025-05-22 11:00:00,-999.0
2025-05-22 12:00:00,-999.0
2025-05-22 13:00:00,-999.0
2025-05-22 14:00:00,-999.0
2025-05-22 15:00:00,-999.0
2025-05-22 16:00:00,-999.0
2025-05-22 17:00:00,-999.0
2025-05-22 18:00:00,-999.0
2025-05-22 19:00:00,-999.0
2025-05-22 20:00:00,-999.0
2025-05-22 21:00:00,-999.0
2025-05-22 22:00:00,-999.0
2025-05-22 23:00:00,-999.0
2025-05-23 00:00:00,-999.0
2025-05-23 01:00:00,-999.0
2025-05-23 02:00:00,-999.0
2025-05-23 03:00:00,-999.0
2025-05-23 04:00:00,-999.0
2025-05-23 05:00:00,-999.0
2025-05-23 06:00:00,-999.0
2025-05-23 07:00:00,-999.0
2025-05-23 08:00:00,-999.0
2025-05-23 09:00:00,-999.0
2025-05-23 10:00:00,-999.0
2025-05-23 11:00:00,-999.0
2025-05-23 12:00:00,-999.0
2025-05-23 13:00:00,-999.0
2025-05-23 14:00:00,-999.0
2025-05-23 15:00:00,-999.0
2025-05-23 16:00:00,-999.0
2025-05-23 17:00:00,-999.0
2025-05-23 18:00:00,-999.0
2025-05-23 19:00:00,-999.0
2025-05-23 20:00:00,-999.0
2025-05-23 21:00:00,-999.0
2025-05-23 22:00:00,-999.0
2025-05-23 23:00:00,-999.0
2025-05-24 00:00:00,-999.0
2025-05-24 01:00:00,-999.0
2025-05-24 02:00:00,-999.0
2025-05-24 03:00:00,-999.0
2025-05-24 04:00:00,-999.0
2025-05-24 05:00:00,-999.0
2025-05-24 06:00:00,-999.0
2025-05-24 07:00:00,-999.0
2025-05-24 08:00:00,-999.0
2025-05-24 09:00:00,-999.0
2025-05-24 10:00:00,-999.0
2025-05-24 11:00:00,-999.0
2025-05-24 12:00:00,-999.0
2025-05-24 13:00:00,-999.0
2025-05-24 14:00:00,-999.0
2025-05-24 15:00:00,-999.0
2025-05-24 16:00:00,-999.0
2025-05-24 17:00:00,-999.0
2025-05-24 18:00:00,-999.0
2025-05-24 19:00:00,-999.0
2025-05-24 20:00:00,-999.0
2025-05-24 21:00:00,-999.0
2025-05-24 22:00:00,-999.0
2025-05-24 23:00:00,-999.0
2025-05-25 00:00:00,-999.0
2025-05-25 01:00:00,-999.0
2025-05-25 02:00:00,-999.0
2025-05-25 03:00:00,-999.0
2025-05-25 04:00:00,-999.0
2025-05-25 05:00:00,-999.0
2025-05-25 06:00:00,-999.0
2025-05-25 07:00:00,-999.0
2025-05-25 08:00:00,-999.0
2025-05-25 09:00:00,-999.0
2025-05-25 10:00:00,-999.0
2025-05-25 11:00:00,-999.0
2025-05-25 12:00:00,-999.0
2025-05-25 13:00:00,-999.0
2025-05-25 14:00:00,-999.0
2025-05-25 15:00:00,-999.0
2025-05-25 16:00:00,-999.0
2025-05-25 17:00:00,-999.0
2025-05-25 18:00:00,-999.0
2025-05-25 19:00:00,-999.0
2025-05-25 20:00:00,-999.0
2025-05-25 21:00:00,-999.0
2025-05-25 22:00:00,-999.0
2025-05-25 23:00:00,-999.0
2025-05-26 00:00:00,-999.0
2025-05-26 01:00:00,-999.0
2025-05-26 02:00:00,-999.0
2025-05-26 03:00:00,-999.0
2025-05-26 04:00:00,-999.0
2025-05-26 05:00:00,-999.0
2025-05-26 06:00:00,-999.0
2025-05-26 07:00:00,-999.0
2025-05-26 08:00:00,-999.0
2025-05-26 09:00:00,-999.0
2025-05-26 10:00:00,-999.0
2025-05-26 11:00:00,-999.0
2025-05-26 12:00:00,-999.0
2025-05-26 13:00:00,-999.0
2025-05-26 14:00:00,-999.0
2025-05-26 15:00:00,-999.0
2025-05-26 16:00:00,-999.0
2025-05-26 17:00:00,-999.0
2025-05-26 18:00:00,-999.0
2025-05-26 19:00:00,-999.0
2025-05-26 20:00:00,-999.0
2025-05-26 21:00:00,-999.0
2025-05-26 22:00:00,-999.0
2025-05-26 23:00:00,-999.0
2025-05-27 00:00:00,-999.0
2025-05-27 01:00:00,-999.0
2025-05-27 02:00:00,-999.0
2025-05-27 03:00:00,-999.0
2025-05-27 04:00:00,-999.0
2025-05-27 05:00:00,-999.0
2025-05-27 06:00:00,-999.0
2025-05-27 07:00:00,-999.0
2025-05-27 08:00:00,-999.0
2025-05-27 09:00:00,-999.0
2025-05-27 10:00:00,-999.0
2025-05-27 11:00:00,-999.0
2025-05-27 12:00:00,-999.0
2025-05-27 13:00:00,-999.0
2025-05-27 14:00:00,-999.0
2025-05-27 15:00:00,-999.0
2025-05-27 16:00:00,-999.0
2025-05-27 17:00:00,-999.0
2025-05-27 18:00:00,-999.0
2025-05-27 19:00:00,-999.0
2025-05-27 20:00:00,-999.0
2025-05-27 21:00:00,-999.0
2025-05-27 22:00:00,-999.0
2025-05-27 23:00:00,-999.0
2025-05-28 00:00:00,-999.0
2025-05-28 01:00:00,-999.0
2025-05-28 02:00:00,-999.0
2025-05-28 03:00:00,-999.0
2025-05-28 04:00:00,-999.0
2025-05-28 05:00:00,-999.0
2025-05-28 06:00:00,-999.0
2025-05-28 07:00:00,-999.0
2025-05-28 08:00:00,-999.0
2025-05-28 09:00:00,-999.0
2025-05-28 10:00:00,-999.0
2025-05-28 11:00:00,-999.0
2025-05-28 12:00:00,-999.0
2025-05-28 13:00:00,-999.0
2025-05-28 14:00:00,-999.0
2025-05-28 15:00:00,-999.0
2025-05-28 16:00:00,-999.0
2025-05-28 17:00:00,-999.0
2025-05-28 18:00:00,-999.0
2025-05-28 19:00:00,-999.0
2025-05-28 20:00:00,-999.0
2025-05-28 21:00:00,-999.0
2025-05-28 22:00:00,-999.0
2025-05-28 23:00:00,-999.0
2025-05-29 00:00:00,-999.0
2025-05-29 01:00:00,-999.0
2025-05-29 02:00:00,-999.0
2025-05-29 03:00:00,-999.0
2025-05-29 04:00:00,-999.0
2025-05-29 05:00:00,-999.0
2025-05-29 06:00:00,-999.0
2025-05-29 07:00:00,-999.0
2025-05-29 08:00:00,-999.0
2025-05-29 09:00:00,-999.0
2025-05-29 10:00:00,-999.0
2025-05-29 11:00:00,-999.0
2025-05-29 12:00:00,-999.0
2025-05-29 13:00:00,-999.0
2025-05-29 14:00:00,-999.0
2025-05-29 15:00:00,-999.0
2025-05-29 16:00:00,-999.0
2025-05-29 17:00:00,-999.0
2025-05-29 18:00:00,-999.0
2025-05-29 19:00:00,-999.0
2025-05-29 20:00:00,-999.0
2025-05-29 21:00:00,-999.0
2025-05-29 22:00:00,-999.0
2025-05-29 23:00:00,-999.0
2025-05-30 00:00:00,-999.0
2025-05-30 01:00:00,-999.0
2025-05-30 02:00:00,-999.0
2025-05-30 03:00:00,-999.0
2025-05-30 04:00:00,-999.0
2025-05-30 05:00:00,-999.0
2025-05-30 06:00:00,-999.0
2025-05-30 07:00:00,-999.0
2025-05-30 08:00:00,-999.0
2025-05-30 09:00:00,-999.0
2025-05-30 10:00:00,-999.0
2025-05-30 11:00:00,-999.0
2025-05-30 12:00:00,-999.0
2025-05-30 13:00:00,-999.0
2025-05-30 14:00:00,-999.0
2025-05-30 15:00:00,-999.0
2025-05-30 16:00:00,-999.0
2025-05-30 17:00:00,-999.0
2025-05-30 18:00:00,-999.0
2025-05-30 19:00:00,-999.0
2025-05-30 20:00:00,-999.0
2025-05-30 21:00:00,-999.0
2025-05-30 22:00:00,-999.0
2025-05-30 23:00:00,-999.0
2025-05-31 00:00:00,-999.0
2025-05-31 01:00:00,-999.0
2025-05-31 02:00:00,-999.0
2025-05-31 03:00:00,-999.0
2025-05-31 04:00:00,-999.0
2025-05-31 05:00:00,-999.0
2025-05-31 06:00:00,-999.0
2025-05-31 07:00:00,-999.0
2025-05-31 08:00:00,-999.0
2025-05-31 09:00:00,-999.0
2025-05-31 10:00:00,-999.0
2025-05-31 11:00:00,-999.0
2025-05-31 12:00:00,-999.0
2025-05-31 13:00:00,-999.0
2025-05-31 14:00:00,-999.0
2025-05-31 15:00:00,-999.0
2025-05-31 16:00:00,-999.0
2025-05-31 17:00:00,-999.0
2025-05-31 18:00:00,-999.0
2025-05-31 19:00:00,-999.0
2025-05-31 20:00:00,-999.0
2025-05-31 21:00:00,-999.0
2025-05-31 22:00:00,-999.0
2025-05-31 23:00:00,-999.0
2025-06-01 00:00:00,-999.0
2025-06-01 01:00:00,-999.0
2025-06-01 02:00:00,-999.0
2025-06-01 03:00:00,-999.0
2025-06-01 04:00:00,-999.0
2025-06-01 05:00:00,-999.0
2025-06-01 06:00:00,-999.0
2025-06-01 07:00:00,-999.0
2025-06-01 08:00:00,-999.0
2025-06-01 09:00:00,-999.0
2025-06-01 10:00:00,-999.0
2025-06-01 11:00:00,-999.0
2025-06-01 12:00:00,-999.0
2025-06-01 13:00:00,-999.0
2025-06-01 14:00:00,-999.0
2025-06-01 15:00:00,-999.0
2025-06-01 16:00:00,-999.0
2025-06-01 17:00:00,-999.0
2025-06-01 18:00:00,-999.0
2025-06-01 19:00:00,-999.0
2025-06-01 20:00:00,-999.0
2025-06-01 21:00:00,-999.0
2025-06-01 22:00:00,-999.0
2025-06-01 23:00:00,-999.0
2025-06-02 00:00:00,-999.0
2025-06-02 01:00:00,-999.0
2025-06-02 02:00:00,-999.0
2025-06-02 03:00:00,-999.0
2025-06-02 04:00:00,-999.0
2025-06-02 05:00:00,-999.0
2025-06-02 06:00:00,-999.0
2025-06-02 07:00:00,-999.0
2025-06-02 08:00:00,-999.0
2025-06-02 09:00:00,-999.0
2025-06-02 10:00:00,-999.0
2025-06-02 11:00:00,-999.0
2025-06-02 12:00:00,-999.0
2025-06-02 13:00:00,-999.0
2025-06-02 14:00:00,-999.0
2025-06-02 15:00:00,-999.0
2025-06-02 16:00:00,-999.0
2025-06-02 17:00:00,-999.0
2025-06-02 18:00:00,-999.0
2025-06-02 19:00:00,-999.0
2025-06-02 20:00:00,-999.0
2025-06-02 21:00:00,-999.0
2025-06-02 22:00:00,-999.0
2025-06-02 23:00:00,-999.0
2025-06-03 00:00:00,-999.0
2025-06-03 01:00:00,-999.0
2025-06-03 02:00:00,-999.0
2025-06-03 03:00:00,-999.0
2025-06-03 04:00:00,-999.0
2025-06-03 05:00:00,-999.0
2025-06-03 06:00:00,-999.0
2025-06-03 07:00:00,-999.0
2025-06-03 08:00:00,-999.0
2025-06-03 09:00:00,-999.0
2025-06-03 10:00:00,-999.0
2025-06-03 11:00:00,-999.0
2025-06-03 12:00:00,-999.0
2025-06-03 13:00:00,-999.0
2025-06-03 14:00:00,-999.0
2025-06-03 15:00:00,-999.0
2025-06-03 16:00:00,-999.0
2025-06-03 17:00:00,-999.0
2025-06-03 18:00:00,-999.0
2025-06-03 19:00:00,-999.0
2025-06-03 20:00:00,-999.0
2025-06-03 21:00:00,-999.0
2025-06-03 22:00:00,-999.0
2025-06-03 23:00:00,-999.0
2025-06-04 00:00:00,-999.0
2025-06-04 01:00:00,-999.0
2025-06-04 02:00:00,-999.0
2025-06-04 03:00:00,-999.0
2025-06-04 04:00:00,-999.0
2025-06-04 05:00:00,-999.0
2025-06-04 06:00:00,-999.0
2025-06-04 07:00:00,-999.0
2025-06-04 08:00:00,-999.0
2025-06-04 09:00:00,-999.0
2025-06-04 10:00:00,-999.0
2025-06-04 11:00:00,-999.0
2025-06-04 12:00:00,-999.0
2025-06-04 13:00:00,-999.0
2025-06-04 14:00:00,-999.0
2025-06-04 15:00:00,-999.0
2025-06-04 16:00:00,-999.0
2025-06-04 17:00:00,-999.0
2025-06-04 18:00:00,-999.0
2025-06-04 19:00:00,-999.0
2025-06-04 20:00:00,-999.0
2025-06-04 21:00:00,-999.0
2025-06-04 22:00:00,-999.0
2025-06-04 23:00:00,-999.0
2025-06-05 00:00:00,-999.0
2025-06-05 01:00:00,-999.0
2025-06-05 02:00:00,-999.0
2025-06-05 03:00:00,-999.0
2025-06-05 04:00:00,-999.0
2025-06-05 05:00:00,-999.0
2025-06-05 06:00:00,-999.0
2025-06-05 07:00:00,-999.0
2025-06-05 08:00:00,-999.0
2025-06-05 09:00:00,-999.0
2025-06-05 10:00:00,-999.0
2025-06-05 11:00:00,-999.0
2025-06-05 12:00:00,-999.0
2025-06-05 13:00:00,-999.0
2025-06-05 14:00:00,-999.0
2025-06-05 15:00:00,-999.0
2025-06-05 16:00:00,-999.0
2025-06-05 17:00:00,-999.0
2025-06-05 18:00:00,-999.0
2025-06-05 19:00:00,-999.0
2025-06-05 20:00:00,-999.0
2025-06-05 21:00:00,-999.0
2025-06-05 22:00:00,-999.0
2025-06-05 23:00:00,-999.0
2025-06-06 00:00:00,-999.0
2025-06-06 01:00:00,-999.0
2025-06-06 02:00:00,-999.0
2025-06-06 03:00:00,-999.0
2025-06-06 04:00:00,-999.0
2025-06-06 05:00:00,-999.0
2025-06-06 06:00:00,-999.0
2025-06-06 07:00:00,-999.0
2025-06-06 08:00:00,-999.0
2025-06-06 09:00:00,-999.0
2025-06-06 10:00:00,-999.0
2025-06-06 11:00:00,-999.0
2025-06-06 12:00:00,-999.0
2025-06-06 13:00:00,-999.0
2025-06-06 14:00:00,-999.0
2025-06-06 15:00:00,-999.0
2025-06-06 16:00:00,-999.0
2025-06-06 17:00:00,-999.0
2025-06-06 18:00:00,-999.0
2025-06-06 19:00:00,-999.0
2025-06-06 20:00:00,-999.0
2025-06-06 21:00:00,-999.0
2025-06-06 22:00:00,-999.0
2025-06-06 23:00:00,-999.0
2025-06-07 00:00:00,-999.0
2025-06-07 01:00:00,-999.0
2025-06-07 02:00:00,-999.0
2025-06-07 03:00:00,-999.0
2025-06-07 04:00:00,-999.0
2025-06-07 05:00:00,-999.0
2025-06-07 06:00:00,-999.0
2025-06-07 07:00:00,-999.0
2025-06-07 08:00:00,-999.0
2025-06-07 09:00:00,-999.0
2025-06-07 10:00:00,-999.0
2025-06-07 11:00:00,-999.0
2025-06-07 12:00:00,-999.0
2025-06-07 13:00:00,-999.0
2025-06-07 14:00:00,-999.0
2025-06-07 15:00:00,-999.0
2025-06-07 16:00:00,-999.0
2025-06-07 17:00:00,-999.0
2025-06-07 18:00:00,-999.0
2025-06-07 19:00:00,-999.0
2025-06-07 20:00:00,-999.0
2025-06-07 21:00:00,-999.0
2025-06-07 22:00:00,-999.0
2025-06-07 23:00:00,-999.0
2025-06-08 00:00:00,-999.0
2025-06-08 01:00:00,-999.0
2025-06-08 02:00:00,-999.0
2025-06-08 03:00:00,-999.0
2025-06-08 04:00:00,-999.0
2025-06-08 05:00:00,-999.0
2025-06-08 06:00:00,-999.0
2025-06-08 07:00:00,-999.0
2025-06-08 08:00:00,-999.0
2025-06-08 09:00:00,-999.0
2025-06-08 10:00:00,-999.0
2025-06-08 11:00:00,-999.0
2025-06-08 12:00:00,-999.0
2025-06-08 13:00:00,-999.0
2025-06-08 14:00:00,-999.0
2025-06-08 15:00:00,-999.0
2025-06-08 16:00:00,-999.0
2025-06-08 17:00:00,-999.0
2025-06-08 18:00:00,-999.0
2025-06-08 19:00:00,-999.0
2025-06-08 20:00:00,-999.0
2025-06-08 21:00:00,-999.0
2025-06-08 22:00:00,-999.0
2025-06-08 23:00:00,-999.0
2025-06-09 00:00:00,-999.0
2025-06-09 01:00:00,-999.0
2025-06-09 02:00:00,-999.0
2025-06-09 03:00:00,-999.0
2025-06-09 04:00:00,-999.0
2025-06-09 05:00:00,-999.0
2025-06-09 06:00:00,-999.0
2025-06-09 07:00:00,-999.0
2025-06-09 08:00:00,-999.0
2025-06-09 09:00:00,-999.0
2025-06-09 10:00:00,-999.0
2025-06-09 11:00:00,-999.0
2025-06-09 12:00:00,-999.0
2025-06-09 13:00:00,-999.0
2025-06-09 14:00:00,-999.0
2025-06-09 15:00:00,-999.0
2025-06-09 16:00:00,-999.0
2025-06-09 17:00:00,-999.0
2025-06-09 18:00:00,-999.0
2025-06-09 19:00:00,-999.0
2025-06-09 20:00:00,-999.0
2025-06-09 21:00:00,-999.0
2025-06-09 22:00:00,-999.0
2025-06-09 23:00:00,-999.0
2025-06-10 00:00:00,-999.0
2025-06-10 01:00:00,-999.0
2025-06-10 02:00:00,-999.0
2025-06-10 03:00:00,-999.0
2025-06-10 04:00:00,-999.0
2025-06-10 05:00:00,-999.0
2025-06-10 06:00:00,-999.0
2025-06-10 07:00:00,-999.0
2025-06-10 08:00:00,-999.0
2025-06-10 09:00:00,-999.0
2025-06-10 10:00:00,-999.0
2025-06-10 11:00:00,-999.0
2025-06-10 12:00:00,-999.0
2025-06-10 13:00:00,-999.0
2025-06-10 14:00:00,-999.0
2025-06-10 15:00:00,-999.0
2025-06-10 16:00:00,-999.0
2025-06-10 17:00:00,-999.0
2025-06-10 18:00:00,-999.0
2025-06-10 19:00:00,-999.0
2025-06-10 20:00:00,-999.0
2025-06-10 21:00:00,-999.0
2025-06-10 22:00:00,-999.0
2025-06-10 23:00:00,-999.0
2025-06-11 00:00:00,-999.0
2025-06-11 01:00:00,-999.0
2025-06-11 02:00:00,-999.0
2025-06-11 03:00:00,-999.0
2025-06-11 04:00:00,-999.0
2025-06-11 05:00:00,-999.0
2025-06-11 06:00:00,-999.0
2025-06-11 07:00:00,-999.0
2025-06-11 08:00:00,-999.0
2025-06-11 09:00:00,-999.0
2025-06-11 10:00:00,-999.0
2025-06-11 11:00:00,-999.0
2025-06-11 12:00:00,-999.0
2025-06-11 13:00:00,-999.0
2025-06-11 14:00:00,-999.0
2025-06-11 15:00:00,-999.0
2025-06-11 16:00:00,-999.0
2025-06-11 17:00:00,-999.0
2025-06-11 18:00:00,-999.0
2025-06-11 19:00:00,-999.0
2025-06-11 20:00:00,-999.0
2025-06-11 21:00:00,-999.0
2025-06-11 22:00:00,-999.0
2025-06-11 23:00:00,-999.0
2025-06-12 00:00:00,-999.0
2025-06-12 01:00:00,-999.0
2025-06-12 02:00:00,-999.0
2025-06-12 03:00:00,-999.0
2025-06-12 04:00:00,-999.0
2025-06-12 05:00:00,-999.0
2025-06-12 06:00:00,-999.0
2025-06-12 07:00:00,-999.0
2025-06-12 08:00:00,-999.0
2025-06-12 09:00:00,-999.0
2025-06-12 10:00:00,-999.0
2025-06-12 11:00:00,-999.0
2025-06-12 12:00:00,-999.0
2025-06-12 13:00:00,-999.0
2025-06-12 14:00:00,-999.0
2025-06-12 15:00:00,-999.0
2025-06-12 16:00:00,-999.0
2025-06-12 17:00:00,-999.0
2025-06-12 18:00:00,-999.0
2025-06-12 19:00:00,-999.0
2025-06-12 20:00:00,-999.0
2025-06-12 21:00:00,-999.0
2025-06-12 22:00:00,-999.0
2025-06-12 23:00:00,-999.0
2025-06-13 00:00:00,-999.0
2025-06-13 01:00:00,-999.0
2025-06-13 02:00:00,-999.0
2025-06-13 03:00:00,-999.0
2025-06-13 04:00:00,-999.0
2025-06-13 05:00:00,-999.0
2025-06-13 06:00:00,-999.0
2025-06-13 07:00:00,-999.0
2025-06-13 08:00:00,-999.0
2025-06-13 09:00:00,-999.0
2025-06-13 10:00:00,-999.0
2025-06-13 11:00:00,-999.0
2025-06-13 12:00:00,-999.0
2025-06-13 13:00:00,-999.0
2025-06-13 14:00:00,-999.0
2025-06-13 15:00:00,-999.0
2025-06-13 16:00:00,-999.0
2025-06-13 17:00:00,-999.0
2025-06-13 18:00:00,-999.0
2025-06-13 19:00:00,-999.0
2025-06-13 20:00:00,-999.0
2025-06-13 21:00:00,-999.0
2025-06-13 22:00:00,-999.0
2025-06-13 23:00:00,-999.0
2025-06-14 00:00:00,-999.0
2025-06-14 01:00:00,-999.0
2025-06-14 02:00:00,-999.0
2025-06-14 03:00:00,-999.0
2025-06-14 04:00:00,-999.0
2025-06-14 05:00:00,-999.0
2025-06-14 06:00:00,-999.0
2025-06-14 07:00:00,-999.0
2025-06-14 08:00:00,-999.0
2025-06-14 09:00:00,-999.0
2025-06-14 10:00:00,-999.0
2025-06-14 11:00:00,-999.0
2025-06-14 12:00:00,-999.0
2025-06-14 13:00:00,-999.0
2025-06-14 14:00:00,-999.0
2025-06-14 15:00:00,-999.0
2025-06-14 16:00:00,-999.0
2025-06-14 17:00:00,-999.0
2025-06-14 18:00:00,-999.0
2025-06-14 19:00:00,-999.0
2025-06-14 20:00:00,-999.0
2025-06-14 21:00:00,-999.0
2025-06-14 22:00:00,-999.0
2025-06-14 23:00:00,-999.0
2025-06-15 00:00:00,-999.0
2025-06-15 01:00:00,-999.0
2025-06-15 02:00:00,-999.0
2025-06-15 03:00:00,-999.0
2025-06-15 04:00:00,-999.0
2025-06-15 05:00:00,-999.0
2025-06-15 06:00:00,-999.0
2025-06-15 07:00:00,-999.0
2025-06-15 08:00:00,-999.0
2025-06-15 09:00:00,-999.0
2025-06-15 10:00:00,-999.0
2025-06-15 11:00:00,-999.0
2025-06-15 12:00:00,-999.0
2025-06-15 13:00:00,-999.0
2025-06-15 14:00:00,-999.0
2025-06-15 15:00:00,-999.0
2025-06-15 16:00:00,-999.0
2025-06-15 17:00:00,-999.0
2025-06-15 18:00:00,-999.0
2025-06-15 19:00:00,-999.0
2025-06-15 20:00:00,-999.0
2025-06-15 21:00:00,-999.0
2025-06-15 22:00:00,-999.0
2025-06-15 23:00:00,-999.0
2025-06-16 00:00:00,-999.0
2025-06-16 01:00:00,-999.0
2025-06-16 02:00:00,-999.0
2025-06-16 03:00:00,-999.0
2025-06-16 04:00:00,-999.0
2025-06-16 05:00:00,-999.0
2025-06-16 06:00:00,-999.0
2025-06-16 07:00:00,-999.0
2025-06-16 08:00:00,-999.0
2025-06-16 09:00:00,-999.0
2025-06-16 10:00:00,-999.0
2025-06-16 11:00:00,-999.0
2025-06-16 12:00:00,-999.0
2025-06-16 13:00:00,-999.0
2025-06-16 14:00:00,-999.0
2025-06-16 15:00:00,-999.0
2025-06-16 16:00:00,-999.0
2025-06-16 17:00:00,-999.0
2025-06-16 18:00:00,-999.0
2025-06-16 19:00:00,-999.0
2025-06-16 20:00:00,-999.0
2025-06-16 21:00:00,-999.0
2025-06-16 22:00:00,-999.0
2025-06-16 23:00:00,-999.0
2025-06-17 00:00:00,-999.0
2025-06-17 01:00:00,-999.0
2025-06-17 02:00:00,-999.0
2025-06-17 03:00:00,-999.0
2025-06-17 04:00:00,-999.0
2025-06-17 05:00:00,-999.0
2025-06-17 06:00:00,-999.0
2025-06-17 07:00:00,-999.0
2025-06-17 08:00:00,-999.0
2025-06-17 09:00:00,-999.0
2025-06-17 10:00:00,-999.0
2025-06-17 11:00:00,-999.0
2025-06-17 12:00:00,-999.0
2025-06-17 13:00:00,-999.0
2025-06-17 14:00:00,-999.0
2025-06-17 15:00:00,-999.0
2025-06-17 16:00:00,-999.0
2025-06-17 17:00:00,-999.0
2025-06-17 18:00:00,-999.0
2025-06-17 19:00:00,-999.0
2025-06-17 20:00:00,-999.0
2025-06-17 21:00:00,-999.0
2025-06-17 22:00:00,-999.0
2025-06-17 23:00:00,-999.0
2025-06-18 00:00:00,-999.0
2025-06-18 01:00:00,-999.0
2025-06-18 02:00:00,-999.0
2025-06-18 03:00:00,-999.0
2025-06-18 04:00:00,-999.0
2025-06-18 05:00:00,-999.0
2025-06-18 06:00:00,-999.0
2025-06-18 07:00:00,-999.0
2025-06-18 08:00:00,-999.0
2025-06-18 09:00:00,-999.0
2025-06-18 10:00:00,-999.0
2025-06-18 11:00:00,-999.0
2025-06-18 12:00:00,-999.0
2025-06-18 13:00:00,-999.0
2025-06-18 14:00:00,-999.0
2025-06-18 15:00:00,-999.0
2025-06-18 16:00:00,-999.0
2025-06-18 17:00:00,-999.0
2025-06-18 18:00:00,-999.0
2025-06-18 19:00:00,-999.0
2025-06-18 20:00:00,-999.0
2025-06-18 21:00:00,-999.0
2025-06-18 22:00:00,-999.0
2025-06-18 23:00:00,-999.0
2025-06-19 00:00:00,-999.0
2025-06-19 01:00:00,-999.0
2025-06-19 02:00:00,-999.0
2025-06-19 03:00:00,-999.0
2025-06-19 04:00:00,-999.0
2025-06-19 05:00:00,-999.0
2025-06-19 06:00:00,-999.0
2025-06-19 07:00:00,-999.0
2025-06-19 08:00:00,-999.0
2025-06-19 09:00:00,-999.0
2025-06-19 10:00:00,-999.0
2025-06-19 11:00:00,-999.0
2025-06-19 12:00:00,-999.0
2025-06-19 13:00:00,-999.0
2025-06-19 14:00:00,-999.0
2025-06-19 15:00:00,-999.0
2025-06-19 16:00:00,-999.0
2025-06-19 17:00:00,-999.0
2025-06-19 18:00:00,-999.0
2025-06-19 19:00:00,-999.0
2025-06-19 20:00:00,-999.0
2025-06-19 21:00:00,-999.0
2025-06-19 22:00:00,-999.0
2025-06-19 23:00:00,-999.0
2025-06-20 00:00:00,-999.0
2025-06-20 01:00:00,-999.0
2025-06-20 02:00:00,-999.0
2025-06-20 03:00:00,-999.0
2025-06-20 04:00:00,-999.0
2025-06-20 05:00:00,-999.0
2025-06-20 06:00:00,-999.0
2025-06-20 07:00:00,-999.0
2025-06-20 08:00:00,-999.0
2025-06-20 09:00:00,-999.0
2025-06-20 10:00:00,-999.0
2025-06-20 11:00:00,-999.0
2025-06-20 12:00:00,-999.0
2025-06-20 13:00:00,-999.0
2025-06-20 14:00:00,-999.0
2025-06-20 15:00:00,-999.0
2025-06-20 16:00:00,-999.0
2025-06-20 17:00:00,-999.0
2025-06-20 18:00:00,-999.0
2025-06-20 19:00:00,-999.0
2025-06-20 20:00:00,-999.0
2025-06-20 21:00:00,-999.0
2025-06-20 22:00:00,-999.0
2025-06-20 23:00:00,-999.0
2025-06-21 00:00:00,-999.0
2025-06-21 01:00:00,-999.0
2025-06-21 02:00:00,-999.0
2025-06-21 03:00:00,-999.0
2025-06-21 04:00:00,-999.0
2025-06-21 05:00:00,-999.0
2025-06-21 06:00:00,-999.0
2025-06-21 07:00:00,-999.0
2025-06-21 08:00:00,-999.0
2025-06-21 09:00:00,-999.0
2025-06-21 10:00:00,-999.0
2025-06-21 11:00:00,-999.0
2025-06-21 12:00:00,-999.0
2025-06-21 13:00:00,-999.0
2025-06-21 14:00:00,-999.0
2025-06-21 15:00:00,-999.0
2025-06-21 16:00:00,-999.0
2025-06-21 17:00:00,-999.0
2025-06-21 18:00:00,-999.0
2025-06-21 19:00:00,-999.0
2025-06-21 20:00:00,-999.0
2025-06-21 21:00:00,-999.0
2025-06-21 22:00:00,-999.0
2025-06-21 23:00:00,-999.0
2025-06-22 00:00:00,-999.0
2025-06-22 01:00:00,-999.0
2025-06-22 02:00:00,-999.0
2025-06-22 03:00:00,-999.0
2025-06-22 04:00:00,-999.0
2025-06-22 05:00:00,-999.0
2025-06-22 06:00:00,-999.0
2025-06-22 07:00:00,-999.0
2025-06-22 08:00:00,-999.0
2025-06-22 09:00:00,-999.0
2025-06-22 10:00:00,-999.0
2025-06-22 11:00:00,-999.0
2025-06-22 12:00:00,-999.0
2025-06-22 13:00:00,-999.0
2025-06-22 14:00:00,-999.0
2025-06-22 15:00:00,-999.0
2025-06-22 16:00:00,-999.0
2025-06-22 17:00:00,-999.0
2025-06-22 18:00:00,-999.0
2025-06-22 19:00:00,-999.0
2025-06-22 20:00:00,-999.0
2025-06-22 21:00:00,-999.0
2025-06-22 22:00:00,-999.0
2025-06-22 23:00:00,-999.0
2025-06-23 00:00:00,-999.0
2025-06-23 01:00:00,-999.0
2025-06-23 02:00:00,-999.0
2025-06-23 03:00:00,-999.0
2025-06-23 04:00:00,-999.0
2025-06-23 05:00:00,-999.0
2025-06-23 06:00:00,-999.0
2025-06-23 07:00:00,-999.0
2025-06-23 08:00:00,-999.0
2025-06-23 09:00:00,-999.0
2025-06-23 10:00:00,-999.0
2025-06-23 11:00:00,-999.0
2025-06-23 12:00:00,-999.0
2025-06-23 13:00:00,-999.0
2025-06-23 14:00:00,-999.0
2025-06-23 15:00:00,-999.0
2025-06-23 16:00:00,-999.0
2025-06-23 17:00:00,-999.0
2025-06-23 18:00:00,-999.0
2025-06-23 19:00:00,-999.0
2025-06-23 20:00:00,-999.0
2025-06-23 21:00:00,-999.0
2025-06-23 22:00:00,-999.0
2025-06-23 23:00:00,-999.0
2025-06-24 00:00:00,-999.0
2025-06-24 01:00:00,-999.0
2025-06-24 02:00:00,-999.0
2025-06-24 03:00:00,-999.0
2025-06-24 04:00:00,-999.0
2025-06-24 05:00:00,-999.0
2025-06-24 06:00:00,-999.0
2025-06-24 07:00:00,-999.0
2025-06-24 08:00:00,-999.0
2025-06-24 09:00:00,-999.0
2025-06-24 10:00:00,-999.0
2025-06-24 11:00:00,-999.0
2025-06-24 12:00:00,-999.0
2025-06-24 13:00:00,-999.0
2025-06-24 14:00:00,-999.0
2025-06-24 15:00:00,-999.0
2025-06-24 16:00:00,-999.0
2025-06-24 17:00:00,-999.0
2025-06-24 18:00:00,-999.0
2025-06-24 19:00:00,-999.0
2025-06-24 20:00:00,-999.0
2025-06-24 21:00:00,-999.0
2025-06-24 22:00:00,-999.0
2025-06-24 23:00:00,-999.0
2025-06-25 00:00:00,-999.0
2025-06-25 01:00:00,-999.0
2025-06-25 02:00:00,-999.0
2025-06-25 03:00:00,-999.0
2025-06-25 04:00:00,-999.0
2025-06-25 05:00:00,-999.0
2025-06-25 06:00:00,-999.0
2025-06-25 07:00:00,-999.0
2025-06-25 08:00:00,-999.0
2025-06-25 09:00:00,-999.0
2025-06-25 10:00:00,-999.0
2025-06-25 11:00:00,-999.0
2025-06-25 12:00:00,-999.0
2025-06-25 13:00:00,-999.0
2025-06-25 14:00:00,-999.0
2025-06-25 15:00:00,-999.0
2025-06-25 16:00:00,-999.0
2025-06-25 17:00:00,-999.0
2025-06-25 18:00:00,-999.0
2025-06-25 19:00:00,-999.0
2025-06-25 20:00:00,-999.0
2025-06-25 21:00:00,-999.0
2025-06-25 22:00:00,-999.0
2025-06-25 23:00:00,-999.0
2025-06-26 00:00:00,-999.0
2025-06-26 01:00:00,-999.0
2025-06-26 02:00:00,-999.0
2025-06-26 03:00:00,-999.0
2025-06-26 04:00:00,-999.0
2025-06-26 05:00:00,-999.0
2025-06-26 06:00:00,-999.0
2025-06-26 07:00:00,-999.0
2025-06-26 08:00:00,-999.0
2025-06-26 09:00:00,-999.0
2025-06-26 10:00:00,-999.0
2025-06-26 11:00:00,-999.0
2025-06-26 12:00:00,-999.0
2025-06-26 13:00:00,-999.0
2025-06-26 14:00:00,-999.0
2025-06-26 15:00:00,-999.0
2025-06-26 16:00:00,-999.0
2025-06-26 17:00:00,-999.0
2025-06-26 18:00:00,-999.0
2025-06-26 19:00:00,-999.0
2025-06-26 20:00:00,-999.0
2025-06-26 21:00:00,-999.0
2025-06-26 22:00:00,-999.0
2025-06-26 23:00:00,-999.0
2025-06-27 00:00:00,-999.0
2025-06-27 01:00:00,-999.0
2025-06-27 02:00:00,-999.0
2025-06-27 03:00:00,-999.0
2025-06-27 04:00:00,-999.0
2025-06-27 05:00:00,-999.0
2025-06-27 06:00:00,-999.0
2025-06-27 07:00:00,-999.0
2025-06-27 08:00:00,-999.0
2025-06-27 09:00:00,-999.0
2025-06-27 10:00:00,-999.0
2025-06-27 11:00:00,-999.0
2025-06-27 12:00:00,-999.0
2025-06-27 13:00:00,-999.0
2025-06-27 14:00:00,-999.0
2025-06-27 15:00:00,-999.0
2025-06-27 16:00:00,-999.0
2025-06-27 17:00:00,-999.0
2025-06-27 18:00:00,-999.0
2025-06-27 19:00:00,-999.0
2025-06-27 20:00:00,-999.0
2025-06-27 21:00:00,-999.0
2025-06-27 22:00:00,-999.0
2025-06-27 23:00:00,-999.0
2025-06-28 00:00:00,-999.0
2025-06-28 01:00:00,-999.0
2025-06-28 02:00:00,-999.0
2025-06-28 03:00:00,-999.0
2025-06-28 04:00:00,-999.0
2025-06-28 05:00:00,-999.0
2025-06-28 06:00:00,-999.0
2025-06-28 07:00:00,-999.0
2025-06-28 08:00:00,-999.0
2025-06-28 09:00:00,-999.0
2025-06-28 10:00:00,-999.0
2025-06-28 11:00:00,-999.0
2025-06-28 12:00:00,-999.0
2025-06-28 13:00:00,-999.0
2025-06-28 14:00:00,-999.0
2025-06-28 15:00:00,-999.0
2025-06-28 16:00:00,-999.0
2025-06-28 17:00:00,-999.0
2025-06-28 18:00:00,-999.0
2025-06-28 19:00:00,-999.0
2025-06-28 20:00:00,-999.0
2025-06-28 21:00:00,-999.0
2025-06-28 22:00:00,-999.0
2025-06-28 23:00:00,-999.0
2025-06-29 00:00:00,-999.0
2025-06-29 01:00:00,-999.0
2025-06-29 02:00:00,-999.0
2025-06-29 03:00:00,-999.0
2025-06-29 04:00:00,-999.0
2025-06-29 05:00:00,-999.0
2025-06-29 06:00:00,-999.0
2025-06-29 07:00:00,-999.0
2025-06-29 08:00:00,-999.0
2025-06-29 09:00:00,-999.0
2025-06-29 10:00:00,-999.0
2025-06-29 11:00:00,-999.0
2025-06-29 12:00:00,-999.0
2025-06-29 13:00:00,-999.0
2025-06-29 14:00:00,-999.0
2025-06-29 15:00:00,-999.0
2025-06-29 16:00:00,-999.0
2025-06-29 17:00:00,-999.0
2025-06-29 18:00:00,-999.0
2025-06-29 19:00:00,-999.0
2025-06-29 20:00:00,-999.0
2025-06-29 21:00:00,-999.0
2025-06-29 22:00:00,-999.0
2025-06-29 23:00:00,-999.0
2025-06-30 00:00:00,-999.0
2025-06-30 01:00:00,-999.0
2025-06-30 02:00:00,-999.0
2025-06-30 03:00:00,-999.0
2025-06-30 04:00:00,-999.0
2025-06-30 05:00:00,-999.0
2025-06-30 06:00:00,-999.0
2025-06-30 07:00:00,-999.0
2025-06-30 08:00:00,-999.0
2025-06-30 09:00:00,-999.0
2025-06-30 10:00:00,-999.0
2025-06-30 11:00:00,-999.0
2025-06-30 12:00:00,-999.0
2025-06-30 13:00:00,-999.0
2025-06-30 14:00:00,-999.0
2025-06-30 15:00:00,-999.0
2025-06-30 16:00:00,-999.0
2025-06-30 17:00:00,-999.0
2025-06-30 18:00:00,-999.0
2025-06-30 19:00:00,-999.0
2025-06-30 20:00:00,-999.0
2025-06-30 21:00:00,-999.0
2025-06-30 22:00:00,-999.0
2025-06-30 23:00:00,-999.0
2025-07-01 00:00:00,-999.0
2025-07-01 01:00:00,-999.0
2025-07-01 02:00:00,-999.0
2025-07-01 03:00:00,-999.0
2025-07-01 04:00:00,-999.0
2025-07-01 05:00:00,-999.0
2025-07-01 06:00:00,-999.0
2025-07-01 07:00:00,-999.0
2025-07-01 08:00:00,-999.0
2025-07-01 09:00:00,-999.0
2025-07-01 10:00:00,-999.0
2025-07-01 11:00:00,-999.0
2025-07-01 12:00:00,-999.0
2025-07-01 13:00:00,-999.0
2025-07-01 14:00:00,-999.0
2025-07-01 15:00:00,-999.0
2025-07-01 16:00:00,-999.0
2025-07-01 17:00:00,-999.0
2025-07-01 18:00:00,-999.0
2025-07-01 19:00:00,-999.0
2025-07-01 20:00:00,-999.0
2025-07-01 21:00:00,-999.0
2025-07-01 22:00:00,-999.0
2025-07-01 23:00:00,-999.0
2025-07-02 00:00:00,-999.0
2025-07-02 01:00:00,-999.0
2025-07-02 02:00:00,-999.0
2025-07-02 03:00:00,-999.0
2025-07-02 04:00:00,-999.0
2025-07-02 05:00:00,-999.0
2025-07-02 06:00:00,-999.0
2025-07-02 07:00:00,-999.0
2025-07-02 08:00:00,-999.0
2025-07-02 09:00:00,-999.0
2025-07-02 10:00:00,-999.0
2025-07-02 11:00:00,-999.0
2025-07-02 12:00:00,-999.0
2025-07-02 13:00:00,-999.0
2025-07-02 14:00:00,-999.0
2025-07-02 15:00:00,-999.0
2025-07-02 16:00:00,-999.0
2025-07-02 17:00:00,-999.0
2025-07-02 18:00:00,-999.0
2025-07-02 19:00:00,-999.0
2025-07-02 20:00:00,-999.0
2025-07-02 21:00:00,-999.0
2025-07-02 22:00:00,-999.0
2025-07-02 23:00:00,-999.0
2025-07-03 00:00:00,-999.0
2025-07-03 01:00:00,-999.0
2025-07-03 02:00:00,-999.0
2025-07-03 03:00:00,-999.0
2025-07-03 04:00:00,-999.0
2025-07-03 05:00:00,-999.0
2025-07-03 06:00:00,-999.0
2025-07-03 07:00:00,-999.0
2025-07-03 08:00:00,-999.0
2025-07-03 09:00:00,-999.0
2025-07-03 10:00:00,-999.0
2025-07-03 11:00:00,-999.0
2025-07-03 12:00:00,-999.0
2025-07-03 13:00:00,-999.0
2025-07-03 14:00:00,-999.0
2025-07-03 15:00:00,-999.0
2025-07-03 16:00:00,-999.0
2025-07-03 17:00:00,-999.0
2025-07-03 18:00:00,-999.0
2025-07-03 19:00:00,-999.0
2025-07-03 20:00:00,-999.0
2025-07-03 21:00:00,-999.0
2025-07-03 22:00:00,-999.0
2025-07-03 23:00:00,-999.0
2025-07-04 00:00:00,-999.0
2025-07-04 01:00:00,-999.0
2025-07-04 02:00:00,-999.0
2025-07-04 03:00:00,-999.0
2025-07-04 04:00:00,-999.0
2025-07-04 05:00:00,-999.0
2025-07-04 06:00:00,-999.0
2025-07-04 07:00:00,-999.0
2025-07-04 08:00:00,-999.0
2025-07-04 09:00:00,-999.0
2025-07-04 10:00:00,-999.0
2025-07-04 11:00:00,-999.0
2025-07-04 12:00:00,-999.0
2025-07-04 13:00:00,-999.0
2025-07-04 14:00:00,-999.0
2025-07-04 15:00:00,-999.0
2025-07-04 16:00:00,-999.0
2025-07-04 17:00:00,-999.0
2025-07-04 18:00:00,-999.0
2025-07-04 19:00:00,-999.0
2025-07-04 20:00:00,-999.0
2025-07-04 21:00:00,-999.0
2025-07-04 22:00:00,-999.0
2025-07-04 23:00:00,-999.0
2025-07-05 00:00:00,-999.0
2025-07-05 01:00:00,-999.0
2025-07-05 02:00:00,-999.0
2025-07-05 03:00:00,-999.0
2025-07-05 04:00:00,-999.0
2025-07-05 05:00:00,-999.0
2025-07-05 06:00:00,-999.0
2025-07-05 07:00:00,-999.0
2025-07-05 08:00:00,-999.0
2025-07-05 09:00:00,-999.0
2025-07-05 10:00:00,-999.0
2025-07-05 11:00:00,-999.0
2025-07-05 12:00:00,-999.0
2025-07-05 13:00:00,-999.0
2025-07-05 14:00:00,-999.0
2025-07-05 15:00:00,-999.0
2025-07-05 16:00:00,-999.0
2025-07-05 17:00:00,-999.0
2025-07-05 18:00:00,-999.0
2025-07-05 19:00:00,-999.0
2025-07-05 20:00:00,-999.0
2025-07-05 21:00:00,-999.0
2025-07-05 22:00:00,-999.0
2025-07-05 23:00:00,-999.0
2025-07-06 00:00:00,-999.0
2025-07-06 01:00:00,-999.0
2025-07-06 02:00:00,-999.0
2025-07-06 03:00:00,-999.0
2025-07-06 04:00:00,-999.0
2025-07-06 05:00:00,-999.0
2025-07-06 06:00:00,-999.0
2025-07-06 07:00:00,-999.0
2025-07-06 08:00:00,-999.0
2025-07-06 09:00:00,-999.0
2025-07-06 10:00:00,-999.0
2025-07-06 11:00:00,-999.0
2025-07-06 12:00:00,-999.0
2025-07-06 13:00:00,-999.0
2025-07-06 14:00:00,-999.0
2025-07-06 15:00:00,-999.0
2025-07-06 16:00:00,-999.0
2025-07-06 17:00:00,-999.0
2025-07-06 18:00:00,-999.0
2025-07-06 19:00:00,-999.0
2025-07-06 20:00:00,-999.0
2025-07-06 21:00:00,-999.0
2025-07-06 22:00:00,-999.0
2025-07-06 23:00:00,-999.0
2025-07-07 00:00:00,-999.0
2025-07-07 01:00:00,-999.0
2025-07-07 02:00:00,-999.0
2025-07-07 03:00:00,-999.0
2025-07-07 04:00:00,-999.0
2025-07-07 05:00:00,-999.0
2025-07-07 06:00:00,-999.0
2025-07-07 07:00:00,-999.0
2025-07-07 08:00:00,-999.0
2025-07-07 09:00:00,-999.0
2025-07-07 10:00:00,-999.0
2025-07-07 11:00:00,-999.0
2025-07-07 12:00:00,-999.0
2025-07-07 13:00:00,-999.0
2025-07-07 14:00:00,-999.0
2025-07-07 15:00:00,-999.0
2025-07-07 16:00:00,-999.0
2025-07-07 17:00:00,-999.0
2025-07-07 18:00:00,-999.0
2025-07-07 19:00:00,-999.0
2025-07-07 20:00:00,-999.0
2025-07-07 21:00:00,-999.0
2025-07-07 22:00:00,-999.0
2025-07-07 23:00:00,-999.0
2025-07-08 00:00:00,-999.0
2025-07-08 01:00:00,-999.0
2025-07-08 02:00:00,-999.0
2025-07-08 03:00:00,-999.0
2025-07-08 04:00:00,-999.0
2025-07-08 05:00:00,-999.0
2025-07-08 06:00:00,-999.0
2025-07-08 07:00:00,-999.0
2025-07-08 08:00:00,-999.0
2025-07-08 09:00:00,-999.0
2025-07-08 10:00:00,-999.0
2025-07-08 11:00:00,-999.0
2025-07-08 12:00:00,-999.0
2025-07-08 13:00:00,-999.0
2025-07-08 14:00:00,-999.0
2025-07-08 15:00:00,-999.0
2025-07-08 16:00:00,-999.0
2025-07-08 17:00:00,-999.0
2025-07-08 18:00:00,-999.0
2025-07-08 19:00:00,-999.0
2025-07-08 20:00:00,-999.0
2025-07-08 21:00:00,-999.0
2025-07-08 22:00:00,-999.0
2025-07-08 23:00:00,-999.0
2025-07-09 00:00:00,-999.0
2025-07-09 01:00:00,-999.0
2025-07-09 02:00:00,-999.0
2025-07-09 03:00:00,-999.0
2025-07-09 04:00:00,-999.0
2025-07-09 05:00:00,-999.0
2025-07-09 06:00:00,-999.0
2025-07-09 07:00:00,-999.0
2025-07-09 08:00:00,-999.0
2025-07-09 09:00:00,-999.0
2025-07-09 10:00:00,-999.0
2025-07-09 11:00:00,-999.0
2025-07-09 12:00:00,-999.0
2025-07-09 13:00:00,-999.0
2025-07-09 14:00:00,-999.0
2025-07-09 15:00:00,-999.0
2025-07-09 16:00:00,-999.0
2025-07-09 17:00:00,-999.0
2025-07-09 18:00:00,-999.0
2025-07-09 19:00:00,-999.0
2025-07-09 20:00:00,-999.0
2025-07-09 21:00:00,-999.0
2025-07-09 22:00:00,-999.0
2025-07-09 23:00:00,-999.0
2025-07-10 00:00:00,-999.0
2025-07-10 01:00:00,-999.0
2025-07-10 02:00:00,-999.0
2025-07-10 03:00:00,-999.0
2025-07-10 04:00:00,-999.0
2025-07-10 05:00:00,-999.0
2025-07-10 06:00:00,-999.0
2025-07-10 07:00:00,-999.0
2025-07-10 08:00:00,-999.0
2025-07-10 09:00:00,-999.0
2025-07-10 10:00:00,-999.0
2025-07-10 11:00:00,-999.0
2025-07-10 12:00:00,-999.0
2025-07-10 13:00:00,-999.0
2025-07-10 14:00:00,-999.0
2025-07-10 15:00:00,-999.0
2025-07-10 16:00:00,-999.0
2025-07-10 17:00:00,-999.0
2025-07-10 18:00:00,-999.0
2025-07-10 19:00:00,-999.0
2025-07-10 20:00:00,-999.0
2025-07-10 21:00:00,-999.0
2025-07-10 22:00:00,-999.0
2025-07-10 23:00:00,-999.0
2025-07-11 00:00:00,-999.0
2025-07-11 01:00:00,-999.0
2025-07-11 02:00:00,-999.0
2025-07-11 03:00:00,-999.0
2025-07-11 04:00:00,-999.0
2025-07-11 05:00:00,-999.0
2025-07-11 06:00:00,-999.0
2025-07-11 07:00:00,-999.0
2025-07-11 08:00:00,-999.0
2025-07-11 09:00:00,-999.0
2025-07-11 10:00:00,-999.0
2025-07-11 11:00:00,-999.0
2025-07-11 12:00:00,-999.0
2025-07-11 13:00:00,-999.0
2025-07-11 14:00:00,-999.0
2025-07-11 15:00:00,-999.0
2025-07-11 16:00:00,-999.0
2025-07-11 17:00:00,-999.0
2025-07-11 18:00:00,-999.0
2025-07-11 19:00:00,-999.0
2025-07-11 20:00:00,-999.0
2025-07-11 21:00:00,-999.0
2025-07-11 22:00:00,-999.0
2025-07-11 23:00:00,-999.0
2025-07-12 00:00:00,-999.0
2025-07-12 01:00:00,-999.0
2025-07-12 02:00:00,-999.0
2025-07-12 03:00:00,-999.0
2025-07-12 04:00:00,-999.0
2025-07-12 05:00:00,-999.0
2025-07-12 06:00:00,-999.0
2025-07-12 07:00:00,-999.0
2025-07-12 08:00:00,-999.0
2025-07-12 09:00:00,-999.0
2025-07-12 10:00:00,-999.0
2025-07-12 11:00:00,-999.0
2025-07-12 12:00:00,-999.0
2025-07-12 13:00:00,-999.0
2025-07-12 14:00:00,-999.0
2025-07-12 15:00:00,-999.0
2025-07-12 16:00:00,-999.0
2025-07-12 17:00:00,-999.0
2025-07-12 18:00:00,-999.0
2025-07-12 19:00:00,-999.0
2025-07-12 20:00:00,-999.0
2025-07-12 21:00:00,-999.0
2025-07-12 22:00:00,-999.0
2025-07-12 23:00:00,-999.0
2025-07-13 00:00:00,-999.0
2025-07-13 01:00:00,-999.0
2025-07-13 02:00:00,-999.0
2025-07-13 03:00:00,-999.0
2025-07-13 04:00:00,-999.0
2025-07-13 05:00:00,-999.0
2025-07-13 06:00:00,-999.0
2025-07-13 07:00:00,-999.0
2025-07-13 08:00:00,-999.0
2025-07-13 09:00:00,-999.0
2025-07-13 10:00:00,-999.0
2025-07-13 11:00:00,-999.0
2025-07-13 12:00:00,-999.0
2025-07-13 13:00:00,-999.0
2025-07-13 14:00:00,-999.0
2025-07-13 15:00:00,-999.0
2025-07-13 16:00:00,-999.0
2025-07-13 17:00:00,-999.0
2025-07-13 18:00:00,-999.0
2025-07-13 19:00:00,-999.0
2025-07-13 20:00:00,-999.0
2025-07-13 21:00:00,-999.0
2025-07-13 22:00:00,-999.0
2025-07-13 23:00:00,-999.0
2025-07-14 00:00:00,-999.0
2025-07-14 01:00:00,-999.0
2025-07-14 02:00:00,-999.0
2025-07-14 03:00:00,-999.0
2025-07-14 04:00:00,-999.0
2025-07-14 05:00:00,-999.0
2025-07-14 06:00:00,-999.0
2025-07-14 07:00:00,-999.0
2025-07-14 08:00:00,-999.0
2025-07-14 09:00:00,-999.0
2025-07-14 10:00:00,-999.0
2025-07-14 11:00:00,-999.0
2025-07-14 12:00:00,-999.0
2025-07-14 13:00:00,-999.0
2025-07-14 14:00:00,-999.0
2025-07-14 15:00:00,-999.0
2025-07-14 16:00:00,-999.0
2025-07-14 17:00:00,-999.0
2025-07-14 18:00:00,-999.0
2025-07-14 19:00:00,-999.0
2025-07-14 20:00:00,-999.0
2025-07-14 21:00:00,-999.0
2025-07-14 22:00:00,-999.0
2025-07-14 23:00:00,-999.0
2025-07-15 00:00:00,-999.0
2025-07-15 01:00:00,-999.0
2025-07-15 02:00:00,-999.0
2025-07-15 03:00:00,-999.0
2025-07-15 04:00:00,-999.0
2025-07-15 05:00:00,-999.0
2025-07-15 06:00:00,-999.0
2025-07-15 07:00:00,-999.0
2025-07-15 08:00:00,-999.0
2025-07-15 09:00:00,-999.0
2025-07-15 10:00:00,-999.0
2025-07-15 11:00:00,-999.0
2025-07-15 12:00:00,-999.0
2025-07-15 13:00:00,-999.0
2025-07-15 14:00:00,-999.0
2025-07-15 15:00:00,-999.0
2025-07-15 16:00:00,-999.0
2025-07-15 17:00:00,-999.0
2025-07-15 18:00:00,-999.0
2025-07-15 19:00:00,-999.0
2025-07-15 20:00:00,-999.0
2025-07-15 21:00:00,-999.0
2025-07-15 22:00:00,-999.0
2025-07-15 23:00:00,-999.0
2025-07-16 00:00:00,-999.0
2025-07-16 01:00:00,-999.0
2025-07-16 02:00:00,-999.0
2025-07-16 03:00:00,-999.0
2025-07-16 04:00:00,-999.0
2025-07-16 05:00:00,-999.0
2025-07-16 06:00:00,-999.0
2025-07-16 07:00:00,-999.0
2025-07-16 08:00:00,-999.0
2025-07-16 09:00:00,-999.0
2025-07-16 10:00:00,-999.0
2025-07-16 11:00:00,-999.0
2025-07-16 12:00:00,-999.0
2025-07-16 13:00:00,-999.0
2025-07-16 14:00:00,-999.0
2025-07-16 15:00:00,-999.0
2025-07-16 16:00:00,-999.0
2025-07-16 17:00:00,-999.0
2025-07-16 18:00:00,-999.0
2025-07-16 19:00:00,-999.0
2025-07-16 20:00:00,-999.0
2025-07-16 21:00:00,-999.0
2025-07-16 22:00:00,-999.0
2025-07-16 23:00:00,-999.0
2025-07-17 00:00:00,-999.0
2025-07-17 01:00:00,-999.0
2025-07-17 02:00:00,-999.0
2025-07-17 03:00:00,-999.0
2025-07-17 04:00:00,-999.0
2025-07-17 05:00:00,-999.0
2025-07-17 06:00:00,-999.0
2025-07-17 07:00:00,-999.0
2025-07-17 08:00:00,-999.0
2025-07-17 09:00:00,-999.0
2025-07-17 10:00:00,-999.0
2025-07-17 11:00:00,-999.0
2025-07-17 12:00:00,-999.0
2025-07-17 13:00:00,-999.0
2025-07-17 14:00:00,-999.0
2025-07-17 15:00:00,-999.0
2025-07-17 16:00:00,-999.0
2025-07-17 17:00:00,-999.0
2025-07-17 18:00:00,-999.0
2025-07-17 19:00:00,-999.0
2025-07-17 20:00:00,-999.0
2025-07-17 21:00:00,-999.0
2025-07-17 22:00:00,-999.0
2025-07-17 23:00:00,-999.0
2025-07-18 00:00:00,-999.0
2025-07-18 01:00:00,-999.0
2025-07-18 02:00:00,-999.0
2025-07-18 03:00:00,-999.0
2025-07-18 04:00:00,-999.0
2025-07-18 05:00:00,-999.0
2025-07-18 06:00:00,-999.0
2025-07-18 07:00:00,-999.0
2025-07-18 08:00:00,-999.0
2025-07-18 09:00:00,-999.0
2025-07-18 10:00:00,-999.0
2025-07-18 11:00:00,-999.0
2025-07-18 12:00:00,-999.0
2025-07-18 13:00:00,-999.0
2025-07-18 14:00:00,-999.0
2025-07-18 15:00:00,-999.0
2025-07-18 16:00:00,-999.0
2025-07-18 17:00:00,-999.0
2025-07-18 18:00:00,-999.0
2025-07-18 19:00:00,-999.0
2025-07-18 20:00:00,-999.0
2025-07-18 21:00:00,-999.0
2025-07-18 22:00:00,-999.0
2025-07-18 23:00:00,-999.0
2025-07-19 00:00:00,-999.0
2025-07-19 01:00:00,-999.0
2025-07-19 02:00:00,-999.0
2025-07-19 03:00:00,-999.0
2025-07-19 04:00:00,-999.0
2025-07-19 05:00:00,-999.0
2025-07-19 06:00:00,-999.0
2025-07-19 07:00:00,-999.0
2025-07-19 08:00:00,-999.0
2025-07-19 09:00:00,-999.0
2025-07-19 10:00:00,-999.0
2025-07-19 11:00:00,-999.0
2025-07-19 12:00:00,-999.0
2025-07-19 13:00:00,-999.0
2025-07-19 14:00:00,-999.0
2025-07-19 15:00:00,-999.0
2025-07-19 16:00:00,-999.0
2025-07-19 17:00:00,-999.0
2025-07-19 18:00:00,-999.0
2025-07-19 19:00:00,-999.0
2025-07-19 20:00:00,-999.0
2025-07-19 21:00:00,-999.0
2025-07-19 22:00:00,-999.0
2025-07-19 23:00:00,-999.0
2025-07-20 00:00:00,-999.0
2025-07-20 01:00:00,-999.0
2025-07-20 02:00:00,-999.0
2025-07-20 03:00:00,-999.0
2025-07-20 04:00:00,-999.0
2025-07-20 05:00:00,-999.0
2025-07-20 06:00:00,-999.0
2025-07-20 07:00:00,-999.0
2025-07-20 08:00:00,-999.0
2025-07-20 09:00:00,-999.0
2025-07-20 10:00:00,-999.0
2025-07-20 11:00:00,-999.0
2025-07-20 12:00:00,-999.0
2025-07-20 13:00:00,-999.0
2025-07-20 14:00:00,-999.0
2025-07-20 15:00:00,-999.0
2025-07-20 16:00:00,-999.0
2025-07-20 17:00:00,-999.0
2025-07-20 18:00:00,-999.0
2025-07-20 19:00:00,-999.0
2025-07-20 20:00:00,-999.0
2025-07-20 21:00:00,-999.0
2025-07-20 22:00:00,-999.0
2025-07-20 23:00:00,-999.0
2025-07-21 00:00:00,-999.0
2025-07-21 01:00:00,-999.0
2025-07-21 02:00:00,-999.0
2025-07-21 03:00:00,-999.0
2025-07-21 04:00:00,-999.0
2025-07-21 05:00:00,-999.0
2025-07-21 06:00:00,-999.0
2025-07-21 07:00:00,-999.0
2025-07-21 08:00:00,-999.0
2025-07-21 09:00:00,-999.0
2025-07-21 10:00:00,-999.0
2025-07-21 11:00:00,-999.0
2025-07-21 12:00:00,-999.0
2025-07-21 13:00:00,-999.0
2025-07-21 14:00:00,-999.0
2025-07-21 15:00:00,-999.0
2025-07-21 16:00:00,-999.0
2025-07-21 17:00:00,-999.0
2025-07-21 18:00:00,-999.0
2025-07-21 19:00:00,-999.0
2025-07-21 20:00:00,-999.0
2025-07-21 21:00:00,-999.0
2025-07-21 22:00:00,-999.0
2025-07-21 23:00:00,-999.0
2025-07-22 00:00:00,-999.0
2025-07-22 01:00:00,-999.0
2025-07-22 02:00:00,-999.0
2025-07-22 03:00:00,-999.0
2025-07-22 04:00:00,-999.0
2025-07-22 05:00:00,-999.0
2025-07-22 06:00:00,-999.0
2025-07-22 07:00:00,-999.0
2025-07-22 08:00:00,-999.0
2025-07-22 09:00:00,-999.0
2025-07-22 10:00:00,-999.0
2025-07-22 11:00:00,-999.0
2025-07-22 12:00:00,-999.0
2025-07-22 13:00:00,-999.0
2025-07-22 14:00:00,-999.0
2025-07-22 15:00:00,-999.0
2025-07-22 16:00:00,-999.0
2025-07-22 17:00:00,-999.0
2025-07-22 18:00:00,-999.0
2025-07-22 19:00:00,-999.0
2025-07-22 20:00:00,-999.0
2025-07-22 21:00:00,-999.0
2025-07-22 22:00:00,-999.0
2025-07-22 23:00:00,-999.0
2025-07-23 00:00:00,-999.0
2025-07-23 01:00:00,-999.0
2025-07-23 02:00:00,-999.0
2025-07-23 03:00:00,-999.0
2025-07-23 04:00:00,-999.0
2025-07-23 05:00:00,-999.0
2025-07-23 06:00:00,-999.0
2025-07-23 07:00:00,-999.0
2025-07-23 08:00:00,-999.0
2025-07-23 09:00:00,-999.0
2025-07-23 10:00:00,-999.0
2025-07-23 11:00:00,-999.0
2025-07-23 12:00:00,-999.0
2025-07-23 13:00:00,-999.0
2025-07-23 14:00:00,-999.0
2025-07-23 15:00:00,-999.0
2025-07-23 16:00:00,-999.0
2025-07-23 17:00:00,-999.0
2025-07-23 18:00:00,-999.0
2025-07-23 19:00:00,-999.0
2025-07-23 20:00:00,-999.0
2025-07-23 21:00:00,-999.0
2025-07-23 22:00:00,-999.0
2025-07-23 23:00:00,-999.0
2025-07-24 00:00:00,-999.0
2025-07-24 01:00:00,-999.0
2025-07-24 02:00:00,-999.0
2025-07-24 03:00:00,-999.0
2025-07-24 04:00:00,-999.0
2025-07-24 05:00:00,-999.0
2025-07-24 06:00:00,-999.0
2025-07-24 07:00:00,-999.0
2025-07-24 08:00:00,-999.0
2025-07-24 09:00:00,-999.0
2025-07-24 10:00:00,-999.0
2025-07-24 11:00:00,-999.0
2025-07-24 12:00:00,-999.0
2025-07-24 13:00:00,-999.0
2025-07-24 14:00:00,-999.0
2025-07-24 15:00:00,-999.0
2025-07-24 16:00:00,-999.0
2025-07-24 17:00:00,-999.0
2025-07-24 18:00:00,-999.0
2025-07-24 19:00:00,-999.0
2025-07-24 20:00:00,-999.0
2025-07-24 21:00:00,-999.0
2025-07-24 22:00:00,-999.0
2025-07-24 23:00:00,-999.0
2025-07-25 00:00:00,-999.0
2025-07-25 01:00:00,-999.0
2025-07-25 02:00:00,-999.0
2025-07-25 03:00:00,-999.0
2025-07-25 04:00:00,-999.0
2025-07-25 05:00:00,-999.0
2025-07-25 06:00:00,-999.0
2025-07-25 07:00:00,-999.0
2025-07-25 08:00:00,-999.0
2025-07-25 09:00:00,-999.0
2025-07-25 10:00:00,-999.0
2025-07-25 11:00:00,-999.0
2025-07-25 12:00:00,-999.0
2025-07-25 13:00:00,-999.0
2025-07-25 14:00:00,-999.0
2025-07-25 15:00:00,-999.0
2025-07-25 16:00:00,-999.0
2025-07-25 17:00:00,-999.0
2025-07-25 18:00:00,-999.0
2025-07-25 19:00:00,-999.0
2025-07-25 20:00:00,-999.0
2025-07-25 21:00:00,-999.0
2025-07-25 22:00:00,-999.0
2025-07-25 23:00:00,-999.0
2025-07-26 00:00:00,-999.0
2025-07-26 01:00:00,-999.0
2025-07-26 02:00:00,-999.0
2025-07-26 03:00:00,-999.0
2025-07-26 04:00:00,-999.0
2025-07-26 05:00:00,-999.0
2025-07-26 06:00:00,-999.0
2025-07-26 07:00:00,-999.0
2025-07-26 08:00:00,-999.0
2025-07-26 09:00:00,-999.0
2025-07-26 10:00:00,-999.0
2025-07-26 11:00:00,-999.0
2025-07-26 12:00:00,-999.0
2025-07-26 13:00:00,-999.0
2025-07-26 14:00:00,-999.0
2025-07-26 15:00:00,-999.0
2025-07-26 16:00:00,-999.0
2025-07-26 17:00:00,-999.0
2025-07-26 18:00:00,-999.0
2025-07-26 19:00:00,-999.0
2025-07-26 20:00:00,-999.0
2025-07-26 21:00:00,-999.0
2025-07-26 22:00:00,-999.0
2025-07-26 23:00:00,-999.0
2025-07-27 00:00:00,-999.0
2025-07-27 01:00:00,-999.0
2025-07-27 02:00:00,-999.0
2025-07-27 03:00:00,-999.0
2025-07-27 04:00:00,-999.0
2025-07-27 05:00:00,-999.0
2025-07-27 06:00:00,-999.0
2025-07-27 07:00:00,-999.0
2025-07-27 08:00:00,-999.0
2025-07-27 09:00:00,-999.0
2025-07-27 10:00:00,-999.0
2025-07-27 11:00:00,-999.0
2025-07-27 12:00:00,-999.0
2025-07-27 13:00:00,-999.0
2025-07-27 14:00:00,-999.0
2025-07-27 15:00:00,-999.0
2025-07-27 16:00:00,-999.0
2025-07-27 17:00:00,-999.0
2025-07-27 18:00:00,-999.0
2025-07-27 19:00:00,-999.0
2025-07-27 20:00:00,-999.0
2025-07-27 21:00:00,-999.0
2025-07-27 22:00:00,-999.0
2025-07-27 23:00:00,-999.0
2025-07-28 00:00:00,-999.0
2025-07-28 01:00:00,-999.0
2025-07-28 02:00:00,-999.0
2025-07-28 03:00:00,-999.0
2025-07-28 04:00:00,-999.0
2025-07-28 05:00:00,-999.0
2025-07-28 06:00:00,-999.0
2025-07-28 07:00:00,-999.0
2025-07-28 08:00:00,-999.0
2025-07-28 09:00:00,-999.0
2025-07-28 10:00:00,-999.0
2025-07-28 11:00:00,-999.0
2025-07-28 12:00:00,-999.0
2025-07-28 13:00:00,-999.0
2025-07-28 14:00:00,-999.0
2025-07-28 15:00:00,-999.0
2025-07-28 16:00:00,-999.0
2025-07-28 17:00:00,-999.0
2025-07-28 18:00:00,-999.0
2025-07-28 19:00:00,-999.0
2025-07-28 20:00:00,-999.0
2025-07-28 21:00:00,-999.0
2025-07-28 22:00:00,-999.0
2025-07-28 23:00:00,-999.0
2025-07-29 00:00:00,-999.0
2025-07-29 01:00:00,-999.0
2025-07-29 02:00:00,-999.0
2025-07-29 03:00:00,-999.0
2025-07-29 04:00:00,-999.0
2025-07-29 05:00:00,-999.0
2025-07-29 06:00:00,-999.0
2025-07-29 07:00:00,-999.0
2025-07-29 08:00:00,-999.0
2025-07-29 09:00:00,-999.0
2025-07-29 10:00:00,-999.0
2025-07-29 11:00:00,-999.0
2025-07-29 12:00:00,-999.0
2025-07-29 13:00:00,-999.0
2025-07-29 14:00:00,-999.0
2025-07-29 15:00:00,-999.0
2025-07-29 16:00:00,-999.0
2025-07-29 17:00:00,-999.0
2025-07-29 18:00:00,-999.0
2025-07-29 19:00:00,-999.0
2025-07-29 20:00:00,-999.0
2025-07-29 21:00:00,-999.0
2025-07-29 22:00:00,-999.0
2025-07-29 23:00:00,-999.0
2025-07-30 00:00:00,-999.0
2025-07-30 01:00:00,-999.0
2025-07-30 02:00:00,-999.0
2025-07-30 03:00:00,-999.0
2025-07-30 04:00:00,-999.0
2025-07-30 05:00:00,-999.0
2025-07-30 06:00:00,-999.0
2025-07-30 07:00:00,-999.0
2025-07-30 08:00:00,-999.0
2025-07-30 09:00:00,-999.0
2025-07-30 10:00:00,-999.0
2025-07-30 11:00:00,-999.0
2025-07-30 12:00:00,-999.0
2025-07-30 13:00:00,-999.0
2025-07-30 14:00:00,-999.0
2025-07-30 15:00:00,-999.0
2025-07-30 16:00:00,-999.0
2025-07-30 17:00:00,-999.0
2025-07-30 18:00:00,-999.0
2025-07-30 19:00:00,-999.0
2025-07-30 20:00:00,-999.0
2025-07-30 21:00:00,-999.0
2025-07-30 22:00:00,-999.0
2025-07-30 23:00:00,-999.0
2025-07-31 00:00:00,-999.0
2025-07-31 01:00:00,-999.0
2025-07-31 02:00:00,-999.0
2025-07-31 03:00:00,-999.0
2025-07-31 04:00:00,-999.0
2025-07-31 05:00:00,-999.0
2025-07-31 06:00:00,-999.0
2025-07-31 07:00:00,-999.0
2025-07-31 08:00:00,-999.0
2025-07-31 09:00:00,-999.0
2025-07-31 10:00:00,-999.0
2025-07-31 11:00:00,-999.0
2025-07-31 12:00:00,-999.0
2025-07-31 13:00:00,-999.0
2025-07-31 14:00:00,-999.0
2025-07-31 15:00:00,-999.0
2025-07-31 16:00:00,-999.0
2025-07-31 17:00:00,-999.0
2025-07-31 18:00:00,-999.0
2025-07-31 19:00:00,-999.0
2025-07-31 20:00:00,-999.0
2025-07-31 21:00:00,-999.0
2025-07-31 22:00:00,-999.0
2025-07-31 23:00:00,-999.0
2025-08-01 00:00:00,-999.0
2025-08-01 01:00:00,-999.0
2025-08-01 02:00:00,-999.0
2025-08-01 03:00:00,-999.0
2025-08-01 04:00:00,-999.0
2025-08-01 05:00:00,-999.0
2025-08-01 06:00:00,-999.0
2025-08-01 07:00:00,-999.0
2025-08-01 08:00:00,-999.0
2025-08-01 09:00:00,-999.0
2025-08-01 10:00:00,-999.0
2025-08-01 11:00:00,-999.0
2025-08-01 12:00:00,-999.0
2025-08-01 13:00:00,-999.0
2025-08-01 14:00:00,-999.0
2025-08-01 15:00:00,-999.0
2025-08-01 16:00:00,-999.0
2025-08-01 17:00:00,-999.0
2025-08-01 18:00:00,-999.0
2025-08-01 19:00:00,-999.0
2025-08-01 20:00:00,-999.0
2025-08-01 21:00:00,-999.0
2025-08-01 22:00:00,-999.0
2025-08-01 23:00:00,-999.0
2025-08-02 00:00:00,-999.0
2025-08-02 01:00:00,-999.0
2025-08-02 02:00:00,-999.0
2025-08-02 03:00:00,-999.0
2025-08-02 04:00:00,-999.0
2025-08-02 05:00:00,-999.0
2025-08-02 06:00:00,-999.0
2025-08-02 07:00:00,-999.0
2025-08-02 08:00:00,-999.0
2025-08-02 09:00:00,-999.0
2025-08-02 10:00:00,-999.0
2025-08-02 11:00:00,-999.0
2025-08-02 12:00:00,-999.0
2025-08-02 13:00:00,-999.0
2025-08-02 14:00:00,-999.0
2025-08-02 15:00:00,-999.0
2025-08-02 16:00:00,-999.0
2025-08-02 17:00:00,-999.0
2025-08-02 18:00:00,-999.0
2025-08-02 19:00:00,-999.0
2025-08-02 20:00:00,-999.0
2025-08-02 21:00:00,-999.0
2025-08-02 22:00:00,-999.0
2025-08-02 23:00:00,-999.0
