datetime,ALLSKY_SFC_SW_DNI
2024-08-02 00:00:00,0.0
2024-08-02 01:00:00,0.0
2024-08-02 02:00:00,0.0
2024-08-02 03:00:00,0.0
2024-08-02 04:00:00,0.0
2024-08-02 05:00:00,0.0
2024-08-02 06:00:00,10.08
2024-08-02 07:00:00,19.11
2024-08-02 08:00:00,37.91
2024-08-02 09:00:00,39.84
2024-08-02 10:00:00,27.89
2024-08-02 11:00:00,33.57
2024-08-02 12:00:00,21.4
2024-08-02 13:00:00,17.3
2024-08-02 14:00:00,26.42
2024-08-02 15:00:00,28.4
2024-08-02 16:00:00,9.02
2024-08-02 17:00:00,6.1
2024-08-02 18:00:00,0.0
2024-08-02 19:00:00,0.0
2024-08-02 20:00:00,0.0
2024-08-02 21:00:00,0.0
2024-08-02 22:00:00,0.0
2024-08-02 23:00:00,0.0
2024-08-03 00:00:00,0.0
2024-08-03 01:00:00,0.0
2024-08-03 02:00:00,0.0
2024-08-03 03:00:00,0.0
2024-08-03 04:00:00,0.0
2024-08-03 05:00:00,0.0
2024-08-03 06:00:00,0.0
2024-08-03 07:00:00,0.0
2024-08-03 08:00:00,0.0
2024-08-03 09:00:00,45.93
2024-08-03 10:00:00,31.21
2024-08-03 11:00:00,0.0
2024-08-03 12:00:00,25.11
2024-08-03 13:00:00,27.56
2024-08-03 14:00:00,27.93
2024-08-03 15:00:00,86.86
2024-08-03 16:00:00,47.88
2024-08-03 17:00:00,25.55
2024-08-03 18:00:00,1.34
2024-08-03 19:00:00,0.0
2024-08-03 20:00:00,0.0
2024-08-03 21:00:00,0.0
2024-08-03 22:00:00,0.0
2024-08-03 23:00:00,0.0
2024-08-04 00:00:00,0.0
2024-08-04 01:00:00,0.0
2024-08-04 02:00:00,0.0
2024-08-04 03:00:00,0.0
2024-08-04 04:00:00,0.0
2024-08-04 05:00:00,0.74
2024-08-04 06:00:00,56.15
2024-08-04 07:00:00,186.59
2024-08-04 08:00:00,315.83
2024-08-04 09:00:00,275.92
2024-08-04 10:00:00,294.27
2024-08-04 11:00:00,316.82
2024-08-04 12:00:00,359.51
2024-08-04 13:00:00,339.94
2024-08-04 14:00:00,307.73
2024-08-04 15:00:00,219.04
2024-08-04 16:00:00,97.58
2024-08-04 17:00:00,34.6
2024-08-04 18:00:00,1.35
2024-08-04 19:00:00,0.0
2024-08-04 20:00:00,0.0
2024-08-04 21:00:00,0.0
2024-08-04 22:00:00,0.0
2024-08-04 23:00:00,0.0
2024-08-05 00:00:00,0.0
2024-08-05 01:00:00,0.0
2024-08-05 02:00:00,0.0
2024-08-05 03:00:00,0.0
2024-08-05 04:00:00,0.0
2024-08-05 05:00:00,0.0
2024-08-05 06:00:00,1.47
2024-08-05 07:00:00,8.52
2024-08-05 08:00:00,122.82
2024-08-05 09:00:00,59.92
2024-08-05 10:00:00,32.73
2024-08-05 11:00:00,51.57
2024-08-05 12:00:00,53.75
2024-08-05 13:00:00,41.21
2024-08-05 14:00:00,29.41
2024-08-05 15:00:00,12.11
2024-08-05 16:00:00,6.98
2024-08-05 17:00:00,4.58
2024-08-05 18:00:00,0.0
2024-08-05 19:00:00,0.0
2024-08-05 20:00:00,0.0
2024-08-05 21:00:00,0.0
2024-08-05 22:00:00,0.0
2024-08-05 23:00:00,0.0
2024-08-06 00:00:00,0.0
2024-08-06 01:00:00,0.0
2024-08-06 02:00:00,0.0
2024-08-06 03:00:00,0.0
2024-08-06 04:00:00,0.0
2024-08-06 05:00:00,0.0
2024-08-06 06:00:00,6.84
2024-08-06 07:00:00,24.99
2024-08-06 08:00:00,53.0
2024-08-06 09:00:00,20.52
2024-08-06 10:00:00,22.54
2024-08-06 11:00:00,23.43
2024-08-06 12:00:00,22.27
2024-08-06 13:00:00,69.63
2024-08-06 14:00:00,21.49
2024-08-06 15:00:00,23.45
2024-08-06 16:00:00,15.8
2024-08-06 17:00:00,10.98
2024-08-06 18:00:00,1.33
2024-08-06 19:00:00,0.0
2024-08-06 20:00:00,0.0
2024-08-06 21:00:00,0.0
2024-08-06 22:00:00,0.0
2024-08-06 23:00:00,0.0
2024-08-07 00:00:00,0.0
2024-08-07 01:00:00,0.0
2024-08-07 02:00:00,0.0
2024-08-07 03:00:00,0.0
2024-08-07 04:00:00,0.0
2024-08-07 05:00:00,1.02
2024-08-07 06:00:00,47.78
2024-08-07 07:00:00,156.46
2024-08-07 08:00:00,267.76
2024-08-07 09:00:00,331.58
2024-08-07 10:00:00,325.23
2024-08-07 11:00:00,361.3
2024-08-07 12:00:00,388.83
2024-08-07 13:00:00,351.76
2024-08-07 14:00:00,248.02
2024-08-07 15:00:00,176.53
2024-08-07 16:00:00,94.67
2024-08-07 17:00:00,34.69
2024-08-07 18:00:00,1.01
2024-08-07 19:00:00,0.0
2024-08-07 20:00:00,0.0
2024-08-07 21:00:00,0.0
2024-08-07 22:00:00,0.0
2024-08-07 23:00:00,0.0
2024-08-08 00:00:00,0.0
2024-08-08 01:00:00,0.0
2024-08-08 02:00:00,0.0
2024-08-08 03:00:00,0.0
2024-08-08 04:00:00,0.0
2024-08-08 05:00:00,0.0
2024-08-08 06:00:00,10.17
2024-08-08 07:00:00,19.48
2024-08-08 08:00:00,77.91
2024-08-08 09:00:00,204.37
2024-08-08 10:00:00,253.71
2024-08-08 11:00:00,346.81
2024-08-08 12:00:00,174.12
2024-08-08 13:00:00,259.02
2024-08-08 14:00:00,46.7
2024-08-08 15:00:00,19.37
2024-08-08 16:00:00,5.63
2024-08-08 17:00:00,0.0
2024-08-08 18:00:00,0.0
2024-08-08 19:00:00,0.0
2024-08-08 20:00:00,0.0
2024-08-08 21:00:00,0.0
2024-08-08 22:00:00,0.0
2024-08-08 23:00:00,0.0
2024-08-09 00:00:00,0.0
2024-08-09 01:00:00,0.0
2024-08-09 02:00:00,0.0
2024-08-09 03:00:00,0.0
2024-08-09 04:00:00,0.0
2024-08-09 05:00:00,0.0
2024-08-09 06:00:00,2.49
2024-08-09 07:00:00,11.41
2024-08-09 08:00:00,18.38
2024-08-09 09:00:00,14.53
2024-08-09 10:00:00,146.57
2024-08-09 11:00:00,139.62
2024-08-09 12:00:00,469.73
2024-08-09 13:00:00,537.02
2024-08-09 14:00:00,368.88
2024-08-09 15:00:00,247.03
2024-08-09 16:00:00,155.57
2024-08-09 17:00:00,86.04
2024-08-09 18:00:00,3.45
2024-08-09 19:00:00,0.0
2024-08-09 20:00:00,0.0
2024-08-09 21:00:00,0.0
2024-08-09 22:00:00,0.0
2024-08-09 23:00:00,0.0
2024-08-10 00:00:00,0.0
2024-08-10 01:00:00,0.0
2024-08-10 02:00:00,0.0
2024-08-10 03:00:00,0.0
2024-08-10 04:00:00,0.0
2024-08-10 05:00:00,1.49
2024-08-10 06:00:00,42.64
2024-08-10 07:00:00,90.74
2024-08-10 08:00:00,135.13
2024-08-10 09:00:00,140.81
2024-08-10 10:00:00,95.28
2024-08-10 11:00:00,138.85
2024-08-10 12:00:00,105.55
2024-08-10 13:00:00,9.29
2024-08-10 14:00:00,21.55
2024-08-10 15:00:00,8.28
2024-08-10 16:00:00,8.39
2024-08-10 17:00:00,8.98
2024-08-10 18:00:00,0.0
2024-08-10 19:00:00,0.0
2024-08-10 20:00:00,0.0
2024-08-10 21:00:00,0.0
2024-08-10 22:00:00,0.0
2024-08-10 23:00:00,0.0
2024-08-11 00:00:00,0.0
2024-08-11 01:00:00,0.0
2024-08-11 02:00:00,0.0
2024-08-11 03:00:00,0.0
2024-08-11 04:00:00,0.0
2024-08-11 05:00:00,0.0
2024-08-11 06:00:00,1.67
2024-08-11 07:00:00,9.16
2024-08-11 08:00:00,22.23
2024-08-11 09:00:00,30.9
2024-08-11 10:00:00,39.81
2024-08-11 11:00:00,69.59
2024-08-11 12:00:00,105.98
2024-08-11 13:00:00,131.79
2024-08-11 14:00:00,133.64
2024-08-11 15:00:00,84.52
2024-08-11 16:00:00,30.93
2024-08-11 17:00:00,11.94
2024-08-11 18:00:00,0.0
2024-08-11 19:00:00,0.0
2024-08-11 20:00:00,0.0
2024-08-11 21:00:00,0.0
2024-08-11 22:00:00,0.0
2024-08-11 23:00:00,0.0
2024-08-12 00:00:00,0.0
2024-08-12 01:00:00,0.0
2024-08-12 02:00:00,0.0
2024-08-12 03:00:00,0.0
2024-08-12 04:00:00,0.0
2024-08-12 05:00:00,0.0
2024-08-12 06:00:00,3.94
2024-08-12 07:00:00,22.35
2024-08-12 08:00:00,42.99
2024-08-12 09:00:00,61.4
2024-08-12 10:00:00,21.46
2024-08-12 11:00:00,108.22
2024-08-12 12:00:00,127.79
2024-08-12 13:00:00,251.64
2024-08-12 14:00:00,197.3
2024-08-12 15:00:00,196.99
2024-08-12 16:00:00,100.02
2024-08-12 17:00:00,26.04
2024-08-12 18:00:00,0.0
2024-08-12 19:00:00,0.0
2024-08-12 20:00:00,0.0
2024-08-12 21:00:00,0.0
2024-08-12 22:00:00,0.0
2024-08-12 23:00:00,0.0
2024-08-13 00:00:00,0.0
2024-08-13 01:00:00,0.0
2024-08-13 02:00:00,0.0
2024-08-13 03:00:00,0.0
2024-08-13 04:00:00,0.0
2024-08-13 05:00:00,0.0
2024-08-13 06:00:00,6.7
2024-08-13 07:00:00,28.59
2024-08-13 08:00:00,15.85
2024-08-13 09:00:00,183.51
2024-08-13 10:00:00,118.86
2024-08-13 11:00:00,70.9
2024-08-13 12:00:00,104.34
2024-08-13 13:00:00,217.53
2024-08-13 14:00:00,207.48
2024-08-13 15:00:00,255.03
2024-08-13 16:00:00,117.42
2024-08-13 17:00:00,31.8
2024-08-13 18:00:00,0.0
2024-08-13 19:00:00,0.0
2024-08-13 20:00:00,0.0
2024-08-13 21:00:00,0.0
2024-08-13 22:00:00,0.0
2024-08-13 23:00:00,0.0
2024-08-14 00:00:00,0.0
2024-08-14 01:00:00,0.0
2024-08-14 02:00:00,0.0
2024-08-14 03:00:00,0.0
2024-08-14 04:00:00,0.0
2024-08-14 05:00:00,1.9
2024-08-14 06:00:00,63.44
2024-08-14 07:00:00,165.77
2024-08-14 08:00:00,305.78
2024-08-14 09:00:00,261.54
2024-08-14 10:00:00,383.52
2024-08-14 11:00:00,187.68
2024-08-14 12:00:00,364.46
2024-08-14 13:00:00,287.34
2024-08-14 14:00:00,543.8
2024-08-14 15:00:00,432.58
2024-08-14 16:00:00,151.05
2024-08-14 17:00:00,67.16
2024-08-14 18:00:00,0.0
2024-08-14 19:00:00,0.0
2024-08-14 20:00:00,0.0
2024-08-14 21:00:00,0.0
2024-08-14 22:00:00,0.0
2024-08-14 23:00:00,0.0
2024-08-15 00:00:00,0.0
2024-08-15 01:00:00,0.0
2024-08-15 02:00:00,0.0
2024-08-15 03:00:00,0.0
2024-08-15 04:00:00,0.0
2024-08-15 05:00:00,0.0
2024-08-15 06:00:00,38.74
2024-08-15 07:00:00,169.4
2024-08-15 08:00:00,359.76
2024-08-15 09:00:00,251.59
2024-08-15 10:00:00,255.01
2024-08-15 11:00:00,199.49
2024-08-15 12:00:00,276.96
2024-08-15 13:00:00,159.42
2024-08-15 14:00:00,59.94
2024-08-15 15:00:00,25.95
2024-08-15 16:00:00,16.54
2024-08-15 17:00:00,5.89
2024-08-15 18:00:00,0.0
2024-08-15 19:00:00,0.0
2024-08-15 20:00:00,0.0
2024-08-15 21:00:00,0.0
2024-08-15 22:00:00,0.0
2024-08-15 23:00:00,0.0
2024-08-16 00:00:00,0.0
2024-08-16 01:00:00,0.0
2024-08-16 02:00:00,0.0
2024-08-16 03:00:00,0.0
2024-08-16 04:00:00,0.0
2024-08-16 05:00:00,0.65
2024-08-16 06:00:00,98.35
2024-08-16 07:00:00,271.71
2024-08-16 08:00:00,452.35
2024-08-16 09:00:00,470.13
2024-08-16 10:00:00,468.1
2024-08-16 11:00:00,648.44
2024-08-16 12:00:00,568.27
2024-08-16 13:00:00,591.27
2024-08-16 14:00:00,484.05
2024-08-16 15:00:00,424.24
2024-08-16 16:00:00,260.99
2024-08-16 17:00:00,65.38
2024-08-16 18:00:00,0.0
2024-08-16 19:00:00,0.0
2024-08-16 20:00:00,0.0
2024-08-16 21:00:00,0.0
2024-08-16 22:00:00,0.0
2024-08-16 23:00:00,0.0
2024-08-17 00:00:00,0.0
2024-08-17 01:00:00,0.0
2024-08-17 02:00:00,0.0
2024-08-17 03:00:00,0.0
2024-08-17 04:00:00,0.0
2024-08-17 05:00:00,0.68
2024-08-17 06:00:00,58.5
2024-08-17 07:00:00,254.18
2024-08-17 08:00:00,399.27
2024-08-17 09:00:00,310.75
2024-08-17 10:00:00,248.22
2024-08-17 11:00:00,177.61
2024-08-17 12:00:00,185.1
2024-08-17 13:00:00,378.24
2024-08-17 14:00:00,254.23
2024-08-17 15:00:00,95.84
2024-08-17 16:00:00,40.08
2024-08-17 17:00:00,15.62
2024-08-17 18:00:00,0.0
2024-08-17 19:00:00,0.0
2024-08-17 20:00:00,0.0
2024-08-17 21:00:00,0.0
2024-08-17 22:00:00,0.0
2024-08-17 23:00:00,0.0
2024-08-18 00:00:00,0.0
2024-08-18 01:00:00,0.0
2024-08-18 02:00:00,0.0
2024-08-18 03:00:00,0.0
2024-08-18 04:00:00,0.0
2024-08-18 05:00:00,2.08
2024-08-18 06:00:00,57.34
2024-08-18 07:00:00,141.82
2024-08-18 08:00:00,210.83
2024-08-18 09:00:00,224.12
2024-08-18 10:00:00,126.94
2024-08-18 11:00:00,79.36
2024-08-18 12:00:00,51.11
2024-08-18 13:00:00,171.71
2024-08-18 14:00:00,214.96
2024-08-18 15:00:00,289.99
2024-08-18 16:00:00,138.71
2024-08-18 17:00:00,80.29
2024-08-18 18:00:00,1.36
2024-08-18 19:00:00,0.0
2024-08-18 20:00:00,0.0
2024-08-18 21:00:00,0.0
2024-08-18 22:00:00,0.0
2024-08-18 23:00:00,0.0
2024-08-19 00:00:00,0.0
2024-08-19 01:00:00,0.0
2024-08-19 02:00:00,0.0
2024-08-19 03:00:00,0.0
2024-08-19 04:00:00,0.0
2024-08-19 05:00:00,2.11
2024-08-19 06:00:00,46.0
2024-08-19 07:00:00,131.03
2024-08-19 08:00:00,211.14
2024-08-19 09:00:00,128.05
2024-08-19 10:00:00,21.02
2024-08-19 11:00:00,196.92
2024-08-19 12:00:00,245.17
2024-08-19 13:00:00,29.09
2024-08-19 14:00:00,56.55
2024-08-19 15:00:00,0.0
2024-08-19 16:00:00,0.75
2024-08-19 17:00:00,7.07
2024-08-19 18:00:00,0.0
2024-08-19 19:00:00,0.0
2024-08-19 20:00:00,0.0
2024-08-19 21:00:00,0.0
2024-08-19 22:00:00,0.0
2024-08-19 23:00:00,0.0
2024-08-20 00:00:00,0.0
2024-08-20 01:00:00,0.0
2024-08-20 02:00:00,0.0
2024-08-20 03:00:00,0.0
2024-08-20 04:00:00,0.0
2024-08-20 05:00:00,0.0
2024-08-20 06:00:00,0.0
2024-08-20 07:00:00,0.0
2024-08-20 08:00:00,0.0
2024-08-20 09:00:00,0.0
2024-08-20 10:00:00,0.0
2024-08-20 11:00:00,26.38
2024-08-20 12:00:00,0.0
2024-08-20 13:00:00,0.0
2024-08-20 14:00:00,0.0
2024-08-20 15:00:00,0.0
2024-08-20 16:00:00,0.0
2024-08-20 17:00:00,0.0
2024-08-20 18:00:00,0.0
2024-08-20 19:00:00,0.0
2024-08-20 20:00:00,0.0
2024-08-20 21:00:00,0.0
2024-08-20 22:00:00,0.0
2024-08-20 23:00:00,0.0
2024-08-21 00:00:00,0.0
2024-08-21 01:00:00,0.0
2024-08-21 02:00:00,0.0
2024-08-21 03:00:00,0.0
2024-08-21 04:00:00,0.0
2024-08-21 05:00:00,0.0
2024-08-21 06:00:00,11.26
2024-08-21 07:00:00,25.5
2024-08-21 08:00:00,30.76
2024-08-21 09:00:00,54.1
2024-08-21 10:00:00,53.94
2024-08-21 11:00:00,56.71
2024-08-21 12:00:00,40.24
2024-08-21 13:00:00,15.04
2024-08-21 14:00:00,98.25
2024-08-21 15:00:00,252.24
2024-08-21 16:00:00,100.67
2024-08-21 17:00:00,21.29
2024-08-21 18:00:00,0.0
2024-08-21 19:00:00,0.0
2024-08-21 20:00:00,0.0
2024-08-21 21:00:00,0.0
2024-08-21 22:00:00,0.0
2024-08-21 23:00:00,0.0
2024-08-22 00:00:00,0.0
2024-08-22 01:00:00,0.0
2024-08-22 02:00:00,0.0
2024-08-22 03:00:00,0.0
2024-08-22 04:00:00,0.0
2024-08-22 05:00:00,0.0
2024-08-22 06:00:00,37.62
2024-08-22 07:00:00,116.04
2024-08-22 08:00:00,220.02
2024-08-22 09:00:00,197.12
2024-08-22 10:00:00,153.34
2024-08-22 11:00:00,425.64
2024-08-22 12:00:00,410.01
2024-08-22 13:00:00,556.08
2024-08-22 14:00:00,412.17
2024-08-22 15:00:00,409.67
2024-08-22 16:00:00,310.33
2024-08-22 17:00:00,87.78
2024-08-22 18:00:00,0.0
2024-08-22 19:00:00,0.0
2024-08-22 20:00:00,0.0
2024-08-22 21:00:00,0.0
2024-08-22 22:00:00,0.0
2024-08-22 23:00:00,0.0
2024-08-23 00:00:00,0.0
2024-08-23 01:00:00,0.0
2024-08-23 02:00:00,0.0
2024-08-23 03:00:00,0.0
2024-08-23 04:00:00,0.0
2024-08-23 05:00:00,0.0
2024-08-23 06:00:00,36.91
2024-08-23 07:00:00,132.31
2024-08-23 08:00:00,182.36
2024-08-23 09:00:00,253.01
2024-08-23 10:00:00,277.21
2024-08-23 11:00:00,326.38
2024-08-23 12:00:00,266.52
2024-08-23 13:00:00,537.57
2024-08-23 14:00:00,469.96
2024-08-23 15:00:00,348.29
2024-08-23 16:00:00,202.92
2024-08-23 17:00:00,66.21
2024-08-23 18:00:00,1.39
2024-08-23 19:00:00,0.0
2024-08-23 20:00:00,0.0
2024-08-23 21:00:00,0.0
2024-08-23 22:00:00,0.0
2024-08-23 23:00:00,0.0
2024-08-24 00:00:00,0.0
2024-08-24 01:00:00,0.0
2024-08-24 02:00:00,0.0
2024-08-24 03:00:00,0.0
2024-08-24 04:00:00,0.0
2024-08-24 05:00:00,0.0
2024-08-24 06:00:00,24.71
2024-08-24 07:00:00,81.55
2024-08-24 08:00:00,195.87
2024-08-24 09:00:00,210.72
2024-08-24 10:00:00,125.36
2024-08-24 11:00:00,28.96
2024-08-24 12:00:00,21.68
2024-08-24 13:00:00,0.0
2024-08-24 14:00:00,41.24
2024-08-24 15:00:00,263.87
2024-08-24 16:00:00,199.24
2024-08-24 17:00:00,76.98
2024-08-24 18:00:00,1.43
2024-08-24 19:00:00,0.0
2024-08-24 20:00:00,0.0
2024-08-24 21:00:00,0.0
2024-08-24 22:00:00,0.0
2024-08-24 23:00:00,0.0
2024-08-25 00:00:00,0.0
2024-08-25 01:00:00,0.0
2024-08-25 02:00:00,0.0
2024-08-25 03:00:00,0.0
2024-08-25 04:00:00,0.0
2024-08-25 05:00:00,1.44
2024-08-25 06:00:00,93.33
2024-08-25 07:00:00,258.53
2024-08-25 08:00:00,361.63
2024-08-25 09:00:00,467.38
2024-08-25 10:00:00,491.22
2024-08-25 11:00:00,533.5
2024-08-25 12:00:00,523.26
2024-08-25 13:00:00,534.82
2024-08-25 14:00:00,442.53
2024-08-25 15:00:00,231.93
2024-08-25 16:00:00,183.36
2024-08-25 17:00:00,55.63
2024-08-25 18:00:00,0.0
2024-08-25 19:00:00,0.0
2024-08-25 20:00:00,0.0
2024-08-25 21:00:00,0.0
2024-08-25 22:00:00,0.0
2024-08-25 23:00:00,0.0
2024-08-26 00:00:00,0.0
2024-08-26 01:00:00,0.0
2024-08-26 02:00:00,0.0
2024-08-26 03:00:00,0.0
2024-08-26 04:00:00,0.0
2024-08-26 05:00:00,1.19
2024-08-26 06:00:00,30.44
2024-08-26 07:00:00,90.83
2024-08-26 08:00:00,101.37
2024-08-26 09:00:00,82.2
2024-08-26 10:00:00,110.66
2024-08-26 11:00:00,52.68
2024-08-26 12:00:00,133.42
2024-08-26 13:00:00,176.9
2024-08-26 14:00:00,233.21
2024-08-26 15:00:00,181.27
2024-08-26 16:00:00,104.76
2024-08-26 17:00:00,33.15
2024-08-26 18:00:00,0.0
2024-08-26 19:00:00,0.0
2024-08-26 20:00:00,0.0
2024-08-26 21:00:00,0.0
2024-08-26 22:00:00,0.0
2024-08-26 23:00:00,0.0
2024-08-27 00:00:00,0.0
2024-08-27 01:00:00,0.0
2024-08-27 02:00:00,0.0
2024-08-27 03:00:00,0.0
2024-08-27 04:00:00,0.0
2024-08-27 05:00:00,3.53
2024-08-27 06:00:00,130.86
2024-08-27 07:00:00,287.39
2024-08-27 08:00:00,274.91
2024-08-27 09:00:00,266.24
2024-08-27 10:00:00,226.73
2024-08-27 11:00:00,532.71
2024-08-27 12:00:00,483.31
2024-08-27 13:00:00,482.37
2024-08-27 14:00:00,374.56
2024-08-27 15:00:00,270.68
2024-08-27 16:00:00,136.05
2024-08-27 17:00:00,48.35
2024-08-27 18:00:00,0.0
2024-08-27 19:00:00,0.0
2024-08-27 20:00:00,0.0
2024-08-27 21:00:00,0.0
2024-08-27 22:00:00,0.0
2024-08-27 23:00:00,0.0
2024-08-28 00:00:00,0.0
2024-08-28 01:00:00,0.0
2024-08-28 02:00:00,0.0
2024-08-28 03:00:00,0.0
2024-08-28 04:00:00,0.0
2024-08-28 05:00:00,1.52
2024-08-28 06:00:00,83.85
2024-08-28 07:00:00,247.44
2024-08-28 08:00:00,322.64
2024-08-28 09:00:00,320.33
2024-08-28 10:00:00,377.02
2024-08-28 11:00:00,324.42
2024-08-28 12:00:00,236.69
2024-08-28 13:00:00,335.81
2024-08-28 14:00:00,253.08
2024-08-28 15:00:00,300.71
2024-08-28 16:00:00,138.69
2024-08-28 17:00:00,33.54
2024-08-28 18:00:00,0.0
2024-08-28 19:00:00,0.0
2024-08-28 20:00:00,0.0
2024-08-28 21:00:00,0.0
2024-08-28 22:00:00,0.0
2024-08-28 23:00:00,0.0
2024-08-29 00:00:00,0.0
2024-08-29 01:00:00,0.0
2024-08-29 02:00:00,0.0
2024-08-29 03:00:00,0.0
2024-08-29 04:00:00,0.0
2024-08-29 05:00:00,0.77
2024-08-29 06:00:00,37.52
2024-08-29 07:00:00,63.39
2024-08-29 08:00:00,84.91
2024-08-29 09:00:00,20.08
2024-08-29 10:00:00,124.18
2024-08-29 11:00:00,275.36
2024-08-29 12:00:00,418.69
2024-08-29 13:00:00,652.5
2024-08-29 14:00:00,554.55
2024-08-29 15:00:00,274.72
2024-08-29 16:00:00,187.74
2024-08-29 17:00:00,41.4
2024-08-29 18:00:00,0.0
2024-08-29 19:00:00,0.0
2024-08-29 20:00:00,0.0
2024-08-29 21:00:00,0.0
2024-08-29 22:00:00,0.0
2024-08-29 23:00:00,0.0
2024-08-30 00:00:00,0.0
2024-08-30 01:00:00,0.0
2024-08-30 02:00:00,0.0
2024-08-30 03:00:00,0.0
2024-08-30 04:00:00,0.0
2024-08-30 05:00:00,1.76
2024-08-30 06:00:00,139.9
2024-08-30 07:00:00,400.77
2024-08-30 08:00:00,461.14
2024-08-30 09:00:00,507.96
2024-08-30 10:00:00,462.46
2024-08-30 11:00:00,472.73
2024-08-30 12:00:00,563.13
2024-08-30 13:00:00,593.16
2024-08-30 14:00:00,487.33
2024-08-30 15:00:00,340.79
2024-08-30 16:00:00,189.73
2024-08-30 17:00:00,69.39
2024-08-30 18:00:00,0.0
2024-08-30 19:00:00,0.0
2024-08-30 20:00:00,0.0
2024-08-30 21:00:00,0.0
2024-08-30 22:00:00,0.0
2024-08-30 23:00:00,0.0
2024-08-31 00:00:00,0.0
2024-08-31 01:00:00,0.0
2024-08-31 02:00:00,0.0
2024-08-31 03:00:00,0.0
2024-08-31 04:00:00,0.0
2024-08-31 05:00:00,0.0
2024-08-31 06:00:00,11.13
2024-08-31 07:00:00,22.03
2024-08-31 08:00:00,51.29
2024-08-31 09:00:00,36.58
2024-08-31 10:00:00,19.74
2024-08-31 11:00:00,0.98
2024-08-31 12:00:00,10.69
2024-08-31 13:00:00,16.26
2024-08-31 14:00:00,13.45
2024-08-31 15:00:00,21.88
2024-08-31 16:00:00,5.64
2024-08-31 17:00:00,4.96
2024-08-31 18:00:00,0.0
2024-08-31 19:00:00,0.0
2024-08-31 20:00:00,0.0
2024-08-31 21:00:00,0.0
2024-08-31 22:00:00,0.0
2024-08-31 23:00:00,0.0
2024-09-01 00:00:00,0.0
2024-09-01 01:00:00,0.0
2024-09-01 02:00:00,0.0
2024-09-01 03:00:00,0.0
2024-09-01 04:00:00,0.0
2024-09-01 05:00:00,0.0
2024-09-01 06:00:00,4.7
2024-09-01 07:00:00,3.29
2024-09-01 08:00:00,7.32
2024-09-01 09:00:00,63.41
2024-09-01 10:00:00,34.46
2024-09-01 11:00:00,43.53
2024-09-01 12:00:00,24.37
2024-09-01 13:00:00,53.17
2024-09-01 14:00:00,29.0
2024-09-01 15:00:00,120.99
2024-09-01 16:00:00,45.69
2024-09-01 17:00:00,15.8
2024-09-01 18:00:00,0.0
2024-09-01 19:00:00,0.0
2024-09-01 20:00:00,0.0
2024-09-01 21:00:00,0.0
2024-09-01 22:00:00,0.0
2024-09-01 23:00:00,0.0
2024-09-02 00:00:00,0.0
2024-09-02 01:00:00,0.0
2024-09-02 02:00:00,0.0
2024-09-02 03:00:00,0.0
2024-09-02 04:00:00,0.0
2024-09-02 05:00:00,2.2
2024-09-02 06:00:00,148.01
2024-09-02 07:00:00,347.23
2024-09-02 08:00:00,453.1
2024-09-02 09:00:00,458.54
2024-09-02 10:00:00,555.38
2024-09-02 11:00:00,511.29
2024-09-02 12:00:00,551.99
2024-09-02 13:00:00,571.53
2024-09-02 14:00:00,389.64
2024-09-02 15:00:00,422.88
2024-09-02 16:00:00,216.99
2024-09-02 17:00:00,54.67
2024-09-02 18:00:00,0.0
2024-09-02 19:00:00,0.0
2024-09-02 20:00:00,0.0
2024-09-02 21:00:00,0.0
2024-09-02 22:00:00,0.0
2024-09-02 23:00:00,0.0
2024-09-03 00:00:00,0.0
2024-09-03 01:00:00,0.0
2024-09-03 02:00:00,0.0
2024-09-03 03:00:00,0.0
2024-09-03 04:00:00,0.0
2024-09-03 05:00:00,0.0
2024-09-03 06:00:00,5.72
2024-09-03 07:00:00,10.78
2024-09-03 08:00:00,29.4
2024-09-03 09:00:00,50.7
2024-09-03 10:00:00,75.38
2024-09-03 11:00:00,59.98
2024-09-03 12:00:00,70.1
2024-09-03 13:00:00,48.73
2024-09-03 14:00:00,97.53
2024-09-03 15:00:00,68.29
2024-09-03 16:00:00,20.6
2024-09-03 17:00:00,4.68
2024-09-03 18:00:00,0.0
2024-09-03 19:00:00,0.0
2024-09-03 20:00:00,0.0
2024-09-03 21:00:00,0.0
2024-09-03 22:00:00,0.0
2024-09-03 23:00:00,0.0
2024-09-04 00:00:00,0.0
2024-09-04 01:00:00,0.0
2024-09-04 02:00:00,0.0
2024-09-04 03:00:00,0.0
2024-09-04 04:00:00,0.0
2024-09-04 05:00:00,0.0
2024-09-04 06:00:00,9.49
2024-09-04 07:00:00,32.68
2024-09-04 08:00:00,81.28
2024-09-04 09:00:00,121.62
2024-09-04 10:00:00,152.55
2024-09-04 11:00:00,267.2
2024-09-04 12:00:00,461.06
2024-09-04 13:00:00,316.12
2024-09-04 14:00:00,341.92
2024-09-04 15:00:00,228.34
2024-09-04 16:00:00,134.26
2024-09-04 17:00:00,30.03
2024-09-04 18:00:00,0.0
2024-09-04 19:00:00,0.0
2024-09-04 20:00:00,0.0
2024-09-04 21:00:00,0.0
2024-09-04 22:00:00,0.0
2024-09-04 23:00:00,0.0
2024-09-05 00:00:00,0.0
2024-09-05 01:00:00,0.0
2024-09-05 02:00:00,0.0
2024-09-05 03:00:00,0.0
2024-09-05 04:00:00,0.0
2024-09-05 05:00:00,0.0
2024-09-05 06:00:00,0.98
2024-09-05 07:00:00,10.44
2024-09-05 08:00:00,35.25
2024-09-05 09:00:00,27.11
2024-09-05 10:00:00,56.44
2024-09-05 11:00:00,138.94
2024-09-05 12:00:00,230.52
2024-09-05 13:00:00,95.74
2024-09-05 14:00:00,123.47
2024-09-05 15:00:00,94.01
2024-09-05 16:00:00,40.43
2024-09-05 17:00:00,10.2
2024-09-05 18:00:00,0.0
2024-09-05 19:00:00,0.0
2024-09-05 20:00:00,0.0
2024-09-05 21:00:00,0.0
2024-09-05 22:00:00,0.0
2024-09-05 23:00:00,0.0
2024-09-06 00:00:00,0.0
2024-09-06 01:00:00,0.0
2024-09-06 02:00:00,0.0
2024-09-06 03:00:00,0.0
2024-09-06 04:00:00,0.0
2024-09-06 05:00:00,0.0
2024-09-06 06:00:00,41.27
2024-09-06 07:00:00,199.11
2024-09-06 08:00:00,302.24
2024-09-06 09:00:00,369.63
2024-09-06 10:00:00,462.96
2024-09-06 11:00:00,647.67
2024-09-06 12:00:00,697.65
2024-09-06 13:00:00,616.51
2024-09-06 14:00:00,623.72
2024-09-06 15:00:00,534.35
2024-09-06 16:00:00,334.62
2024-09-06 17:00:00,114.28
2024-09-06 18:00:00,0.0
2024-09-06 19:00:00,0.0
2024-09-06 20:00:00,0.0
2024-09-06 21:00:00,0.0
2024-09-06 22:00:00,0.0
2024-09-06 23:00:00,0.0
2024-09-07 00:00:00,0.0
2024-09-07 01:00:00,0.0
2024-09-07 02:00:00,0.0
2024-09-07 03:00:00,0.0
2024-09-07 04:00:00,0.0
2024-09-07 05:00:00,1.15
2024-09-07 06:00:00,168.76
2024-09-07 07:00:00,400.41
2024-09-07 08:00:00,561.25
2024-09-07 09:00:00,627.11
2024-09-07 10:00:00,639.6
2024-09-07 11:00:00,649.25
2024-09-07 12:00:00,649.8
2024-09-07 13:00:00,729.21
2024-09-07 14:00:00,646.42
2024-09-07 15:00:00,484.09
2024-09-07 16:00:00,222.75
2024-09-07 17:00:00,49.89
2024-09-07 18:00:00,0.0
2024-09-07 19:00:00,0.0
2024-09-07 20:00:00,0.0
2024-09-07 21:00:00,0.0
2024-09-07 22:00:00,0.0
2024-09-07 23:00:00,0.0
2024-09-08 00:00:00,0.0
2024-09-08 01:00:00,0.0
2024-09-08 02:00:00,0.0
2024-09-08 03:00:00,0.0
2024-09-08 04:00:00,0.0
2024-09-08 05:00:00,1.38
2024-09-08 06:00:00,138.93
2024-09-08 07:00:00,322.74
2024-09-08 08:00:00,515.24
2024-09-08 09:00:00,573.44
2024-09-08 10:00:00,580.1
2024-09-08 11:00:00,648.14
2024-09-08 12:00:00,668.29
2024-09-08 13:00:00,647.23
2024-09-08 14:00:00,516.48
2024-09-08 15:00:00,263.79
2024-09-08 16:00:00,101.4
2024-09-08 17:00:00,28.83
2024-09-08 18:00:00,0.0
2024-09-08 19:00:00,0.0
2024-09-08 20:00:00,0.0
2024-09-08 21:00:00,0.0
2024-09-08 22:00:00,0.0
2024-09-08 23:00:00,0.0
2024-09-09 00:00:00,0.0
2024-09-09 01:00:00,0.0
2024-09-09 02:00:00,0.0
2024-09-09 03:00:00,0.0
2024-09-09 04:00:00,0.0
2024-09-09 05:00:00,0.0
2024-09-09 06:00:00,40.42
2024-09-09 07:00:00,158.46
2024-09-09 08:00:00,306.87
2024-09-09 09:00:00,262.71
2024-09-09 10:00:00,245.94
2024-09-09 11:00:00,295.5
2024-09-09 12:00:00,328.61
2024-09-09 13:00:00,582.95
2024-09-09 14:00:00,306.22
2024-09-09 15:00:00,228.86
2024-09-09 16:00:00,103.83
2024-09-09 17:00:00,12.44
2024-09-09 18:00:00,0.0
2024-09-09 19:00:00,0.0
2024-09-09 20:00:00,0.0
2024-09-09 21:00:00,0.0
2024-09-09 22:00:00,0.0
2024-09-09 23:00:00,0.0
2024-09-10 00:00:00,0.0
2024-09-10 01:00:00,0.0
2024-09-10 02:00:00,0.0
2024-09-10 03:00:00,0.0
2024-09-10 04:00:00,0.0
2024-09-10 05:00:00,0.0
2024-09-10 06:00:00,48.42
2024-09-10 07:00:00,128.66
2024-09-10 08:00:00,262.8
2024-09-10 09:00:00,306.45
2024-09-10 10:00:00,315.41
2024-09-10 11:00:00,255.35
2024-09-10 12:00:00,392.83
2024-09-10 13:00:00,322.3
2024-09-10 14:00:00,308.15
2024-09-10 15:00:00,277.61
2024-09-10 16:00:00,114.29
2024-09-10 17:00:00,14.09
2024-09-10 18:00:00,0.0
2024-09-10 19:00:00,0.0
2024-09-10 20:00:00,0.0
2024-09-10 21:00:00,0.0
2024-09-10 22:00:00,0.0
2024-09-10 23:00:00,0.0
2024-09-11 00:00:00,0.0
2024-09-11 01:00:00,0.0
2024-09-11 02:00:00,0.0
2024-09-11 03:00:00,0.0
2024-09-11 04:00:00,0.0
2024-09-11 05:00:00,1.59
2024-09-11 06:00:00,81.85
2024-09-11 07:00:00,178.55
2024-09-11 08:00:00,392.02
2024-09-11 09:00:00,248.4
2024-09-11 10:00:00,68.57
2024-09-11 11:00:00,87.11
2024-09-11 12:00:00,26.36
2024-09-11 13:00:00,24.71
2024-09-11 14:00:00,27.56
2024-09-11 15:00:00,26.03
2024-09-11 16:00:00,11.09
2024-09-11 17:00:00,0.0
2024-09-11 18:00:00,0.0
2024-09-11 19:00:00,0.0
2024-09-11 20:00:00,0.0
2024-09-11 21:00:00,0.0
2024-09-11 22:00:00,0.0
2024-09-11 23:00:00,0.0
2024-09-12 00:00:00,0.0
2024-09-12 01:00:00,0.0
2024-09-12 02:00:00,0.0
2024-09-12 03:00:00,0.0
2024-09-12 04:00:00,0.0
2024-09-12 05:00:00,0.0
2024-09-12 06:00:00,29.59
2024-09-12 07:00:00,75.97
2024-09-12 08:00:00,123.86
2024-09-12 09:00:00,339.2
2024-09-12 10:00:00,77.36
2024-09-12 11:00:00,92.71
2024-09-12 12:00:00,484.37
2024-09-12 13:00:00,632.43
2024-09-12 14:00:00,563.01
2024-09-12 15:00:00,524.2
2024-09-12 16:00:00,379.57
2024-09-12 17:00:00,112.71
2024-09-12 18:00:00,0.0
2024-09-12 19:00:00,0.0
2024-09-12 20:00:00,0.0
2024-09-12 21:00:00,0.0
2024-09-12 22:00:00,0.0
2024-09-12 23:00:00,0.0
2024-09-13 00:00:00,0.0
2024-09-13 01:00:00,0.0
2024-09-13 02:00:00,0.0
2024-09-13 03:00:00,0.0
2024-09-13 04:00:00,0.0
2024-09-13 05:00:00,0.0
2024-09-13 06:00:00,253.4
2024-09-13 07:00:00,499.58
2024-09-13 08:00:00,635.54
2024-09-13 09:00:00,647.95
2024-09-13 10:00:00,713.09
2024-09-13 11:00:00,656.15
2024-09-13 12:00:00,711.04
2024-09-13 13:00:00,740.57
2024-09-13 14:00:00,615.97
2024-09-13 15:00:00,422.67
2024-09-13 16:00:00,200.09
2024-09-13 17:00:00,30.83
2024-09-13 18:00:00,0.0
2024-09-13 19:00:00,0.0
2024-09-13 20:00:00,0.0
2024-09-13 21:00:00,0.0
2024-09-13 22:00:00,0.0
2024-09-13 23:00:00,0.0
2024-09-14 00:00:00,0.0
2024-09-14 01:00:00,0.0
2024-09-14 02:00:00,0.0
2024-09-14 03:00:00,0.0
2024-09-14 04:00:00,0.0
2024-09-14 05:00:00,0.0
2024-09-14 06:00:00,42.21
2024-09-14 07:00:00,58.08
2024-09-14 08:00:00,16.69
2024-09-14 09:00:00,17.58
2024-09-14 10:00:00,21.98
2024-09-14 11:00:00,161.81
2024-09-14 12:00:00,444.86
2024-09-14 13:00:00,532.61
2024-09-14 14:00:00,261.28
2024-09-14 15:00:00,288.77
2024-09-14 16:00:00,99.74
2024-09-14 17:00:00,13.52
2024-09-14 18:00:00,0.0
2024-09-14 19:00:00,0.0
2024-09-14 20:00:00,0.0
2024-09-14 21:00:00,0.0
2024-09-14 22:00:00,0.0
2024-09-14 23:00:00,0.0
2024-09-15 00:00:00,0.0
2024-09-15 01:00:00,0.0
2024-09-15 02:00:00,0.0
2024-09-15 03:00:00,0.0
2024-09-15 04:00:00,0.0
2024-09-15 05:00:00,0.0
2024-09-15 06:00:00,87.84
2024-09-15 07:00:00,169.17
2024-09-15 08:00:00,264.62
2024-09-15 09:00:00,204.71
2024-09-15 10:00:00,162.41
2024-09-15 11:00:00,195.13
2024-09-15 12:00:00,213.63
2024-09-15 13:00:00,109.7
2024-09-15 14:00:00,44.07
2024-09-15 15:00:00,16.94
2024-09-15 16:00:00,8.57
2024-09-15 17:00:00,1.36
2024-09-15 18:00:00,0.0
2024-09-15 19:00:00,0.0
2024-09-15 20:00:00,0.0
2024-09-15 21:00:00,0.0
2024-09-15 22:00:00,0.0
2024-09-15 23:00:00,0.0
2024-09-16 00:00:00,0.0
2024-09-16 01:00:00,0.0
2024-09-16 02:00:00,0.0
2024-09-16 03:00:00,0.0
2024-09-16 04:00:00,0.0
2024-09-16 05:00:00,0.0
2024-09-16 06:00:00,12.71
2024-09-16 07:00:00,48.55
2024-09-16 08:00:00,82.37
2024-09-16 09:00:00,130.05
2024-09-16 10:00:00,100.3
2024-09-16 11:00:00,307.35
2024-09-16 12:00:00,449.43
2024-09-16 13:00:00,429.35
2024-09-16 14:00:00,292.74
2024-09-16 15:00:00,63.83
2024-09-16 16:00:00,25.12
2024-09-16 17:00:00,3.76
2024-09-16 18:00:00,0.0
2024-09-16 19:00:00,0.0
2024-09-16 20:00:00,0.0
2024-09-16 21:00:00,0.0
2024-09-16 22:00:00,0.0
2024-09-16 23:00:00,0.0
2024-09-17 00:00:00,0.0
2024-09-17 01:00:00,0.0
2024-09-17 02:00:00,0.0
2024-09-17 03:00:00,0.0
2024-09-17 04:00:00,0.0
2024-09-17 05:00:00,0.0
2024-09-17 06:00:00,121.37
2024-09-17 07:00:00,370.35
2024-09-17 08:00:00,607.47
2024-09-17 09:00:00,577.84
2024-09-17 10:00:00,668.97
2024-09-17 11:00:00,619.3
2024-09-17 12:00:00,561.51
2024-09-17 13:00:00,518.65
2024-09-17 14:00:00,427.27
2024-09-17 15:00:00,288.7
2024-09-17 16:00:00,124.3
2024-09-17 17:00:00,16.81
2024-09-17 18:00:00,0.0
2024-09-17 19:00:00,0.0
2024-09-17 20:00:00,0.0
2024-09-17 21:00:00,0.0
2024-09-17 22:00:00,0.0
2024-09-17 23:00:00,0.0
2024-09-18 00:00:00,0.0
2024-09-18 01:00:00,0.0
2024-09-18 02:00:00,0.0
2024-09-18 03:00:00,0.0
2024-09-18 04:00:00,0.0
2024-09-18 05:00:00,0.0
2024-09-18 06:00:00,120.51
2024-09-18 07:00:00,353.98
2024-09-18 08:00:00,558.32
2024-09-18 09:00:00,648.65
2024-09-18 10:00:00,642.11
2024-09-18 11:00:00,642.4
2024-09-18 12:00:00,651.82
2024-09-18 13:00:00,571.51
2024-09-18 14:00:00,578.03
2024-09-18 15:00:00,439.13
2024-09-18 16:00:00,226.7
2024-09-18 17:00:00,23.44
2024-09-18 18:00:00,0.0
2024-09-18 19:00:00,0.0
2024-09-18 20:00:00,0.0
2024-09-18 21:00:00,0.0
2024-09-18 22:00:00,0.0
2024-09-18 23:00:00,0.0
2024-09-19 00:00:00,0.0
2024-09-19 01:00:00,0.0
2024-09-19 02:00:00,0.0
2024-09-19 03:00:00,0.0
2024-09-19 04:00:00,0.0
2024-09-19 05:00:00,0.0
2024-09-19 06:00:00,166.48
2024-09-19 07:00:00,416.12
2024-09-19 08:00:00,609.48
2024-09-19 09:00:00,695.53
2024-09-19 10:00:00,699.32
2024-09-19 11:00:00,704.95
2024-09-19 12:00:00,633.28
2024-09-19 13:00:00,638.48
2024-09-19 14:00:00,536.76
2024-09-19 15:00:00,339.0
2024-09-19 16:00:00,231.02
2024-09-19 17:00:00,36.72
2024-09-19 18:00:00,0.0
2024-09-19 19:00:00,0.0
2024-09-19 20:00:00,0.0
2024-09-19 21:00:00,0.0
2024-09-19 22:00:00,0.0
2024-09-19 23:00:00,0.0
2024-09-20 00:00:00,0.0
2024-09-20 01:00:00,0.0
2024-09-20 02:00:00,0.0
2024-09-20 03:00:00,0.0
2024-09-20 04:00:00,0.0
2024-09-20 05:00:00,0.0
2024-09-20 06:00:00,138.99
2024-09-20 07:00:00,327.13
2024-09-20 08:00:00,457.74
2024-09-20 09:00:00,535.64
2024-09-20 10:00:00,454.81
2024-09-20 11:00:00,317.01
2024-09-20 12:00:00,331.22
2024-09-20 13:00:00,201.61
2024-09-20 14:00:00,166.18
2024-09-20 15:00:00,118.78
2024-09-20 16:00:00,56.07
2024-09-20 17:00:00,10.04
2024-09-20 18:00:00,0.0
2024-09-20 19:00:00,0.0
2024-09-20 20:00:00,0.0
2024-09-20 21:00:00,0.0
2024-09-20 22:00:00,0.0
2024-09-20 23:00:00,0.0
2024-09-21 00:00:00,0.0
2024-09-21 01:00:00,0.0
2024-09-21 02:00:00,0.0
2024-09-21 03:00:00,0.0
2024-09-21 04:00:00,0.0
2024-09-21 05:00:00,0.0
2024-09-21 06:00:00,110.6
2024-09-21 07:00:00,315.52
2024-09-21 08:00:00,469.58
2024-09-21 09:00:00,521.46
2024-09-21 10:00:00,575.69
2024-09-21 11:00:00,627.26
2024-09-21 12:00:00,594.69
2024-09-21 13:00:00,458.05
2024-09-21 14:00:00,140.94
2024-09-21 15:00:00,51.42
2024-09-21 16:00:00,23.61
2024-09-21 17:00:00,3.34
2024-09-21 18:00:00,0.0
2024-09-21 19:00:00,0.0
2024-09-21 20:00:00,0.0
2024-09-21 21:00:00,0.0
2024-09-21 22:00:00,0.0
2024-09-21 23:00:00,0.0
2024-09-22 00:00:00,0.0
2024-09-22 01:00:00,0.0
2024-09-22 02:00:00,0.0
2024-09-22 03:00:00,0.0
2024-09-22 04:00:00,0.0
2024-09-22 05:00:00,0.0
2024-09-22 06:00:00,81.62
2024-09-22 07:00:00,238.66
2024-09-22 08:00:00,422.3
2024-09-22 09:00:00,444.69
2024-09-22 10:00:00,486.85
2024-09-22 11:00:00,494.87
2024-09-22 12:00:00,750.97
2024-09-22 13:00:00,501.06
2024-09-22 14:00:00,445.24
2024-09-22 15:00:00,369.72
2024-09-22 16:00:00,163.9
2024-09-22 17:00:00,10.57
2024-09-22 18:00:00,0.0
2024-09-22 19:00:00,0.0
2024-09-22 20:00:00,0.0
2024-09-22 21:00:00,0.0
2024-09-22 22:00:00,0.0
2024-09-22 23:00:00,0.0
2024-09-23 00:00:00,0.0
2024-09-23 01:00:00,0.0
2024-09-23 02:00:00,0.0
2024-09-23 03:00:00,0.0
2024-09-23 04:00:00,0.0
2024-09-23 05:00:00,0.0
2024-09-23 06:00:00,36.25
2024-09-23 07:00:00,176.83
2024-09-23 08:00:00,276.23
2024-09-23 09:00:00,359.09
2024-09-23 10:00:00,416.76
2024-09-23 11:00:00,585.36
2024-09-23 12:00:00,585.43
2024-09-23 13:00:00,851.46
2024-09-23 14:00:00,545.04
2024-09-23 15:00:00,267.42
2024-09-23 16:00:00,117.75
2024-09-23 17:00:00,7.7
2024-09-23 18:00:00,0.0
2024-09-23 19:00:00,0.0
2024-09-23 20:00:00,0.0
2024-09-23 21:00:00,0.0
2024-09-23 22:00:00,0.0
2024-09-23 23:00:00,0.0
2024-09-24 00:00:00,0.0
2024-09-24 01:00:00,0.0
2024-09-24 02:00:00,0.0
2024-09-24 03:00:00,0.0
2024-09-24 04:00:00,0.0
2024-09-24 05:00:00,0.0
2024-09-24 06:00:00,20.79
2024-09-24 07:00:00,123.04
2024-09-24 08:00:00,318.4
2024-09-24 09:00:00,276.63
2024-09-24 10:00:00,241.02
2024-09-24 11:00:00,155.7
2024-09-24 12:00:00,317.07
2024-09-24 13:00:00,530.39
2024-09-24 14:00:00,100.48
2024-09-24 15:00:00,33.21
2024-09-24 16:00:00,27.11
2024-09-24 17:00:00,3.32
2024-09-24 18:00:00,0.0
2024-09-24 19:00:00,0.0
2024-09-24 20:00:00,0.0
2024-09-24 21:00:00,0.0
2024-09-24 22:00:00,0.0
2024-09-24 23:00:00,0.0
2024-09-25 00:00:00,0.0
2024-09-25 01:00:00,0.0
2024-09-25 02:00:00,0.0
2024-09-25 03:00:00,0.0
2024-09-25 04:00:00,0.0
2024-09-25 05:00:00,0.0
2024-09-25 06:00:00,0.0
2024-09-25 07:00:00,2.07
2024-09-25 08:00:00,14.55
2024-09-25 09:00:00,33.02
2024-09-25 10:00:00,37.4
2024-09-25 11:00:00,26.97
2024-09-25 12:00:00,10.01
2024-09-25 13:00:00,3.7
2024-09-25 14:00:00,13.24
2024-09-25 15:00:00,4.44
2024-09-25 16:00:00,7.08
2024-09-25 17:00:00,0.0
2024-09-25 18:00:00,0.0
2024-09-25 19:00:00,0.0
2024-09-25 20:00:00,0.0
2024-09-25 21:00:00,0.0
2024-09-25 22:00:00,0.0
2024-09-25 23:00:00,0.0
2024-09-26 00:00:00,0.0
2024-09-26 01:00:00,0.0
2024-09-26 02:00:00,0.0
2024-09-26 03:00:00,0.0
2024-09-26 04:00:00,0.0
2024-09-26 05:00:00,0.0
2024-09-26 06:00:00,7.55
2024-09-26 07:00:00,7.67
2024-09-26 08:00:00,7.52
2024-09-26 09:00:00,24.68
2024-09-26 10:00:00,45.18
2024-09-26 11:00:00,29.96
2024-09-26 12:00:00,0.11
2024-09-26 13:00:00,7.53
2024-09-26 14:00:00,0.0
2024-09-26 15:00:00,0.0
2024-09-26 16:00:00,0.0
2024-09-26 17:00:00,0.0
2024-09-26 18:00:00,0.0
2024-09-26 19:00:00,0.0
2024-09-26 20:00:00,0.0
2024-09-26 21:00:00,0.0
2024-09-26 22:00:00,0.0
2024-09-26 23:00:00,0.0
2024-09-27 00:00:00,0.0
2024-09-27 01:00:00,0.0
2024-09-27 02:00:00,0.0
2024-09-27 03:00:00,0.0
2024-09-27 04:00:00,0.0
2024-09-27 05:00:00,0.0
2024-09-27 06:00:00,7.9
2024-09-27 07:00:00,9.75
2024-09-27 08:00:00,32.42
2024-09-27 09:00:00,13.8
2024-09-27 10:00:00,197.54
2024-09-27 11:00:00,110.69
2024-09-27 12:00:00,133.5
2024-09-27 13:00:00,45.1
2024-09-27 14:00:00,16.41
2024-09-27 15:00:00,7.04
2024-09-27 16:00:00,0.0
2024-09-27 17:00:00,0.0
2024-09-27 18:00:00,0.0
2024-09-27 19:00:00,0.0
2024-09-27 20:00:00,0.0
2024-09-27 21:00:00,0.0
2024-09-27 22:00:00,0.0
2024-09-27 23:00:00,0.0
2024-09-28 00:00:00,0.0
2024-09-28 01:00:00,0.0
2024-09-28 02:00:00,0.0
2024-09-28 03:00:00,0.0
2024-09-28 04:00:00,0.0
2024-09-28 05:00:00,0.0
2024-09-28 06:00:00,25.84
2024-09-28 07:00:00,47.04
2024-09-28 08:00:00,152.73
2024-09-28 09:00:00,58.41
2024-09-28 10:00:00,121.17
2024-09-28 11:00:00,59.39
2024-09-28 12:00:00,108.3
2024-09-28 13:00:00,32.48
2024-09-28 14:00:00,32.32
2024-09-28 15:00:00,20.4
2024-09-28 16:00:00,13.66
2024-09-28 17:00:00,3.24
2024-09-28 18:00:00,0.0
2024-09-28 19:00:00,0.0
2024-09-28 20:00:00,0.0
2024-09-28 21:00:00,0.0
2024-09-28 22:00:00,0.0
2024-09-28 23:00:00,0.0
2024-09-29 00:00:00,0.0
2024-09-29 01:00:00,0.0
2024-09-29 02:00:00,0.0
2024-09-29 03:00:00,0.0
2024-09-29 04:00:00,0.0
2024-09-29 05:00:00,0.0
2024-09-29 06:00:00,6.21
2024-09-29 07:00:00,19.96
2024-09-29 08:00:00,53.36
2024-09-29 09:00:00,48.44
2024-09-29 10:00:00,99.57
2024-09-29 11:00:00,42.9
2024-09-29 12:00:00,34.53
2024-09-29 13:00:00,3.09
2024-09-29 14:00:00,15.07
2024-09-29 15:00:00,2.49
2024-09-29 16:00:00,0.0
2024-09-29 17:00:00,0.0
2024-09-29 18:00:00,0.0
2024-09-29 19:00:00,0.0
2024-09-29 20:00:00,0.0
2024-09-29 21:00:00,0.0
2024-09-29 22:00:00,0.0
2024-09-29 23:00:00,0.0
2024-09-30 00:00:00,0.0
2024-09-30 01:00:00,0.0
2024-09-30 02:00:00,0.0
2024-09-30 03:00:00,0.0
2024-09-30 04:00:00,0.0
2024-09-30 05:00:00,0.0
2024-09-30 06:00:00,67.95
2024-09-30 07:00:00,162.2
2024-09-30 08:00:00,87.24
2024-09-30 09:00:00,106.54
2024-09-30 10:00:00,11.65
2024-09-30 11:00:00,90.97
2024-09-30 12:00:00,48.87
2024-09-30 13:00:00,381.03
2024-09-30 14:00:00,239.52
2024-09-30 15:00:00,154.04
2024-09-30 16:00:00,52.06
2024-09-30 17:00:00,2.48
2024-09-30 18:00:00,0.0
2024-09-30 19:00:00,0.0
2024-09-30 20:00:00,0.0
2024-09-30 21:00:00,0.0
2024-09-30 22:00:00,0.0
2024-09-30 23:00:00,0.0
2024-10-01 00:00:00,0.0
2024-10-01 01:00:00,0.0
2024-10-01 02:00:00,0.0
2024-10-01 03:00:00,0.0
2024-10-01 04:00:00,0.0
2024-10-01 05:00:00,0.0
2024-10-01 06:00:00,10.67
2024-10-01 07:00:00,61.68
2024-10-01 08:00:00,119.26
2024-10-01 09:00:00,171.78
2024-10-01 10:00:00,146.38
2024-10-01 11:00:00,118.16
2024-10-01 12:00:00,0.56
2024-10-01 13:00:00,0.0
2024-10-01 14:00:00,0.58
2024-10-01 15:00:00,13.93
2024-10-01 16:00:00,10.26
2024-10-01 17:00:00,0.83
2024-10-01 18:00:00,0.0
2024-10-01 19:00:00,0.0
2024-10-01 20:00:00,0.0
2024-10-01 21:00:00,0.0
2024-10-01 22:00:00,0.0
2024-10-01 23:00:00,0.0
2024-10-02 00:00:00,0.0
2024-10-02 01:00:00,0.0
2024-10-02 02:00:00,0.0
2024-10-02 03:00:00,0.0
2024-10-02 04:00:00,0.0
2024-10-02 05:00:00,0.0
2024-10-02 06:00:00,7.92
2024-10-02 07:00:00,40.88
2024-10-02 08:00:00,85.8
2024-10-02 09:00:00,146.4
2024-10-02 10:00:00,200.25
2024-10-02 11:00:00,369.65
2024-10-02 12:00:00,496.91
2024-10-02 13:00:00,410.6
2024-10-02 14:00:00,284.18
2024-10-02 15:00:00,152.07
2024-10-02 16:00:00,66.81
2024-10-02 17:00:00,4.19
2024-10-02 18:00:00,0.0
2024-10-02 19:00:00,0.0
2024-10-02 20:00:00,0.0
2024-10-02 21:00:00,0.0
2024-10-02 22:00:00,0.0
2024-10-02 23:00:00,0.0
2024-10-03 00:00:00,0.0
2024-10-03 01:00:00,0.0
2024-10-03 02:00:00,0.0
2024-10-03 03:00:00,0.0
2024-10-03 04:00:00,0.0
2024-10-03 05:00:00,0.0
2024-10-03 06:00:00,7.41
2024-10-03 07:00:00,14.36
2024-10-03 08:00:00,29.25
2024-10-03 09:00:00,40.58
2024-10-03 10:00:00,70.22
2024-10-03 11:00:00,32.75
2024-10-03 12:00:00,20.79
2024-10-03 13:00:00,48.56
2024-10-03 14:00:00,14.94
2024-10-03 15:00:00,14.1
2024-10-03 16:00:00,16.21
2024-10-03 17:00:00,0.0
2024-10-03 18:00:00,0.0
2024-10-03 19:00:00,0.0
2024-10-03 20:00:00,0.0
2024-10-03 21:00:00,0.0
2024-10-03 22:00:00,0.0
2024-10-03 23:00:00,0.0
2024-10-04 00:00:00,0.0
2024-10-04 01:00:00,0.0
2024-10-04 02:00:00,0.0
2024-10-04 03:00:00,0.0
2024-10-04 04:00:00,0.0
2024-10-04 05:00:00,0.0
2024-10-04 06:00:00,2.05
2024-10-04 07:00:00,9.42
2024-10-04 08:00:00,20.76
2024-10-04 09:00:00,24.45
2024-10-04 10:00:00,34.61
2024-10-04 11:00:00,13.91
2024-10-04 12:00:00,8.42
2024-10-04 13:00:00,3.68
2024-10-04 14:00:00,0.0
2024-10-04 15:00:00,0.0
2024-10-04 16:00:00,0.0
2024-10-04 17:00:00,0.0
2024-10-04 18:00:00,0.0
2024-10-04 19:00:00,0.0
2024-10-04 20:00:00,0.0
2024-10-04 21:00:00,0.0
2024-10-04 22:00:00,0.0
2024-10-04 23:00:00,0.0
2024-10-05 00:00:00,0.0
2024-10-05 01:00:00,0.0
2024-10-05 02:00:00,0.0
2024-10-05 03:00:00,0.0
2024-10-05 04:00:00,0.0
2024-10-05 05:00:00,0.0
2024-10-05 06:00:00,0.0
2024-10-05 07:00:00,1.72
2024-10-05 08:00:00,5.69
2024-10-05 09:00:00,7.21
2024-10-05 10:00:00,9.46
2024-10-05 11:00:00,0.0
2024-10-05 12:00:00,0.0
2024-10-05 13:00:00,7.79
2024-10-05 14:00:00,0.0
2024-10-05 15:00:00,1.84
2024-10-05 16:00:00,1.96
2024-10-05 17:00:00,0.0
2024-10-05 18:00:00,0.0
2024-10-05 19:00:00,0.0
2024-10-05 20:00:00,0.0
2024-10-05 21:00:00,0.0
2024-10-05 22:00:00,0.0
2024-10-05 23:00:00,0.0
2024-10-06 00:00:00,0.0
2024-10-06 01:00:00,0.0
2024-10-06 02:00:00,0.0
2024-10-06 03:00:00,0.0
2024-10-06 04:00:00,0.0
2024-10-06 05:00:00,0.0
2024-10-06 06:00:00,0.64
2024-10-06 07:00:00,2.31
2024-10-06 08:00:00,8.33
2024-10-06 09:00:00,0.0
2024-10-06 10:00:00,0.0
2024-10-06 11:00:00,0.0
2024-10-06 12:00:00,14.44
2024-10-06 13:00:00,7.58
2024-10-06 14:00:00,11.84
2024-10-06 15:00:00,30.23
2024-10-06 16:00:00,20.12
2024-10-06 17:00:00,1.09
2024-10-06 18:00:00,0.0
2024-10-06 19:00:00,0.0
2024-10-06 20:00:00,0.0
2024-10-06 21:00:00,0.0
2024-10-06 22:00:00,0.0
2024-10-06 23:00:00,0.0
2024-10-07 00:00:00,0.0
2024-10-07 01:00:00,0.0
2024-10-07 02:00:00,0.0
2024-10-07 03:00:00,0.0
2024-10-07 04:00:00,0.0
2024-10-07 05:00:00,0.0
2024-10-07 06:00:00,14.29
2024-10-07 07:00:00,57.45
2024-10-07 08:00:00,103.56
2024-10-07 09:00:00,139.18
2024-10-07 10:00:00,207.47
2024-10-07 11:00:00,249.45
2024-10-07 12:00:00,558.21
2024-10-07 13:00:00,389.7
2024-10-07 14:00:00,252.62
2024-10-07 15:00:00,315.04
2024-10-07 16:00:00,159.63
2024-10-07 17:00:00,4.93
2024-10-07 18:00:00,0.0
2024-10-07 19:00:00,0.0
2024-10-07 20:00:00,0.0
2024-10-07 21:00:00,0.0
2024-10-07 22:00:00,0.0
2024-10-07 23:00:00,0.0
2024-10-08 00:00:00,0.0
2024-10-08 01:00:00,0.0
2024-10-08 02:00:00,0.0
2024-10-08 03:00:00,0.0
2024-10-08 04:00:00,0.0
2024-10-08 05:00:00,0.0
2024-10-08 06:00:00,15.08
2024-10-08 07:00:00,63.46
2024-10-08 08:00:00,69.17
2024-10-08 09:00:00,28.63
2024-10-08 10:00:00,118.8
2024-10-08 11:00:00,164.58
2024-10-08 12:00:00,327.49
2024-10-08 13:00:00,209.12
2024-10-08 14:00:00,115.59
2024-10-08 15:00:00,37.96
2024-10-08 16:00:00,14.83
2024-10-08 17:00:00,0.0
2024-10-08 18:00:00,0.0
2024-10-08 19:00:00,0.0
2024-10-08 20:00:00,0.0
2024-10-08 21:00:00,0.0
2024-10-08 22:00:00,0.0
2024-10-08 23:00:00,0.0
2024-10-09 00:00:00,0.0
2024-10-09 01:00:00,0.0
2024-10-09 02:00:00,0.0
2024-10-09 03:00:00,0.0
2024-10-09 04:00:00,0.0
2024-10-09 05:00:00,0.0
2024-10-09 06:00:00,3.55
2024-10-09 07:00:00,12.68
2024-10-09 08:00:00,18.21
2024-10-09 09:00:00,19.49
2024-10-09 10:00:00,17.03
2024-10-09 11:00:00,51.42
2024-10-09 12:00:00,48.17
2024-10-09 13:00:00,154.89
2024-10-09 14:00:00,34.78
2024-10-09 15:00:00,64.98
2024-10-09 16:00:00,23.6
2024-10-09 17:00:00,0.0
2024-10-09 18:00:00,0.0
2024-10-09 19:00:00,0.0
2024-10-09 20:00:00,0.0
2024-10-09 21:00:00,0.0
2024-10-09 22:00:00,0.0
2024-10-09 23:00:00,0.0
2024-10-10 00:00:00,0.0
2024-10-10 01:00:00,0.0
2024-10-10 02:00:00,0.0
2024-10-10 03:00:00,0.0
2024-10-10 04:00:00,0.0
2024-10-10 05:00:00,0.0
2024-10-10 06:00:00,0.62
2024-10-10 07:00:00,8.83
2024-10-10 08:00:00,28.22
2024-10-10 09:00:00,28.45
2024-10-10 10:00:00,83.63
2024-10-10 11:00:00,120.34
2024-10-10 12:00:00,115.7
2024-10-10 13:00:00,227.01
2024-10-10 14:00:00,120.46
2024-10-10 15:00:00,100.39
2024-10-10 16:00:00,37.45
2024-10-10 17:00:00,0.66
2024-10-10 18:00:00,0.0
2024-10-10 19:00:00,0.0
2024-10-10 20:00:00,0.0
2024-10-10 21:00:00,0.0
2024-10-10 22:00:00,0.0
2024-10-10 23:00:00,0.0
2024-10-11 00:00:00,0.0
2024-10-11 01:00:00,0.0
2024-10-11 02:00:00,0.0
2024-10-11 03:00:00,0.0
2024-10-11 04:00:00,0.0
2024-10-11 05:00:00,0.0
2024-10-11 06:00:00,9.94
2024-10-11 07:00:00,52.25
2024-10-11 08:00:00,79.73
2024-10-11 09:00:00,142.66
2024-10-11 10:00:00,247.11
2024-10-11 11:00:00,319.83
2024-10-11 12:00:00,241.42
2024-10-11 13:00:00,251.44
2024-10-11 14:00:00,206.69
2024-10-11 15:00:00,131.68
2024-10-11 16:00:00,38.06
2024-10-11 17:00:00,0.0
2024-10-11 18:00:00,0.0
2024-10-11 19:00:00,0.0
2024-10-11 20:00:00,0.0
2024-10-11 21:00:00,0.0
2024-10-11 22:00:00,0.0
2024-10-11 23:00:00,0.0
2024-10-12 00:00:00,0.0
2024-10-12 01:00:00,0.0
2024-10-12 02:00:00,0.0
2024-10-12 03:00:00,0.0
2024-10-12 04:00:00,0.0
2024-10-12 05:00:00,0.0
2024-10-12 06:00:00,3.03
2024-10-12 07:00:00,20.27
2024-10-12 08:00:00,52.81
2024-10-12 09:00:00,112.53
2024-10-12 10:00:00,178.31
2024-10-12 11:00:00,284.6
2024-10-12 12:00:00,374.08
2024-10-12 13:00:00,333.5
2024-10-12 14:00:00,237.36
2024-10-12 15:00:00,119.48
2024-10-12 16:00:00,32.82
2024-10-12 17:00:00,0.67
2024-10-12 18:00:00,0.0
2024-10-12 19:00:00,0.0
2024-10-12 20:00:00,0.0
2024-10-12 21:00:00,0.0
2024-10-12 22:00:00,0.0
2024-10-12 23:00:00,0.0
2024-10-13 00:00:00,0.0
2024-10-13 01:00:00,0.0
2024-10-13 02:00:00,0.0
2024-10-13 03:00:00,0.0
2024-10-13 04:00:00,0.0
2024-10-13 05:00:00,0.0
2024-10-13 06:00:00,8.22
2024-10-13 07:00:00,29.86
2024-10-13 08:00:00,39.34
2024-10-13 09:00:00,22.66
2024-10-13 10:00:00,40.58
2024-10-13 11:00:00,48.09
2024-10-13 12:00:00,118.96
2024-10-13 13:00:00,131.83
2024-10-13 14:00:00,149.09
2024-10-13 15:00:00,123.3
2024-10-13 16:00:00,38.12
2024-10-13 17:00:00,0.67
2024-10-13 18:00:00,0.0
2024-10-13 19:00:00,0.0
2024-10-13 20:00:00,0.0
2024-10-13 21:00:00,0.0
2024-10-13 22:00:00,0.0
2024-10-13 23:00:00,0.0
2024-10-14 00:00:00,0.0
2024-10-14 01:00:00,0.0
2024-10-14 02:00:00,0.0
2024-10-14 03:00:00,0.0
2024-10-14 04:00:00,0.0
2024-10-14 05:00:00,0.0
2024-10-14 06:00:00,34.83
2024-10-14 07:00:00,187.95
2024-10-14 08:00:00,272.74
2024-10-14 09:00:00,308.58
2024-10-14 10:00:00,306.62
2024-10-14 11:00:00,399.47
2024-10-14 12:00:00,471.68
2024-10-14 13:00:00,409.67
2024-10-14 14:00:00,164.52
2024-10-14 15:00:00,135.96
2024-10-14 16:00:00,61.56
2024-10-14 17:00:00,0.59
2024-10-14 18:00:00,0.0
2024-10-14 19:00:00,0.0
2024-10-14 20:00:00,0.0
2024-10-14 21:00:00,0.0
2024-10-14 22:00:00,0.0
2024-10-14 23:00:00,0.0
2024-10-15 00:00:00,0.0
2024-10-15 01:00:00,0.0
2024-10-15 02:00:00,0.0
2024-10-15 03:00:00,0.0
2024-10-15 04:00:00,0.0
2024-10-15 05:00:00,0.0
2024-10-15 06:00:00,7.46
2024-10-15 07:00:00,34.13
2024-10-15 08:00:00,62.47
2024-10-15 09:00:00,59.76
2024-10-15 10:00:00,32.82
2024-10-15 11:00:00,27.82
2024-10-15 12:00:00,69.53
2024-10-15 13:00:00,252.17
2024-10-15 14:00:00,84.63
2024-10-15 15:00:00,86.12
2024-10-15 16:00:00,35.4
2024-10-15 17:00:00,0.0
2024-10-15 18:00:00,0.0
2024-10-15 19:00:00,0.0
2024-10-15 20:00:00,0.0
2024-10-15 21:00:00,0.0
2024-10-15 22:00:00,0.0
2024-10-15 23:00:00,0.0
2024-10-16 00:00:00,0.0
2024-10-16 01:00:00,0.0
2024-10-16 02:00:00,0.0
2024-10-16 03:00:00,0.0
2024-10-16 04:00:00,0.0
2024-10-16 05:00:00,0.0
2024-10-16 06:00:00,12.52
2024-10-16 07:00:00,73.39
2024-10-16 08:00:00,130.76
2024-10-16 09:00:00,143.77
2024-10-16 10:00:00,99.41
2024-10-16 11:00:00,177.09
2024-10-16 12:00:00,147.92
2024-10-16 13:00:00,172.04
2024-10-16 14:00:00,74.93
2024-10-16 15:00:00,165.29
2024-10-16 16:00:00,59.76
2024-10-16 17:00:00,1.02
2024-10-16 18:00:00,0.0
2024-10-16 19:00:00,0.0
2024-10-16 20:00:00,0.0
2024-10-16 21:00:00,0.0
2024-10-16 22:00:00,0.0
2024-10-16 23:00:00,0.0
2024-10-17 00:00:00,0.0
2024-10-17 01:00:00,0.0
2024-10-17 02:00:00,0.0
2024-10-17 03:00:00,0.0
2024-10-17 04:00:00,0.0
2024-10-17 05:00:00,0.0
2024-10-17 06:00:00,31.48
2024-10-17 07:00:00,154.61
2024-10-17 08:00:00,136.46
2024-10-17 09:00:00,176.95
2024-10-17 10:00:00,242.58
2024-10-17 11:00:00,328.38
2024-10-17 12:00:00,387.93
2024-10-17 13:00:00,254.48
2024-10-17 14:00:00,174.23
2024-10-17 15:00:00,126.26
2024-10-17 16:00:00,37.17
2024-10-17 17:00:00,0.0
2024-10-17 18:00:00,0.0
2024-10-17 19:00:00,0.0
2024-10-17 20:00:00,0.0
2024-10-17 21:00:00,0.0
2024-10-17 22:00:00,0.0
2024-10-17 23:00:00,0.0
2024-10-18 00:00:00,0.0
2024-10-18 01:00:00,0.0
2024-10-18 02:00:00,0.0
2024-10-18 03:00:00,0.0
2024-10-18 04:00:00,0.0
2024-10-18 05:00:00,0.0
2024-10-18 06:00:00,23.28
2024-10-18 07:00:00,162.3
2024-10-18 08:00:00,274.51
2024-10-18 09:00:00,276.02
2024-10-18 10:00:00,292.32
2024-10-18 11:00:00,248.15
2024-10-18 12:00:00,233.08
2024-10-18 13:00:00,251.0
2024-10-18 14:00:00,225.43
2024-10-18 15:00:00,142.17
2024-10-18 16:00:00,42.41
2024-10-18 17:00:00,0.0
2024-10-18 18:00:00,0.0
2024-10-18 19:00:00,0.0
2024-10-18 20:00:00,0.0
2024-10-18 21:00:00,0.0
2024-10-18 22:00:00,0.0
2024-10-18 23:00:00,0.0
2024-10-19 00:00:00,0.0
2024-10-19 01:00:00,0.0
2024-10-19 02:00:00,0.0
2024-10-19 03:00:00,0.0
2024-10-19 04:00:00,0.0
2024-10-19 05:00:00,0.0
2024-10-19 06:00:00,11.87
2024-10-19 07:00:00,112.01
2024-10-19 08:00:00,237.49
2024-10-19 09:00:00,262.4
2024-10-19 10:00:00,257.97
2024-10-19 11:00:00,147.05
2024-10-19 12:00:00,145.16
2024-10-19 13:00:00,156.12
2024-10-19 14:00:00,93.18
2024-10-19 15:00:00,60.73
2024-10-19 16:00:00,13.09
2024-10-19 17:00:00,0.0
2024-10-19 18:00:00,0.0
2024-10-19 19:00:00,0.0
2024-10-19 20:00:00,0.0
2024-10-19 21:00:00,0.0
2024-10-19 22:00:00,0.0
2024-10-19 23:00:00,0.0
2024-10-20 00:00:00,0.0
2024-10-20 01:00:00,0.0
2024-10-20 02:00:00,0.0
2024-10-20 03:00:00,0.0
2024-10-20 04:00:00,0.0
2024-10-20 05:00:00,0.0
2024-10-20 06:00:00,10.18
2024-10-20 07:00:00,121.08
2024-10-20 08:00:00,234.49
2024-10-20 09:00:00,287.01
2024-10-20 10:00:00,332.43
2024-10-20 11:00:00,472.22
2024-10-20 12:00:00,454.42
2024-10-20 13:00:00,435.76
2024-10-20 14:00:00,299.91
2024-10-20 15:00:00,199.9
2024-10-20 16:00:00,65.96
2024-10-20 17:00:00,0.0
2024-10-20 18:00:00,0.0
2024-10-20 19:00:00,0.0
2024-10-20 20:00:00,0.0
2024-10-20 21:00:00,0.0
2024-10-20 22:00:00,0.0
2024-10-20 23:00:00,0.0
2024-10-21 00:00:00,0.0
2024-10-21 01:00:00,0.0
2024-10-21 02:00:00,0.0
2024-10-21 03:00:00,0.0
2024-10-21 04:00:00,0.0
2024-10-21 05:00:00,0.0
2024-10-21 06:00:00,24.33
2024-10-21 07:00:00,210.07
2024-10-21 08:00:00,332.69
2024-10-21 09:00:00,422.84
2024-10-21 10:00:00,528.05
2024-10-21 11:00:00,730.95
2024-10-21 12:00:00,647.41
2024-10-21 13:00:00,677.85
2024-10-21 14:00:00,603.77
2024-10-21 15:00:00,433.5
2024-10-21 16:00:00,207.49
2024-10-21 17:00:00,0.0
2024-10-21 18:00:00,0.0
2024-10-21 19:00:00,0.0
2024-10-21 20:00:00,0.0
2024-10-21 21:00:00,0.0
2024-10-21 22:00:00,0.0
2024-10-21 23:00:00,0.0
2024-10-22 00:00:00,0.0
2024-10-22 01:00:00,0.0
2024-10-22 02:00:00,0.0
2024-10-22 03:00:00,0.0
2024-10-22 04:00:00,0.0
2024-10-22 05:00:00,0.0
2024-10-22 06:00:00,118.51
2024-10-22 07:00:00,417.02
2024-10-22 08:00:00,519.5
2024-10-22 09:00:00,658.66
2024-10-22 10:00:00,725.01
2024-10-22 11:00:00,729.54
2024-10-22 12:00:00,803.51
2024-10-22 13:00:00,778.92
2024-10-22 14:00:00,713.17
2024-10-22 15:00:00,535.52
2024-10-22 16:00:00,242.26
2024-10-22 17:00:00,0.0
2024-10-22 18:00:00,0.0
2024-10-22 19:00:00,0.0
2024-10-22 20:00:00,0.0
2024-10-22 21:00:00,0.0
2024-10-22 22:00:00,0.0
2024-10-22 23:00:00,0.0
2024-10-23 00:00:00,0.0
2024-10-23 01:00:00,0.0
2024-10-23 02:00:00,0.0
2024-10-23 03:00:00,0.0
2024-10-23 04:00:00,0.0
2024-10-23 05:00:00,0.0
2024-10-23 06:00:00,48.76
2024-10-23 07:00:00,204.1
2024-10-23 08:00:00,276.06
2024-10-23 09:00:00,356.71
2024-10-23 10:00:00,452.88
2024-10-23 11:00:00,364.84
2024-10-23 12:00:00,443.77
2024-10-23 13:00:00,440.97
2024-10-23 14:00:00,240.66
2024-10-23 15:00:00,97.22
2024-10-23 16:00:00,29.85
2024-10-23 17:00:00,0.0
2024-10-23 18:00:00,0.0
2024-10-23 19:00:00,0.0
2024-10-23 20:00:00,0.0
2024-10-23 21:00:00,0.0
2024-10-23 22:00:00,0.0
2024-10-23 23:00:00,0.0
2024-10-24 00:00:00,0.0
2024-10-24 01:00:00,0.0
2024-10-24 02:00:00,0.0
2024-10-24 03:00:00,0.0
2024-10-24 04:00:00,0.0
2024-10-24 05:00:00,0.0
2024-10-24 06:00:00,0.0
2024-10-24 07:00:00,15.38
2024-10-24 08:00:00,39.54
2024-10-24 09:00:00,48.16
2024-10-24 10:00:00,43.31
2024-10-24 11:00:00,39.5
2024-10-24 12:00:00,17.4
2024-10-24 13:00:00,20.23
2024-10-24 14:00:00,8.71
2024-10-24 15:00:00,7.84
2024-10-24 16:00:00,3.89
2024-10-24 17:00:00,0.0
2024-10-24 18:00:00,0.0
2024-10-24 19:00:00,0.0
2024-10-24 20:00:00,0.0
2024-10-24 21:00:00,0.0
2024-10-24 22:00:00,0.0
2024-10-24 23:00:00,0.0
2024-10-25 00:00:00,0.0
2024-10-25 01:00:00,0.0
2024-10-25 02:00:00,0.0
2024-10-25 03:00:00,0.0
2024-10-25 04:00:00,0.0
2024-10-25 05:00:00,0.0
2024-10-25 06:00:00,0.0
2024-10-25 07:00:00,15.11
2024-10-25 08:00:00,28.44
2024-10-25 09:00:00,33.09
2024-10-25 10:00:00,25.68
2024-10-25 11:00:00,43.96
2024-10-25 12:00:00,38.54
2024-10-25 13:00:00,22.38
2024-10-25 14:00:00,19.87
2024-10-25 15:00:00,8.38
2024-10-25 16:00:00,7.18
2024-10-25 17:00:00,0.0
2024-10-25 18:00:00,0.0
2024-10-25 19:00:00,0.0
2024-10-25 20:00:00,0.0
2024-10-25 21:00:00,0.0
2024-10-25 22:00:00,0.0
2024-10-25 23:00:00,0.0
2024-10-26 00:00:00,0.0
2024-10-26 01:00:00,0.0
2024-10-26 02:00:00,0.0
2024-10-26 03:00:00,0.0
2024-10-26 04:00:00,0.0
2024-10-26 05:00:00,0.0
2024-10-26 06:00:00,20.9
2024-10-26 07:00:00,149.73
2024-10-26 08:00:00,203.34
2024-10-26 09:00:00,248.98
2024-10-26 10:00:00,99.32
2024-10-26 11:00:00,305.12
2024-10-26 12:00:00,22.24
2024-10-26 13:00:00,164.33
2024-10-26 14:00:00,31.84
2024-10-26 15:00:00,11.16
2024-10-26 16:00:00,12.08
2024-10-26 17:00:00,0.0
2024-10-26 18:00:00,0.0
2024-10-26 19:00:00,0.0
2024-10-26 20:00:00,0.0
2024-10-26 21:00:00,0.0
2024-10-26 22:00:00,0.0
2024-10-26 23:00:00,0.0
2024-10-27 00:00:00,0.0
2024-10-27 01:00:00,0.0
2024-10-27 02:00:00,0.0
2024-10-27 03:00:00,0.0
2024-10-27 04:00:00,0.0
2024-10-27 05:00:00,0.0
2024-10-27 06:00:00,17.09
2024-10-27 07:00:00,207.02
2024-10-27 08:00:00,374.91
2024-10-27 09:00:00,495.04
2024-10-27 10:00:00,519.27
2024-10-27 11:00:00,583.22
2024-10-27 12:00:00,599.32
2024-10-27 13:00:00,598.46
2024-10-27 14:00:00,482.49
2024-10-27 15:00:00,372.22
2024-10-27 16:00:00,158.79
2024-10-27 17:00:00,0.0
2024-10-27 18:00:00,0.0
2024-10-27 19:00:00,0.0
2024-10-27 20:00:00,0.0
2024-10-27 21:00:00,0.0
2024-10-27 22:00:00,0.0
2024-10-27 23:00:00,0.0
2024-10-28 00:00:00,0.0
2024-10-28 01:00:00,0.0
2024-10-28 02:00:00,0.0
2024-10-28 03:00:00,0.0
2024-10-28 04:00:00,0.0
2024-10-28 05:00:00,0.0
2024-10-28 06:00:00,132.84
2024-10-28 07:00:00,478.55
2024-10-28 08:00:00,665.97
2024-10-28 09:00:00,753.57
2024-10-28 10:00:00,613.36
2024-10-28 11:00:00,724.99
2024-10-28 12:00:00,684.65
2024-10-28 13:00:00,586.22
2024-10-28 14:00:00,592.31
2024-10-28 15:00:00,422.1
2024-10-28 16:00:00,211.72
2024-10-28 17:00:00,0.0
2024-10-28 18:00:00,0.0
2024-10-28 19:00:00,0.0
2024-10-28 20:00:00,0.0
2024-10-28 21:00:00,0.0
2024-10-28 22:00:00,0.0
2024-10-28 23:00:00,0.0
2024-10-29 00:00:00,0.0
2024-10-29 01:00:00,0.0
2024-10-29 02:00:00,0.0
2024-10-29 03:00:00,0.0
2024-10-29 04:00:00,0.0
2024-10-29 05:00:00,0.0
2024-10-29 06:00:00,57.36
2024-10-29 07:00:00,224.64
2024-10-29 08:00:00,299.03
2024-10-29 09:00:00,289.13
2024-10-29 10:00:00,247.09
2024-10-29 11:00:00,246.43
2024-10-29 12:00:00,340.14
2024-10-29 13:00:00,223.59
2024-10-29 14:00:00,205.41
2024-10-29 15:00:00,152.21
2024-10-29 16:00:00,117.8
2024-10-29 17:00:00,0.0
2024-10-29 18:00:00,0.0
2024-10-29 19:00:00,0.0
2024-10-29 20:00:00,0.0
2024-10-29 21:00:00,0.0
2024-10-29 22:00:00,0.0
2024-10-29 23:00:00,0.0
2024-10-30 00:00:00,0.0
2024-10-30 01:00:00,0.0
2024-10-30 02:00:00,0.0
2024-10-30 03:00:00,0.0
2024-10-30 04:00:00,0.0
2024-10-30 05:00:00,0.0
2024-10-30 06:00:00,18.43
2024-10-30 07:00:00,59.43
2024-10-30 08:00:00,86.89
2024-10-30 09:00:00,113.54
2024-10-30 10:00:00,170.22
2024-10-30 11:00:00,128.77
2024-10-30 12:00:00,93.19
2024-10-30 13:00:00,204.12
2024-10-30 14:00:00,151.39
2024-10-30 15:00:00,162.32
2024-10-30 16:00:00,52.53
2024-10-30 17:00:00,0.0
2024-10-30 18:00:00,0.0
2024-10-30 19:00:00,0.0
2024-10-30 20:00:00,0.0
2024-10-30 21:00:00,0.0
2024-10-30 22:00:00,0.0
2024-10-30 23:00:00,0.0
2024-10-31 00:00:00,0.0
2024-10-31 01:00:00,0.0
2024-10-31 02:00:00,0.0
2024-10-31 03:00:00,0.0
2024-10-31 04:00:00,0.0
2024-10-31 05:00:00,0.0
2024-10-31 06:00:00,4.41
2024-10-31 07:00:00,34.42
2024-10-31 08:00:00,52.72
2024-10-31 09:00:00,79.17
2024-10-31 10:00:00,126.48
2024-10-31 11:00:00,197.34
2024-10-31 12:00:00,169.93
2024-10-31 13:00:00,220.42
2024-10-31 14:00:00,154.83
2024-10-31 15:00:00,121.89
2024-10-31 16:00:00,39.21
2024-10-31 17:00:00,0.0
2024-10-31 18:00:00,0.0
2024-10-31 19:00:00,0.0
2024-10-31 20:00:00,0.0
2024-10-31 21:00:00,0.0
2024-10-31 22:00:00,0.0
2024-10-31 23:00:00,0.0
2024-11-01 00:00:00,0.0
2024-11-01 01:00:00,0.0
2024-11-01 02:00:00,0.0
2024-11-01 03:00:00,0.0
2024-11-01 04:00:00,0.0
2024-11-01 05:00:00,0.0
2024-11-01 06:00:00,2.28
2024-11-01 07:00:00,23.17
2024-11-01 08:00:00,41.1
2024-11-01 09:00:00,84.68
2024-11-01 10:00:00,104.32
2024-11-01 11:00:00,128.68
2024-11-01 12:00:00,21.0
2024-11-01 13:00:00,20.24
2024-11-01 14:00:00,15.68
2024-11-01 15:00:00,12.73
2024-11-01 16:00:00,3.38
2024-11-01 17:00:00,0.0
2024-11-01 18:00:00,0.0
2024-11-01 19:00:00,0.0
2024-11-01 20:00:00,0.0
2024-11-01 21:00:00,0.0
2024-11-01 22:00:00,0.0
2024-11-01 23:00:00,0.0
2024-11-02 00:00:00,0.0
2024-11-02 01:00:00,0.0
2024-11-02 02:00:00,0.0
2024-11-02 03:00:00,0.0
2024-11-02 04:00:00,0.0
2024-11-02 05:00:00,0.0
2024-11-02 06:00:00,15.48
2024-11-02 07:00:00,161.55
2024-11-02 08:00:00,281.14
2024-11-02 09:00:00,350.2
2024-11-02 10:00:00,434.75
2024-11-02 11:00:00,528.28
2024-11-02 12:00:00,585.28
2024-11-02 13:00:00,438.51
2024-11-02 14:00:00,426.13
2024-11-02 15:00:00,291.6
2024-11-02 16:00:00,93.48
2024-11-02 17:00:00,0.0
2024-11-02 18:00:00,0.0
2024-11-02 19:00:00,0.0
2024-11-02 20:00:00,0.0
2024-11-02 21:00:00,0.0
2024-11-02 22:00:00,0.0
2024-11-02 23:00:00,0.0
2024-11-03 00:00:00,0.0
2024-11-03 01:00:00,0.0
2024-11-03 02:00:00,0.0
2024-11-03 03:00:00,0.0
2024-11-03 04:00:00,0.0
2024-11-03 05:00:00,0.0
2024-11-03 06:00:00,59.25
2024-11-03 07:00:00,379.96
2024-11-03 08:00:00,580.14
2024-11-03 09:00:00,640.7
2024-11-03 10:00:00,747.47
2024-11-03 11:00:00,759.15
2024-11-03 12:00:00,755.42
2024-11-03 13:00:00,705.28
2024-11-03 14:00:00,641.27
2024-11-03 15:00:00,526.23
2024-11-03 16:00:00,197.3
2024-11-03 17:00:00,0.0
2024-11-03 18:00:00,0.0
2024-11-03 19:00:00,0.0
2024-11-03 20:00:00,0.0
2024-11-03 21:00:00,0.0
2024-11-03 22:00:00,0.0
2024-11-03 23:00:00,0.0
2024-11-04 00:00:00,0.0
2024-11-04 01:00:00,0.0
2024-11-04 02:00:00,0.0
2024-11-04 03:00:00,0.0
2024-11-04 04:00:00,0.0
2024-11-04 05:00:00,0.0
2024-11-04 06:00:00,65.25
2024-11-04 07:00:00,342.54
2024-11-04 08:00:00,485.11
2024-11-04 09:00:00,570.54
2024-11-04 10:00:00,485.28
2024-11-04 11:00:00,529.27
2024-11-04 12:00:00,621.09
2024-11-04 13:00:00,645.78
2024-11-04 14:00:00,523.84
2024-11-04 15:00:00,374.86
2024-11-04 16:00:00,97.2
2024-11-04 17:00:00,0.0
2024-11-04 18:00:00,0.0
2024-11-04 19:00:00,0.0
2024-11-04 20:00:00,0.0
2024-11-04 21:00:00,0.0
2024-11-04 22:00:00,0.0
2024-11-04 23:00:00,0.0
2024-11-05 00:00:00,0.0
2024-11-05 01:00:00,0.0
2024-11-05 02:00:00,0.0
2024-11-05 03:00:00,0.0
2024-11-05 04:00:00,0.0
2024-11-05 05:00:00,0.0
2024-11-05 06:00:00,23.16
2024-11-05 07:00:00,124.08
2024-11-05 08:00:00,203.31
2024-11-05 09:00:00,300.25
2024-11-05 10:00:00,398.32
2024-11-05 11:00:00,363.84
2024-11-05 12:00:00,509.8
2024-11-05 13:00:00,572.66
2024-11-05 14:00:00,476.61
2024-11-05 15:00:00,311.45
2024-11-05 16:00:00,77.04
2024-11-05 17:00:00,0.0
2024-11-05 18:00:00,0.0
2024-11-05 19:00:00,0.0
2024-11-05 20:00:00,0.0
2024-11-05 21:00:00,0.0
2024-11-05 22:00:00,0.0
2024-11-05 23:00:00,0.0
2024-11-06 00:00:00,0.0
2024-11-06 01:00:00,0.0
2024-11-06 02:00:00,0.0
2024-11-06 03:00:00,0.0
2024-11-06 04:00:00,0.0
2024-11-06 05:00:00,0.0
2024-11-06 06:00:00,0.0
2024-11-06 07:00:00,15.18
2024-11-06 08:00:00,31.9
2024-11-06 09:00:00,55.4
2024-11-06 10:00:00,100.48
2024-11-06 11:00:00,275.31
2024-11-06 12:00:00,342.04
2024-11-06 13:00:00,389.13
2024-11-06 14:00:00,195.56
2024-11-06 15:00:00,127.61
2024-11-06 16:00:00,36.64
2024-11-06 17:00:00,0.0
2024-11-06 18:00:00,0.0
2024-11-06 19:00:00,0.0
2024-11-06 20:00:00,0.0
2024-11-06 21:00:00,0.0
2024-11-06 22:00:00,0.0
2024-11-06 23:00:00,0.0
2024-11-07 00:00:00,0.0
2024-11-07 01:00:00,0.0
2024-11-07 02:00:00,0.0
2024-11-07 03:00:00,0.0
2024-11-07 04:00:00,0.0
2024-11-07 05:00:00,0.0
2024-11-07 06:00:00,48.26
2024-11-07 07:00:00,365.35
2024-11-07 08:00:00,531.78
2024-11-07 09:00:00,636.72
2024-11-07 10:00:00,719.49
2024-11-07 11:00:00,691.11
2024-11-07 12:00:00,670.63
2024-11-07 13:00:00,671.62
2024-11-07 14:00:00,587.46
2024-11-07 15:00:00,456.81
2024-11-07 16:00:00,155.8
2024-11-07 17:00:00,0.0
2024-11-07 18:00:00,0.0
2024-11-07 19:00:00,0.0
2024-11-07 20:00:00,0.0
2024-11-07 21:00:00,0.0
2024-11-07 22:00:00,0.0
2024-11-07 23:00:00,0.0
2024-11-08 00:00:00,0.0
2024-11-08 01:00:00,0.0
2024-11-08 02:00:00,0.0
2024-11-08 03:00:00,0.0
2024-11-08 04:00:00,0.0
2024-11-08 05:00:00,0.0
2024-11-08 06:00:00,90.34
2024-11-08 07:00:00,458.07
2024-11-08 08:00:00,622.59
2024-11-08 09:00:00,768.78
2024-11-08 10:00:00,810.93
2024-11-08 11:00:00,798.39
2024-11-08 12:00:00,771.49
2024-11-08 13:00:00,757.59
2024-11-08 14:00:00,703.15
2024-11-08 15:00:00,558.54
2024-11-08 16:00:00,206.67
2024-11-08 17:00:00,0.0
2024-11-08 18:00:00,0.0
2024-11-08 19:00:00,0.0
2024-11-08 20:00:00,0.0
2024-11-08 21:00:00,0.0
2024-11-08 22:00:00,0.0
2024-11-08 23:00:00,0.0
2024-11-09 00:00:00,0.0
2024-11-09 01:00:00,0.0
2024-11-09 02:00:00,0.0
2024-11-09 03:00:00,0.0
2024-11-09 04:00:00,0.0
2024-11-09 05:00:00,0.0
2024-11-09 06:00:00,72.09
2024-11-09 07:00:00,466.63
2024-11-09 08:00:00,683.42
2024-11-09 09:00:00,769.24
2024-11-09 10:00:00,826.16
2024-11-09 11:00:00,895.61
2024-11-09 12:00:00,876.5
2024-11-09 13:00:00,822.05
2024-11-09 14:00:00,758.25
2024-11-09 15:00:00,630.65
2024-11-09 16:00:00,291.23
2024-11-09 17:00:00,0.0
2024-11-09 18:00:00,0.0
2024-11-09 19:00:00,0.0
2024-11-09 20:00:00,0.0
2024-11-09 21:00:00,0.0
2024-11-09 22:00:00,0.0
2024-11-09 23:00:00,0.0
2024-11-10 00:00:00,0.0
2024-11-10 01:00:00,0.0
2024-11-10 02:00:00,0.0
2024-11-10 03:00:00,0.0
2024-11-10 04:00:00,0.0
2024-11-10 05:00:00,0.0
2024-11-10 06:00:00,60.07
2024-11-10 07:00:00,463.15
2024-11-10 08:00:00,664.0
2024-11-10 09:00:00,760.48
2024-11-10 10:00:00,819.67
2024-11-10 11:00:00,867.91
2024-11-10 12:00:00,835.27
2024-11-10 13:00:00,761.55
2024-11-10 14:00:00,693.49
2024-11-10 15:00:00,550.22
2024-11-10 16:00:00,221.62
2024-11-10 17:00:00,0.0
2024-11-10 18:00:00,0.0
2024-11-10 19:00:00,0.0
2024-11-10 20:00:00,0.0
2024-11-10 21:00:00,0.0
2024-11-10 22:00:00,0.0
2024-11-10 23:00:00,0.0
2024-11-11 00:00:00,0.0
2024-11-11 01:00:00,0.0
2024-11-11 02:00:00,0.0
2024-11-11 03:00:00,0.0
2024-11-11 04:00:00,0.0
2024-11-11 05:00:00,0.0
2024-11-11 06:00:00,47.93
2024-11-11 07:00:00,440.62
2024-11-11 08:00:00,623.42
2024-11-11 09:00:00,727.66
2024-11-11 10:00:00,780.1
2024-11-11 11:00:00,835.71
2024-11-11 12:00:00,856.92
2024-11-11 13:00:00,800.19
2024-11-11 14:00:00,738.97
2024-11-11 15:00:00,597.36
2024-11-11 16:00:00,276.88
2024-11-11 17:00:00,0.0
2024-11-11 18:00:00,0.0
2024-11-11 19:00:00,0.0
2024-11-11 20:00:00,0.0
2024-11-11 21:00:00,0.0
2024-11-11 22:00:00,0.0
2024-11-11 23:00:00,0.0
2024-11-12 00:00:00,0.0
2024-11-12 01:00:00,0.0
2024-11-12 02:00:00,0.0
2024-11-12 03:00:00,0.0
2024-11-12 04:00:00,0.0
2024-11-12 05:00:00,0.0
2024-11-12 06:00:00,82.74
2024-11-12 07:00:00,523.67
2024-11-12 08:00:00,687.92
2024-11-12 09:00:00,786.44
2024-11-12 10:00:00,819.96
2024-11-12 11:00:00,767.95
2024-11-12 12:00:00,713.65
2024-11-12 13:00:00,638.59
2024-11-12 14:00:00,595.36
2024-11-12 15:00:00,445.02
2024-11-12 16:00:00,137.0
2024-11-12 17:00:00,0.0
2024-11-12 18:00:00,0.0
2024-11-12 19:00:00,0.0
2024-11-12 20:00:00,0.0
2024-11-12 21:00:00,0.0
2024-11-12 22:00:00,0.0
2024-11-12 23:00:00,0.0
2024-11-13 00:00:00,0.0
2024-11-13 01:00:00,0.0
2024-11-13 02:00:00,0.0
2024-11-13 03:00:00,0.0
2024-11-13 04:00:00,0.0
2024-11-13 05:00:00,0.0
2024-11-13 06:00:00,22.81
2024-11-13 07:00:00,287.85
2024-11-13 08:00:00,472.8
2024-11-13 09:00:00,547.06
2024-11-13 10:00:00,650.47
2024-11-13 11:00:00,699.99
2024-11-13 12:00:00,676.44
2024-11-13 13:00:00,608.67
2024-11-13 14:00:00,597.73
2024-11-13 15:00:00,418.91
2024-11-13 16:00:00,137.74
2024-11-13 17:00:00,0.0
2024-11-13 18:00:00,0.0
2024-11-13 19:00:00,0.0
2024-11-13 20:00:00,0.0
2024-11-13 21:00:00,0.0
2024-11-13 22:00:00,0.0
2024-11-13 23:00:00,0.0
2024-11-14 00:00:00,0.0
2024-11-14 01:00:00,0.0
2024-11-14 02:00:00,0.0
2024-11-14 03:00:00,0.0
2024-11-14 04:00:00,0.0
2024-11-14 05:00:00,0.0
2024-11-14 06:00:00,28.7
2024-11-14 07:00:00,301.49
2024-11-14 08:00:00,490.45
2024-11-14 09:00:00,605.55
2024-11-14 10:00:00,651.31
2024-11-14 11:00:00,775.68
2024-11-14 12:00:00,690.68
2024-11-14 13:00:00,652.51
2024-11-14 14:00:00,576.68
2024-11-14 15:00:00,429.84
2024-11-14 16:00:00,126.0
2024-11-14 17:00:00,0.0
2024-11-14 18:00:00,0.0
2024-11-14 19:00:00,0.0
2024-11-14 20:00:00,0.0
2024-11-14 21:00:00,0.0
2024-11-14 22:00:00,0.0
2024-11-14 23:00:00,0.0
2024-11-15 00:00:00,0.0
2024-11-15 01:00:00,0.0
2024-11-15 02:00:00,0.0
2024-11-15 03:00:00,0.0
2024-11-15 04:00:00,0.0
2024-11-15 05:00:00,0.0
2024-11-15 06:00:00,37.82
2024-11-15 07:00:00,369.71
2024-11-15 08:00:00,590.58
2024-11-15 09:00:00,677.77
2024-11-15 10:00:00,753.09
2024-11-15 11:00:00,737.26
2024-11-15 12:00:00,738.01
2024-11-15 13:00:00,616.15
2024-11-15 14:00:00,607.77
2024-11-15 15:00:00,461.31
2024-11-15 16:00:00,144.65
2024-11-15 17:00:00,0.0
2024-11-15 18:00:00,0.0
2024-11-15 19:00:00,0.0
2024-11-15 20:00:00,0.0
2024-11-15 21:00:00,0.0
2024-11-15 22:00:00,0.0
2024-11-15 23:00:00,0.0
2024-11-16 00:00:00,0.0
2024-11-16 01:00:00,0.0
2024-11-16 02:00:00,0.0
2024-11-16 03:00:00,0.0
2024-11-16 04:00:00,0.0
2024-11-16 05:00:00,0.0
2024-11-16 06:00:00,26.55
2024-11-16 07:00:00,337.26
2024-11-16 08:00:00,524.18
2024-11-16 09:00:00,640.78
2024-11-16 10:00:00,713.76
2024-11-16 11:00:00,662.42
2024-11-16 12:00:00,605.91
2024-11-16 13:00:00,591.74
2024-11-16 14:00:00,624.34
2024-11-16 15:00:00,487.09
2024-11-16 16:00:00,142.71
2024-11-16 17:00:00,0.0
2024-11-16 18:00:00,0.0
2024-11-16 19:00:00,0.0
2024-11-16 20:00:00,0.0
2024-11-16 21:00:00,0.0
2024-11-16 22:00:00,0.0
2024-11-16 23:00:00,0.0
2024-11-17 00:00:00,0.0
2024-11-17 01:00:00,0.0
2024-11-17 02:00:00,0.0
2024-11-17 03:00:00,0.0
2024-11-17 04:00:00,0.0
2024-11-17 05:00:00,0.0
2024-11-17 06:00:00,24.67
2024-11-17 07:00:00,320.71
2024-11-17 08:00:00,505.96
2024-11-17 09:00:00,619.1
2024-11-17 10:00:00,691.93
2024-11-17 11:00:00,711.15
2024-11-17 12:00:00,720.15
2024-11-17 13:00:00,731.51
2024-11-17 14:00:00,661.79
2024-11-17 15:00:00,514.7
2024-11-17 16:00:00,169.75
2024-11-17 17:00:00,0.0
2024-11-17 18:00:00,0.0
2024-11-17 19:00:00,0.0
2024-11-17 20:00:00,0.0
2024-11-17 21:00:00,0.0
2024-11-17 22:00:00,0.0
2024-11-17 23:00:00,0.0
2024-11-18 00:00:00,0.0
2024-11-18 01:00:00,0.0
2024-11-18 02:00:00,0.0
2024-11-18 03:00:00,0.0
2024-11-18 04:00:00,0.0
2024-11-18 05:00:00,0.0
2024-11-18 06:00:00,16.8
2024-11-18 07:00:00,298.53
2024-11-18 08:00:00,536.62
2024-11-18 09:00:00,672.4
2024-11-18 10:00:00,727.28
2024-11-18 11:00:00,791.63
2024-11-18 12:00:00,808.51
2024-11-18 13:00:00,756.05
2024-11-18 14:00:00,696.58
2024-11-18 15:00:00,531.86
2024-11-18 16:00:00,194.51
2024-11-18 17:00:00,0.0
2024-11-18 18:00:00,0.0
2024-11-18 19:00:00,0.0
2024-11-18 20:00:00,0.0
2024-11-18 21:00:00,0.0
2024-11-18 22:00:00,0.0
2024-11-18 23:00:00,0.0
2024-11-19 00:00:00,0.0
2024-11-19 01:00:00,0.0
2024-11-19 02:00:00,0.0
2024-11-19 03:00:00,0.0
2024-11-19 04:00:00,0.0
2024-11-19 05:00:00,0.0
2024-11-19 06:00:00,42.49
2024-11-19 07:00:00,434.56
2024-11-19 08:00:00,627.54
2024-11-19 09:00:00,735.59
2024-11-19 10:00:00,754.66
2024-11-19 11:00:00,846.92
2024-11-19 12:00:00,830.06
2024-11-19 13:00:00,738.68
2024-11-19 14:00:00,669.93
2024-11-19 15:00:00,511.51
2024-11-19 16:00:00,172.19
2024-11-19 17:00:00,0.0
2024-11-19 18:00:00,0.0
2024-11-19 19:00:00,0.0
2024-11-19 20:00:00,0.0
2024-11-19 21:00:00,0.0
2024-11-19 22:00:00,0.0
2024-11-19 23:00:00,0.0
2024-11-20 00:00:00,0.0
2024-11-20 01:00:00,0.0
2024-11-20 02:00:00,0.0
2024-11-20 03:00:00,0.0
2024-11-20 04:00:00,0.0
2024-11-20 05:00:00,0.0
2024-11-20 06:00:00,19.57
2024-11-20 07:00:00,329.12
2024-11-20 08:00:00,557.73
2024-11-20 09:00:00,658.19
2024-11-20 10:00:00,717.7
2024-11-20 11:00:00,845.32
2024-11-20 12:00:00,811.77
2024-11-20 13:00:00,731.31
2024-11-20 14:00:00,617.83
2024-11-20 15:00:00,439.11
2024-11-20 16:00:00,102.99
2024-11-20 17:00:00,0.0
2024-11-20 18:00:00,0.0
2024-11-20 19:00:00,0.0
2024-11-20 20:00:00,0.0
2024-11-20 21:00:00,0.0
2024-11-20 22:00:00,0.0
2024-11-20 23:00:00,0.0
2024-11-21 00:00:00,0.0
2024-11-21 01:00:00,0.0
2024-11-21 02:00:00,0.0
2024-11-21 03:00:00,0.0
2024-11-21 04:00:00,0.0
2024-11-21 05:00:00,0.0
2024-11-21 06:00:00,20.73
2024-11-21 07:00:00,422.93
2024-11-21 08:00:00,564.75
2024-11-21 09:00:00,677.31
2024-11-21 10:00:00,724.7
2024-11-21 11:00:00,792.73
2024-11-21 12:00:00,786.03
2024-11-21 13:00:00,731.93
2024-11-21 14:00:00,628.5
2024-11-21 15:00:00,477.59
2024-11-21 16:00:00,143.52
2024-11-21 17:00:00,0.0
2024-11-21 18:00:00,0.0
2024-11-21 19:00:00,0.0
2024-11-21 20:00:00,0.0
2024-11-21 21:00:00,0.0
2024-11-21 22:00:00,0.0
2024-11-21 23:00:00,0.0
2024-11-22 00:00:00,0.0
2024-11-22 01:00:00,0.0
2024-11-22 02:00:00,0.0
2024-11-22 03:00:00,0.0
2024-11-22 04:00:00,0.0
2024-11-22 05:00:00,0.0
2024-11-22 06:00:00,8.96
2024-11-22 07:00:00,207.13
2024-11-22 08:00:00,468.52
2024-11-22 09:00:00,517.92
2024-11-22 10:00:00,577.78
2024-11-22 11:00:00,778.55
2024-11-22 12:00:00,763.96
2024-11-22 13:00:00,727.5
2024-11-22 14:00:00,638.46
2024-11-22 15:00:00,502.37
2024-11-22 16:00:00,141.72
2024-11-22 17:00:00,0.0
2024-11-22 18:00:00,0.0
2024-11-22 19:00:00,0.0
2024-11-22 20:00:00,0.0
2024-11-22 21:00:00,0.0
2024-11-22 22:00:00,0.0
2024-11-22 23:00:00,0.0
2024-11-23 00:00:00,0.0
2024-11-23 01:00:00,0.0
2024-11-23 02:00:00,0.0
2024-11-23 03:00:00,0.0
2024-11-23 04:00:00,0.0
2024-11-23 05:00:00,0.0
2024-11-23 06:00:00,22.87
2024-11-23 07:00:00,306.66
2024-11-23 08:00:00,533.52
2024-11-23 09:00:00,643.51
2024-11-23 10:00:00,672.09
2024-11-23 11:00:00,613.41
2024-11-23 12:00:00,673.0
2024-11-23 13:00:00,568.34
2024-11-23 14:00:00,528.2
2024-11-23 15:00:00,384.75
2024-11-23 16:00:00,96.11
2024-11-23 17:00:00,0.0
2024-11-23 18:00:00,0.0
2024-11-23 19:00:00,0.0
2024-11-23 20:00:00,0.0
2024-11-23 21:00:00,0.0
2024-11-23 22:00:00,0.0
2024-11-23 23:00:00,0.0
2024-11-24 00:00:00,0.0
2024-11-24 01:00:00,0.0
2024-11-24 02:00:00,0.0
2024-11-24 03:00:00,0.0
2024-11-24 04:00:00,0.0
2024-11-24 05:00:00,0.0
2024-11-24 06:00:00,8.13
2024-11-24 07:00:00,195.45
2024-11-24 08:00:00,344.86
2024-11-24 09:00:00,382.49
2024-11-24 10:00:00,523.27
2024-11-24 11:00:00,403.73
2024-11-24 12:00:00,453.54
2024-11-24 13:00:00,415.61
2024-11-24 14:00:00,318.62
2024-11-24 15:00:00,213.43
2024-11-24 16:00:00,34.58
2024-11-24 17:00:00,0.0
2024-11-24 18:00:00,0.0
2024-11-24 19:00:00,0.0
2024-11-24 20:00:00,0.0
2024-11-24 21:00:00,0.0
2024-11-24 22:00:00,0.0
2024-11-24 23:00:00,0.0
2024-11-25 00:00:00,0.0
2024-11-25 01:00:00,0.0
2024-11-25 02:00:00,0.0
2024-11-25 03:00:00,0.0
2024-11-25 04:00:00,0.0
2024-11-25 05:00:00,0.0
2024-11-25 06:00:00,3.6
2024-11-25 07:00:00,193.99
2024-11-25 08:00:00,384.57
2024-11-25 09:00:00,507.59
2024-11-25 10:00:00,544.9
2024-11-25 11:00:00,603.49
2024-11-25 12:00:00,588.94
2024-11-25 13:00:00,462.21
2024-11-25 14:00:00,413.38
2024-11-25 15:00:00,283.23
2024-11-25 16:00:00,68.68
2024-11-25 17:00:00,0.0
2024-11-25 18:00:00,0.0
2024-11-25 19:00:00,0.0
2024-11-25 20:00:00,0.0
2024-11-25 21:00:00,0.0
2024-11-25 22:00:00,0.0
2024-11-25 23:00:00,0.0
2024-11-26 00:00:00,0.0
2024-11-26 01:00:00,0.0
2024-11-26 02:00:00,0.0
2024-11-26 03:00:00,0.0
2024-11-26 04:00:00,0.0
2024-11-26 05:00:00,0.0
2024-11-26 06:00:00,14.36
2024-11-26 07:00:00,334.47
2024-11-26 08:00:00,512.01
2024-11-26 09:00:00,649.45
2024-11-26 10:00:00,657.17
2024-11-26 11:00:00,704.27
2024-11-26 12:00:00,728.59
2024-11-26 13:00:00,687.26
2024-11-26 14:00:00,608.02
2024-11-26 15:00:00,452.73
2024-11-26 16:00:00,118.17
2024-11-26 17:00:00,0.0
2024-11-26 18:00:00,0.0
2024-11-26 19:00:00,0.0
2024-11-26 20:00:00,0.0
2024-11-26 21:00:00,0.0
2024-11-26 22:00:00,0.0
2024-11-26 23:00:00,0.0
2024-11-27 00:00:00,0.0
2024-11-27 01:00:00,0.0
2024-11-27 02:00:00,0.0
2024-11-27 03:00:00,0.0
2024-11-27 04:00:00,0.0
2024-11-27 05:00:00,0.0
2024-11-27 06:00:00,21.81
2024-11-27 07:00:00,392.08
2024-11-27 08:00:00,588.66
2024-11-27 09:00:00,708.54
2024-11-27 10:00:00,711.63
2024-11-27 11:00:00,811.69
2024-11-27 12:00:00,800.68
2024-11-27 13:00:00,768.44
2024-11-27 14:00:00,724.76
2024-11-27 15:00:00,557.29
2024-11-27 16:00:00,169.87
2024-11-27 17:00:00,0.0
2024-11-27 18:00:00,0.0
2024-11-27 19:00:00,0.0
2024-11-27 20:00:00,0.0
2024-11-27 21:00:00,0.0
2024-11-27 22:00:00,0.0
2024-11-27 23:00:00,0.0
2024-11-28 00:00:00,0.0
2024-11-28 01:00:00,0.0
2024-11-28 02:00:00,0.0
2024-11-28 03:00:00,0.0
2024-11-28 04:00:00,0.0
2024-11-28 05:00:00,0.0
2024-11-28 06:00:00,17.88
2024-11-28 07:00:00,345.45
2024-11-28 08:00:00,550.13
2024-11-28 09:00:00,704.48
2024-11-28 10:00:00,731.01
2024-11-28 11:00:00,679.01
2024-11-28 12:00:00,747.5
2024-11-28 13:00:00,690.29
2024-11-28 14:00:00,586.46
2024-11-28 15:00:00,434.47
2024-11-28 16:00:00,109.63
2024-11-28 17:00:00,0.0
2024-11-28 18:00:00,0.0
2024-11-28 19:00:00,0.0
2024-11-28 20:00:00,0.0
2024-11-28 21:00:00,0.0
2024-11-28 22:00:00,0.0
2024-11-28 23:00:00,0.0
2024-11-29 00:00:00,0.0
2024-11-29 01:00:00,0.0
2024-11-29 02:00:00,0.0
2024-11-29 03:00:00,0.0
2024-11-29 04:00:00,0.0
2024-11-29 05:00:00,0.0
2024-11-29 06:00:00,22.16
2024-11-29 07:00:00,403.12
2024-11-29 08:00:00,628.51
2024-11-29 09:00:00,754.51
2024-11-29 10:00:00,812.51
2024-11-29 11:00:00,887.17
2024-11-29 12:00:00,904.13
2024-11-29 13:00:00,852.88
2024-11-29 14:00:00,778.93
2024-11-29 15:00:00,605.62
2024-11-29 16:00:00,220.05
2024-11-29 17:00:00,0.0
2024-11-29 18:00:00,0.0
2024-11-29 19:00:00,0.0
2024-11-29 20:00:00,0.0
2024-11-29 21:00:00,0.0
2024-11-29 22:00:00,0.0
2024-11-29 23:00:00,0.0
2024-11-30 00:00:00,0.0
2024-11-30 01:00:00,0.0
2024-11-30 02:00:00,0.0
2024-11-30 03:00:00,0.0
2024-11-30 04:00:00,0.0
2024-11-30 05:00:00,0.0
2024-11-30 06:00:00,25.34
2024-11-30 07:00:00,471.86
2024-11-30 08:00:00,675.99
2024-11-30 09:00:00,787.1
2024-11-30 10:00:00,825.92
2024-11-30 11:00:00,875.62
2024-11-30 12:00:00,894.93
2024-11-30 13:00:00,839.66
2024-11-30 14:00:00,755.16
2024-11-30 15:00:00,605.73
2024-11-30 16:00:00,186.68
2024-11-30 17:00:00,0.0
2024-11-30 18:00:00,0.0
2024-11-30 19:00:00,0.0
2024-11-30 20:00:00,0.0
2024-11-30 21:00:00,0.0
2024-11-30 22:00:00,0.0
2024-11-30 23:00:00,0.0
2024-12-01 00:00:00,0.0
2024-12-01 01:00:00,0.0
2024-12-01 02:00:00,0.0
2024-12-01 03:00:00,0.0
2024-12-01 04:00:00,0.0
2024-12-01 05:00:00,0.0
2024-12-01 06:00:00,10.63
2024-12-01 07:00:00,281.01
2024-12-01 08:00:00,469.22
2024-12-01 09:00:00,647.16
2024-12-01 10:00:00,847.23
2024-12-01 11:00:00,714.22
2024-12-01 12:00:00,969.23
2024-12-01 13:00:00,773.31
2024-12-01 14:00:00,604.8
2024-12-01 15:00:00,455.8
2024-12-01 16:00:00,91.5
2024-12-01 17:00:00,0.0
2024-12-01 18:00:00,0.0
2024-12-01 19:00:00,0.0
2024-12-01 20:00:00,0.0
2024-12-01 21:00:00,0.0
2024-12-01 22:00:00,0.0
2024-12-01 23:00:00,0.0
2024-12-02 00:00:00,0.0
2024-12-02 01:00:00,0.0
2024-12-02 02:00:00,0.0
2024-12-02 03:00:00,0.0
2024-12-02 04:00:00,0.0
2024-12-02 05:00:00,0.0
2024-12-02 06:00:00,6.78
2024-12-02 07:00:00,289.32
2024-12-02 08:00:00,514.98
2024-12-02 09:00:00,634.32
2024-12-02 10:00:00,705.08
2024-12-02 11:00:00,874.69
2024-12-02 12:00:00,837.37
2024-12-02 13:00:00,795.93
2024-12-02 14:00:00,706.53
2024-12-02 15:00:00,531.24
2024-12-02 16:00:00,158.98
2024-12-02 17:00:00,0.0
2024-12-02 18:00:00,0.0
2024-12-02 19:00:00,0.0
2024-12-02 20:00:00,0.0
2024-12-02 21:00:00,0.0
2024-12-02 22:00:00,0.0
2024-12-02 23:00:00,0.0
2024-12-03 00:00:00,0.0
2024-12-03 01:00:00,0.0
2024-12-03 02:00:00,0.0
2024-12-03 03:00:00,0.0
2024-12-03 04:00:00,0.0
2024-12-03 05:00:00,0.0
2024-12-03 06:00:00,7.11
2024-12-03 07:00:00,289.62
2024-12-03 08:00:00,558.93
2024-12-03 09:00:00,691.79
2024-12-03 10:00:00,768.0
2024-12-03 11:00:00,835.95
2024-12-03 12:00:00,834.82
2024-12-03 13:00:00,787.78
2024-12-03 14:00:00,714.94
2024-12-03 15:00:00,558.28
2024-12-03 16:00:00,193.33
2024-12-03 17:00:00,0.0
2024-12-03 18:00:00,0.0
2024-12-03 19:00:00,0.0
2024-12-03 20:00:00,0.0
2024-12-03 21:00:00,0.0
2024-12-03 22:00:00,0.0
2024-12-03 23:00:00,0.0
2024-12-04 00:00:00,0.0
2024-12-04 01:00:00,0.0
2024-12-04 02:00:00,0.0
2024-12-04 03:00:00,0.0
2024-12-04 04:00:00,0.0
2024-12-04 05:00:00,0.0
2024-12-04 06:00:00,3.54
2024-12-04 07:00:00,236.08
2024-12-04 08:00:00,440.76
2024-12-04 09:00:00,569.94
2024-12-04 10:00:00,603.32
2024-12-04 11:00:00,645.76
2024-12-04 12:00:00,647.7
2024-12-04 13:00:00,584.03
2024-12-04 14:00:00,499.13
2024-12-04 15:00:00,344.23
2024-12-04 16:00:00,76.77
2024-12-04 17:00:00,0.0
2024-12-04 18:00:00,0.0
2024-12-04 19:00:00,0.0
2024-12-04 20:00:00,0.0
2024-12-04 21:00:00,0.0
2024-12-04 22:00:00,0.0
2024-12-04 23:00:00,0.0
2024-12-05 00:00:00,0.0
2024-12-05 01:00:00,0.0
2024-12-05 02:00:00,0.0
2024-12-05 03:00:00,0.0
2024-12-05 04:00:00,0.0
2024-12-05 05:00:00,0.0
2024-12-05 06:00:00,0.53
2024-12-05 07:00:00,93.61
2024-12-05 08:00:00,253.25
2024-12-05 09:00:00,363.53
2024-12-05 10:00:00,405.61
2024-12-05 11:00:00,478.81
2024-12-05 12:00:00,427.62
2024-12-05 13:00:00,364.77
2024-12-05 14:00:00,279.74
2024-12-05 15:00:00,149.15
2024-12-05 16:00:00,12.17
2024-12-05 17:00:00,0.0
2024-12-05 18:00:00,0.0
2024-12-05 19:00:00,0.0
2024-12-05 20:00:00,0.0
2024-12-05 21:00:00,0.0
2024-12-05 22:00:00,0.0
2024-12-05 23:00:00,0.0
2024-12-06 00:00:00,0.0
2024-12-06 01:00:00,0.0
2024-12-06 02:00:00,0.0
2024-12-06 03:00:00,0.0
2024-12-06 04:00:00,0.0
2024-12-06 05:00:00,0.0
2024-12-06 06:00:00,0.0
2024-12-06 07:00:00,46.09
2024-12-06 08:00:00,154.48
2024-12-06 09:00:00,236.33
2024-12-06 10:00:00,300.82
2024-12-06 11:00:00,181.91
2024-12-06 12:00:00,178.43
2024-12-06 13:00:00,146.87
2024-12-06 14:00:00,115.85
2024-12-06 15:00:00,48.61
2024-12-06 16:00:00,2.75
2024-12-06 17:00:00,0.0
2024-12-06 18:00:00,0.0
2024-12-06 19:00:00,0.0
2024-12-06 20:00:00,0.0
2024-12-06 21:00:00,0.0
2024-12-06 22:00:00,0.0
2024-12-06 23:00:00,0.0
2024-12-07 00:00:00,0.0
2024-12-07 01:00:00,0.0
2024-12-07 02:00:00,0.0
2024-12-07 03:00:00,0.0
2024-12-07 04:00:00,0.0
2024-12-07 05:00:00,0.0
2024-12-07 06:00:00,0.0
2024-12-07 07:00:00,39.02
2024-12-07 08:00:00,145.85
2024-12-07 09:00:00,228.52
2024-12-07 10:00:00,306.11
2024-12-07 11:00:00,288.7
2024-12-07 12:00:00,277.81
2024-12-07 13:00:00,275.77
2024-12-07 14:00:00,227.22
2024-12-07 15:00:00,119.25
2024-12-07 16:00:00,9.22
2024-12-07 17:00:00,0.0
2024-12-07 18:00:00,0.0
2024-12-07 19:00:00,0.0
2024-12-07 20:00:00,0.0
2024-12-07 21:00:00,0.0
2024-12-07 22:00:00,0.0
2024-12-07 23:00:00,0.0
2024-12-08 00:00:00,0.0
2024-12-08 01:00:00,0.0
2024-12-08 02:00:00,0.0
2024-12-08 03:00:00,0.0
2024-12-08 04:00:00,0.0
2024-12-08 05:00:00,0.0
2024-12-08 06:00:00,4.27
2024-12-08 07:00:00,264.22
2024-12-08 08:00:00,463.56
2024-12-08 09:00:00,587.09
2024-12-08 10:00:00,707.62
2024-12-08 11:00:00,494.42
2024-12-08 12:00:00,451.26
2024-12-08 13:00:00,635.39
2024-12-08 14:00:00,613.4
2024-12-08 15:00:00,450.06
2024-12-08 16:00:00,147.93
2024-12-08 17:00:00,0.0
2024-12-08 18:00:00,0.0
2024-12-08 19:00:00,0.0
2024-12-08 20:00:00,0.0
2024-12-08 21:00:00,0.0
2024-12-08 22:00:00,0.0
2024-12-08 23:00:00,0.0
2024-12-09 00:00:00,0.0
2024-12-09 01:00:00,0.0
2024-12-09 02:00:00,0.0
2024-12-09 03:00:00,0.0
2024-12-09 04:00:00,0.0
2024-12-09 05:00:00,0.0
2024-12-09 06:00:00,10.37
2024-12-09 07:00:00,305.46
2024-12-09 08:00:00,553.39
2024-12-09 09:00:00,677.95
2024-12-09 10:00:00,507.87
2024-12-09 11:00:00,279.26
2024-12-09 12:00:00,451.96
2024-12-09 13:00:00,180.46
2024-12-09 14:00:00,94.66
2024-12-09 15:00:00,57.63
2024-12-09 16:00:00,24.56
2024-12-09 17:00:00,0.0
2024-12-09 18:00:00,0.0
2024-12-09 19:00:00,0.0
2024-12-09 20:00:00,0.0
2024-12-09 21:00:00,0.0
2024-12-09 22:00:00,0.0
2024-12-09 23:00:00,0.0
2024-12-10 00:00:00,0.0
2024-12-10 01:00:00,0.0
2024-12-10 02:00:00,0.0
2024-12-10 03:00:00,0.0
2024-12-10 04:00:00,0.0
2024-12-10 05:00:00,0.0
2024-12-10 06:00:00,0.0
2024-12-10 07:00:00,42.8
2024-12-10 08:00:00,117.25
2024-12-10 09:00:00,217.46
2024-12-10 10:00:00,245.65
2024-12-10 11:00:00,255.1
2024-12-10 12:00:00,297.09
2024-12-10 13:00:00,286.94
2024-12-10 14:00:00,240.93
2024-12-10 15:00:00,150.05
2024-12-10 16:00:00,16.29
2024-12-10 17:00:00,0.0
2024-12-10 18:00:00,0.0
2024-12-10 19:00:00,0.0
2024-12-10 20:00:00,0.0
2024-12-10 21:00:00,0.0
2024-12-10 22:00:00,0.0
2024-12-10 23:00:00,0.0
2024-12-11 00:00:00,0.0
2024-12-11 01:00:00,0.0
2024-12-11 02:00:00,0.0
2024-12-11 03:00:00,0.0
2024-12-11 04:00:00,0.0
2024-12-11 05:00:00,0.0
2024-12-11 06:00:00,0.0
2024-12-11 07:00:00,70.97
2024-12-11 08:00:00,233.16
2024-12-11 09:00:00,324.9
2024-12-11 10:00:00,461.72
2024-12-11 11:00:00,438.13
2024-12-11 12:00:00,372.04
2024-12-11 13:00:00,311.41
2024-12-11 14:00:00,275.24
2024-12-11 15:00:00,193.05
2024-12-11 16:00:00,27.4
2024-12-11 17:00:00,0.0
2024-12-11 18:00:00,0.0
2024-12-11 19:00:00,0.0
2024-12-11 20:00:00,0.0
2024-12-11 21:00:00,0.0
2024-12-11 22:00:00,0.0
2024-12-11 23:00:00,0.0
2024-12-12 00:00:00,0.0
2024-12-12 01:00:00,0.0
2024-12-12 02:00:00,0.0
2024-12-12 03:00:00,0.0
2024-12-12 04:00:00,0.0
2024-12-12 05:00:00,0.0
2024-12-12 06:00:00,0.64
2024-12-12 07:00:00,127.23
2024-12-12 08:00:00,319.98
2024-12-12 09:00:00,449.53
2024-12-12 10:00:00,532.06
2024-12-12 11:00:00,573.43
2024-12-12 12:00:00,443.51
2024-12-12 13:00:00,569.3
2024-12-12 14:00:00,491.54
2024-12-12 15:00:00,332.31
2024-12-12 16:00:00,68.01
2024-12-12 17:00:00,0.0
2024-12-12 18:00:00,0.0
2024-12-12 19:00:00,0.0
2024-12-12 20:00:00,0.0
2024-12-12 21:00:00,0.0
2024-12-12 22:00:00,0.0
2024-12-12 23:00:00,0.0
2024-12-13 00:00:00,0.0
2024-12-13 01:00:00,0.0
2024-12-13 02:00:00,0.0
2024-12-13 03:00:00,0.0
2024-12-13 04:00:00,0.0
2024-12-13 05:00:00,0.0
2024-12-13 06:00:00,1.96
2024-12-13 07:00:00,222.68
2024-12-13 08:00:00,454.65
2024-12-13 09:00:00,545.89
2024-12-13 10:00:00,666.96
2024-12-13 11:00:00,461.91
2024-12-13 12:00:00,533.56
2024-12-13 13:00:00,740.85
2024-12-13 14:00:00,571.87
2024-12-13 15:00:00,356.68
2024-12-13 16:00:00,75.15
2024-12-13 17:00:00,0.0
2024-12-13 18:00:00,0.0
2024-12-13 19:00:00,0.0
2024-12-13 20:00:00,0.0
2024-12-13 21:00:00,0.0
2024-12-13 22:00:00,0.0
2024-12-13 23:00:00,0.0
2024-12-14 00:00:00,0.0
2024-12-14 01:00:00,0.0
2024-12-14 02:00:00,0.0
2024-12-14 03:00:00,0.0
2024-12-14 04:00:00,0.0
2024-12-14 05:00:00,0.0
2024-12-14 06:00:00,1.96
2024-12-14 07:00:00,222.72
2024-12-14 08:00:00,476.81
2024-12-14 09:00:00,614.41
2024-12-14 10:00:00,683.19
2024-12-14 11:00:00,810.64
2024-12-14 12:00:00,772.32
2024-12-14 13:00:00,768.77
2024-12-14 14:00:00,683.46
2024-12-14 15:00:00,524.11
2024-12-14 16:00:00,152.81
2024-12-14 17:00:00,0.0
2024-12-14 18:00:00,0.0
2024-12-14 19:00:00,0.0
2024-12-14 20:00:00,0.0
2024-12-14 21:00:00,0.0
2024-12-14 22:00:00,0.0
2024-12-14 23:00:00,0.0
2024-12-15 00:00:00,0.0
2024-12-15 01:00:00,0.0
2024-12-15 02:00:00,0.0
2024-12-15 03:00:00,0.0
2024-12-15 04:00:00,0.0
2024-12-15 05:00:00,0.0
2024-12-15 06:00:00,11.65
2024-12-15 07:00:00,405.72
2024-12-15 08:00:00,675.32
2024-12-15 09:00:00,798.93
2024-12-15 10:00:00,851.16
2024-12-15 11:00:00,890.64
2024-12-15 12:00:00,888.22
2024-12-15 13:00:00,865.84
2024-12-15 14:00:00,771.72
2024-12-15 15:00:00,635.17
2024-12-15 16:00:00,261.75
2024-12-15 17:00:00,0.0
2024-12-15 18:00:00,0.0
2024-12-15 19:00:00,0.0
2024-12-15 20:00:00,0.0
2024-12-15 21:00:00,0.0
2024-12-15 22:00:00,0.0
2024-12-15 23:00:00,0.0
2024-12-16 00:00:00,0.0
2024-12-16 01:00:00,0.0
2024-12-16 02:00:00,0.0
2024-12-16 03:00:00,0.0
2024-12-16 04:00:00,0.0
2024-12-16 05:00:00,0.0
2024-12-16 06:00:00,11.75
2024-12-16 07:00:00,439.4
2024-12-16 08:00:00,677.37
2024-12-16 09:00:00,781.61
2024-12-16 10:00:00,847.04
2024-12-16 11:00:00,918.39
2024-12-16 12:00:00,922.02
2024-12-16 13:00:00,896.7
2024-12-16 14:00:00,809.93
2024-12-16 15:00:00,670.33
2024-12-16 16:00:00,276.3
2024-12-16 17:00:00,0.0
2024-12-16 18:00:00,0.0
2024-12-16 19:00:00,0.0
2024-12-16 20:00:00,0.0
2024-12-16 21:00:00,0.0
2024-12-16 22:00:00,0.0
2024-12-16 23:00:00,0.0
2024-12-17 00:00:00,0.0
2024-12-17 01:00:00,0.0
2024-12-17 02:00:00,0.0
2024-12-17 03:00:00,0.0
2024-12-17 04:00:00,0.0
2024-12-17 05:00:00,0.0
2024-12-17 06:00:00,5.85
2024-12-17 07:00:00,363.85
2024-12-17 08:00:00,594.91
2024-12-17 09:00:00,715.55
2024-12-17 10:00:00,778.37
2024-12-17 11:00:00,916.85
2024-12-17 12:00:00,907.93
2024-12-17 13:00:00,884.61
2024-12-17 14:00:00,791.87
2024-12-17 15:00:00,633.01
2024-12-17 16:00:00,251.33
2024-12-17 17:00:00,0.0
2024-12-17 18:00:00,0.0
2024-12-17 19:00:00,0.0
2024-12-17 20:00:00,0.0
2024-12-17 21:00:00,0.0
2024-12-17 22:00:00,0.0
2024-12-17 23:00:00,0.0
2024-12-18 00:00:00,0.0
2024-12-18 01:00:00,0.0
2024-12-18 02:00:00,0.0
2024-12-18 03:00:00,0.0
2024-12-18 04:00:00,0.0
2024-12-18 05:00:00,0.0
2024-12-18 06:00:00,4.08
2024-12-18 07:00:00,261.24
2024-12-18 08:00:00,552.96
2024-12-18 09:00:00,677.58
2024-12-18 10:00:00,736.82
2024-12-18 11:00:00,755.36
2024-12-18 12:00:00,761.09
2024-12-18 13:00:00,730.44
2024-12-18 14:00:00,613.03
2024-12-18 15:00:00,467.6
2024-12-18 16:00:00,136.62
2024-12-18 17:00:00,0.0
2024-12-18 18:00:00,0.0
2024-12-18 19:00:00,0.0
2024-12-18 20:00:00,0.0
2024-12-18 21:00:00,0.0
2024-12-18 22:00:00,0.0
2024-12-18 23:00:00,0.0
2024-12-19 00:00:00,0.0
2024-12-19 01:00:00,0.0
2024-12-19 02:00:00,0.0
2024-12-19 03:00:00,0.0
2024-12-19 04:00:00,0.0
2024-12-19 05:00:00,0.0
2024-12-19 06:00:00,4.81
2024-12-19 07:00:00,296.05
2024-12-19 08:00:00,587.68
2024-12-19 09:00:00,716.03
2024-12-19 10:00:00,785.09
2024-12-19 11:00:00,804.37
2024-12-19 12:00:00,799.88
2024-12-19 13:00:00,798.6
2024-12-19 14:00:00,713.11
2024-12-19 15:00:00,564.12
2024-12-19 16:00:00,213.7
2024-12-19 17:00:00,0.0
2024-12-19 18:00:00,0.0
2024-12-19 19:00:00,0.0
2024-12-19 20:00:00,0.0
2024-12-19 21:00:00,0.0
2024-12-19 22:00:00,0.0
2024-12-19 23:00:00,0.0
2024-12-20 00:00:00,0.0
2024-12-20 01:00:00,0.0
2024-12-20 02:00:00,0.0
2024-12-20 03:00:00,0.0
2024-12-20 04:00:00,0.0
2024-12-20 05:00:00,0.0
2024-12-20 06:00:00,0.0
2024-12-20 07:00:00,245.51
2024-12-20 08:00:00,414.12
2024-12-20 09:00:00,615.66
2024-12-20 10:00:00,651.56
2024-12-20 11:00:00,528.86
2024-12-20 12:00:00,683.73
2024-12-20 13:00:00,509.38
2024-12-20 14:00:00,410.2
2024-12-20 15:00:00,391.22
2024-12-20 16:00:00,114.67
2024-12-20 17:00:00,0.0
2024-12-20 18:00:00,0.0
2024-12-20 19:00:00,0.0
2024-12-20 20:00:00,0.0
2024-12-20 21:00:00,0.0
2024-12-20 22:00:00,0.0
2024-12-20 23:00:00,0.0
2024-12-21 00:00:00,0.0
2024-12-21 01:00:00,0.0
2024-12-21 02:00:00,0.0
2024-12-21 03:00:00,0.0
2024-12-21 04:00:00,0.0
2024-12-21 05:00:00,0.0
2024-12-21 06:00:00,0.0
2024-12-21 07:00:00,225.63
2024-12-21 08:00:00,475.74
2024-12-21 09:00:00,614.82
2024-12-21 10:00:00,694.88
2024-12-21 11:00:00,633.09
2024-12-21 12:00:00,657.27
2024-12-21 13:00:00,621.74
2024-12-21 14:00:00,566.3
2024-12-21 15:00:00,428.05
2024-12-21 16:00:00,134.52
2024-12-21 17:00:00,0.0
2024-12-21 18:00:00,0.0
2024-12-21 19:00:00,0.0
2024-12-21 20:00:00,0.0
2024-12-21 21:00:00,0.0
2024-12-21 22:00:00,0.0
2024-12-21 23:00:00,0.0
2024-12-22 00:00:00,0.0
2024-12-22 01:00:00,0.0
2024-12-22 02:00:00,0.0
2024-12-22 03:00:00,0.0
2024-12-22 04:00:00,0.0
2024-12-22 05:00:00,0.0
2024-12-22 06:00:00,0.0
2024-12-22 07:00:00,204.67
2024-12-22 08:00:00,378.09
2024-12-22 09:00:00,486.35
2024-12-22 10:00:00,616.79
2024-12-22 11:00:00,432.71
2024-12-22 12:00:00,565.14
2024-12-22 13:00:00,514.23
2024-12-22 14:00:00,509.44
2024-12-22 15:00:00,347.79
2024-12-22 16:00:00,104.54
2024-12-22 17:00:00,0.0
2024-12-22 18:00:00,0.0
2024-12-22 19:00:00,0.0
2024-12-22 20:00:00,0.0
2024-12-22 21:00:00,0.0
2024-12-22 22:00:00,0.0
2024-12-22 23:00:00,0.0
2024-12-23 00:00:00,0.0
2024-12-23 01:00:00,0.0
2024-12-23 02:00:00,0.0
2024-12-23 03:00:00,0.0
2024-12-23 04:00:00,0.0
2024-12-23 05:00:00,0.0
2024-12-23 06:00:00,0.0
2024-12-23 07:00:00,252.49
2024-12-23 08:00:00,517.94
2024-12-23 09:00:00,700.76
2024-12-23 10:00:00,768.3
2024-12-23 11:00:00,805.49
2024-12-23 12:00:00,795.77
2024-12-23 13:00:00,790.99
2024-12-23 14:00:00,682.95
2024-12-23 15:00:00,526.9
2024-12-23 16:00:00,226.3
2024-12-23 17:00:00,0.0
2024-12-23 18:00:00,0.0
2024-12-23 19:00:00,0.0
2024-12-23 20:00:00,0.0
2024-12-23 21:00:00,0.0
2024-12-23 22:00:00,0.0
2024-12-23 23:00:00,0.0
2024-12-24 00:00:00,0.0
2024-12-24 01:00:00,0.0
2024-12-24 02:00:00,0.0
2024-12-24 03:00:00,0.0
2024-12-24 04:00:00,0.0
2024-12-24 05:00:00,0.0
2024-12-24 06:00:00,0.0
2024-12-24 07:00:00,308.78
2024-12-24 08:00:00,576.96
2024-12-24 09:00:00,707.57
2024-12-24 10:00:00,774.28
2024-12-24 11:00:00,864.53
2024-12-24 12:00:00,839.31
2024-12-24 13:00:00,791.79
2024-12-24 14:00:00,708.36
2024-12-24 15:00:00,523.61
2024-12-24 16:00:00,198.33
2024-12-24 17:00:00,0.0
2024-12-24 18:00:00,0.0
2024-12-24 19:00:00,0.0
2024-12-24 20:00:00,0.0
2024-12-24 21:00:00,0.0
2024-12-24 22:00:00,0.0
2024-12-24 23:00:00,0.0
2024-12-25 00:00:00,0.0
2024-12-25 01:00:00,0.0
2024-12-25 02:00:00,0.0
2024-12-25 03:00:00,0.0
2024-12-25 04:00:00,0.0
2024-12-25 05:00:00,0.0
2024-12-25 06:00:00,0.0
2024-12-25 07:00:00,330.89
2024-12-25 08:00:00,595.89
2024-12-25 09:00:00,730.21
2024-12-25 10:00:00,807.94
2024-12-25 11:00:00,657.83
2024-12-25 12:00:00,684.84
2024-12-25 13:00:00,629.26
2024-12-25 14:00:00,549.84
2024-12-25 15:00:00,414.99
2024-12-25 16:00:00,148.36
2024-12-25 17:00:00,0.0
2024-12-25 18:00:00,0.0
2024-12-25 19:00:00,0.0
2024-12-25 20:00:00,0.0
2024-12-25 21:00:00,0.0
2024-12-25 22:00:00,0.0
2024-12-25 23:00:00,0.0
2024-12-26 00:00:00,0.0
2024-12-26 01:00:00,0.0
2024-12-26 02:00:00,0.0
2024-12-26 03:00:00,0.0
2024-12-26 04:00:00,0.0
2024-12-26 05:00:00,0.0
2024-12-26 06:00:00,0.0
2024-12-26 07:00:00,167.28
2024-12-26 08:00:00,445.4
2024-12-26 09:00:00,605.52
2024-12-26 10:00:00,681.16
2024-12-26 11:00:00,724.61
2024-12-26 12:00:00,700.57
2024-12-26 13:00:00,683.09
2024-12-26 14:00:00,609.18
2024-12-26 15:00:00,439.37
2024-12-26 16:00:00,152.25
2024-12-26 17:00:00,0.0
2024-12-26 18:00:00,0.0
2024-12-26 19:00:00,0.0
2024-12-26 20:00:00,0.0
2024-12-26 21:00:00,0.0
2024-12-26 22:00:00,0.0
2024-12-26 23:00:00,0.0
2024-12-27 00:00:00,0.0
2024-12-27 01:00:00,0.0
2024-12-27 02:00:00,0.0
2024-12-27 03:00:00,0.0
2024-12-27 04:00:00,0.0
2024-12-27 05:00:00,0.0
2024-12-27 06:00:00,0.0
2024-12-27 07:00:00,259.7
2024-12-27 08:00:00,557.27
2024-12-27 09:00:00,712.68
2024-12-27 10:00:00,803.55
2024-12-27 11:00:00,792.22
2024-12-27 12:00:00,797.04
2024-12-27 13:00:00,774.77
2024-12-27 14:00:00,713.69
2024-12-27 15:00:00,566.85
2024-12-27 16:00:00,254.04
2024-12-27 17:00:00,0.0
2024-12-27 18:00:00,0.0
2024-12-27 19:00:00,0.0
2024-12-27 20:00:00,0.0
2024-12-27 21:00:00,0.0
2024-12-27 22:00:00,0.0
2024-12-27 23:00:00,0.0
2024-12-28 00:00:00,0.0
2024-12-28 01:00:00,0.0
2024-12-28 02:00:00,0.0
2024-12-28 03:00:00,0.0
2024-12-28 04:00:00,0.0
2024-12-28 05:00:00,0.0
2024-12-28 06:00:00,0.0
2024-12-28 07:00:00,372.99
2024-12-28 08:00:00,657.48
2024-12-28 09:00:00,796.6
2024-12-28 10:00:00,868.17
2024-12-28 11:00:00,818.12
2024-12-28 12:00:00,839.49
2024-12-28 13:00:00,822.11
2024-12-28 14:00:00,746.76
2024-12-28 15:00:00,603.14
2024-12-28 16:00:00,282.74
2024-12-28 17:00:00,0.0
2024-12-28 18:00:00,0.0
2024-12-28 19:00:00,0.0
2024-12-28 20:00:00,0.0
2024-12-28 21:00:00,0.0
2024-12-28 22:00:00,0.0
2024-12-28 23:00:00,0.0
2024-12-29 00:00:00,0.0
2024-12-29 01:00:00,0.0
2024-12-29 02:00:00,0.0
2024-12-29 03:00:00,0.0
2024-12-29 04:00:00,0.0
2024-12-29 05:00:00,0.0
2024-12-29 06:00:00,0.0
2024-12-29 07:00:00,116.5
2024-12-29 08:00:00,185.34
2024-12-29 09:00:00,192.65
2024-12-29 10:00:00,202.12
2024-12-29 11:00:00,413.68
2024-12-29 12:00:00,521.95
2024-12-29 13:00:00,598.45
2024-12-29 14:00:00,539.45
2024-12-29 15:00:00,404.47
2024-12-29 16:00:00,141.07
2024-12-29 17:00:00,0.0
2024-12-29 18:00:00,0.0
2024-12-29 19:00:00,0.0
2024-12-29 20:00:00,0.0
2024-12-29 21:00:00,0.0
2024-12-29 22:00:00,0.0
2024-12-29 23:00:00,0.0
2024-12-30 00:00:00,0.0
2024-12-30 01:00:00,0.0
2024-12-30 02:00:00,0.0
2024-12-30 03:00:00,0.0
2024-12-30 04:00:00,0.0
2024-12-30 05:00:00,0.0
2024-12-30 06:00:00,0.0
2024-12-30 07:00:00,221.05
2024-12-30 08:00:00,492.0
2024-12-30 09:00:00,625.34
2024-12-30 10:00:00,702.65
2024-12-30 11:00:00,588.66
2024-12-30 12:00:00,587.98
2024-12-30 13:00:00,569.31
2024-12-30 14:00:00,478.96
2024-12-30 15:00:00,327.57
2024-12-30 16:00:00,88.62
2024-12-30 17:00:00,0.0
2024-12-30 18:00:00,0.0
2024-12-30 19:00:00,0.0
2024-12-30 20:00:00,0.0
2024-12-30 21:00:00,0.0
2024-12-30 22:00:00,0.0
2024-12-30 23:00:00,0.0
2024-12-31 00:00:00,0.0
2024-12-31 01:00:00,0.0
2024-12-31 02:00:00,0.0
2024-12-31 03:00:00,0.0
2024-12-31 04:00:00,0.0
2024-12-31 05:00:00,0.0
2024-12-31 06:00:00,0.0
2024-12-31 07:00:00,99.79
2024-12-31 08:00:00,299.41
2024-12-31 09:00:00,417.91
2024-12-31 10:00:00,461.53
2024-12-31 11:00:00,569.09
2024-12-31 12:00:00,655.71
2024-12-31 13:00:00,602.95
2024-12-31 14:00:00,536.68
2024-12-31 15:00:00,395.09
2024-12-31 16:00:00,145.27
2024-12-31 17:00:00,0.0
2024-12-31 18:00:00,0.0
2024-12-31 19:00:00,0.0
2024-12-31 20:00:00,0.0
2024-12-31 21:00:00,0.0
2024-12-31 22:00:00,0.0
2024-12-31 23:00:00,0.0
2025-01-01 00:00:00,0.0
2025-01-01 01:00:00,0.0
2025-01-01 02:00:00,0.0
2025-01-01 03:00:00,0.0
2025-01-01 04:00:00,0.0
2025-01-01 05:00:00,0.0
2025-01-01 06:00:00,0.0
2025-01-01 07:00:00,155.82
2025-01-01 08:00:00,342.39
2025-01-01 09:00:00,528.99
2025-01-01 10:00:00,479.14
2025-01-01 11:00:00,481.78
2025-01-01 12:00:00,535.64
2025-01-01 13:00:00,561.11
2025-01-01 14:00:00,488.44
2025-01-01 15:00:00,354.33
2025-01-01 16:00:00,107.91
2025-01-01 17:00:00,0.0
2025-01-01 18:00:00,0.0
2025-01-01 19:00:00,0.0
2025-01-01 20:00:00,0.0
2025-01-01 21:00:00,0.0
2025-01-01 22:00:00,0.0
2025-01-01 23:00:00,0.0
2025-01-02 00:00:00,0.0
2025-01-02 01:00:00,0.0
2025-01-02 02:00:00,0.0
2025-01-02 03:00:00,0.0
2025-01-02 04:00:00,0.0
2025-01-02 05:00:00,0.0
2025-01-02 06:00:00,0.0
2025-01-02 07:00:00,97.85
2025-01-02 08:00:00,261.44
2025-01-02 09:00:00,428.56
2025-01-02 10:00:00,527.04
2025-01-02 11:00:00,510.71
2025-01-02 12:00:00,512.29
2025-01-02 13:00:00,631.73
2025-01-02 14:00:00,564.51
2025-01-02 15:00:00,442.93
2025-01-02 16:00:00,178.21
2025-01-02 17:00:00,0.0
2025-01-02 18:00:00,0.0
2025-01-02 19:00:00,0.0
2025-01-02 20:00:00,0.0
2025-01-02 21:00:00,0.0
2025-01-02 22:00:00,0.0
2025-01-02 23:00:00,0.0
2025-01-03 00:00:00,0.0
2025-01-03 01:00:00,0.0
2025-01-03 02:00:00,0.0
2025-01-03 03:00:00,0.0
2025-01-03 04:00:00,0.0
2025-01-03 05:00:00,0.0
2025-01-03 06:00:00,0.0
2025-01-03 07:00:00,117.96
2025-01-03 08:00:00,279.47
2025-01-03 09:00:00,449.52
2025-01-03 10:00:00,554.24
2025-01-03 11:00:00,595.34
2025-01-03 12:00:00,671.16
2025-01-03 13:00:00,710.0
2025-01-03 14:00:00,622.21
2025-01-03 15:00:00,475.89
2025-01-03 16:00:00,177.65
2025-01-03 17:00:00,0.0
2025-01-03 18:00:00,0.0
2025-01-03 19:00:00,0.0
2025-01-03 20:00:00,0.0
2025-01-03 21:00:00,0.0
2025-01-03 22:00:00,0.0
2025-01-03 23:00:00,0.0
2025-01-04 00:00:00,0.0
2025-01-04 01:00:00,0.0
2025-01-04 02:00:00,0.0
2025-01-04 03:00:00,0.0
2025-01-04 04:00:00,0.0
2025-01-04 05:00:00,0.0
2025-01-04 06:00:00,0.0
2025-01-04 07:00:00,255.55
2025-01-04 08:00:00,559.44
2025-01-04 09:00:00,695.0
2025-01-04 10:00:00,778.95
2025-01-04 11:00:00,834.69
2025-01-04 12:00:00,848.64
2025-01-04 13:00:00,828.43
2025-01-04 14:00:00,745.1
2025-01-04 15:00:00,594.78
2025-01-04 16:00:00,270.94
2025-01-04 17:00:00,0.0
2025-01-04 18:00:00,0.0
2025-01-04 19:00:00,0.0
2025-01-04 20:00:00,0.0
2025-01-04 21:00:00,0.0
2025-01-04 22:00:00,0.0
2025-01-04 23:00:00,0.0
2025-01-05 00:00:00,0.0
2025-01-05 01:00:00,0.0
2025-01-05 02:00:00,0.0
2025-01-05 03:00:00,0.0
2025-01-05 04:00:00,0.0
2025-01-05 05:00:00,0.0
2025-01-05 06:00:00,0.0
2025-01-05 07:00:00,342.59
2025-01-05 08:00:00,649.58
2025-01-05 09:00:00,805.6
2025-01-05 10:00:00,848.71
2025-01-05 11:00:00,645.48
2025-01-05 12:00:00,700.27
2025-01-05 13:00:00,524.61
2025-01-05 14:00:00,444.53
2025-01-05 15:00:00,365.15
2025-01-05 16:00:00,187.45
2025-01-05 17:00:00,0.0
2025-01-05 18:00:00,0.0
2025-01-05 19:00:00,0.0
2025-01-05 20:00:00,0.0
2025-01-05 21:00:00,0.0
2025-01-05 22:00:00,0.0
2025-01-05 23:00:00,0.0
2025-01-06 00:00:00,0.0
2025-01-06 01:00:00,0.0
2025-01-06 02:00:00,0.0
2025-01-06 03:00:00,0.0
2025-01-06 04:00:00,0.0
2025-01-06 05:00:00,0.0
2025-01-06 06:00:00,0.0
2025-01-06 07:00:00,133.5
2025-01-06 08:00:00,350.19
2025-01-06 09:00:00,543.41
2025-01-06 10:00:00,698.04
2025-01-06 11:00:00,640.18
2025-01-06 12:00:00,676.95
2025-01-06 13:00:00,679.22
2025-01-06 14:00:00,586.9
2025-01-06 15:00:00,418.93
2025-01-06 16:00:00,146.29
2025-01-06 17:00:00,0.0
2025-01-06 18:00:00,0.0
2025-01-06 19:00:00,0.0
2025-01-06 20:00:00,0.0
2025-01-06 21:00:00,0.0
2025-01-06 22:00:00,0.0
2025-01-06 23:00:00,0.0
2025-01-07 00:00:00,0.0
2025-01-07 01:00:00,0.0
2025-01-07 02:00:00,0.0
2025-01-07 03:00:00,0.0
2025-01-07 04:00:00,0.0
2025-01-07 05:00:00,0.0
2025-01-07 06:00:00,0.0
2025-01-07 07:00:00,118.17
2025-01-07 08:00:00,265.35
2025-01-07 09:00:00,354.77
2025-01-07 10:00:00,417.65
2025-01-07 11:00:00,401.57
2025-01-07 12:00:00,464.36
2025-01-07 13:00:00,368.47
2025-01-07 14:00:00,345.85
2025-01-07 15:00:00,239.09
2025-01-07 16:00:00,56.69
2025-01-07 17:00:00,0.0
2025-01-07 18:00:00,0.0
2025-01-07 19:00:00,0.0
2025-01-07 20:00:00,0.0
2025-01-07 21:00:00,0.0
2025-01-07 22:00:00,0.0
2025-01-07 23:00:00,0.0
2025-01-08 00:00:00,0.0
2025-01-08 01:00:00,0.0
2025-01-08 02:00:00,0.0
2025-01-08 03:00:00,0.0
2025-01-08 04:00:00,0.0
2025-01-08 05:00:00,0.0
2025-01-08 06:00:00,0.0
2025-01-08 07:00:00,14.98
2025-01-08 08:00:00,63.69
2025-01-08 09:00:00,81.47
2025-01-08 10:00:00,93.19
2025-01-08 11:00:00,16.09
2025-01-08 12:00:00,13.69
2025-01-08 13:00:00,43.73
2025-01-08 14:00:00,55.21
2025-01-08 15:00:00,25.94
2025-01-08 16:00:00,5.31
2025-01-08 17:00:00,0.0
2025-01-08 18:00:00,0.0
2025-01-08 19:00:00,0.0
2025-01-08 20:00:00,0.0
2025-01-08 21:00:00,0.0
2025-01-08 22:00:00,0.0
2025-01-08 23:00:00,0.0
2025-01-09 00:00:00,0.0
2025-01-09 01:00:00,0.0
2025-01-09 02:00:00,0.0
2025-01-09 03:00:00,0.0
2025-01-09 04:00:00,0.0
2025-01-09 05:00:00,0.0
2025-01-09 06:00:00,0.0
2025-01-09 07:00:00,16.76
2025-01-09 08:00:00,98.2
2025-01-09 09:00:00,190.57
2025-01-09 10:00:00,282.47
2025-01-09 11:00:00,426.03
2025-01-09 12:00:00,536.27
2025-01-09 13:00:00,543.19
2025-01-09 14:00:00,486.88
2025-01-09 15:00:00,367.31
2025-01-09 16:00:00,149.92
2025-01-09 17:00:00,0.0
2025-01-09 18:00:00,0.0
2025-01-09 19:00:00,0.0
2025-01-09 20:00:00,0.0
2025-01-09 21:00:00,0.0
2025-01-09 22:00:00,0.0
2025-01-09 23:00:00,0.0
2025-01-10 00:00:00,0.0
2025-01-10 01:00:00,0.0
2025-01-10 02:00:00,0.0
2025-01-10 03:00:00,0.0
2025-01-10 04:00:00,0.0
2025-01-10 05:00:00,0.0
2025-01-10 06:00:00,0.0
2025-01-10 07:00:00,154.9
2025-01-10 08:00:00,431.04
2025-01-10 09:00:00,565.16
2025-01-10 10:00:00,649.47
2025-01-10 11:00:00,713.99
2025-01-10 12:00:00,766.8
2025-01-10 13:00:00,694.9
2025-01-10 14:00:00,650.17
2025-01-10 15:00:00,507.66
2025-01-10 16:00:00,265.4
2025-01-10 17:00:00,0.0
2025-01-10 18:00:00,0.0
2025-01-10 19:00:00,0.0
2025-01-10 20:00:00,0.0
2025-01-10 21:00:00,0.0
2025-01-10 22:00:00,0.0
2025-01-10 23:00:00,0.0
2025-01-11 00:00:00,0.0
2025-01-11 01:00:00,0.0
2025-01-11 02:00:00,0.0
2025-01-11 03:00:00,0.0
2025-01-11 04:00:00,0.0
2025-01-11 05:00:00,0.0
2025-01-11 06:00:00,0.0
2025-01-11 07:00:00,284.18
2025-01-11 08:00:00,596.43
2025-01-11 09:00:00,745.97
2025-01-11 10:00:00,814.79
2025-01-11 11:00:00,808.04
2025-01-11 12:00:00,809.35
2025-01-11 13:00:00,770.77
2025-01-11 14:00:00,688.53
2025-01-11 15:00:00,546.67
2025-01-11 16:00:00,285.85
2025-01-11 17:00:00,0.0
2025-01-11 18:00:00,0.0
2025-01-11 19:00:00,0.0
2025-01-11 20:00:00,0.0
2025-01-11 21:00:00,0.0
2025-01-11 22:00:00,0.0
2025-01-11 23:00:00,0.0
2025-01-12 00:00:00,0.0
2025-01-12 01:00:00,0.0
2025-01-12 02:00:00,0.0
2025-01-12 03:00:00,0.0
2025-01-12 04:00:00,0.0
2025-01-12 05:00:00,0.0
2025-01-12 06:00:00,0.0
2025-01-12 07:00:00,285.39
2025-01-12 08:00:00,597.2
2025-01-12 09:00:00,729.79
2025-01-12 10:00:00,766.89
2025-01-12 11:00:00,742.45
2025-01-12 12:00:00,654.47
2025-01-12 13:00:00,585.58
2025-01-12 14:00:00,559.04
2025-01-12 15:00:00,385.28
2025-01-12 16:00:00,216.99
2025-01-12 17:00:00,0.0
2025-01-12 18:00:00,0.0
2025-01-12 19:00:00,0.0
2025-01-12 20:00:00,0.0
2025-01-12 21:00:00,0.0
2025-01-12 22:00:00,0.0
2025-01-12 23:00:00,0.0
2025-01-13 00:00:00,0.0
2025-01-13 01:00:00,0.0
2025-01-13 02:00:00,0.0
2025-01-13 03:00:00,0.0
2025-01-13 04:00:00,0.0
2025-01-13 05:00:00,0.0
2025-01-13 06:00:00,0.0
2025-01-13 07:00:00,42.4
2025-01-13 08:00:00,152.85
2025-01-13 09:00:00,200.94
2025-01-13 10:00:00,314.98
2025-01-13 11:00:00,448.09
2025-01-13 12:00:00,441.7
2025-01-13 13:00:00,527.12
2025-01-13 14:00:00,418.63
2025-01-13 15:00:00,292.34
2025-01-13 16:00:00,127.21
2025-01-13 17:00:00,0.0
2025-01-13 18:00:00,0.0
2025-01-13 19:00:00,0.0
2025-01-13 20:00:00,0.0
2025-01-13 21:00:00,0.0
2025-01-13 22:00:00,0.0
2025-01-13 23:00:00,0.0
2025-01-14 00:00:00,0.0
2025-01-14 01:00:00,0.0
2025-01-14 02:00:00,0.0
2025-01-14 03:00:00,0.0
2025-01-14 04:00:00,0.0
2025-01-14 05:00:00,0.0
2025-01-14 06:00:00,0.0
2025-01-14 07:00:00,95.49
2025-01-14 08:00:00,328.76
2025-01-14 09:00:00,469.63
2025-01-14 10:00:00,561.54
2025-01-14 11:00:00,583.28
2025-01-14 12:00:00,572.32
2025-01-14 13:00:00,540.53
2025-01-14 14:00:00,488.75
2025-01-14 15:00:00,363.81
2025-01-14 16:00:00,145.42
2025-01-14 17:00:00,0.83
2025-01-14 18:00:00,0.0
2025-01-14 19:00:00,0.0
2025-01-14 20:00:00,0.0
2025-01-14 21:00:00,0.0
2025-01-14 22:00:00,0.0
2025-01-14 23:00:00,0.0
2025-01-15 00:00:00,0.0
2025-01-15 01:00:00,0.0
2025-01-15 02:00:00,0.0
2025-01-15 03:00:00,0.0
2025-01-15 04:00:00,0.0
2025-01-15 05:00:00,0.0
2025-01-15 06:00:00,0.0
2025-01-15 07:00:00,209.69
2025-01-15 08:00:00,496.2
2025-01-15 09:00:00,653.87
2025-01-15 10:00:00,752.04
2025-01-15 11:00:00,760.57
2025-01-15 12:00:00,749.44
2025-01-15 13:00:00,749.25
2025-01-15 14:00:00,642.97
2025-01-15 15:00:00,510.1
2025-01-15 16:00:00,268.08
2025-01-15 17:00:00,4.28
2025-01-15 18:00:00,0.0
2025-01-15 19:00:00,0.0
2025-01-15 20:00:00,0.0
2025-01-15 21:00:00,0.0
2025-01-15 22:00:00,0.0
2025-01-15 23:00:00,0.0
2025-01-16 00:00:00,0.0
2025-01-16 01:00:00,0.0
2025-01-16 02:00:00,0.0
2025-01-16 03:00:00,0.0
2025-01-16 04:00:00,0.0
2025-01-16 05:00:00,0.0
2025-01-16 06:00:00,0.0
2025-01-16 07:00:00,262.18
2025-01-16 08:00:00,570.61
2025-01-16 09:00:00,740.63
2025-01-16 10:00:00,807.43
2025-01-16 11:00:00,807.45
2025-01-16 12:00:00,794.78
2025-01-16 13:00:00,799.53
2025-01-16 14:00:00,715.14
2025-01-16 15:00:00,593.37
2025-01-16 16:00:00,322.66
2025-01-16 17:00:00,6.42
2025-01-16 18:00:00,0.0
2025-01-16 19:00:00,0.0
2025-01-16 20:00:00,0.0
2025-01-16 21:00:00,0.0
2025-01-16 22:00:00,0.0
2025-01-16 23:00:00,0.0
2025-01-17 00:00:00,0.0
2025-01-17 01:00:00,0.0
2025-01-17 02:00:00,0.0
2025-01-17 03:00:00,0.0
2025-01-17 04:00:00,0.0
2025-01-17 05:00:00,0.0
2025-01-17 06:00:00,0.0
2025-01-17 07:00:00,120.23
2025-01-17 08:00:00,250.49
2025-01-17 09:00:00,330.67
2025-01-17 10:00:00,472.87
2025-01-17 11:00:00,476.88
2025-01-17 12:00:00,465.83
2025-01-17 13:00:00,344.37
2025-01-17 14:00:00,344.38
2025-01-17 15:00:00,204.82
2025-01-17 16:00:00,64.74
2025-01-17 17:00:00,0.0
2025-01-17 18:00:00,0.0
2025-01-17 19:00:00,0.0
2025-01-17 20:00:00,0.0
2025-01-17 21:00:00,0.0
2025-01-17 22:00:00,0.0
2025-01-17 23:00:00,0.0
2025-01-18 00:00:00,0.0
2025-01-18 01:00:00,0.0
2025-01-18 02:00:00,0.0
2025-01-18 03:00:00,0.0
2025-01-18 04:00:00,0.0
2025-01-18 05:00:00,0.0
2025-01-18 06:00:00,0.0
2025-01-18 07:00:00,122.89
2025-01-18 08:00:00,342.4
2025-01-18 09:00:00,478.75
2025-01-18 10:00:00,640.44
2025-01-18 11:00:00,713.59
2025-01-18 12:00:00,672.61
2025-01-18 13:00:00,623.32
2025-01-18 14:00:00,586.72
2025-01-18 15:00:00,460.68
2025-01-18 16:00:00,230.96
2025-01-18 17:00:00,2.65
2025-01-18 18:00:00,0.0
2025-01-18 19:00:00,0.0
2025-01-18 20:00:00,0.0
2025-01-18 21:00:00,0.0
2025-01-18 22:00:00,0.0
2025-01-18 23:00:00,0.0
2025-01-19 00:00:00,0.0
2025-01-19 01:00:00,0.0
2025-01-19 02:00:00,0.0
2025-01-19 03:00:00,0.0
2025-01-19 04:00:00,0.0
2025-01-19 05:00:00,0.0
2025-01-19 06:00:00,0.0
2025-01-19 07:00:00,230.61
2025-01-19 08:00:00,507.14
2025-01-19 09:00:00,671.87
2025-01-19 10:00:00,771.78
2025-01-19 11:00:00,652.03
2025-01-19 12:00:00,638.38
2025-01-19 13:00:00,602.31
2025-01-19 14:00:00,508.61
2025-01-19 15:00:00,381.75
2025-01-19 16:00:00,176.07
2025-01-19 17:00:00,1.12
2025-01-19 18:00:00,0.0
2025-01-19 19:00:00,0.0
2025-01-19 20:00:00,0.0
2025-01-19 21:00:00,0.0
2025-01-19 22:00:00,0.0
2025-01-19 23:00:00,0.0
2025-01-20 00:00:00,0.0
2025-01-20 01:00:00,0.0
2025-01-20 02:00:00,0.0
2025-01-20 03:00:00,0.0
2025-01-20 04:00:00,0.0
2025-01-20 05:00:00,0.0
2025-01-20 06:00:00,0.0
2025-01-20 07:00:00,141.67
2025-01-20 08:00:00,405.93
2025-01-20 09:00:00,582.78
2025-01-20 10:00:00,667.04
2025-01-20 11:00:00,584.23
2025-01-20 12:00:00,585.06
2025-01-20 13:00:00,571.35
2025-01-20 14:00:00,458.38
2025-01-20 15:00:00,324.38
2025-01-20 16:00:00,129.77
2025-01-20 17:00:00,0.59
2025-01-20 18:00:00,0.0
2025-01-20 19:00:00,0.0
2025-01-20 20:00:00,0.0
2025-01-20 21:00:00,0.0
2025-01-20 22:00:00,0.0
2025-01-20 23:00:00,0.0
2025-01-21 00:00:00,0.0
2025-01-21 01:00:00,0.0
2025-01-21 02:00:00,0.0
2025-01-21 03:00:00,0.0
2025-01-21 04:00:00,0.0
2025-01-21 05:00:00,0.0
2025-01-21 06:00:00,0.0
2025-01-21 07:00:00,85.97
2025-01-21 08:00:00,253.82
2025-01-21 09:00:00,326.16
2025-01-21 10:00:00,506.66
2025-01-21 11:00:00,526.76
2025-01-21 12:00:00,487.79
2025-01-21 13:00:00,487.42
2025-01-21 14:00:00,371.45
2025-01-21 15:00:00,263.7
2025-01-21 16:00:00,93.27
2025-01-21 17:00:00,0.6
2025-01-21 18:00:00,0.0
2025-01-21 19:00:00,0.0
2025-01-21 20:00:00,0.0
2025-01-21 21:00:00,0.0
2025-01-21 22:00:00,0.0
2025-01-21 23:00:00,0.0
2025-01-22 00:00:00,0.0
2025-01-22 01:00:00,0.0
2025-01-22 02:00:00,0.0
2025-01-22 03:00:00,0.0
2025-01-22 04:00:00,0.0
2025-01-22 05:00:00,0.0
2025-01-22 06:00:00,0.0
2025-01-22 07:00:00,51.1
2025-01-22 08:00:00,209.59
2025-01-22 09:00:00,328.88
2025-01-22 10:00:00,526.23
2025-01-22 11:00:00,387.64
2025-01-22 12:00:00,350.37
2025-01-22 13:00:00,361.46
2025-01-22 14:00:00,308.98
2025-01-22 15:00:00,210.47
2025-01-22 16:00:00,64.49
2025-01-22 17:00:00,0.0
2025-01-22 18:00:00,0.0
2025-01-22 19:00:00,0.0
2025-01-22 20:00:00,0.0
2025-01-22 21:00:00,0.0
2025-01-22 22:00:00,0.0
2025-01-22 23:00:00,0.0
2025-01-23 00:00:00,0.0
2025-01-23 01:00:00,0.0
2025-01-23 02:00:00,0.0
2025-01-23 03:00:00,0.0
2025-01-23 04:00:00,0.0
2025-01-23 05:00:00,0.0
2025-01-23 06:00:00,0.0
2025-01-23 07:00:00,44.78
2025-01-23 08:00:00,114.97
2025-01-23 09:00:00,37.47
2025-01-23 10:00:00,51.23
2025-01-23 11:00:00,43.81
2025-01-23 12:00:00,103.48
2025-01-23 13:00:00,196.9
2025-01-23 14:00:00,143.62
2025-01-23 15:00:00,120.86
2025-01-23 16:00:00,39.3
2025-01-23 17:00:00,0.0
2025-01-23 18:00:00,0.0
2025-01-23 19:00:00,0.0
2025-01-23 20:00:00,0.0
2025-01-23 21:00:00,0.0
2025-01-23 22:00:00,0.0
2025-01-23 23:00:00,0.0
2025-01-24 00:00:00,0.0
2025-01-24 01:00:00,0.0
2025-01-24 02:00:00,0.0
2025-01-24 03:00:00,0.0
2025-01-24 04:00:00,0.0
2025-01-24 05:00:00,0.0
2025-01-24 06:00:00,0.0
2025-01-24 07:00:00,10.99
2025-01-24 08:00:00,53.47
2025-01-24 09:00:00,86.43
2025-01-24 10:00:00,110.61
2025-01-24 11:00:00,200.62
2025-01-24 12:00:00,123.34
2025-01-24 13:00:00,251.52
2025-01-24 14:00:00,113.16
2025-01-24 15:00:00,72.64
2025-01-24 16:00:00,17.42
2025-01-24 17:00:00,0.0
2025-01-24 18:00:00,0.0
2025-01-24 19:00:00,0.0
2025-01-24 20:00:00,0.0
2025-01-24 21:00:00,0.0
2025-01-24 22:00:00,0.0
2025-01-24 23:00:00,0.0
2025-01-25 00:00:00,0.0
2025-01-25 01:00:00,0.0
2025-01-25 02:00:00,0.0
2025-01-25 03:00:00,0.0
2025-01-25 04:00:00,0.0
2025-01-25 05:00:00,0.0
2025-01-25 06:00:00,0.0
2025-01-25 07:00:00,3.57
2025-01-25 08:00:00,15.59
2025-01-25 09:00:00,40.73
2025-01-25 10:00:00,154.46
2025-01-25 11:00:00,119.57
2025-01-25 12:00:00,136.79
2025-01-25 13:00:00,248.77
2025-01-25 14:00:00,152.92
2025-01-25 15:00:00,78.42
2025-01-25 16:00:00,25.22
2025-01-25 17:00:00,0.0
2025-01-25 18:00:00,0.0
2025-01-25 19:00:00,0.0
2025-01-25 20:00:00,0.0
2025-01-25 21:00:00,0.0
2025-01-25 22:00:00,0.0
2025-01-25 23:00:00,0.0
2025-01-26 00:00:00,0.0
2025-01-26 01:00:00,0.0
2025-01-26 02:00:00,0.0
2025-01-26 03:00:00,0.0
2025-01-26 04:00:00,0.0
2025-01-26 05:00:00,0.0
2025-01-26 06:00:00,0.0
2025-01-26 07:00:00,45.71
2025-01-26 08:00:00,217.49
2025-01-26 09:00:00,370.47
2025-01-26 10:00:00,539.01
2025-01-26 11:00:00,466.21
2025-01-26 12:00:00,496.39
2025-01-26 13:00:00,447.03
2025-01-26 14:00:00,401.61
2025-01-26 15:00:00,317.95
2025-01-26 16:00:00,147.15
2025-01-26 17:00:00,1.52
2025-01-26 18:00:00,0.0
2025-01-26 19:00:00,0.0
2025-01-26 20:00:00,0.0
2025-01-26 21:00:00,0.0
2025-01-26 22:00:00,0.0
2025-01-26 23:00:00,0.0
2025-01-27 00:00:00,0.0
2025-01-27 01:00:00,0.0
2025-01-27 02:00:00,0.0
2025-01-27 03:00:00,0.0
2025-01-27 04:00:00,0.0
2025-01-27 05:00:00,0.0
2025-01-27 06:00:00,0.0
2025-01-27 07:00:00,102.28
2025-01-27 08:00:00,281.22
2025-01-27 09:00:00,407.63
2025-01-27 10:00:00,521.57
2025-01-27 11:00:00,434.37
2025-01-27 12:00:00,417.51
2025-01-27 13:00:00,388.79
2025-01-27 14:00:00,341.43
2025-01-27 15:00:00,245.83
2025-01-27 16:00:00,98.19
2025-01-27 17:00:00,0.48
2025-01-27 18:00:00,0.0
2025-01-27 19:00:00,0.0
2025-01-27 20:00:00,0.0
2025-01-27 21:00:00,0.0
2025-01-27 22:00:00,0.0
2025-01-27 23:00:00,0.0
2025-01-28 00:00:00,0.0
2025-01-28 01:00:00,0.0
2025-01-28 02:00:00,0.0
2025-01-28 03:00:00,0.0
2025-01-28 04:00:00,0.0
2025-01-28 05:00:00,0.0
2025-01-28 06:00:00,0.0
2025-01-28 07:00:00,55.66
2025-01-28 08:00:00,173.8
2025-01-28 09:00:00,198.52
2025-01-28 10:00:00,292.17
2025-01-28 11:00:00,220.09
2025-01-28 12:00:00,202.79
2025-01-28 13:00:00,238.55
2025-01-28 14:00:00,174.71
2025-01-28 15:00:00,97.58
2025-01-28 16:00:00,24.71
2025-01-28 17:00:00,0.0
2025-01-28 18:00:00,0.0
2025-01-28 19:00:00,0.0
2025-01-28 20:00:00,0.0
2025-01-28 21:00:00,0.0
2025-01-28 22:00:00,0.0
2025-01-28 23:00:00,0.0
2025-01-29 00:00:00,0.0
2025-01-29 01:00:00,0.0
2025-01-29 02:00:00,0.0
2025-01-29 03:00:00,0.0
2025-01-29 04:00:00,0.0
2025-01-29 05:00:00,0.0
2025-01-29 06:00:00,0.0
2025-01-29 07:00:00,33.9
2025-01-29 08:00:00,114.61
2025-01-29 09:00:00,194.54
2025-01-29 10:00:00,201.64
2025-01-29 11:00:00,134.21
2025-01-29 12:00:00,177.3
2025-01-29 13:00:00,134.07
2025-01-29 14:00:00,117.69
2025-01-29 15:00:00,66.93
2025-01-29 16:00:00,18.91
2025-01-29 17:00:00,0.0
2025-01-29 18:00:00,0.0
2025-01-29 19:00:00,0.0
2025-01-29 20:00:00,0.0
2025-01-29 21:00:00,0.0
2025-01-29 22:00:00,0.0
2025-01-29 23:00:00,0.0
2025-01-30 00:00:00,0.0
2025-01-30 01:00:00,0.0
2025-01-30 02:00:00,0.0
2025-01-30 03:00:00,0.0
2025-01-30 04:00:00,0.0
2025-01-30 05:00:00,0.0
2025-01-30 06:00:00,0.0
2025-01-30 07:00:00,15.78
2025-01-30 08:00:00,60.27
2025-01-30 09:00:00,87.44
2025-01-30 10:00:00,110.74
2025-01-30 11:00:00,56.44
2025-01-30 12:00:00,50.52
2025-01-30 13:00:00,108.42
2025-01-30 14:00:00,47.55
2025-01-30 15:00:00,32.34
2025-01-30 16:00:00,6.8
2025-01-30 17:00:00,0.0
2025-01-30 18:00:00,0.0
2025-01-30 19:00:00,0.0
2025-01-30 20:00:00,0.0
2025-01-30 21:00:00,0.0
2025-01-30 22:00:00,0.0
2025-01-30 23:00:00,0.0
2025-01-31 00:00:00,0.0
2025-01-31 01:00:00,0.0
2025-01-31 02:00:00,0.0
2025-01-31 03:00:00,0.0
2025-01-31 04:00:00,0.0
2025-01-31 05:00:00,0.0
2025-01-31 06:00:00,0.0
2025-01-31 07:00:00,20.53
2025-01-31 08:00:00,81.97
2025-01-31 09:00:00,68.17
2025-01-31 10:00:00,125.81
2025-01-31 11:00:00,151.15
2025-01-31 12:00:00,137.93
2025-01-31 13:00:00,142.81
2025-01-31 14:00:00,96.25
2025-01-31 15:00:00,62.12
2025-01-31 16:00:00,16.73
2025-01-31 17:00:00,0.0
2025-01-31 18:00:00,0.0
2025-01-31 19:00:00,0.0
2025-01-31 20:00:00,0.0
2025-01-31 21:00:00,0.0
2025-01-31 22:00:00,0.0
2025-01-31 23:00:00,0.0
2025-02-01 00:00:00,0.0
2025-02-01 01:00:00,0.0
2025-02-01 02:00:00,0.0
2025-02-01 03:00:00,0.0
2025-02-01 04:00:00,0.0
2025-02-01 05:00:00,0.0
2025-02-01 06:00:00,0.0
2025-02-01 07:00:00,27.78
2025-02-01 08:00:00,112.41
2025-02-01 09:00:00,164.19
2025-02-01 10:00:00,241.53
2025-02-01 11:00:00,257.64
2025-02-01 12:00:00,303.74
2025-02-01 13:00:00,262.18
2025-02-01 14:00:00,196.72
2025-02-01 15:00:00,144.18
2025-02-01 16:00:00,49.07
2025-02-01 17:00:00,0.5
2025-02-01 18:00:00,0.0
2025-02-01 19:00:00,0.0
2025-02-01 20:00:00,0.0
2025-02-01 21:00:00,0.0
2025-02-01 22:00:00,0.0
2025-02-01 23:00:00,0.0
2025-02-02 00:00:00,0.0
2025-02-02 01:00:00,0.0
2025-02-02 02:00:00,0.0
2025-02-02 03:00:00,0.0
2025-02-02 04:00:00,0.0
2025-02-02 05:00:00,0.0
2025-02-02 06:00:00,0.0
2025-02-02 07:00:00,21.8
2025-02-02 08:00:00,97.88
2025-02-02 09:00:00,185.73
2025-02-02 10:00:00,255.82
2025-02-02 11:00:00,268.11
2025-02-02 12:00:00,293.21
2025-02-02 13:00:00,250.76
2025-02-02 14:00:00,184.94
2025-02-02 15:00:00,114.54
2025-02-02 16:00:00,31.63
2025-02-02 17:00:00,0.0
2025-02-02 18:00:00,0.0
2025-02-02 19:00:00,0.0
2025-02-02 20:00:00,0.0
2025-02-02 21:00:00,0.0
2025-02-02 22:00:00,0.0
2025-02-02 23:00:00,0.0
2025-02-03 00:00:00,0.0
2025-02-03 01:00:00,0.0
2025-02-03 02:00:00,0.0
2025-02-03 03:00:00,0.0
2025-02-03 04:00:00,0.0
2025-02-03 05:00:00,0.0
2025-02-03 06:00:00,0.0
2025-02-03 07:00:00,2.97
2025-02-03 08:00:00,20.05
2025-02-03 09:00:00,49.52
2025-02-03 10:00:00,109.46
2025-02-03 11:00:00,96.61
2025-02-03 12:00:00,126.23
2025-02-03 13:00:00,145.0
2025-02-03 14:00:00,91.94
2025-02-03 15:00:00,56.78
2025-02-03 16:00:00,17.78
2025-02-03 17:00:00,0.0
2025-02-03 18:00:00,0.0
2025-02-03 19:00:00,0.0
2025-02-03 20:00:00,0.0
2025-02-03 21:00:00,0.0
2025-02-03 22:00:00,0.0
2025-02-03 23:00:00,0.0
2025-02-04 00:00:00,0.0
2025-02-04 01:00:00,0.0
2025-02-04 02:00:00,0.0
2025-02-04 03:00:00,0.0
2025-02-04 04:00:00,0.0
2025-02-04 05:00:00,0.0
2025-02-04 06:00:00,0.0
2025-02-04 07:00:00,24.21
2025-02-04 08:00:00,132.2
2025-02-04 09:00:00,259.07
2025-02-04 10:00:00,388.48
2025-02-04 11:00:00,413.73
2025-02-04 12:00:00,424.79
2025-02-04 13:00:00,428.99
2025-02-04 14:00:00,357.06
2025-02-04 15:00:00,257.19
2025-02-04 16:00:00,113.94
2025-02-04 17:00:00,1.42
2025-02-04 18:00:00,0.0
2025-02-04 19:00:00,0.0
2025-02-04 20:00:00,0.0
2025-02-04 21:00:00,0.0
2025-02-04 22:00:00,0.0
2025-02-04 23:00:00,0.0
2025-02-05 00:00:00,0.0
2025-02-05 01:00:00,0.0
2025-02-05 02:00:00,0.0
2025-02-05 03:00:00,0.0
2025-02-05 04:00:00,0.0
2025-02-05 05:00:00,0.0
2025-02-05 06:00:00,0.0
2025-02-05 07:00:00,61.52
2025-02-05 08:00:00,225.46
2025-02-05 09:00:00,370.05
2025-02-05 10:00:00,474.56
2025-02-05 11:00:00,352.7
2025-02-05 12:00:00,349.4
2025-02-05 13:00:00,338.56
2025-02-05 14:00:00,232.05
2025-02-05 15:00:00,171.05
2025-02-05 16:00:00,60.46
2025-02-05 17:00:00,0.41
2025-02-05 18:00:00,0.0
2025-02-05 19:00:00,0.0
2025-02-05 20:00:00,0.0
2025-02-05 21:00:00,0.0
2025-02-05 22:00:00,0.0
2025-02-05 23:00:00,0.0
2025-02-06 00:00:00,0.0
2025-02-06 01:00:00,0.0
2025-02-06 02:00:00,0.0
2025-02-06 03:00:00,0.0
2025-02-06 04:00:00,0.0
2025-02-06 05:00:00,0.0
2025-02-06 06:00:00,0.0
2025-02-06 07:00:00,12.89
2025-02-06 08:00:00,36.35
2025-02-06 09:00:00,35.97
2025-02-06 10:00:00,80.94
2025-02-06 11:00:00,55.84
2025-02-06 12:00:00,167.82
2025-02-06 13:00:00,106.88
2025-02-06 14:00:00,102.49
2025-02-06 15:00:00,72.5
2025-02-06 16:00:00,21.73
2025-02-06 17:00:00,0.0
2025-02-06 18:00:00,0.0
2025-02-06 19:00:00,0.0
2025-02-06 20:00:00,0.0
2025-02-06 21:00:00,0.0
2025-02-06 22:00:00,0.0
2025-02-06 23:00:00,0.0
2025-02-07 00:00:00,0.0
2025-02-07 01:00:00,0.0
2025-02-07 02:00:00,0.0
2025-02-07 03:00:00,0.0
2025-02-07 04:00:00,0.0
2025-02-07 05:00:00,0.0
2025-02-07 06:00:00,0.0
2025-02-07 07:00:00,62.98
2025-02-07 08:00:00,199.64
2025-02-07 09:00:00,320.28
2025-02-07 10:00:00,433.55
2025-02-07 11:00:00,375.42
2025-02-07 12:00:00,425.34
2025-02-07 13:00:00,392.84
2025-02-07 14:00:00,382.56
2025-02-07 15:00:00,302.21
2025-02-07 16:00:00,169.82
2025-02-07 17:00:00,5.28
2025-02-07 18:00:00,0.0
2025-02-07 19:00:00,0.0
2025-02-07 20:00:00,0.0
2025-02-07 21:00:00,0.0
2025-02-07 22:00:00,0.0
2025-02-07 23:00:00,0.0
2025-02-08 00:00:00,0.0
2025-02-08 01:00:00,0.0
2025-02-08 02:00:00,0.0
2025-02-08 03:00:00,0.0
2025-02-08 04:00:00,0.0
2025-02-08 05:00:00,0.0
2025-02-08 06:00:00,0.68
2025-02-08 07:00:00,184.21
2025-02-08 08:00:00,434.1
2025-02-08 09:00:00,579.2
2025-02-08 10:00:00,648.97
2025-02-08 11:00:00,566.09
2025-02-08 12:00:00,537.22
2025-02-08 13:00:00,520.93
2025-02-08 14:00:00,420.26
2025-02-08 15:00:00,310.66
2025-02-08 16:00:00,165.99
2025-02-08 17:00:00,5.49
2025-02-08 18:00:00,0.0
2025-02-08 19:00:00,0.0
2025-02-08 20:00:00,0.0
2025-02-08 21:00:00,0.0
2025-02-08 22:00:00,0.0
2025-02-08 23:00:00,0.0
2025-02-09 00:00:00,0.0
2025-02-09 01:00:00,0.0
2025-02-09 02:00:00,0.0
2025-02-09 03:00:00,0.0
2025-02-09 04:00:00,0.0
2025-02-09 05:00:00,0.0
2025-02-09 06:00:00,0.59
2025-02-09 07:00:00,150.68
2025-02-09 08:00:00,391.98
2025-02-09 09:00:00,542.84
2025-02-09 10:00:00,634.78
2025-02-09 11:00:00,681.26
2025-02-09 12:00:00,685.36
2025-02-09 13:00:00,668.02
2025-02-09 14:00:00,523.25
2025-02-09 15:00:00,436.91
2025-02-09 16:00:00,241.5
2025-02-09 17:00:00,9.34
2025-02-09 18:00:00,0.0
2025-02-09 19:00:00,0.0
2025-02-09 20:00:00,0.0
2025-02-09 21:00:00,0.0
2025-02-09 22:00:00,0.0
2025-02-09 23:00:00,0.0
2025-02-10 00:00:00,0.0
2025-02-10 01:00:00,0.0
2025-02-10 02:00:00,0.0
2025-02-10 03:00:00,0.0
2025-02-10 04:00:00,0.0
2025-02-10 05:00:00,0.0
2025-02-10 06:00:00,0.0
2025-02-10 07:00:00,98.74
2025-02-10 08:00:00,277.19
2025-02-10 09:00:00,397.11
2025-02-10 10:00:00,448.37
2025-02-10 11:00:00,376.98
2025-02-10 12:00:00,364.3
2025-02-10 13:00:00,352.68
2025-02-10 14:00:00,269.67
2025-02-10 15:00:00,158.51
2025-02-10 16:00:00,53.42
2025-02-10 17:00:00,0.44
2025-02-10 18:00:00,0.0
2025-02-10 19:00:00,0.0
2025-02-10 20:00:00,0.0
2025-02-10 21:00:00,0.0
2025-02-10 22:00:00,0.0
2025-02-10 23:00:00,0.0
2025-02-11 00:00:00,0.0
2025-02-11 01:00:00,0.0
2025-02-11 02:00:00,0.0
2025-02-11 03:00:00,0.0
2025-02-11 04:00:00,0.0
2025-02-11 05:00:00,0.0
2025-02-11 06:00:00,0.0
2025-02-11 07:00:00,32.96
2025-02-11 08:00:00,131.79
2025-02-11 09:00:00,130.82
2025-02-11 10:00:00,207.51
2025-02-11 11:00:00,175.08
2025-02-11 12:00:00,235.39
2025-02-11 13:00:00,149.03
2025-02-11 14:00:00,75.85
2025-02-11 15:00:00,74.73
2025-02-11 16:00:00,19.87
2025-02-11 17:00:00,0.0
2025-02-11 18:00:00,0.0
2025-02-11 19:00:00,0.0
2025-02-11 20:00:00,0.0
2025-02-11 21:00:00,0.0
2025-02-11 22:00:00,0.0
2025-02-11 23:00:00,0.0
2025-02-12 00:00:00,0.0
2025-02-12 01:00:00,0.0
2025-02-12 02:00:00,0.0
2025-02-12 03:00:00,0.0
2025-02-12 04:00:00,0.0
2025-02-12 05:00:00,0.0
2025-02-12 06:00:00,0.0
2025-02-12 07:00:00,40.28
2025-02-12 08:00:00,137.4
2025-02-12 09:00:00,32.55
2025-02-12 10:00:00,65.41
2025-02-12 11:00:00,75.83
2025-02-12 12:00:00,275.1
2025-02-12 13:00:00,271.19
2025-02-12 14:00:00,241.81
2025-02-12 15:00:00,168.33
2025-02-12 16:00:00,64.92
2025-02-12 17:00:00,0.82
2025-02-12 18:00:00,0.0
2025-02-12 19:00:00,0.0
2025-02-12 20:00:00,0.0
2025-02-12 21:00:00,0.0
2025-02-12 22:00:00,0.0
2025-02-12 23:00:00,0.0
2025-02-13 00:00:00,0.0
2025-02-13 01:00:00,0.0
2025-02-13 02:00:00,0.0
2025-02-13 03:00:00,0.0
2025-02-13 04:00:00,0.0
2025-02-13 05:00:00,0.0
2025-02-13 06:00:00,0.58
2025-02-13 07:00:00,81.5
2025-02-13 08:00:00,198.77
2025-02-13 09:00:00,303.02
2025-02-13 10:00:00,356.95
2025-02-13 11:00:00,342.43
2025-02-13 12:00:00,299.83
2025-02-13 13:00:00,229.89
2025-02-13 14:00:00,155.7
2025-02-13 15:00:00,124.8
2025-02-13 16:00:00,43.88
2025-02-13 17:00:00,1.19
2025-02-13 18:00:00,0.0
2025-02-13 19:00:00,0.0
2025-02-13 20:00:00,0.0
2025-02-13 21:00:00,0.0
2025-02-13 22:00:00,0.0
2025-02-13 23:00:00,0.0
2025-02-14 00:00:00,0.0
2025-02-14 01:00:00,0.0
2025-02-14 02:00:00,0.0
2025-02-14 03:00:00,0.0
2025-02-14 04:00:00,0.0
2025-02-14 05:00:00,0.0
2025-02-14 06:00:00,0.53
2025-02-14 07:00:00,88.57
2025-02-14 08:00:00,229.65
2025-02-14 09:00:00,352.85
2025-02-14 10:00:00,339.4
2025-02-14 11:00:00,260.9
2025-02-14 12:00:00,251.62
2025-02-14 13:00:00,423.22
2025-02-14 14:00:00,298.6
2025-02-14 15:00:00,210.78
2025-02-14 16:00:00,98.55
2025-02-14 17:00:00,3.96
2025-02-14 18:00:00,0.0
2025-02-14 19:00:00,0.0
2025-02-14 20:00:00,0.0
2025-02-14 21:00:00,0.0
2025-02-14 22:00:00,0.0
2025-02-14 23:00:00,0.0
2025-02-15 00:00:00,0.0
2025-02-15 01:00:00,0.0
2025-02-15 02:00:00,0.0
2025-02-15 03:00:00,0.0
2025-02-15 04:00:00,0.0
2025-02-15 05:00:00,0.0
2025-02-15 06:00:00,0.7
2025-02-15 07:00:00,90.63
2025-02-15 08:00:00,216.49
2025-02-15 09:00:00,275.35
2025-02-15 10:00:00,235.86
2025-02-15 11:00:00,363.42
2025-02-15 12:00:00,423.58
2025-02-15 13:00:00,528.84
2025-02-15 14:00:00,271.4
2025-02-15 15:00:00,226.02
2025-02-15 16:00:00,110.15
2025-02-15 17:00:00,2.99
2025-02-15 18:00:00,0.0
2025-02-15 19:00:00,0.0
2025-02-15 20:00:00,0.0
2025-02-15 21:00:00,0.0
2025-02-15 22:00:00,0.0
2025-02-15 23:00:00,0.0
2025-02-16 00:00:00,0.0
2025-02-16 01:00:00,0.0
2025-02-16 02:00:00,0.0
2025-02-16 03:00:00,0.0
2025-02-16 04:00:00,0.0
2025-02-16 05:00:00,0.0
2025-02-16 06:00:00,0.92
2025-02-16 07:00:00,68.5
2025-02-16 08:00:00,164.21
2025-02-16 09:00:00,229.19
2025-02-16 10:00:00,386.91
2025-02-16 11:00:00,359.76
2025-02-16 12:00:00,338.21
2025-02-16 13:00:00,424.26
2025-02-16 14:00:00,170.91
2025-02-16 15:00:00,157.22
2025-02-16 16:00:00,57.97
2025-02-16 17:00:00,1.5
2025-02-16 18:00:00,0.0
2025-02-16 19:00:00,0.0
2025-02-16 20:00:00,0.0
2025-02-16 21:00:00,0.0
2025-02-16 22:00:00,0.0
2025-02-16 23:00:00,0.0
2025-02-17 00:00:00,0.0
2025-02-17 01:00:00,0.0
2025-02-17 02:00:00,0.0
2025-02-17 03:00:00,0.0
2025-02-17 04:00:00,0.0
2025-02-17 05:00:00,0.0
2025-02-17 06:00:00,0.51
2025-02-17 07:00:00,141.61
2025-02-17 08:00:00,327.8
2025-02-17 09:00:00,444.12
2025-02-17 10:00:00,567.95
2025-02-17 11:00:00,478.07
2025-02-17 12:00:00,502.83
2025-02-17 13:00:00,453.41
2025-02-17 14:00:00,385.93
2025-02-17 15:00:00,265.22
2025-02-17 16:00:00,125.42
2025-02-17 17:00:00,2.79
2025-02-17 18:00:00,0.0
2025-02-17 19:00:00,0.0
2025-02-17 20:00:00,0.0
2025-02-17 21:00:00,0.0
2025-02-17 22:00:00,0.0
2025-02-17 23:00:00,0.0
2025-02-18 00:00:00,0.0
2025-02-18 01:00:00,0.0
2025-02-18 02:00:00,0.0
2025-02-18 03:00:00,0.0
2025-02-18 04:00:00,0.0
2025-02-18 05:00:00,0.0
2025-02-18 06:00:00,0.46
2025-02-18 07:00:00,114.22
2025-02-18 08:00:00,294.24
2025-02-18 09:00:00,411.52
2025-02-18 10:00:00,505.47
2025-02-18 11:00:00,364.73
2025-02-18 12:00:00,310.77
2025-02-18 13:00:00,299.28
2025-02-18 14:00:00,256.73
2025-02-18 15:00:00,212.61
2025-02-18 16:00:00,92.87
2025-02-18 17:00:00,1.85
2025-02-18 18:00:00,0.0
2025-02-18 19:00:00,0.0
2025-02-18 20:00:00,0.0
2025-02-18 21:00:00,0.0
2025-02-18 22:00:00,0.0
2025-02-18 23:00:00,0.0
2025-02-19 00:00:00,0.0
2025-02-19 01:00:00,0.0
2025-02-19 02:00:00,0.0
2025-02-19 03:00:00,0.0
2025-02-19 04:00:00,0.0
2025-02-19 05:00:00,0.0
2025-02-19 06:00:00,0.42
2025-02-19 07:00:00,97.12
2025-02-19 08:00:00,266.0
2025-02-19 09:00:00,375.9
2025-02-19 10:00:00,424.78
2025-02-19 11:00:00,372.96
2025-02-19 12:00:00,383.13
2025-02-19 13:00:00,430.58
2025-02-19 14:00:00,317.38
2025-02-19 15:00:00,231.96
2025-02-19 16:00:00,104.18
2025-02-19 17:00:00,2.85
2025-02-19 18:00:00,0.0
2025-02-19 19:00:00,0.0
2025-02-19 20:00:00,0.0
2025-02-19 21:00:00,0.0
2025-02-19 22:00:00,0.0
2025-02-19 23:00:00,0.0
2025-02-20 00:00:00,0.0
2025-02-20 01:00:00,0.0
2025-02-20 02:00:00,0.0
2025-02-20 03:00:00,0.0
2025-02-20 04:00:00,0.0
2025-02-20 05:00:00,0.0
2025-02-20 06:00:00,0.48
2025-02-20 07:00:00,104.68
2025-02-20 08:00:00,261.68
2025-02-20 09:00:00,365.16
2025-02-20 10:00:00,526.61
2025-02-20 11:00:00,606.97
2025-02-20 12:00:00,568.87
2025-02-20 13:00:00,561.45
2025-02-20 14:00:00,506.3
2025-02-20 15:00:00,359.48
2025-02-20 16:00:00,196.46
2025-02-20 17:00:00,7.14
2025-02-20 18:00:00,0.0
2025-02-20 19:00:00,0.0
2025-02-20 20:00:00,0.0
2025-02-20 21:00:00,0.0
2025-02-20 22:00:00,0.0
2025-02-20 23:00:00,0.0
2025-02-21 00:00:00,0.0
2025-02-21 01:00:00,0.0
2025-02-21 02:00:00,0.0
2025-02-21 03:00:00,0.0
2025-02-21 04:00:00,0.0
2025-02-21 05:00:00,0.0
2025-02-21 06:00:00,0.0
2025-02-21 07:00:00,69.37
2025-02-21 08:00:00,214.85
2025-02-21 09:00:00,399.78
2025-02-21 10:00:00,402.86
2025-02-21 11:00:00,590.82
2025-02-21 12:00:00,578.32
2025-02-21 13:00:00,557.08
2025-02-21 14:00:00,490.73
2025-02-21 15:00:00,334.36
2025-02-21 16:00:00,172.98
2025-02-21 17:00:00,7.7
2025-02-21 18:00:00,0.0
2025-02-21 19:00:00,0.0
2025-02-21 20:00:00,0.0
2025-02-21 21:00:00,0.0
2025-02-21 22:00:00,0.0
2025-02-21 23:00:00,0.0
2025-02-22 00:00:00,0.0
2025-02-22 01:00:00,0.0
2025-02-22 02:00:00,0.0
2025-02-22 03:00:00,0.0
2025-02-22 04:00:00,0.0
2025-02-22 05:00:00,0.0
2025-02-22 06:00:00,0.0
2025-02-22 07:00:00,46.9
2025-02-22 08:00:00,133.06
2025-02-22 09:00:00,131.01
2025-02-22 10:00:00,225.55
2025-02-22 11:00:00,232.15
2025-02-22 12:00:00,315.45
2025-02-22 13:00:00,148.45
2025-02-22 14:00:00,152.56
2025-02-22 15:00:00,114.81
2025-02-22 16:00:00,54.77
2025-02-22 17:00:00,1.58
2025-02-22 18:00:00,0.0
2025-02-22 19:00:00,0.0
2025-02-22 20:00:00,0.0
2025-02-22 21:00:00,0.0
2025-02-22 22:00:00,0.0
2025-02-22 23:00:00,0.0
2025-02-23 00:00:00,0.0
2025-02-23 01:00:00,0.0
2025-02-23 02:00:00,0.0
2025-02-23 03:00:00,0.0
2025-02-23 04:00:00,0.0
2025-02-23 05:00:00,0.0
2025-02-23 06:00:00,0.0
2025-02-23 07:00:00,53.77
2025-02-23 08:00:00,176.64
2025-02-23 09:00:00,280.9
2025-02-23 10:00:00,212.77
2025-02-23 11:00:00,47.29
2025-02-23 12:00:00,57.82
2025-02-23 13:00:00,0.0
2025-02-23 14:00:00,0.58
2025-02-23 15:00:00,47.0
2025-02-23 16:00:00,44.17
2025-02-23 17:00:00,1.62
2025-02-23 18:00:00,0.0
2025-02-23 19:00:00,0.0
2025-02-23 20:00:00,0.0
2025-02-23 21:00:00,0.0
2025-02-23 22:00:00,0.0
2025-02-23 23:00:00,0.0
2025-02-24 00:00:00,0.0
2025-02-24 01:00:00,0.0
2025-02-24 02:00:00,0.0
2025-02-24 03:00:00,0.0
2025-02-24 04:00:00,0.0
2025-02-24 05:00:00,0.0
2025-02-24 06:00:00,0.74
2025-02-24 07:00:00,119.52
2025-02-24 08:00:00,262.07
2025-02-24 09:00:00,403.46
2025-02-24 10:00:00,566.97
2025-02-24 11:00:00,582.6
2025-02-24 12:00:00,574.2
2025-02-24 13:00:00,591.2
2025-02-24 14:00:00,485.97
2025-02-24 15:00:00,372.89
2025-02-24 16:00:00,245.05
2025-02-24 17:00:00,19.04
2025-02-24 18:00:00,0.0
2025-02-24 19:00:00,0.0
2025-02-24 20:00:00,0.0
2025-02-24 21:00:00,0.0
2025-02-24 22:00:00,0.0
2025-02-24 23:00:00,0.0
2025-02-25 00:00:00,0.0
2025-02-25 01:00:00,0.0
2025-02-25 02:00:00,0.0
2025-02-25 03:00:00,0.0
2025-02-25 04:00:00,0.0
2025-02-25 05:00:00,0.0
2025-02-25 06:00:00,0.92
2025-02-25 07:00:00,123.18
2025-02-25 08:00:00,302.98
2025-02-25 09:00:00,438.1
2025-02-25 10:00:00,469.08
2025-02-25 11:00:00,515.24
2025-02-25 12:00:00,404.13
2025-02-25 13:00:00,396.5
2025-02-25 14:00:00,245.45
2025-02-25 15:00:00,200.97
2025-02-25 16:00:00,104.14
2025-02-25 17:00:00,3.94
2025-02-25 18:00:00,0.0
2025-02-25 19:00:00,0.0
2025-02-25 20:00:00,0.0
2025-02-25 21:00:00,0.0
2025-02-25 22:00:00,0.0
2025-02-25 23:00:00,0.0
2025-02-26 00:00:00,0.0
2025-02-26 01:00:00,0.0
2025-02-26 02:00:00,0.0
2025-02-26 03:00:00,0.0
2025-02-26 04:00:00,0.0
2025-02-26 05:00:00,0.0
2025-02-26 06:00:00,1.55
2025-02-26 07:00:00,162.7
2025-02-26 08:00:00,359.22
2025-02-26 09:00:00,493.28
2025-02-26 10:00:00,561.5
2025-02-26 11:00:00,731.03
2025-02-26 12:00:00,750.18
2025-02-26 13:00:00,732.9
2025-02-26 14:00:00,715.65
2025-02-26 15:00:00,603.79
2025-02-26 16:00:00,421.67
2025-02-26 17:00:00,57.24
2025-02-26 18:00:00,0.0
2025-02-26 19:00:00,0.0
2025-02-26 20:00:00,0.0
2025-02-26 21:00:00,0.0
2025-02-26 22:00:00,0.0
2025-02-26 23:00:00,0.0
2025-02-27 00:00:00,0.0
2025-02-27 01:00:00,0.0
2025-02-27 02:00:00,0.0
2025-02-27 03:00:00,0.0
2025-02-27 04:00:00,0.0
2025-02-27 05:00:00,0.0
2025-02-27 06:00:00,4.72
2025-02-27 07:00:00,297.42
2025-02-27 08:00:00,522.01
2025-02-27 09:00:00,666.82
2025-02-27 10:00:00,663.65
2025-02-27 11:00:00,736.64
2025-02-27 12:00:00,746.31
2025-02-27 13:00:00,643.54
2025-02-27 14:00:00,573.06
2025-02-27 15:00:00,393.08
2025-02-27 16:00:00,191.83
2025-02-27 17:00:00,6.79
2025-02-27 18:00:00,0.0
2025-02-27 19:00:00,0.0
2025-02-27 20:00:00,0.0
2025-02-27 21:00:00,0.0
2025-02-27 22:00:00,0.0
2025-02-27 23:00:00,0.0
2025-02-28 00:00:00,0.0
2025-02-28 01:00:00,0.0
2025-02-28 02:00:00,0.0
2025-02-28 03:00:00,0.0
2025-02-28 04:00:00,0.0
2025-02-28 05:00:00,0.0
2025-02-28 06:00:00,0.78
2025-02-28 07:00:00,71.83
2025-02-28 08:00:00,184.2
2025-02-28 09:00:00,322.2
2025-02-28 10:00:00,411.93
2025-02-28 11:00:00,331.72
2025-02-28 12:00:00,150.67
2025-02-28 13:00:00,44.73
2025-02-28 14:00:00,92.85
2025-02-28 15:00:00,47.88
2025-02-28 16:00:00,13.72
2025-02-28 17:00:00,0.51
2025-02-28 18:00:00,0.0
2025-02-28 19:00:00,0.0
2025-02-28 20:00:00,0.0
2025-02-28 21:00:00,0.0
2025-02-28 22:00:00,0.0
2025-02-28 23:00:00,0.0
2025-03-01 00:00:00,0.0
2025-03-01 01:00:00,0.0
2025-03-01 02:00:00,0.0
2025-03-01 03:00:00,0.0
2025-03-01 04:00:00,0.0
2025-03-01 05:00:00,0.0
2025-03-01 06:00:00,0.44
2025-03-01 07:00:00,48.97
2025-03-01 08:00:00,168.24
2025-03-01 09:00:00,254.03
2025-03-01 10:00:00,285.34
2025-03-01 11:00:00,158.09
2025-03-01 12:00:00,154.15
2025-03-01 13:00:00,148.41
2025-03-01 14:00:00,101.29
2025-03-01 15:00:00,38.21
2025-03-01 16:00:00,18.34
2025-03-01 17:00:00,0.42
2025-03-01 18:00:00,0.0
2025-03-01 19:00:00,0.0
2025-03-01 20:00:00,0.0
2025-03-01 21:00:00,0.0
2025-03-01 22:00:00,0.0
2025-03-01 23:00:00,0.0
2025-03-02 00:00:00,0.0
2025-03-02 01:00:00,0.0
2025-03-02 02:00:00,0.0
2025-03-02 03:00:00,0.0
2025-03-02 04:00:00,0.0
2025-03-02 05:00:00,0.0
2025-03-02 06:00:00,1.16
2025-03-02 07:00:00,106.1
2025-03-02 08:00:00,262.68
2025-03-02 09:00:00,374.57
2025-03-02 10:00:00,444.89
2025-03-02 11:00:00,501.2
2025-03-02 12:00:00,510.57
2025-03-02 13:00:00,505.73
2025-03-02 14:00:00,331.57
2025-03-02 15:00:00,191.02
2025-03-02 16:00:00,125.97
2025-03-02 17:00:00,10.62
2025-03-02 18:00:00,0.0
2025-03-02 19:00:00,0.0
2025-03-02 20:00:00,0.0
2025-03-02 21:00:00,0.0
2025-03-02 22:00:00,0.0
2025-03-02 23:00:00,0.0
2025-03-03 00:00:00,0.0
2025-03-03 01:00:00,0.0
2025-03-03 02:00:00,0.0
2025-03-03 03:00:00,0.0
2025-03-03 04:00:00,0.0
2025-03-03 05:00:00,0.0
2025-03-03 06:00:00,9.94
2025-03-03 07:00:00,267.57
2025-03-03 08:00:00,477.76
2025-03-03 09:00:00,561.31
2025-03-03 10:00:00,588.44
2025-03-03 11:00:00,530.23
2025-03-03 12:00:00,531.2
2025-03-03 13:00:00,543.1
2025-03-03 14:00:00,467.15
2025-03-03 15:00:00,374.39
2025-03-03 16:00:00,227.52
2025-03-03 17:00:00,21.93
2025-03-03 18:00:00,0.0
2025-03-03 19:00:00,0.0
2025-03-03 20:00:00,0.0
2025-03-03 21:00:00,0.0
2025-03-03 22:00:00,0.0
2025-03-03 23:00:00,0.0
2025-03-04 00:00:00,0.0
2025-03-04 01:00:00,0.0
2025-03-04 02:00:00,0.0
2025-03-04 03:00:00,0.0
2025-03-04 04:00:00,0.0
2025-03-04 05:00:00,0.0
2025-03-04 06:00:00,24.6
2025-03-04 07:00:00,299.78
2025-03-04 08:00:00,450.02
2025-03-04 09:00:00,601.49
2025-03-04 10:00:00,661.27
2025-03-04 11:00:00,603.89
2025-03-04 12:00:00,584.53
2025-03-04 13:00:00,607.66
2025-03-04 14:00:00,473.46
2025-03-04 15:00:00,448.69
2025-03-04 16:00:00,283.04
2025-03-04 17:00:00,28.35
2025-03-04 18:00:00,0.0
2025-03-04 19:00:00,0.0
2025-03-04 20:00:00,0.0
2025-03-04 21:00:00,0.0
2025-03-04 22:00:00,0.0
2025-03-04 23:00:00,0.0
2025-03-05 00:00:00,0.0
2025-03-05 01:00:00,0.0
2025-03-05 02:00:00,0.0
2025-03-05 03:00:00,0.0
2025-03-05 04:00:00,0.0
2025-03-05 05:00:00,0.0
2025-03-05 06:00:00,9.16
2025-03-05 07:00:00,205.99
2025-03-05 08:00:00,378.54
2025-03-05 09:00:00,435.05
2025-03-05 10:00:00,563.32
2025-03-05 11:00:00,496.97
2025-03-05 12:00:00,569.46
2025-03-05 13:00:00,469.14
2025-03-05 14:00:00,443.78
2025-03-05 15:00:00,321.94
2025-03-05 16:00:00,178.65
2025-03-05 17:00:00,19.73
2025-03-05 18:00:00,0.0
2025-03-05 19:00:00,0.0
2025-03-05 20:00:00,0.0
2025-03-05 21:00:00,0.0
2025-03-05 22:00:00,0.0
2025-03-05 23:00:00,0.0
2025-03-06 00:00:00,0.0
2025-03-06 01:00:00,0.0
2025-03-06 02:00:00,0.0
2025-03-06 03:00:00,0.0
2025-03-06 04:00:00,0.0
2025-03-06 05:00:00,0.0
2025-03-06 06:00:00,6.97
2025-03-06 07:00:00,214.59
2025-03-06 08:00:00,394.19
2025-03-06 09:00:00,461.54
2025-03-06 10:00:00,510.78
2025-03-06 11:00:00,501.63
2025-03-06 12:00:00,495.27
2025-03-06 13:00:00,430.38
2025-03-06 14:00:00,319.47
2025-03-06 15:00:00,268.4
2025-03-06 16:00:00,130.95
2025-03-06 17:00:00,11.47
2025-03-06 18:00:00,0.0
2025-03-06 19:00:00,0.0
2025-03-06 20:00:00,0.0
2025-03-06 21:00:00,0.0
2025-03-06 22:00:00,0.0
2025-03-06 23:00:00,0.0
2025-03-07 00:00:00,0.0
2025-03-07 01:00:00,0.0
2025-03-07 02:00:00,0.0
2025-03-07 03:00:00,0.0
2025-03-07 04:00:00,0.0
2025-03-07 05:00:00,0.0
2025-03-07 06:00:00,11.23
2025-03-07 07:00:00,252.88
2025-03-07 08:00:00,448.27
2025-03-07 09:00:00,561.26
2025-03-07 10:00:00,659.56
2025-03-07 11:00:00,550.21
2025-03-07 12:00:00,500.46
2025-03-07 13:00:00,503.84
2025-03-07 14:00:00,359.84
2025-03-07 15:00:00,111.26
2025-03-07 16:00:00,42.51
2025-03-07 17:00:00,2.15
2025-03-07 18:00:00,0.0
2025-03-07 19:00:00,0.0
2025-03-07 20:00:00,0.0
2025-03-07 21:00:00,0.0
2025-03-07 22:00:00,0.0
2025-03-07 23:00:00,0.0
2025-03-08 00:00:00,0.0
2025-03-08 01:00:00,0.0
2025-03-08 02:00:00,0.0
2025-03-08 03:00:00,0.0
2025-03-08 04:00:00,0.0
2025-03-08 05:00:00,0.0
2025-03-08 06:00:00,1.46
2025-03-08 07:00:00,53.51
2025-03-08 08:00:00,123.1
2025-03-08 09:00:00,178.7
2025-03-08 10:00:00,192.86
2025-03-08 11:00:00,214.17
2025-03-08 12:00:00,233.08
2025-03-08 13:00:00,287.7
2025-03-08 14:00:00,241.64
2025-03-08 15:00:00,195.04
2025-03-08 16:00:00,95.14
2025-03-08 17:00:00,7.15
2025-03-08 18:00:00,0.0
2025-03-08 19:00:00,0.0
2025-03-08 20:00:00,0.0
2025-03-08 21:00:00,0.0
2025-03-08 22:00:00,0.0
2025-03-08 23:00:00,0.0
2025-03-09 00:00:00,0.0
2025-03-09 01:00:00,0.0
2025-03-09 02:00:00,0.0
2025-03-09 03:00:00,0.0
2025-03-09 04:00:00,0.0
2025-03-09 05:00:00,0.0
2025-03-09 06:00:00,2.37
2025-03-09 07:00:00,92.17
2025-03-09 08:00:00,197.68
2025-03-09 09:00:00,259.63
2025-03-09 10:00:00,287.09
2025-03-09 11:00:00,396.93
2025-03-09 12:00:00,458.24
2025-03-09 13:00:00,486.39
2025-03-09 14:00:00,343.37
2025-03-09 15:00:00,246.7
2025-03-09 16:00:00,140.0
2025-03-09 17:00:00,10.49
2025-03-09 18:00:00,0.0
2025-03-09 19:00:00,0.0
2025-03-09 20:00:00,0.0
2025-03-09 21:00:00,0.0
2025-03-09 22:00:00,0.0
2025-03-09 23:00:00,0.0
2025-03-10 00:00:00,0.0
2025-03-10 01:00:00,0.0
2025-03-10 02:00:00,0.0
2025-03-10 03:00:00,0.0
2025-03-10 04:00:00,0.0
2025-03-10 05:00:00,0.0
2025-03-10 06:00:00,8.84
2025-03-10 07:00:00,184.18
2025-03-10 08:00:00,370.8
2025-03-10 09:00:00,491.33
2025-03-10 10:00:00,563.42
2025-03-10 11:00:00,551.88
2025-03-10 12:00:00,549.82
2025-03-10 13:00:00,518.43
2025-03-10 14:00:00,464.91
2025-03-10 15:00:00,355.21
2025-03-10 16:00:00,220.19
2025-03-10 17:00:00,20.59
2025-03-10 18:00:00,0.0
2025-03-10 19:00:00,0.0
2025-03-10 20:00:00,0.0
2025-03-10 21:00:00,0.0
2025-03-10 22:00:00,0.0
2025-03-10 23:00:00,0.0
2025-03-11 00:00:00,0.0
2025-03-11 01:00:00,0.0
2025-03-11 02:00:00,0.0
2025-03-11 03:00:00,0.0
2025-03-11 04:00:00,0.0
2025-03-11 05:00:00,0.0
2025-03-11 06:00:00,9.3
2025-03-11 07:00:00,170.15
2025-03-11 08:00:00,331.88
2025-03-11 09:00:00,460.73
2025-03-11 10:00:00,433.43
2025-03-11 11:00:00,313.73
2025-03-11 12:00:00,295.96
2025-03-11 13:00:00,231.75
2025-03-11 14:00:00,127.84
2025-03-11 15:00:00,52.53
2025-03-11 16:00:00,12.18
2025-03-11 17:00:00,0.54
2025-03-11 18:00:00,0.0
2025-03-11 19:00:00,0.0
2025-03-11 20:00:00,0.0
2025-03-11 21:00:00,0.0
2025-03-11 22:00:00,0.0
2025-03-11 23:00:00,0.0
2025-03-12 00:00:00,0.0
2025-03-12 01:00:00,0.0
2025-03-12 02:00:00,0.0
2025-03-12 03:00:00,0.0
2025-03-12 04:00:00,0.0
2025-03-12 05:00:00,0.0
2025-03-12 06:00:00,0.0
2025-03-12 07:00:00,8.99
2025-03-12 08:00:00,20.25
2025-03-12 09:00:00,66.45
2025-03-12 10:00:00,89.48
2025-03-12 11:00:00,92.24
2025-03-12 12:00:00,82.08
2025-03-12 13:00:00,52.38
2025-03-12 14:00:00,41.02
2025-03-12 15:00:00,41.27
2025-03-12 16:00:00,2.36
2025-03-12 17:00:00,0.0
2025-03-12 18:00:00,0.0
2025-03-12 19:00:00,0.0
2025-03-12 20:00:00,0.0
2025-03-12 21:00:00,0.0
2025-03-12 22:00:00,0.0
2025-03-12 23:00:00,0.0
2025-03-13 00:00:00,0.0
2025-03-13 01:00:00,0.0
2025-03-13 02:00:00,0.0
2025-03-13 03:00:00,0.0
2025-03-13 04:00:00,0.0
2025-03-13 05:00:00,0.0
2025-03-13 06:00:00,0.0
2025-03-13 07:00:00,8.75
2025-03-13 08:00:00,31.94
2025-03-13 09:00:00,69.62
2025-03-13 10:00:00,22.21
2025-03-13 11:00:00,41.47
2025-03-13 12:00:00,110.72
2025-03-13 13:00:00,121.53
2025-03-13 14:00:00,95.59
2025-03-13 15:00:00,20.24
2025-03-13 16:00:00,17.57
2025-03-13 17:00:00,1.04
2025-03-13 18:00:00,0.0
2025-03-13 19:00:00,0.0
2025-03-13 20:00:00,0.0
2025-03-13 21:00:00,0.0
2025-03-13 22:00:00,0.0
2025-03-13 23:00:00,0.0
2025-03-14 00:00:00,0.0
2025-03-14 01:00:00,0.0
2025-03-14 02:00:00,0.0
2025-03-14 03:00:00,0.0
2025-03-14 04:00:00,0.0
2025-03-14 05:00:00,0.0
2025-03-14 06:00:00,1.96
2025-03-14 07:00:00,37.26
2025-03-14 08:00:00,115.74
2025-03-14 09:00:00,111.7
2025-03-14 10:00:00,58.23
2025-03-14 11:00:00,36.96
2025-03-14 12:00:00,73.58
2025-03-14 13:00:00,241.12
2025-03-14 14:00:00,75.86
2025-03-14 15:00:00,121.85
2025-03-14 16:00:00,73.7
2025-03-14 17:00:00,4.94
2025-03-14 18:00:00,0.0
2025-03-14 19:00:00,0.0
2025-03-14 20:00:00,0.0
2025-03-14 21:00:00,0.0
2025-03-14 22:00:00,0.0
2025-03-14 23:00:00,0.0
2025-03-15 00:00:00,0.0
2025-03-15 01:00:00,0.0
2025-03-15 02:00:00,0.0
2025-03-15 03:00:00,0.0
2025-03-15 04:00:00,0.0
2025-03-15 05:00:00,0.0
2025-03-15 06:00:00,9.49
2025-03-15 07:00:00,92.81
2025-03-15 08:00:00,197.64
2025-03-15 09:00:00,124.66
2025-03-15 10:00:00,103.9
2025-03-15 11:00:00,60.61
2025-03-15 12:00:00,286.62
2025-03-15 13:00:00,90.39
2025-03-15 14:00:00,144.83
2025-03-15 15:00:00,123.43
2025-03-15 16:00:00,82.05
2025-03-15 17:00:00,5.7
2025-03-15 18:00:00,0.0
2025-03-15 19:00:00,0.0
2025-03-15 20:00:00,0.0
2025-03-15 21:00:00,0.0
2025-03-15 22:00:00,0.0
2025-03-15 23:00:00,0.0
2025-03-16 00:00:00,0.0
2025-03-16 01:00:00,0.0
2025-03-16 02:00:00,0.0
2025-03-16 03:00:00,0.0
2025-03-16 04:00:00,0.0
2025-03-16 05:00:00,0.0
2025-03-16 06:00:00,15.83
2025-03-16 07:00:00,142.5
2025-03-16 08:00:00,117.31
2025-03-16 09:00:00,168.39
2025-03-16 10:00:00,219.88
2025-03-16 11:00:00,247.48
2025-03-16 12:00:00,394.84
2025-03-16 13:00:00,342.5
2025-03-16 14:00:00,270.52
2025-03-16 15:00:00,117.71
2025-03-16 16:00:00,88.82
2025-03-16 17:00:00,6.07
2025-03-16 18:00:00,0.0
2025-03-16 19:00:00,0.0
2025-03-16 20:00:00,0.0
2025-03-16 21:00:00,0.0
2025-03-16 22:00:00,0.0
2025-03-16 23:00:00,0.0
2025-03-17 00:00:00,0.0
2025-03-17 01:00:00,0.0
2025-03-17 02:00:00,0.0
2025-03-17 03:00:00,0.0
2025-03-17 04:00:00,0.0
2025-03-17 05:00:00,0.0
2025-03-17 06:00:00,35.74
2025-03-17 07:00:00,385.18
2025-03-17 08:00:00,531.39
2025-03-17 09:00:00,533.35
2025-03-17 10:00:00,587.04
2025-03-17 11:00:00,625.53
2025-03-17 12:00:00,612.66
2025-03-17 13:00:00,483.32
2025-03-17 14:00:00,427.68
2025-03-17 15:00:00,313.33
2025-03-17 16:00:00,230.68
2025-03-17 17:00:00,45.44
2025-03-17 18:00:00,0.0
2025-03-17 19:00:00,0.0
2025-03-17 20:00:00,0.0
2025-03-17 21:00:00,0.0
2025-03-17 22:00:00,0.0
2025-03-17 23:00:00,0.0
2025-03-18 00:00:00,0.0
2025-03-18 01:00:00,0.0
2025-03-18 02:00:00,0.0
2025-03-18 03:00:00,0.0
2025-03-18 04:00:00,0.0
2025-03-18 05:00:00,0.0
2025-03-18 06:00:00,55.71
2025-03-18 07:00:00,441.25
2025-03-18 08:00:00,474.31
2025-03-18 09:00:00,537.52
2025-03-18 10:00:00,621.04
2025-03-18 11:00:00,520.01
2025-03-18 12:00:00,543.95
2025-03-18 13:00:00,612.42
2025-03-18 14:00:00,622.08
2025-03-18 15:00:00,437.26
2025-03-18 16:00:00,309.91
2025-03-18 17:00:00,79.4
2025-03-18 18:00:00,0.0
2025-03-18 19:00:00,0.0
2025-03-18 20:00:00,0.0
2025-03-18 21:00:00,0.0
2025-03-18 22:00:00,0.0
2025-03-18 23:00:00,0.0
2025-03-19 00:00:00,0.0
2025-03-19 01:00:00,0.0
2025-03-19 02:00:00,0.0
2025-03-19 03:00:00,0.0
2025-03-19 04:00:00,0.0
2025-03-19 05:00:00,0.0
2025-03-19 06:00:00,78.36
2025-03-19 07:00:00,415.96
2025-03-19 08:00:00,604.13
2025-03-19 09:00:00,722.73
2025-03-19 10:00:00,776.59
2025-03-19 11:00:00,633.01
2025-03-19 12:00:00,604.3
2025-03-19 13:00:00,601.91
2025-03-19 14:00:00,557.97
2025-03-19 15:00:00,464.89
2025-03-19 16:00:00,307.39
2025-03-19 17:00:00,62.63
2025-03-19 18:00:00,0.0
2025-03-19 19:00:00,0.0
2025-03-19 20:00:00,0.0
2025-03-19 21:00:00,0.0
2025-03-19 22:00:00,0.0
2025-03-19 23:00:00,0.0
2025-03-20 00:00:00,0.0
2025-03-20 01:00:00,0.0
2025-03-20 02:00:00,0.0
2025-03-20 03:00:00,0.0
2025-03-20 04:00:00,0.0
2025-03-20 05:00:00,0.0
2025-03-20 06:00:00,55.01
2025-03-20 07:00:00,313.4
2025-03-20 08:00:00,446.19
2025-03-20 09:00:00,421.65
2025-03-20 10:00:00,610.55
2025-03-20 11:00:00,378.81
2025-03-20 12:00:00,237.01
2025-03-20 13:00:00,242.98
2025-03-20 14:00:00,117.1
2025-03-20 15:00:00,110.87
2025-03-20 16:00:00,88.44
2025-03-20 17:00:00,9.75
2025-03-20 18:00:00,0.0
2025-03-20 19:00:00,0.0
2025-03-20 20:00:00,0.0
2025-03-20 21:00:00,0.0
2025-03-20 22:00:00,0.0
2025-03-20 23:00:00,0.0
2025-03-21 00:00:00,0.0
2025-03-21 01:00:00,0.0
2025-03-21 02:00:00,0.0
2025-03-21 03:00:00,0.0
2025-03-21 04:00:00,0.0
2025-03-21 05:00:00,0.0
2025-03-21 06:00:00,1.04
2025-03-21 07:00:00,6.81
2025-03-21 08:00:00,14.74
2025-03-21 09:00:00,19.91
2025-03-21 10:00:00,22.47
2025-03-21 11:00:00,55.65
2025-03-21 12:00:00,20.84
2025-03-21 13:00:00,0.5
2025-03-21 14:00:00,4.72
2025-03-21 15:00:00,0.0
2025-03-21 16:00:00,0.41
2025-03-21 17:00:00,0.0
2025-03-21 18:00:00,0.0
2025-03-21 19:00:00,0.0
2025-03-21 20:00:00,0.0
2025-03-21 21:00:00,0.0
2025-03-21 22:00:00,0.0
2025-03-21 23:00:00,0.0
2025-03-22 00:00:00,0.0
2025-03-22 01:00:00,0.0
2025-03-22 02:00:00,0.0
2025-03-22 03:00:00,0.0
2025-03-22 04:00:00,0.0
2025-03-22 05:00:00,0.0
2025-03-22 06:00:00,1.3
2025-03-22 07:00:00,3.51
2025-03-22 08:00:00,0.0
2025-03-22 09:00:00,0.0
2025-03-22 10:00:00,2.61
2025-03-22 11:00:00,10.34
2025-03-22 12:00:00,6.52
2025-03-22 13:00:00,0.0
2025-03-22 14:00:00,0.0
2025-03-22 15:00:00,0.15
2025-03-22 16:00:00,5.86
2025-03-22 17:00:00,2.46
2025-03-22 18:00:00,0.0
2025-03-22 19:00:00,0.0
2025-03-22 20:00:00,0.0
2025-03-22 21:00:00,0.0
2025-03-22 22:00:00,0.0
2025-03-22 23:00:00,0.0
2025-03-23 00:00:00,0.0
2025-03-23 01:00:00,0.0
2025-03-23 02:00:00,0.0
2025-03-23 03:00:00,0.0
2025-03-23 04:00:00,0.0
2025-03-23 05:00:00,0.0
2025-03-23 06:00:00,26.54
2025-03-23 07:00:00,218.24
2025-03-23 08:00:00,381.68
2025-03-23 09:00:00,456.76
2025-03-23 10:00:00,328.92
2025-03-23 11:00:00,286.49
2025-03-23 12:00:00,274.56
2025-03-23 13:00:00,342.41
2025-03-23 14:00:00,350.85
2025-03-23 15:00:00,270.14
2025-03-23 16:00:00,132.02
2025-03-23 17:00:00,16.58
2025-03-23 18:00:00,0.0
2025-03-23 19:00:00,0.0
2025-03-23 20:00:00,0.0
2025-03-23 21:00:00,0.0
2025-03-23 22:00:00,0.0
2025-03-23 23:00:00,0.0
2025-03-24 00:00:00,0.0
2025-03-24 01:00:00,0.0
2025-03-24 02:00:00,0.0
2025-03-24 03:00:00,0.0
2025-03-24 04:00:00,0.0
2025-03-24 05:00:00,0.0
2025-03-24 06:00:00,29.07
2025-03-24 07:00:00,213.31
2025-03-24 08:00:00,429.97
2025-03-24 09:00:00,513.19
2025-03-24 10:00:00,578.77
2025-03-24 11:00:00,719.96
2025-03-24 12:00:00,695.16
2025-03-24 13:00:00,679.72
2025-03-24 14:00:00,629.85
2025-03-24 15:00:00,543.22
2025-03-24 16:00:00,383.25
2025-03-24 17:00:00,114.42
2025-03-24 18:00:00,0.0
2025-03-24 19:00:00,0.0
2025-03-24 20:00:00,0.0
2025-03-24 21:00:00,0.0
2025-03-24 22:00:00,0.0
2025-03-24 23:00:00,0.0
2025-03-25 00:00:00,0.0
2025-03-25 01:00:00,0.0
2025-03-25 02:00:00,0.0
2025-03-25 03:00:00,0.0
2025-03-25 04:00:00,0.0
2025-03-25 05:00:00,0.0
2025-03-25 06:00:00,171.3
2025-03-25 07:00:00,525.28
2025-03-25 08:00:00,689.29
2025-03-25 09:00:00,792.68
2025-03-25 10:00:00,842.87
2025-03-25 11:00:00,809.92
2025-03-25 12:00:00,814.21
2025-03-25 13:00:00,796.25
2025-03-25 14:00:00,750.72
2025-03-25 15:00:00,660.61
2025-03-25 16:00:00,490.69
2025-03-25 17:00:00,158.61
2025-03-25 18:00:00,0.0
2025-03-25 19:00:00,0.0
2025-03-25 20:00:00,0.0
2025-03-25 21:00:00,0.0
2025-03-25 22:00:00,0.0
2025-03-25 23:00:00,0.0
2025-03-26 00:00:00,0.0
2025-03-26 01:00:00,0.0
2025-03-26 02:00:00,0.0
2025-03-26 03:00:00,0.0
2025-03-26 04:00:00,0.0
2025-03-26 05:00:00,0.0
2025-03-26 06:00:00,149.52
2025-03-26 07:00:00,477.0
2025-03-26 08:00:00,639.26
2025-03-26 09:00:00,721.26
2025-03-26 10:00:00,757.14
2025-03-26 11:00:00,636.79
2025-03-26 12:00:00,625.98
2025-03-26 13:00:00,584.27
2025-03-26 14:00:00,493.42
2025-03-26 15:00:00,410.18
2025-03-26 16:00:00,274.26
2025-03-26 17:00:00,49.16
2025-03-26 18:00:00,0.0
2025-03-26 19:00:00,0.0
2025-03-26 20:00:00,0.0
2025-03-26 21:00:00,0.0
2025-03-26 22:00:00,0.0
2025-03-26 23:00:00,0.0
2025-03-27 00:00:00,0.0
2025-03-27 01:00:00,0.0
2025-03-27 02:00:00,0.0
2025-03-27 03:00:00,0.0
2025-03-27 04:00:00,0.0
2025-03-27 05:00:00,0.0
2025-03-27 06:00:00,22.64
2025-03-27 07:00:00,104.62
2025-03-27 08:00:00,152.64
2025-03-27 09:00:00,230.0
2025-03-27 10:00:00,286.38
2025-03-27 11:00:00,214.13
2025-03-27 12:00:00,265.34
2025-03-27 13:00:00,73.89
2025-03-27 14:00:00,36.32
2025-03-27 15:00:00,45.7
2025-03-27 16:00:00,41.82
2025-03-27 17:00:00,4.48
2025-03-27 18:00:00,0.0
2025-03-27 19:00:00,0.0
2025-03-27 20:00:00,0.0
2025-03-27 21:00:00,0.0
2025-03-27 22:00:00,0.0
2025-03-27 23:00:00,0.0
2025-03-28 00:00:00,0.0
2025-03-28 01:00:00,0.0
2025-03-28 02:00:00,0.0
2025-03-28 03:00:00,0.0
2025-03-28 04:00:00,0.0
2025-03-28 05:00:00,0.0
2025-03-28 06:00:00,7.53
2025-03-28 07:00:00,63.03
2025-03-28 08:00:00,160.69
2025-03-28 09:00:00,215.45
2025-03-28 10:00:00,246.46
2025-03-28 11:00:00,160.49
2025-03-28 12:00:00,181.62
2025-03-28 13:00:00,255.27
2025-03-28 14:00:00,184.97
2025-03-28 15:00:00,125.12
2025-03-28 16:00:00,81.99
2025-03-28 17:00:00,11.8
2025-03-28 18:00:00,0.0
2025-03-28 19:00:00,0.0
2025-03-28 20:00:00,0.0
2025-03-28 21:00:00,0.0
2025-03-28 22:00:00,0.0
2025-03-28 23:00:00,0.0
2025-03-29 00:00:00,0.0
2025-03-29 01:00:00,0.0
2025-03-29 02:00:00,0.0
2025-03-29 03:00:00,0.0
2025-03-29 04:00:00,0.0
2025-03-29 05:00:00,0.0
2025-03-29 06:00:00,25.81
2025-03-29 07:00:00,164.86
2025-03-29 08:00:00,82.07
2025-03-29 09:00:00,131.57
2025-03-29 10:00:00,255.76
2025-03-29 11:00:00,299.43
2025-03-29 12:00:00,277.48
2025-03-29 13:00:00,487.05
2025-03-29 14:00:00,307.5
2025-03-29 15:00:00,221.32
2025-03-29 16:00:00,200.61
2025-03-29 17:00:00,56.43
2025-03-29 18:00:00,0.0
2025-03-29 19:00:00,0.0
2025-03-29 20:00:00,0.0
2025-03-29 21:00:00,0.0
2025-03-29 22:00:00,0.0
2025-03-29 23:00:00,0.0
2025-03-30 00:00:00,0.0
2025-03-30 01:00:00,0.0
2025-03-30 02:00:00,0.0
2025-03-30 03:00:00,0.0
2025-03-30 04:00:00,0.0
2025-03-30 05:00:00,0.0
2025-03-30 06:00:00,184.35
2025-03-30 07:00:00,470.52
2025-03-30 08:00:00,695.89
2025-03-30 09:00:00,762.89
2025-03-30 10:00:00,799.53
2025-03-30 11:00:00,613.45
2025-03-30 12:00:00,560.58
2025-03-30 13:00:00,612.38
2025-03-30 14:00:00,436.39
2025-03-30 15:00:00,327.17
2025-03-30 16:00:00,242.77
2025-03-30 17:00:00,67.31
2025-03-30 18:00:00,0.0
2025-03-30 19:00:00,0.0
2025-03-30 20:00:00,0.0
2025-03-30 21:00:00,0.0
2025-03-30 22:00:00,0.0
2025-03-30 23:00:00,0.0
2025-03-31 00:00:00,0.0
2025-03-31 01:00:00,0.0
2025-03-31 02:00:00,0.0
2025-03-31 03:00:00,0.0
2025-03-31 04:00:00,0.0
2025-03-31 05:00:00,0.0
2025-03-31 06:00:00,129.92
2025-03-31 07:00:00,411.57
2025-03-31 08:00:00,518.2
2025-03-31 09:00:00,645.37
2025-03-31 10:00:00,715.62
2025-03-31 11:00:00,708.23
2025-03-31 12:00:00,766.02
2025-03-31 13:00:00,670.08
2025-03-31 14:00:00,462.83
2025-03-31 15:00:00,376.54
2025-03-31 16:00:00,322.33
2025-03-31 17:00:00,117.94
2025-03-31 18:00:00,0.0
2025-03-31 19:00:00,0.0
2025-03-31 20:00:00,0.0
2025-03-31 21:00:00,0.0
2025-03-31 22:00:00,0.0
2025-03-31 23:00:00,0.0
2025-04-01 00:00:00,0.0
2025-04-01 01:00:00,0.0
2025-04-01 02:00:00,0.0
2025-04-01 03:00:00,0.0
2025-04-01 04:00:00,0.0
2025-04-01 05:00:00,0.0
2025-04-01 06:00:00,106.52
2025-04-01 07:00:00,332.97
2025-04-01 08:00:00,493.3
2025-04-01 09:00:00,587.56
2025-04-01 10:00:00,650.15
2025-04-01 11:00:00,467.32
2025-04-01 12:00:00,461.83
2025-04-01 13:00:00,378.25
2025-04-01 14:00:00,254.36
2025-04-01 15:00:00,238.52
2025-04-01 16:00:00,152.25
2025-04-01 17:00:00,33.03
2025-04-01 18:00:00,0.0
2025-04-01 19:00:00,0.0
2025-04-01 20:00:00,0.0
2025-04-01 21:00:00,0.0
2025-04-01 22:00:00,0.0
2025-04-01 23:00:00,0.0
2025-04-02 00:00:00,0.0
2025-04-02 01:00:00,0.0
2025-04-02 02:00:00,0.0
2025-04-02 03:00:00,0.0
2025-04-02 04:00:00,0.0
2025-04-02 05:00:00,0.0
2025-04-02 06:00:00,59.45
2025-04-02 07:00:00,238.21
2025-04-02 08:00:00,352.53
2025-04-02 09:00:00,481.27
2025-04-02 10:00:00,564.04
2025-04-02 11:00:00,396.88
2025-04-02 12:00:00,352.0
2025-04-02 13:00:00,334.18
2025-04-02 14:00:00,209.49
2025-04-02 15:00:00,143.16
2025-04-02 16:00:00,87.89
2025-04-02 17:00:00,11.69
2025-04-02 18:00:00,0.0
2025-04-02 19:00:00,0.0
2025-04-02 20:00:00,0.0
2025-04-02 21:00:00,0.0
2025-04-02 22:00:00,0.0
2025-04-02 23:00:00,0.0
2025-04-03 00:00:00,0.0
2025-04-03 01:00:00,0.0
2025-04-03 02:00:00,0.0
2025-04-03 03:00:00,0.0
2025-04-03 04:00:00,0.0
2025-04-03 05:00:00,0.0
2025-04-03 06:00:00,28.88
2025-04-03 07:00:00,149.71
2025-04-03 08:00:00,284.67
2025-04-03 09:00:00,371.76
2025-04-03 10:00:00,416.55
2025-04-03 11:00:00,382.65
2025-04-03 12:00:00,459.48
2025-04-03 13:00:00,455.2
2025-04-03 14:00:00,400.56
2025-04-03 15:00:00,366.32
2025-04-03 16:00:00,256.11
2025-04-03 17:00:00,63.96
2025-04-03 18:00:00,0.0
2025-04-03 19:00:00,0.0
2025-04-03 20:00:00,0.0
2025-04-03 21:00:00,0.0
2025-04-03 22:00:00,0.0
2025-04-03 23:00:00,0.0
2025-04-04 00:00:00,0.0
2025-04-04 01:00:00,0.0
2025-04-04 02:00:00,0.0
2025-04-04 03:00:00,0.0
2025-04-04 04:00:00,0.0
2025-04-04 05:00:00,0.0
2025-04-04 06:00:00,36.66
2025-04-04 07:00:00,216.15
2025-04-04 08:00:00,374.84
2025-04-04 09:00:00,368.69
2025-04-04 10:00:00,404.25
2025-04-04 11:00:00,99.49
2025-04-04 12:00:00,102.51
2025-04-04 13:00:00,38.77
2025-04-04 14:00:00,113.51
2025-04-04 15:00:00,104.85
2025-04-04 16:00:00,22.73
2025-04-04 17:00:00,5.86
2025-04-04 18:00:00,0.0
2025-04-04 19:00:00,0.0
2025-04-04 20:00:00,0.0
2025-04-04 21:00:00,0.0
2025-04-04 22:00:00,0.0
2025-04-04 23:00:00,0.0
2025-04-05 00:00:00,0.0
2025-04-05 01:00:00,0.0
2025-04-05 02:00:00,0.0
2025-04-05 03:00:00,0.0
2025-04-05 04:00:00,0.0
2025-04-05 05:00:00,0.0
2025-04-05 06:00:00,40.58
2025-04-05 07:00:00,205.25
2025-04-05 08:00:00,360.89
2025-04-05 09:00:00,471.91
2025-04-05 10:00:00,534.01
2025-04-05 11:00:00,462.46
2025-04-05 12:00:00,470.99
2025-04-05 13:00:00,453.77
2025-04-05 14:00:00,329.66
2025-04-05 15:00:00,255.6
2025-04-05 16:00:00,143.36
2025-04-05 17:00:00,31.84
2025-04-05 18:00:00,0.0
2025-04-05 19:00:00,0.0
2025-04-05 20:00:00,0.0
2025-04-05 21:00:00,0.0
2025-04-05 22:00:00,0.0
2025-04-05 23:00:00,0.0
2025-04-06 00:00:00,0.0
2025-04-06 01:00:00,0.0
2025-04-06 02:00:00,0.0
2025-04-06 03:00:00,0.0
2025-04-06 04:00:00,0.0
2025-04-06 05:00:00,0.0
2025-04-06 06:00:00,42.9
2025-04-06 07:00:00,98.75
2025-04-06 08:00:00,150.8
2025-04-06 09:00:00,199.96
2025-04-06 10:00:00,343.41
2025-04-06 11:00:00,215.37
2025-04-06 12:00:00,298.09
2025-04-06 13:00:00,102.83
2025-04-06 14:00:00,130.61
2025-04-06 15:00:00,75.26
2025-04-06 16:00:00,54.47
2025-04-06 17:00:00,5.07
2025-04-06 18:00:00,0.0
2025-04-06 19:00:00,0.0
2025-04-06 20:00:00,0.0
2025-04-06 21:00:00,0.0
2025-04-06 22:00:00,0.0
2025-04-06 23:00:00,0.0
2025-04-07 00:00:00,0.0
2025-04-07 01:00:00,0.0
2025-04-07 02:00:00,0.0
2025-04-07 03:00:00,0.0
2025-04-07 04:00:00,0.0
2025-04-07 05:00:00,0.0
2025-04-07 06:00:00,8.38
2025-04-07 07:00:00,67.49
2025-04-07 08:00:00,138.45
2025-04-07 09:00:00,312.79
2025-04-07 10:00:00,410.1
2025-04-07 11:00:00,453.77
2025-04-07 12:00:00,389.55
2025-04-07 13:00:00,425.46
2025-04-07 14:00:00,377.8
2025-04-07 15:00:00,280.23
2025-04-07 16:00:00,143.64
2025-04-07 17:00:00,19.97
2025-04-07 18:00:00,0.0
2025-04-07 19:00:00,0.0
2025-04-07 20:00:00,0.0
2025-04-07 21:00:00,0.0
2025-04-07 22:00:00,0.0
2025-04-07 23:00:00,0.0
2025-04-08 00:00:00,0.0
2025-04-08 01:00:00,0.0
2025-04-08 02:00:00,0.0
2025-04-08 03:00:00,0.0
2025-04-08 04:00:00,0.0
2025-04-08 05:00:00,0.0
2025-04-08 06:00:00,45.16
2025-04-08 07:00:00,205.51
2025-04-08 08:00:00,331.59
2025-04-08 09:00:00,416.54
2025-04-08 10:00:00,466.58
2025-04-08 11:00:00,428.55
2025-04-08 12:00:00,342.95
2025-04-08 13:00:00,409.67
2025-04-08 14:00:00,352.01
2025-04-08 15:00:00,279.37
2025-04-08 16:00:00,170.68
2025-04-08 17:00:00,29.39
2025-04-08 18:00:00,0.0
2025-04-08 19:00:00,0.0
2025-04-08 20:00:00,0.0
2025-04-08 21:00:00,0.0
2025-04-08 22:00:00,0.0
2025-04-08 23:00:00,0.0
2025-04-09 00:00:00,0.0
2025-04-09 01:00:00,0.0
2025-04-09 02:00:00,0.0
2025-04-09 03:00:00,0.0
2025-04-09 04:00:00,0.0
2025-04-09 05:00:00,0.0
2025-04-09 06:00:00,0.5
2025-04-09 07:00:00,1.26
2025-04-09 08:00:00,22.42
2025-04-09 09:00:00,0.0
2025-04-09 10:00:00,0.11
2025-04-09 11:00:00,30.82
2025-04-09 12:00:00,174.96
2025-04-09 13:00:00,403.24
2025-04-09 14:00:00,127.49
2025-04-09 15:00:00,93.69
2025-04-09 16:00:00,72.46
2025-04-09 17:00:00,15.9
2025-04-09 18:00:00,0.0
2025-04-09 19:00:00,0.0
2025-04-09 20:00:00,0.0
2025-04-09 21:00:00,0.0
2025-04-09 22:00:00,0.0
2025-04-09 23:00:00,0.0
2025-04-10 00:00:00,0.0
2025-04-10 01:00:00,0.0
2025-04-10 02:00:00,0.0
2025-04-10 03:00:00,0.0
2025-04-10 04:00:00,0.0
2025-04-10 05:00:00,0.0
2025-04-10 06:00:00,78.51
2025-04-10 07:00:00,199.7
2025-04-10 08:00:00,315.18
2025-04-10 09:00:00,183.24
2025-04-10 10:00:00,110.97
2025-04-10 11:00:00,6.19
2025-04-10 12:00:00,0.79
2025-04-10 13:00:00,0.12
2025-04-10 14:00:00,0.0
2025-04-10 15:00:00,0.44
2025-04-10 16:00:00,11.82
2025-04-10 17:00:00,6.12
2025-04-10 18:00:00,0.0
2025-04-10 19:00:00,0.0
2025-04-10 20:00:00,0.0
2025-04-10 21:00:00,0.0
2025-04-10 22:00:00,0.0
2025-04-10 23:00:00,0.0
2025-04-11 00:00:00,0.0
2025-04-11 01:00:00,0.0
2025-04-11 02:00:00,0.0
2025-04-11 03:00:00,0.0
2025-04-11 04:00:00,0.0
2025-04-11 05:00:00,0.0
2025-04-11 06:00:00,3.82
2025-04-11 07:00:00,6.71
2025-04-11 08:00:00,16.26
2025-04-11 09:00:00,22.97
2025-04-11 10:00:00,6.52
2025-04-11 11:00:00,35.65
2025-04-11 12:00:00,42.23
2025-04-11 13:00:00,25.06
2025-04-11 14:00:00,87.24
2025-04-11 15:00:00,158.0
2025-04-11 16:00:00,31.75
2025-04-11 17:00:00,7.88
2025-04-11 18:00:00,0.0
2025-04-11 19:00:00,0.0
2025-04-11 20:00:00,0.0
2025-04-11 21:00:00,0.0
2025-04-11 22:00:00,0.0
2025-04-11 23:00:00,0.0
2025-04-12 00:00:00,0.0
2025-04-12 01:00:00,0.0
2025-04-12 02:00:00,0.0
2025-04-12 03:00:00,0.0
2025-04-12 04:00:00,0.0
2025-04-12 05:00:00,1.47
2025-04-12 06:00:00,171.98
2025-04-12 07:00:00,411.9
2025-04-12 08:00:00,547.5
2025-04-12 09:00:00,617.59
2025-04-12 10:00:00,561.9
2025-04-12 11:00:00,567.33
2025-04-12 12:00:00,275.79
2025-04-12 13:00:00,392.26
2025-04-12 14:00:00,368.45
2025-04-12 15:00:00,288.66
2025-04-12 16:00:00,227.21
2025-04-12 17:00:00,76.95
2025-04-12 18:00:00,0.0
2025-04-12 19:00:00,0.0
2025-04-12 20:00:00,0.0
2025-04-12 21:00:00,0.0
2025-04-12 22:00:00,0.0
2025-04-12 23:00:00,0.0
2025-04-13 00:00:00,0.0
2025-04-13 01:00:00,0.0
2025-04-13 02:00:00,0.0
2025-04-13 03:00:00,0.0
2025-04-13 04:00:00,0.0
2025-04-13 05:00:00,0.0
2025-04-13 06:00:00,4.79
2025-04-13 07:00:00,8.77
2025-04-13 08:00:00,0.0
2025-04-13 09:00:00,0.0
2025-04-13 10:00:00,15.41
2025-04-13 11:00:00,67.48
2025-04-13 12:00:00,186.25
2025-04-13 13:00:00,565.4
2025-04-13 14:00:00,541.96
2025-04-13 15:00:00,464.26
2025-04-13 16:00:00,318.0
2025-04-13 17:00:00,102.99
2025-04-13 18:00:00,0.0
2025-04-13 19:00:00,0.0
2025-04-13 20:00:00,0.0
2025-04-13 21:00:00,0.0
2025-04-13 22:00:00,0.0
2025-04-13 23:00:00,0.0
2025-04-14 00:00:00,0.0
2025-04-14 01:00:00,0.0
2025-04-14 02:00:00,0.0
2025-04-14 03:00:00,0.0
2025-04-14 04:00:00,0.0
2025-04-14 05:00:00,0.0
2025-04-14 06:00:00,17.09
2025-04-14 07:00:00,68.06
2025-04-14 08:00:00,229.5
2025-04-14 09:00:00,138.36
2025-04-14 10:00:00,273.61
2025-04-14 11:00:00,87.96
2025-04-14 12:00:00,74.09
2025-04-14 13:00:00,106.3
2025-04-14 14:00:00,105.46
2025-04-14 15:00:00,89.55
2025-04-14 16:00:00,42.8
2025-04-14 17:00:00,7.84
2025-04-14 18:00:00,0.0
2025-04-14 19:00:00,0.0
2025-04-14 20:00:00,0.0
2025-04-14 21:00:00,0.0
2025-04-14 22:00:00,0.0
2025-04-14 23:00:00,0.0
2025-04-15 00:00:00,0.0
2025-04-15 01:00:00,0.0
2025-04-15 02:00:00,0.0
2025-04-15 03:00:00,0.0
2025-04-15 04:00:00,0.0
2025-04-15 05:00:00,0.0
2025-04-15 06:00:00,0.47
2025-04-15 07:00:00,7.47
2025-04-15 08:00:00,13.84
2025-04-15 09:00:00,19.75
2025-04-15 10:00:00,0.11
2025-04-15 11:00:00,22.53
2025-04-15 12:00:00,247.36
2025-04-15 13:00:00,323.35
2025-04-15 14:00:00,185.14
2025-04-15 15:00:00,148.61
2025-04-15 16:00:00,103.39
2025-04-15 17:00:00,37.44
2025-04-15 18:00:00,0.0
2025-04-15 19:00:00,0.0
2025-04-15 20:00:00,0.0
2025-04-15 21:00:00,0.0
2025-04-15 22:00:00,0.0
2025-04-15 23:00:00,0.0
2025-04-16 00:00:00,0.0
2025-04-16 01:00:00,0.0
2025-04-16 02:00:00,0.0
2025-04-16 03:00:00,0.0
2025-04-16 04:00:00,0.0
2025-04-16 05:00:00,0.76
2025-04-16 06:00:00,69.32
2025-04-16 07:00:00,218.25
2025-04-16 08:00:00,350.72
2025-04-16 09:00:00,417.05
2025-04-16 10:00:00,483.27
2025-04-16 11:00:00,409.73
2025-04-16 12:00:00,285.17
2025-04-16 13:00:00,154.71
2025-04-16 14:00:00,127.66
2025-04-16 15:00:00,144.65
2025-04-16 16:00:00,51.08
2025-04-16 17:00:00,8.6
2025-04-16 18:00:00,0.0
2025-04-16 19:00:00,0.0
2025-04-16 20:00:00,0.0
2025-04-16 21:00:00,0.0
2025-04-16 22:00:00,0.0
2025-04-16 23:00:00,0.0
2025-04-17 00:00:00,0.0
2025-04-17 01:00:00,0.0
2025-04-17 02:00:00,0.0
2025-04-17 03:00:00,0.0
2025-04-17 04:00:00,0.0
2025-04-17 05:00:00,0.0
2025-04-17 06:00:00,2.13
2025-04-17 07:00:00,5.93
2025-04-17 08:00:00,0.29
2025-04-17 09:00:00,16.75
2025-04-17 10:00:00,20.48
2025-04-17 11:00:00,81.89
2025-04-17 12:00:00,10.46
2025-04-17 13:00:00,3.23
2025-04-17 14:00:00,77.95
2025-04-17 15:00:00,108.79
2025-04-17 16:00:00,61.72
2025-04-17 17:00:00,26.28
2025-04-17 18:00:00,0.0
2025-04-17 19:00:00,0.0
2025-04-17 20:00:00,0.0
2025-04-17 21:00:00,0.0
2025-04-17 22:00:00,0.0
2025-04-17 23:00:00,0.0
2025-04-18 00:00:00,0.0
2025-04-18 01:00:00,0.0
2025-04-18 02:00:00,0.0
2025-04-18 03:00:00,0.0
2025-04-18 04:00:00,0.0
2025-04-18 05:00:00,0.0
2025-04-18 06:00:00,4.52
2025-04-18 07:00:00,19.21
2025-04-18 08:00:00,51.05
2025-04-18 09:00:00,54.73
2025-04-18 10:00:00,83.99
2025-04-18 11:00:00,429.84
2025-04-18 12:00:00,258.83
2025-04-18 13:00:00,133.21
2025-04-18 14:00:00,99.91
2025-04-18 15:00:00,19.63
2025-04-18 16:00:00,2.38
2025-04-18 17:00:00,0.64
2025-04-18 18:00:00,0.0
2025-04-18 19:00:00,0.0
2025-04-18 20:00:00,0.0
2025-04-18 21:00:00,0.0
2025-04-18 22:00:00,0.0
2025-04-18 23:00:00,0.0
2025-04-19 00:00:00,0.0
2025-04-19 01:00:00,0.0
2025-04-19 02:00:00,0.0
2025-04-19 03:00:00,0.0
2025-04-19 04:00:00,0.0
2025-04-19 05:00:00,0.64
2025-04-19 06:00:00,78.01
2025-04-19 07:00:00,263.9
2025-04-19 08:00:00,372.98
2025-04-19 09:00:00,408.14
2025-04-19 10:00:00,425.46
2025-04-19 11:00:00,352.38
2025-04-19 12:00:00,544.14
2025-04-19 13:00:00,550.93
2025-04-19 14:00:00,412.67
2025-04-19 15:00:00,405.47
2025-04-19 16:00:00,237.46
2025-04-19 17:00:00,77.46
2025-04-19 18:00:00,0.0
2025-04-19 19:00:00,0.0
2025-04-19 20:00:00,0.0
2025-04-19 21:00:00,0.0
2025-04-19 22:00:00,0.0
2025-04-19 23:00:00,0.0
2025-04-20 00:00:00,0.0
2025-04-20 01:00:00,0.0
2025-04-20 02:00:00,0.0
2025-04-20 03:00:00,0.0
2025-04-20 04:00:00,0.0
2025-04-20 05:00:00,0.0
2025-04-20 06:00:00,34.72
2025-04-20 07:00:00,130.23
2025-04-20 08:00:00,220.82
2025-04-20 09:00:00,303.53
2025-04-20 10:00:00,317.0
2025-04-20 11:00:00,386.97
2025-04-20 12:00:00,317.33
2025-04-20 13:00:00,316.86
2025-04-20 14:00:00,241.91
2025-04-20 15:00:00,192.27
2025-04-20 16:00:00,45.35
2025-04-20 17:00:00,22.29
2025-04-20 18:00:00,0.0
2025-04-20 19:00:00,0.0
2025-04-20 20:00:00,0.0
2025-04-20 21:00:00,0.0
2025-04-20 22:00:00,0.0
2025-04-20 23:00:00,0.0
2025-04-21 00:00:00,0.0
2025-04-21 01:00:00,0.0
2025-04-21 02:00:00,0.0
2025-04-21 03:00:00,0.0
2025-04-21 04:00:00,0.0
2025-04-21 05:00:00,0.0
2025-04-21 06:00:00,2.7
2025-04-21 07:00:00,9.76
2025-04-21 08:00:00,9.62
2025-04-21 09:00:00,10.65
2025-04-21 10:00:00,37.85
2025-04-21 11:00:00,133.95
2025-04-21 12:00:00,94.21
2025-04-21 13:00:00,234.82
2025-04-21 14:00:00,96.01
2025-04-21 15:00:00,95.91
2025-04-21 16:00:00,55.88
2025-04-21 17:00:00,17.16
2025-04-21 18:00:00,0.0
2025-04-21 19:00:00,0.0
2025-04-21 20:00:00,0.0
2025-04-21 21:00:00,0.0
2025-04-21 22:00:00,0.0
2025-04-21 23:00:00,0.0
2025-04-22 00:00:00,0.0
2025-04-22 01:00:00,0.0
2025-04-22 02:00:00,0.0
2025-04-22 03:00:00,0.0
2025-04-22 04:00:00,0.0
2025-04-22 05:00:00,0.0
2025-04-22 06:00:00,0.64
2025-04-22 07:00:00,2.38
2025-04-22 08:00:00,12.49
2025-04-22 09:00:00,25.35
2025-04-22 10:00:00,16.16
2025-04-22 11:00:00,40.44
2025-04-22 12:00:00,95.02
2025-04-22 13:00:00,26.58
2025-04-22 14:00:00,8.55
2025-04-22 15:00:00,7.69
2025-04-22 16:00:00,3.44
2025-04-22 17:00:00,0.5
2025-04-22 18:00:00,0.0
2025-04-22 19:00:00,0.0
2025-04-22 20:00:00,0.0
2025-04-22 21:00:00,0.0
2025-04-22 22:00:00,0.0
2025-04-22 23:00:00,0.0
2025-04-23 00:00:00,0.0
2025-04-23 01:00:00,0.0
2025-04-23 02:00:00,0.0
2025-04-23 03:00:00,0.0
2025-04-23 04:00:00,0.0
2025-04-23 05:00:00,0.0
2025-04-23 06:00:00,2.47
2025-04-23 07:00:00,9.95
2025-04-23 08:00:00,30.01
2025-04-23 09:00:00,53.74
2025-04-23 10:00:00,108.0
2025-04-23 11:00:00,215.94
2025-04-23 12:00:00,166.49
2025-04-23 13:00:00,91.94
2025-04-23 14:00:00,51.14
2025-04-23 15:00:00,28.89
2025-04-23 16:00:00,19.77
2025-04-23 17:00:00,5.42
2025-04-23 18:00:00,0.0
2025-04-23 19:00:00,0.0
2025-04-23 20:00:00,0.0
2025-04-23 21:00:00,0.0
2025-04-23 22:00:00,0.0
2025-04-23 23:00:00,0.0
2025-04-24 00:00:00,0.0
2025-04-24 01:00:00,0.0
2025-04-24 02:00:00,0.0
2025-04-24 03:00:00,0.0
2025-04-24 04:00:00,0.0
2025-04-24 05:00:00,1.17
2025-04-24 06:00:00,104.35
2025-04-24 07:00:00,290.84
2025-04-24 08:00:00,386.85
2025-04-24 09:00:00,539.28
2025-04-24 10:00:00,608.59
2025-04-24 11:00:00,576.61
2025-04-24 12:00:00,462.76
2025-04-24 13:00:00,510.54
2025-04-24 14:00:00,399.83
2025-04-24 15:00:00,278.24
2025-04-24 16:00:00,197.53
2025-04-24 17:00:00,41.48
2025-04-24 18:00:00,0.0
2025-04-24 19:00:00,0.0
2025-04-24 20:00:00,0.0
2025-04-24 21:00:00,0.0
2025-04-24 22:00:00,0.0
2025-04-24 23:00:00,0.0
2025-04-25 00:00:00,0.0
2025-04-25 01:00:00,0.0
2025-04-25 02:00:00,0.0
2025-04-25 03:00:00,0.0
2025-04-25 04:00:00,0.0
2025-04-25 05:00:00,1.16
2025-04-25 06:00:00,22.59
2025-04-25 07:00:00,79.58
2025-04-25 08:00:00,404.34
2025-04-25 09:00:00,333.14
2025-04-25 10:00:00,343.75
2025-04-25 11:00:00,367.28
2025-04-25 12:00:00,588.54
2025-04-25 13:00:00,517.35
2025-04-25 14:00:00,403.62
2025-04-25 15:00:00,379.79
2025-04-25 16:00:00,166.76
2025-04-25 17:00:00,20.7
2025-04-25 18:00:00,0.0
2025-04-25 19:00:00,0.0
2025-04-25 20:00:00,0.0
2025-04-25 21:00:00,0.0
2025-04-25 22:00:00,0.0
2025-04-25 23:00:00,0.0
2025-04-26 00:00:00,0.0
2025-04-26 01:00:00,0.0
2025-04-26 02:00:00,0.0
2025-04-26 03:00:00,0.0
2025-04-26 04:00:00,0.0
2025-04-26 05:00:00,1.34
2025-04-26 06:00:00,72.33
2025-04-26 07:00:00,151.49
2025-04-26 08:00:00,283.24
2025-04-26 09:00:00,463.1
2025-04-26 10:00:00,540.2
2025-04-26 11:00:00,595.14
2025-04-26 12:00:00,548.53
2025-04-26 13:00:00,539.81
2025-04-26 14:00:00,451.08
2025-04-26 15:00:00,348.03
2025-04-26 16:00:00,199.12
2025-04-26 17:00:00,50.8
2025-04-26 18:00:00,0.0
2025-04-26 19:00:00,0.0
2025-04-26 20:00:00,0.0
2025-04-26 21:00:00,0.0
2025-04-26 22:00:00,0.0
2025-04-26 23:00:00,0.0
2025-04-27 00:00:00,0.0
2025-04-27 01:00:00,0.0
2025-04-27 02:00:00,0.0
2025-04-27 03:00:00,0.0
2025-04-27 04:00:00,0.0
2025-04-27 05:00:00,0.0
2025-04-27 06:00:00,7.43
2025-04-27 07:00:00,88.54
2025-04-27 08:00:00,113.81
2025-04-27 09:00:00,281.73
2025-04-27 10:00:00,400.09
2025-04-27 11:00:00,484.17
2025-04-27 12:00:00,491.6
2025-04-27 13:00:00,360.75
2025-04-27 14:00:00,214.03
2025-04-27 15:00:00,21.63
2025-04-27 16:00:00,8.86
2025-04-27 17:00:00,6.24
2025-04-27 18:00:00,0.0
2025-04-27 19:00:00,0.0
2025-04-27 20:00:00,0.0
2025-04-27 21:00:00,0.0
2025-04-27 22:00:00,0.0
2025-04-27 23:00:00,0.0
2025-04-28 00:00:00,0.0
2025-04-28 01:00:00,0.0
2025-04-28 02:00:00,0.0
2025-04-28 03:00:00,0.0
2025-04-28 04:00:00,0.0
2025-04-28 05:00:00,0.0
2025-04-28 06:00:00,0.0
2025-04-28 07:00:00,0.67
2025-04-28 08:00:00,24.69
2025-04-28 09:00:00,0.0
2025-04-28 10:00:00,18.57
2025-04-28 11:00:00,33.41
2025-04-28 12:00:00,110.07
2025-04-28 13:00:00,212.42
2025-04-28 14:00:00,127.7
2025-04-28 15:00:00,159.66
2025-04-28 16:00:00,56.79
2025-04-28 17:00:00,10.76
2025-04-28 18:00:00,0.0
2025-04-28 19:00:00,0.0
2025-04-28 20:00:00,0.0
2025-04-28 21:00:00,0.0
2025-04-28 22:00:00,0.0
2025-04-28 23:00:00,0.0
2025-04-29 00:00:00,0.0
2025-04-29 01:00:00,0.0
2025-04-29 02:00:00,0.0
2025-04-29 03:00:00,0.0
2025-04-29 04:00:00,0.0
2025-04-29 05:00:00,0.0
2025-04-29 06:00:00,0.0
2025-04-29 07:00:00,0.0
2025-04-29 08:00:00,0.0
2025-04-29 09:00:00,3.26
2025-04-29 10:00:00,11.55
2025-04-29 11:00:00,7.32
2025-04-29 12:00:00,3.18
2025-04-29 13:00:00,122.24
2025-04-29 14:00:00,203.01
2025-04-29 15:00:00,232.15
2025-04-29 16:00:00,113.15
2025-04-29 17:00:00,25.1
2025-04-29 18:00:00,0.0
2025-04-29 19:00:00,0.0
2025-04-29 20:00:00,0.0
2025-04-29 21:00:00,0.0
2025-04-29 22:00:00,0.0
2025-04-29 23:00:00,0.0
2025-04-30 00:00:00,-999.0
2025-04-30 01:00:00,-999.0
2025-04-30 02:00:00,-999.0
2025-04-30 03:00:00,-999.0
2025-04-30 04:00:00,-999.0
2025-04-30 05:00:00,-999.0
2025-04-30 06:00:00,-999.0
2025-04-30 07:00:00,-999.0
2025-04-30 08:00:00,-999.0
2025-04-30 09:00:00,-999.0
2025-04-30 10:00:00,-999.0
2025-04-30 11:00:00,-999.0
2025-04-30 12:00:00,-999.0
2025-04-30 13:00:00,-999.0
2025-04-30 14:00:00,-999.0
2025-04-30 15:00:00,-999.0
2025-04-30 16:00:00,-999.0
2025-04-30 17:00:00,-999.0
2025-04-30 18:00:00,-999.0
2025-04-30 19:00:00,-999.0
2025-04-30 20:00:00,-999.0
2025-04-30 21:00:00,-999.0
2025-04-30 22:00:00,-999.0
2025-04-30 23:00:00,-999.0
2025-05-01 00:00:00,-999.0
2025-05-01 01:00:00,-999.0
2025-05-01 02:00:00,-999.0
2025-05-01 03:00:00,-999.0
2025-05-01 04:00:00,-999.0
2025-05-01 05:00:00,-999.0
2025-05-01 06:00:00,-999.0
2025-05-01 07:00:00,-999.0
2025-05-01 08:00:00,-999.0
2025-05-01 09:00:00,-999.0
2025-05-01 10:00:00,-999.0
2025-05-01 11:00:00,-999.0
2025-05-01 12:00:00,-999.0
2025-05-01 13:00:00,-999.0
2025-05-01 14:00:00,-999.0
2025-05-01 15:00:00,-999.0
2025-05-01 16:00:00,-999.0
2025-05-01 17:00:00,-999.0
2025-05-01 18:00:00,-999.0
2025-05-01 19:00:00,-999.0
2025-05-01 20:00:00,-999.0
2025-05-01 21:00:00,-999.0
2025-05-01 22:00:00,-999.0
2025-05-01 23:00:00,-999.0
2025-05-02 00:00:00,-999.0
2025-05-02 01:00:00,-999.0
2025-05-02 02:00:00,-999.0
2025-05-02 03:00:00,-999.0
2025-05-02 04:00:00,-999.0
2025-05-02 05:00:00,-999.0
2025-05-02 06:00:00,-999.0
2025-05-02 07:00:00,-999.0
2025-05-02 08:00:00,-999.0
2025-05-02 09:00:00,-999.0
2025-05-02 10:00:00,-999.0
2025-05-02 11:00:00,-999.0
2025-05-02 12:00:00,-999.0
2025-05-02 13:00:00,-999.0
2025-05-02 14:00:00,-999.0
2025-05-02 15:00:00,-999.0
2025-05-02 16:00:00,-999.0
2025-05-02 17:00:00,-999.0
2025-05-02 18:00:00,-999.0
2025-05-02 19:00:00,-999.0
2025-05-02 20:00:00,-999.0
2025-05-02 21:00:00,-999.0
2025-05-02 22:00:00,-999.0
2025-05-02 23:00:00,-999.0
2025-05-03 00:00:00,-999.0
2025-05-03 01:00:00,-999.0
2025-05-03 02:00:00,-999.0
2025-05-03 03:00:00,-999.0
2025-05-03 04:00:00,-999.0
2025-05-03 05:00:00,-999.0
2025-05-03 06:00:00,-999.0
2025-05-03 07:00:00,-999.0
2025-05-03 08:00:00,-999.0
2025-05-03 09:00:00,-999.0
2025-05-03 10:00:00,-999.0
2025-05-03 11:00:00,-999.0
2025-05-03 12:00:00,-999.0
2025-05-03 13:00:00,-999.0
2025-05-03 14:00:00,-999.0
2025-05-03 15:00:00,-999.0
2025-05-03 16:00:00,-999.0
2025-05-03 17:00:00,-999.0
2025-05-03 18:00:00,-999.0
2025-05-03 19:00:00,-999.0
2025-05-03 20:00:00,-999.0
2025-05-03 21:00:00,-999.0
2025-05-03 22:00:00,-999.0
2025-05-03 23:00:00,-999.0
2025-05-04 00:00:00,-999.0
2025-05-04 01:00:00,-999.0
2025-05-04 02:00:00,-999.0
2025-05-04 03:00:00,-999.0
2025-05-04 04:00:00,-999.0
2025-05-04 05:00:00,-999.0
2025-05-04 06:00:00,-999.0
2025-05-04 07:00:00,-999.0
2025-05-04 08:00:00,-999.0
2025-05-04 09:00:00,-999.0
2025-05-04 10:00:00,-999.0
2025-05-04 11:00:00,-999.0
2025-05-04 12:00:00,-999.0
2025-05-04 13:00:00,-999.0
2025-05-04 14:00:00,-999.0
2025-05-04 15:00:00,-999.0
2025-05-04 16:00:00,-999.0
2025-05-04 17:00:00,-999.0
2025-05-04 18:00:00,-999.0
2025-05-04 19:00:00,-999.0
2025-05-04 20:00:00,-999.0
2025-05-04 21:00:00,-999.0
2025-05-04 22:00:00,-999.0
2025-05-04 23:00:00,-999.0
2025-05-05 00:00:00,-999.0
2025-05-05 01:00:00,-999.0
2025-05-05 02:00:00,-999.0
2025-05-05 03:00:00,-999.0
2025-05-05 04:00:00,-999.0
2025-05-05 05:00:00,-999.0
2025-05-05 06:00:00,-999.0
2025-05-05 07:00:00,-999.0
2025-05-05 08:00:00,-999.0
2025-05-05 09:00:00,-999.0
2025-05-05 10:00:00,-999.0
2025-05-05 11:00:00,-999.0
2025-05-05 12:00:00,-999.0
2025-05-05 13:00:00,-999.0
2025-05-05 14:00:00,-999.0
2025-05-05 15:00:00,-999.0
2025-05-05 16:00:00,-999.0
2025-05-05 17:00:00,-999.0
2025-05-05 18:00:00,-999.0
2025-05-05 19:00:00,-999.0
2025-05-05 20:00:00,-999.0
2025-05-05 21:00:00,-999.0
2025-05-05 22:00:00,-999.0
2025-05-05 23:00:00,-999.0
2025-05-06 00:00:00,-999.0
2025-05-06 01:00:00,-999.0
2025-05-06 02:00:00,-999.0
2025-05-06 03:00:00,-999.0
2025-05-06 04:00:00,-999.0
2025-05-06 05:00:00,-999.0
2025-05-06 06:00:00,-999.0
2025-05-06 07:00:00,-999.0
2025-05-06 08:00:00,-999.0
2025-05-06 09:00:00,-999.0
2025-05-06 10:00:00,-999.0
2025-05-06 11:00:00,-999.0
2025-05-06 12:00:00,-999.0
2025-05-06 13:00:00,-999.0
2025-05-06 14:00:00,-999.0
2025-05-06 15:00:00,-999.0
2025-05-06 16:00:00,-999.0
2025-05-06 17:00:00,-999.0
2025-05-06 18:00:00,-999.0
2025-05-06 19:00:00,-999.0
2025-05-06 20:00:00,-999.0
2025-05-06 21:00:00,-999.0
2025-05-06 22:00:00,-999.0
2025-05-06 23:00:00,-999.0
2025-05-07 00:00:00,-999.0
2025-05-07 01:00:00,-999.0
2025-05-07 02:00:00,-999.0
2025-05-07 03:00:00,-999.0
2025-05-07 04:00:00,-999.0
2025-05-07 05:00:00,-999.0
2025-05-07 06:00:00,-999.0
2025-05-07 07:00:00,-999.0
2025-05-07 08:00:00,-999.0
2025-05-07 09:00:00,-999.0
2025-05-07 10:00:00,-999.0
2025-05-07 11:00:00,-999.0
2025-05-07 12:00:00,-999.0
2025-05-07 13:00:00,-999.0
2025-05-07 14:00:00,-999.0
2025-05-07 15:00:00,-999.0
2025-05-07 16:00:00,-999.0
2025-05-07 17:00:00,-999.0
2025-05-07 18:00:00,-999.0
2025-05-07 19:00:00,-999.0
2025-05-07 20:00:00,-999.0
2025-05-07 21:00:00,-999.0
2025-05-07 22:00:00,-999.0
2025-05-07 23:00:00,-999.0
2025-05-08 00:00:00,-999.0
2025-05-08 01:00:00,-999.0
2025-05-08 02:00:00,-999.0
2025-05-08 03:00:00,-999.0
2025-05-08 04:00:00,-999.0
2025-05-08 05:00:00,-999.0
2025-05-08 06:00:00,-999.0
2025-05-08 07:00:00,-999.0
2025-05-08 08:00:00,-999.0
2025-05-08 09:00:00,-999.0
2025-05-08 10:00:00,-999.0
2025-05-08 11:00:00,-999.0
2025-05-08 12:00:00,-999.0
2025-05-08 13:00:00,-999.0
2025-05-08 14:00:00,-999.0
2025-05-08 15:00:00,-999.0
2025-05-08 16:00:00,-999.0
2025-05-08 17:00:00,-999.0
2025-05-08 18:00:00,-999.0
2025-05-08 19:00:00,-999.0
2025-05-08 20:00:00,-999.0
2025-05-08 21:00:00,-999.0
2025-05-08 22:00:00,-999.0
2025-05-08 23:00:00,-999.0
2025-05-09 00:00:00,-999.0
2025-05-09 01:00:00,-999.0
2025-05-09 02:00:00,-999.0
2025-05-09 03:00:00,-999.0
2025-05-09 04:00:00,-999.0
2025-05-09 05:00:00,-999.0
2025-05-09 06:00:00,-999.0
2025-05-09 07:00:00,-999.0
2025-05-09 08:00:00,-999.0
2025-05-09 09:00:00,-999.0
2025-05-09 10:00:00,-999.0
2025-05-09 11:00:00,-999.0
2025-05-09 12:00:00,-999.0
2025-05-09 13:00:00,-999.0
2025-05-09 14:00:00,-999.0
2025-05-09 15:00:00,-999.0
2025-05-09 16:00:00,-999.0
2025-05-09 17:00:00,-999.0
2025-05-09 18:00:00,-999.0
2025-05-09 19:00:00,-999.0
2025-05-09 20:00:00,-999.0
2025-05-09 21:00:00,-999.0
2025-05-09 22:00:00,-999.0
2025-05-09 23:00:00,-999.0
2025-05-10 00:00:00,-999.0
2025-05-10 01:00:00,-999.0
2025-05-10 02:00:00,-999.0
2025-05-10 03:00:00,-999.0
2025-05-10 04:00:00,-999.0
2025-05-10 05:00:00,-999.0
2025-05-10 06:00:00,-999.0
2025-05-10 07:00:00,-999.0
2025-05-10 08:00:00,-999.0
2025-05-10 09:00:00,-999.0
2025-05-10 10:00:00,-999.0
2025-05-10 11:00:00,-999.0
2025-05-10 12:00:00,-999.0
2025-05-10 13:00:00,-999.0
2025-05-10 14:00:00,-999.0
2025-05-10 15:00:00,-999.0
2025-05-10 16:00:00,-999.0
2025-05-10 17:00:00,-999.0
2025-05-10 18:00:00,-999.0
2025-05-10 19:00:00,-999.0
2025-05-10 20:00:00,-999.0
2025-05-10 21:00:00,-999.0
2025-05-10 22:00:00,-999.0
2025-05-10 23:00:00,-999.0
2025-05-11 00:00:00,-999.0
2025-05-11 01:00:00,-999.0
2025-05-11 02:00:00,-999.0
2025-05-11 03:00:00,-999.0
2025-05-11 04:00:00,-999.0
2025-05-11 05:00:00,-999.0
2025-05-11 06:00:00,-999.0
2025-05-11 07:00:00,-999.0
2025-05-11 08:00:00,-999.0
2025-05-11 09:00:00,-999.0
2025-05-11 10:00:00,-999.0
2025-05-11 11:00:00,-999.0
2025-05-11 12:00:00,-999.0
2025-05-11 13:00:00,-999.0
2025-05-11 14:00:00,-999.0
2025-05-11 15:00:00,-999.0
2025-05-11 16:00:00,-999.0
2025-05-11 17:00:00,-999.0
2025-05-11 18:00:00,-999.0
2025-05-11 19:00:00,-999.0
2025-05-11 20:00:00,-999.0
2025-05-11 21:00:00,-999.0
2025-05-11 22:00:00,-999.0
2025-05-11 23:00:00,-999.0
2025-05-12 00:00:00,-999.0
2025-05-12 01:00:00,-999.0
2025-05-12 02:00:00,-999.0
2025-05-12 03:00:00,-999.0
2025-05-12 04:00:00,-999.0
2025-05-12 05:00:00,-999.0
2025-05-12 06:00:00,-999.0
2025-05-12 07:00:00,-999.0
2025-05-12 08:00:00,-999.0
2025-05-12 09:00:00,-999.0
2025-05-12 10:00:00,-999.0
2025-05-12 11:00:00,-999.0
2025-05-12 12:00:00,-999.0
2025-05-12 13:00:00,-999.0
2025-05-12 14:00:00,-999.0
2025-05-12 15:00:00,-999.0
2025-05-12 16:00:00,-999.0
2025-05-12 17:00:00,-999.0
2025-05-12 18:00:00,-999.0
2025-05-12 19:00:00,-999.0
2025-05-12 20:00:00,-999.0
2025-05-12 21:00:00,-999.0
2025-05-12 22:00:00,-999.0
2025-05-12 23:00:00,-999.0
2025-05-13 00:00:00,-999.0
2025-05-13 01:00:00,-999.0
2025-05-13 02:00:00,-999.0
2025-05-13 03:00:00,-999.0
2025-05-13 04:00:00,-999.0
2025-05-13 05:00:00,-999.0
2025-05-13 06:00:00,-999.0
2025-05-13 07:00:00,-999.0
2025-05-13 08:00:00,-999.0
2025-05-13 09:00:00,-999.0
2025-05-13 10:00:00,-999.0
2025-05-13 11:00:00,-999.0
2025-05-13 12:00:00,-999.0
2025-05-13 13:00:00,-999.0
2025-05-13 14:00:00,-999.0
2025-05-13 15:00:00,-999.0
2025-05-13 16:00:00,-999.0
2025-05-13 17:00:00,-999.0
2025-05-13 18:00:00,-999.0
2025-05-13 19:00:00,-999.0
2025-05-13 20:00:00,-999.0
2025-05-13 21:00:00,-999.0
2025-05-13 22:00:00,-999.0
2025-05-13 23:00:00,-999.0
2025-05-14 00:00:00,-999.0
2025-05-14 01:00:00,-999.0
2025-05-14 02:00:00,-999.0
2025-05-14 03:00:00,-999.0
2025-05-14 04:00:00,-999.0
2025-05-14 05:00:00,-999.0
2025-05-14 06:00:00,-999.0
2025-05-14 07:00:00,-999.0
2025-05-14 08:00:00,-999.0
2025-05-14 09:00:00,-999.0
2025-05-14 10:00:00,-999.0
2025-05-14 11:00:00,-999.0
2025-05-14 12:00:00,-999.0
2025-05-14 13:00:00,-999.0
2025-05-14 14:00:00,-999.0
2025-05-14 15:00:00,-999.0
2025-05-14 16:00:00,-999.0
2025-05-14 17:00:00,-999.0
2025-05-14 18:00:00,-999.0
2025-05-14 19:00:00,-999.0
2025-05-14 20:00:00,-999.0
2025-05-14 21:00:00,-999.0
2025-05-14 22:00:00,-999.0
2025-05-14 23:00:00,-999.0
2025-05-15 00:00:00,-999.0
2025-05-15 01:00:00,-999.0
2025-05-15 02:00:00,-999.0
2025-05-15 03:00:00,-999.0
2025-05-15 04:00:00,-999.0
2025-05-15 05:00:00,-999.0
2025-05-15 06:00:00,-999.0
2025-05-15 07:00:00,-999.0
2025-05-15 08:00:00,-999.0
2025-05-15 09:00:00,-999.0
2025-05-15 10:00:00,-999.0
2025-05-15 11:00:00,-999.0
2025-05-15 12:00:00,-999.0
2025-05-15 13:00:00,-999.0
2025-05-15 14:00:00,-999.0
2025-05-15 15:00:00,-999.0
2025-05-15 16:00:00,-999.0
2025-05-15 17:00:00,-999.0
2025-05-15 18:00:00,-999.0
2025-05-15 19:00:00,-999.0
2025-05-15 20:00:00,-999.0
2025-05-15 21:00:00,-999.0
2025-05-15 22:00:00,-999.0
2025-05-15 23:00:00,-999.0
2025-05-16 00:00:00,-999.0
2025-05-16 01:00:00,-999.0
2025-05-16 02:00:00,-999.0
2025-05-16 03:00:00,-999.0
2025-05-16 04:00:00,-999.0
2025-05-16 05:00:00,-999.0
2025-05-16 06:00:00,-999.0
2025-05-16 07:00:00,-999.0
2025-05-16 08:00:00,-999.0
2025-05-16 09:00:00,-999.0
2025-05-16 10:00:00,-999.0
2025-05-16 11:00:00,-999.0
2025-05-16 12:00:00,-999.0
2025-05-16 13:00:00,-999.0
2025-05-16 14:00:00,-999.0
2025-05-16 15:00:00,-999.0
2025-05-16 16:00:00,-999.0
2025-05-16 17:00:00,-999.0
2025-05-16 18:00:00,-999.0
2025-05-16 19:00:00,-999.0
2025-05-16 20:00:00,-999.0
2025-05-16 21:00:00,-999.0
2025-05-16 22:00:00,-999.0
2025-05-16 23:00:00,-999.0
2025-05-17 00:00:00,-999.0
2025-05-17 01:00:00,-999.0
2025-05-17 02:00:00,-999.0
2025-05-17 03:00:00,-999.0
2025-05-17 04:00:00,-999.0
2025-05-17 05:00:00,-999.0
2025-05-17 06:00:00,-999.0
2025-05-17 07:00:00,-999.0
2025-05-17 08:00:00,-999.0
2025-05-17 09:00:00,-999.0
2025-05-17 10:00:00,-999.0
2025-05-17 11:00:00,-999.0
2025-05-17 12:00:00,-999.0
2025-05-17 13:00:00,-999.0
2025-05-17 14:00:00,-999.0
2025-05-17 15:00:00,-999.0
2025-05-17 16:00:00,-999.0
2025-05-17 17:00:00,-999.0
2025-05-17 18:00:00,-999.0
2025-05-17 19:00:00,-999.0
2025-05-17 20:00:00,-999.0
2025-05-17 21:00:00,-999.0
2025-05-17 22:00:00,-999.0
2025-05-17 23:00:00,-999.0
2025-05-18 00:00:00,-999.0
2025-05-18 01:00:00,-999.0
2025-05-18 02:00:00,-999.0
2025-05-18 03:00:00,-999.0
2025-05-18 04:00:00,-999.0
2025-05-18 05:00:00,-999.0
2025-05-18 06:00:00,-999.0
2025-05-18 07:00:00,-999.0
2025-05-18 08:00:00,-999.0
2025-05-18 09:00:00,-999.0
2025-05-18 10:00:00,-999.0
2025-05-18 11:00:00,-999.0
2025-05-18 12:00:00,-999.0
2025-05-18 13:00:00,-999.0
2025-05-18 14:00:00,-999.0
2025-05-18 15:00:00,-999.0
2025-05-18 16:00:00,-999.0
2025-05-18 17:00:00,-999.0
2025-05-18 18:00:00,-999.0
2025-05-18 19:00:00,-999.0
2025-05-18 20:00:00,-999.0
2025-05-18 21:00:00,-999.0
2025-05-18 22:00:00,-999.0
2025-05-18 23:00:00,-999.0
2025-05-19 00:00:00,-999.0
2025-05-19 01:00:00,-999.0
2025-05-19 02:00:00,-999.0
2025-05-19 03:00:00,-999.0
2025-05-19 04:00:00,-999.0
2025-05-19 05:00:00,-999.0
2025-05-19 06:00:00,-999.0
2025-05-19 07:00:00,-999.0
2025-05-19 08:00:00,-999.0
2025-05-19 09:00:00,-999.0
2025-05-19 10:00:00,-999.0
2025-05-19 11:00:00,-999.0
2025-05-19 12:00:00,-999.0
2025-05-19 13:00:00,-999.0
2025-05-19 14:00:00,-999.0
2025-05-19 15:00:00,-999.0
2025-05-19 16:00:00,-999.0
2025-05-19 17:00:00,-999.0
2025-05-19 18:00:00,-999.0
2025-05-19 19:00:00,-999.0
2025-05-19 20:00:00,-999.0
2025-05-19 21:00:00,-999.0
2025-05-19 22:00:00,-999.0
2025-05-19 23:00:00,-999.0
2025-05-20 00:00:00,-999.0
2025-05-20 01:00:00,-999.0
2025-05-20 02:00:00,-999.0
2025-05-20 03:00:00,-999.0
2025-05-20 04:00:00,-999.0
2025-05-20 05:00:00,-999.0
2025-05-20 06:00:00,-999.0
2025-05-20 07:00:00,-999.0
2025-05-20 08:00:00,-999.0
2025-05-20 09:00:00,-999.0
2025-05-20 10:00:00,-999.0
2025-05-20 11:00:00,-999.0
2025-05-20 12:00:00,-999.0
2025-05-20 13:00:00,-999.0
2025-05-20 14:00:00,-999.0
2025-05-20 15:00:00,-999.0
2025-05-20 16:00:00,-999.0
2025-05-20 17:00:00,-999.0
2025-05-20 18:00:00,-999.0
2025-05-20 19:00:00,-999.0
2025-05-20 20:00:00,-999.0
2025-05-20 21:00:00,-999.0
2025-05-20 22:00:00,-999.0
2025-05-20 23:00:00,-999.0
2025-05-21 00:00:00,-999.0
2025-05-21 01:00:00,-999.0
2025-05-21 02:00:00,-999.0
2025-05-21 03:00:00,-999.0
2025-05-21 04:00:00,-999.0
2025-05-21 05:00:00,-999.0
2025-05-21 06:00:00,-999.0
2025-05-21 07:00:00,-999.0
2025-05-21 08:00:00,-999.0
2025-05-21 09:00:00,-999.0
2025-05-21 10:00:00,-999.0
2025-05-21 11:00:00,-999.0
2025-05-21 12:00:00,-999.0
2025-05-21 13:00:00,-999.0
2025-05-21 14:00:00,-999.0
2025-05-21 15:00:00,-999.0
2025-05-21 16:00:00,-999.0
2025-05-21 17:00:00,-999.0
2025-05-21 18:00:00,-999.0
2025-05-21 19:00:00,-999.0
2025-05-21 20:00:00,-999.0
2025-05-21 21:00:00,-999.0
2025-05-21 22:00:00,-999.0
2025-05-21 23:00:00,-999.0
2025-05-22 00:00:00,-999.0
2025-05-22 01:00:00,-999.0
2025-05-22 02:00:00,-999.0
2025-05-22 03:00:00,-999.0
2025-05-22 04:00:00,-999.0
2025-05-22 05:00:00,-999.0
2025-05-22 06:00:00,-999.0
2025-05-22 07:00:00,-999.0
2025-05-22 08:00:00,-999.0
2025-05-22 09:00:00,-999.0
2025-05-22 10:00:00,-999.0
2025-05-22 11:00:00,-999.0
2025-05-22 12:00:00,-999.0
2025-05-22 13:00:00,-999.0
2025-05-22 14:00:00,-999.0
2025-05-22 15:00:00,-999.0
2025-05-22 16:00:00,-999.0
2025-05-22 17:00:00,-999.0
2025-05-22 18:00:00,-999.0
2025-05-22 19:00:00,-999.0
2025-05-22 20:00:00,-999.0
2025-05-22 21:00:00,-999.0
2025-05-22 22:00:00,-999.0
2025-05-22 23:00:00,-999.0
2025-05-23 00:00:00,-999.0
2025-05-23 01:00:00,-999.0
2025-05-23 02:00:00,-999.0
2025-05-23 03:00:00,-999.0
2025-05-23 04:00:00,-999.0
2025-05-23 05:00:00,-999.0
2025-05-23 06:00:00,-999.0
2025-05-23 07:00:00,-999.0
2025-05-23 08:00:00,-999.0
2025-05-23 09:00:00,-999.0
2025-05-23 10:00:00,-999.0
2025-05-23 11:00:00,-999.0
2025-05-23 12:00:00,-999.0
2025-05-23 13:00:00,-999.0
2025-05-23 14:00:00,-999.0
2025-05-23 15:00:00,-999.0
2025-05-23 16:00:00,-999.0
2025-05-23 17:00:00,-999.0
2025-05-23 18:00:00,-999.0
2025-05-23 19:00:00,-999.0
2025-05-23 20:00:00,-999.0
2025-05-23 21:00:00,-999.0
2025-05-23 22:00:00,-999.0
2025-05-23 23:00:00,-999.0
2025-05-24 00:00:00,-999.0
2025-05-24 01:00:00,-999.0
2025-05-24 02:00:00,-999.0
2025-05-24 03:00:00,-999.0
2025-05-24 04:00:00,-999.0
2025-05-24 05:00:00,-999.0
2025-05-24 06:00:00,-999.0
2025-05-24 07:00:00,-999.0
2025-05-24 08:00:00,-999.0
2025-05-24 09:00:00,-999.0
2025-05-24 10:00:00,-999.0
2025-05-24 11:00:00,-999.0
2025-05-24 12:00:00,-999.0
2025-05-24 13:00:00,-999.0
2025-05-24 14:00:00,-999.0
2025-05-24 15:00:00,-999.0
2025-05-24 16:00:00,-999.0
2025-05-24 17:00:00,-999.0
2025-05-24 18:00:00,-999.0
2025-05-24 19:00:00,-999.0
2025-05-24 20:00:00,-999.0
2025-05-24 21:00:00,-999.0
2025-05-24 22:00:00,-999.0
2025-05-24 23:00:00,-999.0
2025-05-25 00:00:00,-999.0
2025-05-25 01:00:00,-999.0
2025-05-25 02:00:00,-999.0
2025-05-25 03:00:00,-999.0
2025-05-25 04:00:00,-999.0
2025-05-25 05:00:00,-999.0
2025-05-25 06:00:00,-999.0
2025-05-25 07:00:00,-999.0
2025-05-25 08:00:00,-999.0
2025-05-25 09:00:00,-999.0
2025-05-25 10:00:00,-999.0
2025-05-25 11:00:00,-999.0
2025-05-25 12:00:00,-999.0
2025-05-25 13:00:00,-999.0
2025-05-25 14:00:00,-999.0
2025-05-25 15:00:00,-999.0
2025-05-25 16:00:00,-999.0
2025-05-25 17:00:00,-999.0
2025-05-25 18:00:00,-999.0
2025-05-25 19:00:00,-999.0
2025-05-25 20:00:00,-999.0
2025-05-25 21:00:00,-999.0
2025-05-25 22:00:00,-999.0
2025-05-25 23:00:00,-999.0
2025-05-26 00:00:00,-999.0
2025-05-26 01:00:00,-999.0
2025-05-26 02:00:00,-999.0
2025-05-26 03:00:00,-999.0
2025-05-26 04:00:00,-999.0
2025-05-26 05:00:00,-999.0
2025-05-26 06:00:00,-999.0
2025-05-26 07:00:00,-999.0
2025-05-26 08:00:00,-999.0
2025-05-26 09:00:00,-999.0
2025-05-26 10:00:00,-999.0
2025-05-26 11:00:00,-999.0
2025-05-26 12:00:00,-999.0
2025-05-26 13:00:00,-999.0
2025-05-26 14:00:00,-999.0
2025-05-26 15:00:00,-999.0
2025-05-26 16:00:00,-999.0
2025-05-26 17:00:00,-999.0
2025-05-26 18:00:00,-999.0
2025-05-26 19:00:00,-999.0
2025-05-26 20:00:00,-999.0
2025-05-26 21:00:00,-999.0
2025-05-26 22:00:00,-999.0
2025-05-26 23:00:00,-999.0
2025-05-27 00:00:00,-999.0
2025-05-27 01:00:00,-999.0
2025-05-27 02:00:00,-999.0
2025-05-27 03:00:00,-999.0
2025-05-27 04:00:00,-999.0
2025-05-27 05:00:00,-999.0
2025-05-27 06:00:00,-999.0
2025-05-27 07:00:00,-999.0
2025-05-27 08:00:00,-999.0
2025-05-27 09:00:00,-999.0
2025-05-27 10:00:00,-999.0
2025-05-27 11:00:00,-999.0
2025-05-27 12:00:00,-999.0
2025-05-27 13:00:00,-999.0
2025-05-27 14:00:00,-999.0
2025-05-27 15:00:00,-999.0
2025-05-27 16:00:00,-999.0
2025-05-27 17:00:00,-999.0
2025-05-27 18:00:00,-999.0
2025-05-27 19:00:00,-999.0
2025-05-27 20:00:00,-999.0
2025-05-27 21:00:00,-999.0
2025-05-27 22:00:00,-999.0
2025-05-27 23:00:00,-999.0
2025-05-28 00:00:00,-999.0
2025-05-28 01:00:00,-999.0
2025-05-28 02:00:00,-999.0
2025-05-28 03:00:00,-999.0
2025-05-28 04:00:00,-999.0
2025-05-28 05:00:00,-999.0
2025-05-28 06:00:00,-999.0
2025-05-28 07:00:00,-999.0
2025-05-28 08:00:00,-999.0
2025-05-28 09:00:00,-999.0
2025-05-28 10:00:00,-999.0
2025-05-28 11:00:00,-999.0
2025-05-28 12:00:00,-999.0
2025-05-28 13:00:00,-999.0
2025-05-28 14:00:00,-999.0
2025-05-28 15:00:00,-999.0
2025-05-28 16:00:00,-999.0
2025-05-28 17:00:00,-999.0
2025-05-28 18:00:00,-999.0
2025-05-28 19:00:00,-999.0
2025-05-28 20:00:00,-999.0
2025-05-28 21:00:00,-999.0
2025-05-28 22:00:00,-999.0
2025-05-28 23:00:00,-999.0
2025-05-29 00:00:00,-999.0
2025-05-29 01:00:00,-999.0
2025-05-29 02:00:00,-999.0
2025-05-29 03:00:00,-999.0
2025-05-29 04:00:00,-999.0
2025-05-29 05:00:00,-999.0
2025-05-29 06:00:00,-999.0
2025-05-29 07:00:00,-999.0
2025-05-29 08:00:00,-999.0
2025-05-29 09:00:00,-999.0
2025-05-29 10:00:00,-999.0
2025-05-29 11:00:00,-999.0
2025-05-29 12:00:00,-999.0
2025-05-29 13:00:00,-999.0
2025-05-29 14:00:00,-999.0
2025-05-29 15:00:00,-999.0
2025-05-29 16:00:00,-999.0
2025-05-29 17:00:00,-999.0
2025-05-29 18:00:00,-999.0
2025-05-29 19:00:00,-999.0
2025-05-29 20:00:00,-999.0
2025-05-29 21:00:00,-999.0
2025-05-29 22:00:00,-999.0
2025-05-29 23:00:00,-999.0
2025-05-30 00:00:00,-999.0
2025-05-30 01:00:00,-999.0
2025-05-30 02:00:00,-999.0
2025-05-30 03:00:00,-999.0
2025-05-30 04:00:00,-999.0
2025-05-30 05:00:00,-999.0
2025-05-30 06:00:00,-999.0
2025-05-30 07:00:00,-999.0
2025-05-30 08:00:00,-999.0
2025-05-30 09:00:00,-999.0
2025-05-30 10:00:00,-999.0
2025-05-30 11:00:00,-999.0
2025-05-30 12:00:00,-999.0
2025-05-30 13:00:00,-999.0
2025-05-30 14:00:00,-999.0
2025-05-30 15:00:00,-999.0
2025-05-30 16:00:00,-999.0
2025-05-30 17:00:00,-999.0
2025-05-30 18:00:00,-999.0
2025-05-30 19:00:00,-999.0
2025-05-30 20:00:00,-999.0
2025-05-30 21:00:00,-999.0
2025-05-30 22:00:00,-999.0
2025-05-30 23:00:00,-999.0
2025-05-31 00:00:00,-999.0
2025-05-31 01:00:00,-999.0
2025-05-31 02:00:00,-999.0
2025-05-31 03:00:00,-999.0
2025-05-31 04:00:00,-999.0
2025-05-31 05:00:00,-999.0
2025-05-31 06:00:00,-999.0
2025-05-31 07:00:00,-999.0
2025-05-31 08:00:00,-999.0
2025-05-31 09:00:00,-999.0
2025-05-31 10:00:00,-999.0
2025-05-31 11:00:00,-999.0
2025-05-31 12:00:00,-999.0
2025-05-31 13:00:00,-999.0
2025-05-31 14:00:00,-999.0
2025-05-31 15:00:00,-999.0
2025-05-31 16:00:00,-999.0
2025-05-31 17:00:00,-999.0
2025-05-31 18:00:00,-999.0
2025-05-31 19:00:00,-999.0
2025-05-31 20:00:00,-999.0
2025-05-31 21:00:00,-999.0
2025-05-31 22:00:00,-999.0
2025-05-31 23:00:00,-999.0
2025-06-01 00:00:00,-999.0
2025-06-01 01:00:00,-999.0
2025-06-01 02:00:00,-999.0
2025-06-01 03:00:00,-999.0
2025-06-01 04:00:00,-999.0
2025-06-01 05:00:00,-999.0
2025-06-01 06:00:00,-999.0
2025-06-01 07:00:00,-999.0
2025-06-01 08:00:00,-999.0
2025-06-01 09:00:00,-999.0
2025-06-01 10:00:00,-999.0
2025-06-01 11:00:00,-999.0
2025-06-01 12:00:00,-999.0
2025-06-01 13:00:00,-999.0
2025-06-01 14:00:00,-999.0
2025-06-01 15:00:00,-999.0
2025-06-01 16:00:00,-999.0
2025-06-01 17:00:00,-999.0
2025-06-01 18:00:00,-999.0
2025-06-01 19:00:00,-999.0
2025-06-01 20:00:00,-999.0
2025-06-01 21:00:00,-999.0
2025-06-01 22:00:00,-999.0
2025-06-01 23:00:00,-999.0
2025-06-02 00:00:00,-999.0
2025-06-02 01:00:00,-999.0
2025-06-02 02:00:00,-999.0
2025-06-02 03:00:00,-999.0
2025-06-02 04:00:00,-999.0
2025-06-02 05:00:00,-999.0
2025-06-02 06:00:00,-999.0
2025-06-02 07:00:00,-999.0
2025-06-02 08:00:00,-999.0
2025-06-02 09:00:00,-999.0
2025-06-02 10:00:00,-999.0
2025-06-02 11:00:00,-999.0
2025-06-02 12:00:00,-999.0
2025-06-02 13:00:00,-999.0
2025-06-02 14:00:00,-999.0
2025-06-02 15:00:00,-999.0
2025-06-02 16:00:00,-999.0
2025-06-02 17:00:00,-999.0
2025-06-02 18:00:00,-999.0
2025-06-02 19:00:00,-999.0
2025-06-02 20:00:00,-999.0
2025-06-02 21:00:00,-999.0
2025-06-02 22:00:00,-999.0
2025-06-02 23:00:00,-999.0
2025-06-03 00:00:00,-999.0
2025-06-03 01:00:00,-999.0
2025-06-03 02:00:00,-999.0
2025-06-03 03:00:00,-999.0
2025-06-03 04:00:00,-999.0
2025-06-03 05:00:00,-999.0
2025-06-03 06:00:00,-999.0
2025-06-03 07:00:00,-999.0
2025-06-03 08:00:00,-999.0
2025-06-03 09:00:00,-999.0
2025-06-03 10:00:00,-999.0
2025-06-03 11:00:00,-999.0
2025-06-03 12:00:00,-999.0
2025-06-03 13:00:00,-999.0
2025-06-03 14:00:00,-999.0
2025-06-03 15:00:00,-999.0
2025-06-03 16:00:00,-999.0
2025-06-03 17:00:00,-999.0
2025-06-03 18:00:00,-999.0
2025-06-03 19:00:00,-999.0
2025-06-03 20:00:00,-999.0
2025-06-03 21:00:00,-999.0
2025-06-03 22:00:00,-999.0
2025-06-03 23:00:00,-999.0
2025-06-04 00:00:00,-999.0
2025-06-04 01:00:00,-999.0
2025-06-04 02:00:00,-999.0
2025-06-04 03:00:00,-999.0
2025-06-04 04:00:00,-999.0
2025-06-04 05:00:00,-999.0
2025-06-04 06:00:00,-999.0
2025-06-04 07:00:00,-999.0
2025-06-04 08:00:00,-999.0
2025-06-04 09:00:00,-999.0
2025-06-04 10:00:00,-999.0
2025-06-04 11:00:00,-999.0
2025-06-04 12:00:00,-999.0
2025-06-04 13:00:00,-999.0
2025-06-04 14:00:00,-999.0
2025-06-04 15:00:00,-999.0
2025-06-04 16:00:00,-999.0
2025-06-04 17:00:00,-999.0
2025-06-04 18:00:00,-999.0
2025-06-04 19:00:00,-999.0
2025-06-04 20:00:00,-999.0
2025-06-04 21:00:00,-999.0
2025-06-04 22:00:00,-999.0
2025-06-04 23:00:00,-999.0
2025-06-05 00:00:00,-999.0
2025-06-05 01:00:00,-999.0
2025-06-05 02:00:00,-999.0
2025-06-05 03:00:00,-999.0
2025-06-05 04:00:00,-999.0
2025-06-05 05:00:00,-999.0
2025-06-05 06:00:00,-999.0
2025-06-05 07:00:00,-999.0
2025-06-05 08:00:00,-999.0
2025-06-05 09:00:00,-999.0
2025-06-05 10:00:00,-999.0
2025-06-05 11:00:00,-999.0
2025-06-05 12:00:00,-999.0
2025-06-05 13:00:00,-999.0
2025-06-05 14:00:00,-999.0
2025-06-05 15:00:00,-999.0
2025-06-05 16:00:00,-999.0
2025-06-05 17:00:00,-999.0
2025-06-05 18:00:00,-999.0
2025-06-05 19:00:00,-999.0
2025-06-05 20:00:00,-999.0
2025-06-05 21:00:00,-999.0
2025-06-05 22:00:00,-999.0
2025-06-05 23:00:00,-999.0
2025-06-06 00:00:00,-999.0
2025-06-06 01:00:00,-999.0
2025-06-06 02:00:00,-999.0
2025-06-06 03:00:00,-999.0
2025-06-06 04:00:00,-999.0
2025-06-06 05:00:00,-999.0
2025-06-06 06:00:00,-999.0
2025-06-06 07:00:00,-999.0
2025-06-06 08:00:00,-999.0
2025-06-06 09:00:00,-999.0
2025-06-06 10:00:00,-999.0
2025-06-06 11:00:00,-999.0
2025-06-06 12:00:00,-999.0
2025-06-06 13:00:00,-999.0
2025-06-06 14:00:00,-999.0
2025-06-06 15:00:00,-999.0
2025-06-06 16:00:00,-999.0
2025-06-06 17:00:00,-999.0
2025-06-06 18:00:00,-999.0
2025-06-06 19:00:00,-999.0
2025-06-06 20:00:00,-999.0
2025-06-06 21:00:00,-999.0
2025-06-06 22:00:00,-999.0
2025-06-06 23:00:00,-999.0
2025-06-07 00:00:00,-999.0
2025-06-07 01:00:00,-999.0
2025-06-07 02:00:00,-999.0
2025-06-07 03:00:00,-999.0
2025-06-07 04:00:00,-999.0
2025-06-07 05:00:00,-999.0
2025-06-07 06:00:00,-999.0
2025-06-07 07:00:00,-999.0
2025-06-07 08:00:00,-999.0
2025-06-07 09:00:00,-999.0
2025-06-07 10:00:00,-999.0
2025-06-07 11:00:00,-999.0
2025-06-07 12:00:00,-999.0
2025-06-07 13:00:00,-999.0
2025-06-07 14:00:00,-999.0
2025-06-07 15:00:00,-999.0
2025-06-07 16:00:00,-999.0
2025-06-07 17:00:00,-999.0
2025-06-07 18:00:00,-999.0
2025-06-07 19:00:00,-999.0
2025-06-07 20:00:00,-999.0
2025-06-07 21:00:00,-999.0
2025-06-07 22:00:00,-999.0
2025-06-07 23:00:00,-999.0
2025-06-08 00:00:00,-999.0
2025-06-08 01:00:00,-999.0
2025-06-08 02:00:00,-999.0
2025-06-08 03:00:00,-999.0
2025-06-08 04:00:00,-999.0
2025-06-08 05:00:00,-999.0
2025-06-08 06:00:00,-999.0
2025-06-08 07:00:00,-999.0
2025-06-08 08:00:00,-999.0
2025-06-08 09:00:00,-999.0
2025-06-08 10:00:00,-999.0
2025-06-08 11:00:00,-999.0
2025-06-08 12:00:00,-999.0
2025-06-08 13:00:00,-999.0
2025-06-08 14:00:00,-999.0
2025-06-08 15:00:00,-999.0
2025-06-08 16:00:00,-999.0
2025-06-08 17:00:00,-999.0
2025-06-08 18:00:00,-999.0
2025-06-08 19:00:00,-999.0
2025-06-08 20:00:00,-999.0
2025-06-08 21:00:00,-999.0
2025-06-08 22:00:00,-999.0
2025-06-08 23:00:00,-999.0
2025-06-09 00:00:00,-999.0
2025-06-09 01:00:00,-999.0
2025-06-09 02:00:00,-999.0
2025-06-09 03:00:00,-999.0
2025-06-09 04:00:00,-999.0
2025-06-09 05:00:00,-999.0
2025-06-09 06:00:00,-999.0
2025-06-09 07:00:00,-999.0
2025-06-09 08:00:00,-999.0
2025-06-09 09:00:00,-999.0
2025-06-09 10:00:00,-999.0
2025-06-09 11:00:00,-999.0
2025-06-09 12:00:00,-999.0
2025-06-09 13:00:00,-999.0
2025-06-09 14:00:00,-999.0
2025-06-09 15:00:00,-999.0
2025-06-09 16:00:00,-999.0
2025-06-09 17:00:00,-999.0
2025-06-09 18:00:00,-999.0
2025-06-09 19:00:00,-999.0
2025-06-09 20:00:00,-999.0
2025-06-09 21:00:00,-999.0
2025-06-09 22:00:00,-999.0
2025-06-09 23:00:00,-999.0
2025-06-10 00:00:00,-999.0
2025-06-10 01:00:00,-999.0
2025-06-10 02:00:00,-999.0
2025-06-10 03:00:00,-999.0
2025-06-10 04:00:00,-999.0
2025-06-10 05:00:00,-999.0
2025-06-10 06:00:00,-999.0
2025-06-10 07:00:00,-999.0
2025-06-10 08:00:00,-999.0
2025-06-10 09:00:00,-999.0
2025-06-10 10:00:00,-999.0
2025-06-10 11:00:00,-999.0
2025-06-10 12:00:00,-999.0
2025-06-10 13:00:00,-999.0
2025-06-10 14:00:00,-999.0
2025-06-10 15:00:00,-999.0
2025-06-10 16:00:00,-999.0
2025-06-10 17:00:00,-999.0
2025-06-10 18:00:00,-999.0
2025-06-10 19:00:00,-999.0
2025-06-10 20:00:00,-999.0
2025-06-10 21:00:00,-999.0
2025-06-10 22:00:00,-999.0
2025-06-10 23:00:00,-999.0
2025-06-11 00:00:00,-999.0
2025-06-11 01:00:00,-999.0
2025-06-11 02:00:00,-999.0
2025-06-11 03:00:00,-999.0
2025-06-11 04:00:00,-999.0
2025-06-11 05:00:00,-999.0
2025-06-11 06:00:00,-999.0
2025-06-11 07:00:00,-999.0
2025-06-11 08:00:00,-999.0
2025-06-11 09:00:00,-999.0
2025-06-11 10:00:00,-999.0
2025-06-11 11:00:00,-999.0
2025-06-11 12:00:00,-999.0
2025-06-11 13:00:00,-999.0
2025-06-11 14:00:00,-999.0
2025-06-11 15:00:00,-999.0
2025-06-11 16:00:00,-999.0
2025-06-11 17:00:00,-999.0
2025-06-11 18:00:00,-999.0
2025-06-11 19:00:00,-999.0
2025-06-11 20:00:00,-999.0
2025-06-11 21:00:00,-999.0
2025-06-11 22:00:00,-999.0
2025-06-11 23:00:00,-999.0
2025-06-12 00:00:00,-999.0
2025-06-12 01:00:00,-999.0
2025-06-12 02:00:00,-999.0
2025-06-12 03:00:00,-999.0
2025-06-12 04:00:00,-999.0
2025-06-12 05:00:00,-999.0
2025-06-12 06:00:00,-999.0
2025-06-12 07:00:00,-999.0
2025-06-12 08:00:00,-999.0
2025-06-12 09:00:00,-999.0
2025-06-12 10:00:00,-999.0
2025-06-12 11:00:00,-999.0
2025-06-12 12:00:00,-999.0
2025-06-12 13:00:00,-999.0
2025-06-12 14:00:00,-999.0
2025-06-12 15:00:00,-999.0
2025-06-12 16:00:00,-999.0
2025-06-12 17:00:00,-999.0
2025-06-12 18:00:00,-999.0
2025-06-12 19:00:00,-999.0
2025-06-12 20:00:00,-999.0
2025-06-12 21:00:00,-999.0
2025-06-12 22:00:00,-999.0
2025-06-12 23:00:00,-999.0
2025-06-13 00:00:00,-999.0
2025-06-13 01:00:00,-999.0
2025-06-13 02:00:00,-999.0
2025-06-13 03:00:00,-999.0
2025-06-13 04:00:00,-999.0
2025-06-13 05:00:00,-999.0
2025-06-13 06:00:00,-999.0
2025-06-13 07:00:00,-999.0
2025-06-13 08:00:00,-999.0
2025-06-13 09:00:00,-999.0
2025-06-13 10:00:00,-999.0
2025-06-13 11:00:00,-999.0
2025-06-13 12:00:00,-999.0
2025-06-13 13:00:00,-999.0
2025-06-13 14:00:00,-999.0
2025-06-13 15:00:00,-999.0
2025-06-13 16:00:00,-999.0
2025-06-13 17:00:00,-999.0
2025-06-13 18:00:00,-999.0
2025-06-13 19:00:00,-999.0
2025-06-13 20:00:00,-999.0
2025-06-13 21:00:00,-999.0
2025-06-13 22:00:00,-999.0
2025-06-13 23:00:00,-999.0
2025-06-14 00:00:00,-999.0
2025-06-14 01:00:00,-999.0
2025-06-14 02:00:00,-999.0
2025-06-14 03:00:00,-999.0
2025-06-14 04:00:00,-999.0
2025-06-14 05:00:00,-999.0
2025-06-14 06:00:00,-999.0
2025-06-14 07:00:00,-999.0
2025-06-14 08:00:00,-999.0
2025-06-14 09:00:00,-999.0
2025-06-14 10:00:00,-999.0
2025-06-14 11:00:00,-999.0
2025-06-14 12:00:00,-999.0
2025-06-14 13:00:00,-999.0
2025-06-14 14:00:00,-999.0
2025-06-14 15:00:00,-999.0
2025-06-14 16:00:00,-999.0
2025-06-14 17:00:00,-999.0
2025-06-14 18:00:00,-999.0
2025-06-14 19:00:00,-999.0
2025-06-14 20:00:00,-999.0
2025-06-14 21:00:00,-999.0
2025-06-14 22:00:00,-999.0
2025-06-14 23:00:00,-999.0
2025-06-15 00:00:00,-999.0
2025-06-15 01:00:00,-999.0
2025-06-15 02:00:00,-999.0
2025-06-15 03:00:00,-999.0
2025-06-15 04:00:00,-999.0
2025-06-15 05:00:00,-999.0
2025-06-15 06:00:00,-999.0
2025-06-15 07:00:00,-999.0
2025-06-15 08:00:00,-999.0
2025-06-15 09:00:00,-999.0
2025-06-15 10:00:00,-999.0
2025-06-15 11:00:00,-999.0
2025-06-15 12:00:00,-999.0
2025-06-15 13:00:00,-999.0
2025-06-15 14:00:00,-999.0
2025-06-15 15:00:00,-999.0
2025-06-15 16:00:00,-999.0
2025-06-15 17:00:00,-999.0
2025-06-15 18:00:00,-999.0
2025-06-15 19:00:00,-999.0
2025-06-15 20:00:00,-999.0
2025-06-15 21:00:00,-999.0
2025-06-15 22:00:00,-999.0
2025-06-15 23:00:00,-999.0
2025-06-16 00:00:00,-999.0
2025-06-16 01:00:00,-999.0
2025-06-16 02:00:00,-999.0
2025-06-16 03:00:00,-999.0
2025-06-16 04:00:00,-999.0
2025-06-16 05:00:00,-999.0
2025-06-16 06:00:00,-999.0
2025-06-16 07:00:00,-999.0
2025-06-16 08:00:00,-999.0
2025-06-16 09:00:00,-999.0
2025-06-16 10:00:00,-999.0
2025-06-16 11:00:00,-999.0
2025-06-16 12:00:00,-999.0
2025-06-16 13:00:00,-999.0
2025-06-16 14:00:00,-999.0
2025-06-16 15:00:00,-999.0
2025-06-16 16:00:00,-999.0
2025-06-16 17:00:00,-999.0
2025-06-16 18:00:00,-999.0
2025-06-16 19:00:00,-999.0
2025-06-16 20:00:00,-999.0
2025-06-16 21:00:00,-999.0
2025-06-16 22:00:00,-999.0
2025-06-16 23:00:00,-999.0
2025-06-17 00:00:00,-999.0
2025-06-17 01:00:00,-999.0
2025-06-17 02:00:00,-999.0
2025-06-17 03:00:00,-999.0
2025-06-17 04:00:00,-999.0
2025-06-17 05:00:00,-999.0
2025-06-17 06:00:00,-999.0
2025-06-17 07:00:00,-999.0
2025-06-17 08:00:00,-999.0
2025-06-17 09:00:00,-999.0
2025-06-17 10:00:00,-999.0
2025-06-17 11:00:00,-999.0
2025-06-17 12:00:00,-999.0
2025-06-17 13:00:00,-999.0
2025-06-17 14:00:00,-999.0
2025-06-17 15:00:00,-999.0
2025-06-17 16:00:00,-999.0
2025-06-17 17:00:00,-999.0
2025-06-17 18:00:00,-999.0
2025-06-17 19:00:00,-999.0
2025-06-17 20:00:00,-999.0
2025-06-17 21:00:00,-999.0
2025-06-17 22:00:00,-999.0
2025-06-17 23:00:00,-999.0
2025-06-18 00:00:00,-999.0
2025-06-18 01:00:00,-999.0
2025-06-18 02:00:00,-999.0
2025-06-18 03:00:00,-999.0
2025-06-18 04:00:00,-999.0
2025-06-18 05:00:00,-999.0
2025-06-18 06:00:00,-999.0
2025-06-18 07:00:00,-999.0
2025-06-18 08:00:00,-999.0
2025-06-18 09:00:00,-999.0
2025-06-18 10:00:00,-999.0
2025-06-18 11:00:00,-999.0
2025-06-18 12:00:00,-999.0
2025-06-18 13:00:00,-999.0
2025-06-18 14:00:00,-999.0
2025-06-18 15:00:00,-999.0
2025-06-18 16:00:00,-999.0
2025-06-18 17:00:00,-999.0
2025-06-18 18:00:00,-999.0
2025-06-18 19:00:00,-999.0
2025-06-18 20:00:00,-999.0
2025-06-18 21:00:00,-999.0
2025-06-18 22:00:00,-999.0
2025-06-18 23:00:00,-999.0
2025-06-19 00:00:00,-999.0
2025-06-19 01:00:00,-999.0
2025-06-19 02:00:00,-999.0
2025-06-19 03:00:00,-999.0
2025-06-19 04:00:00,-999.0
2025-06-19 05:00:00,-999.0
2025-06-19 06:00:00,-999.0
2025-06-19 07:00:00,-999.0
2025-06-19 08:00:00,-999.0
2025-06-19 09:00:00,-999.0
2025-06-19 10:00:00,-999.0
2025-06-19 11:00:00,-999.0
2025-06-19 12:00:00,-999.0
2025-06-19 13:00:00,-999.0
2025-06-19 14:00:00,-999.0
2025-06-19 15:00:00,-999.0
2025-06-19 16:00:00,-999.0
2025-06-19 17:00:00,-999.0
2025-06-19 18:00:00,-999.0
2025-06-19 19:00:00,-999.0
2025-06-19 20:00:00,-999.0
2025-06-19 21:00:00,-999.0
2025-06-19 22:00:00,-999.0
2025-06-19 23:00:00,-999.0
2025-06-20 00:00:00,-999.0
2025-06-20 01:00:00,-999.0
2025-06-20 02:00:00,-999.0
2025-06-20 03:00:00,-999.0
2025-06-20 04:00:00,-999.0
2025-06-20 05:00:00,-999.0
2025-06-20 06:00:00,-999.0
2025-06-20 07:00:00,-999.0
2025-06-20 08:00:00,-999.0
2025-06-20 09:00:00,-999.0
2025-06-20 10:00:00,-999.0
2025-06-20 11:00:00,-999.0
2025-06-20 12:00:00,-999.0
2025-06-20 13:00:00,-999.0
2025-06-20 14:00:00,-999.0
2025-06-20 15:00:00,-999.0
2025-06-20 16:00:00,-999.0
2025-06-20 17:00:00,-999.0
2025-06-20 18:00:00,-999.0
2025-06-20 19:00:00,-999.0
2025-06-20 20:00:00,-999.0
2025-06-20 21:00:00,-999.0
2025-06-20 22:00:00,-999.0
2025-06-20 23:00:00,-999.0
2025-06-21 00:00:00,-999.0
2025-06-21 01:00:00,-999.0
2025-06-21 02:00:00,-999.0
2025-06-21 03:00:00,-999.0
2025-06-21 04:00:00,-999.0
2025-06-21 05:00:00,-999.0
2025-06-21 06:00:00,-999.0
2025-06-21 07:00:00,-999.0
2025-06-21 08:00:00,-999.0
2025-06-21 09:00:00,-999.0
2025-06-21 10:00:00,-999.0
2025-06-21 11:00:00,-999.0
2025-06-21 12:00:00,-999.0
2025-06-21 13:00:00,-999.0
2025-06-21 14:00:00,-999.0
2025-06-21 15:00:00,-999.0
2025-06-21 16:00:00,-999.0
2025-06-21 17:00:00,-999.0
2025-06-21 18:00:00,-999.0
2025-06-21 19:00:00,-999.0
2025-06-21 20:00:00,-999.0
2025-06-21 21:00:00,-999.0
2025-06-21 22:00:00,-999.0
2025-06-21 23:00:00,-999.0
2025-06-22 00:00:00,-999.0
2025-06-22 01:00:00,-999.0
2025-06-22 02:00:00,-999.0
2025-06-22 03:00:00,-999.0
2025-06-22 04:00:00,-999.0
2025-06-22 05:00:00,-999.0
2025-06-22 06:00:00,-999.0
2025-06-22 07:00:00,-999.0
2025-06-22 08:00:00,-999.0
2025-06-22 09:00:00,-999.0
2025-06-22 10:00:00,-999.0
2025-06-22 11:00:00,-999.0
2025-06-22 12:00:00,-999.0
2025-06-22 13:00:00,-999.0
2025-06-22 14:00:00,-999.0
2025-06-22 15:00:00,-999.0
2025-06-22 16:00:00,-999.0
2025-06-22 17:00:00,-999.0
2025-06-22 18:00:00,-999.0
2025-06-22 19:00:00,-999.0
2025-06-22 20:00:00,-999.0
2025-06-22 21:00:00,-999.0
2025-06-22 22:00:00,-999.0
2025-06-22 23:00:00,-999.0
2025-06-23 00:00:00,-999.0
2025-06-23 01:00:00,-999.0
2025-06-23 02:00:00,-999.0
2025-06-23 03:00:00,-999.0
2025-06-23 04:00:00,-999.0
2025-06-23 05:00:00,-999.0
2025-06-23 06:00:00,-999.0
2025-06-23 07:00:00,-999.0
2025-06-23 08:00:00,-999.0
2025-06-23 09:00:00,-999.0
2025-06-23 10:00:00,-999.0
2025-06-23 11:00:00,-999.0
2025-06-23 12:00:00,-999.0
2025-06-23 13:00:00,-999.0
2025-06-23 14:00:00,-999.0
2025-06-23 15:00:00,-999.0
2025-06-23 16:00:00,-999.0
2025-06-23 17:00:00,-999.0
2025-06-23 18:00:00,-999.0
2025-06-23 19:00:00,-999.0
2025-06-23 20:00:00,-999.0
2025-06-23 21:00:00,-999.0
2025-06-23 22:00:00,-999.0
2025-06-23 23:00:00,-999.0
2025-06-24 00:00:00,-999.0
2025-06-24 01:00:00,-999.0
2025-06-24 02:00:00,-999.0
2025-06-24 03:00:00,-999.0
2025-06-24 04:00:00,-999.0
2025-06-24 05:00:00,-999.0
2025-06-24 06:00:00,-999.0
2025-06-24 07:00:00,-999.0
2025-06-24 08:00:00,-999.0
2025-06-24 09:00:00,-999.0
2025-06-24 10:00:00,-999.0
2025-06-24 11:00:00,-999.0
2025-06-24 12:00:00,-999.0
2025-06-24 13:00:00,-999.0
2025-06-24 14:00:00,-999.0
2025-06-24 15:00:00,-999.0
2025-06-24 16:00:00,-999.0
2025-06-24 17:00:00,-999.0
2025-06-24 18:00:00,-999.0
2025-06-24 19:00:00,-999.0
2025-06-24 20:00:00,-999.0
2025-06-24 21:00:00,-999.0
2025-06-24 22:00:00,-999.0
2025-06-24 23:00:00,-999.0
2025-06-25 00:00:00,-999.0
2025-06-25 01:00:00,-999.0
2025-06-25 02:00:00,-999.0
2025-06-25 03:00:00,-999.0
2025-06-25 04:00:00,-999.0
2025-06-25 05:00:00,-999.0
2025-06-25 06:00:00,-999.0
2025-06-25 07:00:00,-999.0
2025-06-25 08:00:00,-999.0
2025-06-25 09:00:00,-999.0
2025-06-25 10:00:00,-999.0
2025-06-25 11:00:00,-999.0
2025-06-25 12:00:00,-999.0
2025-06-25 13:00:00,-999.0
2025-06-25 14:00:00,-999.0
2025-06-25 15:00:00,-999.0
2025-06-25 16:00:00,-999.0
2025-06-25 17:00:00,-999.0
2025-06-25 18:00:00,-999.0
2025-06-25 19:00:00,-999.0
2025-06-25 20:00:00,-999.0
2025-06-25 21:00:00,-999.0
2025-06-25 22:00:00,-999.0
2025-06-25 23:00:00,-999.0
2025-06-26 00:00:00,-999.0
2025-06-26 01:00:00,-999.0
2025-06-26 02:00:00,-999.0
2025-06-26 03:00:00,-999.0
2025-06-26 04:00:00,-999.0
2025-06-26 05:00:00,-999.0
2025-06-26 06:00:00,-999.0
2025-06-26 07:00:00,-999.0
2025-06-26 08:00:00,-999.0
2025-06-26 09:00:00,-999.0
2025-06-26 10:00:00,-999.0
2025-06-26 11:00:00,-999.0
2025-06-26 12:00:00,-999.0
2025-06-26 13:00:00,-999.0
2025-06-26 14:00:00,-999.0
2025-06-26 15:00:00,-999.0
2025-06-26 16:00:00,-999.0
2025-06-26 17:00:00,-999.0
2025-06-26 18:00:00,-999.0
2025-06-26 19:00:00,-999.0
2025-06-26 20:00:00,-999.0
2025-06-26 21:00:00,-999.0
2025-06-26 22:00:00,-999.0
2025-06-26 23:00:00,-999.0
2025-06-27 00:00:00,-999.0
2025-06-27 01:00:00,-999.0
2025-06-27 02:00:00,-999.0
2025-06-27 03:00:00,-999.0
2025-06-27 04:00:00,-999.0
2025-06-27 05:00:00,-999.0
2025-06-27 06:00:00,-999.0
2025-06-27 07:00:00,-999.0
2025-06-27 08:00:00,-999.0
2025-06-27 09:00:00,-999.0
2025-06-27 10:00:00,-999.0
2025-06-27 11:00:00,-999.0
2025-06-27 12:00:00,-999.0
2025-06-27 13:00:00,-999.0
2025-06-27 14:00:00,-999.0
2025-06-27 15:00:00,-999.0
2025-06-27 16:00:00,-999.0
2025-06-27 17:00:00,-999.0
2025-06-27 18:00:00,-999.0
2025-06-27 19:00:00,-999.0
2025-06-27 20:00:00,-999.0
2025-06-27 21:00:00,-999.0
2025-06-27 22:00:00,-999.0
2025-06-27 23:00:00,-999.0
2025-06-28 00:00:00,-999.0
2025-06-28 01:00:00,-999.0
2025-06-28 02:00:00,-999.0
2025-06-28 03:00:00,-999.0
2025-06-28 04:00:00,-999.0
2025-06-28 05:00:00,-999.0
2025-06-28 06:00:00,-999.0
2025-06-28 07:00:00,-999.0
2025-06-28 08:00:00,-999.0
2025-06-28 09:00:00,-999.0
2025-06-28 10:00:00,-999.0
2025-06-28 11:00:00,-999.0
2025-06-28 12:00:00,-999.0
2025-06-28 13:00:00,-999.0
2025-06-28 14:00:00,-999.0
2025-06-28 15:00:00,-999.0
2025-06-28 16:00:00,-999.0
2025-06-28 17:00:00,-999.0
2025-06-28 18:00:00,-999.0
2025-06-28 19:00:00,-999.0
2025-06-28 20:00:00,-999.0
2025-06-28 21:00:00,-999.0
2025-06-28 22:00:00,-999.0
2025-06-28 23:00:00,-999.0
2025-06-29 00:00:00,-999.0
2025-06-29 01:00:00,-999.0
2025-06-29 02:00:00,-999.0
2025-06-29 03:00:00,-999.0
2025-06-29 04:00:00,-999.0
2025-06-29 05:00:00,-999.0
2025-06-29 06:00:00,-999.0
2025-06-29 07:00:00,-999.0
2025-06-29 08:00:00,-999.0
2025-06-29 09:00:00,-999.0
2025-06-29 10:00:00,-999.0
2025-06-29 11:00:00,-999.0
2025-06-29 12:00:00,-999.0
2025-06-29 13:00:00,-999.0
2025-06-29 14:00:00,-999.0
2025-06-29 15:00:00,-999.0
2025-06-29 16:00:00,-999.0
2025-06-29 17:00:00,-999.0
2025-06-29 18:00:00,-999.0
2025-06-29 19:00:00,-999.0
2025-06-29 20:00:00,-999.0
2025-06-29 21:00:00,-999.0
2025-06-29 22:00:00,-999.0
2025-06-29 23:00:00,-999.0
2025-06-30 00:00:00,-999.0
2025-06-30 01:00:00,-999.0
2025-06-30 02:00:00,-999.0
2025-06-30 03:00:00,-999.0
2025-06-30 04:00:00,-999.0
2025-06-30 05:00:00,-999.0
2025-06-30 06:00:00,-999.0
2025-06-30 07:00:00,-999.0
2025-06-30 08:00:00,-999.0
2025-06-30 09:00:00,-999.0
2025-06-30 10:00:00,-999.0
2025-06-30 11:00:00,-999.0
2025-06-30 12:00:00,-999.0
2025-06-30 13:00:00,-999.0
2025-06-30 14:00:00,-999.0
2025-06-30 15:00:00,-999.0
2025-06-30 16:00:00,-999.0
2025-06-30 17:00:00,-999.0
2025-06-30 18:00:00,-999.0
2025-06-30 19:00:00,-999.0
2025-06-30 20:00:00,-999.0
2025-06-30 21:00:00,-999.0
2025-06-30 22:00:00,-999.0
2025-06-30 23:00:00,-999.0
2025-07-01 00:00:00,-999.0
2025-07-01 01:00:00,-999.0
2025-07-01 02:00:00,-999.0
2025-07-01 03:00:00,-999.0
2025-07-01 04:00:00,-999.0
2025-07-01 05:00:00,-999.0
2025-07-01 06:00:00,-999.0
2025-07-01 07:00:00,-999.0
2025-07-01 08:00:00,-999.0
2025-07-01 09:00:00,-999.0
2025-07-01 10:00:00,-999.0
2025-07-01 11:00:00,-999.0
2025-07-01 12:00:00,-999.0
2025-07-01 13:00:00,-999.0
2025-07-01 14:00:00,-999.0
2025-07-01 15:00:00,-999.0
2025-07-01 16:00:00,-999.0
2025-07-01 17:00:00,-999.0
2025-07-01 18:00:00,-999.0
2025-07-01 19:00:00,-999.0
2025-07-01 20:00:00,-999.0
2025-07-01 21:00:00,-999.0
2025-07-01 22:00:00,-999.0
2025-07-01 23:00:00,-999.0
2025-07-02 00:00:00,-999.0
2025-07-02 01:00:00,-999.0
2025-07-02 02:00:00,-999.0
2025-07-02 03:00:00,-999.0
2025-07-02 04:00:00,-999.0
2025-07-02 05:00:00,-999.0
2025-07-02 06:00:00,-999.0
2025-07-02 07:00:00,-999.0
2025-07-02 08:00:00,-999.0
2025-07-02 09:00:00,-999.0
2025-07-02 10:00:00,-999.0
2025-07-02 11:00:00,-999.0
2025-07-02 12:00:00,-999.0
2025-07-02 13:00:00,-999.0
2025-07-02 14:00:00,-999.0
2025-07-02 15:00:00,-999.0
2025-07-02 16:00:00,-999.0
2025-07-02 17:00:00,-999.0
2025-07-02 18:00:00,-999.0
2025-07-02 19:00:00,-999.0
2025-07-02 20:00:00,-999.0
2025-07-02 21:00:00,-999.0
2025-07-02 22:00:00,-999.0
2025-07-02 23:00:00,-999.0
2025-07-03 00:00:00,-999.0
2025-07-03 01:00:00,-999.0
2025-07-03 02:00:00,-999.0
2025-07-03 03:00:00,-999.0
2025-07-03 04:00:00,-999.0
2025-07-03 05:00:00,-999.0
2025-07-03 06:00:00,-999.0
2025-07-03 07:00:00,-999.0
2025-07-03 08:00:00,-999.0
2025-07-03 09:00:00,-999.0
2025-07-03 10:00:00,-999.0
2025-07-03 11:00:00,-999.0
2025-07-03 12:00:00,-999.0
2025-07-03 13:00:00,-999.0
2025-07-03 14:00:00,-999.0
2025-07-03 15:00:00,-999.0
2025-07-03 16:00:00,-999.0
2025-07-03 17:00:00,-999.0
2025-07-03 18:00:00,-999.0
2025-07-03 19:00:00,-999.0
2025-07-03 20:00:00,-999.0
2025-07-03 21:00:00,-999.0
2025-07-03 22:00:00,-999.0
2025-07-03 23:00:00,-999.0
2025-07-04 00:00:00,-999.0
2025-07-04 01:00:00,-999.0
2025-07-04 02:00:00,-999.0
2025-07-04 03:00:00,-999.0
2025-07-04 04:00:00,-999.0
2025-07-04 05:00:00,-999.0
2025-07-04 06:00:00,-999.0
2025-07-04 07:00:00,-999.0
2025-07-04 08:00:00,-999.0
2025-07-04 09:00:00,-999.0
2025-07-04 10:00:00,-999.0
2025-07-04 11:00:00,-999.0
2025-07-04 12:00:00,-999.0
2025-07-04 13:00:00,-999.0
2025-07-04 14:00:00,-999.0
2025-07-04 15:00:00,-999.0
2025-07-04 16:00:00,-999.0
2025-07-04 17:00:00,-999.0
2025-07-04 18:00:00,-999.0
2025-07-04 19:00:00,-999.0
2025-07-04 20:00:00,-999.0
2025-07-04 21:00:00,-999.0
2025-07-04 22:00:00,-999.0
2025-07-04 23:00:00,-999.0
2025-07-05 00:00:00,-999.0
2025-07-05 01:00:00,-999.0
2025-07-05 02:00:00,-999.0
2025-07-05 03:00:00,-999.0
2025-07-05 04:00:00,-999.0
2025-07-05 05:00:00,-999.0
2025-07-05 06:00:00,-999.0
2025-07-05 07:00:00,-999.0
2025-07-05 08:00:00,-999.0
2025-07-05 09:00:00,-999.0
2025-07-05 10:00:00,-999.0
2025-07-05 11:00:00,-999.0
2025-07-05 12:00:00,-999.0
2025-07-05 13:00:00,-999.0
2025-07-05 14:00:00,-999.0
2025-07-05 15:00:00,-999.0
2025-07-05 16:00:00,-999.0
2025-07-05 17:00:00,-999.0
2025-07-05 18:00:00,-999.0
2025-07-05 19:00:00,-999.0
2025-07-05 20:00:00,-999.0
2025-07-05 21:00:00,-999.0
2025-07-05 22:00:00,-999.0
2025-07-05 23:00:00,-999.0
2025-07-06 00:00:00,-999.0
2025-07-06 01:00:00,-999.0
2025-07-06 02:00:00,-999.0
2025-07-06 03:00:00,-999.0
2025-07-06 04:00:00,-999.0
2025-07-06 05:00:00,-999.0
2025-07-06 06:00:00,-999.0
2025-07-06 07:00:00,-999.0
2025-07-06 08:00:00,-999.0
2025-07-06 09:00:00,-999.0
2025-07-06 10:00:00,-999.0
2025-07-06 11:00:00,-999.0
2025-07-06 12:00:00,-999.0
2025-07-06 13:00:00,-999.0
2025-07-06 14:00:00,-999.0
2025-07-06 15:00:00,-999.0
2025-07-06 16:00:00,-999.0
2025-07-06 17:00:00,-999.0
2025-07-06 18:00:00,-999.0
2025-07-06 19:00:00,-999.0
2025-07-06 20:00:00,-999.0
2025-07-06 21:00:00,-999.0
2025-07-06 22:00:00,-999.0
2025-07-06 23:00:00,-999.0
2025-07-07 00:00:00,-999.0
2025-07-07 01:00:00,-999.0
2025-07-07 02:00:00,-999.0
2025-07-07 03:00:00,-999.0
2025-07-07 04:00:00,-999.0
2025-07-07 05:00:00,-999.0
2025-07-07 06:00:00,-999.0
2025-07-07 07:00:00,-999.0
2025-07-07 08:00:00,-999.0
2025-07-07 09:00:00,-999.0
2025-07-07 10:00:00,-999.0
2025-07-07 11:00:00,-999.0
2025-07-07 12:00:00,-999.0
2025-07-07 13:00:00,-999.0
2025-07-07 14:00:00,-999.0
2025-07-07 15:00:00,-999.0
2025-07-07 16:00:00,-999.0
2025-07-07 17:00:00,-999.0
2025-07-07 18:00:00,-999.0
2025-07-07 19:00:00,-999.0
2025-07-07 20:00:00,-999.0
2025-07-07 21:00:00,-999.0
2025-07-07 22:00:00,-999.0
2025-07-07 23:00:00,-999.0
2025-07-08 00:00:00,-999.0
2025-07-08 01:00:00,-999.0
2025-07-08 02:00:00,-999.0
2025-07-08 03:00:00,-999.0
2025-07-08 04:00:00,-999.0
2025-07-08 05:00:00,-999.0
2025-07-08 06:00:00,-999.0
2025-07-08 07:00:00,-999.0
2025-07-08 08:00:00,-999.0
2025-07-08 09:00:00,-999.0
2025-07-08 10:00:00,-999.0
2025-07-08 11:00:00,-999.0
2025-07-08 12:00:00,-999.0
2025-07-08 13:00:00,-999.0
2025-07-08 14:00:00,-999.0
2025-07-08 15:00:00,-999.0
2025-07-08 16:00:00,-999.0
2025-07-08 17:00:00,-999.0
2025-07-08 18:00:00,-999.0
2025-07-08 19:00:00,-999.0
2025-07-08 20:00:00,-999.0
2025-07-08 21:00:00,-999.0
2025-07-08 22:00:00,-999.0
2025-07-08 23:00:00,-999.0
2025-07-09 00:00:00,-999.0
2025-07-09 01:00:00,-999.0
2025-07-09 02:00:00,-999.0
2025-07-09 03:00:00,-999.0
2025-07-09 04:00:00,-999.0
2025-07-09 05:00:00,-999.0
2025-07-09 06:00:00,-999.0
2025-07-09 07:00:00,-999.0
2025-07-09 08:00:00,-999.0
2025-07-09 09:00:00,-999.0
2025-07-09 10:00:00,-999.0
2025-07-09 11:00:00,-999.0
2025-07-09 12:00:00,-999.0
2025-07-09 13:00:00,-999.0
2025-07-09 14:00:00,-999.0
2025-07-09 15:00:00,-999.0
2025-07-09 16:00:00,-999.0
2025-07-09 17:00:00,-999.0
2025-07-09 18:00:00,-999.0
2025-07-09 19:00:00,-999.0
2025-07-09 20:00:00,-999.0
2025-07-09 21:00:00,-999.0
2025-07-09 22:00:00,-999.0
2025-07-09 23:00:00,-999.0
2025-07-10 00:00:00,-999.0
2025-07-10 01:00:00,-999.0
2025-07-10 02:00:00,-999.0
2025-07-10 03:00:00,-999.0
2025-07-10 04:00:00,-999.0
2025-07-10 05:00:00,-999.0
2025-07-10 06:00:00,-999.0
2025-07-10 07:00:00,-999.0
2025-07-10 08:00:00,-999.0
2025-07-10 09:00:00,-999.0
2025-07-10 10:00:00,-999.0
2025-07-10 11:00:00,-999.0
2025-07-10 12:00:00,-999.0
2025-07-10 13:00:00,-999.0
2025-07-10 14:00:00,-999.0
2025-07-10 15:00:00,-999.0
2025-07-10 16:00:00,-999.0
2025-07-10 17:00:00,-999.0
2025-07-10 18:00:00,-999.0
2025-07-10 19:00:00,-999.0
2025-07-10 20:00:00,-999.0
2025-07-10 21:00:00,-999.0
2025-07-10 22:00:00,-999.0
2025-07-10 23:00:00,-999.0
2025-07-11 00:00:00,-999.0
2025-07-11 01:00:00,-999.0
2025-07-11 02:00:00,-999.0
2025-07-11 03:00:00,-999.0
2025-07-11 04:00:00,-999.0
2025-07-11 05:00:00,-999.0
2025-07-11 06:00:00,-999.0
2025-07-11 07:00:00,-999.0
2025-07-11 08:00:00,-999.0
2025-07-11 09:00:00,-999.0
2025-07-11 10:00:00,-999.0
2025-07-11 11:00:00,-999.0
2025-07-11 12:00:00,-999.0
2025-07-11 13:00:00,-999.0
2025-07-11 14:00:00,-999.0
2025-07-11 15:00:00,-999.0
2025-07-11 16:00:00,-999.0
2025-07-11 17:00:00,-999.0
2025-07-11 18:00:00,-999.0
2025-07-11 19:00:00,-999.0
2025-07-11 20:00:00,-999.0
2025-07-11 21:00:00,-999.0
2025-07-11 22:00:00,-999.0
2025-07-11 23:00:00,-999.0
2025-07-12 00:00:00,-999.0
2025-07-12 01:00:00,-999.0
2025-07-12 02:00:00,-999.0
2025-07-12 03:00:00,-999.0
2025-07-12 04:00:00,-999.0
2025-07-12 05:00:00,-999.0
2025-07-12 06:00:00,-999.0
2025-07-12 07:00:00,-999.0
2025-07-12 08:00:00,-999.0
2025-07-12 09:00:00,-999.0
2025-07-12 10:00:00,-999.0
2025-07-12 11:00:00,-999.0
2025-07-12 12:00:00,-999.0
2025-07-12 13:00:00,-999.0
2025-07-12 14:00:00,-999.0
2025-07-12 15:00:00,-999.0
2025-07-12 16:00:00,-999.0
2025-07-12 17:00:00,-999.0
2025-07-12 18:00:00,-999.0
2025-07-12 19:00:00,-999.0
2025-07-12 20:00:00,-999.0
2025-07-12 21:00:00,-999.0
2025-07-12 22:00:00,-999.0
2025-07-12 23:00:00,-999.0
2025-07-13 00:00:00,-999.0
2025-07-13 01:00:00,-999.0
2025-07-13 02:00:00,-999.0
2025-07-13 03:00:00,-999.0
2025-07-13 04:00:00,-999.0
2025-07-13 05:00:00,-999.0
2025-07-13 06:00:00,-999.0
2025-07-13 07:00:00,-999.0
2025-07-13 08:00:00,-999.0
2025-07-13 09:00:00,-999.0
2025-07-13 10:00:00,-999.0
2025-07-13 11:00:00,-999.0
2025-07-13 12:00:00,-999.0
2025-07-13 13:00:00,-999.0
2025-07-13 14:00:00,-999.0
2025-07-13 15:00:00,-999.0
2025-07-13 16:00:00,-999.0
2025-07-13 17:00:00,-999.0
2025-07-13 18:00:00,-999.0
2025-07-13 19:00:00,-999.0
2025-07-13 20:00:00,-999.0
2025-07-13 21:00:00,-999.0
2025-07-13 22:00:00,-999.0
2025-07-13 23:00:00,-999.0
2025-07-14 00:00:00,-999.0
2025-07-14 01:00:00,-999.0
2025-07-14 02:00:00,-999.0
2025-07-14 03:00:00,-999.0
2025-07-14 04:00:00,-999.0
2025-07-14 05:00:00,-999.0
2025-07-14 06:00:00,-999.0
2025-07-14 07:00:00,-999.0
2025-07-14 08:00:00,-999.0
2025-07-14 09:00:00,-999.0
2025-07-14 10:00:00,-999.0
2025-07-14 11:00:00,-999.0
2025-07-14 12:00:00,-999.0
2025-07-14 13:00:00,-999.0
2025-07-14 14:00:00,-999.0
2025-07-14 15:00:00,-999.0
2025-07-14 16:00:00,-999.0
2025-07-14 17:00:00,-999.0
2025-07-14 18:00:00,-999.0
2025-07-14 19:00:00,-999.0
2025-07-14 20:00:00,-999.0
2025-07-14 21:00:00,-999.0
2025-07-14 22:00:00,-999.0
2025-07-14 23:00:00,-999.0
2025-07-15 00:00:00,-999.0
2025-07-15 01:00:00,-999.0
2025-07-15 02:00:00,-999.0
2025-07-15 03:00:00,-999.0
2025-07-15 04:00:00,-999.0
2025-07-15 05:00:00,-999.0
2025-07-15 06:00:00,-999.0
2025-07-15 07:00:00,-999.0
2025-07-15 08:00:00,-999.0
2025-07-15 09:00:00,-999.0
2025-07-15 10:00:00,-999.0
2025-07-15 11:00:00,-999.0
2025-07-15 12:00:00,-999.0
2025-07-15 13:00:00,-999.0
2025-07-15 14:00:00,-999.0
2025-07-15 15:00:00,-999.0
2025-07-15 16:00:00,-999.0
2025-07-15 17:00:00,-999.0
2025-07-15 18:00:00,-999.0
2025-07-15 19:00:00,-999.0
2025-07-15 20:00:00,-999.0
2025-07-15 21:00:00,-999.0
2025-07-15 22:00:00,-999.0
2025-07-15 23:00:00,-999.0
2025-07-16 00:00:00,-999.0
2025-07-16 01:00:00,-999.0
2025-07-16 02:00:00,-999.0
2025-07-16 03:00:00,-999.0
2025-07-16 04:00:00,-999.0
2025-07-16 05:00:00,-999.0
2025-07-16 06:00:00,-999.0
2025-07-16 07:00:00,-999.0
2025-07-16 08:00:00,-999.0
2025-07-16 09:00:00,-999.0
2025-07-16 10:00:00,-999.0
2025-07-16 11:00:00,-999.0
2025-07-16 12:00:00,-999.0
2025-07-16 13:00:00,-999.0
2025-07-16 14:00:00,-999.0
2025-07-16 15:00:00,-999.0
2025-07-16 16:00:00,-999.0
2025-07-16 17:00:00,-999.0
2025-07-16 18:00:00,-999.0
2025-07-16 19:00:00,-999.0
2025-07-16 20:00:00,-999.0
2025-07-16 21:00:00,-999.0
2025-07-16 22:00:00,-999.0
2025-07-16 23:00:00,-999.0
2025-07-17 00:00:00,-999.0
2025-07-17 01:00:00,-999.0
2025-07-17 02:00:00,-999.0
2025-07-17 03:00:00,-999.0
2025-07-17 04:00:00,-999.0
2025-07-17 05:00:00,-999.0
2025-07-17 06:00:00,-999.0
2025-07-17 07:00:00,-999.0
2025-07-17 08:00:00,-999.0
2025-07-17 09:00:00,-999.0
2025-07-17 10:00:00,-999.0
2025-07-17 11:00:00,-999.0
2025-07-17 12:00:00,-999.0
2025-07-17 13:00:00,-999.0
2025-07-17 14:00:00,-999.0
2025-07-17 15:00:00,-999.0
2025-07-17 16:00:00,-999.0
2025-07-17 17:00:00,-999.0
2025-07-17 18:00:00,-999.0
2025-07-17 19:00:00,-999.0
2025-07-17 20:00:00,-999.0
2025-07-17 21:00:00,-999.0
2025-07-17 22:00:00,-999.0
2025-07-17 23:00:00,-999.0
2025-07-18 00:00:00,-999.0
2025-07-18 01:00:00,-999.0
2025-07-18 02:00:00,-999.0
2025-07-18 03:00:00,-999.0
2025-07-18 04:00:00,-999.0
2025-07-18 05:00:00,-999.0
2025-07-18 06:00:00,-999.0
2025-07-18 07:00:00,-999.0
2025-07-18 08:00:00,-999.0
2025-07-18 09:00:00,-999.0
2025-07-18 10:00:00,-999.0
2025-07-18 11:00:00,-999.0
2025-07-18 12:00:00,-999.0
2025-07-18 13:00:00,-999.0
2025-07-18 14:00:00,-999.0
2025-07-18 15:00:00,-999.0
2025-07-18 16:00:00,-999.0
2025-07-18 17:00:00,-999.0
2025-07-18 18:00:00,-999.0
2025-07-18 19:00:00,-999.0
2025-07-18 20:00:00,-999.0
2025-07-18 21:00:00,-999.0
2025-07-18 22:00:00,-999.0
2025-07-18 23:00:00,-999.0
2025-07-19 00:00:00,-999.0
2025-07-19 01:00:00,-999.0
2025-07-19 02:00:00,-999.0
2025-07-19 03:00:00,-999.0
2025-07-19 04:00:00,-999.0
2025-07-19 05:00:00,-999.0
2025-07-19 06:00:00,-999.0
2025-07-19 07:00:00,-999.0
2025-07-19 08:00:00,-999.0
2025-07-19 09:00:00,-999.0
2025-07-19 10:00:00,-999.0
2025-07-19 11:00:00,-999.0
2025-07-19 12:00:00,-999.0
2025-07-19 13:00:00,-999.0
2025-07-19 14:00:00,-999.0
2025-07-19 15:00:00,-999.0
2025-07-19 16:00:00,-999.0
2025-07-19 17:00:00,-999.0
2025-07-19 18:00:00,-999.0
2025-07-19 19:00:00,-999.0
2025-07-19 20:00:00,-999.0
2025-07-19 21:00:00,-999.0
2025-07-19 22:00:00,-999.0
2025-07-19 23:00:00,-999.0
2025-07-20 00:00:00,-999.0
2025-07-20 01:00:00,-999.0
2025-07-20 02:00:00,-999.0
2025-07-20 03:00:00,-999.0
2025-07-20 04:00:00,-999.0
2025-07-20 05:00:00,-999.0
2025-07-20 06:00:00,-999.0
2025-07-20 07:00:00,-999.0
2025-07-20 08:00:00,-999.0
2025-07-20 09:00:00,-999.0
2025-07-20 10:00:00,-999.0
2025-07-20 11:00:00,-999.0
2025-07-20 12:00:00,-999.0
2025-07-20 13:00:00,-999.0
2025-07-20 14:00:00,-999.0
2025-07-20 15:00:00,-999.0
2025-07-20 16:00:00,-999.0
2025-07-20 17:00:00,-999.0
2025-07-20 18:00:00,-999.0
2025-07-20 19:00:00,-999.0
2025-07-20 20:00:00,-999.0
2025-07-20 21:00:00,-999.0
2025-07-20 22:00:00,-999.0
2025-07-20 23:00:00,-999.0
2025-07-21 00:00:00,-999.0
2025-07-21 01:00:00,-999.0
2025-07-21 02:00:00,-999.0
2025-07-21 03:00:00,-999.0
2025-07-21 04:00:00,-999.0
2025-07-21 05:00:00,-999.0
2025-07-21 06:00:00,-999.0
2025-07-21 07:00:00,-999.0
2025-07-21 08:00:00,-999.0
2025-07-21 09:00:00,-999.0
2025-07-21 10:00:00,-999.0
2025-07-21 11:00:00,-999.0
2025-07-21 12:00:00,-999.0
2025-07-21 13:00:00,-999.0
2025-07-21 14:00:00,-999.0
2025-07-21 15:00:00,-999.0
2025-07-21 16:00:00,-999.0
2025-07-21 17:00:00,-999.0
2025-07-21 18:00:00,-999.0
2025-07-21 19:00:00,-999.0
2025-07-21 20:00:00,-999.0
2025-07-21 21:00:00,-999.0
2025-07-21 22:00:00,-999.0
2025-07-21 23:00:00,-999.0
2025-07-22 00:00:00,-999.0
2025-07-22 01:00:00,-999.0
2025-07-22 02:00:00,-999.0
2025-07-22 03:00:00,-999.0
2025-07-22 04:00:00,-999.0
2025-07-22 05:00:00,-999.0
2025-07-22 06:00:00,-999.0
2025-07-22 07:00:00,-999.0
2025-07-22 08:00:00,-999.0
2025-07-22 09:00:00,-999.0
2025-07-22 10:00:00,-999.0
2025-07-22 11:00:00,-999.0
2025-07-22 12:00:00,-999.0
2025-07-22 13:00:00,-999.0
2025-07-22 14:00:00,-999.0
2025-07-22 15:00:00,-999.0
2025-07-22 16:00:00,-999.0
2025-07-22 17:00:00,-999.0
2025-07-22 18:00:00,-999.0
2025-07-22 19:00:00,-999.0
2025-07-22 20:00:00,-999.0
2025-07-22 21:00:00,-999.0
2025-07-22 22:00:00,-999.0
2025-07-22 23:00:00,-999.0
2025-07-23 00:00:00,-999.0
2025-07-23 01:00:00,-999.0
2025-07-23 02:00:00,-999.0
2025-07-23 03:00:00,-999.0
2025-07-23 04:00:00,-999.0
2025-07-23 05:00:00,-999.0
2025-07-23 06:00:00,-999.0
2025-07-23 07:00:00,-999.0
2025-07-23 08:00:00,-999.0
2025-07-23 09:00:00,-999.0
2025-07-23 10:00:00,-999.0
2025-07-23 11:00:00,-999.0
2025-07-23 12:00:00,-999.0
2025-07-23 13:00:00,-999.0
2025-07-23 14:00:00,-999.0
2025-07-23 15:00:00,-999.0
2025-07-23 16:00:00,-999.0
2025-07-23 17:00:00,-999.0
2025-07-23 18:00:00,-999.0
2025-07-23 19:00:00,-999.0
2025-07-23 20:00:00,-999.0
2025-07-23 21:00:00,-999.0
2025-07-23 22:00:00,-999.0
2025-07-23 23:00:00,-999.0
2025-07-24 00:00:00,-999.0
2025-07-24 01:00:00,-999.0
2025-07-24 02:00:00,-999.0
2025-07-24 03:00:00,-999.0
2025-07-24 04:00:00,-999.0
2025-07-24 05:00:00,-999.0
2025-07-24 06:00:00,-999.0
2025-07-24 07:00:00,-999.0
2025-07-24 08:00:00,-999.0
2025-07-24 09:00:00,-999.0
2025-07-24 10:00:00,-999.0
2025-07-24 11:00:00,-999.0
2025-07-24 12:00:00,-999.0
2025-07-24 13:00:00,-999.0
2025-07-24 14:00:00,-999.0
2025-07-24 15:00:00,-999.0
2025-07-24 16:00:00,-999.0
2025-07-24 17:00:00,-999.0
2025-07-24 18:00:00,-999.0
2025-07-24 19:00:00,-999.0
2025-07-24 20:00:00,-999.0
2025-07-24 21:00:00,-999.0
2025-07-24 22:00:00,-999.0
2025-07-24 23:00:00,-999.0
2025-07-25 00:00:00,-999.0
2025-07-25 01:00:00,-999.0
2025-07-25 02:00:00,-999.0
2025-07-25 03:00:00,-999.0
2025-07-25 04:00:00,-999.0
2025-07-25 05:00:00,-999.0
2025-07-25 06:00:00,-999.0
2025-07-25 07:00:00,-999.0
2025-07-25 08:00:00,-999.0
2025-07-25 09:00:00,-999.0
2025-07-25 10:00:00,-999.0
2025-07-25 11:00:00,-999.0
2025-07-25 12:00:00,-999.0
2025-07-25 13:00:00,-999.0
2025-07-25 14:00:00,-999.0
2025-07-25 15:00:00,-999.0
2025-07-25 16:00:00,-999.0
2025-07-25 17:00:00,-999.0
2025-07-25 18:00:00,-999.0
2025-07-25 19:00:00,-999.0
2025-07-25 20:00:00,-999.0
2025-07-25 21:00:00,-999.0
2025-07-25 22:00:00,-999.0
2025-07-25 23:00:00,-999.0
2025-07-26 00:00:00,-999.0
2025-07-26 01:00:00,-999.0
2025-07-26 02:00:00,-999.0
2025-07-26 03:00:00,-999.0
2025-07-26 04:00:00,-999.0
2025-07-26 05:00:00,-999.0
2025-07-26 06:00:00,-999.0
2025-07-26 07:00:00,-999.0
2025-07-26 08:00:00,-999.0
2025-07-26 09:00:00,-999.0
2025-07-26 10:00:00,-999.0
2025-07-26 11:00:00,-999.0
2025-07-26 12:00:00,-999.0
2025-07-26 13:00:00,-999.0
2025-07-26 14:00:00,-999.0
2025-07-26 15:00:00,-999.0
2025-07-26 16:00:00,-999.0
2025-07-26 17:00:00,-999.0
2025-07-26 18:00:00,-999.0
2025-07-26 19:00:00,-999.0
2025-07-26 20:00:00,-999.0
2025-07-26 21:00:00,-999.0
2025-07-26 22:00:00,-999.0
2025-07-26 23:00:00,-999.0
2025-07-27 00:00:00,-999.0
2025-07-27 01:00:00,-999.0
2025-07-27 02:00:00,-999.0
2025-07-27 03:00:00,-999.0
2025-07-27 04:00:00,-999.0
2025-07-27 05:00:00,-999.0
2025-07-27 06:00:00,-999.0
2025-07-27 07:00:00,-999.0
2025-07-27 08:00:00,-999.0
2025-07-27 09:00:00,-999.0
2025-07-27 10:00:00,-999.0
2025-07-27 11:00:00,-999.0
2025-07-27 12:00:00,-999.0
2025-07-27 13:00:00,-999.0
2025-07-27 14:00:00,-999.0
2025-07-27 15:00:00,-999.0
2025-07-27 16:00:00,-999.0
2025-07-27 17:00:00,-999.0
2025-07-27 18:00:00,-999.0
2025-07-27 19:00:00,-999.0
2025-07-27 20:00:00,-999.0
2025-07-27 21:00:00,-999.0
2025-07-27 22:00:00,-999.0
2025-07-27 23:00:00,-999.0
2025-07-28 00:00:00,-999.0
2025-07-28 01:00:00,-999.0
2025-07-28 02:00:00,-999.0
2025-07-28 03:00:00,-999.0
2025-07-28 04:00:00,-999.0
2025-07-28 05:00:00,-999.0
2025-07-28 06:00:00,-999.0
2025-07-28 07:00:00,-999.0
2025-07-28 08:00:00,-999.0
2025-07-28 09:00:00,-999.0
2025-07-28 10:00:00,-999.0
2025-07-28 11:00:00,-999.0
2025-07-28 12:00:00,-999.0
2025-07-28 13:00:00,-999.0
2025-07-28 14:00:00,-999.0
2025-07-28 15:00:00,-999.0
2025-07-28 16:00:00,-999.0
2025-07-28 17:00:00,-999.0
2025-07-28 18:00:00,-999.0
2025-07-28 19:00:00,-999.0
2025-07-28 20:00:00,-999.0
2025-07-28 21:00:00,-999.0
2025-07-28 22:00:00,-999.0
2025-07-28 23:00:00,-999.0
2025-07-29 00:00:00,-999.0
2025-07-29 01:00:00,-999.0
2025-07-29 02:00:00,-999.0
2025-07-29 03:00:00,-999.0
2025-07-29 04:00:00,-999.0
2025-07-29 05:00:00,-999.0
2025-07-29 06:00:00,-999.0
2025-07-29 07:00:00,-999.0
2025-07-29 08:00:00,-999.0
2025-07-29 09:00:00,-999.0
2025-07-29 10:00:00,-999.0
2025-07-29 11:00:00,-999.0
2025-07-29 12:00:00,-999.0
2025-07-29 13:00:00,-999.0
2025-07-29 14:00:00,-999.0
2025-07-29 15:00:00,-999.0
2025-07-29 16:00:00,-999.0
2025-07-29 17:00:00,-999.0
2025-07-29 18:00:00,-999.0
2025-07-29 19:00:00,-999.0
2025-07-29 20:00:00,-999.0
2025-07-29 21:00:00,-999.0
2025-07-29 22:00:00,-999.0
2025-07-29 23:00:00,-999.0
2025-07-30 00:00:00,-999.0
2025-07-30 01:00:00,-999.0
2025-07-30 02:00:00,-999.0
2025-07-30 03:00:00,-999.0
2025-07-30 04:00:00,-999.0
2025-07-30 05:00:00,-999.0
2025-07-30 06:00:00,-999.0
2025-07-30 07:00:00,-999.0
2025-07-30 08:00:00,-999.0
2025-07-30 09:00:00,-999.0
2025-07-30 10:00:00,-999.0
2025-07-30 11:00:00,-999.0
2025-07-30 12:00:00,-999.0
2025-07-30 13:00:00,-999.0
2025-07-30 14:00:00,-999.0
2025-07-30 15:00:00,-999.0
2025-07-30 16:00:00,-999.0
2025-07-30 17:00:00,-999.0
2025-07-30 18:00:00,-999.0
2025-07-30 19:00:00,-999.0
2025-07-30 20:00:00,-999.0
2025-07-30 21:00:00,-999.0
2025-07-30 22:00:00,-999.0
2025-07-30 23:00:00,-999.0
2025-07-31 00:00:00,-999.0
2025-07-31 01:00:00,-999.0
2025-07-31 02:00:00,-999.0
2025-07-31 03:00:00,-999.0
2025-07-31 04:00:00,-999.0
2025-07-31 05:00:00,-999.0
2025-07-31 06:00:00,-999.0
2025-07-31 07:00:00,-999.0
2025-07-31 08:00:00,-999.0
2025-07-31 09:00:00,-999.0
2025-07-31 10:00:00,-999.0
2025-07-31 11:00:00,-999.0
2025-07-31 12:00:00,-999.0
2025-07-31 13:00:00,-999.0
2025-07-31 14:00:00,-999.0
2025-07-31 15:00:00,-999.0
2025-07-31 16:00:00,-999.0
2025-07-31 17:00:00,-999.0
2025-07-31 18:00:00,-999.0
2025-07-31 19:00:00,-999.0
2025-07-31 20:00:00,-999.0
2025-07-31 21:00:00,-999.0
2025-07-31 22:00:00,-999.0
2025-07-31 23:00:00,-999.0
2025-08-01 00:00:00,-999.0
2025-08-01 01:00:00,-999.0
2025-08-01 02:00:00,-999.0
2025-08-01 03:00:00,-999.0
2025-08-01 04:00:00,-999.0
2025-08-01 05:00:00,-999.0
2025-08-01 06:00:00,-999.0
2025-08-01 07:00:00,-999.0
2025-08-01 08:00:00,-999.0
2025-08-01 09:00:00,-999.0
2025-08-01 10:00:00,-999.0
2025-08-01 11:00:00,-999.0
2025-08-01 12:00:00,-999.0
2025-08-01 13:00:00,-999.0
2025-08-01 14:00:00,-999.0
2025-08-01 15:00:00,-999.0
2025-08-01 16:00:00,-999.0
2025-08-01 17:00:00,-999.0
2025-08-01 18:00:00,-999.0
2025-08-01 19:00:00,-999.0
2025-08-01 20:00:00,-999.0
2025-08-01 21:00:00,-999.0
2025-08-01 22:00:00,-999.0
2025-08-01 23:00:00,-999.0
2025-08-02 00:00:00,-999.0
2025-08-02 01:00:00,-999.0
2025-08-02 02:00:00,-999.0
2025-08-02 03:00:00,-999.0
2025-08-02 04:00:00,-999.0
2025-08-02 05:00:00,-999.0
2025-08-02 06:00:00,-999.0
2025-08-02 07:00:00,-999.0
2025-08-02 08:00:00,-999.0
2025-08-02 09:00:00,-999.0
2025-08-02 10:00:00,-999.0
2025-08-02 11:00:00,-999.0
2025-08-02 12:00:00,-999.0
2025-08-02 13:00:00,-999.0
2025-08-02 14:00:00,-999.0
2025-08-02 15:00:00,-999.0
2025-08-02 16:00:00,-999.0
2025-08-02 17:00:00,-999.0
2025-08-02 18:00:00,-999.0
2025-08-02 19:00:00,-999.0
2025-08-02 20:00:00,-999.0
2025-08-02 21:00:00,-999.0
2025-08-02 22:00:00,-999.0
2025-08-02 23:00:00,-999.0
