datetime,CLOUD_AMT
2024-08-02 00:00:00,99.41
2024-08-02 01:00:00,99.18
2024-08-02 02:00:00,99.96
2024-08-02 03:00:00,99.04
2024-08-02 04:00:00,99.33
2024-08-02 05:00:00,99.43
2024-08-02 06:00:00,98.76
2024-08-02 07:00:00,98.53
2024-08-02 08:00:00,98.44
2024-08-02 09:00:00,97.96
2024-08-02 10:00:00,99.04
2024-08-02 11:00:00,99.04
2024-08-02 12:00:00,99.39
2024-08-02 13:00:00,99.96
2024-08-02 14:00:00,98.74
2024-08-02 15:00:00,98.43
2024-08-02 16:00:00,99.25
2024-08-02 17:00:00,99.31
2024-08-02 18:00:00,100.0
2024-08-02 19:00:00,99.24
2024-08-02 20:00:00,98.93
2024-08-02 21:00:00,98.89
2024-08-02 22:00:00,99.09
2024-08-02 23:00:00,99.36
2024-08-03 00:00:00,99.3
2024-08-03 01:00:00,99.9
2024-08-03 02:00:00,99.3
2024-08-03 03:00:00,99.36
2024-08-03 04:00:00,99.47
2024-08-03 05:00:00,100.0
2024-08-03 06:00:00,100.0
2024-08-03 07:00:00,100.0
2024-08-03 08:00:00,100.0
2024-08-03 09:00:00,95.89
2024-08-03 10:00:00,97.49
2024-08-03 11:00:00,100.0
2024-08-03 12:00:00,100.0
2024-08-03 13:00:00,98.77
2024-08-03 14:00:00,98.83
2024-08-03 15:00:00,97.99
2024-08-03 16:00:00,96.39
2024-08-03 17:00:00,95.32
2024-08-03 18:00:00,95.41
2024-08-03 19:00:00,95.63
2024-08-03 20:00:00,92.25
2024-08-03 21:00:00,96.2
2024-08-03 22:00:00,90.65
2024-08-03 23:00:00,86.42
2024-08-04 00:00:00,91.5
2024-08-04 01:00:00,87.63
2024-08-04 02:00:00,85.55
2024-08-04 03:00:00,91.29
2024-08-04 04:00:00,89.77
2024-08-04 05:00:00,81.98
2024-08-04 06:00:00,72.27
2024-08-04 07:00:00,64.2
2024-08-04 08:00:00,56.83
2024-08-04 09:00:00,85.21
2024-08-04 10:00:00,89.26
2024-08-04 11:00:00,80.6
2024-08-04 12:00:00,59.34
2024-08-04 13:00:00,75.35
2024-08-04 14:00:00,74.0
2024-08-04 15:00:00,85.14
2024-08-04 16:00:00,88.94
2024-08-04 17:00:00,91.88
2024-08-04 18:00:00,96.17
2024-08-04 19:00:00,99.55
2024-08-04 20:00:00,98.38
2024-08-04 21:00:00,99.07
2024-08-04 22:00:00,99.24
2024-08-04 23:00:00,96.76
2024-08-05 00:00:00,98.16
2024-08-05 01:00:00,98.45
2024-08-05 02:00:00,98.81
2024-08-05 03:00:00,98.73
2024-08-05 04:00:00,99.17
2024-08-05 05:00:00,99.59
2024-08-05 06:00:00,99.74
2024-08-05 07:00:00,98.74
2024-08-05 08:00:00,99.24
2024-08-05 09:00:00,95.73
2024-08-05 10:00:00,99.05
2024-08-05 11:00:00,98.65
2024-08-05 12:00:00,97.29
2024-08-05 13:00:00,98.2
2024-08-05 14:00:00,98.65
2024-08-05 15:00:00,98.98
2024-08-05 16:00:00,99.06
2024-08-05 17:00:00,98.5
2024-08-05 18:00:00,100.0
2024-08-05 19:00:00,99.45
2024-08-05 20:00:00,99.3
2024-08-05 21:00:00,99.14
2024-08-05 22:00:00,99.19
2024-08-05 23:00:00,99.28
2024-08-06 00:00:00,99.81
2024-08-06 01:00:00,99.41
2024-08-06 02:00:00,99.91
2024-08-06 03:00:00,99.4
2024-08-06 04:00:00,99.36
2024-08-06 05:00:00,99.73
2024-08-06 06:00:00,96.91
2024-08-06 07:00:00,96.85
2024-08-06 08:00:00,98.37
2024-08-06 09:00:00,98.76
2024-08-06 10:00:00,98.81
2024-08-06 11:00:00,98.9
2024-08-06 12:00:00,98.95
2024-08-06 13:00:00,99.11
2024-08-06 14:00:00,99.4
2024-08-06 15:00:00,98.57
2024-08-06 16:00:00,98.04
2024-08-06 17:00:00,96.39
2024-08-06 18:00:00,94.24
2024-08-06 19:00:00,93.96
2024-08-06 20:00:00,98.1
2024-08-06 21:00:00,99.72
2024-08-06 22:00:00,99.58
2024-08-06 23:00:00,99.52
2024-08-07 00:00:00,99.66
2024-08-07 01:00:00,94.76
2024-08-07 02:00:00,96.51
2024-08-07 03:00:00,99.62
2024-08-07 04:00:00,99.53
2024-08-07 05:00:00,90.15
2024-08-07 06:00:00,79.04
2024-08-07 07:00:00,69.04
2024-08-07 08:00:00,59.57
2024-08-07 09:00:00,59.57
2024-08-07 10:00:00,62.0
2024-08-07 11:00:00,65.84
2024-08-07 12:00:00,52.93
2024-08-07 13:00:00,61.09
2024-08-07 14:00:00,84.53
2024-08-07 15:00:00,84.27
2024-08-07 16:00:00,84.97
2024-08-07 17:00:00,85.97
2024-08-07 18:00:00,89.89
2024-08-07 19:00:00,90.01
2024-08-07 20:00:00,98.32
2024-08-07 21:00:00,99.21
2024-08-07 22:00:00,98.88
2024-08-07 23:00:00,99.36
2024-08-08 00:00:00,99.17
2024-08-08 01:00:00,99.68
2024-08-08 02:00:00,99.32
2024-08-08 03:00:00,99.4
2024-08-08 04:00:00,99.36
2024-08-08 05:00:00,98.96
2024-08-08 06:00:00,95.88
2024-08-08 07:00:00,96.92
2024-08-08 08:00:00,98.45
2024-08-08 09:00:00,96.48
2024-08-08 10:00:00,84.36
2024-08-08 11:00:00,62.38
2024-08-08 12:00:00,83.79
2024-08-08 13:00:00,72.87
2024-08-08 14:00:00,96.92
2024-08-08 15:00:00,98.52
2024-08-08 16:00:00,99.37
2024-08-08 17:00:00,100.0
2024-08-08 18:00:00,100.0
2024-08-08 19:00:00,99.02
2024-08-08 20:00:00,99.18
2024-08-08 21:00:00,99.54
2024-08-08 22:00:00,99.55
2024-08-08 23:00:00,97.88
2024-08-09 00:00:00,99.38
2024-08-09 01:00:00,99.47
2024-08-09 02:00:00,99.27
2024-08-09 03:00:00,99.31
2024-08-09 04:00:00,99.47
2024-08-09 05:00:00,100.0
2024-08-09 06:00:00,98.87
2024-08-09 07:00:00,98.13
2024-08-09 08:00:00,98.8
2024-08-09 09:00:00,98.83
2024-08-09 10:00:00,99.12
2024-08-09 11:00:00,97.79
2024-08-09 12:00:00,64.13
2024-08-09 13:00:00,42.78
2024-08-09 14:00:00,68.52
2024-08-09 15:00:00,73.86
2024-08-09 16:00:00,76.56
2024-08-09 17:00:00,77.61
2024-08-09 18:00:00,85.12
2024-08-09 19:00:00,88.89
2024-08-09 20:00:00,95.55
2024-08-09 21:00:00,98.42
2024-08-09 22:00:00,98.6
2024-08-09 23:00:00,98.1
2024-08-10 00:00:00,98.87
2024-08-10 01:00:00,93.04
2024-08-10 02:00:00,93.86
2024-08-10 03:00:00,66.77
2024-08-10 04:00:00,61.25
2024-08-10 05:00:00,68.58
2024-08-10 06:00:00,77.16
2024-08-10 07:00:00,83.49
2024-08-10 08:00:00,90.71
2024-08-10 09:00:00,92.97
2024-08-10 10:00:00,95.81
2024-08-10 11:00:00,92.41
2024-08-10 12:00:00,94.3
2024-08-10 13:00:00,99.63
2024-08-10 14:00:00,99.18
2024-08-10 15:00:00,99.71
2024-08-10 16:00:00,99.27
2024-08-10 17:00:00,98.32
2024-08-10 18:00:00,97.77
2024-08-10 19:00:00,98.42
2024-08-10 20:00:00,98.93
2024-08-10 21:00:00,99.11
2024-08-10 22:00:00,98.8
2024-08-10 23:00:00,98.77
2024-08-11 00:00:00,99.96
2024-08-11 01:00:00,99.2
2024-08-11 02:00:00,98.97
2024-08-11 03:00:00,97.97
2024-08-11 04:00:00,98.9
2024-08-11 05:00:00,98.47
2024-08-11 06:00:00,99.58
2024-08-11 07:00:00,99.14
2024-08-11 08:00:00,98.69
2024-08-11 09:00:00,98.36
2024-08-11 10:00:00,98.84
2024-08-11 11:00:00,98.64
2024-08-11 12:00:00,97.22
2024-08-11 13:00:00,96.97
2024-08-11 14:00:00,95.67
2024-08-11 15:00:00,96.35
2024-08-11 16:00:00,96.32
2024-08-11 17:00:00,96.11
2024-08-11 18:00:00,95.75
2024-08-11 19:00:00,95.43
2024-08-11 20:00:00,96.21
2024-08-11 21:00:00,97.86
2024-08-11 22:00:00,98.87
2024-08-11 23:00:00,99.01
2024-08-12 00:00:00,99.41
2024-08-12 01:00:00,99.43
2024-08-12 02:00:00,99.6
2024-08-12 03:00:00,99.5
2024-08-12 04:00:00,99.3
2024-08-12 05:00:00,99.21
2024-08-12 06:00:00,97.95
2024-08-12 07:00:00,96.64
2024-08-12 08:00:00,97.78
2024-08-12 09:00:00,98.88
2024-08-12 10:00:00,98.93
2024-08-12 11:00:00,99.33
2024-08-12 12:00:00,96.59
2024-08-12 13:00:00,82.57
2024-08-12 14:00:00,93.01
2024-08-12 15:00:00,83.51
2024-08-12 16:00:00,86.84
2024-08-12 17:00:00,89.76
2024-08-12 18:00:00,95.17
2024-08-12 19:00:00,97.98
2024-08-12 20:00:00,98.21
2024-08-12 21:00:00,98.53
2024-08-12 22:00:00,98.81
2024-08-12 23:00:00,99.37
2024-08-13 00:00:00,98.96
2024-08-13 01:00:00,98.87
2024-08-13 02:00:00,99.35
2024-08-13 03:00:00,99.47
2024-08-13 04:00:00,99.28
2024-08-13 05:00:00,100.0
2024-08-13 06:00:00,98.36
2024-08-13 07:00:00,95.4
2024-08-13 08:00:00,98.64
2024-08-13 09:00:00,99.04
2024-08-13 10:00:00,98.95
2024-08-13 11:00:00,96.98
2024-08-13 12:00:00,98.27
2024-08-13 13:00:00,91.55
2024-08-13 14:00:00,95.86
2024-08-13 15:00:00,95.52
2024-08-13 16:00:00,95.69
2024-08-13 17:00:00,96.06
2024-08-13 18:00:00,97.76
2024-08-13 19:00:00,99.04
2024-08-13 20:00:00,99.84
2024-08-13 21:00:00,99.5
2024-08-13 22:00:00,99.28
2024-08-13 23:00:00,99.59
2024-08-14 00:00:00,97.19
2024-08-14 01:00:00,88.89
2024-08-14 02:00:00,92.29
2024-08-14 03:00:00,80.12
2024-08-14 04:00:00,91.0
2024-08-14 05:00:00,91.43
2024-08-14 06:00:00,91.37
2024-08-14 07:00:00,91.96
2024-08-14 08:00:00,91.99
2024-08-14 09:00:00,93.48
2024-08-14 10:00:00,96.15
2024-08-14 11:00:00,98.66
2024-08-14 12:00:00,58.39
2024-08-14 13:00:00,88.44
2024-08-14 14:00:00,99.03
2024-08-14 15:00:00,99.47
2024-08-14 16:00:00,99.0
2024-08-14 17:00:00,98.32
2024-08-14 18:00:00,99.59
2024-08-14 19:00:00,99.81
2024-08-14 20:00:00,99.6
2024-08-14 21:00:00,99.72
2024-08-14 22:00:00,99.4
2024-08-14 23:00:00,99.25
2024-08-15 00:00:00,98.48
2024-08-15 01:00:00,98.24
2024-08-15 02:00:00,99.53
2024-08-15 03:00:00,99.29
2024-08-15 04:00:00,98.73
2024-08-15 05:00:00,88.8
2024-08-15 06:00:00,76.61
2024-08-15 07:00:00,66.19
2024-08-15 08:00:00,57.35
2024-08-15 09:00:00,81.55
2024-08-15 10:00:00,87.0
2024-08-15 11:00:00,89.79
2024-08-15 12:00:00,75.15
2024-08-15 13:00:00,87.42
2024-08-15 14:00:00,96.35
2024-08-15 15:00:00,97.79
2024-08-15 16:00:00,97.43
2024-08-15 17:00:00,97.86
2024-08-15 18:00:00,99.69
2024-08-15 19:00:00,99.18
2024-08-15 20:00:00,99.25
2024-08-15 21:00:00,99.17
2024-08-15 22:00:00,96.75
2024-08-15 23:00:00,94.55
2024-08-16 00:00:00,92.21
2024-08-16 01:00:00,99.43
2024-08-16 02:00:00,99.54
2024-08-16 03:00:00,98.66
2024-08-16 04:00:00,97.04
2024-08-16 05:00:00,80.02
2024-08-16 06:00:00,60.77
2024-08-16 07:00:00,45.86
2024-08-16 08:00:00,28.53
2024-08-16 09:00:00,11.23
2024-08-16 10:00:00,29.97
2024-08-16 11:00:00,17.5
2024-08-16 12:00:00,25.84
2024-08-16 13:00:00,16.3
2024-08-16 14:00:00,27.59
2024-08-16 15:00:00,43.0
2024-08-16 16:00:00,56.17
2024-08-16 17:00:00,68.42
2024-08-16 18:00:00,84.43
2024-08-16 19:00:00,97.82
2024-08-16 20:00:00,98.93
2024-08-16 21:00:00,98.97
2024-08-16 22:00:00,98.4
2024-08-16 23:00:00,98.53
2024-08-17 00:00:00,95.83
2024-08-17 01:00:00,95.16
2024-08-17 02:00:00,55.03
2024-08-17 03:00:00,84.46
2024-08-17 04:00:00,84.26
2024-08-17 05:00:00,73.28
2024-08-17 06:00:00,63.56
2024-08-17 07:00:00,52.73
2024-08-17 08:00:00,37.92
2024-08-17 09:00:00,62.25
2024-08-17 10:00:00,77.54
2024-08-17 11:00:00,89.68
2024-08-17 12:00:00,87.74
2024-08-17 13:00:00,57.18
2024-08-17 14:00:00,97.3
2024-08-17 15:00:00,93.63
2024-08-17 16:00:00,94.9
2024-08-17 17:00:00,94.35
2024-08-17 18:00:00,99.11
2024-08-17 19:00:00,99.01
2024-08-17 20:00:00,99.13
2024-08-17 21:00:00,98.8
2024-08-17 22:00:00,99.05
2024-08-17 23:00:00,99.12
2024-08-18 00:00:00,98.86
2024-08-18 01:00:00,97.41
2024-08-18 02:00:00,88.25
2024-08-18 03:00:00,94.87
2024-08-18 04:00:00,77.09
2024-08-18 05:00:00,76.65
2024-08-18 06:00:00,80.29
2024-08-18 07:00:00,79.94
2024-08-18 08:00:00,78.83
2024-08-18 09:00:00,83.89
2024-08-18 10:00:00,93.09
2024-08-18 11:00:00,96.86
2024-08-18 12:00:00,98.38
2024-08-18 13:00:00,92.19
2024-08-18 14:00:00,92.66
2024-08-18 15:00:00,76.8
2024-08-18 16:00:00,81.97
2024-08-18 17:00:00,83.86
2024-08-18 18:00:00,93.62
2024-08-18 19:00:00,98.44
2024-08-18 20:00:00,95.58
2024-08-18 21:00:00,99.57
2024-08-18 22:00:00,95.43
2024-08-18 23:00:00,92.25
2024-08-19 00:00:00,79.2
2024-08-19 01:00:00,87.29
2024-08-19 02:00:00,86.31
2024-08-19 03:00:00,89.42
2024-08-19 04:00:00,87.8
2024-08-19 05:00:00,88.89
2024-08-19 06:00:00,90.44
2024-08-19 07:00:00,91.79
2024-08-19 08:00:00,93.26
2024-08-19 09:00:00,98.24
2024-08-19 10:00:00,99.34
2024-08-19 11:00:00,98.92
2024-08-19 12:00:00,99.37
2024-08-19 13:00:00,98.89
2024-08-19 14:00:00,99.43
2024-08-19 15:00:00,100.0
2024-08-19 16:00:00,99.95
2024-08-19 17:00:00,99.43
2024-08-19 18:00:00,97.3
2024-08-19 19:00:00,99.53
2024-08-19 20:00:00,99.74
2024-08-19 21:00:00,99.17
2024-08-19 22:00:00,99.42
2024-08-19 23:00:00,99.33
2024-08-20 00:00:00,99.12
2024-08-20 01:00:00,99.94
2024-08-20 02:00:00,99.37
2024-08-20 03:00:00,99.51
2024-08-20 04:00:00,99.33
2024-08-20 05:00:00,100.0
2024-08-20 06:00:00,100.0
2024-08-20 07:00:00,100.0
2024-08-20 08:00:00,100.0
2024-08-20 09:00:00,100.0
2024-08-20 10:00:00,100.0
2024-08-20 11:00:00,98.99
2024-08-20 12:00:00,100.0
2024-08-20 13:00:00,100.0
2024-08-20 14:00:00,100.0
2024-08-20 15:00:00,100.0
2024-08-20 16:00:00,100.0
2024-08-20 17:00:00,100.0
2024-08-20 18:00:00,100.0
2024-08-20 19:00:00,99.39
2024-08-20 20:00:00,99.24
2024-08-20 21:00:00,98.66
2024-08-20 22:00:00,99.4
2024-08-20 23:00:00,99.28
2024-08-21 00:00:00,99.55
2024-08-21 01:00:00,99.41
2024-08-21 02:00:00,99.59
2024-08-21 03:00:00,99.27
2024-08-21 04:00:00,95.46
2024-08-21 05:00:00,96.49
2024-08-21 06:00:00,96.96
2024-08-21 07:00:00,97.13
2024-08-21 08:00:00,97.62
2024-08-21 09:00:00,95.81
2024-08-21 10:00:00,96.48
2024-08-21 11:00:00,97.16
2024-08-21 12:00:00,99.15
2024-08-21 13:00:00,100.0
2024-08-21 14:00:00,96.05
2024-08-21 15:00:00,81.0
2024-08-21 16:00:00,85.95
2024-08-21 17:00:00,91.0
2024-08-21 18:00:00,94.68
2024-08-21 19:00:00,99.58
2024-08-21 20:00:00,98.79
2024-08-21 21:00:00,99.38
2024-08-21 22:00:00,99.52
2024-08-21 23:00:00,99.58
2024-08-22 00:00:00,99.01
2024-08-22 01:00:00,97.82
2024-08-22 02:00:00,96.11
2024-08-22 03:00:00,99.47
2024-08-22 04:00:00,99.51
2024-08-22 05:00:00,97.21
2024-08-22 06:00:00,88.54
2024-08-22 07:00:00,89.25
2024-08-22 08:00:00,88.6
2024-08-22 09:00:00,95.61
2024-08-22 10:00:00,96.46
2024-08-22 11:00:00,80.1
2024-08-22 12:00:00,83.12
2024-08-22 13:00:00,54.81
2024-08-22 14:00:00,61.45
2024-08-22 15:00:00,42.99
2024-08-22 16:00:00,51.97
2024-08-22 17:00:00,63.78
2024-08-22 18:00:00,76.47
2024-08-22 19:00:00,88.06
2024-08-22 20:00:00,86.64
2024-08-22 21:00:00,90.0
2024-08-22 22:00:00,97.27
2024-08-22 23:00:00,97.96
2024-08-23 00:00:00,98.14
2024-08-23 01:00:00,99.43
2024-08-23 02:00:00,99.56
2024-08-23 03:00:00,99.52
2024-08-23 04:00:00,99.51
2024-08-23 05:00:00,94.11
2024-08-23 06:00:00,82.14
2024-08-23 07:00:00,79.35
2024-08-23 08:00:00,79.74
2024-08-23 09:00:00,82.86
2024-08-23 10:00:00,89.71
2024-08-23 11:00:00,85.16
2024-08-23 12:00:00,87.91
2024-08-23 13:00:00,42.23
2024-08-23 14:00:00,47.45
2024-08-23 15:00:00,59.14
2024-08-23 16:00:00,68.24
2024-08-23 17:00:00,75.53
2024-08-23 18:00:00,83.9
2024-08-23 19:00:00,92.45
2024-08-23 20:00:00,89.0
2024-08-23 21:00:00,95.59
2024-08-23 22:00:00,95.6
2024-08-23 23:00:00,97.27
2024-08-24 00:00:00,94.02
2024-08-24 01:00:00,76.49
2024-08-24 02:00:00,80.14
2024-08-24 03:00:00,76.03
2024-08-24 04:00:00,81.35
2024-08-24 05:00:00,86.71
2024-08-24 06:00:00,88.62
2024-08-24 07:00:00,92.47
2024-08-24 08:00:00,95.26
2024-08-24 09:00:00,83.98
2024-08-24 10:00:00,97.63
2024-08-24 11:00:00,98.59
2024-08-24 12:00:00,98.96
2024-08-24 13:00:00,100.0
2024-08-24 14:00:00,98.21
2024-08-24 15:00:00,70.6
2024-08-24 16:00:00,75.3
2024-08-24 17:00:00,83.5
2024-08-24 18:00:00,89.43
2024-08-24 19:00:00,96.45
2024-08-24 20:00:00,96.32
2024-08-24 21:00:00,92.99
2024-08-24 22:00:00,97.11
2024-08-24 23:00:00,98.79
2024-08-25 00:00:00,96.37
2024-08-25 01:00:00,70.09
2024-08-25 02:00:00,80.76
2024-08-25 03:00:00,79.28
2024-08-25 04:00:00,76.06
2024-08-25 05:00:00,69.81
2024-08-25 06:00:00,60.96
2024-08-25 07:00:00,54.42
2024-08-25 08:00:00,54.89
2024-08-25 09:00:00,50.45
2024-08-25 10:00:00,42.31
2024-08-25 11:00:00,40.1
2024-08-25 12:00:00,36.75
2024-08-25 13:00:00,28.16
2024-08-25 14:00:00,43.57
2024-08-25 15:00:00,73.35
2024-08-25 16:00:00,75.33
2024-08-25 17:00:00,81.11
2024-08-25 18:00:00,85.5
2024-08-25 19:00:00,86.83
2024-08-25 20:00:00,98.39
2024-08-25 21:00:00,98.0
2024-08-25 22:00:00,97.01
2024-08-25 23:00:00,97.35
2024-08-26 00:00:00,98.27
2024-08-26 01:00:00,93.56
2024-08-26 02:00:00,93.03
2024-08-26 03:00:00,86.28
2024-08-26 04:00:00,88.05
2024-08-26 05:00:00,91.35
2024-08-26 06:00:00,93.29
2024-08-26 07:00:00,94.19
2024-08-26 08:00:00,95.69
2024-08-26 09:00:00,97.36
2024-08-26 10:00:00,98.99
2024-08-26 11:00:00,97.73
2024-08-26 12:00:00,93.68
2024-08-26 13:00:00,98.81
2024-08-26 14:00:00,90.19
2024-08-26 15:00:00,83.87
2024-08-26 16:00:00,87.04
2024-08-26 17:00:00,92.22
2024-08-26 18:00:00,97.04
2024-08-26 19:00:00,90.47
2024-08-26 20:00:00,97.29
2024-08-26 21:00:00,98.79
2024-08-26 22:00:00,97.2
2024-08-26 23:00:00,95.55
2024-08-27 00:00:00,93.02
2024-08-27 01:00:00,96.3
2024-08-27 02:00:00,98.08
2024-08-27 03:00:00,92.23
2024-08-27 04:00:00,75.64
2024-08-27 05:00:00,74.75
2024-08-27 06:00:00,75.41
2024-08-27 07:00:00,74.38
2024-08-27 08:00:00,72.88
2024-08-27 09:00:00,91.34
2024-08-27 10:00:00,87.45
2024-08-27 11:00:00,49.21
2024-08-27 12:00:00,46.16
2024-08-27 13:00:00,48.79
2024-08-27 14:00:00,67.27
2024-08-27 15:00:00,70.08
2024-08-27 16:00:00,77.4
2024-08-27 17:00:00,85.73
2024-08-27 18:00:00,98.24
2024-08-27 19:00:00,98.62
2024-08-27 20:00:00,98.35
2024-08-27 21:00:00,99.03
2024-08-27 22:00:00,96.93
2024-08-27 23:00:00,92.12
2024-08-28 00:00:00,91.49
2024-08-28 01:00:00,85.74
2024-08-28 02:00:00,68.43
2024-08-28 03:00:00,75.22
2024-08-28 04:00:00,73.57
2024-08-28 05:00:00,70.95
2024-08-28 06:00:00,68.76
2024-08-28 07:00:00,63.88
2024-08-28 08:00:00,63.03
2024-08-28 09:00:00,93.35
2024-08-28 10:00:00,85.36
2024-08-28 11:00:00,70.55
2024-08-28 12:00:00,90.21
2024-08-28 13:00:00,91.63
2024-08-28 14:00:00,94.41
2024-08-28 15:00:00,77.12
2024-08-28 16:00:00,84.1
2024-08-28 17:00:00,91.96
2024-08-28 18:00:00,99.53
2024-08-28 19:00:00,99.5
2024-08-28 20:00:00,99.6
2024-08-28 21:00:00,97.2
2024-08-28 22:00:00,94.72
2024-08-28 23:00:00,93.87
2024-08-29 00:00:00,96.08
2024-08-29 01:00:00,89.29
2024-08-29 02:00:00,92.73
2024-08-29 03:00:00,91.48
2024-08-29 04:00:00,66.09
2024-08-29 05:00:00,72.32
2024-08-29 06:00:00,82.04
2024-08-29 07:00:00,88.71
2024-08-29 08:00:00,94.79
2024-08-29 09:00:00,98.96
2024-08-29 10:00:00,98.76
2024-08-29 11:00:00,93.45
2024-08-29 12:00:00,64.1
2024-08-29 13:00:00,33.16
2024-08-29 14:00:00,29.35
2024-08-29 15:00:00,65.81
2024-08-29 16:00:00,71.75
2024-08-29 17:00:00,83.88
2024-08-29 18:00:00,98.3
2024-08-29 19:00:00,99.16
2024-08-29 20:00:00,98.74
2024-08-29 21:00:00,97.25
2024-08-29 22:00:00,98.74
2024-08-29 23:00:00,99.59
2024-08-30 00:00:00,99.32
2024-08-30 01:00:00,98.74
2024-08-30 02:00:00,99.49
2024-08-30 03:00:00,98.99
2024-08-30 04:00:00,94.9
2024-08-30 05:00:00,73.59
2024-08-30 06:00:00,50.07
2024-08-30 07:00:00,23.78
2024-08-30 08:00:00,23.82
2024-08-30 09:00:00,34.46
2024-08-30 10:00:00,51.38
2024-08-30 11:00:00,43.0
2024-08-30 12:00:00,29.18
2024-08-30 13:00:00,29.77
2024-08-30 14:00:00,37.48
2024-08-30 15:00:00,68.01
2024-08-30 16:00:00,74.95
2024-08-30 17:00:00,81.53
2024-08-30 18:00:00,94.18
2024-08-30 19:00:00,92.79
2024-08-30 20:00:00,98.87
2024-08-30 21:00:00,97.76
2024-08-30 22:00:00,98.82
2024-08-30 23:00:00,98.77
2024-08-31 00:00:00,98.73
2024-08-31 01:00:00,99.96
2024-08-31 02:00:00,98.73
2024-08-31 03:00:00,98.76
2024-08-31 04:00:00,98.94
2024-08-31 05:00:00,97.84
2024-08-31 06:00:00,97.22
2024-08-31 07:00:00,97.45
2024-08-31 08:00:00,96.47
2024-08-31 09:00:00,97.79
2024-08-31 10:00:00,99.28
2024-08-31 11:00:00,100.0
2024-08-31 12:00:00,99.99
2024-08-31 13:00:00,99.41
2024-08-31 14:00:00,99.43
2024-08-31 15:00:00,97.94
2024-08-31 16:00:00,99.32
2024-08-31 17:00:00,98.54
2024-08-31 18:00:00,99.25
2024-08-31 19:00:00,99.25
2024-08-31 20:00:00,99.18
2024-08-31 21:00:00,99.18
2024-08-31 22:00:00,99.34
2024-08-31 23:00:00,99.22
2024-09-01 00:00:00,99.47
2024-09-01 01:00:00,99.45
2024-09-01 02:00:00,99.37
2024-09-01 03:00:00,99.35
2024-09-01 04:00:00,99.32
2024-09-01 05:00:00,100.0
2024-09-01 06:00:00,99.2
2024-09-01 07:00:00,99.62
2024-09-01 08:00:00,99.55
2024-09-01 09:00:00,98.18
2024-09-01 10:00:00,97.71
2024-09-01 11:00:00,98.19
2024-09-01 12:00:00,99.48
2024-09-01 13:00:00,98.49
2024-09-01 14:00:00,98.85
2024-09-01 15:00:00,89.74
2024-09-01 16:00:00,91.42
2024-09-01 17:00:00,94.56
2024-09-01 18:00:00,98.69
2024-09-01 19:00:00,99.55
2024-09-01 20:00:00,99.68
2024-09-01 21:00:00,99.67
2024-09-01 22:00:00,99.76
2024-09-01 23:00:00,97.04
2024-09-02 00:00:00,96.37
2024-09-02 01:00:00,83.05
2024-09-02 02:00:00,83.05
2024-09-02 03:00:00,77.78
2024-09-02 04:00:00,62.72
2024-09-02 05:00:00,56.63
2024-09-02 06:00:00,49.03
2024-09-02 07:00:00,44.4
2024-09-02 08:00:00,39.5
2024-09-02 09:00:00,65.31
2024-09-02 10:00:00,38.39
2024-09-02 11:00:00,38.4
2024-09-02 12:00:00,28.02
2024-09-02 13:00:00,28.26
2024-09-02 14:00:00,63.49
2024-09-02 15:00:00,43.58
2024-09-02 16:00:00,54.83
2024-09-02 17:00:00,67.12
2024-09-02 18:00:00,80.81
2024-09-02 19:00:00,94.86
2024-09-02 20:00:00,97.41
2024-09-02 21:00:00,81.77
2024-09-02 22:00:00,63.28
2024-09-02 23:00:00,49.92
2024-09-03 00:00:00,47.41
2024-09-03 01:00:00,86.69
2024-09-03 02:00:00,88.38
2024-09-03 03:00:00,99.33
2024-09-03 04:00:00,99.49
2024-09-03 05:00:00,97.65
2024-09-03 06:00:00,98.15
2024-09-03 07:00:00,98.44
2024-09-03 08:00:00,98.36
2024-09-03 09:00:00,97.71
2024-09-03 10:00:00,98.29
2024-09-03 11:00:00,98.71
2024-09-03 12:00:00,96.75
2024-09-03 13:00:00,97.85
2024-09-03 14:00:00,96.93
2024-09-03 15:00:00,95.9
2024-09-03 16:00:00,96.42
2024-09-03 17:00:00,98.32
2024-09-03 18:00:00,99.13
2024-09-03 19:00:00,99.55
2024-09-03 20:00:00,99.29
2024-09-03 21:00:00,98.53
2024-09-03 22:00:00,89.67
2024-09-03 23:00:00,88.33
2024-09-04 00:00:00,85.88
2024-09-04 01:00:00,77.93
2024-09-04 02:00:00,99.09
2024-09-04 03:00:00,99.81
2024-09-04 04:00:00,99.79
2024-09-04 05:00:00,99.31
2024-09-04 06:00:00,98.33
2024-09-04 07:00:00,98.14
2024-09-04 08:00:00,97.88
2024-09-04 09:00:00,95.66
2024-09-04 10:00:00,97.58
2024-09-04 11:00:00,98.23
2024-09-04 12:00:00,67.55
2024-09-04 13:00:00,78.13
2024-09-04 14:00:00,55.88
2024-09-04 15:00:00,83.27
2024-09-04 16:00:00,75.88
2024-09-04 17:00:00,67.81
2024-09-04 18:00:00,60.43
2024-09-04 19:00:00,74.39
2024-09-04 20:00:00,69.17
2024-09-04 21:00:00,86.19
2024-09-04 22:00:00,93.87
2024-09-04 23:00:00,99.2
2024-09-05 00:00:00,99.15
2024-09-05 01:00:00,99.81
2024-09-05 02:00:00,99.34
2024-09-05 03:00:00,99.41
2024-09-05 04:00:00,99.36
2024-09-05 05:00:00,99.75
2024-09-05 06:00:00,100.0
2024-09-05 07:00:00,99.31
2024-09-05 08:00:00,99.32
2024-09-05 09:00:00,98.83
2024-09-05 10:00:00,98.18
2024-09-05 11:00:00,94.2
2024-09-05 12:00:00,81.49
2024-09-05 13:00:00,97.42
2024-09-05 14:00:00,97.16
2024-09-05 15:00:00,92.56
2024-09-05 16:00:00,94.38
2024-09-05 17:00:00,96.21
2024-09-05 18:00:00,96.63
2024-09-05 19:00:00,89.53
2024-09-05 20:00:00,78.34
2024-09-05 21:00:00,72.41
2024-09-05 22:00:00,84.34
2024-09-05 23:00:00,99.56
2024-09-06 00:00:00,99.05
2024-09-06 01:00:00,96.87
2024-09-06 02:00:00,99.38
2024-09-06 03:00:00,99.31
2024-09-06 04:00:00,99.51
2024-09-06 05:00:00,80.24
2024-09-06 06:00:00,57.14
2024-09-06 07:00:00,36.6
2024-09-06 08:00:00,22.92
2024-09-06 09:00:00,23.63
2024-09-06 10:00:00,19.76
2024-09-06 11:00:00,19.37
2024-09-06 12:00:00,16.04
2024-09-06 13:00:00,24.43
2024-09-06 14:00:00,21.58
2024-09-06 15:00:00,18.0
2024-09-06 16:00:00,31.18
2024-09-06 17:00:00,42.48
2024-09-06 18:00:00,60.83
2024-09-06 19:00:00,88.88
2024-09-06 20:00:00,68.73
2024-09-06 21:00:00,85.22
2024-09-06 22:00:00,88.29
2024-09-06 23:00:00,99.76
2024-09-07 00:00:00,82.59
2024-09-07 01:00:00,80.17
2024-09-07 02:00:00,65.9
2024-09-07 03:00:00,87.51
2024-09-07 04:00:00,93.17
2024-09-07 05:00:00,75.29
2024-09-07 06:00:00,55.19
2024-09-07 07:00:00,39.05
2024-09-07 08:00:00,21.94
2024-09-07 09:00:00,17.04
2024-09-07 10:00:00,33.63
2024-09-07 11:00:00,43.29
2024-09-07 12:00:00,37.2
2024-09-07 13:00:00,30.85
2024-09-07 14:00:00,25.62
2024-09-07 15:00:00,46.73
2024-09-07 16:00:00,63.68
2024-09-07 17:00:00,80.17
2024-09-07 18:00:00,96.92
2024-09-07 19:00:00,98.94
2024-09-07 20:00:00,96.15
2024-09-07 21:00:00,99.61
2024-09-07 22:00:00,93.16
2024-09-07 23:00:00,67.65
2024-09-08 00:00:00,80.5
2024-09-08 01:00:00,73.51
2024-09-08 02:00:00,46.36
2024-09-08 03:00:00,86.71
2024-09-08 04:00:00,97.85
2024-09-08 05:00:00,74.89
2024-09-08 06:00:00,48.45
2024-09-08 07:00:00,27.78
2024-09-08 08:00:00,7.04
2024-09-08 09:00:00,15.22
2024-09-08 10:00:00,21.98
2024-09-08 11:00:00,26.28
2024-09-08 12:00:00,24.62
2024-09-08 13:00:00,31.07
2024-09-08 14:00:00,34.01
2024-09-08 15:00:00,79.42
2024-09-08 16:00:00,85.9
2024-09-08 17:00:00,91.47
2024-09-08 18:00:00,98.62
2024-09-08 19:00:00,99.23
2024-09-08 20:00:00,99.9
2024-09-08 21:00:00,99.88
2024-09-08 22:00:00,93.52
2024-09-08 23:00:00,83.51
2024-09-09 00:00:00,92.3
2024-09-09 01:00:00,92.49
2024-09-09 02:00:00,99.67
2024-09-09 03:00:00,99.6
2024-09-09 04:00:00,99.57
2024-09-09 05:00:00,94.88
2024-09-09 06:00:00,88.1
2024-09-09 07:00:00,84.3
2024-09-09 08:00:00,79.59
2024-09-09 09:00:00,87.05
2024-09-09 10:00:00,89.55
2024-09-09 11:00:00,91.85
2024-09-09 12:00:00,81.02
2024-09-09 13:00:00,35.76
2024-09-09 14:00:00,88.28
2024-09-09 15:00:00,93.95
2024-09-09 16:00:00,94.81
2024-09-09 17:00:00,96.31
2024-09-09 18:00:00,98.94
2024-09-09 19:00:00,99.35
2024-09-09 20:00:00,99.61
2024-09-09 21:00:00,99.57
2024-09-09 22:00:00,98.94
2024-09-09 23:00:00,94.04
2024-09-10 00:00:00,99.71
2024-09-10 01:00:00,99.68
2024-09-10 02:00:00,98.32
2024-09-10 03:00:00,98.1
2024-09-10 04:00:00,98.55
2024-09-10 05:00:00,95.75
2024-09-10 06:00:00,90.02
2024-09-10 07:00:00,88.53
2024-09-10 08:00:00,85.97
2024-09-10 09:00:00,95.44
2024-09-10 10:00:00,86.87
2024-09-10 11:00:00,73.68
2024-09-10 12:00:00,57.93
2024-09-10 13:00:00,66.6
2024-09-10 14:00:00,82.15
2024-09-10 15:00:00,98.18
2024-09-10 16:00:00,92.32
2024-09-10 17:00:00,87.86
2024-09-10 18:00:00,84.53
2024-09-10 19:00:00,92.5
2024-09-10 20:00:00,92.58
2024-09-10 21:00:00,97.06
2024-09-10 22:00:00,99.74
2024-09-10 23:00:00,98.97
2024-09-11 00:00:00,99.77
2024-09-11 01:00:00,89.04
2024-09-11 02:00:00,99.78
2024-09-11 03:00:00,90.75
2024-09-11 04:00:00,76.83
2024-09-11 05:00:00,78.67
2024-09-11 06:00:00,78.08
2024-09-11 07:00:00,81.91
2024-09-11 08:00:00,84.4
2024-09-11 09:00:00,95.73
2024-09-11 10:00:00,98.57
2024-09-11 11:00:00,99.04
2024-09-11 12:00:00,98.89
2024-09-11 13:00:00,98.87
2024-09-11 14:00:00,98.52
2024-09-11 15:00:00,98.25
2024-09-11 16:00:00,99.23
2024-09-11 17:00:00,100.0
2024-09-11 18:00:00,98.81
2024-09-11 19:00:00,99.3
2024-09-11 20:00:00,99.33
2024-09-11 21:00:00,99.33
2024-09-11 22:00:00,99.29
2024-09-11 23:00:00,99.21
2024-09-12 00:00:00,100.0
2024-09-12 01:00:00,99.14
2024-09-12 02:00:00,99.94
2024-09-12 03:00:00,99.4
2024-09-12 04:00:00,99.75
2024-09-12 05:00:00,97.75
2024-09-12 06:00:00,96.12
2024-09-12 07:00:00,94.15
2024-09-12 08:00:00,92.56
2024-09-12 09:00:00,92.1
2024-09-12 10:00:00,99.58
2024-09-12 11:00:00,97.6
2024-09-12 12:00:00,85.19
2024-09-12 13:00:00,63.01
2024-09-12 14:00:00,62.91
2024-09-12 15:00:00,48.59
2024-09-12 16:00:00,51.71
2024-09-12 17:00:00,54.11
2024-09-12 18:00:00,60.09
2024-09-12 19:00:00,91.59
2024-09-12 20:00:00,85.22
2024-09-12 21:00:00,90.6
2024-09-12 22:00:00,88.71
2024-09-12 23:00:00,92.11
2024-09-13 00:00:00,98.79
2024-09-13 01:00:00,98.83
2024-09-13 02:00:00,73.37
2024-09-13 03:00:00,55.75
2024-09-13 04:00:00,78.66
2024-09-13 05:00:00,82.21
2024-09-13 06:00:00,57.35
2024-09-13 07:00:00,34.4
2024-09-13 08:00:00,14.59
2024-09-13 09:00:00,26.22
2024-09-13 10:00:00,32.05
2024-09-13 11:00:00,39.13
2024-09-13 12:00:00,21.99
2024-09-13 13:00:00,13.46
2024-09-13 14:00:00,26.29
2024-09-13 15:00:00,45.33
2024-09-13 16:00:00,63.83
2024-09-13 17:00:00,80.25
2024-09-13 18:00:00,98.19
2024-09-13 19:00:00,99.15
2024-09-13 20:00:00,99.61
2024-09-13 21:00:00,98.93
2024-09-13 22:00:00,98.99
2024-09-13 23:00:00,98.89
2024-09-14 00:00:00,99.54
2024-09-14 01:00:00,99.77
2024-09-14 02:00:00,99.57
2024-09-14 03:00:00,99.48
2024-09-14 04:00:00,99.44
2024-09-14 05:00:00,98.68
2024-09-14 06:00:00,98.23
2024-09-14 07:00:00,99.02
2024-09-14 08:00:00,99.18
2024-09-14 09:00:00,99.31
2024-09-14 10:00:00,99.21
2024-09-14 11:00:00,97.43
2024-09-14 12:00:00,94.95
2024-09-14 13:00:00,59.89
2024-09-14 14:00:00,98.01
2024-09-14 15:00:00,94.16
2024-09-14 16:00:00,95.25
2024-09-14 17:00:00,96.69
2024-09-14 18:00:00,99.38
2024-09-14 19:00:00,99.16
2024-09-14 20:00:00,99.43
2024-09-14 21:00:00,95.26
2024-09-14 22:00:00,83.3
2024-09-14 23:00:00,73.94
2024-09-15 00:00:00,84.78
2024-09-15 01:00:00,68.65
2024-09-15 02:00:00,57.98
2024-09-15 03:00:00,40.67
2024-09-15 04:00:00,47.27
2024-09-15 05:00:00,44.81
2024-09-15 06:00:00,50.7
2024-09-15 07:00:00,57.98
2024-09-15 08:00:00,63.38
2024-09-15 09:00:00,91.9
2024-09-15 10:00:00,95.09
2024-09-15 11:00:00,89.43
2024-09-15 12:00:00,85.47
2024-09-15 13:00:00,98.16
2024-09-15 14:00:00,98.46
2024-09-15 15:00:00,98.88
2024-09-15 16:00:00,99.18
2024-09-15 17:00:00,99.73
2024-09-15 18:00:00,99.13
2024-09-15 19:00:00,99.35
2024-09-15 20:00:00,99.18
2024-09-15 21:00:00,99.26
2024-09-15 22:00:00,99.63
2024-09-15 23:00:00,99.92
2024-09-16 00:00:00,99.18
2024-09-16 01:00:00,100.0
2024-09-16 02:00:00,99.21
2024-09-16 03:00:00,99.44
2024-09-16 04:00:00,99.26
2024-09-16 05:00:00,99.21
2024-09-16 06:00:00,93.95
2024-09-16 07:00:00,96.97
2024-09-16 08:00:00,99.35
2024-09-16 09:00:00,98.82
2024-09-16 10:00:00,98.83
2024-09-16 11:00:00,98.45
2024-09-16 12:00:00,85.53
2024-09-16 13:00:00,92.71
2024-09-16 14:00:00,89.16
2024-09-16 15:00:00,98.77
2024-09-16 16:00:00,97.78
2024-09-16 17:00:00,98.86
2024-09-16 18:00:00,98.82
2024-09-16 19:00:00,98.86
2024-09-16 20:00:00,98.88
2024-09-16 21:00:00,98.84
2024-09-16 22:00:00,98.65
2024-09-16 23:00:00,99.1
2024-09-17 00:00:00,96.81
2024-09-17 01:00:00,99.32
2024-09-17 02:00:00,99.61
2024-09-17 03:00:00,99.52
2024-09-17 04:00:00,99.71
2024-09-17 05:00:00,96.59
2024-09-17 06:00:00,70.81
2024-09-17 07:00:00,49.46
2024-09-17 08:00:00,27.6
2024-09-17 09:00:00,48.29
2024-09-17 10:00:00,32.15
2024-09-17 11:00:00,24.27
2024-09-17 12:00:00,38.83
2024-09-17 13:00:00,51.23
2024-09-17 14:00:00,55.48
2024-09-17 15:00:00,83.7
2024-09-17 16:00:00,84.63
2024-09-17 17:00:00,85.77
2024-09-17 18:00:00,87.95
2024-09-17 19:00:00,96.35
2024-09-17 20:00:00,98.09
2024-09-17 21:00:00,86.31
2024-09-17 22:00:00,87.76
2024-09-17 23:00:00,98.96
2024-09-18 00:00:00,97.1
2024-09-18 01:00:00,98.97
2024-09-18 02:00:00,65.88
2024-09-18 03:00:00,86.92
2024-09-18 04:00:00,79.83
2024-09-18 05:00:00,47.37
2024-09-18 06:00:00,27.79
2024-09-18 07:00:00,15.72
2024-09-18 08:00:00,1.64
2024-09-18 09:00:00,4.92
2024-09-18 10:00:00,24.54
2024-09-18 11:00:00,23.31
2024-09-18 12:00:00,20.48
2024-09-18 13:00:00,28.6
2024-09-18 14:00:00,28.15
2024-09-18 15:00:00,37.5
2024-09-18 16:00:00,56.54
2024-09-18 17:00:00,76.24
2024-09-18 18:00:00,97.1
2024-09-18 19:00:00,99.85
2024-09-18 20:00:00,99.86
2024-09-18 21:00:00,99.84
2024-09-18 22:00:00,88.97
2024-09-18 23:00:00,90.94
2024-09-19 00:00:00,87.06
2024-09-19 01:00:00,68.23
2024-09-19 02:00:00,65.45
2024-09-19 03:00:00,57.25
2024-09-19 04:00:00,33.78
2024-09-19 05:00:00,26.92
2024-09-19 06:00:00,14.47
2024-09-19 07:00:00,10.14
2024-09-19 08:00:00,2.48
2024-09-19 09:00:00,0.82
2024-09-19 10:00:00,7.48
2024-09-19 11:00:00,11.82
2024-09-19 12:00:00,20.0
2024-09-19 13:00:00,16.51
2024-09-19 14:00:00,23.06
2024-09-19 15:00:00,61.86
2024-09-19 16:00:00,64.87
2024-09-19 17:00:00,67.91
2024-09-19 18:00:00,71.54
2024-09-19 19:00:00,69.84
2024-09-19 20:00:00,55.67
2024-09-19 21:00:00,68.84
2024-09-19 22:00:00,66.87
2024-09-19 23:00:00,77.69
2024-09-20 00:00:00,78.69
2024-09-20 01:00:00,56.74
2024-09-20 02:00:00,69.36
2024-09-20 03:00:00,70.89
2024-09-20 04:00:00,78.54
2024-09-20 05:00:00,58.14
2024-09-20 06:00:00,48.76
2024-09-20 07:00:00,44.59
2024-09-20 08:00:00,39.02
2024-09-20 09:00:00,44.57
2024-09-20 10:00:00,95.37
2024-09-20 11:00:00,96.69
2024-09-20 12:00:00,78.88
2024-09-20 13:00:00,95.11
2024-09-20 14:00:00,92.65
2024-09-20 15:00:00,97.71
2024-09-20 16:00:00,93.17
2024-09-20 17:00:00,88.75
2024-09-20 18:00:00,83.44
2024-09-20 19:00:00,75.96
2024-09-20 20:00:00,65.14
2024-09-20 21:00:00,56.41
2024-09-20 22:00:00,52.76
2024-09-20 23:00:00,51.18
2024-09-21 00:00:00,54.88
2024-09-21 01:00:00,46.18
2024-09-21 02:00:00,26.14
2024-09-21 03:00:00,9.75
2024-09-21 04:00:00,7.29
2024-09-21 05:00:00,11.42
2024-09-21 06:00:00,6.83
2024-09-21 07:00:00,9.48
2024-09-21 08:00:00,8.39
2024-09-21 09:00:00,12.8
2024-09-21 10:00:00,21.26
2024-09-21 11:00:00,15.55
2024-09-21 12:00:00,20.95
2024-09-21 13:00:00,32.59
2024-09-21 14:00:00,90.47
2024-09-21 15:00:00,92.81
2024-09-21 16:00:00,93.34
2024-09-21 17:00:00,97.7
2024-09-21 18:00:00,99.05
2024-09-21 19:00:00,98.7
2024-09-21 20:00:00,98.86
2024-09-21 21:00:00,99.15
2024-09-21 22:00:00,99.48
2024-09-21 23:00:00,99.52
2024-09-22 00:00:00,99.19
2024-09-22 01:00:00,99.94
2024-09-22 02:00:00,98.88
2024-09-22 03:00:00,98.86
2024-09-22 04:00:00,81.37
2024-09-22 05:00:00,54.77
2024-09-22 06:00:00,41.56
2024-09-22 07:00:00,33.7
2024-09-22 08:00:00,24.59
2024-09-22 09:00:00,42.43
2024-09-22 10:00:00,57.21
2024-09-22 11:00:00,61.56
2024-09-22 12:00:00,59.73
2024-09-22 13:00:00,76.01
2024-09-22 14:00:00,56.59
2024-09-22 15:00:00,81.19
2024-09-22 16:00:00,86.03
2024-09-22 17:00:00,92.84
2024-09-22 18:00:00,99.73
2024-09-22 19:00:00,99.57
2024-09-22 20:00:00,99.65
2024-09-22 21:00:00,97.89
2024-09-22 22:00:00,98.85
2024-09-22 23:00:00,99.79
2024-09-23 00:00:00,48.05
2024-09-23 01:00:00,98.94
2024-09-23 02:00:00,51.47
2024-09-23 03:00:00,86.73
2024-09-23 04:00:00,83.22
2024-09-23 05:00:00,75.75
2024-09-23 06:00:00,63.74
2024-09-23 07:00:00,53.61
2024-09-23 08:00:00,47.88
2024-09-23 09:00:00,59.52
2024-09-23 10:00:00,58.39
2024-09-23 11:00:00,55.25
2024-09-23 12:00:00,65.94
2024-09-23 13:00:00,76.7
2024-09-23 14:00:00,88.02
2024-09-23 15:00:00,89.04
2024-09-23 16:00:00,87.95
2024-09-23 17:00:00,94.4
2024-09-23 18:00:00,98.98
2024-09-23 19:00:00,98.43
2024-09-23 20:00:00,98.77
2024-09-23 21:00:00,98.45
2024-09-23 22:00:00,97.94
2024-09-23 23:00:00,99.13
2024-09-24 00:00:00,99.03
2024-09-24 01:00:00,99.08
2024-09-24 02:00:00,100.0
2024-09-24 03:00:00,99.1
2024-09-24 04:00:00,99.51
2024-09-24 05:00:00,99.68
2024-09-24 06:00:00,97.5
2024-09-24 07:00:00,97.86
2024-09-24 08:00:00,97.27
2024-09-24 09:00:00,98.49
2024-09-24 10:00:00,98.61
2024-09-24 11:00:00,96.72
2024-09-24 12:00:00,98.0
2024-09-24 13:00:00,99.56
2024-09-24 14:00:00,97.11
2024-09-24 15:00:00,97.67
2024-09-24 16:00:00,95.14
2024-09-24 17:00:00,98.21
2024-09-24 18:00:00,99.18
2024-09-24 19:00:00,98.93
2024-09-24 20:00:00,99.18
2024-09-24 21:00:00,99.07
2024-09-24 22:00:00,99.01
2024-09-24 23:00:00,99.02
2024-09-25 00:00:00,98.96
2024-09-25 01:00:00,99.87
2024-09-25 02:00:00,99.21
2024-09-25 03:00:00,99.31
2024-09-25 04:00:00,99.4
2024-09-25 05:00:00,99.31
2024-09-25 06:00:00,100.0
2024-09-25 07:00:00,100.0
2024-09-25 08:00:00,99.11
2024-09-25 09:00:00,97.67
2024-09-25 10:00:00,97.68
2024-09-25 11:00:00,98.21
2024-09-25 12:00:00,99.45
2024-09-25 13:00:00,99.78
2024-09-25 14:00:00,99.17
2024-09-25 15:00:00,99.52
2024-09-25 16:00:00,98.34
2024-09-25 17:00:00,100.0
2024-09-25 18:00:00,99.24
2024-09-25 19:00:00,99.12
2024-09-25 20:00:00,99.22
2024-09-25 21:00:00,99.33
2024-09-25 22:00:00,99.36
2024-09-25 23:00:00,99.11
2024-09-26 00:00:00,99.11
2024-09-26 01:00:00,100.0
2024-09-26 02:00:00,98.73
2024-09-26 03:00:00,98.8
2024-09-26 04:00:00,99.0
2024-09-26 05:00:00,99.17
2024-09-26 06:00:00,97.27
2024-09-26 07:00:00,98.94
2024-09-26 08:00:00,99.54
2024-09-26 09:00:00,98.62
2024-09-26 10:00:00,97.48
2024-09-26 11:00:00,98.72
2024-09-26 12:00:00,100.0
2024-09-26 13:00:00,99.74
2024-09-26 14:00:00,100.0
2024-09-26 15:00:00,100.0
2024-09-26 16:00:00,100.0
2024-09-26 17:00:00,100.0
2024-09-26 18:00:00,99.17
2024-09-26 19:00:00,99.49
2024-09-26 20:00:00,99.35
2024-09-26 21:00:00,99.24
2024-09-26 22:00:00,99.19
2024-09-26 23:00:00,99.42
2024-09-27 00:00:00,99.29
2024-09-27 01:00:00,99.95
2024-09-27 02:00:00,99.29
2024-09-27 03:00:00,99.27
2024-09-27 04:00:00,99.45
2024-09-27 05:00:00,99.27
2024-09-27 06:00:00,98.07
2024-09-27 07:00:00,98.83
2024-09-27 08:00:00,99.01
2024-09-27 09:00:00,99.38
2024-09-27 10:00:00,99.67
2024-09-27 11:00:00,99.44
2024-09-27 12:00:00,99.24
2024-09-27 13:00:00,98.34
2024-09-27 14:00:00,99.28
2024-09-27 15:00:00,99.41
2024-09-27 16:00:00,100.0
2024-09-27 17:00:00,99.71
2024-09-27 18:00:00,99.3
2024-09-27 19:00:00,99.24
2024-09-27 20:00:00,99.39
2024-09-27 21:00:00,99.11
2024-09-27 22:00:00,99.3
2024-09-27 23:00:00,99.27
2024-09-28 00:00:00,100.0
2024-09-28 01:00:00,99.2
2024-09-28 02:00:00,99.29
2024-09-28 03:00:00,99.67
2024-09-28 04:00:00,96.48
2024-09-28 05:00:00,99.76
2024-09-28 06:00:00,99.4
2024-09-28 07:00:00,97.92
2024-09-28 08:00:00,96.37
2024-09-28 09:00:00,97.87
2024-09-28 10:00:00,98.32
2024-09-28 11:00:00,97.07
2024-09-28 12:00:00,94.28
2024-09-28 13:00:00,99.07
2024-09-28 14:00:00,98.22
2024-09-28 15:00:00,97.86
2024-09-28 16:00:00,97.83
2024-09-28 17:00:00,97.77
2024-09-28 18:00:00,99.64
2024-09-28 19:00:00,99.44
2024-09-28 20:00:00,99.55
2024-09-28 21:00:00,99.49
2024-09-28 22:00:00,99.53
2024-09-28 23:00:00,99.35
2024-09-29 00:00:00,99.37
2024-09-29 01:00:00,98.97
2024-09-29 02:00:00,100.0
2024-09-29 03:00:00,99.02
2024-09-29 04:00:00,99.31
2024-09-29 05:00:00,99.41
2024-09-29 06:00:00,97.39
2024-09-29 07:00:00,97.06
2024-09-29 08:00:00,98.94
2024-09-29 09:00:00,98.56
2024-09-29 10:00:00,98.52
2024-09-29 11:00:00,97.78
2024-09-29 12:00:00,97.6
2024-09-29 13:00:00,99.92
2024-09-29 14:00:00,98.91
2024-09-29 15:00:00,99.91
2024-09-29 16:00:00,100.0
2024-09-29 17:00:00,100.0
2024-09-29 18:00:00,99.63
2024-09-29 19:00:00,96.57
2024-09-29 20:00:00,79.3
2024-09-29 21:00:00,58.94
2024-09-29 22:00:00,68.91
2024-09-29 23:00:00,80.11
2024-09-30 00:00:00,74.26
2024-09-30 01:00:00,64.0
2024-09-30 02:00:00,75.18
2024-09-30 03:00:00,47.51
2024-09-30 04:00:00,58.15
2024-09-30 05:00:00,52.44
2024-09-30 06:00:00,70.64
2024-09-30 07:00:00,85.58
2024-09-30 08:00:00,99.46
2024-09-30 09:00:00,99.02
2024-09-30 10:00:00,99.55
2024-09-30 11:00:00,99.01
2024-09-30 12:00:00,99.19
2024-09-30 13:00:00,91.74
2024-09-30 14:00:00,99.39
2024-09-30 15:00:00,98.07
2024-09-30 16:00:00,96.67
2024-09-30 17:00:00,95.27
2024-09-30 18:00:00,94.08
2024-09-30 19:00:00,99.71
2024-09-30 20:00:00,99.46
2024-09-30 21:00:00,99.47
2024-09-30 22:00:00,99.5
2024-09-30 23:00:00,99.48
2024-10-01 00:00:00,99.21
2024-10-01 01:00:00,98.56
2024-10-01 02:00:00,98.91
2024-10-01 03:00:00,99.0
2024-10-01 04:00:00,98.97
2024-10-01 05:00:00,99.98
2024-10-01 06:00:00,88.37
2024-10-01 07:00:00,77.25
2024-10-01 08:00:00,75.74
2024-10-01 09:00:00,75.06
2024-10-01 10:00:00,81.67
2024-10-01 11:00:00,86.46
2024-10-01 12:00:00,100.0
2024-10-01 13:00:00,100.0
2024-10-01 14:00:00,100.0
2024-10-01 15:00:00,97.79
2024-10-01 16:00:00,95.49
2024-10-01 17:00:00,88.92
2024-10-01 18:00:00,87.41
2024-10-01 19:00:00,88.33
2024-10-01 20:00:00,98.88
2024-10-01 21:00:00,81.86
2024-10-01 22:00:00,66.0
2024-10-01 23:00:00,72.72
2024-10-02 00:00:00,96.39
2024-10-02 01:00:00,99.79
2024-10-02 02:00:00,99.51
2024-10-02 03:00:00,94.77
2024-10-02 04:00:00,95.45
2024-10-02 05:00:00,99.47
2024-10-02 06:00:00,97.83
2024-10-02 07:00:00,96.26
2024-10-02 08:00:00,97.33
2024-10-02 09:00:00,97.36
2024-10-02 10:00:00,95.48
2024-10-02 11:00:00,88.09
2024-10-02 12:00:00,65.12
2024-10-02 13:00:00,75.7
2024-10-02 14:00:00,81.48
2024-10-02 15:00:00,85.28
2024-10-02 16:00:00,87.87
2024-10-02 17:00:00,95.06
2024-10-02 18:00:00,98.83
2024-10-02 19:00:00,99.01
2024-10-02 20:00:00,99.02
2024-10-02 21:00:00,99.08
2024-10-02 22:00:00,99.16
2024-10-02 23:00:00,99.14
2024-10-03 00:00:00,100.0
2024-10-03 01:00:00,99.3
2024-10-03 02:00:00,99.42
2024-10-03 03:00:00,99.29
2024-10-03 04:00:00,99.09
2024-10-03 05:00:00,99.1
2024-10-03 06:00:00,99.11
2024-10-03 07:00:00,98.41
2024-10-03 08:00:00,97.69
2024-10-03 09:00:00,97.68
2024-10-03 10:00:00,96.15
2024-10-03 11:00:00,98.29
2024-10-03 12:00:00,99.68
2024-10-03 13:00:00,99.56
2024-10-03 14:00:00,98.97
2024-10-03 15:00:00,98.2
2024-10-03 16:00:00,95.98
2024-10-03 17:00:00,100.0
2024-10-03 18:00:00,99.54
2024-10-03 19:00:00,99.44
2024-10-03 20:00:00,99.4
2024-10-03 21:00:00,99.26
2024-10-03 22:00:00,99.21
2024-10-03 23:00:00,99.38
2024-10-04 00:00:00,99.38
2024-10-04 01:00:00,99.44
2024-10-04 02:00:00,99.87
2024-10-04 03:00:00,99.36
2024-10-04 04:00:00,99.58
2024-10-04 05:00:00,99.34
2024-10-04 06:00:00,98.0
2024-10-04 07:00:00,97.46
2024-10-04 08:00:00,97.17
2024-10-04 09:00:00,97.76
2024-10-04 10:00:00,97.33
2024-10-04 11:00:00,98.98
2024-10-04 12:00:00,99.51
2024-10-04 13:00:00,99.79
2024-10-04 14:00:00,100.0
2024-10-04 15:00:00,100.0
2024-10-04 16:00:00,100.0
2024-10-04 17:00:00,99.66
2024-10-04 18:00:00,99.4
2024-10-04 19:00:00,99.27
2024-10-04 20:00:00,99.45
2024-10-04 21:00:00,99.59
2024-10-04 22:00:00,99.73
2024-10-04 23:00:00,99.63
2024-10-05 00:00:00,99.37
2024-10-05 01:00:00,99.39
2024-10-05 02:00:00,99.9
2024-10-05 03:00:00,99.33
2024-10-05 04:00:00,99.55
2024-10-05 05:00:00,99.56
2024-10-05 06:00:00,100.0
2024-10-05 07:00:00,99.12
2024-10-05 08:00:00,98.59
2024-10-05 09:00:00,99.13
2024-10-05 10:00:00,98.6
2024-10-05 11:00:00,100.0
2024-10-05 12:00:00,100.0
2024-10-05 13:00:00,99.53
2024-10-05 14:00:00,100.0
2024-10-05 15:00:00,99.66
2024-10-05 16:00:00,99.09
2024-10-05 17:00:00,99.7
2024-10-05 18:00:00,99.43
2024-10-05 19:00:00,99.17
2024-10-05 20:00:00,99.23
2024-10-05 21:00:00,99.22
2024-10-05 22:00:00,99.16
2024-10-05 23:00:00,99.29
2024-10-06 00:00:00,99.32
2024-10-06 01:00:00,97.31
2024-10-06 02:00:00,98.55
2024-10-06 03:00:00,99.35
2024-10-06 04:00:00,99.39
2024-10-06 05:00:00,99.37
2024-10-06 06:00:00,99.32
2024-10-06 07:00:00,99.08
2024-10-06 08:00:00,98.25
2024-10-06 09:00:00,100.0
2024-10-06 10:00:00,100.0
2024-10-06 11:00:00,100.0
2024-10-06 12:00:00,99.45
2024-10-06 13:00:00,99.66
2024-10-06 14:00:00,99.39
2024-10-06 15:00:00,96.29
2024-10-06 16:00:00,94.07
2024-10-06 17:00:00,89.18
2024-10-06 18:00:00,86.28
2024-10-06 19:00:00,84.64
2024-10-06 20:00:00,90.47
2024-10-06 21:00:00,89.63
2024-10-06 22:00:00,84.12
2024-10-06 23:00:00,94.69
2024-10-07 00:00:00,97.78
2024-10-07 01:00:00,84.98
2024-10-07 02:00:00,98.74
2024-10-07 03:00:00,98.7
2024-10-07 04:00:00,98.77
2024-10-07 05:00:00,98.7
2024-10-07 06:00:00,92.36
2024-10-07 07:00:00,89.65
2024-10-07 08:00:00,86.82
2024-10-07 09:00:00,87.64
2024-10-07 10:00:00,90.94
2024-10-07 11:00:00,79.89
2024-10-07 12:00:00,40.33
2024-10-07 13:00:00,58.99
2024-10-07 14:00:00,75.97
2024-10-07 15:00:00,72.82
2024-10-07 16:00:00,69.35
2024-10-07 17:00:00,67.9
2024-10-07 18:00:00,65.39
2024-10-07 19:00:00,69.86
2024-10-07 20:00:00,55.58
2024-10-07 21:00:00,62.15
2024-10-07 22:00:00,58.86
2024-10-07 23:00:00,49.79
2024-10-08 00:00:00,53.03
2024-10-08 01:00:00,37.94
2024-10-08 02:00:00,29.29
2024-10-08 03:00:00,35.87
2024-10-08 04:00:00,45.7
2024-10-08 05:00:00,49.62
2024-10-08 06:00:00,62.36
2024-10-08 07:00:00,73.03
2024-10-08 08:00:00,86.88
2024-10-08 09:00:00,98.51
2024-10-08 10:00:00,95.44
2024-10-08 11:00:00,92.79
2024-10-08 12:00:00,75.32
2024-10-08 13:00:00,99.27
2024-10-08 14:00:00,99.03
2024-10-08 15:00:00,99.37
2024-10-08 16:00:00,98.08
2024-10-08 17:00:00,98.82
2024-10-08 18:00:00,98.85
2024-10-08 19:00:00,99.22
2024-10-08 20:00:00,99.49
2024-10-08 21:00:00,99.25
2024-10-08 22:00:00,96.95
2024-10-08 23:00:00,98.29
2024-10-09 00:00:00,91.62
2024-10-09 01:00:00,92.28
2024-10-09 02:00:00,88.69
2024-10-09 03:00:00,81.26
2024-10-09 04:00:00,73.4
2024-10-09 05:00:00,81.86
2024-10-09 06:00:00,88.81
2024-10-09 07:00:00,92.72
2024-10-09 08:00:00,95.88
2024-10-09 09:00:00,97.53
2024-10-09 10:00:00,97.85
2024-10-09 11:00:00,91.04
2024-10-09 12:00:00,93.77
2024-10-09 13:00:00,71.1
2024-10-09 14:00:00,93.81
2024-10-09 15:00:00,90.43
2024-10-09 16:00:00,87.49
2024-10-09 17:00:00,84.04
2024-10-09 18:00:00,80.56
2024-10-09 19:00:00,81.13
2024-10-09 20:00:00,78.04
2024-10-09 21:00:00,95.13
2024-10-09 22:00:00,95.91
2024-10-09 23:00:00,98.69
2024-10-10 00:00:00,98.32
2024-10-10 01:00:00,99.24
2024-10-10 02:00:00,98.3
2024-10-10 03:00:00,99.31
2024-10-10 04:00:00,99.39
2024-10-10 05:00:00,99.46
2024-10-10 06:00:00,99.95
2024-10-10 07:00:00,99.09
2024-10-10 08:00:00,99.35
2024-10-10 09:00:00,98.32
2024-10-10 10:00:00,96.19
2024-10-10 11:00:00,89.37
2024-10-10 12:00:00,88.86
2024-10-10 13:00:00,67.8
2024-10-10 14:00:00,73.07
2024-10-10 15:00:00,69.29
2024-10-10 16:00:00,68.11
2024-10-10 17:00:00,64.88
2024-10-10 18:00:00,62.83
2024-10-10 19:00:00,79.2
2024-10-10 20:00:00,93.48
2024-10-10 21:00:00,97.42
2024-10-10 22:00:00,96.61
2024-10-10 23:00:00,99.22
2024-10-11 00:00:00,98.77
2024-10-11 01:00:00,92.47
2024-10-11 02:00:00,86.03
2024-10-11 03:00:00,82.87
2024-10-11 04:00:00,73.96
2024-10-11 05:00:00,78.19
2024-10-11 06:00:00,79.84
2024-10-11 07:00:00,82.04
2024-10-11 08:00:00,84.43
2024-10-11 09:00:00,83.48
2024-10-11 10:00:00,74.67
2024-10-11 11:00:00,32.86
2024-10-11 12:00:00,44.95
2024-10-11 13:00:00,32.4
2024-10-11 14:00:00,25.26
2024-10-11 15:00:00,38.48
2024-10-11 16:00:00,58.12
2024-10-11 17:00:00,77.25
2024-10-11 18:00:00,96.01
2024-10-11 19:00:00,88.31
2024-10-11 20:00:00,75.35
2024-10-11 21:00:00,67.26
2024-10-11 22:00:00,72.32
2024-10-11 23:00:00,64.96
2024-10-12 00:00:00,42.52
2024-10-12 01:00:00,42.95
2024-10-12 02:00:00,61.97
2024-10-12 03:00:00,69.44
2024-10-12 04:00:00,84.67
2024-10-12 05:00:00,84.02
2024-10-12 06:00:00,88.37
2024-10-12 07:00:00,89.6
2024-10-12 08:00:00,90.01
2024-10-12 09:00:00,80.96
2024-10-12 10:00:00,70.83
2024-10-12 11:00:00,61.04
2024-10-12 12:00:00,51.71
2024-10-12 13:00:00,54.55
2024-10-12 14:00:00,57.18
2024-10-12 15:00:00,58.99
2024-10-12 16:00:00,62.73
2024-10-12 17:00:00,66.08
2024-10-12 18:00:00,69.07
2024-10-12 19:00:00,72.08
2024-10-12 20:00:00,75.1
2024-10-12 21:00:00,78.11
2024-10-12 22:00:00,81.12
2024-10-12 23:00:00,84.12
2024-10-13 00:00:00,87.12
2024-10-13 01:00:00,90.12
2024-10-13 02:00:00,96.98
2024-10-13 03:00:00,94.68
2024-10-13 04:00:00,91.29
2024-10-13 05:00:00,82.61
2024-10-13 06:00:00,88.6
2024-10-13 07:00:00,92.14
2024-10-13 08:00:00,95.84
2024-10-13 09:00:00,99.22
2024-10-13 10:00:00,99.28
2024-10-13 11:00:00,95.33
2024-10-13 12:00:00,81.88
2024-10-13 13:00:00,71.66
2024-10-13 14:00:00,59.04
2024-10-13 15:00:00,54.58
2024-10-13 16:00:00,53.6
2024-10-13 17:00:00,50.66
2024-10-13 18:00:00,48.78
2024-10-13 19:00:00,41.0
2024-10-13 20:00:00,15.46
2024-10-13 21:00:00,14.47
2024-10-13 22:00:00,10.36
2024-10-13 23:00:00,11.29
2024-10-14 00:00:00,17.16
2024-10-14 01:00:00,17.09
2024-10-14 02:00:00,28.27
2024-10-14 03:00:00,26.07
2024-10-14 04:00:00,31.35
2024-10-14 05:00:00,30.9
2024-10-14 06:00:00,32.48
2024-10-14 07:00:00,32.4
2024-10-14 08:00:00,40.09
2024-10-14 09:00:00,42.24
2024-10-14 10:00:00,49.65
2024-10-14 11:00:00,38.47
2024-10-14 12:00:00,38.5
2024-10-14 13:00:00,49.26
2024-10-14 14:00:00,72.99
2024-10-14 15:00:00,56.36
2024-10-14 16:00:00,42.62
2024-10-14 17:00:00,28.6
2024-10-14 18:00:00,13.62
2024-10-14 19:00:00,5.57
2024-10-14 20:00:00,2.46
2024-10-14 21:00:00,6.36
2024-10-14 22:00:00,48.16
2024-10-14 23:00:00,50.66
2024-10-15 00:00:00,63.87
2024-10-15 01:00:00,98.64
2024-10-15 02:00:00,93.42
2024-10-15 03:00:00,92.27
2024-10-15 04:00:00,97.86
2024-10-15 05:00:00,99.39
2024-10-15 06:00:00,100.0
2024-10-15 07:00:00,98.44
2024-10-15 08:00:00,98.68
2024-10-15 09:00:00,97.92
2024-10-15 10:00:00,99.24
2024-10-15 11:00:00,98.99
2024-10-15 12:00:00,99.16
2024-10-15 13:00:00,72.24
2024-10-15 14:00:00,98.72
2024-10-15 15:00:00,91.12
2024-10-15 16:00:00,83.32
2024-10-15 17:00:00,76.28
2024-10-15 18:00:00,68.57
2024-10-15 19:00:00,37.42
2024-10-15 20:00:00,32.47
2024-10-15 21:00:00,32.43
2024-10-15 22:00:00,44.8
2024-10-15 23:00:00,41.37
2024-10-16 00:00:00,46.31
2024-10-16 01:00:00,55.67
2024-10-16 02:00:00,40.66
2024-10-16 03:00:00,52.99
2024-10-16 04:00:00,63.46
2024-10-16 05:00:00,69.91
2024-10-16 06:00:00,72.53
2024-10-16 07:00:00,72.42
2024-10-16 08:00:00,76.22
2024-10-16 09:00:00,81.49
2024-10-16 10:00:00,87.94
2024-10-16 11:00:00,94.48
2024-10-16 12:00:00,97.56
2024-10-16 13:00:00,87.18
2024-10-16 14:00:00,99.23
2024-10-16 15:00:00,89.87
2024-10-16 16:00:00,80.7
2024-10-16 17:00:00,69.4
2024-10-16 18:00:00,59.34
2024-10-16 19:00:00,60.88
2024-10-16 20:00:00,43.56
2024-10-16 21:00:00,43.69
2024-10-16 22:00:00,27.66
2024-10-16 23:00:00,30.06
2024-10-17 00:00:00,41.14
2024-10-17 01:00:00,38.98
2024-10-17 02:00:00,66.44
2024-10-17 03:00:00,65.99
2024-10-17 04:00:00,75.78
2024-10-17 05:00:00,71.75
2024-10-17 06:00:00,75.94
2024-10-17 07:00:00,77.17
2024-10-17 08:00:00,81.69
2024-10-17 09:00:00,81.05
2024-10-17 10:00:00,68.11
2024-10-17 11:00:00,63.74
2024-10-17 12:00:00,38.27
2024-10-17 13:00:00,58.25
2024-10-17 14:00:00,60.67
2024-10-17 15:00:00,53.64
2024-10-17 16:00:00,49.97
2024-10-17 17:00:00,44.49
2024-10-17 18:00:00,39.89
2024-10-17 19:00:00,49.62
2024-10-17 20:00:00,43.17
2024-10-17 21:00:00,32.55
2024-10-17 22:00:00,18.7
2024-10-17 23:00:00,23.57
2024-10-18 00:00:00,46.43
2024-10-18 01:00:00,34.84
2024-10-18 02:00:00,70.27
2024-10-18 03:00:00,67.38
2024-10-18 04:00:00,79.81
2024-10-18 05:00:00,56.87
2024-10-18 06:00:00,41.51
2024-10-18 07:00:00,22.64
2024-10-18 08:00:00,7.24
2024-10-18 09:00:00,34.7
2024-10-18 10:00:00,47.76
2024-10-18 11:00:00,45.05
2024-10-18 12:00:00,51.64
2024-10-18 13:00:00,35.83
2024-10-18 14:00:00,26.71
2024-10-18 15:00:00,27.69
2024-10-18 16:00:00,29.28
2024-10-18 17:00:00,29.38
2024-10-18 18:00:00,30.97
2024-10-18 19:00:00,35.92
2024-10-18 20:00:00,46.16
2024-10-18 21:00:00,56.11
2024-10-18 22:00:00,72.36
2024-10-18 23:00:00,78.3
2024-10-19 00:00:00,71.71
2024-10-19 01:00:00,85.16
2024-10-19 02:00:00,81.83
2024-10-19 03:00:00,69.18
2024-10-19 04:00:00,64.02
2024-10-19 05:00:00,41.68
2024-10-19 06:00:00,41.93
2024-10-19 07:00:00,40.01
2024-10-19 08:00:00,40.78
2024-10-19 09:00:00,68.11
2024-10-19 10:00:00,67.4
2024-10-19 11:00:00,61.12
2024-10-19 12:00:00,63.42
2024-10-19 13:00:00,50.0
2024-10-19 14:00:00,60.54
2024-10-19 15:00:00,58.84
2024-10-19 16:00:00,58.35
2024-10-19 17:00:00,56.91
2024-10-19 18:00:00,55.61
2024-10-19 19:00:00,67.89
2024-10-19 20:00:00,76.12
2024-10-19 21:00:00,83.95
2024-10-19 22:00:00,77.12
2024-10-19 23:00:00,66.52
2024-10-20 00:00:00,62.4
2024-10-20 01:00:00,68.86
2024-10-20 02:00:00,66.59
2024-10-20 03:00:00,89.37
2024-10-20 04:00:00,71.05
2024-10-20 05:00:00,63.93
2024-10-20 06:00:00,45.12
2024-10-20 07:00:00,26.74
2024-10-20 08:00:00,9.99
2024-10-20 09:00:00,31.56
2024-10-20 10:00:00,31.88
2024-10-20 11:00:00,25.53
2024-10-20 12:00:00,22.06
2024-10-20 13:00:00,19.54
2024-10-20 14:00:00,24.97
2024-10-20 15:00:00,27.4
2024-10-20 16:00:00,38.5
2024-10-20 17:00:00,48.25
2024-10-20 18:00:00,30.24
2024-10-20 19:00:00,53.16
2024-10-20 20:00:00,38.1
2024-10-20 21:00:00,22.8
2024-10-20 22:00:00,29.02
2024-10-20 23:00:00,25.16
2024-10-21 00:00:00,60.73
2024-10-21 01:00:00,87.48
2024-10-21 02:00:00,46.08
2024-10-21 03:00:00,60.25
2024-10-21 04:00:00,92.28
2024-10-21 05:00:00,74.46
2024-10-21 06:00:00,63.74
2024-10-21 07:00:00,53.19
2024-10-21 08:00:00,47.47
2024-10-21 09:00:00,28.96
2024-10-21 10:00:00,7.73
2024-10-21 11:00:00,8.17
2024-10-21 12:00:00,17.73
2024-10-21 13:00:00,20.33
2024-10-21 14:00:00,3.31
2024-10-21 15:00:00,21.46
2024-10-21 16:00:00,38.57
2024-10-21 17:00:00,60.24
2024-10-21 18:00:00,37.68
2024-10-21 19:00:00,33.43
2024-10-21 20:00:00,29.6
2024-10-21 21:00:00,25.56
2024-10-21 22:00:00,12.24
2024-10-21 23:00:00,7.32
2024-10-22 00:00:00,8.15
2024-10-22 01:00:00,1.36
2024-10-22 02:00:00,16.56
2024-10-22 03:00:00,24.47
2024-10-22 04:00:00,27.95
2024-10-22 05:00:00,39.82
2024-10-22 06:00:00,34.19
2024-10-22 07:00:00,32.04
2024-10-22 08:00:00,31.26
2024-10-22 09:00:00,14.96
2024-10-22 10:00:00,8.33
2024-10-22 11:00:00,19.35
2024-10-22 12:00:00,1.88
2024-10-22 13:00:00,0.82
2024-10-22 14:00:00,3.28
2024-10-22 15:00:00,11.7
2024-10-22 16:00:00,17.98
2024-10-22 17:00:00,32.38
2024-10-22 18:00:00,36.14
2024-10-22 19:00:00,47.91
2024-10-22 20:00:00,57.5
2024-10-22 21:00:00,67.27
2024-10-22 22:00:00,91.16
2024-10-22 23:00:00,78.91
2024-10-23 00:00:00,89.25
2024-10-23 01:00:00,54.92
2024-10-23 02:00:00,88.44
2024-10-23 03:00:00,88.95
2024-10-23 04:00:00,80.97
2024-10-23 05:00:00,69.89
2024-10-23 06:00:00,69.98
2024-10-23 07:00:00,70.6
2024-10-23 08:00:00,69.97
2024-10-23 09:00:00,80.83
2024-10-23 10:00:00,74.4
2024-10-23 11:00:00,83.5
2024-10-23 12:00:00,59.77
2024-10-23 13:00:00,63.36
2024-10-23 14:00:00,78.72
2024-10-23 15:00:00,84.1
2024-10-23 16:00:00,87.5
2024-10-23 17:00:00,98.6
2024-10-23 18:00:00,99.35
2024-10-23 19:00:00,99.16
2024-10-23 20:00:00,99.69
2024-10-23 21:00:00,99.42
2024-10-23 22:00:00,99.35
2024-10-23 23:00:00,99.49
2024-10-24 00:00:00,99.23
2024-10-24 01:00:00,99.23
2024-10-24 02:00:00,99.35
2024-10-24 03:00:00,99.4
2024-10-24 04:00:00,99.34
2024-10-24 05:00:00,99.41
2024-10-24 06:00:00,100.0
2024-10-24 07:00:00,96.49
2024-10-24 08:00:00,96.26
2024-10-24 09:00:00,96.36
2024-10-24 10:00:00,96.85
2024-10-24 11:00:00,97.93
2024-10-24 12:00:00,99.3
2024-10-24 13:00:00,99.04
2024-10-24 14:00:00,99.43
2024-10-24 15:00:00,99.14
2024-10-24 16:00:00,99.32
2024-10-24 17:00:00,99.71
2024-10-24 18:00:00,99.6
2024-10-24 19:00:00,99.51
2024-10-24 20:00:00,99.63
2024-10-24 21:00:00,99.64
2024-10-24 22:00:00,99.63
2024-10-24 23:00:00,99.6
2024-10-25 00:00:00,99.81
2024-10-25 01:00:00,99.68
2024-10-25 02:00:00,99.87
2024-10-25 03:00:00,99.75
2024-10-25 04:00:00,99.62
2024-10-25 05:00:00,99.56
2024-10-25 06:00:00,100.0
2024-10-25 07:00:00,96.84
2024-10-25 08:00:00,96.3
2024-10-25 09:00:00,97.06
2024-10-25 10:00:00,98.46
2024-10-25 11:00:00,98.19
2024-10-25 12:00:00,98.15
2024-10-25 13:00:00,99.36
2024-10-25 14:00:00,98.64
2024-10-25 15:00:00,99.27
2024-10-25 16:00:00,99.14
2024-10-25 17:00:00,99.38
2024-10-25 18:00:00,99.72
2024-10-25 19:00:00,99.72
2024-10-25 20:00:00,100.0
2024-10-25 21:00:00,99.57
2024-10-25 22:00:00,99.7
2024-10-25 23:00:00,94.72
2024-10-26 00:00:00,99.74
2024-10-26 01:00:00,98.82
2024-10-26 02:00:00,99.32
2024-10-26 03:00:00,93.88
2024-10-26 04:00:00,80.82
2024-10-26 05:00:00,66.92
2024-10-26 06:00:00,69.46
2024-10-26 07:00:00,69.67
2024-10-26 08:00:00,72.81
2024-10-26 09:00:00,75.03
2024-10-26 10:00:00,92.82
2024-10-26 11:00:00,98.98
2024-10-26 12:00:00,98.66
2024-10-26 13:00:00,98.46
2024-10-26 14:00:00,99.22
2024-10-26 15:00:00,98.92
2024-10-26 16:00:00,97.38
2024-10-26 17:00:00,99.42
2024-10-26 18:00:00,99.36
2024-10-26 19:00:00,99.34
2024-10-26 20:00:00,99.67
2024-10-26 21:00:00,99.31
2024-10-26 22:00:00,99.45
2024-10-26 23:00:00,98.59
2024-10-27 00:00:00,99.08
2024-10-27 01:00:00,97.66
2024-10-27 02:00:00,99.35
2024-10-27 03:00:00,99.1
2024-10-27 04:00:00,99.47
2024-10-27 05:00:00,85.85
2024-10-27 06:00:00,68.87
2024-10-27 07:00:00,52.32
2024-10-27 08:00:00,38.02
2024-10-27 09:00:00,25.6
2024-10-27 10:00:00,29.15
2024-10-27 11:00:00,22.49
2024-10-27 12:00:00,16.32
2024-10-27 13:00:00,19.45
2024-10-27 14:00:00,25.77
2024-10-27 15:00:00,21.5
2024-10-27 16:00:00,13.05
2024-10-27 17:00:00,8.98
2024-10-27 18:00:00,5.68
2024-10-27 19:00:00,8.17
2024-10-27 20:00:00,9.42
2024-10-27 21:00:00,10.62
2024-10-27 22:00:00,9.0
2024-10-27 23:00:00,8.15
2024-10-28 00:00:00,31.1
2024-10-28 01:00:00,21.32
2024-10-28 02:00:00,72.37
2024-10-28 03:00:00,64.69
2024-10-28 04:00:00,53.23
2024-10-28 05:00:00,49.55
2024-10-28 06:00:00,37.0
2024-10-28 07:00:00,27.21
2024-10-28 08:00:00,19.09
2024-10-28 09:00:00,11.32
2024-10-28 10:00:00,37.88
2024-10-28 11:00:00,27.91
2024-10-28 12:00:00,30.6
2024-10-28 13:00:00,49.18
2024-10-28 14:00:00,31.91
2024-10-28 15:00:00,35.36
2024-10-28 16:00:00,37.57
2024-10-28 17:00:00,39.35
2024-10-28 18:00:00,26.24
2024-10-28 19:00:00,22.96
2024-10-28 20:00:00,18.44
2024-10-28 21:00:00,13.95
2024-10-28 22:00:00,13.14
2024-10-28 23:00:00,18.87
2024-10-29 00:00:00,22.95
2024-10-29 01:00:00,21.99
2024-10-29 02:00:00,18.86
2024-10-29 03:00:00,36.04
2024-10-29 04:00:00,31.91
2024-10-29 05:00:00,40.1
2024-10-29 06:00:00,49.19
2024-10-29 07:00:00,57.48
2024-10-29 08:00:00,64.16
2024-10-29 09:00:00,71.57
2024-10-29 10:00:00,87.18
2024-10-29 11:00:00,82.88
2024-10-29 12:00:00,69.95
2024-10-29 13:00:00,79.74
2024-10-29 14:00:00,89.44
2024-10-29 15:00:00,69.75
2024-10-29 16:00:00,48.12
2024-10-29 17:00:00,25.99
2024-10-29 18:00:00,28.24
2024-10-29 19:00:00,56.97
2024-10-29 20:00:00,75.73
2024-10-29 21:00:00,93.69
2024-10-29 22:00:00,95.2
2024-10-29 23:00:00,97.71
2024-10-30 00:00:00,91.43
2024-10-30 01:00:00,99.47
2024-10-30 02:00:00,97.8
2024-10-30 03:00:00,95.29
2024-10-30 04:00:00,97.95
2024-10-30 05:00:00,99.61
2024-10-30 06:00:00,95.25
2024-10-30 07:00:00,91.1
2024-10-30 08:00:00,92.98
2024-10-30 09:00:00,93.71
2024-10-30 10:00:00,92.02
2024-10-30 11:00:00,91.55
2024-10-30 12:00:00,93.83
2024-10-30 13:00:00,86.97
2024-10-30 14:00:00,87.97
2024-10-30 15:00:00,85.55
2024-10-30 16:00:00,83.68
2024-10-30 17:00:00,79.86
2024-10-30 18:00:00,76.67
2024-10-30 19:00:00,85.56
2024-10-30 20:00:00,89.63
2024-10-30 21:00:00,93.03
2024-10-30 22:00:00,98.81
2024-10-30 23:00:00,99.67
2024-10-31 00:00:00,99.66
2024-10-31 01:00:00,99.71
2024-10-31 02:00:00,96.43
2024-10-31 03:00:00,97.23
2024-10-31 04:00:00,93.11
2024-10-31 05:00:00,94.77
2024-10-31 06:00:00,96.57
2024-10-31 07:00:00,93.04
2024-10-31 08:00:00,94.64
2024-10-31 09:00:00,96.31
2024-10-31 10:00:00,92.12
2024-10-31 11:00:00,83.45
2024-10-31 12:00:00,87.16
2024-10-31 13:00:00,71.61
2024-10-31 14:00:00,77.1
2024-10-31 15:00:00,67.09
2024-10-31 16:00:00,59.06
2024-10-31 17:00:00,45.0
2024-10-31 18:00:00,36.01
2024-10-31 19:00:00,29.44
2024-10-31 20:00:00,32.78
2024-10-31 21:00:00,36.01
2024-10-31 22:00:00,38.46
2024-10-31 23:00:00,35.99
2024-11-01 00:00:00,46.5
2024-11-01 01:00:00,76.94
2024-11-01 02:00:00,74.26
2024-11-01 03:00:00,84.85
2024-11-01 04:00:00,98.84
2024-11-01 05:00:00,99.6
2024-11-01 06:00:00,98.36
2024-11-01 07:00:00,97.18
2024-11-01 08:00:00,97.38
2024-11-01 09:00:00,97.5
2024-11-01 10:00:00,99.78
2024-11-01 11:00:00,98.06
2024-11-01 12:00:00,98.68
2024-11-01 13:00:00,99.34
2024-11-01 14:00:00,99.85
2024-11-01 15:00:00,97.77
2024-11-01 16:00:00,96.44
2024-11-01 17:00:00,91.26
2024-11-01 18:00:00,84.77
2024-11-01 19:00:00,79.89
2024-11-01 20:00:00,61.09
2024-11-01 21:00:00,39.89
2024-11-01 22:00:00,21.89
2024-11-01 23:00:00,8.01
2024-11-02 00:00:00,3.28
2024-11-02 01:00:00,27.25
2024-11-02 02:00:00,13.77
2024-11-02 03:00:00,26.07
2024-11-02 04:00:00,33.45
2024-11-02 05:00:00,26.07
2024-11-02 06:00:00,28.75
2024-11-02 07:00:00,27.68
2024-11-02 08:00:00,36.5
2024-11-02 09:00:00,41.18
2024-11-02 10:00:00,33.12
2024-11-02 11:00:00,30.42
2024-11-02 12:00:00,25.46
2024-11-02 13:00:00,38.41
2024-11-02 14:00:00,39.72
2024-11-02 15:00:00,39.11
2024-11-02 16:00:00,36.77
2024-11-02 17:00:00,38.41
2024-11-02 18:00:00,37.61
2024-11-02 19:00:00,35.47
2024-11-02 20:00:00,29.4
2024-11-02 21:00:00,17.13
2024-11-02 22:00:00,6.44
2024-11-02 23:00:00,4.1
2024-11-03 00:00:00,6.45
2024-11-03 01:00:00,5.5
2024-11-03 02:00:00,16.9
2024-11-03 03:00:00,30.35
2024-11-03 04:00:00,40.01
2024-11-03 05:00:00,35.93
2024-11-03 06:00:00,29.26
2024-11-03 07:00:00,19.36
2024-11-03 08:00:00,18.56
2024-11-03 09:00:00,13.49
2024-11-03 10:00:00,3.28
2024-11-03 11:00:00,4.92
2024-11-03 12:00:00,9.48
2024-11-03 13:00:00,9.12
2024-11-03 14:00:00,9.77
2024-11-03 15:00:00,12.58
2024-11-03 16:00:00,9.47
2024-11-03 17:00:00,17.93
2024-11-03 18:00:00,16.29
2024-11-03 19:00:00,18.76
2024-11-03 20:00:00,20.4
2024-11-03 21:00:00,21.21
2024-11-03 22:00:00,24.49
2024-11-03 23:00:00,20.33
2024-11-04 00:00:00,11.37
2024-11-04 01:00:00,27.72
2024-11-04 02:00:00,38.36
2024-11-04 03:00:00,32.64
2024-11-04 04:00:00,27.7
2024-11-04 05:00:00,34.28
2024-11-04 06:00:00,33.23
2024-11-04 07:00:00,31.52
2024-11-04 08:00:00,32.71
2024-11-04 09:00:00,31.66
2024-11-04 10:00:00,52.23
2024-11-04 11:00:00,44.54
2024-11-04 12:00:00,34.6
2024-11-04 13:00:00,13.07
2024-11-04 14:00:00,19.62
2024-11-04 15:00:00,25.0
2024-11-04 16:00:00,34.11
2024-11-04 17:00:00,43.29
2024-11-04 18:00:00,37.25
2024-11-04 19:00:00,41.18
2024-11-04 20:00:00,31.32
2024-11-04 21:00:00,41.63
2024-11-04 22:00:00,47.42
2024-11-04 23:00:00,56.92
2024-11-05 00:00:00,67.65
2024-11-05 01:00:00,54.41
2024-11-05 02:00:00,43.34
2024-11-05 03:00:00,69.06
2024-11-05 04:00:00,88.73
2024-11-05 05:00:00,97.06
2024-11-05 06:00:00,92.28
2024-11-05 07:00:00,85.03
2024-11-05 08:00:00,82.49
2024-11-05 09:00:00,78.55
2024-11-05 10:00:00,71.38
2024-11-05 11:00:00,78.73
2024-11-05 12:00:00,55.63
2024-11-05 13:00:00,35.97
2024-11-05 14:00:00,49.45
2024-11-05 15:00:00,49.99
2024-11-05 16:00:00,47.03
2024-11-05 17:00:00,46.42
2024-11-05 18:00:00,18.56
2024-11-05 19:00:00,23.45
2024-11-05 20:00:00,21.87
2024-11-05 21:00:00,34.96
2024-11-05 22:00:00,74.18
2024-11-05 23:00:00,99.03
2024-11-06 00:00:00,99.64
2024-11-06 01:00:00,99.66
2024-11-06 02:00:00,89.12
2024-11-06 03:00:00,89.96
2024-11-06 04:00:00,95.68
2024-11-06 05:00:00,99.49
2024-11-06 06:00:00,99.8
2024-11-06 07:00:00,99.79
2024-11-06 08:00:00,99.1
2024-11-06 09:00:00,97.6
2024-11-06 10:00:00,96.82
2024-11-06 11:00:00,82.68
2024-11-06 12:00:00,79.12
2024-11-06 13:00:00,62.58
2024-11-06 14:00:00,88.05
2024-11-06 15:00:00,85.06
2024-11-06 16:00:00,83.12
2024-11-06 17:00:00,82.89
2024-11-06 18:00:00,93.71
2024-11-06 19:00:00,93.87
2024-11-06 20:00:00,88.13
2024-11-06 21:00:00,84.15
2024-11-06 22:00:00,96.77
2024-11-06 23:00:00,93.42
2024-11-07 00:00:00,76.37
2024-11-07 01:00:00,14.74
2024-11-07 02:00:00,37.26
2024-11-07 03:00:00,26.65
2024-11-07 04:00:00,16.77
2024-11-07 05:00:00,19.33
2024-11-07 06:00:00,16.92
2024-11-07 07:00:00,5.47
2024-11-07 08:00:00,11.3
2024-11-07 09:00:00,10.65
2024-11-07 10:00:00,8.13
2024-11-07 11:00:00,14.51
2024-11-07 12:00:00,16.74
2024-11-07 13:00:00,24.15
2024-11-07 14:00:00,22.88
2024-11-07 15:00:00,21.9
2024-11-07 16:00:00,17.08
2024-11-07 17:00:00,16.94
2024-11-07 18:00:00,24.45
2024-11-07 19:00:00,30.01
2024-11-07 20:00:00,12.34
2024-11-07 21:00:00,5.72
2024-11-07 22:00:00,1.64
2024-11-07 23:00:00,1.64
2024-11-08 00:00:00,3.28
2024-11-08 01:00:00,3.55
2024-11-08 02:00:00,8.81
2024-11-08 03:00:00,13.77
2024-11-08 04:00:00,17.74
2024-11-08 05:00:00,25.04
2024-11-08 06:00:00,18.38
2024-11-08 07:00:00,15.06
2024-11-08 08:00:00,12.76
2024-11-08 09:00:00,6.97
2024-11-08 10:00:00,9.34
2024-11-08 11:00:00,13.91
2024-11-08 12:00:00,13.86
2024-11-08 13:00:00,15.64
2024-11-08 14:00:00,16.49
2024-11-08 15:00:00,17.44
2024-11-08 16:00:00,13.24
2024-11-08 17:00:00,14.71
2024-11-08 18:00:00,16.34
2024-11-08 19:00:00,19.61
2024-11-08 20:00:00,15.53
2024-11-08 21:00:00,14.71
2024-11-08 22:00:00,13.89
2024-11-08 23:00:00,13.07
2024-11-09 00:00:00,12.25
2024-11-09 01:00:00,0.27
2024-11-09 02:00:00,11.43
2024-11-09 03:00:00,13.06
2024-11-09 04:00:00,13.06
2024-11-09 05:00:00,14.7
2024-11-09 06:00:00,10.97
2024-11-09 07:00:00,8.22
2024-11-09 08:00:00,1.46
2024-11-09 09:00:00,2.46
2024-11-09 10:00:00,1.64
2024-11-09 11:00:00,2.46
2024-11-09 12:00:00,4.6
2024-11-09 13:00:00,4.96
2024-11-09 14:00:00,4.54
2024-11-09 15:00:00,4.12
2024-11-09 16:00:00,3.7
2024-11-09 17:00:00,3.28
2024-11-09 18:00:00,4.92
2024-11-09 19:00:00,8.96
2024-11-09 20:00:00,17.9
2024-11-09 21:00:00,12.23
2024-11-09 22:00:00,10.6
2024-11-09 23:00:00,9.78
2024-11-10 00:00:00,3.44
2024-11-10 01:00:00,9.78
2024-11-10 02:00:00,3.31
2024-11-10 03:00:00,12.23
2024-11-10 04:00:00,10.59
2024-11-10 05:00:00,11.41
2024-11-10 06:00:00,9.22
2024-11-10 07:00:00,2.59
2024-11-10 08:00:00,4.82
2024-11-10 09:00:00,4.26
2024-11-10 10:00:00,2.46
2024-11-10 11:00:00,3.31
2024-11-10 12:00:00,4.92
2024-11-10 13:00:00,6.54
2024-11-10 14:00:00,5.47
2024-11-10 15:00:00,3.68
2024-11-10 16:00:00,2.25
2024-11-10 17:00:00,0.82
2024-11-10 18:00:00,0.82
2024-11-10 19:00:00,1.64
2024-11-10 20:00:00,2.46
2024-11-10 21:00:00,3.28
2024-11-10 22:00:00,1.64
2024-11-10 23:00:00,1.43
2024-11-11 00:00:00,1.21
2024-11-11 01:00:00,1.0
2024-11-11 02:00:00,0.78
2024-11-11 03:00:00,1.24
2024-11-11 04:00:00,1.69
2024-11-11 05:00:00,2.15
2024-11-11 06:00:00,2.6
2024-11-11 07:00:00,3.05
2024-11-11 08:00:00,3.51
2024-11-11 09:00:00,3.96
2024-11-11 10:00:00,4.92
2024-11-11 11:00:00,7.15
2024-11-11 12:00:00,6.17
2024-11-11 13:00:00,7.79
2024-11-11 14:00:00,7.12
2024-11-11 15:00:00,6.13
2024-11-11 16:00:00,4.4
2024-11-11 17:00:00,3.28
2024-11-11 18:00:00,10.57
2024-11-11 19:00:00,8.93
2024-11-11 20:00:00,4.1
2024-11-11 21:00:00,2.46
2024-11-11 22:00:00,1.64
2024-11-11 23:00:00,2.46
2024-11-12 00:00:00,0.82
2024-11-12 01:00:00,0.57
2024-11-12 02:00:00,2.46
2024-11-12 03:00:00,1.64
2024-11-12 04:00:00,5.72
2024-11-12 05:00:00,2.46
2024-11-12 06:00:00,2.25
2024-11-12 07:00:00,2.05
2024-11-12 08:00:00,1.84
2024-11-12 09:00:00,1.64
2024-11-12 10:00:00,2.46
2024-11-12 11:00:00,7.14
2024-11-12 12:00:00,15.26
2024-11-12 13:00:00,17.12
2024-11-12 14:00:00,16.73
2024-11-12 15:00:00,15.17
2024-11-12 16:00:00,7.22
2024-11-12 17:00:00,7.31
2024-11-12 18:00:00,8.08
2024-11-12 19:00:00,8.04
2024-11-12 20:00:00,10.56
2024-11-12 21:00:00,9.56
2024-11-12 22:00:00,23.28
2024-11-12 23:00:00,30.01
2024-11-13 00:00:00,29.97
2024-11-13 01:00:00,13.34
2024-11-13 02:00:00,18.6
2024-11-13 03:00:00,16.95
2024-11-13 04:00:00,27.53
2024-11-13 05:00:00,35.81
2024-11-13 06:00:00,30.79
2024-11-13 07:00:00,25.88
2024-11-13 08:00:00,20.38
2024-11-13 09:00:00,17.94
2024-11-13 10:00:00,14.38
2024-11-13 11:00:00,18.83
2024-11-13 12:00:00,17.78
2024-11-13 13:00:00,25.25
2024-11-13 14:00:00,24.73
2024-11-13 15:00:00,24.3
2024-11-13 16:00:00,18.94
2024-11-13 17:00:00,19.5
2024-11-13 18:00:00,25.97
2024-11-13 19:00:00,34.86
2024-11-13 20:00:00,42.3
2024-11-13 21:00:00,34.02
2024-11-13 22:00:00,30.8
2024-11-13 23:00:00,28.46
2024-11-14 00:00:00,12.91
2024-11-14 01:00:00,11.95
2024-11-14 02:00:00,20.29
2024-11-14 03:00:00,17.06
2024-11-14 04:00:00,2.46
2024-11-14 05:00:00,6.49
2024-11-14 06:00:00,5.88
2024-11-14 07:00:00,6.42
2024-11-14 08:00:00,6.88
2024-11-14 09:00:00,1.96
2024-11-14 10:00:00,5.14
2024-11-14 11:00:00,8.76
2024-11-14 12:00:00,13.61
2024-11-14 13:00:00,13.7
2024-11-14 14:00:00,11.71
2024-11-14 15:00:00,9.41
2024-11-14 16:00:00,5.71
2024-11-14 17:00:00,3.28
2024-11-14 18:00:00,10.57
2024-11-14 19:00:00,13.03
2024-11-14 20:00:00,13.85
2024-11-14 21:00:00,13.06
2024-11-14 22:00:00,8.98
2024-11-14 23:00:00,10.61
2024-11-15 00:00:00,6.63
2024-11-15 01:00:00,8.97
2024-11-15 02:00:00,3.43
2024-11-15 03:00:00,13.87
2024-11-15 04:00:00,16.14
2024-11-15 05:00:00,29.28
2024-11-15 06:00:00,24.71
2024-11-15 07:00:00,19.88
2024-11-15 08:00:00,12.48
2024-11-15 09:00:00,9.88
2024-11-15 10:00:00,9.53
2024-11-15 11:00:00,12.38
2024-11-15 12:00:00,25.52
2024-11-15 13:00:00,24.22
2024-11-15 14:00:00,22.87
2024-11-15 15:00:00,22.07
2024-11-15 16:00:00,15.81
2024-11-15 17:00:00,15.45
2024-11-15 18:00:00,26.92
2024-11-15 19:00:00,21.63
2024-11-15 20:00:00,5.67
2024-11-15 21:00:00,4.92
2024-11-15 22:00:00,4.1
2024-11-15 23:00:00,3.28
2024-11-16 00:00:00,3.28
2024-11-16 01:00:00,7.36
2024-11-16 02:00:00,14.66
2024-11-16 03:00:00,14.73
2024-11-16 04:00:00,14.71
2024-11-16 05:00:00,21.94
2024-11-16 06:00:00,19.62
2024-11-16 07:00:00,17.39
2024-11-16 08:00:00,16.14
2024-11-16 09:00:00,12.49
2024-11-16 10:00:00,10.27
2024-11-16 11:00:00,23.67
2024-11-16 12:00:00,35.87
2024-11-16 13:00:00,24.9
2024-11-16 14:00:00,25.29
2024-11-16 15:00:00,25.22
2024-11-16 16:00:00,23.5
2024-11-16 17:00:00,23.14
2024-11-16 18:00:00,16.27
2024-11-16 19:00:00,11.38
2024-11-16 20:00:00,11.33
2024-11-16 21:00:00,13.89
2024-11-16 22:00:00,19.52
2024-11-16 23:00:00,21.16
2024-11-17 00:00:00,26.22
2024-11-17 01:00:00,7.59
2024-11-17 02:00:00,12.38
2024-11-17 03:00:00,18.0
2024-11-17 04:00:00,14.71
2024-11-17 05:00:00,21.24
2024-11-17 06:00:00,19.68
2024-11-17 07:00:00,17.54
2024-11-17 08:00:00,14.47
2024-11-17 09:00:00,14.1
2024-11-17 10:00:00,11.55
2024-11-17 11:00:00,22.21
2024-11-17 12:00:00,19.12
2024-11-17 13:00:00,14.91
2024-11-17 14:00:00,15.52
2024-11-17 15:00:00,15.6
2024-11-17 16:00:00,12.12
2024-11-17 17:00:00,13.05
2024-11-17 18:00:00,13.85
2024-11-17 19:00:00,16.31
2024-11-17 20:00:00,16.3
2024-11-17 21:00:00,14.69
2024-11-17 22:00:00,21.26
2024-11-17 23:00:00,19.6
2024-11-18 00:00:00,16.24
2024-11-18 01:00:00,1.95
2024-11-18 02:00:00,15.48
2024-11-18 03:00:00,18.73
2024-11-18 04:00:00,13.81
2024-11-18 05:00:00,17.93
2024-11-18 06:00:00,14.45
2024-11-18 07:00:00,10.74
2024-11-18 08:00:00,2.25
2024-11-18 09:00:00,4.92
2024-11-18 10:00:00,6.37
2024-11-18 11:00:00,12.9
2024-11-18 12:00:00,10.12
2024-11-18 13:00:00,17.48
2024-11-18 14:00:00,18.14
2024-11-18 15:00:00,18.33
2024-11-18 16:00:00,17.89
2024-11-18 17:00:00,18.81
2024-11-18 18:00:00,18.8
2024-11-18 19:00:00,17.97
2024-11-18 20:00:00,18.8
2024-11-18 21:00:00,19.62
2024-11-18 22:00:00,17.97
2024-11-18 23:00:00,17.95
2024-11-19 00:00:00,14.65
2024-11-19 01:00:00,0.44
2024-11-19 02:00:00,13.86
2024-11-19 03:00:00,13.82
2024-11-19 04:00:00,11.37
2024-11-19 05:00:00,15.51
2024-11-19 06:00:00,12.01
2024-11-19 07:00:00,1.57
2024-11-19 08:00:00,0.99
2024-11-19 09:00:00,2.46
2024-11-19 10:00:00,4.44
2024-11-19 11:00:00,9.82
2024-11-19 12:00:00,8.38
2024-11-19 13:00:00,17.98
2024-11-19 14:00:00,16.04
2024-11-19 15:00:00,13.38
2024-11-19 16:00:00,9.13
2024-11-19 17:00:00,6.46
2024-11-19 18:00:00,7.28
2024-11-19 19:00:00,7.28
2024-11-19 20:00:00,6.47
2024-11-19 21:00:00,4.92
2024-11-19 22:00:00,4.92
2024-11-19 23:00:00,5.68
2024-11-20 00:00:00,1.84
2024-11-20 01:00:00,7.31
2024-11-20 02:00:00,8.94
2024-11-20 03:00:00,10.58
2024-11-20 04:00:00,8.93
2024-11-20 05:00:00,10.56
2024-11-20 06:00:00,8.17
2024-11-20 07:00:00,5.96
2024-11-20 08:00:00,3.89
2024-11-20 09:00:00,1.64
2024-11-20 10:00:00,3.28
2024-11-20 11:00:00,3.28
2024-11-20 12:00:00,3.13
2024-11-20 13:00:00,3.77
2024-11-20 14:00:00,5.69
2024-11-20 15:00:00,8.37
2024-11-20 16:00:00,9.01
2024-11-20 17:00:00,12.94
2024-11-20 18:00:00,19.48
2024-11-20 19:00:00,8.78
2024-11-20 20:00:00,10.45
2024-11-20 21:00:00,17.0
2024-11-20 22:00:00,4.92
2024-11-20 23:00:00,16.22
2024-11-21 00:00:00,6.44
2024-11-21 01:00:00,0.82
2024-11-21 02:00:00,1.94
2024-11-21 03:00:00,4.1
2024-11-21 04:00:00,3.28
2024-11-21 05:00:00,4.92
2024-11-21 06:00:00,4.3
2024-11-21 07:00:00,3.69
2024-11-21 08:00:00,3.07
2024-11-21 09:00:00,2.46
2024-11-21 10:00:00,4.92
2024-11-21 11:00:00,8.44
2024-11-21 12:00:00,5.32
2024-11-21 13:00:00,6.96
2024-11-21 14:00:00,5.83
2024-11-21 15:00:00,5.25
2024-11-21 16:00:00,4.28
2024-11-21 17:00:00,3.28
2024-11-21 18:00:00,10.37
2024-11-21 19:00:00,8.86
2024-11-21 20:00:00,0.82
2024-11-21 21:00:00,5.44
2024-11-21 22:00:00,5.53
2024-11-21 23:00:00,7.91
2024-11-22 00:00:00,10.28
2024-11-22 01:00:00,11.47
2024-11-22 02:00:00,15.39
2024-11-22 03:00:00,39.24
2024-11-22 04:00:00,28.02
2024-11-22 05:00:00,29.15
2024-11-22 06:00:00,23.92
2024-11-22 07:00:00,18.22
2024-11-22 08:00:00,14.15
2024-11-22 09:00:00,9.69
2024-11-22 10:00:00,11.25
2024-11-22 11:00:00,7.86
2024-11-22 12:00:00,16.36
2024-11-22 13:00:00,12.66
2024-11-22 14:00:00,12.49
2024-11-22 15:00:00,11.38
2024-11-22 16:00:00,11.06
2024-11-22 17:00:00,13.74
2024-11-22 18:00:00,21.1
2024-11-22 19:00:00,21.82
2024-11-22 20:00:00,31.58
2024-11-22 21:00:00,56.26
2024-11-22 22:00:00,64.44
2024-11-22 23:00:00,84.82
2024-11-23 00:00:00,60.45
2024-11-23 01:00:00,24.8
2024-11-23 02:00:00,49.03
2024-11-23 03:00:00,44.93
2024-11-23 04:00:00,53.09
2024-11-23 05:00:00,55.28
2024-11-23 06:00:00,46.05
2024-11-23 07:00:00,34.85
2024-11-23 08:00:00,27.98
2024-11-23 09:00:00,18.67
2024-11-23 10:00:00,22.08
2024-11-23 11:00:00,21.73
2024-11-23 12:00:00,11.85
2024-11-23 13:00:00,19.59
2024-11-23 14:00:00,21.79
2024-11-23 15:00:00,21.46
2024-11-23 16:00:00,22.35
2024-11-23 17:00:00,27.35
2024-11-23 18:00:00,26.29
2024-11-23 19:00:00,35.98
2024-11-23 20:00:00,30.21
2024-11-23 21:00:00,33.39
2024-11-23 22:00:00,39.96
2024-11-23 23:00:00,35.01
2024-11-24 00:00:00,29.34
2024-11-24 01:00:00,3.75
2024-11-24 02:00:00,33.51
2024-11-24 03:00:00,50.71
2024-11-24 04:00:00,49.05
2024-11-24 05:00:00,58.92
2024-11-24 06:00:00,58.12
2024-11-24 07:00:00,55.61
2024-11-24 08:00:00,55.45
2024-11-24 09:00:00,55.84
2024-11-24 10:00:00,40.31
2024-11-24 11:00:00,53.84
2024-11-24 12:00:00,51.39
2024-11-24 13:00:00,61.41
2024-11-24 14:00:00,60.03
2024-11-24 15:00:00,57.75
2024-11-24 16:00:00,55.84
2024-11-24 17:00:00,55.6
2024-11-24 18:00:00,72.65
2024-11-24 19:00:00,85.08
2024-11-24 20:00:00,78.47
2024-11-24 21:00:00,77.81
2024-11-24 22:00:00,80.02
2024-11-24 23:00:00,72.64
2024-11-25 00:00:00,78.23
2024-11-25 01:00:00,53.79
2024-11-25 02:00:00,83.35
2024-11-25 03:00:00,86.61
2024-11-25 04:00:00,80.92
2024-11-25 05:00:00,79.33
2024-11-25 06:00:00,64.06
2024-11-25 07:00:00,39.49
2024-11-25 08:00:00,30.22
2024-11-25 09:00:00,18.67
2024-11-25 10:00:00,30.31
2024-11-25 11:00:00,27.92
2024-11-25 12:00:00,36.47
2024-11-25 13:00:00,71.87
2024-11-25 14:00:00,63.48
2024-11-25 15:00:00,54.17
2024-11-25 16:00:00,46.5
2024-11-25 17:00:00,38.48
2024-11-25 18:00:00,19.56
2024-11-25 19:00:00,35.18
2024-11-25 20:00:00,25.53
2024-11-25 21:00:00,28.52
2024-11-25 22:00:00,14.77
2024-11-25 23:00:00,8.93
2024-11-26 00:00:00,4.9
2024-11-26 01:00:00,4.92
2024-11-26 02:00:00,4.83
2024-11-26 03:00:00,7.31
2024-11-26 04:00:00,4.1
2024-11-26 05:00:00,4.92
2024-11-26 06:00:00,7.62
2024-11-26 07:00:00,3.61
2024-11-26 08:00:00,10.24
2024-11-26 09:00:00,13.75
2024-11-26 10:00:00,26.77
2024-11-26 11:00:00,20.03
2024-11-26 12:00:00,23.35
2024-11-26 13:00:00,11.5
2024-11-26 14:00:00,13.61
2024-11-26 15:00:00,16.35
2024-11-26 16:00:00,17.68
2024-11-26 17:00:00,21.95
2024-11-26 18:00:00,22.72
2024-11-26 19:00:00,27.57
2024-11-26 20:00:00,22.77
2024-11-26 21:00:00,22.0
2024-11-26 22:00:00,21.16
2024-11-26 23:00:00,16.28
2024-11-27 00:00:00,18.71
2024-11-27 01:00:00,20.34
2024-11-27 02:00:00,7.04
2024-11-27 03:00:00,26.23
2024-11-27 04:00:00,36.06
2024-11-27 05:00:00,20.37
2024-11-27 06:00:00,17.59
2024-11-27 07:00:00,5.3
2024-11-27 08:00:00,5.97
2024-11-27 09:00:00,4.19
2024-11-27 10:00:00,13.2
2024-11-27 11:00:00,14.99
2024-11-27 12:00:00,12.05
2024-11-27 13:00:00,9.06
2024-11-27 14:00:00,10.26
2024-11-27 15:00:00,10.2
2024-11-27 16:00:00,10.41
2024-11-27 17:00:00,11.37
2024-11-27 18:00:00,14.54
2024-11-27 19:00:00,16.26
2024-11-27 20:00:00,15.4
2024-11-27 21:00:00,13.82
2024-11-27 22:00:00,10.53
2024-11-27 23:00:00,12.97
2024-11-28 00:00:00,16.04
2024-11-28 01:00:00,4.06
2024-11-28 02:00:00,39.12
2024-11-28 03:00:00,40.51
2024-11-28 04:00:00,30.32
2024-11-28 05:00:00,73.1
2024-11-28 06:00:00,64.22
2024-11-28 07:00:00,51.85
2024-11-28 08:00:00,45.77
2024-11-28 09:00:00,37.38
2024-11-28 10:00:00,30.33
2024-11-28 11:00:00,44.97
2024-11-28 12:00:00,42.19
2024-11-28 13:00:00,39.24
2024-11-28 14:00:00,32.39
2024-11-28 15:00:00,24.57
2024-11-28 16:00:00,19.03
2024-11-28 17:00:00,13.81
2024-11-28 18:00:00,12.17
2024-11-28 19:00:00,12.17
2024-11-28 20:00:00,11.32
2024-11-28 21:00:00,8.88
2024-11-28 22:00:00,8.9
2024-11-28 23:00:00,9.73
2024-11-29 00:00:00,9.8
2024-11-29 01:00:00,0.23
2024-11-29 02:00:00,8.15
2024-11-29 03:00:00,8.08
2024-11-29 04:00:00,8.9
2024-11-29 05:00:00,8.91
2024-11-29 06:00:00,7.25
2024-11-29 07:00:00,3.65
2024-11-29 08:00:00,4.1
2024-11-29 09:00:00,2.46
2024-11-29 10:00:00,3.28
2024-11-29 11:00:00,4.1
2024-11-29 12:00:00,1.98
2024-11-29 13:00:00,0.82
2024-11-29 14:00:00,2.25
2024-11-29 15:00:00,3.69
2024-11-29 16:00:00,3.21
2024-11-29 17:00:00,6.5
2024-11-29 18:00:00,5.68
2024-11-29 19:00:00,3.28
2024-11-29 20:00:00,3.28
2024-11-29 21:00:00,4.92
2024-11-29 22:00:00,4.92
2024-11-29 23:00:00,2.46
2024-11-30 00:00:00,4.92
2024-11-30 01:00:00,1.11
2024-11-30 02:00:00,4.1
2024-11-30 03:00:00,4.96
2024-11-30 04:00:00,5.69
2024-11-30 05:00:00,5.68
2024-11-30 06:00:00,4.71
2024-11-30 07:00:00,3.69
2024-11-30 08:00:00,2.66
2024-11-30 09:00:00,1.64
2024-11-30 10:00:00,4.92
2024-11-30 11:00:00,9.63
2024-11-30 12:00:00,3.12
2024-11-30 13:00:00,4.13
2024-11-30 14:00:00,4.74
2024-11-30 15:00:00,5.25
2024-11-30 16:00:00,4.4
2024-11-30 17:00:00,6.42
2024-11-30 18:00:00,9.67
2024-11-30 19:00:00,10.56
2024-11-30 20:00:00,32.12
2024-11-30 21:00:00,18.93
2024-11-30 22:00:00,14.1
2024-11-30 23:00:00,9.88
2024-12-01 00:00:00,17.84
2024-12-01 01:00:00,38.55
2024-12-01 02:00:00,35.68
2024-12-01 03:00:00,97.24
2024-12-01 04:00:00,58.05
2024-12-01 05:00:00,67.21
2024-12-01 06:00:00,57.24
2024-12-01 07:00:00,49.76
2024-12-01 08:00:00,52.87
2024-12-01 09:00:00,54.01
2024-12-01 10:00:00,90.62
2024-12-01 11:00:00,43.83
2024-12-01 12:00:00,81.12
2024-12-01 13:00:00,49.51
2024-12-01 14:00:00,51.32
2024-12-01 15:00:00,52.65
2024-12-01 16:00:00,53.95
2024-12-01 17:00:00,56.15
2024-12-01 18:00:00,27.73
2024-12-01 19:00:00,7.29
2024-12-01 20:00:00,18.88
2024-12-01 21:00:00,11.39
2024-12-01 22:00:00,8.97
2024-12-01 23:00:00,5.63
2024-12-02 00:00:00,12.97
2024-12-02 01:00:00,3.28
2024-12-02 02:00:00,2.0
2024-12-02 03:00:00,4.92
2024-12-02 04:00:00,8.89
2024-12-02 05:00:00,10.57
2024-12-02 06:00:00,8.95
2024-12-02 07:00:00,5.13
2024-12-02 08:00:00,0.44
2024-12-02 09:00:00,4.1
2024-12-02 10:00:00,4.1
2024-12-02 11:00:00,3.28
2024-12-02 12:00:00,5.55
2024-12-02 13:00:00,2.43
2024-12-02 14:00:00,3.05
2024-12-02 15:00:00,3.68
2024-12-02 16:00:00,4.3
2024-12-02 17:00:00,4.92
2024-12-02 18:00:00,5.63
2024-12-02 19:00:00,6.46
2024-12-02 20:00:00,5.64
2024-12-02 21:00:00,6.47
2024-12-02 22:00:00,4.92
2024-12-02 23:00:00,4.92
2024-12-03 00:00:00,4.1
2024-12-03 01:00:00,1.12
2024-12-03 02:00:00,9.71
2024-12-03 03:00:00,9.72
2024-12-03 04:00:00,9.72
2024-12-03 05:00:00,12.17
2024-12-03 06:00:00,9.52
2024-12-03 07:00:00,6.77
2024-12-03 08:00:00,4.3
2024-12-03 09:00:00,1.64
2024-12-03 10:00:00,3.28
2024-12-03 11:00:00,5.85
2024-12-03 12:00:00,4.92
2024-12-03 13:00:00,3.03
2024-12-03 14:00:00,3.71
2024-12-03 15:00:00,4.39
2024-12-03 16:00:00,3.84
2024-12-03 17:00:00,5.47
2024-12-03 18:00:00,5.58
2024-12-03 19:00:00,7.24
2024-12-03 20:00:00,7.23
2024-12-03 21:00:00,4.1
2024-12-03 22:00:00,7.28
2024-12-03 23:00:00,6.44
2024-12-04 00:00:00,7.26
2024-12-04 01:00:00,6.7
2024-12-04 02:00:00,11.44
2024-12-04 03:00:00,11.45
2024-12-04 04:00:00,5.67
2024-12-04 05:00:00,10.62
2024-12-04 06:00:00,11.22
2024-12-04 07:00:00,3.81
2024-12-04 08:00:00,7.43
2024-12-04 09:00:00,7.98
2024-12-04 10:00:00,14.99
2024-12-04 11:00:00,17.57
2024-12-04 12:00:00,13.81
2024-12-04 13:00:00,20.14
2024-12-04 14:00:00,18.8
2024-12-04 15:00:00,14.67
2024-12-04 16:00:00,12.04
2024-12-04 17:00:00,10.36
2024-12-04 18:00:00,17.0
2024-12-04 19:00:00,16.97
2024-12-04 20:00:00,14.62
2024-12-04 21:00:00,10.53
2024-12-04 22:00:00,13.0
2024-12-04 23:00:00,15.44
2024-12-05 00:00:00,18.71
2024-12-05 01:00:00,6.52
2024-12-05 02:00:00,18.73
2024-12-05 03:00:00,17.0
2024-12-05 04:00:00,15.39
2024-12-05 05:00:00,12.16
2024-12-05 06:00:00,11.35
2024-12-05 07:00:00,3.54
2024-12-05 08:00:00,9.3
2024-12-05 09:00:00,7.78
2024-12-05 10:00:00,14.34
2024-12-05 11:00:00,17.63
2024-12-05 12:00:00,25.58
2024-12-05 13:00:00,24.07
2024-12-05 14:00:00,21.42
2024-12-05 15:00:00,22.09
2024-12-05 16:00:00,24.2
2024-12-05 17:00:00,25.87
2024-12-05 18:00:00,20.42
2024-12-05 19:00:00,16.42
2024-12-05 20:00:00,16.19
2024-12-05 21:00:00,12.81
2024-12-05 22:00:00,17.71
2024-12-05 23:00:00,30.69
2024-12-06 00:00:00,30.91
2024-12-06 01:00:00,34.16
2024-12-06 02:00:00,33.32
2024-12-06 03:00:00,29.02
2024-12-06 04:00:00,25.86
2024-12-06 05:00:00,31.64
2024-12-06 06:00:00,33.3
2024-12-06 07:00:00,34.05
2024-12-06 08:00:00,34.79
2024-12-06 09:00:00,36.06
2024-12-06 10:00:00,38.43
2024-12-06 11:00:00,43.29
2024-12-06 12:00:00,85.27
2024-12-06 13:00:00,52.05
2024-12-06 14:00:00,48.61
2024-12-06 15:00:00,47.28
2024-12-06 16:00:00,44.61
2024-12-06 17:00:00,42.04
2024-12-06 18:00:00,37.94
2024-12-06 19:00:00,50.96
2024-12-06 20:00:00,56.34
2024-12-06 21:00:00,66.15
2024-12-06 22:00:00,80.14
2024-12-06 23:00:00,83.38
2024-12-07 00:00:00,87.31
2024-12-07 01:00:00,79.28
2024-12-07 02:00:00,52.46
2024-12-07 03:00:00,78.44
2024-12-07 04:00:00,66.88
2024-12-07 05:00:00,61.17
2024-12-07 06:00:00,55.79
2024-12-07 07:00:00,48.47
2024-12-07 08:00:00,42.98
2024-12-07 09:00:00,36.74
2024-12-07 10:00:00,31.31
2024-12-07 11:00:00,30.33
2024-12-07 12:00:00,34.14
2024-12-07 13:00:00,30.3
2024-12-07 14:00:00,27.09
2024-12-07 15:00:00,25.37
2024-12-07 16:00:00,23.39
2024-12-07 17:00:00,21.11
2024-12-07 18:00:00,19.52
2024-12-07 19:00:00,22.77
2024-12-07 20:00:00,21.92
2024-12-07 21:00:00,21.2
2024-12-07 22:00:00,9.75
2024-12-07 23:00:00,12.98
2024-12-08 00:00:00,19.54
2024-12-08 01:00:00,14.37
2024-12-08 02:00:00,22.84
2024-12-08 03:00:00,28.6
2024-12-08 04:00:00,27.81
2024-12-08 05:00:00,21.27
2024-12-08 06:00:00,25.76
2024-12-08 07:00:00,26.13
2024-12-08 08:00:00,33.55
2024-12-08 09:00:00,38.42
2024-12-08 10:00:00,38.07
2024-12-08 11:00:00,68.86
2024-12-08 12:00:00,84.42
2024-12-08 13:00:00,51.2
2024-12-08 14:00:00,40.26
2024-12-08 15:00:00,29.71
2024-12-08 16:00:00,19.97
2024-12-08 17:00:00,9.69
2024-12-08 18:00:00,8.92
2024-12-08 19:00:00,10.57
2024-12-08 20:00:00,6.47
2024-12-08 21:00:00,4.92
2024-12-08 22:00:00,10.59
2024-12-08 23:00:00,12.25
2024-12-09 00:00:00,16.34
2024-12-09 01:00:00,10.06
2024-12-09 02:00:00,17.15
2024-12-09 03:00:00,24.52
2024-12-09 04:00:00,25.34
2024-12-09 05:00:00,49.01
2024-12-09 06:00:00,42.22
2024-12-09 07:00:00,31.07
2024-12-09 08:00:00,25.88
2024-12-09 09:00:00,20.08
2024-12-09 10:00:00,75.93
2024-12-09 11:00:00,92.21
2024-12-09 12:00:00,68.37
2024-12-09 13:00:00,98.48
2024-12-09 14:00:00,98.7
2024-12-09 15:00:00,99.0
2024-12-09 16:00:00,99.36
2024-12-09 17:00:00,96.34
2024-12-09 18:00:00,75.08
2024-12-09 19:00:00,57.01
2024-12-09 20:00:00,45.62
2024-12-09 21:00:00,40.29
2024-12-09 22:00:00,27.07
2024-12-09 23:00:00,51.16
2024-12-10 00:00:00,41.18
2024-12-10 01:00:00,44.82
2024-12-10 02:00:00,56.41
2024-12-10 03:00:00,55.6
2024-12-10 04:00:00,58.95
2024-12-10 05:00:00,67.17
2024-12-10 06:00:00,66.55
2024-12-10 07:00:00,64.59
2024-12-10 08:00:00,62.85
2024-12-10 09:00:00,62.6
2024-12-10 10:00:00,62.0
2024-12-10 11:00:00,56.99
2024-12-10 12:00:00,46.01
2024-12-10 13:00:00,42.46
2024-12-10 14:00:00,32.3
2024-12-10 15:00:00,26.81
2024-12-10 16:00:00,19.18
2024-12-10 17:00:00,11.39
2024-12-10 18:00:00,15.36
2024-12-10 19:00:00,33.77
2024-12-10 20:00:00,12.2
2024-12-10 21:00:00,13.81
2024-12-10 22:00:00,10.57
2024-12-10 23:00:00,19.6
2024-12-11 00:00:00,13.86
2024-12-11 01:00:00,9.85
2024-12-11 02:00:00,36.01
2024-12-11 03:00:00,47.46
2024-12-11 04:00:00,50.76
2024-12-11 05:00:00,51.6
2024-12-11 06:00:00,48.5
2024-12-11 07:00:00,40.78
2024-12-11 08:00:00,36.56
2024-12-11 09:00:00,39.05
2024-12-11 10:00:00,27.77
2024-12-11 11:00:00,21.36
2024-12-11 12:00:00,47.26
2024-12-11 13:00:00,53.64
2024-12-11 14:00:00,45.48
2024-12-11 15:00:00,34.81
2024-12-11 16:00:00,25.48
2024-12-11 17:00:00,17.14
2024-12-11 18:00:00,8.9
2024-12-11 19:00:00,4.92
2024-12-11 20:00:00,12.22
2024-12-11 21:00:00,11.42
2024-12-11 22:00:00,7.31
2024-12-11 23:00:00,3.28
2024-12-12 00:00:00,7.31
2024-12-12 01:00:00,9.77
2024-12-12 02:00:00,14.32
2024-12-12 03:00:00,14.72
2024-12-12 04:00:00,14.73
2024-12-12 05:00:00,18.01
2024-12-12 06:00:00,18.01
2024-12-12 07:00:00,12.7
2024-12-12 08:00:00,16.01
2024-12-12 09:00:00,16.39
2024-12-12 10:00:00,13.39
2024-12-12 11:00:00,15.37
2024-12-12 12:00:00,75.32
2024-12-12 13:00:00,15.59
2024-12-12 14:00:00,13.84
2024-12-12 15:00:00,11.23
2024-12-12 16:00:00,8.53
2024-12-12 17:00:00,7.29
2024-12-12 18:00:00,8.09
2024-12-12 19:00:00,8.11
2024-12-12 20:00:00,9.76
2024-12-12 21:00:00,5.68
2024-12-12 22:00:00,6.49
2024-12-12 23:00:00,5.68
2024-12-13 00:00:00,4.92
2024-12-13 01:00:00,20.97
2024-12-13 02:00:00,6.44
2024-12-13 03:00:00,27.0
2024-12-13 04:00:00,33.57
2024-12-13 05:00:00,45.81
2024-12-13 06:00:00,41.42
2024-12-13 07:00:00,33.32
2024-12-13 08:00:00,30.79
2024-12-13 09:00:00,26.8
2024-12-13 10:00:00,29.29
2024-12-13 11:00:00,72.02
2024-12-13 12:00:00,86.35
2024-12-13 13:00:00,63.61
2024-12-13 14:00:00,53.47
2024-12-13 15:00:00,42.86
2024-12-13 16:00:00,32.12
2024-12-13 17:00:00,22.89
2024-12-13 18:00:00,10.59
2024-12-13 19:00:00,11.42
2024-12-13 20:00:00,12.19
2024-12-13 21:00:00,16.3
2024-12-13 22:00:00,11.43
2024-12-13 23:00:00,8.95
2024-12-14 00:00:00,9.77
2024-12-14 01:00:00,3.93
2024-12-14 02:00:00,10.59
2024-12-14 03:00:00,10.57
2024-12-14 04:00:00,13.89
2024-12-14 05:00:00,17.16
2024-12-14 06:00:00,14.69
2024-12-14 07:00:00,5.44
2024-12-14 08:00:00,4.65
2024-12-14 09:00:00,3.83
2024-12-14 10:00:00,4.92
2024-12-14 11:00:00,4.1
2024-12-14 12:00:00,10.62
2024-12-14 13:00:00,3.18
2024-12-14 14:00:00,4.64
2024-12-14 15:00:00,4.02
2024-12-14 16:00:00,6.53
2024-12-14 17:00:00,8.84
2024-12-14 18:00:00,6.34
2024-12-14 19:00:00,7.16
2024-12-14 20:00:00,4.92
2024-12-14 21:00:00,4.1
2024-12-14 22:00:00,4.1
2024-12-14 23:00:00,5.56
2024-12-15 00:00:00,5.57
2024-12-15 01:00:00,1.98
2024-12-15 02:00:00,8.03
2024-12-15 03:00:00,10.51
2024-12-15 04:00:00,11.33
2024-12-15 05:00:00,14.65
2024-12-15 06:00:00,12.37
2024-12-15 07:00:00,4.5
2024-12-15 08:00:00,3.62
2024-12-15 09:00:00,2.98
2024-12-15 10:00:00,3.28
2024-12-15 11:00:00,2.46
2024-12-15 12:00:00,1.5
2024-12-15 13:00:00,2.46
2024-12-15 14:00:00,2.87
2024-12-15 15:00:00,3.28
2024-12-15 16:00:00,3.69
2024-12-15 17:00:00,4.1
2024-12-15 18:00:00,4.92
2024-12-15 19:00:00,4.1
2024-12-15 20:00:00,3.28
2024-12-15 21:00:00,3.28
2024-12-15 22:00:00,3.28
2024-12-15 23:00:00,0.82
2024-12-16 00:00:00,0.82
2024-12-16 01:00:00,0.79
2024-12-16 02:00:00,1.21
2024-12-16 03:00:00,1.64
2024-12-16 04:00:00,2.46
2024-12-16 05:00:00,4.92
2024-12-16 06:00:00,4.75
2024-12-16 07:00:00,4.59
2024-12-16 08:00:00,4.43
2024-12-16 09:00:00,4.26
2024-12-16 10:00:00,4.1
2024-12-16 11:00:00,4.1
2024-12-16 12:00:00,1.64
2024-12-16 13:00:00,2.46
2024-12-16 14:00:00,2.46
2024-12-16 15:00:00,2.46
2024-12-16 16:00:00,2.46
2024-12-16 17:00:00,2.46
2024-12-16 18:00:00,4.1
2024-12-16 19:00:00,3.28
2024-12-16 20:00:00,4.1
2024-12-16 21:00:00,4.1
2024-12-16 22:00:00,4.1
2024-12-16 23:00:00,4.1
2024-12-17 00:00:00,4.34
2024-12-17 01:00:00,4.92
2024-12-17 02:00:00,9.56
2024-12-17 03:00:00,6.48
2024-12-17 04:00:00,6.51
2024-12-17 05:00:00,4.92
2024-12-17 06:00:00,4.92
2024-12-17 07:00:00,4.92
2024-12-17 08:00:00,4.92
2024-12-17 09:00:00,4.92
2024-12-17 10:00:00,4.92
2024-12-17 11:00:00,4.1
2024-12-17 12:00:00,4.17
2024-12-17 13:00:00,2.91
2024-12-17 14:00:00,3.0
2024-12-17 15:00:00,3.09
2024-12-17 16:00:00,3.19
2024-12-17 17:00:00,3.28
2024-12-17 18:00:00,4.1
2024-12-17 19:00:00,5.69
2024-12-17 20:00:00,5.69
2024-12-17 21:00:00,4.92
2024-12-17 22:00:00,4.92
2024-12-17 23:00:00,4.92
2024-12-18 00:00:00,4.92
2024-12-18 01:00:00,4.92
2024-12-18 02:00:00,2.18
2024-12-18 03:00:00,5.73
2024-12-18 04:00:00,8.2
2024-12-18 05:00:00,16.39
2024-12-18 06:00:00,15.08
2024-12-18 07:00:00,12.28
2024-12-18 08:00:00,9.65
2024-12-18 09:00:00,9.21
2024-12-18 10:00:00,8.87
2024-12-18 11:00:00,6.35
2024-12-18 12:00:00,2.48
2024-12-18 13:00:00,2.67
2024-12-18 14:00:00,5.37
2024-12-18 15:00:00,4.94
2024-12-18 16:00:00,8.74
2024-12-18 17:00:00,12.24
2024-12-18 18:00:00,13.07
2024-12-18 19:00:00,8.16
2024-12-18 20:00:00,7.34
2024-12-18 21:00:00,5.69
2024-12-18 22:00:00,7.32
2024-12-18 23:00:00,7.33
2024-12-19 00:00:00,4.1
2024-12-19 01:00:00,2.57
2024-12-19 02:00:00,13.88
2024-12-19 03:00:00,15.52
2024-12-19 04:00:00,15.52
2024-12-19 05:00:00,11.43
2024-12-19 06:00:00,9.82
2024-12-19 07:00:00,4.88
2024-12-19 08:00:00,4.72
2024-12-19 09:00:00,4.92
2024-12-19 10:00:00,3.28
2024-12-19 11:00:00,9.7
2024-12-19 12:00:00,7.62
2024-12-19 13:00:00,2.66
2024-12-19 14:00:00,3.23
2024-12-19 15:00:00,3.79
2024-12-19 16:00:00,4.35
2024-12-19 17:00:00,4.92
2024-12-19 18:00:00,7.32
2024-12-19 19:00:00,8.15
2024-12-19 20:00:00,7.32
2024-12-19 21:00:00,8.15
2024-12-19 22:00:00,4.92
2024-12-19 23:00:00,4.92
2024-12-20 00:00:00,8.16
2024-12-20 01:00:00,5.78
2024-12-20 02:00:00,14.7
2024-12-20 03:00:00,22.09
2024-12-20 04:00:00,36.87
2024-12-20 05:00:00,40.14
2024-12-20 06:00:00,95.81
2024-12-20 07:00:00,79.17
2024-12-20 08:00:00,69.29
2024-12-20 09:00:00,57.42
2024-12-20 10:00:00,45.4
2024-12-20 11:00:00,87.66
2024-12-20 12:00:00,57.65
2024-12-20 13:00:00,62.38
2024-12-20 14:00:00,51.53
2024-12-20 15:00:00,40.72
2024-12-20 16:00:00,30.09
2024-12-20 17:00:00,18.86
2024-12-20 18:00:00,60.73
2024-12-20 19:00:00,41.65
2024-12-20 20:00:00,36.23
2024-12-20 21:00:00,52.75
2024-12-20 22:00:00,86.46
2024-12-20 23:00:00,94.01
2024-12-21 00:00:00,82.7
2024-12-21 01:00:00,32.57
2024-12-21 02:00:00,18.8
2024-12-21 03:00:00,13.69
2024-12-21 04:00:00,20.47
2024-12-21 05:00:00,19.42
2024-12-21 06:00:00,20.21
2024-12-21 07:00:00,12.21
2024-12-21 08:00:00,10.97
2024-12-21 09:00:00,9.35
2024-12-21 10:00:00,8.01
2024-12-21 11:00:00,14.85
2024-12-21 12:00:00,16.56
2024-12-21 13:00:00,10.81
2024-12-21 14:00:00,11.24
2024-12-21 15:00:00,11.34
2024-12-21 16:00:00,10.35
2024-12-21 17:00:00,12.01
2024-12-21 18:00:00,12.06
2024-12-21 19:00:00,14.54
2024-12-21 20:00:00,19.49
2024-12-21 21:00:00,17.86
2024-12-21 22:00:00,25.96
2024-12-21 23:00:00,32.53
2024-12-22 00:00:00,19.12
2024-12-22 01:00:00,47.05
2024-12-22 02:00:00,48.09
2024-12-22 03:00:00,48.02
2024-12-22 04:00:00,33.29
2024-12-22 05:00:00,33.39
2024-12-22 06:00:00,33.43
2024-12-22 07:00:00,33.27
2024-12-22 08:00:00,35.74
2024-12-22 09:00:00,35.76
2024-12-22 10:00:00,35.7
2024-12-22 11:00:00,64.17
2024-12-22 12:00:00,40.23
2024-12-22 13:00:00,31.75
2024-12-22 14:00:00,28.74
2024-12-22 15:00:00,27.0
2024-12-22 16:00:00,22.46
2024-12-22 17:00:00,20.9
2024-12-22 18:00:00,12.92
2024-12-22 19:00:00,10.53
2024-12-22 20:00:00,11.34
2024-12-22 21:00:00,8.03
2024-12-22 22:00:00,6.42
2024-12-22 23:00:00,6.39
2024-12-23 00:00:00,8.87
2024-12-23 01:00:00,8.01
2024-12-23 02:00:00,13.31
2024-12-23 03:00:00,13.79
2024-12-23 04:00:00,13.82
2024-12-23 05:00:00,16.24
2024-12-23 06:00:00,21.14
2024-12-23 07:00:00,11.74
2024-12-23 08:00:00,8.15
2024-12-23 09:00:00,5.65
2024-12-23 10:00:00,4.1
2024-12-23 11:00:00,6.63
2024-12-23 12:00:00,6.77
2024-12-23 13:00:00,4.97
2024-12-23 14:00:00,5.84
2024-12-23 15:00:00,5.84
2024-12-23 16:00:00,5.25
2024-12-23 17:00:00,6.35
2024-12-23 18:00:00,7.15
2024-12-23 19:00:00,6.44
2024-12-23 20:00:00,5.61
2024-12-23 21:00:00,5.6
2024-12-23 22:00:00,5.61
2024-12-23 23:00:00,5.61
2024-12-24 00:00:00,5.6
2024-12-24 01:00:00,1.91
2024-12-24 02:00:00,5.61
2024-12-24 03:00:00,5.61
2024-12-24 04:00:00,7.26
2024-12-24 05:00:00,7.27
2024-12-24 06:00:00,17.1
2024-12-24 07:00:00,9.11
2024-12-24 08:00:00,6.45
2024-12-24 09:00:00,4.75
2024-12-24 10:00:00,4.1
2024-12-24 11:00:00,5.89
2024-12-24 12:00:00,3.28
2024-12-24 13:00:00,3.72
2024-12-24 14:00:00,4.22
2024-12-24 15:00:00,4.73
2024-12-24 16:00:00,4.33
2024-12-24 17:00:00,5.57
2024-12-24 18:00:00,7.22
2024-12-24 19:00:00,6.42
2024-12-24 20:00:00,4.1
2024-12-24 21:00:00,4.1
2024-12-24 22:00:00,4.92
2024-12-24 23:00:00,5.58
2024-12-25 00:00:00,4.92
2024-12-25 01:00:00,0.66
2024-12-25 02:00:00,7.2
2024-12-25 03:00:00,8.02
2024-12-25 04:00:00,8.86
2024-12-25 05:00:00,8.88
2024-12-25 06:00:00,11.35
2024-12-25 07:00:00,6.22
2024-12-25 08:00:00,6.22
2024-12-25 09:00:00,6.3
2024-12-25 10:00:00,6.94
2024-12-25 11:00:00,10.53
2024-12-25 12:00:00,3.67
2024-12-25 13:00:00,8.64
2024-12-25 14:00:00,9.08
2024-12-25 15:00:00,9.07
2024-12-25 16:00:00,5.42
2024-12-25 17:00:00,7.2
2024-12-25 18:00:00,8.04
2024-12-25 19:00:00,5.62
2024-12-25 20:00:00,7.24
2024-12-25 21:00:00,5.62
2024-12-25 22:00:00,3.28
2024-12-25 23:00:00,1.64
2024-12-26 00:00:00,2.46
2024-12-26 01:00:00,0.73
2024-12-26 02:00:00,8.86
2024-12-26 03:00:00,9.68
2024-12-26 04:00:00,12.95
2024-12-26 05:00:00,15.37
2024-12-26 06:00:00,21.15
2024-12-26 07:00:00,16.14
2024-12-26 08:00:00,8.5
2024-12-26 09:00:00,5.51
2024-12-26 10:00:00,2.48
2024-12-26 11:00:00,2.48
2024-12-26 12:00:00,7.28
2024-12-26 13:00:00,7.42
2024-12-26 14:00:00,7.12
2024-12-26 15:00:00,6.26
2024-12-26 16:00:00,3.93
2024-12-26 17:00:00,5.57
2024-12-26 18:00:00,4.92
2024-12-26 19:00:00,7.25
2024-12-26 20:00:00,6.43
2024-12-26 21:00:00,6.42
2024-12-26 22:00:00,5.63
2024-12-26 23:00:00,6.45
2024-12-27 00:00:00,6.46
2024-12-27 01:00:00,2.09
2024-12-27 02:00:00,8.92
2024-12-27 03:00:00,10.56
2024-12-27 04:00:00,11.4
2024-12-27 05:00:00,12.21
2024-12-27 06:00:00,19.6
2024-12-27 07:00:00,11.5
2024-12-27 08:00:00,9.07
2024-12-27 09:00:00,6.33
2024-12-27 10:00:00,4.1
2024-12-27 11:00:00,1.64
2024-12-27 12:00:00,5.87
2024-12-27 13:00:00,0.83
2024-12-27 14:00:00,2.05
2024-12-27 15:00:00,3.28
2024-12-27 16:00:00,4.51
2024-12-27 17:00:00,5.66
2024-12-27 18:00:00,5.65
2024-12-27 19:00:00,4.92
2024-12-27 20:00:00,4.92
2024-12-27 21:00:00,4.1
2024-12-27 22:00:00,4.1
2024-12-27 23:00:00,4.1
2024-12-28 00:00:00,8.18
2024-12-28 01:00:00,4.1
2024-12-28 02:00:00,11.66
2024-12-28 03:00:00,8.96
2024-12-28 04:00:00,8.15
2024-12-28 05:00:00,8.15
2024-12-28 06:00:00,15.56
2024-12-28 07:00:00,9.88
2024-12-28 08:00:00,7.88
2024-12-28 09:00:00,6.23
2024-12-28 10:00:00,4.92
2024-12-28 11:00:00,3.28
2024-12-28 12:00:00,2.46
2024-12-28 13:00:00,2.08
2024-12-28 14:00:00,2.38
2024-12-28 15:00:00,2.68
2024-12-28 16:00:00,2.98
2024-12-28 17:00:00,3.28
2024-12-28 18:00:00,4.92
2024-12-28 19:00:00,4.1
2024-12-28 20:00:00,4.1
2024-12-28 21:00:00,4.1
2024-12-28 22:00:00,6.5
2024-12-28 23:00:00,4.92
2024-12-29 00:00:00,6.55
2024-12-29 01:00:00,5.71
2024-12-29 02:00:00,7.63
2024-12-29 03:00:00,11.34
2024-12-29 04:00:00,20.2
2024-12-29 05:00:00,29.09
2024-12-29 06:00:00,57.59
2024-12-29 07:00:00,70.17
2024-12-29 08:00:00,79.52
2024-12-29 09:00:00,87.25
2024-12-29 10:00:00,95.88
2024-12-29 11:00:00,61.05
2024-12-29 12:00:00,38.62
2024-12-29 13:00:00,8.05
2024-12-29 14:00:00,7.95
2024-12-29 15:00:00,7.05
2024-12-29 16:00:00,4.53
2024-12-29 17:00:00,4.92
2024-12-29 18:00:00,5.52
2024-12-29 19:00:00,4.1
2024-12-29 20:00:00,3.28
2024-12-29 21:00:00,7.24
2024-12-29 22:00:00,4.92
2024-12-29 23:00:00,4.92
2024-12-30 00:00:00,4.1
2024-12-30 01:00:00,1.14
2024-12-30 02:00:00,4.1
2024-12-30 03:00:00,3.28
2024-12-30 04:00:00,9.67
2024-12-30 05:00:00,15.36
2024-12-30 06:00:00,28.49
2024-12-30 07:00:00,18.7
2024-12-30 08:00:00,14.91
2024-12-30 09:00:00,11.56
2024-12-30 10:00:00,7.85
2024-12-30 11:00:00,11.9
2024-12-30 12:00:00,9.92
2024-12-30 13:00:00,7.03
2024-12-30 14:00:00,8.8
2024-12-30 15:00:00,9.9
2024-12-30 16:00:00,10.67
2024-12-30 17:00:00,11.9
2024-12-30 18:00:00,15.95
2024-12-30 19:00:00,24.94
2024-12-30 20:00:00,26.6
2024-12-30 21:00:00,15.31
2024-12-30 22:00:00,16.95
2024-12-30 23:00:00,14.56
2024-12-31 00:00:00,12.95
2024-12-31 01:00:00,1.95
2024-12-31 02:00:00,22.76
2024-12-31 03:00:00,31.0
2024-12-31 04:00:00,46.61
2024-12-31 05:00:00,54.82
2024-12-31 06:00:00,62.23
2024-12-31 07:00:00,55.29
2024-12-31 08:00:00,49.54
2024-12-31 09:00:00,44.96
2024-12-31 10:00:00,40.53
2024-12-31 11:00:00,23.56
2024-12-31 12:00:00,9.64
2024-12-31 13:00:00,10.38
2024-12-31 14:00:00,10.88
2024-12-31 15:00:00,10.91
2024-12-31 16:00:00,8.45
2024-12-31 17:00:00,9.62
2024-12-31 18:00:00,14.5
2024-12-31 19:00:00,12.0
2024-12-31 20:00:00,8.08
2024-12-31 21:00:00,9.72
2024-12-31 22:00:00,7.26
2024-12-31 23:00:00,11.37
2025-01-01 00:00:00,14.62
2025-01-01 01:00:00,18.4
2025-01-01 02:00:00,35.99
2025-01-01 03:00:00,45.02
2025-01-01 04:00:00,49.12
2025-01-01 05:00:00,55.68
2025-01-01 06:00:00,64.7
2025-01-01 07:00:00,58.9
2025-01-01 08:00:00,53.94
2025-01-01 09:00:00,50.6
2025-01-01 10:00:00,47.3
2025-01-01 11:00:00,28.65
2025-01-01 12:00:00,24.52
2025-01-01 13:00:00,10.83
2025-01-01 14:00:00,11.92
2025-01-01 15:00:00,13.18
2025-01-01 16:00:00,11.53
2025-01-01 17:00:00,14.66
2025-01-01 18:00:00,12.22
2025-01-01 19:00:00,12.22
2025-01-01 20:00:00,18.76
2025-01-01 21:00:00,23.68
2025-01-01 22:00:00,29.45
2025-01-01 23:00:00,48.29
2025-01-02 00:00:00,44.0
2025-01-02 01:00:00,60.62
2025-01-02 02:00:00,61.33
2025-01-02 03:00:00,77.04
2025-01-02 04:00:00,77.86
2025-01-02 05:00:00,77.04
2025-01-02 06:00:00,79.5
2025-01-02 07:00:00,69.31
2025-01-02 08:00:00,58.76
2025-01-02 09:00:00,50.5
2025-01-02 10:00:00,42.37
2025-01-02 11:00:00,35.23
2025-01-02 12:00:00,37.07
2025-01-02 13:00:00,10.84
2025-01-02 14:00:00,11.72
2025-01-02 15:00:00,10.75
2025-01-02 16:00:00,6.26
2025-01-02 17:00:00,7.39
2025-01-02 18:00:00,4.92
2025-01-02 19:00:00,4.92
2025-01-02 20:00:00,5.72
2025-01-02 21:00:00,7.35
2025-01-02 22:00:00,18.02
2025-01-02 23:00:00,31.96
2025-01-03 00:00:00,41.8
2025-01-03 01:00:00,52.45
2025-01-03 02:00:00,53.64
2025-01-03 03:00:00,62.28
2025-01-03 04:00:00,68.02
2025-01-03 05:00:00,71.31
2025-01-03 06:00:00,75.41
2025-01-03 07:00:00,66.31
2025-01-03 08:00:00,57.3
2025-01-03 09:00:00,50.89
2025-01-03 10:00:00,44.24
2025-01-03 11:00:00,28.06
2025-01-03 12:00:00,16.92
2025-01-03 13:00:00,9.9
2025-01-03 14:00:00,12.84
2025-01-03 15:00:00,15.98
2025-01-03 16:00:00,17.13
2025-01-03 17:00:00,21.57
2025-01-03 18:00:00,5.75
2025-01-03 19:00:00,4.92
2025-01-03 20:00:00,5.74
2025-01-03 21:00:00,7.38
2025-01-03 22:00:00,13.94
2025-01-03 23:00:00,22.95
2025-01-04 00:00:00,31.14
2025-01-04 01:00:00,26.95
2025-01-04 02:00:00,31.96
2025-01-04 03:00:00,33.59
2025-01-04 04:00:00,37.69
2025-01-04 05:00:00,34.41
2025-01-04 06:00:00,38.49
2025-01-04 07:00:00,24.52
2025-01-04 08:00:00,16.87
2025-01-04 09:00:00,11.14
2025-01-04 10:00:00,5.26
2025-01-04 11:00:00,3.28
2025-01-04 12:00:00,0.82
2025-01-04 13:00:00,1.22
2025-01-04 14:00:00,3.79
2025-01-04 15:00:00,5.83
2025-01-04 16:00:00,6.64
2025-01-04 17:00:00,11.47
2025-01-04 18:00:00,11.47
2025-01-04 19:00:00,8.2
2025-01-04 20:00:00,6.55
2025-01-04 21:00:00,5.72
2025-01-04 22:00:00,5.73
2025-01-04 23:00:00,5.72
2025-01-05 00:00:00,4.92
2025-01-05 01:00:00,0.72
2025-01-05 02:00:00,4.92
2025-01-05 03:00:00,4.92
2025-01-05 04:00:00,5.71
2025-01-05 05:00:00,9.01
2025-01-05 06:00:00,15.58
2025-01-05 07:00:00,8.83
2025-01-05 08:00:00,6.66
2025-01-05 09:00:00,5.26
2025-01-05 10:00:00,4.1
2025-01-05 11:00:00,42.9
2025-01-05 12:00:00,52.02
2025-01-05 13:00:00,77.97
2025-01-05 14:00:00,65.22
2025-01-05 15:00:00,52.56
2025-01-05 16:00:00,39.17
2025-01-05 17:00:00,26.17
2025-01-05 18:00:00,29.5
2025-01-05 19:00:00,33.58
2025-01-05 20:00:00,43.42
2025-01-05 21:00:00,51.68
2025-01-05 22:00:00,53.36
2025-01-05 23:00:00,77.8
2025-01-06 00:00:00,73.63
2025-01-06 01:00:00,48.8
2025-01-06 02:00:00,99.08
2025-01-06 03:00:00,99.08
2025-01-06 04:00:00,88.34
2025-01-06 05:00:00,82.42
2025-01-06 06:00:00,85.18
2025-01-06 07:00:00,63.71
2025-01-06 08:00:00,54.19
2025-01-06 09:00:00,41.15
2025-01-06 10:00:00,26.9
2025-01-06 11:00:00,29.45
2025-01-06 12:00:00,25.13
2025-01-06 13:00:00,9.36
2025-01-06 14:00:00,20.63
2025-01-06 15:00:00,32.79
2025-01-06 16:00:00,43.55
2025-01-06 17:00:00,62.64
2025-01-06 18:00:00,52.2
2025-01-06 19:00:00,53.51
2025-01-06 20:00:00,45.64
2025-01-06 21:00:00,43.11
2025-01-06 22:00:00,42.3
2025-01-06 23:00:00,38.29
2025-01-07 00:00:00,26.0
2025-01-07 01:00:00,34.22
2025-01-07 02:00:00,40.72
2025-01-07 03:00:00,32.61
2025-01-07 04:00:00,37.52
2025-01-07 05:00:00,44.87
2025-01-07 06:00:00,55.5
2025-01-07 07:00:00,50.04
2025-01-07 08:00:00,53.88
2025-01-07 09:00:00,55.45
2025-01-07 10:00:00,56.92
2025-01-07 11:00:00,43.2
2025-01-07 12:00:00,42.25
2025-01-07 13:00:00,34.41
2025-01-07 14:00:00,35.17
2025-01-07 15:00:00,30.11
2025-01-07 16:00:00,33.5
2025-01-07 17:00:00,36.63
2025-01-07 18:00:00,55.5
2025-01-07 19:00:00,48.86
2025-01-07 20:00:00,59.84
2025-01-07 21:00:00,65.97
2025-01-07 22:00:00,93.73
2025-01-07 23:00:00,94.51
2025-01-08 00:00:00,94.54
2025-01-08 01:00:00,87.12
2025-01-08 02:00:00,46.23
2025-01-08 03:00:00,51.31
2025-01-08 04:00:00,36.64
2025-01-08 05:00:00,41.58
2025-01-08 06:00:00,49.86
2025-01-08 07:00:00,61.65
2025-01-08 08:00:00,71.8
2025-01-08 09:00:00,81.38
2025-01-08 10:00:00,91.16
2025-01-08 11:00:00,97.49
2025-01-08 12:00:00,97.65
2025-01-08 13:00:00,88.11
2025-01-08 14:00:00,84.08
2025-01-08 15:00:00,79.69
2025-01-08 16:00:00,74.81
2025-01-08 17:00:00,68.69
2025-01-08 18:00:00,64.61
2025-01-08 19:00:00,48.26
2025-01-08 20:00:00,24.47
2025-01-08 21:00:00,39.24
2025-01-08 22:00:00,32.74
2025-01-08 23:00:00,31.86
2025-01-09 00:00:00,43.33
2025-01-09 01:00:00,58.17
2025-01-09 02:00:00,59.16
2025-01-09 03:00:00,73.72
2025-01-09 04:00:00,67.96
2025-01-09 05:00:00,67.93
2025-01-09 06:00:00,66.32
2025-01-09 07:00:00,55.73
2025-01-09 08:00:00,48.23
2025-01-09 09:00:00,43.54
2025-01-09 10:00:00,38.76
2025-01-09 11:00:00,39.1
2025-01-09 12:00:00,21.17
2025-01-09 13:00:00,16.7
2025-01-09 14:00:00,17.57
2025-01-09 15:00:00,17.17
2025-01-09 16:00:00,12.08
2025-01-09 17:00:00,15.44
2025-01-09 18:00:00,17.89
2025-01-09 19:00:00,22.84
2025-01-09 20:00:00,20.41
2025-01-09 21:00:00,10.59
2025-01-09 22:00:00,8.11
2025-01-09 23:00:00,7.28
2025-01-10 00:00:00,10.56
2025-01-10 01:00:00,2.71
2025-01-10 02:00:00,7.29
2025-01-10 03:00:00,12.22
2025-01-10 04:00:00,17.15
2025-01-10 05:00:00,23.72
2025-01-10 06:00:00,33.52
2025-01-10 07:00:00,25.72
2025-01-10 08:00:00,23.14
2025-01-10 09:00:00,20.28
2025-01-10 10:00:00,17.83
2025-01-10 11:00:00,7.83
2025-01-10 12:00:00,6.17
2025-01-10 13:00:00,11.04
2025-01-10 14:00:00,11.28
2025-01-10 15:00:00,11.55
2025-01-10 16:00:00,7.78
2025-01-10 17:00:00,8.94
2025-01-10 18:00:00,6.5
2025-01-10 19:00:00,5.67
2025-01-10 20:00:00,4.92
2025-01-10 21:00:00,6.45
2025-01-10 22:00:00,5.64
2025-01-10 23:00:00,8.06
2025-01-11 00:00:00,8.95
2025-01-11 01:00:00,2.72
2025-01-11 02:00:00,9.78
2025-01-11 03:00:00,12.24
2025-01-11 04:00:00,12.23
2025-01-11 05:00:00,13.86
2025-01-11 06:00:00,19.61
2025-01-11 07:00:00,11.0
2025-01-11 08:00:00,7.3
2025-01-11 09:00:00,4.25
2025-01-11 10:00:00,1.74
2025-01-11 11:00:00,1.67
2025-01-11 12:00:00,2.62
2025-01-11 13:00:00,4.1
2025-01-11 14:00:00,7.33
2025-01-11 15:00:00,9.19
2025-01-11 16:00:00,8.49
2025-01-11 17:00:00,13.85
2025-01-11 18:00:00,11.38
2025-01-11 19:00:00,21.43
2025-01-11 20:00:00,43.62
2025-01-11 21:00:00,13.08
2025-01-11 22:00:00,9.76
2025-01-11 23:00:00,6.47
2025-01-12 00:00:00,6.45
2025-01-12 01:00:00,2.63
2025-01-12 02:00:00,4.92
2025-01-12 03:00:00,5.67
2025-01-12 04:00:00,8.9
2025-01-12 05:00:00,9.73
2025-01-12 06:00:00,21.23
2025-01-12 07:00:00,20.7
2025-01-12 08:00:00,16.98
2025-01-12 09:00:00,16.7
2025-01-12 10:00:00,16.51
2025-01-12 11:00:00,18.2
2025-01-12 12:00:00,34.51
2025-01-12 13:00:00,37.92
2025-01-12 14:00:00,42.67
2025-01-12 15:00:00,48.06
2025-01-12 16:00:00,51.43
2025-01-12 17:00:00,61.73
2025-01-12 18:00:00,58.45
2025-01-12 19:00:00,42.14
2025-01-12 20:00:00,27.6
2025-01-12 21:00:00,28.45
2025-01-12 22:00:00,39.77
2025-01-12 23:00:00,31.72
2025-01-13 00:00:00,21.33
2025-01-13 01:00:00,41.72
2025-01-13 02:00:00,33.15
2025-01-13 03:00:00,46.39
2025-01-13 04:00:00,76.04
2025-01-13 05:00:00,80.77
2025-01-13 06:00:00,99.07
2025-01-13 07:00:00,91.76
2025-01-13 08:00:00,92.16
2025-01-13 09:00:00,91.2
2025-01-13 10:00:00,89.49
2025-01-13 11:00:00,79.72
2025-01-13 12:00:00,69.59
2025-01-13 13:00:00,37.56
2025-01-13 14:00:00,33.47
2025-01-13 15:00:00,31.44
2025-01-13 16:00:00,26.47
2025-01-13 17:00:00,24.55
2025-01-13 18:00:00,23.2
2025-01-13 19:00:00,24.31
2025-01-13 20:00:00,32.51
2025-01-13 21:00:00,24.43
2025-01-13 22:00:00,17.87
2025-01-13 23:00:00,11.31
2025-01-14 00:00:00,22.64
2025-01-14 01:00:00,35.84
2025-01-14 02:00:00,16.96
2025-01-14 03:00:00,38.34
2025-01-14 04:00:00,30.93
2025-01-14 05:00:00,26.1
2025-01-14 06:00:00,21.21
2025-01-14 07:00:00,14.0
2025-01-14 08:00:00,12.37
2025-01-14 09:00:00,9.0
2025-01-14 10:00:00,4.1
2025-01-14 11:00:00,9.68
2025-01-14 12:00:00,11.65
2025-01-14 13:00:00,16.17
2025-01-14 14:00:00,12.67
2025-01-14 15:00:00,11.56
2025-01-14 16:00:00,10.63
2025-01-14 17:00:00,9.06
2025-01-14 18:00:00,8.05
2025-01-14 19:00:00,9.74
2025-01-14 20:00:00,16.22
2025-01-14 21:00:00,9.69
2025-01-14 22:00:00,17.02
2025-01-14 23:00:00,5.61
2025-01-15 00:00:00,4.92
2025-01-15 01:00:00,1.57
2025-01-15 02:00:00,8.92
2025-01-15 03:00:00,6.47
2025-01-15 04:00:00,7.32
2025-01-15 05:00:00,11.42
2025-01-15 06:00:00,19.61
2025-01-15 07:00:00,9.81
2025-01-15 08:00:00,6.56
2025-01-15 09:00:00,4.2
2025-01-15 10:00:00,2.46
2025-01-15 11:00:00,4.92
2025-01-15 12:00:00,6.32
2025-01-15 13:00:00,5.88
2025-01-15 14:00:00,12.44
2025-01-15 15:00:00,10.98
2025-01-15 16:00:00,6.44
2025-01-15 17:00:00,7.93
2025-01-15 18:00:00,6.55
2025-01-15 19:00:00,7.37
2025-01-15 20:00:00,4.92
2025-01-15 21:00:00,6.51
2025-01-15 22:00:00,5.69
2025-01-15 23:00:00,4.92
2025-01-16 00:00:00,6.5
2025-01-16 01:00:00,9.26
2025-01-16 02:00:00,20.42
2025-01-16 03:00:00,9.76
2025-01-16 04:00:00,7.29
2025-01-16 05:00:00,14.62
2025-01-16 06:00:00,22.03
2025-01-16 07:00:00,16.83
2025-01-16 08:00:00,11.81
2025-01-16 09:00:00,5.06
2025-01-16 10:00:00,1.64
2025-01-16 11:00:00,4.1
2025-01-16 12:00:00,6.63
2025-01-16 13:00:00,1.64
2025-01-16 14:00:00,4.2
2025-01-16 15:00:00,6.18
2025-01-16 16:00:00,9.79
2025-01-16 17:00:00,12.11
2025-01-16 18:00:00,15.21
2025-01-16 19:00:00,21.77
2025-01-16 20:00:00,49.76
2025-01-16 21:00:00,75.72
2025-01-16 22:00:00,72.07
2025-01-16 23:00:00,95.63
2025-01-17 00:00:00,95.51
2025-01-17 01:00:00,62.98
2025-01-17 02:00:00,77.58
2025-01-17 03:00:00,61.29
2025-01-17 04:00:00,88.8
2025-01-17 05:00:00,76.95
2025-01-17 06:00:00,67.37
2025-01-17 07:00:00,67.91
2025-01-17 08:00:00,73.18
2025-01-17 09:00:00,77.21
2025-01-17 10:00:00,82.98
2025-01-17 11:00:00,72.76
2025-01-17 12:00:00,69.74
2025-01-17 13:00:00,81.66
2025-01-17 14:00:00,80.65
2025-01-17 15:00:00,83.49
2025-01-17 16:00:00,84.53
2025-01-17 17:00:00,91.96
2025-01-17 18:00:00,94.78
2025-01-17 19:00:00,91.5
2025-01-17 20:00:00,95.6
2025-01-17 21:00:00,91.45
2025-01-17 22:00:00,78.6
2025-01-17 23:00:00,88.65
2025-01-18 00:00:00,85.85
2025-01-18 01:00:00,99.54
2025-01-18 02:00:00,78.83
2025-01-18 03:00:00,99.5
2025-01-18 04:00:00,99.5
2025-01-18 05:00:00,96.42
2025-01-18 06:00:00,79.74
2025-01-18 07:00:00,59.96
2025-01-18 08:00:00,49.46
2025-01-18 09:00:00,36.84
2025-01-18 10:00:00,22.04
2025-01-18 11:00:00,4.92
2025-01-18 12:00:00,15.07
2025-01-18 13:00:00,11.39
2025-01-18 14:00:00,9.56
2025-01-18 15:00:00,9.59
2025-01-18 16:00:00,8.11
2025-01-18 17:00:00,8.72
2025-01-18 18:00:00,9.51
2025-01-18 19:00:00,8.8
2025-01-18 20:00:00,7.99
2025-01-18 21:00:00,6.46
2025-01-18 22:00:00,9.62
2025-01-18 23:00:00,12.08
2025-01-19 00:00:00,8.79
2025-01-19 01:00:00,7.22
2025-01-19 02:00:00,7.13
2025-01-19 03:00:00,4.1
2025-01-19 04:00:00,4.1
2025-01-19 05:00:00,4.92
2025-01-19 06:00:00,11.42
2025-01-19 07:00:00,4.86
2025-01-19 08:00:00,5.1
2025-01-19 09:00:00,5.0
2025-01-19 10:00:00,3.28
2025-01-19 11:00:00,8.72
2025-01-19 12:00:00,14.18
2025-01-19 13:00:00,12.45
2025-01-19 14:00:00,20.35
2025-01-19 15:00:00,18.71
2025-01-19 16:00:00,12.42
2025-01-19 17:00:00,9.34
2025-01-19 18:00:00,7.16
2025-01-19 19:00:00,7.33
2025-01-19 20:00:00,8.05
2025-01-19 21:00:00,7.27
2025-01-19 22:00:00,7.26
2025-01-19 23:00:00,8.85
2025-01-20 00:00:00,8.09
2025-01-20 01:00:00,1.94
2025-01-20 02:00:00,5.64
2025-01-20 03:00:00,6.47
2025-01-20 04:00:00,7.31
2025-01-20 05:00:00,8.14
2025-01-20 06:00:00,14.71
2025-01-20 07:00:00,6.84
2025-01-20 08:00:00,3.6
2025-01-20 09:00:00,3.31
2025-01-20 10:00:00,1.64
2025-01-20 11:00:00,4.92
2025-01-20 12:00:00,4.92
2025-01-20 13:00:00,6.49
2025-01-20 14:00:00,15.27
2025-01-20 15:00:00,14.7
2025-01-20 16:00:00,10.77
2025-01-20 17:00:00,10.26
2025-01-20 18:00:00,9.59
2025-01-20 19:00:00,13.91
2025-01-20 20:00:00,15.38
2025-01-20 21:00:00,18.65
2025-01-20 22:00:00,17.78
2025-01-20 23:00:00,14.56
2025-01-21 00:00:00,10.57
2025-01-21 01:00:00,8.72
2025-01-21 02:00:00,8.13
2025-01-21 03:00:00,12.24
2025-01-21 04:00:00,25.35
2025-01-21 05:00:00,41.75
2025-01-21 06:00:00,49.12
2025-01-21 07:00:00,44.26
2025-01-21 08:00:00,42.56
2025-01-21 09:00:00,40.62
2025-01-21 10:00:00,22.57
2025-01-21 11:00:00,15.73
2025-01-21 12:00:00,23.16
2025-01-21 13:00:00,18.5
2025-01-21 14:00:00,25.6
2025-01-21 15:00:00,27.37
2025-01-21 16:00:00,25.95
2025-01-21 17:00:00,25.91
2025-01-21 18:00:00,27.71
2025-01-21 19:00:00,20.46
2025-01-21 20:00:00,26.95
2025-01-21 21:00:00,24.59
2025-01-21 22:00:00,22.12
2025-01-21 23:00:00,19.66
2025-01-22 00:00:00,17.15
2025-01-22 01:00:00,16.18
2025-01-22 02:00:00,7.31
2025-01-22 03:00:00,13.05
2025-01-22 04:00:00,39.29
2025-01-22 05:00:00,46.66
2025-01-22 06:00:00,56.5
2025-01-22 07:00:00,45.81
2025-01-22 08:00:00,39.44
2025-01-22 09:00:00,33.76
2025-01-22 10:00:00,7.82
2025-01-22 11:00:00,12.79
2025-01-22 12:00:00,27.57
2025-01-22 13:00:00,19.54
2025-01-22 14:00:00,18.84
2025-01-22 15:00:00,11.85
2025-01-22 16:00:00,12.78
2025-01-22 17:00:00,10.6
2025-01-22 18:00:00,9.68
2025-01-22 19:00:00,12.17
2025-01-22 20:00:00,12.18
2025-01-22 21:00:00,12.19
2025-01-22 22:00:00,11.34
2025-01-22 23:00:00,10.57
2025-01-23 00:00:00,42.04
2025-01-23 01:00:00,58.95
2025-01-23 02:00:00,72.89
2025-01-23 03:00:00,81.1
2025-01-23 04:00:00,84.38
2025-01-23 05:00:00,82.76
2025-01-23 06:00:00,91.77
2025-01-23 07:00:00,93.62
2025-01-23 08:00:00,94.16
2025-01-23 09:00:00,95.23
2025-01-23 10:00:00,96.18
2025-01-23 11:00:00,95.46
2025-01-23 12:00:00,85.82
2025-01-23 13:00:00,67.12
2025-01-23 14:00:00,66.42
2025-01-23 15:00:00,61.77
2025-01-23 16:00:00,58.21
2025-01-23 17:00:00,53.05
2025-01-23 18:00:00,49.08
2025-01-23 19:00:00,56.5
2025-01-23 20:00:00,64.67
2025-01-23 21:00:00,63.03
2025-01-23 22:00:00,49.91
2025-01-23 23:00:00,51.56
2025-01-24 00:00:00,68.77
2025-01-24 01:00:00,76.17
2025-01-24 02:00:00,90.26
2025-01-24 03:00:00,86.0
2025-01-24 04:00:00,87.67
2025-01-24 05:00:00,78.65
2025-01-24 06:00:00,81.15
2025-01-24 07:00:00,80.22
2025-01-24 08:00:00,79.46
2025-01-24 09:00:00,78.95
2025-01-24 10:00:00,82.31
2025-01-24 11:00:00,89.39
2025-01-24 12:00:00,91.57
2025-01-24 13:00:00,63.23
2025-01-24 14:00:00,82.58
2025-01-24 15:00:00,84.53
2025-01-24 16:00:00,87.2
2025-01-24 17:00:00,91.89
2025-01-24 18:00:00,95.52
2025-01-24 19:00:00,86.24
2025-01-24 20:00:00,85.67
2025-01-24 21:00:00,66.05
2025-01-24 22:00:00,70.94
2025-01-24 23:00:00,73.45
2025-01-25 00:00:00,75.06
2025-01-25 01:00:00,66.86
2025-01-25 02:00:00,47.21
2025-01-25 03:00:00,76.86
2025-01-25 04:00:00,81.8
2025-01-25 05:00:00,85.87
2025-01-25 06:00:00,96.57
2025-01-25 07:00:00,90.73
2025-01-25 08:00:00,92.1
2025-01-25 09:00:00,92.95
2025-01-25 10:00:00,86.99
2025-01-25 11:00:00,80.53
2025-01-25 12:00:00,72.91
2025-01-25 13:00:00,35.78
2025-01-25 14:00:00,50.6
2025-01-25 15:00:00,45.57
2025-01-25 16:00:00,43.23
2025-01-25 17:00:00,38.31
2025-01-25 18:00:00,34.85
2025-01-25 19:00:00,29.87
2025-01-25 20:00:00,22.59
2025-01-25 21:00:00,29.17
2025-01-25 22:00:00,26.72
2025-01-25 23:00:00,31.72
2025-01-26 00:00:00,30.93
2025-01-26 01:00:00,20.7
2025-01-26 02:00:00,27.57
2025-01-26 03:00:00,19.35
2025-01-26 04:00:00,17.89
2025-01-26 05:00:00,16.29
2025-01-26 06:00:00,34.31
2025-01-26 07:00:00,25.69
2025-01-26 08:00:00,16.77
2025-01-26 09:00:00,16.25
2025-01-26 10:00:00,6.34
2025-01-26 11:00:00,12.28
2025-01-26 12:00:00,13.99
2025-01-26 13:00:00,23.46
2025-01-26 14:00:00,22.16
2025-01-26 15:00:00,19.43
2025-01-26 16:00:00,13.7
2025-01-26 17:00:00,9.79
2025-01-26 18:00:00,7.25
2025-01-26 19:00:00,8.87
2025-01-26 20:00:00,7.22
2025-01-26 21:00:00,6.37
2025-01-26 22:00:00,7.2
2025-01-26 23:00:00,5.55
2025-01-27 00:00:00,5.56
2025-01-27 01:00:00,0.77
2025-01-27 02:00:00,6.37
2025-01-27 03:00:00,10.51
2025-01-27 04:00:00,12.13
2025-01-27 05:00:00,17.87
2025-01-27 06:00:00,33.47
2025-01-27 07:00:00,25.53
2025-01-27 08:00:00,22.38
2025-01-27 09:00:00,20.38
2025-01-27 10:00:00,10.67
2025-01-27 11:00:00,2.46
2025-01-27 12:00:00,15.7
2025-01-27 13:00:00,14.54
2025-01-27 14:00:00,13.6
2025-01-27 15:00:00,13.31
2025-01-27 16:00:00,9.42
2025-01-27 17:00:00,9.7
2025-01-27 18:00:00,10.43
2025-01-27 19:00:00,11.98
2025-01-27 20:00:00,14.41
2025-01-27 21:00:00,21.73
2025-01-27 22:00:00,26.79
2025-01-27 23:00:00,23.52
2025-01-28 00:00:00,22.79
2025-01-28 01:00:00,8.11
2025-01-28 02:00:00,20.35
2025-01-28 03:00:00,21.21
2025-01-28 04:00:00,26.1
2025-01-28 05:00:00,34.28
2025-01-28 06:00:00,45.73
2025-01-28 07:00:00,48.77
2025-01-28 08:00:00,54.62
2025-01-28 09:00:00,58.96
2025-01-28 10:00:00,52.82
2025-01-28 11:00:00,46.6
2025-01-28 12:00:00,51.43
2025-01-28 13:00:00,29.91
2025-01-28 14:00:00,37.64
2025-01-28 15:00:00,45.75
2025-01-28 16:00:00,56.58
2025-01-28 17:00:00,70.36
2025-01-28 18:00:00,81.48
2025-01-28 19:00:00,72.11
2025-01-28 20:00:00,61.84
2025-01-28 21:00:00,55.15
2025-01-28 22:00:00,44.11
2025-01-28 23:00:00,55.59
2025-01-29 00:00:00,31.65
2025-01-29 01:00:00,46.68
2025-01-29 02:00:00,52.34
2025-01-29 03:00:00,54.59
2025-01-29 04:00:00,49.66
2025-01-29 05:00:00,44.44
2025-01-29 06:00:00,49.77
2025-01-29 07:00:00,42.87
2025-01-29 08:00:00,41.3
2025-01-29 09:00:00,38.43
2025-01-29 10:00:00,59.7
2025-01-29 11:00:00,50.98
2025-01-29 12:00:00,32.6
2025-01-29 13:00:00,45.29
2025-01-29 14:00:00,38.54
2025-01-29 15:00:00,45.7
2025-01-29 16:00:00,55.43
2025-01-29 17:00:00,64.87
2025-01-29 18:00:00,73.47
2025-01-29 19:00:00,85.73
2025-01-29 20:00:00,85.71
2025-01-29 21:00:00,83.34
2025-01-29 22:00:00,76.7
2025-01-29 23:00:00,79.14
2025-01-30 00:00:00,68.14
2025-01-30 01:00:00,49.37
2025-01-30 02:00:00,25.02
2025-01-30 03:00:00,40.75
2025-01-30 04:00:00,40.75
2025-01-30 05:00:00,46.48
2025-01-30 06:00:00,39.89
2025-01-30 07:00:00,49.65
2025-01-30 08:00:00,58.77
2025-01-30 09:00:00,71.63
2025-01-30 10:00:00,71.49
2025-01-30 11:00:00,78.12
2025-01-30 12:00:00,82.02
2025-01-30 13:00:00,48.86
2025-01-30 14:00:00,64.58
2025-01-30 15:00:00,62.88
2025-01-30 16:00:00,61.97
2025-01-30 17:00:00,60.59
2025-01-30 18:00:00,59.42
2025-01-30 19:00:00,70.2
2025-01-30 20:00:00,71.0
2025-01-30 21:00:00,76.52
2025-01-30 22:00:00,80.03
2025-01-30 23:00:00,71.01
2025-01-31 00:00:00,58.61
2025-01-31 01:00:00,45.38
2025-01-31 02:00:00,48.86
2025-01-31 03:00:00,36.06
2025-01-31 04:00:00,39.71
2025-01-31 05:00:00,71.49
2025-01-31 06:00:00,61.26
2025-01-31 07:00:00,67.62
2025-01-31 08:00:00,72.96
2025-01-31 09:00:00,81.07
2025-01-31 10:00:00,68.55
2025-01-31 11:00:00,53.26
2025-01-31 12:00:00,57.05
2025-01-31 13:00:00,39.47
2025-01-31 14:00:00,46.5
2025-01-31 15:00:00,49.11
2025-01-31 16:00:00,54.28
2025-01-31 17:00:00,57.87
2025-01-31 18:00:00,62.74
2025-01-31 19:00:00,72.69
2025-01-31 20:00:00,71.08
2025-01-31 21:00:00,73.5
2025-01-31 22:00:00,66.89
2025-01-31 23:00:00,66.7
2025-02-01 00:00:00,62.0
2025-02-01 01:00:00,45.65
2025-02-01 02:00:00,33.44
2025-02-01 03:00:00,20.37
2025-02-01 04:00:00,16.43
2025-02-01 05:00:00,17.11
2025-02-01 06:00:00,20.4
2025-02-01 07:00:00,28.99
2025-02-01 08:00:00,40.76
2025-02-01 09:00:00,55.14
2025-02-01 10:00:00,44.69
2025-02-01 11:00:00,41.26
2025-02-01 12:00:00,25.12
2025-02-01 13:00:00,28.18
2025-02-01 14:00:00,32.21
2025-02-01 15:00:00,29.57
2025-02-01 16:00:00,31.97
2025-02-01 17:00:00,30.94
2025-02-01 18:00:00,31.85
2025-02-01 19:00:00,31.03
2025-02-01 20:00:00,35.22
2025-02-01 21:00:00,39.17
2025-02-01 22:00:00,30.97
2025-02-01 23:00:00,21.23
2025-02-02 00:00:00,18.77
2025-02-02 01:00:00,8.6
2025-02-02 02:00:00,26.12
2025-02-02 03:00:00,30.21
2025-02-02 04:00:00,32.72
2025-02-02 05:00:00,30.25
2025-02-02 06:00:00,31.89
2025-02-02 07:00:00,26.53
2025-02-02 08:00:00,29.44
2025-02-02 09:00:00,30.48
2025-02-02 10:00:00,30.82
2025-02-02 11:00:00,27.43
2025-02-02 12:00:00,33.56
2025-02-02 13:00:00,31.04
2025-02-02 14:00:00,32.66
2025-02-02 15:00:00,36.19
2025-02-02 16:00:00,43.73
2025-02-02 17:00:00,48.16
2025-02-02 18:00:00,55.16
2025-02-02 19:00:00,41.28
2025-02-02 20:00:00,43.6
2025-02-02 21:00:00,45.81
2025-02-02 22:00:00,40.89
2025-02-02 23:00:00,46.6
2025-02-03 00:00:00,39.05
2025-02-03 01:00:00,50.7
2025-02-03 02:00:00,57.51
2025-02-03 03:00:00,54.8
2025-02-03 04:00:00,67.12
2025-02-03 05:00:00,77.0
2025-02-03 06:00:00,82.8
2025-02-03 07:00:00,87.25
2025-02-03 08:00:00,93.36
2025-02-03 09:00:00,98.26
2025-02-03 10:00:00,93.49
2025-02-03 11:00:00,77.39
2025-02-03 12:00:00,54.42
2025-02-03 13:00:00,35.4
2025-02-03 14:00:00,46.66
2025-02-03 15:00:00,38.64
2025-02-03 16:00:00,31.49
2025-02-03 17:00:00,20.23
2025-02-03 18:00:00,11.45
2025-02-03 19:00:00,9.81
2025-02-03 20:00:00,7.78
2025-02-03 21:00:00,5.68
2025-02-03 22:00:00,5.67
2025-02-03 23:00:00,3.28
2025-02-04 00:00:00,2.46
2025-02-04 01:00:00,4.1
2025-02-04 02:00:00,5.88
2025-02-04 03:00:00,14.69
2025-02-04 04:00:00,17.16
2025-02-04 05:00:00,20.44
2025-02-04 06:00:00,17.4
2025-02-04 07:00:00,11.51
2025-02-04 08:00:00,10.53
2025-02-04 09:00:00,1.47
2025-02-04 10:00:00,3.31
2025-02-04 11:00:00,5.97
2025-02-04 12:00:00,8.02
2025-02-04 13:00:00,10.34
2025-02-04 14:00:00,14.52
2025-02-04 15:00:00,18.32
2025-02-04 16:00:00,20.39
2025-02-04 17:00:00,26.18
2025-02-04 18:00:00,31.44
2025-02-04 19:00:00,18.85
2025-02-04 20:00:00,15.98
2025-02-04 21:00:00,13.12
2025-02-04 22:00:00,18.87
2025-02-04 23:00:00,14.77
2025-02-05 00:00:00,15.58
2025-02-05 01:00:00,24.07
2025-02-05 02:00:00,27.06
2025-02-05 03:00:00,25.41
2025-02-05 04:00:00,12.29
2025-02-05 05:00:00,12.28
2025-02-05 06:00:00,14.13
2025-02-05 07:00:00,13.14
2025-02-05 08:00:00,15.5
2025-02-05 09:00:00,17.72
2025-02-05 10:00:00,15.8
2025-02-05 11:00:00,17.9
2025-02-05 12:00:00,16.74
2025-02-05 13:00:00,21.65
2025-02-05 14:00:00,31.16
2025-02-05 15:00:00,28.57
2025-02-05 16:00:00,30.46
2025-02-05 17:00:00,29.94
2025-02-05 18:00:00,31.16
2025-02-05 19:00:00,34.43
2025-02-05 20:00:00,43.85
2025-02-05 21:00:00,53.21
2025-02-05 22:00:00,66.31
2025-02-05 23:00:00,65.22
2025-02-06 00:00:00,51.56
2025-02-06 01:00:00,38.78
2025-02-06 02:00:00,32.71
2025-02-06 03:00:00,40.11
2025-02-06 04:00:00,40.92
2025-02-06 05:00:00,54.85
2025-02-06 06:00:00,65.13
2025-02-06 07:00:00,73.54
2025-02-06 08:00:00,84.09
2025-02-06 09:00:00,95.6
2025-02-06 10:00:00,94.21
2025-02-06 11:00:00,89.01
2025-02-06 12:00:00,36.63
2025-02-06 13:00:00,61.52
2025-02-06 14:00:00,49.3
2025-02-06 15:00:00,47.16
2025-02-06 16:00:00,45.93
2025-02-06 17:00:00,42.46
2025-02-06 18:00:00,40.32
2025-02-06 19:00:00,38.46
2025-02-06 20:00:00,36.47
2025-02-06 21:00:00,34.37
2025-02-06 22:00:00,56.37
2025-02-06 23:00:00,48.89
2025-02-07 00:00:00,44.21
2025-02-07 01:00:00,40.88
2025-02-07 02:00:00,38.91
2025-02-07 03:00:00,33.44
2025-02-07 04:00:00,31.88
2025-02-07 05:00:00,40.9
2025-02-07 06:00:00,42.17
2025-02-07 07:00:00,34.78
2025-02-07 08:00:00,40.46
2025-02-07 09:00:00,43.58
2025-02-07 10:00:00,36.53
2025-02-07 11:00:00,42.18
2025-02-07 12:00:00,39.86
2025-02-07 13:00:00,40.42
2025-02-07 14:00:00,37.27
2025-02-07 15:00:00,31.8
2025-02-07 16:00:00,23.19
2025-02-07 17:00:00,15.52
2025-02-07 18:00:00,8.95
2025-02-07 19:00:00,8.96
2025-02-07 20:00:00,8.6
2025-02-07 21:00:00,8.14
2025-02-07 22:00:00,12.24
2025-02-07 23:00:00,19.62
2025-02-08 00:00:00,15.01
2025-02-08 01:00:00,10.46
2025-02-08 02:00:00,5.63
2025-02-08 03:00:00,3.28
2025-02-08 04:00:00,6.52
2025-02-08 05:00:00,7.33
2025-02-08 06:00:00,7.75
2025-02-08 07:00:00,1.13
2025-02-08 08:00:00,0.89
2025-02-08 09:00:00,3.81
2025-02-08 10:00:00,9.31
2025-02-08 11:00:00,12.18
2025-02-08 12:00:00,29.31
2025-02-08 13:00:00,23.75
2025-02-08 14:00:00,31.98
2025-02-08 15:00:00,28.74
2025-02-08 16:00:00,22.0
2025-02-08 17:00:00,15.68
2025-02-08 18:00:00,11.37
2025-02-08 19:00:00,5.67
2025-02-08 20:00:00,5.73
2025-02-08 21:00:00,5.61
2025-02-08 22:00:00,5.62
2025-02-08 23:00:00,4.92
2025-02-09 00:00:00,6.43
2025-02-09 01:00:00,6.45
2025-02-09 02:00:00,4.62
2025-02-09 03:00:00,10.57
2025-02-09 04:00:00,10.59
2025-02-09 05:00:00,15.52
2025-02-09 06:00:00,13.5
2025-02-09 07:00:00,4.55
2025-02-09 08:00:00,0.3
2025-02-09 09:00:00,0.9
2025-02-09 10:00:00,4.62
2025-02-09 11:00:00,5.5
2025-02-09 12:00:00,8.36
2025-02-09 13:00:00,11.4
2025-02-09 14:00:00,21.87
2025-02-09 15:00:00,22.89
2025-02-09 16:00:00,23.42
2025-02-09 17:00:00,24.93
2025-02-09 18:00:00,26.63
2025-02-09 19:00:00,26.18
2025-02-09 20:00:00,21.4
2025-02-09 21:00:00,16.22
2025-02-09 22:00:00,37.79
2025-02-09 23:00:00,47.55
2025-02-10 00:00:00,44.6
2025-02-10 01:00:00,39.7
2025-02-10 02:00:00,23.31
2025-02-10 03:00:00,25.95
2025-02-10 04:00:00,18.56
2025-02-10 05:00:00,17.85
2025-02-10 06:00:00,20.21
2025-02-10 07:00:00,21.26
2025-02-10 08:00:00,21.88
2025-02-10 09:00:00,24.9
2025-02-10 10:00:00,30.97
2025-02-10 11:00:00,23.94
2025-02-10 12:00:00,23.88
2025-02-10 13:00:00,18.92
2025-02-10 14:00:00,28.19
2025-02-10 15:00:00,30.99
2025-02-10 16:00:00,32.37
2025-02-10 17:00:00,34.99
2025-02-10 18:00:00,38.69
2025-02-10 19:00:00,53.82
2025-02-10 20:00:00,50.1
2025-02-10 21:00:00,45.25
2025-02-10 22:00:00,46.36
2025-02-10 23:00:00,45.5
2025-02-11 00:00:00,42.55
2025-02-11 01:00:00,18.66
2025-02-11 02:00:00,24.26
2025-02-11 03:00:00,29.28
2025-02-11 04:00:00,37.4
2025-02-11 05:00:00,42.14
2025-02-11 06:00:00,49.61
2025-02-11 07:00:00,57.07
2025-02-11 08:00:00,62.83
2025-02-11 09:00:00,71.39
2025-02-11 10:00:00,63.46
2025-02-11 11:00:00,56.91
2025-02-11 12:00:00,40.81
2025-02-11 13:00:00,58.36
2025-02-11 14:00:00,80.86
2025-02-11 15:00:00,78.52
2025-02-11 16:00:00,77.49
2025-02-11 17:00:00,76.39
2025-02-11 18:00:00,75.03
2025-02-11 19:00:00,71.47
2025-02-11 20:00:00,67.9
2025-02-11 21:00:00,63.18
2025-02-11 22:00:00,68.94
2025-02-11 23:00:00,64.95
2025-02-12 00:00:00,57.57
2025-02-12 01:00:00,55.12
2025-02-12 02:00:00,57.55
2025-02-12 03:00:00,42.69
2025-02-12 04:00:00,43.73
2025-02-12 05:00:00,60.57
2025-02-12 06:00:00,70.26
2025-02-12 07:00:00,80.63
2025-02-12 08:00:00,89.83
2025-02-12 09:00:00,98.54
2025-02-12 10:00:00,97.68
2025-02-12 11:00:00,94.91
2025-02-12 12:00:00,47.77
2025-02-12 13:00:00,37.32
2025-02-12 14:00:00,32.16
2025-02-12 15:00:00,28.5
2025-02-12 16:00:00,28.77
2025-02-12 17:00:00,25.42
2025-02-12 18:00:00,24.95
2025-02-12 19:00:00,28.15
2025-02-12 20:00:00,35.54
2025-02-12 21:00:00,41.82
2025-02-12 22:00:00,49.99
2025-02-12 23:00:00,62.12
2025-02-13 00:00:00,60.54
2025-02-13 01:00:00,53.12
2025-02-13 02:00:00,48.27
2025-02-13 03:00:00,47.43
2025-02-13 04:00:00,31.13
2025-02-13 05:00:00,39.56
2025-02-13 06:00:00,45.41
2025-02-13 07:00:00,48.74
2025-02-13 08:00:00,53.49
2025-02-13 09:00:00,61.36
2025-02-13 10:00:00,60.8
2025-02-13 11:00:00,23.66
2025-02-13 12:00:00,36.17
2025-02-13 13:00:00,45.29
2025-02-13 14:00:00,59.8
2025-02-13 15:00:00,60.89
2025-02-13 16:00:00,64.43
2025-02-13 17:00:00,70.68
2025-02-13 18:00:00,74.88
2025-02-13 19:00:00,65.82
2025-02-13 20:00:00,60.14
2025-02-13 21:00:00,53.6
2025-02-13 22:00:00,47.19
2025-02-13 23:00:00,53.05
2025-02-14 00:00:00,13.35
2025-02-14 01:00:00,33.46
2025-02-14 02:00:00,9.3
2025-02-14 03:00:00,17.9
2025-02-14 04:00:00,12.98
2025-02-14 05:00:00,14.63
2025-02-14 06:00:00,21.41
2025-02-14 07:00:00,23.61
2025-02-14 08:00:00,33.45
2025-02-14 09:00:00,39.95
2025-02-14 10:00:00,70.4
2025-02-14 11:00:00,83.11
2025-02-14 12:00:00,81.84
2025-02-14 13:00:00,34.22
2025-02-14 14:00:00,55.26
2025-02-14 15:00:00,54.64
2025-02-14 16:00:00,52.73
2025-02-14 17:00:00,51.24
2025-02-14 18:00:00,50.46
2025-02-14 19:00:00,63.33
2025-02-14 20:00:00,71.45
2025-02-14 21:00:00,79.07
2025-02-14 22:00:00,80.04
2025-02-14 23:00:00,77.57
2025-02-15 00:00:00,83.27
2025-02-15 01:00:00,79.15
2025-02-15 02:00:00,62.59
2025-02-15 03:00:00,73.34
2025-02-15 04:00:00,70.54
2025-02-15 05:00:00,65.87
2025-02-15 06:00:00,65.0
2025-02-15 07:00:00,59.05
2025-02-15 08:00:00,59.76
2025-02-15 09:00:00,59.93
2025-02-15 10:00:00,78.65
2025-02-15 11:00:00,56.27
2025-02-15 12:00:00,44.83
2025-02-15 13:00:00,24.69
2025-02-15 14:00:00,75.43
2025-02-15 15:00:00,75.34
2025-02-15 16:00:00,74.79
2025-02-15 17:00:00,75.33
2025-02-15 18:00:00,76.02
2025-02-15 19:00:00,89.92
2025-02-15 20:00:00,88.05
2025-02-15 21:00:00,85.91
2025-02-15 22:00:00,85.82
2025-02-15 23:00:00,86.62
2025-02-16 00:00:00,95.72
2025-02-16 01:00:00,80.77
2025-02-16 02:00:00,83.17
2025-02-16 03:00:00,77.33
2025-02-16 04:00:00,74.71
2025-02-16 05:00:00,78.8
2025-02-16 06:00:00,81.5
2025-02-16 07:00:00,80.27
2025-02-16 08:00:00,84.0
2025-02-16 09:00:00,86.66
2025-02-16 10:00:00,68.96
2025-02-16 11:00:00,35.34
2025-02-16 12:00:00,44.06
2025-02-16 13:00:00,17.52
2025-02-16 14:00:00,78.88
2025-02-16 15:00:00,77.52
2025-02-16 16:00:00,75.42
2025-02-16 17:00:00,76.91
2025-02-16 18:00:00,76.81
2025-02-16 19:00:00,81.72
2025-02-16 20:00:00,82.33
2025-02-16 21:00:00,82.45
2025-02-16 22:00:00,73.31
2025-02-16 23:00:00,69.33
2025-02-17 00:00:00,68.2
2025-02-17 01:00:00,25.6
2025-02-17 02:00:00,37.35
2025-02-17 03:00:00,28.57
2025-02-17 04:00:00,21.2
2025-02-17 05:00:00,27.18
2025-02-17 06:00:00,25.02
2025-02-17 07:00:00,22.15
2025-02-17 08:00:00,20.68
2025-02-17 09:00:00,15.12
2025-02-17 10:00:00,7.39
2025-02-17 11:00:00,10.85
2025-02-17 12:00:00,9.36
2025-02-17 13:00:00,20.04
2025-02-17 14:00:00,22.17
2025-02-17 15:00:00,27.69
2025-02-17 16:00:00,31.0
2025-02-17 17:00:00,41.98
2025-02-17 18:00:00,50.63
2025-02-17 19:00:00,26.1
2025-02-17 20:00:00,25.5
2025-02-17 21:00:00,24.61
2025-02-17 22:00:00,10.44
2025-02-17 23:00:00,2.46
2025-02-18 00:00:00,3.28
2025-02-18 01:00:00,4.43
2025-02-18 02:00:00,14.69
2025-02-18 03:00:00,9.67
2025-02-18 04:00:00,8.2
2025-02-18 05:00:00,4.1
2025-02-18 06:00:00,7.32
2025-02-18 07:00:00,3.09
2025-02-18 08:00:00,8.24
2025-02-18 09:00:00,11.65
2025-02-18 10:00:00,9.46
2025-02-18 11:00:00,7.78
2025-02-18 12:00:00,49.25
2025-02-18 13:00:00,29.7
2025-02-18 14:00:00,38.42
2025-02-18 15:00:00,28.35
2025-02-18 16:00:00,21.64
2025-02-18 17:00:00,19.67
2025-02-18 18:00:00,13.66
2025-02-18 19:00:00,10.39
2025-02-18 20:00:00,9.4
2025-02-18 21:00:00,8.04
2025-02-18 22:00:00,36.16
2025-02-18 23:00:00,63.06
2025-02-19 00:00:00,19.17
2025-02-19 01:00:00,38.73
2025-02-19 02:00:00,29.79
2025-02-19 03:00:00,31.85
2025-02-19 04:00:00,40.87
2025-02-19 05:00:00,42.47
2025-02-19 06:00:00,37.1
2025-02-19 07:00:00,30.18
2025-02-19 08:00:00,26.07
2025-02-19 09:00:00,21.32
2025-02-19 10:00:00,36.59
2025-02-19 11:00:00,42.54
2025-02-19 12:00:00,41.24
2025-02-19 13:00:00,29.4
2025-02-19 14:00:00,43.58
2025-02-19 15:00:00,43.18
2025-02-19 16:00:00,41.26
2025-02-19 17:00:00,39.61
2025-02-19 18:00:00,38.24
2025-02-19 19:00:00,48.99
2025-02-19 20:00:00,52.85
2025-02-19 21:00:00,56.31
2025-02-19 22:00:00,58.33
2025-02-19 23:00:00,62.55
2025-02-20 00:00:00,58.79
2025-02-20 01:00:00,52.3
2025-02-20 02:00:00,25.89
2025-02-20 03:00:00,57.71
2025-02-20 04:00:00,60.18
2025-02-20 05:00:00,46.16
2025-02-20 06:00:00,46.17
2025-02-20 07:00:00,40.75
2025-02-20 08:00:00,43.93
2025-02-20 09:00:00,43.84
2025-02-20 10:00:00,11.74
2025-02-20 11:00:00,9.29
2025-02-20 12:00:00,17.75
2025-02-20 13:00:00,13.06
2025-02-20 14:00:00,20.83
2025-02-20 15:00:00,22.64
2025-02-20 16:00:00,21.22
2025-02-20 17:00:00,23.69
2025-02-20 18:00:00,26.08
2025-02-20 19:00:00,29.39
2025-02-20 20:00:00,31.95
2025-02-20 21:00:00,34.19
2025-02-20 22:00:00,45.73
2025-02-20 23:00:00,35.08
2025-02-21 00:00:00,27.64
2025-02-21 01:00:00,7.35
2025-02-21 02:00:00,21.11
2025-02-21 03:00:00,15.35
2025-02-21 04:00:00,20.31
2025-02-21 05:00:00,17.88
2025-02-21 06:00:00,14.22
2025-02-21 07:00:00,8.9
2025-02-21 08:00:00,6.81
2025-02-21 09:00:00,3.28
2025-02-21 10:00:00,4.32
2025-02-21 11:00:00,7.33
2025-02-21 12:00:00,11.39
2025-02-21 13:00:00,9.44
2025-02-21 14:00:00,20.33
2025-02-21 15:00:00,23.77
2025-02-21 16:00:00,25.9
2025-02-21 17:00:00,29.25
2025-02-21 18:00:00,34.86
2025-02-21 19:00:00,56.14
2025-02-21 20:00:00,74.07
2025-02-21 21:00:00,91.31
2025-02-21 22:00:00,88.77
2025-02-21 23:00:00,94.7
2025-02-22 00:00:00,90.61
2025-02-22 01:00:00,69.61
2025-02-22 02:00:00,79.8
2025-02-22 03:00:00,72.39
2025-02-22 04:00:00,66.01
2025-02-22 05:00:00,57.01
2025-02-22 06:00:00,60.9
2025-02-22 07:00:00,61.19
2025-02-22 08:00:00,64.68
2025-02-22 09:00:00,70.59
2025-02-22 10:00:00,67.72
2025-02-22 11:00:00,64.68
2025-02-22 12:00:00,48.42
2025-02-22 13:00:00,76.46
2025-02-22 14:00:00,66.13
2025-02-22 15:00:00,53.64
2025-02-22 16:00:00,43.46
2025-02-22 17:00:00,32.29
2025-02-22 18:00:00,21.85
2025-02-22 19:00:00,22.54
2025-02-22 20:00:00,37.77
2025-02-22 21:00:00,47.25
2025-02-22 22:00:00,60.65
2025-02-22 23:00:00,63.36
2025-02-23 00:00:00,55.19
2025-02-23 01:00:00,33.48
2025-02-23 02:00:00,46.39
2025-02-23 03:00:00,34.18
2025-02-23 04:00:00,40.5
2025-02-23 05:00:00,51.39
2025-02-23 06:00:00,40.46
2025-02-23 07:00:00,28.99
2025-02-23 08:00:00,18.6
2025-02-23 09:00:00,4.02
2025-02-23 10:00:00,84.01
2025-02-23 11:00:00,99.09
2025-02-23 12:00:00,96.54
2025-02-23 13:00:00,100.0
2025-02-23 14:00:00,100.0
2025-02-23 15:00:00,83.82
2025-02-23 16:00:00,61.96
2025-02-23 17:00:00,39.94
2025-02-23 18:00:00,19.3
2025-02-23 19:00:00,7.05
2025-02-23 20:00:00,3.28
2025-02-23 21:00:00,19.46
2025-02-23 22:00:00,27.7
2025-02-23 23:00:00,45.75
2025-02-24 00:00:00,32.68
2025-02-24 01:00:00,64.55
2025-02-24 02:00:00,63.7
2025-02-24 03:00:00,67.81
2025-02-24 04:00:00,80.07
2025-02-24 05:00:00,89.14
2025-02-24 06:00:00,76.08
2025-02-24 07:00:00,56.27
2025-02-24 08:00:00,48.64
2025-02-24 09:00:00,35.54
2025-02-24 10:00:00,10.53
2025-02-24 11:00:00,20.34
2025-02-24 12:00:00,27.44
2025-02-24 13:00:00,19.35
2025-02-24 14:00:00,37.08
2025-02-24 15:00:00,32.34
2025-02-24 16:00:00,24.79
2025-02-24 17:00:00,20.56
2025-02-24 18:00:00,16.97
2025-02-24 19:00:00,22.84
2025-02-24 20:00:00,22.86
2025-02-24 21:00:00,17.96
2025-02-24 22:00:00,35.25
2025-02-24 23:00:00,65.6
2025-02-25 00:00:00,72.09
2025-02-25 01:00:00,74.63
2025-02-25 02:00:00,59.93
2025-02-25 03:00:00,63.11
2025-02-25 04:00:00,72.35
2025-02-25 05:00:00,47.56
2025-02-25 06:00:00,39.75
2025-02-25 07:00:00,31.75
2025-02-25 08:00:00,25.99
2025-02-25 09:00:00,19.22
2025-02-25 10:00:00,26.14
2025-02-25 11:00:00,23.28
2025-02-25 12:00:00,47.25
2025-02-25 13:00:00,45.35
2025-02-25 14:00:00,58.14
2025-02-25 15:00:00,58.19
2025-02-25 16:00:00,55.4
2025-02-25 17:00:00,54.25
2025-02-25 18:00:00,52.52
2025-02-25 19:00:00,48.18
2025-02-25 20:00:00,47.14
2025-02-25 21:00:00,37.36
2025-02-25 22:00:00,42.17
2025-02-25 23:00:00,20.28
2025-02-26 00:00:00,4.92
2025-02-26 01:00:00,5.64
2025-02-26 02:00:00,9.68
2025-02-26 03:00:00,12.97
2025-02-26 04:00:00,27.77
2025-02-26 05:00:00,42.53
2025-02-26 06:00:00,34.83
2025-02-26 07:00:00,8.82
2025-02-26 08:00:00,9.83
2025-02-26 09:00:00,7.97
2025-02-26 10:00:00,11.05
2025-02-26 11:00:00,10.92
2025-02-26 12:00:00,10.98
2025-02-26 13:00:00,7.84
2025-02-26 14:00:00,7.32
2025-02-26 15:00:00,7.58
2025-02-26 16:00:00,3.61
2025-02-26 17:00:00,12.66
2025-02-26 18:00:00,16.31
2025-02-26 19:00:00,42.98
2025-02-26 20:00:00,84.13
2025-02-26 21:00:00,52.92
2025-02-26 22:00:00,99.97
2025-02-26 23:00:00,99.94
2025-02-27 00:00:00,99.64
2025-02-27 01:00:00,99.57
2025-02-27 02:00:00,98.61
2025-02-27 03:00:00,98.79
2025-02-27 04:00:00,99.8
2025-02-27 05:00:00,81.86
2025-02-27 06:00:00,61.24
2025-02-27 07:00:00,34.48
2025-02-27 08:00:00,22.93
2025-02-27 09:00:00,4.1
2025-02-27 10:00:00,12.21
2025-02-27 11:00:00,10.09
2025-02-27 12:00:00,6.76
2025-02-27 13:00:00,18.34
2025-02-27 14:00:00,18.29
2025-02-27 15:00:00,32.66
2025-02-27 16:00:00,46.86
2025-02-27 17:00:00,66.73
2025-02-27 18:00:00,84.32
2025-02-27 19:00:00,92.45
2025-02-27 20:00:00,90.88
2025-02-27 21:00:00,90.72
2025-02-27 22:00:00,97.94
2025-02-27 23:00:00,94.53
2025-02-28 00:00:00,99.5
2025-02-28 01:00:00,89.0
2025-02-28 02:00:00,85.68
2025-02-28 03:00:00,71.22
2025-02-28 04:00:00,81.47
2025-02-28 05:00:00,92.38
2025-02-28 06:00:00,82.24
2025-02-28 07:00:00,67.63
2025-02-28 08:00:00,59.71
2025-02-28 09:00:00,49.42
2025-02-28 10:00:00,33.94
2025-02-28 11:00:00,62.29
2025-02-28 12:00:00,96.34
2025-02-28 13:00:00,98.29
2025-02-28 14:00:00,96.65
2025-02-28 15:00:00,94.48
2025-02-28 16:00:00,93.88
2025-02-28 17:00:00,93.15
2025-02-28 18:00:00,92.19
2025-02-28 19:00:00,92.29
2025-02-28 20:00:00,96.29
2025-02-28 21:00:00,88.91
2025-02-28 22:00:00,61.08
2025-02-28 23:00:00,59.4
2025-03-01 00:00:00,62.67
2025-03-01 01:00:00,46.99
2025-03-01 02:00:00,61.94
2025-03-01 03:00:00,63.78
2025-03-01 04:00:00,55.45
2025-03-01 05:00:00,36.58
2025-03-01 06:00:00,34.34
2025-03-01 07:00:00,33.84
2025-03-01 08:00:00,33.52
2025-03-01 09:00:00,33.9
2025-03-01 10:00:00,37.15
2025-03-01 11:00:00,35.23
2025-03-01 12:00:00,44.4
2025-03-01 13:00:00,46.91
2025-03-01 14:00:00,54.59
2025-03-01 15:00:00,76.69
2025-03-01 16:00:00,79.06
2025-03-01 17:00:00,81.65
2025-03-01 18:00:00,83.33
2025-03-01 19:00:00,98.66
2025-03-01 20:00:00,95.39
2025-03-01 21:00:00,91.15
2025-03-01 22:00:00,98.52
2025-03-01 23:00:00,70.4
2025-03-02 00:00:00,38.54
2025-03-02 01:00:00,33.37
2025-03-02 02:00:00,29.67
2025-03-02 03:00:00,24.48
2025-03-02 04:00:00,27.81
2025-03-02 05:00:00,34.39
2025-03-02 06:00:00,29.3
2025-03-02 07:00:00,13.57
2025-03-02 08:00:00,14.26
2025-03-02 09:00:00,11.18
2025-03-02 10:00:00,7.91
2025-03-02 11:00:00,14.26
2025-03-02 12:00:00,16.34
2025-03-02 13:00:00,14.42
2025-03-02 14:00:00,55.74
2025-03-02 15:00:00,73.79
2025-03-02 16:00:00,58.53
2025-03-02 17:00:00,44.05
2025-03-02 18:00:00,30.46
2025-03-02 19:00:00,46.54
2025-03-02 20:00:00,40.81
2025-03-02 21:00:00,49.75
2025-03-02 22:00:00,58.73
2025-03-02 23:00:00,56.97
2025-03-03 00:00:00,45.96
2025-03-03 01:00:00,33.24
2025-03-03 02:00:00,14.28
2025-03-03 03:00:00,16.1
2025-03-03 04:00:00,16.16
2025-03-03 05:00:00,15.97
2025-03-03 06:00:00,19.88
2025-03-03 07:00:00,23.86
2025-03-03 08:00:00,28.9
2025-03-03 09:00:00,33.99
2025-03-03 10:00:00,35.18
2025-03-03 11:00:00,29.3
2025-03-03 12:00:00,39.88
2025-03-03 13:00:00,24.43
2025-03-03 14:00:00,32.32
2025-03-03 15:00:00,37.68
2025-03-03 16:00:00,32.3
2025-03-03 17:00:00,25.16
2025-03-03 18:00:00,21.94
2025-03-03 19:00:00,25.32
2025-03-03 20:00:00,32.48
2025-03-03 21:00:00,41.48
2025-03-03 22:00:00,52.09
2025-03-03 23:00:00,53.75
2025-03-04 00:00:00,41.53
2025-03-04 01:00:00,26.96
2025-03-04 02:00:00,23.68
2025-03-04 03:00:00,29.32
2025-03-04 04:00:00,22.83
2025-03-04 05:00:00,21.17
2025-03-04 06:00:00,23.7
2025-03-04 07:00:00,26.49
2025-03-04 08:00:00,31.22
2025-03-04 09:00:00,35.66
2025-03-04 10:00:00,30.8
2025-03-04 11:00:00,29.86
2025-03-04 12:00:00,32.74
2025-03-04 13:00:00,21.73
2025-03-04 14:00:00,38.95
2025-03-04 15:00:00,27.12
2025-03-04 16:00:00,24.18
2025-03-04 17:00:00,19.99
2025-03-04 18:00:00,20.34
2025-03-04 19:00:00,38.26
2025-03-04 20:00:00,47.95
2025-03-04 21:00:00,43.87
2025-03-04 22:00:00,39.82
2025-03-04 23:00:00,41.5
2025-03-05 00:00:00,52.16
2025-03-05 01:00:00,68.54
2025-03-05 02:00:00,93.97
2025-03-05 03:00:00,86.55
2025-03-05 04:00:00,66.13
2025-03-05 05:00:00,52.91
2025-03-05 06:00:00,54.38
2025-03-05 07:00:00,51.47
2025-03-05 08:00:00,56.11
2025-03-05 09:00:00,59.65
2025-03-05 10:00:00,49.72
2025-03-05 11:00:00,43.78
2025-03-05 12:00:00,20.62
2025-03-05 13:00:00,37.25
2025-03-05 14:00:00,36.95
2025-03-05 15:00:00,50.92
2025-03-05 16:00:00,43.54
2025-03-05 17:00:00,37.39
2025-03-05 18:00:00,30.73
2025-03-05 19:00:00,31.56
2025-03-05 20:00:00,39.21
2025-03-05 21:00:00,41.82
2025-03-05 22:00:00,48.24
2025-03-05 23:00:00,45.18
2025-03-06 00:00:00,46.7
2025-03-06 01:00:00,35.86
2025-03-06 02:00:00,44.62
2025-03-06 03:00:00,43.73
2025-03-06 04:00:00,50.54
2025-03-06 05:00:00,60.58
2025-03-06 06:00:00,57.03
2025-03-06 07:00:00,52.73
2025-03-06 08:00:00,49.83
2025-03-06 09:00:00,46.29
2025-03-06 10:00:00,78.18
2025-03-06 11:00:00,31.96
2025-03-06 12:00:00,35.75
2025-03-06 13:00:00,39.3
2025-03-06 14:00:00,67.17
2025-03-06 15:00:00,81.53
2025-03-06 16:00:00,61.42
2025-03-06 17:00:00,40.91
2025-03-06 18:00:00,22.87
2025-03-06 19:00:00,31.89
2025-03-06 20:00:00,34.33
2025-03-06 21:00:00,48.21
2025-03-06 22:00:00,32.53
2025-03-06 23:00:00,39.78
2025-03-07 00:00:00,6.36
2025-03-07 01:00:00,10.49
2025-03-07 02:00:00,8.54
2025-03-07 03:00:00,16.24
2025-03-07 04:00:00,19.46
2025-03-07 05:00:00,12.1
2025-03-07 06:00:00,11.93
2025-03-07 07:00:00,12.91
2025-03-07 08:00:00,13.82
2025-03-07 09:00:00,14.46
2025-03-07 10:00:00,4.28
2025-03-07 11:00:00,12.35
2025-03-07 12:00:00,31.52
2025-03-07 13:00:00,25.07
2025-03-07 14:00:00,36.8
2025-03-07 15:00:00,86.03
2025-03-07 16:00:00,89.03
2025-03-07 17:00:00,94.74
2025-03-07 18:00:00,99.44
2025-03-07 19:00:00,99.02
2025-03-07 20:00:00,94.68
2025-03-07 21:00:00,93.76
2025-03-07 22:00:00,87.79
2025-03-07 23:00:00,84.44
2025-03-08 00:00:00,89.78
2025-03-08 01:00:00,81.54
2025-03-08 02:00:00,50.44
2025-03-08 03:00:00,81.34
2025-03-08 04:00:00,92.88
2025-03-08 05:00:00,78.4
2025-03-08 06:00:00,79.41
2025-03-08 07:00:00,78.03
2025-03-08 08:00:00,78.79
2025-03-08 09:00:00,78.95
2025-03-08 10:00:00,88.36
2025-03-08 11:00:00,76.55
2025-03-08 12:00:00,73.79
2025-03-08 13:00:00,54.72
2025-03-08 14:00:00,55.76
2025-03-08 15:00:00,52.5
2025-03-08 16:00:00,56.07
2025-03-08 17:00:00,62.99
2025-03-08 18:00:00,70.48
2025-03-08 19:00:00,54.38
2025-03-08 20:00:00,54.32
2025-03-08 21:00:00,52.52
2025-03-08 22:00:00,57.93
2025-03-08 23:00:00,65.4
2025-03-09 00:00:00,60.81
2025-03-09 01:00:00,27.96
2025-03-09 02:00:00,45.66
2025-03-09 03:00:00,42.89
2025-03-09 04:00:00,49.11
2025-03-09 05:00:00,47.45
2025-03-09 06:00:00,48.89
2025-03-09 07:00:00,44.7
2025-03-09 08:00:00,50.26
2025-03-09 09:00:00,55.67
2025-03-09 10:00:00,60.31
2025-03-09 11:00:00,49.83
2025-03-09 12:00:00,30.34
2025-03-09 13:00:00,18.52
2025-03-09 14:00:00,40.8
2025-03-09 15:00:00,47.14
2025-03-09 16:00:00,46.23
2025-03-09 17:00:00,43.28
2025-03-09 18:00:00,43.3
2025-03-09 19:00:00,23.64
2025-03-09 20:00:00,22.87
2025-03-09 21:00:00,20.39
2025-03-09 22:00:00,17.85
2025-03-09 23:00:00,8.93
2025-03-10 00:00:00,9.78
2025-03-10 01:00:00,1.04
2025-03-10 02:00:00,12.21
2025-03-10 03:00:00,12.22
2025-03-10 04:00:00,11.45
2025-03-10 05:00:00,11.45
2025-03-10 06:00:00,8.7
2025-03-10 07:00:00,6.17
2025-03-10 08:00:00,5.45
2025-03-10 09:00:00,3.61
2025-03-10 10:00:00,1.64
2025-03-10 11:00:00,3.28
2025-03-10 12:00:00,7.33
2025-03-10 13:00:00,9.51
2025-03-10 14:00:00,11.72
2025-03-10 15:00:00,14.43
2025-03-10 16:00:00,7.34
2025-03-10 17:00:00,11.13
2025-03-10 18:00:00,14.6
2025-03-10 19:00:00,12.14
2025-03-10 20:00:00,14.57
2025-03-10 21:00:00,14.74
2025-03-10 22:00:00,14.63
2025-03-10 23:00:00,13.02
2025-03-11 00:00:00,13.03
2025-03-11 01:00:00,1.59
2025-03-11 02:00:00,15.46
2025-03-11 03:00:00,14.63
2025-03-11 04:00:00,17.1
2025-03-11 05:00:00,22.0
2025-03-11 06:00:00,18.24
2025-03-11 07:00:00,15.97
2025-03-11 08:00:00,16.98
2025-03-11 09:00:00,11.94
2025-03-11 10:00:00,32.65
2025-03-11 11:00:00,32.66
2025-03-11 12:00:00,31.19
2025-03-11 13:00:00,38.31
2025-03-11 14:00:00,66.58
2025-03-11 15:00:00,89.2
2025-03-11 16:00:00,90.42
2025-03-11 17:00:00,95.24
2025-03-11 18:00:00,99.41
2025-03-11 19:00:00,99.48
2025-03-11 20:00:00,99.62
2025-03-11 21:00:00,93.88
2025-03-11 22:00:00,93.04
2025-03-11 23:00:00,94.52
2025-03-12 00:00:00,73.09
2025-03-12 01:00:00,92.08
2025-03-12 02:00:00,94.54
2025-03-12 03:00:00,96.13
2025-03-12 04:00:00,87.9
2025-03-12 05:00:00,88.77
2025-03-12 06:00:00,92.07
2025-03-12 07:00:00,92.13
2025-03-12 08:00:00,94.04
2025-03-12 09:00:00,84.47
2025-03-12 10:00:00,84.61
2025-03-12 11:00:00,73.4
2025-03-12 12:00:00,78.11
2025-03-12 13:00:00,93.34
2025-03-12 14:00:00,99.38
2025-03-12 15:00:00,99.27
2025-03-12 16:00:00,97.7
2025-03-12 17:00:00,99.44
2025-03-12 18:00:00,99.69
2025-03-12 19:00:00,99.69
2025-03-12 20:00:00,99.71
2025-03-12 21:00:00,98.89
2025-03-12 22:00:00,98.05
2025-03-12 23:00:00,99.7
2025-03-13 00:00:00,98.95
2025-03-13 01:00:00,99.57
2025-03-13 02:00:00,99.53
2025-03-13 03:00:00,99.56
2025-03-13 04:00:00,89.91
2025-03-13 05:00:00,95.42
2025-03-13 06:00:00,95.67
2025-03-13 07:00:00,92.88
2025-03-13 08:00:00,93.06
2025-03-13 09:00:00,93.07
2025-03-13 10:00:00,99.13
2025-03-13 11:00:00,96.23
2025-03-13 12:00:00,87.49
2025-03-13 13:00:00,81.9
2025-03-13 14:00:00,82.18
2025-03-13 15:00:00,96.88
2025-03-13 16:00:00,89.47
2025-03-13 17:00:00,82.33
2025-03-13 18:00:00,73.09
2025-03-13 19:00:00,83.95
2025-03-13 20:00:00,80.57
2025-03-13 21:00:00,88.81
2025-03-13 22:00:00,86.99
2025-03-13 23:00:00,83.19
2025-03-14 00:00:00,87.95
2025-03-14 01:00:00,82.97
2025-03-14 02:00:00,73.7
2025-03-14 03:00:00,75.91
2025-03-14 04:00:00,74.32
2025-03-14 05:00:00,94.85
2025-03-14 06:00:00,93.72
2025-03-14 07:00:00,88.48
2025-03-14 08:00:00,88.18
2025-03-14 09:00:00,92.51
2025-03-14 10:00:00,97.62
2025-03-14 11:00:00,97.17
2025-03-14 12:00:00,94.53
2025-03-14 13:00:00,50.97
2025-03-14 14:00:00,93.84
2025-03-14 15:00:00,62.48
2025-03-14 16:00:00,48.37
2025-03-14 17:00:00,36.98
2025-03-14 18:00:00,24.27
2025-03-14 19:00:00,28.42
2025-03-14 20:00:00,38.88
2025-03-14 21:00:00,67.52
2025-03-14 22:00:00,67.67
2025-03-14 23:00:00,57.81
2025-03-15 00:00:00,54.62
2025-03-15 01:00:00,50.29
2025-03-15 02:00:00,61.75
2025-03-15 03:00:00,53.12
2025-03-15 04:00:00,49.52
2025-03-15 05:00:00,46.65
2025-03-15 06:00:00,57.89
2025-03-15 07:00:00,68.63
2025-03-15 08:00:00,80.93
2025-03-15 09:00:00,88.78
2025-03-15 10:00:00,93.82
2025-03-15 11:00:00,94.61
2025-03-15 12:00:00,53.54
2025-03-15 13:00:00,90.31
2025-03-15 14:00:00,79.04
2025-03-15 15:00:00,69.02
2025-03-15 16:00:00,63.33
2025-03-15 17:00:00,58.35
2025-03-15 18:00:00,55.42
2025-03-15 19:00:00,51.77
2025-03-15 20:00:00,64.95
2025-03-15 21:00:00,76.59
2025-03-15 22:00:00,62.1
2025-03-15 23:00:00,57.11
2025-03-16 00:00:00,58.82
2025-03-16 01:00:00,51.47
2025-03-16 02:00:00,66.13
2025-03-16 03:00:00,45.75
2025-03-16 04:00:00,29.33
2025-03-16 05:00:00,44.03
2025-03-16 06:00:00,60.39
2025-03-16 07:00:00,74.03
2025-03-16 08:00:00,86.97
2025-03-16 09:00:00,86.45
2025-03-16 10:00:00,86.59
2025-03-16 11:00:00,69.29
2025-03-16 12:00:00,38.33
2025-03-16 13:00:00,42.14
2025-03-16 14:00:00,44.58
2025-03-16 15:00:00,76.79
2025-03-16 16:00:00,74.67
2025-03-16 17:00:00,75.53
2025-03-16 18:00:00,74.57
2025-03-16 19:00:00,54.87
2025-03-16 20:00:00,33.12
2025-03-16 21:00:00,23.6
2025-03-16 22:00:00,15.44
2025-03-16 23:00:00,21.99
2025-03-17 00:00:00,19.55
2025-03-17 01:00:00,11.64
2025-03-17 02:00:00,12.95
2025-03-17 03:00:00,11.33
2025-03-17 04:00:00,11.33
2025-03-17 05:00:00,10.56
2025-03-17 06:00:00,6.35
2025-03-17 07:00:00,4.14
2025-03-17 08:00:00,0.88
2025-03-17 09:00:00,22.01
2025-03-17 10:00:00,22.61
2025-03-17 11:00:00,7.37
2025-03-17 12:00:00,16.11
2025-03-17 13:00:00,35.44
2025-03-17 14:00:00,51.89
2025-03-17 15:00:00,72.48
2025-03-17 16:00:00,61.42
2025-03-17 17:00:00,51.11
2025-03-17 18:00:00,43.27
2025-03-17 19:00:00,45.19
2025-03-17 20:00:00,38.01
2025-03-17 21:00:00,34.29
2025-03-17 22:00:00,12.15
2025-03-17 23:00:00,10.56
2025-03-18 00:00:00,5.19
2025-03-18 01:00:00,4.96
2025-03-18 02:00:00,5.18
2025-03-18 03:00:00,8.06
2025-03-18 04:00:00,6.44
2025-03-18 05:00:00,3.28
2025-03-18 06:00:00,3.55
2025-03-18 07:00:00,3.83
2025-03-18 08:00:00,4.1
2025-03-18 09:00:00,8.28
2025-03-18 10:00:00,19.51
2025-03-18 11:00:00,15.67
2025-03-18 12:00:00,28.93
2025-03-18 13:00:00,12.95
2025-03-18 14:00:00,83.75
2025-03-18 15:00:00,51.03
2025-03-18 16:00:00,36.9
2025-03-18 17:00:00,22.32
2025-03-18 18:00:00,12.22
2025-03-18 19:00:00,13.05
2025-03-18 20:00:00,11.42
2025-03-18 21:00:00,9.79
2025-03-18 22:00:00,11.41
2025-03-18 23:00:00,8.95
2025-03-19 00:00:00,4.1
2025-03-19 01:00:00,4.1
2025-03-19 02:00:00,3.03
2025-03-19 03:00:00,4.92
2025-03-19 04:00:00,4.92
2025-03-19 05:00:00,8.13
2025-03-19 06:00:00,5.05
2025-03-19 07:00:00,4.87
2025-03-19 08:00:00,3.77
2025-03-19 09:00:00,2.3
2025-03-19 10:00:00,0.82
2025-03-19 11:00:00,6.88
2025-03-19 12:00:00,13.44
2025-03-19 13:00:00,13.26
2025-03-19 14:00:00,14.04
2025-03-19 15:00:00,20.46
2025-03-19 16:00:00,15.86
2025-03-19 17:00:00,11.48
2025-03-19 18:00:00,7.28
2025-03-19 19:00:00,8.92
2025-03-19 20:00:00,10.55
2025-03-19 21:00:00,22.82
2025-03-19 22:00:00,12.21
2025-03-19 23:00:00,7.28
2025-03-20 00:00:00,4.92
2025-03-20 01:00:00,2.21
2025-03-20 02:00:00,7.29
2025-03-20 03:00:00,8.11
2025-03-20 04:00:00,10.56
2025-03-20 05:00:00,13.07
2025-03-20 06:00:00,18.64
2025-03-20 07:00:00,25.34
2025-03-20 08:00:00,32.21
2025-03-20 09:00:00,47.81
2025-03-20 10:00:00,31.99
2025-03-20 11:00:00,19.73
2025-03-20 12:00:00,75.11
2025-03-20 13:00:00,70.41
2025-03-20 14:00:00,91.08
2025-03-20 15:00:00,75.9
2025-03-20 16:00:00,62.37
2025-03-20 17:00:00,49.8
2025-03-20 18:00:00,36.15
2025-03-20 19:00:00,32.54
2025-03-20 20:00:00,35.11
2025-03-20 21:00:00,39.18
2025-03-20 22:00:00,38.4
2025-03-20 23:00:00,33.28
2025-03-21 00:00:00,34.41
2025-03-21 01:00:00,19.64
2025-03-21 02:00:00,39.23
2025-03-21 03:00:00,36.65
2025-03-21 04:00:00,82.56
2025-03-21 05:00:00,99.68
2025-03-21 06:00:00,99.07
2025-03-21 07:00:00,98.25
2025-03-21 08:00:00,99.05
2025-03-21 09:00:00,99.02
2025-03-21 10:00:00,99.56
2025-03-21 11:00:00,99.06
2025-03-21 12:00:00,99.91
2025-03-21 13:00:00,100.0
2025-03-21 14:00:00,99.68
2025-03-21 15:00:00,100.0
2025-03-21 16:00:00,99.86
2025-03-21 17:00:00,100.0
2025-03-21 18:00:00,99.58
2025-03-21 19:00:00,99.61
2025-03-21 20:00:00,99.24
2025-03-21 21:00:00,99.65
2025-03-21 22:00:00,99.73
2025-03-21 23:00:00,99.56
2025-03-22 00:00:00,99.7
2025-03-22 01:00:00,99.39
2025-03-22 02:00:00,97.63
2025-03-22 03:00:00,98.94
2025-03-22 04:00:00,99.12
2025-03-22 05:00:00,92.63
2025-03-22 06:00:00,94.62
2025-03-22 07:00:00,98.48
2025-03-22 08:00:00,100.0
2025-03-22 09:00:00,100.0
2025-03-22 10:00:00,99.78
2025-03-22 11:00:00,99.54
2025-03-22 12:00:00,99.71
2025-03-22 13:00:00,100.0
2025-03-22 14:00:00,100.0
2025-03-22 15:00:00,100.0
2025-03-22 16:00:00,99.55
2025-03-22 17:00:00,99.86
2025-03-22 18:00:00,98.65
2025-03-22 19:00:00,98.62
2025-03-22 20:00:00,94.75
2025-03-22 21:00:00,88.98
2025-03-22 22:00:00,99.89
2025-03-22 23:00:00,99.96
2025-03-23 00:00:00,94.27
2025-03-23 01:00:00,97.98
2025-03-23 02:00:00,93.27
2025-03-23 03:00:00,99.82
2025-03-23 04:00:00,99.63
2025-03-23 05:00:00,81.01
2025-03-23 06:00:00,54.76
2025-03-23 07:00:00,32.07
2025-03-23 08:00:00,1.68
2025-03-23 09:00:00,13.75
2025-03-23 10:00:00,68.76
2025-03-23 11:00:00,61.4
2025-03-23 12:00:00,62.07
2025-03-23 13:00:00,45.78
2025-03-23 14:00:00,23.09
2025-03-23 15:00:00,24.52
2025-03-23 16:00:00,33.98
2025-03-23 17:00:00,48.74
2025-03-23 18:00:00,62.94
2025-03-23 19:00:00,53.86
2025-03-23 20:00:00,36.16
2025-03-23 21:00:00,42.39
2025-03-23 22:00:00,41.85
2025-03-23 23:00:00,43.28
2025-03-24 00:00:00,47.33
2025-03-24 01:00:00,54.7
2025-03-24 02:00:00,17.76
2025-03-24 03:00:00,55.54
2025-03-24 04:00:00,30.95
2025-03-24 05:00:00,18.67
2025-03-24 06:00:00,10.77
2025-03-24 07:00:00,2.69
2025-03-24 08:00:00,0.82
2025-03-24 09:00:00,2.46
2025-03-24 10:00:00,4.1
2025-03-24 11:00:00,3.28
2025-03-24 12:00:00,8.83
2025-03-24 13:00:00,8.89
2025-03-24 14:00:00,14.24
2025-03-24 15:00:00,16.08
2025-03-24 16:00:00,16.82
2025-03-24 17:00:00,18.12
2025-03-24 18:00:00,19.37
2025-03-24 19:00:00,24.28
2025-03-24 20:00:00,24.36
2025-03-24 21:00:00,11.4
2025-03-24 22:00:00,8.93
2025-03-24 23:00:00,6.4
2025-03-25 00:00:00,5.59
2025-03-25 01:00:00,1.55
2025-03-25 02:00:00,5.56
2025-03-25 03:00:00,4.92
2025-03-25 04:00:00,6.38
2025-03-25 05:00:00,11.35
2025-03-25 06:00:00,8.68
2025-03-25 07:00:00,7.41
2025-03-25 08:00:00,5.92
2025-03-25 09:00:00,4.92
2025-03-25 10:00:00,3.28
2025-03-25 11:00:00,1.64
2025-03-25 12:00:00,1.64
2025-03-25 13:00:00,1.87
2025-03-25 14:00:00,2.46
2025-03-25 15:00:00,3.28
2025-03-25 16:00:00,5.66
2025-03-25 17:00:00,8.12
2025-03-25 18:00:00,10.53
2025-03-25 19:00:00,11.38
2025-03-25 20:00:00,5.62
2025-03-25 21:00:00,5.62
2025-03-25 22:00:00,6.45
2025-03-25 23:00:00,5.63
2025-03-26 00:00:00,5.63
2025-03-26 01:00:00,1.27
2025-03-26 02:00:00,5.62
2025-03-26 03:00:00,4.1
2025-03-26 04:00:00,6.45
2025-03-26 05:00:00,8.96
2025-03-26 06:00:00,4.31
2025-03-26 07:00:00,4.92
2025-03-26 08:00:00,2.87
2025-03-26 09:00:00,0.82
2025-03-26 10:00:00,0.82
2025-03-26 11:00:00,0.82
2025-03-26 12:00:00,3.51
2025-03-26 13:00:00,3.28
2025-03-26 14:00:00,3.28
2025-03-26 15:00:00,4.13
2025-03-26 16:00:00,7.85
2025-03-26 17:00:00,11.67
2025-03-26 18:00:00,15.44
2025-03-26 19:00:00,32.89
2025-03-26 20:00:00,20.24
2025-03-26 21:00:00,21.17
2025-03-26 22:00:00,15.44
2025-03-26 23:00:00,13.76
2025-03-27 00:00:00,16.19
2025-03-27 01:00:00,3.9
2025-03-27 02:00:00,27.65
2025-03-27 03:00:00,28.49
2025-03-27 04:00:00,34.96
2025-03-27 05:00:00,50.38
2025-03-27 06:00:00,64.16
2025-03-27 07:00:00,77.23
2025-03-27 08:00:00,91.14
2025-03-27 09:00:00,91.16
2025-03-27 10:00:00,93.9
2025-03-27 11:00:00,83.95
2025-03-27 12:00:00,39.65
2025-03-27 13:00:00,97.15
2025-03-27 14:00:00,98.51
2025-03-27 15:00:00,99.11
2025-03-27 16:00:00,97.95
2025-03-27 17:00:00,97.35
2025-03-27 18:00:00,98.35
2025-03-27 19:00:00,99.1
2025-03-27 20:00:00,97.99
2025-03-27 21:00:00,96.33
2025-03-27 22:00:00,94.71
2025-03-27 23:00:00,85.84
2025-03-28 00:00:00,52.88
2025-03-28 01:00:00,52.03
2025-03-28 02:00:00,34.35
2025-03-28 03:00:00,44.99
2025-03-28 04:00:00,72.54
2025-03-28 05:00:00,86.41
2025-03-28 06:00:00,83.84
2025-03-28 07:00:00,85.34
2025-03-28 08:00:00,87.82
2025-03-28 09:00:00,92.04
2025-03-28 10:00:00,92.11
2025-03-28 11:00:00,77.01
2025-03-28 12:00:00,66.75
2025-03-28 13:00:00,45.9
2025-03-28 14:00:00,58.36
2025-03-28 15:00:00,84.23
2025-03-28 16:00:00,73.29
2025-03-28 17:00:00,64.92
2025-03-28 18:00:00,58.36
2025-03-28 19:00:00,64.91
2025-03-28 20:00:00,64.77
2025-03-28 21:00:00,56.87
2025-03-28 22:00:00,50.68
2025-03-28 23:00:00,62.17
2025-03-29 00:00:00,68.35
2025-03-29 01:00:00,79.8
2025-03-29 02:00:00,51.78
2025-03-29 03:00:00,87.93
2025-03-29 04:00:00,87.49
2025-03-29 05:00:00,86.53
2025-03-29 06:00:00,88.99
2025-03-29 07:00:00,93.81
2025-03-29 08:00:00,98.15
2025-03-29 09:00:00,96.49
2025-03-29 10:00:00,85.57
2025-03-29 11:00:00,67.21
2025-03-29 12:00:00,64.3
2025-03-29 13:00:00,21.04
2025-03-29 14:00:00,57.65
2025-03-29 15:00:00,76.41
2025-03-29 16:00:00,62.47
2025-03-29 17:00:00,47.67
2025-03-29 18:00:00,36.57
2025-03-29 19:00:00,41.92
2025-03-29 20:00:00,49.4
2025-03-29 21:00:00,38.08
2025-03-29 22:00:00,39.26
2025-03-29 23:00:00,41.68
2025-03-30 00:00:00,35.93
2025-03-30 01:00:00,12.07
2025-03-30 02:00:00,25.47
2025-03-30 03:00:00,26.19
2025-03-30 04:00:00,35.72
2025-03-30 05:00:00,33.3
2025-03-30 06:00:00,14.23
2025-03-30 07:00:00,14.14
2025-03-30 08:00:00,1.92
2025-03-30 09:00:00,6.2
2025-03-30 10:00:00,7.85
2025-03-30 11:00:00,12.57
2025-03-30 12:00:00,18.47
2025-03-30 13:00:00,14.07
2025-03-30 14:00:00,41.87
2025-03-30 15:00:00,52.5
2025-03-30 16:00:00,39.12
2025-03-30 17:00:00,25.02
2025-03-30 18:00:00,12.13
2025-03-30 19:00:00,11.34
2025-03-30 20:00:00,9.72
2025-03-30 21:00:00,7.31
2025-03-30 22:00:00,8.09
2025-03-30 23:00:00,7.27
2025-03-31 00:00:00,8.98
2025-03-31 01:00:00,0.74
2025-03-31 02:00:00,8.96
2025-03-31 03:00:00,10.61
2025-03-31 04:00:00,12.25
2025-03-31 05:00:00,13.88
2025-03-31 06:00:00,14.35
2025-03-31 07:00:00,10.48
2025-03-31 08:00:00,15.28
2025-03-31 09:00:00,17.17
2025-03-31 10:00:00,10.67
2025-03-31 11:00:00,10.17
2025-03-31 12:00:00,4.58
2025-03-31 13:00:00,16.69
2025-03-31 14:00:00,57.13
2025-03-31 15:00:00,75.25
2025-03-31 16:00:00,58.7
2025-03-31 17:00:00,41.17
2025-03-31 18:00:00,31.82
2025-03-31 19:00:00,32.44
2025-03-31 20:00:00,28.64
2025-03-31 21:00:00,28.05
2025-03-31 22:00:00,19.62
2025-03-31 23:00:00,15.55
2025-04-01 00:00:00,14.77
2025-04-01 01:00:00,3.42
2025-04-01 02:00:00,9.04
2025-04-01 03:00:00,7.4
2025-04-01 04:00:00,8.2
2025-04-01 05:00:00,8.2
2025-04-01 06:00:00,3.18
2025-04-01 07:00:00,4.77
2025-04-01 08:00:00,5.43
2025-04-01 09:00:00,0.82
2025-04-01 10:00:00,0.82
2025-04-01 11:00:00,2.46
2025-04-01 12:00:00,12.48
2025-04-01 13:00:00,30.48
2025-04-01 14:00:00,49.26
2025-04-01 15:00:00,44.15
2025-04-01 16:00:00,44.41
2025-04-01 17:00:00,45.33
2025-04-01 18:00:00,49.85
2025-04-01 19:00:00,53.61
2025-04-01 20:00:00,46.47
2025-04-01 21:00:00,31.89
2025-04-01 22:00:00,17.16
2025-04-01 23:00:00,17.12
2025-04-02 00:00:00,20.41
2025-04-02 01:00:00,10.33
2025-04-02 02:00:00,22.81
2025-04-02 03:00:00,38.3
2025-04-02 04:00:00,30.52
2025-04-02 05:00:00,38.22
2025-04-02 06:00:00,34.09
2025-04-02 07:00:00,30.7
2025-04-02 08:00:00,32.8
2025-04-02 09:00:00,15.15
2025-04-02 10:00:00,4.92
2025-04-02 11:00:00,3.28
2025-04-02 12:00:00,31.41
2025-04-02 13:00:00,30.77
2025-04-02 14:00:00,61.97
2025-04-02 15:00:00,62.38
2025-04-02 16:00:00,61.46
2025-04-02 17:00:00,63.49
2025-04-02 18:00:00,65.8
2025-04-02 19:00:00,54.61
2025-04-02 20:00:00,52.94
2025-04-02 21:00:00,52.5
2025-04-02 22:00:00,60.94
2025-04-02 23:00:00,53.95
2025-04-03 00:00:00,93.97
2025-04-03 01:00:00,75.47
2025-04-03 02:00:00,56.98
2025-04-03 03:00:00,70.22
2025-04-03 04:00:00,44.54
2025-04-03 05:00:00,37.05
2025-04-03 06:00:00,24.82
2025-04-03 07:00:00,14.95
2025-04-03 08:00:00,4.1
2025-04-03 09:00:00,10.79
2025-04-03 10:00:00,19.96
2025-04-03 11:00:00,33.58
2025-04-03 12:00:00,17.85
2025-04-03 13:00:00,21.36
2025-04-03 14:00:00,18.2
2025-04-03 15:00:00,14.66
2025-04-03 16:00:00,9.96
2025-04-03 17:00:00,12.16
2025-04-03 18:00:00,15.4
2025-04-03 19:00:00,21.2
2025-04-03 20:00:00,8.93
2025-04-03 21:00:00,11.37
2025-04-03 22:00:00,26.06
2025-04-03 23:00:00,30.15
2025-04-04 00:00:00,66.91
2025-04-04 01:00:00,68.89
2025-04-04 02:00:00,18.67
2025-04-04 03:00:00,49.12
2025-04-04 04:00:00,42.81
2025-04-04 05:00:00,99.86
2025-04-04 06:00:00,76.57
2025-04-04 07:00:00,57.98
2025-04-04 08:00:00,41.97
2025-04-04 09:00:00,58.78
2025-04-04 10:00:00,99.58
2025-04-04 11:00:00,99.1
2025-04-04 12:00:00,99.42
2025-04-04 13:00:00,98.34
2025-04-04 14:00:00,99.21
2025-04-04 15:00:00,99.27
2025-04-04 16:00:00,89.1
2025-04-04 17:00:00,80.34
2025-04-04 18:00:00,71.98
2025-04-04 19:00:00,93.04
2025-04-04 20:00:00,77.65
2025-04-04 21:00:00,64.65
2025-04-04 22:00:00,9.77
2025-04-04 23:00:00,8.1
2025-04-05 00:00:00,13.01
2025-04-05 01:00:00,0.8
2025-04-05 02:00:00,15.48
2025-04-05 03:00:00,18.76
2025-04-05 04:00:00,48.15
2025-04-05 05:00:00,73.63
2025-04-05 06:00:00,55.95
2025-04-05 07:00:00,41.83
2025-04-05 08:00:00,31.21
2025-04-05 09:00:00,9.76
2025-04-05 10:00:00,17.6
2025-04-05 11:00:00,9.06
2025-04-05 12:00:00,10.89
2025-04-05 13:00:00,3.56
2025-04-05 14:00:00,34.12
2025-04-05 15:00:00,41.31
2025-04-05 16:00:00,40.63
2025-04-05 17:00:00,40.99
2025-04-05 18:00:00,41.06
2025-04-05 19:00:00,29.37
2025-04-05 20:00:00,33.67
2025-04-05 21:00:00,37.92
2025-04-05 22:00:00,33.85
2025-04-05 23:00:00,32.49
2025-04-06 00:00:00,35.28
2025-04-06 01:00:00,20.21
2025-04-06 02:00:00,35.92
2025-04-06 03:00:00,33.45
2025-04-06 04:00:00,28.72
2025-04-06 05:00:00,44.89
2025-04-06 06:00:00,59.57
2025-04-06 07:00:00,74.59
2025-04-06 08:00:00,88.36
2025-04-06 09:00:00,91.81
2025-04-06 10:00:00,86.85
2025-04-06 11:00:00,83.36
2025-04-06 12:00:00,39.08
2025-04-06 13:00:00,89.38
2025-04-06 14:00:00,73.56
2025-04-06 15:00:00,76.16
2025-04-06 16:00:00,81.79
2025-04-06 17:00:00,90.39
2025-04-06 18:00:00,99.78
2025-04-06 19:00:00,94.8
2025-04-06 20:00:00,89.92
2025-04-06 21:00:00,93.05
2025-04-06 22:00:00,98.91
2025-04-06 23:00:00,96.73
2025-04-07 00:00:00,100.0
2025-04-07 01:00:00,99.6
2025-04-07 02:00:00,100.0
2025-04-07 03:00:00,99.83
2025-04-07 04:00:00,99.12
2025-04-07 05:00:00,99.21
2025-04-07 06:00:00,93.09
2025-04-07 07:00:00,87.64
2025-04-07 08:00:00,82.44
2025-04-07 09:00:00,29.18
2025-04-07 10:00:00,8.91
2025-04-07 11:00:00,8.22
2025-04-07 12:00:00,29.74
2025-04-07 13:00:00,10.97
2025-04-07 14:00:00,14.77
2025-04-07 15:00:00,20.02
2025-04-07 16:00:00,32.32
2025-04-07 17:00:00,48.8
2025-04-07 18:00:00,66.48
2025-04-07 19:00:00,47.56
2025-04-07 20:00:00,51.68
2025-04-07 21:00:00,45.49
2025-04-07 22:00:00,32.76
2025-04-07 23:00:00,26.21
2025-04-08 00:00:00,6.78
2025-04-08 01:00:00,24.56
2025-04-08 02:00:00,23.43
2025-04-08 03:00:00,25.38
2025-04-08 04:00:00,26.19
2025-04-08 05:00:00,21.29
2025-04-08 06:00:00,14.61
2025-04-08 07:00:00,7.07
2025-04-08 08:00:00,6.62
2025-04-08 09:00:00,4.1
2025-04-08 10:00:00,2.46
2025-04-08 11:00:00,4.1
2025-04-08 12:00:00,38.73
2025-04-08 13:00:00,17.01
2025-04-08 14:00:00,17.69
2025-04-08 15:00:00,12.49
2025-04-08 16:00:00,16.92
2025-04-08 17:00:00,29.53
2025-04-08 18:00:00,41.28
2025-04-08 19:00:00,83.18
2025-04-08 20:00:00,68.64
2025-04-08 21:00:00,71.4
2025-04-08 22:00:00,63.91
2025-04-08 23:00:00,54.51
2025-04-09 00:00:00,65.42
2025-04-09 01:00:00,67.73
2025-04-09 02:00:00,63.17
2025-04-09 03:00:00,80.51
2025-04-09 04:00:00,97.76
2025-04-09 05:00:00,99.53
2025-04-09 06:00:00,99.59
2025-04-09 07:00:00,99.8
2025-04-09 08:00:00,97.16
2025-04-09 09:00:00,100.0
2025-04-09 10:00:00,100.0
2025-04-09 11:00:00,99.0
2025-04-09 12:00:00,92.66
2025-04-09 13:00:00,41.79
2025-04-09 14:00:00,88.5
2025-04-09 15:00:00,87.07
2025-04-09 16:00:00,88.81
2025-04-09 17:00:00,91.95
2025-04-09 18:00:00,95.5
2025-04-09 19:00:00,85.13
2025-04-09 20:00:00,31.82
2025-04-09 21:00:00,18.71
2025-04-09 22:00:00,17.79
2025-04-09 23:00:00,29.19
2025-04-10 00:00:00,33.92
2025-04-10 01:00:00,37.66
2025-04-10 02:00:00,31.01
2025-04-10 03:00:00,22.82
2025-04-10 04:00:00,17.2
2025-04-10 05:00:00,27.02
2025-04-10 06:00:00,35.46
2025-04-10 07:00:00,47.34
2025-04-10 08:00:00,58.9
2025-04-10 09:00:00,91.64
2025-04-10 10:00:00,98.17
2025-04-10 11:00:00,100.0
2025-04-10 12:00:00,100.0
2025-04-10 13:00:00,99.99
2025-04-10 14:00:00,100.0
2025-04-10 15:00:00,100.0
2025-04-10 16:00:00,97.64
2025-04-10 17:00:00,93.62
2025-04-10 18:00:00,89.73
2025-04-10 19:00:00,99.42
2025-04-10 20:00:00,99.3
2025-04-10 21:00:00,99.33
2025-04-10 22:00:00,99.59
2025-04-10 23:00:00,99.34
2025-04-11 00:00:00,99.57
2025-04-11 01:00:00,100.0
2025-04-11 02:00:00,99.96
2025-04-11 03:00:00,99.64
2025-04-11 04:00:00,99.72
2025-04-11 05:00:00,100.0
2025-04-11 06:00:00,96.59
2025-04-11 07:00:00,98.04
2025-04-11 08:00:00,97.77
2025-04-11 09:00:00,97.57
2025-04-11 10:00:00,99.58
2025-04-11 11:00:00,98.33
2025-04-11 12:00:00,97.68
2025-04-11 13:00:00,98.68
2025-04-11 14:00:00,99.23
2025-04-11 15:00:00,99.29
2025-04-11 16:00:00,98.63
2025-04-11 17:00:00,99.14
2025-04-11 18:00:00,99.37
2025-04-11 19:00:00,99.31
2025-04-11 20:00:00,99.43
2025-04-11 21:00:00,99.57
2025-04-11 22:00:00,99.48
2025-04-11 23:00:00,96.32
2025-04-12 00:00:00,76.54
2025-04-12 01:00:00,41.38
2025-04-12 02:00:00,79.11
2025-04-12 03:00:00,78.26
2025-04-12 04:00:00,68.47
2025-04-12 05:00:00,51.46
2025-04-12 06:00:00,34.65
2025-04-12 07:00:00,20.22
2025-04-12 08:00:00,5.49
2025-04-12 09:00:00,10.13
2025-04-12 10:00:00,38.33
2025-04-12 11:00:00,96.5
2025-04-12 12:00:00,89.23
2025-04-12 13:00:00,57.95
2025-04-12 14:00:00,55.27
2025-04-12 15:00:00,55.13
2025-04-12 16:00:00,51.37
2025-04-12 17:00:00,47.38
2025-04-12 18:00:00,43.84
2025-04-12 19:00:00,48.68
2025-04-12 20:00:00,89.74
2025-04-12 21:00:00,95.48
2025-04-12 22:00:00,99.79
2025-04-12 23:00:00,94.7
2025-04-13 00:00:00,78.15
2025-04-13 01:00:00,90.17
2025-04-13 02:00:00,87.5
2025-04-13 03:00:00,84.94
2025-04-13 04:00:00,92.37
2025-04-13 05:00:00,95.38
2025-04-13 06:00:00,96.68
2025-04-13 07:00:00,98.34
2025-04-13 08:00:00,100.0
2025-04-13 09:00:00,100.0
2025-04-13 10:00:00,99.26
2025-04-13 11:00:00,99.22
2025-04-13 12:00:00,86.01
2025-04-13 13:00:00,22.58
2025-04-13 14:00:00,15.5
2025-04-13 15:00:00,4.1
2025-04-13 16:00:00,12.53
2025-04-13 17:00:00,12.92
2025-04-13 18:00:00,21.31
2025-04-13 19:00:00,63.65
2025-04-13 20:00:00,98.68
2025-04-13 21:00:00,99.63
2025-04-13 22:00:00,99.75
2025-04-13 23:00:00,98.07
2025-04-14 00:00:00,98.9
2025-04-14 01:00:00,88.25
2025-04-14 02:00:00,72.25
2025-04-14 03:00:00,98.68
2025-04-14 04:00:00,99.53
2025-04-14 05:00:00,100.0
2025-04-14 06:00:00,98.93
2025-04-14 07:00:00,99.37
2025-04-14 08:00:00,99.46
2025-04-14 09:00:00,99.5
2025-04-14 10:00:00,99.23
2025-04-14 11:00:00,98.77
2025-04-14 12:00:00,98.71
2025-04-14 13:00:00,94.17
2025-04-14 14:00:00,94.54
2025-04-14 15:00:00,88.04
2025-04-14 16:00:00,91.25
2025-04-14 17:00:00,94.27
2025-04-14 18:00:00,99.18
2025-04-14 19:00:00,94.72
2025-04-14 20:00:00,93.22
2025-04-14 21:00:00,99.31
2025-04-14 22:00:00,99.49
2025-04-14 23:00:00,99.82
2025-04-15 00:00:00,99.8
2025-04-15 01:00:00,94.98
2025-04-15 02:00:00,99.88
2025-04-15 03:00:00,99.16
2025-04-15 04:00:00,99.74
2025-04-15 05:00:00,100.0
2025-04-15 06:00:00,100.0
2025-04-15 07:00:00,99.12
2025-04-15 08:00:00,99.1
2025-04-15 09:00:00,98.7
2025-04-15 10:00:00,100.0
2025-04-15 11:00:00,98.7
2025-04-15 12:00:00,98.91
2025-04-15 13:00:00,70.76
2025-04-15 14:00:00,83.16
2025-04-15 15:00:00,81.76
2025-04-15 16:00:00,72.43
2025-04-15 17:00:00,61.89
2025-04-15 18:00:00,49.38
2025-04-15 19:00:00,26.87
2025-04-15 20:00:00,84.76
2025-04-15 21:00:00,45.19
2025-04-15 22:00:00,38.28
2025-04-15 23:00:00,60.14
2025-04-16 00:00:00,96.42
2025-04-16 01:00:00,87.17
2025-04-16 02:00:00,97.06
2025-04-16 03:00:00,83.74
2025-04-16 04:00:00,83.99
2025-04-16 05:00:00,68.28
2025-04-16 06:00:00,46.86
2025-04-16 07:00:00,30.37
2025-04-16 08:00:00,21.93
2025-04-16 09:00:00,23.02
2025-04-16 10:00:00,11.87
2025-04-16 11:00:00,9.89
2025-04-16 12:00:00,47.6
2025-04-16 13:00:00,74.96
2025-04-16 14:00:00,80.33
2025-04-16 15:00:00,66.21
2025-04-16 16:00:00,76.2
2025-04-16 17:00:00,86.65
2025-04-16 18:00:00,99.3
2025-04-16 19:00:00,99.46
2025-04-16 20:00:00,88.67
2025-04-16 21:00:00,91.79
2025-04-16 22:00:00,85.3
2025-04-16 23:00:00,85.35
2025-04-17 00:00:00,76.93
2025-04-17 01:00:00,74.28
2025-04-17 02:00:00,77.85
2025-04-17 03:00:00,82.92
2025-04-17 04:00:00,82.88
2025-04-17 05:00:00,86.18
2025-04-17 06:00:00,90.9
2025-04-17 07:00:00,95.8
2025-04-17 08:00:00,99.96
2025-04-17 09:00:00,97.36
2025-04-17 10:00:00,97.8
2025-04-17 11:00:00,93.97
2025-04-17 12:00:00,99.58
2025-04-17 13:00:00,100.0
2025-04-17 14:00:00,97.84
2025-04-17 15:00:00,85.81
2025-04-17 16:00:00,87.47
2025-04-17 17:00:00,88.88
2025-04-17 18:00:00,90.1
2025-04-17 19:00:00,87.54
2025-04-17 20:00:00,67.65
2025-04-17 21:00:00,54.19
2025-04-17 22:00:00,9.8
2025-04-17 23:00:00,16.36
2025-04-18 00:00:00,95.82
2025-04-18 01:00:00,90.46
2025-04-18 02:00:00,95.59
2025-04-18 03:00:00,98.72
2025-04-18 04:00:00,92.2
2025-04-18 05:00:00,91.41
2025-04-18 06:00:00,89.92
2025-04-18 07:00:00,89.0
2025-04-18 08:00:00,88.78
2025-04-18 09:00:00,82.0
2025-04-18 10:00:00,89.22
2025-04-18 11:00:00,45.26
2025-04-18 12:00:00,69.06
2025-04-18 13:00:00,96.2
2025-04-18 14:00:00,99.23
2025-04-18 15:00:00,99.03
2025-04-18 16:00:00,99.71
2025-04-18 17:00:00,99.89
2025-04-18 18:00:00,99.4
2025-04-18 19:00:00,99.51
2025-04-18 20:00:00,99.38
2025-04-18 21:00:00,99.27
2025-04-18 22:00:00,99.34
2025-04-18 23:00:00,99.35
2025-04-19 00:00:00,99.41
2025-04-19 01:00:00,99.39
2025-04-19 02:00:00,94.04
2025-04-19 03:00:00,98.13
2025-04-19 04:00:00,98.12
2025-04-19 05:00:00,80.09
2025-04-19 06:00:00,60.75
2025-04-19 07:00:00,40.46
2025-04-19 08:00:00,27.27
2025-04-19 09:00:00,37.56
2025-04-19 10:00:00,51.02
2025-04-19 11:00:00,60.57
2025-04-19 12:00:00,15.99
2025-04-19 13:00:00,11.94
2025-04-19 14:00:00,44.97
2025-04-19 15:00:00,29.3
2025-04-19 16:00:00,49.57
2025-04-19 17:00:00,69.8
2025-04-19 18:00:00,93.14
2025-04-19 19:00:00,91.56
2025-04-19 20:00:00,97.27
2025-04-19 21:00:00,96.49
2025-04-19 22:00:00,93.68
2025-04-19 23:00:00,93.47
2025-04-20 00:00:00,98.34
2025-04-20 01:00:00,99.43
2025-04-20 02:00:00,91.95
2025-04-20 03:00:00,99.44
2025-04-20 04:00:00,99.48
2025-04-20 05:00:00,83.87
2025-04-20 06:00:00,59.13
2025-04-20 07:00:00,47.15
2025-04-20 08:00:00,31.57
2025-04-20 09:00:00,20.1
2025-04-20 10:00:00,33.9
2025-04-20 11:00:00,38.07
2025-04-20 12:00:00,54.58
2025-04-20 13:00:00,53.89
2025-04-20 14:00:00,90.57
2025-04-20 15:00:00,97.46
2025-04-20 16:00:00,89.69
2025-04-20 17:00:00,81.88
2025-04-20 18:00:00,74.91
2025-04-20 19:00:00,82.51
2025-04-20 20:00:00,87.21
2025-04-20 21:00:00,75.67
2025-04-20 22:00:00,88.68
2025-04-20 23:00:00,83.26
2025-04-21 00:00:00,74.07
2025-04-21 01:00:00,77.03
2025-04-21 02:00:00,80.61
2025-04-21 03:00:00,69.25
2025-04-21 04:00:00,71.84
2025-04-21 05:00:00,78.21
2025-04-21 06:00:00,85.82
2025-04-21 07:00:00,91.59
2025-04-21 08:00:00,97.82
2025-04-21 09:00:00,98.79
2025-04-21 10:00:00,94.55
2025-04-21 11:00:00,89.8
2025-04-21 12:00:00,98.38
2025-04-21 13:00:00,75.12
2025-04-21 14:00:00,99.19
2025-04-21 15:00:00,99.15
2025-04-21 16:00:00,87.17
2025-04-21 17:00:00,77.81
2025-04-21 18:00:00,67.67
2025-04-21 19:00:00,85.45
2025-04-21 20:00:00,80.65
2025-04-21 21:00:00,93.03
2025-04-21 22:00:00,90.57
2025-04-21 23:00:00,96.15
2025-04-22 00:00:00,99.42
2025-04-22 01:00:00,99.32
2025-04-22 02:00:00,99.6
2025-04-22 03:00:00,99.65
2025-04-22 04:00:00,99.6
2025-04-22 05:00:00,99.39
2025-04-22 06:00:00,97.61
2025-04-22 07:00:00,97.44
2025-04-22 08:00:00,95.18
2025-04-22 09:00:00,95.46
2025-04-22 10:00:00,98.06
2025-04-22 11:00:00,98.12
2025-04-22 12:00:00,96.73
2025-04-22 13:00:00,98.65
2025-04-22 14:00:00,98.99
2025-04-22 15:00:00,97.75
2025-04-22 16:00:00,97.72
2025-04-22 17:00:00,99.45
2025-04-22 18:00:00,98.68
2025-04-22 19:00:00,98.54
2025-04-22 20:00:00,98.59
2025-04-22 21:00:00,99.04
2025-04-22 22:00:00,99.51
2025-04-22 23:00:00,99.75
2025-04-23 00:00:00,99.25
2025-04-23 01:00:00,100.0
2025-04-23 02:00:00,98.84
2025-04-23 03:00:00,99.32
2025-04-23 04:00:00,99.64
2025-04-23 05:00:00,99.23
2025-04-23 06:00:00,93.97
2025-04-23 07:00:00,96.92
2025-04-23 08:00:00,98.19
2025-04-23 09:00:00,97.16
2025-04-23 10:00:00,98.29
2025-04-23 11:00:00,97.95
2025-04-23 12:00:00,85.66
2025-04-23 13:00:00,97.23
2025-04-23 14:00:00,94.64
2025-04-23 15:00:00,97.25
2025-04-23 16:00:00,98.0
2025-04-23 17:00:00,97.16
2025-04-23 18:00:00,99.78
2025-04-23 19:00:00,99.22
2025-04-23 20:00:00,99.12
2025-04-23 21:00:00,87.24
2025-04-23 22:00:00,64.35
2025-04-23 23:00:00,61.17
2025-04-24 00:00:00,17.15
2025-04-24 01:00:00,56.38
2025-04-24 02:00:00,21.53
2025-04-24 03:00:00,73.39
2025-04-24 04:00:00,66.1
2025-04-24 05:00:00,61.6
2025-04-24 06:00:00,56.94
2025-04-24 07:00:00,55.17
2025-04-24 08:00:00,49.51
2025-04-24 09:00:00,25.47
2025-04-24 10:00:00,23.4
2025-04-24 11:00:00,15.72
2025-04-24 12:00:00,32.54
2025-04-24 13:00:00,17.41
2025-04-24 14:00:00,38.63
2025-04-24 15:00:00,45.08
2025-04-24 16:00:00,53.11
2025-04-24 17:00:00,60.68
2025-04-24 18:00:00,73.2
2025-04-24 19:00:00,84.33
2025-04-24 20:00:00,91.96
2025-04-24 21:00:00,98.78
2025-04-24 22:00:00,92.66
2025-04-24 23:00:00,99.41
2025-04-25 00:00:00,97.63
2025-04-25 01:00:00,92.74
2025-04-25 02:00:00,37.38
2025-04-25 03:00:00,98.57
2025-04-25 04:00:00,92.22
2025-04-25 05:00:00,91.54
2025-04-25 06:00:00,90.61
2025-04-25 07:00:00,92.35
2025-04-25 08:00:00,89.94
2025-04-25 09:00:00,81.35
2025-04-25 10:00:00,85.97
2025-04-25 11:00:00,73.83
2025-04-25 12:00:00,89.87
2025-04-25 13:00:00,15.98
2025-04-25 14:00:00,92.4
2025-04-25 15:00:00,93.87
2025-04-25 16:00:00,92.12
2025-04-25 17:00:00,88.2
2025-04-25 18:00:00,86.77
2025-04-25 19:00:00,87.92
2025-04-25 20:00:00,99.7
2025-04-25 21:00:00,98.81
2025-04-25 22:00:00,99.53
2025-04-25 23:00:00,97.85
2025-04-26 00:00:00,99.11
2025-04-26 01:00:00,32.51
2025-04-26 02:00:00,95.79
2025-04-26 03:00:00,96.01
2025-04-26 04:00:00,82.31
2025-04-26 05:00:00,76.9
2025-04-26 06:00:00,64.87
2025-04-26 07:00:00,65.88
2025-04-26 08:00:00,60.49
2025-04-26 09:00:00,33.21
2025-04-26 10:00:00,22.9
2025-04-26 11:00:00,14.99
2025-04-26 12:00:00,18.03
2025-04-26 13:00:00,14.84
2025-04-26 14:00:00,26.92
2025-04-26 15:00:00,38.12
2025-04-26 16:00:00,45.74
2025-04-26 17:00:00,53.77
2025-04-26 18:00:00,67.48
2025-04-26 19:00:00,80.63
2025-04-26 20:00:00,74.04
2025-04-26 21:00:00,78.49
2025-04-26 22:00:00,93.29
2025-04-26 23:00:00,99.59
2025-04-27 00:00:00,99.6
2025-04-27 01:00:00,100.0
2025-04-27 02:00:00,99.57
2025-04-27 03:00:00,99.29
2025-04-27 04:00:00,99.05
2025-04-27 05:00:00,99.18
2025-04-27 06:00:00,94.73
2025-04-27 07:00:00,92.66
2025-04-27 08:00:00,90.79
2025-04-27 09:00:00,76.48
2025-04-27 10:00:00,27.53
2025-04-27 11:00:00,21.2
2025-04-27 12:00:00,75.11
2025-04-27 13:00:00,99.25
2025-04-27 14:00:00,99.53
2025-04-27 15:00:00,98.95
2025-04-27 16:00:00,98.26
2025-04-27 17:00:00,96.69
2025-04-27 18:00:00,95.55
2025-04-27 19:00:00,99.08
2025-04-27 20:00:00,99.42
2025-04-27 21:00:00,98.84
2025-04-27 22:00:00,99.4
2025-04-27 23:00:00,99.44
2025-04-28 00:00:00,99.28
2025-04-28 01:00:00,99.88
2025-04-28 02:00:00,99.01
2025-04-28 03:00:00,99.35
2025-04-28 04:00:00,99.55
2025-04-28 05:00:00,100.0
2025-04-28 06:00:00,100.0
2025-04-28 07:00:00,100.0
2025-04-28 08:00:00,96.48
2025-04-28 09:00:00,100.0
2025-04-28 10:00:00,98.67
2025-04-28 11:00:00,97.42
2025-04-28 12:00:00,88.56
2025-04-28 13:00:00,75.29
2025-04-28 14:00:00,87.84
2025-04-28 15:00:00,77.43
2025-04-28 16:00:00,81.86
2025-04-28 17:00:00,85.46
2025-04-28 18:00:00,94.5
2025-04-28 19:00:00,99.32
2025-04-28 20:00:00,99.31
2025-04-28 21:00:00,99.48
2025-04-28 22:00:00,99.45
2025-04-28 23:00:00,97.18
2025-04-29 00:00:00,99.75
2025-04-29 01:00:00,99.61
2025-04-29 02:00:00,99.52
2025-04-29 03:00:00,99.87
2025-04-29 04:00:00,100.0
2025-04-29 05:00:00,100.0
2025-04-29 06:00:00,100.0
2025-04-29 07:00:00,100.0
2025-04-29 08:00:00,100.0
2025-04-29 09:00:00,99.72
2025-04-29 10:00:00,99.0
2025-04-29 11:00:00,99.8
2025-04-29 12:00:00,99.87
2025-04-29 13:00:00,89.5
2025-04-29 14:00:00,79.68
2025-04-29 15:00:00,58.7
2025-04-29 16:00:00,65.65
2025-04-29 17:00:00,75.48
2025-04-29 18:00:00,84.64
2025-04-29 19:00:00,93.79
2025-04-29 20:00:00,99.36
2025-04-29 21:00:00,98.68
2025-04-29 22:00:00,99.51
2025-04-29 23:00:00,99.44
2025-04-30 00:00:00,-999.0
2025-04-30 01:00:00,-999.0
2025-04-30 02:00:00,-999.0
2025-04-30 03:00:00,-999.0
2025-04-30 04:00:00,-999.0
2025-04-30 05:00:00,-999.0
2025-04-30 06:00:00,-999.0
2025-04-30 07:00:00,-999.0
2025-04-30 08:00:00,-999.0
2025-04-30 09:00:00,-999.0
2025-04-30 10:00:00,-999.0
2025-04-30 11:00:00,-999.0
2025-04-30 12:00:00,-999.0
2025-04-30 13:00:00,-999.0
2025-04-30 14:00:00,-999.0
2025-04-30 15:00:00,-999.0
2025-04-30 16:00:00,-999.0
2025-04-30 17:00:00,-999.0
2025-04-30 18:00:00,-999.0
2025-04-30 19:00:00,-999.0
2025-04-30 20:00:00,-999.0
2025-04-30 21:00:00,-999.0
2025-04-30 22:00:00,-999.0
2025-04-30 23:00:00,-999.0
2025-05-01 00:00:00,-999.0
2025-05-01 01:00:00,-999.0
2025-05-01 02:00:00,-999.0
2025-05-01 03:00:00,-999.0
2025-05-01 04:00:00,-999.0
2025-05-01 05:00:00,-999.0
2025-05-01 06:00:00,-999.0
2025-05-01 07:00:00,-999.0
2025-05-01 08:00:00,-999.0
2025-05-01 09:00:00,-999.0
2025-05-01 10:00:00,-999.0
2025-05-01 11:00:00,-999.0
2025-05-01 12:00:00,-999.0
2025-05-01 13:00:00,-999.0
2025-05-01 14:00:00,-999.0
2025-05-01 15:00:00,-999.0
2025-05-01 16:00:00,-999.0
2025-05-01 17:00:00,-999.0
2025-05-01 18:00:00,-999.0
2025-05-01 19:00:00,-999.0
2025-05-01 20:00:00,-999.0
2025-05-01 21:00:00,-999.0
2025-05-01 22:00:00,-999.0
2025-05-01 23:00:00,-999.0
2025-05-02 00:00:00,-999.0
2025-05-02 01:00:00,-999.0
2025-05-02 02:00:00,-999.0
2025-05-02 03:00:00,-999.0
2025-05-02 04:00:00,-999.0
2025-05-02 05:00:00,-999.0
2025-05-02 06:00:00,-999.0
2025-05-02 07:00:00,-999.0
2025-05-02 08:00:00,-999.0
2025-05-02 09:00:00,-999.0
2025-05-02 10:00:00,-999.0
2025-05-02 11:00:00,-999.0
2025-05-02 12:00:00,-999.0
2025-05-02 13:00:00,-999.0
2025-05-02 14:00:00,-999.0
2025-05-02 15:00:00,-999.0
2025-05-02 16:00:00,-999.0
2025-05-02 17:00:00,-999.0
2025-05-02 18:00:00,-999.0
2025-05-02 19:00:00,-999.0
2025-05-02 20:00:00,-999.0
2025-05-02 21:00:00,-999.0
2025-05-02 22:00:00,-999.0
2025-05-02 23:00:00,-999.0
2025-05-03 00:00:00,-999.0
2025-05-03 01:00:00,-999.0
2025-05-03 02:00:00,-999.0
2025-05-03 03:00:00,-999.0
2025-05-03 04:00:00,-999.0
2025-05-03 05:00:00,-999.0
2025-05-03 06:00:00,-999.0
2025-05-03 07:00:00,-999.0
2025-05-03 08:00:00,-999.0
2025-05-03 09:00:00,-999.0
2025-05-03 10:00:00,-999.0
2025-05-03 11:00:00,-999.0
2025-05-03 12:00:00,-999.0
2025-05-03 13:00:00,-999.0
2025-05-03 14:00:00,-999.0
2025-05-03 15:00:00,-999.0
2025-05-03 16:00:00,-999.0
2025-05-03 17:00:00,-999.0
2025-05-03 18:00:00,-999.0
2025-05-03 19:00:00,-999.0
2025-05-03 20:00:00,-999.0
2025-05-03 21:00:00,-999.0
2025-05-03 22:00:00,-999.0
2025-05-03 23:00:00,-999.0
2025-05-04 00:00:00,-999.0
2025-05-04 01:00:00,-999.0
2025-05-04 02:00:00,-999.0
2025-05-04 03:00:00,-999.0
2025-05-04 04:00:00,-999.0
2025-05-04 05:00:00,-999.0
2025-05-04 06:00:00,-999.0
2025-05-04 07:00:00,-999.0
2025-05-04 08:00:00,-999.0
2025-05-04 09:00:00,-999.0
2025-05-04 10:00:00,-999.0
2025-05-04 11:00:00,-999.0
2025-05-04 12:00:00,-999.0
2025-05-04 13:00:00,-999.0
2025-05-04 14:00:00,-999.0
2025-05-04 15:00:00,-999.0
2025-05-04 16:00:00,-999.0
2025-05-04 17:00:00,-999.0
2025-05-04 18:00:00,-999.0
2025-05-04 19:00:00,-999.0
2025-05-04 20:00:00,-999.0
2025-05-04 21:00:00,-999.0
2025-05-04 22:00:00,-999.0
2025-05-04 23:00:00,-999.0
2025-05-05 00:00:00,-999.0
2025-05-05 01:00:00,-999.0
2025-05-05 02:00:00,-999.0
2025-05-05 03:00:00,-999.0
2025-05-05 04:00:00,-999.0
2025-05-05 05:00:00,-999.0
2025-05-05 06:00:00,-999.0
2025-05-05 07:00:00,-999.0
2025-05-05 08:00:00,-999.0
2025-05-05 09:00:00,-999.0
2025-05-05 10:00:00,-999.0
2025-05-05 11:00:00,-999.0
2025-05-05 12:00:00,-999.0
2025-05-05 13:00:00,-999.0
2025-05-05 14:00:00,-999.0
2025-05-05 15:00:00,-999.0
2025-05-05 16:00:00,-999.0
2025-05-05 17:00:00,-999.0
2025-05-05 18:00:00,-999.0
2025-05-05 19:00:00,-999.0
2025-05-05 20:00:00,-999.0
2025-05-05 21:00:00,-999.0
2025-05-05 22:00:00,-999.0
2025-05-05 23:00:00,-999.0
2025-05-06 00:00:00,-999.0
2025-05-06 01:00:00,-999.0
2025-05-06 02:00:00,-999.0
2025-05-06 03:00:00,-999.0
2025-05-06 04:00:00,-999.0
2025-05-06 05:00:00,-999.0
2025-05-06 06:00:00,-999.0
2025-05-06 07:00:00,-999.0
2025-05-06 08:00:00,-999.0
2025-05-06 09:00:00,-999.0
2025-05-06 10:00:00,-999.0
2025-05-06 11:00:00,-999.0
2025-05-06 12:00:00,-999.0
2025-05-06 13:00:00,-999.0
2025-05-06 14:00:00,-999.0
2025-05-06 15:00:00,-999.0
2025-05-06 16:00:00,-999.0
2025-05-06 17:00:00,-999.0
2025-05-06 18:00:00,-999.0
2025-05-06 19:00:00,-999.0
2025-05-06 20:00:00,-999.0
2025-05-06 21:00:00,-999.0
2025-05-06 22:00:00,-999.0
2025-05-06 23:00:00,-999.0
2025-05-07 00:00:00,-999.0
2025-05-07 01:00:00,-999.0
2025-05-07 02:00:00,-999.0
2025-05-07 03:00:00,-999.0
2025-05-07 04:00:00,-999.0
2025-05-07 05:00:00,-999.0
2025-05-07 06:00:00,-999.0
2025-05-07 07:00:00,-999.0
2025-05-07 08:00:00,-999.0
2025-05-07 09:00:00,-999.0
2025-05-07 10:00:00,-999.0
2025-05-07 11:00:00,-999.0
2025-05-07 12:00:00,-999.0
2025-05-07 13:00:00,-999.0
2025-05-07 14:00:00,-999.0
2025-05-07 15:00:00,-999.0
2025-05-07 16:00:00,-999.0
2025-05-07 17:00:00,-999.0
2025-05-07 18:00:00,-999.0
2025-05-07 19:00:00,-999.0
2025-05-07 20:00:00,-999.0
2025-05-07 21:00:00,-999.0
2025-05-07 22:00:00,-999.0
2025-05-07 23:00:00,-999.0
2025-05-08 00:00:00,-999.0
2025-05-08 01:00:00,-999.0
2025-05-08 02:00:00,-999.0
2025-05-08 03:00:00,-999.0
2025-05-08 04:00:00,-999.0
2025-05-08 05:00:00,-999.0
2025-05-08 06:00:00,-999.0
2025-05-08 07:00:00,-999.0
2025-05-08 08:00:00,-999.0
2025-05-08 09:00:00,-999.0
2025-05-08 10:00:00,-999.0
2025-05-08 11:00:00,-999.0
2025-05-08 12:00:00,-999.0
2025-05-08 13:00:00,-999.0
2025-05-08 14:00:00,-999.0
2025-05-08 15:00:00,-999.0
2025-05-08 16:00:00,-999.0
2025-05-08 17:00:00,-999.0
2025-05-08 18:00:00,-999.0
2025-05-08 19:00:00,-999.0
2025-05-08 20:00:00,-999.0
2025-05-08 21:00:00,-999.0
2025-05-08 22:00:00,-999.0
2025-05-08 23:00:00,-999.0
2025-05-09 00:00:00,-999.0
2025-05-09 01:00:00,-999.0
2025-05-09 02:00:00,-999.0
2025-05-09 03:00:00,-999.0
2025-05-09 04:00:00,-999.0
2025-05-09 05:00:00,-999.0
2025-05-09 06:00:00,-999.0
2025-05-09 07:00:00,-999.0
2025-05-09 08:00:00,-999.0
2025-05-09 09:00:00,-999.0
2025-05-09 10:00:00,-999.0
2025-05-09 11:00:00,-999.0
2025-05-09 12:00:00,-999.0
2025-05-09 13:00:00,-999.0
2025-05-09 14:00:00,-999.0
2025-05-09 15:00:00,-999.0
2025-05-09 16:00:00,-999.0
2025-05-09 17:00:00,-999.0
2025-05-09 18:00:00,-999.0
2025-05-09 19:00:00,-999.0
2025-05-09 20:00:00,-999.0
2025-05-09 21:00:00,-999.0
2025-05-09 22:00:00,-999.0
2025-05-09 23:00:00,-999.0
2025-05-10 00:00:00,-999.0
2025-05-10 01:00:00,-999.0
2025-05-10 02:00:00,-999.0
2025-05-10 03:00:00,-999.0
2025-05-10 04:00:00,-999.0
2025-05-10 05:00:00,-999.0
2025-05-10 06:00:00,-999.0
2025-05-10 07:00:00,-999.0
2025-05-10 08:00:00,-999.0
2025-05-10 09:00:00,-999.0
2025-05-10 10:00:00,-999.0
2025-05-10 11:00:00,-999.0
2025-05-10 12:00:00,-999.0
2025-05-10 13:00:00,-999.0
2025-05-10 14:00:00,-999.0
2025-05-10 15:00:00,-999.0
2025-05-10 16:00:00,-999.0
2025-05-10 17:00:00,-999.0
2025-05-10 18:00:00,-999.0
2025-05-10 19:00:00,-999.0
2025-05-10 20:00:00,-999.0
2025-05-10 21:00:00,-999.0
2025-05-10 22:00:00,-999.0
2025-05-10 23:00:00,-999.0
2025-05-11 00:00:00,-999.0
2025-05-11 01:00:00,-999.0
2025-05-11 02:00:00,-999.0
2025-05-11 03:00:00,-999.0
2025-05-11 04:00:00,-999.0
2025-05-11 05:00:00,-999.0
2025-05-11 06:00:00,-999.0
2025-05-11 07:00:00,-999.0
2025-05-11 08:00:00,-999.0
2025-05-11 09:00:00,-999.0
2025-05-11 10:00:00,-999.0
2025-05-11 11:00:00,-999.0
2025-05-11 12:00:00,-999.0
2025-05-11 13:00:00,-999.0
2025-05-11 14:00:00,-999.0
2025-05-11 15:00:00,-999.0
2025-05-11 16:00:00,-999.0
2025-05-11 17:00:00,-999.0
2025-05-11 18:00:00,-999.0
2025-05-11 19:00:00,-999.0
2025-05-11 20:00:00,-999.0
2025-05-11 21:00:00,-999.0
2025-05-11 22:00:00,-999.0
2025-05-11 23:00:00,-999.0
2025-05-12 00:00:00,-999.0
2025-05-12 01:00:00,-999.0
2025-05-12 02:00:00,-999.0
2025-05-12 03:00:00,-999.0
2025-05-12 04:00:00,-999.0
2025-05-12 05:00:00,-999.0
2025-05-12 06:00:00,-999.0
2025-05-12 07:00:00,-999.0
2025-05-12 08:00:00,-999.0
2025-05-12 09:00:00,-999.0
2025-05-12 10:00:00,-999.0
2025-05-12 11:00:00,-999.0
2025-05-12 12:00:00,-999.0
2025-05-12 13:00:00,-999.0
2025-05-12 14:00:00,-999.0
2025-05-12 15:00:00,-999.0
2025-05-12 16:00:00,-999.0
2025-05-12 17:00:00,-999.0
2025-05-12 18:00:00,-999.0
2025-05-12 19:00:00,-999.0
2025-05-12 20:00:00,-999.0
2025-05-12 21:00:00,-999.0
2025-05-12 22:00:00,-999.0
2025-05-12 23:00:00,-999.0
2025-05-13 00:00:00,-999.0
2025-05-13 01:00:00,-999.0
2025-05-13 02:00:00,-999.0
2025-05-13 03:00:00,-999.0
2025-05-13 04:00:00,-999.0
2025-05-13 05:00:00,-999.0
2025-05-13 06:00:00,-999.0
2025-05-13 07:00:00,-999.0
2025-05-13 08:00:00,-999.0
2025-05-13 09:00:00,-999.0
2025-05-13 10:00:00,-999.0
2025-05-13 11:00:00,-999.0
2025-05-13 12:00:00,-999.0
2025-05-13 13:00:00,-999.0
2025-05-13 14:00:00,-999.0
2025-05-13 15:00:00,-999.0
2025-05-13 16:00:00,-999.0
2025-05-13 17:00:00,-999.0
2025-05-13 18:00:00,-999.0
2025-05-13 19:00:00,-999.0
2025-05-13 20:00:00,-999.0
2025-05-13 21:00:00,-999.0
2025-05-13 22:00:00,-999.0
2025-05-13 23:00:00,-999.0
2025-05-14 00:00:00,-999.0
2025-05-14 01:00:00,-999.0
2025-05-14 02:00:00,-999.0
2025-05-14 03:00:00,-999.0
2025-05-14 04:00:00,-999.0
2025-05-14 05:00:00,-999.0
2025-05-14 06:00:00,-999.0
2025-05-14 07:00:00,-999.0
2025-05-14 08:00:00,-999.0
2025-05-14 09:00:00,-999.0
2025-05-14 10:00:00,-999.0
2025-05-14 11:00:00,-999.0
2025-05-14 12:00:00,-999.0
2025-05-14 13:00:00,-999.0
2025-05-14 14:00:00,-999.0
2025-05-14 15:00:00,-999.0
2025-05-14 16:00:00,-999.0
2025-05-14 17:00:00,-999.0
2025-05-14 18:00:00,-999.0
2025-05-14 19:00:00,-999.0
2025-05-14 20:00:00,-999.0
2025-05-14 21:00:00,-999.0
2025-05-14 22:00:00,-999.0
2025-05-14 23:00:00,-999.0
2025-05-15 00:00:00,-999.0
2025-05-15 01:00:00,-999.0
2025-05-15 02:00:00,-999.0
2025-05-15 03:00:00,-999.0
2025-05-15 04:00:00,-999.0
2025-05-15 05:00:00,-999.0
2025-05-15 06:00:00,-999.0
2025-05-15 07:00:00,-999.0
2025-05-15 08:00:00,-999.0
2025-05-15 09:00:00,-999.0
2025-05-15 10:00:00,-999.0
2025-05-15 11:00:00,-999.0
2025-05-15 12:00:00,-999.0
2025-05-15 13:00:00,-999.0
2025-05-15 14:00:00,-999.0
2025-05-15 15:00:00,-999.0
2025-05-15 16:00:00,-999.0
2025-05-15 17:00:00,-999.0
2025-05-15 18:00:00,-999.0
2025-05-15 19:00:00,-999.0
2025-05-15 20:00:00,-999.0
2025-05-15 21:00:00,-999.0
2025-05-15 22:00:00,-999.0
2025-05-15 23:00:00,-999.0
2025-05-16 00:00:00,-999.0
2025-05-16 01:00:00,-999.0
2025-05-16 02:00:00,-999.0
2025-05-16 03:00:00,-999.0
2025-05-16 04:00:00,-999.0
2025-05-16 05:00:00,-999.0
2025-05-16 06:00:00,-999.0
2025-05-16 07:00:00,-999.0
2025-05-16 08:00:00,-999.0
2025-05-16 09:00:00,-999.0
2025-05-16 10:00:00,-999.0
2025-05-16 11:00:00,-999.0
2025-05-16 12:00:00,-999.0
2025-05-16 13:00:00,-999.0
2025-05-16 14:00:00,-999.0
2025-05-16 15:00:00,-999.0
2025-05-16 16:00:00,-999.0
2025-05-16 17:00:00,-999.0
2025-05-16 18:00:00,-999.0
2025-05-16 19:00:00,-999.0
2025-05-16 20:00:00,-999.0
2025-05-16 21:00:00,-999.0
2025-05-16 22:00:00,-999.0
2025-05-16 23:00:00,-999.0
2025-05-17 00:00:00,-999.0
2025-05-17 01:00:00,-999.0
2025-05-17 02:00:00,-999.0
2025-05-17 03:00:00,-999.0
2025-05-17 04:00:00,-999.0
2025-05-17 05:00:00,-999.0
2025-05-17 06:00:00,-999.0
2025-05-17 07:00:00,-999.0
2025-05-17 08:00:00,-999.0
2025-05-17 09:00:00,-999.0
2025-05-17 10:00:00,-999.0
2025-05-17 11:00:00,-999.0
2025-05-17 12:00:00,-999.0
2025-05-17 13:00:00,-999.0
2025-05-17 14:00:00,-999.0
2025-05-17 15:00:00,-999.0
2025-05-17 16:00:00,-999.0
2025-05-17 17:00:00,-999.0
2025-05-17 18:00:00,-999.0
2025-05-17 19:00:00,-999.0
2025-05-17 20:00:00,-999.0
2025-05-17 21:00:00,-999.0
2025-05-17 22:00:00,-999.0
2025-05-17 23:00:00,-999.0
2025-05-18 00:00:00,-999.0
2025-05-18 01:00:00,-999.0
2025-05-18 02:00:00,-999.0
2025-05-18 03:00:00,-999.0
2025-05-18 04:00:00,-999.0
2025-05-18 05:00:00,-999.0
2025-05-18 06:00:00,-999.0
2025-05-18 07:00:00,-999.0
2025-05-18 08:00:00,-999.0
2025-05-18 09:00:00,-999.0
2025-05-18 10:00:00,-999.0
2025-05-18 11:00:00,-999.0
2025-05-18 12:00:00,-999.0
2025-05-18 13:00:00,-999.0
2025-05-18 14:00:00,-999.0
2025-05-18 15:00:00,-999.0
2025-05-18 16:00:00,-999.0
2025-05-18 17:00:00,-999.0
2025-05-18 18:00:00,-999.0
2025-05-18 19:00:00,-999.0
2025-05-18 20:00:00,-999.0
2025-05-18 21:00:00,-999.0
2025-05-18 22:00:00,-999.0
2025-05-18 23:00:00,-999.0
2025-05-19 00:00:00,-999.0
2025-05-19 01:00:00,-999.0
2025-05-19 02:00:00,-999.0
2025-05-19 03:00:00,-999.0
2025-05-19 04:00:00,-999.0
2025-05-19 05:00:00,-999.0
2025-05-19 06:00:00,-999.0
2025-05-19 07:00:00,-999.0
2025-05-19 08:00:00,-999.0
2025-05-19 09:00:00,-999.0
2025-05-19 10:00:00,-999.0
2025-05-19 11:00:00,-999.0
2025-05-19 12:00:00,-999.0
2025-05-19 13:00:00,-999.0
2025-05-19 14:00:00,-999.0
2025-05-19 15:00:00,-999.0
2025-05-19 16:00:00,-999.0
2025-05-19 17:00:00,-999.0
2025-05-19 18:00:00,-999.0
2025-05-19 19:00:00,-999.0
2025-05-19 20:00:00,-999.0
2025-05-19 21:00:00,-999.0
2025-05-19 22:00:00,-999.0
2025-05-19 23:00:00,-999.0
2025-05-20 00:00:00,-999.0
2025-05-20 01:00:00,-999.0
2025-05-20 02:00:00,-999.0
2025-05-20 03:00:00,-999.0
2025-05-20 04:00:00,-999.0
2025-05-20 05:00:00,-999.0
2025-05-20 06:00:00,-999.0
2025-05-20 07:00:00,-999.0
2025-05-20 08:00:00,-999.0
2025-05-20 09:00:00,-999.0
2025-05-20 10:00:00,-999.0
2025-05-20 11:00:00,-999.0
2025-05-20 12:00:00,-999.0
2025-05-20 13:00:00,-999.0
2025-05-20 14:00:00,-999.0
2025-05-20 15:00:00,-999.0
2025-05-20 16:00:00,-999.0
2025-05-20 17:00:00,-999.0
2025-05-20 18:00:00,-999.0
2025-05-20 19:00:00,-999.0
2025-05-20 20:00:00,-999.0
2025-05-20 21:00:00,-999.0
2025-05-20 22:00:00,-999.0
2025-05-20 23:00:00,-999.0
2025-05-21 00:00:00,-999.0
2025-05-21 01:00:00,-999.0
2025-05-21 02:00:00,-999.0
2025-05-21 03:00:00,-999.0
2025-05-21 04:00:00,-999.0
2025-05-21 05:00:00,-999.0
2025-05-21 06:00:00,-999.0
2025-05-21 07:00:00,-999.0
2025-05-21 08:00:00,-999.0
2025-05-21 09:00:00,-999.0
2025-05-21 10:00:00,-999.0
2025-05-21 11:00:00,-999.0
2025-05-21 12:00:00,-999.0
2025-05-21 13:00:00,-999.0
2025-05-21 14:00:00,-999.0
2025-05-21 15:00:00,-999.0
2025-05-21 16:00:00,-999.0
2025-05-21 17:00:00,-999.0
2025-05-21 18:00:00,-999.0
2025-05-21 19:00:00,-999.0
2025-05-21 20:00:00,-999.0
2025-05-21 21:00:00,-999.0
2025-05-21 22:00:00,-999.0
2025-05-21 23:00:00,-999.0
2025-05-22 00:00:00,-999.0
2025-05-22 01:00:00,-999.0
2025-05-22 02:00:00,-999.0
2025-05-22 03:00:00,-999.0
2025-05-22 04:00:00,-999.0
2025-05-22 05:00:00,-999.0
2025-05-22 06:00:00,-999.0
2025-05-22 07:00:00,-999.0
2025-05-22 08:00:00,-999.0
2025-05-22 09:00:00,-999.0
2025-05-22 10:00:00,-999.0
2025-05-22 11:00:00,-999.0
2025-05-22 12:00:00,-999.0
2025-05-22 13:00:00,-999.0
2025-05-22 14:00:00,-999.0
2025-05-22 15:00:00,-999.0
2025-05-22 16:00:00,-999.0
2025-05-22 17:00:00,-999.0
2025-05-22 18:00:00,-999.0
2025-05-22 19:00:00,-999.0
2025-05-22 20:00:00,-999.0
2025-05-22 21:00:00,-999.0
2025-05-22 22:00:00,-999.0
2025-05-22 23:00:00,-999.0
2025-05-23 00:00:00,-999.0
2025-05-23 01:00:00,-999.0
2025-05-23 02:00:00,-999.0
2025-05-23 03:00:00,-999.0
2025-05-23 04:00:00,-999.0
2025-05-23 05:00:00,-999.0
2025-05-23 06:00:00,-999.0
2025-05-23 07:00:00,-999.0
2025-05-23 08:00:00,-999.0
2025-05-23 09:00:00,-999.0
2025-05-23 10:00:00,-999.0
2025-05-23 11:00:00,-999.0
2025-05-23 12:00:00,-999.0
2025-05-23 13:00:00,-999.0
2025-05-23 14:00:00,-999.0
2025-05-23 15:00:00,-999.0
2025-05-23 16:00:00,-999.0
2025-05-23 17:00:00,-999.0
2025-05-23 18:00:00,-999.0
2025-05-23 19:00:00,-999.0
2025-05-23 20:00:00,-999.0
2025-05-23 21:00:00,-999.0
2025-05-23 22:00:00,-999.0
2025-05-23 23:00:00,-999.0
2025-05-24 00:00:00,-999.0
2025-05-24 01:00:00,-999.0
2025-05-24 02:00:00,-999.0
2025-05-24 03:00:00,-999.0
2025-05-24 04:00:00,-999.0
2025-05-24 05:00:00,-999.0
2025-05-24 06:00:00,-999.0
2025-05-24 07:00:00,-999.0
2025-05-24 08:00:00,-999.0
2025-05-24 09:00:00,-999.0
2025-05-24 10:00:00,-999.0
2025-05-24 11:00:00,-999.0
2025-05-24 12:00:00,-999.0
2025-05-24 13:00:00,-999.0
2025-05-24 14:00:00,-999.0
2025-05-24 15:00:00,-999.0
2025-05-24 16:00:00,-999.0
2025-05-24 17:00:00,-999.0
2025-05-24 18:00:00,-999.0
2025-05-24 19:00:00,-999.0
2025-05-24 20:00:00,-999.0
2025-05-24 21:00:00,-999.0
2025-05-24 22:00:00,-999.0
2025-05-24 23:00:00,-999.0
2025-05-25 00:00:00,-999.0
2025-05-25 01:00:00,-999.0
2025-05-25 02:00:00,-999.0
2025-05-25 03:00:00,-999.0
2025-05-25 04:00:00,-999.0
2025-05-25 05:00:00,-999.0
2025-05-25 06:00:00,-999.0
2025-05-25 07:00:00,-999.0
2025-05-25 08:00:00,-999.0
2025-05-25 09:00:00,-999.0
2025-05-25 10:00:00,-999.0
2025-05-25 11:00:00,-999.0
2025-05-25 12:00:00,-999.0
2025-05-25 13:00:00,-999.0
2025-05-25 14:00:00,-999.0
2025-05-25 15:00:00,-999.0
2025-05-25 16:00:00,-999.0
2025-05-25 17:00:00,-999.0
2025-05-25 18:00:00,-999.0
2025-05-25 19:00:00,-999.0
2025-05-25 20:00:00,-999.0
2025-05-25 21:00:00,-999.0
2025-05-25 22:00:00,-999.0
2025-05-25 23:00:00,-999.0
2025-05-26 00:00:00,-999.0
2025-05-26 01:00:00,-999.0
2025-05-26 02:00:00,-999.0
2025-05-26 03:00:00,-999.0
2025-05-26 04:00:00,-999.0
2025-05-26 05:00:00,-999.0
2025-05-26 06:00:00,-999.0
2025-05-26 07:00:00,-999.0
2025-05-26 08:00:00,-999.0
2025-05-26 09:00:00,-999.0
2025-05-26 10:00:00,-999.0
2025-05-26 11:00:00,-999.0
2025-05-26 12:00:00,-999.0
2025-05-26 13:00:00,-999.0
2025-05-26 14:00:00,-999.0
2025-05-26 15:00:00,-999.0
2025-05-26 16:00:00,-999.0
2025-05-26 17:00:00,-999.0
2025-05-26 18:00:00,-999.0
2025-05-26 19:00:00,-999.0
2025-05-26 20:00:00,-999.0
2025-05-26 21:00:00,-999.0
2025-05-26 22:00:00,-999.0
2025-05-26 23:00:00,-999.0
2025-05-27 00:00:00,-999.0
2025-05-27 01:00:00,-999.0
2025-05-27 02:00:00,-999.0
2025-05-27 03:00:00,-999.0
2025-05-27 04:00:00,-999.0
2025-05-27 05:00:00,-999.0
2025-05-27 06:00:00,-999.0
2025-05-27 07:00:00,-999.0
2025-05-27 08:00:00,-999.0
2025-05-27 09:00:00,-999.0
2025-05-27 10:00:00,-999.0
2025-05-27 11:00:00,-999.0
2025-05-27 12:00:00,-999.0
2025-05-27 13:00:00,-999.0
2025-05-27 14:00:00,-999.0
2025-05-27 15:00:00,-999.0
2025-05-27 16:00:00,-999.0
2025-05-27 17:00:00,-999.0
2025-05-27 18:00:00,-999.0
2025-05-27 19:00:00,-999.0
2025-05-27 20:00:00,-999.0
2025-05-27 21:00:00,-999.0
2025-05-27 22:00:00,-999.0
2025-05-27 23:00:00,-999.0
2025-05-28 00:00:00,-999.0
2025-05-28 01:00:00,-999.0
2025-05-28 02:00:00,-999.0
2025-05-28 03:00:00,-999.0
2025-05-28 04:00:00,-999.0
2025-05-28 05:00:00,-999.0
2025-05-28 06:00:00,-999.0
2025-05-28 07:00:00,-999.0
2025-05-28 08:00:00,-999.0
2025-05-28 09:00:00,-999.0
2025-05-28 10:00:00,-999.0
2025-05-28 11:00:00,-999.0
2025-05-28 12:00:00,-999.0
2025-05-28 13:00:00,-999.0
2025-05-28 14:00:00,-999.0
2025-05-28 15:00:00,-999.0
2025-05-28 16:00:00,-999.0
2025-05-28 17:00:00,-999.0
2025-05-28 18:00:00,-999.0
2025-05-28 19:00:00,-999.0
2025-05-28 20:00:00,-999.0
2025-05-28 21:00:00,-999.0
2025-05-28 22:00:00,-999.0
2025-05-28 23:00:00,-999.0
2025-05-29 00:00:00,-999.0
2025-05-29 01:00:00,-999.0
2025-05-29 02:00:00,-999.0
2025-05-29 03:00:00,-999.0
2025-05-29 04:00:00,-999.0
2025-05-29 05:00:00,-999.0
2025-05-29 06:00:00,-999.0
2025-05-29 07:00:00,-999.0
2025-05-29 08:00:00,-999.0
2025-05-29 09:00:00,-999.0
2025-05-29 10:00:00,-999.0
2025-05-29 11:00:00,-999.0
2025-05-29 12:00:00,-999.0
2025-05-29 13:00:00,-999.0
2025-05-29 14:00:00,-999.0
2025-05-29 15:00:00,-999.0
2025-05-29 16:00:00,-999.0
2025-05-29 17:00:00,-999.0
2025-05-29 18:00:00,-999.0
2025-05-29 19:00:00,-999.0
2025-05-29 20:00:00,-999.0
2025-05-29 21:00:00,-999.0
2025-05-29 22:00:00,-999.0
2025-05-29 23:00:00,-999.0
2025-05-30 00:00:00,-999.0
2025-05-30 01:00:00,-999.0
2025-05-30 02:00:00,-999.0
2025-05-30 03:00:00,-999.0
2025-05-30 04:00:00,-999.0
2025-05-30 05:00:00,-999.0
2025-05-30 06:00:00,-999.0
2025-05-30 07:00:00,-999.0
2025-05-30 08:00:00,-999.0
2025-05-30 09:00:00,-999.0
2025-05-30 10:00:00,-999.0
2025-05-30 11:00:00,-999.0
2025-05-30 12:00:00,-999.0
2025-05-30 13:00:00,-999.0
2025-05-30 14:00:00,-999.0
2025-05-30 15:00:00,-999.0
2025-05-30 16:00:00,-999.0
2025-05-30 17:00:00,-999.0
2025-05-30 18:00:00,-999.0
2025-05-30 19:00:00,-999.0
2025-05-30 20:00:00,-999.0
2025-05-30 21:00:00,-999.0
2025-05-30 22:00:00,-999.0
2025-05-30 23:00:00,-999.0
2025-05-31 00:00:00,-999.0
2025-05-31 01:00:00,-999.0
2025-05-31 02:00:00,-999.0
2025-05-31 03:00:00,-999.0
2025-05-31 04:00:00,-999.0
2025-05-31 05:00:00,-999.0
2025-05-31 06:00:00,-999.0
2025-05-31 07:00:00,-999.0
2025-05-31 08:00:00,-999.0
2025-05-31 09:00:00,-999.0
2025-05-31 10:00:00,-999.0
2025-05-31 11:00:00,-999.0
2025-05-31 12:00:00,-999.0
2025-05-31 13:00:00,-999.0
2025-05-31 14:00:00,-999.0
2025-05-31 15:00:00,-999.0
2025-05-31 16:00:00,-999.0
2025-05-31 17:00:00,-999.0
2025-05-31 18:00:00,-999.0
2025-05-31 19:00:00,-999.0
2025-05-31 20:00:00,-999.0
2025-05-31 21:00:00,-999.0
2025-05-31 22:00:00,-999.0
2025-05-31 23:00:00,-999.0
2025-06-01 00:00:00,-999.0
2025-06-01 01:00:00,-999.0
2025-06-01 02:00:00,-999.0
2025-06-01 03:00:00,-999.0
2025-06-01 04:00:00,-999.0
2025-06-01 05:00:00,-999.0
2025-06-01 06:00:00,-999.0
2025-06-01 07:00:00,-999.0
2025-06-01 08:00:00,-999.0
2025-06-01 09:00:00,-999.0
2025-06-01 10:00:00,-999.0
2025-06-01 11:00:00,-999.0
2025-06-01 12:00:00,-999.0
2025-06-01 13:00:00,-999.0
2025-06-01 14:00:00,-999.0
2025-06-01 15:00:00,-999.0
2025-06-01 16:00:00,-999.0
2025-06-01 17:00:00,-999.0
2025-06-01 18:00:00,-999.0
2025-06-01 19:00:00,-999.0
2025-06-01 20:00:00,-999.0
2025-06-01 21:00:00,-999.0
2025-06-01 22:00:00,-999.0
2025-06-01 23:00:00,-999.0
2025-06-02 00:00:00,-999.0
2025-06-02 01:00:00,-999.0
2025-06-02 02:00:00,-999.0
2025-06-02 03:00:00,-999.0
2025-06-02 04:00:00,-999.0
2025-06-02 05:00:00,-999.0
2025-06-02 06:00:00,-999.0
2025-06-02 07:00:00,-999.0
2025-06-02 08:00:00,-999.0
2025-06-02 09:00:00,-999.0
2025-06-02 10:00:00,-999.0
2025-06-02 11:00:00,-999.0
2025-06-02 12:00:00,-999.0
2025-06-02 13:00:00,-999.0
2025-06-02 14:00:00,-999.0
2025-06-02 15:00:00,-999.0
2025-06-02 16:00:00,-999.0
2025-06-02 17:00:00,-999.0
2025-06-02 18:00:00,-999.0
2025-06-02 19:00:00,-999.0
2025-06-02 20:00:00,-999.0
2025-06-02 21:00:00,-999.0
2025-06-02 22:00:00,-999.0
2025-06-02 23:00:00,-999.0
2025-06-03 00:00:00,-999.0
2025-06-03 01:00:00,-999.0
2025-06-03 02:00:00,-999.0
2025-06-03 03:00:00,-999.0
2025-06-03 04:00:00,-999.0
2025-06-03 05:00:00,-999.0
2025-06-03 06:00:00,-999.0
2025-06-03 07:00:00,-999.0
2025-06-03 08:00:00,-999.0
2025-06-03 09:00:00,-999.0
2025-06-03 10:00:00,-999.0
2025-06-03 11:00:00,-999.0
2025-06-03 12:00:00,-999.0
2025-06-03 13:00:00,-999.0
2025-06-03 14:00:00,-999.0
2025-06-03 15:00:00,-999.0
2025-06-03 16:00:00,-999.0
2025-06-03 17:00:00,-999.0
2025-06-03 18:00:00,-999.0
2025-06-03 19:00:00,-999.0
2025-06-03 20:00:00,-999.0
2025-06-03 21:00:00,-999.0
2025-06-03 22:00:00,-999.0
2025-06-03 23:00:00,-999.0
2025-06-04 00:00:00,-999.0
2025-06-04 01:00:00,-999.0
2025-06-04 02:00:00,-999.0
2025-06-04 03:00:00,-999.0
2025-06-04 04:00:00,-999.0
2025-06-04 05:00:00,-999.0
2025-06-04 06:00:00,-999.0
2025-06-04 07:00:00,-999.0
2025-06-04 08:00:00,-999.0
2025-06-04 09:00:00,-999.0
2025-06-04 10:00:00,-999.0
2025-06-04 11:00:00,-999.0
2025-06-04 12:00:00,-999.0
2025-06-04 13:00:00,-999.0
2025-06-04 14:00:00,-999.0
2025-06-04 15:00:00,-999.0
2025-06-04 16:00:00,-999.0
2025-06-04 17:00:00,-999.0
2025-06-04 18:00:00,-999.0
2025-06-04 19:00:00,-999.0
2025-06-04 20:00:00,-999.0
2025-06-04 21:00:00,-999.0
2025-06-04 22:00:00,-999.0
2025-06-04 23:00:00,-999.0
2025-06-05 00:00:00,-999.0
2025-06-05 01:00:00,-999.0
2025-06-05 02:00:00,-999.0
2025-06-05 03:00:00,-999.0
2025-06-05 04:00:00,-999.0
2025-06-05 05:00:00,-999.0
2025-06-05 06:00:00,-999.0
2025-06-05 07:00:00,-999.0
2025-06-05 08:00:00,-999.0
2025-06-05 09:00:00,-999.0
2025-06-05 10:00:00,-999.0
2025-06-05 11:00:00,-999.0
2025-06-05 12:00:00,-999.0
2025-06-05 13:00:00,-999.0
2025-06-05 14:00:00,-999.0
2025-06-05 15:00:00,-999.0
2025-06-05 16:00:00,-999.0
2025-06-05 17:00:00,-999.0
2025-06-05 18:00:00,-999.0
2025-06-05 19:00:00,-999.0
2025-06-05 20:00:00,-999.0
2025-06-05 21:00:00,-999.0
2025-06-05 22:00:00,-999.0
2025-06-05 23:00:00,-999.0
2025-06-06 00:00:00,-999.0
2025-06-06 01:00:00,-999.0
2025-06-06 02:00:00,-999.0
2025-06-06 03:00:00,-999.0
2025-06-06 04:00:00,-999.0
2025-06-06 05:00:00,-999.0
2025-06-06 06:00:00,-999.0
2025-06-06 07:00:00,-999.0
2025-06-06 08:00:00,-999.0
2025-06-06 09:00:00,-999.0
2025-06-06 10:00:00,-999.0
2025-06-06 11:00:00,-999.0
2025-06-06 12:00:00,-999.0
2025-06-06 13:00:00,-999.0
2025-06-06 14:00:00,-999.0
2025-06-06 15:00:00,-999.0
2025-06-06 16:00:00,-999.0
2025-06-06 17:00:00,-999.0
2025-06-06 18:00:00,-999.0
2025-06-06 19:00:00,-999.0
2025-06-06 20:00:00,-999.0
2025-06-06 21:00:00,-999.0
2025-06-06 22:00:00,-999.0
2025-06-06 23:00:00,-999.0
2025-06-07 00:00:00,-999.0
2025-06-07 01:00:00,-999.0
2025-06-07 02:00:00,-999.0
2025-06-07 03:00:00,-999.0
2025-06-07 04:00:00,-999.0
2025-06-07 05:00:00,-999.0
2025-06-07 06:00:00,-999.0
2025-06-07 07:00:00,-999.0
2025-06-07 08:00:00,-999.0
2025-06-07 09:00:00,-999.0
2025-06-07 10:00:00,-999.0
2025-06-07 11:00:00,-999.0
2025-06-07 12:00:00,-999.0
2025-06-07 13:00:00,-999.0
2025-06-07 14:00:00,-999.0
2025-06-07 15:00:00,-999.0
2025-06-07 16:00:00,-999.0
2025-06-07 17:00:00,-999.0
2025-06-07 18:00:00,-999.0
2025-06-07 19:00:00,-999.0
2025-06-07 20:00:00,-999.0
2025-06-07 21:00:00,-999.0
2025-06-07 22:00:00,-999.0
2025-06-07 23:00:00,-999.0
2025-06-08 00:00:00,-999.0
2025-06-08 01:00:00,-999.0
2025-06-08 02:00:00,-999.0
2025-06-08 03:00:00,-999.0
2025-06-08 04:00:00,-999.0
2025-06-08 05:00:00,-999.0
2025-06-08 06:00:00,-999.0
2025-06-08 07:00:00,-999.0
2025-06-08 08:00:00,-999.0
2025-06-08 09:00:00,-999.0
2025-06-08 10:00:00,-999.0
2025-06-08 11:00:00,-999.0
2025-06-08 12:00:00,-999.0
2025-06-08 13:00:00,-999.0
2025-06-08 14:00:00,-999.0
2025-06-08 15:00:00,-999.0
2025-06-08 16:00:00,-999.0
2025-06-08 17:00:00,-999.0
2025-06-08 18:00:00,-999.0
2025-06-08 19:00:00,-999.0
2025-06-08 20:00:00,-999.0
2025-06-08 21:00:00,-999.0
2025-06-08 22:00:00,-999.0
2025-06-08 23:00:00,-999.0
2025-06-09 00:00:00,-999.0
2025-06-09 01:00:00,-999.0
2025-06-09 02:00:00,-999.0
2025-06-09 03:00:00,-999.0
2025-06-09 04:00:00,-999.0
2025-06-09 05:00:00,-999.0
2025-06-09 06:00:00,-999.0
2025-06-09 07:00:00,-999.0
2025-06-09 08:00:00,-999.0
2025-06-09 09:00:00,-999.0
2025-06-09 10:00:00,-999.0
2025-06-09 11:00:00,-999.0
2025-06-09 12:00:00,-999.0
2025-06-09 13:00:00,-999.0
2025-06-09 14:00:00,-999.0
2025-06-09 15:00:00,-999.0
2025-06-09 16:00:00,-999.0
2025-06-09 17:00:00,-999.0
2025-06-09 18:00:00,-999.0
2025-06-09 19:00:00,-999.0
2025-06-09 20:00:00,-999.0
2025-06-09 21:00:00,-999.0
2025-06-09 22:00:00,-999.0
2025-06-09 23:00:00,-999.0
2025-06-10 00:00:00,-999.0
2025-06-10 01:00:00,-999.0
2025-06-10 02:00:00,-999.0
2025-06-10 03:00:00,-999.0
2025-06-10 04:00:00,-999.0
2025-06-10 05:00:00,-999.0
2025-06-10 06:00:00,-999.0
2025-06-10 07:00:00,-999.0
2025-06-10 08:00:00,-999.0
2025-06-10 09:00:00,-999.0
2025-06-10 10:00:00,-999.0
2025-06-10 11:00:00,-999.0
2025-06-10 12:00:00,-999.0
2025-06-10 13:00:00,-999.0
2025-06-10 14:00:00,-999.0
2025-06-10 15:00:00,-999.0
2025-06-10 16:00:00,-999.0
2025-06-10 17:00:00,-999.0
2025-06-10 18:00:00,-999.0
2025-06-10 19:00:00,-999.0
2025-06-10 20:00:00,-999.0
2025-06-10 21:00:00,-999.0
2025-06-10 22:00:00,-999.0
2025-06-10 23:00:00,-999.0
2025-06-11 00:00:00,-999.0
2025-06-11 01:00:00,-999.0
2025-06-11 02:00:00,-999.0
2025-06-11 03:00:00,-999.0
2025-06-11 04:00:00,-999.0
2025-06-11 05:00:00,-999.0
2025-06-11 06:00:00,-999.0
2025-06-11 07:00:00,-999.0
2025-06-11 08:00:00,-999.0
2025-06-11 09:00:00,-999.0
2025-06-11 10:00:00,-999.0
2025-06-11 11:00:00,-999.0
2025-06-11 12:00:00,-999.0
2025-06-11 13:00:00,-999.0
2025-06-11 14:00:00,-999.0
2025-06-11 15:00:00,-999.0
2025-06-11 16:00:00,-999.0
2025-06-11 17:00:00,-999.0
2025-06-11 18:00:00,-999.0
2025-06-11 19:00:00,-999.0
2025-06-11 20:00:00,-999.0
2025-06-11 21:00:00,-999.0
2025-06-11 22:00:00,-999.0
2025-06-11 23:00:00,-999.0
2025-06-12 00:00:00,-999.0
2025-06-12 01:00:00,-999.0
2025-06-12 02:00:00,-999.0
2025-06-12 03:00:00,-999.0
2025-06-12 04:00:00,-999.0
2025-06-12 05:00:00,-999.0
2025-06-12 06:00:00,-999.0
2025-06-12 07:00:00,-999.0
2025-06-12 08:00:00,-999.0
2025-06-12 09:00:00,-999.0
2025-06-12 10:00:00,-999.0
2025-06-12 11:00:00,-999.0
2025-06-12 12:00:00,-999.0
2025-06-12 13:00:00,-999.0
2025-06-12 14:00:00,-999.0
2025-06-12 15:00:00,-999.0
2025-06-12 16:00:00,-999.0
2025-06-12 17:00:00,-999.0
2025-06-12 18:00:00,-999.0
2025-06-12 19:00:00,-999.0
2025-06-12 20:00:00,-999.0
2025-06-12 21:00:00,-999.0
2025-06-12 22:00:00,-999.0
2025-06-12 23:00:00,-999.0
2025-06-13 00:00:00,-999.0
2025-06-13 01:00:00,-999.0
2025-06-13 02:00:00,-999.0
2025-06-13 03:00:00,-999.0
2025-06-13 04:00:00,-999.0
2025-06-13 05:00:00,-999.0
2025-06-13 06:00:00,-999.0
2025-06-13 07:00:00,-999.0
2025-06-13 08:00:00,-999.0
2025-06-13 09:00:00,-999.0
2025-06-13 10:00:00,-999.0
2025-06-13 11:00:00,-999.0
2025-06-13 12:00:00,-999.0
2025-06-13 13:00:00,-999.0
2025-06-13 14:00:00,-999.0
2025-06-13 15:00:00,-999.0
2025-06-13 16:00:00,-999.0
2025-06-13 17:00:00,-999.0
2025-06-13 18:00:00,-999.0
2025-06-13 19:00:00,-999.0
2025-06-13 20:00:00,-999.0
2025-06-13 21:00:00,-999.0
2025-06-13 22:00:00,-999.0
2025-06-13 23:00:00,-999.0
2025-06-14 00:00:00,-999.0
2025-06-14 01:00:00,-999.0
2025-06-14 02:00:00,-999.0
2025-06-14 03:00:00,-999.0
2025-06-14 04:00:00,-999.0
2025-06-14 05:00:00,-999.0
2025-06-14 06:00:00,-999.0
2025-06-14 07:00:00,-999.0
2025-06-14 08:00:00,-999.0
2025-06-14 09:00:00,-999.0
2025-06-14 10:00:00,-999.0
2025-06-14 11:00:00,-999.0
2025-06-14 12:00:00,-999.0
2025-06-14 13:00:00,-999.0
2025-06-14 14:00:00,-999.0
2025-06-14 15:00:00,-999.0
2025-06-14 16:00:00,-999.0
2025-06-14 17:00:00,-999.0
2025-06-14 18:00:00,-999.0
2025-06-14 19:00:00,-999.0
2025-06-14 20:00:00,-999.0
2025-06-14 21:00:00,-999.0
2025-06-14 22:00:00,-999.0
2025-06-14 23:00:00,-999.0
2025-06-15 00:00:00,-999.0
2025-06-15 01:00:00,-999.0
2025-06-15 02:00:00,-999.0
2025-06-15 03:00:00,-999.0
2025-06-15 04:00:00,-999.0
2025-06-15 05:00:00,-999.0
2025-06-15 06:00:00,-999.0
2025-06-15 07:00:00,-999.0
2025-06-15 08:00:00,-999.0
2025-06-15 09:00:00,-999.0
2025-06-15 10:00:00,-999.0
2025-06-15 11:00:00,-999.0
2025-06-15 12:00:00,-999.0
2025-06-15 13:00:00,-999.0
2025-06-15 14:00:00,-999.0
2025-06-15 15:00:00,-999.0
2025-06-15 16:00:00,-999.0
2025-06-15 17:00:00,-999.0
2025-06-15 18:00:00,-999.0
2025-06-15 19:00:00,-999.0
2025-06-15 20:00:00,-999.0
2025-06-15 21:00:00,-999.0
2025-06-15 22:00:00,-999.0
2025-06-15 23:00:00,-999.0
2025-06-16 00:00:00,-999.0
2025-06-16 01:00:00,-999.0
2025-06-16 02:00:00,-999.0
2025-06-16 03:00:00,-999.0
2025-06-16 04:00:00,-999.0
2025-06-16 05:00:00,-999.0
2025-06-16 06:00:00,-999.0
2025-06-16 07:00:00,-999.0
2025-06-16 08:00:00,-999.0
2025-06-16 09:00:00,-999.0
2025-06-16 10:00:00,-999.0
2025-06-16 11:00:00,-999.0
2025-06-16 12:00:00,-999.0
2025-06-16 13:00:00,-999.0
2025-06-16 14:00:00,-999.0
2025-06-16 15:00:00,-999.0
2025-06-16 16:00:00,-999.0
2025-06-16 17:00:00,-999.0
2025-06-16 18:00:00,-999.0
2025-06-16 19:00:00,-999.0
2025-06-16 20:00:00,-999.0
2025-06-16 21:00:00,-999.0
2025-06-16 22:00:00,-999.0
2025-06-16 23:00:00,-999.0
2025-06-17 00:00:00,-999.0
2025-06-17 01:00:00,-999.0
2025-06-17 02:00:00,-999.0
2025-06-17 03:00:00,-999.0
2025-06-17 04:00:00,-999.0
2025-06-17 05:00:00,-999.0
2025-06-17 06:00:00,-999.0
2025-06-17 07:00:00,-999.0
2025-06-17 08:00:00,-999.0
2025-06-17 09:00:00,-999.0
2025-06-17 10:00:00,-999.0
2025-06-17 11:00:00,-999.0
2025-06-17 12:00:00,-999.0
2025-06-17 13:00:00,-999.0
2025-06-17 14:00:00,-999.0
2025-06-17 15:00:00,-999.0
2025-06-17 16:00:00,-999.0
2025-06-17 17:00:00,-999.0
2025-06-17 18:00:00,-999.0
2025-06-17 19:00:00,-999.0
2025-06-17 20:00:00,-999.0
2025-06-17 21:00:00,-999.0
2025-06-17 22:00:00,-999.0
2025-06-17 23:00:00,-999.0
2025-06-18 00:00:00,-999.0
2025-06-18 01:00:00,-999.0
2025-06-18 02:00:00,-999.0
2025-06-18 03:00:00,-999.0
2025-06-18 04:00:00,-999.0
2025-06-18 05:00:00,-999.0
2025-06-18 06:00:00,-999.0
2025-06-18 07:00:00,-999.0
2025-06-18 08:00:00,-999.0
2025-06-18 09:00:00,-999.0
2025-06-18 10:00:00,-999.0
2025-06-18 11:00:00,-999.0
2025-06-18 12:00:00,-999.0
2025-06-18 13:00:00,-999.0
2025-06-18 14:00:00,-999.0
2025-06-18 15:00:00,-999.0
2025-06-18 16:00:00,-999.0
2025-06-18 17:00:00,-999.0
2025-06-18 18:00:00,-999.0
2025-06-18 19:00:00,-999.0
2025-06-18 20:00:00,-999.0
2025-06-18 21:00:00,-999.0
2025-06-18 22:00:00,-999.0
2025-06-18 23:00:00,-999.0
2025-06-19 00:00:00,-999.0
2025-06-19 01:00:00,-999.0
2025-06-19 02:00:00,-999.0
2025-06-19 03:00:00,-999.0
2025-06-19 04:00:00,-999.0
2025-06-19 05:00:00,-999.0
2025-06-19 06:00:00,-999.0
2025-06-19 07:00:00,-999.0
2025-06-19 08:00:00,-999.0
2025-06-19 09:00:00,-999.0
2025-06-19 10:00:00,-999.0
2025-06-19 11:00:00,-999.0
2025-06-19 12:00:00,-999.0
2025-06-19 13:00:00,-999.0
2025-06-19 14:00:00,-999.0
2025-06-19 15:00:00,-999.0
2025-06-19 16:00:00,-999.0
2025-06-19 17:00:00,-999.0
2025-06-19 18:00:00,-999.0
2025-06-19 19:00:00,-999.0
2025-06-19 20:00:00,-999.0
2025-06-19 21:00:00,-999.0
2025-06-19 22:00:00,-999.0
2025-06-19 23:00:00,-999.0
2025-06-20 00:00:00,-999.0
2025-06-20 01:00:00,-999.0
2025-06-20 02:00:00,-999.0
2025-06-20 03:00:00,-999.0
2025-06-20 04:00:00,-999.0
2025-06-20 05:00:00,-999.0
2025-06-20 06:00:00,-999.0
2025-06-20 07:00:00,-999.0
2025-06-20 08:00:00,-999.0
2025-06-20 09:00:00,-999.0
2025-06-20 10:00:00,-999.0
2025-06-20 11:00:00,-999.0
2025-06-20 12:00:00,-999.0
2025-06-20 13:00:00,-999.0
2025-06-20 14:00:00,-999.0
2025-06-20 15:00:00,-999.0
2025-06-20 16:00:00,-999.0
2025-06-20 17:00:00,-999.0
2025-06-20 18:00:00,-999.0
2025-06-20 19:00:00,-999.0
2025-06-20 20:00:00,-999.0
2025-06-20 21:00:00,-999.0
2025-06-20 22:00:00,-999.0
2025-06-20 23:00:00,-999.0
2025-06-21 00:00:00,-999.0
2025-06-21 01:00:00,-999.0
2025-06-21 02:00:00,-999.0
2025-06-21 03:00:00,-999.0
2025-06-21 04:00:00,-999.0
2025-06-21 05:00:00,-999.0
2025-06-21 06:00:00,-999.0
2025-06-21 07:00:00,-999.0
2025-06-21 08:00:00,-999.0
2025-06-21 09:00:00,-999.0
2025-06-21 10:00:00,-999.0
2025-06-21 11:00:00,-999.0
2025-06-21 12:00:00,-999.0
2025-06-21 13:00:00,-999.0
2025-06-21 14:00:00,-999.0
2025-06-21 15:00:00,-999.0
2025-06-21 16:00:00,-999.0
2025-06-21 17:00:00,-999.0
2025-06-21 18:00:00,-999.0
2025-06-21 19:00:00,-999.0
2025-06-21 20:00:00,-999.0
2025-06-21 21:00:00,-999.0
2025-06-21 22:00:00,-999.0
2025-06-21 23:00:00,-999.0
2025-06-22 00:00:00,-999.0
2025-06-22 01:00:00,-999.0
2025-06-22 02:00:00,-999.0
2025-06-22 03:00:00,-999.0
2025-06-22 04:00:00,-999.0
2025-06-22 05:00:00,-999.0
2025-06-22 06:00:00,-999.0
2025-06-22 07:00:00,-999.0
2025-06-22 08:00:00,-999.0
2025-06-22 09:00:00,-999.0
2025-06-22 10:00:00,-999.0
2025-06-22 11:00:00,-999.0
2025-06-22 12:00:00,-999.0
2025-06-22 13:00:00,-999.0
2025-06-22 14:00:00,-999.0
2025-06-22 15:00:00,-999.0
2025-06-22 16:00:00,-999.0
2025-06-22 17:00:00,-999.0
2025-06-22 18:00:00,-999.0
2025-06-22 19:00:00,-999.0
2025-06-22 20:00:00,-999.0
2025-06-22 21:00:00,-999.0
2025-06-22 22:00:00,-999.0
2025-06-22 23:00:00,-999.0
2025-06-23 00:00:00,-999.0
2025-06-23 01:00:00,-999.0
2025-06-23 02:00:00,-999.0
2025-06-23 03:00:00,-999.0
2025-06-23 04:00:00,-999.0
2025-06-23 05:00:00,-999.0
2025-06-23 06:00:00,-999.0
2025-06-23 07:00:00,-999.0
2025-06-23 08:00:00,-999.0
2025-06-23 09:00:00,-999.0
2025-06-23 10:00:00,-999.0
2025-06-23 11:00:00,-999.0
2025-06-23 12:00:00,-999.0
2025-06-23 13:00:00,-999.0
2025-06-23 14:00:00,-999.0
2025-06-23 15:00:00,-999.0
2025-06-23 16:00:00,-999.0
2025-06-23 17:00:00,-999.0
2025-06-23 18:00:00,-999.0
2025-06-23 19:00:00,-999.0
2025-06-23 20:00:00,-999.0
2025-06-23 21:00:00,-999.0
2025-06-23 22:00:00,-999.0
2025-06-23 23:00:00,-999.0
2025-06-24 00:00:00,-999.0
2025-06-24 01:00:00,-999.0
2025-06-24 02:00:00,-999.0
2025-06-24 03:00:00,-999.0
2025-06-24 04:00:00,-999.0
2025-06-24 05:00:00,-999.0
2025-06-24 06:00:00,-999.0
2025-06-24 07:00:00,-999.0
2025-06-24 08:00:00,-999.0
2025-06-24 09:00:00,-999.0
2025-06-24 10:00:00,-999.0
2025-06-24 11:00:00,-999.0
2025-06-24 12:00:00,-999.0
2025-06-24 13:00:00,-999.0
2025-06-24 14:00:00,-999.0
2025-06-24 15:00:00,-999.0
2025-06-24 16:00:00,-999.0
2025-06-24 17:00:00,-999.0
2025-06-24 18:00:00,-999.0
2025-06-24 19:00:00,-999.0
2025-06-24 20:00:00,-999.0
2025-06-24 21:00:00,-999.0
2025-06-24 22:00:00,-999.0
2025-06-24 23:00:00,-999.0
2025-06-25 00:00:00,-999.0
2025-06-25 01:00:00,-999.0
2025-06-25 02:00:00,-999.0
2025-06-25 03:00:00,-999.0
2025-06-25 04:00:00,-999.0
2025-06-25 05:00:00,-999.0
2025-06-25 06:00:00,-999.0
2025-06-25 07:00:00,-999.0
2025-06-25 08:00:00,-999.0
2025-06-25 09:00:00,-999.0
2025-06-25 10:00:00,-999.0
2025-06-25 11:00:00,-999.0
2025-06-25 12:00:00,-999.0
2025-06-25 13:00:00,-999.0
2025-06-25 14:00:00,-999.0
2025-06-25 15:00:00,-999.0
2025-06-25 16:00:00,-999.0
2025-06-25 17:00:00,-999.0
2025-06-25 18:00:00,-999.0
2025-06-25 19:00:00,-999.0
2025-06-25 20:00:00,-999.0
2025-06-25 21:00:00,-999.0
2025-06-25 22:00:00,-999.0
2025-06-25 23:00:00,-999.0
2025-06-26 00:00:00,-999.0
2025-06-26 01:00:00,-999.0
2025-06-26 02:00:00,-999.0
2025-06-26 03:00:00,-999.0
2025-06-26 04:00:00,-999.0
2025-06-26 05:00:00,-999.0
2025-06-26 06:00:00,-999.0
2025-06-26 07:00:00,-999.0
2025-06-26 08:00:00,-999.0
2025-06-26 09:00:00,-999.0
2025-06-26 10:00:00,-999.0
2025-06-26 11:00:00,-999.0
2025-06-26 12:00:00,-999.0
2025-06-26 13:00:00,-999.0
2025-06-26 14:00:00,-999.0
2025-06-26 15:00:00,-999.0
2025-06-26 16:00:00,-999.0
2025-06-26 17:00:00,-999.0
2025-06-26 18:00:00,-999.0
2025-06-26 19:00:00,-999.0
2025-06-26 20:00:00,-999.0
2025-06-26 21:00:00,-999.0
2025-06-26 22:00:00,-999.0
2025-06-26 23:00:00,-999.0
2025-06-27 00:00:00,-999.0
2025-06-27 01:00:00,-999.0
2025-06-27 02:00:00,-999.0
2025-06-27 03:00:00,-999.0
2025-06-27 04:00:00,-999.0
2025-06-27 05:00:00,-999.0
2025-06-27 06:00:00,-999.0
2025-06-27 07:00:00,-999.0
2025-06-27 08:00:00,-999.0
2025-06-27 09:00:00,-999.0
2025-06-27 10:00:00,-999.0
2025-06-27 11:00:00,-999.0
2025-06-27 12:00:00,-999.0
2025-06-27 13:00:00,-999.0
2025-06-27 14:00:00,-999.0
2025-06-27 15:00:00,-999.0
2025-06-27 16:00:00,-999.0
2025-06-27 17:00:00,-999.0
2025-06-27 18:00:00,-999.0
2025-06-27 19:00:00,-999.0
2025-06-27 20:00:00,-999.0
2025-06-27 21:00:00,-999.0
2025-06-27 22:00:00,-999.0
2025-06-27 23:00:00,-999.0
2025-06-28 00:00:00,-999.0
2025-06-28 01:00:00,-999.0
2025-06-28 02:00:00,-999.0
2025-06-28 03:00:00,-999.0
2025-06-28 04:00:00,-999.0
2025-06-28 05:00:00,-999.0
2025-06-28 06:00:00,-999.0
2025-06-28 07:00:00,-999.0
2025-06-28 08:00:00,-999.0
2025-06-28 09:00:00,-999.0
2025-06-28 10:00:00,-999.0
2025-06-28 11:00:00,-999.0
2025-06-28 12:00:00,-999.0
2025-06-28 13:00:00,-999.0
2025-06-28 14:00:00,-999.0
2025-06-28 15:00:00,-999.0
2025-06-28 16:00:00,-999.0
2025-06-28 17:00:00,-999.0
2025-06-28 18:00:00,-999.0
2025-06-28 19:00:00,-999.0
2025-06-28 20:00:00,-999.0
2025-06-28 21:00:00,-999.0
2025-06-28 22:00:00,-999.0
2025-06-28 23:00:00,-999.0
2025-06-29 00:00:00,-999.0
2025-06-29 01:00:00,-999.0
2025-06-29 02:00:00,-999.0
2025-06-29 03:00:00,-999.0
2025-06-29 04:00:00,-999.0
2025-06-29 05:00:00,-999.0
2025-06-29 06:00:00,-999.0
2025-06-29 07:00:00,-999.0
2025-06-29 08:00:00,-999.0
2025-06-29 09:00:00,-999.0
2025-06-29 10:00:00,-999.0
2025-06-29 11:00:00,-999.0
2025-06-29 12:00:00,-999.0
2025-06-29 13:00:00,-999.0
2025-06-29 14:00:00,-999.0
2025-06-29 15:00:00,-999.0
2025-06-29 16:00:00,-999.0
2025-06-29 17:00:00,-999.0
2025-06-29 18:00:00,-999.0
2025-06-29 19:00:00,-999.0
2025-06-29 20:00:00,-999.0
2025-06-29 21:00:00,-999.0
2025-06-29 22:00:00,-999.0
2025-06-29 23:00:00,-999.0
2025-06-30 00:00:00,-999.0
2025-06-30 01:00:00,-999.0
2025-06-30 02:00:00,-999.0
2025-06-30 03:00:00,-999.0
2025-06-30 04:00:00,-999.0
2025-06-30 05:00:00,-999.0
2025-06-30 06:00:00,-999.0
2025-06-30 07:00:00,-999.0
2025-06-30 08:00:00,-999.0
2025-06-30 09:00:00,-999.0
2025-06-30 10:00:00,-999.0
2025-06-30 11:00:00,-999.0
2025-06-30 12:00:00,-999.0
2025-06-30 13:00:00,-999.0
2025-06-30 14:00:00,-999.0
2025-06-30 15:00:00,-999.0
2025-06-30 16:00:00,-999.0
2025-06-30 17:00:00,-999.0
2025-06-30 18:00:00,-999.0
2025-06-30 19:00:00,-999.0
2025-06-30 20:00:00,-999.0
2025-06-30 21:00:00,-999.0
2025-06-30 22:00:00,-999.0
2025-06-30 23:00:00,-999.0
2025-07-01 00:00:00,-999.0
2025-07-01 01:00:00,-999.0
2025-07-01 02:00:00,-999.0
2025-07-01 03:00:00,-999.0
2025-07-01 04:00:00,-999.0
2025-07-01 05:00:00,-999.0
2025-07-01 06:00:00,-999.0
2025-07-01 07:00:00,-999.0
2025-07-01 08:00:00,-999.0
2025-07-01 09:00:00,-999.0
2025-07-01 10:00:00,-999.0
2025-07-01 11:00:00,-999.0
2025-07-01 12:00:00,-999.0
2025-07-01 13:00:00,-999.0
2025-07-01 14:00:00,-999.0
2025-07-01 15:00:00,-999.0
2025-07-01 16:00:00,-999.0
2025-07-01 17:00:00,-999.0
2025-07-01 18:00:00,-999.0
2025-07-01 19:00:00,-999.0
2025-07-01 20:00:00,-999.0
2025-07-01 21:00:00,-999.0
2025-07-01 22:00:00,-999.0
2025-07-01 23:00:00,-999.0
2025-07-02 00:00:00,-999.0
2025-07-02 01:00:00,-999.0
2025-07-02 02:00:00,-999.0
2025-07-02 03:00:00,-999.0
2025-07-02 04:00:00,-999.0
2025-07-02 05:00:00,-999.0
2025-07-02 06:00:00,-999.0
2025-07-02 07:00:00,-999.0
2025-07-02 08:00:00,-999.0
2025-07-02 09:00:00,-999.0
2025-07-02 10:00:00,-999.0
2025-07-02 11:00:00,-999.0
2025-07-02 12:00:00,-999.0
2025-07-02 13:00:00,-999.0
2025-07-02 14:00:00,-999.0
2025-07-02 15:00:00,-999.0
2025-07-02 16:00:00,-999.0
2025-07-02 17:00:00,-999.0
2025-07-02 18:00:00,-999.0
2025-07-02 19:00:00,-999.0
2025-07-02 20:00:00,-999.0
2025-07-02 21:00:00,-999.0
2025-07-02 22:00:00,-999.0
2025-07-02 23:00:00,-999.0
2025-07-03 00:00:00,-999.0
2025-07-03 01:00:00,-999.0
2025-07-03 02:00:00,-999.0
2025-07-03 03:00:00,-999.0
2025-07-03 04:00:00,-999.0
2025-07-03 05:00:00,-999.0
2025-07-03 06:00:00,-999.0
2025-07-03 07:00:00,-999.0
2025-07-03 08:00:00,-999.0
2025-07-03 09:00:00,-999.0
2025-07-03 10:00:00,-999.0
2025-07-03 11:00:00,-999.0
2025-07-03 12:00:00,-999.0
2025-07-03 13:00:00,-999.0
2025-07-03 14:00:00,-999.0
2025-07-03 15:00:00,-999.0
2025-07-03 16:00:00,-999.0
2025-07-03 17:00:00,-999.0
2025-07-03 18:00:00,-999.0
2025-07-03 19:00:00,-999.0
2025-07-03 20:00:00,-999.0
2025-07-03 21:00:00,-999.0
2025-07-03 22:00:00,-999.0
2025-07-03 23:00:00,-999.0
2025-07-04 00:00:00,-999.0
2025-07-04 01:00:00,-999.0
2025-07-04 02:00:00,-999.0
2025-07-04 03:00:00,-999.0
2025-07-04 04:00:00,-999.0
2025-07-04 05:00:00,-999.0
2025-07-04 06:00:00,-999.0
2025-07-04 07:00:00,-999.0
2025-07-04 08:00:00,-999.0
2025-07-04 09:00:00,-999.0
2025-07-04 10:00:00,-999.0
2025-07-04 11:00:00,-999.0
2025-07-04 12:00:00,-999.0
2025-07-04 13:00:00,-999.0
2025-07-04 14:00:00,-999.0
2025-07-04 15:00:00,-999.0
2025-07-04 16:00:00,-999.0
2025-07-04 17:00:00,-999.0
2025-07-04 18:00:00,-999.0
2025-07-04 19:00:00,-999.0
2025-07-04 20:00:00,-999.0
2025-07-04 21:00:00,-999.0
2025-07-04 22:00:00,-999.0
2025-07-04 23:00:00,-999.0
2025-07-05 00:00:00,-999.0
2025-07-05 01:00:00,-999.0
2025-07-05 02:00:00,-999.0
2025-07-05 03:00:00,-999.0
2025-07-05 04:00:00,-999.0
2025-07-05 05:00:00,-999.0
2025-07-05 06:00:00,-999.0
2025-07-05 07:00:00,-999.0
2025-07-05 08:00:00,-999.0
2025-07-05 09:00:00,-999.0
2025-07-05 10:00:00,-999.0
2025-07-05 11:00:00,-999.0
2025-07-05 12:00:00,-999.0
2025-07-05 13:00:00,-999.0
2025-07-05 14:00:00,-999.0
2025-07-05 15:00:00,-999.0
2025-07-05 16:00:00,-999.0
2025-07-05 17:00:00,-999.0
2025-07-05 18:00:00,-999.0
2025-07-05 19:00:00,-999.0
2025-07-05 20:00:00,-999.0
2025-07-05 21:00:00,-999.0
2025-07-05 22:00:00,-999.0
2025-07-05 23:00:00,-999.0
2025-07-06 00:00:00,-999.0
2025-07-06 01:00:00,-999.0
2025-07-06 02:00:00,-999.0
2025-07-06 03:00:00,-999.0
2025-07-06 04:00:00,-999.0
2025-07-06 05:00:00,-999.0
2025-07-06 06:00:00,-999.0
2025-07-06 07:00:00,-999.0
2025-07-06 08:00:00,-999.0
2025-07-06 09:00:00,-999.0
2025-07-06 10:00:00,-999.0
2025-07-06 11:00:00,-999.0
2025-07-06 12:00:00,-999.0
2025-07-06 13:00:00,-999.0
2025-07-06 14:00:00,-999.0
2025-07-06 15:00:00,-999.0
2025-07-06 16:00:00,-999.0
2025-07-06 17:00:00,-999.0
2025-07-06 18:00:00,-999.0
2025-07-06 19:00:00,-999.0
2025-07-06 20:00:00,-999.0
2025-07-06 21:00:00,-999.0
2025-07-06 22:00:00,-999.0
2025-07-06 23:00:00,-999.0
2025-07-07 00:00:00,-999.0
2025-07-07 01:00:00,-999.0
2025-07-07 02:00:00,-999.0
2025-07-07 03:00:00,-999.0
2025-07-07 04:00:00,-999.0
2025-07-07 05:00:00,-999.0
2025-07-07 06:00:00,-999.0
2025-07-07 07:00:00,-999.0
2025-07-07 08:00:00,-999.0
2025-07-07 09:00:00,-999.0
2025-07-07 10:00:00,-999.0
2025-07-07 11:00:00,-999.0
2025-07-07 12:00:00,-999.0
2025-07-07 13:00:00,-999.0
2025-07-07 14:00:00,-999.0
2025-07-07 15:00:00,-999.0
2025-07-07 16:00:00,-999.0
2025-07-07 17:00:00,-999.0
2025-07-07 18:00:00,-999.0
2025-07-07 19:00:00,-999.0
2025-07-07 20:00:00,-999.0
2025-07-07 21:00:00,-999.0
2025-07-07 22:00:00,-999.0
2025-07-07 23:00:00,-999.0
2025-07-08 00:00:00,-999.0
2025-07-08 01:00:00,-999.0
2025-07-08 02:00:00,-999.0
2025-07-08 03:00:00,-999.0
2025-07-08 04:00:00,-999.0
2025-07-08 05:00:00,-999.0
2025-07-08 06:00:00,-999.0
2025-07-08 07:00:00,-999.0
2025-07-08 08:00:00,-999.0
2025-07-08 09:00:00,-999.0
2025-07-08 10:00:00,-999.0
2025-07-08 11:00:00,-999.0
2025-07-08 12:00:00,-999.0
2025-07-08 13:00:00,-999.0
2025-07-08 14:00:00,-999.0
2025-07-08 15:00:00,-999.0
2025-07-08 16:00:00,-999.0
2025-07-08 17:00:00,-999.0
2025-07-08 18:00:00,-999.0
2025-07-08 19:00:00,-999.0
2025-07-08 20:00:00,-999.0
2025-07-08 21:00:00,-999.0
2025-07-08 22:00:00,-999.0
2025-07-08 23:00:00,-999.0
2025-07-09 00:00:00,-999.0
2025-07-09 01:00:00,-999.0
2025-07-09 02:00:00,-999.0
2025-07-09 03:00:00,-999.0
2025-07-09 04:00:00,-999.0
2025-07-09 05:00:00,-999.0
2025-07-09 06:00:00,-999.0
2025-07-09 07:00:00,-999.0
2025-07-09 08:00:00,-999.0
2025-07-09 09:00:00,-999.0
2025-07-09 10:00:00,-999.0
2025-07-09 11:00:00,-999.0
2025-07-09 12:00:00,-999.0
2025-07-09 13:00:00,-999.0
2025-07-09 14:00:00,-999.0
2025-07-09 15:00:00,-999.0
2025-07-09 16:00:00,-999.0
2025-07-09 17:00:00,-999.0
2025-07-09 18:00:00,-999.0
2025-07-09 19:00:00,-999.0
2025-07-09 20:00:00,-999.0
2025-07-09 21:00:00,-999.0
2025-07-09 22:00:00,-999.0
2025-07-09 23:00:00,-999.0
2025-07-10 00:00:00,-999.0
2025-07-10 01:00:00,-999.0
2025-07-10 02:00:00,-999.0
2025-07-10 03:00:00,-999.0
2025-07-10 04:00:00,-999.0
2025-07-10 05:00:00,-999.0
2025-07-10 06:00:00,-999.0
2025-07-10 07:00:00,-999.0
2025-07-10 08:00:00,-999.0
2025-07-10 09:00:00,-999.0
2025-07-10 10:00:00,-999.0
2025-07-10 11:00:00,-999.0
2025-07-10 12:00:00,-999.0
2025-07-10 13:00:00,-999.0
2025-07-10 14:00:00,-999.0
2025-07-10 15:00:00,-999.0
2025-07-10 16:00:00,-999.0
2025-07-10 17:00:00,-999.0
2025-07-10 18:00:00,-999.0
2025-07-10 19:00:00,-999.0
2025-07-10 20:00:00,-999.0
2025-07-10 21:00:00,-999.0
2025-07-10 22:00:00,-999.0
2025-07-10 23:00:00,-999.0
2025-07-11 00:00:00,-999.0
2025-07-11 01:00:00,-999.0
2025-07-11 02:00:00,-999.0
2025-07-11 03:00:00,-999.0
2025-07-11 04:00:00,-999.0
2025-07-11 05:00:00,-999.0
2025-07-11 06:00:00,-999.0
2025-07-11 07:00:00,-999.0
2025-07-11 08:00:00,-999.0
2025-07-11 09:00:00,-999.0
2025-07-11 10:00:00,-999.0
2025-07-11 11:00:00,-999.0
2025-07-11 12:00:00,-999.0
2025-07-11 13:00:00,-999.0
2025-07-11 14:00:00,-999.0
2025-07-11 15:00:00,-999.0
2025-07-11 16:00:00,-999.0
2025-07-11 17:00:00,-999.0
2025-07-11 18:00:00,-999.0
2025-07-11 19:00:00,-999.0
2025-07-11 20:00:00,-999.0
2025-07-11 21:00:00,-999.0
2025-07-11 22:00:00,-999.0
2025-07-11 23:00:00,-999.0
2025-07-12 00:00:00,-999.0
2025-07-12 01:00:00,-999.0
2025-07-12 02:00:00,-999.0
2025-07-12 03:00:00,-999.0
2025-07-12 04:00:00,-999.0
2025-07-12 05:00:00,-999.0
2025-07-12 06:00:00,-999.0
2025-07-12 07:00:00,-999.0
2025-07-12 08:00:00,-999.0
2025-07-12 09:00:00,-999.0
2025-07-12 10:00:00,-999.0
2025-07-12 11:00:00,-999.0
2025-07-12 12:00:00,-999.0
2025-07-12 13:00:00,-999.0
2025-07-12 14:00:00,-999.0
2025-07-12 15:00:00,-999.0
2025-07-12 16:00:00,-999.0
2025-07-12 17:00:00,-999.0
2025-07-12 18:00:00,-999.0
2025-07-12 19:00:00,-999.0
2025-07-12 20:00:00,-999.0
2025-07-12 21:00:00,-999.0
2025-07-12 22:00:00,-999.0
2025-07-12 23:00:00,-999.0
2025-07-13 00:00:00,-999.0
2025-07-13 01:00:00,-999.0
2025-07-13 02:00:00,-999.0
2025-07-13 03:00:00,-999.0
2025-07-13 04:00:00,-999.0
2025-07-13 05:00:00,-999.0
2025-07-13 06:00:00,-999.0
2025-07-13 07:00:00,-999.0
2025-07-13 08:00:00,-999.0
2025-07-13 09:00:00,-999.0
2025-07-13 10:00:00,-999.0
2025-07-13 11:00:00,-999.0
2025-07-13 12:00:00,-999.0
2025-07-13 13:00:00,-999.0
2025-07-13 14:00:00,-999.0
2025-07-13 15:00:00,-999.0
2025-07-13 16:00:00,-999.0
2025-07-13 17:00:00,-999.0
2025-07-13 18:00:00,-999.0
2025-07-13 19:00:00,-999.0
2025-07-13 20:00:00,-999.0
2025-07-13 21:00:00,-999.0
2025-07-13 22:00:00,-999.0
2025-07-13 23:00:00,-999.0
2025-07-14 00:00:00,-999.0
2025-07-14 01:00:00,-999.0
2025-07-14 02:00:00,-999.0
2025-07-14 03:00:00,-999.0
2025-07-14 04:00:00,-999.0
2025-07-14 05:00:00,-999.0
2025-07-14 06:00:00,-999.0
2025-07-14 07:00:00,-999.0
2025-07-14 08:00:00,-999.0
2025-07-14 09:00:00,-999.0
2025-07-14 10:00:00,-999.0
2025-07-14 11:00:00,-999.0
2025-07-14 12:00:00,-999.0
2025-07-14 13:00:00,-999.0
2025-07-14 14:00:00,-999.0
2025-07-14 15:00:00,-999.0
2025-07-14 16:00:00,-999.0
2025-07-14 17:00:00,-999.0
2025-07-14 18:00:00,-999.0
2025-07-14 19:00:00,-999.0
2025-07-14 20:00:00,-999.0
2025-07-14 21:00:00,-999.0
2025-07-14 22:00:00,-999.0
2025-07-14 23:00:00,-999.0
2025-07-15 00:00:00,-999.0
2025-07-15 01:00:00,-999.0
2025-07-15 02:00:00,-999.0
2025-07-15 03:00:00,-999.0
2025-07-15 04:00:00,-999.0
2025-07-15 05:00:00,-999.0
2025-07-15 06:00:00,-999.0
2025-07-15 07:00:00,-999.0
2025-07-15 08:00:00,-999.0
2025-07-15 09:00:00,-999.0
2025-07-15 10:00:00,-999.0
2025-07-15 11:00:00,-999.0
2025-07-15 12:00:00,-999.0
2025-07-15 13:00:00,-999.0
2025-07-15 14:00:00,-999.0
2025-07-15 15:00:00,-999.0
2025-07-15 16:00:00,-999.0
2025-07-15 17:00:00,-999.0
2025-07-15 18:00:00,-999.0
2025-07-15 19:00:00,-999.0
2025-07-15 20:00:00,-999.0
2025-07-15 21:00:00,-999.0
2025-07-15 22:00:00,-999.0
2025-07-15 23:00:00,-999.0
2025-07-16 00:00:00,-999.0
2025-07-16 01:00:00,-999.0
2025-07-16 02:00:00,-999.0
2025-07-16 03:00:00,-999.0
2025-07-16 04:00:00,-999.0
2025-07-16 05:00:00,-999.0
2025-07-16 06:00:00,-999.0
2025-07-16 07:00:00,-999.0
2025-07-16 08:00:00,-999.0
2025-07-16 09:00:00,-999.0
2025-07-16 10:00:00,-999.0
2025-07-16 11:00:00,-999.0
2025-07-16 12:00:00,-999.0
2025-07-16 13:00:00,-999.0
2025-07-16 14:00:00,-999.0
2025-07-16 15:00:00,-999.0
2025-07-16 16:00:00,-999.0
2025-07-16 17:00:00,-999.0
2025-07-16 18:00:00,-999.0
2025-07-16 19:00:00,-999.0
2025-07-16 20:00:00,-999.0
2025-07-16 21:00:00,-999.0
2025-07-16 22:00:00,-999.0
2025-07-16 23:00:00,-999.0
2025-07-17 00:00:00,-999.0
2025-07-17 01:00:00,-999.0
2025-07-17 02:00:00,-999.0
2025-07-17 03:00:00,-999.0
2025-07-17 04:00:00,-999.0
2025-07-17 05:00:00,-999.0
2025-07-17 06:00:00,-999.0
2025-07-17 07:00:00,-999.0
2025-07-17 08:00:00,-999.0
2025-07-17 09:00:00,-999.0
2025-07-17 10:00:00,-999.0
2025-07-17 11:00:00,-999.0
2025-07-17 12:00:00,-999.0
2025-07-17 13:00:00,-999.0
2025-07-17 14:00:00,-999.0
2025-07-17 15:00:00,-999.0
2025-07-17 16:00:00,-999.0
2025-07-17 17:00:00,-999.0
2025-07-17 18:00:00,-999.0
2025-07-17 19:00:00,-999.0
2025-07-17 20:00:00,-999.0
2025-07-17 21:00:00,-999.0
2025-07-17 22:00:00,-999.0
2025-07-17 23:00:00,-999.0
2025-07-18 00:00:00,-999.0
2025-07-18 01:00:00,-999.0
2025-07-18 02:00:00,-999.0
2025-07-18 03:00:00,-999.0
2025-07-18 04:00:00,-999.0
2025-07-18 05:00:00,-999.0
2025-07-18 06:00:00,-999.0
2025-07-18 07:00:00,-999.0
2025-07-18 08:00:00,-999.0
2025-07-18 09:00:00,-999.0
2025-07-18 10:00:00,-999.0
2025-07-18 11:00:00,-999.0
2025-07-18 12:00:00,-999.0
2025-07-18 13:00:00,-999.0
2025-07-18 14:00:00,-999.0
2025-07-18 15:00:00,-999.0
2025-07-18 16:00:00,-999.0
2025-07-18 17:00:00,-999.0
2025-07-18 18:00:00,-999.0
2025-07-18 19:00:00,-999.0
2025-07-18 20:00:00,-999.0
2025-07-18 21:00:00,-999.0
2025-07-18 22:00:00,-999.0
2025-07-18 23:00:00,-999.0
2025-07-19 00:00:00,-999.0
2025-07-19 01:00:00,-999.0
2025-07-19 02:00:00,-999.0
2025-07-19 03:00:00,-999.0
2025-07-19 04:00:00,-999.0
2025-07-19 05:00:00,-999.0
2025-07-19 06:00:00,-999.0
2025-07-19 07:00:00,-999.0
2025-07-19 08:00:00,-999.0
2025-07-19 09:00:00,-999.0
2025-07-19 10:00:00,-999.0
2025-07-19 11:00:00,-999.0
2025-07-19 12:00:00,-999.0
2025-07-19 13:00:00,-999.0
2025-07-19 14:00:00,-999.0
2025-07-19 15:00:00,-999.0
2025-07-19 16:00:00,-999.0
2025-07-19 17:00:00,-999.0
2025-07-19 18:00:00,-999.0
2025-07-19 19:00:00,-999.0
2025-07-19 20:00:00,-999.0
2025-07-19 21:00:00,-999.0
2025-07-19 22:00:00,-999.0
2025-07-19 23:00:00,-999.0
2025-07-20 00:00:00,-999.0
2025-07-20 01:00:00,-999.0
2025-07-20 02:00:00,-999.0
2025-07-20 03:00:00,-999.0
2025-07-20 04:00:00,-999.0
2025-07-20 05:00:00,-999.0
2025-07-20 06:00:00,-999.0
2025-07-20 07:00:00,-999.0
2025-07-20 08:00:00,-999.0
2025-07-20 09:00:00,-999.0
2025-07-20 10:00:00,-999.0
2025-07-20 11:00:00,-999.0
2025-07-20 12:00:00,-999.0
2025-07-20 13:00:00,-999.0
2025-07-20 14:00:00,-999.0
2025-07-20 15:00:00,-999.0
2025-07-20 16:00:00,-999.0
2025-07-20 17:00:00,-999.0
2025-07-20 18:00:00,-999.0
2025-07-20 19:00:00,-999.0
2025-07-20 20:00:00,-999.0
2025-07-20 21:00:00,-999.0
2025-07-20 22:00:00,-999.0
2025-07-20 23:00:00,-999.0
2025-07-21 00:00:00,-999.0
2025-07-21 01:00:00,-999.0
2025-07-21 02:00:00,-999.0
2025-07-21 03:00:00,-999.0
2025-07-21 04:00:00,-999.0
2025-07-21 05:00:00,-999.0
2025-07-21 06:00:00,-999.0
2025-07-21 07:00:00,-999.0
2025-07-21 08:00:00,-999.0
2025-07-21 09:00:00,-999.0
2025-07-21 10:00:00,-999.0
2025-07-21 11:00:00,-999.0
2025-07-21 12:00:00,-999.0
2025-07-21 13:00:00,-999.0
2025-07-21 14:00:00,-999.0
2025-07-21 15:00:00,-999.0
2025-07-21 16:00:00,-999.0
2025-07-21 17:00:00,-999.0
2025-07-21 18:00:00,-999.0
2025-07-21 19:00:00,-999.0
2025-07-21 20:00:00,-999.0
2025-07-21 21:00:00,-999.0
2025-07-21 22:00:00,-999.0
2025-07-21 23:00:00,-999.0
2025-07-22 00:00:00,-999.0
2025-07-22 01:00:00,-999.0
2025-07-22 02:00:00,-999.0
2025-07-22 03:00:00,-999.0
2025-07-22 04:00:00,-999.0
2025-07-22 05:00:00,-999.0
2025-07-22 06:00:00,-999.0
2025-07-22 07:00:00,-999.0
2025-07-22 08:00:00,-999.0
2025-07-22 09:00:00,-999.0
2025-07-22 10:00:00,-999.0
2025-07-22 11:00:00,-999.0
2025-07-22 12:00:00,-999.0
2025-07-22 13:00:00,-999.0
2025-07-22 14:00:00,-999.0
2025-07-22 15:00:00,-999.0
2025-07-22 16:00:00,-999.0
2025-07-22 17:00:00,-999.0
2025-07-22 18:00:00,-999.0
2025-07-22 19:00:00,-999.0
2025-07-22 20:00:00,-999.0
2025-07-22 21:00:00,-999.0
2025-07-22 22:00:00,-999.0
2025-07-22 23:00:00,-999.0
2025-07-23 00:00:00,-999.0
2025-07-23 01:00:00,-999.0
2025-07-23 02:00:00,-999.0
2025-07-23 03:00:00,-999.0
2025-07-23 04:00:00,-999.0
2025-07-23 05:00:00,-999.0
2025-07-23 06:00:00,-999.0
2025-07-23 07:00:00,-999.0
2025-07-23 08:00:00,-999.0
2025-07-23 09:00:00,-999.0
2025-07-23 10:00:00,-999.0
2025-07-23 11:00:00,-999.0
2025-07-23 12:00:00,-999.0
2025-07-23 13:00:00,-999.0
2025-07-23 14:00:00,-999.0
2025-07-23 15:00:00,-999.0
2025-07-23 16:00:00,-999.0
2025-07-23 17:00:00,-999.0
2025-07-23 18:00:00,-999.0
2025-07-23 19:00:00,-999.0
2025-07-23 20:00:00,-999.0
2025-07-23 21:00:00,-999.0
2025-07-23 22:00:00,-999.0
2025-07-23 23:00:00,-999.0
2025-07-24 00:00:00,-999.0
2025-07-24 01:00:00,-999.0
2025-07-24 02:00:00,-999.0
2025-07-24 03:00:00,-999.0
2025-07-24 04:00:00,-999.0
2025-07-24 05:00:00,-999.0
2025-07-24 06:00:00,-999.0
2025-07-24 07:00:00,-999.0
2025-07-24 08:00:00,-999.0
2025-07-24 09:00:00,-999.0
2025-07-24 10:00:00,-999.0
2025-07-24 11:00:00,-999.0
2025-07-24 12:00:00,-999.0
2025-07-24 13:00:00,-999.0
2025-07-24 14:00:00,-999.0
2025-07-24 15:00:00,-999.0
2025-07-24 16:00:00,-999.0
2025-07-24 17:00:00,-999.0
2025-07-24 18:00:00,-999.0
2025-07-24 19:00:00,-999.0
2025-07-24 20:00:00,-999.0
2025-07-24 21:00:00,-999.0
2025-07-24 22:00:00,-999.0
2025-07-24 23:00:00,-999.0
2025-07-25 00:00:00,-999.0
2025-07-25 01:00:00,-999.0
2025-07-25 02:00:00,-999.0
2025-07-25 03:00:00,-999.0
2025-07-25 04:00:00,-999.0
2025-07-25 05:00:00,-999.0
2025-07-25 06:00:00,-999.0
2025-07-25 07:00:00,-999.0
2025-07-25 08:00:00,-999.0
2025-07-25 09:00:00,-999.0
2025-07-25 10:00:00,-999.0
2025-07-25 11:00:00,-999.0
2025-07-25 12:00:00,-999.0
2025-07-25 13:00:00,-999.0
2025-07-25 14:00:00,-999.0
2025-07-25 15:00:00,-999.0
2025-07-25 16:00:00,-999.0
2025-07-25 17:00:00,-999.0
2025-07-25 18:00:00,-999.0
2025-07-25 19:00:00,-999.0
2025-07-25 20:00:00,-999.0
2025-07-25 21:00:00,-999.0
2025-07-25 22:00:00,-999.0
2025-07-25 23:00:00,-999.0
2025-07-26 00:00:00,-999.0
2025-07-26 01:00:00,-999.0
2025-07-26 02:00:00,-999.0
2025-07-26 03:00:00,-999.0
2025-07-26 04:00:00,-999.0
2025-07-26 05:00:00,-999.0
2025-07-26 06:00:00,-999.0
2025-07-26 07:00:00,-999.0
2025-07-26 08:00:00,-999.0
2025-07-26 09:00:00,-999.0
2025-07-26 10:00:00,-999.0
2025-07-26 11:00:00,-999.0
2025-07-26 12:00:00,-999.0
2025-07-26 13:00:00,-999.0
2025-07-26 14:00:00,-999.0
2025-07-26 15:00:00,-999.0
2025-07-26 16:00:00,-999.0
2025-07-26 17:00:00,-999.0
2025-07-26 18:00:00,-999.0
2025-07-26 19:00:00,-999.0
2025-07-26 20:00:00,-999.0
2025-07-26 21:00:00,-999.0
2025-07-26 22:00:00,-999.0
2025-07-26 23:00:00,-999.0
2025-07-27 00:00:00,-999.0
2025-07-27 01:00:00,-999.0
2025-07-27 02:00:00,-999.0
2025-07-27 03:00:00,-999.0
2025-07-27 04:00:00,-999.0
2025-07-27 05:00:00,-999.0
2025-07-27 06:00:00,-999.0
2025-07-27 07:00:00,-999.0
2025-07-27 08:00:00,-999.0
2025-07-27 09:00:00,-999.0
2025-07-27 10:00:00,-999.0
2025-07-27 11:00:00,-999.0
2025-07-27 12:00:00,-999.0
2025-07-27 13:00:00,-999.0
2025-07-27 14:00:00,-999.0
2025-07-27 15:00:00,-999.0
2025-07-27 16:00:00,-999.0
2025-07-27 17:00:00,-999.0
2025-07-27 18:00:00,-999.0
2025-07-27 19:00:00,-999.0
2025-07-27 20:00:00,-999.0
2025-07-27 21:00:00,-999.0
2025-07-27 22:00:00,-999.0
2025-07-27 23:00:00,-999.0
2025-07-28 00:00:00,-999.0
2025-07-28 01:00:00,-999.0
2025-07-28 02:00:00,-999.0
2025-07-28 03:00:00,-999.0
2025-07-28 04:00:00,-999.0
2025-07-28 05:00:00,-999.0
2025-07-28 06:00:00,-999.0
2025-07-28 07:00:00,-999.0
2025-07-28 08:00:00,-999.0
2025-07-28 09:00:00,-999.0
2025-07-28 10:00:00,-999.0
2025-07-28 11:00:00,-999.0
2025-07-28 12:00:00,-999.0
2025-07-28 13:00:00,-999.0
2025-07-28 14:00:00,-999.0
2025-07-28 15:00:00,-999.0
2025-07-28 16:00:00,-999.0
2025-07-28 17:00:00,-999.0
2025-07-28 18:00:00,-999.0
2025-07-28 19:00:00,-999.0
2025-07-28 20:00:00,-999.0
2025-07-28 21:00:00,-999.0
2025-07-28 22:00:00,-999.0
2025-07-28 23:00:00,-999.0
2025-07-29 00:00:00,-999.0
2025-07-29 01:00:00,-999.0
2025-07-29 02:00:00,-999.0
2025-07-29 03:00:00,-999.0
2025-07-29 04:00:00,-999.0
2025-07-29 05:00:00,-999.0
2025-07-29 06:00:00,-999.0
2025-07-29 07:00:00,-999.0
2025-07-29 08:00:00,-999.0
2025-07-29 09:00:00,-999.0
2025-07-29 10:00:00,-999.0
2025-07-29 11:00:00,-999.0
2025-07-29 12:00:00,-999.0
2025-07-29 13:00:00,-999.0
2025-07-29 14:00:00,-999.0
2025-07-29 15:00:00,-999.0
2025-07-29 16:00:00,-999.0
2025-07-29 17:00:00,-999.0
2025-07-29 18:00:00,-999.0
2025-07-29 19:00:00,-999.0
2025-07-29 20:00:00,-999.0
2025-07-29 21:00:00,-999.0
2025-07-29 22:00:00,-999.0
2025-07-29 23:00:00,-999.0
2025-07-30 00:00:00,-999.0
2025-07-30 01:00:00,-999.0
2025-07-30 02:00:00,-999.0
2025-07-30 03:00:00,-999.0
2025-07-30 04:00:00,-999.0
2025-07-30 05:00:00,-999.0
2025-07-30 06:00:00,-999.0
2025-07-30 07:00:00,-999.0
2025-07-30 08:00:00,-999.0
2025-07-30 09:00:00,-999.0
2025-07-30 10:00:00,-999.0
2025-07-30 11:00:00,-999.0
2025-07-30 12:00:00,-999.0
2025-07-30 13:00:00,-999.0
2025-07-30 14:00:00,-999.0
2025-07-30 15:00:00,-999.0
2025-07-30 16:00:00,-999.0
2025-07-30 17:00:00,-999.0
2025-07-30 18:00:00,-999.0
2025-07-30 19:00:00,-999.0
2025-07-30 20:00:00,-999.0
2025-07-30 21:00:00,-999.0
2025-07-30 22:00:00,-999.0
2025-07-30 23:00:00,-999.0
2025-07-31 00:00:00,-999.0
2025-07-31 01:00:00,-999.0
2025-07-31 02:00:00,-999.0
2025-07-31 03:00:00,-999.0
2025-07-31 04:00:00,-999.0
2025-07-31 05:00:00,-999.0
2025-07-31 06:00:00,-999.0
2025-07-31 07:00:00,-999.0
2025-07-31 08:00:00,-999.0
2025-07-31 09:00:00,-999.0
2025-07-31 10:00:00,-999.0
2025-07-31 11:00:00,-999.0
2025-07-31 12:00:00,-999.0
2025-07-31 13:00:00,-999.0
2025-07-31 14:00:00,-999.0
2025-07-31 15:00:00,-999.0
2025-07-31 16:00:00,-999.0
2025-07-31 17:00:00,-999.0
2025-07-31 18:00:00,-999.0
2025-07-31 19:00:00,-999.0
2025-07-31 20:00:00,-999.0
2025-07-31 21:00:00,-999.0
2025-07-31 22:00:00,-999.0
2025-07-31 23:00:00,-999.0
2025-08-01 00:00:00,-999.0
2025-08-01 01:00:00,-999.0
2025-08-01 02:00:00,-999.0
2025-08-01 03:00:00,-999.0
2025-08-01 04:00:00,-999.0
2025-08-01 05:00:00,-999.0
2025-08-01 06:00:00,-999.0
2025-08-01 07:00:00,-999.0
2025-08-01 08:00:00,-999.0
2025-08-01 09:00:00,-999.0
2025-08-01 10:00:00,-999.0
2025-08-01 11:00:00,-999.0
2025-08-01 12:00:00,-999.0
2025-08-01 13:00:00,-999.0
2025-08-01 14:00:00,-999.0
2025-08-01 15:00:00,-999.0
2025-08-01 16:00:00,-999.0
2025-08-01 17:00:00,-999.0
2025-08-01 18:00:00,-999.0
2025-08-01 19:00:00,-999.0
2025-08-01 20:00:00,-999.0
2025-08-01 21:00:00,-999.0
2025-08-01 22:00:00,-999.0
2025-08-01 23:00:00,-999.0
2025-08-02 00:00:00,-999.0
2025-08-02 01:00:00,-999.0
2025-08-02 02:00:00,-999.0
2025-08-02 03:00:00,-999.0
2025-08-02 04:00:00,-999.0
2025-08-02 05:00:00,-999.0
2025-08-02 06:00:00,-999.0
2025-08-02 07:00:00,-999.0
2025-08-02 08:00:00,-999.0
2025-08-02 09:00:00,-999.0
2025-08-02 10:00:00,-999.0
2025-08-02 11:00:00,-999.0
2025-08-02 12:00:00,-999.0
2025-08-02 13:00:00,-999.0
2025-08-02 14:00:00,-999.0
2025-08-02 15:00:00,-999.0
2025-08-02 16:00:00,-999.0
2025-08-02 17:00:00,-999.0
2025-08-02 18:00:00,-999.0
2025-08-02 19:00:00,-999.0
2025-08-02 20:00:00,-999.0
2025-08-02 21:00:00,-999.0
2025-08-02 22:00:00,-999.0
2025-08-02 23:00:00,-999.0
