datetime,TOA_SW_DWN
2024-08-02 00:00:00,0.0
2024-08-02 01:00:00,0.0
2024-08-02 02:00:00,0.0
2024-08-02 03:00:00,0.0
2024-08-02 04:00:00,0.0
2024-08-02 05:00:00,27.05
2024-08-02 06:00:00,271.33
2024-08-02 07:00:00,555.83
2024-08-02 08:00:00,815.12
2024-08-02 09:00:00,1031.47
2024-08-02 10:00:00,1190.18
2024-08-02 11:00:00,1280.38
2024-08-02 12:00:00,1295.93
2024-08-02 13:00:00,1235.72
2024-08-02 14:00:00,1103.88
2024-08-02 15:00:00,909.33
2024-08-02 16:00:00,665.38
2024-08-02 17:00:00,388.58
2024-08-02 18:00:00,101.7
2024-08-02 19:00:00,0.0
2024-08-02 20:00:00,0.0
2024-08-02 21:00:00,0.0
2024-08-02 22:00:00,0.0
2024-08-02 23:00:00,0.0
2024-08-03 00:00:00,0.0
2024-08-03 01:00:00,0.0
2024-08-03 02:00:00,0.0
2024-08-03 03:00:00,0.0
2024-08-03 04:00:00,0.0
2024-08-03 05:00:00,26.02
2024-08-03 06:00:00,269.3
2024-08-03 07:00:00,554.28
2024-08-03 08:00:00,813.97
2024-08-03 09:00:00,1030.68
2024-08-03 10:00:00,1189.57
2024-08-03 11:00:00,1279.82
2024-08-03 12:00:00,1295.3
2024-08-03 13:00:00,1234.88
2024-08-03 14:00:00,1102.7
2024-08-03 15:00:00,907.75
2024-08-03 16:00:00,663.28
2024-08-03 17:00:00,385.95
2024-08-03 18:00:00,99.1
2024-08-03 19:00:00,0.0
2024-08-03 20:00:00,0.0
2024-08-03 21:00:00,0.0
2024-08-03 22:00:00,0.0
2024-08-03 23:00:00,0.0
2024-08-04 00:00:00,0.0
2024-08-04 01:00:00,0.0
2024-08-04 02:00:00,0.0
2024-08-04 03:00:00,0.0
2024-08-04 04:00:00,0.0
2024-08-04 05:00:00,25.02
2024-08-04 06:00:00,267.2
2024-08-04 07:00:00,552.62
2024-08-04 08:00:00,812.67
2024-08-04 09:00:00,1029.65
2024-08-04 10:00:00,1188.7
2024-08-04 11:00:00,1279.0
2024-08-04 12:00:00,1294.35
2024-08-04 13:00:00,1233.72
2024-08-04 14:00:00,1101.22
2024-08-04 15:00:00,905.88
2024-08-04 16:00:00,660.92
2024-08-04 17:00:00,383.12
2024-08-04 18:00:00,96.45
2024-08-04 19:00:00,0.0
2024-08-04 20:00:00,0.0
2024-08-04 21:00:00,0.0
2024-08-04 22:00:00,0.0
2024-08-04 23:00:00,0.0
2024-08-05 00:00:00,0.0
2024-08-05 01:00:00,0.0
2024-08-05 02:00:00,0.0
2024-08-05 03:00:00,0.0
2024-08-05 04:00:00,0.0
2024-08-05 05:00:00,24.02
2024-08-05 06:00:00,265.1
2024-08-05 07:00:00,550.95
2024-08-05 08:00:00,811.35
2024-08-05 09:00:00,1028.57
2024-08-05 10:00:00,1187.78
2024-08-05 11:00:00,1278.1
2024-08-05 12:00:00,1293.35
2024-08-05 13:00:00,1232.5
2024-08-05 14:00:00,1099.68
2024-08-05 15:00:00,903.9
2024-08-05 16:00:00,658.5
2024-08-05 17:00:00,380.2
2024-08-05 18:00:00,93.75
2024-08-05 19:00:00,0.0
2024-08-05 20:00:00,0.0
2024-08-05 21:00:00,0.0
2024-08-05 22:00:00,0.0
2024-08-05 23:00:00,0.0
2024-08-06 00:00:00,0.0
2024-08-06 01:00:00,0.0
2024-08-06 02:00:00,0.0
2024-08-06 03:00:00,0.0
2024-08-06 04:00:00,0.0
2024-08-06 05:00:00,23.05
2024-08-06 06:00:00,263.0
2024-08-06 07:00:00,549.3
2024-08-06 08:00:00,810.05
2024-08-06 09:00:00,1027.55
2024-08-06 10:00:00,1186.88
2024-08-06 11:00:00,1277.2
2024-08-06 12:00:00,1292.35
2024-08-06 13:00:00,1231.25
2024-08-06 14:00:00,1098.07
2024-08-06 15:00:00,901.88
2024-08-06 16:00:00,656.0
2024-08-06 17:00:00,377.2
2024-08-06 18:00:00,91.0
2024-08-06 19:00:00,0.0
2024-08-06 20:00:00,0.0
2024-08-06 21:00:00,0.0
2024-08-06 22:00:00,0.0
2024-08-06 23:00:00,0.0
2024-08-07 00:00:00,0.0
2024-08-07 01:00:00,0.0
2024-08-07 02:00:00,0.0
2024-08-07 03:00:00,0.0
2024-08-07 04:00:00,0.0
2024-08-07 05:00:00,22.1
2024-08-07 06:00:00,260.85
2024-08-07 07:00:00,547.53
2024-08-07 08:00:00,808.6
2024-08-07 09:00:00,1026.28
2024-08-07 10:00:00,1185.7
2024-08-07 11:00:00,1276.03
2024-08-07 12:00:00,1291.03
2024-08-07 13:00:00,1229.7
2024-08-07 14:00:00,1096.18
2024-08-07 15:00:00,899.58
2024-08-07 16:00:00,653.25
2024-08-07 17:00:00,374.02
2024-08-07 18:00:00,88.22
2024-08-07 19:00:00,0.0
2024-08-07 20:00:00,0.0
2024-08-07 21:00:00,0.0
2024-08-07 22:00:00,0.0
2024-08-07 23:00:00,0.0
2024-08-08 00:00:00,0.0
2024-08-08 01:00:00,0.0
2024-08-08 02:00:00,0.0
2024-08-08 03:00:00,0.0
2024-08-08 04:00:00,0.0
2024-08-08 05:00:00,21.15
2024-08-08 06:00:00,258.8
2024-08-08 07:00:00,545.92
2024-08-08 08:00:00,807.38
2024-08-08 09:00:00,1025.32
2024-08-08 10:00:00,1184.88
2024-08-08 11:00:00,1275.18
2024-08-08 12:00:00,1290.05
2024-08-08 13:00:00,1228.45
2024-08-08 14:00:00,1094.55
2024-08-08 15:00:00,897.47
2024-08-08 16:00:00,650.62
2024-08-08 17:00:00,370.85
2024-08-08 18:00:00,85.43
2024-08-08 19:00:00,0.0
2024-08-08 20:00:00,0.0
2024-08-08 21:00:00,0.0
2024-08-08 22:00:00,0.0
2024-08-08 23:00:00,0.0
2024-08-09 00:00:00,0.0
2024-08-09 01:00:00,0.0
2024-08-09 02:00:00,0.0
2024-08-09 03:00:00,0.0
2024-08-09 04:00:00,0.0
2024-08-09 05:00:00,20.25
2024-08-09 06:00:00,256.83
2024-08-09 07:00:00,544.47
2024-08-09 08:00:00,806.4
2024-08-09 09:00:00,1024.65
2024-08-09 10:00:00,1184.4
2024-08-09 11:00:00,1274.72
2024-08-09 12:00:00,1289.43
2024-08-09 13:00:00,1227.5
2024-08-09 14:00:00,1093.18
2024-08-09 15:00:00,895.55
2024-08-09 16:00:00,648.12
2024-08-09 17:00:00,367.7
2024-08-09 18:00:00,82.65
2024-08-09 19:00:00,0.0
2024-08-09 20:00:00,0.0
2024-08-09 21:00:00,0.0
2024-08-09 22:00:00,0.0
2024-08-09 23:00:00,0.0
2024-08-10 00:00:00,0.0
2024-08-10 01:00:00,0.0
2024-08-10 02:00:00,0.0
2024-08-10 03:00:00,0.0
2024-08-10 04:00:00,0.0
2024-08-10 05:00:00,19.38
2024-08-10 06:00:00,254.8
2024-08-10 07:00:00,543.0
2024-08-10 08:00:00,805.33
2024-08-10 09:00:00,1023.9
2024-08-10 10:00:00,1183.8
2024-08-10 11:00:00,1274.1
2024-08-10 12:00:00,1288.65
2024-08-10 13:00:00,1226.4
2024-08-10 14:00:00,1091.62
2024-08-10 15:00:00,893.47
2024-08-10 16:00:00,645.45
2024-08-10 17:00:00,364.42
2024-08-10 18:00:00,79.82
2024-08-10 19:00:00,0.0
2024-08-10 20:00:00,0.0
2024-08-10 21:00:00,0.0
2024-08-10 22:00:00,0.0
2024-08-10 23:00:00,0.0
2024-08-11 00:00:00,0.0
2024-08-11 01:00:00,0.0
2024-08-11 02:00:00,0.0
2024-08-11 03:00:00,0.0
2024-08-11 04:00:00,0.0
2024-08-11 05:00:00,18.52
2024-08-11 06:00:00,252.8
2024-08-11 07:00:00,541.47
2024-08-11 08:00:00,804.2
2024-08-11 09:00:00,1023.05
2024-08-11 10:00:00,1183.07
2024-08-11 11:00:00,1273.35
2024-08-11 12:00:00,1287.7
2024-08-11 13:00:00,1225.15
2024-08-11 14:00:00,1089.93
2024-08-11 15:00:00,891.25
2024-08-11 16:00:00,642.65
2024-08-11 17:00:00,361.02
2024-08-11 18:00:00,77.0
2024-08-11 19:00:00,0.0
2024-08-11 20:00:00,0.0
2024-08-11 21:00:00,0.0
2024-08-11 22:00:00,0.0
2024-08-11 23:00:00,0.0
2024-08-12 00:00:00,0.0
2024-08-12 01:00:00,0.0
2024-08-12 02:00:00,0.0
2024-08-12 03:00:00,0.0
2024-08-12 04:00:00,0.0
2024-08-12 05:00:00,17.67
2024-08-12 06:00:00,250.73
2024-08-12 07:00:00,539.85
2024-08-12 08:00:00,802.92
2024-08-12 09:00:00,1021.97
2024-08-12 10:00:00,1182.07
2024-08-12 11:00:00,1272.3
2024-08-12 12:00:00,1286.45
2024-08-12 13:00:00,1223.57
2024-08-12 14:00:00,1087.95
2024-08-12 15:00:00,888.78
2024-08-12 16:00:00,639.6
2024-08-12 17:00:00,357.45
2024-08-12 18:00:00,74.12
2024-08-12 19:00:00,0.0
2024-08-12 20:00:00,0.0
2024-08-12 21:00:00,0.0
2024-08-12 22:00:00,0.0
2024-08-12 23:00:00,0.0
2024-08-13 00:00:00,0.0
2024-08-13 01:00:00,0.0
2024-08-13 02:00:00,0.0
2024-08-13 03:00:00,0.0
2024-08-13 04:00:00,0.0
2024-08-13 05:00:00,16.85
2024-08-13 06:00:00,248.68
2024-08-13 07:00:00,538.25
2024-08-13 08:00:00,801.67
2024-08-13 09:00:00,1020.95
2024-08-13 10:00:00,1181.12
2024-08-13 11:00:00,1271.28
2024-08-13 12:00:00,1285.22
2024-08-13 13:00:00,1222.03
2024-08-13 14:00:00,1085.95
2024-08-13 15:00:00,886.25
2024-08-13 16:00:00,636.53
2024-08-13 17:00:00,353.8
2024-08-13 18:00:00,71.25
2024-08-13 19:00:00,0.0
2024-08-13 20:00:00,0.0
2024-08-13 21:00:00,0.0
2024-08-13 22:00:00,0.0
2024-08-13 23:00:00,0.0
2024-08-14 00:00:00,0.0
2024-08-14 01:00:00,0.0
2024-08-14 02:00:00,0.0
2024-08-14 03:00:00,0.0
2024-08-14 04:00:00,0.0
2024-08-14 05:00:00,16.05
2024-08-14 06:00:00,246.7
2024-08-14 07:00:00,536.83
2024-08-14 08:00:00,800.65
2024-08-14 09:00:00,1020.22
2024-08-14 10:00:00,1180.53
2024-08-14 11:00:00,1270.62
2024-08-14 12:00:00,1284.38
2024-08-14 13:00:00,1220.78
2024-08-14 14:00:00,1084.2
2024-08-14 15:00:00,883.9
2024-08-14 16:00:00,633.55
2024-08-14 17:00:00,350.17
2024-08-14 18:00:00,68.43
2024-08-14 19:00:00,0.0
2024-08-14 20:00:00,0.0
2024-08-14 21:00:00,0.0
2024-08-14 22:00:00,0.0
2024-08-14 23:00:00,0.0
2024-08-15 00:00:00,0.0
2024-08-15 01:00:00,0.0
2024-08-15 02:00:00,0.0
2024-08-15 03:00:00,0.0
2024-08-15 04:00:00,0.0
2024-08-15 05:00:00,15.3
2024-08-15 06:00:00,244.7
2024-08-15 07:00:00,535.33
2024-08-15 08:00:00,799.55
2024-08-15 09:00:00,1019.35
2024-08-15 10:00:00,1179.72
2024-08-15 11:00:00,1269.75
2024-08-15 12:00:00,1283.28
2024-08-15 13:00:00,1219.3
2024-08-15 14:00:00,1082.22
2024-08-15 15:00:00,881.38
2024-08-15 16:00:00,630.4
2024-08-15 17:00:00,346.4
2024-08-15 18:00:00,65.55
2024-08-15 19:00:00,0.0
2024-08-15 20:00:00,0.0
2024-08-15 21:00:00,0.0
2024-08-15 22:00:00,0.0
2024-08-15 23:00:00,0.0
2024-08-16 00:00:00,0.0
2024-08-16 01:00:00,0.0
2024-08-16 02:00:00,0.0
2024-08-16 03:00:00,0.0
2024-08-16 04:00:00,0.0
2024-08-16 05:00:00,14.55
2024-08-16 06:00:00,242.68
2024-08-16 07:00:00,533.75
2024-08-16 08:00:00,798.33
2024-08-16 09:00:00,1018.35
2024-08-16 10:00:00,1178.8
2024-08-16 11:00:00,1268.72
2024-08-16 12:00:00,1281.97
2024-08-16 13:00:00,1217.65
2024-08-16 14:00:00,1080.07
2024-08-16 15:00:00,878.67
2024-08-16 16:00:00,627.1
2024-08-16 17:00:00,342.5
2024-08-16 18:00:00,62.7
2024-08-16 19:00:00,0.0
2024-08-16 20:00:00,0.0
2024-08-16 21:00:00,0.0
2024-08-16 22:00:00,0.0
2024-08-16 23:00:00,0.0
2024-08-17 00:00:00,0.0
2024-08-17 01:00:00,0.0
2024-08-17 02:00:00,0.0
2024-08-17 03:00:00,0.0
2024-08-17 04:00:00,0.0
2024-08-17 05:00:00,13.82
2024-08-17 06:00:00,240.62
2024-08-17 07:00:00,532.15
2024-08-17 08:00:00,797.03
2024-08-17 09:00:00,1017.22
2024-08-17 10:00:00,1177.72
2024-08-17 11:00:00,1267.53
2024-08-17 12:00:00,1280.53
2024-08-17 13:00:00,1215.82
2024-08-17 14:00:00,1077.78
2024-08-17 15:00:00,875.8
2024-08-17 16:00:00,623.65
2024-08-17 17:00:00,338.5
2024-08-17 18:00:00,59.85
2024-08-17 19:00:00,0.0
2024-08-17 20:00:00,0.0
2024-08-17 21:00:00,0.0
2024-08-17 22:00:00,0.0
2024-08-17 23:00:00,0.0
2024-08-18 00:00:00,0.0
2024-08-18 01:00:00,0.0
2024-08-18 02:00:00,0.0
2024-08-18 03:00:00,0.0
2024-08-18 04:00:00,0.0
2024-08-18 05:00:00,0.0
2024-08-18 06:00:00,251.68
2024-08-18 07:00:00,530.45
2024-08-18 08:00:00,795.62
2024-08-18 09:00:00,1015.97
2024-08-18 10:00:00,1176.47
2024-08-18 11:00:00,1266.15
2024-08-18 12:00:00,1278.88
2024-08-18 13:00:00,1213.75
2024-08-18 14:00:00,1075.25
2024-08-18 15:00:00,872.72
2024-08-18 16:00:00,620.03
2024-08-18 17:00:00,334.35
2024-08-18 18:00:00,57.03
2024-08-18 19:00:00,0.0
2024-08-18 20:00:00,0.0
2024-08-18 21:00:00,0.0
2024-08-18 22:00:00,0.0
2024-08-18 23:00:00,0.0
2024-08-19 00:00:00,0.0
2024-08-19 01:00:00,0.0
2024-08-19 02:00:00,0.0
2024-08-19 03:00:00,0.0
2024-08-19 04:00:00,0.0
2024-08-19 05:00:00,0.0
2024-08-19 06:00:00,248.9
2024-08-19 07:00:00,528.78
2024-08-19 08:00:00,794.22
2024-08-19 09:00:00,1014.7
2024-08-19 10:00:00,1175.18
2024-08-19 11:00:00,1264.7
2024-08-19 12:00:00,1277.15
2024-08-19 13:00:00,1211.65
2024-08-19 14:00:00,1072.62
2024-08-19 15:00:00,869.6
2024-08-19 16:00:00,616.33
2024-08-19 17:00:00,330.1
2024-08-19 18:00:00,54.2
2024-08-19 19:00:00,0.0
2024-08-19 20:00:00,0.0
2024-08-19 21:00:00,0.0
2024-08-19 22:00:00,0.0
2024-08-19 23:00:00,0.0
2024-08-20 00:00:00,0.0
2024-08-20 01:00:00,0.0
2024-08-20 02:00:00,0.0
2024-08-20 03:00:00,0.0
2024-08-20 04:00:00,0.0
2024-08-20 05:00:00,0.0
2024-08-20 06:00:00,246.15
2024-08-20 07:00:00,527.05
2024-08-20 08:00:00,792.72
2024-08-20 09:00:00,1013.33
2024-08-20 10:00:00,1173.75
2024-08-20 11:00:00,1263.1
2024-08-20 12:00:00,1275.25
2024-08-20 13:00:00,1209.35
2024-08-20 14:00:00,1069.85
2024-08-20 15:00:00,866.28
2024-08-20 16:00:00,612.5
2024-08-20 17:00:00,325.75
2024-08-20 18:00:00,51.42
2024-08-20 19:00:00,0.0
2024-08-20 20:00:00,0.0
2024-08-20 21:00:00,0.0
2024-08-20 22:00:00,0.0
2024-08-20 23:00:00,0.0
2024-08-21 00:00:00,0.0
2024-08-21 01:00:00,0.0
2024-08-21 02:00:00,0.0
2024-08-21 03:00:00,0.0
2024-08-21 04:00:00,0.0
2024-08-21 05:00:00,0.0
2024-08-21 06:00:00,243.4
2024-08-21 07:00:00,525.25
2024-08-21 08:00:00,791.12
2024-08-21 09:00:00,1011.78
2024-08-21 10:00:00,1172.15
2024-08-21 11:00:00,1261.3
2024-08-21 12:00:00,1273.15
2024-08-21 13:00:00,1206.82
2024-08-21 14:00:00,1066.88
2024-08-21 15:00:00,862.8
2024-08-21 16:00:00,608.5
2024-08-21 17:00:00,321.3
2024-08-21 18:00:00,48.65
2024-08-21 19:00:00,0.0
2024-08-21 20:00:00,0.0
2024-08-21 21:00:00,0.0
2024-08-21 22:00:00,0.0
2024-08-21 23:00:00,0.0
2024-08-22 00:00:00,0.0
2024-08-22 01:00:00,0.0
2024-08-22 02:00:00,0.0
2024-08-22 03:00:00,0.0
2024-08-22 04:00:00,0.0
2024-08-22 05:00:00,0.0
2024-08-22 06:00:00,240.7
2024-08-22 07:00:00,523.55
2024-08-22 08:00:00,789.65
2024-08-22 09:00:00,1010.4
2024-08-22 10:00:00,1170.72
2024-08-22 11:00:00,1259.7
2024-08-22 12:00:00,1271.2
2024-08-22 13:00:00,1204.45
2024-08-22 14:00:00,1064.0
2024-08-22 15:00:00,859.38
2024-08-22 16:00:00,604.53
2024-08-22 17:00:00,316.8
2024-08-22 18:00:00,45.92
2024-08-22 19:00:00,0.0
2024-08-22 20:00:00,0.0
2024-08-22 21:00:00,0.0
2024-08-22 22:00:00,0.0
2024-08-22 23:00:00,0.0
2024-08-23 00:00:00,0.0
2024-08-23 01:00:00,0.0
2024-08-23 02:00:00,0.0
2024-08-23 03:00:00,0.0
2024-08-23 04:00:00,0.0
2024-08-23 05:00:00,0.0
2024-08-23 06:00:00,238.07
2024-08-23 07:00:00,521.9
2024-08-23 08:00:00,788.28
2024-08-23 09:00:00,1009.15
2024-08-23 10:00:00,1169.45
2024-08-23 11:00:00,1258.22
2024-08-23 12:00:00,1269.4
2024-08-23 13:00:00,1202.22
2024-08-23 14:00:00,1061.22
2024-08-23 15:00:00,856.0
2024-08-23 16:00:00,600.55
2024-08-23 17:00:00,312.27
2024-08-23 18:00:00,43.25
2024-08-23 19:00:00,0.0
2024-08-23 20:00:00,0.0
2024-08-23 21:00:00,0.0
2024-08-23 22:00:00,0.0
2024-08-23 23:00:00,0.0
2024-08-24 00:00:00,0.0
2024-08-24 01:00:00,0.0
2024-08-24 02:00:00,0.0
2024-08-24 03:00:00,0.0
2024-08-24 04:00:00,0.0
2024-08-24 05:00:00,0.0
2024-08-24 06:00:00,235.45
2024-08-24 07:00:00,520.28
2024-08-24 08:00:00,786.9
2024-08-24 09:00:00,1007.88
2024-08-24 10:00:00,1168.12
2024-08-24 11:00:00,1256.7
2024-08-24 12:00:00,1267.55
2024-08-24 13:00:00,1199.9
2024-08-24 14:00:00,1058.35
2024-08-24 15:00:00,852.55
2024-08-24 16:00:00,596.53
2024-08-24 17:00:00,307.67
2024-08-24 18:00:00,40.62
2024-08-24 19:00:00,0.0
2024-08-24 20:00:00,0.0
2024-08-24 21:00:00,0.0
2024-08-24 22:00:00,0.0
2024-08-24 23:00:00,0.0
2024-08-25 00:00:00,0.0
2024-08-25 01:00:00,0.0
2024-08-25 02:00:00,0.0
2024-08-25 03:00:00,0.0
2024-08-25 04:00:00,0.0
2024-08-25 05:00:00,0.0
2024-08-25 06:00:00,232.93
2024-08-25 07:00:00,518.72
2024-08-25 08:00:00,785.65
2024-08-25 09:00:00,1006.78
2024-08-25 10:00:00,1167.0
2024-08-25 11:00:00,1255.38
2024-08-25 12:00:00,1265.88
2024-08-25 13:00:00,1197.75
2024-08-25 14:00:00,1055.65
2024-08-25 15:00:00,849.2
2024-08-25 16:00:00,592.53
2024-08-25 17:00:00,303.05
2024-08-25 18:00:00,38.08
2024-08-25 19:00:00,0.0
2024-08-25 20:00:00,0.0
2024-08-25 21:00:00,0.0
2024-08-25 22:00:00,0.0
2024-08-25 23:00:00,0.0
2024-08-26 00:00:00,0.0
2024-08-26 01:00:00,0.0
2024-08-26 02:00:00,0.0
2024-08-26 03:00:00,0.0
2024-08-26 04:00:00,0.0
2024-08-26 05:00:00,0.0
2024-08-26 06:00:00,230.4
2024-08-26 07:00:00,517.2
2024-08-26 08:00:00,784.45
2024-08-26 09:00:00,1005.7
2024-08-26 10:00:00,1165.9
2024-08-26 11:00:00,1254.07
2024-08-26 12:00:00,1264.2
2024-08-26 13:00:00,1195.6
2024-08-26 14:00:00,1052.9
2024-08-26 15:00:00,845.83
2024-08-26 16:00:00,588.45
2024-08-26 17:00:00,298.35
2024-08-26 18:00:00,35.55
2024-08-26 19:00:00,0.0
2024-08-26 20:00:00,0.0
2024-08-26 21:00:00,0.0
2024-08-26 22:00:00,0.0
2024-08-26 23:00:00,0.0
2024-08-27 00:00:00,0.0
2024-08-27 01:00:00,0.0
2024-08-27 02:00:00,0.0
2024-08-27 03:00:00,0.0
2024-08-27 04:00:00,0.0
2024-08-27 05:00:00,0.0
2024-08-27 06:00:00,227.93
2024-08-27 07:00:00,515.7
2024-08-27 08:00:00,783.28
2024-08-27 09:00:00,1004.67
2024-08-27 10:00:00,1164.82
2024-08-27 11:00:00,1252.8
2024-08-27 12:00:00,1262.57
2024-08-27 13:00:00,1193.45
2024-08-27 14:00:00,1050.15
2024-08-27 15:00:00,842.4
2024-08-27 16:00:00,584.38
2024-08-27 17:00:00,293.62
2024-08-27 18:00:00,33.1
2024-08-27 19:00:00,0.0
2024-08-27 20:00:00,0.0
2024-08-27 21:00:00,0.0
2024-08-27 22:00:00,0.0
2024-08-27 23:00:00,0.0
2024-08-28 00:00:00,0.0
2024-08-28 01:00:00,0.0
2024-08-28 02:00:00,0.0
2024-08-28 03:00:00,0.0
2024-08-28 04:00:00,0.0
2024-08-28 05:00:00,0.0
2024-08-28 06:00:00,225.45
2024-08-28 07:00:00,514.15
2024-08-28 08:00:00,782.0
2024-08-28 09:00:00,1003.53
2024-08-28 10:00:00,1163.62
2024-08-28 11:00:00,1251.38
2024-08-28 12:00:00,1260.78
2024-08-28 13:00:00,1191.15
2024-08-28 14:00:00,1047.25
2024-08-28 15:00:00,838.85
2024-08-28 16:00:00,580.15
2024-08-28 17:00:00,288.77
2024-08-28 18:00:00,30.7
2024-08-28 19:00:00,0.0
2024-08-28 20:00:00,0.0
2024-08-28 21:00:00,0.0
2024-08-28 22:00:00,0.0
2024-08-28 23:00:00,0.0
2024-08-29 00:00:00,0.0
2024-08-29 01:00:00,0.0
2024-08-29 02:00:00,0.0
2024-08-29 03:00:00,0.0
2024-08-29 04:00:00,0.0
2024-08-29 05:00:00,0.0
2024-08-29 06:00:00,222.98
2024-08-29 07:00:00,512.62
2024-08-29 08:00:00,780.72
2024-08-29 09:00:00,1002.38
2024-08-29 10:00:00,1162.43
2024-08-29 11:00:00,1249.93
2024-08-29 12:00:00,1258.95
2024-08-29 13:00:00,1188.8
2024-08-29 14:00:00,1044.28
2024-08-29 15:00:00,835.22
2024-08-29 16:00:00,575.88
2024-08-29 17:00:00,283.88
2024-08-29 18:00:00,28.35
2024-08-29 19:00:00,0.0
2024-08-29 20:00:00,0.0
2024-08-29 21:00:00,0.0
2024-08-29 22:00:00,0.0
2024-08-29 23:00:00,0.0
2024-08-30 00:00:00,0.0
2024-08-30 01:00:00,0.0
2024-08-30 02:00:00,0.0
2024-08-30 03:00:00,0.0
2024-08-30 04:00:00,0.0
2024-08-30 05:00:00,0.0
2024-08-30 06:00:00,220.48
2024-08-30 07:00:00,510.9
2024-08-30 08:00:00,779.2
2024-08-30 09:00:00,1000.9
2024-08-30 10:00:00,1160.82
2024-08-30 11:00:00,1248.05
2024-08-30 12:00:00,1256.68
2024-08-30 13:00:00,1186.03
2024-08-30 14:00:00,1040.95
2024-08-30 15:00:00,831.3
2024-08-30 16:00:00,571.35
2024-08-30 17:00:00,278.8
2024-08-30 18:00:00,26.08
2024-08-30 19:00:00,0.0
2024-08-30 20:00:00,0.0
2024-08-30 21:00:00,0.0
2024-08-30 22:00:00,0.0
2024-08-30 23:00:00,0.0
2024-08-31 00:00:00,0.0
2024-08-31 01:00:00,0.0
2024-08-31 02:00:00,0.0
2024-08-31 03:00:00,0.0
2024-08-31 04:00:00,0.0
2024-08-31 05:00:00,0.0
2024-08-31 06:00:00,217.98
2024-08-31 07:00:00,509.15
2024-08-31 08:00:00,777.62
2024-08-31 09:00:00,999.3
2024-08-31 10:00:00,1159.07
2024-08-31 11:00:00,1246.05
2024-08-31 12:00:00,1254.25
2024-08-31 13:00:00,1183.1
2024-08-31 14:00:00,1037.45
2024-08-31 15:00:00,827.22
2024-08-31 16:00:00,566.7
2024-08-31 17:00:00,273.67
2024-08-31 18:00:00,23.88
2024-08-31 19:00:00,0.0
2024-08-31 20:00:00,0.0
2024-08-31 21:00:00,0.0
2024-08-31 22:00:00,0.0
2024-08-31 23:00:00,0.0
2024-09-01 00:00:00,0.0
2024-09-01 01:00:00,0.0
2024-09-01 02:00:00,0.0
2024-09-01 03:00:00,0.0
2024-09-01 04:00:00,0.0
2024-09-01 05:00:00,5.3
2024-09-01 06:00:00,210.18
2024-09-01 07:00:00,507.42
2024-09-01 08:00:00,776.08
2024-09-01 09:00:00,997.78
2024-09-01 10:00:00,1157.43
2024-09-01 11:00:00,1244.1
2024-09-01 12:00:00,1251.88
2024-09-01 13:00:00,1180.22
2024-09-01 14:00:00,1034.0
2024-09-01 15:00:00,823.15
2024-09-01 16:00:00,562.05
2024-09-01 17:00:00,268.48
2024-09-01 18:00:00,21.75
2024-09-01 19:00:00,0.0
2024-09-01 20:00:00,0.0
2024-09-01 21:00:00,0.0
2024-09-01 22:00:00,0.0
2024-09-01 23:00:00,0.0
2024-09-02 00:00:00,0.0
2024-09-02 01:00:00,0.0
2024-09-02 02:00:00,0.0
2024-09-02 03:00:00,0.0
2024-09-02 04:00:00,0.0
2024-09-02 05:00:00,0.0
2024-09-02 06:00:00,213.02
2024-09-02 07:00:00,505.67
2024-09-02 08:00:00,774.47
2024-09-02 09:00:00,996.17
2024-09-02 10:00:00,1155.65
2024-09-02 11:00:00,1242.03
2024-09-02 12:00:00,1249.4
2024-09-02 13:00:00,1177.22
2024-09-02 14:00:00,1030.43
2024-09-02 15:00:00,818.97
2024-09-02 16:00:00,557.3
2024-09-02 17:00:00,263.23
2024-09-02 18:00:00,19.73
2024-09-02 19:00:00,0.0
2024-09-02 20:00:00,0.0
2024-09-02 21:00:00,0.0
2024-09-02 22:00:00,0.0
2024-09-02 23:00:00,0.0
2024-09-03 00:00:00,0.0
2024-09-03 01:00:00,0.0
2024-09-03 02:00:00,0.0
2024-09-03 03:00:00,0.0
2024-09-03 04:00:00,0.0
2024-09-03 05:00:00,0.0
2024-09-03 06:00:00,210.57
2024-09-03 07:00:00,503.9
2024-09-03 08:00:00,772.85
2024-09-03 09:00:00,994.55
2024-09-03 10:00:00,1153.88
2024-09-03 11:00:00,1239.93
2024-09-03 12:00:00,1246.88
2024-09-03 13:00:00,1174.18
2024-09-03 14:00:00,1026.78
2024-09-03 15:00:00,814.75
2024-09-03 16:00:00,552.5
2024-09-03 17:00:00,257.9
2024-09-03 18:00:00,17.75
2024-09-03 19:00:00,0.0
2024-09-03 20:00:00,0.0
2024-09-03 21:00:00,0.0
2024-09-03 22:00:00,0.0
2024-09-03 23:00:00,0.0
2024-09-04 00:00:00,0.0
2024-09-04 01:00:00,0.0
2024-09-04 02:00:00,0.0
2024-09-04 03:00:00,0.0
2024-09-04 04:00:00,0.0
2024-09-04 05:00:00,0.0
2024-09-04 06:00:00,208.12
2024-09-04 07:00:00,502.12
2024-09-04 08:00:00,771.17
2024-09-04 09:00:00,992.85
2024-09-04 10:00:00,1151.97
2024-09-04 11:00:00,1237.72
2024-09-04 12:00:00,1244.22
2024-09-04 13:00:00,1171.0
2024-09-04 14:00:00,1023.05
2024-09-04 15:00:00,810.42
2024-09-04 16:00:00,547.6
2024-09-04 17:00:00,252.52
2024-09-04 18:00:00,15.9
2024-09-04 19:00:00,0.0
2024-09-04 20:00:00,0.0
2024-09-04 21:00:00,0.0
2024-09-04 22:00:00,0.0
2024-09-04 23:00:00,0.0
2024-09-05 00:00:00,0.0
2024-09-05 01:00:00,0.0
2024-09-05 02:00:00,0.0
2024-09-05 03:00:00,0.0
2024-09-05 04:00:00,0.0
2024-09-05 05:00:00,0.0
2024-09-05 06:00:00,205.73
2024-09-05 07:00:00,500.4
2024-09-05 08:00:00,769.62
2024-09-05 09:00:00,991.3
2024-09-05 10:00:00,1150.28
2024-09-05 11:00:00,1235.72
2024-09-05 12:00:00,1241.78
2024-09-05 13:00:00,1168.0
2024-09-05 14:00:00,1019.45
2024-09-05 15:00:00,806.17
2024-09-05 16:00:00,542.78
2024-09-05 17:00:00,247.12
2024-09-05 18:00:00,14.12
2024-09-05 19:00:00,0.0
2024-09-05 20:00:00,0.0
2024-09-05 21:00:00,0.0
2024-09-05 22:00:00,0.0
2024-09-05 23:00:00,0.0
2024-09-06 00:00:00,0.0
2024-09-06 01:00:00,0.0
2024-09-06 02:00:00,0.0
2024-09-06 03:00:00,0.0
2024-09-06 04:00:00,0.0
2024-09-06 05:00:00,0.0
2024-09-06 06:00:00,203.32
2024-09-06 07:00:00,498.62
2024-09-06 08:00:00,768.0
2024-09-06 09:00:00,989.65
2024-09-06 10:00:00,1148.45
2024-09-06 11:00:00,1233.55
2024-09-06 12:00:00,1239.15
2024-09-06 13:00:00,1164.85
2024-09-06 14:00:00,1015.7
2024-09-06 15:00:00,801.83
2024-09-06 16:00:00,537.83
2024-09-06 17:00:00,254.1
2024-09-06 18:00:00,0.0
2024-09-06 19:00:00,0.0
2024-09-06 20:00:00,0.0
2024-09-06 21:00:00,0.0
2024-09-06 22:00:00,0.0
2024-09-06 23:00:00,0.0
2024-09-07 00:00:00,0.0
2024-09-07 01:00:00,0.0
2024-09-07 02:00:00,0.0
2024-09-07 03:00:00,0.0
2024-09-07 04:00:00,0.0
2024-09-07 05:00:00,0.0
2024-09-07 06:00:00,200.93
2024-09-07 07:00:00,496.85
2024-09-07 08:00:00,766.35
2024-09-07 09:00:00,987.95
2024-09-07 10:00:00,1146.55
2024-09-07 11:00:00,1231.32
2024-09-07 12:00:00,1236.47
2024-09-07 13:00:00,1161.62
2024-09-07 14:00:00,1011.88
2024-09-07 15:00:00,797.4
2024-09-07 16:00:00,532.83
2024-09-07 17:00:00,247.0
2024-09-07 18:00:00,0.0
2024-09-07 19:00:00,0.0
2024-09-07 20:00:00,0.0
2024-09-07 21:00:00,0.0
2024-09-07 22:00:00,0.0
2024-09-07 23:00:00,0.0
2024-09-08 00:00:00,0.0
2024-09-08 01:00:00,0.0
2024-09-08 02:00:00,0.0
2024-09-08 03:00:00,0.0
2024-09-08 04:00:00,0.0
2024-09-08 05:00:00,0.0
2024-09-08 06:00:00,198.52
2024-09-08 07:00:00,494.98
2024-09-08 08:00:00,764.55
2024-09-08 09:00:00,986.1
2024-09-08 10:00:00,1144.47
2024-09-08 11:00:00,1228.9
2024-09-08 12:00:00,1233.6
2024-09-08 13:00:00,1158.2
2024-09-08 14:00:00,1007.88
2024-09-08 15:00:00,792.8
2024-09-08 16:00:00,527.7
2024-09-08 17:00:00,239.93
2024-09-08 18:00:00,0.0
2024-09-08 19:00:00,0.0
2024-09-08 20:00:00,0.0
2024-09-08 21:00:00,0.0
2024-09-08 22:00:00,0.0
2024-09-08 23:00:00,0.0
2024-09-09 00:00:00,0.0
2024-09-09 01:00:00,0.0
2024-09-09 02:00:00,0.0
2024-09-09 03:00:00,0.0
2024-09-09 04:00:00,0.0
2024-09-09 05:00:00,0.0
2024-09-09 06:00:00,196.1
2024-09-09 07:00:00,493.02
2024-09-09 08:00:00,762.65
2024-09-09 09:00:00,984.08
2024-09-09 10:00:00,1142.22
2024-09-09 11:00:00,1226.28
2024-09-09 12:00:00,1230.5
2024-09-09 13:00:00,1154.57
2024-09-09 14:00:00,1003.67
2024-09-09 15:00:00,788.08
2024-09-09 16:00:00,522.45
2024-09-09 17:00:00,232.9
2024-09-09 18:00:00,0.0
2024-09-09 19:00:00,0.0
2024-09-09 20:00:00,0.0
2024-09-09 21:00:00,0.0
2024-09-09 22:00:00,0.0
2024-09-09 23:00:00,0.0
2024-09-10 00:00:00,0.0
2024-09-10 01:00:00,0.0
2024-09-10 02:00:00,0.0
2024-09-10 03:00:00,0.0
2024-09-10 04:00:00,0.0
2024-09-10 05:00:00,0.0
2024-09-10 06:00:00,193.68
2024-09-10 07:00:00,491.05
2024-09-10 08:00:00,760.67
2024-09-10 09:00:00,981.97
2024-09-10 10:00:00,1139.85
2024-09-10 11:00:00,1223.53
2024-09-10 12:00:00,1227.28
2024-09-10 13:00:00,1150.82
2024-09-10 14:00:00,999.38
2024-09-10 15:00:00,783.25
2024-09-10 16:00:00,517.15
2024-09-10 17:00:00,225.9
2024-09-10 18:00:00,0.0
2024-09-10 19:00:00,0.0
2024-09-10 20:00:00,0.0
2024-09-10 21:00:00,0.0
2024-09-10 22:00:00,0.0
2024-09-10 23:00:00,0.0
2024-09-11 00:00:00,0.0
2024-09-11 01:00:00,0.0
2024-09-11 02:00:00,0.0
2024-09-11 03:00:00,0.0
2024-09-11 04:00:00,0.0
2024-09-11 05:00:00,0.0
2024-09-11 06:00:00,191.3
2024-09-11 07:00:00,489.15
2024-09-11 08:00:00,758.85
2024-09-11 09:00:00,980.05
2024-09-11 10:00:00,1137.7
2024-09-11 11:00:00,1221.0
2024-09-11 12:00:00,1224.28
2024-09-11 13:00:00,1147.28
2024-09-11 14:00:00,995.25
2024-09-11 15:00:00,778.53
2024-09-11 16:00:00,511.9
2024-09-11 17:00:00,219.02
2024-09-11 18:00:00,0.0
2024-09-11 19:00:00,0.0
2024-09-11 20:00:00,0.0
2024-09-11 21:00:00,0.0
2024-09-11 22:00:00,0.0
2024-09-11 23:00:00,0.0
2024-09-12 00:00:00,0.0
2024-09-12 01:00:00,0.0
2024-09-12 02:00:00,0.0
2024-09-12 03:00:00,0.0
2024-09-12 04:00:00,0.0
2024-09-12 05:00:00,0.0
2024-09-12 06:00:00,188.95
2024-09-12 07:00:00,487.25
2024-09-12 08:00:00,757.03
2024-09-12 09:00:00,978.15
2024-09-12 10:00:00,1135.55
2024-09-12 11:00:00,1218.5
2024-09-12 12:00:00,1221.28
2024-09-12 13:00:00,1143.72
2024-09-12 14:00:00,991.12
2024-09-12 15:00:00,773.83
2024-09-12 16:00:00,506.62
2024-09-12 17:00:00,212.23
2024-09-12 18:00:00,0.0
2024-09-12 19:00:00,0.0
2024-09-12 20:00:00,0.0
2024-09-12 21:00:00,0.0
2024-09-12 22:00:00,0.0
2024-09-12 23:00:00,0.0
2024-09-13 00:00:00,0.0
2024-09-13 01:00:00,0.0
2024-09-13 02:00:00,0.0
2024-09-13 03:00:00,0.0
2024-09-13 04:00:00,0.0
2024-09-13 05:00:00,0.0
2024-09-13 06:00:00,186.57
2024-09-13 07:00:00,485.35
2024-09-13 08:00:00,755.15
2024-09-13 09:00:00,976.2
2024-09-13 10:00:00,1133.35
2024-09-13 11:00:00,1215.93
2024-09-13 12:00:00,1218.22
2024-09-13 13:00:00,1140.12
2024-09-13 14:00:00,986.92
2024-09-13 15:00:00,769.05
2024-09-13 16:00:00,501.33
2024-09-13 17:00:00,205.52
2024-09-13 18:00:00,0.0
2024-09-13 19:00:00,0.0
2024-09-13 20:00:00,0.0
2024-09-13 21:00:00,0.0
2024-09-13 22:00:00,0.0
2024-09-13 23:00:00,0.0
2024-09-14 00:00:00,0.0
2024-09-14 01:00:00,0.0
2024-09-14 02:00:00,0.0
2024-09-14 03:00:00,0.0
2024-09-14 04:00:00,0.0
2024-09-14 05:00:00,0.0
2024-09-14 06:00:00,184.2
2024-09-14 07:00:00,483.3
2024-09-14 08:00:00,753.12
2024-09-14 09:00:00,974.03
2024-09-14 10:00:00,1130.9
2024-09-14 11:00:00,1213.07
2024-09-14 12:00:00,1214.9
2024-09-14 13:00:00,1136.25
2024-09-14 14:00:00,982.5
2024-09-14 15:00:00,764.08
2024-09-14 16:00:00,495.88
2024-09-14 17:00:00,198.85
2024-09-14 18:00:00,0.0
2024-09-14 19:00:00,0.0
2024-09-14 20:00:00,0.0
2024-09-14 21:00:00,0.0
2024-09-14 22:00:00,0.0
2024-09-14 23:00:00,0.0
2024-09-15 00:00:00,0.0
2024-09-15 01:00:00,0.0
2024-09-15 02:00:00,0.0
2024-09-15 03:00:00,0.0
2024-09-15 04:00:00,0.0
2024-09-15 05:00:00,0.0
2024-09-15 06:00:00,181.82
2024-09-15 07:00:00,481.25
2024-09-15 08:00:00,751.08
2024-09-15 09:00:00,971.8
2024-09-15 10:00:00,1128.4
2024-09-15 11:00:00,1210.18
2024-09-15 12:00:00,1211.53
2024-09-15 13:00:00,1132.35
2024-09-15 14:00:00,978.03
2024-09-15 15:00:00,759.08
2024-09-15 16:00:00,490.4
2024-09-15 17:00:00,192.25
2024-09-15 18:00:00,0.0
2024-09-15 19:00:00,0.0
2024-09-15 20:00:00,0.0
2024-09-15 21:00:00,0.0
2024-09-15 22:00:00,0.0
2024-09-15 23:00:00,0.0
2024-09-16 00:00:00,0.0
2024-09-16 01:00:00,0.0
2024-09-16 02:00:00,0.0
2024-09-16 03:00:00,0.0
2024-09-16 04:00:00,0.0
2024-09-16 05:00:00,0.0
2024-09-16 06:00:00,179.43
2024-09-16 07:00:00,479.15
2024-09-16 08:00:00,748.92
2024-09-16 09:00:00,969.47
2024-09-16 10:00:00,1125.78
2024-09-16 11:00:00,1207.12
2024-09-16 12:00:00,1208.0
2024-09-16 13:00:00,1128.28
2024-09-16 14:00:00,973.42
2024-09-16 15:00:00,753.97
2024-09-16 16:00:00,484.85
2024-09-16 17:00:00,185.75
2024-09-16 18:00:00,0.0
2024-09-16 19:00:00,0.0
2024-09-16 20:00:00,0.0
2024-09-16 21:00:00,0.0
2024-09-16 22:00:00,0.0
2024-09-16 23:00:00,0.0
2024-09-17 00:00:00,0.0
2024-09-17 01:00:00,0.0
2024-09-17 02:00:00,0.0
2024-09-17 03:00:00,0.0
2024-09-17 04:00:00,0.0
2024-09-17 05:00:00,0.0
2024-09-17 06:00:00,177.02
2024-09-17 07:00:00,477.02
2024-09-17 08:00:00,746.75
2024-09-17 09:00:00,967.12
2024-09-17 10:00:00,1123.1
2024-09-17 11:00:00,1204.05
2024-09-17 12:00:00,1204.43
2024-09-17 13:00:00,1124.18
2024-09-17 14:00:00,968.8
2024-09-17 15:00:00,748.83
2024-09-17 16:00:00,479.27
2024-09-17 17:00:00,179.32
2024-09-17 18:00:00,0.0
2024-09-17 19:00:00,0.0
2024-09-17 20:00:00,0.0
2024-09-17 21:00:00,0.0
2024-09-17 22:00:00,0.0
2024-09-17 23:00:00,0.0
2024-09-18 00:00:00,0.0
2024-09-18 01:00:00,0.0
2024-09-18 02:00:00,0.0
2024-09-18 03:00:00,0.0
2024-09-18 04:00:00,0.0
2024-09-18 05:00:00,0.0
2024-09-18 06:00:00,174.65
2024-09-18 07:00:00,474.9
2024-09-18 08:00:00,744.6
2024-09-18 09:00:00,964.8
2024-09-18 10:00:00,1120.5
2024-09-18 11:00:00,1201.03
2024-09-18 12:00:00,1200.93
2024-09-18 13:00:00,1120.15
2024-09-18 14:00:00,964.2
2024-09-18 15:00:00,743.72
2024-09-18 16:00:00,473.73
2024-09-18 17:00:00,173.05
2024-09-18 18:00:00,0.0
2024-09-18 19:00:00,0.0
2024-09-18 20:00:00,0.0
2024-09-18 21:00:00,0.0
2024-09-18 22:00:00,0.0
2024-09-18 23:00:00,0.0
2024-09-19 00:00:00,0.0
2024-09-19 01:00:00,0.0
2024-09-19 02:00:00,0.0
2024-09-19 03:00:00,0.0
2024-09-19 04:00:00,0.0
2024-09-19 05:00:00,0.0
2024-09-19 06:00:00,172.27
2024-09-19 07:00:00,472.73
2024-09-19 08:00:00,742.35
2024-09-19 09:00:00,962.38
2024-09-19 10:00:00,1117.72
2024-09-19 11:00:00,1197.85
2024-09-19 12:00:00,1197.25
2024-09-19 13:00:00,1115.97
2024-09-19 14:00:00,959.5
2024-09-19 15:00:00,738.53
2024-09-19 16:00:00,468.1
2024-09-19 17:00:00,166.82
2024-09-19 18:00:00,0.0
2024-09-19 19:00:00,0.0
2024-09-19 20:00:00,0.0
2024-09-19 21:00:00,0.0
2024-09-19 22:00:00,0.0
2024-09-19 23:00:00,0.0
2024-09-20 00:00:00,0.0
2024-09-20 01:00:00,0.0
2024-09-20 02:00:00,0.0
2024-09-20 03:00:00,0.0
2024-09-20 04:00:00,0.0
2024-09-20 05:00:00,0.0
2024-09-20 06:00:00,169.88
2024-09-20 07:00:00,470.48
2024-09-20 08:00:00,740.03
2024-09-20 09:00:00,959.83
2024-09-20 10:00:00,1114.88
2024-09-20 11:00:00,1194.57
2024-09-20 12:00:00,1193.47
2024-09-20 13:00:00,1111.68
2024-09-20 14:00:00,954.7
2024-09-20 15:00:00,733.25
2024-09-20 16:00:00,462.42
2024-09-20 17:00:00,160.73
2024-09-20 18:00:00,0.0
2024-09-20 19:00:00,0.0
2024-09-20 20:00:00,0.0
2024-09-20 21:00:00,0.0
2024-09-20 22:00:00,0.0
2024-09-20 23:00:00,0.0
2024-09-21 00:00:00,0.0
2024-09-21 01:00:00,0.0
2024-09-21 02:00:00,0.0
2024-09-21 03:00:00,0.0
2024-09-21 04:00:00,0.0
2024-09-21 05:00:00,0.0
2024-09-21 06:00:00,167.48
2024-09-21 07:00:00,468.27
2024-09-21 08:00:00,737.75
2024-09-21 09:00:00,957.35
2024-09-21 10:00:00,1112.05
2024-09-21 11:00:00,1191.35
2024-09-21 12:00:00,1189.78
2024-09-21 13:00:00,1107.43
2024-09-21 14:00:00,949.95
2024-09-21 15:00:00,728.03
2024-09-21 16:00:00,456.77
2024-09-21 17:00:00,154.73
2024-09-21 18:00:00,0.0
2024-09-21 19:00:00,0.0
2024-09-21 20:00:00,0.0
2024-09-21 21:00:00,0.0
2024-09-21 22:00:00,0.0
2024-09-21 23:00:00,0.0
2024-09-22 00:00:00,0.0
2024-09-22 01:00:00,0.0
2024-09-22 02:00:00,0.0
2024-09-22 03:00:00,0.0
2024-09-22 04:00:00,0.0
2024-09-22 05:00:00,0.0
2024-09-22 06:00:00,165.12
2024-09-22 07:00:00,466.05
2024-09-22 08:00:00,735.5
2024-09-22 09:00:00,954.9
2024-09-22 10:00:00,1109.3
2024-09-22 11:00:00,1188.18
2024-09-22 12:00:00,1186.12
2024-09-22 13:00:00,1103.25
2024-09-22 14:00:00,945.25
2024-09-22 15:00:00,722.83
2024-09-22 16:00:00,451.15
2024-09-22 17:00:00,148.85
2024-09-22 18:00:00,0.0
2024-09-22 19:00:00,0.0
2024-09-22 20:00:00,0.0
2024-09-22 21:00:00,0.0
2024-09-22 22:00:00,0.0
2024-09-22 23:00:00,0.0
2024-09-23 00:00:00,0.0
2024-09-23 01:00:00,0.0
2024-09-23 02:00:00,0.0
2024-09-23 03:00:00,0.0
2024-09-23 04:00:00,0.0
2024-09-23 05:00:00,0.0
2024-09-23 06:00:00,162.73
2024-09-23 07:00:00,463.8
2024-09-23 08:00:00,733.15
2024-09-23 09:00:00,952.35
2024-09-23 10:00:00,1106.45
2024-09-23 11:00:00,1184.9
2024-09-23 12:00:00,1182.35
2024-09-23 13:00:00,1099.0
2024-09-23 14:00:00,940.45
2024-09-23 15:00:00,717.58
2024-09-23 16:00:00,445.5
2024-09-23 17:00:00,143.07
2024-09-23 18:00:00,0.0
2024-09-23 19:00:00,0.0
2024-09-23 20:00:00,0.0
2024-09-23 21:00:00,0.0
2024-09-23 22:00:00,0.0
2024-09-23 23:00:00,0.0
2024-09-24 00:00:00,0.0
2024-09-24 01:00:00,0.0
2024-09-24 02:00:00,0.0
2024-09-24 03:00:00,0.0
2024-09-24 04:00:00,0.0
2024-09-24 05:00:00,0.0
2024-09-24 06:00:00,160.38
2024-09-24 07:00:00,461.58
2024-09-24 08:00:00,730.9
2024-09-24 09:00:00,949.92
2024-09-24 10:00:00,1103.7
2024-09-24 11:00:00,1181.75
2024-09-24 12:00:00,1178.72
2024-09-24 13:00:00,1094.85
2024-09-24 14:00:00,935.78
2024-09-24 15:00:00,712.4
2024-09-24 16:00:00,439.9
2024-09-24 17:00:00,137.45
2024-09-24 18:00:00,0.0
2024-09-24 19:00:00,0.0
2024-09-24 20:00:00,0.0
2024-09-24 21:00:00,0.0
2024-09-24 22:00:00,0.0
2024-09-24 23:00:00,0.0
2024-09-25 00:00:00,0.0
2024-09-25 01:00:00,0.0
2024-09-25 02:00:00,0.0
2024-09-25 03:00:00,0.0
2024-09-25 04:00:00,0.0
2024-09-25 05:00:00,0.0
2024-09-25 06:00:00,157.98
2024-09-25 07:00:00,459.25
2024-09-25 08:00:00,728.45
2024-09-25 09:00:00,947.25
2024-09-25 10:00:00,1100.7
2024-09-25 11:00:00,1178.35
2024-09-25 12:00:00,1174.85
2024-09-25 13:00:00,1090.45
2024-09-25 14:00:00,930.9
2024-09-25 15:00:00,707.08
2024-09-25 16:00:00,434.2
2024-09-25 17:00:00,131.93
2024-09-25 18:00:00,0.0
2024-09-25 19:00:00,0.0
2024-09-25 20:00:00,0.0
2024-09-25 21:00:00,0.0
2024-09-25 22:00:00,0.0
2024-09-25 23:00:00,0.0
2024-09-26 00:00:00,0.0
2024-09-26 01:00:00,0.0
2024-09-26 02:00:00,0.0
2024-09-26 03:00:00,0.0
2024-09-26 04:00:00,0.0
2024-09-26 05:00:00,0.0
2024-09-26 06:00:00,155.57
2024-09-26 07:00:00,456.85
2024-09-26 08:00:00,725.95
2024-09-26 09:00:00,944.53
2024-09-26 10:00:00,1097.65
2024-09-26 11:00:00,1174.85
2024-09-26 12:00:00,1170.9
2024-09-26 13:00:00,1086.0
2024-09-26 14:00:00,925.97
2024-09-26 15:00:00,701.7
2024-09-26 16:00:00,428.48
2024-09-26 17:00:00,126.5
2024-09-26 18:00:00,0.0
2024-09-26 19:00:00,0.0
2024-09-26 20:00:00,0.0
2024-09-26 21:00:00,0.0
2024-09-26 22:00:00,0.0
2024-09-26 23:00:00,0.0
2024-09-27 00:00:00,0.0
2024-09-27 01:00:00,0.0
2024-09-27 02:00:00,0.0
2024-09-27 03:00:00,0.0
2024-09-27 04:00:00,0.0
2024-09-27 05:00:00,0.0
2024-09-27 06:00:00,153.15
2024-09-27 07:00:00,454.42
2024-09-27 08:00:00,723.4
2024-09-27 09:00:00,941.72
2024-09-27 10:00:00,1094.5
2024-09-27 11:00:00,1171.3
2024-09-27 12:00:00,1166.85
2024-09-27 13:00:00,1081.47
2024-09-27 14:00:00,921.0
2024-09-27 15:00:00,696.3
2024-09-27 16:00:00,422.73
2024-09-27 17:00:00,121.2
2024-09-27 18:00:00,0.0
2024-09-27 19:00:00,0.0
2024-09-27 20:00:00,0.0
2024-09-27 21:00:00,0.0
2024-09-27 22:00:00,0.0
2024-09-27 23:00:00,0.0
2024-09-28 00:00:00,0.0
2024-09-28 01:00:00,0.0
2024-09-28 02:00:00,0.0
2024-09-28 03:00:00,0.0
2024-09-28 04:00:00,0.0
2024-09-28 05:00:00,0.0
2024-09-28 06:00:00,150.7
2024-09-28 07:00:00,451.88
2024-09-28 08:00:00,720.67
2024-09-28 09:00:00,938.7
2024-09-28 10:00:00,1091.1
2024-09-28 11:00:00,1167.45
2024-09-28 12:00:00,1162.55
2024-09-28 13:00:00,1076.72
2024-09-28 14:00:00,915.8
2024-09-28 15:00:00,690.78
2024-09-28 16:00:00,416.92
2024-09-28 17:00:00,116.0
2024-09-28 18:00:00,0.0
2024-09-28 19:00:00,0.0
2024-09-28 20:00:00,0.0
2024-09-28 21:00:00,0.0
2024-09-28 22:00:00,0.0
2024-09-28 23:00:00,0.0
2024-09-29 00:00:00,0.0
2024-09-29 01:00:00,0.0
2024-09-29 02:00:00,0.0
2024-09-29 03:00:00,0.0
2024-09-29 04:00:00,0.0
2024-09-29 05:00:00,0.0
2024-09-29 06:00:00,148.27
2024-09-29 07:00:00,449.3
2024-09-29 08:00:00,717.92
2024-09-29 09:00:00,935.67
2024-09-29 10:00:00,1087.7
2024-09-29 11:00:00,1163.62
2024-09-29 12:00:00,1158.28
2024-09-29 13:00:00,1071.97
2024-09-29 14:00:00,910.65
2024-09-29 15:00:00,685.25
2024-09-29 16:00:00,411.12
2024-09-29 17:00:00,110.93
2024-09-29 18:00:00,0.0
2024-09-29 19:00:00,0.0
2024-09-29 20:00:00,0.0
2024-09-29 21:00:00,0.0
2024-09-29 22:00:00,0.0
2024-09-29 23:00:00,0.0
2024-09-30 00:00:00,0.0
2024-09-30 01:00:00,0.0
2024-09-30 02:00:00,0.0
2024-09-30 03:00:00,0.0
2024-09-30 04:00:00,0.0
2024-09-30 05:00:00,0.0
2024-09-30 06:00:00,145.8
2024-09-30 07:00:00,446.65
2024-09-30 08:00:00,715.03
2024-09-30 09:00:00,932.45
2024-09-30 10:00:00,1084.1
2024-09-30 11:00:00,1159.6
2024-09-30 12:00:00,1153.78
2024-09-30 13:00:00,1067.07
2024-09-30 14:00:00,905.35
2024-09-30 15:00:00,679.62
2024-09-30 16:00:00,405.27
2024-09-30 17:00:00,105.97
2024-09-30 18:00:00,0.0
2024-09-30 19:00:00,0.0
2024-09-30 20:00:00,0.0
2024-09-30 21:00:00,0.0
2024-09-30 22:00:00,0.0
2024-09-30 23:00:00,0.0
2024-10-01 00:00:00,0.0
2024-10-01 01:00:00,0.0
2024-10-01 02:00:00,0.0
2024-10-01 03:00:00,0.0
2024-10-01 04:00:00,0.0
2024-10-01 05:00:00,0.0
2024-10-01 06:00:00,143.32
2024-10-01 07:00:00,443.98
2024-10-01 08:00:00,712.15
2024-10-01 09:00:00,929.28
2024-10-01 10:00:00,1080.53
2024-10-01 11:00:00,1155.6
2024-10-01 12:00:00,1149.35
2024-10-01 13:00:00,1062.2
2024-10-01 14:00:00,900.08
2024-10-01 15:00:00,674.05
2024-10-01 16:00:00,399.48
2024-10-01 17:00:00,101.18
2024-10-01 18:00:00,0.0
2024-10-01 19:00:00,0.0
2024-10-01 20:00:00,0.0
2024-10-01 21:00:00,0.0
2024-10-01 22:00:00,0.0
2024-10-01 23:00:00,0.0
2024-10-02 00:00:00,0.0
2024-10-02 01:00:00,0.0
2024-10-02 02:00:00,0.0
2024-10-02 03:00:00,0.0
2024-10-02 04:00:00,0.0
2024-10-02 05:00:00,0.0
2024-10-02 06:00:00,140.82
2024-10-02 07:00:00,441.17
2024-10-02 08:00:00,709.05
2024-10-02 09:00:00,925.83
2024-10-02 10:00:00,1076.65
2024-10-02 11:00:00,1151.28
2024-10-02 12:00:00,1144.6
2024-10-02 13:00:00,1057.05
2024-10-02 14:00:00,894.6
2024-10-02 15:00:00,668.3
2024-10-02 16:00:00,393.6
2024-10-02 17:00:00,96.45
2024-10-02 18:00:00,0.0
2024-10-02 19:00:00,0.0
2024-10-02 20:00:00,0.0
2024-10-02 21:00:00,0.0
2024-10-02 22:00:00,0.0
2024-10-02 23:00:00,0.0
2024-10-03 00:00:00,0.0
2024-10-03 01:00:00,0.0
2024-10-03 02:00:00,0.0
2024-10-03 03:00:00,0.0
2024-10-03 04:00:00,0.0
2024-10-03 05:00:00,0.0
2024-10-03 06:00:00,138.32
2024-10-03 07:00:00,438.35
2024-10-03 08:00:00,705.97
2024-10-03 09:00:00,922.38
2024-10-03 10:00:00,1072.82
2024-10-03 11:00:00,1147.0
2024-10-03 12:00:00,1139.9
2024-10-03 13:00:00,1051.95
2024-10-03 14:00:00,889.15
2024-10-03 15:00:00,662.62
2024-10-03 16:00:00,387.75
2024-10-03 17:00:00,91.9
2024-10-03 18:00:00,0.0
2024-10-03 19:00:00,0.0
2024-10-03 20:00:00,0.0
2024-10-03 21:00:00,0.0
2024-10-03 22:00:00,0.0
2024-10-03 23:00:00,0.0
2024-10-04 00:00:00,0.0
2024-10-04 01:00:00,0.0
2024-10-04 02:00:00,0.0
2024-10-04 03:00:00,0.0
2024-10-04 04:00:00,0.0
2024-10-04 05:00:00,0.0
2024-10-04 06:00:00,135.8
2024-10-04 07:00:00,435.48
2024-10-04 08:00:00,702.83
2024-10-04 09:00:00,918.85
2024-10-04 10:00:00,1068.88
2024-10-04 11:00:00,1142.65
2024-10-04 12:00:00,1135.12
2024-10-04 13:00:00,1046.8
2024-10-04 14:00:00,883.67
2024-10-04 15:00:00,656.9
2024-10-04 16:00:00,381.92
2024-10-04 17:00:00,87.45
2024-10-04 18:00:00,0.0
2024-10-04 19:00:00,0.0
2024-10-04 20:00:00,0.0
2024-10-04 21:00:00,0.0
2024-10-04 22:00:00,0.0
2024-10-04 23:00:00,0.0
2024-10-05 00:00:00,0.0
2024-10-05 01:00:00,0.0
2024-10-05 02:00:00,0.0
2024-10-05 03:00:00,0.0
2024-10-05 04:00:00,0.0
2024-10-05 05:00:00,0.0
2024-10-05 06:00:00,133.35
2024-10-05 07:00:00,432.75
2024-10-05 08:00:00,699.92
2024-10-05 09:00:00,915.7
2024-10-05 10:00:00,1065.38
2024-10-05 11:00:00,1138.75
2024-10-05 12:00:00,1130.8
2024-10-05 13:00:00,1042.07
2024-10-05 14:00:00,878.58
2024-10-05 15:00:00,651.5
2024-10-05 16:00:00,376.27
2024-10-05 17:00:00,83.2
2024-10-05 18:00:00,0.0
2024-10-05 19:00:00,0.0
2024-10-05 20:00:00,0.0
2024-10-05 21:00:00,0.0
2024-10-05 22:00:00,0.0
2024-10-05 23:00:00,0.0
2024-10-06 00:00:00,0.0
2024-10-06 01:00:00,0.0
2024-10-06 02:00:00,0.0
2024-10-06 03:00:00,0.0
2024-10-06 04:00:00,0.0
2024-10-06 05:00:00,0.0
2024-10-06 06:00:00,130.9
2024-10-06 07:00:00,430.02
2024-10-06 08:00:00,697.0
2024-10-06 09:00:00,912.5
2024-10-06 10:00:00,1061.85
2024-10-06 11:00:00,1134.85
2024-10-06 12:00:00,1126.47
2024-10-06 13:00:00,1037.35
2024-10-06 14:00:00,873.5
2024-10-06 15:00:00,646.1
2024-10-06 16:00:00,370.67
2024-10-06 17:00:00,79.07
2024-10-06 18:00:00,0.0
2024-10-06 19:00:00,0.0
2024-10-06 20:00:00,0.0
2024-10-06 21:00:00,0.0
2024-10-06 22:00:00,0.0
2024-10-06 23:00:00,0.0
2024-10-07 00:00:00,0.0
2024-10-07 01:00:00,0.0
2024-10-07 02:00:00,0.0
2024-10-07 03:00:00,0.0
2024-10-07 04:00:00,0.0
2024-10-07 05:00:00,0.0
2024-10-07 06:00:00,128.4
2024-10-07 07:00:00,427.17
2024-10-07 08:00:00,693.95
2024-10-07 09:00:00,909.17
2024-10-07 10:00:00,1058.18
2024-10-07 11:00:00,1130.78
2024-10-07 12:00:00,1122.03
2024-10-07 13:00:00,1032.5
2024-10-07 14:00:00,868.33
2024-10-07 15:00:00,640.67
2024-10-07 16:00:00,365.02
2024-10-07 17:00:00,75.05
2024-10-07 18:00:00,0.0
2024-10-07 19:00:00,0.0
2024-10-07 20:00:00,0.0
2024-10-07 21:00:00,0.0
2024-10-07 22:00:00,0.0
2024-10-07 23:00:00,0.0
2024-10-08 00:00:00,0.0
2024-10-08 01:00:00,0.0
2024-10-08 02:00:00,0.0
2024-10-08 03:00:00,0.0
2024-10-08 04:00:00,0.0
2024-10-08 05:00:00,0.0
2024-10-08 06:00:00,125.9
2024-10-08 07:00:00,424.25
2024-10-08 08:00:00,690.78
2024-10-08 09:00:00,905.67
2024-10-08 10:00:00,1054.3
2024-10-08 11:00:00,1126.5
2024-10-08 12:00:00,1117.38
2024-10-08 13:00:00,1027.5
2024-10-08 14:00:00,863.03
2024-10-08 15:00:00,635.15
2024-10-08 16:00:00,359.38
2024-10-08 17:00:00,71.18
2024-10-08 18:00:00,0.0
2024-10-08 19:00:00,0.0
2024-10-08 20:00:00,0.0
2024-10-08 21:00:00,0.0
2024-10-08 22:00:00,0.0
2024-10-08 23:00:00,0.0
2024-10-09 00:00:00,0.0
2024-10-09 01:00:00,0.0
2024-10-09 02:00:00,0.0
2024-10-09 03:00:00,0.0
2024-10-09 04:00:00,0.0
2024-10-09 05:00:00,0.0
2024-10-09 06:00:00,123.38
2024-10-09 07:00:00,421.25
2024-10-09 08:00:00,687.5
2024-10-09 09:00:00,902.08
2024-10-09 10:00:00,1050.32
2024-10-09 11:00:00,1122.15
2024-10-09 12:00:00,1112.65
2024-10-09 13:00:00,1022.45
2024-10-09 14:00:00,857.7
2024-10-09 15:00:00,629.62
2024-10-09 16:00:00,353.75
2024-10-09 17:00:00,67.4
2024-10-09 18:00:00,0.0
2024-10-09 19:00:00,0.0
2024-10-09 20:00:00,0.0
2024-10-09 21:00:00,0.0
2024-10-09 22:00:00,0.0
2024-10-09 23:00:00,0.0
2024-10-10 00:00:00,0.0
2024-10-10 01:00:00,0.0
2024-10-10 02:00:00,0.0
2024-10-10 03:00:00,0.0
2024-10-10 04:00:00,0.0
2024-10-10 05:00:00,0.0
2024-10-10 06:00:00,120.88
2024-10-10 07:00:00,418.25
2024-10-10 08:00:00,684.28
2024-10-10 09:00:00,898.53
2024-10-10 10:00:00,1046.43
2024-10-10 11:00:00,1117.9
2024-10-10 12:00:00,1108.03
2024-10-10 13:00:00,1017.47
2024-10-10 14:00:00,852.45
2024-10-10 15:00:00,624.17
2024-10-10 16:00:00,348.2
2024-10-10 17:00:00,63.8
2024-10-10 18:00:00,0.0
2024-10-10 19:00:00,0.0
2024-10-10 20:00:00,0.0
2024-10-10 21:00:00,0.0
2024-10-10 22:00:00,0.0
2024-10-10 23:00:00,0.0
2024-10-11 00:00:00,0.0
2024-10-11 01:00:00,0.0
2024-10-11 02:00:00,0.0
2024-10-11 03:00:00,0.0
2024-10-11 04:00:00,0.0
2024-10-11 05:00:00,0.0
2024-10-11 06:00:00,118.38
2024-10-11 07:00:00,415.25
2024-10-11 08:00:00,681.05
2024-10-11 09:00:00,895.0
2024-10-11 10:00:00,1042.57
2024-10-11 11:00:00,1113.68
2024-10-11 12:00:00,1103.45
2024-10-11 13:00:00,1012.6
2024-10-11 14:00:00,847.28
2024-10-11 15:00:00,618.8
2024-10-11 16:00:00,342.7
2024-10-11 17:00:00,60.3
2024-10-11 18:00:00,0.0
2024-10-11 19:00:00,0.0
2024-10-11 20:00:00,0.0
2024-10-11 21:00:00,0.0
2024-10-11 22:00:00,0.0
2024-10-11 23:00:00,0.0
2024-10-12 00:00:00,0.0
2024-10-12 01:00:00,0.0
2024-10-12 02:00:00,0.0
2024-10-12 03:00:00,0.0
2024-10-12 04:00:00,0.0
2024-10-12 05:00:00,0.0
2024-10-12 06:00:00,115.85
2024-10-12 07:00:00,412.2
2024-10-12 08:00:00,677.72
2024-10-12 09:00:00,891.38
2024-10-12 10:00:00,1038.6
2024-10-12 11:00:00,1109.35
2024-10-12 12:00:00,1098.78
2024-10-12 13:00:00,1007.62
2024-10-12 14:00:00,842.08
2024-10-12 15:00:00,613.42
2024-10-12 16:00:00,337.23
2024-10-12 17:00:00,56.95
2024-10-12 18:00:00,0.0
2024-10-12 19:00:00,0.0
2024-10-12 20:00:00,0.0
2024-10-12 21:00:00,0.0
2024-10-12 22:00:00,0.0
2024-10-12 23:00:00,0.0
2024-10-13 00:00:00,0.0
2024-10-13 01:00:00,0.0
2024-10-13 02:00:00,0.0
2024-10-13 03:00:00,0.0
2024-10-13 04:00:00,0.0
2024-10-13 05:00:00,0.0
2024-10-13 06:00:00,113.35
2024-10-13 07:00:00,409.17
2024-10-13 08:00:00,674.53
2024-10-13 09:00:00,887.92
2024-10-13 10:00:00,1034.85
2024-10-13 11:00:00,1105.28
2024-10-13 12:00:00,1094.38
2024-10-13 13:00:00,1002.9
2024-10-13 14:00:00,837.08
2024-10-13 15:00:00,608.2
2024-10-13 16:00:00,331.88
2024-10-13 17:00:00,53.72
2024-10-13 18:00:00,0.0
2024-10-13 19:00:00,0.0
2024-10-13 20:00:00,0.0
2024-10-13 21:00:00,0.0
2024-10-13 22:00:00,0.0
2024-10-13 23:00:00,0.0
2024-10-14 00:00:00,0.0
2024-10-14 01:00:00,0.0
2024-10-14 02:00:00,0.0
2024-10-14 03:00:00,0.0
2024-10-14 04:00:00,0.0
2024-10-14 05:00:00,0.0
2024-10-14 06:00:00,110.85
2024-10-14 07:00:00,406.12
2024-10-14 08:00:00,671.28
2024-10-14 09:00:00,884.42
2024-10-14 10:00:00,1031.07
2024-10-14 11:00:00,1101.18
2024-10-14 12:00:00,1089.95
2024-10-14 13:00:00,998.17
2024-10-14 14:00:00,832.1
2024-10-14 15:00:00,603.03
2024-10-14 16:00:00,326.58
2024-10-14 17:00:00,50.65
2024-10-14 18:00:00,0.0
2024-10-14 19:00:00,0.0
2024-10-14 20:00:00,0.0
2024-10-14 21:00:00,0.0
2024-10-14 22:00:00,0.0
2024-10-14 23:00:00,0.0
2024-10-15 00:00:00,0.0
2024-10-15 01:00:00,0.0
2024-10-15 02:00:00,0.0
2024-10-15 03:00:00,0.0
2024-10-15 04:00:00,0.0
2024-10-15 05:00:00,0.0
2024-10-15 06:00:00,108.32
2024-10-15 07:00:00,402.95
2024-10-15 08:00:00,667.85
2024-10-15 09:00:00,880.72
2024-10-15 10:00:00,1027.05
2024-10-15 11:00:00,1096.82
2024-10-15 12:00:00,1085.3
2024-10-15 13:00:00,993.25
2024-10-15 14:00:00,826.97
2024-10-15 15:00:00,597.78
2024-10-15 16:00:00,321.27
2024-10-15 17:00:00,47.67
2024-10-15 18:00:00,0.0
2024-10-15 19:00:00,0.0
2024-10-15 20:00:00,0.0
2024-10-15 21:00:00,0.0
2024-10-15 22:00:00,0.0
2024-10-15 23:00:00,0.0
2024-10-16 00:00:00,0.0
2024-10-16 01:00:00,0.0
2024-10-16 02:00:00,0.0
2024-10-16 03:00:00,0.0
2024-10-16 04:00:00,0.0
2024-10-16 05:00:00,0.0
2024-10-16 06:00:00,105.8
2024-10-16 07:00:00,399.7
2024-10-16 08:00:00,664.35
2024-10-16 09:00:00,876.92
2024-10-16 10:00:00,1022.9
2024-10-16 11:00:00,1092.38
2024-10-16 12:00:00,1080.55
2024-10-16 13:00:00,988.28
2024-10-16 14:00:00,821.83
2024-10-16 15:00:00,592.5
2024-10-16 16:00:00,315.98
2024-10-16 17:00:00,44.8
2024-10-16 18:00:00,0.0
2024-10-16 19:00:00,0.0
2024-10-16 20:00:00,0.0
2024-10-16 21:00:00,0.0
2024-10-16 22:00:00,0.0
2024-10-16 23:00:00,0.0
2024-10-17 00:00:00,0.0
2024-10-17 01:00:00,0.0
2024-10-17 02:00:00,0.0
2024-10-17 03:00:00,0.0
2024-10-17 04:00:00,0.0
2024-10-17 05:00:00,0.0
2024-10-17 06:00:00,103.25
2024-10-17 07:00:00,396.38
2024-10-17 08:00:00,660.72
2024-10-17 09:00:00,872.97
2024-10-17 10:00:00,1018.62
2024-10-17 11:00:00,1087.78
2024-10-17 12:00:00,1075.7
2024-10-17 13:00:00,983.2
2024-10-17 14:00:00,816.58
2024-10-17 15:00:00,587.22
2024-10-17 16:00:00,310.73
2024-10-17 17:00:00,42.08
2024-10-17 18:00:00,0.0
2024-10-17 19:00:00,0.0
2024-10-17 20:00:00,0.0
2024-10-17 21:00:00,0.0
2024-10-17 22:00:00,0.0
2024-10-17 23:00:00,0.0
2024-10-18 00:00:00,0.0
2024-10-18 01:00:00,0.0
2024-10-18 02:00:00,0.0
2024-10-18 03:00:00,0.0
2024-10-18 04:00:00,0.0
2024-10-18 05:00:00,0.0
2024-10-18 06:00:00,100.72
2024-10-18 07:00:00,393.05
2024-10-18 08:00:00,657.15
2024-10-18 09:00:00,869.1
2024-10-18 10:00:00,1014.45
2024-10-18 11:00:00,1083.3
2024-10-18 12:00:00,1070.95
2024-10-18 13:00:00,978.25
2024-10-18 14:00:00,811.5
2024-10-18 15:00:00,582.05
2024-10-18 16:00:00,305.55
2024-10-18 17:00:00,39.45
2024-10-18 18:00:00,0.0
2024-10-18 19:00:00,0.0
2024-10-18 20:00:00,0.0
2024-10-18 21:00:00,0.0
2024-10-18 22:00:00,0.0
2024-10-18 23:00:00,0.0
2024-10-19 00:00:00,0.0
2024-10-19 01:00:00,0.0
2024-10-19 02:00:00,0.0
2024-10-19 03:00:00,0.0
2024-10-19 04:00:00,0.0
2024-10-19 05:00:00,0.0
2024-10-19 06:00:00,98.2
2024-10-19 07:00:00,389.73
2024-10-19 08:00:00,653.55
2024-10-19 09:00:00,865.2
2024-10-19 10:00:00,1010.28
2024-10-19 11:00:00,1078.85
2024-10-19 12:00:00,1066.28
2024-10-19 13:00:00,973.35
2024-10-19 14:00:00,806.47
2024-10-19 15:00:00,576.95
2024-10-19 16:00:00,300.48
2024-10-19 17:00:00,36.97
2024-10-19 18:00:00,0.0
2024-10-19 19:00:00,0.0
2024-10-19 20:00:00,0.0
2024-10-19 21:00:00,0.0
2024-10-19 22:00:00,0.0
2024-10-19 23:00:00,0.0
2024-10-20 00:00:00,0.0
2024-10-20 01:00:00,0.0
2024-10-20 02:00:00,0.0
2024-10-20 03:00:00,0.0
2024-10-20 04:00:00,0.0
2024-10-20 05:00:00,0.0
2024-10-20 06:00:00,95.68
2024-10-20 07:00:00,386.38
2024-10-20 08:00:00,649.97
2024-10-20 09:00:00,861.4
2024-10-20 10:00:00,1006.2
2024-10-20 11:00:00,1074.53
2024-10-20 12:00:00,1061.7
2024-10-20 13:00:00,968.6
2024-10-20 14:00:00,801.58
2024-10-20 15:00:00,571.97
2024-10-20 16:00:00,295.5
2024-10-20 17:00:00,34.6
2024-10-20 18:00:00,0.0
2024-10-20 19:00:00,0.0
2024-10-20 20:00:00,0.0
2024-10-20 21:00:00,0.0
2024-10-20 22:00:00,0.0
2024-10-20 23:00:00,0.0
2024-10-21 00:00:00,0.0
2024-10-21 01:00:00,0.0
2024-10-21 02:00:00,0.0
2024-10-21 03:00:00,0.0
2024-10-21 04:00:00,0.0
2024-10-21 05:00:00,0.0
2024-10-21 06:00:00,93.15
2024-10-21 07:00:00,382.95
2024-10-21 08:00:00,646.3
2024-10-21 09:00:00,857.45
2024-10-21 10:00:00,1001.97
2024-10-21 11:00:00,1070.05
2024-10-21 12:00:00,1057.0
2024-10-21 13:00:00,963.75
2024-10-21 14:00:00,796.6
2024-10-21 15:00:00,567.0
2024-10-21 16:00:00,290.55
2024-10-21 17:00:00,32.33
2024-10-21 18:00:00,0.0
2024-10-21 19:00:00,0.0
2024-10-21 20:00:00,0.0
2024-10-21 21:00:00,0.0
2024-10-21 22:00:00,0.0
2024-10-21 23:00:00,0.0
2024-10-22 00:00:00,0.0
2024-10-22 01:00:00,0.0
2024-10-22 02:00:00,0.0
2024-10-22 03:00:00,0.0
2024-10-22 04:00:00,0.0
2024-10-22 05:00:00,0.0
2024-10-22 06:00:00,90.62
2024-10-22 07:00:00,379.48
2024-10-22 08:00:00,642.58
2024-10-22 09:00:00,853.42
2024-10-22 10:00:00,997.7
2024-10-22 11:00:00,1065.53
2024-10-22 12:00:00,1052.28
2024-10-22 13:00:00,958.88
2024-10-22 14:00:00,791.65
2024-10-22 15:00:00,562.05
2024-10-22 16:00:00,285.65
2024-10-22 17:00:00,30.17
2024-10-22 18:00:00,0.0
2024-10-22 19:00:00,0.0
2024-10-22 20:00:00,0.0
2024-10-22 21:00:00,0.0
2024-10-22 22:00:00,0.0
2024-10-22 23:00:00,0.0
2024-10-23 00:00:00,0.0
2024-10-23 01:00:00,0.0
2024-10-23 02:00:00,0.0
2024-10-23 03:00:00,0.0
2024-10-23 04:00:00,0.0
2024-10-23 05:00:00,0.0
2024-10-23 06:00:00,88.1
2024-10-23 07:00:00,375.9
2024-10-23 08:00:00,638.7
2024-10-23 09:00:00,849.28
2024-10-23 10:00:00,993.25
2024-10-23 11:00:00,1060.85
2024-10-23 12:00:00,1047.43
2024-10-23 13:00:00,953.9
2024-10-23 14:00:00,786.65
2024-10-23 15:00:00,557.08
2024-10-23 16:00:00,280.8
2024-10-23 17:00:00,28.12
2024-10-23 18:00:00,0.0
2024-10-23 19:00:00,0.0
2024-10-23 20:00:00,0.0
2024-10-23 21:00:00,0.0
2024-10-23 22:00:00,0.0
2024-10-23 23:00:00,0.0
2024-10-24 00:00:00,0.0
2024-10-24 01:00:00,0.0
2024-10-24 02:00:00,0.0
2024-10-24 03:00:00,0.0
2024-10-24 04:00:00,0.0
2024-10-24 05:00:00,0.0
2024-10-24 06:00:00,85.57
2024-10-24 07:00:00,372.3
2024-10-24 08:00:00,634.78
2024-10-24 09:00:00,845.05
2024-10-24 10:00:00,988.78
2024-10-24 11:00:00,1056.12
2024-10-24 12:00:00,1042.55
2024-10-24 13:00:00,948.92
2024-10-24 14:00:00,781.67
2024-10-24 15:00:00,552.15
2024-10-24 16:00:00,276.02
2024-10-24 17:00:00,26.2
2024-10-24 18:00:00,0.0
2024-10-24 19:00:00,0.0
2024-10-24 20:00:00,0.0
2024-10-24 21:00:00,0.0
2024-10-24 22:00:00,0.0
2024-10-24 23:00:00,0.0
2024-10-25 00:00:00,0.0
2024-10-25 01:00:00,0.0
2024-10-25 02:00:00,0.0
2024-10-25 03:00:00,0.0
2024-10-25 04:00:00,0.0
2024-10-25 05:00:00,0.0
2024-10-25 06:00:00,83.05
2024-10-25 07:00:00,368.6
2024-10-25 08:00:00,630.78
2024-10-25 09:00:00,840.72
2024-10-25 10:00:00,984.17
2024-10-25 11:00:00,1051.3
2024-10-25 12:00:00,1037.57
2024-10-25 13:00:00,943.9
2024-10-25 14:00:00,776.65
2024-10-25 15:00:00,547.25
2024-10-25 16:00:00,271.33
2024-10-25 17:00:00,24.35
2024-10-25 18:00:00,0.0
2024-10-25 19:00:00,0.0
2024-10-25 20:00:00,0.0
2024-10-25 21:00:00,0.0
2024-10-25 22:00:00,0.0
2024-10-25 23:00:00,0.0
2024-10-26 00:00:00,0.0
2024-10-26 01:00:00,0.0
2024-10-26 02:00:00,0.0
2024-10-26 03:00:00,0.0
2024-10-26 04:00:00,0.0
2024-10-26 05:00:00,0.0
2024-10-26 06:00:00,80.53
2024-10-26 07:00:00,364.83
2024-10-26 08:00:00,626.62
2024-10-26 09:00:00,836.25
2024-10-26 10:00:00,979.4
2024-10-26 11:00:00,1046.32
2024-10-26 12:00:00,1032.47
2024-10-26 13:00:00,938.75
2024-10-26 14:00:00,771.58
2024-10-26 15:00:00,542.33
2024-10-26 16:00:00,266.62
2024-10-26 17:00:00,22.6
2024-10-26 18:00:00,0.0
2024-10-26 19:00:00,0.0
2024-10-26 20:00:00,0.0
2024-10-26 21:00:00,0.0
2024-10-26 22:00:00,0.0
2024-10-26 23:00:00,0.0
2024-10-27 00:00:00,0.0
2024-10-27 01:00:00,0.0
2024-10-27 02:00:00,0.0
2024-10-27 03:00:00,0.0
2024-10-27 04:00:00,0.0
2024-10-27 05:00:00,0.0
2024-10-27 06:00:00,78.03
2024-10-27 07:00:00,361.05
2024-10-27 08:00:00,622.5
2024-10-27 09:00:00,831.83
2024-10-27 10:00:00,974.72
2024-10-27 11:00:00,1041.45
2024-10-27 12:00:00,1027.47
2024-10-27 13:00:00,933.75
2024-10-27 14:00:00,766.65
2024-10-27 15:00:00,537.55
2024-10-27 16:00:00,262.08
2024-10-27 17:00:00,20.98
2024-10-27 18:00:00,0.0
2024-10-27 19:00:00,0.0
2024-10-27 20:00:00,0.0
2024-10-27 21:00:00,0.0
2024-10-27 22:00:00,0.0
2024-10-27 23:00:00,0.0
2024-10-28 00:00:00,0.0
2024-10-28 01:00:00,0.0
2024-10-28 02:00:00,0.0
2024-10-28 03:00:00,0.0
2024-10-28 04:00:00,0.0
2024-10-28 05:00:00,0.0
2024-10-28 06:00:00,75.55
2024-10-28 07:00:00,357.3
2024-10-28 08:00:00,618.47
2024-10-28 09:00:00,827.53
2024-10-28 10:00:00,970.2
2024-10-28 11:00:00,1036.75
2024-10-28 12:00:00,1022.7
2024-10-28 13:00:00,928.92
2024-10-28 14:00:00,761.88
2024-10-28 15:00:00,532.92
2024-10-28 16:00:00,257.65
2024-10-28 17:00:00,19.42
2024-10-28 18:00:00,0.0
2024-10-28 19:00:00,0.0
2024-10-28 20:00:00,0.0
2024-10-28 21:00:00,0.0
2024-10-28 22:00:00,0.0
2024-10-28 23:00:00,0.0
2024-10-29 00:00:00,0.0
2024-10-29 01:00:00,0.0
2024-10-29 02:00:00,0.0
2024-10-29 03:00:00,0.0
2024-10-29 04:00:00,0.0
2024-10-29 05:00:00,0.0
2024-10-29 06:00:00,73.07
2024-10-29 07:00:00,353.48
2024-10-29 08:00:00,614.33
2024-10-29 09:00:00,823.08
2024-10-29 10:00:00,965.53
2024-10-29 11:00:00,1031.95
2024-10-29 12:00:00,1017.8
2024-10-29 13:00:00,924.05
2024-10-29 14:00:00,757.1
2024-10-29 15:00:00,528.33
2024-10-29 16:00:00,253.3
2024-10-29 17:00:00,17.98
2024-10-29 18:00:00,0.0
2024-10-29 19:00:00,0.0
2024-10-29 20:00:00,0.0
2024-10-29 21:00:00,0.0
2024-10-29 22:00:00,0.0
2024-10-29 23:00:00,0.0
2024-10-30 00:00:00,0.0
2024-10-30 01:00:00,0.0
2024-10-30 02:00:00,0.0
2024-10-30 03:00:00,0.0
2024-10-30 04:00:00,0.0
2024-10-30 05:00:00,0.0
2024-10-30 06:00:00,70.65
2024-10-30 07:00:00,349.7
2024-10-30 08:00:00,610.3
2024-10-30 09:00:00,818.85
2024-10-30 10:00:00,961.12
2024-10-30 11:00:00,1027.4
2024-10-30 12:00:00,1013.2
2024-10-30 13:00:00,919.45
2024-10-30 14:00:00,752.58
2024-10-30 15:00:00,523.92
2024-10-30 16:00:00,249.1
2024-10-30 17:00:00,16.62
2024-10-30 18:00:00,0.0
2024-10-30 19:00:00,0.0
2024-10-30 20:00:00,0.0
2024-10-30 21:00:00,0.0
2024-10-30 22:00:00,0.0
2024-10-30 23:00:00,0.0
2024-10-31 00:00:00,0.0
2024-10-31 01:00:00,0.0
2024-10-31 02:00:00,0.0
2024-10-31 03:00:00,0.0
2024-10-31 04:00:00,0.0
2024-10-31 05:00:00,0.0
2024-10-31 06:00:00,68.22
2024-10-31 07:00:00,345.9
2024-10-31 08:00:00,606.25
2024-10-31 09:00:00,814.58
2024-10-31 10:00:00,956.67
2024-10-31 11:00:00,1022.85
2024-10-31 12:00:00,1008.6
2024-10-31 13:00:00,914.88
2024-10-31 14:00:00,748.1
2024-10-31 15:00:00,519.6
2024-10-31 16:00:00,244.98
2024-10-31 17:00:00,15.35
2024-10-31 18:00:00,0.0
2024-10-31 19:00:00,0.0
2024-10-31 20:00:00,0.0
2024-10-31 21:00:00,0.0
2024-10-31 22:00:00,0.0
2024-10-31 23:00:00,0.0
2024-11-01 00:00:00,0.0
2024-11-01 01:00:00,0.0
2024-11-01 02:00:00,0.0
2024-11-01 03:00:00,0.0
2024-11-01 04:00:00,0.0
2024-11-01 05:00:00,0.0
2024-11-01 06:00:00,65.85
2024-11-01 07:00:00,342.08
2024-11-01 08:00:00,602.17
2024-11-01 09:00:00,810.3
2024-11-01 10:00:00,952.22
2024-11-01 11:00:00,1018.33
2024-11-01 12:00:00,1004.03
2024-11-01 13:00:00,910.38
2024-11-01 14:00:00,743.7
2024-11-01 15:00:00,515.38
2024-11-01 16:00:00,240.98
2024-11-01 17:00:00,14.15
2024-11-01 18:00:00,0.0
2024-11-01 19:00:00,0.0
2024-11-01 20:00:00,0.0
2024-11-01 21:00:00,0.0
2024-11-01 22:00:00,0.0
2024-11-01 23:00:00,0.0
2024-11-02 00:00:00,0.0
2024-11-02 01:00:00,0.0
2024-11-02 02:00:00,0.0
2024-11-02 03:00:00,0.0
2024-11-02 04:00:00,0.0
2024-11-02 05:00:00,0.0
2024-11-02 06:00:00,63.45
2024-11-02 07:00:00,338.17
2024-11-02 08:00:00,598.03
2024-11-02 09:00:00,805.95
2024-11-02 10:00:00,947.72
2024-11-02 11:00:00,1013.72
2024-11-02 12:00:00,999.42
2024-11-02 13:00:00,905.85
2024-11-02 14:00:00,739.33
2024-11-02 15:00:00,511.2
2024-11-02 16:00:00,250.07
2024-11-02 17:00:00,0.0
2024-11-02 18:00:00,0.0
2024-11-02 19:00:00,0.0
2024-11-02 20:00:00,0.0
2024-11-02 21:00:00,0.0
2024-11-02 22:00:00,0.0
2024-11-02 23:00:00,0.0
2024-11-03 00:00:00,0.0
2024-11-03 01:00:00,0.0
2024-11-03 02:00:00,0.0
2024-11-03 03:00:00,0.0
2024-11-03 04:00:00,0.0
2024-11-03 05:00:00,0.0
2024-11-03 06:00:00,61.1
2024-11-03 07:00:00,334.25
2024-11-03 08:00:00,593.88
2024-11-03 09:00:00,801.58
2024-11-03 10:00:00,943.22
2024-11-03 11:00:00,1009.15
2024-11-03 12:00:00,994.88
2024-11-03 13:00:00,901.38
2024-11-03 14:00:00,735.0
2024-11-03 15:00:00,507.12
2024-11-03 16:00:00,245.23
2024-11-03 17:00:00,0.0
2024-11-03 18:00:00,0.0
2024-11-03 19:00:00,0.0
2024-11-03 20:00:00,0.0
2024-11-03 21:00:00,0.0
2024-11-03 22:00:00,0.0
2024-11-03 23:00:00,0.0
2024-11-04 00:00:00,0.0
2024-11-04 01:00:00,0.0
2024-11-04 02:00:00,0.0
2024-11-04 03:00:00,0.0
2024-11-04 04:00:00,0.0
2024-11-04 05:00:00,0.0
2024-11-04 06:00:00,58.78
2024-11-04 07:00:00,330.27
2024-11-04 08:00:00,589.6
2024-11-04 09:00:00,797.08
2024-11-04 10:00:00,938.6
2024-11-04 11:00:00,1004.47
2024-11-04 12:00:00,990.22
2024-11-04 13:00:00,896.85
2024-11-04 14:00:00,730.67
2024-11-04 15:00:00,503.05
2024-11-04 16:00:00,240.52
2024-11-04 17:00:00,0.0
2024-11-04 18:00:00,0.0
2024-11-04 19:00:00,0.0
2024-11-04 20:00:00,0.0
2024-11-04 21:00:00,0.0
2024-11-04 22:00:00,0.0
2024-11-04 23:00:00,0.0
2024-11-05 00:00:00,0.0
2024-11-05 01:00:00,0.0
2024-11-05 02:00:00,0.0
2024-11-05 03:00:00,0.0
2024-11-05 04:00:00,0.0
2024-11-05 05:00:00,0.0
2024-11-05 06:00:00,56.45
2024-11-05 07:00:00,326.3
2024-11-05 08:00:00,585.38
2024-11-05 09:00:00,792.67
2024-11-05 10:00:00,934.08
2024-11-05 11:00:00,999.9
2024-11-05 12:00:00,985.72
2024-11-05 13:00:00,892.47
2024-11-05 14:00:00,726.5
2024-11-05 15:00:00,499.15
2024-11-05 16:00:00,236.02
2024-11-05 17:00:00,0.0
2024-11-05 18:00:00,0.0
2024-11-05 19:00:00,0.0
2024-11-05 20:00:00,0.0
2024-11-05 21:00:00,0.0
2024-11-05 22:00:00,0.0
2024-11-05 23:00:00,0.0
2024-11-06 00:00:00,0.0
2024-11-06 01:00:00,0.0
2024-11-06 02:00:00,0.0
2024-11-06 03:00:00,0.0
2024-11-06 04:00:00,0.0
2024-11-06 05:00:00,0.0
2024-11-06 06:00:00,54.2
2024-11-06 07:00:00,322.35
2024-11-06 08:00:00,581.2
2024-11-06 09:00:00,788.33
2024-11-06 10:00:00,929.62
2024-11-06 11:00:00,995.47
2024-11-06 12:00:00,981.35
2024-11-06 13:00:00,888.25
2024-11-06 14:00:00,722.47
2024-11-06 15:00:00,495.38
2024-11-06 16:00:00,231.73
2024-11-06 17:00:00,0.0
2024-11-06 18:00:00,0.0
2024-11-06 19:00:00,0.0
2024-11-06 20:00:00,0.0
2024-11-06 21:00:00,0.0
2024-11-06 22:00:00,0.0
2024-11-06 23:00:00,0.0
2024-11-07 00:00:00,0.0
2024-11-07 01:00:00,0.0
2024-11-07 02:00:00,0.0
2024-11-07 03:00:00,0.0
2024-11-07 04:00:00,0.0
2024-11-07 05:00:00,0.0
2024-11-07 06:00:00,51.95
2024-11-07 07:00:00,318.35
2024-11-07 08:00:00,577.0
2024-11-07 09:00:00,784.0
2024-11-07 10:00:00,925.22
2024-11-07 11:00:00,991.05
2024-11-07 12:00:00,977.03
2024-11-07 13:00:00,884.08
2024-11-07 14:00:00,718.55
2024-11-07 15:00:00,491.73
2024-11-07 16:00:00,227.57
2024-11-07 17:00:00,0.0
2024-11-07 18:00:00,0.0
2024-11-07 19:00:00,0.0
2024-11-07 20:00:00,0.0
2024-11-07 21:00:00,0.0
2024-11-07 22:00:00,0.0
2024-11-07 23:00:00,0.0
2024-11-08 00:00:00,0.0
2024-11-08 01:00:00,0.0
2024-11-08 02:00:00,0.0
2024-11-08 03:00:00,0.0
2024-11-08 04:00:00,0.0
2024-11-08 05:00:00,0.0
2024-11-08 06:00:00,49.75
2024-11-08 07:00:00,314.35
2024-11-08 08:00:00,572.8
2024-11-08 09:00:00,779.65
2024-11-08 10:00:00,920.83
2024-11-08 11:00:00,986.67
2024-11-08 12:00:00,972.75
2024-11-08 13:00:00,880.0
2024-11-08 14:00:00,714.7
2024-11-08 15:00:00,488.17
2024-11-08 16:00:00,223.62
2024-11-08 17:00:00,0.0
2024-11-08 18:00:00,0.0
2024-11-08 19:00:00,0.0
2024-11-08 20:00:00,0.0
2024-11-08 21:00:00,0.0
2024-11-08 22:00:00,0.0
2024-11-08 23:00:00,0.0
2024-11-09 00:00:00,0.0
2024-11-09 01:00:00,0.0
2024-11-09 02:00:00,0.0
2024-11-09 03:00:00,0.0
2024-11-09 04:00:00,0.0
2024-11-09 05:00:00,0.0
2024-11-09 06:00:00,47.58
2024-11-09 07:00:00,310.33
2024-11-09 08:00:00,568.58
2024-11-09 09:00:00,775.3
2024-11-09 10:00:00,916.45
2024-11-09 11:00:00,982.35
2024-11-09 12:00:00,968.55
2024-11-09 13:00:00,875.97
2024-11-09 14:00:00,710.95
2024-11-09 15:00:00,484.73
2024-11-09 16:00:00,219.85
2024-11-09 17:00:00,0.0
2024-11-09 18:00:00,0.0
2024-11-09 19:00:00,0.0
2024-11-09 20:00:00,0.0
2024-11-09 21:00:00,0.0
2024-11-09 22:00:00,0.0
2024-11-09 23:00:00,0.0
2024-11-10 00:00:00,0.0
2024-11-10 01:00:00,0.0
2024-11-10 02:00:00,0.0
2024-11-10 03:00:00,0.0
2024-11-10 04:00:00,0.0
2024-11-10 05:00:00,0.0
2024-11-10 06:00:00,45.42
2024-11-10 07:00:00,306.3
2024-11-10 08:00:00,564.35
2024-11-10 09:00:00,770.97
2024-11-10 10:00:00,912.08
2024-11-10 11:00:00,978.05
2024-11-10 12:00:00,964.4
2024-11-10 13:00:00,872.05
2024-11-10 14:00:00,707.3
2024-11-10 15:00:00,481.38
2024-11-10 16:00:00,216.25
2024-11-10 17:00:00,0.0
2024-11-10 18:00:00,0.0
2024-11-10 19:00:00,0.0
2024-11-10 20:00:00,0.0
2024-11-10 21:00:00,0.0
2024-11-10 22:00:00,0.0
2024-11-10 23:00:00,0.0
2024-11-11 00:00:00,0.0
2024-11-11 01:00:00,0.0
2024-11-11 02:00:00,0.0
2024-11-11 03:00:00,0.0
2024-11-11 04:00:00,0.0
2024-11-11 05:00:00,0.0
2024-11-11 06:00:00,43.33
2024-11-11 07:00:00,302.25
2024-11-11 08:00:00,560.12
2024-11-11 09:00:00,766.65
2024-11-11 10:00:00,907.75
2024-11-11 11:00:00,973.8
2024-11-11 12:00:00,960.3
2024-11-11 13:00:00,868.2
2024-11-11 14:00:00,703.72
2024-11-11 15:00:00,478.15
2024-11-11 16:00:00,212.82
2024-11-11 17:00:00,0.0
2024-11-11 18:00:00,0.0
2024-11-11 19:00:00,0.0
2024-11-11 20:00:00,0.0
2024-11-11 21:00:00,0.0
2024-11-11 22:00:00,0.0
2024-11-11 23:00:00,0.0
2024-11-12 00:00:00,0.0
2024-11-12 01:00:00,0.0
2024-11-12 02:00:00,0.0
2024-11-12 03:00:00,0.0
2024-11-12 04:00:00,0.0
2024-11-12 05:00:00,0.0
2024-11-12 06:00:00,41.28
2024-11-12 07:00:00,298.2
2024-11-12 08:00:00,555.9
2024-11-12 09:00:00,762.35
2024-11-12 10:00:00,903.45
2024-11-12 11:00:00,969.6
2024-11-12 12:00:00,956.3
2024-11-12 13:00:00,864.42
2024-11-12 14:00:00,700.28
2024-11-12 15:00:00,475.02
2024-11-12 16:00:00,209.55
2024-11-12 17:00:00,0.0
2024-11-12 18:00:00,0.0
2024-11-12 19:00:00,0.0
2024-11-12 20:00:00,0.0
2024-11-12 21:00:00,0.0
2024-11-12 22:00:00,0.0
2024-11-12 23:00:00,0.0
2024-11-13 00:00:00,0.0
2024-11-13 01:00:00,0.0
2024-11-13 02:00:00,0.0
2024-11-13 03:00:00,0.0
2024-11-13 04:00:00,0.0
2024-11-13 05:00:00,0.0
2024-11-13 06:00:00,39.25
2024-11-13 07:00:00,294.12
2024-11-13 08:00:00,551.67
2024-11-13 09:00:00,758.05
2024-11-13 10:00:00,899.17
2024-11-13 11:00:00,965.45
2024-11-13 12:00:00,952.33
2024-11-13 13:00:00,860.75
2024-11-13 14:00:00,696.92
2024-11-13 15:00:00,472.02
2024-11-13 16:00:00,206.45
2024-11-13 17:00:00,0.0
2024-11-13 18:00:00,0.0
2024-11-13 19:00:00,0.0
2024-11-13 20:00:00,0.0
2024-11-13 21:00:00,0.0
2024-11-13 22:00:00,0.0
2024-11-13 23:00:00,0.0
2024-11-14 00:00:00,0.0
2024-11-14 01:00:00,0.0
2024-11-14 02:00:00,0.0
2024-11-14 03:00:00,0.0
2024-11-14 04:00:00,0.0
2024-11-14 05:00:00,0.0
2024-11-14 06:00:00,37.28
2024-11-14 07:00:00,290.05
2024-11-14 08:00:00,547.45
2024-11-14 09:00:00,753.78
2024-11-14 10:00:00,894.92
2024-11-14 11:00:00,961.33
2024-11-14 12:00:00,948.45
2024-11-14 13:00:00,857.15
2024-11-14 14:00:00,693.67
2024-11-14 15:00:00,469.12
2024-11-14 16:00:00,203.52
2024-11-14 17:00:00,0.0
2024-11-14 18:00:00,0.0
2024-11-14 19:00:00,0.0
2024-11-14 20:00:00,0.0
2024-11-14 21:00:00,0.0
2024-11-14 22:00:00,0.0
2024-11-14 23:00:00,0.0
2024-11-15 00:00:00,0.0
2024-11-15 01:00:00,0.0
2024-11-15 02:00:00,0.0
2024-11-15 03:00:00,0.0
2024-11-15 04:00:00,0.0
2024-11-15 05:00:00,0.0
2024-11-15 06:00:00,35.35
2024-11-15 07:00:00,285.98
2024-11-15 08:00:00,543.25
2024-11-15 09:00:00,749.5
2024-11-15 10:00:00,890.72
2024-11-15 11:00:00,957.28
2024-11-15 12:00:00,944.62
2024-11-15 13:00:00,853.65
2024-11-15 14:00:00,690.53
2024-11-15 15:00:00,466.38
2024-11-15 16:00:00,200.75
2024-11-15 17:00:00,0.0
2024-11-15 18:00:00,0.0
2024-11-15 19:00:00,0.0
2024-11-15 20:00:00,0.0
2024-11-15 21:00:00,0.0
2024-11-15 22:00:00,0.0
2024-11-15 23:00:00,0.0
2024-11-16 00:00:00,0.0
2024-11-16 01:00:00,0.0
2024-11-16 02:00:00,0.0
2024-11-16 03:00:00,0.0
2024-11-16 04:00:00,0.0
2024-11-16 05:00:00,0.0
2024-11-16 06:00:00,33.47
2024-11-16 07:00:00,281.92
2024-11-16 08:00:00,539.08
2024-11-16 09:00:00,745.35
2024-11-16 10:00:00,886.65
2024-11-16 11:00:00,953.38
2024-11-16 12:00:00,940.97
2024-11-16 13:00:00,850.3
2024-11-16 14:00:00,687.53
2024-11-16 15:00:00,463.75
2024-11-16 16:00:00,198.18
2024-11-16 17:00:00,0.0
2024-11-16 18:00:00,0.0
2024-11-16 19:00:00,0.0
2024-11-16 20:00:00,0.0
2024-11-16 21:00:00,0.0
2024-11-16 22:00:00,0.0
2024-11-16 23:00:00,0.0
2024-11-17 00:00:00,0.0
2024-11-17 01:00:00,0.0
2024-11-17 02:00:00,0.0
2024-11-17 03:00:00,0.0
2024-11-17 04:00:00,0.0
2024-11-17 05:00:00,0.0
2024-11-17 06:00:00,31.65
2024-11-17 07:00:00,277.85
2024-11-17 08:00:00,534.9
2024-11-17 09:00:00,741.15
2024-11-17 10:00:00,882.55
2024-11-17 11:00:00,949.45
2024-11-17 12:00:00,937.35
2024-11-17 13:00:00,847.0
2024-11-17 14:00:00,684.62
2024-11-17 15:00:00,461.25
2024-11-17 16:00:00,195.75
2024-11-17 17:00:00,0.0
2024-11-17 18:00:00,0.0
2024-11-17 19:00:00,0.0
2024-11-17 20:00:00,0.0
2024-11-17 21:00:00,0.0
2024-11-17 22:00:00,0.0
2024-11-17 23:00:00,0.0
2024-11-18 00:00:00,0.0
2024-11-18 01:00:00,0.0
2024-11-18 02:00:00,0.0
2024-11-18 03:00:00,0.0
2024-11-18 04:00:00,0.0
2024-11-18 05:00:00,0.0
2024-11-18 06:00:00,29.85
2024-11-18 07:00:00,273.8
2024-11-18 08:00:00,530.75
2024-11-18 09:00:00,737.0
2024-11-18 10:00:00,878.53
2024-11-18 11:00:00,945.65
2024-11-18 12:00:00,933.8
2024-11-18 13:00:00,843.83
2024-11-18 14:00:00,681.83
2024-11-18 15:00:00,458.88
2024-11-18 16:00:00,193.48
2024-11-18 17:00:00,0.0
2024-11-18 18:00:00,0.0
2024-11-18 19:00:00,0.0
2024-11-18 20:00:00,0.0
2024-11-18 21:00:00,0.0
2024-11-18 22:00:00,0.0
2024-11-18 23:00:00,0.0
2024-11-19 00:00:00,0.0
2024-11-19 01:00:00,0.0
2024-11-19 02:00:00,0.0
2024-11-19 03:00:00,0.0
2024-11-19 04:00:00,0.0
2024-11-19 05:00:00,0.0
2024-11-19 06:00:00,28.12
2024-11-19 07:00:00,269.73
2024-11-19 08:00:00,526.58
2024-11-19 09:00:00,732.85
2024-11-19 10:00:00,874.5
2024-11-19 11:00:00,941.85
2024-11-19 12:00:00,930.33
2024-11-19 13:00:00,840.72
2024-11-19 14:00:00,679.15
2024-11-19 15:00:00,456.6
2024-11-19 16:00:00,191.38
2024-11-19 17:00:00,0.0
2024-11-19 18:00:00,0.0
2024-11-19 19:00:00,0.0
2024-11-19 20:00:00,0.0
2024-11-19 21:00:00,0.0
2024-11-19 22:00:00,0.0
2024-11-19 23:00:00,0.0
2024-11-20 00:00:00,0.0
2024-11-20 01:00:00,0.0
2024-11-20 02:00:00,0.0
2024-11-20 03:00:00,0.0
2024-11-20 04:00:00,0.0
2024-11-20 05:00:00,0.0
2024-11-20 06:00:00,26.42
2024-11-20 07:00:00,265.7
2024-11-20 08:00:00,522.47
2024-11-20 09:00:00,728.8
2024-11-20 10:00:00,870.6
2024-11-20 11:00:00,938.2
2024-11-20 12:00:00,927.0
2024-11-20 13:00:00,837.78
2024-11-20 14:00:00,676.62
2024-11-20 15:00:00,454.48
2024-11-20 16:00:00,189.43
2024-11-20 17:00:00,0.0
2024-11-20 18:00:00,0.0
2024-11-20 19:00:00,0.0
2024-11-20 20:00:00,0.0
2024-11-20 21:00:00,0.0
2024-11-20 22:00:00,0.0
2024-11-20 23:00:00,0.0
2024-11-21 00:00:00,0.0
2024-11-21 01:00:00,0.0
2024-11-21 02:00:00,0.0
2024-11-21 03:00:00,0.0
2024-11-21 04:00:00,0.0
2024-11-21 05:00:00,0.0
2024-11-21 06:00:00,24.8
2024-11-21 07:00:00,261.62
2024-11-21 08:00:00,518.33
2024-11-21 09:00:00,724.67
2024-11-21 10:00:00,866.62
2024-11-21 11:00:00,934.47
2024-11-21 12:00:00,923.62
2024-11-21 13:00:00,834.83
2024-11-21 14:00:00,674.1
2024-11-21 15:00:00,452.42
2024-11-21 16:00:00,187.62
2024-11-21 17:00:00,0.0
2024-11-21 18:00:00,0.0
2024-11-21 19:00:00,0.0
2024-11-21 20:00:00,0.0
2024-11-21 21:00:00,0.0
2024-11-21 22:00:00,0.0
2024-11-21 23:00:00,0.0
2024-11-22 00:00:00,0.0
2024-11-22 01:00:00,0.0
2024-11-22 02:00:00,0.0
2024-11-22 03:00:00,0.0
2024-11-22 04:00:00,0.0
2024-11-22 05:00:00,0.0
2024-11-22 06:00:00,23.23
2024-11-22 07:00:00,257.55
2024-11-22 08:00:00,514.17
2024-11-22 09:00:00,720.55
2024-11-22 10:00:00,862.65
2024-11-22 11:00:00,930.78
2024-11-22 12:00:00,920.28
2024-11-22 13:00:00,831.9
2024-11-22 14:00:00,671.67
2024-11-22 15:00:00,450.48
2024-11-22 16:00:00,185.98
2024-11-22 17:00:00,0.0
2024-11-22 18:00:00,0.0
2024-11-22 19:00:00,0.0
2024-11-22 20:00:00,0.0
2024-11-22 21:00:00,0.0
2024-11-22 22:00:00,0.0
2024-11-22 23:00:00,0.0
2024-11-23 00:00:00,0.0
2024-11-23 01:00:00,0.0
2024-11-23 02:00:00,0.0
2024-11-23 03:00:00,0.0
2024-11-23 04:00:00,0.0
2024-11-23 05:00:00,0.0
2024-11-23 06:00:00,21.7
2024-11-23 07:00:00,253.5
2024-11-23 08:00:00,510.02
2024-11-23 09:00:00,716.45
2024-11-23 10:00:00,858.7
2024-11-23 11:00:00,927.12
2024-11-23 12:00:00,917.0
2024-11-23 13:00:00,829.1
2024-11-23 14:00:00,669.33
2024-11-23 15:00:00,448.65
2024-11-23 16:00:00,184.45
2024-11-23 17:00:00,0.0
2024-11-23 18:00:00,0.0
2024-11-23 19:00:00,0.0
2024-11-23 20:00:00,0.0
2024-11-23 21:00:00,0.0
2024-11-23 22:00:00,0.0
2024-11-23 23:00:00,0.0
2024-11-24 00:00:00,0.0
2024-11-24 01:00:00,0.0
2024-11-24 02:00:00,0.0
2024-11-24 03:00:00,0.0
2024-11-24 04:00:00,0.0
2024-11-24 05:00:00,0.0
2024-11-24 06:00:00,20.23
2024-11-24 07:00:00,249.45
2024-11-24 08:00:00,505.9
2024-11-24 09:00:00,712.38
2024-11-24 10:00:00,854.8
2024-11-24 11:00:00,923.5
2024-11-24 12:00:00,913.8
2024-11-24 13:00:00,826.35
2024-11-24 14:00:00,667.1
2024-11-24 15:00:00,446.92
2024-11-24 16:00:00,183.1
2024-11-24 17:00:00,0.0
2024-11-24 18:00:00,0.0
2024-11-24 19:00:00,0.0
2024-11-24 20:00:00,0.0
2024-11-24 21:00:00,0.0
2024-11-24 22:00:00,0.0
2024-11-24 23:00:00,0.0
2024-11-25 00:00:00,0.0
2024-11-25 01:00:00,0.0
2024-11-25 02:00:00,0.0
2024-11-25 03:00:00,0.0
2024-11-25 04:00:00,0.0
2024-11-25 05:00:00,0.0
2024-11-25 06:00:00,18.8
2024-11-25 07:00:00,245.43
2024-11-25 08:00:00,501.8
2024-11-25 09:00:00,708.33
2024-11-25 10:00:00,850.97
2024-11-25 11:00:00,920.0
2024-11-25 12:00:00,910.7
2024-11-25 13:00:00,823.72
2024-11-25 14:00:00,665.0
2024-11-25 15:00:00,445.35
2024-11-25 16:00:00,181.9
2024-11-25 17:00:00,0.0
2024-11-25 18:00:00,0.0
2024-11-25 19:00:00,0.0
2024-11-25 20:00:00,0.0
2024-11-25 21:00:00,0.0
2024-11-25 22:00:00,0.0
2024-11-25 23:00:00,0.0
2024-11-26 00:00:00,0.0
2024-11-26 01:00:00,0.0
2024-11-26 02:00:00,0.0
2024-11-26 03:00:00,0.0
2024-11-26 04:00:00,0.0
2024-11-26 05:00:00,0.0
2024-11-26 06:00:00,17.45
2024-11-26 07:00:00,241.45
2024-11-26 08:00:00,497.77
2024-11-26 09:00:00,704.4
2024-11-26 10:00:00,847.25
2024-11-26 11:00:00,916.6
2024-11-26 12:00:00,907.72
2024-11-26 13:00:00,821.25
2024-11-26 14:00:00,663.05
2024-11-26 15:00:00,443.9
2024-11-26 16:00:00,180.85
2024-11-26 17:00:00,0.0
2024-11-26 18:00:00,0.0
2024-11-26 19:00:00,0.0
2024-11-26 20:00:00,0.0
2024-11-26 21:00:00,0.0
2024-11-26 22:00:00,0.0
2024-11-26 23:00:00,0.0
2024-11-27 00:00:00,0.0
2024-11-27 01:00:00,0.0
2024-11-27 02:00:00,0.0
2024-11-27 03:00:00,0.0
2024-11-27 04:00:00,0.0
2024-11-27 05:00:00,0.0
2024-11-27 06:00:00,16.15
2024-11-27 07:00:00,237.55
2024-11-27 08:00:00,493.88
2024-11-27 09:00:00,700.62
2024-11-27 10:00:00,843.75
2024-11-27 11:00:00,913.45
2024-11-27 12:00:00,905.03
2024-11-27 13:00:00,819.05
2024-11-27 14:00:00,661.35
2024-11-27 15:00:00,442.67
2024-11-27 16:00:00,180.0
2024-11-27 17:00:00,0.0
2024-11-27 18:00:00,0.0
2024-11-27 19:00:00,0.0
2024-11-27 20:00:00,0.0
2024-11-27 21:00:00,0.0
2024-11-27 22:00:00,0.0
2024-11-27 23:00:00,0.0
2024-11-28 00:00:00,0.0
2024-11-28 01:00:00,0.0
2024-11-28 02:00:00,0.0
2024-11-28 03:00:00,0.0
2024-11-28 04:00:00,0.0
2024-11-28 05:00:00,0.0
2024-11-28 06:00:00,14.9
2024-11-28 07:00:00,233.65
2024-11-28 08:00:00,490.0
2024-11-28 09:00:00,696.92
2024-11-28 10:00:00,840.33
2024-11-28 11:00:00,910.4
2024-11-28 12:00:00,902.45
2024-11-28 13:00:00,816.95
2024-11-28 14:00:00,659.78
2024-11-28 15:00:00,441.6
2024-11-28 16:00:00,179.3
2024-11-28 17:00:00,0.0
2024-11-28 18:00:00,0.0
2024-11-28 19:00:00,0.0
2024-11-28 20:00:00,0.0
2024-11-28 21:00:00,0.0
2024-11-28 22:00:00,0.0
2024-11-28 23:00:00,0.0
2024-11-29 00:00:00,0.0
2024-11-29 01:00:00,0.0
2024-11-29 02:00:00,0.0
2024-11-29 03:00:00,0.0
2024-11-29 04:00:00,0.0
2024-11-29 05:00:00,0.0
2024-11-29 06:00:00,0.0
2024-11-29 07:00:00,243.52
2024-11-29 08:00:00,486.2
2024-11-29 09:00:00,693.28
2024-11-29 10:00:00,836.95
2024-11-29 11:00:00,907.45
2024-11-29 12:00:00,899.95
2024-11-29 13:00:00,814.97
2024-11-29 14:00:00,658.3
2024-11-29 15:00:00,440.65
2024-11-29 16:00:00,178.73
2024-11-29 17:00:00,0.0
2024-11-29 18:00:00,0.0
2024-11-29 19:00:00,0.0
2024-11-29 20:00:00,0.0
2024-11-29 21:00:00,0.0
2024-11-29 22:00:00,0.0
2024-11-29 23:00:00,0.0
2024-11-30 00:00:00,0.0
2024-11-30 01:00:00,0.0
2024-11-30 02:00:00,0.0
2024-11-30 03:00:00,0.0
2024-11-30 04:00:00,0.0
2024-11-30 05:00:00,0.0
2024-11-30 06:00:00,0.0
2024-11-30 07:00:00,238.6
2024-11-30 08:00:00,482.45
2024-11-30 09:00:00,689.72
2024-11-30 10:00:00,833.7
2024-11-30 11:00:00,904.62
2024-11-30 12:00:00,897.6
2024-11-30 13:00:00,813.15
2024-11-30 14:00:00,657.0
2024-11-30 15:00:00,439.83
2024-11-30 16:00:00,178.32
2024-11-30 17:00:00,0.0
2024-11-30 18:00:00,0.0
2024-11-30 19:00:00,0.0
2024-11-30 20:00:00,0.0
2024-11-30 21:00:00,0.0
2024-11-30 22:00:00,0.0
2024-11-30 23:00:00,0.0
2024-12-01 00:00:00,0.0
2024-12-01 01:00:00,0.0
2024-12-01 02:00:00,0.0
2024-12-01 03:00:00,0.0
2024-12-01 04:00:00,0.0
2024-12-01 05:00:00,0.0
2024-12-01 06:00:00,0.0
2024-12-01 07:00:00,233.75
2024-12-01 08:00:00,478.75
2024-12-01 09:00:00,686.25
2024-12-01 10:00:00,830.58
2024-12-01 11:00:00,901.9
2024-12-01 12:00:00,895.38
2024-12-01 13:00:00,811.47
2024-12-01 14:00:00,655.85
2024-12-01 15:00:00,439.17
2024-12-01 16:00:00,178.07
2024-12-01 17:00:00,0.0
2024-12-01 18:00:00,0.0
2024-12-01 19:00:00,0.0
2024-12-01 20:00:00,0.0
2024-12-01 21:00:00,0.0
2024-12-01 22:00:00,0.0
2024-12-01 23:00:00,0.0
2024-12-02 00:00:00,0.0
2024-12-02 01:00:00,0.0
2024-12-02 02:00:00,0.0
2024-12-02 03:00:00,0.0
2024-12-02 04:00:00,0.0
2024-12-02 05:00:00,0.0
2024-12-02 06:00:00,0.0
2024-12-02 07:00:00,229.02
2024-12-02 08:00:00,475.15
2024-12-02 09:00:00,682.88
2024-12-02 10:00:00,827.55
2024-12-02 11:00:00,899.33
2024-12-02 12:00:00,893.33
2024-12-02 13:00:00,809.92
2024-12-02 14:00:00,654.85
2024-12-02 15:00:00,438.65
2024-12-02 16:00:00,178.0
2024-12-02 17:00:00,0.0
2024-12-02 18:00:00,0.0
2024-12-02 19:00:00,0.0
2024-12-02 20:00:00,0.0
2024-12-02 21:00:00,0.0
2024-12-02 22:00:00,0.0
2024-12-02 23:00:00,0.0
2024-12-03 00:00:00,0.0
2024-12-03 01:00:00,0.0
2024-12-03 02:00:00,0.0
2024-12-03 03:00:00,0.0
2024-12-03 04:00:00,0.0
2024-12-03 05:00:00,0.0
2024-12-03 06:00:00,0.0
2024-12-03 07:00:00,224.43
2024-12-03 08:00:00,471.62
2024-12-03 09:00:00,679.6
2024-12-03 10:00:00,824.65
2024-12-03 11:00:00,896.88
2024-12-03 12:00:00,891.4
2024-12-03 13:00:00,808.58
2024-12-03 14:00:00,654.03
2024-12-03 15:00:00,438.3
2024-12-03 16:00:00,178.05
2024-12-03 17:00:00,0.0
2024-12-03 18:00:00,0.0
2024-12-03 19:00:00,0.0
2024-12-03 20:00:00,0.0
2024-12-03 21:00:00,0.0
2024-12-03 22:00:00,0.0
2024-12-03 23:00:00,0.0
2024-12-04 00:00:00,0.0
2024-12-04 01:00:00,0.0
2024-12-04 02:00:00,0.0
2024-12-04 03:00:00,0.0
2024-12-04 04:00:00,0.0
2024-12-04 05:00:00,0.0
2024-12-04 06:00:00,0.0
2024-12-04 07:00:00,219.9
2024-12-04 08:00:00,468.12
2024-12-04 09:00:00,676.38
2024-12-04 10:00:00,821.8
2024-12-04 11:00:00,894.5
2024-12-04 12:00:00,889.55
2024-12-04 13:00:00,807.28
2024-12-04 14:00:00,653.3
2024-12-04 15:00:00,438.05
2024-12-04 16:00:00,178.27
2024-12-04 17:00:00,0.0
2024-12-04 18:00:00,0.0
2024-12-04 19:00:00,0.0
2024-12-04 20:00:00,0.0
2024-12-04 21:00:00,0.0
2024-12-04 22:00:00,0.0
2024-12-04 23:00:00,0.0
2024-12-05 00:00:00,0.0
2024-12-05 01:00:00,0.0
2024-12-05 02:00:00,0.0
2024-12-05 03:00:00,0.0
2024-12-05 04:00:00,0.0
2024-12-05 05:00:00,0.0
2024-12-05 06:00:00,0.0
2024-12-05 07:00:00,215.48
2024-12-05 08:00:00,464.7
2024-12-05 09:00:00,673.22
2024-12-05 10:00:00,819.05
2024-12-05 11:00:00,892.25
2024-12-05 12:00:00,887.85
2024-12-05 13:00:00,806.15
2024-12-05 14:00:00,652.7
2024-12-05 15:00:00,437.95
2024-12-05 16:00:00,178.62
2024-12-05 17:00:00,0.0
2024-12-05 18:00:00,0.0
2024-12-05 19:00:00,0.0
2024-12-05 20:00:00,0.0
2024-12-05 21:00:00,0.0
2024-12-05 22:00:00,0.0
2024-12-05 23:00:00,0.0
2024-12-06 00:00:00,0.0
2024-12-06 01:00:00,0.0
2024-12-06 02:00:00,0.0
2024-12-06 03:00:00,0.0
2024-12-06 04:00:00,0.0
2024-12-06 05:00:00,0.0
2024-12-06 06:00:00,0.0
2024-12-06 07:00:00,211.15
2024-12-06 08:00:00,461.3
2024-12-06 09:00:00,670.08
2024-12-06 10:00:00,816.3
2024-12-06 11:00:00,890.0
2024-12-06 12:00:00,886.15
2024-12-06 13:00:00,805.03
2024-12-06 14:00:00,652.15
2024-12-06 15:00:00,437.92
2024-12-06 16:00:00,179.1
2024-12-06 17:00:00,0.0
2024-12-06 18:00:00,0.0
2024-12-06 19:00:00,0.0
2024-12-06 20:00:00,0.0
2024-12-06 21:00:00,0.0
2024-12-06 22:00:00,0.0
2024-12-06 23:00:00,0.0
2024-12-07 00:00:00,0.0
2024-12-07 01:00:00,0.0
2024-12-07 02:00:00,0.0
2024-12-07 03:00:00,0.0
2024-12-07 04:00:00,0.0
2024-12-07 05:00:00,0.0
2024-12-07 06:00:00,0.0
2024-12-07 07:00:00,206.93
2024-12-07 08:00:00,457.95
2024-12-07 09:00:00,667.03
2024-12-07 10:00:00,813.65
2024-12-07 11:00:00,887.85
2024-12-07 12:00:00,884.58
2024-12-07 13:00:00,804.05
2024-12-07 14:00:00,651.75
2024-12-07 15:00:00,438.05
2024-12-07 16:00:00,179.75
2024-12-07 17:00:00,0.0
2024-12-07 18:00:00,0.0
2024-12-07 19:00:00,0.0
2024-12-07 20:00:00,0.0
2024-12-07 21:00:00,0.0
2024-12-07 22:00:00,0.0
2024-12-07 23:00:00,0.0
2024-12-08 00:00:00,0.0
2024-12-08 01:00:00,0.0
2024-12-08 02:00:00,0.0
2024-12-08 03:00:00,0.0
2024-12-08 04:00:00,0.0
2024-12-08 05:00:00,0.0
2024-12-08 06:00:00,0.0
2024-12-08 07:00:00,202.82
2024-12-08 08:00:00,454.7
2024-12-08 09:00:00,664.05
2024-12-08 10:00:00,811.12
2024-12-08 11:00:00,885.83
2024-12-08 12:00:00,883.12
2024-12-08 13:00:00,803.2
2024-12-08 14:00:00,651.47
2024-12-08 15:00:00,438.3
2024-12-08 16:00:00,180.52
2024-12-08 17:00:00,0.0
2024-12-08 18:00:00,0.0
2024-12-08 19:00:00,0.0
2024-12-08 20:00:00,0.0
2024-12-08 21:00:00,0.0
2024-12-08 22:00:00,0.0
2024-12-08 23:00:00,0.0
2024-12-09 00:00:00,0.0
2024-12-09 01:00:00,0.0
2024-12-09 02:00:00,0.0
2024-12-09 03:00:00,0.0
2024-12-09 04:00:00,0.0
2024-12-09 05:00:00,0.0
2024-12-09 06:00:00,0.0
2024-12-09 07:00:00,198.82
2024-12-09 08:00:00,451.5
2024-12-09 09:00:00,661.2
2024-12-09 10:00:00,808.67
2024-12-09 11:00:00,883.92
2024-12-09 12:00:00,881.83
2024-12-09 13:00:00,802.5
2024-12-09 14:00:00,651.35
2024-12-09 15:00:00,438.7
2024-12-09 16:00:00,181.45
2024-12-09 17:00:00,0.0
2024-12-09 18:00:00,0.0
2024-12-09 19:00:00,0.0
2024-12-09 20:00:00,0.0
2024-12-09 21:00:00,0.0
2024-12-09 22:00:00,0.0
2024-12-09 23:00:00,0.0
2024-12-10 00:00:00,0.0
2024-12-10 01:00:00,0.0
2024-12-10 02:00:00,0.0
2024-12-10 03:00:00,0.0
2024-12-10 04:00:00,0.0
2024-12-10 05:00:00,0.0
2024-12-10 06:00:00,0.0
2024-12-10 07:00:00,194.95
2024-12-10 08:00:00,448.4
2024-12-10 09:00:00,658.42
2024-12-10 10:00:00,806.35
2024-12-10 11:00:00,882.15
2024-12-10 12:00:00,880.65
2024-12-10 13:00:00,801.92
2024-12-10 14:00:00,651.35
2024-12-10 15:00:00,439.2
2024-12-10 16:00:00,182.52
2024-12-10 17:00:00,0.0
2024-12-10 18:00:00,0.0
2024-12-10 19:00:00,0.0
2024-12-10 20:00:00,0.0
2024-12-10 21:00:00,0.0
2024-12-10 22:00:00,0.0
2024-12-10 23:00:00,0.0
2024-12-11 00:00:00,0.0
2024-12-11 01:00:00,0.0
2024-12-11 02:00:00,0.0
2024-12-11 03:00:00,0.0
2024-12-11 04:00:00,0.0
2024-12-11 05:00:00,0.0
2024-12-11 06:00:00,0.0
2024-12-11 07:00:00,191.2
2024-12-11 08:00:00,445.38
2024-12-11 09:00:00,655.75
2024-12-11 10:00:00,804.15
2024-12-11 11:00:00,880.5
2024-12-11 12:00:00,879.58
2024-12-11 13:00:00,801.47
2024-12-11 14:00:00,651.5
2024-12-11 15:00:00,439.88
2024-12-11 16:00:00,183.75
2024-12-11 17:00:00,0.0
2024-12-11 18:00:00,0.0
2024-12-11 19:00:00,0.0
2024-12-11 20:00:00,0.0
2024-12-11 21:00:00,0.0
2024-12-11 22:00:00,0.0
2024-12-11 23:00:00,0.0
2024-12-12 00:00:00,0.0
2024-12-12 01:00:00,0.0
2024-12-12 02:00:00,0.0
2024-12-12 03:00:00,0.0
2024-12-12 04:00:00,0.0
2024-12-12 05:00:00,0.0
2024-12-12 06:00:00,0.0
2024-12-12 07:00:00,187.55
2024-12-12 08:00:00,442.45
2024-12-12 09:00:00,653.17
2024-12-12 10:00:00,802.05
2024-12-12 11:00:00,878.95
2024-12-12 12:00:00,878.65
2024-12-12 13:00:00,801.17
2024-12-12 14:00:00,651.78
2024-12-12 15:00:00,440.65
2024-12-12 16:00:00,185.12
2024-12-12 17:00:00,0.0
2024-12-12 18:00:00,0.0
2024-12-12 19:00:00,0.0
2024-12-12 20:00:00,0.0
2024-12-12 21:00:00,0.0
2024-12-12 22:00:00,0.0
2024-12-12 23:00:00,0.0
2024-12-13 00:00:00,0.0
2024-12-13 01:00:00,0.0
2024-12-13 02:00:00,0.0
2024-12-13 03:00:00,0.0
2024-12-13 04:00:00,0.0
2024-12-13 05:00:00,0.0
2024-12-13 06:00:00,0.0
2024-12-13 07:00:00,184.02
2024-12-13 08:00:00,439.6
2024-12-13 09:00:00,650.7
2024-12-13 10:00:00,800.08
2024-12-13 11:00:00,877.55
2024-12-13 12:00:00,877.88
2024-12-13 13:00:00,801.0
2024-12-13 14:00:00,652.2
2024-12-13 15:00:00,441.58
2024-12-13 16:00:00,186.65
2024-12-13 17:00:00,0.0
2024-12-13 18:00:00,0.0
2024-12-13 19:00:00,0.0
2024-12-13 20:00:00,0.0
2024-12-13 21:00:00,0.0
2024-12-13 22:00:00,0.0
2024-12-13 23:00:00,0.0
2024-12-14 00:00:00,0.0
2024-12-14 01:00:00,0.0
2024-12-14 02:00:00,0.0
2024-12-14 03:00:00,0.0
2024-12-14 04:00:00,0.0
2024-12-14 05:00:00,0.0
2024-12-14 06:00:00,0.0
2024-12-14 07:00:00,180.62
2024-12-14 08:00:00,436.88
2024-12-14 09:00:00,648.35
2024-12-14 10:00:00,798.22
2024-12-14 11:00:00,876.3
2024-12-14 12:00:00,877.25
2024-12-14 13:00:00,801.0
2024-12-14 14:00:00,652.78
2024-12-14 15:00:00,442.62
2024-12-14 16:00:00,188.32
2024-12-14 17:00:00,0.0
2024-12-14 18:00:00,0.0
2024-12-14 19:00:00,0.0
2024-12-14 20:00:00,0.0
2024-12-14 21:00:00,0.0
2024-12-14 22:00:00,0.0
2024-12-14 23:00:00,0.0
2024-12-15 00:00:00,0.0
2024-12-15 01:00:00,0.0
2024-12-15 02:00:00,0.0
2024-12-15 03:00:00,0.0
2024-12-15 04:00:00,0.0
2024-12-15 05:00:00,0.0
2024-12-15 06:00:00,0.0
2024-12-15 07:00:00,177.35
2024-12-15 08:00:00,434.2
2024-12-15 09:00:00,646.05
2024-12-15 10:00:00,796.42
2024-12-15 11:00:00,875.08
2024-12-15 12:00:00,876.65
2024-12-15 13:00:00,801.05
2024-12-15 14:00:00,653.4
2024-12-15 15:00:00,443.77
2024-12-15 16:00:00,190.15
2024-12-15 17:00:00,0.0
2024-12-15 18:00:00,0.0
2024-12-15 19:00:00,0.0
2024-12-15 20:00:00,0.0
2024-12-15 21:00:00,0.0
2024-12-15 22:00:00,0.0
2024-12-15 23:00:00,0.0
2024-12-16 00:00:00,0.0
2024-12-16 01:00:00,0.0
2024-12-16 02:00:00,0.0
2024-12-16 03:00:00,0.0
2024-12-16 04:00:00,0.0
2024-12-16 05:00:00,0.0
2024-12-16 06:00:00,0.0
2024-12-16 07:00:00,174.2
2024-12-16 08:00:00,431.65
2024-12-16 09:00:00,643.9
2024-12-16 10:00:00,794.8
2024-12-16 11:00:00,874.08
2024-12-16 12:00:00,876.28
2024-12-16 13:00:00,801.3
2024-12-16 14:00:00,654.22
2024-12-16 15:00:00,445.1
2024-12-16 16:00:00,192.12
2024-12-16 17:00:00,0.0
2024-12-16 18:00:00,0.0
2024-12-16 19:00:00,0.0
2024-12-16 20:00:00,0.0
2024-12-16 21:00:00,0.0
2024-12-16 22:00:00,0.0
2024-12-16 23:00:00,0.0
2024-12-17 00:00:00,0.0
2024-12-17 01:00:00,0.0
2024-12-17 02:00:00,0.0
2024-12-17 03:00:00,0.0
2024-12-17 04:00:00,0.0
2024-12-17 05:00:00,0.0
2024-12-17 06:00:00,0.0
2024-12-17 07:00:00,171.15
2024-12-17 08:00:00,429.2
2024-12-17 09:00:00,641.9
2024-12-17 10:00:00,793.33
2024-12-17 11:00:00,873.17
2024-12-17 12:00:00,876.03
2024-12-17 13:00:00,801.67
2024-12-17 14:00:00,655.2
2024-12-17 15:00:00,446.52
2024-12-17 16:00:00,194.23
2024-12-17 17:00:00,0.0
2024-12-17 18:00:00,0.0
2024-12-17 19:00:00,0.0
2024-12-17 20:00:00,0.0
2024-12-17 21:00:00,0.0
2024-12-17 22:00:00,0.0
2024-12-17 23:00:00,0.0
2024-12-18 00:00:00,0.0
2024-12-18 01:00:00,0.0
2024-12-18 02:00:00,0.0
2024-12-18 03:00:00,0.0
2024-12-18 04:00:00,0.0
2024-12-18 05:00:00,0.0
2024-12-18 06:00:00,0.0
2024-12-18 07:00:00,168.25
2024-12-18 08:00:00,426.88
2024-12-18 09:00:00,640.0
2024-12-18 10:00:00,792.0
2024-12-18 11:00:00,872.47
2024-12-18 12:00:00,875.97
2024-12-18 13:00:00,802.25
2024-12-18 14:00:00,656.3
2024-12-18 15:00:00,448.12
2024-12-18 16:00:00,196.5
2024-12-18 17:00:00,0.0
2024-12-18 18:00:00,0.0
2024-12-18 19:00:00,0.0
2024-12-18 20:00:00,0.0
2024-12-18 21:00:00,0.0
2024-12-18 22:00:00,0.0
2024-12-18 23:00:00,0.0
2024-12-19 00:00:00,0.0
2024-12-19 01:00:00,0.0
2024-12-19 02:00:00,0.0
2024-12-19 03:00:00,0.0
2024-12-19 04:00:00,0.0
2024-12-19 05:00:00,0.0
2024-12-19 06:00:00,0.0
2024-12-19 07:00:00,165.5
2024-12-19 08:00:00,424.67
2024-12-19 09:00:00,638.3
2024-12-19 10:00:00,790.85
2024-12-19 11:00:00,871.95
2024-12-19 12:00:00,876.1
2024-12-19 13:00:00,803.0
2024-12-19 14:00:00,657.62
2024-12-19 15:00:00,449.85
2024-12-19 16:00:00,198.95
2024-12-19 17:00:00,0.0
2024-12-19 18:00:00,0.0
2024-12-19 19:00:00,0.0
2024-12-19 20:00:00,0.0
2024-12-19 21:00:00,0.0
2024-12-19 22:00:00,0.0
2024-12-19 23:00:00,0.0
2024-12-20 00:00:00,0.0
2024-12-20 01:00:00,0.0
2024-12-20 02:00:00,0.0
2024-12-20 03:00:00,0.0
2024-12-20 04:00:00,0.0
2024-12-20 05:00:00,0.0
2024-12-20 06:00:00,0.0
2024-12-20 07:00:00,162.85
2024-12-20 08:00:00,422.55
2024-12-20 09:00:00,636.65
2024-12-20 10:00:00,789.78
2024-12-20 11:00:00,871.53
2024-12-20 12:00:00,876.3
2024-12-20 13:00:00,803.83
2024-12-20 14:00:00,659.0
2024-12-20 15:00:00,451.7
2024-12-20 16:00:00,201.52
2024-12-20 17:00:00,0.0
2024-12-20 18:00:00,0.0
2024-12-20 19:00:00,0.0
2024-12-20 20:00:00,0.0
2024-12-20 21:00:00,0.0
2024-12-20 22:00:00,0.0
2024-12-20 23:00:00,0.0
2024-12-21 00:00:00,0.0
2024-12-21 01:00:00,0.0
2024-12-21 02:00:00,0.0
2024-12-21 03:00:00,0.0
2024-12-21 04:00:00,0.0
2024-12-21 05:00:00,0.0
2024-12-21 06:00:00,0.0
2024-12-21 07:00:00,160.3
2024-12-21 08:00:00,420.48
2024-12-21 09:00:00,635.0
2024-12-21 10:00:00,788.67
2024-12-21 11:00:00,871.05
2024-12-21 12:00:00,876.5
2024-12-21 13:00:00,804.65
2024-12-21 14:00:00,660.4
2024-12-21 15:00:00,453.58
2024-12-21 16:00:00,204.23
2024-12-21 17:00:00,0.0
2024-12-21 18:00:00,0.0
2024-12-21 19:00:00,0.0
2024-12-21 20:00:00,0.0
2024-12-21 21:00:00,0.0
2024-12-21 22:00:00,0.0
2024-12-21 23:00:00,0.0
2024-12-22 00:00:00,0.0
2024-12-22 01:00:00,0.0
2024-12-22 02:00:00,0.0
2024-12-22 03:00:00,0.0
2024-12-22 04:00:00,0.0
2024-12-22 05:00:00,0.0
2024-12-22 06:00:00,0.0
2024-12-22 07:00:00,157.85
2024-12-22 08:00:00,418.48
2024-12-22 09:00:00,633.45
2024-12-22 10:00:00,787.7
2024-12-22 11:00:00,870.67
2024-12-22 12:00:00,876.78
2024-12-22 13:00:00,805.58
2024-12-22 14:00:00,661.9
2024-12-22 15:00:00,455.55
2024-12-22 16:00:00,207.05
2024-12-22 17:00:00,0.0
2024-12-22 18:00:00,0.0
2024-12-22 19:00:00,0.0
2024-12-22 20:00:00,0.0
2024-12-22 21:00:00,0.0
2024-12-22 22:00:00,0.0
2024-12-22 23:00:00,0.0
2024-12-23 00:00:00,0.0
2024-12-23 01:00:00,0.0
2024-12-23 02:00:00,0.0
2024-12-23 03:00:00,0.0
2024-12-23 04:00:00,0.0
2024-12-23 05:00:00,0.0
2024-12-23 06:00:00,0.0
2024-12-23 07:00:00,155.55
2024-12-23 08:00:00,416.6
2024-12-23 09:00:00,632.03
2024-12-23 10:00:00,786.83
2024-12-23 11:00:00,870.45
2024-12-23 12:00:00,877.2
2024-12-23 13:00:00,806.62
2024-12-23 14:00:00,663.5
2024-12-23 15:00:00,457.62
2024-12-23 16:00:00,210.0
2024-12-23 17:00:00,0.0
2024-12-23 18:00:00,0.0
2024-12-23 19:00:00,0.0
2024-12-23 20:00:00,0.0
2024-12-23 21:00:00,0.0
2024-12-23 22:00:00,0.0
2024-12-23 23:00:00,0.0
2024-12-24 00:00:00,0.0
2024-12-24 01:00:00,0.0
2024-12-24 02:00:00,0.0
2024-12-24 03:00:00,0.0
2024-12-24 04:00:00,0.0
2024-12-24 05:00:00,0.0
2024-12-24 06:00:00,0.0
2024-12-24 07:00:00,153.35
2024-12-24 08:00:00,414.8
2024-12-24 09:00:00,630.65
2024-12-24 10:00:00,786.0
2024-12-24 11:00:00,870.22
2024-12-24 12:00:00,877.62
2024-12-24 13:00:00,807.67
2024-12-24 14:00:00,665.15
2024-12-24 15:00:00,459.77
2024-12-24 16:00:00,213.1
2024-12-24 17:00:00,0.0
2024-12-24 18:00:00,0.0
2024-12-24 19:00:00,0.0
2024-12-24 20:00:00,0.0
2024-12-24 21:00:00,0.0
2024-12-24 22:00:00,0.0
2024-12-24 23:00:00,0.0
2024-12-25 00:00:00,0.0
2024-12-25 01:00:00,0.0
2024-12-25 02:00:00,0.0
2024-12-25 03:00:00,0.0
2024-12-25 04:00:00,0.0
2024-12-25 05:00:00,0.0
2024-12-25 06:00:00,0.0
2024-12-25 07:00:00,151.3
2024-12-25 08:00:00,413.2
2024-12-25 09:00:00,629.55
2024-12-25 10:00:00,785.5
2024-12-25 11:00:00,870.38
2024-12-25 12:00:00,878.42
2024-12-25 13:00:00,809.1
2024-12-25 14:00:00,667.12
2024-12-25 15:00:00,462.15
2024-12-25 16:00:00,216.4
2024-12-25 17:00:00,0.0
2024-12-25 18:00:00,0.0
2024-12-25 19:00:00,0.0
2024-12-25 20:00:00,0.0
2024-12-25 21:00:00,0.0
2024-12-25 22:00:00,0.0
2024-12-25 23:00:00,0.0
2024-12-26 00:00:00,0.0
2024-12-26 01:00:00,0.0
2024-12-26 02:00:00,0.0
2024-12-26 03:00:00,0.0
2024-12-26 04:00:00,0.0
2024-12-26 05:00:00,0.0
2024-12-26 06:00:00,0.0
2024-12-26 07:00:00,149.43
2024-12-26 08:00:00,411.8
2024-12-26 09:00:00,628.72
2024-12-26 10:00:00,785.28
2024-12-26 11:00:00,870.83
2024-12-26 12:00:00,879.53
2024-12-26 13:00:00,810.8
2024-12-26 14:00:00,669.33
2024-12-26 15:00:00,464.7
2024-12-26 16:00:00,219.88
2024-12-26 17:00:00,0.0
2024-12-26 18:00:00,0.0
2024-12-26 19:00:00,0.0
2024-12-26 20:00:00,0.0
2024-12-26 21:00:00,0.0
2024-12-26 22:00:00,0.0
2024-12-26 23:00:00,0.0
2024-12-27 00:00:00,0.0
2024-12-27 01:00:00,0.0
2024-12-27 02:00:00,0.0
2024-12-27 03:00:00,0.0
2024-12-27 04:00:00,0.0
2024-12-27 05:00:00,0.0
2024-12-27 06:00:00,0.0
2024-12-27 07:00:00,147.65
2024-12-27 08:00:00,410.5
2024-12-27 09:00:00,627.95
2024-12-27 10:00:00,785.12
2024-12-27 11:00:00,871.3
2024-12-27 12:00:00,880.67
2024-12-27 13:00:00,812.53
2024-12-27 14:00:00,671.58
2024-12-27 15:00:00,467.35
2024-12-27 16:00:00,223.48
2024-12-27 17:00:00,0.0
2024-12-27 18:00:00,0.0
2024-12-27 19:00:00,0.0
2024-12-27 20:00:00,0.0
2024-12-27 21:00:00,0.0
2024-12-27 22:00:00,0.0
2024-12-27 23:00:00,0.0
2024-12-28 00:00:00,0.0
2024-12-28 01:00:00,0.0
2024-12-28 02:00:00,0.0
2024-12-28 03:00:00,0.0
2024-12-28 04:00:00,0.0
2024-12-28 05:00:00,0.0
2024-12-28 06:00:00,0.0
2024-12-28 07:00:00,146.02
2024-12-28 08:00:00,409.38
2024-12-28 09:00:00,627.38
2024-12-28 10:00:00,785.2
2024-12-28 11:00:00,872.08
2024-12-28 12:00:00,882.08
2024-12-28 13:00:00,814.53
2024-12-28 14:00:00,674.03
2024-12-28 15:00:00,470.15
2024-12-28 16:00:00,227.27
2024-12-28 17:00:00,0.0
2024-12-28 18:00:00,0.0
2024-12-28 19:00:00,0.0
2024-12-28 20:00:00,0.0
2024-12-28 21:00:00,0.0
2024-12-28 22:00:00,0.0
2024-12-28 23:00:00,0.0
2024-12-29 00:00:00,0.0
2024-12-29 01:00:00,0.0
2024-12-29 02:00:00,0.0
2024-12-29 03:00:00,0.0
2024-12-29 04:00:00,0.0
2024-12-29 05:00:00,0.0
2024-12-29 06:00:00,0.0
2024-12-29 07:00:00,144.52
2024-12-29 08:00:00,408.35
2024-12-29 09:00:00,626.95
2024-12-29 10:00:00,785.4
2024-12-29 11:00:00,872.95
2024-12-29 12:00:00,883.6
2024-12-29 13:00:00,816.62
2024-12-29 14:00:00,676.6
2024-12-29 15:00:00,473.05
2024-12-29 16:00:00,231.2
2024-12-29 17:00:00,0.0
2024-12-29 18:00:00,0.0
2024-12-29 19:00:00,0.0
2024-12-29 20:00:00,0.0
2024-12-29 21:00:00,0.0
2024-12-29 22:00:00,0.0
2024-12-29 23:00:00,0.0
2024-12-30 00:00:00,0.0
2024-12-30 01:00:00,0.0
2024-12-30 02:00:00,0.0
2024-12-30 03:00:00,0.0
2024-12-30 04:00:00,0.0
2024-12-30 05:00:00,0.0
2024-12-30 06:00:00,0.0
2024-12-30 07:00:00,143.15
2024-12-30 08:00:00,407.48
2024-12-30 09:00:00,626.67
2024-12-30 10:00:00,785.8
2024-12-30 11:00:00,874.0
2024-12-30 12:00:00,885.28
2024-12-30 13:00:00,818.9
2024-12-30 14:00:00,679.33
2024-12-30 15:00:00,476.1
2024-12-30 16:00:00,235.27
2024-12-30 17:00:00,0.0
2024-12-30 18:00:00,0.0
2024-12-30 19:00:00,0.0
2024-12-30 20:00:00,0.0
2024-12-30 21:00:00,0.0
2024-12-30 22:00:00,0.0
2024-12-30 23:00:00,0.0
2024-12-31 00:00:00,0.0
2024-12-31 01:00:00,0.0
2024-12-31 02:00:00,0.0
2024-12-31 03:00:00,0.0
2024-12-31 04:00:00,0.0
2024-12-31 05:00:00,0.0
2024-12-31 06:00:00,0.0
2024-12-31 07:00:00,141.88
2024-12-31 08:00:00,406.67
2024-12-31 09:00:00,626.45
2024-12-31 10:00:00,786.2
2024-12-31 11:00:00,875.08
2024-12-31 12:00:00,887.0
2024-12-31 13:00:00,821.17
2024-12-31 14:00:00,682.08
2024-12-31 15:00:00,479.17
2024-12-31 16:00:00,239.48
2024-12-31 17:00:00,0.0
2024-12-31 18:00:00,0.0
2024-12-31 19:00:00,0.0
2024-12-31 20:00:00,0.0
2024-12-31 21:00:00,0.0
2024-12-31 22:00:00,0.0
2024-12-31 23:00:00,0.0
2025-01-01 00:00:00,0.0
2025-01-01 01:00:00,0.0
2025-01-01 02:00:00,0.0
2025-01-01 03:00:00,0.0
2025-01-01 04:00:00,0.0
2025-01-01 05:00:00,0.0
2025-01-01 06:00:00,0.0
2025-01-01 07:00:00,140.73
2025-01-01 08:00:00,405.95
2025-01-01 09:00:00,626.28
2025-01-01 10:00:00,786.65
2025-01-01 11:00:00,876.15
2025-01-01 12:00:00,888.72
2025-01-01 13:00:00,823.45
2025-01-01 14:00:00,684.83
2025-01-01 15:00:00,482.27
2025-01-01 16:00:00,229.55
2025-01-01 17:00:00,14.23
2025-01-01 18:00:00,0.0
2025-01-01 19:00:00,0.0
2025-01-01 20:00:00,0.0
2025-01-01 21:00:00,0.0
2025-01-01 22:00:00,0.0
2025-01-01 23:00:00,0.0
2025-01-02 00:00:00,0.0
2025-01-02 01:00:00,0.0
2025-01-02 02:00:00,0.0
2025-01-02 03:00:00,0.0
2025-01-02 04:00:00,0.0
2025-01-02 05:00:00,0.0
2025-01-02 06:00:00,0.0
2025-01-02 07:00:00,139.7
2025-01-02 08:00:00,405.35
2025-01-02 09:00:00,626.22
2025-01-02 10:00:00,787.22
2025-01-02 11:00:00,877.38
2025-01-02 12:00:00,890.55
2025-01-02 13:00:00,825.85
2025-01-02 14:00:00,687.67
2025-01-02 15:00:00,485.45
2025-01-02 16:00:00,232.93
2025-01-02 17:00:00,15.3
2025-01-02 18:00:00,0.0
2025-01-02 19:00:00,0.0
2025-01-02 20:00:00,0.0
2025-01-02 21:00:00,0.0
2025-01-02 22:00:00,0.0
2025-01-02 23:00:00,0.0
2025-01-03 00:00:00,0.0
2025-01-03 01:00:00,0.0
2025-01-03 02:00:00,0.0
2025-01-03 03:00:00,0.0
2025-01-03 04:00:00,0.0
2025-01-03 05:00:00,0.0
2025-01-03 06:00:00,0.0
2025-01-03 07:00:00,138.8
2025-01-03 08:00:00,404.9
2025-01-03 09:00:00,626.33
2025-01-03 10:00:00,787.95
2025-01-03 11:00:00,878.75
2025-01-03 12:00:00,892.55
2025-01-03 13:00:00,828.4
2025-01-03 14:00:00,690.67
2025-01-03 15:00:00,488.75
2025-01-03 16:00:00,236.38
2025-01-03 17:00:00,16.45
2025-01-03 18:00:00,0.0
2025-01-03 19:00:00,0.0
2025-01-03 20:00:00,0.0
2025-01-03 21:00:00,0.0
2025-01-03 22:00:00,0.0
2025-01-03 23:00:00,0.0
2025-01-04 00:00:00,0.0
2025-01-04 01:00:00,0.0
2025-01-04 02:00:00,0.0
2025-01-04 03:00:00,0.0
2025-01-04 04:00:00,0.0
2025-01-04 05:00:00,0.0
2025-01-04 06:00:00,0.0
2025-01-04 07:00:00,138.02
2025-01-04 08:00:00,404.6
2025-01-04 09:00:00,626.6
2025-01-04 10:00:00,788.85
2025-01-04 11:00:00,880.3
2025-01-04 12:00:00,894.7
2025-01-04 13:00:00,831.1
2025-01-04 14:00:00,693.8
2025-01-04 15:00:00,492.17
2025-01-04 16:00:00,239.93
2025-01-04 17:00:00,17.65
2025-01-04 18:00:00,0.0
2025-01-04 19:00:00,0.0
2025-01-04 20:00:00,0.0
2025-01-04 21:00:00,0.0
2025-01-04 22:00:00,0.0
2025-01-04 23:00:00,0.0
2025-01-05 00:00:00,0.0
2025-01-05 01:00:00,0.0
2025-01-05 02:00:00,0.0
2025-01-05 03:00:00,0.0
2025-01-05 04:00:00,0.0
2025-01-05 05:00:00,0.0
2025-01-05 06:00:00,0.0
2025-01-05 07:00:00,137.38
2025-01-05 08:00:00,404.4
2025-01-05 09:00:00,627.0
2025-01-05 10:00:00,789.88
2025-01-05 11:00:00,881.95
2025-01-05 12:00:00,896.97
2025-01-05 13:00:00,833.9
2025-01-05 14:00:00,697.0
2025-01-05 15:00:00,495.65
2025-01-05 16:00:00,243.52
2025-01-05 17:00:00,18.92
2025-01-05 18:00:00,0.0
2025-01-05 19:00:00,0.0
2025-01-05 20:00:00,0.0
2025-01-05 21:00:00,0.0
2025-01-05 22:00:00,0.0
2025-01-05 23:00:00,0.0
2025-01-06 00:00:00,0.0
2025-01-06 01:00:00,0.0
2025-01-06 02:00:00,0.0
2025-01-06 03:00:00,0.0
2025-01-06 04:00:00,0.0
2025-01-06 05:00:00,0.0
2025-01-06 06:00:00,0.0
2025-01-06 07:00:00,136.85
2025-01-06 08:00:00,404.38
2025-01-06 09:00:00,627.53
2025-01-06 10:00:00,791.05
2025-01-06 11:00:00,883.75
2025-01-06 12:00:00,899.38
2025-01-06 13:00:00,836.8
2025-01-06 14:00:00,700.33
2025-01-06 15:00:00,499.23
2025-01-06 16:00:00,247.2
2025-01-06 17:00:00,20.25
2025-01-06 18:00:00,0.0
2025-01-06 19:00:00,0.0
2025-01-06 20:00:00,0.0
2025-01-06 21:00:00,0.0
2025-01-06 22:00:00,0.0
2025-01-06 23:00:00,0.0
2025-01-07 00:00:00,0.0
2025-01-07 01:00:00,0.0
2025-01-07 02:00:00,0.0
2025-01-07 03:00:00,0.0
2025-01-07 04:00:00,0.0
2025-01-07 05:00:00,0.0
2025-01-07 06:00:00,0.0
2025-01-07 07:00:00,136.45
2025-01-07 08:00:00,404.45
2025-01-07 09:00:00,628.2
2025-01-07 10:00:00,792.35
2025-01-07 11:00:00,885.7
2025-01-07 12:00:00,901.9
2025-01-07 13:00:00,839.83
2025-01-07 14:00:00,703.75
2025-01-07 15:00:00,502.88
2025-01-07 16:00:00,250.95
2025-01-07 17:00:00,21.67
2025-01-07 18:00:00,0.0
2025-01-07 19:00:00,0.0
2025-01-07 20:00:00,0.0
2025-01-07 21:00:00,0.0
2025-01-07 22:00:00,0.0
2025-01-07 23:00:00,0.0
2025-01-08 00:00:00,0.0
2025-01-08 01:00:00,0.0
2025-01-08 02:00:00,0.0
2025-01-08 03:00:00,0.0
2025-01-08 04:00:00,0.0
2025-01-08 05:00:00,0.0
2025-01-08 06:00:00,0.0
2025-01-08 07:00:00,136.18
2025-01-08 08:00:00,404.67
2025-01-08 09:00:00,629.03
2025-01-08 10:00:00,793.8
2025-01-08 11:00:00,887.78
2025-01-08 12:00:00,904.55
2025-01-08 13:00:00,842.97
2025-01-08 14:00:00,707.25
2025-01-08 15:00:00,506.62
2025-01-08 16:00:00,254.75
2025-01-08 17:00:00,23.12
2025-01-08 18:00:00,0.0
2025-01-08 19:00:00,0.0
2025-01-08 20:00:00,0.0
2025-01-08 21:00:00,0.0
2025-01-08 22:00:00,0.0
2025-01-08 23:00:00,0.0
2025-01-09 00:00:00,0.0
2025-01-09 01:00:00,0.0
2025-01-09 02:00:00,0.0
2025-01-09 03:00:00,0.0
2025-01-09 04:00:00,0.0
2025-01-09 05:00:00,0.0
2025-01-09 06:00:00,0.0
2025-01-09 07:00:00,136.05
2025-01-09 08:00:00,405.05
2025-01-09 09:00:00,629.97
2025-01-09 10:00:00,795.35
2025-01-09 11:00:00,889.95
2025-01-09 12:00:00,907.3
2025-01-09 13:00:00,846.2
2025-01-09 14:00:00,710.85
2025-01-09 15:00:00,510.45
2025-01-09 16:00:00,258.62
2025-01-09 17:00:00,24.67
2025-01-09 18:00:00,0.0
2025-01-09 19:00:00,0.0
2025-01-09 20:00:00,0.0
2025-01-09 21:00:00,0.0
2025-01-09 22:00:00,0.0
2025-01-09 23:00:00,0.0
2025-01-10 00:00:00,0.0
2025-01-10 01:00:00,0.0
2025-01-10 02:00:00,0.0
2025-01-10 03:00:00,0.0
2025-01-10 04:00:00,0.0
2025-01-10 05:00:00,0.0
2025-01-10 06:00:00,0.0
2025-01-10 07:00:00,136.02
2025-01-10 08:00:00,405.52
2025-01-10 09:00:00,631.05
2025-01-10 10:00:00,797.05
2025-01-10 11:00:00,892.25
2025-01-10 12:00:00,910.15
2025-01-10 13:00:00,849.55
2025-01-10 14:00:00,714.53
2025-01-10 15:00:00,514.33
2025-01-10 16:00:00,262.55
2025-01-10 17:00:00,26.27
2025-01-10 18:00:00,0.0
2025-01-10 19:00:00,0.0
2025-01-10 20:00:00,0.0
2025-01-10 21:00:00,0.0
2025-01-10 22:00:00,0.0
2025-01-10 23:00:00,0.0
2025-01-11 00:00:00,0.0
2025-01-11 01:00:00,0.0
2025-01-11 02:00:00,0.0
2025-01-11 03:00:00,0.0
2025-01-11 04:00:00,0.0
2025-01-11 05:00:00,0.0
2025-01-11 06:00:00,0.0
2025-01-11 07:00:00,136.15
2025-01-11 08:00:00,406.15
2025-01-11 09:00:00,632.25
2025-01-11 10:00:00,798.88
2025-01-11 11:00:00,894.67
2025-01-11 12:00:00,913.12
2025-01-11 13:00:00,852.97
2025-01-11 14:00:00,718.3
2025-01-11 15:00:00,518.28
2025-01-11 16:00:00,266.52
2025-01-11 17:00:00,27.95
2025-01-11 18:00:00,0.0
2025-01-11 19:00:00,0.0
2025-01-11 20:00:00,0.0
2025-01-11 21:00:00,0.0
2025-01-11 22:00:00,0.0
2025-01-11 23:00:00,0.0
2025-01-12 00:00:00,0.0
2025-01-12 01:00:00,0.0
2025-01-12 02:00:00,0.0
2025-01-12 03:00:00,0.0
2025-01-12 04:00:00,0.0
2025-01-12 05:00:00,0.0
2025-01-12 06:00:00,0.0
2025-01-12 07:00:00,136.38
2025-01-12 08:00:00,406.92
2025-01-12 09:00:00,633.6
2025-01-12 10:00:00,800.83
2025-01-12 11:00:00,897.22
2025-01-12 12:00:00,916.2
2025-01-12 13:00:00,856.47
2025-01-12 14:00:00,722.12
2025-01-12 15:00:00,522.28
2025-01-12 16:00:00,270.55
2025-01-12 17:00:00,29.7
2025-01-12 18:00:00,0.0
2025-01-12 19:00:00,0.0
2025-01-12 20:00:00,0.0
2025-01-12 21:00:00,0.0
2025-01-12 22:00:00,0.0
2025-01-12 23:00:00,0.0
2025-01-13 00:00:00,0.0
2025-01-13 01:00:00,0.0
2025-01-13 02:00:00,0.0
2025-01-13 03:00:00,0.0
2025-01-13 04:00:00,0.0
2025-01-13 05:00:00,0.0
2025-01-13 06:00:00,0.0
2025-01-13 07:00:00,136.75
2025-01-13 08:00:00,407.8
2025-01-13 09:00:00,635.08
2025-01-13 10:00:00,802.9
2025-01-13 11:00:00,899.88
2025-01-13 12:00:00,919.38
2025-01-13 13:00:00,860.1
2025-01-13 14:00:00,726.05
2025-01-13 15:00:00,526.35
2025-01-13 16:00:00,274.62
2025-01-13 17:00:00,31.52
2025-01-13 18:00:00,0.0
2025-01-13 19:00:00,0.0
2025-01-13 20:00:00,0.0
2025-01-13 21:00:00,0.0
2025-01-13 22:00:00,0.0
2025-01-13 23:00:00,0.0
2025-01-14 00:00:00,0.0
2025-01-14 01:00:00,0.0
2025-01-14 02:00:00,0.0
2025-01-14 03:00:00,0.0
2025-01-14 04:00:00,0.0
2025-01-14 05:00:00,0.0
2025-01-14 06:00:00,0.0
2025-01-14 07:00:00,137.25
2025-01-14 08:00:00,408.83
2025-01-14 09:00:00,636.65
2025-01-14 10:00:00,805.08
2025-01-14 11:00:00,902.62
2025-01-14 12:00:00,922.65
2025-01-14 13:00:00,863.78
2025-01-14 14:00:00,730.0
2025-01-14 15:00:00,530.47
2025-01-14 16:00:00,278.75
2025-01-14 17:00:00,33.4
2025-01-14 18:00:00,0.0
2025-01-14 19:00:00,0.0
2025-01-14 20:00:00,0.0
2025-01-14 21:00:00,0.0
2025-01-14 22:00:00,0.0
2025-01-14 23:00:00,0.0
2025-01-15 00:00:00,0.0
2025-01-15 01:00:00,0.0
2025-01-15 02:00:00,0.0
2025-01-15 03:00:00,0.0
2025-01-15 04:00:00,0.0
2025-01-15 05:00:00,0.0
2025-01-15 06:00:00,0.0
2025-01-15 07:00:00,137.88
2025-01-15 08:00:00,409.98
2025-01-15 09:00:00,638.38
2025-01-15 10:00:00,807.38
2025-01-15 11:00:00,905.47
2025-01-15 12:00:00,926.0
2025-01-15 13:00:00,867.53
2025-01-15 14:00:00,734.03
2025-01-15 15:00:00,534.62
2025-01-15 16:00:00,282.9
2025-01-15 17:00:00,35.35
2025-01-15 18:00:00,0.0
2025-01-15 19:00:00,0.0
2025-01-15 20:00:00,0.0
2025-01-15 21:00:00,0.0
2025-01-15 22:00:00,0.0
2025-01-15 23:00:00,0.0
2025-01-16 00:00:00,0.0
2025-01-16 01:00:00,0.0
2025-01-16 02:00:00,0.0
2025-01-16 03:00:00,0.0
2025-01-16 04:00:00,0.0
2025-01-16 05:00:00,0.0
2025-01-16 06:00:00,0.0
2025-01-16 07:00:00,138.57
2025-01-16 08:00:00,411.12
2025-01-16 09:00:00,640.03
2025-01-16 10:00:00,809.55
2025-01-16 11:00:00,908.17
2025-01-16 12:00:00,929.17
2025-01-16 13:00:00,871.1
2025-01-16 14:00:00,737.92
2025-01-16 15:00:00,538.7
2025-01-16 16:00:00,287.0
2025-01-16 17:00:00,37.38
2025-01-16 18:00:00,0.0
2025-01-16 19:00:00,0.0
2025-01-16 20:00:00,0.0
2025-01-16 21:00:00,0.0
2025-01-16 22:00:00,0.0
2025-01-16 23:00:00,0.0
2025-01-17 00:00:00,0.0
2025-01-17 01:00:00,0.0
2025-01-17 02:00:00,0.0
2025-01-17 03:00:00,0.0
2025-01-17 04:00:00,0.0
2025-01-17 05:00:00,0.0
2025-01-17 06:00:00,0.0
2025-01-17 07:00:00,139.4
2025-01-17 08:00:00,412.35
2025-01-17 09:00:00,641.67
2025-01-17 10:00:00,811.7
2025-01-17 11:00:00,910.8
2025-01-17 12:00:00,932.28
2025-01-17 13:00:00,874.6
2025-01-17 14:00:00,741.72
2025-01-17 15:00:00,542.7
2025-01-17 16:00:00,291.1
2025-01-17 17:00:00,39.45
2025-01-17 18:00:00,0.0
2025-01-17 19:00:00,0.0
2025-01-17 20:00:00,0.0
2025-01-17 21:00:00,0.0
2025-01-17 22:00:00,0.0
2025-01-17 23:00:00,0.0
2025-01-18 00:00:00,0.0
2025-01-18 01:00:00,0.0
2025-01-18 02:00:00,0.0
2025-01-18 03:00:00,0.0
2025-01-18 04:00:00,0.0
2025-01-18 05:00:00,0.0
2025-01-18 06:00:00,0.0
2025-01-18 07:00:00,140.4
2025-01-18 08:00:00,413.83
2025-01-18 09:00:00,643.7
2025-01-18 10:00:00,814.25
2025-01-18 11:00:00,913.88
2025-01-18 12:00:00,935.78
2025-01-18 13:00:00,878.47
2025-01-18 14:00:00,745.85
2025-01-18 15:00:00,546.95
2025-01-18 16:00:00,295.33
2025-01-18 17:00:00,41.6
2025-01-18 18:00:00,0.0
2025-01-18 19:00:00,0.0
2025-01-18 20:00:00,0.0
2025-01-18 21:00:00,0.0
2025-01-18 22:00:00,0.0
2025-01-18 23:00:00,0.0
2025-01-19 00:00:00,0.0
2025-01-19 01:00:00,0.0
2025-01-19 02:00:00,0.0
2025-01-19 03:00:00,0.0
2025-01-19 04:00:00,0.0
2025-01-19 05:00:00,0.0
2025-01-19 06:00:00,0.0
2025-01-19 07:00:00,141.55
2025-01-19 08:00:00,415.5
2025-01-19 09:00:00,645.9
2025-01-19 10:00:00,817.0
2025-01-19 11:00:00,917.12
2025-01-19 12:00:00,939.47
2025-01-19 13:00:00,882.5
2025-01-19 14:00:00,750.1
2025-01-19 15:00:00,551.28
2025-01-19 16:00:00,299.6
2025-01-19 17:00:00,43.8
2025-01-19 18:00:00,0.0
2025-01-19 19:00:00,0.0
2025-01-19 20:00:00,0.0
2025-01-19 21:00:00,0.0
2025-01-19 22:00:00,0.0
2025-01-19 23:00:00,0.0
2025-01-20 00:00:00,0.0
2025-01-20 01:00:00,0.0
2025-01-20 02:00:00,0.0
2025-01-20 03:00:00,0.0
2025-01-20 04:00:00,0.0
2025-01-20 05:00:00,0.0
2025-01-20 06:00:00,0.0
2025-01-20 07:00:00,142.82
2025-01-20 08:00:00,417.33
2025-01-20 09:00:00,648.28
2025-01-20 10:00:00,819.92
2025-01-20 11:00:00,920.58
2025-01-20 12:00:00,943.33
2025-01-20 13:00:00,886.7
2025-01-20 14:00:00,754.47
2025-01-20 15:00:00,555.7
2025-01-20 16:00:00,303.92
2025-01-20 17:00:00,46.1
2025-01-20 18:00:00,0.0
2025-01-20 19:00:00,0.0
2025-01-20 20:00:00,0.0
2025-01-20 21:00:00,0.0
2025-01-20 22:00:00,0.0
2025-01-20 23:00:00,0.0
2025-01-21 00:00:00,0.0
2025-01-21 01:00:00,0.0
2025-01-21 02:00:00,0.0
2025-01-21 03:00:00,0.0
2025-01-21 04:00:00,0.0
2025-01-21 05:00:00,0.0
2025-01-21 06:00:00,0.0
2025-01-21 07:00:00,144.27
2025-01-21 08:00:00,419.35
2025-01-21 09:00:00,650.88
2025-01-21 10:00:00,823.08
2025-01-21 11:00:00,924.22
2025-01-21 12:00:00,947.4
2025-01-21 13:00:00,891.05
2025-01-21 14:00:00,759.0
2025-01-21 15:00:00,560.25
2025-01-21 16:00:00,308.33
2025-01-21 17:00:00,48.45
2025-01-21 18:00:00,0.0
2025-01-21 19:00:00,0.0
2025-01-21 20:00:00,0.0
2025-01-21 21:00:00,0.0
2025-01-21 22:00:00,0.0
2025-01-21 23:00:00,0.0
2025-01-22 00:00:00,0.0
2025-01-22 01:00:00,0.0
2025-01-22 02:00:00,0.0
2025-01-22 03:00:00,0.0
2025-01-22 04:00:00,0.0
2025-01-22 05:00:00,0.0
2025-01-22 06:00:00,0.0
2025-01-22 07:00:00,145.88
2025-01-22 08:00:00,421.55
2025-01-22 09:00:00,653.67
2025-01-22 10:00:00,826.45
2025-01-22 11:00:00,928.1
2025-01-22 12:00:00,951.67
2025-01-22 13:00:00,895.6
2025-01-22 14:00:00,763.67
2025-01-22 15:00:00,564.9
2025-01-22 16:00:00,312.77
2025-01-22 17:00:00,50.9
2025-01-22 18:00:00,0.0
2025-01-22 19:00:00,0.0
2025-01-22 20:00:00,0.0
2025-01-22 21:00:00,0.0
2025-01-22 22:00:00,0.0
2025-01-22 23:00:00,0.0
2025-01-23 00:00:00,0.0
2025-01-23 01:00:00,0.0
2025-01-23 02:00:00,0.0
2025-01-23 03:00:00,0.0
2025-01-23 04:00:00,0.0
2025-01-23 05:00:00,0.0
2025-01-23 06:00:00,0.0
2025-01-23 07:00:00,147.62
2025-01-23 08:00:00,423.88
2025-01-23 09:00:00,656.58
2025-01-23 10:00:00,829.92
2025-01-23 11:00:00,932.05
2025-01-23 12:00:00,956.03
2025-01-23 13:00:00,900.2
2025-01-23 14:00:00,768.38
2025-01-23 15:00:00,569.55
2025-01-23 16:00:00,317.25
2025-01-23 17:00:00,53.4
2025-01-23 18:00:00,0.0
2025-01-23 19:00:00,0.0
2025-01-23 20:00:00,0.0
2025-01-23 21:00:00,0.0
2025-01-23 22:00:00,0.0
2025-01-23 23:00:00,0.0
2025-01-24 00:00:00,0.0
2025-01-24 01:00:00,0.0
2025-01-24 02:00:00,0.0
2025-01-24 03:00:00,0.0
2025-01-24 04:00:00,0.0
2025-01-24 05:00:00,0.0
2025-01-24 06:00:00,0.0
2025-01-24 07:00:00,149.5
2025-01-24 08:00:00,426.33
2025-01-24 09:00:00,659.62
2025-01-24 10:00:00,833.5
2025-01-24 11:00:00,936.1
2025-01-24 12:00:00,960.45
2025-01-24 13:00:00,904.88
2025-01-24 14:00:00,773.15
2025-01-24 15:00:00,574.25
2025-01-24 16:00:00,321.75
2025-01-24 17:00:00,55.95
2025-01-24 18:00:00,0.0
2025-01-24 19:00:00,0.0
2025-01-24 20:00:00,0.0
2025-01-24 21:00:00,0.0
2025-01-24 22:00:00,0.0
2025-01-24 23:00:00,0.0
2025-01-25 00:00:00,0.0
2025-01-25 01:00:00,0.0
2025-01-25 02:00:00,0.0
2025-01-25 03:00:00,0.0
2025-01-25 04:00:00,0.0
2025-01-25 05:00:00,0.0
2025-01-25 06:00:00,0.0
2025-01-25 07:00:00,151.5
2025-01-25 08:00:00,428.88
2025-01-25 09:00:00,662.7
2025-01-25 10:00:00,837.1
2025-01-25 11:00:00,940.15
2025-01-25 12:00:00,964.85
2025-01-25 13:00:00,909.5
2025-01-25 14:00:00,777.88
2025-01-25 15:00:00,578.92
2025-01-25 16:00:00,326.23
2025-01-25 17:00:00,58.58
2025-01-25 18:00:00,0.0
2025-01-25 19:00:00,0.0
2025-01-25 20:00:00,0.0
2025-01-25 21:00:00,0.0
2025-01-25 22:00:00,0.0
2025-01-25 23:00:00,0.0
2025-01-26 00:00:00,0.0
2025-01-26 01:00:00,0.0
2025-01-26 02:00:00,0.0
2025-01-26 03:00:00,0.0
2025-01-26 04:00:00,0.0
2025-01-26 05:00:00,0.0
2025-01-26 06:00:00,0.0
2025-01-26 07:00:00,153.65
2025-01-26 08:00:00,431.48
2025-01-26 09:00:00,665.85
2025-01-26 10:00:00,840.72
2025-01-26 11:00:00,944.2
2025-01-26 12:00:00,969.2
2025-01-26 13:00:00,914.08
2025-01-26 14:00:00,782.55
2025-01-26 15:00:00,583.55
2025-01-26 16:00:00,330.67
2025-01-26 17:00:00,61.22
2025-01-26 18:00:00,0.0
2025-01-26 19:00:00,0.0
2025-01-26 20:00:00,0.0
2025-01-26 21:00:00,0.0
2025-01-26 22:00:00,0.0
2025-01-26 23:00:00,0.0
2025-01-27 00:00:00,0.0
2025-01-27 01:00:00,0.0
2025-01-27 02:00:00,0.0
2025-01-27 03:00:00,0.0
2025-01-27 04:00:00,0.0
2025-01-27 05:00:00,0.0
2025-01-27 06:00:00,0.0
2025-01-27 07:00:00,155.9
2025-01-27 08:00:00,434.17
2025-01-27 09:00:00,669.03
2025-01-27 10:00:00,844.35
2025-01-27 11:00:00,948.2
2025-01-27 12:00:00,973.55
2025-01-27 13:00:00,918.62
2025-01-27 14:00:00,787.15
2025-01-27 15:00:00,588.15
2025-01-27 16:00:00,335.12
2025-01-27 17:00:00,63.95
2025-01-27 18:00:00,0.0
2025-01-27 19:00:00,0.0
2025-01-27 20:00:00,0.0
2025-01-27 21:00:00,0.0
2025-01-27 22:00:00,0.0
2025-01-27 23:00:00,0.0
2025-01-28 00:00:00,0.0
2025-01-28 01:00:00,0.0
2025-01-28 02:00:00,0.0
2025-01-28 03:00:00,0.0
2025-01-28 04:00:00,0.0
2025-01-28 05:00:00,0.0
2025-01-28 06:00:00,0.0
2025-01-28 07:00:00,158.32
2025-01-28 08:00:00,437.0
2025-01-28 09:00:00,672.33
2025-01-28 10:00:00,848.1
2025-01-28 11:00:00,952.35
2025-01-28 12:00:00,977.97
2025-01-28 13:00:00,923.22
2025-01-28 14:00:00,791.85
2025-01-28 15:00:00,592.75
2025-01-28 16:00:00,339.55
2025-01-28 17:00:00,66.72
2025-01-28 18:00:00,0.0
2025-01-28 19:00:00,0.0
2025-01-28 20:00:00,0.0
2025-01-28 21:00:00,0.0
2025-01-28 22:00:00,0.0
2025-01-28 23:00:00,0.0
2025-01-29 00:00:00,0.0
2025-01-29 01:00:00,0.0
2025-01-29 02:00:00,0.0
2025-01-29 03:00:00,0.0
2025-01-29 04:00:00,0.0
2025-01-29 05:00:00,0.0
2025-01-29 06:00:00,0.0
2025-01-29 07:00:00,160.85
2025-01-29 08:00:00,439.9
2025-01-29 09:00:00,675.62
2025-01-29 10:00:00,851.8
2025-01-29 11:00:00,956.4
2025-01-29 12:00:00,982.3
2025-01-29 13:00:00,927.72
2025-01-29 14:00:00,796.42
2025-01-29 15:00:00,597.3
2025-01-29 16:00:00,343.95
2025-01-29 17:00:00,69.55
2025-01-29 18:00:00,0.0
2025-01-29 19:00:00,0.0
2025-01-29 20:00:00,0.0
2025-01-29 21:00:00,0.0
2025-01-29 22:00:00,0.0
2025-01-29 23:00:00,0.0
2025-01-30 00:00:00,0.0
2025-01-30 01:00:00,0.0
2025-01-30 02:00:00,0.0
2025-01-30 03:00:00,0.0
2025-01-30 04:00:00,0.0
2025-01-30 05:00:00,0.0
2025-01-30 06:00:00,0.0
2025-01-30 07:00:00,163.55
2025-01-30 08:00:00,442.92
2025-01-30 09:00:00,679.08
2025-01-30 10:00:00,855.62
2025-01-30 11:00:00,960.58
2025-01-30 12:00:00,986.72
2025-01-30 13:00:00,932.33
2025-01-30 14:00:00,801.05
2025-01-30 15:00:00,601.88
2025-01-30 16:00:00,348.35
2025-01-30 17:00:00,72.4
2025-01-30 18:00:00,0.0
2025-01-30 19:00:00,0.0
2025-01-30 20:00:00,0.0
2025-01-30 21:00:00,0.0
2025-01-30 22:00:00,0.0
2025-01-30 23:00:00,0.0
2025-01-31 00:00:00,0.0
2025-01-31 01:00:00,0.0
2025-01-31 02:00:00,0.0
2025-01-31 03:00:00,0.0
2025-01-31 04:00:00,0.0
2025-01-31 05:00:00,0.0
2025-01-31 06:00:00,0.0
2025-01-31 07:00:00,166.38
2025-01-31 08:00:00,446.0
2025-01-31 09:00:00,682.55
2025-01-31 10:00:00,859.47
2025-01-31 11:00:00,964.72
2025-01-31 12:00:00,991.1
2025-01-31 13:00:00,936.85
2025-01-31 14:00:00,805.62
2025-01-31 15:00:00,606.4
2025-01-31 16:00:00,352.73
2025-01-31 17:00:00,75.32
2025-01-31 18:00:00,0.0
2025-01-31 19:00:00,0.0
2025-01-31 20:00:00,0.0
2025-01-31 21:00:00,0.0
2025-01-31 22:00:00,0.0
2025-01-31 23:00:00,0.0
2025-02-01 00:00:00,0.0
2025-02-01 01:00:00,0.0
2025-02-01 02:00:00,0.0
2025-02-01 03:00:00,0.0
2025-02-01 04:00:00,0.0
2025-02-01 05:00:00,0.0
2025-02-01 06:00:00,0.0
2025-02-01 07:00:00,169.35
2025-02-01 08:00:00,449.25
2025-02-01 09:00:00,686.2
2025-02-01 10:00:00,863.47
2025-02-01 11:00:00,969.03
2025-02-01 12:00:00,995.62
2025-02-01 13:00:00,941.5
2025-02-01 14:00:00,810.3
2025-02-01 15:00:00,610.97
2025-02-01 16:00:00,357.1
2025-02-01 17:00:00,78.28
2025-02-01 18:00:00,0.0
2025-02-01 19:00:00,0.0
2025-02-01 20:00:00,0.0
2025-02-01 21:00:00,0.0
2025-02-01 22:00:00,0.0
2025-02-01 23:00:00,0.0
2025-02-02 00:00:00,0.0
2025-02-02 01:00:00,0.0
2025-02-02 02:00:00,0.0
2025-02-02 03:00:00,0.0
2025-02-02 04:00:00,0.0
2025-02-02 05:00:00,0.0
2025-02-02 06:00:00,0.0
2025-02-02 07:00:00,172.45
2025-02-02 08:00:00,452.5
2025-02-02 09:00:00,689.75
2025-02-02 10:00:00,867.35
2025-02-02 11:00:00,973.12
2025-02-02 12:00:00,999.95
2025-02-02 13:00:00,945.92
2025-02-02 14:00:00,814.75
2025-02-02 15:00:00,615.4
2025-02-02 16:00:00,361.4
2025-02-02 17:00:00,81.28
2025-02-02 18:00:00,0.0
2025-02-02 19:00:00,0.0
2025-02-02 20:00:00,0.0
2025-02-02 21:00:00,0.0
2025-02-02 22:00:00,0.0
2025-02-02 23:00:00,0.0
2025-02-03 00:00:00,0.0
2025-02-03 01:00:00,0.0
2025-02-03 02:00:00,0.0
2025-02-03 03:00:00,0.0
2025-02-03 04:00:00,0.0
2025-02-03 05:00:00,0.0
2025-02-03 06:00:00,0.0
2025-02-03 07:00:00,175.73
2025-02-03 08:00:00,455.92
2025-02-03 09:00:00,693.55
2025-02-03 10:00:00,871.45
2025-02-03 11:00:00,977.5
2025-02-03 12:00:00,1004.5
2025-02-03 13:00:00,950.58
2025-02-03 14:00:00,819.4
2025-02-03 15:00:00,619.92
2025-02-03 16:00:00,365.75
2025-02-03 17:00:00,84.32
2025-02-03 18:00:00,0.0
2025-02-03 19:00:00,0.0
2025-02-03 20:00:00,0.0
2025-02-03 21:00:00,0.0
2025-02-03 22:00:00,0.0
2025-02-03 23:00:00,0.0
2025-02-04 00:00:00,0.0
2025-02-04 01:00:00,0.0
2025-02-04 02:00:00,0.0
2025-02-04 03:00:00,0.0
2025-02-04 04:00:00,0.0
2025-02-04 05:00:00,0.0
2025-02-04 06:00:00,0.0
2025-02-04 07:00:00,179.2
2025-02-04 08:00:00,459.52
2025-02-04 09:00:00,697.53
2025-02-04 10:00:00,875.75
2025-02-04 11:00:00,982.08
2025-02-04 12:00:00,1009.22
2025-02-04 13:00:00,955.35
2025-02-04 14:00:00,824.15
2025-02-04 15:00:00,624.55
2025-02-04 16:00:00,370.15
2025-02-04 17:00:00,87.43
2025-02-04 18:00:00,0.0
2025-02-04 19:00:00,0.0
2025-02-04 20:00:00,0.0
2025-02-04 21:00:00,0.0
2025-02-04 22:00:00,0.0
2025-02-04 23:00:00,0.0
2025-02-05 00:00:00,0.0
2025-02-05 01:00:00,0.0
2025-02-05 02:00:00,0.0
2025-02-05 03:00:00,0.0
2025-02-05 04:00:00,0.0
2025-02-05 05:00:00,0.0
2025-02-05 06:00:00,0.0
2025-02-05 07:00:00,182.85
2025-02-05 08:00:00,463.35
2025-02-05 09:00:00,701.75
2025-02-05 10:00:00,880.33
2025-02-05 11:00:00,986.9
2025-02-05 12:00:00,1014.2
2025-02-05 13:00:00,960.38
2025-02-05 14:00:00,829.1
2025-02-05 15:00:00,629.3
2025-02-05 16:00:00,374.6
2025-02-05 17:00:00,90.57
2025-02-05 18:00:00,0.0
2025-02-05 19:00:00,0.0
2025-02-05 20:00:00,0.0
2025-02-05 21:00:00,0.0
2025-02-05 22:00:00,0.0
2025-02-05 23:00:00,0.0
2025-02-06 00:00:00,0.0
2025-02-06 01:00:00,0.0
2025-02-06 02:00:00,0.0
2025-02-06 03:00:00,0.0
2025-02-06 04:00:00,0.0
2025-02-06 05:00:00,0.0
2025-02-06 06:00:00,0.0
2025-02-06 07:00:00,186.7
2025-02-06 08:00:00,467.33
2025-02-06 09:00:00,706.15
2025-02-06 10:00:00,885.08
2025-02-06 11:00:00,991.9
2025-02-06 12:00:00,1019.35
2025-02-06 13:00:00,965.53
2025-02-06 14:00:00,834.15
2025-02-06 15:00:00,634.12
2025-02-06 16:00:00,379.1
2025-02-06 17:00:00,93.78
2025-02-06 18:00:00,0.0
2025-02-06 19:00:00,0.0
2025-02-06 20:00:00,0.0
2025-02-06 21:00:00,0.0
2025-02-06 22:00:00,0.0
2025-02-06 23:00:00,0.0
2025-02-07 00:00:00,0.0
2025-02-07 01:00:00,0.0
2025-02-07 02:00:00,0.0
2025-02-07 03:00:00,0.0
2025-02-07 04:00:00,0.0
2025-02-07 05:00:00,0.0
2025-02-07 06:00:00,0.0
2025-02-07 07:00:00,190.68
2025-02-07 08:00:00,471.3
2025-02-07 09:00:00,710.5
2025-02-07 10:00:00,889.72
2025-02-07 11:00:00,996.75
2025-02-07 12:00:00,1024.3
2025-02-07 13:00:00,970.5
2025-02-07 14:00:00,839.03
2025-02-07 15:00:00,638.8
2025-02-07 16:00:00,383.48
2025-02-07 17:00:00,97.0
2025-02-07 18:00:00,0.0
2025-02-07 19:00:00,0.0
2025-02-07 20:00:00,0.0
2025-02-07 21:00:00,0.0
2025-02-07 22:00:00,0.0
2025-02-07 23:00:00,0.0
2025-02-08 00:00:00,0.0
2025-02-08 01:00:00,0.0
2025-02-08 02:00:00,0.0
2025-02-08 03:00:00,0.0
2025-02-08 04:00:00,0.0
2025-02-08 05:00:00,0.0
2025-02-08 06:00:00,0.0
2025-02-08 07:00:00,194.77
2025-02-08 08:00:00,475.35
2025-02-08 09:00:00,714.85
2025-02-08 10:00:00,894.35
2025-02-08 11:00:00,1001.55
2025-02-08 12:00:00,1029.2
2025-02-08 13:00:00,975.4
2025-02-08 14:00:00,843.8
2025-02-08 15:00:00,643.4
2025-02-08 16:00:00,387.83
2025-02-08 17:00:00,100.25
2025-02-08 18:00:00,0.0
2025-02-08 19:00:00,0.0
2025-02-08 20:00:00,0.0
2025-02-08 21:00:00,0.0
2025-02-08 22:00:00,0.0
2025-02-08 23:00:00,0.0
2025-02-09 00:00:00,0.0
2025-02-09 01:00:00,0.0
2025-02-09 02:00:00,0.0
2025-02-09 03:00:00,0.0
2025-02-09 04:00:00,0.0
2025-02-09 05:00:00,0.0
2025-02-09 06:00:00,0.0
2025-02-09 07:00:00,199.02
2025-02-09 08:00:00,479.42
2025-02-09 09:00:00,719.22
2025-02-09 10:00:00,898.92
2025-02-09 11:00:00,1006.3
2025-02-09 12:00:00,1034.03
2025-02-09 13:00:00,980.2
2025-02-09 14:00:00,848.5
2025-02-09 15:00:00,647.92
2025-02-09 16:00:00,392.1
2025-02-09 17:00:00,103.53
2025-02-09 18:00:00,0.0
2025-02-09 19:00:00,0.0
2025-02-09 20:00:00,0.0
2025-02-09 21:00:00,0.0
2025-02-09 22:00:00,0.0
2025-02-09 23:00:00,0.0
2025-02-10 00:00:00,0.0
2025-02-10 01:00:00,0.0
2025-02-10 02:00:00,0.0
2025-02-10 03:00:00,0.0
2025-02-10 04:00:00,0.0
2025-02-10 05:00:00,0.0
2025-02-10 06:00:00,0.0
2025-02-10 07:00:00,203.45
2025-02-10 08:00:00,483.65
2025-02-10 09:00:00,723.72
2025-02-10 10:00:00,903.67
2025-02-10 11:00:00,1011.17
2025-02-10 12:00:00,1038.95
2025-02-10 13:00:00,985.1
2025-02-10 14:00:00,853.28
2025-02-10 15:00:00,652.47
2025-02-10 16:00:00,396.38
2025-02-10 17:00:00,106.82
2025-02-10 18:00:00,0.0
2025-02-10 19:00:00,0.0
2025-02-10 20:00:00,0.0
2025-02-10 21:00:00,0.0
2025-02-10 22:00:00,0.0
2025-02-10 23:00:00,0.0
2025-02-11 00:00:00,0.0
2025-02-11 01:00:00,0.0
2025-02-11 02:00:00,0.0
2025-02-11 03:00:00,0.0
2025-02-11 04:00:00,0.0
2025-02-11 05:00:00,0.0
2025-02-11 06:00:00,0.0
2025-02-11 07:00:00,208.05
2025-02-11 08:00:00,487.95
2025-02-11 09:00:00,728.3
2025-02-11 10:00:00,908.42
2025-02-11 11:00:00,1016.05
2025-02-11 12:00:00,1043.88
2025-02-11 13:00:00,989.97
2025-02-11 14:00:00,858.0
2025-02-11 15:00:00,657.0
2025-02-11 16:00:00,400.62
2025-02-11 17:00:00,110.15
2025-02-11 18:00:00,0.0
2025-02-11 19:00:00,0.0
2025-02-11 20:00:00,0.0
2025-02-11 21:00:00,0.0
2025-02-11 22:00:00,0.0
2025-02-11 23:00:00,0.0
2025-02-12 00:00:00,0.0
2025-02-12 01:00:00,0.0
2025-02-12 02:00:00,0.0
2025-02-12 03:00:00,0.0
2025-02-12 04:00:00,0.0
2025-02-12 05:00:00,0.0
2025-02-12 06:00:00,0.0
2025-02-12 07:00:00,212.8
2025-02-12 08:00:00,492.27
2025-02-12 09:00:00,732.88
2025-02-12 10:00:00,913.17
2025-02-12 11:00:00,1020.9
2025-02-12 12:00:00,1048.72
2025-02-12 13:00:00,994.75
2025-02-12 14:00:00,862.65
2025-02-12 15:00:00,661.45
2025-02-12 16:00:00,404.83
2025-02-12 17:00:00,113.5
2025-02-12 18:00:00,0.0
2025-02-12 19:00:00,0.0
2025-02-12 20:00:00,0.0
2025-02-12 21:00:00,0.0
2025-02-12 22:00:00,0.0
2025-02-12 23:00:00,0.0
2025-02-13 00:00:00,0.0
2025-02-13 01:00:00,0.0
2025-02-13 02:00:00,0.0
2025-02-13 03:00:00,0.0
2025-02-13 04:00:00,0.0
2025-02-13 05:00:00,0.0
2025-02-13 06:00:00,0.0
2025-02-13 07:00:00,217.7
2025-02-13 08:00:00,496.73
2025-02-13 09:00:00,737.53
2025-02-13 10:00:00,917.97
2025-02-13 11:00:00,1025.8
2025-02-13 12:00:00,1053.62
2025-02-13 13:00:00,999.58
2025-02-13 14:00:00,867.33
2025-02-13 15:00:00,665.88
2025-02-13 16:00:00,409.0
2025-02-13 17:00:00,116.88
2025-02-13 18:00:00,0.0
2025-02-13 19:00:00,0.0
2025-02-13 20:00:00,0.0
2025-02-13 21:00:00,0.0
2025-02-13 22:00:00,0.0
2025-02-13 23:00:00,0.0
2025-02-14 00:00:00,0.0
2025-02-14 01:00:00,0.0
2025-02-14 02:00:00,0.0
2025-02-14 03:00:00,0.0
2025-02-14 04:00:00,0.0
2025-02-14 05:00:00,0.0
2025-02-14 06:00:00,0.0
2025-02-14 07:00:00,222.8
2025-02-14 08:00:00,501.27
2025-02-14 09:00:00,742.3
2025-02-14 10:00:00,922.9
2025-02-14 11:00:00,1030.78
2025-02-14 12:00:00,1058.6
2025-02-14 13:00:00,1004.42
2025-02-14 14:00:00,872.0
2025-02-14 15:00:00,670.35
2025-02-14 16:00:00,413.17
2025-02-14 17:00:00,120.25
2025-02-14 18:00:00,0.0
2025-02-14 19:00:00,0.0
2025-02-14 20:00:00,0.0
2025-02-14 21:00:00,0.0
2025-02-14 22:00:00,0.0
2025-02-14 23:00:00,0.0
2025-02-15 00:00:00,0.0
2025-02-15 01:00:00,0.0
2025-02-15 02:00:00,0.0
2025-02-15 03:00:00,0.0
2025-02-15 04:00:00,0.0
2025-02-15 05:00:00,0.0
2025-02-15 06:00:00,0.0
2025-02-15 07:00:00,228.07
2025-02-15 08:00:00,505.95
2025-02-15 09:00:00,747.17
2025-02-15 10:00:00,927.9
2025-02-15 11:00:00,1035.85
2025-02-15 12:00:00,1063.62
2025-02-15 13:00:00,1009.35
2025-02-15 14:00:00,876.72
2025-02-15 15:00:00,674.8
2025-02-15 16:00:00,417.33
2025-02-15 17:00:00,123.68
2025-02-15 18:00:00,0.0
2025-02-15 19:00:00,0.0
2025-02-15 20:00:00,0.0
2025-02-15 21:00:00,0.0
2025-02-15 22:00:00,0.0
2025-02-15 23:00:00,0.0
2025-02-16 00:00:00,0.0
2025-02-16 01:00:00,0.0
2025-02-16 02:00:00,0.0
2025-02-16 03:00:00,0.0
2025-02-16 04:00:00,0.0
2025-02-16 05:00:00,0.0
2025-02-16 06:00:00,0.0
2025-02-16 07:00:00,233.5
2025-02-16 08:00:00,510.67
2025-02-16 09:00:00,752.1
2025-02-16 10:00:00,932.95
2025-02-16 11:00:00,1040.93
2025-02-16 12:00:00,1068.65
2025-02-16 13:00:00,1014.22
2025-02-16 14:00:00,881.42
2025-02-16 15:00:00,679.22
2025-02-16 16:00:00,421.45
2025-02-16 17:00:00,127.12
2025-02-16 18:00:00,0.0
2025-02-16 19:00:00,0.0
2025-02-16 20:00:00,0.0
2025-02-16 21:00:00,0.0
2025-02-16 22:00:00,0.0
2025-02-16 23:00:00,0.0
2025-02-17 00:00:00,0.0
2025-02-17 01:00:00,0.0
2025-02-17 02:00:00,0.0
2025-02-17 03:00:00,0.0
2025-02-17 04:00:00,0.0
2025-02-17 05:00:00,0.0
2025-02-17 06:00:00,0.0
2025-02-17 07:00:00,239.1
2025-02-17 08:00:00,515.45
2025-02-17 09:00:00,757.03
2025-02-17 10:00:00,937.97
2025-02-17 11:00:00,1045.95
2025-02-17 12:00:00,1073.62
2025-02-17 13:00:00,1019.08
2025-02-17 14:00:00,886.05
2025-02-17 15:00:00,683.6
2025-02-17 16:00:00,425.52
2025-02-17 17:00:00,130.55
2025-02-17 18:00:00,0.0
2025-02-17 19:00:00,0.0
2025-02-17 20:00:00,0.0
2025-02-17 21:00:00,0.0
2025-02-17 22:00:00,0.0
2025-02-17 23:00:00,0.0
2025-02-18 00:00:00,0.0
2025-02-18 01:00:00,0.0
2025-02-18 02:00:00,0.0
2025-02-18 03:00:00,0.0
2025-02-18 04:00:00,0.0
2025-02-18 05:00:00,0.0
2025-02-18 06:00:00,0.0
2025-02-18 07:00:00,244.85
2025-02-18 08:00:00,520.25
2025-02-18 09:00:00,761.95
2025-02-18 10:00:00,942.95
2025-02-18 11:00:00,1050.9
2025-02-18 12:00:00,1078.47
2025-02-18 13:00:00,1023.78
2025-02-18 14:00:00,890.53
2025-02-18 15:00:00,687.85
2025-02-18 16:00:00,429.52
2025-02-18 17:00:00,134.0
2025-02-18 18:00:00,0.0
2025-02-18 19:00:00,0.0
2025-02-18 20:00:00,0.0
2025-02-18 21:00:00,0.0
2025-02-18 22:00:00,0.0
2025-02-18 23:00:00,0.0
2025-02-19 00:00:00,0.0
2025-02-19 01:00:00,0.0
2025-02-19 02:00:00,0.0
2025-02-19 03:00:00,0.0
2025-02-19 04:00:00,0.0
2025-02-19 05:00:00,0.0
2025-02-19 06:00:00,0.0
2025-02-19 07:00:00,250.77
2025-02-19 08:00:00,525.12
2025-02-19 09:00:00,766.92
2025-02-19 10:00:00,947.95
2025-02-19 11:00:00,1055.88
2025-02-19 12:00:00,1083.35
2025-02-19 13:00:00,1028.47
2025-02-19 14:00:00,895.03
2025-02-19 15:00:00,692.08
2025-02-19 16:00:00,433.48
2025-02-19 17:00:00,137.45
2025-02-19 18:00:00,0.0
2025-02-19 19:00:00,0.0
2025-02-19 20:00:00,0.0
2025-02-19 21:00:00,0.0
2025-02-19 22:00:00,0.0
2025-02-19 23:00:00,0.0
2025-02-20 00:00:00,0.0
2025-02-20 01:00:00,0.0
2025-02-20 02:00:00,0.0
2025-02-20 03:00:00,0.0
2025-02-20 04:00:00,0.0
2025-02-20 05:00:00,0.0
2025-02-20 06:00:00,0.0
2025-02-20 07:00:00,256.85
2025-02-20 08:00:00,530.03
2025-02-20 09:00:00,771.9
2025-02-20 10:00:00,952.95
2025-02-20 11:00:00,1060.8
2025-02-20 12:00:00,1088.15
2025-02-20 13:00:00,1033.1
2025-02-20 14:00:00,899.42
2025-02-20 15:00:00,696.22
2025-02-20 16:00:00,437.38
2025-02-20 17:00:00,140.93
2025-02-20 18:00:00,0.0
2025-02-20 19:00:00,0.0
2025-02-20 20:00:00,0.0
2025-02-20 21:00:00,0.0
2025-02-20 22:00:00,0.0
2025-02-20 23:00:00,0.0
2025-02-21 00:00:00,0.0
2025-02-21 01:00:00,0.0
2025-02-21 02:00:00,0.0
2025-02-21 03:00:00,0.0
2025-02-21 04:00:00,0.0
2025-02-21 05:00:00,0.0
2025-02-21 06:00:00,14.45
2025-02-21 07:00:00,248.62
2025-02-21 08:00:00,534.97
2025-02-21 09:00:00,776.92
2025-02-21 10:00:00,957.95
2025-02-21 11:00:00,1065.72
2025-02-21 12:00:00,1092.93
2025-02-21 13:00:00,1037.7
2025-02-21 14:00:00,903.8
2025-02-21 15:00:00,700.35
2025-02-21 16:00:00,441.25
2025-02-21 17:00:00,144.38
2025-02-21 18:00:00,0.0
2025-02-21 19:00:00,0.0
2025-02-21 20:00:00,0.0
2025-02-21 21:00:00,0.0
2025-02-21 22:00:00,0.0
2025-02-21 23:00:00,0.0
2025-02-22 00:00:00,0.0
2025-02-22 01:00:00,0.0
2025-02-22 02:00:00,0.0
2025-02-22 03:00:00,0.0
2025-02-22 04:00:00,0.0
2025-02-22 05:00:00,0.0
2025-02-22 06:00:00,15.95
2025-02-22 07:00:00,253.55
2025-02-22 08:00:00,540.03
2025-02-22 09:00:00,782.0
2025-02-22 10:00:00,963.03
2025-02-22 11:00:00,1070.7
2025-02-22 12:00:00,1097.75
2025-02-22 13:00:00,1042.3
2025-02-22 14:00:00,908.15
2025-02-22 15:00:00,704.45
2025-02-22 16:00:00,445.08
2025-02-22 17:00:00,147.85
2025-02-22 18:00:00,0.0
2025-02-22 19:00:00,0.0
2025-02-22 20:00:00,0.0
2025-02-22 21:00:00,0.0
2025-02-22 22:00:00,0.0
2025-02-22 23:00:00,0.0
2025-02-23 00:00:00,0.0
2025-02-23 01:00:00,0.0
2025-02-23 02:00:00,0.0
2025-02-23 03:00:00,0.0
2025-02-23 04:00:00,0.0
2025-02-23 05:00:00,0.0
2025-02-23 06:00:00,17.55
2025-02-23 07:00:00,258.6
2025-02-23 08:00:00,545.25
2025-02-23 09:00:00,787.3
2025-02-23 10:00:00,968.33
2025-02-23 11:00:00,1075.93
2025-02-23 12:00:00,1102.8
2025-02-23 13:00:00,1047.12
2025-02-23 14:00:00,912.7
2025-02-23 15:00:00,708.67
2025-02-23 16:00:00,448.98
2025-02-23 17:00:00,151.38
2025-02-23 18:00:00,0.0
2025-02-23 19:00:00,0.0
2025-02-23 20:00:00,0.0
2025-02-23 21:00:00,0.0
2025-02-23 22:00:00,0.0
2025-02-23 23:00:00,0.0
2025-02-24 00:00:00,0.0
2025-02-24 01:00:00,0.0
2025-02-24 02:00:00,0.0
2025-02-24 03:00:00,0.0
2025-02-24 04:00:00,0.0
2025-02-24 05:00:00,0.0
2025-02-24 06:00:00,19.25
2025-02-24 07:00:00,263.7
2025-02-24 08:00:00,550.5
2025-02-24 09:00:00,792.62
2025-02-24 10:00:00,973.6
2025-02-24 11:00:00,1081.1
2025-02-24 12:00:00,1107.8
2025-02-24 13:00:00,1051.9
2025-02-24 14:00:00,917.17
2025-02-24 15:00:00,712.85
2025-02-24 16:00:00,452.83
2025-02-24 17:00:00,154.88
2025-02-24 18:00:00,0.0
2025-02-24 19:00:00,0.0
2025-02-24 20:00:00,0.0
2025-02-24 21:00:00,0.0
2025-02-24 22:00:00,0.0
2025-02-24 23:00:00,0.0
2025-02-25 00:00:00,0.0
2025-02-25 01:00:00,0.0
2025-02-25 02:00:00,0.0
2025-02-25 03:00:00,0.0
2025-02-25 04:00:00,0.0
2025-02-25 05:00:00,0.0
2025-02-25 06:00:00,21.05
2025-02-25 07:00:00,268.9
2025-02-25 08:00:00,555.8
2025-02-25 09:00:00,797.97
2025-02-25 10:00:00,978.92
2025-02-25 11:00:00,1086.3
2025-02-25 12:00:00,1112.82
2025-02-25 13:00:00,1056.65
2025-02-25 14:00:00,921.62
2025-02-25 15:00:00,716.97
2025-02-25 16:00:00,456.65
2025-02-25 17:00:00,158.4
2025-02-25 18:00:00,0.0
2025-02-25 19:00:00,0.0
2025-02-25 20:00:00,0.0
2025-02-25 21:00:00,0.0
2025-02-25 22:00:00,0.0
2025-02-25 23:00:00,0.0
2025-02-26 00:00:00,0.0
2025-02-26 01:00:00,0.0
2025-02-26 02:00:00,0.0
2025-02-26 03:00:00,0.0
2025-02-26 04:00:00,0.0
2025-02-26 05:00:00,0.0
2025-02-26 06:00:00,22.98
2025-02-26 07:00:00,274.17
2025-02-26 08:00:00,561.2
2025-02-26 09:00:00,803.42
2025-02-26 10:00:00,984.33
2025-02-26 11:00:00,1091.57
2025-02-26 12:00:00,1117.88
2025-02-26 13:00:00,1061.45
2025-02-26 14:00:00,926.12
2025-02-26 15:00:00,721.12
2025-02-26 16:00:00,460.45
2025-02-26 17:00:00,161.93
2025-02-26 18:00:00,0.0
2025-02-26 19:00:00,0.0
2025-02-26 20:00:00,0.0
2025-02-26 21:00:00,0.0
2025-02-26 22:00:00,0.0
2025-02-26 23:00:00,0.0
2025-02-27 00:00:00,0.0
2025-02-27 01:00:00,0.0
2025-02-27 02:00:00,0.0
2025-02-27 03:00:00,0.0
2025-02-27 04:00:00,0.0
2025-02-27 05:00:00,0.0
2025-02-27 06:00:00,24.98
2025-02-27 07:00:00,279.4
2025-02-27 08:00:00,566.47
2025-02-27 09:00:00,808.65
2025-02-27 10:00:00,989.42
2025-02-27 11:00:00,1096.5
2025-02-27 12:00:00,1122.57
2025-02-27 13:00:00,1065.88
2025-02-27 14:00:00,930.28
2025-02-27 15:00:00,725.0
2025-02-27 16:00:00,464.08
2025-02-27 17:00:00,165.43
2025-02-27 18:00:00,0.0
2025-02-27 19:00:00,0.0
2025-02-27 20:00:00,0.0
2025-02-27 21:00:00,0.0
2025-02-27 22:00:00,0.0
2025-02-27 23:00:00,0.0
2025-02-28 00:00:00,0.0
2025-02-28 01:00:00,0.0
2025-02-28 02:00:00,0.0
2025-02-28 03:00:00,0.0
2025-02-28 04:00:00,0.0
2025-02-28 05:00:00,0.0
2025-02-28 06:00:00,27.1
2025-02-28 07:00:00,284.67
2025-02-28 08:00:00,571.72
2025-02-28 09:00:00,813.8
2025-02-28 10:00:00,994.45
2025-02-28 11:00:00,1101.3
2025-02-28 12:00:00,1127.12
2025-02-28 13:00:00,1070.18
2025-02-28 14:00:00,934.28
2025-02-28 15:00:00,728.78
2025-02-28 16:00:00,467.62
2025-02-28 17:00:00,168.88
2025-02-28 18:00:00,0.0
2025-02-28 19:00:00,0.0
2025-02-28 20:00:00,0.0
2025-02-28 21:00:00,0.0
2025-02-28 22:00:00,0.0
2025-02-28 23:00:00,0.0
2025-03-01 00:00:00,0.0
2025-03-01 01:00:00,0.0
2025-03-01 02:00:00,0.0
2025-03-01 03:00:00,0.0
2025-03-01 04:00:00,0.0
2025-03-01 05:00:00,0.0
2025-03-01 06:00:00,29.33
2025-03-01 07:00:00,290.0
2025-03-01 08:00:00,577.03
2025-03-01 09:00:00,819.0
2025-03-01 10:00:00,999.47
2025-03-01 11:00:00,1106.12
2025-03-01 12:00:00,1131.7
2025-03-01 13:00:00,1074.45
2025-03-01 14:00:00,938.28
2025-03-01 15:00:00,732.5
2025-03-01 16:00:00,471.12
2025-03-01 17:00:00,172.35
2025-03-01 18:00:00,0.0
2025-03-01 19:00:00,0.0
2025-03-01 20:00:00,0.0
2025-03-01 21:00:00,0.0
2025-03-01 22:00:00,0.0
2025-03-01 23:00:00,0.0
2025-03-02 00:00:00,0.0
2025-03-02 01:00:00,0.0
2025-03-02 02:00:00,0.0
2025-03-02 03:00:00,0.0
2025-03-02 04:00:00,0.0
2025-03-02 05:00:00,0.0
2025-03-02 06:00:00,31.67
2025-03-02 07:00:00,295.4
2025-03-02 08:00:00,582.4
2025-03-02 09:00:00,824.3
2025-03-02 10:00:00,1004.6
2025-03-02 11:00:00,1111.03
2025-03-02 12:00:00,1136.32
2025-03-02 13:00:00,1078.8
2025-03-02 14:00:00,942.33
2025-03-02 15:00:00,736.25
2025-03-02 16:00:00,474.65
2025-03-02 17:00:00,175.82
2025-03-02 18:00:00,0.0
2025-03-02 19:00:00,0.0
2025-03-02 20:00:00,0.0
2025-03-02 21:00:00,0.0
2025-03-02 22:00:00,0.0
2025-03-02 23:00:00,0.0
2025-03-03 00:00:00,0.0
2025-03-03 01:00:00,0.0
2025-03-03 02:00:00,0.0
2025-03-03 03:00:00,0.0
2025-03-03 04:00:00,0.0
2025-03-03 05:00:00,0.0
2025-03-03 06:00:00,34.15
2025-03-03 07:00:00,300.83
2025-03-03 08:00:00,587.8
2025-03-03 09:00:00,829.6
2025-03-03 10:00:00,1009.72
2025-03-03 11:00:00,1115.93
2025-03-03 12:00:00,1140.93
2025-03-03 13:00:00,1083.07
2025-03-03 14:00:00,946.33
2025-03-03 15:00:00,739.97
2025-03-03 16:00:00,478.1
2025-03-03 17:00:00,179.32
2025-03-03 18:00:00,0.0
2025-03-03 19:00:00,0.0
2025-03-03 20:00:00,0.0
2025-03-03 21:00:00,0.0
2025-03-03 22:00:00,0.0
2025-03-03 23:00:00,0.0
2025-03-04 00:00:00,0.0
2025-03-04 01:00:00,0.0
2025-03-04 02:00:00,0.0
2025-03-04 03:00:00,0.0
2025-03-04 04:00:00,0.0
2025-03-04 05:00:00,0.0
2025-03-04 06:00:00,36.72
2025-03-04 07:00:00,306.33
2025-03-04 08:00:00,593.25
2025-03-04 09:00:00,834.9
2025-03-04 10:00:00,1014.83
2025-03-04 11:00:00,1120.78
2025-03-04 12:00:00,1145.5
2025-03-04 13:00:00,1087.32
2025-03-04 14:00:00,950.28
2025-03-04 15:00:00,743.62
2025-03-04 16:00:00,481.52
2025-03-04 17:00:00,182.77
2025-03-04 18:00:00,0.0
2025-03-04 19:00:00,0.0
2025-03-04 20:00:00,0.0
2025-03-04 21:00:00,0.0
2025-03-04 22:00:00,0.0
2025-03-04 23:00:00,0.0
2025-03-05 00:00:00,0.0
2025-03-05 01:00:00,0.0
2025-03-05 02:00:00,0.0
2025-03-05 03:00:00,0.0
2025-03-05 04:00:00,0.0
2025-03-05 05:00:00,0.0
2025-03-05 06:00:00,39.42
2025-03-05 07:00:00,311.83
2025-03-05 08:00:00,598.7
2025-03-05 09:00:00,840.2
2025-03-05 10:00:00,1019.92
2025-03-05 11:00:00,1125.57
2025-03-05 12:00:00,1150.0
2025-03-05 13:00:00,1091.53
2025-03-05 14:00:00,954.15
2025-03-05 15:00:00,747.25
2025-03-05 16:00:00,484.9
2025-03-05 17:00:00,186.25
2025-03-05 18:00:00,0.0
2025-03-05 19:00:00,0.0
2025-03-05 20:00:00,0.0
2025-03-05 21:00:00,0.0
2025-03-05 22:00:00,0.0
2025-03-05 23:00:00,0.0
2025-03-06 00:00:00,0.0
2025-03-06 01:00:00,0.0
2025-03-06 02:00:00,0.0
2025-03-06 03:00:00,0.0
2025-03-06 04:00:00,0.0
2025-03-06 05:00:00,0.0
2025-03-06 06:00:00,42.25
2025-03-06 07:00:00,317.38
2025-03-06 08:00:00,604.15
2025-03-06 09:00:00,845.5
2025-03-06 10:00:00,1025.0
2025-03-06 11:00:00,1130.38
2025-03-06 12:00:00,1154.47
2025-03-06 13:00:00,1095.68
2025-03-06 14:00:00,957.97
2025-03-06 15:00:00,750.8
2025-03-06 16:00:00,488.23
2025-03-06 17:00:00,189.7
2025-03-06 18:00:00,0.0
2025-03-06 19:00:00,0.0
2025-03-06 20:00:00,0.0
2025-03-06 21:00:00,0.0
2025-03-06 22:00:00,0.0
2025-03-06 23:00:00,0.0
2025-03-07 00:00:00,0.0
2025-03-07 01:00:00,0.0
2025-03-07 02:00:00,0.0
2025-03-07 03:00:00,0.0
2025-03-07 04:00:00,0.0
2025-03-07 05:00:00,0.0
2025-03-07 06:00:00,45.17
2025-03-07 07:00:00,322.95
2025-03-07 08:00:00,609.6
2025-03-07 09:00:00,850.78
2025-03-07 10:00:00,1030.0
2025-03-07 11:00:00,1135.07
2025-03-07 12:00:00,1158.88
2025-03-07 13:00:00,1099.72
2025-03-07 14:00:00,961.72
2025-03-07 15:00:00,754.28
2025-03-07 16:00:00,491.5
2025-03-07 17:00:00,193.15
2025-03-07 18:00:00,0.0
2025-03-07 19:00:00,0.0
2025-03-07 20:00:00,0.0
2025-03-07 21:00:00,0.0
2025-03-07 22:00:00,0.0
2025-03-07 23:00:00,0.0
2025-03-08 00:00:00,0.0
2025-03-08 01:00:00,0.0
2025-03-08 02:00:00,0.0
2025-03-08 03:00:00,0.0
2025-03-08 04:00:00,0.0
2025-03-08 05:00:00,0.0
2025-03-08 06:00:00,48.22
2025-03-08 07:00:00,328.55
2025-03-08 08:00:00,615.08
2025-03-08 09:00:00,856.03
2025-03-08 10:00:00,1034.97
2025-03-08 11:00:00,1139.75
2025-03-08 12:00:00,1163.2
2025-03-08 13:00:00,1103.72
2025-03-08 14:00:00,965.4
2025-03-08 15:00:00,757.67
2025-03-08 16:00:00,494.73
2025-03-08 17:00:00,196.6
2025-03-08 18:00:00,0.0
2025-03-08 19:00:00,0.0
2025-03-08 20:00:00,0.0
2025-03-08 21:00:00,0.0
2025-03-08 22:00:00,0.0
2025-03-08 23:00:00,0.0
2025-03-09 00:00:00,0.0
2025-03-09 01:00:00,0.0
2025-03-09 02:00:00,0.0
2025-03-09 03:00:00,0.0
2025-03-09 04:00:00,0.0
2025-03-09 05:00:00,0.0
2025-03-09 06:00:00,51.42
2025-03-09 07:00:00,334.17
2025-03-09 08:00:00,620.58
2025-03-09 09:00:00,861.3
2025-03-09 10:00:00,1039.97
2025-03-09 11:00:00,1144.43
2025-03-09 12:00:00,1167.53
2025-03-09 13:00:00,1107.72
2025-03-09 14:00:00,969.08
2025-03-09 15:00:00,761.1
2025-03-09 16:00:00,497.92
2025-03-09 17:00:00,200.02
2025-03-09 18:00:00,0.0
2025-03-09 19:00:00,0.0
2025-03-09 20:00:00,0.0
2025-03-09 21:00:00,0.0
2025-03-09 22:00:00,0.0
2025-03-09 23:00:00,0.0
2025-03-10 00:00:00,0.0
2025-03-10 01:00:00,0.0
2025-03-10 02:00:00,0.0
2025-03-10 03:00:00,0.0
2025-03-10 04:00:00,0.0
2025-03-10 05:00:00,0.0
2025-03-10 06:00:00,54.7
2025-03-10 07:00:00,339.83
2025-03-10 08:00:00,626.08
2025-03-10 09:00:00,866.6
2025-03-10 10:00:00,1044.97
2025-03-10 11:00:00,1149.1
2025-03-10 12:00:00,1171.85
2025-03-10 13:00:00,1111.68
2025-03-10 14:00:00,972.72
2025-03-10 15:00:00,764.45
2025-03-10 16:00:00,501.08
2025-03-10 17:00:00,203.48
2025-03-10 18:00:00,0.0
2025-03-10 19:00:00,0.0
2025-03-10 20:00:00,0.0
2025-03-10 21:00:00,0.0
2025-03-10 22:00:00,0.0
2025-03-10 23:00:00,0.0
2025-03-11 00:00:00,0.0
2025-03-11 01:00:00,0.0
2025-03-11 02:00:00,0.0
2025-03-11 03:00:00,0.0
2025-03-11 04:00:00,0.0
2025-03-11 05:00:00,0.0
2025-03-11 06:00:00,58.12
2025-03-11 07:00:00,345.5
2025-03-11 08:00:00,631.6
2025-03-11 09:00:00,871.88
2025-03-11 10:00:00,1049.95
2025-03-11 11:00:00,1153.72
2025-03-11 12:00:00,1176.1
2025-03-11 13:00:00,1115.57
2025-03-11 14:00:00,976.3
2025-03-11 15:00:00,767.78
2025-03-11 16:00:00,504.2
2025-03-11 17:00:00,206.9
2025-03-11 18:00:00,0.0
2025-03-11 19:00:00,0.0
2025-03-11 20:00:00,0.0
2025-03-11 21:00:00,0.0
2025-03-11 22:00:00,0.0
2025-03-11 23:00:00,0.0
2025-03-12 00:00:00,0.0
2025-03-12 01:00:00,0.0
2025-03-12 02:00:00,0.0
2025-03-12 03:00:00,0.0
2025-03-12 04:00:00,0.0
2025-03-12 05:00:00,0.0
2025-03-12 06:00:00,61.67
2025-03-12 07:00:00,351.17
2025-03-12 08:00:00,637.08
2025-03-12 09:00:00,877.08
2025-03-12 10:00:00,1054.82
2025-03-12 11:00:00,1158.25
2025-03-12 12:00:00,1180.25
2025-03-12 13:00:00,1119.38
2025-03-12 14:00:00,979.78
2025-03-12 15:00:00,771.0
2025-03-12 16:00:00,507.25
2025-03-12 17:00:00,210.3
2025-03-12 18:00:00,0.0
2025-03-12 19:00:00,0.0
2025-03-12 20:00:00,0.0
2025-03-12 21:00:00,0.0
2025-03-12 22:00:00,0.0
2025-03-12 23:00:00,0.0
2025-03-13 00:00:00,0.0
2025-03-13 01:00:00,0.0
2025-03-13 02:00:00,0.0
2025-03-13 03:00:00,0.0
2025-03-13 04:00:00,0.0
2025-03-13 05:00:00,0.0
2025-03-13 06:00:00,65.32
2025-03-13 07:00:00,356.85
2025-03-13 08:00:00,642.53
2025-03-13 09:00:00,882.25
2025-03-13 10:00:00,1059.65
2025-03-13 11:00:00,1162.68
2025-03-13 12:00:00,1184.32
2025-03-13 13:00:00,1123.1
2025-03-13 14:00:00,983.17
2025-03-13 15:00:00,774.15
2025-03-13 16:00:00,510.25
2025-03-13 17:00:00,213.7
2025-03-13 18:00:00,0.0
2025-03-13 19:00:00,0.0
2025-03-13 20:00:00,0.0
2025-03-13 21:00:00,0.0
2025-03-13 22:00:00,0.0
2025-03-13 23:00:00,0.0
2025-03-14 00:00:00,0.0
2025-03-14 01:00:00,0.0
2025-03-14 02:00:00,0.0
2025-03-14 03:00:00,0.0
2025-03-14 04:00:00,0.0
2025-03-14 05:00:00,0.0
2025-03-14 06:00:00,69.1
2025-03-14 07:00:00,362.55
2025-03-14 08:00:00,648.0
2025-03-14 09:00:00,887.42
2025-03-14 10:00:00,1064.5
2025-03-14 11:00:00,1167.15
2025-03-14 12:00:00,1188.38
2025-03-14 13:00:00,1126.8
2025-03-14 14:00:00,986.58
2025-03-14 15:00:00,777.28
2025-03-14 16:00:00,513.22
2025-03-14 17:00:00,217.1
2025-03-14 18:00:00,0.0
2025-03-14 19:00:00,0.0
2025-03-14 20:00:00,0.0
2025-03-14 21:00:00,0.0
2025-03-14 22:00:00,0.0
2025-03-14 23:00:00,0.0
2025-03-15 00:00:00,0.0
2025-03-15 01:00:00,0.0
2025-03-15 02:00:00,0.0
2025-03-15 03:00:00,0.0
2025-03-15 04:00:00,0.0
2025-03-15 05:00:00,0.0
2025-03-15 06:00:00,73.0
2025-03-15 07:00:00,368.25
2025-03-15 08:00:00,653.47
2025-03-15 09:00:00,892.58
2025-03-15 10:00:00,1069.28
2025-03-15 11:00:00,1171.53
2025-03-15 12:00:00,1192.4
2025-03-15 13:00:00,1130.43
2025-03-15 14:00:00,989.9
2025-03-15 15:00:00,780.38
2025-03-15 16:00:00,516.15
2025-03-15 17:00:00,220.48
2025-03-15 18:00:00,0.0
2025-03-15 19:00:00,0.0
2025-03-15 20:00:00,0.0
2025-03-15 21:00:00,0.0
2025-03-15 22:00:00,0.0
2025-03-15 23:00:00,0.0
2025-03-16 00:00:00,0.0
2025-03-16 01:00:00,0.0
2025-03-16 02:00:00,0.0
2025-03-16 03:00:00,0.0
2025-03-16 04:00:00,0.0
2025-03-16 05:00:00,0.0
2025-03-16 06:00:00,77.0
2025-03-16 07:00:00,373.95
2025-03-16 08:00:00,658.92
2025-03-16 09:00:00,897.7
2025-03-16 10:00:00,1074.03
2025-03-16 11:00:00,1175.88
2025-03-16 12:00:00,1196.32
2025-03-16 13:00:00,1134.0
2025-03-16 14:00:00,993.15
2025-03-16 15:00:00,783.4
2025-03-16 16:00:00,519.03
2025-03-16 17:00:00,223.85
2025-03-16 18:00:00,0.0
2025-03-16 19:00:00,0.0
2025-03-16 20:00:00,0.0
2025-03-16 21:00:00,0.0
2025-03-16 22:00:00,0.0
2025-03-16 23:00:00,0.0
2025-03-17 00:00:00,0.0
2025-03-17 01:00:00,0.0
2025-03-17 02:00:00,0.0
2025-03-17 03:00:00,0.0
2025-03-17 04:00:00,0.0
2025-03-17 05:00:00,0.0
2025-03-17 06:00:00,81.12
2025-03-17 07:00:00,379.58
2025-03-17 08:00:00,664.25
2025-03-17 09:00:00,902.65
2025-03-17 10:00:00,1078.55
2025-03-17 11:00:00,1179.97
2025-03-17 12:00:00,1200.03
2025-03-17 13:00:00,1137.35
2025-03-17 14:00:00,996.2
2025-03-17 15:00:00,786.25
2025-03-17 16:00:00,521.8
2025-03-17 17:00:00,227.2
2025-03-17 18:00:00,0.0
2025-03-17 19:00:00,0.0
2025-03-17 20:00:00,0.0
2025-03-17 21:00:00,0.0
2025-03-17 22:00:00,0.0
2025-03-17 23:00:00,0.0
2025-03-18 00:00:00,0.0
2025-03-18 01:00:00,0.0
2025-03-18 02:00:00,0.0
2025-03-18 03:00:00,0.0
2025-03-18 04:00:00,0.0
2025-03-18 05:00:00,0.0
2025-03-18 06:00:00,85.35
2025-03-18 07:00:00,385.3
2025-03-18 08:00:00,669.67
2025-03-18 09:00:00,907.72
2025-03-18 10:00:00,1083.25
2025-03-18 11:00:00,1184.25
2025-03-18 12:00:00,1203.9
2025-03-18 13:00:00,1140.82
2025-03-18 14:00:00,999.38
2025-03-18 15:00:00,789.2
2025-03-18 16:00:00,524.62
2025-03-18 17:00:00,230.57
2025-03-18 18:00:00,0.0
2025-03-18 19:00:00,0.0
2025-03-18 20:00:00,0.0
2025-03-18 21:00:00,0.0
2025-03-18 22:00:00,0.0
2025-03-18 23:00:00,0.0
2025-03-19 00:00:00,0.0
2025-03-19 01:00:00,0.0
2025-03-19 02:00:00,0.0
2025-03-19 03:00:00,0.0
2025-03-19 04:00:00,0.0
2025-03-19 05:00:00,0.0
2025-03-19 06:00:00,89.72
2025-03-19 07:00:00,390.98
2025-03-19 08:00:00,675.08
2025-03-19 09:00:00,912.78
2025-03-19 10:00:00,1087.88
2025-03-19 11:00:00,1188.47
2025-03-19 12:00:00,1207.7
2025-03-19 13:00:00,1144.25
2025-03-19 14:00:00,1002.5
2025-03-19 15:00:00,792.1
2025-03-19 16:00:00,527.4
2025-03-19 17:00:00,233.93
2025-03-19 18:00:00,0.0
2025-03-19 19:00:00,0.0
2025-03-19 20:00:00,0.0
2025-03-19 21:00:00,0.0
2025-03-19 22:00:00,0.0
2025-03-19 23:00:00,0.0
2025-03-20 00:00:00,0.0
2025-03-20 01:00:00,0.0
2025-03-20 02:00:00,0.0
2025-03-20 03:00:00,0.0
2025-03-20 04:00:00,0.0
2025-03-20 05:00:00,0.0
2025-03-20 06:00:00,94.18
2025-03-20 07:00:00,396.62
2025-03-20 08:00:00,680.4
2025-03-20 09:00:00,917.72
2025-03-20 10:00:00,1092.4
2025-03-20 11:00:00,1192.55
2025-03-20 12:00:00,1211.35
2025-03-20 13:00:00,1147.55
2025-03-20 14:00:00,1005.5
2025-03-20 15:00:00,794.9
2025-03-20 16:00:00,530.1
2025-03-20 17:00:00,237.27
2025-03-20 18:00:00,0.0
2025-03-20 19:00:00,0.0
2025-03-20 20:00:00,0.0
2025-03-20 21:00:00,0.0
2025-03-20 22:00:00,0.0
2025-03-20 23:00:00,0.0
2025-03-21 00:00:00,0.0
2025-03-21 01:00:00,0.0
2025-03-21 02:00:00,0.0
2025-03-21 03:00:00,0.0
2025-03-21 04:00:00,0.0
2025-03-21 05:00:00,0.0
2025-03-21 06:00:00,98.75
2025-03-21 07:00:00,402.27
2025-03-21 08:00:00,685.72
2025-03-21 09:00:00,922.65
2025-03-21 10:00:00,1096.88
2025-03-21 11:00:00,1196.6
2025-03-21 12:00:00,1214.97
2025-03-21 13:00:00,1150.8
2025-03-21 14:00:00,1008.45
2025-03-21 15:00:00,797.65
2025-03-21 16:00:00,532.78
2025-03-21 17:00:00,240.62
2025-03-21 18:00:00,0.0
2025-03-21 19:00:00,0.0
2025-03-21 20:00:00,0.0
2025-03-21 21:00:00,0.0
2025-03-21 22:00:00,0.0
2025-03-21 23:00:00,0.0
2025-03-22 00:00:00,0.0
2025-03-22 01:00:00,0.0
2025-03-22 02:00:00,0.0
2025-03-22 03:00:00,0.0
2025-03-22 04:00:00,0.0
2025-03-22 05:00:00,0.0
2025-03-22 06:00:00,103.43
2025-03-22 07:00:00,407.88
2025-03-22 08:00:00,690.95
2025-03-22 09:00:00,927.45
2025-03-22 10:00:00,1101.22
2025-03-22 11:00:00,1200.47
2025-03-22 12:00:00,1218.43
2025-03-22 13:00:00,1153.9
2025-03-22 14:00:00,1011.28
2025-03-22 15:00:00,800.3
2025-03-22 16:00:00,535.38
2025-03-22 17:00:00,243.95
2025-03-22 18:00:00,0.0
2025-03-22 19:00:00,0.0
2025-03-22 20:00:00,0.0
2025-03-22 21:00:00,0.0
2025-03-22 22:00:00,0.0
2025-03-22 23:00:00,0.0
2025-03-23 00:00:00,0.0
2025-03-23 01:00:00,0.0
2025-03-23 02:00:00,0.0
2025-03-23 03:00:00,0.0
2025-03-23 04:00:00,0.0
2025-03-23 05:00:00,0.0
2025-03-23 06:00:00,108.2
2025-03-23 07:00:00,413.48
2025-03-23 08:00:00,696.2
2025-03-23 09:00:00,932.25
2025-03-23 10:00:00,1105.6
2025-03-23 11:00:00,1204.38
2025-03-23 12:00:00,1221.93
2025-03-23 13:00:00,1157.03
2025-03-23 14:00:00,1014.1
2025-03-23 15:00:00,802.95
2025-03-23 16:00:00,537.95
2025-03-23 17:00:00,247.27
2025-03-23 18:00:00,0.0
2025-03-23 19:00:00,0.0
2025-03-23 20:00:00,0.0
2025-03-23 21:00:00,0.0
2025-03-23 22:00:00,0.0
2025-03-23 23:00:00,0.0
2025-03-24 00:00:00,0.0
2025-03-24 01:00:00,0.0
2025-03-24 02:00:00,0.0
2025-03-24 03:00:00,0.0
2025-03-24 04:00:00,0.0
2025-03-24 05:00:00,0.0
2025-03-24 06:00:00,113.1
2025-03-24 07:00:00,419.08
2025-03-24 08:00:00,701.42
2025-03-24 09:00:00,937.08
2025-03-24 10:00:00,1109.95
2025-03-24 11:00:00,1208.28
2025-03-24 12:00:00,1225.4
2025-03-24 13:00:00,1160.12
2025-03-24 14:00:00,1016.92
2025-03-24 15:00:00,805.6
2025-03-24 16:00:00,540.55
2025-03-24 17:00:00,250.62
2025-03-24 18:00:00,0.0
2025-03-24 19:00:00,0.0
2025-03-24 20:00:00,0.0
2025-03-24 21:00:00,0.0
2025-03-24 22:00:00,0.0
2025-03-24 23:00:00,0.0
2025-03-25 00:00:00,0.0
2025-03-25 01:00:00,0.0
2025-03-25 02:00:00,0.0
2025-03-25 03:00:00,0.0
2025-03-25 04:00:00,0.0
2025-03-25 05:00:00,0.0
2025-03-25 06:00:00,118.07
2025-03-25 07:00:00,424.6
2025-03-25 08:00:00,706.58
2025-03-25 09:00:00,941.75
2025-03-25 10:00:00,1114.15
2025-03-25 11:00:00,1212.03
2025-03-25 12:00:00,1228.7
2025-03-25 13:00:00,1163.05
2025-03-25 14:00:00,1019.6
2025-03-25 15:00:00,808.12
2025-03-25 16:00:00,543.05
2025-03-25 17:00:00,253.93
2025-03-25 18:00:00,0.0
2025-03-25 19:00:00,0.0
2025-03-25 20:00:00,0.0
2025-03-25 21:00:00,0.0
2025-03-25 22:00:00,0.0
2025-03-25 23:00:00,0.0
2025-03-26 00:00:00,0.0
2025-03-26 01:00:00,0.0
2025-03-26 02:00:00,0.0
2025-03-26 03:00:00,0.0
2025-03-26 04:00:00,0.0
2025-03-26 05:00:00,0.0
2025-03-26 06:00:00,123.12
2025-03-26 07:00:00,430.05
2025-03-26 08:00:00,711.55
2025-03-26 09:00:00,946.22
2025-03-26 10:00:00,1118.12
2025-03-26 11:00:00,1215.5
2025-03-26 12:00:00,1231.75
2025-03-26 13:00:00,1165.75
2025-03-26 14:00:00,1022.08
2025-03-26 15:00:00,810.47
2025-03-26 16:00:00,545.42
2025-03-26 17:00:00,257.2
2025-03-26 18:00:00,0.0
2025-03-26 19:00:00,0.0
2025-03-26 20:00:00,0.0
2025-03-26 21:00:00,0.0
2025-03-26 22:00:00,0.0
2025-03-26 23:00:00,0.0
2025-03-27 00:00:00,0.0
2025-03-27 01:00:00,0.0
2025-03-27 02:00:00,0.0
2025-03-27 03:00:00,0.0
2025-03-27 04:00:00,0.0
2025-03-27 05:00:00,0.0
2025-03-27 06:00:00,128.27
2025-03-27 07:00:00,435.45
2025-03-27 08:00:00,716.47
2025-03-27 09:00:00,950.65
2025-03-27 10:00:00,1122.03
2025-03-27 11:00:00,1218.9
2025-03-27 12:00:00,1234.7
2025-03-27 13:00:00,1168.38
2025-03-27 14:00:00,1024.47
2025-03-27 15:00:00,812.78
2025-03-27 16:00:00,547.75
2025-03-27 17:00:00,260.48
2025-03-27 18:00:00,0.0
2025-03-27 19:00:00,0.0
2025-03-27 20:00:00,0.0
2025-03-27 21:00:00,0.0
2025-03-27 22:00:00,0.0
2025-03-27 23:00:00,0.0
2025-03-28 00:00:00,0.0
2025-03-28 01:00:00,0.0
2025-03-28 02:00:00,0.0
2025-03-28 03:00:00,0.0
2025-03-28 04:00:00,0.0
2025-03-28 05:00:00,0.0
2025-03-28 06:00:00,133.52
2025-03-28 07:00:00,440.85
2025-03-28 08:00:00,721.4
2025-03-28 09:00:00,955.08
2025-03-28 10:00:00,1125.93
2025-03-28 11:00:00,1222.3
2025-03-28 12:00:00,1237.7
2025-03-28 13:00:00,1171.03
2025-03-28 14:00:00,1026.88
2025-03-28 15:00:00,815.08
2025-03-28 16:00:00,550.1
2025-03-28 17:00:00,250.0
2025-03-28 18:00:00,13.75
2025-03-28 19:00:00,0.0
2025-03-28 20:00:00,0.0
2025-03-28 21:00:00,0.0
2025-03-28 22:00:00,0.0
2025-03-28 23:00:00,0.0
2025-03-29 00:00:00,0.0
2025-03-29 01:00:00,0.0
2025-03-29 02:00:00,0.0
2025-03-29 03:00:00,0.0
2025-03-29 04:00:00,0.0
2025-03-29 05:00:00,0.0
2025-03-29 06:00:00,138.85
2025-03-29 07:00:00,446.2
2025-03-29 08:00:00,726.3
2025-03-29 09:00:00,959.45
2025-03-29 10:00:00,1129.78
2025-03-29 11:00:00,1225.68
2025-03-29 12:00:00,1240.62
2025-03-29 13:00:00,1173.6
2025-03-29 14:00:00,1029.22
2025-03-29 15:00:00,817.35
2025-03-29 16:00:00,552.4
2025-03-29 17:00:00,252.48
2025-03-29 18:00:00,14.55
2025-03-29 19:00:00,0.0
2025-03-29 20:00:00,0.0
2025-03-29 21:00:00,0.0
2025-03-29 22:00:00,0.0
2025-03-29 23:00:00,0.0
2025-03-30 00:00:00,0.0
2025-03-30 01:00:00,0.0
2025-03-30 02:00:00,0.0
2025-03-30 03:00:00,0.0
2025-03-30 04:00:00,0.0
2025-03-30 05:00:00,0.0
2025-03-30 06:00:00,144.23
2025-03-30 07:00:00,451.45
2025-03-30 08:00:00,731.03
2025-03-30 09:00:00,963.62
2025-03-30 10:00:00,1133.4
2025-03-30 11:00:00,1228.8
2025-03-30 12:00:00,1243.3
2025-03-30 13:00:00,1175.97
2025-03-30 14:00:00,1031.4
2025-03-30 15:00:00,819.45
2025-03-30 16:00:00,554.6
2025-03-30 17:00:00,254.93
2025-03-30 18:00:00,15.35
2025-03-30 19:00:00,0.0
2025-03-30 20:00:00,0.0
2025-03-30 21:00:00,0.0
2025-03-30 22:00:00,0.0
2025-03-30 23:00:00,0.0
2025-03-31 00:00:00,0.0
2025-03-31 01:00:00,0.0
2025-03-31 02:00:00,0.0
2025-03-31 03:00:00,0.0
2025-03-31 04:00:00,0.0
2025-03-31 05:00:00,0.0
2025-03-31 06:00:00,149.7
2025-03-31 07:00:00,456.65
2025-03-31 08:00:00,735.72
2025-03-31 09:00:00,967.75
2025-03-31 10:00:00,1136.97
2025-03-31 11:00:00,1231.88
2025-03-31 12:00:00,1245.95
2025-03-31 13:00:00,1178.3
2025-03-31 14:00:00,1033.53
2025-03-31 15:00:00,821.55
2025-03-31 16:00:00,556.78
2025-03-31 17:00:00,257.33
2025-03-31 18:00:00,16.2
2025-03-31 19:00:00,0.0
2025-03-31 20:00:00,0.0
2025-03-31 21:00:00,0.0
2025-03-31 22:00:00,0.0
2025-03-31 23:00:00,0.0
2025-04-01 00:00:00,0.0
2025-04-01 01:00:00,0.0
2025-04-01 02:00:00,0.0
2025-04-01 03:00:00,0.0
2025-04-01 04:00:00,0.0
2025-04-01 05:00:00,0.0
2025-04-01 06:00:00,155.23
2025-04-01 07:00:00,461.8
2025-04-01 08:00:00,740.3
2025-04-01 09:00:00,971.78
2025-04-01 10:00:00,1140.43
2025-04-01 11:00:00,1234.8
2025-04-01 12:00:00,1248.45
2025-04-01 13:00:00,1180.5
2025-04-01 14:00:00,1035.55
2025-04-01 15:00:00,823.53
2025-04-01 16:00:00,558.9
2025-04-01 17:00:00,259.73
2025-04-01 18:00:00,17.05
2025-04-01 19:00:00,0.0
2025-04-01 20:00:00,0.0
2025-04-01 21:00:00,0.0
2025-04-01 22:00:00,0.0
2025-04-01 23:00:00,0.0
2025-04-02 00:00:00,0.0
2025-04-02 01:00:00,0.0
2025-04-02 02:00:00,0.0
2025-04-02 03:00:00,0.0
2025-04-02 04:00:00,0.0
2025-04-02 05:00:00,0.0
2025-04-02 06:00:00,160.82
2025-04-02 07:00:00,466.9
2025-04-02 08:00:00,744.88
2025-04-02 09:00:00,975.78
2025-04-02 10:00:00,1143.88
2025-04-02 11:00:00,1237.75
2025-04-02 12:00:00,1250.97
2025-04-02 13:00:00,1182.7
2025-04-02 14:00:00,1037.6
2025-04-02 15:00:00,825.55
2025-04-02 16:00:00,561.03
2025-04-02 17:00:00,262.1
2025-04-02 18:00:00,17.92
2025-04-02 19:00:00,0.0
2025-04-02 20:00:00,0.0
2025-04-02 21:00:00,0.0
2025-04-02 22:00:00,0.0
2025-04-02 23:00:00,0.0
2025-04-03 00:00:00,0.0
2025-04-03 01:00:00,0.0
2025-04-03 02:00:00,0.0
2025-04-03 03:00:00,0.0
2025-04-03 04:00:00,0.0
2025-04-03 05:00:00,0.0
2025-04-03 06:00:00,166.5
2025-04-03 07:00:00,471.98
2025-04-03 08:00:00,749.38
2025-04-03 09:00:00,979.7
2025-04-03 10:00:00,1147.25
2025-04-03 11:00:00,1240.6
2025-04-03 12:00:00,1253.43
2025-04-03 13:00:00,1184.85
2025-04-03 14:00:00,1039.55
2025-04-03 15:00:00,827.5
2025-04-03 16:00:00,563.12
2025-04-03 17:00:00,264.48
2025-04-03 18:00:00,18.83
2025-04-03 19:00:00,0.0
2025-04-03 20:00:00,0.0
2025-04-03 21:00:00,0.0
2025-04-03 22:00:00,0.0
2025-04-03 23:00:00,0.0
2025-04-04 00:00:00,0.0
2025-04-04 01:00:00,0.0
2025-04-04 02:00:00,0.0
2025-04-04 03:00:00,0.0
2025-04-04 04:00:00,0.0
2025-04-04 05:00:00,0.0
2025-04-04 06:00:00,172.23
2025-04-04 07:00:00,477.05
2025-04-04 08:00:00,753.95
2025-04-04 09:00:00,983.72
2025-04-04 10:00:00,1150.72
2025-04-04 11:00:00,1243.6
2025-04-04 12:00:00,1256.0
2025-04-04 13:00:00,1187.1
2025-04-04 14:00:00,1041.65
2025-04-04 15:00:00,829.55
2025-04-04 16:00:00,565.28
2025-04-04 17:00:00,266.85
2025-04-04 18:00:00,19.73
2025-04-04 19:00:00,0.0
2025-04-04 20:00:00,0.0
2025-04-04 21:00:00,0.0
2025-04-04 22:00:00,0.0
2025-04-04 23:00:00,0.0
2025-04-05 00:00:00,0.0
2025-04-05 01:00:00,0.0
2025-04-05 02:00:00,0.0
2025-04-05 03:00:00,0.0
2025-04-05 04:00:00,0.0
2025-04-05 05:00:00,0.0
2025-04-05 06:00:00,178.05
2025-04-05 07:00:00,482.1
2025-04-05 08:00:00,758.5
2025-04-05 09:00:00,987.75
2025-04-05 10:00:00,1154.22
2025-04-05 11:00:00,1246.6
2025-04-05 12:00:00,1258.6
2025-04-05 13:00:00,1189.4
2025-04-05 14:00:00,1043.75
2025-04-05 15:00:00,831.6
2025-04-05 16:00:00,567.42
2025-04-05 17:00:00,269.25
2025-04-05 18:00:00,20.67
2025-04-05 19:00:00,0.0
2025-04-05 20:00:00,0.0
2025-04-05 21:00:00,0.0
2025-04-05 22:00:00,0.0
2025-04-05 23:00:00,0.0
2025-04-06 00:00:00,0.0
2025-04-06 01:00:00,0.0
2025-04-06 02:00:00,0.0
2025-04-06 03:00:00,0.0
2025-04-06 04:00:00,0.0
2025-04-06 05:00:00,0.0
2025-04-06 06:00:00,183.93
2025-04-06 07:00:00,487.1
2025-04-06 08:00:00,763.0
2025-04-06 09:00:00,991.72
2025-04-06 10:00:00,1157.68
2025-04-06 11:00:00,1249.57
2025-04-06 12:00:00,1261.15
2025-04-06 13:00:00,1191.65
2025-04-06 14:00:00,1045.85
2025-04-06 15:00:00,833.65
2025-04-06 16:00:00,569.6
2025-04-06 17:00:00,271.65
2025-04-06 18:00:00,21.62
2025-04-06 19:00:00,0.0
2025-04-06 20:00:00,0.0
2025-04-06 21:00:00,0.0
2025-04-06 22:00:00,0.0
2025-04-06 23:00:00,0.0
2025-04-07 00:00:00,0.0
2025-04-07 01:00:00,0.0
2025-04-07 02:00:00,0.0
2025-04-07 03:00:00,0.0
2025-04-07 04:00:00,0.0
2025-04-07 05:00:00,0.0
2025-04-07 06:00:00,189.85
2025-04-07 07:00:00,492.05
2025-04-07 08:00:00,767.42
2025-04-07 09:00:00,995.6
2025-04-07 10:00:00,1161.03
2025-04-07 11:00:00,1252.43
2025-04-07 12:00:00,1263.62
2025-04-07 13:00:00,1193.82
2025-04-07 14:00:00,1047.85
2025-04-07 15:00:00,835.65
2025-04-07 16:00:00,571.7
2025-04-07 17:00:00,274.02
2025-04-07 18:00:00,22.6
2025-04-07 19:00:00,0.0
2025-04-07 20:00:00,0.0
2025-04-07 21:00:00,0.0
2025-04-07 22:00:00,0.0
2025-04-07 23:00:00,0.0
2025-04-08 00:00:00,0.0
2025-04-08 01:00:00,0.0
2025-04-08 02:00:00,0.0
2025-04-08 03:00:00,0.0
2025-04-08 04:00:00,0.0
2025-04-08 05:00:00,0.0
2025-04-08 06:00:00,195.8
2025-04-08 07:00:00,496.92
2025-04-08 08:00:00,771.8
2025-04-08 09:00:00,999.42
2025-04-08 10:00:00,1164.32
2025-04-08 11:00:00,1255.25
2025-04-08 12:00:00,1266.05
2025-04-08 13:00:00,1196.0
2025-04-08 14:00:00,1049.85
2025-04-08 15:00:00,837.65
2025-04-08 16:00:00,573.83
2025-04-08 17:00:00,276.38
2025-04-08 18:00:00,23.62
2025-04-08 19:00:00,0.0
2025-04-08 20:00:00,0.0
2025-04-08 21:00:00,0.0
2025-04-08 22:00:00,0.0
2025-04-08 23:00:00,0.0
2025-04-09 00:00:00,0.0
2025-04-09 01:00:00,0.0
2025-04-09 02:00:00,0.0
2025-04-09 03:00:00,0.0
2025-04-09 04:00:00,0.0
2025-04-09 05:00:00,0.0
2025-04-09 06:00:00,201.8
2025-04-09 07:00:00,501.75
2025-04-09 08:00:00,776.1
2025-04-09 09:00:00,1003.17
2025-04-09 10:00:00,1167.55
2025-04-09 11:00:00,1258.03
2025-04-09 12:00:00,1268.43
2025-04-09 13:00:00,1198.1
2025-04-09 14:00:00,1051.8
2025-04-09 15:00:00,839.6
2025-04-09 16:00:00,575.9
2025-04-09 17:00:00,278.75
2025-04-09 18:00:00,24.65
2025-04-09 19:00:00,0.0
2025-04-09 20:00:00,0.0
2025-04-09 21:00:00,0.0
2025-04-09 22:00:00,0.0
2025-04-09 23:00:00,0.0
2025-04-10 00:00:00,0.0
2025-04-10 01:00:00,0.0
2025-04-10 02:00:00,0.0
2025-04-10 03:00:00,0.0
2025-04-10 04:00:00,0.0
2025-04-10 05:00:00,0.0
2025-04-10 06:00:00,207.8
2025-04-10 07:00:00,506.4
2025-04-10 08:00:00,780.15
2025-04-10 09:00:00,1006.65
2025-04-10 10:00:00,1170.47
2025-04-10 11:00:00,1260.45
2025-04-10 12:00:00,1270.47
2025-04-10 13:00:00,1199.88
2025-04-10 14:00:00,1053.5
2025-04-10 15:00:00,841.33
2025-04-10 16:00:00,577.85
2025-04-10 17:00:00,281.02
2025-04-10 18:00:00,25.67
2025-04-10 19:00:00,0.0
2025-04-10 20:00:00,0.0
2025-04-10 21:00:00,0.0
2025-04-10 22:00:00,0.0
2025-04-10 23:00:00,0.0
2025-04-11 00:00:00,0.0
2025-04-11 01:00:00,0.0
2025-04-11 02:00:00,0.0
2025-04-11 03:00:00,0.0
2025-04-11 04:00:00,0.0
2025-04-11 05:00:00,0.0
2025-04-11 06:00:00,213.8
2025-04-11 07:00:00,510.95
2025-04-11 08:00:00,784.1
2025-04-11 09:00:00,1010.0
2025-04-11 10:00:00,1173.25
2025-04-11 11:00:00,1262.72
2025-04-11 12:00:00,1272.38
2025-04-11 13:00:00,1201.55
2025-04-11 14:00:00,1055.07
2025-04-11 15:00:00,842.97
2025-04-11 16:00:00,579.72
2025-04-11 17:00:00,283.27
2025-04-11 18:00:00,26.75
2025-04-11 19:00:00,0.0
2025-04-11 20:00:00,0.0
2025-04-11 21:00:00,0.0
2025-04-11 22:00:00,0.0
2025-04-11 23:00:00,0.0
2025-04-12 00:00:00,0.0
2025-04-12 01:00:00,0.0
2025-04-12 02:00:00,0.0
2025-04-12 03:00:00,0.0
2025-04-12 04:00:00,0.0
2025-04-12 05:00:00,0.0
2025-04-12 06:00:00,219.82
2025-04-12 07:00:00,515.45
2025-04-12 08:00:00,788.0
2025-04-12 09:00:00,1013.28
2025-04-12 10:00:00,1175.95
2025-04-12 11:00:00,1264.95
2025-04-12 12:00:00,1274.22
2025-04-12 13:00:00,1203.18
2025-04-12 14:00:00,1056.62
2025-04-12 15:00:00,844.62
2025-04-12 16:00:00,581.6
2025-04-12 17:00:00,285.55
2025-04-12 18:00:00,27.83
2025-04-12 19:00:00,0.0
2025-04-12 20:00:00,0.0
2025-04-12 21:00:00,0.0
2025-04-12 22:00:00,0.0
2025-04-12 23:00:00,0.0
2025-04-13 00:00:00,0.0
2025-04-13 01:00:00,0.0
2025-04-13 02:00:00,0.0
2025-04-13 03:00:00,0.0
2025-04-13 04:00:00,0.0
2025-04-13 05:00:00,0.0
2025-04-13 06:00:00,225.88
2025-04-13 07:00:00,519.92
2025-04-13 08:00:00,791.9
2025-04-13 09:00:00,1016.6
2025-04-13 10:00:00,1178.75
2025-04-13 11:00:00,1267.3
2025-04-13 12:00:00,1276.2
2025-04-13 13:00:00,1204.93
2025-04-13 14:00:00,1058.3
2025-04-13 15:00:00,846.35
2025-04-13 16:00:00,583.55
2025-04-13 17:00:00,287.83
2025-04-13 18:00:00,28.95
2025-04-13 19:00:00,0.0
2025-04-13 20:00:00,0.0
2025-04-13 21:00:00,0.0
2025-04-13 22:00:00,0.0
2025-04-13 23:00:00,0.0
2025-04-14 00:00:00,0.0
2025-04-14 01:00:00,0.0
2025-04-14 02:00:00,0.0
2025-04-14 03:00:00,0.0
2025-04-14 04:00:00,0.0
2025-04-14 05:00:00,0.0
2025-04-14 06:00:00,231.95
2025-04-14 07:00:00,524.35
2025-04-14 08:00:00,795.75
2025-04-14 09:00:00,1019.88
2025-04-14 10:00:00,1181.47
2025-04-14 11:00:00,1269.57
2025-04-14 12:00:00,1278.12
2025-04-14 13:00:00,1206.62
2025-04-14 14:00:00,1059.93
2025-04-14 15:00:00,848.05
2025-04-14 16:00:00,585.47
2025-04-14 17:00:00,290.1
2025-04-14 18:00:00,30.08
2025-04-14 19:00:00,0.0
2025-04-14 20:00:00,0.0
2025-04-14 21:00:00,0.0
2025-04-14 22:00:00,0.0
2025-04-14 23:00:00,0.0
2025-04-15 00:00:00,0.0
2025-04-15 01:00:00,0.0
2025-04-15 02:00:00,0.0
2025-04-15 03:00:00,0.0
2025-04-15 04:00:00,0.0
2025-04-15 05:00:00,0.0
2025-04-15 06:00:00,238.02
2025-04-15 07:00:00,528.65
2025-04-15 08:00:00,799.45
2025-04-15 09:00:00,1023.0
2025-04-15 10:00:00,1184.05
2025-04-15 11:00:00,1271.68
2025-04-15 12:00:00,1279.9
2025-04-15 13:00:00,1208.18
2025-04-15 14:00:00,1061.43
2025-04-15 15:00:00,849.67
2025-04-15 16:00:00,587.35
2025-04-15 17:00:00,292.35
2025-04-15 18:00:00,31.23
2025-04-15 19:00:00,0.0
2025-04-15 20:00:00,0.0
2025-04-15 21:00:00,0.0
2025-04-15 22:00:00,0.0
2025-04-15 23:00:00,0.0
2025-04-16 00:00:00,0.0
2025-04-16 01:00:00,0.0
2025-04-16 02:00:00,0.0
2025-04-16 03:00:00,0.0
2025-04-16 04:00:00,0.0
2025-04-16 05:00:00,0.0
2025-04-16 06:00:00,244.07
2025-04-16 07:00:00,532.85
2025-04-16 08:00:00,803.05
2025-04-16 09:00:00,1026.0
2025-04-16 10:00:00,1186.5
2025-04-16 11:00:00,1273.68
2025-04-16 12:00:00,1281.57
2025-04-16 13:00:00,1209.65
2025-04-16 14:00:00,1062.88
2025-04-16 15:00:00,851.22
2025-04-16 16:00:00,589.17
2025-04-16 17:00:00,294.6
2025-04-16 18:00:00,32.4
2025-04-16 19:00:00,0.0
2025-04-16 20:00:00,0.0
2025-04-16 21:00:00,0.0
2025-04-16 22:00:00,0.0
2025-04-16 23:00:00,0.0
2025-04-17 00:00:00,0.0
2025-04-17 01:00:00,0.0
2025-04-17 02:00:00,0.0
2025-04-17 03:00:00,0.0
2025-04-17 04:00:00,0.0
2025-04-17 05:00:00,0.0
2025-04-17 06:00:00,250.1
2025-04-17 07:00:00,536.92
2025-04-17 08:00:00,806.47
2025-04-17 09:00:00,1028.8
2025-04-17 10:00:00,1188.78
2025-04-17 11:00:00,1275.47
2025-04-17 12:00:00,1283.03
2025-04-17 13:00:00,1210.95
2025-04-17 14:00:00,1064.15
2025-04-17 15:00:00,852.67
2025-04-17 16:00:00,590.92
2025-04-17 17:00:00,296.77
2025-04-17 18:00:00,33.6
2025-04-17 19:00:00,0.0
2025-04-17 20:00:00,0.0
2025-04-17 21:00:00,0.0
2025-04-17 22:00:00,0.0
2025-04-17 23:00:00,0.0
2025-04-18 00:00:00,0.0
2025-04-18 01:00:00,0.0
2025-04-18 02:00:00,0.0
2025-04-18 03:00:00,0.0
2025-04-18 04:00:00,0.0
2025-04-18 05:00:00,0.0
2025-04-18 06:00:00,256.1
2025-04-18 07:00:00,540.88
2025-04-18 08:00:00,809.8
2025-04-18 09:00:00,1031.5
2025-04-18 10:00:00,1190.9
2025-04-18 11:00:00,1277.15
2025-04-18 12:00:00,1284.4
2025-04-18 13:00:00,1212.15
2025-04-18 14:00:00,1065.38
2025-04-18 15:00:00,854.05
2025-04-18 16:00:00,592.65
2025-04-18 17:00:00,298.98
2025-04-18 18:00:00,34.83
2025-04-18 19:00:00,0.0
2025-04-18 20:00:00,0.0
2025-04-18 21:00:00,0.0
2025-04-18 22:00:00,0.0
2025-04-18 23:00:00,0.0
2025-04-19 00:00:00,0.0
2025-04-19 01:00:00,0.0
2025-04-19 02:00:00,0.0
2025-04-19 03:00:00,0.0
2025-04-19 04:00:00,0.0
2025-04-19 05:00:00,14.5
2025-04-19 06:00:00,247.62
2025-04-19 07:00:00,544.83
2025-04-19 08:00:00,813.12
2025-04-19 09:00:00,1034.22
2025-04-19 10:00:00,1193.1
2025-04-19 11:00:00,1278.93
2025-04-19 12:00:00,1285.85
2025-04-19 13:00:00,1213.45
2025-04-19 14:00:00,1066.68
2025-04-19 15:00:00,855.53
2025-04-19 16:00:00,594.42
2025-04-19 17:00:00,301.17
2025-04-19 18:00:00,36.08
2025-04-19 19:00:00,0.0
2025-04-19 20:00:00,0.0
2025-04-19 21:00:00,0.0
2025-04-19 22:00:00,0.0
2025-04-19 23:00:00,0.0
2025-04-20 00:00:00,0.0
2025-04-20 01:00:00,0.0
2025-04-20 02:00:00,0.0
2025-04-20 03:00:00,0.0
2025-04-20 04:00:00,0.0
2025-04-20 05:00:00,16.0
2025-04-20 06:00:00,252.12
2025-04-20 07:00:00,548.78
2025-04-20 08:00:00,816.47
2025-04-20 09:00:00,1037.03
2025-04-20 10:00:00,1195.4
2025-04-20 11:00:00,1280.8
2025-04-20 12:00:00,1287.45
2025-04-20 13:00:00,1214.88
2025-04-20 14:00:00,1068.1
2025-04-20 15:00:00,857.08
2025-04-20 16:00:00,596.25
2025-04-20 17:00:00,303.42
2025-04-20 18:00:00,37.35
2025-04-20 19:00:00,0.0
2025-04-20 20:00:00,0.0
2025-04-20 21:00:00,0.0
2025-04-20 22:00:00,0.0
2025-04-20 23:00:00,0.0
2025-04-21 00:00:00,0.0
2025-04-21 01:00:00,0.0
2025-04-21 02:00:00,0.0
2025-04-21 03:00:00,0.0
2025-04-21 04:00:00,0.0
2025-04-21 05:00:00,17.6
2025-04-21 06:00:00,256.52
2025-04-21 07:00:00,552.6
2025-04-21 08:00:00,819.72
2025-04-21 09:00:00,1039.7
2025-04-21 10:00:00,1197.57
2025-04-21 11:00:00,1282.57
2025-04-21 12:00:00,1288.93
2025-04-21 13:00:00,1216.22
2025-04-21 14:00:00,1069.43
2025-04-21 15:00:00,858.58
2025-04-21 16:00:00,598.08
2025-04-21 17:00:00,305.65
2025-04-21 18:00:00,38.65
2025-04-21 19:00:00,0.0
2025-04-21 20:00:00,0.0
2025-04-21 21:00:00,0.0
2025-04-21 22:00:00,0.0
2025-04-21 23:00:00,0.0
2025-04-22 00:00:00,0.0
2025-04-22 01:00:00,0.0
2025-04-22 02:00:00,0.0
2025-04-22 03:00:00,0.0
2025-04-22 04:00:00,0.0
2025-04-22 05:00:00,19.2
2025-04-22 06:00:00,260.8
2025-04-22 07:00:00,556.28
2025-04-22 08:00:00,822.8
2025-04-22 09:00:00,1042.2
2025-04-22 10:00:00,1199.55
2025-04-22 11:00:00,1284.12
2025-04-22 12:00:00,1290.2
2025-04-22 13:00:00,1217.38
2025-04-22 14:00:00,1070.62
2025-04-22 15:00:00,859.97
2025-04-22 16:00:00,599.8
2025-04-22 17:00:00,307.85
2025-04-22 18:00:00,39.97
2025-04-22 19:00:00,0.0
2025-04-22 20:00:00,0.0
2025-04-22 21:00:00,0.0
2025-04-22 22:00:00,0.0
2025-04-22 23:00:00,0.0
2025-04-23 00:00:00,0.0
2025-04-23 01:00:00,0.0
2025-04-23 02:00:00,0.0
2025-04-23 03:00:00,0.0
2025-04-23 04:00:00,0.0
2025-04-23 05:00:00,20.88
2025-04-23 06:00:00,265.0
2025-04-23 07:00:00,559.88
2025-04-23 08:00:00,825.78
2025-04-23 09:00:00,1044.6
2025-04-23 10:00:00,1201.43
2025-04-23 11:00:00,1285.62
2025-04-23 12:00:00,1291.43
2025-04-23 13:00:00,1218.5
2025-04-23 14:00:00,1071.8
2025-04-23 15:00:00,861.35
2025-04-23 16:00:00,601.53
2025-04-23 17:00:00,310.02
2025-04-23 18:00:00,41.3
2025-04-23 19:00:00,0.0
2025-04-23 20:00:00,0.0
2025-04-23 21:00:00,0.0
2025-04-23 22:00:00,0.0
2025-04-23 23:00:00,0.0
2025-04-24 00:00:00,0.0
2025-04-24 01:00:00,0.0
2025-04-24 02:00:00,0.0
2025-04-24 03:00:00,0.0
2025-04-24 04:00:00,0.0
2025-04-24 05:00:00,22.58
2025-04-24 06:00:00,269.15
2025-04-24 07:00:00,563.42
2025-04-24 08:00:00,828.72
2025-04-24 09:00:00,1047.0
2025-04-24 10:00:00,1203.35
2025-04-24 11:00:00,1287.15
2025-04-24 12:00:00,1292.7
2025-04-24 13:00:00,1219.65
2025-04-24 14:00:00,1073.0
2025-04-24 15:00:00,862.78
2025-04-24 16:00:00,603.28
2025-04-24 17:00:00,312.25
2025-04-24 18:00:00,42.67
2025-04-24 19:00:00,0.0
2025-04-24 20:00:00,0.0
2025-04-24 21:00:00,0.0
2025-04-24 22:00:00,0.0
2025-04-24 23:00:00,0.0
2025-04-25 00:00:00,0.0
2025-04-25 01:00:00,0.0
2025-04-25 02:00:00,0.0
2025-04-25 03:00:00,0.0
2025-04-25 04:00:00,0.0
2025-04-25 05:00:00,24.33
2025-04-25 06:00:00,273.2
2025-04-25 07:00:00,566.9
2025-04-25 08:00:00,831.6
2025-04-25 09:00:00,1049.32
2025-04-25 10:00:00,1205.18
2025-04-25 11:00:00,1288.62
2025-04-25 12:00:00,1293.93
2025-04-25 13:00:00,1220.8
2025-04-25 14:00:00,1074.2
2025-04-25 15:00:00,864.17
2025-04-25 16:00:00,605.03
2025-04-25 17:00:00,314.45
2025-04-25 18:00:00,44.08
2025-04-25 19:00:00,0.0
2025-04-25 20:00:00,0.0
2025-04-25 21:00:00,0.0
2025-04-25 22:00:00,0.0
2025-04-25 23:00:00,0.0
2025-04-26 00:00:00,0.0
2025-04-26 01:00:00,0.0
2025-04-26 02:00:00,0.0
2025-04-26 03:00:00,0.0
2025-04-26 04:00:00,0.0
2025-04-26 05:00:00,26.1
2025-04-26 06:00:00,277.17
2025-04-26 07:00:00,570.33
2025-04-26 08:00:00,834.47
2025-04-26 09:00:00,1051.68
2025-04-26 10:00:00,1207.1
2025-04-26 11:00:00,1290.15
2025-04-26 12:00:00,1295.25
2025-04-26 13:00:00,1222.03
2025-04-26 14:00:00,1075.47
2025-04-26 15:00:00,865.65
2025-04-26 16:00:00,606.83
2025-04-26 17:00:00,316.7
2025-04-26 18:00:00,45.5
2025-04-26 19:00:00,0.0
2025-04-26 20:00:00,0.0
2025-04-26 21:00:00,0.0
2025-04-26 22:00:00,0.0
2025-04-26 23:00:00,0.0
2025-04-27 00:00:00,0.0
2025-04-27 01:00:00,0.0
2025-04-27 02:00:00,0.0
2025-04-27 03:00:00,0.0
2025-04-27 04:00:00,0.0
2025-04-27 05:00:00,27.9
2025-04-27 06:00:00,281.02
2025-04-27 07:00:00,573.58
2025-04-27 08:00:00,837.12
2025-04-27 09:00:00,1053.75
2025-04-27 10:00:00,1208.7
2025-04-27 11:00:00,1291.43
2025-04-27 12:00:00,1296.28
2025-04-27 13:00:00,1223.0
2025-04-27 14:00:00,1076.55
2025-04-27 15:00:00,866.95
2025-04-27 16:00:00,608.53
2025-04-27 17:00:00,318.88
2025-04-27 18:00:00,46.95
2025-04-27 19:00:00,0.0
2025-04-27 20:00:00,0.0
2025-04-27 21:00:00,0.0
2025-04-27 22:00:00,0.0
2025-04-27 23:00:00,0.0
2025-04-28 00:00:00,0.0
2025-04-28 01:00:00,0.0
2025-04-28 02:00:00,0.0
2025-04-28 03:00:00,0.0
2025-04-28 04:00:00,0.0
2025-04-28 05:00:00,29.73
2025-04-28 06:00:00,284.75
2025-04-28 07:00:00,576.67
2025-04-28 08:00:00,839.6
2025-04-28 09:00:00,1055.65
2025-04-28 10:00:00,1210.12
2025-04-28 11:00:00,1292.47
2025-04-28 12:00:00,1297.15
2025-04-28 13:00:00,1223.8
2025-04-28 14:00:00,1077.47
2025-04-28 15:00:00,868.17
2025-04-28 16:00:00,610.15
2025-04-28 17:00:00,321.0
2025-04-28 18:00:00,48.42
2025-04-28 19:00:00,0.0
2025-04-28 20:00:00,0.0
2025-04-28 21:00:00,0.0
2025-04-28 22:00:00,0.0
2025-04-28 23:00:00,0.0
2025-04-29 00:00:00,0.0
2025-04-29 01:00:00,0.0
2025-04-29 02:00:00,0.0
2025-04-29 03:00:00,0.0
2025-04-29 04:00:00,0.0
2025-04-29 05:00:00,31.58
2025-04-29 06:00:00,288.38
2025-04-29 07:00:00,579.67
2025-04-29 08:00:00,842.0
2025-04-29 09:00:00,1057.5
2025-04-29 10:00:00,1211.47
2025-04-29 11:00:00,1293.5
2025-04-29 12:00:00,1297.97
2025-04-29 13:00:00,1224.6
2025-04-29 14:00:00,1078.4
2025-04-29 15:00:00,869.38
2025-04-29 16:00:00,611.75
2025-04-29 17:00:00,323.15
2025-04-29 18:00:00,49.9
2025-04-29 19:00:00,0.0
2025-04-29 20:00:00,0.0
2025-04-29 21:00:00,0.0
2025-04-29 22:00:00,0.0
2025-04-29 23:00:00,0.0
2025-04-30 00:00:00,-999.0
2025-04-30 01:00:00,-999.0
2025-04-30 02:00:00,-999.0
2025-04-30 03:00:00,-999.0
2025-04-30 04:00:00,-999.0
2025-04-30 05:00:00,-999.0
2025-04-30 06:00:00,-999.0
2025-04-30 07:00:00,-999.0
2025-04-30 08:00:00,-999.0
2025-04-30 09:00:00,-999.0
2025-04-30 10:00:00,-999.0
2025-04-30 11:00:00,-999.0
2025-04-30 12:00:00,-999.0
2025-04-30 13:00:00,-999.0
2025-04-30 14:00:00,-999.0
2025-04-30 15:00:00,-999.0
2025-04-30 16:00:00,-999.0
2025-04-30 17:00:00,-999.0
2025-04-30 18:00:00,-999.0
2025-04-30 19:00:00,-999.0
2025-04-30 20:00:00,-999.0
2025-04-30 21:00:00,-999.0
2025-04-30 22:00:00,-999.0
2025-04-30 23:00:00,-999.0
2025-05-01 00:00:00,-999.0
2025-05-01 01:00:00,-999.0
2025-05-01 02:00:00,-999.0
2025-05-01 03:00:00,-999.0
2025-05-01 04:00:00,-999.0
2025-05-01 05:00:00,-999.0
2025-05-01 06:00:00,-999.0
2025-05-01 07:00:00,-999.0
2025-05-01 08:00:00,-999.0
2025-05-01 09:00:00,-999.0
2025-05-01 10:00:00,-999.0
2025-05-01 11:00:00,-999.0
2025-05-01 12:00:00,-999.0
2025-05-01 13:00:00,-999.0
2025-05-01 14:00:00,-999.0
2025-05-01 15:00:00,-999.0
2025-05-01 16:00:00,-999.0
2025-05-01 17:00:00,-999.0
2025-05-01 18:00:00,-999.0
2025-05-01 19:00:00,-999.0
2025-05-01 20:00:00,-999.0
2025-05-01 21:00:00,-999.0
2025-05-01 22:00:00,-999.0
2025-05-01 23:00:00,-999.0
2025-05-02 00:00:00,-999.0
2025-05-02 01:00:00,-999.0
2025-05-02 02:00:00,-999.0
2025-05-02 03:00:00,-999.0
2025-05-02 04:00:00,-999.0
2025-05-02 05:00:00,-999.0
2025-05-02 06:00:00,-999.0
2025-05-02 07:00:00,-999.0
2025-05-02 08:00:00,-999.0
2025-05-02 09:00:00,-999.0
2025-05-02 10:00:00,-999.0
2025-05-02 11:00:00,-999.0
2025-05-02 12:00:00,-999.0
2025-05-02 13:00:00,-999.0
2025-05-02 14:00:00,-999.0
2025-05-02 15:00:00,-999.0
2025-05-02 16:00:00,-999.0
2025-05-02 17:00:00,-999.0
2025-05-02 18:00:00,-999.0
2025-05-02 19:00:00,-999.0
2025-05-02 20:00:00,-999.0
2025-05-02 21:00:00,-999.0
2025-05-02 22:00:00,-999.0
2025-05-02 23:00:00,-999.0
2025-05-03 00:00:00,-999.0
2025-05-03 01:00:00,-999.0
2025-05-03 02:00:00,-999.0
2025-05-03 03:00:00,-999.0
2025-05-03 04:00:00,-999.0
2025-05-03 05:00:00,-999.0
2025-05-03 06:00:00,-999.0
2025-05-03 07:00:00,-999.0
2025-05-03 08:00:00,-999.0
2025-05-03 09:00:00,-999.0
2025-05-03 10:00:00,-999.0
2025-05-03 11:00:00,-999.0
2025-05-03 12:00:00,-999.0
2025-05-03 13:00:00,-999.0
2025-05-03 14:00:00,-999.0
2025-05-03 15:00:00,-999.0
2025-05-03 16:00:00,-999.0
2025-05-03 17:00:00,-999.0
2025-05-03 18:00:00,-999.0
2025-05-03 19:00:00,-999.0
2025-05-03 20:00:00,-999.0
2025-05-03 21:00:00,-999.0
2025-05-03 22:00:00,-999.0
2025-05-03 23:00:00,-999.0
2025-05-04 00:00:00,-999.0
2025-05-04 01:00:00,-999.0
2025-05-04 02:00:00,-999.0
2025-05-04 03:00:00,-999.0
2025-05-04 04:00:00,-999.0
2025-05-04 05:00:00,-999.0
2025-05-04 06:00:00,-999.0
2025-05-04 07:00:00,-999.0
2025-05-04 08:00:00,-999.0
2025-05-04 09:00:00,-999.0
2025-05-04 10:00:00,-999.0
2025-05-04 11:00:00,-999.0
2025-05-04 12:00:00,-999.0
2025-05-04 13:00:00,-999.0
2025-05-04 14:00:00,-999.0
2025-05-04 15:00:00,-999.0
2025-05-04 16:00:00,-999.0
2025-05-04 17:00:00,-999.0
2025-05-04 18:00:00,-999.0
2025-05-04 19:00:00,-999.0
2025-05-04 20:00:00,-999.0
2025-05-04 21:00:00,-999.0
2025-05-04 22:00:00,-999.0
2025-05-04 23:00:00,-999.0
2025-05-05 00:00:00,-999.0
2025-05-05 01:00:00,-999.0
2025-05-05 02:00:00,-999.0
2025-05-05 03:00:00,-999.0
2025-05-05 04:00:00,-999.0
2025-05-05 05:00:00,-999.0
2025-05-05 06:00:00,-999.0
2025-05-05 07:00:00,-999.0
2025-05-05 08:00:00,-999.0
2025-05-05 09:00:00,-999.0
2025-05-05 10:00:00,-999.0
2025-05-05 11:00:00,-999.0
2025-05-05 12:00:00,-999.0
2025-05-05 13:00:00,-999.0
2025-05-05 14:00:00,-999.0
2025-05-05 15:00:00,-999.0
2025-05-05 16:00:00,-999.0
2025-05-05 17:00:00,-999.0
2025-05-05 18:00:00,-999.0
2025-05-05 19:00:00,-999.0
2025-05-05 20:00:00,-999.0
2025-05-05 21:00:00,-999.0
2025-05-05 22:00:00,-999.0
2025-05-05 23:00:00,-999.0
2025-05-06 00:00:00,-999.0
2025-05-06 01:00:00,-999.0
2025-05-06 02:00:00,-999.0
2025-05-06 03:00:00,-999.0
2025-05-06 04:00:00,-999.0
2025-05-06 05:00:00,-999.0
2025-05-06 06:00:00,-999.0
2025-05-06 07:00:00,-999.0
2025-05-06 08:00:00,-999.0
2025-05-06 09:00:00,-999.0
2025-05-06 10:00:00,-999.0
2025-05-06 11:00:00,-999.0
2025-05-06 12:00:00,-999.0
2025-05-06 13:00:00,-999.0
2025-05-06 14:00:00,-999.0
2025-05-06 15:00:00,-999.0
2025-05-06 16:00:00,-999.0
2025-05-06 17:00:00,-999.0
2025-05-06 18:00:00,-999.0
2025-05-06 19:00:00,-999.0
2025-05-06 20:00:00,-999.0
2025-05-06 21:00:00,-999.0
2025-05-06 22:00:00,-999.0
2025-05-06 23:00:00,-999.0
2025-05-07 00:00:00,-999.0
2025-05-07 01:00:00,-999.0
2025-05-07 02:00:00,-999.0
2025-05-07 03:00:00,-999.0
2025-05-07 04:00:00,-999.0
2025-05-07 05:00:00,-999.0
2025-05-07 06:00:00,-999.0
2025-05-07 07:00:00,-999.0
2025-05-07 08:00:00,-999.0
2025-05-07 09:00:00,-999.0
2025-05-07 10:00:00,-999.0
2025-05-07 11:00:00,-999.0
2025-05-07 12:00:00,-999.0
2025-05-07 13:00:00,-999.0
2025-05-07 14:00:00,-999.0
2025-05-07 15:00:00,-999.0
2025-05-07 16:00:00,-999.0
2025-05-07 17:00:00,-999.0
2025-05-07 18:00:00,-999.0
2025-05-07 19:00:00,-999.0
2025-05-07 20:00:00,-999.0
2025-05-07 21:00:00,-999.0
2025-05-07 22:00:00,-999.0
2025-05-07 23:00:00,-999.0
2025-05-08 00:00:00,-999.0
2025-05-08 01:00:00,-999.0
2025-05-08 02:00:00,-999.0
2025-05-08 03:00:00,-999.0
2025-05-08 04:00:00,-999.0
2025-05-08 05:00:00,-999.0
2025-05-08 06:00:00,-999.0
2025-05-08 07:00:00,-999.0
2025-05-08 08:00:00,-999.0
2025-05-08 09:00:00,-999.0
2025-05-08 10:00:00,-999.0
2025-05-08 11:00:00,-999.0
2025-05-08 12:00:00,-999.0
2025-05-08 13:00:00,-999.0
2025-05-08 14:00:00,-999.0
2025-05-08 15:00:00,-999.0
2025-05-08 16:00:00,-999.0
2025-05-08 17:00:00,-999.0
2025-05-08 18:00:00,-999.0
2025-05-08 19:00:00,-999.0
2025-05-08 20:00:00,-999.0
2025-05-08 21:00:00,-999.0
2025-05-08 22:00:00,-999.0
2025-05-08 23:00:00,-999.0
2025-05-09 00:00:00,-999.0
2025-05-09 01:00:00,-999.0
2025-05-09 02:00:00,-999.0
2025-05-09 03:00:00,-999.0
2025-05-09 04:00:00,-999.0
2025-05-09 05:00:00,-999.0
2025-05-09 06:00:00,-999.0
2025-05-09 07:00:00,-999.0
2025-05-09 08:00:00,-999.0
2025-05-09 09:00:00,-999.0
2025-05-09 10:00:00,-999.0
2025-05-09 11:00:00,-999.0
2025-05-09 12:00:00,-999.0
2025-05-09 13:00:00,-999.0
2025-05-09 14:00:00,-999.0
2025-05-09 15:00:00,-999.0
2025-05-09 16:00:00,-999.0
2025-05-09 17:00:00,-999.0
2025-05-09 18:00:00,-999.0
2025-05-09 19:00:00,-999.0
2025-05-09 20:00:00,-999.0
2025-05-09 21:00:00,-999.0
2025-05-09 22:00:00,-999.0
2025-05-09 23:00:00,-999.0
2025-05-10 00:00:00,-999.0
2025-05-10 01:00:00,-999.0
2025-05-10 02:00:00,-999.0
2025-05-10 03:00:00,-999.0
2025-05-10 04:00:00,-999.0
2025-05-10 05:00:00,-999.0
2025-05-10 06:00:00,-999.0
2025-05-10 07:00:00,-999.0
2025-05-10 08:00:00,-999.0
2025-05-10 09:00:00,-999.0
2025-05-10 10:00:00,-999.0
2025-05-10 11:00:00,-999.0
2025-05-10 12:00:00,-999.0
2025-05-10 13:00:00,-999.0
2025-05-10 14:00:00,-999.0
2025-05-10 15:00:00,-999.0
2025-05-10 16:00:00,-999.0
2025-05-10 17:00:00,-999.0
2025-05-10 18:00:00,-999.0
2025-05-10 19:00:00,-999.0
2025-05-10 20:00:00,-999.0
2025-05-10 21:00:00,-999.0
2025-05-10 22:00:00,-999.0
2025-05-10 23:00:00,-999.0
2025-05-11 00:00:00,-999.0
2025-05-11 01:00:00,-999.0
2025-05-11 02:00:00,-999.0
2025-05-11 03:00:00,-999.0
2025-05-11 04:00:00,-999.0
2025-05-11 05:00:00,-999.0
2025-05-11 06:00:00,-999.0
2025-05-11 07:00:00,-999.0
2025-05-11 08:00:00,-999.0
2025-05-11 09:00:00,-999.0
2025-05-11 10:00:00,-999.0
2025-05-11 11:00:00,-999.0
2025-05-11 12:00:00,-999.0
2025-05-11 13:00:00,-999.0
2025-05-11 14:00:00,-999.0
2025-05-11 15:00:00,-999.0
2025-05-11 16:00:00,-999.0
2025-05-11 17:00:00,-999.0
2025-05-11 18:00:00,-999.0
2025-05-11 19:00:00,-999.0
2025-05-11 20:00:00,-999.0
2025-05-11 21:00:00,-999.0
2025-05-11 22:00:00,-999.0
2025-05-11 23:00:00,-999.0
2025-05-12 00:00:00,-999.0
2025-05-12 01:00:00,-999.0
2025-05-12 02:00:00,-999.0
2025-05-12 03:00:00,-999.0
2025-05-12 04:00:00,-999.0
2025-05-12 05:00:00,-999.0
2025-05-12 06:00:00,-999.0
2025-05-12 07:00:00,-999.0
2025-05-12 08:00:00,-999.0
2025-05-12 09:00:00,-999.0
2025-05-12 10:00:00,-999.0
2025-05-12 11:00:00,-999.0
2025-05-12 12:00:00,-999.0
2025-05-12 13:00:00,-999.0
2025-05-12 14:00:00,-999.0
2025-05-12 15:00:00,-999.0
2025-05-12 16:00:00,-999.0
2025-05-12 17:00:00,-999.0
2025-05-12 18:00:00,-999.0
2025-05-12 19:00:00,-999.0
2025-05-12 20:00:00,-999.0
2025-05-12 21:00:00,-999.0
2025-05-12 22:00:00,-999.0
2025-05-12 23:00:00,-999.0
2025-05-13 00:00:00,-999.0
2025-05-13 01:00:00,-999.0
2025-05-13 02:00:00,-999.0
2025-05-13 03:00:00,-999.0
2025-05-13 04:00:00,-999.0
2025-05-13 05:00:00,-999.0
2025-05-13 06:00:00,-999.0
2025-05-13 07:00:00,-999.0
2025-05-13 08:00:00,-999.0
2025-05-13 09:00:00,-999.0
2025-05-13 10:00:00,-999.0
2025-05-13 11:00:00,-999.0
2025-05-13 12:00:00,-999.0
2025-05-13 13:00:00,-999.0
2025-05-13 14:00:00,-999.0
2025-05-13 15:00:00,-999.0
2025-05-13 16:00:00,-999.0
2025-05-13 17:00:00,-999.0
2025-05-13 18:00:00,-999.0
2025-05-13 19:00:00,-999.0
2025-05-13 20:00:00,-999.0
2025-05-13 21:00:00,-999.0
2025-05-13 22:00:00,-999.0
2025-05-13 23:00:00,-999.0
2025-05-14 00:00:00,-999.0
2025-05-14 01:00:00,-999.0
2025-05-14 02:00:00,-999.0
2025-05-14 03:00:00,-999.0
2025-05-14 04:00:00,-999.0
2025-05-14 05:00:00,-999.0
2025-05-14 06:00:00,-999.0
2025-05-14 07:00:00,-999.0
2025-05-14 08:00:00,-999.0
2025-05-14 09:00:00,-999.0
2025-05-14 10:00:00,-999.0
2025-05-14 11:00:00,-999.0
2025-05-14 12:00:00,-999.0
2025-05-14 13:00:00,-999.0
2025-05-14 14:00:00,-999.0
2025-05-14 15:00:00,-999.0
2025-05-14 16:00:00,-999.0
2025-05-14 17:00:00,-999.0
2025-05-14 18:00:00,-999.0
2025-05-14 19:00:00,-999.0
2025-05-14 20:00:00,-999.0
2025-05-14 21:00:00,-999.0
2025-05-14 22:00:00,-999.0
2025-05-14 23:00:00,-999.0
2025-05-15 00:00:00,-999.0
2025-05-15 01:00:00,-999.0
2025-05-15 02:00:00,-999.0
2025-05-15 03:00:00,-999.0
2025-05-15 04:00:00,-999.0
2025-05-15 05:00:00,-999.0
2025-05-15 06:00:00,-999.0
2025-05-15 07:00:00,-999.0
2025-05-15 08:00:00,-999.0
2025-05-15 09:00:00,-999.0
2025-05-15 10:00:00,-999.0
2025-05-15 11:00:00,-999.0
2025-05-15 12:00:00,-999.0
2025-05-15 13:00:00,-999.0
2025-05-15 14:00:00,-999.0
2025-05-15 15:00:00,-999.0
2025-05-15 16:00:00,-999.0
2025-05-15 17:00:00,-999.0
2025-05-15 18:00:00,-999.0
2025-05-15 19:00:00,-999.0
2025-05-15 20:00:00,-999.0
2025-05-15 21:00:00,-999.0
2025-05-15 22:00:00,-999.0
2025-05-15 23:00:00,-999.0
2025-05-16 00:00:00,-999.0
2025-05-16 01:00:00,-999.0
2025-05-16 02:00:00,-999.0
2025-05-16 03:00:00,-999.0
2025-05-16 04:00:00,-999.0
2025-05-16 05:00:00,-999.0
2025-05-16 06:00:00,-999.0
2025-05-16 07:00:00,-999.0
2025-05-16 08:00:00,-999.0
2025-05-16 09:00:00,-999.0
2025-05-16 10:00:00,-999.0
2025-05-16 11:00:00,-999.0
2025-05-16 12:00:00,-999.0
2025-05-16 13:00:00,-999.0
2025-05-16 14:00:00,-999.0
2025-05-16 15:00:00,-999.0
2025-05-16 16:00:00,-999.0
2025-05-16 17:00:00,-999.0
2025-05-16 18:00:00,-999.0
2025-05-16 19:00:00,-999.0
2025-05-16 20:00:00,-999.0
2025-05-16 21:00:00,-999.0
2025-05-16 22:00:00,-999.0
2025-05-16 23:00:00,-999.0
2025-05-17 00:00:00,-999.0
2025-05-17 01:00:00,-999.0
2025-05-17 02:00:00,-999.0
2025-05-17 03:00:00,-999.0
2025-05-17 04:00:00,-999.0
2025-05-17 05:00:00,-999.0
2025-05-17 06:00:00,-999.0
2025-05-17 07:00:00,-999.0
2025-05-17 08:00:00,-999.0
2025-05-17 09:00:00,-999.0
2025-05-17 10:00:00,-999.0
2025-05-17 11:00:00,-999.0
2025-05-17 12:00:00,-999.0
2025-05-17 13:00:00,-999.0
2025-05-17 14:00:00,-999.0
2025-05-17 15:00:00,-999.0
2025-05-17 16:00:00,-999.0
2025-05-17 17:00:00,-999.0
2025-05-17 18:00:00,-999.0
2025-05-17 19:00:00,-999.0
2025-05-17 20:00:00,-999.0
2025-05-17 21:00:00,-999.0
2025-05-17 22:00:00,-999.0
2025-05-17 23:00:00,-999.0
2025-05-18 00:00:00,-999.0
2025-05-18 01:00:00,-999.0
2025-05-18 02:00:00,-999.0
2025-05-18 03:00:00,-999.0
2025-05-18 04:00:00,-999.0
2025-05-18 05:00:00,-999.0
2025-05-18 06:00:00,-999.0
2025-05-18 07:00:00,-999.0
2025-05-18 08:00:00,-999.0
2025-05-18 09:00:00,-999.0
2025-05-18 10:00:00,-999.0
2025-05-18 11:00:00,-999.0
2025-05-18 12:00:00,-999.0
2025-05-18 13:00:00,-999.0
2025-05-18 14:00:00,-999.0
2025-05-18 15:00:00,-999.0
2025-05-18 16:00:00,-999.0
2025-05-18 17:00:00,-999.0
2025-05-18 18:00:00,-999.0
2025-05-18 19:00:00,-999.0
2025-05-18 20:00:00,-999.0
2025-05-18 21:00:00,-999.0
2025-05-18 22:00:00,-999.0
2025-05-18 23:00:00,-999.0
2025-05-19 00:00:00,-999.0
2025-05-19 01:00:00,-999.0
2025-05-19 02:00:00,-999.0
2025-05-19 03:00:00,-999.0
2025-05-19 04:00:00,-999.0
2025-05-19 05:00:00,-999.0
2025-05-19 06:00:00,-999.0
2025-05-19 07:00:00,-999.0
2025-05-19 08:00:00,-999.0
2025-05-19 09:00:00,-999.0
2025-05-19 10:00:00,-999.0
2025-05-19 11:00:00,-999.0
2025-05-19 12:00:00,-999.0
2025-05-19 13:00:00,-999.0
2025-05-19 14:00:00,-999.0
2025-05-19 15:00:00,-999.0
2025-05-19 16:00:00,-999.0
2025-05-19 17:00:00,-999.0
2025-05-19 18:00:00,-999.0
2025-05-19 19:00:00,-999.0
2025-05-19 20:00:00,-999.0
2025-05-19 21:00:00,-999.0
2025-05-19 22:00:00,-999.0
2025-05-19 23:00:00,-999.0
2025-05-20 00:00:00,-999.0
2025-05-20 01:00:00,-999.0
2025-05-20 02:00:00,-999.0
2025-05-20 03:00:00,-999.0
2025-05-20 04:00:00,-999.0
2025-05-20 05:00:00,-999.0
2025-05-20 06:00:00,-999.0
2025-05-20 07:00:00,-999.0
2025-05-20 08:00:00,-999.0
2025-05-20 09:00:00,-999.0
2025-05-20 10:00:00,-999.0
2025-05-20 11:00:00,-999.0
2025-05-20 12:00:00,-999.0
2025-05-20 13:00:00,-999.0
2025-05-20 14:00:00,-999.0
2025-05-20 15:00:00,-999.0
2025-05-20 16:00:00,-999.0
2025-05-20 17:00:00,-999.0
2025-05-20 18:00:00,-999.0
2025-05-20 19:00:00,-999.0
2025-05-20 20:00:00,-999.0
2025-05-20 21:00:00,-999.0
2025-05-20 22:00:00,-999.0
2025-05-20 23:00:00,-999.0
2025-05-21 00:00:00,-999.0
2025-05-21 01:00:00,-999.0
2025-05-21 02:00:00,-999.0
2025-05-21 03:00:00,-999.0
2025-05-21 04:00:00,-999.0
2025-05-21 05:00:00,-999.0
2025-05-21 06:00:00,-999.0
2025-05-21 07:00:00,-999.0
2025-05-21 08:00:00,-999.0
2025-05-21 09:00:00,-999.0
2025-05-21 10:00:00,-999.0
2025-05-21 11:00:00,-999.0
2025-05-21 12:00:00,-999.0
2025-05-21 13:00:00,-999.0
2025-05-21 14:00:00,-999.0
2025-05-21 15:00:00,-999.0
2025-05-21 16:00:00,-999.0
2025-05-21 17:00:00,-999.0
2025-05-21 18:00:00,-999.0
2025-05-21 19:00:00,-999.0
2025-05-21 20:00:00,-999.0
2025-05-21 21:00:00,-999.0
2025-05-21 22:00:00,-999.0
2025-05-21 23:00:00,-999.0
2025-05-22 00:00:00,-999.0
2025-05-22 01:00:00,-999.0
2025-05-22 02:00:00,-999.0
2025-05-22 03:00:00,-999.0
2025-05-22 04:00:00,-999.0
2025-05-22 05:00:00,-999.0
2025-05-22 06:00:00,-999.0
2025-05-22 07:00:00,-999.0
2025-05-22 08:00:00,-999.0
2025-05-22 09:00:00,-999.0
2025-05-22 10:00:00,-999.0
2025-05-22 11:00:00,-999.0
2025-05-22 12:00:00,-999.0
2025-05-22 13:00:00,-999.0
2025-05-22 14:00:00,-999.0
2025-05-22 15:00:00,-999.0
2025-05-22 16:00:00,-999.0
2025-05-22 17:00:00,-999.0
2025-05-22 18:00:00,-999.0
2025-05-22 19:00:00,-999.0
2025-05-22 20:00:00,-999.0
2025-05-22 21:00:00,-999.0
2025-05-22 22:00:00,-999.0
2025-05-22 23:00:00,-999.0
2025-05-23 00:00:00,-999.0
2025-05-23 01:00:00,-999.0
2025-05-23 02:00:00,-999.0
2025-05-23 03:00:00,-999.0
2025-05-23 04:00:00,-999.0
2025-05-23 05:00:00,-999.0
2025-05-23 06:00:00,-999.0
2025-05-23 07:00:00,-999.0
2025-05-23 08:00:00,-999.0
2025-05-23 09:00:00,-999.0
2025-05-23 10:00:00,-999.0
2025-05-23 11:00:00,-999.0
2025-05-23 12:00:00,-999.0
2025-05-23 13:00:00,-999.0
2025-05-23 14:00:00,-999.0
2025-05-23 15:00:00,-999.0
2025-05-23 16:00:00,-999.0
2025-05-23 17:00:00,-999.0
2025-05-23 18:00:00,-999.0
2025-05-23 19:00:00,-999.0
2025-05-23 20:00:00,-999.0
2025-05-23 21:00:00,-999.0
2025-05-23 22:00:00,-999.0
2025-05-23 23:00:00,-999.0
2025-05-24 00:00:00,-999.0
2025-05-24 01:00:00,-999.0
2025-05-24 02:00:00,-999.0
2025-05-24 03:00:00,-999.0
2025-05-24 04:00:00,-999.0
2025-05-24 05:00:00,-999.0
2025-05-24 06:00:00,-999.0
2025-05-24 07:00:00,-999.0
2025-05-24 08:00:00,-999.0
2025-05-24 09:00:00,-999.0
2025-05-24 10:00:00,-999.0
2025-05-24 11:00:00,-999.0
2025-05-24 12:00:00,-999.0
2025-05-24 13:00:00,-999.0
2025-05-24 14:00:00,-999.0
2025-05-24 15:00:00,-999.0
2025-05-24 16:00:00,-999.0
2025-05-24 17:00:00,-999.0
2025-05-24 18:00:00,-999.0
2025-05-24 19:00:00,-999.0
2025-05-24 20:00:00,-999.0
2025-05-24 21:00:00,-999.0
2025-05-24 22:00:00,-999.0
2025-05-24 23:00:00,-999.0
2025-05-25 00:00:00,-999.0
2025-05-25 01:00:00,-999.0
2025-05-25 02:00:00,-999.0
2025-05-25 03:00:00,-999.0
2025-05-25 04:00:00,-999.0
2025-05-25 05:00:00,-999.0
2025-05-25 06:00:00,-999.0
2025-05-25 07:00:00,-999.0
2025-05-25 08:00:00,-999.0
2025-05-25 09:00:00,-999.0
2025-05-25 10:00:00,-999.0
2025-05-25 11:00:00,-999.0
2025-05-25 12:00:00,-999.0
2025-05-25 13:00:00,-999.0
2025-05-25 14:00:00,-999.0
2025-05-25 15:00:00,-999.0
2025-05-25 16:00:00,-999.0
2025-05-25 17:00:00,-999.0
2025-05-25 18:00:00,-999.0
2025-05-25 19:00:00,-999.0
2025-05-25 20:00:00,-999.0
2025-05-25 21:00:00,-999.0
2025-05-25 22:00:00,-999.0
2025-05-25 23:00:00,-999.0
2025-05-26 00:00:00,-999.0
2025-05-26 01:00:00,-999.0
2025-05-26 02:00:00,-999.0
2025-05-26 03:00:00,-999.0
2025-05-26 04:00:00,-999.0
2025-05-26 05:00:00,-999.0
2025-05-26 06:00:00,-999.0
2025-05-26 07:00:00,-999.0
2025-05-26 08:00:00,-999.0
2025-05-26 09:00:00,-999.0
2025-05-26 10:00:00,-999.0
2025-05-26 11:00:00,-999.0
2025-05-26 12:00:00,-999.0
2025-05-26 13:00:00,-999.0
2025-05-26 14:00:00,-999.0
2025-05-26 15:00:00,-999.0
2025-05-26 16:00:00,-999.0
2025-05-26 17:00:00,-999.0
2025-05-26 18:00:00,-999.0
2025-05-26 19:00:00,-999.0
2025-05-26 20:00:00,-999.0
2025-05-26 21:00:00,-999.0
2025-05-26 22:00:00,-999.0
2025-05-26 23:00:00,-999.0
2025-05-27 00:00:00,-999.0
2025-05-27 01:00:00,-999.0
2025-05-27 02:00:00,-999.0
2025-05-27 03:00:00,-999.0
2025-05-27 04:00:00,-999.0
2025-05-27 05:00:00,-999.0
2025-05-27 06:00:00,-999.0
2025-05-27 07:00:00,-999.0
2025-05-27 08:00:00,-999.0
2025-05-27 09:00:00,-999.0
2025-05-27 10:00:00,-999.0
2025-05-27 11:00:00,-999.0
2025-05-27 12:00:00,-999.0
2025-05-27 13:00:00,-999.0
2025-05-27 14:00:00,-999.0
2025-05-27 15:00:00,-999.0
2025-05-27 16:00:00,-999.0
2025-05-27 17:00:00,-999.0
2025-05-27 18:00:00,-999.0
2025-05-27 19:00:00,-999.0
2025-05-27 20:00:00,-999.0
2025-05-27 21:00:00,-999.0
2025-05-27 22:00:00,-999.0
2025-05-27 23:00:00,-999.0
2025-05-28 00:00:00,-999.0
2025-05-28 01:00:00,-999.0
2025-05-28 02:00:00,-999.0
2025-05-28 03:00:00,-999.0
2025-05-28 04:00:00,-999.0
2025-05-28 05:00:00,-999.0
2025-05-28 06:00:00,-999.0
2025-05-28 07:00:00,-999.0
2025-05-28 08:00:00,-999.0
2025-05-28 09:00:00,-999.0
2025-05-28 10:00:00,-999.0
2025-05-28 11:00:00,-999.0
2025-05-28 12:00:00,-999.0
2025-05-28 13:00:00,-999.0
2025-05-28 14:00:00,-999.0
2025-05-28 15:00:00,-999.0
2025-05-28 16:00:00,-999.0
2025-05-28 17:00:00,-999.0
2025-05-28 18:00:00,-999.0
2025-05-28 19:00:00,-999.0
2025-05-28 20:00:00,-999.0
2025-05-28 21:00:00,-999.0
2025-05-28 22:00:00,-999.0
2025-05-28 23:00:00,-999.0
2025-05-29 00:00:00,-999.0
2025-05-29 01:00:00,-999.0
2025-05-29 02:00:00,-999.0
2025-05-29 03:00:00,-999.0
2025-05-29 04:00:00,-999.0
2025-05-29 05:00:00,-999.0
2025-05-29 06:00:00,-999.0
2025-05-29 07:00:00,-999.0
2025-05-29 08:00:00,-999.0
2025-05-29 09:00:00,-999.0
2025-05-29 10:00:00,-999.0
2025-05-29 11:00:00,-999.0
2025-05-29 12:00:00,-999.0
2025-05-29 13:00:00,-999.0
2025-05-29 14:00:00,-999.0
2025-05-29 15:00:00,-999.0
2025-05-29 16:00:00,-999.0
2025-05-29 17:00:00,-999.0
2025-05-29 18:00:00,-999.0
2025-05-29 19:00:00,-999.0
2025-05-29 20:00:00,-999.0
2025-05-29 21:00:00,-999.0
2025-05-29 22:00:00,-999.0
2025-05-29 23:00:00,-999.0
2025-05-30 00:00:00,-999.0
2025-05-30 01:00:00,-999.0
2025-05-30 02:00:00,-999.0
2025-05-30 03:00:00,-999.0
2025-05-30 04:00:00,-999.0
2025-05-30 05:00:00,-999.0
2025-05-30 06:00:00,-999.0
2025-05-30 07:00:00,-999.0
2025-05-30 08:00:00,-999.0
2025-05-30 09:00:00,-999.0
2025-05-30 10:00:00,-999.0
2025-05-30 11:00:00,-999.0
2025-05-30 12:00:00,-999.0
2025-05-30 13:00:00,-999.0
2025-05-30 14:00:00,-999.0
2025-05-30 15:00:00,-999.0
2025-05-30 16:00:00,-999.0
2025-05-30 17:00:00,-999.0
2025-05-30 18:00:00,-999.0
2025-05-30 19:00:00,-999.0
2025-05-30 20:00:00,-999.0
2025-05-30 21:00:00,-999.0
2025-05-30 22:00:00,-999.0
2025-05-30 23:00:00,-999.0
2025-05-31 00:00:00,-999.0
2025-05-31 01:00:00,-999.0
2025-05-31 02:00:00,-999.0
2025-05-31 03:00:00,-999.0
2025-05-31 04:00:00,-999.0
2025-05-31 05:00:00,-999.0
2025-05-31 06:00:00,-999.0
2025-05-31 07:00:00,-999.0
2025-05-31 08:00:00,-999.0
2025-05-31 09:00:00,-999.0
2025-05-31 10:00:00,-999.0
2025-05-31 11:00:00,-999.0
2025-05-31 12:00:00,-999.0
2025-05-31 13:00:00,-999.0
2025-05-31 14:00:00,-999.0
2025-05-31 15:00:00,-999.0
2025-05-31 16:00:00,-999.0
2025-05-31 17:00:00,-999.0
2025-05-31 18:00:00,-999.0
2025-05-31 19:00:00,-999.0
2025-05-31 20:00:00,-999.0
2025-05-31 21:00:00,-999.0
2025-05-31 22:00:00,-999.0
2025-05-31 23:00:00,-999.0
2025-06-01 00:00:00,-999.0
2025-06-01 01:00:00,-999.0
2025-06-01 02:00:00,-999.0
2025-06-01 03:00:00,-999.0
2025-06-01 04:00:00,-999.0
2025-06-01 05:00:00,-999.0
2025-06-01 06:00:00,-999.0
2025-06-01 07:00:00,-999.0
2025-06-01 08:00:00,-999.0
2025-06-01 09:00:00,-999.0
2025-06-01 10:00:00,-999.0
2025-06-01 11:00:00,-999.0
2025-06-01 12:00:00,-999.0
2025-06-01 13:00:00,-999.0
2025-06-01 14:00:00,-999.0
2025-06-01 15:00:00,-999.0
2025-06-01 16:00:00,-999.0
2025-06-01 17:00:00,-999.0
2025-06-01 18:00:00,-999.0
2025-06-01 19:00:00,-999.0
2025-06-01 20:00:00,-999.0
2025-06-01 21:00:00,-999.0
2025-06-01 22:00:00,-999.0
2025-06-01 23:00:00,-999.0
2025-06-02 00:00:00,-999.0
2025-06-02 01:00:00,-999.0
2025-06-02 02:00:00,-999.0
2025-06-02 03:00:00,-999.0
2025-06-02 04:00:00,-999.0
2025-06-02 05:00:00,-999.0
2025-06-02 06:00:00,-999.0
2025-06-02 07:00:00,-999.0
2025-06-02 08:00:00,-999.0
2025-06-02 09:00:00,-999.0
2025-06-02 10:00:00,-999.0
2025-06-02 11:00:00,-999.0
2025-06-02 12:00:00,-999.0
2025-06-02 13:00:00,-999.0
2025-06-02 14:00:00,-999.0
2025-06-02 15:00:00,-999.0
2025-06-02 16:00:00,-999.0
2025-06-02 17:00:00,-999.0
2025-06-02 18:00:00,-999.0
2025-06-02 19:00:00,-999.0
2025-06-02 20:00:00,-999.0
2025-06-02 21:00:00,-999.0
2025-06-02 22:00:00,-999.0
2025-06-02 23:00:00,-999.0
2025-06-03 00:00:00,-999.0
2025-06-03 01:00:00,-999.0
2025-06-03 02:00:00,-999.0
2025-06-03 03:00:00,-999.0
2025-06-03 04:00:00,-999.0
2025-06-03 05:00:00,-999.0
2025-06-03 06:00:00,-999.0
2025-06-03 07:00:00,-999.0
2025-06-03 08:00:00,-999.0
2025-06-03 09:00:00,-999.0
2025-06-03 10:00:00,-999.0
2025-06-03 11:00:00,-999.0
2025-06-03 12:00:00,-999.0
2025-06-03 13:00:00,-999.0
2025-06-03 14:00:00,-999.0
2025-06-03 15:00:00,-999.0
2025-06-03 16:00:00,-999.0
2025-06-03 17:00:00,-999.0
2025-06-03 18:00:00,-999.0
2025-06-03 19:00:00,-999.0
2025-06-03 20:00:00,-999.0
2025-06-03 21:00:00,-999.0
2025-06-03 22:00:00,-999.0
2025-06-03 23:00:00,-999.0
2025-06-04 00:00:00,-999.0
2025-06-04 01:00:00,-999.0
2025-06-04 02:00:00,-999.0
2025-06-04 03:00:00,-999.0
2025-06-04 04:00:00,-999.0
2025-06-04 05:00:00,-999.0
2025-06-04 06:00:00,-999.0
2025-06-04 07:00:00,-999.0
2025-06-04 08:00:00,-999.0
2025-06-04 09:00:00,-999.0
2025-06-04 10:00:00,-999.0
2025-06-04 11:00:00,-999.0
2025-06-04 12:00:00,-999.0
2025-06-04 13:00:00,-999.0
2025-06-04 14:00:00,-999.0
2025-06-04 15:00:00,-999.0
2025-06-04 16:00:00,-999.0
2025-06-04 17:00:00,-999.0
2025-06-04 18:00:00,-999.0
2025-06-04 19:00:00,-999.0
2025-06-04 20:00:00,-999.0
2025-06-04 21:00:00,-999.0
2025-06-04 22:00:00,-999.0
2025-06-04 23:00:00,-999.0
2025-06-05 00:00:00,-999.0
2025-06-05 01:00:00,-999.0
2025-06-05 02:00:00,-999.0
2025-06-05 03:00:00,-999.0
2025-06-05 04:00:00,-999.0
2025-06-05 05:00:00,-999.0
2025-06-05 06:00:00,-999.0
2025-06-05 07:00:00,-999.0
2025-06-05 08:00:00,-999.0
2025-06-05 09:00:00,-999.0
2025-06-05 10:00:00,-999.0
2025-06-05 11:00:00,-999.0
2025-06-05 12:00:00,-999.0
2025-06-05 13:00:00,-999.0
2025-06-05 14:00:00,-999.0
2025-06-05 15:00:00,-999.0
2025-06-05 16:00:00,-999.0
2025-06-05 17:00:00,-999.0
2025-06-05 18:00:00,-999.0
2025-06-05 19:00:00,-999.0
2025-06-05 20:00:00,-999.0
2025-06-05 21:00:00,-999.0
2025-06-05 22:00:00,-999.0
2025-06-05 23:00:00,-999.0
2025-06-06 00:00:00,-999.0
2025-06-06 01:00:00,-999.0
2025-06-06 02:00:00,-999.0
2025-06-06 03:00:00,-999.0
2025-06-06 04:00:00,-999.0
2025-06-06 05:00:00,-999.0
2025-06-06 06:00:00,-999.0
2025-06-06 07:00:00,-999.0
2025-06-06 08:00:00,-999.0
2025-06-06 09:00:00,-999.0
2025-06-06 10:00:00,-999.0
2025-06-06 11:00:00,-999.0
2025-06-06 12:00:00,-999.0
2025-06-06 13:00:00,-999.0
2025-06-06 14:00:00,-999.0
2025-06-06 15:00:00,-999.0
2025-06-06 16:00:00,-999.0
2025-06-06 17:00:00,-999.0
2025-06-06 18:00:00,-999.0
2025-06-06 19:00:00,-999.0
2025-06-06 20:00:00,-999.0
2025-06-06 21:00:00,-999.0
2025-06-06 22:00:00,-999.0
2025-06-06 23:00:00,-999.0
2025-06-07 00:00:00,-999.0
2025-06-07 01:00:00,-999.0
2025-06-07 02:00:00,-999.0
2025-06-07 03:00:00,-999.0
2025-06-07 04:00:00,-999.0
2025-06-07 05:00:00,-999.0
2025-06-07 06:00:00,-999.0
2025-06-07 07:00:00,-999.0
2025-06-07 08:00:00,-999.0
2025-06-07 09:00:00,-999.0
2025-06-07 10:00:00,-999.0
2025-06-07 11:00:00,-999.0
2025-06-07 12:00:00,-999.0
2025-06-07 13:00:00,-999.0
2025-06-07 14:00:00,-999.0
2025-06-07 15:00:00,-999.0
2025-06-07 16:00:00,-999.0
2025-06-07 17:00:00,-999.0
2025-06-07 18:00:00,-999.0
2025-06-07 19:00:00,-999.0
2025-06-07 20:00:00,-999.0
2025-06-07 21:00:00,-999.0
2025-06-07 22:00:00,-999.0
2025-06-07 23:00:00,-999.0
2025-06-08 00:00:00,-999.0
2025-06-08 01:00:00,-999.0
2025-06-08 02:00:00,-999.0
2025-06-08 03:00:00,-999.0
2025-06-08 04:00:00,-999.0
2025-06-08 05:00:00,-999.0
2025-06-08 06:00:00,-999.0
2025-06-08 07:00:00,-999.0
2025-06-08 08:00:00,-999.0
2025-06-08 09:00:00,-999.0
2025-06-08 10:00:00,-999.0
2025-06-08 11:00:00,-999.0
2025-06-08 12:00:00,-999.0
2025-06-08 13:00:00,-999.0
2025-06-08 14:00:00,-999.0
2025-06-08 15:00:00,-999.0
2025-06-08 16:00:00,-999.0
2025-06-08 17:00:00,-999.0
2025-06-08 18:00:00,-999.0
2025-06-08 19:00:00,-999.0
2025-06-08 20:00:00,-999.0
2025-06-08 21:00:00,-999.0
2025-06-08 22:00:00,-999.0
2025-06-08 23:00:00,-999.0
2025-06-09 00:00:00,-999.0
2025-06-09 01:00:00,-999.0
2025-06-09 02:00:00,-999.0
2025-06-09 03:00:00,-999.0
2025-06-09 04:00:00,-999.0
2025-06-09 05:00:00,-999.0
2025-06-09 06:00:00,-999.0
2025-06-09 07:00:00,-999.0
2025-06-09 08:00:00,-999.0
2025-06-09 09:00:00,-999.0
2025-06-09 10:00:00,-999.0
2025-06-09 11:00:00,-999.0
2025-06-09 12:00:00,-999.0
2025-06-09 13:00:00,-999.0
2025-06-09 14:00:00,-999.0
2025-06-09 15:00:00,-999.0
2025-06-09 16:00:00,-999.0
2025-06-09 17:00:00,-999.0
2025-06-09 18:00:00,-999.0
2025-06-09 19:00:00,-999.0
2025-06-09 20:00:00,-999.0
2025-06-09 21:00:00,-999.0
2025-06-09 22:00:00,-999.0
2025-06-09 23:00:00,-999.0
2025-06-10 00:00:00,-999.0
2025-06-10 01:00:00,-999.0
2025-06-10 02:00:00,-999.0
2025-06-10 03:00:00,-999.0
2025-06-10 04:00:00,-999.0
2025-06-10 05:00:00,-999.0
2025-06-10 06:00:00,-999.0
2025-06-10 07:00:00,-999.0
2025-06-10 08:00:00,-999.0
2025-06-10 09:00:00,-999.0
2025-06-10 10:00:00,-999.0
2025-06-10 11:00:00,-999.0
2025-06-10 12:00:00,-999.0
2025-06-10 13:00:00,-999.0
2025-06-10 14:00:00,-999.0
2025-06-10 15:00:00,-999.0
2025-06-10 16:00:00,-999.0
2025-06-10 17:00:00,-999.0
2025-06-10 18:00:00,-999.0
2025-06-10 19:00:00,-999.0
2025-06-10 20:00:00,-999.0
2025-06-10 21:00:00,-999.0
2025-06-10 22:00:00,-999.0
2025-06-10 23:00:00,-999.0
2025-06-11 00:00:00,-999.0
2025-06-11 01:00:00,-999.0
2025-06-11 02:00:00,-999.0
2025-06-11 03:00:00,-999.0
2025-06-11 04:00:00,-999.0
2025-06-11 05:00:00,-999.0
2025-06-11 06:00:00,-999.0
2025-06-11 07:00:00,-999.0
2025-06-11 08:00:00,-999.0
2025-06-11 09:00:00,-999.0
2025-06-11 10:00:00,-999.0
2025-06-11 11:00:00,-999.0
2025-06-11 12:00:00,-999.0
2025-06-11 13:00:00,-999.0
2025-06-11 14:00:00,-999.0
2025-06-11 15:00:00,-999.0
2025-06-11 16:00:00,-999.0
2025-06-11 17:00:00,-999.0
2025-06-11 18:00:00,-999.0
2025-06-11 19:00:00,-999.0
2025-06-11 20:00:00,-999.0
2025-06-11 21:00:00,-999.0
2025-06-11 22:00:00,-999.0
2025-06-11 23:00:00,-999.0
2025-06-12 00:00:00,-999.0
2025-06-12 01:00:00,-999.0
2025-06-12 02:00:00,-999.0
2025-06-12 03:00:00,-999.0
2025-06-12 04:00:00,-999.0
2025-06-12 05:00:00,-999.0
2025-06-12 06:00:00,-999.0
2025-06-12 07:00:00,-999.0
2025-06-12 08:00:00,-999.0
2025-06-12 09:00:00,-999.0
2025-06-12 10:00:00,-999.0
2025-06-12 11:00:00,-999.0
2025-06-12 12:00:00,-999.0
2025-06-12 13:00:00,-999.0
2025-06-12 14:00:00,-999.0
2025-06-12 15:00:00,-999.0
2025-06-12 16:00:00,-999.0
2025-06-12 17:00:00,-999.0
2025-06-12 18:00:00,-999.0
2025-06-12 19:00:00,-999.0
2025-06-12 20:00:00,-999.0
2025-06-12 21:00:00,-999.0
2025-06-12 22:00:00,-999.0
2025-06-12 23:00:00,-999.0
2025-06-13 00:00:00,-999.0
2025-06-13 01:00:00,-999.0
2025-06-13 02:00:00,-999.0
2025-06-13 03:00:00,-999.0
2025-06-13 04:00:00,-999.0
2025-06-13 05:00:00,-999.0
2025-06-13 06:00:00,-999.0
2025-06-13 07:00:00,-999.0
2025-06-13 08:00:00,-999.0
2025-06-13 09:00:00,-999.0
2025-06-13 10:00:00,-999.0
2025-06-13 11:00:00,-999.0
2025-06-13 12:00:00,-999.0
2025-06-13 13:00:00,-999.0
2025-06-13 14:00:00,-999.0
2025-06-13 15:00:00,-999.0
2025-06-13 16:00:00,-999.0
2025-06-13 17:00:00,-999.0
2025-06-13 18:00:00,-999.0
2025-06-13 19:00:00,-999.0
2025-06-13 20:00:00,-999.0
2025-06-13 21:00:00,-999.0
2025-06-13 22:00:00,-999.0
2025-06-13 23:00:00,-999.0
2025-06-14 00:00:00,-999.0
2025-06-14 01:00:00,-999.0
2025-06-14 02:00:00,-999.0
2025-06-14 03:00:00,-999.0
2025-06-14 04:00:00,-999.0
2025-06-14 05:00:00,-999.0
2025-06-14 06:00:00,-999.0
2025-06-14 07:00:00,-999.0
2025-06-14 08:00:00,-999.0
2025-06-14 09:00:00,-999.0
2025-06-14 10:00:00,-999.0
2025-06-14 11:00:00,-999.0
2025-06-14 12:00:00,-999.0
2025-06-14 13:00:00,-999.0
2025-06-14 14:00:00,-999.0
2025-06-14 15:00:00,-999.0
2025-06-14 16:00:00,-999.0
2025-06-14 17:00:00,-999.0
2025-06-14 18:00:00,-999.0
2025-06-14 19:00:00,-999.0
2025-06-14 20:00:00,-999.0
2025-06-14 21:00:00,-999.0
2025-06-14 22:00:00,-999.0
2025-06-14 23:00:00,-999.0
2025-06-15 00:00:00,-999.0
2025-06-15 01:00:00,-999.0
2025-06-15 02:00:00,-999.0
2025-06-15 03:00:00,-999.0
2025-06-15 04:00:00,-999.0
2025-06-15 05:00:00,-999.0
2025-06-15 06:00:00,-999.0
2025-06-15 07:00:00,-999.0
2025-06-15 08:00:00,-999.0
2025-06-15 09:00:00,-999.0
2025-06-15 10:00:00,-999.0
2025-06-15 11:00:00,-999.0
2025-06-15 12:00:00,-999.0
2025-06-15 13:00:00,-999.0
2025-06-15 14:00:00,-999.0
2025-06-15 15:00:00,-999.0
2025-06-15 16:00:00,-999.0
2025-06-15 17:00:00,-999.0
2025-06-15 18:00:00,-999.0
2025-06-15 19:00:00,-999.0
2025-06-15 20:00:00,-999.0
2025-06-15 21:00:00,-999.0
2025-06-15 22:00:00,-999.0
2025-06-15 23:00:00,-999.0
2025-06-16 00:00:00,-999.0
2025-06-16 01:00:00,-999.0
2025-06-16 02:00:00,-999.0
2025-06-16 03:00:00,-999.0
2025-06-16 04:00:00,-999.0
2025-06-16 05:00:00,-999.0
2025-06-16 06:00:00,-999.0
2025-06-16 07:00:00,-999.0
2025-06-16 08:00:00,-999.0
2025-06-16 09:00:00,-999.0
2025-06-16 10:00:00,-999.0
2025-06-16 11:00:00,-999.0
2025-06-16 12:00:00,-999.0
2025-06-16 13:00:00,-999.0
2025-06-16 14:00:00,-999.0
2025-06-16 15:00:00,-999.0
2025-06-16 16:00:00,-999.0
2025-06-16 17:00:00,-999.0
2025-06-16 18:00:00,-999.0
2025-06-16 19:00:00,-999.0
2025-06-16 20:00:00,-999.0
2025-06-16 21:00:00,-999.0
2025-06-16 22:00:00,-999.0
2025-06-16 23:00:00,-999.0
2025-06-17 00:00:00,-999.0
2025-06-17 01:00:00,-999.0
2025-06-17 02:00:00,-999.0
2025-06-17 03:00:00,-999.0
2025-06-17 04:00:00,-999.0
2025-06-17 05:00:00,-999.0
2025-06-17 06:00:00,-999.0
2025-06-17 07:00:00,-999.0
2025-06-17 08:00:00,-999.0
2025-06-17 09:00:00,-999.0
2025-06-17 10:00:00,-999.0
2025-06-17 11:00:00,-999.0
2025-06-17 12:00:00,-999.0
2025-06-17 13:00:00,-999.0
2025-06-17 14:00:00,-999.0
2025-06-17 15:00:00,-999.0
2025-06-17 16:00:00,-999.0
2025-06-17 17:00:00,-999.0
2025-06-17 18:00:00,-999.0
2025-06-17 19:00:00,-999.0
2025-06-17 20:00:00,-999.0
2025-06-17 21:00:00,-999.0
2025-06-17 22:00:00,-999.0
2025-06-17 23:00:00,-999.0
2025-06-18 00:00:00,-999.0
2025-06-18 01:00:00,-999.0
2025-06-18 02:00:00,-999.0
2025-06-18 03:00:00,-999.0
2025-06-18 04:00:00,-999.0
2025-06-18 05:00:00,-999.0
2025-06-18 06:00:00,-999.0
2025-06-18 07:00:00,-999.0
2025-06-18 08:00:00,-999.0
2025-06-18 09:00:00,-999.0
2025-06-18 10:00:00,-999.0
2025-06-18 11:00:00,-999.0
2025-06-18 12:00:00,-999.0
2025-06-18 13:00:00,-999.0
2025-06-18 14:00:00,-999.0
2025-06-18 15:00:00,-999.0
2025-06-18 16:00:00,-999.0
2025-06-18 17:00:00,-999.0
2025-06-18 18:00:00,-999.0
2025-06-18 19:00:00,-999.0
2025-06-18 20:00:00,-999.0
2025-06-18 21:00:00,-999.0
2025-06-18 22:00:00,-999.0
2025-06-18 23:00:00,-999.0
2025-06-19 00:00:00,-999.0
2025-06-19 01:00:00,-999.0
2025-06-19 02:00:00,-999.0
2025-06-19 03:00:00,-999.0
2025-06-19 04:00:00,-999.0
2025-06-19 05:00:00,-999.0
2025-06-19 06:00:00,-999.0
2025-06-19 07:00:00,-999.0
2025-06-19 08:00:00,-999.0
2025-06-19 09:00:00,-999.0
2025-06-19 10:00:00,-999.0
2025-06-19 11:00:00,-999.0
2025-06-19 12:00:00,-999.0
2025-06-19 13:00:00,-999.0
2025-06-19 14:00:00,-999.0
2025-06-19 15:00:00,-999.0
2025-06-19 16:00:00,-999.0
2025-06-19 17:00:00,-999.0
2025-06-19 18:00:00,-999.0
2025-06-19 19:00:00,-999.0
2025-06-19 20:00:00,-999.0
2025-06-19 21:00:00,-999.0
2025-06-19 22:00:00,-999.0
2025-06-19 23:00:00,-999.0
2025-06-20 00:00:00,-999.0
2025-06-20 01:00:00,-999.0
2025-06-20 02:00:00,-999.0
2025-06-20 03:00:00,-999.0
2025-06-20 04:00:00,-999.0
2025-06-20 05:00:00,-999.0
2025-06-20 06:00:00,-999.0
2025-06-20 07:00:00,-999.0
2025-06-20 08:00:00,-999.0
2025-06-20 09:00:00,-999.0
2025-06-20 10:00:00,-999.0
2025-06-20 11:00:00,-999.0
2025-06-20 12:00:00,-999.0
2025-06-20 13:00:00,-999.0
2025-06-20 14:00:00,-999.0
2025-06-20 15:00:00,-999.0
2025-06-20 16:00:00,-999.0
2025-06-20 17:00:00,-999.0
2025-06-20 18:00:00,-999.0
2025-06-20 19:00:00,-999.0
2025-06-20 20:00:00,-999.0
2025-06-20 21:00:00,-999.0
2025-06-20 22:00:00,-999.0
2025-06-20 23:00:00,-999.0
2025-06-21 00:00:00,-999.0
2025-06-21 01:00:00,-999.0
2025-06-21 02:00:00,-999.0
2025-06-21 03:00:00,-999.0
2025-06-21 04:00:00,-999.0
2025-06-21 05:00:00,-999.0
2025-06-21 06:00:00,-999.0
2025-06-21 07:00:00,-999.0
2025-06-21 08:00:00,-999.0
2025-06-21 09:00:00,-999.0
2025-06-21 10:00:00,-999.0
2025-06-21 11:00:00,-999.0
2025-06-21 12:00:00,-999.0
2025-06-21 13:00:00,-999.0
2025-06-21 14:00:00,-999.0
2025-06-21 15:00:00,-999.0
2025-06-21 16:00:00,-999.0
2025-06-21 17:00:00,-999.0
2025-06-21 18:00:00,-999.0
2025-06-21 19:00:00,-999.0
2025-06-21 20:00:00,-999.0
2025-06-21 21:00:00,-999.0
2025-06-21 22:00:00,-999.0
2025-06-21 23:00:00,-999.0
2025-06-22 00:00:00,-999.0
2025-06-22 01:00:00,-999.0
2025-06-22 02:00:00,-999.0
2025-06-22 03:00:00,-999.0
2025-06-22 04:00:00,-999.0
2025-06-22 05:00:00,-999.0
2025-06-22 06:00:00,-999.0
2025-06-22 07:00:00,-999.0
2025-06-22 08:00:00,-999.0
2025-06-22 09:00:00,-999.0
2025-06-22 10:00:00,-999.0
2025-06-22 11:00:00,-999.0
2025-06-22 12:00:00,-999.0
2025-06-22 13:00:00,-999.0
2025-06-22 14:00:00,-999.0
2025-06-22 15:00:00,-999.0
2025-06-22 16:00:00,-999.0
2025-06-22 17:00:00,-999.0
2025-06-22 18:00:00,-999.0
2025-06-22 19:00:00,-999.0
2025-06-22 20:00:00,-999.0
2025-06-22 21:00:00,-999.0
2025-06-22 22:00:00,-999.0
2025-06-22 23:00:00,-999.0
2025-06-23 00:00:00,-999.0
2025-06-23 01:00:00,-999.0
2025-06-23 02:00:00,-999.0
2025-06-23 03:00:00,-999.0
2025-06-23 04:00:00,-999.0
2025-06-23 05:00:00,-999.0
2025-06-23 06:00:00,-999.0
2025-06-23 07:00:00,-999.0
2025-06-23 08:00:00,-999.0
2025-06-23 09:00:00,-999.0
2025-06-23 10:00:00,-999.0
2025-06-23 11:00:00,-999.0
2025-06-23 12:00:00,-999.0
2025-06-23 13:00:00,-999.0
2025-06-23 14:00:00,-999.0
2025-06-23 15:00:00,-999.0
2025-06-23 16:00:00,-999.0
2025-06-23 17:00:00,-999.0
2025-06-23 18:00:00,-999.0
2025-06-23 19:00:00,-999.0
2025-06-23 20:00:00,-999.0
2025-06-23 21:00:00,-999.0
2025-06-23 22:00:00,-999.0
2025-06-23 23:00:00,-999.0
2025-06-24 00:00:00,-999.0
2025-06-24 01:00:00,-999.0
2025-06-24 02:00:00,-999.0
2025-06-24 03:00:00,-999.0
2025-06-24 04:00:00,-999.0
2025-06-24 05:00:00,-999.0
2025-06-24 06:00:00,-999.0
2025-06-24 07:00:00,-999.0
2025-06-24 08:00:00,-999.0
2025-06-24 09:00:00,-999.0
2025-06-24 10:00:00,-999.0
2025-06-24 11:00:00,-999.0
2025-06-24 12:00:00,-999.0
2025-06-24 13:00:00,-999.0
2025-06-24 14:00:00,-999.0
2025-06-24 15:00:00,-999.0
2025-06-24 16:00:00,-999.0
2025-06-24 17:00:00,-999.0
2025-06-24 18:00:00,-999.0
2025-06-24 19:00:00,-999.0
2025-06-24 20:00:00,-999.0
2025-06-24 21:00:00,-999.0
2025-06-24 22:00:00,-999.0
2025-06-24 23:00:00,-999.0
2025-06-25 00:00:00,-999.0
2025-06-25 01:00:00,-999.0
2025-06-25 02:00:00,-999.0
2025-06-25 03:00:00,-999.0
2025-06-25 04:00:00,-999.0
2025-06-25 05:00:00,-999.0
2025-06-25 06:00:00,-999.0
2025-06-25 07:00:00,-999.0
2025-06-25 08:00:00,-999.0
2025-06-25 09:00:00,-999.0
2025-06-25 10:00:00,-999.0
2025-06-25 11:00:00,-999.0
2025-06-25 12:00:00,-999.0
2025-06-25 13:00:00,-999.0
2025-06-25 14:00:00,-999.0
2025-06-25 15:00:00,-999.0
2025-06-25 16:00:00,-999.0
2025-06-25 17:00:00,-999.0
2025-06-25 18:00:00,-999.0
2025-06-25 19:00:00,-999.0
2025-06-25 20:00:00,-999.0
2025-06-25 21:00:00,-999.0
2025-06-25 22:00:00,-999.0
2025-06-25 23:00:00,-999.0
2025-06-26 00:00:00,-999.0
2025-06-26 01:00:00,-999.0
2025-06-26 02:00:00,-999.0
2025-06-26 03:00:00,-999.0
2025-06-26 04:00:00,-999.0
2025-06-26 05:00:00,-999.0
2025-06-26 06:00:00,-999.0
2025-06-26 07:00:00,-999.0
2025-06-26 08:00:00,-999.0
2025-06-26 09:00:00,-999.0
2025-06-26 10:00:00,-999.0
2025-06-26 11:00:00,-999.0
2025-06-26 12:00:00,-999.0
2025-06-26 13:00:00,-999.0
2025-06-26 14:00:00,-999.0
2025-06-26 15:00:00,-999.0
2025-06-26 16:00:00,-999.0
2025-06-26 17:00:00,-999.0
2025-06-26 18:00:00,-999.0
2025-06-26 19:00:00,-999.0
2025-06-26 20:00:00,-999.0
2025-06-26 21:00:00,-999.0
2025-06-26 22:00:00,-999.0
2025-06-26 23:00:00,-999.0
2025-06-27 00:00:00,-999.0
2025-06-27 01:00:00,-999.0
2025-06-27 02:00:00,-999.0
2025-06-27 03:00:00,-999.0
2025-06-27 04:00:00,-999.0
2025-06-27 05:00:00,-999.0
2025-06-27 06:00:00,-999.0
2025-06-27 07:00:00,-999.0
2025-06-27 08:00:00,-999.0
2025-06-27 09:00:00,-999.0
2025-06-27 10:00:00,-999.0
2025-06-27 11:00:00,-999.0
2025-06-27 12:00:00,-999.0
2025-06-27 13:00:00,-999.0
2025-06-27 14:00:00,-999.0
2025-06-27 15:00:00,-999.0
2025-06-27 16:00:00,-999.0
2025-06-27 17:00:00,-999.0
2025-06-27 18:00:00,-999.0
2025-06-27 19:00:00,-999.0
2025-06-27 20:00:00,-999.0
2025-06-27 21:00:00,-999.0
2025-06-27 22:00:00,-999.0
2025-06-27 23:00:00,-999.0
2025-06-28 00:00:00,-999.0
2025-06-28 01:00:00,-999.0
2025-06-28 02:00:00,-999.0
2025-06-28 03:00:00,-999.0
2025-06-28 04:00:00,-999.0
2025-06-28 05:00:00,-999.0
2025-06-28 06:00:00,-999.0
2025-06-28 07:00:00,-999.0
2025-06-28 08:00:00,-999.0
2025-06-28 09:00:00,-999.0
2025-06-28 10:00:00,-999.0
2025-06-28 11:00:00,-999.0
2025-06-28 12:00:00,-999.0
2025-06-28 13:00:00,-999.0
2025-06-28 14:00:00,-999.0
2025-06-28 15:00:00,-999.0
2025-06-28 16:00:00,-999.0
2025-06-28 17:00:00,-999.0
2025-06-28 18:00:00,-999.0
2025-06-28 19:00:00,-999.0
2025-06-28 20:00:00,-999.0
2025-06-28 21:00:00,-999.0
2025-06-28 22:00:00,-999.0
2025-06-28 23:00:00,-999.0
2025-06-29 00:00:00,-999.0
2025-06-29 01:00:00,-999.0
2025-06-29 02:00:00,-999.0
2025-06-29 03:00:00,-999.0
2025-06-29 04:00:00,-999.0
2025-06-29 05:00:00,-999.0
2025-06-29 06:00:00,-999.0
2025-06-29 07:00:00,-999.0
2025-06-29 08:00:00,-999.0
2025-06-29 09:00:00,-999.0
2025-06-29 10:00:00,-999.0
2025-06-29 11:00:00,-999.0
2025-06-29 12:00:00,-999.0
2025-06-29 13:00:00,-999.0
2025-06-29 14:00:00,-999.0
2025-06-29 15:00:00,-999.0
2025-06-29 16:00:00,-999.0
2025-06-29 17:00:00,-999.0
2025-06-29 18:00:00,-999.0
2025-06-29 19:00:00,-999.0
2025-06-29 20:00:00,-999.0
2025-06-29 21:00:00,-999.0
2025-06-29 22:00:00,-999.0
2025-06-29 23:00:00,-999.0
2025-06-30 00:00:00,-999.0
2025-06-30 01:00:00,-999.0
2025-06-30 02:00:00,-999.0
2025-06-30 03:00:00,-999.0
2025-06-30 04:00:00,-999.0
2025-06-30 05:00:00,-999.0
2025-06-30 06:00:00,-999.0
2025-06-30 07:00:00,-999.0
2025-06-30 08:00:00,-999.0
2025-06-30 09:00:00,-999.0
2025-06-30 10:00:00,-999.0
2025-06-30 11:00:00,-999.0
2025-06-30 12:00:00,-999.0
2025-06-30 13:00:00,-999.0
2025-06-30 14:00:00,-999.0
2025-06-30 15:00:00,-999.0
2025-06-30 16:00:00,-999.0
2025-06-30 17:00:00,-999.0
2025-06-30 18:00:00,-999.0
2025-06-30 19:00:00,-999.0
2025-06-30 20:00:00,-999.0
2025-06-30 21:00:00,-999.0
2025-06-30 22:00:00,-999.0
2025-06-30 23:00:00,-999.0
2025-07-01 00:00:00,-999.0
2025-07-01 01:00:00,-999.0
2025-07-01 02:00:00,-999.0
2025-07-01 03:00:00,-999.0
2025-07-01 04:00:00,-999.0
2025-07-01 05:00:00,-999.0
2025-07-01 06:00:00,-999.0
2025-07-01 07:00:00,-999.0
2025-07-01 08:00:00,-999.0
2025-07-01 09:00:00,-999.0
2025-07-01 10:00:00,-999.0
2025-07-01 11:00:00,-999.0
2025-07-01 12:00:00,-999.0
2025-07-01 13:00:00,-999.0
2025-07-01 14:00:00,-999.0
2025-07-01 15:00:00,-999.0
2025-07-01 16:00:00,-999.0
2025-07-01 17:00:00,-999.0
2025-07-01 18:00:00,-999.0
2025-07-01 19:00:00,-999.0
2025-07-01 20:00:00,-999.0
2025-07-01 21:00:00,-999.0
2025-07-01 22:00:00,-999.0
2025-07-01 23:00:00,-999.0
2025-07-02 00:00:00,-999.0
2025-07-02 01:00:00,-999.0
2025-07-02 02:00:00,-999.0
2025-07-02 03:00:00,-999.0
2025-07-02 04:00:00,-999.0
2025-07-02 05:00:00,-999.0
2025-07-02 06:00:00,-999.0
2025-07-02 07:00:00,-999.0
2025-07-02 08:00:00,-999.0
2025-07-02 09:00:00,-999.0
2025-07-02 10:00:00,-999.0
2025-07-02 11:00:00,-999.0
2025-07-02 12:00:00,-999.0
2025-07-02 13:00:00,-999.0
2025-07-02 14:00:00,-999.0
2025-07-02 15:00:00,-999.0
2025-07-02 16:00:00,-999.0
2025-07-02 17:00:00,-999.0
2025-07-02 18:00:00,-999.0
2025-07-02 19:00:00,-999.0
2025-07-02 20:00:00,-999.0
2025-07-02 21:00:00,-999.0
2025-07-02 22:00:00,-999.0
2025-07-02 23:00:00,-999.0
2025-07-03 00:00:00,-999.0
2025-07-03 01:00:00,-999.0
2025-07-03 02:00:00,-999.0
2025-07-03 03:00:00,-999.0
2025-07-03 04:00:00,-999.0
2025-07-03 05:00:00,-999.0
2025-07-03 06:00:00,-999.0
2025-07-03 07:00:00,-999.0
2025-07-03 08:00:00,-999.0
2025-07-03 09:00:00,-999.0
2025-07-03 10:00:00,-999.0
2025-07-03 11:00:00,-999.0
2025-07-03 12:00:00,-999.0
2025-07-03 13:00:00,-999.0
2025-07-03 14:00:00,-999.0
2025-07-03 15:00:00,-999.0
2025-07-03 16:00:00,-999.0
2025-07-03 17:00:00,-999.0
2025-07-03 18:00:00,-999.0
2025-07-03 19:00:00,-999.0
2025-07-03 20:00:00,-999.0
2025-07-03 21:00:00,-999.0
2025-07-03 22:00:00,-999.0
2025-07-03 23:00:00,-999.0
2025-07-04 00:00:00,-999.0
2025-07-04 01:00:00,-999.0
2025-07-04 02:00:00,-999.0
2025-07-04 03:00:00,-999.0
2025-07-04 04:00:00,-999.0
2025-07-04 05:00:00,-999.0
2025-07-04 06:00:00,-999.0
2025-07-04 07:00:00,-999.0
2025-07-04 08:00:00,-999.0
2025-07-04 09:00:00,-999.0
2025-07-04 10:00:00,-999.0
2025-07-04 11:00:00,-999.0
2025-07-04 12:00:00,-999.0
2025-07-04 13:00:00,-999.0
2025-07-04 14:00:00,-999.0
2025-07-04 15:00:00,-999.0
2025-07-04 16:00:00,-999.0
2025-07-04 17:00:00,-999.0
2025-07-04 18:00:00,-999.0
2025-07-04 19:00:00,-999.0
2025-07-04 20:00:00,-999.0
2025-07-04 21:00:00,-999.0
2025-07-04 22:00:00,-999.0
2025-07-04 23:00:00,-999.0
2025-07-05 00:00:00,-999.0
2025-07-05 01:00:00,-999.0
2025-07-05 02:00:00,-999.0
2025-07-05 03:00:00,-999.0
2025-07-05 04:00:00,-999.0
2025-07-05 05:00:00,-999.0
2025-07-05 06:00:00,-999.0
2025-07-05 07:00:00,-999.0
2025-07-05 08:00:00,-999.0
2025-07-05 09:00:00,-999.0
2025-07-05 10:00:00,-999.0
2025-07-05 11:00:00,-999.0
2025-07-05 12:00:00,-999.0
2025-07-05 13:00:00,-999.0
2025-07-05 14:00:00,-999.0
2025-07-05 15:00:00,-999.0
2025-07-05 16:00:00,-999.0
2025-07-05 17:00:00,-999.0
2025-07-05 18:00:00,-999.0
2025-07-05 19:00:00,-999.0
2025-07-05 20:00:00,-999.0
2025-07-05 21:00:00,-999.0
2025-07-05 22:00:00,-999.0
2025-07-05 23:00:00,-999.0
2025-07-06 00:00:00,-999.0
2025-07-06 01:00:00,-999.0
2025-07-06 02:00:00,-999.0
2025-07-06 03:00:00,-999.0
2025-07-06 04:00:00,-999.0
2025-07-06 05:00:00,-999.0
2025-07-06 06:00:00,-999.0
2025-07-06 07:00:00,-999.0
2025-07-06 08:00:00,-999.0
2025-07-06 09:00:00,-999.0
2025-07-06 10:00:00,-999.0
2025-07-06 11:00:00,-999.0
2025-07-06 12:00:00,-999.0
2025-07-06 13:00:00,-999.0
2025-07-06 14:00:00,-999.0
2025-07-06 15:00:00,-999.0
2025-07-06 16:00:00,-999.0
2025-07-06 17:00:00,-999.0
2025-07-06 18:00:00,-999.0
2025-07-06 19:00:00,-999.0
2025-07-06 20:00:00,-999.0
2025-07-06 21:00:00,-999.0
2025-07-06 22:00:00,-999.0
2025-07-06 23:00:00,-999.0
2025-07-07 00:00:00,-999.0
2025-07-07 01:00:00,-999.0
2025-07-07 02:00:00,-999.0
2025-07-07 03:00:00,-999.0
2025-07-07 04:00:00,-999.0
2025-07-07 05:00:00,-999.0
2025-07-07 06:00:00,-999.0
2025-07-07 07:00:00,-999.0
2025-07-07 08:00:00,-999.0
2025-07-07 09:00:00,-999.0
2025-07-07 10:00:00,-999.0
2025-07-07 11:00:00,-999.0
2025-07-07 12:00:00,-999.0
2025-07-07 13:00:00,-999.0
2025-07-07 14:00:00,-999.0
2025-07-07 15:00:00,-999.0
2025-07-07 16:00:00,-999.0
2025-07-07 17:00:00,-999.0
2025-07-07 18:00:00,-999.0
2025-07-07 19:00:00,-999.0
2025-07-07 20:00:00,-999.0
2025-07-07 21:00:00,-999.0
2025-07-07 22:00:00,-999.0
2025-07-07 23:00:00,-999.0
2025-07-08 00:00:00,-999.0
2025-07-08 01:00:00,-999.0
2025-07-08 02:00:00,-999.0
2025-07-08 03:00:00,-999.0
2025-07-08 04:00:00,-999.0
2025-07-08 05:00:00,-999.0
2025-07-08 06:00:00,-999.0
2025-07-08 07:00:00,-999.0
2025-07-08 08:00:00,-999.0
2025-07-08 09:00:00,-999.0
2025-07-08 10:00:00,-999.0
2025-07-08 11:00:00,-999.0
2025-07-08 12:00:00,-999.0
2025-07-08 13:00:00,-999.0
2025-07-08 14:00:00,-999.0
2025-07-08 15:00:00,-999.0
2025-07-08 16:00:00,-999.0
2025-07-08 17:00:00,-999.0
2025-07-08 18:00:00,-999.0
2025-07-08 19:00:00,-999.0
2025-07-08 20:00:00,-999.0
2025-07-08 21:00:00,-999.0
2025-07-08 22:00:00,-999.0
2025-07-08 23:00:00,-999.0
2025-07-09 00:00:00,-999.0
2025-07-09 01:00:00,-999.0
2025-07-09 02:00:00,-999.0
2025-07-09 03:00:00,-999.0
2025-07-09 04:00:00,-999.0
2025-07-09 05:00:00,-999.0
2025-07-09 06:00:00,-999.0
2025-07-09 07:00:00,-999.0
2025-07-09 08:00:00,-999.0
2025-07-09 09:00:00,-999.0
2025-07-09 10:00:00,-999.0
2025-07-09 11:00:00,-999.0
2025-07-09 12:00:00,-999.0
2025-07-09 13:00:00,-999.0
2025-07-09 14:00:00,-999.0
2025-07-09 15:00:00,-999.0
2025-07-09 16:00:00,-999.0
2025-07-09 17:00:00,-999.0
2025-07-09 18:00:00,-999.0
2025-07-09 19:00:00,-999.0
2025-07-09 20:00:00,-999.0
2025-07-09 21:00:00,-999.0
2025-07-09 22:00:00,-999.0
2025-07-09 23:00:00,-999.0
2025-07-10 00:00:00,-999.0
2025-07-10 01:00:00,-999.0
2025-07-10 02:00:00,-999.0
2025-07-10 03:00:00,-999.0
2025-07-10 04:00:00,-999.0
2025-07-10 05:00:00,-999.0
2025-07-10 06:00:00,-999.0
2025-07-10 07:00:00,-999.0
2025-07-10 08:00:00,-999.0
2025-07-10 09:00:00,-999.0
2025-07-10 10:00:00,-999.0
2025-07-10 11:00:00,-999.0
2025-07-10 12:00:00,-999.0
2025-07-10 13:00:00,-999.0
2025-07-10 14:00:00,-999.0
2025-07-10 15:00:00,-999.0
2025-07-10 16:00:00,-999.0
2025-07-10 17:00:00,-999.0
2025-07-10 18:00:00,-999.0
2025-07-10 19:00:00,-999.0
2025-07-10 20:00:00,-999.0
2025-07-10 21:00:00,-999.0
2025-07-10 22:00:00,-999.0
2025-07-10 23:00:00,-999.0
2025-07-11 00:00:00,-999.0
2025-07-11 01:00:00,-999.0
2025-07-11 02:00:00,-999.0
2025-07-11 03:00:00,-999.0
2025-07-11 04:00:00,-999.0
2025-07-11 05:00:00,-999.0
2025-07-11 06:00:00,-999.0
2025-07-11 07:00:00,-999.0
2025-07-11 08:00:00,-999.0
2025-07-11 09:00:00,-999.0
2025-07-11 10:00:00,-999.0
2025-07-11 11:00:00,-999.0
2025-07-11 12:00:00,-999.0
2025-07-11 13:00:00,-999.0
2025-07-11 14:00:00,-999.0
2025-07-11 15:00:00,-999.0
2025-07-11 16:00:00,-999.0
2025-07-11 17:00:00,-999.0
2025-07-11 18:00:00,-999.0
2025-07-11 19:00:00,-999.0
2025-07-11 20:00:00,-999.0
2025-07-11 21:00:00,-999.0
2025-07-11 22:00:00,-999.0
2025-07-11 23:00:00,-999.0
2025-07-12 00:00:00,-999.0
2025-07-12 01:00:00,-999.0
2025-07-12 02:00:00,-999.0
2025-07-12 03:00:00,-999.0
2025-07-12 04:00:00,-999.0
2025-07-12 05:00:00,-999.0
2025-07-12 06:00:00,-999.0
2025-07-12 07:00:00,-999.0
2025-07-12 08:00:00,-999.0
2025-07-12 09:00:00,-999.0
2025-07-12 10:00:00,-999.0
2025-07-12 11:00:00,-999.0
2025-07-12 12:00:00,-999.0
2025-07-12 13:00:00,-999.0
2025-07-12 14:00:00,-999.0
2025-07-12 15:00:00,-999.0
2025-07-12 16:00:00,-999.0
2025-07-12 17:00:00,-999.0
2025-07-12 18:00:00,-999.0
2025-07-12 19:00:00,-999.0
2025-07-12 20:00:00,-999.0
2025-07-12 21:00:00,-999.0
2025-07-12 22:00:00,-999.0
2025-07-12 23:00:00,-999.0
2025-07-13 00:00:00,-999.0
2025-07-13 01:00:00,-999.0
2025-07-13 02:00:00,-999.0
2025-07-13 03:00:00,-999.0
2025-07-13 04:00:00,-999.0
2025-07-13 05:00:00,-999.0
2025-07-13 06:00:00,-999.0
2025-07-13 07:00:00,-999.0
2025-07-13 08:00:00,-999.0
2025-07-13 09:00:00,-999.0
2025-07-13 10:00:00,-999.0
2025-07-13 11:00:00,-999.0
2025-07-13 12:00:00,-999.0
2025-07-13 13:00:00,-999.0
2025-07-13 14:00:00,-999.0
2025-07-13 15:00:00,-999.0
2025-07-13 16:00:00,-999.0
2025-07-13 17:00:00,-999.0
2025-07-13 18:00:00,-999.0
2025-07-13 19:00:00,-999.0
2025-07-13 20:00:00,-999.0
2025-07-13 21:00:00,-999.0
2025-07-13 22:00:00,-999.0
2025-07-13 23:00:00,-999.0
2025-07-14 00:00:00,-999.0
2025-07-14 01:00:00,-999.0
2025-07-14 02:00:00,-999.0
2025-07-14 03:00:00,-999.0
2025-07-14 04:00:00,-999.0
2025-07-14 05:00:00,-999.0
2025-07-14 06:00:00,-999.0
2025-07-14 07:00:00,-999.0
2025-07-14 08:00:00,-999.0
2025-07-14 09:00:00,-999.0
2025-07-14 10:00:00,-999.0
2025-07-14 11:00:00,-999.0
2025-07-14 12:00:00,-999.0
2025-07-14 13:00:00,-999.0
2025-07-14 14:00:00,-999.0
2025-07-14 15:00:00,-999.0
2025-07-14 16:00:00,-999.0
2025-07-14 17:00:00,-999.0
2025-07-14 18:00:00,-999.0
2025-07-14 19:00:00,-999.0
2025-07-14 20:00:00,-999.0
2025-07-14 21:00:00,-999.0
2025-07-14 22:00:00,-999.0
2025-07-14 23:00:00,-999.0
2025-07-15 00:00:00,-999.0
2025-07-15 01:00:00,-999.0
2025-07-15 02:00:00,-999.0
2025-07-15 03:00:00,-999.0
2025-07-15 04:00:00,-999.0
2025-07-15 05:00:00,-999.0
2025-07-15 06:00:00,-999.0
2025-07-15 07:00:00,-999.0
2025-07-15 08:00:00,-999.0
2025-07-15 09:00:00,-999.0
2025-07-15 10:00:00,-999.0
2025-07-15 11:00:00,-999.0
2025-07-15 12:00:00,-999.0
2025-07-15 13:00:00,-999.0
2025-07-15 14:00:00,-999.0
2025-07-15 15:00:00,-999.0
2025-07-15 16:00:00,-999.0
2025-07-15 17:00:00,-999.0
2025-07-15 18:00:00,-999.0
2025-07-15 19:00:00,-999.0
2025-07-15 20:00:00,-999.0
2025-07-15 21:00:00,-999.0
2025-07-15 22:00:00,-999.0
2025-07-15 23:00:00,-999.0
2025-07-16 00:00:00,-999.0
2025-07-16 01:00:00,-999.0
2025-07-16 02:00:00,-999.0
2025-07-16 03:00:00,-999.0
2025-07-16 04:00:00,-999.0
2025-07-16 05:00:00,-999.0
2025-07-16 06:00:00,-999.0
2025-07-16 07:00:00,-999.0
2025-07-16 08:00:00,-999.0
2025-07-16 09:00:00,-999.0
2025-07-16 10:00:00,-999.0
2025-07-16 11:00:00,-999.0
2025-07-16 12:00:00,-999.0
2025-07-16 13:00:00,-999.0
2025-07-16 14:00:00,-999.0
2025-07-16 15:00:00,-999.0
2025-07-16 16:00:00,-999.0
2025-07-16 17:00:00,-999.0
2025-07-16 18:00:00,-999.0
2025-07-16 19:00:00,-999.0
2025-07-16 20:00:00,-999.0
2025-07-16 21:00:00,-999.0
2025-07-16 22:00:00,-999.0
2025-07-16 23:00:00,-999.0
2025-07-17 00:00:00,-999.0
2025-07-17 01:00:00,-999.0
2025-07-17 02:00:00,-999.0
2025-07-17 03:00:00,-999.0
2025-07-17 04:00:00,-999.0
2025-07-17 05:00:00,-999.0
2025-07-17 06:00:00,-999.0
2025-07-17 07:00:00,-999.0
2025-07-17 08:00:00,-999.0
2025-07-17 09:00:00,-999.0
2025-07-17 10:00:00,-999.0
2025-07-17 11:00:00,-999.0
2025-07-17 12:00:00,-999.0
2025-07-17 13:00:00,-999.0
2025-07-17 14:00:00,-999.0
2025-07-17 15:00:00,-999.0
2025-07-17 16:00:00,-999.0
2025-07-17 17:00:00,-999.0
2025-07-17 18:00:00,-999.0
2025-07-17 19:00:00,-999.0
2025-07-17 20:00:00,-999.0
2025-07-17 21:00:00,-999.0
2025-07-17 22:00:00,-999.0
2025-07-17 23:00:00,-999.0
2025-07-18 00:00:00,-999.0
2025-07-18 01:00:00,-999.0
2025-07-18 02:00:00,-999.0
2025-07-18 03:00:00,-999.0
2025-07-18 04:00:00,-999.0
2025-07-18 05:00:00,-999.0
2025-07-18 06:00:00,-999.0
2025-07-18 07:00:00,-999.0
2025-07-18 08:00:00,-999.0
2025-07-18 09:00:00,-999.0
2025-07-18 10:00:00,-999.0
2025-07-18 11:00:00,-999.0
2025-07-18 12:00:00,-999.0
2025-07-18 13:00:00,-999.0
2025-07-18 14:00:00,-999.0
2025-07-18 15:00:00,-999.0
2025-07-18 16:00:00,-999.0
2025-07-18 17:00:00,-999.0
2025-07-18 18:00:00,-999.0
2025-07-18 19:00:00,-999.0
2025-07-18 20:00:00,-999.0
2025-07-18 21:00:00,-999.0
2025-07-18 22:00:00,-999.0
2025-07-18 23:00:00,-999.0
2025-07-19 00:00:00,-999.0
2025-07-19 01:00:00,-999.0
2025-07-19 02:00:00,-999.0
2025-07-19 03:00:00,-999.0
2025-07-19 04:00:00,-999.0
2025-07-19 05:00:00,-999.0
2025-07-19 06:00:00,-999.0
2025-07-19 07:00:00,-999.0
2025-07-19 08:00:00,-999.0
2025-07-19 09:00:00,-999.0
2025-07-19 10:00:00,-999.0
2025-07-19 11:00:00,-999.0
2025-07-19 12:00:00,-999.0
2025-07-19 13:00:00,-999.0
2025-07-19 14:00:00,-999.0
2025-07-19 15:00:00,-999.0
2025-07-19 16:00:00,-999.0
2025-07-19 17:00:00,-999.0
2025-07-19 18:00:00,-999.0
2025-07-19 19:00:00,-999.0
2025-07-19 20:00:00,-999.0
2025-07-19 21:00:00,-999.0
2025-07-19 22:00:00,-999.0
2025-07-19 23:00:00,-999.0
2025-07-20 00:00:00,-999.0
2025-07-20 01:00:00,-999.0
2025-07-20 02:00:00,-999.0
2025-07-20 03:00:00,-999.0
2025-07-20 04:00:00,-999.0
2025-07-20 05:00:00,-999.0
2025-07-20 06:00:00,-999.0
2025-07-20 07:00:00,-999.0
2025-07-20 08:00:00,-999.0
2025-07-20 09:00:00,-999.0
2025-07-20 10:00:00,-999.0
2025-07-20 11:00:00,-999.0
2025-07-20 12:00:00,-999.0
2025-07-20 13:00:00,-999.0
2025-07-20 14:00:00,-999.0
2025-07-20 15:00:00,-999.0
2025-07-20 16:00:00,-999.0
2025-07-20 17:00:00,-999.0
2025-07-20 18:00:00,-999.0
2025-07-20 19:00:00,-999.0
2025-07-20 20:00:00,-999.0
2025-07-20 21:00:00,-999.0
2025-07-20 22:00:00,-999.0
2025-07-20 23:00:00,-999.0
2025-07-21 00:00:00,-999.0
2025-07-21 01:00:00,-999.0
2025-07-21 02:00:00,-999.0
2025-07-21 03:00:00,-999.0
2025-07-21 04:00:00,-999.0
2025-07-21 05:00:00,-999.0
2025-07-21 06:00:00,-999.0
2025-07-21 07:00:00,-999.0
2025-07-21 08:00:00,-999.0
2025-07-21 09:00:00,-999.0
2025-07-21 10:00:00,-999.0
2025-07-21 11:00:00,-999.0
2025-07-21 12:00:00,-999.0
2025-07-21 13:00:00,-999.0
2025-07-21 14:00:00,-999.0
2025-07-21 15:00:00,-999.0
2025-07-21 16:00:00,-999.0
2025-07-21 17:00:00,-999.0
2025-07-21 18:00:00,-999.0
2025-07-21 19:00:00,-999.0
2025-07-21 20:00:00,-999.0
2025-07-21 21:00:00,-999.0
2025-07-21 22:00:00,-999.0
2025-07-21 23:00:00,-999.0
2025-07-22 00:00:00,-999.0
2025-07-22 01:00:00,-999.0
2025-07-22 02:00:00,-999.0
2025-07-22 03:00:00,-999.0
2025-07-22 04:00:00,-999.0
2025-07-22 05:00:00,-999.0
2025-07-22 06:00:00,-999.0
2025-07-22 07:00:00,-999.0
2025-07-22 08:00:00,-999.0
2025-07-22 09:00:00,-999.0
2025-07-22 10:00:00,-999.0
2025-07-22 11:00:00,-999.0
2025-07-22 12:00:00,-999.0
2025-07-22 13:00:00,-999.0
2025-07-22 14:00:00,-999.0
2025-07-22 15:00:00,-999.0
2025-07-22 16:00:00,-999.0
2025-07-22 17:00:00,-999.0
2025-07-22 18:00:00,-999.0
2025-07-22 19:00:00,-999.0
2025-07-22 20:00:00,-999.0
2025-07-22 21:00:00,-999.0
2025-07-22 22:00:00,-999.0
2025-07-22 23:00:00,-999.0
2025-07-23 00:00:00,-999.0
2025-07-23 01:00:00,-999.0
2025-07-23 02:00:00,-999.0
2025-07-23 03:00:00,-999.0
2025-07-23 04:00:00,-999.0
2025-07-23 05:00:00,-999.0
2025-07-23 06:00:00,-999.0
2025-07-23 07:00:00,-999.0
2025-07-23 08:00:00,-999.0
2025-07-23 09:00:00,-999.0
2025-07-23 10:00:00,-999.0
2025-07-23 11:00:00,-999.0
2025-07-23 12:00:00,-999.0
2025-07-23 13:00:00,-999.0
2025-07-23 14:00:00,-999.0
2025-07-23 15:00:00,-999.0
2025-07-23 16:00:00,-999.0
2025-07-23 17:00:00,-999.0
2025-07-23 18:00:00,-999.0
2025-07-23 19:00:00,-999.0
2025-07-23 20:00:00,-999.0
2025-07-23 21:00:00,-999.0
2025-07-23 22:00:00,-999.0
2025-07-23 23:00:00,-999.0
2025-07-24 00:00:00,-999.0
2025-07-24 01:00:00,-999.0
2025-07-24 02:00:00,-999.0
2025-07-24 03:00:00,-999.0
2025-07-24 04:00:00,-999.0
2025-07-24 05:00:00,-999.0
2025-07-24 06:00:00,-999.0
2025-07-24 07:00:00,-999.0
2025-07-24 08:00:00,-999.0
2025-07-24 09:00:00,-999.0
2025-07-24 10:00:00,-999.0
2025-07-24 11:00:00,-999.0
2025-07-24 12:00:00,-999.0
2025-07-24 13:00:00,-999.0
2025-07-24 14:00:00,-999.0
2025-07-24 15:00:00,-999.0
2025-07-24 16:00:00,-999.0
2025-07-24 17:00:00,-999.0
2025-07-24 18:00:00,-999.0
2025-07-24 19:00:00,-999.0
2025-07-24 20:00:00,-999.0
2025-07-24 21:00:00,-999.0
2025-07-24 22:00:00,-999.0
2025-07-24 23:00:00,-999.0
2025-07-25 00:00:00,-999.0
2025-07-25 01:00:00,-999.0
2025-07-25 02:00:00,-999.0
2025-07-25 03:00:00,-999.0
2025-07-25 04:00:00,-999.0
2025-07-25 05:00:00,-999.0
2025-07-25 06:00:00,-999.0
2025-07-25 07:00:00,-999.0
2025-07-25 08:00:00,-999.0
2025-07-25 09:00:00,-999.0
2025-07-25 10:00:00,-999.0
2025-07-25 11:00:00,-999.0
2025-07-25 12:00:00,-999.0
2025-07-25 13:00:00,-999.0
2025-07-25 14:00:00,-999.0
2025-07-25 15:00:00,-999.0
2025-07-25 16:00:00,-999.0
2025-07-25 17:00:00,-999.0
2025-07-25 18:00:00,-999.0
2025-07-25 19:00:00,-999.0
2025-07-25 20:00:00,-999.0
2025-07-25 21:00:00,-999.0
2025-07-25 22:00:00,-999.0
2025-07-25 23:00:00,-999.0
2025-07-26 00:00:00,-999.0
2025-07-26 01:00:00,-999.0
2025-07-26 02:00:00,-999.0
2025-07-26 03:00:00,-999.0
2025-07-26 04:00:00,-999.0
2025-07-26 05:00:00,-999.0
2025-07-26 06:00:00,-999.0
2025-07-26 07:00:00,-999.0
2025-07-26 08:00:00,-999.0
2025-07-26 09:00:00,-999.0
2025-07-26 10:00:00,-999.0
2025-07-26 11:00:00,-999.0
2025-07-26 12:00:00,-999.0
2025-07-26 13:00:00,-999.0
2025-07-26 14:00:00,-999.0
2025-07-26 15:00:00,-999.0
2025-07-26 16:00:00,-999.0
2025-07-26 17:00:00,-999.0
2025-07-26 18:00:00,-999.0
2025-07-26 19:00:00,-999.0
2025-07-26 20:00:00,-999.0
2025-07-26 21:00:00,-999.0
2025-07-26 22:00:00,-999.0
2025-07-26 23:00:00,-999.0
2025-07-27 00:00:00,-999.0
2025-07-27 01:00:00,-999.0
2025-07-27 02:00:00,-999.0
2025-07-27 03:00:00,-999.0
2025-07-27 04:00:00,-999.0
2025-07-27 05:00:00,-999.0
2025-07-27 06:00:00,-999.0
2025-07-27 07:00:00,-999.0
2025-07-27 08:00:00,-999.0
2025-07-27 09:00:00,-999.0
2025-07-27 10:00:00,-999.0
2025-07-27 11:00:00,-999.0
2025-07-27 12:00:00,-999.0
2025-07-27 13:00:00,-999.0
2025-07-27 14:00:00,-999.0
2025-07-27 15:00:00,-999.0
2025-07-27 16:00:00,-999.0
2025-07-27 17:00:00,-999.0
2025-07-27 18:00:00,-999.0
2025-07-27 19:00:00,-999.0
2025-07-27 20:00:00,-999.0
2025-07-27 21:00:00,-999.0
2025-07-27 22:00:00,-999.0
2025-07-27 23:00:00,-999.0
2025-07-28 00:00:00,-999.0
2025-07-28 01:00:00,-999.0
2025-07-28 02:00:00,-999.0
2025-07-28 03:00:00,-999.0
2025-07-28 04:00:00,-999.0
2025-07-28 05:00:00,-999.0
2025-07-28 06:00:00,-999.0
2025-07-28 07:00:00,-999.0
2025-07-28 08:00:00,-999.0
2025-07-28 09:00:00,-999.0
2025-07-28 10:00:00,-999.0
2025-07-28 11:00:00,-999.0
2025-07-28 12:00:00,-999.0
2025-07-28 13:00:00,-999.0
2025-07-28 14:00:00,-999.0
2025-07-28 15:00:00,-999.0
2025-07-28 16:00:00,-999.0
2025-07-28 17:00:00,-999.0
2025-07-28 18:00:00,-999.0
2025-07-28 19:00:00,-999.0
2025-07-28 20:00:00,-999.0
2025-07-28 21:00:00,-999.0
2025-07-28 22:00:00,-999.0
2025-07-28 23:00:00,-999.0
2025-07-29 00:00:00,-999.0
2025-07-29 01:00:00,-999.0
2025-07-29 02:00:00,-999.0
2025-07-29 03:00:00,-999.0
2025-07-29 04:00:00,-999.0
2025-07-29 05:00:00,-999.0
2025-07-29 06:00:00,-999.0
2025-07-29 07:00:00,-999.0
2025-07-29 08:00:00,-999.0
2025-07-29 09:00:00,-999.0
2025-07-29 10:00:00,-999.0
2025-07-29 11:00:00,-999.0
2025-07-29 12:00:00,-999.0
2025-07-29 13:00:00,-999.0
2025-07-29 14:00:00,-999.0
2025-07-29 15:00:00,-999.0
2025-07-29 16:00:00,-999.0
2025-07-29 17:00:00,-999.0
2025-07-29 18:00:00,-999.0
2025-07-29 19:00:00,-999.0
2025-07-29 20:00:00,-999.0
2025-07-29 21:00:00,-999.0
2025-07-29 22:00:00,-999.0
2025-07-29 23:00:00,-999.0
2025-07-30 00:00:00,-999.0
2025-07-30 01:00:00,-999.0
2025-07-30 02:00:00,-999.0
2025-07-30 03:00:00,-999.0
2025-07-30 04:00:00,-999.0
2025-07-30 05:00:00,-999.0
2025-07-30 06:00:00,-999.0
2025-07-30 07:00:00,-999.0
2025-07-30 08:00:00,-999.0
2025-07-30 09:00:00,-999.0
2025-07-30 10:00:00,-999.0
2025-07-30 11:00:00,-999.0
2025-07-30 12:00:00,-999.0
2025-07-30 13:00:00,-999.0
2025-07-30 14:00:00,-999.0
2025-07-30 15:00:00,-999.0
2025-07-30 16:00:00,-999.0
2025-07-30 17:00:00,-999.0
2025-07-30 18:00:00,-999.0
2025-07-30 19:00:00,-999.0
2025-07-30 20:00:00,-999.0
2025-07-30 21:00:00,-999.0
2025-07-30 22:00:00,-999.0
2025-07-30 23:00:00,-999.0
2025-07-31 00:00:00,-999.0
2025-07-31 01:00:00,-999.0
2025-07-31 02:00:00,-999.0
2025-07-31 03:00:00,-999.0
2025-07-31 04:00:00,-999.0
2025-07-31 05:00:00,-999.0
2025-07-31 06:00:00,-999.0
2025-07-31 07:00:00,-999.0
2025-07-31 08:00:00,-999.0
2025-07-31 09:00:00,-999.0
2025-07-31 10:00:00,-999.0
2025-07-31 11:00:00,-999.0
2025-07-31 12:00:00,-999.0
2025-07-31 13:00:00,-999.0
2025-07-31 14:00:00,-999.0
2025-07-31 15:00:00,-999.0
2025-07-31 16:00:00,-999.0
2025-07-31 17:00:00,-999.0
2025-07-31 18:00:00,-999.0
2025-07-31 19:00:00,-999.0
2025-07-31 20:00:00,-999.0
2025-07-31 21:00:00,-999.0
2025-07-31 22:00:00,-999.0
2025-07-31 23:00:00,-999.0
2025-08-01 00:00:00,-999.0
2025-08-01 01:00:00,-999.0
2025-08-01 02:00:00,-999.0
2025-08-01 03:00:00,-999.0
2025-08-01 04:00:00,-999.0
2025-08-01 05:00:00,-999.0
2025-08-01 06:00:00,-999.0
2025-08-01 07:00:00,-999.0
2025-08-01 08:00:00,-999.0
2025-08-01 09:00:00,-999.0
2025-08-01 10:00:00,-999.0
2025-08-01 11:00:00,-999.0
2025-08-01 12:00:00,-999.0
2025-08-01 13:00:00,-999.0
2025-08-01 14:00:00,-999.0
2025-08-01 15:00:00,-999.0
2025-08-01 16:00:00,-999.0
2025-08-01 17:00:00,-999.0
2025-08-01 18:00:00,-999.0
2025-08-01 19:00:00,-999.0
2025-08-01 20:00:00,-999.0
2025-08-01 21:00:00,-999.0
2025-08-01 22:00:00,-999.0
2025-08-01 23:00:00,-999.0
2025-08-02 00:00:00,-999.0
2025-08-02 01:00:00,-999.0
2025-08-02 02:00:00,-999.0
2025-08-02 03:00:00,-999.0
2025-08-02 04:00:00,-999.0
2025-08-02 05:00:00,-999.0
2025-08-02 06:00:00,-999.0
2025-08-02 07:00:00,-999.0
2025-08-02 08:00:00,-999.0
2025-08-02 09:00:00,-999.0
2025-08-02 10:00:00,-999.0
2025-08-02 11:00:00,-999.0
2025-08-02 12:00:00,-999.0
2025-08-02 13:00:00,-999.0
2025-08-02 14:00:00,-999.0
2025-08-02 15:00:00,-999.0
2025-08-02 16:00:00,-999.0
2025-08-02 17:00:00,-999.0
2025-08-02 18:00:00,-999.0
2025-08-02 19:00:00,-999.0
2025-08-02 20:00:00,-999.0
2025-08-02 21:00:00,-999.0
2025-08-02 22:00:00,-999.0
2025-08-02 23:00:00,-999.0
