datetime,ALLSKY_SFC_SW_DIFF
2024-08-02 00:00:00,0.0
2024-08-02 01:00:00,0.0
2024-08-02 02:00:00,0.0
2024-08-02 03:00:00,0.0
2024-08-02 04:00:00,0.0
2024-08-02 05:00:00,7.72
2024-08-02 06:00:00,43.77
2024-08-02 07:00:00,116.21
2024-08-02 08:00:00,199.95
2024-08-02 09:00:00,243.23
2024-08-02 10:00:00,307.1
2024-08-02 11:00:00,336.95
2024-08-02 12:00:00,283.76
2024-08-02 13:00:00,282.66
2024-08-02 14:00:00,249.74
2024-08-02 15:00:00,141.02
2024-08-02 16:00:00,117.16
2024-08-02 17:00:00,54.31
2024-08-02 18:00:00,10.54
2024-08-02 19:00:00,0.0
2024-08-02 20:00:00,0.0
2024-08-02 21:00:00,0.0
2024-08-02 22:00:00,0.0
2024-08-02 23:00:00,0.0
2024-08-03 00:00:00,0.0
2024-08-03 01:00:00,0.0
2024-08-03 02:00:00,0.0
2024-08-03 03:00:00,0.0
2024-08-03 04:00:00,0.0
2024-08-03 05:00:00,5.78
2024-08-03 06:00:00,67.11
2024-08-03 07:00:00,159.98
2024-08-03 08:00:00,262.29
2024-08-03 09:00:00,306.1
2024-08-03 10:00:00,340.09
2024-08-03 11:00:00,295.92
2024-08-03 12:00:00,279.6
2024-08-03 13:00:00,220.85
2024-08-03 14:00:00,256.04
2024-08-03 15:00:00,157.15
2024-08-03 16:00:00,116.72
2024-08-03 17:00:00,58.89
2024-08-03 18:00:00,13.31
2024-08-03 19:00:00,0.0
2024-08-03 20:00:00,0.0
2024-08-03 21:00:00,0.0
2024-08-03 22:00:00,0.0
2024-08-03 23:00:00,0.0
2024-08-04 00:00:00,0.0
2024-08-04 01:00:00,0.0
2024-08-04 02:00:00,0.0
2024-08-04 03:00:00,0.0
2024-08-04 04:00:00,0.0
2024-08-04 05:00:00,8.92
2024-08-04 06:00:00,83.83
2024-08-04 07:00:00,166.56
2024-08-04 08:00:00,208.31
2024-08-04 09:00:00,253.44
2024-08-04 10:00:00,202.46
2024-08-04 11:00:00,214.49
2024-08-04 12:00:00,382.46
2024-08-04 13:00:00,300.39
2024-08-04 14:00:00,189.46
2024-08-04 15:00:00,141.3
2024-08-04 16:00:00,118.5
2024-08-04 17:00:00,78.24
2024-08-04 18:00:00,23.17
2024-08-04 19:00:00,0.0
2024-08-04 20:00:00,0.0
2024-08-04 21:00:00,0.0
2024-08-04 22:00:00,0.0
2024-08-04 23:00:00,0.0
2024-08-05 00:00:00,0.0
2024-08-05 01:00:00,0.0
2024-08-05 02:00:00,0.0
2024-08-05 03:00:00,0.0
2024-08-05 04:00:00,0.0
2024-08-05 05:00:00,7.67
2024-08-05 06:00:00,92.89
2024-08-05 07:00:00,162.88
2024-08-05 08:00:00,190.34
2024-08-05 09:00:00,223.91
2024-08-05 10:00:00,224.33
2024-08-05 11:00:00,235.31
2024-08-05 12:00:00,276.26
2024-08-05 13:00:00,176.1
2024-08-05 14:00:00,154.93
2024-08-05 15:00:00,93.88
2024-08-05 16:00:00,66.07
2024-08-05 17:00:00,38.17
2024-08-05 18:00:00,8.06
2024-08-05 19:00:00,0.0
2024-08-05 20:00:00,0.0
2024-08-05 21:00:00,0.0
2024-08-05 22:00:00,0.0
2024-08-05 23:00:00,0.0
2024-08-06 00:00:00,0.0
2024-08-06 01:00:00,0.0
2024-08-06 02:00:00,0.0
2024-08-06 03:00:00,0.0
2024-08-06 04:00:00,0.0
2024-08-06 05:00:00,5.04
2024-08-06 06:00:00,63.93
2024-08-06 07:00:00,151.55
2024-08-06 08:00:00,245.71
2024-08-06 09:00:00,364.43
2024-08-06 10:00:00,382.07
2024-08-06 11:00:00,326.54
2024-08-06 12:00:00,286.65
2024-08-06 13:00:00,280.46
2024-08-06 14:00:00,237.28
2024-08-06 15:00:00,184.82
2024-08-06 16:00:00,140.48
2024-08-06 17:00:00,75.28
2024-08-06 18:00:00,12.07
2024-08-06 19:00:00,0.0
2024-08-06 20:00:00,0.0
2024-08-06 21:00:00,0.0
2024-08-06 22:00:00,0.0
2024-08-06 23:00:00,0.0
2024-08-07 00:00:00,0.0
2024-08-07 01:00:00,0.0
2024-08-07 02:00:00,0.0
2024-08-07 03:00:00,0.0
2024-08-07 04:00:00,0.0
2024-08-07 05:00:00,6.6
2024-08-07 06:00:00,54.54
2024-08-07 07:00:00,131.64
2024-08-07 08:00:00,249.49
2024-08-07 09:00:00,302.5
2024-08-07 10:00:00,422.4
2024-08-07 11:00:00,397.7
2024-08-07 12:00:00,367.92
2024-08-07 13:00:00,309.37
2024-08-07 14:00:00,195.98
2024-08-07 15:00:00,180.62
2024-08-07 16:00:00,126.44
2024-08-07 17:00:00,61.73
2024-08-07 18:00:00,13.9
2024-08-07 19:00:00,0.0
2024-08-07 20:00:00,0.0
2024-08-07 21:00:00,0.0
2024-08-07 22:00:00,0.0
2024-08-07 23:00:00,0.0
2024-08-08 00:00:00,0.0
2024-08-08 01:00:00,0.0
2024-08-08 02:00:00,0.0
2024-08-08 03:00:00,0.0
2024-08-08 04:00:00,0.0
2024-08-08 05:00:00,6.08
2024-08-08 06:00:00,68.24
2024-08-08 07:00:00,176.51
2024-08-08 08:00:00,314.75
2024-08-08 09:00:00,376.56
2024-08-08 10:00:00,402.2
2024-08-08 11:00:00,352.4
2024-08-08 12:00:00,354.18
2024-08-08 13:00:00,328.14
2024-08-08 14:00:00,176.16
2024-08-08 15:00:00,147.62
2024-08-08 16:00:00,119.39
2024-08-08 17:00:00,61.34
2024-08-08 18:00:00,11.82
2024-08-08 19:00:00,0.0
2024-08-08 20:00:00,0.0
2024-08-08 21:00:00,0.0
2024-08-08 22:00:00,0.0
2024-08-08 23:00:00,0.0
2024-08-09 00:00:00,0.0
2024-08-09 01:00:00,0.0
2024-08-09 02:00:00,0.0
2024-08-09 03:00:00,0.0
2024-08-09 04:00:00,0.0
2024-08-09 05:00:00,4.38
2024-08-09 06:00:00,50.49
2024-08-09 07:00:00,113.54
2024-08-09 08:00:00,218.08
2024-08-09 09:00:00,277.56
2024-08-09 10:00:00,314.22
2024-08-09 11:00:00,267.32
2024-08-09 12:00:00,305.28
2024-08-09 13:00:00,193.9
2024-08-09 14:00:00,145.69
2024-08-09 15:00:00,132.33
2024-08-09 16:00:00,91.76
2024-08-09 17:00:00,46.38
2024-08-09 18:00:00,8.77
2024-08-09 19:00:00,0.0
2024-08-09 20:00:00,0.0
2024-08-09 21:00:00,0.0
2024-08-09 22:00:00,0.0
2024-08-09 23:00:00,0.0
2024-08-10 00:00:00,0.0
2024-08-10 01:00:00,0.0
2024-08-10 02:00:00,0.0
2024-08-10 03:00:00,0.0
2024-08-10 04:00:00,0.0
2024-08-10 05:00:00,4.15
2024-08-10 06:00:00,61.65
2024-08-10 07:00:00,158.25
2024-08-10 08:00:00,270.49
2024-08-10 09:00:00,389.61
2024-08-10 10:00:00,363.67
2024-08-10 11:00:00,231.75
2024-08-10 12:00:00,248.99
2024-08-10 13:00:00,166.74
2024-08-10 14:00:00,174.89
2024-08-10 15:00:00,131.26
2024-08-10 16:00:00,96.03
2024-08-10 17:00:00,51.43
2024-08-10 18:00:00,8.85
2024-08-10 19:00:00,0.0
2024-08-10 20:00:00,0.0
2024-08-10 21:00:00,0.0
2024-08-10 22:00:00,0.0
2024-08-10 23:00:00,0.0
2024-08-11 00:00:00,0.0
2024-08-11 01:00:00,0.0
2024-08-11 02:00:00,0.0
2024-08-11 03:00:00,0.0
2024-08-11 04:00:00,0.0
2024-08-11 05:00:00,5.66
2024-08-11 06:00:00,67.45
2024-08-11 07:00:00,203.75
2024-08-11 08:00:00,241.23
2024-08-11 09:00:00,294.2
2024-08-11 10:00:00,330.39
2024-08-11 11:00:00,392.0
2024-08-11 12:00:00,373.79
2024-08-11 13:00:00,262.23
2024-08-11 14:00:00,172.38
2024-08-11 15:00:00,76.96
2024-08-11 16:00:00,113.52
2024-08-11 17:00:00,57.24
2024-08-11 18:00:00,10.92
2024-08-11 19:00:00,0.0
2024-08-11 20:00:00,0.0
2024-08-11 21:00:00,0.0
2024-08-11 22:00:00,0.0
2024-08-11 23:00:00,0.0
2024-08-12 00:00:00,0.0
2024-08-12 01:00:00,0.0
2024-08-12 02:00:00,0.0
2024-08-12 03:00:00,0.0
2024-08-12 04:00:00,0.0
2024-08-12 05:00:00,5.28
2024-08-12 06:00:00,72.76
2024-08-12 07:00:00,150.01
2024-08-12 08:00:00,225.4
2024-08-12 09:00:00,260.2
2024-08-12 10:00:00,291.12
2024-08-12 11:00:00,259.52
2024-08-12 12:00:00,239.58
2024-08-12 13:00:00,235.98
2024-08-12 14:00:00,235.1
2024-08-12 15:00:00,145.02
2024-08-12 16:00:00,110.67
2024-08-12 17:00:00,54.17
2024-08-12 18:00:00,8.8
2024-08-12 19:00:00,0.0
2024-08-12 20:00:00,0.0
2024-08-12 21:00:00,0.0
2024-08-12 22:00:00,0.0
2024-08-12 23:00:00,0.0
2024-08-13 00:00:00,0.0
2024-08-13 01:00:00,0.0
2024-08-13 02:00:00,0.0
2024-08-13 03:00:00,0.0
2024-08-13 04:00:00,0.0
2024-08-13 05:00:00,4.25
2024-08-13 06:00:00,62.75
2024-08-13 07:00:00,158.71
2024-08-13 08:00:00,243.02
2024-08-13 09:00:00,324.61
2024-08-13 10:00:00,356.96
2024-08-13 11:00:00,342.42
2024-08-13 12:00:00,324.43
2024-08-13 13:00:00,288.0
2024-08-13 14:00:00,250.52
2024-08-13 15:00:00,154.48
2024-08-13 16:00:00,117.41
2024-08-13 17:00:00,57.82
2024-08-13 18:00:00,9.22
2024-08-13 19:00:00,0.0
2024-08-13 20:00:00,0.0
2024-08-13 21:00:00,0.0
2024-08-13 22:00:00,0.0
2024-08-13 23:00:00,0.0
2024-08-14 00:00:00,0.0
2024-08-14 01:00:00,0.0
2024-08-14 02:00:00,0.0
2024-08-14 03:00:00,0.0
2024-08-14 04:00:00,0.0
2024-08-14 05:00:00,3.97
2024-08-14 06:00:00,56.69
2024-08-14 07:00:00,167.49
2024-08-14 08:00:00,305.84
2024-08-14 09:00:00,369.68
2024-08-14 10:00:00,447.75
2024-08-14 11:00:00,409.79
2024-08-14 12:00:00,366.07
2024-08-14 13:00:00,385.46
2024-08-14 14:00:00,297.9
2024-08-14 15:00:00,155.25
2024-08-14 16:00:00,141.46
2024-08-14 17:00:00,71.8
2024-08-14 18:00:00,12.83
2024-08-14 19:00:00,0.0
2024-08-14 20:00:00,0.0
2024-08-14 21:00:00,0.0
2024-08-14 22:00:00,0.0
2024-08-14 23:00:00,0.0
2024-08-15 00:00:00,0.0
2024-08-15 01:00:00,0.0
2024-08-15 02:00:00,0.0
2024-08-15 03:00:00,0.0
2024-08-15 04:00:00,0.0
2024-08-15 05:00:00,4.14
2024-08-15 06:00:00,77.3
2024-08-15 07:00:00,150.85
2024-08-15 08:00:00,191.9
2024-08-15 09:00:00,208.68
2024-08-15 10:00:00,205.43
2024-08-15 11:00:00,252.38
2024-08-15 12:00:00,252.21
2024-08-15 13:00:00,218.58
2024-08-15 14:00:00,170.64
2024-08-15 15:00:00,119.79
2024-08-15 16:00:00,99.67
2024-08-15 17:00:00,55.67
2024-08-15 18:00:00,10.68
2024-08-15 19:00:00,0.0
2024-08-15 20:00:00,0.0
2024-08-15 21:00:00,0.0
2024-08-15 22:00:00,0.0
2024-08-15 23:00:00,0.0
2024-08-16 00:00:00,0.0
2024-08-16 01:00:00,0.0
2024-08-16 02:00:00,0.0
2024-08-16 03:00:00,0.0
2024-08-16 04:00:00,0.0
2024-08-16 05:00:00,5.44
2024-08-16 06:00:00,62.71
2024-08-16 07:00:00,109.67
2024-08-16 08:00:00,111.73
2024-08-16 09:00:00,132.45
2024-08-16 10:00:00,127.01
2024-08-16 11:00:00,235.52
2024-08-16 12:00:00,239.72
2024-08-16 13:00:00,253.01
2024-08-16 14:00:00,201.39
2024-08-16 15:00:00,135.32
2024-08-16 16:00:00,101.28
2024-08-16 17:00:00,46.32
2024-08-16 18:00:00,11.8
2024-08-16 19:00:00,0.0
2024-08-16 20:00:00,0.0
2024-08-16 21:00:00,0.0
2024-08-16 22:00:00,0.0
2024-08-16 23:00:00,0.0
2024-08-17 00:00:00,0.0
2024-08-17 01:00:00,0.0
2024-08-17 02:00:00,0.0
2024-08-17 03:00:00,0.0
2024-08-17 04:00:00,0.0
2024-08-17 05:00:00,4.43
2024-08-17 06:00:00,64.75
2024-08-17 07:00:00,53.77
2024-08-17 08:00:00,75.32
2024-08-17 09:00:00,69.76
2024-08-17 10:00:00,122.1
2024-08-17 11:00:00,249.67
2024-08-17 12:00:00,232.33
2024-08-17 13:00:00,295.56
2024-08-17 14:00:00,223.02
2024-08-17 15:00:00,164.71
2024-08-17 16:00:00,132.64
2024-08-17 17:00:00,67.08
2024-08-17 18:00:00,8.9
2024-08-17 19:00:00,0.0
2024-08-17 20:00:00,0.0
2024-08-17 21:00:00,0.0
2024-08-17 22:00:00,0.0
2024-08-17 23:00:00,0.0
2024-08-18 00:00:00,0.0
2024-08-18 01:00:00,0.0
2024-08-18 02:00:00,0.0
2024-08-18 03:00:00,0.0
2024-08-18 04:00:00,0.0
2024-08-18 05:00:00,0.0
2024-08-18 06:00:00,51.02
2024-08-18 07:00:00,61.0
2024-08-18 08:00:00,50.99
2024-08-18 09:00:00,59.86
2024-08-18 10:00:00,156.24
2024-08-18 11:00:00,245.78
2024-08-18 12:00:00,290.84
2024-08-18 13:00:00,248.23
2024-08-18 14:00:00,224.59
2024-08-18 15:00:00,126.02
2024-08-18 16:00:00,89.77
2024-08-18 17:00:00,42.63
2024-08-18 18:00:00,7.48
2024-08-18 19:00:00,0.0
2024-08-18 20:00:00,0.0
2024-08-18 21:00:00,0.0
2024-08-18 22:00:00,0.0
2024-08-18 23:00:00,0.0
2024-08-19 00:00:00,0.0
2024-08-19 01:00:00,0.0
2024-08-19 02:00:00,0.0
2024-08-19 03:00:00,0.0
2024-08-19 04:00:00,0.0
2024-08-19 05:00:00,0.0
2024-08-19 06:00:00,70.44
2024-08-19 07:00:00,128.19
2024-08-19 08:00:00,213.06
2024-08-19 09:00:00,292.3
2024-08-19 10:00:00,313.15
2024-08-19 11:00:00,275.39
2024-08-19 12:00:00,284.69
2024-08-19 13:00:00,267.19
2024-08-19 14:00:00,207.39
2024-08-19 15:00:00,150.98
2024-08-19 16:00:00,110.52
2024-08-19 17:00:00,53.12
2024-08-19 18:00:00,8.23
2024-08-19 19:00:00,0.0
2024-08-19 20:00:00,0.0
2024-08-19 21:00:00,0.0
2024-08-19 22:00:00,0.0
2024-08-19 23:00:00,0.0
2024-08-20 00:00:00,0.0
2024-08-20 01:00:00,0.0
2024-08-20 02:00:00,0.0
2024-08-20 03:00:00,0.0
2024-08-20 04:00:00,0.0
2024-08-20 05:00:00,0.0
2024-08-20 06:00:00,58.34
2024-08-20 07:00:00,112.83
2024-08-20 08:00:00,139.33
2024-08-20 09:00:00,180.27
2024-08-20 10:00:00,330.75
2024-08-20 11:00:00,353.54
2024-08-20 12:00:00,291.95
2024-08-20 13:00:00,196.73
2024-08-20 14:00:00,239.64
2024-08-20 15:00:00,126.05
2024-08-20 16:00:00,107.08
2024-08-20 17:00:00,55.9
2024-08-20 18:00:00,10.94
2024-08-20 19:00:00,0.0
2024-08-20 20:00:00,0.0
2024-08-20 21:00:00,0.0
2024-08-20 22:00:00,0.0
2024-08-20 23:00:00,0.0
2024-08-21 00:00:00,0.0
2024-08-21 01:00:00,0.0
2024-08-21 02:00:00,0.0
2024-08-21 03:00:00,0.0
2024-08-21 04:00:00,0.0
2024-08-21 05:00:00,0.0
2024-08-21 06:00:00,54.77
2024-08-21 07:00:00,143.91
2024-08-21 08:00:00,280.05
2024-08-21 09:00:00,305.93
2024-08-21 10:00:00,380.78
2024-08-21 11:00:00,177.63
2024-08-21 12:00:00,302.23
2024-08-21 13:00:00,296.69
2024-08-21 14:00:00,220.57
2024-08-21 15:00:00,123.3
2024-08-21 16:00:00,80.38
2024-08-21 17:00:00,28.91
2024-08-21 18:00:00,9.04
2024-08-21 19:00:00,0.0
2024-08-21 20:00:00,0.0
2024-08-21 21:00:00,0.0
2024-08-21 22:00:00,0.0
2024-08-21 23:00:00,0.0
2024-08-22 00:00:00,0.0
2024-08-22 01:00:00,0.0
2024-08-22 02:00:00,0.0
2024-08-22 03:00:00,0.0
2024-08-22 04:00:00,0.0
2024-08-22 05:00:00,0.0
2024-08-22 06:00:00,74.45
2024-08-22 07:00:00,169.69
2024-08-22 08:00:00,272.19
2024-08-22 09:00:00,351.99
2024-08-22 10:00:00,393.22
2024-08-22 11:00:00,265.57
2024-08-22 12:00:00,365.81
2024-08-22 13:00:00,252.23
2024-08-22 14:00:00,182.12
2024-08-22 15:00:00,138.58
2024-08-22 16:00:00,115.86
2024-08-22 17:00:00,59.48
2024-08-22 18:00:00,9.89
2024-08-22 19:00:00,0.0
2024-08-22 20:00:00,0.0
2024-08-22 21:00:00,0.0
2024-08-22 22:00:00,0.0
2024-08-22 23:00:00,0.0
2024-08-23 00:00:00,0.0
2024-08-23 01:00:00,0.0
2024-08-23 02:00:00,0.0
2024-08-23 03:00:00,0.0
2024-08-23 04:00:00,0.0
2024-08-23 05:00:00,0.0
2024-08-23 06:00:00,73.73
2024-08-23 07:00:00,181.01
2024-08-23 08:00:00,261.45
2024-08-23 09:00:00,365.67
2024-08-23 10:00:00,447.73
2024-08-23 11:00:00,333.51
2024-08-23 12:00:00,344.84
2024-08-23 13:00:00,320.91
2024-08-23 14:00:00,166.41
2024-08-23 15:00:00,133.99
2024-08-23 16:00:00,106.18
2024-08-23 17:00:00,59.24
2024-08-23 18:00:00,9.5
2024-08-23 19:00:00,0.0
2024-08-23 20:00:00,0.0
2024-08-23 21:00:00,0.0
2024-08-23 22:00:00,0.0
2024-08-23 23:00:00,0.0
2024-08-24 00:00:00,0.0
2024-08-24 01:00:00,0.0
2024-08-24 02:00:00,0.0
2024-08-24 03:00:00,0.0
2024-08-24 04:00:00,0.0
2024-08-24 05:00:00,0.0
2024-08-24 06:00:00,73.08
2024-08-24 07:00:00,156.66
2024-08-24 08:00:00,200.77
2024-08-24 09:00:00,249.39
2024-08-24 10:00:00,270.16
2024-08-24 11:00:00,377.65
2024-08-24 12:00:00,394.89
2024-08-24 13:00:00,296.37
2024-08-24 14:00:00,305.35
2024-08-24 15:00:00,139.89
2024-08-24 16:00:00,113.76
2024-08-24 17:00:00,60.05
2024-08-24 18:00:00,8.27
2024-08-24 19:00:00,0.0
2024-08-24 20:00:00,0.0
2024-08-24 21:00:00,0.0
2024-08-24 22:00:00,0.0
2024-08-24 23:00:00,0.0
2024-08-25 00:00:00,0.0
2024-08-25 01:00:00,0.0
2024-08-25 02:00:00,0.0
2024-08-25 03:00:00,0.0
2024-08-25 04:00:00,0.0
2024-08-25 05:00:00,0.0
2024-08-25 06:00:00,71.92
2024-08-25 07:00:00,124.33
2024-08-25 08:00:00,136.59
2024-08-25 09:00:00,214.53
2024-08-25 10:00:00,239.46
2024-08-25 11:00:00,297.49
2024-08-25 12:00:00,293.77
2024-08-25 13:00:00,341.81
2024-08-25 14:00:00,271.27
2024-08-25 15:00:00,155.08
2024-08-25 16:00:00,122.81
2024-08-25 17:00:00,61.12
2024-08-25 18:00:00,9.4
2024-08-25 19:00:00,0.0
2024-08-25 20:00:00,0.0
2024-08-25 21:00:00,0.0
2024-08-25 22:00:00,0.0
2024-08-25 23:00:00,0.0
2024-08-26 00:00:00,0.0
2024-08-26 01:00:00,0.0
2024-08-26 02:00:00,0.0
2024-08-26 03:00:00,0.0
2024-08-26 04:00:00,0.0
2024-08-26 05:00:00,0.0
2024-08-26 06:00:00,65.64
2024-08-26 07:00:00,159.37
2024-08-26 08:00:00,245.5
2024-08-26 09:00:00,289.84
2024-08-26 10:00:00,388.12
2024-08-26 11:00:00,319.85
2024-08-26 12:00:00,226.96
2024-08-26 13:00:00,213.01
2024-08-26 14:00:00,148.59
2024-08-26 15:00:00,120.25
2024-08-26 16:00:00,96.65
2024-08-26 17:00:00,42.94
2024-08-26 18:00:00,6.85
2024-08-26 19:00:00,0.0
2024-08-26 20:00:00,0.0
2024-08-26 21:00:00,0.0
2024-08-26 22:00:00,0.0
2024-08-26 23:00:00,0.0
2024-08-27 00:00:00,0.0
2024-08-27 01:00:00,0.0
2024-08-27 02:00:00,0.0
2024-08-27 03:00:00,0.0
2024-08-27 04:00:00,0.0
2024-08-27 05:00:00,0.0
2024-08-27 06:00:00,52.11
2024-08-27 07:00:00,127.81
2024-08-27 08:00:00,208.95
2024-08-27 09:00:00,328.17
2024-08-27 10:00:00,301.1
2024-08-27 11:00:00,263.27
2024-08-27 12:00:00,335.93
2024-08-27 13:00:00,285.66
2024-08-27 14:00:00,171.54
2024-08-27 15:00:00,124.95
2024-08-27 16:00:00,82.62
2024-08-27 17:00:00,44.33
2024-08-27 18:00:00,8.3
2024-08-27 19:00:00,0.0
2024-08-27 20:00:00,0.0
2024-08-27 21:00:00,0.0
2024-08-27 22:00:00,0.0
2024-08-27 23:00:00,0.0
2024-08-28 00:00:00,0.0
2024-08-28 01:00:00,0.0
2024-08-28 02:00:00,0.0
2024-08-28 03:00:00,0.0
2024-08-28 04:00:00,0.0
2024-08-28 05:00:00,0.0
2024-08-28 06:00:00,57.03
2024-08-28 07:00:00,99.57
2024-08-28 08:00:00,109.66
2024-08-28 09:00:00,183.92
2024-08-28 10:00:00,212.18
2024-08-28 11:00:00,359.4
2024-08-28 12:00:00,295.24
2024-08-28 13:00:00,228.07
2024-08-28 14:00:00,191.36
2024-08-28 15:00:00,149.89
2024-08-28 16:00:00,101.93
2024-08-28 17:00:00,47.55
2024-08-28 18:00:00,7.32
2024-08-28 19:00:00,0.0
2024-08-28 20:00:00,0.0
2024-08-28 21:00:00,0.0
2024-08-28 22:00:00,0.0
2024-08-28 23:00:00,0.0
2024-08-29 00:00:00,0.0
2024-08-29 01:00:00,0.0
2024-08-29 02:00:00,0.0
2024-08-29 03:00:00,0.0
2024-08-29 04:00:00,0.0
2024-08-29 05:00:00,0.0
2024-08-29 06:00:00,63.28
2024-08-29 07:00:00,120.37
2024-08-29 08:00:00,170.73
2024-08-29 09:00:00,263.61
2024-08-29 10:00:00,323.2
2024-08-29 11:00:00,400.6
2024-08-29 12:00:00,371.65
2024-08-29 13:00:00,267.86
2024-08-29 14:00:00,173.55
2024-08-29 15:00:00,146.39
2024-08-29 16:00:00,105.68
2024-08-29 17:00:00,41.44
2024-08-29 18:00:00,5.76
2024-08-29 19:00:00,0.0
2024-08-29 20:00:00,0.0
2024-08-29 21:00:00,0.0
2024-08-29 22:00:00,0.0
2024-08-29 23:00:00,0.0
2024-08-30 00:00:00,0.0
2024-08-30 01:00:00,0.0
2024-08-30 02:00:00,0.0
2024-08-30 03:00:00,0.0
2024-08-30 04:00:00,0.0
2024-08-30 05:00:00,0.0
2024-08-30 06:00:00,47.41
2024-08-30 07:00:00,119.87
2024-08-30 08:00:00,186.53
2024-08-30 09:00:00,281.34
2024-08-30 10:00:00,311.4
2024-08-30 11:00:00,224.03
2024-08-30 12:00:00,270.08
2024-08-30 13:00:00,294.0
2024-08-30 14:00:00,236.11
2024-08-30 15:00:00,120.0
2024-08-30 16:00:00,79.29
2024-08-30 17:00:00,76.15
2024-08-30 18:00:00,8.95
2024-08-30 19:00:00,0.0
2024-08-30 20:00:00,0.0
2024-08-30 21:00:00,0.0
2024-08-30 22:00:00,0.0
2024-08-30 23:00:00,0.0
2024-08-31 00:00:00,0.0
2024-08-31 01:00:00,0.0
2024-08-31 02:00:00,0.0
2024-08-31 03:00:00,0.0
2024-08-31 04:00:00,0.0
2024-08-31 05:00:00,0.0
2024-08-31 06:00:00,64.38
2024-08-31 07:00:00,94.55
2024-08-31 08:00:00,93.49
2024-08-31 09:00:00,90.84
2024-08-31 10:00:00,196.21
2024-08-31 11:00:00,172.98
2024-08-31 12:00:00,324.14
2024-08-31 13:00:00,428.34
2024-08-31 14:00:00,359.07
2024-08-31 15:00:00,261.69
2024-08-31 16:00:00,204.27
2024-08-31 17:00:00,70.37
2024-08-31 18:00:00,3.94
2024-08-31 19:00:00,0.0
2024-08-31 20:00:00,0.0
2024-08-31 21:00:00,0.0
2024-08-31 22:00:00,0.0
2024-08-31 23:00:00,0.0
2024-09-01 00:00:00,0.0
2024-09-01 01:00:00,0.0
2024-09-01 02:00:00,0.0
2024-09-01 03:00:00,0.0
2024-09-01 04:00:00,0.0
2024-09-01 05:00:00,2.85
2024-09-01 06:00:00,36.25
2024-09-01 07:00:00,108.87
2024-09-01 08:00:00,182.24
2024-09-01 09:00:00,246.72
2024-09-01 10:00:00,306.82
2024-09-01 11:00:00,306.69
2024-09-01 12:00:00,298.83
2024-09-01 13:00:00,258.26
2024-09-01 14:00:00,226.32
2024-09-01 15:00:00,177.61
2024-09-01 16:00:00,109.96
2024-09-01 17:00:00,43.32
2024-09-01 18:00:00,5.66
2024-09-01 19:00:00,0.0
2024-09-01 20:00:00,0.0
2024-09-01 21:00:00,0.0
2024-09-01 22:00:00,0.0
2024-09-01 23:00:00,0.0
2024-09-02 00:00:00,0.0
2024-09-02 01:00:00,0.0
2024-09-02 02:00:00,0.0
2024-09-02 03:00:00,0.0
2024-09-02 04:00:00,0.0
2024-09-02 05:00:00,0.0
2024-09-02 06:00:00,47.98
2024-09-02 07:00:00,152.25
2024-09-02 08:00:00,250.78
2024-09-02 09:00:00,310.57
2024-09-02 10:00:00,323.56
2024-09-02 11:00:00,260.17
2024-09-02 12:00:00,302.87
2024-09-02 13:00:00,251.32
2024-09-02 14:00:00,253.9
2024-09-02 15:00:00,153.34
2024-09-02 16:00:00,110.52
2024-09-02 17:00:00,46.7
2024-09-02 18:00:00,3.6
2024-09-02 19:00:00,0.0
2024-09-02 20:00:00,0.0
2024-09-02 21:00:00,0.0
2024-09-02 22:00:00,0.0
2024-09-02 23:00:00,0.0
2024-09-03 00:00:00,0.0
2024-09-03 01:00:00,0.0
2024-09-03 02:00:00,0.0
2024-09-03 03:00:00,0.0
2024-09-03 04:00:00,0.0
2024-09-03 05:00:00,0.0
2024-09-03 06:00:00,55.93
2024-09-03 07:00:00,148.72
2024-09-03 08:00:00,229.99
2024-09-03 09:00:00,282.96
2024-09-03 10:00:00,335.13
2024-09-03 11:00:00,392.22
2024-09-03 12:00:00,352.74
2024-09-03 13:00:00,311.59
2024-09-03 14:00:00,142.14
2024-09-03 15:00:00,112.7
2024-09-03 16:00:00,98.96
2024-09-03 17:00:00,48.4
2024-09-03 18:00:00,4.89
2024-09-03 19:00:00,0.0
2024-09-03 20:00:00,0.0
2024-09-03 21:00:00,0.0
2024-09-03 22:00:00,0.0
2024-09-03 23:00:00,0.0
2024-09-04 00:00:00,0.0
2024-09-04 01:00:00,0.0
2024-09-04 02:00:00,0.0
2024-09-04 03:00:00,0.0
2024-09-04 04:00:00,0.0
2024-09-04 05:00:00,0.0
2024-09-04 06:00:00,54.5
2024-09-04 07:00:00,165.6
2024-09-04 08:00:00,249.57
2024-09-04 09:00:00,281.22
2024-09-04 10:00:00,397.94
2024-09-04 11:00:00,387.0
2024-09-04 12:00:00,283.42
2024-09-04 13:00:00,258.6
2024-09-04 14:00:00,186.91
2024-09-04 15:00:00,130.77
2024-09-04 16:00:00,85.37
2024-09-04 17:00:00,33.29
2024-09-04 18:00:00,2.48
2024-09-04 19:00:00,0.0
2024-09-04 20:00:00,0.0
2024-09-04 21:00:00,0.0
2024-09-04 22:00:00,0.0
2024-09-04 23:00:00,0.0
2024-09-05 00:00:00,0.0
2024-09-05 01:00:00,0.0
2024-09-05 02:00:00,0.0
2024-09-05 03:00:00,0.0
2024-09-05 04:00:00,0.0
2024-09-05 05:00:00,0.0
2024-09-05 06:00:00,46.37
2024-09-05 07:00:00,137.7
2024-09-05 08:00:00,259.21
2024-09-05 09:00:00,366.32
2024-09-05 10:00:00,380.32
2024-09-05 11:00:00,360.22
2024-09-05 12:00:00,304.63
2024-09-05 13:00:00,308.99
2024-09-05 14:00:00,262.38
2024-09-05 15:00:00,159.18
2024-09-05 16:00:00,116.57
2024-09-05 17:00:00,41.72
2024-09-05 18:00:00,3.64
2024-09-05 19:00:00,0.0
2024-09-05 20:00:00,0.0
2024-09-05 21:00:00,0.0
2024-09-05 22:00:00,0.0
2024-09-05 23:00:00,0.0
2024-09-06 00:00:00,0.0
2024-09-06 01:00:00,0.0
2024-09-06 02:00:00,0.0
2024-09-06 03:00:00,0.0
2024-09-06 04:00:00,0.0
2024-09-06 05:00:00,0.0
2024-09-06 06:00:00,62.1
2024-09-06 07:00:00,168.52
2024-09-06 08:00:00,222.63
2024-09-06 09:00:00,281.66
2024-09-06 10:00:00,341.53
2024-09-06 11:00:00,376.3
2024-09-06 12:00:00,331.1
2024-09-06 13:00:00,252.05
2024-09-06 14:00:00,229.12
2024-09-06 15:00:00,170.6
2024-09-06 16:00:00,112.46
2024-09-06 17:00:00,45.75
2024-09-06 18:00:00,0.0
2024-09-06 19:00:00,0.0
2024-09-06 20:00:00,0.0
2024-09-06 21:00:00,0.0
2024-09-06 22:00:00,0.0
2024-09-06 23:00:00,0.0
2024-09-07 00:00:00,0.0
2024-09-07 01:00:00,0.0
2024-09-07 02:00:00,0.0
2024-09-07 03:00:00,0.0
2024-09-07 04:00:00,0.0
2024-09-07 05:00:00,0.0
2024-09-07 06:00:00,48.99
2024-09-07 07:00:00,128.7
2024-09-07 08:00:00,190.99
2024-09-07 09:00:00,277.37
2024-09-07 10:00:00,347.23
2024-09-07 11:00:00,461.56
2024-09-07 12:00:00,489.54
2024-09-07 13:00:00,448.17
2024-09-07 14:00:00,334.91
2024-09-07 15:00:00,168.55
2024-09-07 16:00:00,114.66
2024-09-07 17:00:00,50.68
2024-09-07 18:00:00,0.0
2024-09-07 19:00:00,0.0
2024-09-07 20:00:00,0.0
2024-09-07 21:00:00,0.0
2024-09-07 22:00:00,0.0
2024-09-07 23:00:00,0.0
2024-09-08 00:00:00,0.0
2024-09-08 01:00:00,0.0
2024-09-08 02:00:00,0.0
2024-09-08 03:00:00,0.0
2024-09-08 04:00:00,0.0
2024-09-08 05:00:00,0.0
2024-09-08 06:00:00,47.87
2024-09-08 07:00:00,54.88
2024-09-08 08:00:00,73.33
2024-09-08 09:00:00,87.66
2024-09-08 10:00:00,160.56
2024-09-08 11:00:00,153.75
2024-09-08 12:00:00,229.42
2024-09-08 13:00:00,227.39
2024-09-08 14:00:00,264.03
2024-09-08 15:00:00,214.06
2024-09-08 16:00:00,155.57
2024-09-08 17:00:00,49.86
2024-09-08 18:00:00,0.0
2024-09-08 19:00:00,0.0
2024-09-08 20:00:00,0.0
2024-09-08 21:00:00,0.0
2024-09-08 22:00:00,0.0
2024-09-08 23:00:00,0.0
2024-09-09 00:00:00,0.0
2024-09-09 01:00:00,0.0
2024-09-09 02:00:00,0.0
2024-09-09 03:00:00,0.0
2024-09-09 04:00:00,0.0
2024-09-09 05:00:00,0.0
2024-09-09 06:00:00,43.46
2024-09-09 07:00:00,149.19
2024-09-09 08:00:00,213.19
2024-09-09 09:00:00,325.04
2024-09-09 10:00:00,383.79
2024-09-09 11:00:00,377.8
2024-09-09 12:00:00,262.53
2024-09-09 13:00:00,228.81
2024-09-09 14:00:00,157.45
2024-09-09 15:00:00,146.47
2024-09-09 16:00:00,103.76
2024-09-09 17:00:00,38.16
2024-09-09 18:00:00,0.0
2024-09-09 19:00:00,0.0
2024-09-09 20:00:00,0.0
2024-09-09 21:00:00,0.0
2024-09-09 22:00:00,0.0
2024-09-09 23:00:00,0.0
2024-09-10 00:00:00,0.0
2024-09-10 01:00:00,0.0
2024-09-10 02:00:00,0.0
2024-09-10 03:00:00,0.0
2024-09-10 04:00:00,0.0
2024-09-10 05:00:00,0.0
2024-09-10 06:00:00,54.34
2024-09-10 07:00:00,140.45
2024-09-10 08:00:00,182.9
2024-09-10 09:00:00,226.15
2024-09-10 10:00:00,369.1
2024-09-10 11:00:00,424.26
2024-09-10 12:00:00,352.87
2024-09-10 13:00:00,285.23
2024-09-10 14:00:00,232.47
2024-09-10 15:00:00,161.92
2024-09-10 16:00:00,103.96
2024-09-10 17:00:00,40.05
2024-09-10 18:00:00,0.0
2024-09-10 19:00:00,0.0
2024-09-10 20:00:00,0.0
2024-09-10 21:00:00,0.0
2024-09-10 22:00:00,0.0
2024-09-10 23:00:00,0.0
2024-09-11 00:00:00,0.0
2024-09-11 01:00:00,0.0
2024-09-11 02:00:00,0.0
2024-09-11 03:00:00,0.0
2024-09-11 04:00:00,0.0
2024-09-11 05:00:00,0.0
2024-09-11 06:00:00,56.12
2024-09-11 07:00:00,139.9
2024-09-11 08:00:00,217.28
2024-09-11 09:00:00,243.02
2024-09-11 10:00:00,276.57
2024-09-11 11:00:00,281.19
2024-09-11 12:00:00,316.82
2024-09-11 13:00:00,274.61
2024-09-11 14:00:00,198.2
2024-09-11 15:00:00,138.58
2024-09-11 16:00:00,98.66
2024-09-11 17:00:00,33.36
2024-09-11 18:00:00,0.0
2024-09-11 19:00:00,0.0
2024-09-11 20:00:00,0.0
2024-09-11 21:00:00,0.0
2024-09-11 22:00:00,0.0
2024-09-11 23:00:00,0.0
2024-09-12 00:00:00,0.0
2024-09-12 01:00:00,0.0
2024-09-12 02:00:00,0.0
2024-09-12 03:00:00,0.0
2024-09-12 04:00:00,0.0
2024-09-12 05:00:00,0.0
2024-09-12 06:00:00,50.22
2024-09-12 07:00:00,159.46
2024-09-12 08:00:00,296.98
2024-09-12 09:00:00,366.47
2024-09-12 10:00:00,426.75
2024-09-12 11:00:00,403.81
2024-09-12 12:00:00,397.89
2024-09-12 13:00:00,262.47
2024-09-12 14:00:00,196.29
2024-09-12 15:00:00,141.72
2024-09-12 16:00:00,101.15
2024-09-12 17:00:00,26.02
2024-09-12 18:00:00,0.0
2024-09-12 19:00:00,0.0
2024-09-12 20:00:00,0.0
2024-09-12 21:00:00,0.0
2024-09-12 22:00:00,0.0
2024-09-12 23:00:00,0.0
2024-09-13 00:00:00,0.0
2024-09-13 01:00:00,0.0
2024-09-13 02:00:00,0.0
2024-09-13 03:00:00,0.0
2024-09-13 04:00:00,0.0
2024-09-13 05:00:00,0.0
2024-09-13 06:00:00,52.0
2024-09-13 07:00:00,176.05
2024-09-13 08:00:00,232.22
2024-09-13 09:00:00,241.57
2024-09-13 10:00:00,353.32
2024-09-13 11:00:00,373.54
2024-09-13 12:00:00,340.16
2024-09-13 13:00:00,246.45
2024-09-13 14:00:00,267.7
2024-09-13 15:00:00,158.25
2024-09-13 16:00:00,102.59
2024-09-13 17:00:00,32.44
2024-09-13 18:00:00,0.0
2024-09-13 19:00:00,0.0
2024-09-13 20:00:00,0.0
2024-09-13 21:00:00,0.0
2024-09-13 22:00:00,0.0
2024-09-13 23:00:00,0.0
2024-09-14 00:00:00,0.0
2024-09-14 01:00:00,0.0
2024-09-14 02:00:00,0.0
2024-09-14 03:00:00,0.0
2024-09-14 04:00:00,0.0
2024-09-14 05:00:00,0.0
2024-09-14 06:00:00,49.9
2024-09-14 07:00:00,156.49
2024-09-14 08:00:00,294.06
2024-09-14 09:00:00,323.28
2024-09-14 10:00:00,375.53
2024-09-14 11:00:00,269.85
2024-09-14 12:00:00,235.49
2024-09-14 13:00:00,269.79
2024-09-14 14:00:00,214.04
2024-09-14 15:00:00,163.53
2024-09-14 16:00:00,97.4
2024-09-14 17:00:00,29.82
2024-09-14 18:00:00,0.0
2024-09-14 19:00:00,0.0
2024-09-14 20:00:00,0.0
2024-09-14 21:00:00,0.0
2024-09-14 22:00:00,0.0
2024-09-14 23:00:00,0.0
2024-09-15 00:00:00,0.0
2024-09-15 01:00:00,0.0
2024-09-15 02:00:00,0.0
2024-09-15 03:00:00,0.0
2024-09-15 04:00:00,0.0
2024-09-15 05:00:00,0.0
2024-09-15 06:00:00,47.76
2024-09-15 07:00:00,136.24
2024-09-15 08:00:00,257.62
2024-09-15 09:00:00,368.61
2024-09-15 10:00:00,403.59
2024-09-15 11:00:00,332.01
2024-09-15 12:00:00,266.49
2024-09-15 13:00:00,269.28
2024-09-15 14:00:00,164.26
2024-09-15 15:00:00,104.43
2024-09-15 16:00:00,71.77
2024-09-15 17:00:00,19.72
2024-09-15 18:00:00,0.0
2024-09-15 19:00:00,0.0
2024-09-15 20:00:00,0.0
2024-09-15 21:00:00,0.0
2024-09-15 22:00:00,0.0
2024-09-15 23:00:00,0.0
2024-09-16 00:00:00,0.0
2024-09-16 01:00:00,0.0
2024-09-16 02:00:00,0.0
2024-09-16 03:00:00,0.0
2024-09-16 04:00:00,0.0
2024-09-16 05:00:00,0.0
2024-09-16 06:00:00,28.12
2024-09-16 07:00:00,102.64
2024-09-16 08:00:00,155.14
2024-09-16 09:00:00,259.45
2024-09-16 10:00:00,276.24
2024-09-16 11:00:00,260.73
2024-09-16 12:00:00,316.85
2024-09-16 13:00:00,290.6
2024-09-16 14:00:00,221.61
2024-09-16 15:00:00,157.46
2024-09-16 16:00:00,105.28
2024-09-16 17:00:00,29.19
2024-09-16 18:00:00,0.0
2024-09-16 19:00:00,0.0
2024-09-16 20:00:00,0.0
2024-09-16 21:00:00,0.0
2024-09-16 22:00:00,0.0
2024-09-16 23:00:00,0.0
2024-09-17 00:00:00,0.0
2024-09-17 01:00:00,0.0
2024-09-17 02:00:00,0.0
2024-09-17 03:00:00,0.0
2024-09-17 04:00:00,0.0
2024-09-17 05:00:00,0.0
2024-09-17 06:00:00,43.05
2024-09-17 07:00:00,167.42
2024-09-17 08:00:00,301.22
2024-09-17 09:00:00,392.58
2024-09-17 10:00:00,473.04
2024-09-17 11:00:00,376.71
2024-09-17 12:00:00,374.22
2024-09-17 13:00:00,286.48
2024-09-17 14:00:00,264.57
2024-09-17 15:00:00,176.12
2024-09-17 16:00:00,104.14
2024-09-17 17:00:00,38.43
2024-09-17 18:00:00,0.0
2024-09-17 19:00:00,0.0
2024-09-17 20:00:00,0.0
2024-09-17 21:00:00,0.0
2024-09-17 22:00:00,0.0
2024-09-17 23:00:00,0.0
2024-09-18 00:00:00,0.0
2024-09-18 01:00:00,0.0
2024-09-18 02:00:00,0.0
2024-09-18 03:00:00,0.0
2024-09-18 04:00:00,0.0
2024-09-18 05:00:00,0.0
2024-09-18 06:00:00,51.28
2024-09-18 07:00:00,114.35
2024-09-18 08:00:00,147.46
2024-09-18 09:00:00,233.89
2024-09-18 10:00:00,303.86
2024-09-18 11:00:00,343.12
2024-09-18 12:00:00,414.07
2024-09-18 13:00:00,231.01
2024-09-18 14:00:00,229.98
2024-09-18 15:00:00,150.42
2024-09-18 16:00:00,96.93
2024-09-18 17:00:00,30.46
2024-09-18 18:00:00,0.0
2024-09-18 19:00:00,0.0
2024-09-18 20:00:00,0.0
2024-09-18 21:00:00,0.0
2024-09-18 22:00:00,0.0
2024-09-18 23:00:00,0.0
2024-09-19 00:00:00,0.0
2024-09-19 01:00:00,0.0
2024-09-19 02:00:00,0.0
2024-09-19 03:00:00,0.0
2024-09-19 04:00:00,0.0
2024-09-19 05:00:00,0.0
2024-09-19 06:00:00,42.74
2024-09-19 07:00:00,144.56
2024-09-19 08:00:00,230.93
2024-09-19 09:00:00,237.28
2024-09-19 10:00:00,283.74
2024-09-19 11:00:00,364.98
2024-09-19 12:00:00,382.3
2024-09-19 13:00:00,218.84
2024-09-19 14:00:00,170.75
2024-09-19 15:00:00,130.11
2024-09-19 16:00:00,91.53
2024-09-19 17:00:00,33.27
2024-09-19 18:00:00,0.0
2024-09-19 19:00:00,0.0
2024-09-19 20:00:00,0.0
2024-09-19 21:00:00,0.0
2024-09-19 22:00:00,0.0
2024-09-19 23:00:00,0.0
2024-09-20 00:00:00,0.0
2024-09-20 01:00:00,0.0
2024-09-20 02:00:00,0.0
2024-09-20 03:00:00,0.0
2024-09-20 04:00:00,0.0
2024-09-20 05:00:00,0.0
2024-09-20 06:00:00,29.45
2024-09-20 07:00:00,107.27
2024-09-20 08:00:00,200.69
2024-09-20 09:00:00,314.22
2024-09-20 10:00:00,392.14
2024-09-20 11:00:00,455.33
2024-09-20 12:00:00,272.02
2024-09-20 13:00:00,265.16
2024-09-20 14:00:00,201.81
2024-09-20 15:00:00,140.95
2024-09-20 16:00:00,89.05
2024-09-20 17:00:00,20.39
2024-09-20 18:00:00,0.0
2024-09-20 19:00:00,0.0
2024-09-20 20:00:00,0.0
2024-09-20 21:00:00,0.0
2024-09-20 22:00:00,0.0
2024-09-20 23:00:00,0.0
2024-09-21 00:00:00,0.0
2024-09-21 01:00:00,0.0
2024-09-21 02:00:00,0.0
2024-09-21 03:00:00,0.0
2024-09-21 04:00:00,0.0
2024-09-21 05:00:00,0.0
2024-09-21 06:00:00,40.25
2024-09-21 07:00:00,139.2
2024-09-21 08:00:00,227.57
2024-09-21 09:00:00,301.59
2024-09-21 10:00:00,325.04
2024-09-21 11:00:00,307.22
2024-09-21 12:00:00,283.43
2024-09-21 13:00:00,320.76
2024-09-21 14:00:00,273.23
2024-09-21 15:00:00,165.17
2024-09-21 16:00:00,112.66
2024-09-21 17:00:00,30.76
2024-09-21 18:00:00,0.0
2024-09-21 19:00:00,0.0
2024-09-21 20:00:00,0.0
2024-09-21 21:00:00,0.0
2024-09-21 22:00:00,0.0
2024-09-21 23:00:00,0.0
2024-09-22 00:00:00,0.0
2024-09-22 01:00:00,0.0
2024-09-22 02:00:00,0.0
2024-09-22 03:00:00,0.0
2024-09-22 04:00:00,0.0
2024-09-22 05:00:00,0.0
2024-09-22 06:00:00,48.64
2024-09-22 07:00:00,123.64
2024-09-22 08:00:00,161.65
2024-09-22 09:00:00,266.63
2024-09-22 10:00:00,304.02
2024-09-22 11:00:00,376.07
2024-09-22 12:00:00,419.68
2024-09-22 13:00:00,359.06
2024-09-22 14:00:00,305.46
2024-09-22 15:00:00,188.09
2024-09-22 16:00:00,115.68
2024-09-22 17:00:00,36.74
2024-09-22 18:00:00,0.0
2024-09-22 19:00:00,0.0
2024-09-22 20:00:00,0.0
2024-09-22 21:00:00,0.0
2024-09-22 22:00:00,0.0
2024-09-22 23:00:00,0.0
2024-09-23 00:00:00,0.0
2024-09-23 01:00:00,0.0
2024-09-23 02:00:00,0.0
2024-09-23 03:00:00,0.0
2024-09-23 04:00:00,0.0
2024-09-23 05:00:00,0.0
2024-09-23 06:00:00,41.42
2024-09-23 07:00:00,104.29
2024-09-23 08:00:00,139.48
2024-09-23 09:00:00,190.87
2024-09-23 10:00:00,184.79
2024-09-23 11:00:00,256.54
2024-09-23 12:00:00,283.13
2024-09-23 13:00:00,197.66
2024-09-23 14:00:00,223.23
2024-09-23 15:00:00,140.63
2024-09-23 16:00:00,86.37
2024-09-23 17:00:00,19.62
2024-09-23 18:00:00,0.0
2024-09-23 19:00:00,0.0
2024-09-23 20:00:00,0.0
2024-09-23 21:00:00,0.0
2024-09-23 22:00:00,0.0
2024-09-23 23:00:00,0.0
2024-09-24 00:00:00,0.0
2024-09-24 01:00:00,0.0
2024-09-24 02:00:00,0.0
2024-09-24 03:00:00,0.0
2024-09-24 04:00:00,0.0
2024-09-24 05:00:00,0.0
2024-09-24 06:00:00,39.2
2024-09-24 07:00:00,158.41
2024-09-24 08:00:00,308.34
2024-09-24 09:00:00,373.53
2024-09-24 10:00:00,427.53
2024-09-24 11:00:00,433.33
2024-09-24 12:00:00,377.32
2024-09-24 13:00:00,337.16
2024-09-24 14:00:00,197.94
2024-09-24 15:00:00,132.72
2024-09-24 16:00:00,74.95
2024-09-24 17:00:00,16.37
2024-09-24 18:00:00,0.0
2024-09-24 19:00:00,0.0
2024-09-24 20:00:00,0.0
2024-09-24 21:00:00,0.0
2024-09-24 22:00:00,0.0
2024-09-24 23:00:00,0.0
2024-09-25 00:00:00,0.0
2024-09-25 01:00:00,0.0
2024-09-25 02:00:00,0.0
2024-09-25 03:00:00,0.0
2024-09-25 04:00:00,0.0
2024-09-25 05:00:00,0.0
2024-09-25 06:00:00,26.94
2024-09-25 07:00:00,88.22
2024-09-25 08:00:00,178.4
2024-09-25 09:00:00,189.14
2024-09-25 10:00:00,230.45
2024-09-25 11:00:00,267.15
2024-09-25 12:00:00,250.72
2024-09-25 13:00:00,265.04
2024-09-25 14:00:00,242.25
2024-09-25 15:00:00,165.48
2024-09-25 16:00:00,91.22
2024-09-25 17:00:00,24.21
2024-09-25 18:00:00,0.0
2024-09-25 19:00:00,0.0
2024-09-25 20:00:00,0.0
2024-09-25 21:00:00,0.0
2024-09-25 22:00:00,0.0
2024-09-25 23:00:00,0.0
2024-09-26 00:00:00,0.0
2024-09-26 01:00:00,0.0
2024-09-26 02:00:00,0.0
2024-09-26 03:00:00,0.0
2024-09-26 04:00:00,0.0
2024-09-26 05:00:00,0.0
2024-09-26 06:00:00,21.53
2024-09-26 07:00:00,64.31
2024-09-26 08:00:00,117.15
2024-09-26 09:00:00,152.81
2024-09-26 10:00:00,168.67
2024-09-26 11:00:00,180.59
2024-09-26 12:00:00,142.8
2024-09-26 13:00:00,128.84
2024-09-26 14:00:00,102.03
2024-09-26 15:00:00,65.87
2024-09-26 16:00:00,43.69
2024-09-26 17:00:00,15.37
2024-09-26 18:00:00,0.0
2024-09-26 19:00:00,0.0
2024-09-26 20:00:00,0.0
2024-09-26 21:00:00,0.0
2024-09-26 22:00:00,0.0
2024-09-26 23:00:00,0.0
2024-09-27 00:00:00,0.0
2024-09-27 01:00:00,0.0
2024-09-27 02:00:00,0.0
2024-09-27 03:00:00,0.0
2024-09-27 04:00:00,0.0
2024-09-27 05:00:00,0.0
2024-09-27 06:00:00,15.47
2024-09-27 07:00:00,28.95
2024-09-27 08:00:00,54.18
2024-09-27 09:00:00,72.88
2024-09-27 10:00:00,86.46
2024-09-27 11:00:00,69.64
2024-09-27 12:00:00,105.29
2024-09-27 13:00:00,66.27
2024-09-27 14:00:00,52.71
2024-09-27 15:00:00,43.18
2024-09-27 16:00:00,26.66
2024-09-27 17:00:00,10.22
2024-09-27 18:00:00,0.0
2024-09-27 19:00:00,0.0
2024-09-27 20:00:00,0.0
2024-09-27 21:00:00,0.0
2024-09-27 22:00:00,0.0
2024-09-27 23:00:00,0.0
2024-09-28 00:00:00,0.0
2024-09-28 01:00:00,0.0
2024-09-28 02:00:00,0.0
2024-09-28 03:00:00,0.0
2024-09-28 04:00:00,0.0
2024-09-28 05:00:00,0.0
2024-09-28 06:00:00,20.28
2024-09-28 07:00:00,68.86
2024-09-28 08:00:00,118.42
2024-09-28 09:00:00,83.61
2024-09-28 10:00:00,222.73
2024-09-28 11:00:00,216.39
2024-09-28 12:00:00,240.05
2024-09-28 13:00:00,159.4
2024-09-28 14:00:00,80.23
2024-09-28 15:00:00,77.79
2024-09-28 16:00:00,47.56
2024-09-28 17:00:00,14.98
2024-09-28 18:00:00,0.0
2024-09-28 19:00:00,0.0
2024-09-28 20:00:00,0.0
2024-09-28 21:00:00,0.0
2024-09-28 22:00:00,0.0
2024-09-28 23:00:00,0.0
2024-09-29 00:00:00,0.0
2024-09-29 01:00:00,0.0
2024-09-29 02:00:00,0.0
2024-09-29 03:00:00,0.0
2024-09-29 04:00:00,0.0
2024-09-29 05:00:00,0.0
2024-09-29 06:00:00,47.6
2024-09-29 07:00:00,138.44
2024-09-29 08:00:00,261.21
2024-09-29 09:00:00,311.23
2024-09-29 10:00:00,121.8
2024-09-29 11:00:00,152.11
2024-09-29 12:00:00,167.2
2024-09-29 13:00:00,206.51
2024-09-29 14:00:00,172.64
2024-09-29 15:00:00,124.84
2024-09-29 16:00:00,75.84
2024-09-29 17:00:00,25.22
2024-09-29 18:00:00,0.0
2024-09-29 19:00:00,0.0
2024-09-29 20:00:00,0.0
2024-09-29 21:00:00,0.0
2024-09-29 22:00:00,0.0
2024-09-29 23:00:00,0.0
2024-09-30 00:00:00,0.0
2024-09-30 01:00:00,0.0
2024-09-30 02:00:00,0.0
2024-09-30 03:00:00,0.0
2024-09-30 04:00:00,0.0
2024-09-30 05:00:00,0.0
2024-09-30 06:00:00,39.06
2024-09-30 07:00:00,48.5
2024-09-30 08:00:00,55.51
2024-09-30 09:00:00,212.75
2024-09-30 10:00:00,207.75
2024-09-30 11:00:00,204.27
2024-09-30 12:00:00,150.49
2024-09-30 13:00:00,230.95
2024-09-30 14:00:00,175.49
2024-09-30 15:00:00,108.63
2024-09-30 16:00:00,72.99
2024-09-30 17:00:00,22.27
2024-09-30 18:00:00,0.0
2024-09-30 19:00:00,0.0
2024-09-30 20:00:00,0.0
2024-09-30 21:00:00,0.0
2024-09-30 22:00:00,0.0
2024-09-30 23:00:00,0.0
2024-10-01 00:00:00,0.0
2024-10-01 01:00:00,0.0
2024-10-01 02:00:00,0.0
2024-10-01 03:00:00,0.0
2024-10-01 04:00:00,0.0
2024-10-01 05:00:00,0.0
2024-10-01 06:00:00,37.57
2024-10-01 07:00:00,94.55
2024-10-01 08:00:00,153.22
2024-10-01 09:00:00,146.93
2024-10-01 10:00:00,268.51
2024-10-01 11:00:00,289.92
2024-10-01 12:00:00,363.2
2024-10-01 13:00:00,331.1
2024-10-01 14:00:00,270.64
2024-10-01 15:00:00,207.4
2024-10-01 16:00:00,105.94
2024-10-01 17:00:00,21.95
2024-10-01 18:00:00,0.0
2024-10-01 19:00:00,0.0
2024-10-01 20:00:00,0.0
2024-10-01 21:00:00,0.0
2024-10-01 22:00:00,0.0
2024-10-01 23:00:00,0.0
2024-10-02 00:00:00,0.0
2024-10-02 01:00:00,0.0
2024-10-02 02:00:00,0.0
2024-10-02 03:00:00,0.0
2024-10-02 04:00:00,0.0
2024-10-02 05:00:00,0.0
2024-10-02 06:00:00,21.54
2024-10-02 07:00:00,98.14
2024-10-02 08:00:00,183.0
2024-10-02 09:00:00,248.21
2024-10-02 10:00:00,301.17
2024-10-02 11:00:00,369.29
2024-10-02 12:00:00,359.39
2024-10-02 13:00:00,254.99
2024-10-02 14:00:00,202.12
2024-10-02 15:00:00,132.02
2024-10-02 16:00:00,63.21
2024-10-02 17:00:00,14.55
2024-10-02 18:00:00,0.0
2024-10-02 19:00:00,0.0
2024-10-02 20:00:00,0.0
2024-10-02 21:00:00,0.0
2024-10-02 22:00:00,0.0
2024-10-02 23:00:00,0.0
2024-10-03 00:00:00,0.0
2024-10-03 01:00:00,0.0
2024-10-03 02:00:00,0.0
2024-10-03 03:00:00,0.0
2024-10-03 04:00:00,0.0
2024-10-03 05:00:00,0.0
2024-10-03 06:00:00,24.65
2024-10-03 07:00:00,103.73
2024-10-03 08:00:00,201.0
2024-10-03 09:00:00,249.54
2024-10-03 10:00:00,319.05
2024-10-03 11:00:00,314.44
2024-10-03 12:00:00,295.31
2024-10-03 13:00:00,299.86
2024-10-03 14:00:00,156.23
2024-10-03 15:00:00,107.74
2024-10-03 16:00:00,55.67
2024-10-03 17:00:00,20.03
2024-10-03 18:00:00,0.0
2024-10-03 19:00:00,0.0
2024-10-03 20:00:00,0.0
2024-10-03 21:00:00,0.0
2024-10-03 22:00:00,0.0
2024-10-03 23:00:00,0.0
2024-10-04 00:00:00,0.0
2024-10-04 01:00:00,0.0
2024-10-04 02:00:00,0.0
2024-10-04 03:00:00,0.0
2024-10-04 04:00:00,0.0
2024-10-04 05:00:00,0.0
2024-10-04 06:00:00,34.01
2024-10-04 07:00:00,71.21
2024-10-04 08:00:00,78.95
2024-10-04 09:00:00,65.39
2024-10-04 10:00:00,217.74
2024-10-04 11:00:00,181.14
2024-10-04 12:00:00,213.48
2024-10-04 13:00:00,198.75
2024-10-04 14:00:00,123.79
2024-10-04 15:00:00,98.97
2024-10-04 16:00:00,55.49
2024-10-04 17:00:00,13.53
2024-10-04 18:00:00,0.0
2024-10-04 19:00:00,0.0
2024-10-04 20:00:00,0.0
2024-10-04 21:00:00,0.0
2024-10-04 22:00:00,0.0
2024-10-04 23:00:00,0.0
2024-10-05 00:00:00,0.0
2024-10-05 01:00:00,0.0
2024-10-05 02:00:00,0.0
2024-10-05 03:00:00,0.0
2024-10-05 04:00:00,0.0
2024-10-05 05:00:00,0.0
2024-10-05 06:00:00,38.55
2024-10-05 07:00:00,79.86
2024-10-05 08:00:00,106.97
2024-10-05 09:00:00,96.92
2024-10-05 10:00:00,146.9
2024-10-05 11:00:00,173.76
2024-10-05 12:00:00,143.31
2024-10-05 13:00:00,224.41
2024-10-05 14:00:00,168.8
2024-10-05 15:00:00,140.24
2024-10-05 16:00:00,89.39
2024-10-05 17:00:00,20.73
2024-10-05 18:00:00,0.0
2024-10-05 19:00:00,0.0
2024-10-05 20:00:00,0.0
2024-10-05 21:00:00,0.0
2024-10-05 22:00:00,0.0
2024-10-05 23:00:00,0.0
2024-10-06 00:00:00,0.0
2024-10-06 01:00:00,0.0
2024-10-06 02:00:00,0.0
2024-10-06 03:00:00,0.0
2024-10-06 04:00:00,0.0
2024-10-06 05:00:00,0.0
2024-10-06 06:00:00,37.06
2024-10-06 07:00:00,108.63
2024-10-06 08:00:00,155.59
2024-10-06 09:00:00,151.85
2024-10-06 10:00:00,204.61
2024-10-06 11:00:00,213.4
2024-10-06 12:00:00,219.06
2024-10-06 13:00:00,230.04
2024-10-06 14:00:00,202.56
2024-10-06 15:00:00,164.85
2024-10-06 16:00:00,100.1
2024-10-06 17:00:00,21.69
2024-10-06 18:00:00,0.0
2024-10-06 19:00:00,0.0
2024-10-06 20:00:00,0.0
2024-10-06 21:00:00,0.0
2024-10-06 22:00:00,0.0
2024-10-06 23:00:00,0.0
2024-10-07 00:00:00,0.0
2024-10-07 01:00:00,0.0
2024-10-07 02:00:00,0.0
2024-10-07 03:00:00,0.0
2024-10-07 04:00:00,0.0
2024-10-07 05:00:00,0.0
2024-10-07 06:00:00,34.84
2024-10-07 07:00:00,135.15
2024-10-07 08:00:00,151.93
2024-10-07 09:00:00,174.38
2024-10-07 10:00:00,239.2
2024-10-07 11:00:00,249.83
2024-10-07 12:00:00,280.27
2024-10-07 13:00:00,255.54
2024-10-07 14:00:00,212.48
2024-10-07 15:00:00,165.0
2024-10-07 16:00:00,102.19
2024-10-07 17:00:00,17.42
2024-10-07 18:00:00,0.0
2024-10-07 19:00:00,0.0
2024-10-07 20:00:00,0.0
2024-10-07 21:00:00,0.0
2024-10-07 22:00:00,0.0
2024-10-07 23:00:00,0.0
2024-10-08 00:00:00,0.0
2024-10-08 01:00:00,0.0
2024-10-08 02:00:00,0.0
2024-10-08 03:00:00,0.0
2024-10-08 04:00:00,0.0
2024-10-08 05:00:00,0.0
2024-10-08 06:00:00,33.44
2024-10-08 07:00:00,150.45
2024-10-08 08:00:00,188.24
2024-10-08 09:00:00,222.4
2024-10-08 10:00:00,237.72
2024-10-08 11:00:00,267.75
2024-10-08 12:00:00,320.67
2024-10-08 13:00:00,205.17
2024-10-08 14:00:00,173.57
2024-10-08 15:00:00,148.66
2024-10-08 16:00:00,85.97
2024-10-08 17:00:00,15.2
2024-10-08 18:00:00,0.0
2024-10-08 19:00:00,0.0
2024-10-08 20:00:00,0.0
2024-10-08 21:00:00,0.0
2024-10-08 22:00:00,0.0
2024-10-08 23:00:00,0.0
2024-10-09 00:00:00,0.0
2024-10-09 01:00:00,0.0
2024-10-09 02:00:00,0.0
2024-10-09 03:00:00,0.0
2024-10-09 04:00:00,0.0
2024-10-09 05:00:00,0.0
2024-10-09 06:00:00,29.05
2024-10-09 07:00:00,110.2
2024-10-09 08:00:00,170.84
2024-10-09 09:00:00,110.26
2024-10-09 10:00:00,204.81
2024-10-09 11:00:00,212.79
2024-10-09 12:00:00,226.71
2024-10-09 13:00:00,202.41
2024-10-09 14:00:00,164.67
2024-10-09 15:00:00,136.75
2024-10-09 16:00:00,74.94
2024-10-09 17:00:00,11.88
2024-10-09 18:00:00,0.0
2024-10-09 19:00:00,0.0
2024-10-09 20:00:00,0.0
2024-10-09 21:00:00,0.0
2024-10-09 22:00:00,0.0
2024-10-09 23:00:00,0.0
2024-10-10 00:00:00,0.0
2024-10-10 01:00:00,0.0
2024-10-10 02:00:00,0.0
2024-10-10 03:00:00,0.0
2024-10-10 04:00:00,0.0
2024-10-10 05:00:00,0.0
2024-10-10 06:00:00,25.3
2024-10-10 07:00:00,112.87
2024-10-10 08:00:00,152.02
2024-10-10 09:00:00,149.18
2024-10-10 10:00:00,205.24
2024-10-10 11:00:00,242.87
2024-10-10 12:00:00,236.05
2024-10-10 13:00:00,211.68
2024-10-10 14:00:00,150.83
2024-10-10 15:00:00,114.42
2024-10-10 16:00:00,66.64
2024-10-10 17:00:00,11.28
2024-10-10 18:00:00,0.0
2024-10-10 19:00:00,0.0
2024-10-10 20:00:00,0.0
2024-10-10 21:00:00,0.0
2024-10-10 22:00:00,0.0
2024-10-10 23:00:00,0.0
2024-10-11 00:00:00,0.0
2024-10-11 01:00:00,0.0
2024-10-11 02:00:00,0.0
2024-10-11 03:00:00,0.0
2024-10-11 04:00:00,0.0
2024-10-11 05:00:00,0.0
2024-10-11 06:00:00,24.73
2024-10-11 07:00:00,117.83
2024-10-11 08:00:00,170.32
2024-10-11 09:00:00,213.95
2024-10-11 10:00:00,220.53
2024-10-11 11:00:00,300.6
2024-10-11 12:00:00,276.7
2024-10-11 13:00:00,195.17
2024-10-11 14:00:00,169.46
2024-10-11 15:00:00,119.91
2024-10-11 16:00:00,69.96
2024-10-11 17:00:00,10.22
2024-10-11 18:00:00,0.0
2024-10-11 19:00:00,0.0
2024-10-11 20:00:00,0.0
2024-10-11 21:00:00,0.0
2024-10-11 22:00:00,0.0
2024-10-11 23:00:00,0.0
2024-10-12 00:00:00,0.0
2024-10-12 01:00:00,0.0
2024-10-12 02:00:00,0.0
2024-10-12 03:00:00,0.0
2024-10-12 04:00:00,0.0
2024-10-12 05:00:00,0.0
2024-10-12 06:00:00,28.89
2024-10-12 07:00:00,140.01
2024-10-12 08:00:00,201.44
2024-10-12 09:00:00,230.42
2024-10-12 10:00:00,280.25
2024-10-12 11:00:00,290.55
2024-10-12 12:00:00,304.12
2024-10-12 13:00:00,281.27
2024-10-12 14:00:00,195.62
2024-10-12 15:00:00,162.76
2024-10-12 16:00:00,79.75
2024-10-12 17:00:00,11.96
2024-10-12 18:00:00,0.0
2024-10-12 19:00:00,0.0
2024-10-12 20:00:00,0.0
2024-10-12 21:00:00,0.0
2024-10-12 22:00:00,0.0
2024-10-12 23:00:00,0.0
2024-10-13 00:00:00,0.0
2024-10-13 01:00:00,0.0
2024-10-13 02:00:00,0.0
2024-10-13 03:00:00,0.0
2024-10-13 04:00:00,0.0
2024-10-13 05:00:00,0.0
2024-10-13 06:00:00,29.04
2024-10-13 07:00:00,114.82
2024-10-13 08:00:00,133.21
2024-10-13 09:00:00,124.69
2024-10-13 10:00:00,140.83
2024-10-13 11:00:00,245.58
2024-10-13 12:00:00,265.32
2024-10-13 13:00:00,273.98
2024-10-13 14:00:00,146.05
2024-10-13 15:00:00,107.87
2024-10-13 16:00:00,58.64
2024-10-13 17:00:00,10.64
2024-10-13 18:00:00,0.0
2024-10-13 19:00:00,0.0
2024-10-13 20:00:00,0.0
2024-10-13 21:00:00,0.0
2024-10-13 22:00:00,0.0
2024-10-13 23:00:00,0.0
2024-10-14 00:00:00,0.0
2024-10-14 01:00:00,0.0
2024-10-14 02:00:00,0.0
2024-10-14 03:00:00,0.0
2024-10-14 04:00:00,0.0
2024-10-14 05:00:00,0.0
2024-10-14 06:00:00,23.87
2024-10-14 07:00:00,96.07
2024-10-14 08:00:00,208.82
2024-10-14 09:00:00,168.96
2024-10-14 10:00:00,193.47
2024-10-14 11:00:00,249.65
2024-10-14 12:00:00,169.55
2024-10-14 13:00:00,195.78
2024-10-14 14:00:00,160.32
2024-10-14 15:00:00,115.99
2024-10-14 16:00:00,60.63
2024-10-14 17:00:00,8.4
2024-10-14 18:00:00,0.0
2024-10-14 19:00:00,0.0
2024-10-14 20:00:00,0.0
2024-10-14 21:00:00,0.0
2024-10-14 22:00:00,0.0
2024-10-14 23:00:00,0.0
2024-10-15 00:00:00,0.0
2024-10-15 01:00:00,0.0
2024-10-15 02:00:00,0.0
2024-10-15 03:00:00,0.0
2024-10-15 04:00:00,0.0
2024-10-15 05:00:00,0.0
2024-10-15 06:00:00,21.01
2024-10-15 07:00:00,72.74
2024-10-15 08:00:00,168.77
2024-10-15 09:00:00,120.57
2024-10-15 10:00:00,200.51
2024-10-15 11:00:00,205.48
2024-10-15 12:00:00,238.91
2024-10-15 13:00:00,197.69
2024-10-15 14:00:00,169.73
2024-10-15 15:00:00,109.73
2024-10-15 16:00:00,50.41
2024-10-15 17:00:00,7.34
2024-10-15 18:00:00,0.0
2024-10-15 19:00:00,0.0
2024-10-15 20:00:00,0.0
2024-10-15 21:00:00,0.0
2024-10-15 22:00:00,0.0
2024-10-15 23:00:00,0.0
2024-10-16 00:00:00,0.0
2024-10-16 01:00:00,0.0
2024-10-16 02:00:00,0.0
2024-10-16 03:00:00,0.0
2024-10-16 04:00:00,0.0
2024-10-16 05:00:00,0.0
2024-10-16 06:00:00,26.77
2024-10-16 07:00:00,94.32
2024-10-16 08:00:00,117.99
2024-10-16 09:00:00,129.1
2024-10-16 10:00:00,138.86
2024-10-16 11:00:00,232.18
2024-10-16 12:00:00,180.77
2024-10-16 13:00:00,213.78
2024-10-16 14:00:00,143.24
2024-10-16 15:00:00,119.06
2024-10-16 16:00:00,73.32
2024-10-16 17:00:00,10.25
2024-10-16 18:00:00,0.0
2024-10-16 19:00:00,0.0
2024-10-16 20:00:00,0.0
2024-10-16 21:00:00,0.0
2024-10-16 22:00:00,0.0
2024-10-16 23:00:00,0.0
2024-10-17 00:00:00,0.0
2024-10-17 01:00:00,0.0
2024-10-17 02:00:00,0.0
2024-10-17 03:00:00,0.0
2024-10-17 04:00:00,0.0
2024-10-17 05:00:00,0.0
2024-10-17 06:00:00,23.24
2024-10-17 07:00:00,100.27
2024-10-17 08:00:00,202.53
2024-10-17 09:00:00,172.72
2024-10-17 10:00:00,220.48
2024-10-17 11:00:00,198.33
2024-10-17 12:00:00,226.35
2024-10-17 13:00:00,199.86
2024-10-17 14:00:00,147.62
2024-10-17 15:00:00,107.46
2024-10-17 16:00:00,55.71
2024-10-17 17:00:00,7.16
2024-10-17 18:00:00,0.0
2024-10-17 19:00:00,0.0
2024-10-17 20:00:00,0.0
2024-10-17 21:00:00,0.0
2024-10-17 22:00:00,0.0
2024-10-17 23:00:00,0.0
2024-10-18 00:00:00,0.0
2024-10-18 01:00:00,0.0
2024-10-18 02:00:00,0.0
2024-10-18 03:00:00,0.0
2024-10-18 04:00:00,0.0
2024-10-18 05:00:00,0.0
2024-10-18 06:00:00,20.57
2024-10-18 07:00:00,98.03
2024-10-18 08:00:00,168.83
2024-10-18 09:00:00,209.37
2024-10-18 10:00:00,228.63
2024-10-18 11:00:00,239.03
2024-10-18 12:00:00,304.81
2024-10-18 13:00:00,253.97
2024-10-18 14:00:00,178.01
2024-10-18 15:00:00,149.22
2024-10-18 16:00:00,60.87
2024-10-18 17:00:00,8.22
2024-10-18 18:00:00,0.0
2024-10-18 19:00:00,0.0
2024-10-18 20:00:00,0.0
2024-10-18 21:00:00,0.0
2024-10-18 22:00:00,0.0
2024-10-18 23:00:00,0.0
2024-10-19 00:00:00,0.0
2024-10-19 01:00:00,0.0
2024-10-19 02:00:00,0.0
2024-10-19 03:00:00,0.0
2024-10-19 04:00:00,0.0
2024-10-19 05:00:00,0.0
2024-10-19 06:00:00,21.77
2024-10-19 07:00:00,84.67
2024-10-19 08:00:00,98.6
2024-10-19 09:00:00,90.67
2024-10-19 10:00:00,105.54
2024-10-19 11:00:00,188.07
2024-10-19 12:00:00,197.59
2024-10-19 13:00:00,192.29
2024-10-19 14:00:00,159.62
2024-10-19 15:00:00,125.37
2024-10-19 16:00:00,55.63
2024-10-19 17:00:00,6.22
2024-10-19 18:00:00,0.0
2024-10-19 19:00:00,0.0
2024-10-19 20:00:00,0.0
2024-10-19 21:00:00,0.0
2024-10-19 22:00:00,0.0
2024-10-19 23:00:00,0.0
2024-10-20 00:00:00,0.0
2024-10-20 01:00:00,0.0
2024-10-20 02:00:00,0.0
2024-10-20 03:00:00,0.0
2024-10-20 04:00:00,0.0
2024-10-20 05:00:00,0.0
2024-10-20 06:00:00,22.58
2024-10-20 07:00:00,69.58
2024-10-20 08:00:00,147.39
2024-10-20 09:00:00,201.46
2024-10-20 10:00:00,201.77
2024-10-20 11:00:00,228.71
2024-10-20 12:00:00,239.37
2024-10-20 13:00:00,159.16
2024-10-20 14:00:00,148.03
2024-10-20 15:00:00,101.3
2024-10-20 16:00:00,40.1
2024-10-20 17:00:00,6.73
2024-10-20 18:00:00,0.0
2024-10-20 19:00:00,0.0
2024-10-20 20:00:00,0.0
2024-10-20 21:00:00,0.0
2024-10-20 22:00:00,0.0
2024-10-20 23:00:00,0.0
2024-10-21 00:00:00,0.0
2024-10-21 01:00:00,0.0
2024-10-21 02:00:00,0.0
2024-10-21 03:00:00,0.0
2024-10-21 04:00:00,0.0
2024-10-21 05:00:00,0.0
2024-10-21 06:00:00,29.56
2024-10-21 07:00:00,98.13
2024-10-21 08:00:00,94.48
2024-10-21 09:00:00,110.03
2024-10-21 10:00:00,149.83
2024-10-21 11:00:00,144.83
2024-10-21 12:00:00,248.61
2024-10-21 13:00:00,175.47
2024-10-21 14:00:00,213.29
2024-10-21 15:00:00,133.54
2024-10-21 16:00:00,61.92
2024-10-21 17:00:00,9.9
2024-10-21 18:00:00,0.0
2024-10-21 19:00:00,0.0
2024-10-21 20:00:00,0.0
2024-10-21 21:00:00,0.0
2024-10-21 22:00:00,0.0
2024-10-21 23:00:00,0.0
2024-10-22 00:00:00,0.0
2024-10-22 01:00:00,0.0
2024-10-22 02:00:00,0.0
2024-10-22 03:00:00,0.0
2024-10-22 04:00:00,0.0
2024-10-22 05:00:00,0.0
2024-10-22 06:00:00,27.11
2024-10-22 07:00:00,97.78
2024-10-22 08:00:00,144.59
2024-10-22 09:00:00,185.53
2024-10-22 10:00:00,201.44
2024-10-22 11:00:00,190.73
2024-10-22 12:00:00,194.48
2024-10-22 13:00:00,259.14
2024-10-22 14:00:00,217.91
2024-10-22 15:00:00,157.19
2024-10-22 16:00:00,73.18
2024-10-22 17:00:00,10.93
2024-10-22 18:00:00,0.0
2024-10-22 19:00:00,0.0
2024-10-22 20:00:00,0.0
2024-10-22 21:00:00,0.0
2024-10-22 22:00:00,0.0
2024-10-22 23:00:00,0.0
2024-10-23 00:00:00,0.0
2024-10-23 01:00:00,0.0
2024-10-23 02:00:00,0.0
2024-10-23 03:00:00,0.0
2024-10-23 04:00:00,0.0
2024-10-23 05:00:00,0.0
2024-10-23 06:00:00,21.38
2024-10-23 07:00:00,103.61
2024-10-23 08:00:00,194.36
2024-10-23 09:00:00,254.02
2024-10-23 10:00:00,184.01
2024-10-23 11:00:00,251.8
2024-10-23 12:00:00,290.32
2024-10-23 13:00:00,244.71
2024-10-23 14:00:00,179.22
2024-10-23 15:00:00,117.01
2024-10-23 16:00:00,64.75
2024-10-23 17:00:00,6.94
2024-10-23 18:00:00,0.0
2024-10-23 19:00:00,0.0
2024-10-23 20:00:00,0.0
2024-10-23 21:00:00,0.0
2024-10-23 22:00:00,0.0
2024-10-23 23:00:00,0.0
2024-10-24 00:00:00,0.0
2024-10-24 01:00:00,0.0
2024-10-24 02:00:00,0.0
2024-10-24 03:00:00,0.0
2024-10-24 04:00:00,0.0
2024-10-24 05:00:00,0.0
2024-10-24 06:00:00,26.56
2024-10-24 07:00:00,99.82
2024-10-24 08:00:00,130.29
2024-10-24 09:00:00,132.24
2024-10-24 10:00:00,132.1
2024-10-24 11:00:00,200.96
2024-10-24 12:00:00,268.71
2024-10-24 13:00:00,166.14
2024-10-24 14:00:00,160.09
2024-10-24 15:00:00,126.57
2024-10-24 16:00:00,70.83
2024-10-24 17:00:00,8.67
2024-10-24 18:00:00,0.0
2024-10-24 19:00:00,0.0
2024-10-24 20:00:00,0.0
2024-10-24 21:00:00,0.0
2024-10-24 22:00:00,0.0
2024-10-24 23:00:00,0.0
2024-10-25 00:00:00,0.0
2024-10-25 01:00:00,0.0
2024-10-25 02:00:00,0.0
2024-10-25 03:00:00,0.0
2024-10-25 04:00:00,0.0
2024-10-25 05:00:00,0.0
2024-10-25 06:00:00,23.28
2024-10-25 07:00:00,55.18
2024-10-25 08:00:00,70.15
2024-10-25 09:00:00,71.27
2024-10-25 10:00:00,100.0
2024-10-25 11:00:00,220.21
2024-10-25 12:00:00,248.75
2024-10-25 13:00:00,199.08
2024-10-25 14:00:00,158.34
2024-10-25 15:00:00,123.23
2024-10-25 16:00:00,60.02
2024-10-25 17:00:00,6.53
2024-10-25 18:00:00,0.0
2024-10-25 19:00:00,0.0
2024-10-25 20:00:00,0.0
2024-10-25 21:00:00,0.0
2024-10-25 22:00:00,0.0
2024-10-25 23:00:00,0.0
2024-10-26 00:00:00,0.0
2024-10-26 01:00:00,0.0
2024-10-26 02:00:00,0.0
2024-10-26 03:00:00,0.0
2024-10-26 04:00:00,0.0
2024-10-26 05:00:00,0.0
2024-10-26 06:00:00,22.08
2024-10-26 07:00:00,66.37
2024-10-26 08:00:00,59.14
2024-10-26 09:00:00,68.73
2024-10-26 10:00:00,77.02
2024-10-26 11:00:00,106.21
2024-10-26 12:00:00,83.86
2024-10-26 13:00:00,194.48
2024-10-26 14:00:00,221.87
2024-10-26 15:00:00,133.13
2024-10-26 16:00:00,55.47
2024-10-26 17:00:00,6.18
2024-10-26 18:00:00,0.0
2024-10-26 19:00:00,0.0
2024-10-26 20:00:00,0.0
2024-10-26 21:00:00,0.0
2024-10-26 22:00:00,0.0
2024-10-26 23:00:00,0.0
2024-10-27 00:00:00,0.0
2024-10-27 01:00:00,0.0
2024-10-27 02:00:00,0.0
2024-10-27 03:00:00,0.0
2024-10-27 04:00:00,0.0
2024-10-27 05:00:00,0.0
2024-10-27 06:00:00,22.07
2024-10-27 07:00:00,70.78
2024-10-27 08:00:00,104.28
2024-10-27 09:00:00,138.07
2024-10-27 10:00:00,75.55
2024-10-27 11:00:00,99.19
2024-10-27 12:00:00,156.61
2024-10-27 13:00:00,135.48
2024-10-27 14:00:00,178.36
2024-10-27 15:00:00,126.96
2024-10-27 16:00:00,56.94
2024-10-27 17:00:00,7.21
2024-10-27 18:00:00,0.0
2024-10-27 19:00:00,0.0
2024-10-27 20:00:00,0.0
2024-10-27 21:00:00,0.0
2024-10-27 22:00:00,0.0
2024-10-27 23:00:00,0.0
2024-10-28 00:00:00,0.0
2024-10-28 01:00:00,0.0
2024-10-28 02:00:00,0.0
2024-10-28 03:00:00,0.0
2024-10-28 04:00:00,0.0
2024-10-28 05:00:00,0.0
2024-10-28 06:00:00,19.62
2024-10-28 07:00:00,65.12
2024-10-28 08:00:00,86.2
2024-10-28 09:00:00,71.83
2024-10-28 10:00:00,73.98
2024-10-28 11:00:00,82.32
2024-10-28 12:00:00,170.79
2024-10-28 13:00:00,170.51
2024-10-28 14:00:00,119.69
2024-10-28 15:00:00,110.19
2024-10-28 16:00:00,67.22
2024-10-28 17:00:00,7.2
2024-10-28 18:00:00,0.0
2024-10-28 19:00:00,0.0
2024-10-28 20:00:00,0.0
2024-10-28 21:00:00,0.0
2024-10-28 22:00:00,0.0
2024-10-28 23:00:00,0.0
2024-10-29 00:00:00,0.0
2024-10-29 01:00:00,0.0
2024-10-29 02:00:00,0.0
2024-10-29 03:00:00,0.0
2024-10-29 04:00:00,0.0
2024-10-29 05:00:00,0.0
2024-10-29 06:00:00,20.96
2024-10-29 07:00:00,100.4
2024-10-29 08:00:00,131.52
2024-10-29 09:00:00,145.0
2024-10-29 10:00:00,203.62
2024-10-29 11:00:00,209.35
2024-10-29 12:00:00,209.72
2024-10-29 13:00:00,201.75
2024-10-29 14:00:00,122.11
2024-10-29 15:00:00,98.39
2024-10-29 16:00:00,47.58
2024-10-29 17:00:00,4.5
2024-10-29 18:00:00,0.0
2024-10-29 19:00:00,0.0
2024-10-29 20:00:00,0.0
2024-10-29 21:00:00,0.0
2024-10-29 22:00:00,0.0
2024-10-29 23:00:00,0.0
2024-10-30 00:00:00,0.0
2024-10-30 01:00:00,0.0
2024-10-30 02:00:00,0.0
2024-10-30 03:00:00,0.0
2024-10-30 04:00:00,0.0
2024-10-30 05:00:00,0.0
2024-10-30 06:00:00,15.42
2024-10-30 07:00:00,64.75
2024-10-30 08:00:00,92.31
2024-10-30 09:00:00,100.27
2024-10-30 10:00:00,104.52
2024-10-30 11:00:00,129.11
2024-10-30 12:00:00,165.1
2024-10-30 13:00:00,167.43
2024-10-30 14:00:00,126.49
2024-10-30 15:00:00,94.03
2024-10-30 16:00:00,42.85
2024-10-30 17:00:00,3.08
2024-10-30 18:00:00,0.0
2024-10-30 19:00:00,0.0
2024-10-30 20:00:00,0.0
2024-10-30 21:00:00,0.0
2024-10-30 22:00:00,0.0
2024-10-30 23:00:00,0.0
2024-10-31 00:00:00,0.0
2024-10-31 01:00:00,0.0
2024-10-31 02:00:00,0.0
2024-10-31 03:00:00,0.0
2024-10-31 04:00:00,0.0
2024-10-31 05:00:00,0.0
2024-10-31 06:00:00,17.0
2024-10-31 07:00:00,83.96
2024-10-31 08:00:00,118.84
2024-10-31 09:00:00,131.75
2024-10-31 10:00:00,137.6
2024-10-31 11:00:00,174.21
2024-10-31 12:00:00,201.2
2024-10-31 13:00:00,170.43
2024-10-31 14:00:00,128.34
2024-10-31 15:00:00,88.63
2024-10-31 16:00:00,47.09
2024-10-31 17:00:00,3.08
2024-10-31 18:00:00,0.0
2024-10-31 19:00:00,0.0
2024-10-31 20:00:00,0.0
2024-10-31 21:00:00,0.0
2024-10-31 22:00:00,0.0
2024-10-31 23:00:00,0.0
2024-11-01 00:00:00,0.0
2024-11-01 01:00:00,0.0
2024-11-01 02:00:00,0.0
2024-11-01 03:00:00,0.0
2024-11-01 04:00:00,0.0
2024-11-01 05:00:00,0.0
2024-11-01 06:00:00,19.52
2024-11-01 07:00:00,84.57
2024-11-01 08:00:00,111.44
2024-11-01 09:00:00,143.26
2024-11-01 10:00:00,127.62
2024-11-01 11:00:00,150.38
2024-11-01 12:00:00,159.6
2024-11-01 13:00:00,141.66
2024-11-01 14:00:00,107.16
2024-11-01 15:00:00,92.56
2024-11-01 16:00:00,47.73
2024-11-01 17:00:00,2.98
2024-11-01 18:00:00,0.0
2024-11-01 19:00:00,0.0
2024-11-01 20:00:00,0.0
2024-11-01 21:00:00,0.0
2024-11-01 22:00:00,0.0
2024-11-01 23:00:00,0.0
2024-11-02 00:00:00,0.0
2024-11-02 01:00:00,0.0
2024-11-02 02:00:00,0.0
2024-11-02 03:00:00,0.0
2024-11-02 04:00:00,0.0
2024-11-02 05:00:00,0.0
2024-11-02 06:00:00,20.67
2024-11-02 07:00:00,80.21
2024-11-02 08:00:00,73.38
2024-11-02 09:00:00,131.98
2024-11-02 10:00:00,204.61
2024-11-02 11:00:00,193.33
2024-11-02 12:00:00,157.81
2024-11-02 13:00:00,165.26
2024-11-02 14:00:00,119.36
2024-11-02 15:00:00,103.61
2024-11-02 16:00:00,57.32
2024-11-02 17:00:00,0.0
2024-11-02 18:00:00,0.0
2024-11-02 19:00:00,0.0
2024-11-02 20:00:00,0.0
2024-11-02 21:00:00,0.0
2024-11-02 22:00:00,0.0
2024-11-02 23:00:00,0.0
2024-11-03 00:00:00,0.0
2024-11-03 01:00:00,0.0
2024-11-03 02:00:00,0.0
2024-11-03 03:00:00,0.0
2024-11-03 04:00:00,0.0
2024-11-03 05:00:00,0.0
2024-11-03 06:00:00,18.79
2024-11-03 07:00:00,90.31
2024-11-03 08:00:00,150.79
2024-11-03 09:00:00,164.93
2024-11-03 10:00:00,178.17
2024-11-03 11:00:00,214.03
2024-11-03 12:00:00,242.36
2024-11-03 13:00:00,276.88
2024-11-03 14:00:00,214.02
2024-11-03 15:00:00,129.54
2024-11-03 16:00:00,62.36
2024-11-03 17:00:00,0.0
2024-11-03 18:00:00,0.0
2024-11-03 19:00:00,0.0
2024-11-03 20:00:00,0.0
2024-11-03 21:00:00,0.0
2024-11-03 22:00:00,0.0
2024-11-03 23:00:00,0.0
2024-11-04 00:00:00,0.0
2024-11-04 01:00:00,0.0
2024-11-04 02:00:00,0.0
2024-11-04 03:00:00,0.0
2024-11-04 04:00:00,0.0
2024-11-04 05:00:00,0.0
2024-11-04 06:00:00,15.26
2024-11-04 07:00:00,64.98
2024-11-04 08:00:00,115.68
2024-11-04 09:00:00,137.72
2024-11-04 10:00:00,172.8
2024-11-04 11:00:00,200.4
2024-11-04 12:00:00,204.05
2024-11-04 13:00:00,147.45
2024-11-04 14:00:00,119.68
2024-11-04 15:00:00,80.58
2024-11-04 16:00:00,37.56
2024-11-04 17:00:00,0.0
2024-11-04 18:00:00,0.0
2024-11-04 19:00:00,0.0
2024-11-04 20:00:00,0.0
2024-11-04 21:00:00,0.0
2024-11-04 22:00:00,0.0
2024-11-04 23:00:00,0.0
2024-11-05 00:00:00,0.0
2024-11-05 01:00:00,0.0
2024-11-05 02:00:00,0.0
2024-11-05 03:00:00,0.0
2024-11-05 04:00:00,0.0
2024-11-05 05:00:00,0.0
2024-11-05 06:00:00,17.64
2024-11-05 07:00:00,76.84
2024-11-05 08:00:00,113.04
2024-11-05 09:00:00,138.57
2024-11-05 10:00:00,215.16
2024-11-05 11:00:00,248.58
2024-11-05 12:00:00,244.36
2024-11-05 13:00:00,217.66
2024-11-05 14:00:00,164.08
2024-11-05 15:00:00,104.48
2024-11-05 16:00:00,45.22
2024-11-05 17:00:00,0.0
2024-11-05 18:00:00,0.0
2024-11-05 19:00:00,0.0
2024-11-05 20:00:00,0.0
2024-11-05 21:00:00,0.0
2024-11-05 22:00:00,0.0
2024-11-05 23:00:00,0.0
2024-11-06 00:00:00,0.0
2024-11-06 01:00:00,0.0
2024-11-06 02:00:00,0.0
2024-11-06 03:00:00,0.0
2024-11-06 04:00:00,0.0
2024-11-06 05:00:00,0.0
2024-11-06 06:00:00,18.73
2024-11-06 07:00:00,79.22
2024-11-06 08:00:00,93.52
2024-11-06 09:00:00,86.09
2024-11-06 10:00:00,100.29
2024-11-06 11:00:00,134.55
2024-11-06 12:00:00,169.84
2024-11-06 13:00:00,153.36
2024-11-06 14:00:00,150.7
2024-11-06 15:00:00,122.89
2024-11-06 16:00:00,57.07
2024-11-06 17:00:00,0.0
2024-11-06 18:00:00,0.0
2024-11-06 19:00:00,0.0
2024-11-06 20:00:00,0.0
2024-11-06 21:00:00,0.0
2024-11-06 22:00:00,0.0
2024-11-06 23:00:00,0.0
2024-11-07 00:00:00,0.0
2024-11-07 01:00:00,0.0
2024-11-07 02:00:00,0.0
2024-11-07 03:00:00,0.0
2024-11-07 04:00:00,0.0
2024-11-07 05:00:00,0.0
2024-11-07 06:00:00,17.71
2024-11-07 07:00:00,70.27
2024-11-07 08:00:00,112.6
2024-11-07 09:00:00,119.79
2024-11-07 10:00:00,122.76
2024-11-07 11:00:00,157.0
2024-11-07 12:00:00,141.39
2024-11-07 13:00:00,135.66
2024-11-07 14:00:00,108.02
2024-11-07 15:00:00,99.02
2024-11-07 16:00:00,55.78
2024-11-07 17:00:00,0.0
2024-11-07 18:00:00,0.0
2024-11-07 19:00:00,0.0
2024-11-07 20:00:00,0.0
2024-11-07 21:00:00,0.0
2024-11-07 22:00:00,0.0
2024-11-07 23:00:00,0.0
2024-11-08 00:00:00,0.0
2024-11-08 01:00:00,0.0
2024-11-08 02:00:00,0.0
2024-11-08 03:00:00,0.0
2024-11-08 04:00:00,0.0
2024-11-08 05:00:00,0.0
2024-11-08 06:00:00,17.13
2024-11-08 07:00:00,81.9
2024-11-08 08:00:00,126.85
2024-11-08 09:00:00,111.1
2024-11-08 10:00:00,124.69
2024-11-08 11:00:00,170.04
2024-11-08 12:00:00,176.17
2024-11-08 13:00:00,179.33
2024-11-08 14:00:00,135.24
2024-11-08 15:00:00,111.5
2024-11-08 16:00:00,61.05
2024-11-08 17:00:00,0.0
2024-11-08 18:00:00,0.0
2024-11-08 19:00:00,0.0
2024-11-08 20:00:00,0.0
2024-11-08 21:00:00,0.0
2024-11-08 22:00:00,0.0
2024-11-08 23:00:00,0.0
2024-11-09 00:00:00,0.0
2024-11-09 01:00:00,0.0
2024-11-09 02:00:00,0.0
2024-11-09 03:00:00,0.0
2024-11-09 04:00:00,0.0
2024-11-09 05:00:00,0.0
2024-11-09 06:00:00,15.21
2024-11-09 07:00:00,100.45
2024-11-09 08:00:00,174.77
2024-11-09 09:00:00,205.84
2024-11-09 10:00:00,262.97
2024-11-09 11:00:00,288.06
2024-11-09 12:00:00,139.97
2024-11-09 13:00:00,136.23
2024-11-09 14:00:00,170.72
2024-11-09 15:00:00,115.07
2024-11-09 16:00:00,57.36
2024-11-09 17:00:00,0.0
2024-11-09 18:00:00,0.0
2024-11-09 19:00:00,0.0
2024-11-09 20:00:00,0.0
2024-11-09 21:00:00,0.0
2024-11-09 22:00:00,0.0
2024-11-09 23:00:00,0.0
2024-11-10 00:00:00,0.0
2024-11-10 01:00:00,0.0
2024-11-10 02:00:00,0.0
2024-11-10 03:00:00,0.0
2024-11-10 04:00:00,0.0
2024-11-10 05:00:00,0.0
2024-11-10 06:00:00,15.23
2024-11-10 07:00:00,77.65
2024-11-10 08:00:00,104.3
2024-11-10 09:00:00,104.17
2024-11-10 10:00:00,120.84
2024-11-10 11:00:00,104.05
2024-11-10 12:00:00,128.85
2024-11-10 13:00:00,147.92
2024-11-10 14:00:00,167.26
2024-11-10 15:00:00,108.92
2024-11-10 16:00:00,58.21
2024-11-10 17:00:00,0.0
2024-11-10 18:00:00,0.0
2024-11-10 19:00:00,0.0
2024-11-10 20:00:00,0.0
2024-11-10 21:00:00,0.0
2024-11-10 22:00:00,0.0
2024-11-10 23:00:00,0.0
2024-11-11 00:00:00,0.0
2024-11-11 01:00:00,0.0
2024-11-11 02:00:00,0.0
2024-11-11 03:00:00,0.0
2024-11-11 04:00:00,0.0
2024-11-11 05:00:00,0.0
2024-11-11 06:00:00,13.33
2024-11-11 07:00:00,70.44
2024-11-11 08:00:00,80.2
2024-11-11 09:00:00,78.27
2024-11-11 10:00:00,92.98
2024-11-11 11:00:00,117.56
2024-11-11 12:00:00,114.59
2024-11-11 13:00:00,145.94
2024-11-11 14:00:00,122.98
2024-11-11 15:00:00,101.87
2024-11-11 16:00:00,49.13
2024-11-11 17:00:00,0.0
2024-11-11 18:00:00,0.0
2024-11-11 19:00:00,0.0
2024-11-11 20:00:00,0.0
2024-11-11 21:00:00,0.0
2024-11-11 22:00:00,0.0
2024-11-11 23:00:00,0.0
2024-11-12 00:00:00,0.0
2024-11-12 01:00:00,0.0
2024-11-12 02:00:00,0.0
2024-11-12 03:00:00,0.0
2024-11-12 04:00:00,0.0
2024-11-12 05:00:00,0.0
2024-11-12 06:00:00,12.68
2024-11-12 07:00:00,86.55
2024-11-12 08:00:00,199.46
2024-11-12 09:00:00,106.95
2024-11-12 10:00:00,116.35
2024-11-12 11:00:00,132.91
2024-11-12 12:00:00,164.97
2024-11-12 13:00:00,160.96
2024-11-12 14:00:00,165.28
2024-11-12 15:00:00,176.16
2024-11-12 16:00:00,44.77
2024-11-12 17:00:00,0.0
2024-11-12 18:00:00,0.0
2024-11-12 19:00:00,0.0
2024-11-12 20:00:00,0.0
2024-11-12 21:00:00,0.0
2024-11-12 22:00:00,0.0
2024-11-12 23:00:00,0.0
2024-11-13 00:00:00,0.0
2024-11-13 01:00:00,0.0
2024-11-13 02:00:00,0.0
2024-11-13 03:00:00,0.0
2024-11-13 04:00:00,0.0
2024-11-13 05:00:00,0.0
2024-11-13 06:00:00,12.48
2024-11-13 07:00:00,92.15
2024-11-13 08:00:00,199.73
2024-11-13 09:00:00,234.68
2024-11-13 10:00:00,167.82
2024-11-13 11:00:00,203.94
2024-11-13 12:00:00,192.64
2024-11-13 13:00:00,255.82
2024-11-13 14:00:00,248.57
2024-11-13 15:00:00,183.43
2024-11-13 16:00:00,52.85
2024-11-13 17:00:00,0.0
2024-11-13 18:00:00,0.0
2024-11-13 19:00:00,0.0
2024-11-13 20:00:00,0.0
2024-11-13 21:00:00,0.0
2024-11-13 22:00:00,0.0
2024-11-13 23:00:00,0.0
2024-11-14 00:00:00,0.0
2024-11-14 01:00:00,0.0
2024-11-14 02:00:00,0.0
2024-11-14 03:00:00,0.0
2024-11-14 04:00:00,0.0
2024-11-14 05:00:00,0.0
2024-11-14 06:00:00,13.06
2024-11-14 07:00:00,92.1
2024-11-14 08:00:00,116.25
2024-11-14 09:00:00,139.44
2024-11-14 10:00:00,165.02
2024-11-14 11:00:00,129.37
2024-11-14 12:00:00,226.27
2024-11-14 13:00:00,158.06
2024-11-14 14:00:00,175.08
2024-11-14 15:00:00,157.91
2024-11-14 16:00:00,53.38
2024-11-14 17:00:00,0.0
2024-11-14 18:00:00,0.0
2024-11-14 19:00:00,0.0
2024-11-14 20:00:00,0.0
2024-11-14 21:00:00,0.0
2024-11-14 22:00:00,0.0
2024-11-14 23:00:00,0.0
2024-11-15 00:00:00,0.0
2024-11-15 01:00:00,0.0
2024-11-15 02:00:00,0.0
2024-11-15 03:00:00,0.0
2024-11-15 04:00:00,0.0
2024-11-15 05:00:00,0.0
2024-11-15 06:00:00,12.76
2024-11-15 07:00:00,83.45
2024-11-15 08:00:00,103.27
2024-11-15 09:00:00,172.96
2024-11-15 10:00:00,185.51
2024-11-15 11:00:00,121.81
2024-11-15 12:00:00,105.33
2024-11-15 13:00:00,137.72
2024-11-15 14:00:00,146.22
2024-11-15 15:00:00,154.09
2024-11-15 16:00:00,57.87
2024-11-15 17:00:00,0.0
2024-11-15 18:00:00,0.0
2024-11-15 19:00:00,0.0
2024-11-15 20:00:00,0.0
2024-11-15 21:00:00,0.0
2024-11-15 22:00:00,0.0
2024-11-15 23:00:00,0.0
2024-11-16 00:00:00,0.0
2024-11-16 01:00:00,0.0
2024-11-16 02:00:00,0.0
2024-11-16 03:00:00,0.0
2024-11-16 04:00:00,0.0
2024-11-16 05:00:00,0.0
2024-11-16 06:00:00,10.2
2024-11-16 07:00:00,92.83
2024-11-16 08:00:00,202.43
2024-11-16 09:00:00,250.5
2024-11-16 10:00:00,310.17
2024-11-16 11:00:00,333.61
2024-11-16 12:00:00,239.29
2024-11-16 13:00:00,178.77
2024-11-16 14:00:00,230.19
2024-11-16 15:00:00,159.01
2024-11-16 16:00:00,57.77
2024-11-16 17:00:00,0.0
2024-11-16 18:00:00,0.0
2024-11-16 19:00:00,0.0
2024-11-16 20:00:00,0.0
2024-11-16 21:00:00,0.0
2024-11-16 22:00:00,0.0
2024-11-16 23:00:00,0.0
2024-11-17 00:00:00,0.0
2024-11-17 01:00:00,0.0
2024-11-17 02:00:00,0.0
2024-11-17 03:00:00,0.0
2024-11-17 04:00:00,0.0
2024-11-17 05:00:00,0.0
2024-11-17 06:00:00,9.95
2024-11-17 07:00:00,93.08
2024-11-17 08:00:00,184.57
2024-11-17 09:00:00,243.18
2024-11-17 10:00:00,302.07
2024-11-17 11:00:00,339.04
2024-11-17 12:00:00,259.61
2024-11-17 13:00:00,169.94
2024-11-17 14:00:00,216.48
2024-11-17 15:00:00,158.74
2024-11-17 16:00:00,60.32
2024-11-17 17:00:00,0.0
2024-11-17 18:00:00,0.0
2024-11-17 19:00:00,0.0
2024-11-17 20:00:00,0.0
2024-11-17 21:00:00,0.0
2024-11-17 22:00:00,0.0
2024-11-17 23:00:00,0.0
2024-11-18 00:00:00,0.0
2024-11-18 01:00:00,0.0
2024-11-18 02:00:00,0.0
2024-11-18 03:00:00,0.0
2024-11-18 04:00:00,0.0
2024-11-18 05:00:00,0.0
2024-11-18 06:00:00,10.04
2024-11-18 07:00:00,95.15
2024-11-18 08:00:00,194.43
2024-11-18 09:00:00,270.63
2024-11-18 10:00:00,277.22
2024-11-18 11:00:00,280.52
2024-11-18 12:00:00,164.23
2024-11-18 13:00:00,210.23
2024-11-18 14:00:00,195.36
2024-11-18 15:00:00,155.11
2024-11-18 16:00:00,58.05
2024-11-18 17:00:00,0.0
2024-11-18 18:00:00,0.0
2024-11-18 19:00:00,0.0
2024-11-18 20:00:00,0.0
2024-11-18 21:00:00,0.0
2024-11-18 22:00:00,0.0
2024-11-18 23:00:00,0.0
2024-11-19 00:00:00,0.0
2024-11-19 01:00:00,0.0
2024-11-19 02:00:00,0.0
2024-11-19 03:00:00,0.0
2024-11-19 04:00:00,0.0
2024-11-19 05:00:00,0.0
2024-11-19 06:00:00,9.87
2024-11-19 07:00:00,72.27
2024-11-19 08:00:00,98.97
2024-11-19 09:00:00,104.45
2024-11-19 10:00:00,117.9
2024-11-19 11:00:00,153.18
2024-11-19 12:00:00,202.19
2024-11-19 13:00:00,274.22
2024-11-19 14:00:00,219.87
2024-11-19 15:00:00,179.49
2024-11-19 16:00:00,56.53
2024-11-19 17:00:00,0.0
2024-11-19 18:00:00,0.0
2024-11-19 19:00:00,0.0
2024-11-19 20:00:00,0.0
2024-11-19 21:00:00,0.0
2024-11-19 22:00:00,0.0
2024-11-19 23:00:00,0.0
2024-11-20 00:00:00,0.0
2024-11-20 01:00:00,0.0
2024-11-20 02:00:00,0.0
2024-11-20 03:00:00,0.0
2024-11-20 04:00:00,0.0
2024-11-20 05:00:00,0.0
2024-11-20 06:00:00,9.38
2024-11-20 07:00:00,64.51
2024-11-20 08:00:00,65.65
2024-11-20 09:00:00,53.72
2024-11-20 10:00:00,72.87
2024-11-20 11:00:00,105.72
2024-11-20 12:00:00,199.61
2024-11-20 13:00:00,145.81
2024-11-20 14:00:00,132.0
2024-11-20 15:00:00,83.91
2024-11-20 16:00:00,42.34
2024-11-20 17:00:00,0.0
2024-11-20 18:00:00,0.0
2024-11-20 19:00:00,0.0
2024-11-20 20:00:00,0.0
2024-11-20 21:00:00,0.0
2024-11-20 22:00:00,0.0
2024-11-20 23:00:00,0.0
2024-11-21 00:00:00,0.0
2024-11-21 01:00:00,0.0
2024-11-21 02:00:00,0.0
2024-11-21 03:00:00,0.0
2024-11-21 04:00:00,0.0
2024-11-21 05:00:00,0.0
2024-11-21 06:00:00,9.95
2024-11-21 07:00:00,61.32
2024-11-21 08:00:00,46.76
2024-11-21 09:00:00,40.38
2024-11-21 10:00:00,96.85
2024-11-21 11:00:00,94.05
2024-11-21 12:00:00,195.66
2024-11-21 13:00:00,145.81
2024-11-21 14:00:00,132.15
2024-11-21 15:00:00,99.37
2024-11-21 16:00:00,35.93
2024-11-21 17:00:00,0.0
2024-11-21 18:00:00,0.0
2024-11-21 19:00:00,0.0
2024-11-21 20:00:00,0.0
2024-11-21 21:00:00,0.0
2024-11-21 22:00:00,0.0
2024-11-21 23:00:00,0.0
2024-11-22 00:00:00,0.0
2024-11-22 01:00:00,0.0
2024-11-22 02:00:00,0.0
2024-11-22 03:00:00,0.0
2024-11-22 04:00:00,0.0
2024-11-22 05:00:00,0.0
2024-11-22 06:00:00,5.89
2024-11-22 07:00:00,53.19
2024-11-22 08:00:00,75.81
2024-11-22 09:00:00,78.52
2024-11-22 10:00:00,116.38
2024-11-22 11:00:00,179.89
2024-11-22 12:00:00,217.32
2024-11-22 13:00:00,168.71
2024-11-22 14:00:00,143.4
2024-11-22 15:00:00,107.84
2024-11-22 16:00:00,36.52
2024-11-22 17:00:00,0.0
2024-11-22 18:00:00,0.0
2024-11-22 19:00:00,0.0
2024-11-22 20:00:00,0.0
2024-11-22 21:00:00,0.0
2024-11-22 22:00:00,0.0
2024-11-22 23:00:00,0.0
2024-11-23 00:00:00,0.0
2024-11-23 01:00:00,0.0
2024-11-23 02:00:00,0.0
2024-11-23 03:00:00,0.0
2024-11-23 04:00:00,0.0
2024-11-23 05:00:00,0.0
2024-11-23 06:00:00,6.57
2024-11-23 07:00:00,75.43
2024-11-23 08:00:00,177.66
2024-11-23 09:00:00,227.36
2024-11-23 10:00:00,265.06
2024-11-23 11:00:00,301.58
2024-11-23 12:00:00,215.26
2024-11-23 13:00:00,198.6
2024-11-23 14:00:00,209.93
2024-11-23 15:00:00,130.59
2024-11-23 16:00:00,40.23
2024-11-23 17:00:00,0.0
2024-11-23 18:00:00,0.0
2024-11-23 19:00:00,0.0
2024-11-23 20:00:00,0.0
2024-11-23 21:00:00,0.0
2024-11-23 22:00:00,0.0
2024-11-23 23:00:00,0.0
2024-11-24 00:00:00,0.0
2024-11-24 01:00:00,0.0
2024-11-24 02:00:00,0.0
2024-11-24 03:00:00,0.0
2024-11-24 04:00:00,0.0
2024-11-24 05:00:00,0.0
2024-11-24 06:00:00,6.0
2024-11-24 07:00:00,76.27
2024-11-24 08:00:00,188.73
2024-11-24 09:00:00,260.97
2024-11-24 10:00:00,288.89
2024-11-24 11:00:00,320.67
2024-11-24 12:00:00,223.38
2024-11-24 13:00:00,351.02
2024-11-24 14:00:00,273.06
2024-11-24 15:00:00,186.5
2024-11-24 16:00:00,50.1
2024-11-24 17:00:00,0.0
2024-11-24 18:00:00,0.0
2024-11-24 19:00:00,0.0
2024-11-24 20:00:00,0.0
2024-11-24 21:00:00,0.0
2024-11-24 22:00:00,0.0
2024-11-24 23:00:00,0.0
2024-11-25 00:00:00,0.0
2024-11-25 01:00:00,0.0
2024-11-25 02:00:00,0.0
2024-11-25 03:00:00,0.0
2024-11-25 04:00:00,0.0
2024-11-25 05:00:00,0.0
2024-11-25 06:00:00,5.68
2024-11-25 07:00:00,72.05
2024-11-25 08:00:00,180.95
2024-11-25 09:00:00,250.32
2024-11-25 10:00:00,297.22
2024-11-25 11:00:00,342.82
2024-11-25 12:00:00,212.38
2024-11-25 13:00:00,135.4
2024-11-25 14:00:00,192.42
2024-11-25 15:00:00,140.38
2024-11-25 16:00:00,42.4
2024-11-25 17:00:00,0.0
2024-11-25 18:00:00,0.0
2024-11-25 19:00:00,0.0
2024-11-25 20:00:00,0.0
2024-11-25 21:00:00,0.0
2024-11-25 22:00:00,0.0
2024-11-25 23:00:00,0.0
2024-11-26 00:00:00,0.0
2024-11-26 01:00:00,0.0
2024-11-26 02:00:00,0.0
2024-11-26 03:00:00,0.0
2024-11-26 04:00:00,0.0
2024-11-26 05:00:00,0.0
2024-11-26 06:00:00,5.53
2024-11-26 07:00:00,65.8
2024-11-26 08:00:00,167.65
2024-11-26 09:00:00,228.12
2024-11-26 10:00:00,273.25
2024-11-26 11:00:00,288.2
2024-11-26 12:00:00,160.9
2024-11-26 13:00:00,195.45
2024-11-26 14:00:00,209.45
2024-11-26 15:00:00,150.58
2024-11-26 16:00:00,37.23
2024-11-26 17:00:00,0.0
2024-11-26 18:00:00,0.0
2024-11-26 19:00:00,0.0
2024-11-26 20:00:00,0.0
2024-11-26 21:00:00,0.0
2024-11-26 22:00:00,0.0
2024-11-26 23:00:00,0.0
2024-11-27 00:00:00,0.0
2024-11-27 01:00:00,0.0
2024-11-27 02:00:00,0.0
2024-11-27 03:00:00,0.0
2024-11-27 04:00:00,0.0
2024-11-27 05:00:00,0.0
2024-11-27 06:00:00,5.19
2024-11-27 07:00:00,62.77
2024-11-27 08:00:00,178.09
2024-11-27 09:00:00,248.23
2024-11-27 10:00:00,152.47
2024-11-27 11:00:00,179.01
2024-11-27 12:00:00,249.38
2024-11-27 13:00:00,155.8
2024-11-27 14:00:00,139.5
2024-11-27 15:00:00,160.73
2024-11-27 16:00:00,42.03
2024-11-27 17:00:00,0.0
2024-11-27 18:00:00,0.0
2024-11-27 19:00:00,0.0
2024-11-27 20:00:00,0.0
2024-11-27 21:00:00,0.0
2024-11-27 22:00:00,0.0
2024-11-27 23:00:00,0.0
2024-11-28 00:00:00,0.0
2024-11-28 01:00:00,0.0
2024-11-28 02:00:00,0.0
2024-11-28 03:00:00,0.0
2024-11-28 04:00:00,0.0
2024-11-28 05:00:00,0.0
2024-11-28 06:00:00,5.35
2024-11-28 07:00:00,53.34
2024-11-28 08:00:00,84.97
2024-11-28 09:00:00,113.78
2024-11-28 10:00:00,113.29
2024-11-28 11:00:00,118.42
2024-11-28 12:00:00,227.74
2024-11-28 13:00:00,121.42
2024-11-28 14:00:00,119.31
2024-11-28 15:00:00,86.84
2024-11-28 16:00:00,36.43
2024-11-28 17:00:00,0.0
2024-11-28 18:00:00,0.0
2024-11-28 19:00:00,0.0
2024-11-28 20:00:00,0.0
2024-11-28 21:00:00,0.0
2024-11-28 22:00:00,0.0
2024-11-28 23:00:00,0.0
2024-11-29 00:00:00,0.0
2024-11-29 01:00:00,0.0
2024-11-29 02:00:00,0.0
2024-11-29 03:00:00,0.0
2024-11-29 04:00:00,0.0
2024-11-29 05:00:00,0.0
2024-11-29 06:00:00,0.0
2024-11-29 07:00:00,66.49
2024-11-29 08:00:00,98.87
2024-11-29 09:00:00,113.66
2024-11-29 10:00:00,130.41
2024-11-29 11:00:00,145.9
2024-11-29 12:00:00,148.17
2024-11-29 13:00:00,136.43
2024-11-29 14:00:00,102.99
2024-11-29 15:00:00,81.19
2024-11-29 16:00:00,39.77
2024-11-29 17:00:00,0.0
2024-11-29 18:00:00,0.0
2024-11-29 19:00:00,0.0
2024-11-29 20:00:00,0.0
2024-11-29 21:00:00,0.0
2024-11-29 22:00:00,0.0
2024-11-29 23:00:00,0.0
2024-11-30 00:00:00,0.0
2024-11-30 01:00:00,0.0
2024-11-30 02:00:00,0.0
2024-11-30 03:00:00,0.0
2024-11-30 04:00:00,0.0
2024-11-30 05:00:00,0.0
2024-11-30 06:00:00,0.0
2024-11-30 07:00:00,62.13
2024-11-30 08:00:00,98.5
2024-11-30 09:00:00,100.91
2024-11-30 10:00:00,106.9
2024-11-30 11:00:00,140.47
2024-11-30 12:00:00,114.96
2024-11-30 13:00:00,138.88
2024-11-30 14:00:00,95.6
2024-11-30 15:00:00,76.48
2024-11-30 16:00:00,43.13
2024-11-30 17:00:00,0.0
2024-11-30 18:00:00,0.0
2024-11-30 19:00:00,0.0
2024-11-30 20:00:00,0.0
2024-11-30 21:00:00,0.0
2024-11-30 22:00:00,0.0
2024-11-30 23:00:00,0.0
2024-12-01 00:00:00,0.0
2024-12-01 01:00:00,0.0
2024-12-01 02:00:00,0.0
2024-12-01 03:00:00,0.0
2024-12-01 04:00:00,0.0
2024-12-01 05:00:00,0.0
2024-12-01 06:00:00,0.0
2024-12-01 07:00:00,58.63
2024-12-01 08:00:00,103.36
2024-12-01 09:00:00,134.08
2024-12-01 10:00:00,172.66
2024-12-01 11:00:00,156.68
2024-12-01 12:00:00,146.07
2024-12-01 13:00:00,136.3
2024-12-01 14:00:00,127.83
2024-12-01 15:00:00,105.23
2024-12-01 16:00:00,52.2
2024-12-01 17:00:00,0.0
2024-12-01 18:00:00,0.0
2024-12-01 19:00:00,0.0
2024-12-01 20:00:00,0.0
2024-12-01 21:00:00,0.0
2024-12-01 22:00:00,0.0
2024-12-01 23:00:00,0.0
2024-12-02 00:00:00,0.0
2024-12-02 01:00:00,0.0
2024-12-02 02:00:00,0.0
2024-12-02 03:00:00,0.0
2024-12-02 04:00:00,0.0
2024-12-02 05:00:00,0.0
2024-12-02 06:00:00,0.0
2024-12-02 07:00:00,60.64
2024-12-02 08:00:00,102.51
2024-12-02 09:00:00,118.46
2024-12-02 10:00:00,89.46
2024-12-02 11:00:00,146.0
2024-12-02 12:00:00,125.26
2024-12-02 13:00:00,147.04
2024-12-02 14:00:00,149.22
2024-12-02 15:00:00,131.07
2024-12-02 16:00:00,54.77
2024-12-02 17:00:00,0.0
2024-12-02 18:00:00,0.0
2024-12-02 19:00:00,0.0
2024-12-02 20:00:00,0.0
2024-12-02 21:00:00,0.0
2024-12-02 22:00:00,0.0
2024-12-02 23:00:00,0.0
2024-12-03 00:00:00,0.0
2024-12-03 01:00:00,0.0
2024-12-03 02:00:00,0.0
2024-12-03 03:00:00,0.0
2024-12-03 04:00:00,0.0
2024-12-03 05:00:00,0.0
2024-12-03 06:00:00,0.0
2024-12-03 07:00:00,64.27
2024-12-03 08:00:00,103.95
2024-12-03 09:00:00,120.96
2024-12-03 10:00:00,143.82
2024-12-03 11:00:00,97.22
2024-12-03 12:00:00,144.4
2024-12-03 13:00:00,124.44
2024-12-03 14:00:00,133.37
2024-12-03 15:00:00,147.34
2024-12-03 16:00:00,51.68
2024-12-03 17:00:00,0.0
2024-12-03 18:00:00,0.0
2024-12-03 19:00:00,0.0
2024-12-03 20:00:00,0.0
2024-12-03 21:00:00,0.0
2024-12-03 22:00:00,0.0
2024-12-03 23:00:00,0.0
2024-12-04 00:00:00,0.0
2024-12-04 01:00:00,0.0
2024-12-04 02:00:00,0.0
2024-12-04 03:00:00,0.0
2024-12-04 04:00:00,0.0
2024-12-04 05:00:00,0.0
2024-12-04 06:00:00,0.0
2024-12-04 07:00:00,66.71
2024-12-04 08:00:00,151.68
2024-12-04 09:00:00,193.34
2024-12-04 10:00:00,190.48
2024-12-04 11:00:00,242.49
2024-12-04 12:00:00,191.47
2024-12-04 13:00:00,185.89
2024-12-04 14:00:00,209.84
2024-12-04 15:00:00,161.04
2024-12-04 16:00:00,51.05
2024-12-04 17:00:00,0.0
2024-12-04 18:00:00,0.0
2024-12-04 19:00:00,0.0
2024-12-04 20:00:00,0.0
2024-12-04 21:00:00,0.0
2024-12-04 22:00:00,0.0
2024-12-04 23:00:00,0.0
2024-12-05 00:00:00,0.0
2024-12-05 01:00:00,0.0
2024-12-05 02:00:00,0.0
2024-12-05 03:00:00,0.0
2024-12-05 04:00:00,0.0
2024-12-05 05:00:00,0.0
2024-12-05 06:00:00,0.0
2024-12-05 07:00:00,71.31
2024-12-05 08:00:00,159.34
2024-12-05 09:00:00,177.23
2024-12-05 10:00:00,173.35
2024-12-05 11:00:00,204.24
2024-12-05 12:00:00,235.09
2024-12-05 13:00:00,291.53
2024-12-05 14:00:00,250.68
2024-12-05 15:00:00,167.25
2024-12-05 16:00:00,46.99
2024-12-05 17:00:00,0.0
2024-12-05 18:00:00,0.0
2024-12-05 19:00:00,0.0
2024-12-05 20:00:00,0.0
2024-12-05 21:00:00,0.0
2024-12-05 22:00:00,0.0
2024-12-05 23:00:00,0.0
2024-12-06 00:00:00,0.0
2024-12-06 01:00:00,0.0
2024-12-06 02:00:00,0.0
2024-12-06 03:00:00,0.0
2024-12-06 04:00:00,0.0
2024-12-06 05:00:00,0.0
2024-12-06 06:00:00,0.0
2024-12-06 07:00:00,56.17
2024-12-06 08:00:00,98.98
2024-12-06 09:00:00,115.98
2024-12-06 10:00:00,152.61
2024-12-06 11:00:00,165.97
2024-12-06 12:00:00,300.43
2024-12-06 13:00:00,286.18
2024-12-06 14:00:00,219.71
2024-12-06 15:00:00,148.01
2024-12-06 16:00:00,49.81
2024-12-06 17:00:00,0.0
2024-12-06 18:00:00,0.0
2024-12-06 19:00:00,0.0
2024-12-06 20:00:00,0.0
2024-12-06 21:00:00,0.0
2024-12-06 22:00:00,0.0
2024-12-06 23:00:00,0.0
2024-12-07 00:00:00,0.0
2024-12-07 01:00:00,0.0
2024-12-07 02:00:00,0.0
2024-12-07 03:00:00,0.0
2024-12-07 04:00:00,0.0
2024-12-07 05:00:00,0.0
2024-12-07 06:00:00,0.0
2024-12-07 07:00:00,58.29
2024-12-07 08:00:00,164.18
2024-12-07 09:00:00,202.65
2024-12-07 10:00:00,216.45
2024-12-07 11:00:00,138.14
2024-12-07 12:00:00,275.59
2024-12-07 13:00:00,250.37
2024-12-07 14:00:00,220.96
2024-12-07 15:00:00,149.61
2024-12-07 16:00:00,41.97
2024-12-07 17:00:00,0.0
2024-12-07 18:00:00,0.0
2024-12-07 19:00:00,0.0
2024-12-07 20:00:00,0.0
2024-12-07 21:00:00,0.0
2024-12-07 22:00:00,0.0
2024-12-07 23:00:00,0.0
2024-12-08 00:00:00,0.0
2024-12-08 01:00:00,0.0
2024-12-08 02:00:00,0.0
2024-12-08 03:00:00,0.0
2024-12-08 04:00:00,0.0
2024-12-08 05:00:00,0.0
2024-12-08 06:00:00,0.0
2024-12-08 07:00:00,58.62
2024-12-08 08:00:00,154.07
2024-12-08 09:00:00,236.31
2024-12-08 10:00:00,187.07
2024-12-08 11:00:00,192.07
2024-12-08 12:00:00,256.5
2024-12-08 13:00:00,214.9
2024-12-08 14:00:00,196.86
2024-12-08 15:00:00,150.42
2024-12-08 16:00:00,49.21
2024-12-08 17:00:00,0.0
2024-12-08 18:00:00,0.0
2024-12-08 19:00:00,0.0
2024-12-08 20:00:00,0.0
2024-12-08 21:00:00,0.0
2024-12-08 22:00:00,0.0
2024-12-08 23:00:00,0.0
2024-12-09 00:00:00,0.0
2024-12-09 01:00:00,0.0
2024-12-09 02:00:00,0.0
2024-12-09 03:00:00,0.0
2024-12-09 04:00:00,0.0
2024-12-09 05:00:00,0.0
2024-12-09 06:00:00,0.0
2024-12-09 07:00:00,46.58
2024-12-09 08:00:00,104.63
2024-12-09 09:00:00,158.52
2024-12-09 10:00:00,188.88
2024-12-09 11:00:00,209.82
2024-12-09 12:00:00,155.24
2024-12-09 13:00:00,209.23
2024-12-09 14:00:00,233.74
2024-12-09 15:00:00,146.12
2024-12-09 16:00:00,38.67
2024-12-09 17:00:00,0.0
2024-12-09 18:00:00,0.0
2024-12-09 19:00:00,0.0
2024-12-09 20:00:00,0.0
2024-12-09 21:00:00,0.0
2024-12-09 22:00:00,0.0
2024-12-09 23:00:00,0.0
2024-12-10 00:00:00,0.0
2024-12-10 01:00:00,0.0
2024-12-10 02:00:00,0.0
2024-12-10 03:00:00,0.0
2024-12-10 04:00:00,0.0
2024-12-10 05:00:00,0.0
2024-12-10 06:00:00,0.0
2024-12-10 07:00:00,61.72
2024-12-10 08:00:00,149.84
2024-12-10 09:00:00,237.71
2024-12-10 10:00:00,255.67
2024-12-10 11:00:00,305.56
2024-12-10 12:00:00,272.87
2024-12-10 13:00:00,284.87
2024-12-10 14:00:00,238.98
2024-12-10 15:00:00,165.64
2024-12-10 16:00:00,52.84
2024-12-10 17:00:00,0.0
2024-12-10 18:00:00,0.0
2024-12-10 19:00:00,0.0
2024-12-10 20:00:00,0.0
2024-12-10 21:00:00,0.0
2024-12-10 22:00:00,0.0
2024-12-10 23:00:00,0.0
2024-12-11 00:00:00,0.0
2024-12-11 01:00:00,0.0
2024-12-11 02:00:00,0.0
2024-12-11 03:00:00,0.0
2024-12-11 04:00:00,0.0
2024-12-11 05:00:00,0.0
2024-12-11 06:00:00,0.0
2024-12-11 07:00:00,56.71
2024-12-11 08:00:00,154.4
2024-12-11 09:00:00,183.57
2024-12-11 10:00:00,210.45
2024-12-11 11:00:00,192.04
2024-12-11 12:00:00,199.16
2024-12-11 13:00:00,161.36
2024-12-11 14:00:00,206.62
2024-12-11 15:00:00,152.16
2024-12-11 16:00:00,53.55
2024-12-11 17:00:00,0.0
2024-12-11 18:00:00,0.0
2024-12-11 19:00:00,0.0
2024-12-11 20:00:00,0.0
2024-12-11 21:00:00,0.0
2024-12-11 22:00:00,0.0
2024-12-11 23:00:00,0.0
2024-12-12 00:00:00,0.0
2024-12-12 01:00:00,0.0
2024-12-12 02:00:00,0.0
2024-12-12 03:00:00,0.0
2024-12-12 04:00:00,0.0
2024-12-12 05:00:00,0.0
2024-12-12 06:00:00,0.0
2024-12-12 07:00:00,47.6
2024-12-12 08:00:00,92.23
2024-12-12 09:00:00,67.89
2024-12-12 10:00:00,98.7
2024-12-12 11:00:00,71.1
2024-12-12 12:00:00,139.0
2024-12-12 13:00:00,155.04
2024-12-12 14:00:00,141.39
2024-12-12 15:00:00,137.03
2024-12-12 16:00:00,52.67
2024-12-12 17:00:00,0.0
2024-12-12 18:00:00,0.0
2024-12-12 19:00:00,0.0
2024-12-12 20:00:00,0.0
2024-12-12 21:00:00,0.0
2024-12-12 22:00:00,0.0
2024-12-12 23:00:00,0.0
2024-12-13 00:00:00,0.0
2024-12-13 01:00:00,0.0
2024-12-13 02:00:00,0.0
2024-12-13 03:00:00,0.0
2024-12-13 04:00:00,0.0
2024-12-13 05:00:00,0.0
2024-12-13 06:00:00,0.0
2024-12-13 07:00:00,44.83
2024-12-13 08:00:00,88.47
2024-12-13 09:00:00,84.1
2024-12-13 10:00:00,83.83
2024-12-13 11:00:00,88.85
2024-12-13 12:00:00,177.25
2024-12-13 13:00:00,153.03
2024-12-13 14:00:00,142.38
2024-12-13 15:00:00,133.48
2024-12-13 16:00:00,53.68
2024-12-13 17:00:00,0.0
2024-12-13 18:00:00,0.0
2024-12-13 19:00:00,0.0
2024-12-13 20:00:00,0.0
2024-12-13 21:00:00,0.0
2024-12-13 22:00:00,0.0
2024-12-13 23:00:00,0.0
2024-12-14 00:00:00,0.0
2024-12-14 01:00:00,0.0
2024-12-14 02:00:00,0.0
2024-12-14 03:00:00,0.0
2024-12-14 04:00:00,0.0
2024-12-14 05:00:00,0.0
2024-12-14 06:00:00,0.0
2024-12-14 07:00:00,50.7
2024-12-14 08:00:00,139.35
2024-12-14 09:00:00,119.92
2024-12-14 10:00:00,95.58
2024-12-14 11:00:00,119.36
2024-12-14 12:00:00,98.71
2024-12-14 13:00:00,135.76
2024-12-14 14:00:00,124.84
2024-12-14 15:00:00,101.02
2024-12-14 16:00:00,51.21
2024-12-14 17:00:00,0.0
2024-12-14 18:00:00,0.0
2024-12-14 19:00:00,0.0
2024-12-14 20:00:00,0.0
2024-12-14 21:00:00,0.0
2024-12-14 22:00:00,0.0
2024-12-14 23:00:00,0.0
2024-12-15 00:00:00,0.0
2024-12-15 01:00:00,0.0
2024-12-15 02:00:00,0.0
2024-12-15 03:00:00,0.0
2024-12-15 04:00:00,0.0
2024-12-15 05:00:00,0.0
2024-12-15 06:00:00,0.0
2024-12-15 07:00:00,38.57
2024-12-15 08:00:00,72.83
2024-12-15 09:00:00,100.24
2024-12-15 10:00:00,107.75
2024-12-15 11:00:00,103.34
2024-12-15 12:00:00,130.14
2024-12-15 13:00:00,115.6
2024-12-15 14:00:00,98.62
2024-12-15 15:00:00,75.93
2024-12-15 16:00:00,36.55
2024-12-15 17:00:00,0.0
2024-12-15 18:00:00,0.0
2024-12-15 19:00:00,0.0
2024-12-15 20:00:00,0.0
2024-12-15 21:00:00,0.0
2024-12-15 22:00:00,0.0
2024-12-15 23:00:00,0.0
2024-12-16 00:00:00,0.0
2024-12-16 01:00:00,0.0
2024-12-16 02:00:00,0.0
2024-12-16 03:00:00,0.0
2024-12-16 04:00:00,0.0
2024-12-16 05:00:00,0.0
2024-12-16 06:00:00,0.0
2024-12-16 07:00:00,46.35
2024-12-16 08:00:00,85.41
2024-12-16 09:00:00,92.04
2024-12-16 10:00:00,84.11
2024-12-16 11:00:00,105.94
2024-12-16 12:00:00,97.33
2024-12-16 13:00:00,129.33
2024-12-16 14:00:00,88.6
2024-12-16 15:00:00,73.7
2024-12-16 16:00:00,36.88
2024-12-16 17:00:00,0.0
2024-12-16 18:00:00,0.0
2024-12-16 19:00:00,0.0
2024-12-16 20:00:00,0.0
2024-12-16 21:00:00,0.0
2024-12-16 22:00:00,0.0
2024-12-16 23:00:00,0.0
2024-12-17 00:00:00,0.0
2024-12-17 01:00:00,0.0
2024-12-17 02:00:00,0.0
2024-12-17 03:00:00,0.0
2024-12-17 04:00:00,0.0
2024-12-17 05:00:00,0.0
2024-12-17 06:00:00,0.0
2024-12-17 07:00:00,37.36
2024-12-17 08:00:00,87.86
2024-12-17 09:00:00,102.82
2024-12-17 10:00:00,74.06
2024-12-17 11:00:00,115.02
2024-12-17 12:00:00,125.02
2024-12-17 13:00:00,129.3
2024-12-17 14:00:00,108.25
2024-12-17 15:00:00,87.49
2024-12-17 16:00:00,48.38
2024-12-17 17:00:00,0.0
2024-12-17 18:00:00,0.0
2024-12-17 19:00:00,0.0
2024-12-17 20:00:00,0.0
2024-12-17 21:00:00,0.0
2024-12-17 22:00:00,0.0
2024-12-17 23:00:00,0.0
2024-12-18 00:00:00,0.0
2024-12-18 01:00:00,0.0
2024-12-18 02:00:00,0.0
2024-12-18 03:00:00,0.0
2024-12-18 04:00:00,0.0
2024-12-18 05:00:00,0.0
2024-12-18 06:00:00,0.0
2024-12-18 07:00:00,37.19
2024-12-18 08:00:00,82.84
2024-12-18 09:00:00,100.03
2024-12-18 10:00:00,116.89
2024-12-18 11:00:00,131.77
2024-12-18 12:00:00,147.96
2024-12-18 13:00:00,124.33
2024-12-18 14:00:00,113.61
2024-12-18 15:00:00,78.31
2024-12-18 16:00:00,38.58
2024-12-18 17:00:00,0.0
2024-12-18 18:00:00,0.0
2024-12-18 19:00:00,0.0
2024-12-18 20:00:00,0.0
2024-12-18 21:00:00,0.0
2024-12-18 22:00:00,0.0
2024-12-18 23:00:00,0.0
2024-12-19 00:00:00,0.0
2024-12-19 01:00:00,0.0
2024-12-19 02:00:00,0.0
2024-12-19 03:00:00,0.0
2024-12-19 04:00:00,0.0
2024-12-19 05:00:00,0.0
2024-12-19 06:00:00,0.0
2024-12-19 07:00:00,39.22
2024-12-19 08:00:00,85.02
2024-12-19 09:00:00,116.97
2024-12-19 10:00:00,135.21
2024-12-19 11:00:00,134.49
2024-12-19 12:00:00,151.59
2024-12-19 13:00:00,123.31
2024-12-19 14:00:00,121.15
2024-12-19 15:00:00,102.16
2024-12-19 16:00:00,52.59
2024-12-19 17:00:00,0.0
2024-12-19 18:00:00,0.0
2024-12-19 19:00:00,0.0
2024-12-19 20:00:00,0.0
2024-12-19 21:00:00,0.0
2024-12-19 22:00:00,0.0
2024-12-19 23:00:00,0.0
2024-12-20 00:00:00,0.0
2024-12-20 01:00:00,0.0
2024-12-20 02:00:00,0.0
2024-12-20 03:00:00,0.0
2024-12-20 04:00:00,0.0
2024-12-20 05:00:00,0.0
2024-12-20 06:00:00,0.0
2024-12-20 07:00:00,48.33
2024-12-20 08:00:00,99.04
2024-12-20 09:00:00,120.41
2024-12-20 10:00:00,93.84
2024-12-20 11:00:00,144.96
2024-12-20 12:00:00,132.27
2024-12-20 13:00:00,160.7
2024-12-20 14:00:00,145.53
2024-12-20 15:00:00,118.24
2024-12-20 16:00:00,60.92
2024-12-20 17:00:00,0.0
2024-12-20 18:00:00,0.0
2024-12-20 19:00:00,0.0
2024-12-20 20:00:00,0.0
2024-12-20 21:00:00,0.0
2024-12-20 22:00:00,0.0
2024-12-20 23:00:00,0.0
2024-12-21 00:00:00,0.0
2024-12-21 01:00:00,0.0
2024-12-21 02:00:00,0.0
2024-12-21 03:00:00,0.0
2024-12-21 04:00:00,0.0
2024-12-21 05:00:00,0.0
2024-12-21 06:00:00,0.0
2024-12-21 07:00:00,48.36
2024-12-21 08:00:00,127.62
2024-12-21 09:00:00,181.72
2024-12-21 10:00:00,229.12
2024-12-21 11:00:00,246.06
2024-12-21 12:00:00,146.92
2024-12-21 13:00:00,199.2
2024-12-21 14:00:00,195.11
2024-12-21 15:00:00,165.94
2024-12-21 16:00:00,61.64
2024-12-21 17:00:00,0.0
2024-12-21 18:00:00,0.0
2024-12-21 19:00:00,0.0
2024-12-21 20:00:00,0.0
2024-12-21 21:00:00,0.0
2024-12-21 22:00:00,0.0
2024-12-21 23:00:00,0.0
2024-12-22 00:00:00,0.0
2024-12-22 01:00:00,0.0
2024-12-22 02:00:00,0.0
2024-12-22 03:00:00,0.0
2024-12-22 04:00:00,0.0
2024-12-22 05:00:00,0.0
2024-12-22 06:00:00,0.0
2024-12-22 07:00:00,47.71
2024-12-22 08:00:00,117.15
2024-12-22 09:00:00,189.14
2024-12-22 10:00:00,144.64
2024-12-22 11:00:00,147.76
2024-12-22 12:00:00,181.56
2024-12-22 13:00:00,180.37
2024-12-22 14:00:00,218.32
2024-12-22 15:00:00,163.86
2024-12-22 16:00:00,58.67
2024-12-22 17:00:00,0.0
2024-12-22 18:00:00,0.0
2024-12-22 19:00:00,0.0
2024-12-22 20:00:00,0.0
2024-12-22 21:00:00,0.0
2024-12-22 22:00:00,0.0
2024-12-22 23:00:00,0.0
2024-12-23 00:00:00,0.0
2024-12-23 01:00:00,0.0
2024-12-23 02:00:00,0.0
2024-12-23 03:00:00,0.0
2024-12-23 04:00:00,0.0
2024-12-23 05:00:00,0.0
2024-12-23 06:00:00,0.0
2024-12-23 07:00:00,41.69
2024-12-23 08:00:00,89.87
2024-12-23 09:00:00,88.01
2024-12-23 10:00:00,96.27
2024-12-23 11:00:00,106.28
2024-12-23 12:00:00,130.91
2024-12-23 13:00:00,141.6
2024-12-23 14:00:00,132.38
2024-12-23 15:00:00,101.15
2024-12-23 16:00:00,56.32
2024-12-23 17:00:00,0.0
2024-12-23 18:00:00,0.0
2024-12-23 19:00:00,0.0
2024-12-23 20:00:00,0.0
2024-12-23 21:00:00,0.0
2024-12-23 22:00:00,0.0
2024-12-23 23:00:00,0.0
2024-12-24 00:00:00,0.0
2024-12-24 01:00:00,0.0
2024-12-24 02:00:00,0.0
2024-12-24 03:00:00,0.0
2024-12-24 04:00:00,0.0
2024-12-24 05:00:00,0.0
2024-12-24 06:00:00,0.0
2024-12-24 07:00:00,42.73
2024-12-24 08:00:00,107.71
2024-12-24 09:00:00,107.89
2024-12-24 10:00:00,110.68
2024-12-24 11:00:00,93.53
2024-12-24 12:00:00,127.53
2024-12-24 13:00:00,133.45
2024-12-24 14:00:00,124.73
2024-12-24 15:00:00,105.94
2024-12-24 16:00:00,59.53
2024-12-24 17:00:00,0.0
2024-12-24 18:00:00,0.0
2024-12-24 19:00:00,0.0
2024-12-24 20:00:00,0.0
2024-12-24 21:00:00,0.0
2024-12-24 22:00:00,0.0
2024-12-24 23:00:00,0.0
2024-12-25 00:00:00,0.0
2024-12-25 01:00:00,0.0
2024-12-25 02:00:00,0.0
2024-12-25 03:00:00,0.0
2024-12-25 04:00:00,0.0
2024-12-25 05:00:00,0.0
2024-12-25 06:00:00,0.0
2024-12-25 07:00:00,43.27
2024-12-25 08:00:00,105.44
2024-12-25 09:00:00,133.05
2024-12-25 10:00:00,150.84
2024-12-25 11:00:00,185.57
2024-12-25 12:00:00,143.64
2024-12-25 13:00:00,225.34
2024-12-25 14:00:00,185.43
2024-12-25 15:00:00,143.91
2024-12-25 16:00:00,57.17
2024-12-25 17:00:00,0.0
2024-12-25 18:00:00,0.0
2024-12-25 19:00:00,0.0
2024-12-25 20:00:00,0.0
2024-12-25 21:00:00,0.0
2024-12-25 22:00:00,0.0
2024-12-25 23:00:00,0.0
2024-12-26 00:00:00,0.0
2024-12-26 01:00:00,0.0
2024-12-26 02:00:00,0.0
2024-12-26 03:00:00,0.0
2024-12-26 04:00:00,0.0
2024-12-26 05:00:00,0.0
2024-12-26 06:00:00,0.0
2024-12-26 07:00:00,44.65
2024-12-26 08:00:00,112.42
2024-12-26 09:00:00,142.41
2024-12-26 10:00:00,135.37
2024-12-26 11:00:00,158.83
2024-12-26 12:00:00,138.94
2024-12-26 13:00:00,196.98
2024-12-26 14:00:00,174.33
2024-12-26 15:00:00,135.19
2024-12-26 16:00:00,70.31
2024-12-26 17:00:00,0.0
2024-12-26 18:00:00,0.0
2024-12-26 19:00:00,0.0
2024-12-26 20:00:00,0.0
2024-12-26 21:00:00,0.0
2024-12-26 22:00:00,0.0
2024-12-26 23:00:00,0.0
2024-12-27 00:00:00,0.0
2024-12-27 01:00:00,0.0
2024-12-27 02:00:00,0.0
2024-12-27 03:00:00,0.0
2024-12-27 04:00:00,0.0
2024-12-27 05:00:00,0.0
2024-12-27 06:00:00,0.0
2024-12-27 07:00:00,34.59
2024-12-27 08:00:00,73.65
2024-12-27 09:00:00,92.99
2024-12-27 10:00:00,87.1
2024-12-27 11:00:00,101.93
2024-12-27 12:00:00,126.22
2024-12-27 13:00:00,135.94
2024-12-27 14:00:00,121.59
2024-12-27 15:00:00,90.51
2024-12-27 16:00:00,50.26
2024-12-27 17:00:00,0.0
2024-12-27 18:00:00,0.0
2024-12-27 19:00:00,0.0
2024-12-27 20:00:00,0.0
2024-12-27 21:00:00,0.0
2024-12-27 22:00:00,0.0
2024-12-27 23:00:00,0.0
2024-12-28 00:00:00,0.0
2024-12-28 01:00:00,0.0
2024-12-28 02:00:00,0.0
2024-12-28 03:00:00,0.0
2024-12-28 04:00:00,0.0
2024-12-28 05:00:00,0.0
2024-12-28 06:00:00,0.0
2024-12-28 07:00:00,38.61
2024-12-28 08:00:00,98.92
2024-12-28 09:00:00,179.33
2024-12-28 10:00:00,251.54
2024-12-28 11:00:00,207.74
2024-12-28 12:00:00,333.8
2024-12-28 13:00:00,351.99
2024-12-28 14:00:00,268.98
2024-12-28 15:00:00,159.76
2024-12-28 16:00:00,61.06
2024-12-28 17:00:00,0.0
2024-12-28 18:00:00,0.0
2024-12-28 19:00:00,0.0
2024-12-28 20:00:00,0.0
2024-12-28 21:00:00,0.0
2024-12-28 22:00:00,0.0
2024-12-28 23:00:00,0.0
2024-12-29 00:00:00,0.0
2024-12-29 01:00:00,0.0
2024-12-29 02:00:00,0.0
2024-12-29 03:00:00,0.0
2024-12-29 04:00:00,0.0
2024-12-29 05:00:00,0.0
2024-12-29 06:00:00,0.0
2024-12-29 07:00:00,31.05
2024-12-29 08:00:00,89.27
2024-12-29 09:00:00,131.05
2024-12-29 10:00:00,133.67
2024-12-29 11:00:00,170.13
2024-12-29 12:00:00,206.59
2024-12-29 13:00:00,156.75
2024-12-29 14:00:00,134.79
2024-12-29 15:00:00,86.61
2024-12-29 16:00:00,37.41
2024-12-29 17:00:00,0.0
2024-12-29 18:00:00,0.0
2024-12-29 19:00:00,0.0
2024-12-29 20:00:00,0.0
2024-12-29 21:00:00,0.0
2024-12-29 22:00:00,0.0
2024-12-29 23:00:00,0.0
2024-12-30 00:00:00,0.0
2024-12-30 01:00:00,0.0
2024-12-30 02:00:00,0.0
2024-12-30 03:00:00,0.0
2024-12-30 04:00:00,0.0
2024-12-30 05:00:00,0.0
2024-12-30 06:00:00,0.0
2024-12-30 07:00:00,41.02
2024-12-30 08:00:00,123.76
2024-12-30 09:00:00,198.26
2024-12-30 10:00:00,118.38
2024-12-30 11:00:00,123.83
2024-12-30 12:00:00,135.82
2024-12-30 13:00:00,169.17
2024-12-30 14:00:00,169.74
2024-12-30 15:00:00,128.01
2024-12-30 16:00:00,60.43
2024-12-30 17:00:00,0.0
2024-12-30 18:00:00,0.0
2024-12-30 19:00:00,0.0
2024-12-30 20:00:00,0.0
2024-12-30 21:00:00,0.0
2024-12-30 22:00:00,0.0
2024-12-30 23:00:00,0.0
2024-12-31 00:00:00,0.0
2024-12-31 01:00:00,0.0
2024-12-31 02:00:00,0.0
2024-12-31 03:00:00,0.0
2024-12-31 04:00:00,0.0
2024-12-31 05:00:00,0.0
2024-12-31 06:00:00,0.0
2024-12-31 07:00:00,42.56
2024-12-31 08:00:00,124.64
2024-12-31 09:00:00,196.48
2024-12-31 10:00:00,255.75
2024-12-31 11:00:00,304.1
2024-12-31 12:00:00,163.49
2024-12-31 13:00:00,218.79
2024-12-31 14:00:00,187.16
2024-12-31 15:00:00,135.26
2024-12-31 16:00:00,67.85
2024-12-31 17:00:00,0.0
2024-12-31 18:00:00,0.0
2024-12-31 19:00:00,0.0
2024-12-31 20:00:00,0.0
2024-12-31 21:00:00,0.0
2024-12-31 22:00:00,0.0
2024-12-31 23:00:00,0.0
2025-01-01 00:00:00,0.0
2025-01-01 01:00:00,0.0
2025-01-01 02:00:00,0.0
2025-01-01 03:00:00,0.0
2025-01-01 04:00:00,0.0
2025-01-01 05:00:00,0.0
2025-01-01 06:00:00,0.0
2025-01-01 07:00:00,39.41
2025-01-01 08:00:00,107.42
2025-01-01 09:00:00,162.69
2025-01-01 10:00:00,201.62
2025-01-01 11:00:00,238.26
2025-01-01 12:00:00,147.48
2025-01-01 13:00:00,241.29
2025-01-01 14:00:00,146.52
2025-01-01 15:00:00,113.71
2025-01-01 16:00:00,61.04
2025-01-01 17:00:00,5.68
2025-01-01 18:00:00,0.0
2025-01-01 19:00:00,0.0
2025-01-01 20:00:00,0.0
2025-01-01 21:00:00,0.0
2025-01-01 22:00:00,0.0
2025-01-01 23:00:00,0.0
2025-01-02 00:00:00,0.0
2025-01-02 01:00:00,0.0
2025-01-02 02:00:00,0.0
2025-01-02 03:00:00,0.0
2025-01-02 04:00:00,0.0
2025-01-02 05:00:00,0.0
2025-01-02 06:00:00,0.0
2025-01-02 07:00:00,38.88
2025-01-02 08:00:00,87.29
2025-01-02 09:00:00,117.7
2025-01-02 10:00:00,70.74
2025-01-02 11:00:00,148.68
2025-01-02 12:00:00,153.05
2025-01-02 13:00:00,162.48
2025-01-02 14:00:00,155.67
2025-01-02 15:00:00,119.89
2025-01-02 16:00:00,66.06
2025-01-02 17:00:00,6.05
2025-01-02 18:00:00,0.0
2025-01-02 19:00:00,0.0
2025-01-02 20:00:00,0.0
2025-01-02 21:00:00,0.0
2025-01-02 22:00:00,0.0
2025-01-02 23:00:00,0.0
2025-01-03 00:00:00,0.0
2025-01-03 01:00:00,0.0
2025-01-03 02:00:00,0.0
2025-01-03 03:00:00,0.0
2025-01-03 04:00:00,0.0
2025-01-03 05:00:00,0.0
2025-01-03 06:00:00,0.0
2025-01-03 07:00:00,37.05
2025-01-03 08:00:00,91.76
2025-01-03 09:00:00,116.62
2025-01-03 10:00:00,139.08
2025-01-03 11:00:00,170.76
2025-01-03 12:00:00,228.31
2025-01-03 13:00:00,195.95
2025-01-03 14:00:00,168.86
2025-01-03 15:00:00,115.4
2025-01-03 16:00:00,63.07
2025-01-03 17:00:00,6.89
2025-01-03 18:00:00,0.0
2025-01-03 19:00:00,0.0
2025-01-03 20:00:00,0.0
2025-01-03 21:00:00,0.0
2025-01-03 22:00:00,0.0
2025-01-03 23:00:00,0.0
2025-01-04 00:00:00,0.0
2025-01-04 01:00:00,0.0
2025-01-04 02:00:00,0.0
2025-01-04 03:00:00,0.0
2025-01-04 04:00:00,0.0
2025-01-04 05:00:00,0.0
2025-01-04 06:00:00,0.0
2025-01-04 07:00:00,38.7
2025-01-04 08:00:00,94.9
2025-01-04 09:00:00,105.51
2025-01-04 10:00:00,116.29
2025-01-04 11:00:00,141.49
2025-01-04 12:00:00,177.79
2025-01-04 13:00:00,151.53
2025-01-04 14:00:00,133.43
2025-01-04 15:00:00,105.4
2025-01-04 16:00:00,56.53
2025-01-04 17:00:00,7.17
2025-01-04 18:00:00,0.0
2025-01-04 19:00:00,0.0
2025-01-04 20:00:00,0.0
2025-01-04 21:00:00,0.0
2025-01-04 22:00:00,0.0
2025-01-04 23:00:00,0.0
2025-01-05 00:00:00,0.0
2025-01-05 01:00:00,0.0
2025-01-05 02:00:00,0.0
2025-01-05 03:00:00,0.0
2025-01-05 04:00:00,0.0
2025-01-05 05:00:00,0.0
2025-01-05 06:00:00,0.0
2025-01-05 07:00:00,35.87
2025-01-05 08:00:00,90.74
2025-01-05 09:00:00,121.09
2025-01-05 10:00:00,127.39
2025-01-05 11:00:00,154.18
2025-01-05 12:00:00,181.72
2025-01-05 13:00:00,204.68
2025-01-05 14:00:00,209.73
2025-01-05 15:00:00,164.82
2025-01-05 16:00:00,80.16
2025-01-05 17:00:00,5.49
2025-01-05 18:00:00,0.0
2025-01-05 19:00:00,0.0
2025-01-05 20:00:00,0.0
2025-01-05 21:00:00,0.0
2025-01-05 22:00:00,0.0
2025-01-05 23:00:00,0.0
2025-01-06 00:00:00,0.0
2025-01-06 01:00:00,0.0
2025-01-06 02:00:00,0.0
2025-01-06 03:00:00,0.0
2025-01-06 04:00:00,0.0
2025-01-06 05:00:00,0.0
2025-01-06 06:00:00,0.0
2025-01-06 07:00:00,35.6
2025-01-06 08:00:00,103.26
2025-01-06 09:00:00,154.27
2025-01-06 10:00:00,201.81
2025-01-06 11:00:00,318.9
2025-01-06 12:00:00,316.01
2025-01-06 13:00:00,312.5
2025-01-06 14:00:00,194.4
2025-01-06 15:00:00,112.88
2025-01-06 16:00:00,55.75
2025-01-06 17:00:00,7.94
2025-01-06 18:00:00,0.0
2025-01-06 19:00:00,0.0
2025-01-06 20:00:00,0.0
2025-01-06 21:00:00,0.0
2025-01-06 22:00:00,0.0
2025-01-06 23:00:00,0.0
2025-01-07 00:00:00,0.0
2025-01-07 01:00:00,0.0
2025-01-07 02:00:00,0.0
2025-01-07 03:00:00,0.0
2025-01-07 04:00:00,0.0
2025-01-07 05:00:00,0.0
2025-01-07 06:00:00,0.0
2025-01-07 07:00:00,40.62
2025-01-07 08:00:00,91.24
2025-01-07 09:00:00,84.45
2025-01-07 10:00:00,89.48
2025-01-07 11:00:00,115.34
2025-01-07 12:00:00,165.47
2025-01-07 13:00:00,137.22
2025-01-07 14:00:00,153.46
2025-01-07 15:00:00,186.92
2025-01-07 16:00:00,61.47
2025-01-07 17:00:00,6.11
2025-01-07 18:00:00,0.0
2025-01-07 19:00:00,0.0
2025-01-07 20:00:00,0.0
2025-01-07 21:00:00,0.0
2025-01-07 22:00:00,0.0
2025-01-07 23:00:00,0.0
2025-01-08 00:00:00,0.0
2025-01-08 01:00:00,0.0
2025-01-08 02:00:00,0.0
2025-01-08 03:00:00,0.0
2025-01-08 04:00:00,0.0
2025-01-08 05:00:00,0.0
2025-01-08 06:00:00,0.0
2025-01-08 07:00:00,38.93
2025-01-08 08:00:00,91.28
2025-01-08 09:00:00,112.72
2025-01-08 10:00:00,81.54
2025-01-08 11:00:00,147.41
2025-01-08 12:00:00,89.16
2025-01-08 13:00:00,134.85
2025-01-08 14:00:00,88.33
2025-01-08 15:00:00,91.13
2025-01-08 16:00:00,65.13
2025-01-08 17:00:00,9.24
2025-01-08 18:00:00,0.0
2025-01-08 19:00:00,0.0
2025-01-08 20:00:00,0.0
2025-01-08 21:00:00,0.0
2025-01-08 22:00:00,0.0
2025-01-08 23:00:00,0.0
2025-01-09 00:00:00,0.0
2025-01-09 01:00:00,0.0
2025-01-09 02:00:00,0.0
2025-01-09 03:00:00,0.0
2025-01-09 04:00:00,0.0
2025-01-09 05:00:00,0.0
2025-01-09 06:00:00,0.0
2025-01-09 07:00:00,36.55
2025-01-09 08:00:00,99.05
2025-01-09 09:00:00,79.41
2025-01-09 10:00:00,107.8
2025-01-09 11:00:00,106.12
2025-01-09 12:00:00,115.42
2025-01-09 13:00:00,158.71
2025-01-09 14:00:00,140.71
2025-01-09 15:00:00,176.14
2025-01-09 16:00:00,78.82
2025-01-09 17:00:00,8.63
2025-01-09 18:00:00,0.0
2025-01-09 19:00:00,0.0
2025-01-09 20:00:00,0.0
2025-01-09 21:00:00,0.0
2025-01-09 22:00:00,0.0
2025-01-09 23:00:00,0.0
2025-01-10 00:00:00,0.0
2025-01-10 01:00:00,0.0
2025-01-10 02:00:00,0.0
2025-01-10 03:00:00,0.0
2025-01-10 04:00:00,0.0
2025-01-10 05:00:00,0.0
2025-01-10 06:00:00,0.0
2025-01-10 07:00:00,42.94
2025-01-10 08:00:00,114.35
2025-01-10 09:00:00,149.42
2025-01-10 10:00:00,176.19
2025-01-10 11:00:00,158.24
2025-01-10 12:00:00,179.14
2025-01-10 13:00:00,160.64
2025-01-10 14:00:00,130.93
2025-01-10 15:00:00,111.37
2025-01-10 16:00:00,72.13
2025-01-10 17:00:00,10.37
2025-01-10 18:00:00,0.0
2025-01-10 19:00:00,0.0
2025-01-10 20:00:00,0.0
2025-01-10 21:00:00,0.0
2025-01-10 22:00:00,0.0
2025-01-10 23:00:00,0.0
2025-01-11 00:00:00,0.0
2025-01-11 01:00:00,0.0
2025-01-11 02:00:00,0.0
2025-01-11 03:00:00,0.0
2025-01-11 04:00:00,0.0
2025-01-11 05:00:00,0.0
2025-01-11 06:00:00,0.0
2025-01-11 07:00:00,41.05
2025-01-11 08:00:00,90.42
2025-01-11 09:00:00,123.59
2025-01-11 10:00:00,124.7
2025-01-11 11:00:00,128.31
2025-01-11 12:00:00,170.45
2025-01-11 13:00:00,167.91
2025-01-11 14:00:00,153.42
2025-01-11 15:00:00,133.63
2025-01-11 16:00:00,79.98
2025-01-11 17:00:00,11.17
2025-01-11 18:00:00,0.0
2025-01-11 19:00:00,0.0
2025-01-11 20:00:00,0.0
2025-01-11 21:00:00,0.0
2025-01-11 22:00:00,0.0
2025-01-11 23:00:00,0.0
2025-01-12 00:00:00,0.0
2025-01-12 01:00:00,0.0
2025-01-12 02:00:00,0.0
2025-01-12 03:00:00,0.0
2025-01-12 04:00:00,0.0
2025-01-12 05:00:00,0.0
2025-01-12 06:00:00,0.0
2025-01-12 07:00:00,39.45
2025-01-12 08:00:00,157.95
2025-01-12 09:00:00,213.51
2025-01-12 10:00:00,251.75
2025-01-12 11:00:00,250.8
2025-01-12 12:00:00,298.23
2025-01-12 13:00:00,234.48
2025-01-12 14:00:00,216.69
2025-01-12 15:00:00,134.87
2025-01-12 16:00:00,78.54
2025-01-12 17:00:00,9.85
2025-01-12 18:00:00,0.0
2025-01-12 19:00:00,0.0
2025-01-12 20:00:00,0.0
2025-01-12 21:00:00,0.0
2025-01-12 22:00:00,0.0
2025-01-12 23:00:00,0.0
2025-01-13 00:00:00,0.0
2025-01-13 01:00:00,0.0
2025-01-13 02:00:00,0.0
2025-01-13 03:00:00,0.0
2025-01-13 04:00:00,0.0
2025-01-13 05:00:00,0.0
2025-01-13 06:00:00,0.0
2025-01-13 07:00:00,33.93
2025-01-13 08:00:00,86.35
2025-01-13 09:00:00,111.46
2025-01-13 10:00:00,117.72
2025-01-13 11:00:00,176.59
2025-01-13 12:00:00,210.3
2025-01-13 13:00:00,148.61
2025-01-13 14:00:00,191.62
2025-01-13 15:00:00,119.36
2025-01-13 16:00:00,61.76
2025-01-13 17:00:00,9.89
2025-01-13 18:00:00,0.0
2025-01-13 19:00:00,0.0
2025-01-13 20:00:00,0.0
2025-01-13 21:00:00,0.0
2025-01-13 22:00:00,0.0
2025-01-13 23:00:00,0.0
2025-01-14 00:00:00,0.0
2025-01-14 01:00:00,0.0
2025-01-14 02:00:00,0.0
2025-01-14 03:00:00,0.0
2025-01-14 04:00:00,0.0
2025-01-14 05:00:00,0.0
2025-01-14 06:00:00,0.0
2025-01-14 07:00:00,41.66
2025-01-14 08:00:00,112.58
2025-01-14 09:00:00,104.94
2025-01-14 10:00:00,125.8
2025-01-14 11:00:00,240.44
2025-01-14 12:00:00,125.91
2025-01-14 13:00:00,150.24
2025-01-14 14:00:00,111.75
2025-01-14 15:00:00,111.01
2025-01-14 16:00:00,76.18
2025-01-14 17:00:00,11.16
2025-01-14 18:00:00,0.0
2025-01-14 19:00:00,0.0
2025-01-14 20:00:00,0.0
2025-01-14 21:00:00,0.0
2025-01-14 22:00:00,0.0
2025-01-14 23:00:00,0.0
2025-01-15 00:00:00,0.0
2025-01-15 01:00:00,0.0
2025-01-15 02:00:00,0.0
2025-01-15 03:00:00,0.0
2025-01-15 04:00:00,0.0
2025-01-15 05:00:00,0.0
2025-01-15 06:00:00,0.0
2025-01-15 07:00:00,38.64
2025-01-15 08:00:00,88.49
2025-01-15 09:00:00,105.69
2025-01-15 10:00:00,99.75
2025-01-15 11:00:00,115.98
2025-01-15 12:00:00,165.83
2025-01-15 13:00:00,146.64
2025-01-15 14:00:00,134.65
2025-01-15 15:00:00,115.38
2025-01-15 16:00:00,77.15
2025-01-15 17:00:00,13.6
2025-01-15 18:00:00,0.0
2025-01-15 19:00:00,0.0
2025-01-15 20:00:00,0.0
2025-01-15 21:00:00,0.0
2025-01-15 22:00:00,0.0
2025-01-15 23:00:00,0.0
2025-01-16 00:00:00,0.0
2025-01-16 01:00:00,0.0
2025-01-16 02:00:00,0.0
2025-01-16 03:00:00,0.0
2025-01-16 04:00:00,0.0
2025-01-16 05:00:00,0.0
2025-01-16 06:00:00,0.0
2025-01-16 07:00:00,30.42
2025-01-16 08:00:00,102.01
2025-01-16 09:00:00,174.27
2025-01-16 10:00:00,246.07
2025-01-16 11:00:00,281.04
2025-01-16 12:00:00,198.27
2025-01-16 13:00:00,228.29
2025-01-16 14:00:00,217.3
2025-01-16 15:00:00,147.42
2025-01-16 16:00:00,68.55
2025-01-16 17:00:00,10.26
2025-01-16 18:00:00,0.0
2025-01-16 19:00:00,0.0
2025-01-16 20:00:00,0.0
2025-01-16 21:00:00,0.0
2025-01-16 22:00:00,0.0
2025-01-16 23:00:00,0.0
2025-01-17 00:00:00,0.0
2025-01-17 01:00:00,0.0
2025-01-17 02:00:00,0.0
2025-01-17 03:00:00,0.0
2025-01-17 04:00:00,0.0
2025-01-17 05:00:00,0.0
2025-01-17 06:00:00,0.0
2025-01-17 07:00:00,39.65
2025-01-17 08:00:00,128.15
2025-01-17 09:00:00,236.36
2025-01-17 10:00:00,319.71
2025-01-17 11:00:00,411.03
2025-01-17 12:00:00,391.42
2025-01-17 13:00:00,318.81
2025-01-17 14:00:00,328.06
2025-01-17 15:00:00,190.77
2025-01-17 16:00:00,86.42
2025-01-17 17:00:00,13.39
2025-01-17 18:00:00,0.0
2025-01-17 19:00:00,0.0
2025-01-17 20:00:00,0.0
2025-01-17 21:00:00,0.0
2025-01-17 22:00:00,0.0
2025-01-17 23:00:00,0.0
2025-01-18 00:00:00,0.0
2025-01-18 01:00:00,0.0
2025-01-18 02:00:00,0.0
2025-01-18 03:00:00,0.0
2025-01-18 04:00:00,0.0
2025-01-18 05:00:00,0.0
2025-01-18 06:00:00,0.0
2025-01-18 07:00:00,44.56
2025-01-18 08:00:00,112.95
2025-01-18 09:00:00,125.57
2025-01-18 10:00:00,116.24
2025-01-18 11:00:00,142.47
2025-01-18 12:00:00,120.12
2025-01-18 13:00:00,161.39
2025-01-18 14:00:00,132.32
2025-01-18 15:00:00,124.99
2025-01-18 16:00:00,73.24
2025-01-18 17:00:00,14.66
2025-01-18 18:00:00,0.0
2025-01-18 19:00:00,0.0
2025-01-18 20:00:00,0.0
2025-01-18 21:00:00,0.0
2025-01-18 22:00:00,0.0
2025-01-18 23:00:00,0.0
2025-01-19 00:00:00,0.0
2025-01-19 01:00:00,0.0
2025-01-19 02:00:00,0.0
2025-01-19 03:00:00,0.0
2025-01-19 04:00:00,0.0
2025-01-19 05:00:00,0.0
2025-01-19 06:00:00,0.0
2025-01-19 07:00:00,38.88
2025-01-19 08:00:00,85.14
2025-01-19 09:00:00,105.38
2025-01-19 10:00:00,150.32
2025-01-19 11:00:00,81.56
2025-01-19 12:00:00,213.21
2025-01-19 13:00:00,160.51
2025-01-19 14:00:00,108.16
2025-01-19 15:00:00,93.85
2025-01-19 16:00:00,70.03
2025-01-19 17:00:00,14.45
2025-01-19 18:00:00,0.0
2025-01-19 19:00:00,0.0
2025-01-19 20:00:00,0.0
2025-01-19 21:00:00,0.0
2025-01-19 22:00:00,0.0
2025-01-19 23:00:00,0.0
2025-01-20 00:00:00,0.0
2025-01-20 01:00:00,0.0
2025-01-20 02:00:00,0.0
2025-01-20 03:00:00,0.0
2025-01-20 04:00:00,0.0
2025-01-20 05:00:00,0.0
2025-01-20 06:00:00,0.0
2025-01-20 07:00:00,37.83
2025-01-20 08:00:00,80.24
2025-01-20 09:00:00,116.77
2025-01-20 10:00:00,140.47
2025-01-20 11:00:00,90.76
2025-01-20 12:00:00,207.23
2025-01-20 13:00:00,148.94
2025-01-20 14:00:00,120.62
2025-01-20 15:00:00,106.32
2025-01-20 16:00:00,81.44
2025-01-20 17:00:00,14.09
2025-01-20 18:00:00,0.0
2025-01-20 19:00:00,0.0
2025-01-20 20:00:00,0.0
2025-01-20 21:00:00,0.0
2025-01-20 22:00:00,0.0
2025-01-20 23:00:00,0.0
2025-01-21 00:00:00,0.0
2025-01-21 01:00:00,0.0
2025-01-21 02:00:00,0.0
2025-01-21 03:00:00,0.0
2025-01-21 04:00:00,0.0
2025-01-21 05:00:00,0.0
2025-01-21 06:00:00,0.0
2025-01-21 07:00:00,34.76
2025-01-21 08:00:00,90.66
2025-01-21 09:00:00,96.52
2025-01-21 10:00:00,91.39
2025-01-21 11:00:00,127.01
2025-01-21 12:00:00,140.42
2025-01-21 13:00:00,161.82
2025-01-21 14:00:00,143.07
2025-01-21 15:00:00,131.01
2025-01-21 16:00:00,91.46
2025-01-21 17:00:00,13.84
2025-01-21 18:00:00,0.0
2025-01-21 19:00:00,0.0
2025-01-21 20:00:00,0.0
2025-01-21 21:00:00,0.0
2025-01-21 22:00:00,0.0
2025-01-21 23:00:00,0.0
2025-01-22 00:00:00,0.0
2025-01-22 01:00:00,0.0
2025-01-22 02:00:00,0.0
2025-01-22 03:00:00,0.0
2025-01-22 04:00:00,0.0
2025-01-22 05:00:00,0.0
2025-01-22 06:00:00,0.0
2025-01-22 07:00:00,36.85
2025-01-22 08:00:00,76.65
2025-01-22 09:00:00,106.62
2025-01-22 10:00:00,130.71
2025-01-22 11:00:00,153.81
2025-01-22 12:00:00,167.04
2025-01-22 13:00:00,150.07
2025-01-22 14:00:00,134.13
2025-01-22 15:00:00,132.2
2025-01-22 16:00:00,97.02
2025-01-22 17:00:00,16.18
2025-01-22 18:00:00,0.0
2025-01-22 19:00:00,0.0
2025-01-22 20:00:00,0.0
2025-01-22 21:00:00,0.0
2025-01-22 22:00:00,0.0
2025-01-22 23:00:00,0.0
2025-01-23 00:00:00,0.0
2025-01-23 01:00:00,0.0
2025-01-23 02:00:00,0.0
2025-01-23 03:00:00,0.0
2025-01-23 04:00:00,0.0
2025-01-23 05:00:00,0.0
2025-01-23 06:00:00,0.0
2025-01-23 07:00:00,36.46
2025-01-23 08:00:00,74.0
2025-01-23 09:00:00,91.78
2025-01-23 10:00:00,68.34
2025-01-23 11:00:00,105.56
2025-01-23 12:00:00,159.36
2025-01-23 13:00:00,149.53
2025-01-23 14:00:00,136.84
2025-01-23 15:00:00,122.93
2025-01-23 16:00:00,94.23
2025-01-23 17:00:00,15.52
2025-01-23 18:00:00,0.0
2025-01-23 19:00:00,0.0
2025-01-23 20:00:00,0.0
2025-01-23 21:00:00,0.0
2025-01-23 22:00:00,0.0
2025-01-23 23:00:00,0.0
2025-01-24 00:00:00,0.0
2025-01-24 01:00:00,0.0
2025-01-24 02:00:00,0.0
2025-01-24 03:00:00,0.0
2025-01-24 04:00:00,0.0
2025-01-24 05:00:00,0.0
2025-01-24 06:00:00,0.0
2025-01-24 07:00:00,38.98
2025-01-24 08:00:00,75.17
2025-01-24 09:00:00,56.37
2025-01-24 10:00:00,79.72
2025-01-24 11:00:00,79.47
2025-01-24 12:00:00,124.58
2025-01-24 13:00:00,142.72
2025-01-24 14:00:00,126.1
2025-01-24 15:00:00,200.72
2025-01-24 16:00:00,93.32
2025-01-24 17:00:00,14.07
2025-01-24 18:00:00,0.0
2025-01-24 19:00:00,0.0
2025-01-24 20:00:00,0.0
2025-01-24 21:00:00,0.0
2025-01-24 22:00:00,0.0
2025-01-24 23:00:00,0.0
2025-01-25 00:00:00,0.0
2025-01-25 01:00:00,0.0
2025-01-25 02:00:00,0.0
2025-01-25 03:00:00,0.0
2025-01-25 04:00:00,0.0
2025-01-25 05:00:00,0.0
2025-01-25 06:00:00,0.0
2025-01-25 07:00:00,36.68
2025-01-25 08:00:00,74.39
2025-01-25 09:00:00,92.05
2025-01-25 10:00:00,102.63
2025-01-25 11:00:00,137.59
2025-01-25 12:00:00,147.53
2025-01-25 13:00:00,184.44
2025-01-25 14:00:00,111.65
2025-01-25 15:00:00,192.28
2025-01-25 16:00:00,85.73
2025-01-25 17:00:00,16.59
2025-01-25 18:00:00,0.0
2025-01-25 19:00:00,0.0
2025-01-25 20:00:00,0.0
2025-01-25 21:00:00,0.0
2025-01-25 22:00:00,0.0
2025-01-25 23:00:00,0.0
2025-01-26 00:00:00,0.0
2025-01-26 01:00:00,0.0
2025-01-26 02:00:00,0.0
2025-01-26 03:00:00,0.0
2025-01-26 04:00:00,0.0
2025-01-26 05:00:00,0.0
2025-01-26 06:00:00,0.0
2025-01-26 07:00:00,45.16
2025-01-26 08:00:00,129.93
2025-01-26 09:00:00,179.85
2025-01-26 10:00:00,216.86
2025-01-26 11:00:00,151.85
2025-01-26 12:00:00,192.42
2025-01-26 13:00:00,197.83
2025-01-26 14:00:00,171.16
2025-01-26 15:00:00,134.48
2025-01-26 16:00:00,92.8
2025-01-26 17:00:00,17.45
2025-01-26 18:00:00,0.0
2025-01-26 19:00:00,0.0
2025-01-26 20:00:00,0.0
2025-01-26 21:00:00,0.0
2025-01-26 22:00:00,0.0
2025-01-26 23:00:00,0.0
2025-01-27 00:00:00,0.0
2025-01-27 01:00:00,0.0
2025-01-27 02:00:00,0.0
2025-01-27 03:00:00,0.0
2025-01-27 04:00:00,0.0
2025-01-27 05:00:00,0.0
2025-01-27 06:00:00,0.0
2025-01-27 07:00:00,40.6
2025-01-27 08:00:00,78.45
2025-01-27 09:00:00,83.93
2025-01-27 10:00:00,93.65
2025-01-27 11:00:00,174.67
2025-01-27 12:00:00,161.31
2025-01-27 13:00:00,235.97
2025-01-27 14:00:00,189.1
2025-01-27 15:00:00,139.28
2025-01-27 16:00:00,88.01
2025-01-27 17:00:00,14.55
2025-01-27 18:00:00,0.0
2025-01-27 19:00:00,0.0
2025-01-27 20:00:00,0.0
2025-01-27 21:00:00,0.0
2025-01-27 22:00:00,0.0
2025-01-27 23:00:00,0.0
2025-01-28 00:00:00,0.0
2025-01-28 01:00:00,0.0
2025-01-28 02:00:00,0.0
2025-01-28 03:00:00,0.0
2025-01-28 04:00:00,0.0
2025-01-28 05:00:00,0.0
2025-01-28 06:00:00,0.0
2025-01-28 07:00:00,39.14
2025-01-28 08:00:00,143.17
2025-01-28 09:00:00,163.14
2025-01-28 10:00:00,183.81
2025-01-28 11:00:00,217.58
2025-01-28 12:00:00,264.07
2025-01-28 13:00:00,213.44
2025-01-28 14:00:00,191.33
2025-01-28 15:00:00,141.64
2025-01-28 16:00:00,66.88
2025-01-28 17:00:00,11.75
2025-01-28 18:00:00,0.0
2025-01-28 19:00:00,0.0
2025-01-28 20:00:00,0.0
2025-01-28 21:00:00,0.0
2025-01-28 22:00:00,0.0
2025-01-28 23:00:00,0.0
2025-01-29 00:00:00,0.0
2025-01-29 01:00:00,0.0
2025-01-29 02:00:00,0.0
2025-01-29 03:00:00,0.0
2025-01-29 04:00:00,0.0
2025-01-29 05:00:00,0.0
2025-01-29 06:00:00,0.0
2025-01-29 07:00:00,33.49
2025-01-29 08:00:00,130.62
2025-01-29 09:00:00,204.22
2025-01-29 10:00:00,243.49
2025-01-29 11:00:00,180.16
2025-01-29 12:00:00,265.68
2025-01-29 13:00:00,221.2
2025-01-29 14:00:00,201.31
2025-01-29 15:00:00,151.03
2025-01-29 16:00:00,71.05
2025-01-29 17:00:00,12.74
2025-01-29 18:00:00,0.0
2025-01-29 19:00:00,0.0
2025-01-29 20:00:00,0.0
2025-01-29 21:00:00,0.0
2025-01-29 22:00:00,0.0
2025-01-29 23:00:00,0.0
2025-01-30 00:00:00,0.0
2025-01-30 01:00:00,0.0
2025-01-30 02:00:00,0.0
2025-01-30 03:00:00,0.0
2025-01-30 04:00:00,0.0
2025-01-30 05:00:00,0.0
2025-01-30 06:00:00,0.0
2025-01-30 07:00:00,38.74
2025-01-30 08:00:00,130.56
2025-01-30 09:00:00,109.54
2025-01-30 10:00:00,114.51
2025-01-30 11:00:00,115.82
2025-01-30 12:00:00,148.16
2025-01-30 13:00:00,220.69
2025-01-30 14:00:00,186.28
2025-01-30 15:00:00,142.27
2025-01-30 16:00:00,59.49
2025-01-30 17:00:00,10.75
2025-01-30 18:00:00,0.0
2025-01-30 19:00:00,0.0
2025-01-30 20:00:00,0.0
2025-01-30 21:00:00,0.0
2025-01-30 22:00:00,0.0
2025-01-30 23:00:00,0.0
2025-01-31 00:00:00,0.0
2025-01-31 01:00:00,0.0
2025-01-31 02:00:00,0.0
2025-01-31 03:00:00,0.0
2025-01-31 04:00:00,0.0
2025-01-31 05:00:00,0.0
2025-01-31 06:00:00,0.0
2025-01-31 07:00:00,39.32
2025-01-31 08:00:00,72.92
2025-01-31 09:00:00,63.5
2025-01-31 10:00:00,100.21
2025-01-31 11:00:00,103.92
2025-01-31 12:00:00,158.63
2025-01-31 13:00:00,200.42
2025-01-31 14:00:00,124.12
2025-01-31 15:00:00,192.08
2025-01-31 16:00:00,97.59
2025-01-31 17:00:00,19.9
2025-01-31 18:00:00,0.0
2025-01-31 19:00:00,0.0
2025-01-31 20:00:00,0.0
2025-01-31 21:00:00,0.0
2025-01-31 22:00:00,0.0
2025-01-31 23:00:00,0.0
2025-02-01 00:00:00,0.0
2025-02-01 01:00:00,0.0
2025-02-01 02:00:00,0.0
2025-02-01 03:00:00,0.0
2025-02-01 04:00:00,0.0
2025-02-01 05:00:00,0.0
2025-02-01 06:00:00,0.0
2025-02-01 07:00:00,38.0
2025-02-01 08:00:00,92.78
2025-02-01 09:00:00,117.47
2025-02-01 10:00:00,110.27
2025-02-01 11:00:00,148.06
2025-02-01 12:00:00,155.3
2025-02-01 13:00:00,179.57
2025-02-01 14:00:00,158.62
2025-02-01 15:00:00,141.85
2025-02-01 16:00:00,108.0
2025-02-01 17:00:00,24.48
2025-02-01 18:00:00,0.0
2025-02-01 19:00:00,0.0
2025-02-01 20:00:00,0.0
2025-02-01 21:00:00,0.0
2025-02-01 22:00:00,0.0
2025-02-01 23:00:00,0.0
2025-02-02 00:00:00,0.0
2025-02-02 01:00:00,0.0
2025-02-02 02:00:00,0.0
2025-02-02 03:00:00,0.0
2025-02-02 04:00:00,0.0
2025-02-02 05:00:00,0.0
2025-02-02 06:00:00,0.0
2025-02-02 07:00:00,41.22
2025-02-02 08:00:00,90.54
2025-02-02 09:00:00,111.6
2025-02-02 10:00:00,112.83
2025-02-02 11:00:00,129.79
2025-02-02 12:00:00,208.55
2025-02-02 13:00:00,203.19
2025-02-02 14:00:00,181.46
2025-02-02 15:00:00,152.97
2025-02-02 16:00:00,109.9
2025-02-02 17:00:00,26.19
2025-02-02 18:00:00,0.0
2025-02-02 19:00:00,0.0
2025-02-02 20:00:00,0.0
2025-02-02 21:00:00,0.0
2025-02-02 22:00:00,0.0
2025-02-02 23:00:00,0.0
2025-02-03 00:00:00,0.0
2025-02-03 01:00:00,0.0
2025-02-03 02:00:00,0.0
2025-02-03 03:00:00,0.0
2025-02-03 04:00:00,0.0
2025-02-03 05:00:00,0.0
2025-02-03 06:00:00,0.0
2025-02-03 07:00:00,46.5
2025-02-03 08:00:00,100.76
2025-02-03 09:00:00,113.39
2025-02-03 10:00:00,108.75
2025-02-03 11:00:00,143.91
2025-02-03 12:00:00,182.35
2025-02-03 13:00:00,231.15
2025-02-03 14:00:00,149.22
2025-02-03 15:00:00,132.67
2025-02-03 16:00:00,102.75
2025-02-03 17:00:00,26.4
2025-02-03 18:00:00,0.0
2025-02-03 19:00:00,0.0
2025-02-03 20:00:00,0.0
2025-02-03 21:00:00,0.0
2025-02-03 22:00:00,0.0
2025-02-03 23:00:00,0.0
2025-02-04 00:00:00,0.0
2025-02-04 01:00:00,0.0
2025-02-04 02:00:00,0.0
2025-02-04 03:00:00,0.0
2025-02-04 04:00:00,0.0
2025-02-04 05:00:00,0.0
2025-02-04 06:00:00,0.0
2025-02-04 07:00:00,42.21
2025-02-04 08:00:00,92.18
2025-02-04 09:00:00,122.86
2025-02-04 10:00:00,78.55
2025-02-04 11:00:00,86.93
2025-02-04 12:00:00,129.14
2025-02-04 13:00:00,162.36
2025-02-04 14:00:00,159.78
2025-02-04 15:00:00,114.29
2025-02-04 16:00:00,87.3
2025-02-04 17:00:00,25.43
2025-02-04 18:00:00,0.0
2025-02-04 19:00:00,0.0
2025-02-04 20:00:00,0.0
2025-02-04 21:00:00,0.0
2025-02-04 22:00:00,0.0
2025-02-04 23:00:00,0.0
2025-02-05 00:00:00,0.0
2025-02-05 01:00:00,0.0
2025-02-05 02:00:00,0.0
2025-02-05 03:00:00,0.0
2025-02-05 04:00:00,0.0
2025-02-05 05:00:00,0.0
2025-02-05 06:00:00,0.0
2025-02-05 07:00:00,43.91
2025-02-05 08:00:00,77.41
2025-02-05 09:00:00,66.98
2025-02-05 10:00:00,79.96
2025-02-05 11:00:00,112.74
2025-02-05 12:00:00,193.74
2025-02-05 13:00:00,198.5
2025-02-05 14:00:00,186.17
2025-02-05 15:00:00,213.88
2025-02-05 16:00:00,121.07
2025-02-05 17:00:00,20.62
2025-02-05 18:00:00,0.0
2025-02-05 19:00:00,0.0
2025-02-05 20:00:00,0.0
2025-02-05 21:00:00,0.0
2025-02-05 22:00:00,0.0
2025-02-05 23:00:00,0.0
2025-02-06 00:00:00,0.0
2025-02-06 01:00:00,0.0
2025-02-06 02:00:00,0.0
2025-02-06 03:00:00,0.0
2025-02-06 04:00:00,0.0
2025-02-06 05:00:00,0.0
2025-02-06 06:00:00,0.0
2025-02-06 07:00:00,46.13
2025-02-06 08:00:00,92.96
2025-02-06 09:00:00,105.06
2025-02-06 10:00:00,132.63
2025-02-06 11:00:00,162.52
2025-02-06 12:00:00,156.51
2025-02-06 13:00:00,189.16
2025-02-06 14:00:00,156.77
2025-02-06 15:00:00,124.38
2025-02-06 16:00:00,86.46
2025-02-06 17:00:00,18.4
2025-02-06 18:00:00,0.0
2025-02-06 19:00:00,0.0
2025-02-06 20:00:00,0.0
2025-02-06 21:00:00,0.0
2025-02-06 22:00:00,0.0
2025-02-06 23:00:00,0.0
2025-02-07 00:00:00,0.0
2025-02-07 01:00:00,0.0
2025-02-07 02:00:00,0.0
2025-02-07 03:00:00,0.0
2025-02-07 04:00:00,0.0
2025-02-07 05:00:00,0.0
2025-02-07 06:00:00,0.0
2025-02-07 07:00:00,40.64
2025-02-07 08:00:00,88.38
2025-02-07 09:00:00,100.61
2025-02-07 10:00:00,125.69
2025-02-07 11:00:00,99.24
2025-02-07 12:00:00,137.64
2025-02-07 13:00:00,145.36
2025-02-07 14:00:00,122.21
2025-02-07 15:00:00,110.63
2025-02-07 16:00:00,105.72
2025-02-07 17:00:00,24.91
2025-02-07 18:00:00,0.0
2025-02-07 19:00:00,0.0
2025-02-07 20:00:00,0.0
2025-02-07 21:00:00,0.0
2025-02-07 22:00:00,0.0
2025-02-07 23:00:00,0.0
2025-02-08 00:00:00,0.0
2025-02-08 01:00:00,0.0
2025-02-08 02:00:00,0.0
2025-02-08 03:00:00,0.0
2025-02-08 04:00:00,0.0
2025-02-08 05:00:00,0.0
2025-02-08 06:00:00,0.0
2025-02-08 07:00:00,54.45
2025-02-08 08:00:00,109.63
2025-02-08 09:00:00,126.95
2025-02-08 10:00:00,134.43
2025-02-08 11:00:00,165.1
2025-02-08 12:00:00,211.18
2025-02-08 13:00:00,158.39
2025-02-08 14:00:00,145.44
2025-02-08 15:00:00,139.15
2025-02-08 16:00:00,114.72
2025-02-08 17:00:00,27.5
2025-02-08 18:00:00,0.0
2025-02-08 19:00:00,0.0
2025-02-08 20:00:00,0.0
2025-02-08 21:00:00,0.0
2025-02-08 22:00:00,0.0
2025-02-08 23:00:00,0.0
2025-02-09 00:00:00,0.0
2025-02-09 01:00:00,0.0
2025-02-09 02:00:00,0.0
2025-02-09 03:00:00,0.0
2025-02-09 04:00:00,0.0
2025-02-09 05:00:00,0.0
2025-02-09 06:00:00,0.0
2025-02-09 07:00:00,53.24
2025-02-09 08:00:00,98.34
2025-02-09 09:00:00,131.38
2025-02-09 10:00:00,141.49
2025-02-09 11:00:00,166.0
2025-02-09 12:00:00,195.9
2025-02-09 13:00:00,213.31
2025-02-09 14:00:00,174.71
2025-02-09 15:00:00,192.39
2025-02-09 16:00:00,86.99
2025-02-09 17:00:00,19.06
2025-02-09 18:00:00,0.0
2025-02-09 19:00:00,0.0
2025-02-09 20:00:00,0.0
2025-02-09 21:00:00,0.0
2025-02-09 22:00:00,0.0
2025-02-09 23:00:00,0.0
2025-02-10 00:00:00,0.0
2025-02-10 01:00:00,0.0
2025-02-10 02:00:00,0.0
2025-02-10 03:00:00,0.0
2025-02-10 04:00:00,0.0
2025-02-10 05:00:00,0.0
2025-02-10 06:00:00,0.0
2025-02-10 07:00:00,51.67
2025-02-10 08:00:00,62.88
2025-02-10 09:00:00,80.25
2025-02-10 10:00:00,108.63
2025-02-10 11:00:00,182.86
2025-02-10 12:00:00,215.55
2025-02-10 13:00:00,175.24
2025-02-10 14:00:00,184.28
2025-02-10 15:00:00,134.51
2025-02-10 16:00:00,76.65
2025-02-10 17:00:00,16.34
2025-02-10 18:00:00,0.0
2025-02-10 19:00:00,0.0
2025-02-10 20:00:00,0.0
2025-02-10 21:00:00,0.0
2025-02-10 22:00:00,0.0
2025-02-10 23:00:00,0.0
2025-02-11 00:00:00,0.0
2025-02-11 01:00:00,0.0
2025-02-11 02:00:00,0.0
2025-02-11 03:00:00,0.0
2025-02-11 04:00:00,0.0
2025-02-11 05:00:00,0.0
2025-02-11 06:00:00,0.0
2025-02-11 07:00:00,59.13
2025-02-11 08:00:00,68.13
2025-02-11 09:00:00,77.81
2025-02-11 10:00:00,99.31
2025-02-11 11:00:00,193.85
2025-02-11 12:00:00,225.11
2025-02-11 13:00:00,264.36
2025-02-11 14:00:00,186.49
2025-02-11 15:00:00,177.36
2025-02-11 16:00:00,106.34
2025-02-11 17:00:00,21.45
2025-02-11 18:00:00,0.0
2025-02-11 19:00:00,0.0
2025-02-11 20:00:00,0.0
2025-02-11 21:00:00,0.0
2025-02-11 22:00:00,0.0
2025-02-11 23:00:00,0.0
2025-02-12 00:00:00,0.0
2025-02-12 01:00:00,0.0
2025-02-12 02:00:00,0.0
2025-02-12 03:00:00,0.0
2025-02-12 04:00:00,0.0
2025-02-12 05:00:00,0.0
2025-02-12 06:00:00,0.0
2025-02-12 07:00:00,48.6
2025-02-12 08:00:00,104.0
2025-02-12 09:00:00,148.56
2025-02-12 10:00:00,185.34
2025-02-12 11:00:00,227.54
2025-02-12 12:00:00,227.59
2025-02-12 13:00:00,219.06
2025-02-12 14:00:00,103.32
2025-02-12 15:00:00,110.44
2025-02-12 16:00:00,59.04
2025-02-12 17:00:00,10.13
2025-02-12 18:00:00,0.0
2025-02-12 19:00:00,0.0
2025-02-12 20:00:00,0.0
2025-02-12 21:00:00,0.0
2025-02-12 22:00:00,0.0
2025-02-12 23:00:00,0.0
2025-02-13 00:00:00,0.0
2025-02-13 01:00:00,0.0
2025-02-13 02:00:00,0.0
2025-02-13 03:00:00,0.0
2025-02-13 04:00:00,0.0
2025-02-13 05:00:00,0.0
2025-02-13 06:00:00,0.0
2025-02-13 07:00:00,51.97
2025-02-13 08:00:00,122.19
2025-02-13 09:00:00,157.52
2025-02-13 10:00:00,204.38
2025-02-13 11:00:00,240.19
2025-02-13 12:00:00,236.1
2025-02-13 13:00:00,229.91
2025-02-13 14:00:00,145.83
2025-02-13 15:00:00,111.41
2025-02-13 16:00:00,65.48
2025-02-13 17:00:00,11.39
2025-02-13 18:00:00,0.0
2025-02-13 19:00:00,0.0
2025-02-13 20:00:00,0.0
2025-02-13 21:00:00,0.0
2025-02-13 22:00:00,0.0
2025-02-13 23:00:00,0.0
2025-02-14 00:00:00,0.0
2025-02-14 01:00:00,0.0
2025-02-14 02:00:00,0.0
2025-02-14 03:00:00,0.0
2025-02-14 04:00:00,0.0
2025-02-14 05:00:00,0.0
2025-02-14 06:00:00,0.0
2025-02-14 07:00:00,42.94
2025-02-14 08:00:00,70.48
2025-02-14 09:00:00,102.62
2025-02-14 10:00:00,126.12
2025-02-14 11:00:00,182.86
2025-02-14 12:00:00,246.02
2025-02-14 13:00:00,181.62
2025-02-14 14:00:00,110.41
2025-02-14 15:00:00,90.9
2025-02-14 16:00:00,56.78
2025-02-14 17:00:00,13.3
2025-02-14 18:00:00,0.0
2025-02-14 19:00:00,0.0
2025-02-14 20:00:00,0.0
2025-02-14 21:00:00,0.0
2025-02-14 22:00:00,0.0
2025-02-14 23:00:00,0.0
2025-02-15 00:00:00,0.0
2025-02-15 01:00:00,0.0
2025-02-15 02:00:00,0.0
2025-02-15 03:00:00,0.0
2025-02-15 04:00:00,0.0
2025-02-15 05:00:00,0.0
2025-02-15 06:00:00,0.0
2025-02-15 07:00:00,37.46
2025-02-15 08:00:00,103.21
2025-02-15 09:00:00,160.9
2025-02-15 10:00:00,211.81
2025-02-15 11:00:00,230.96
2025-02-15 12:00:00,266.75
2025-02-15 13:00:00,196.94
2025-02-15 14:00:00,159.7
2025-02-15 15:00:00,122.83
2025-02-15 16:00:00,69.21
2025-02-15 17:00:00,20.89
2025-02-15 18:00:00,0.0
2025-02-15 19:00:00,0.0
2025-02-15 20:00:00,0.0
2025-02-15 21:00:00,0.0
2025-02-15 22:00:00,0.0
2025-02-15 23:00:00,0.0
2025-02-16 00:00:00,0.0
2025-02-16 01:00:00,0.0
2025-02-16 02:00:00,0.0
2025-02-16 03:00:00,0.0
2025-02-16 04:00:00,0.0
2025-02-16 05:00:00,0.0
2025-02-16 06:00:00,0.0
2025-02-16 07:00:00,63.67
2025-02-16 08:00:00,119.9
2025-02-16 09:00:00,147.86
2025-02-16 10:00:00,186.13
2025-02-16 11:00:00,163.87
2025-02-16 12:00:00,197.38
2025-02-16 13:00:00,204.49
2025-02-16 14:00:00,205.53
2025-02-16 15:00:00,194.46
2025-02-16 16:00:00,114.66
2025-02-16 17:00:00,28.39
2025-02-16 18:00:00,0.0
2025-02-16 19:00:00,0.0
2025-02-16 20:00:00,0.0
2025-02-16 21:00:00,0.0
2025-02-16 22:00:00,0.0
2025-02-16 23:00:00,0.0
2025-02-17 00:00:00,0.0
2025-02-17 01:00:00,0.0
2025-02-17 02:00:00,0.0
2025-02-17 03:00:00,0.0
2025-02-17 04:00:00,0.0
2025-02-17 05:00:00,0.0
2025-02-17 06:00:00,0.0
2025-02-17 07:00:00,66.29
2025-02-17 08:00:00,120.6
2025-02-17 09:00:00,164.43
2025-02-17 10:00:00,248.15
2025-02-17 11:00:00,326.72
2025-02-17 12:00:00,218.07
2025-02-17 13:00:00,247.22
2025-02-17 14:00:00,215.04
2025-02-17 15:00:00,178.76
2025-02-17 16:00:00,104.21
2025-02-17 17:00:00,22.22
2025-02-17 18:00:00,0.0
2025-02-17 19:00:00,0.0
2025-02-17 20:00:00,0.0
2025-02-17 21:00:00,0.0
2025-02-17 22:00:00,0.0
2025-02-17 23:00:00,0.0
2025-02-18 00:00:00,0.0
2025-02-18 01:00:00,0.0
2025-02-18 02:00:00,0.0
2025-02-18 03:00:00,0.0
2025-02-18 04:00:00,0.0
2025-02-18 05:00:00,0.0
2025-02-18 06:00:00,0.0
2025-02-18 07:00:00,69.5
2025-02-18 08:00:00,90.66
2025-02-18 09:00:00,93.03
2025-02-18 10:00:00,179.95
2025-02-18 11:00:00,267.24
2025-02-18 12:00:00,266.79
2025-02-18 13:00:00,248.01
2025-02-18 14:00:00,144.37
2025-02-18 15:00:00,115.91
2025-02-18 16:00:00,60.9
2025-02-18 17:00:00,18.88
2025-02-18 18:00:00,0.0
2025-02-18 19:00:00,0.0
2025-02-18 20:00:00,0.0
2025-02-18 21:00:00,0.0
2025-02-18 22:00:00,0.0
2025-02-18 23:00:00,0.0
2025-02-19 00:00:00,0.0
2025-02-19 01:00:00,0.0
2025-02-19 02:00:00,0.0
2025-02-19 03:00:00,0.0
2025-02-19 04:00:00,0.0
2025-02-19 05:00:00,0.0
2025-02-19 06:00:00,0.0
2025-02-19 07:00:00,60.73
2025-02-19 08:00:00,152.83
2025-02-19 09:00:00,160.13
2025-02-19 10:00:00,176.94
2025-02-19 11:00:00,186.52
2025-02-19 12:00:00,229.99
2025-02-19 13:00:00,237.5
2025-02-19 14:00:00,234.39
2025-02-19 15:00:00,174.17
2025-02-19 16:00:00,101.18
2025-02-19 17:00:00,26.65
2025-02-19 18:00:00,0.0
2025-02-19 19:00:00,0.0
2025-02-19 20:00:00,0.0
2025-02-19 21:00:00,0.0
2025-02-19 22:00:00,0.0
2025-02-19 23:00:00,0.0
2025-02-20 00:00:00,0.0
2025-02-20 01:00:00,0.0
2025-02-20 02:00:00,0.0
2025-02-20 03:00:00,0.0
2025-02-20 04:00:00,0.0
2025-02-20 05:00:00,0.0
2025-02-20 06:00:00,0.0
2025-02-20 07:00:00,65.04
2025-02-20 08:00:00,98.06
2025-02-20 09:00:00,128.61
2025-02-20 10:00:00,127.14
2025-02-20 11:00:00,210.98
2025-02-20 12:00:00,235.65
2025-02-20 13:00:00,175.65
2025-02-20 14:00:00,178.34
2025-02-20 15:00:00,136.91
2025-02-20 16:00:00,77.51
2025-02-20 17:00:00,17.99
2025-02-20 18:00:00,0.0
2025-02-20 19:00:00,0.0
2025-02-20 20:00:00,0.0
2025-02-20 21:00:00,0.0
2025-02-20 22:00:00,0.0
2025-02-20 23:00:00,0.0
2025-02-21 00:00:00,0.0
2025-02-21 01:00:00,0.0
2025-02-21 02:00:00,0.0
2025-02-21 03:00:00,0.0
2025-02-21 04:00:00,0.0
2025-02-21 05:00:00,0.0
2025-02-21 06:00:00,3.47
2025-02-21 07:00:00,49.88
2025-02-21 08:00:00,135.88
2025-02-21 09:00:00,203.34
2025-02-21 10:00:00,198.63
2025-02-21 11:00:00,225.31
2025-02-21 12:00:00,301.4
2025-02-21 13:00:00,205.54
2025-02-21 14:00:00,172.41
2025-02-21 15:00:00,128.27
2025-02-21 16:00:00,84.37
2025-02-21 17:00:00,24.72
2025-02-21 18:00:00,0.0
2025-02-21 19:00:00,0.0
2025-02-21 20:00:00,0.0
2025-02-21 21:00:00,0.0
2025-02-21 22:00:00,0.0
2025-02-21 23:00:00,0.0
2025-02-22 00:00:00,0.0
2025-02-22 01:00:00,0.0
2025-02-22 02:00:00,0.0
2025-02-22 03:00:00,0.0
2025-02-22 04:00:00,0.0
2025-02-22 05:00:00,0.0
2025-02-22 06:00:00,5.08
2025-02-22 07:00:00,59.02
2025-02-22 08:00:00,184.63
2025-02-22 09:00:00,254.54
2025-02-22 10:00:00,209.28
2025-02-22 11:00:00,242.46
2025-02-22 12:00:00,252.47
2025-02-22 13:00:00,265.34
2025-02-22 14:00:00,172.93
2025-02-22 15:00:00,201.73
2025-02-22 16:00:00,124.99
2025-02-22 17:00:00,23.42
2025-02-22 18:00:00,0.0
2025-02-22 19:00:00,0.0
2025-02-22 20:00:00,0.0
2025-02-22 21:00:00,0.0
2025-02-22 22:00:00,0.0
2025-02-22 23:00:00,0.0
2025-02-23 00:00:00,0.0
2025-02-23 01:00:00,0.0
2025-02-23 02:00:00,0.0
2025-02-23 03:00:00,0.0
2025-02-23 04:00:00,0.0
2025-02-23 05:00:00,0.0
2025-02-23 06:00:00,4.59
2025-02-23 07:00:00,48.58
2025-02-23 08:00:00,175.93
2025-02-23 09:00:00,236.18
2025-02-23 10:00:00,213.5
2025-02-23 11:00:00,258.94
2025-02-23 12:00:00,219.8
2025-02-23 13:00:00,238.67
2025-02-23 14:00:00,190.78
2025-02-23 15:00:00,103.52
2025-02-23 16:00:00,62.54
2025-02-23 17:00:00,13.89
2025-02-23 18:00:00,0.0
2025-02-23 19:00:00,0.0
2025-02-23 20:00:00,0.0
2025-02-23 21:00:00,0.0
2025-02-23 22:00:00,0.0
2025-02-23 23:00:00,0.0
2025-02-24 00:00:00,0.0
2025-02-24 01:00:00,0.0
2025-02-24 02:00:00,0.0
2025-02-24 03:00:00,0.0
2025-02-24 04:00:00,0.0
2025-02-24 05:00:00,0.0
2025-02-24 06:00:00,6.63
2025-02-24 07:00:00,62.71
2025-02-24 08:00:00,162.92
2025-02-24 09:00:00,100.14
2025-02-24 10:00:00,154.82
2025-02-24 11:00:00,210.52
2025-02-24 12:00:00,246.07
2025-02-24 13:00:00,169.84
2025-02-24 14:00:00,135.72
2025-02-24 15:00:00,151.44
2025-02-24 16:00:00,70.79
2025-02-24 17:00:00,15.45
2025-02-24 18:00:00,0.0
2025-02-24 19:00:00,0.0
2025-02-24 20:00:00,0.0
2025-02-24 21:00:00,0.0
2025-02-24 22:00:00,0.0
2025-02-24 23:00:00,0.0
2025-02-25 00:00:00,0.0
2025-02-25 01:00:00,0.0
2025-02-25 02:00:00,0.0
2025-02-25 03:00:00,0.0
2025-02-25 04:00:00,0.0
2025-02-25 05:00:00,0.0
2025-02-25 06:00:00,8.18
2025-02-25 07:00:00,68.23
2025-02-25 08:00:00,89.02
2025-02-25 09:00:00,112.77
2025-02-25 10:00:00,131.47
2025-02-25 11:00:00,205.49
2025-02-25 12:00:00,226.53
2025-02-25 13:00:00,250.3
2025-02-25 14:00:00,226.04
2025-02-25 15:00:00,164.1
2025-02-25 16:00:00,171.91
2025-02-25 17:00:00,36.13
2025-02-25 18:00:00,0.0
2025-02-25 19:00:00,0.0
2025-02-25 20:00:00,0.0
2025-02-25 21:00:00,0.0
2025-02-25 22:00:00,0.0
2025-02-25 23:00:00,0.0
2025-02-26 00:00:00,0.0
2025-02-26 01:00:00,0.0
2025-02-26 02:00:00,0.0
2025-02-26 03:00:00,0.0
2025-02-26 04:00:00,0.0
2025-02-26 05:00:00,0.0
2025-02-26 06:00:00,8.91
2025-02-26 07:00:00,83.64
2025-02-26 08:00:00,128.46
2025-02-26 09:00:00,161.25
2025-02-26 10:00:00,168.82
2025-02-26 11:00:00,213.12
2025-02-26 12:00:00,218.35
2025-02-26 13:00:00,242.57
2025-02-26 14:00:00,198.11
2025-02-26 15:00:00,172.33
2025-02-26 16:00:00,169.85
2025-02-26 17:00:00,42.61
2025-02-26 18:00:00,0.0
2025-02-26 19:00:00,0.0
2025-02-26 20:00:00,0.0
2025-02-26 21:00:00,0.0
2025-02-26 22:00:00,0.0
2025-02-26 23:00:00,0.0
2025-02-27 00:00:00,0.0
2025-02-27 01:00:00,0.0
2025-02-27 02:00:00,0.0
2025-02-27 03:00:00,0.0
2025-02-27 04:00:00,0.0
2025-02-27 05:00:00,0.0
2025-02-27 06:00:00,8.88
2025-02-27 07:00:00,74.96
2025-02-27 08:00:00,192.06
2025-02-27 09:00:00,77.68
2025-02-27 10:00:00,158.13
2025-02-27 11:00:00,131.42
2025-02-27 12:00:00,298.33
2025-02-27 13:00:00,323.06
2025-02-27 14:00:00,271.18
2025-02-27 15:00:00,177.15
2025-02-27 16:00:00,110.54
2025-02-27 17:00:00,29.64
2025-02-27 18:00:00,0.0
2025-02-27 19:00:00,0.0
2025-02-27 20:00:00,0.0
2025-02-27 21:00:00,0.0
2025-02-27 22:00:00,0.0
2025-02-27 23:00:00,0.0
2025-02-28 00:00:00,0.0
2025-02-28 01:00:00,0.0
2025-02-28 02:00:00,0.0
2025-02-28 03:00:00,0.0
2025-02-28 04:00:00,0.0
2025-02-28 05:00:00,0.0
2025-02-28 06:00:00,6.28
2025-02-28 07:00:00,60.67
2025-02-28 08:00:00,137.97
2025-02-28 09:00:00,200.21
2025-02-28 10:00:00,279.53
2025-02-28 11:00:00,285.0
2025-02-28 12:00:00,256.64
2025-02-28 13:00:00,243.72
2025-02-28 14:00:00,206.23
2025-02-28 15:00:00,135.96
2025-02-28 16:00:00,70.93
2025-02-28 17:00:00,16.31
2025-02-28 18:00:00,0.0
2025-02-28 19:00:00,0.0
2025-02-28 20:00:00,0.0
2025-02-28 21:00:00,0.0
2025-02-28 22:00:00,0.0
2025-02-28 23:00:00,0.0
2025-03-01 00:00:00,0.0
2025-03-01 01:00:00,0.0
2025-03-01 02:00:00,0.0
2025-03-01 03:00:00,0.0
2025-03-01 04:00:00,0.0
2025-03-01 05:00:00,0.0
2025-03-01 06:00:00,7.25
2025-03-01 07:00:00,54.74
2025-03-01 08:00:00,144.86
2025-03-01 09:00:00,212.21
2025-03-01 10:00:00,212.5
2025-03-01 11:00:00,230.39
2025-03-01 12:00:00,216.66
2025-03-01 13:00:00,173.24
2025-03-01 14:00:00,183.0
2025-03-01 15:00:00,125.64
2025-03-01 16:00:00,74.22
2025-03-01 17:00:00,21.47
2025-03-01 18:00:00,0.0
2025-03-01 19:00:00,0.0
2025-03-01 20:00:00,0.0
2025-03-01 21:00:00,0.0
2025-03-01 22:00:00,0.0
2025-03-01 23:00:00,0.0
2025-03-02 00:00:00,0.0
2025-03-02 01:00:00,0.0
2025-03-02 02:00:00,0.0
2025-03-02 03:00:00,0.0
2025-03-02 04:00:00,0.0
2025-03-02 05:00:00,0.0
2025-03-02 06:00:00,11.4
2025-03-02 07:00:00,71.14
2025-03-02 08:00:00,106.62
2025-03-02 09:00:00,134.47
2025-03-02 10:00:00,169.66
2025-03-02 11:00:00,116.29
2025-03-02 12:00:00,182.07
2025-03-02 13:00:00,233.78
2025-03-02 14:00:00,199.83
2025-03-02 15:00:00,160.27
2025-03-02 16:00:00,163.04
2025-03-02 17:00:00,43.27
2025-03-02 18:00:00,0.0
2025-03-02 19:00:00,0.0
2025-03-02 20:00:00,0.0
2025-03-02 21:00:00,0.0
2025-03-02 22:00:00,0.0
2025-03-02 23:00:00,0.0
2025-03-03 00:00:00,0.0
2025-03-03 01:00:00,0.0
2025-03-03 02:00:00,0.0
2025-03-03 03:00:00,0.0
2025-03-03 04:00:00,0.0
2025-03-03 05:00:00,0.0
2025-03-03 06:00:00,11.6
2025-03-03 07:00:00,72.3
2025-03-03 08:00:00,87.93
2025-03-03 09:00:00,133.35
2025-03-03 10:00:00,120.3
2025-03-03 11:00:00,176.66
2025-03-03 12:00:00,168.45
2025-03-03 13:00:00,160.23
2025-03-03 14:00:00,153.38
2025-03-03 15:00:00,111.85
2025-03-03 16:00:00,80.75
2025-03-03 17:00:00,30.67
2025-03-03 18:00:00,0.0
2025-03-03 19:00:00,0.0
2025-03-03 20:00:00,0.0
2025-03-03 21:00:00,0.0
2025-03-03 22:00:00,0.0
2025-03-03 23:00:00,0.0
2025-03-04 00:00:00,0.0
2025-03-04 01:00:00,0.0
2025-03-04 02:00:00,0.0
2025-03-04 03:00:00,0.0
2025-03-04 04:00:00,0.0
2025-03-04 05:00:00,0.0
2025-03-04 06:00:00,11.54
2025-03-04 07:00:00,56.79
2025-03-04 08:00:00,82.25
2025-03-04 09:00:00,67.56
2025-03-04 10:00:00,86.33
2025-03-04 11:00:00,118.82
2025-03-04 12:00:00,209.47
2025-03-04 13:00:00,223.48
2025-03-04 14:00:00,190.8
2025-03-04 15:00:00,155.99
2025-03-04 16:00:00,130.58
2025-03-04 17:00:00,28.95
2025-03-04 18:00:00,0.0
2025-03-04 19:00:00,0.0
2025-03-04 20:00:00,0.0
2025-03-04 21:00:00,0.0
2025-03-04 22:00:00,0.0
2025-03-04 23:00:00,0.0
2025-03-05 00:00:00,0.0
2025-03-05 01:00:00,0.0
2025-03-05 02:00:00,0.0
2025-03-05 03:00:00,0.0
2025-03-05 04:00:00,0.0
2025-03-05 05:00:00,0.0
2025-03-05 06:00:00,13.88
2025-03-05 07:00:00,77.91
2025-03-05 08:00:00,120.12
2025-03-05 09:00:00,138.43
2025-03-05 10:00:00,201.93
2025-03-05 11:00:00,231.36
2025-03-05 12:00:00,243.5
2025-03-05 13:00:00,305.13
2025-03-05 14:00:00,205.25
2025-03-05 15:00:00,133.67
2025-03-05 16:00:00,140.27
2025-03-05 17:00:00,30.04
2025-03-05 18:00:00,0.0
2025-03-05 19:00:00,0.0
2025-03-05 20:00:00,0.0
2025-03-05 21:00:00,0.0
2025-03-05 22:00:00,0.0
2025-03-05 23:00:00,0.0
2025-03-06 00:00:00,0.0
2025-03-06 01:00:00,0.0
2025-03-06 02:00:00,0.0
2025-03-06 03:00:00,0.0
2025-03-06 04:00:00,0.0
2025-03-06 05:00:00,0.0
2025-03-06 06:00:00,14.14
2025-03-06 07:00:00,82.46
2025-03-06 08:00:00,97.31
2025-03-06 09:00:00,111.3
2025-03-06 10:00:00,295.3
2025-03-06 11:00:00,290.54
2025-03-06 12:00:00,208.06
2025-03-06 13:00:00,190.95
2025-03-06 14:00:00,174.01
2025-03-06 15:00:00,132.83
2025-03-06 16:00:00,144.36
2025-03-06 17:00:00,39.68
2025-03-06 18:00:00,0.0
2025-03-06 19:00:00,0.0
2025-03-06 20:00:00,0.0
2025-03-06 21:00:00,0.0
2025-03-06 22:00:00,0.0
2025-03-06 23:00:00,0.0
2025-03-07 00:00:00,0.0
2025-03-07 01:00:00,0.0
2025-03-07 02:00:00,0.0
2025-03-07 03:00:00,0.0
2025-03-07 04:00:00,0.0
2025-03-07 05:00:00,0.0
2025-03-07 06:00:00,11.17
2025-03-07 07:00:00,58.57
2025-03-07 08:00:00,136.92
2025-03-07 09:00:00,186.0
2025-03-07 10:00:00,241.13
2025-03-07 11:00:00,334.62
2025-03-07 12:00:00,309.28
2025-03-07 13:00:00,216.53
2025-03-07 14:00:00,194.68
2025-03-07 15:00:00,129.6
2025-03-07 16:00:00,64.76
2025-03-07 17:00:00,17.14
2025-03-07 18:00:00,0.0
2025-03-07 19:00:00,0.0
2025-03-07 20:00:00,0.0
2025-03-07 21:00:00,0.0
2025-03-07 22:00:00,0.0
2025-03-07 23:00:00,0.0
2025-03-08 00:00:00,0.0
2025-03-08 01:00:00,0.0
2025-03-08 02:00:00,0.0
2025-03-08 03:00:00,0.0
2025-03-08 04:00:00,0.0
2025-03-08 05:00:00,0.0
2025-03-08 06:00:00,11.02
2025-03-08 07:00:00,39.13
2025-03-08 08:00:00,96.66
2025-03-08 09:00:00,178.0
2025-03-08 10:00:00,175.2
2025-03-08 11:00:00,195.84
2025-03-08 12:00:00,248.2
2025-03-08 13:00:00,157.71
2025-03-08 14:00:00,155.84
2025-03-08 15:00:00,116.98
2025-03-08 16:00:00,64.6
2025-03-08 17:00:00,21.14
2025-03-08 18:00:00,0.0
2025-03-08 19:00:00,0.0
2025-03-08 20:00:00,0.0
2025-03-08 21:00:00,0.0
2025-03-08 22:00:00,0.0
2025-03-08 23:00:00,0.0
2025-03-09 00:00:00,0.0
2025-03-09 01:00:00,0.0
2025-03-09 02:00:00,0.0
2025-03-09 03:00:00,0.0
2025-03-09 04:00:00,0.0
2025-03-09 05:00:00,0.0
2025-03-09 06:00:00,12.93
2025-03-09 07:00:00,44.53
2025-03-09 08:00:00,143.73
2025-03-09 09:00:00,191.6
2025-03-09 10:00:00,126.16
2025-03-09 11:00:00,171.07
2025-03-09 12:00:00,223.14
2025-03-09 13:00:00,153.84
2025-03-09 14:00:00,192.62
2025-03-09 15:00:00,76.41
2025-03-09 16:00:00,48.27
2025-03-09 17:00:00,18.89
2025-03-09 18:00:00,0.0
2025-03-09 19:00:00,0.0
2025-03-09 20:00:00,0.0
2025-03-09 21:00:00,0.0
2025-03-09 22:00:00,0.0
2025-03-09 23:00:00,0.0
2025-03-10 00:00:00,0.0
2025-03-10 01:00:00,0.0
2025-03-10 02:00:00,0.0
2025-03-10 03:00:00,0.0
2025-03-10 04:00:00,0.0
2025-03-10 05:00:00,0.0
2025-03-10 06:00:00,15.88
2025-03-10 07:00:00,100.62
2025-03-10 08:00:00,237.36
2025-03-10 09:00:00,333.94
2025-03-10 10:00:00,222.65
2025-03-10 11:00:00,217.78
2025-03-10 12:00:00,257.74
2025-03-10 13:00:00,306.42
2025-03-10 14:00:00,259.29
2025-03-10 15:00:00,304.08
2025-03-10 16:00:00,197.72
2025-03-10 17:00:00,41.28
2025-03-10 18:00:00,0.0
2025-03-10 19:00:00,0.0
2025-03-10 20:00:00,0.0
2025-03-10 21:00:00,0.0
2025-03-10 22:00:00,0.0
2025-03-10 23:00:00,0.0
2025-03-11 00:00:00,0.0
2025-03-11 01:00:00,0.0
2025-03-11 02:00:00,0.0
2025-03-11 03:00:00,0.0
2025-03-11 04:00:00,0.0
2025-03-11 05:00:00,0.0
2025-03-11 06:00:00,9.59
2025-03-11 07:00:00,78.42
2025-03-11 08:00:00,162.94
2025-03-11 09:00:00,225.02
2025-03-11 10:00:00,276.93
2025-03-11 11:00:00,267.45
2025-03-11 12:00:00,271.75
2025-03-11 13:00:00,274.5
2025-03-11 14:00:00,202.75
2025-03-11 15:00:00,140.15
2025-03-11 16:00:00,88.54
2025-03-11 17:00:00,27.3
2025-03-11 18:00:00,0.0
2025-03-11 19:00:00,0.0
2025-03-11 20:00:00,0.0
2025-03-11 21:00:00,0.0
2025-03-11 22:00:00,0.0
2025-03-11 23:00:00,0.0
2025-03-12 00:00:00,0.0
2025-03-12 01:00:00,0.0
2025-03-12 02:00:00,0.0
2025-03-12 03:00:00,0.0
2025-03-12 04:00:00,0.0
2025-03-12 05:00:00,0.0
2025-03-12 06:00:00,10.18
2025-03-12 07:00:00,37.1
2025-03-12 08:00:00,106.51
2025-03-12 09:00:00,147.27
2025-03-12 10:00:00,220.41
2025-03-12 11:00:00,226.76
2025-03-12 12:00:00,320.47
2025-03-12 13:00:00,213.45
2025-03-12 14:00:00,235.54
2025-03-12 15:00:00,135.6
2025-03-12 16:00:00,70.1
2025-03-12 17:00:00,23.19
2025-03-12 18:00:00,0.0
2025-03-12 19:00:00,0.0
2025-03-12 20:00:00,0.0
2025-03-12 21:00:00,0.0
2025-03-12 22:00:00,0.0
2025-03-12 23:00:00,0.0
2025-03-13 00:00:00,0.0
2025-03-13 01:00:00,0.0
2025-03-13 02:00:00,0.0
2025-03-13 03:00:00,0.0
2025-03-13 04:00:00,0.0
2025-03-13 05:00:00,0.0
2025-03-13 06:00:00,14.05
2025-03-13 07:00:00,47.17
2025-03-13 08:00:00,113.6
2025-03-13 09:00:00,123.0
2025-03-13 10:00:00,164.32
2025-03-13 11:00:00,248.82
2025-03-13 12:00:00,236.08
2025-03-13 13:00:00,142.2
2025-03-13 14:00:00,147.03
2025-03-13 15:00:00,98.73
2025-03-13 16:00:00,65.68
2025-03-13 17:00:00,23.9
2025-03-13 18:00:00,0.0
2025-03-13 19:00:00,0.0
2025-03-13 20:00:00,0.0
2025-03-13 21:00:00,0.0
2025-03-13 22:00:00,0.0
2025-03-13 23:00:00,0.0
2025-03-14 00:00:00,0.0
2025-03-14 01:00:00,0.0
2025-03-14 02:00:00,0.0
2025-03-14 03:00:00,0.0
2025-03-14 04:00:00,0.0
2025-03-14 05:00:00,0.0
2025-03-14 06:00:00,21.1
2025-03-14 07:00:00,68.95
2025-03-14 08:00:00,49.27
2025-03-14 09:00:00,46.04
2025-03-14 10:00:00,64.07
2025-03-14 11:00:00,185.05
2025-03-14 12:00:00,257.8
2025-03-14 13:00:00,231.39
2025-03-14 14:00:00,210.17
2025-03-14 15:00:00,151.47
2025-03-14 16:00:00,132.77
2025-03-14 17:00:00,41.36
2025-03-14 18:00:00,0.0
2025-03-14 19:00:00,0.0
2025-03-14 20:00:00,0.0
2025-03-14 21:00:00,0.0
2025-03-14 22:00:00,0.0
2025-03-14 23:00:00,0.0
2025-03-15 00:00:00,0.0
2025-03-15 01:00:00,0.0
2025-03-15 02:00:00,0.0
2025-03-15 03:00:00,0.0
2025-03-15 04:00:00,0.0
2025-03-15 05:00:00,0.0
2025-03-15 06:00:00,22.11
2025-03-15 07:00:00,85.17
2025-03-15 08:00:00,63.5
2025-03-15 09:00:00,64.62
2025-03-15 10:00:00,185.21
2025-03-15 11:00:00,101.98
2025-03-15 12:00:00,297.26
2025-03-15 13:00:00,289.74
2025-03-15 14:00:00,292.25
2025-03-15 15:00:00,204.04
2025-03-15 16:00:00,153.7
2025-03-15 17:00:00,68.87
2025-03-15 18:00:00,0.0
2025-03-15 19:00:00,0.0
2025-03-15 20:00:00,0.0
2025-03-15 21:00:00,0.0
2025-03-15 22:00:00,0.0
2025-03-15 23:00:00,0.0
2025-03-16 00:00:00,0.0
2025-03-16 01:00:00,0.0
2025-03-16 02:00:00,0.0
2025-03-16 03:00:00,0.0
2025-03-16 04:00:00,0.0
2025-03-16 05:00:00,0.0
2025-03-16 06:00:00,15.71
2025-03-16 07:00:00,81.33
2025-03-16 08:00:00,114.97
2025-03-16 09:00:00,82.69
2025-03-16 10:00:00,185.06
2025-03-16 11:00:00,232.03
2025-03-16 12:00:00,259.96
2025-03-16 13:00:00,354.29
2025-03-16 14:00:00,281.12
2025-03-16 15:00:00,211.24
2025-03-16 16:00:00,127.2
2025-03-16 17:00:00,29.95
2025-03-16 18:00:00,0.0
2025-03-16 19:00:00,0.0
2025-03-16 20:00:00,0.0
2025-03-16 21:00:00,0.0
2025-03-16 22:00:00,0.0
2025-03-16 23:00:00,0.0
2025-03-17 00:00:00,0.0
2025-03-17 01:00:00,0.0
2025-03-17 02:00:00,0.0
2025-03-17 03:00:00,0.0
2025-03-17 04:00:00,0.0
2025-03-17 05:00:00,0.0
2025-03-17 06:00:00,26.04
2025-03-17 07:00:00,110.17
2025-03-17 08:00:00,166.63
2025-03-17 09:00:00,224.82
2025-03-17 10:00:00,251.81
2025-03-17 11:00:00,243.24
2025-03-17 12:00:00,292.07
2025-03-17 13:00:00,203.38
2025-03-17 14:00:00,187.91
2025-03-17 15:00:00,145.2
2025-03-17 16:00:00,104.45
2025-03-17 17:00:00,40.35
2025-03-17 18:00:00,0.0
2025-03-17 19:00:00,0.0
2025-03-17 20:00:00,0.0
2025-03-17 21:00:00,0.0
2025-03-17 22:00:00,0.0
2025-03-17 23:00:00,0.0
2025-03-18 00:00:00,0.0
2025-03-18 01:00:00,0.0
2025-03-18 02:00:00,0.0
2025-03-18 03:00:00,0.0
2025-03-18 04:00:00,0.0
2025-03-18 05:00:00,0.0
2025-03-18 06:00:00,24.48
2025-03-18 07:00:00,99.01
2025-03-18 08:00:00,135.76
2025-03-18 09:00:00,191.92
2025-03-18 10:00:00,219.46
2025-03-18 11:00:00,171.91
2025-03-18 12:00:00,267.94
2025-03-18 13:00:00,193.82
2025-03-18 14:00:00,233.16
2025-03-18 15:00:00,208.89
2025-03-18 16:00:00,125.32
2025-03-18 17:00:00,55.99
2025-03-18 18:00:00,0.0
2025-03-18 19:00:00,0.0
2025-03-18 20:00:00,0.0
2025-03-18 21:00:00,0.0
2025-03-18 22:00:00,0.0
2025-03-18 23:00:00,0.0
2025-03-19 00:00:00,0.0
2025-03-19 01:00:00,0.0
2025-03-19 02:00:00,0.0
2025-03-19 03:00:00,0.0
2025-03-19 04:00:00,0.0
2025-03-19 05:00:00,0.0
2025-03-19 06:00:00,26.74
2025-03-19 07:00:00,100.89
2025-03-19 08:00:00,142.38
2025-03-19 09:00:00,175.21
2025-03-19 10:00:00,192.65
2025-03-19 11:00:00,172.29
2025-03-19 12:00:00,286.23
2025-03-19 13:00:00,237.29
2025-03-19 14:00:00,245.49
2025-03-19 15:00:00,194.95
2025-03-19 16:00:00,189.57
2025-03-19 17:00:00,63.16
2025-03-19 18:00:00,0.0
2025-03-19 19:00:00,0.0
2025-03-19 20:00:00,0.0
2025-03-19 21:00:00,0.0
2025-03-19 22:00:00,0.0
2025-03-19 23:00:00,0.0
2025-03-20 00:00:00,0.0
2025-03-20 01:00:00,0.0
2025-03-20 02:00:00,0.0
2025-03-20 03:00:00,0.0
2025-03-20 04:00:00,0.0
2025-03-20 05:00:00,0.0
2025-03-20 06:00:00,30.69
2025-03-20 07:00:00,99.46
2025-03-20 08:00:00,130.53
2025-03-20 09:00:00,171.18
2025-03-20 10:00:00,191.38
2025-03-20 11:00:00,163.92
2025-03-20 12:00:00,300.87
2025-03-20 13:00:00,242.43
2025-03-20 14:00:00,280.63
2025-03-20 15:00:00,242.24
2025-03-20 16:00:00,180.36
2025-03-20 17:00:00,65.41
2025-03-20 18:00:00,0.0
2025-03-20 19:00:00,0.0
2025-03-20 20:00:00,0.0
2025-03-20 21:00:00,0.0
2025-03-20 22:00:00,0.0
2025-03-20 23:00:00,0.0
2025-03-21 00:00:00,0.0
2025-03-21 01:00:00,0.0
2025-03-21 02:00:00,0.0
2025-03-21 03:00:00,0.0
2025-03-21 04:00:00,0.0
2025-03-21 05:00:00,0.0
2025-03-21 06:00:00,19.74
2025-03-21 07:00:00,79.57
2025-03-21 08:00:00,161.52
2025-03-21 09:00:00,197.07
2025-03-21 10:00:00,293.79
2025-03-21 11:00:00,345.18
2025-03-21 12:00:00,403.56
2025-03-21 13:00:00,325.31
2025-03-21 14:00:00,252.42
2025-03-21 15:00:00,209.52
2025-03-21 16:00:00,105.64
2025-03-21 17:00:00,36.74
2025-03-21 18:00:00,0.0
2025-03-21 19:00:00,0.0
2025-03-21 20:00:00,0.0
2025-03-21 21:00:00,0.0
2025-03-21 22:00:00,0.0
2025-03-21 23:00:00,0.0
2025-03-22 00:00:00,0.0
2025-03-22 01:00:00,0.0
2025-03-22 02:00:00,0.0
2025-03-22 03:00:00,0.0
2025-03-22 04:00:00,0.0
2025-03-22 05:00:00,0.0
2025-03-22 06:00:00,21.59
2025-03-22 07:00:00,109.71
2025-03-22 08:00:00,215.96
2025-03-22 09:00:00,333.48
2025-03-22 10:00:00,362.71
2025-03-22 11:00:00,308.68
2025-03-22 12:00:00,349.82
2025-03-22 13:00:00,318.58
2025-03-22 14:00:00,168.07
2025-03-22 15:00:00,131.24
2025-03-22 16:00:00,67.35
2025-03-22 17:00:00,37.95
2025-03-22 18:00:00,0.0
2025-03-22 19:00:00,0.0
2025-03-22 20:00:00,0.0
2025-03-22 21:00:00,0.0
2025-03-22 22:00:00,0.0
2025-03-22 23:00:00,0.0
2025-03-23 00:00:00,0.0
2025-03-23 01:00:00,0.0
2025-03-23 02:00:00,0.0
2025-03-23 03:00:00,0.0
2025-03-23 04:00:00,0.0
2025-03-23 05:00:00,0.0
2025-03-23 06:00:00,24.72
2025-03-23 07:00:00,135.56
2025-03-23 08:00:00,224.96
2025-03-23 09:00:00,332.7
2025-03-23 10:00:00,205.0
2025-03-23 11:00:00,272.21
2025-03-23 12:00:00,418.18
2025-03-23 13:00:00,239.14
2025-03-23 14:00:00,324.14
2025-03-23 15:00:00,185.57
2025-03-23 16:00:00,117.94
2025-03-23 17:00:00,45.3
2025-03-23 18:00:00,0.0
2025-03-23 19:00:00,0.0
2025-03-23 20:00:00,0.0
2025-03-23 21:00:00,0.0
2025-03-23 22:00:00,0.0
2025-03-23 23:00:00,0.0
2025-03-24 00:00:00,0.0
2025-03-24 01:00:00,0.0
2025-03-24 02:00:00,0.0
2025-03-24 03:00:00,0.0
2025-03-24 04:00:00,0.0
2025-03-24 05:00:00,0.0
2025-03-24 06:00:00,31.65
2025-03-24 07:00:00,86.1
2025-03-24 08:00:00,102.47
2025-03-24 09:00:00,154.93
2025-03-24 10:00:00,189.55
2025-03-24 11:00:00,129.82
2025-03-24 12:00:00,197.59
2025-03-24 13:00:00,273.38
2025-03-24 14:00:00,191.11
2025-03-24 15:00:00,169.52
2025-03-24 16:00:00,124.68
2025-03-24 17:00:00,63.9
2025-03-24 18:00:00,0.0
2025-03-24 19:00:00,0.0
2025-03-24 20:00:00,0.0
2025-03-24 21:00:00,0.0
2025-03-24 22:00:00,0.0
2025-03-24 23:00:00,0.0
2025-03-25 00:00:00,0.0
2025-03-25 01:00:00,0.0
2025-03-25 02:00:00,0.0
2025-03-25 03:00:00,0.0
2025-03-25 04:00:00,0.0
2025-03-25 05:00:00,0.0
2025-03-25 06:00:00,32.48
2025-03-25 07:00:00,103.18
2025-03-25 08:00:00,120.01
2025-03-25 09:00:00,188.04
2025-03-25 10:00:00,197.31
2025-03-25 11:00:00,139.67
2025-03-25 12:00:00,156.37
2025-03-25 13:00:00,146.31
2025-03-25 14:00:00,178.47
2025-03-25 15:00:00,139.83
2025-03-25 16:00:00,114.46
2025-03-25 17:00:00,63.66
2025-03-25 18:00:00,0.0
2025-03-25 19:00:00,0.0
2025-03-25 20:00:00,0.0
2025-03-25 21:00:00,0.0
2025-03-25 22:00:00,0.0
2025-03-25 23:00:00,0.0
2025-03-26 00:00:00,0.0
2025-03-26 01:00:00,0.0
2025-03-26 02:00:00,0.0
2025-03-26 03:00:00,0.0
2025-03-26 04:00:00,0.0
2025-03-26 05:00:00,0.0
2025-03-26 06:00:00,33.45
2025-03-26 07:00:00,138.05
2025-03-26 08:00:00,140.06
2025-03-26 09:00:00,195.47
2025-03-26 10:00:00,251.72
2025-03-26 11:00:00,202.31
2025-03-26 12:00:00,269.92
2025-03-26 13:00:00,243.63
2025-03-26 14:00:00,319.18
2025-03-26 15:00:00,254.08
2025-03-26 16:00:00,180.95
2025-03-26 17:00:00,56.83
2025-03-26 18:00:00,0.0
2025-03-26 19:00:00,0.0
2025-03-26 20:00:00,0.0
2025-03-26 21:00:00,0.0
2025-03-26 22:00:00,0.0
2025-03-26 23:00:00,0.0
2025-03-27 00:00:00,0.0
2025-03-27 01:00:00,0.0
2025-03-27 02:00:00,0.0
2025-03-27 03:00:00,0.0
2025-03-27 04:00:00,0.0
2025-03-27 05:00:00,0.0
2025-03-27 06:00:00,34.05
2025-03-27 07:00:00,147.93
2025-03-27 08:00:00,166.56
2025-03-27 09:00:00,177.05
2025-03-27 10:00:00,143.36
2025-03-27 11:00:00,141.74
2025-03-27 12:00:00,279.89
2025-03-27 13:00:00,243.09
2025-03-27 14:00:00,223.07
2025-03-27 15:00:00,256.19
2025-03-27 16:00:00,198.99
2025-03-27 17:00:00,65.5
2025-03-27 18:00:00,0.0
2025-03-27 19:00:00,0.0
2025-03-27 20:00:00,0.0
2025-03-27 21:00:00,0.0
2025-03-27 22:00:00,0.0
2025-03-27 23:00:00,0.0
2025-03-28 00:00:00,0.0
2025-03-28 01:00:00,0.0
2025-03-28 02:00:00,0.0
2025-03-28 03:00:00,0.0
2025-03-28 04:00:00,0.0
2025-03-28 05:00:00,0.0
2025-03-28 06:00:00,32.23
2025-03-28 07:00:00,63.56
2025-03-28 08:00:00,63.12
2025-03-28 09:00:00,72.07
2025-03-28 10:00:00,101.34
2025-03-28 11:00:00,143.54
2025-03-28 12:00:00,216.39
2025-03-28 13:00:00,208.61
2025-03-28 14:00:00,164.29
2025-03-28 15:00:00,197.73
2025-03-28 16:00:00,108.91
2025-03-28 17:00:00,38.47
2025-03-28 18:00:00,2.29
2025-03-28 19:00:00,0.0
2025-03-28 20:00:00,0.0
2025-03-28 21:00:00,0.0
2025-03-28 22:00:00,0.0
2025-03-28 23:00:00,0.0
2025-03-29 00:00:00,0.0
2025-03-29 01:00:00,0.0
2025-03-29 02:00:00,0.0
2025-03-29 03:00:00,0.0
2025-03-29 04:00:00,0.0
2025-03-29 05:00:00,0.0
2025-03-29 06:00:00,34.23
2025-03-29 07:00:00,47.94
2025-03-29 08:00:00,46.18
2025-03-29 09:00:00,42.5
2025-03-29 10:00:00,92.34
2025-03-29 11:00:00,118.86
2025-03-29 12:00:00,186.71
2025-03-29 13:00:00,253.79
2025-03-29 14:00:00,249.4
2025-03-29 15:00:00,159.45
2025-03-29 16:00:00,112.44
2025-03-29 17:00:00,49.18
2025-03-29 18:00:00,2.98
2025-03-29 19:00:00,0.0
2025-03-29 20:00:00,0.0
2025-03-29 21:00:00,0.0
2025-03-29 22:00:00,0.0
2025-03-29 23:00:00,0.0
2025-03-30 00:00:00,0.0
2025-03-30 01:00:00,0.0
2025-03-30 02:00:00,0.0
2025-03-30 03:00:00,0.0
2025-03-30 04:00:00,0.0
2025-03-30 05:00:00,0.0
2025-03-30 06:00:00,26.74
2025-03-30 07:00:00,62.04
2025-03-30 08:00:00,109.19
2025-03-30 09:00:00,102.95
2025-03-30 10:00:00,115.19
2025-03-30 11:00:00,123.13
2025-03-30 12:00:00,265.68
2025-03-30 13:00:00,278.56
2025-03-30 14:00:00,205.45
2025-03-30 15:00:00,137.97
2025-03-30 16:00:00,91.15
2025-03-30 17:00:00,39.19
2025-03-30 18:00:00,3.33
2025-03-30 19:00:00,0.0
2025-03-30 20:00:00,0.0
2025-03-30 21:00:00,0.0
2025-03-30 22:00:00,0.0
2025-03-30 23:00:00,0.0
2025-03-31 00:00:00,0.0
2025-03-31 01:00:00,0.0
2025-03-31 02:00:00,0.0
2025-03-31 03:00:00,0.0
2025-03-31 04:00:00,0.0
2025-03-31 05:00:00,0.0
2025-03-31 06:00:00,38.14
2025-03-31 07:00:00,114.66
2025-03-31 08:00:00,143.95
2025-03-31 09:00:00,154.77
2025-03-31 10:00:00,133.86
2025-03-31 11:00:00,138.05
2025-03-31 12:00:00,203.48
2025-03-31 13:00:00,443.63
2025-03-31 14:00:00,297.14
2025-03-31 15:00:00,159.93
2025-03-31 16:00:00,104.89
2025-03-31 17:00:00,56.91
2025-03-31 18:00:00,4.13
2025-03-31 19:00:00,0.0
2025-03-31 20:00:00,0.0
2025-03-31 21:00:00,0.0
2025-03-31 22:00:00,0.0
2025-03-31 23:00:00,0.0
2025-04-01 00:00:00,0.0
2025-04-01 01:00:00,0.0
2025-04-01 02:00:00,0.0
2025-04-01 03:00:00,0.0
2025-04-01 04:00:00,0.0
2025-04-01 05:00:00,0.0
2025-04-01 06:00:00,47.31
2025-04-01 07:00:00,121.95
2025-04-01 08:00:00,180.53
2025-04-01 09:00:00,252.98
2025-04-01 10:00:00,259.85
2025-04-01 11:00:00,203.1
2025-04-01 12:00:00,303.21
2025-04-01 13:00:00,354.4
2025-04-01 14:00:00,311.42
2025-04-01 15:00:00,213.56
2025-04-01 16:00:00,140.54
2025-04-01 17:00:00,64.63
2025-04-01 18:00:00,4.11
2025-04-01 19:00:00,0.0
2025-04-01 20:00:00,0.0
2025-04-01 21:00:00,0.0
2025-04-01 22:00:00,0.0
2025-04-01 23:00:00,0.0
2025-04-02 00:00:00,0.0
2025-04-02 01:00:00,0.0
2025-04-02 02:00:00,0.0
2025-04-02 03:00:00,0.0
2025-04-02 04:00:00,0.0
2025-04-02 05:00:00,0.0
2025-04-02 06:00:00,47.53
2025-04-02 07:00:00,156.38
2025-04-02 08:00:00,201.19
2025-04-02 09:00:00,243.63
2025-04-02 10:00:00,300.61
2025-04-02 11:00:00,283.55
2025-04-02 12:00:00,332.97
2025-04-02 13:00:00,315.14
2025-04-02 14:00:00,325.05
2025-04-02 15:00:00,263.39
2025-04-02 16:00:00,219.52
2025-04-02 17:00:00,76.9
2025-04-02 18:00:00,4.9
2025-04-02 19:00:00,0.0
2025-04-02 20:00:00,0.0
2025-04-02 21:00:00,0.0
2025-04-02 22:00:00,0.0
2025-04-02 23:00:00,0.0
2025-04-03 00:00:00,0.0
2025-04-03 01:00:00,0.0
2025-04-03 02:00:00,0.0
2025-04-03 03:00:00,0.0
2025-04-03 04:00:00,0.0
2025-04-03 05:00:00,0.0
2025-04-03 06:00:00,44.55
2025-04-03 07:00:00,127.96
2025-04-03 08:00:00,176.86
2025-04-03 09:00:00,215.37
2025-04-03 10:00:00,294.09
2025-04-03 11:00:00,225.31
2025-04-03 12:00:00,329.1
2025-04-03 13:00:00,276.73
2025-04-03 14:00:00,256.46
2025-04-03 15:00:00,189.07
2025-04-03 16:00:00,136.03
2025-04-03 17:00:00,69.8
2025-04-03 18:00:00,4.48
2025-04-03 19:00:00,0.0
2025-04-03 20:00:00,0.0
2025-04-03 21:00:00,0.0
2025-04-03 22:00:00,0.0
2025-04-03 23:00:00,0.0
2025-04-04 00:00:00,0.0
2025-04-04 01:00:00,0.0
2025-04-04 02:00:00,0.0
2025-04-04 03:00:00,0.0
2025-04-04 04:00:00,0.0
2025-04-04 05:00:00,0.0
2025-04-04 06:00:00,45.87
2025-04-04 07:00:00,158.24
2025-04-04 08:00:00,220.1
2025-04-04 09:00:00,419.91
2025-04-04 10:00:00,481.89
2025-04-04 11:00:00,518.06
2025-04-04 12:00:00,417.64
2025-04-04 13:00:00,388.89
2025-04-04 14:00:00,395.45
2025-04-04 15:00:00,224.17
2025-04-04 16:00:00,213.67
2025-04-04 17:00:00,78.17
2025-04-04 18:00:00,6.99
2025-04-04 19:00:00,0.0
2025-04-04 20:00:00,0.0
2025-04-04 21:00:00,0.0
2025-04-04 22:00:00,0.0
2025-04-04 23:00:00,0.0
2025-04-05 00:00:00,0.0
2025-04-05 01:00:00,0.0
2025-04-05 02:00:00,0.0
2025-04-05 03:00:00,0.0
2025-04-05 04:00:00,0.0
2025-04-05 05:00:00,0.0
2025-04-05 06:00:00,54.09
2025-04-05 07:00:00,89.05
2025-04-05 08:00:00,111.96
2025-04-05 09:00:00,164.21
2025-04-05 10:00:00,194.22
2025-04-05 11:00:00,273.89
2025-04-05 12:00:00,331.39
2025-04-05 13:00:00,290.32
2025-04-05 14:00:00,264.13
2025-04-05 15:00:00,208.26
2025-04-05 16:00:00,196.2
2025-04-05 17:00:00,68.78
2025-04-05 18:00:00,5.05
2025-04-05 19:00:00,0.0
2025-04-05 20:00:00,0.0
2025-04-05 21:00:00,0.0
2025-04-05 22:00:00,0.0
2025-04-05 23:00:00,0.0
2025-04-06 00:00:00,0.0
2025-04-06 01:00:00,0.0
2025-04-06 02:00:00,0.0
2025-04-06 03:00:00,0.0
2025-04-06 04:00:00,0.0
2025-04-06 05:00:00,0.0
2025-04-06 06:00:00,38.09
2025-04-06 07:00:00,156.21
2025-04-06 08:00:00,133.73
2025-04-06 09:00:00,146.17
2025-04-06 10:00:00,214.78
2025-04-06 11:00:00,244.17
2025-04-06 12:00:00,268.2
2025-04-06 13:00:00,242.93
2025-04-06 14:00:00,242.41
2025-04-06 15:00:00,149.92
2025-04-06 16:00:00,92.61
2025-04-06 17:00:00,34.6
2025-04-06 18:00:00,4.55
2025-04-06 19:00:00,0.0
2025-04-06 20:00:00,0.0
2025-04-06 21:00:00,0.0
2025-04-06 22:00:00,0.0
2025-04-06 23:00:00,0.0
2025-04-07 00:00:00,0.0
2025-04-07 01:00:00,0.0
2025-04-07 02:00:00,0.0
2025-04-07 03:00:00,0.0
2025-04-07 04:00:00,0.0
2025-04-07 05:00:00,0.0
2025-04-07 06:00:00,50.48
2025-04-07 07:00:00,176.07
2025-04-07 08:00:00,138.52
2025-04-07 09:00:00,301.52
2025-04-07 10:00:00,226.01
2025-04-07 11:00:00,247.8
2025-04-07 12:00:00,261.01
2025-04-07 13:00:00,275.88
2025-04-07 14:00:00,225.88
2025-04-07 15:00:00,187.04
2025-04-07 16:00:00,79.46
2025-04-07 17:00:00,29.24
2025-04-07 18:00:00,4.24
2025-04-07 19:00:00,0.0
2025-04-07 20:00:00,0.0
2025-04-07 21:00:00,0.0
2025-04-07 22:00:00,0.0
2025-04-07 23:00:00,0.0
2025-04-08 00:00:00,0.0
2025-04-08 01:00:00,0.0
2025-04-08 02:00:00,0.0
2025-04-08 03:00:00,0.0
2025-04-08 04:00:00,0.0
2025-04-08 05:00:00,0.0
2025-04-08 06:00:00,31.82
2025-04-08 07:00:00,140.78
2025-04-08 08:00:00,226.76
2025-04-08 09:00:00,206.34
2025-04-08 10:00:00,270.61
2025-04-08 11:00:00,276.3
2025-04-08 12:00:00,327.8
2025-04-08 13:00:00,255.81
2025-04-08 14:00:00,224.1
2025-04-08 15:00:00,175.29
2025-04-08 16:00:00,103.48
2025-04-08 17:00:00,36.0
2025-04-08 18:00:00,3.94
2025-04-08 19:00:00,0.0
2025-04-08 20:00:00,0.0
2025-04-08 21:00:00,0.0
2025-04-08 22:00:00,0.0
2025-04-08 23:00:00,0.0
2025-04-09 00:00:00,0.0
2025-04-09 01:00:00,0.0
2025-04-09 02:00:00,0.0
2025-04-09 03:00:00,0.0
2025-04-09 04:00:00,0.0
2025-04-09 05:00:00,0.0
2025-04-09 06:00:00,35.42
2025-04-09 07:00:00,121.6
2025-04-09 08:00:00,200.21
2025-04-09 09:00:00,262.78
2025-04-09 10:00:00,330.53
2025-04-09 11:00:00,446.53
2025-04-09 12:00:00,372.4
2025-04-09 13:00:00,309.44
2025-04-09 14:00:00,331.56
2025-04-09 15:00:00,222.63
2025-04-09 16:00:00,148.9
2025-04-09 17:00:00,57.25
2025-04-09 18:00:00,6.12
2025-04-09 19:00:00,0.0
2025-04-09 20:00:00,0.0
2025-04-09 21:00:00,0.0
2025-04-09 22:00:00,0.0
2025-04-09 23:00:00,0.0
2025-04-10 00:00:00,0.0
2025-04-10 01:00:00,0.0
2025-04-10 02:00:00,0.0
2025-04-10 03:00:00,0.0
2025-04-10 04:00:00,0.0
2025-04-10 05:00:00,0.0
2025-04-10 06:00:00,32.32
2025-04-10 07:00:00,94.55
2025-04-10 08:00:00,148.6
2025-04-10 09:00:00,179.39
2025-04-10 10:00:00,226.28
2025-04-10 11:00:00,241.5
2025-04-10 12:00:00,255.5
2025-04-10 13:00:00,251.67
2025-04-10 14:00:00,215.41
2025-04-10 15:00:00,134.41
2025-04-10 16:00:00,70.8
2025-04-10 17:00:00,28.96
2025-04-10 18:00:00,3.3
2025-04-10 19:00:00,0.0
2025-04-10 20:00:00,0.0
2025-04-10 21:00:00,0.0
2025-04-10 22:00:00,0.0
2025-04-10 23:00:00,0.0
2025-04-11 00:00:00,0.0
2025-04-11 01:00:00,0.0
2025-04-11 02:00:00,0.0
2025-04-11 03:00:00,0.0
2025-04-11 04:00:00,0.0
2025-04-11 05:00:00,0.0
2025-04-11 06:00:00,34.01
2025-04-11 07:00:00,139.43
2025-04-11 08:00:00,259.69
2025-04-11 09:00:00,270.78
2025-04-11 10:00:00,389.88
2025-04-11 11:00:00,347.63
2025-04-11 12:00:00,281.6
2025-04-11 13:00:00,351.97
2025-04-11 14:00:00,270.95
2025-04-11 15:00:00,180.68
2025-04-11 16:00:00,151.3
2025-04-11 17:00:00,50.9
2025-04-11 18:00:00,3.46
2025-04-11 19:00:00,0.0
2025-04-11 20:00:00,0.0
2025-04-11 21:00:00,0.0
2025-04-11 22:00:00,0.0
2025-04-11 23:00:00,0.0
2025-04-12 00:00:00,0.0
2025-04-12 01:00:00,0.0
2025-04-12 02:00:00,0.0
2025-04-12 03:00:00,0.0
2025-04-12 04:00:00,0.0
2025-04-12 05:00:00,0.0
2025-04-12 06:00:00,73.83
2025-04-12 07:00:00,163.6
2025-04-12 08:00:00,169.75
2025-04-12 09:00:00,256.76
2025-04-12 10:00:00,368.21
2025-04-12 11:00:00,474.81
2025-04-12 12:00:00,281.14
2025-04-12 13:00:00,303.74
2025-04-12 14:00:00,198.23
2025-04-12 15:00:00,113.77
2025-04-12 16:00:00,89.09
2025-04-12 17:00:00,27.34
2025-04-12 18:00:00,5.17
2025-04-12 19:00:00,0.0
2025-04-12 20:00:00,0.0
2025-04-12 21:00:00,0.0
2025-04-12 22:00:00,0.0
2025-04-12 23:00:00,0.0
2025-04-13 00:00:00,0.0
2025-04-13 01:00:00,0.0
2025-04-13 02:00:00,0.0
2025-04-13 03:00:00,0.0
2025-04-13 04:00:00,0.0
2025-04-13 05:00:00,0.0
2025-04-13 06:00:00,42.29
2025-04-13 07:00:00,132.69
2025-04-13 08:00:00,244.9
2025-04-13 09:00:00,296.95
2025-04-13 10:00:00,382.36
2025-04-13 11:00:00,365.19
2025-04-13 12:00:00,388.69
2025-04-13 13:00:00,291.65
2025-04-13 14:00:00,258.57
2025-04-13 15:00:00,199.17
2025-04-13 16:00:00,154.91
2025-04-13 17:00:00,69.56
2025-04-13 18:00:00,5.75
2025-04-13 19:00:00,0.0
2025-04-13 20:00:00,0.0
2025-04-13 21:00:00,0.0
2025-04-13 22:00:00,0.0
2025-04-13 23:00:00,0.0
2025-04-14 00:00:00,0.0
2025-04-14 01:00:00,0.0
2025-04-14 02:00:00,0.0
2025-04-14 03:00:00,0.0
2025-04-14 04:00:00,0.0
2025-04-14 05:00:00,0.0
2025-04-14 06:00:00,43.63
2025-04-14 07:00:00,143.46
2025-04-14 08:00:00,223.91
2025-04-14 09:00:00,311.29
2025-04-14 10:00:00,311.55
2025-04-14 11:00:00,314.83
2025-04-14 12:00:00,317.37
2025-04-14 13:00:00,266.13
2025-04-14 14:00:00,274.47
2025-04-14 15:00:00,218.31
2025-04-14 16:00:00,157.74
2025-04-14 17:00:00,48.74
2025-04-14 18:00:00,6.85
2025-04-14 19:00:00,0.0
2025-04-14 20:00:00,0.0
2025-04-14 21:00:00,0.0
2025-04-14 22:00:00,0.0
2025-04-14 23:00:00,0.0
2025-04-15 00:00:00,0.0
2025-04-15 01:00:00,0.0
2025-04-15 02:00:00,0.0
2025-04-15 03:00:00,0.0
2025-04-15 04:00:00,0.0
2025-04-15 05:00:00,0.0
2025-04-15 06:00:00,45.29
2025-04-15 07:00:00,178.21
2025-04-15 08:00:00,174.34
2025-04-15 09:00:00,230.42
2025-04-15 10:00:00,250.15
2025-04-15 11:00:00,305.84
2025-04-15 12:00:00,399.59
2025-04-15 13:00:00,255.19
2025-04-15 14:00:00,259.52
2025-04-15 15:00:00,143.6
2025-04-15 16:00:00,111.38
2025-04-15 17:00:00,44.78
2025-04-15 18:00:00,5.12
2025-04-15 19:00:00,0.0
2025-04-15 20:00:00,0.0
2025-04-15 21:00:00,0.0
2025-04-15 22:00:00,0.0
2025-04-15 23:00:00,0.0
2025-04-16 00:00:00,0.0
2025-04-16 01:00:00,0.0
2025-04-16 02:00:00,0.0
2025-04-16 03:00:00,0.0
2025-04-16 04:00:00,0.0
2025-04-16 05:00:00,0.0
2025-04-16 06:00:00,58.53
2025-04-16 07:00:00,183.49
2025-04-16 08:00:00,95.41
2025-04-16 09:00:00,146.77
2025-04-16 10:00:00,204.89
2025-04-16 11:00:00,245.08
2025-04-16 12:00:00,340.43
2025-04-16 13:00:00,348.42
2025-04-16 14:00:00,282.67
2025-04-16 15:00:00,217.8
2025-04-16 16:00:00,119.38
2025-04-16 17:00:00,63.94
2025-04-16 18:00:00,9.36
2025-04-16 19:00:00,0.0
2025-04-16 20:00:00,0.0
2025-04-16 21:00:00,0.0
2025-04-16 22:00:00,0.0
2025-04-16 23:00:00,0.0
2025-04-17 00:00:00,0.0
2025-04-17 01:00:00,0.0
2025-04-17 02:00:00,0.0
2025-04-17 03:00:00,0.0
2025-04-17 04:00:00,0.0
2025-04-17 05:00:00,0.0
2025-04-17 06:00:00,56.57
2025-04-17 07:00:00,177.98
2025-04-17 08:00:00,190.78
2025-04-17 09:00:00,267.01
2025-04-17 10:00:00,324.82
2025-04-17 11:00:00,323.13
2025-04-17 12:00:00,396.33
2025-04-17 13:00:00,434.04
2025-04-17 14:00:00,342.07
2025-04-17 15:00:00,234.67
2025-04-17 16:00:00,181.17
2025-04-17 17:00:00,71.09
2025-04-17 18:00:00,7.9
2025-04-17 19:00:00,0.0
2025-04-17 20:00:00,0.0
2025-04-17 21:00:00,0.0
2025-04-17 22:00:00,0.0
2025-04-17 23:00:00,0.0
2025-04-18 00:00:00,0.0
2025-04-18 01:00:00,0.0
2025-04-18 02:00:00,0.0
2025-04-18 03:00:00,0.0
2025-04-18 04:00:00,0.0
2025-04-18 05:00:00,0.0
2025-04-18 06:00:00,43.15
2025-04-18 07:00:00,117.8
2025-04-18 08:00:00,233.49
2025-04-18 09:00:00,274.81
2025-04-18 10:00:00,343.04
2025-04-18 11:00:00,264.75
2025-04-18 12:00:00,315.92
2025-04-18 13:00:00,267.4
2025-04-18 14:00:00,241.95
2025-04-18 15:00:00,147.02
2025-04-18 16:00:00,100.09
2025-04-18 17:00:00,46.6
2025-04-18 18:00:00,6.52
2025-04-18 19:00:00,0.0
2025-04-18 20:00:00,0.0
2025-04-18 21:00:00,0.0
2025-04-18 22:00:00,0.0
2025-04-18 23:00:00,0.0
2025-04-19 00:00:00,0.0
2025-04-19 01:00:00,0.0
2025-04-19 02:00:00,0.0
2025-04-19 03:00:00,0.0
2025-04-19 04:00:00,0.0
2025-04-19 05:00:00,4.46
2025-04-19 06:00:00,70.04
2025-04-19 07:00:00,158.33
2025-04-19 08:00:00,308.36
2025-04-19 09:00:00,315.46
2025-04-19 10:00:00,325.82
2025-04-19 11:00:00,387.93
2025-04-19 12:00:00,424.73
2025-04-19 13:00:00,267.53
2025-04-19 14:00:00,272.86
2025-04-19 15:00:00,179.69
2025-04-19 16:00:00,122.54
2025-04-19 17:00:00,63.98
2025-04-19 18:00:00,7.9
2025-04-19 19:00:00,0.0
2025-04-19 20:00:00,0.0
2025-04-19 21:00:00,0.0
2025-04-19 22:00:00,0.0
2025-04-19 23:00:00,0.0
2025-04-20 00:00:00,0.0
2025-04-20 01:00:00,0.0
2025-04-20 02:00:00,0.0
2025-04-20 03:00:00,0.0
2025-04-20 04:00:00,0.0
2025-04-20 05:00:00,5.99
2025-04-20 06:00:00,80.31
2025-04-20 07:00:00,154.68
2025-04-20 08:00:00,183.8
2025-04-20 09:00:00,234.96
2025-04-20 10:00:00,453.52
2025-04-20 11:00:00,453.04
2025-04-20 12:00:00,384.63
2025-04-20 13:00:00,238.14
2025-04-20 14:00:00,351.21
2025-04-20 15:00:00,168.95
2025-04-20 16:00:00,129.27
2025-04-20 17:00:00,70.16
2025-04-20 18:00:00,8.48
2025-04-20 19:00:00,0.0
2025-04-20 20:00:00,0.0
2025-04-20 21:00:00,0.0
2025-04-20 22:00:00,0.0
2025-04-20 23:00:00,0.0
2025-04-21 00:00:00,0.0
2025-04-21 01:00:00,0.0
2025-04-21 02:00:00,0.0
2025-04-21 03:00:00,0.0
2025-04-21 04:00:00,0.0
2025-04-21 05:00:00,6.61
2025-04-21 06:00:00,71.76
2025-04-21 07:00:00,75.78
2025-04-21 08:00:00,77.6
2025-04-21 09:00:00,96.75
2025-04-21 10:00:00,94.79
2025-04-21 11:00:00,131.19
2025-04-21 12:00:00,306.73
2025-04-21 13:00:00,249.03
2025-04-21 14:00:00,322.0
2025-04-21 15:00:00,203.51
2025-04-21 16:00:00,179.09
2025-04-21 17:00:00,76.26
2025-04-21 18:00:00,7.76
2025-04-21 19:00:00,0.0
2025-04-21 20:00:00,0.0
2025-04-21 21:00:00,0.0
2025-04-21 22:00:00,0.0
2025-04-21 23:00:00,0.0
2025-04-22 00:00:00,0.0
2025-04-22 01:00:00,0.0
2025-04-22 02:00:00,0.0
2025-04-22 03:00:00,0.0
2025-04-22 04:00:00,0.0
2025-04-22 05:00:00,7.31
2025-04-22 06:00:00,79.3
2025-04-22 07:00:00,124.89
2025-04-22 08:00:00,166.01
2025-04-22 09:00:00,201.07
2025-04-22 10:00:00,172.88
2025-04-22 11:00:00,214.64
2025-04-22 12:00:00,381.42
2025-04-22 13:00:00,377.73
2025-04-22 14:00:00,342.27
2025-04-22 15:00:00,252.63
2025-04-22 16:00:00,188.29
2025-04-22 17:00:00,81.17
2025-04-22 18:00:00,5.52
2025-04-22 19:00:00,0.0
2025-04-22 20:00:00,0.0
2025-04-22 21:00:00,0.0
2025-04-22 22:00:00,0.0
2025-04-22 23:00:00,0.0
2025-04-23 00:00:00,0.0
2025-04-23 01:00:00,0.0
2025-04-23 02:00:00,0.0
2025-04-23 03:00:00,0.0
2025-04-23 04:00:00,0.0
2025-04-23 05:00:00,7.34
2025-04-23 06:00:00,86.44
2025-04-23 07:00:00,144.91
2025-04-23 08:00:00,203.39
2025-04-23 09:00:00,242.12
2025-04-23 10:00:00,358.19
2025-04-23 11:00:00,431.75
2025-04-23 12:00:00,332.95
2025-04-23 13:00:00,343.96
2025-04-23 14:00:00,214.43
2025-04-23 15:00:00,187.46
2025-04-23 16:00:00,124.94
2025-04-23 17:00:00,54.18
2025-04-23 18:00:00,6.45
2025-04-23 19:00:00,0.0
2025-04-23 20:00:00,0.0
2025-04-23 21:00:00,0.0
2025-04-23 22:00:00,0.0
2025-04-23 23:00:00,0.0
2025-04-24 00:00:00,0.0
2025-04-24 01:00:00,0.0
2025-04-24 02:00:00,0.0
2025-04-24 03:00:00,0.0
2025-04-24 04:00:00,0.0
2025-04-24 05:00:00,9.19
2025-04-24 06:00:00,64.68
2025-04-24 07:00:00,66.93
2025-04-24 08:00:00,75.7
2025-04-24 09:00:00,69.09
2025-04-24 10:00:00,130.46
2025-04-24 11:00:00,144.13
2025-04-24 12:00:00,304.68
2025-04-24 13:00:00,252.97
2025-04-24 14:00:00,247.19
2025-04-24 15:00:00,170.23
2025-04-24 16:00:00,136.93
2025-04-24 17:00:00,72.54
2025-04-24 18:00:00,9.16
2025-04-24 19:00:00,0.0
2025-04-24 20:00:00,0.0
2025-04-24 21:00:00,0.0
2025-04-24 22:00:00,0.0
2025-04-24 23:00:00,0.0
2025-04-25 00:00:00,0.0
2025-04-25 01:00:00,0.0
2025-04-25 02:00:00,0.0
2025-04-25 03:00:00,0.0
2025-04-25 04:00:00,0.0
2025-04-25 05:00:00,8.98
2025-04-25 06:00:00,68.87
2025-04-25 07:00:00,108.26
2025-04-25 08:00:00,132.24
2025-04-25 09:00:00,116.21
2025-04-25 10:00:00,126.7
2025-04-25 11:00:00,242.04
2025-04-25 12:00:00,308.54
2025-04-25 13:00:00,295.74
2025-04-25 14:00:00,331.55
2025-04-25 15:00:00,240.17
2025-04-25 16:00:00,130.2
2025-04-25 17:00:00,67.96
2025-04-25 18:00:00,8.69
2025-04-25 19:00:00,0.0
2025-04-25 20:00:00,0.0
2025-04-25 21:00:00,0.0
2025-04-25 22:00:00,0.0
2025-04-25 23:00:00,0.0
2025-04-26 00:00:00,0.0
2025-04-26 01:00:00,0.0
2025-04-26 02:00:00,0.0
2025-04-26 03:00:00,0.0
2025-04-26 04:00:00,0.0
2025-04-26 05:00:00,9.46
2025-04-26 06:00:00,66.47
2025-04-26 07:00:00,90.82
2025-04-26 08:00:00,118.74
2025-04-26 09:00:00,217.79
2025-04-26 10:00:00,310.72
2025-04-26 11:00:00,336.03
2025-04-26 12:00:00,357.18
2025-04-26 13:00:00,311.09
2025-04-26 14:00:00,338.91
2025-04-26 15:00:00,226.18
2025-04-26 16:00:00,162.1
2025-04-26 17:00:00,63.9
2025-04-26 18:00:00,7.83
2025-04-26 19:00:00,0.0
2025-04-26 20:00:00,0.0
2025-04-26 21:00:00,0.0
2025-04-26 22:00:00,0.0
2025-04-26 23:00:00,0.0
2025-04-27 00:00:00,0.0
2025-04-27 01:00:00,0.0
2025-04-27 02:00:00,0.0
2025-04-27 03:00:00,0.0
2025-04-27 04:00:00,0.0
2025-04-27 05:00:00,7.44
2025-04-27 06:00:00,49.94
2025-04-27 07:00:00,144.96
2025-04-27 08:00:00,238.2
2025-04-27 09:00:00,332.85
2025-04-27 10:00:00,316.64
2025-04-27 11:00:00,259.4
2025-04-27 12:00:00,259.45
2025-04-27 13:00:00,282.53
2025-04-27 14:00:00,212.18
2025-04-27 15:00:00,155.3
2025-04-27 16:00:00,73.82
2025-04-27 17:00:00,26.47
2025-04-27 18:00:00,2.52
2025-04-27 19:00:00,0.0
2025-04-27 20:00:00,0.0
2025-04-27 21:00:00,0.0
2025-04-27 22:00:00,0.0
2025-04-27 23:00:00,0.0
2025-04-28 00:00:00,0.0
2025-04-28 01:00:00,0.0
2025-04-28 02:00:00,0.0
2025-04-28 03:00:00,0.0
2025-04-28 04:00:00,0.0
2025-04-28 05:00:00,3.99
2025-04-28 06:00:00,41.81
2025-04-28 07:00:00,109.92
2025-04-28 08:00:00,176.37
2025-04-28 09:00:00,261.13
2025-04-28 10:00:00,197.51
2025-04-28 11:00:00,283.12
2025-04-28 12:00:00,132.19
2025-04-28 13:00:00,304.72
2025-04-28 14:00:00,91.79
2025-04-28 15:00:00,215.73
2025-04-28 16:00:00,132.39
2025-04-28 17:00:00,48.43
2025-04-28 18:00:00,6.8
2025-04-28 19:00:00,0.0
2025-04-28 20:00:00,0.0
2025-04-28 21:00:00,0.0
2025-04-28 22:00:00,0.0
2025-04-28 23:00:00,0.0
2025-04-29 00:00:00,0.0
2025-04-29 01:00:00,0.0
2025-04-29 02:00:00,0.0
2025-04-29 03:00:00,0.0
2025-04-29 04:00:00,0.0
2025-04-29 05:00:00,8.02
2025-04-29 06:00:00,72.68
2025-04-29 07:00:00,198.9
2025-04-29 08:00:00,192.27
2025-04-29 09:00:00,234.6
2025-04-29 10:00:00,216.56
2025-04-29 11:00:00,267.29
2025-04-29 12:00:00,317.45
2025-04-29 13:00:00,215.94
2025-04-29 14:00:00,208.36
2025-04-29 15:00:00,198.03
2025-04-29 16:00:00,139.93
2025-04-29 17:00:00,64.34
2025-04-29 18:00:00,8.9
2025-04-29 19:00:00,0.0
2025-04-29 20:00:00,0.0
2025-04-29 21:00:00,0.0
2025-04-29 22:00:00,0.0
2025-04-29 23:00:00,0.0
2025-04-30 00:00:00,-999.0
2025-04-30 01:00:00,-999.0
2025-04-30 02:00:00,-999.0
2025-04-30 03:00:00,-999.0
2025-04-30 04:00:00,-999.0
2025-04-30 05:00:00,-999.0
2025-04-30 06:00:00,-999.0
2025-04-30 07:00:00,-999.0
2025-04-30 08:00:00,-999.0
2025-04-30 09:00:00,-999.0
2025-04-30 10:00:00,-999.0
2025-04-30 11:00:00,-999.0
2025-04-30 12:00:00,-999.0
2025-04-30 13:00:00,-999.0
2025-04-30 14:00:00,-999.0
2025-04-30 15:00:00,-999.0
2025-04-30 16:00:00,-999.0
2025-04-30 17:00:00,-999.0
2025-04-30 18:00:00,-999.0
2025-04-30 19:00:00,-999.0
2025-04-30 20:00:00,-999.0
2025-04-30 21:00:00,-999.0
2025-04-30 22:00:00,-999.0
2025-04-30 23:00:00,-999.0
2025-05-01 00:00:00,-999.0
2025-05-01 01:00:00,-999.0
2025-05-01 02:00:00,-999.0
2025-05-01 03:00:00,-999.0
2025-05-01 04:00:00,-999.0
2025-05-01 05:00:00,-999.0
2025-05-01 06:00:00,-999.0
2025-05-01 07:00:00,-999.0
2025-05-01 08:00:00,-999.0
2025-05-01 09:00:00,-999.0
2025-05-01 10:00:00,-999.0
2025-05-01 11:00:00,-999.0
2025-05-01 12:00:00,-999.0
2025-05-01 13:00:00,-999.0
2025-05-01 14:00:00,-999.0
2025-05-01 15:00:00,-999.0
2025-05-01 16:00:00,-999.0
2025-05-01 17:00:00,-999.0
2025-05-01 18:00:00,-999.0
2025-05-01 19:00:00,-999.0
2025-05-01 20:00:00,-999.0
2025-05-01 21:00:00,-999.0
2025-05-01 22:00:00,-999.0
2025-05-01 23:00:00,-999.0
2025-05-02 00:00:00,-999.0
2025-05-02 01:00:00,-999.0
2025-05-02 02:00:00,-999.0
2025-05-02 03:00:00,-999.0
2025-05-02 04:00:00,-999.0
2025-05-02 05:00:00,-999.0
2025-05-02 06:00:00,-999.0
2025-05-02 07:00:00,-999.0
2025-05-02 08:00:00,-999.0
2025-05-02 09:00:00,-999.0
2025-05-02 10:00:00,-999.0
2025-05-02 11:00:00,-999.0
2025-05-02 12:00:00,-999.0
2025-05-02 13:00:00,-999.0
2025-05-02 14:00:00,-999.0
2025-05-02 15:00:00,-999.0
2025-05-02 16:00:00,-999.0
2025-05-02 17:00:00,-999.0
2025-05-02 18:00:00,-999.0
2025-05-02 19:00:00,-999.0
2025-05-02 20:00:00,-999.0
2025-05-02 21:00:00,-999.0
2025-05-02 22:00:00,-999.0
2025-05-02 23:00:00,-999.0
2025-05-03 00:00:00,-999.0
2025-05-03 01:00:00,-999.0
2025-05-03 02:00:00,-999.0
2025-05-03 03:00:00,-999.0
2025-05-03 04:00:00,-999.0
2025-05-03 05:00:00,-999.0
2025-05-03 06:00:00,-999.0
2025-05-03 07:00:00,-999.0
2025-05-03 08:00:00,-999.0
2025-05-03 09:00:00,-999.0
2025-05-03 10:00:00,-999.0
2025-05-03 11:00:00,-999.0
2025-05-03 12:00:00,-999.0
2025-05-03 13:00:00,-999.0
2025-05-03 14:00:00,-999.0
2025-05-03 15:00:00,-999.0
2025-05-03 16:00:00,-999.0
2025-05-03 17:00:00,-999.0
2025-05-03 18:00:00,-999.0
2025-05-03 19:00:00,-999.0
2025-05-03 20:00:00,-999.0
2025-05-03 21:00:00,-999.0
2025-05-03 22:00:00,-999.0
2025-05-03 23:00:00,-999.0
2025-05-04 00:00:00,-999.0
2025-05-04 01:00:00,-999.0
2025-05-04 02:00:00,-999.0
2025-05-04 03:00:00,-999.0
2025-05-04 04:00:00,-999.0
2025-05-04 05:00:00,-999.0
2025-05-04 06:00:00,-999.0
2025-05-04 07:00:00,-999.0
2025-05-04 08:00:00,-999.0
2025-05-04 09:00:00,-999.0
2025-05-04 10:00:00,-999.0
2025-05-04 11:00:00,-999.0
2025-05-04 12:00:00,-999.0
2025-05-04 13:00:00,-999.0
2025-05-04 14:00:00,-999.0
2025-05-04 15:00:00,-999.0
2025-05-04 16:00:00,-999.0
2025-05-04 17:00:00,-999.0
2025-05-04 18:00:00,-999.0
2025-05-04 19:00:00,-999.0
2025-05-04 20:00:00,-999.0
2025-05-04 21:00:00,-999.0
2025-05-04 22:00:00,-999.0
2025-05-04 23:00:00,-999.0
2025-05-05 00:00:00,-999.0
2025-05-05 01:00:00,-999.0
2025-05-05 02:00:00,-999.0
2025-05-05 03:00:00,-999.0
2025-05-05 04:00:00,-999.0
2025-05-05 05:00:00,-999.0
2025-05-05 06:00:00,-999.0
2025-05-05 07:00:00,-999.0
2025-05-05 08:00:00,-999.0
2025-05-05 09:00:00,-999.0
2025-05-05 10:00:00,-999.0
2025-05-05 11:00:00,-999.0
2025-05-05 12:00:00,-999.0
2025-05-05 13:00:00,-999.0
2025-05-05 14:00:00,-999.0
2025-05-05 15:00:00,-999.0
2025-05-05 16:00:00,-999.0
2025-05-05 17:00:00,-999.0
2025-05-05 18:00:00,-999.0
2025-05-05 19:00:00,-999.0
2025-05-05 20:00:00,-999.0
2025-05-05 21:00:00,-999.0
2025-05-05 22:00:00,-999.0
2025-05-05 23:00:00,-999.0
2025-05-06 00:00:00,-999.0
2025-05-06 01:00:00,-999.0
2025-05-06 02:00:00,-999.0
2025-05-06 03:00:00,-999.0
2025-05-06 04:00:00,-999.0
2025-05-06 05:00:00,-999.0
2025-05-06 06:00:00,-999.0
2025-05-06 07:00:00,-999.0
2025-05-06 08:00:00,-999.0
2025-05-06 09:00:00,-999.0
2025-05-06 10:00:00,-999.0
2025-05-06 11:00:00,-999.0
2025-05-06 12:00:00,-999.0
2025-05-06 13:00:00,-999.0
2025-05-06 14:00:00,-999.0
2025-05-06 15:00:00,-999.0
2025-05-06 16:00:00,-999.0
2025-05-06 17:00:00,-999.0
2025-05-06 18:00:00,-999.0
2025-05-06 19:00:00,-999.0
2025-05-06 20:00:00,-999.0
2025-05-06 21:00:00,-999.0
2025-05-06 22:00:00,-999.0
2025-05-06 23:00:00,-999.0
2025-05-07 00:00:00,-999.0
2025-05-07 01:00:00,-999.0
2025-05-07 02:00:00,-999.0
2025-05-07 03:00:00,-999.0
2025-05-07 04:00:00,-999.0
2025-05-07 05:00:00,-999.0
2025-05-07 06:00:00,-999.0
2025-05-07 07:00:00,-999.0
2025-05-07 08:00:00,-999.0
2025-05-07 09:00:00,-999.0
2025-05-07 10:00:00,-999.0
2025-05-07 11:00:00,-999.0
2025-05-07 12:00:00,-999.0
2025-05-07 13:00:00,-999.0
2025-05-07 14:00:00,-999.0
2025-05-07 15:00:00,-999.0
2025-05-07 16:00:00,-999.0
2025-05-07 17:00:00,-999.0
2025-05-07 18:00:00,-999.0
2025-05-07 19:00:00,-999.0
2025-05-07 20:00:00,-999.0
2025-05-07 21:00:00,-999.0
2025-05-07 22:00:00,-999.0
2025-05-07 23:00:00,-999.0
2025-05-08 00:00:00,-999.0
2025-05-08 01:00:00,-999.0
2025-05-08 02:00:00,-999.0
2025-05-08 03:00:00,-999.0
2025-05-08 04:00:00,-999.0
2025-05-08 05:00:00,-999.0
2025-05-08 06:00:00,-999.0
2025-05-08 07:00:00,-999.0
2025-05-08 08:00:00,-999.0
2025-05-08 09:00:00,-999.0
2025-05-08 10:00:00,-999.0
2025-05-08 11:00:00,-999.0
2025-05-08 12:00:00,-999.0
2025-05-08 13:00:00,-999.0
2025-05-08 14:00:00,-999.0
2025-05-08 15:00:00,-999.0
2025-05-08 16:00:00,-999.0
2025-05-08 17:00:00,-999.0
2025-05-08 18:00:00,-999.0
2025-05-08 19:00:00,-999.0
2025-05-08 20:00:00,-999.0
2025-05-08 21:00:00,-999.0
2025-05-08 22:00:00,-999.0
2025-05-08 23:00:00,-999.0
2025-05-09 00:00:00,-999.0
2025-05-09 01:00:00,-999.0
2025-05-09 02:00:00,-999.0
2025-05-09 03:00:00,-999.0
2025-05-09 04:00:00,-999.0
2025-05-09 05:00:00,-999.0
2025-05-09 06:00:00,-999.0
2025-05-09 07:00:00,-999.0
2025-05-09 08:00:00,-999.0
2025-05-09 09:00:00,-999.0
2025-05-09 10:00:00,-999.0
2025-05-09 11:00:00,-999.0
2025-05-09 12:00:00,-999.0
2025-05-09 13:00:00,-999.0
2025-05-09 14:00:00,-999.0
2025-05-09 15:00:00,-999.0
2025-05-09 16:00:00,-999.0
2025-05-09 17:00:00,-999.0
2025-05-09 18:00:00,-999.0
2025-05-09 19:00:00,-999.0
2025-05-09 20:00:00,-999.0
2025-05-09 21:00:00,-999.0
2025-05-09 22:00:00,-999.0
2025-05-09 23:00:00,-999.0
2025-05-10 00:00:00,-999.0
2025-05-10 01:00:00,-999.0
2025-05-10 02:00:00,-999.0
2025-05-10 03:00:00,-999.0
2025-05-10 04:00:00,-999.0
2025-05-10 05:00:00,-999.0
2025-05-10 06:00:00,-999.0
2025-05-10 07:00:00,-999.0
2025-05-10 08:00:00,-999.0
2025-05-10 09:00:00,-999.0
2025-05-10 10:00:00,-999.0
2025-05-10 11:00:00,-999.0
2025-05-10 12:00:00,-999.0
2025-05-10 13:00:00,-999.0
2025-05-10 14:00:00,-999.0
2025-05-10 15:00:00,-999.0
2025-05-10 16:00:00,-999.0
2025-05-10 17:00:00,-999.0
2025-05-10 18:00:00,-999.0
2025-05-10 19:00:00,-999.0
2025-05-10 20:00:00,-999.0
2025-05-10 21:00:00,-999.0
2025-05-10 22:00:00,-999.0
2025-05-10 23:00:00,-999.0
2025-05-11 00:00:00,-999.0
2025-05-11 01:00:00,-999.0
2025-05-11 02:00:00,-999.0
2025-05-11 03:00:00,-999.0
2025-05-11 04:00:00,-999.0
2025-05-11 05:00:00,-999.0
2025-05-11 06:00:00,-999.0
2025-05-11 07:00:00,-999.0
2025-05-11 08:00:00,-999.0
2025-05-11 09:00:00,-999.0
2025-05-11 10:00:00,-999.0
2025-05-11 11:00:00,-999.0
2025-05-11 12:00:00,-999.0
2025-05-11 13:00:00,-999.0
2025-05-11 14:00:00,-999.0
2025-05-11 15:00:00,-999.0
2025-05-11 16:00:00,-999.0
2025-05-11 17:00:00,-999.0
2025-05-11 18:00:00,-999.0
2025-05-11 19:00:00,-999.0
2025-05-11 20:00:00,-999.0
2025-05-11 21:00:00,-999.0
2025-05-11 22:00:00,-999.0
2025-05-11 23:00:00,-999.0
2025-05-12 00:00:00,-999.0
2025-05-12 01:00:00,-999.0
2025-05-12 02:00:00,-999.0
2025-05-12 03:00:00,-999.0
2025-05-12 04:00:00,-999.0
2025-05-12 05:00:00,-999.0
2025-05-12 06:00:00,-999.0
2025-05-12 07:00:00,-999.0
2025-05-12 08:00:00,-999.0
2025-05-12 09:00:00,-999.0
2025-05-12 10:00:00,-999.0
2025-05-12 11:00:00,-999.0
2025-05-12 12:00:00,-999.0
2025-05-12 13:00:00,-999.0
2025-05-12 14:00:00,-999.0
2025-05-12 15:00:00,-999.0
2025-05-12 16:00:00,-999.0
2025-05-12 17:00:00,-999.0
2025-05-12 18:00:00,-999.0
2025-05-12 19:00:00,-999.0
2025-05-12 20:00:00,-999.0
2025-05-12 21:00:00,-999.0
2025-05-12 22:00:00,-999.0
2025-05-12 23:00:00,-999.0
2025-05-13 00:00:00,-999.0
2025-05-13 01:00:00,-999.0
2025-05-13 02:00:00,-999.0
2025-05-13 03:00:00,-999.0
2025-05-13 04:00:00,-999.0
2025-05-13 05:00:00,-999.0
2025-05-13 06:00:00,-999.0
2025-05-13 07:00:00,-999.0
2025-05-13 08:00:00,-999.0
2025-05-13 09:00:00,-999.0
2025-05-13 10:00:00,-999.0
2025-05-13 11:00:00,-999.0
2025-05-13 12:00:00,-999.0
2025-05-13 13:00:00,-999.0
2025-05-13 14:00:00,-999.0
2025-05-13 15:00:00,-999.0
2025-05-13 16:00:00,-999.0
2025-05-13 17:00:00,-999.0
2025-05-13 18:00:00,-999.0
2025-05-13 19:00:00,-999.0
2025-05-13 20:00:00,-999.0
2025-05-13 21:00:00,-999.0
2025-05-13 22:00:00,-999.0
2025-05-13 23:00:00,-999.0
2025-05-14 00:00:00,-999.0
2025-05-14 01:00:00,-999.0
2025-05-14 02:00:00,-999.0
2025-05-14 03:00:00,-999.0
2025-05-14 04:00:00,-999.0
2025-05-14 05:00:00,-999.0
2025-05-14 06:00:00,-999.0
2025-05-14 07:00:00,-999.0
2025-05-14 08:00:00,-999.0
2025-05-14 09:00:00,-999.0
2025-05-14 10:00:00,-999.0
2025-05-14 11:00:00,-999.0
2025-05-14 12:00:00,-999.0
2025-05-14 13:00:00,-999.0
2025-05-14 14:00:00,-999.0
2025-05-14 15:00:00,-999.0
2025-05-14 16:00:00,-999.0
2025-05-14 17:00:00,-999.0
2025-05-14 18:00:00,-999.0
2025-05-14 19:00:00,-999.0
2025-05-14 20:00:00,-999.0
2025-05-14 21:00:00,-999.0
2025-05-14 22:00:00,-999.0
2025-05-14 23:00:00,-999.0
2025-05-15 00:00:00,-999.0
2025-05-15 01:00:00,-999.0
2025-05-15 02:00:00,-999.0
2025-05-15 03:00:00,-999.0
2025-05-15 04:00:00,-999.0
2025-05-15 05:00:00,-999.0
2025-05-15 06:00:00,-999.0
2025-05-15 07:00:00,-999.0
2025-05-15 08:00:00,-999.0
2025-05-15 09:00:00,-999.0
2025-05-15 10:00:00,-999.0
2025-05-15 11:00:00,-999.0
2025-05-15 12:00:00,-999.0
2025-05-15 13:00:00,-999.0
2025-05-15 14:00:00,-999.0
2025-05-15 15:00:00,-999.0
2025-05-15 16:00:00,-999.0
2025-05-15 17:00:00,-999.0
2025-05-15 18:00:00,-999.0
2025-05-15 19:00:00,-999.0
2025-05-15 20:00:00,-999.0
2025-05-15 21:00:00,-999.0
2025-05-15 22:00:00,-999.0
2025-05-15 23:00:00,-999.0
2025-05-16 00:00:00,-999.0
2025-05-16 01:00:00,-999.0
2025-05-16 02:00:00,-999.0
2025-05-16 03:00:00,-999.0
2025-05-16 04:00:00,-999.0
2025-05-16 05:00:00,-999.0
2025-05-16 06:00:00,-999.0
2025-05-16 07:00:00,-999.0
2025-05-16 08:00:00,-999.0
2025-05-16 09:00:00,-999.0
2025-05-16 10:00:00,-999.0
2025-05-16 11:00:00,-999.0
2025-05-16 12:00:00,-999.0
2025-05-16 13:00:00,-999.0
2025-05-16 14:00:00,-999.0
2025-05-16 15:00:00,-999.0
2025-05-16 16:00:00,-999.0
2025-05-16 17:00:00,-999.0
2025-05-16 18:00:00,-999.0
2025-05-16 19:00:00,-999.0
2025-05-16 20:00:00,-999.0
2025-05-16 21:00:00,-999.0
2025-05-16 22:00:00,-999.0
2025-05-16 23:00:00,-999.0
2025-05-17 00:00:00,-999.0
2025-05-17 01:00:00,-999.0
2025-05-17 02:00:00,-999.0
2025-05-17 03:00:00,-999.0
2025-05-17 04:00:00,-999.0
2025-05-17 05:00:00,-999.0
2025-05-17 06:00:00,-999.0
2025-05-17 07:00:00,-999.0
2025-05-17 08:00:00,-999.0
2025-05-17 09:00:00,-999.0
2025-05-17 10:00:00,-999.0
2025-05-17 11:00:00,-999.0
2025-05-17 12:00:00,-999.0
2025-05-17 13:00:00,-999.0
2025-05-17 14:00:00,-999.0
2025-05-17 15:00:00,-999.0
2025-05-17 16:00:00,-999.0
2025-05-17 17:00:00,-999.0
2025-05-17 18:00:00,-999.0
2025-05-17 19:00:00,-999.0
2025-05-17 20:00:00,-999.0
2025-05-17 21:00:00,-999.0
2025-05-17 22:00:00,-999.0
2025-05-17 23:00:00,-999.0
2025-05-18 00:00:00,-999.0
2025-05-18 01:00:00,-999.0
2025-05-18 02:00:00,-999.0
2025-05-18 03:00:00,-999.0
2025-05-18 04:00:00,-999.0
2025-05-18 05:00:00,-999.0
2025-05-18 06:00:00,-999.0
2025-05-18 07:00:00,-999.0
2025-05-18 08:00:00,-999.0
2025-05-18 09:00:00,-999.0
2025-05-18 10:00:00,-999.0
2025-05-18 11:00:00,-999.0
2025-05-18 12:00:00,-999.0
2025-05-18 13:00:00,-999.0
2025-05-18 14:00:00,-999.0
2025-05-18 15:00:00,-999.0
2025-05-18 16:00:00,-999.0
2025-05-18 17:00:00,-999.0
2025-05-18 18:00:00,-999.0
2025-05-18 19:00:00,-999.0
2025-05-18 20:00:00,-999.0
2025-05-18 21:00:00,-999.0
2025-05-18 22:00:00,-999.0
2025-05-18 23:00:00,-999.0
2025-05-19 00:00:00,-999.0
2025-05-19 01:00:00,-999.0
2025-05-19 02:00:00,-999.0
2025-05-19 03:00:00,-999.0
2025-05-19 04:00:00,-999.0
2025-05-19 05:00:00,-999.0
2025-05-19 06:00:00,-999.0
2025-05-19 07:00:00,-999.0
2025-05-19 08:00:00,-999.0
2025-05-19 09:00:00,-999.0
2025-05-19 10:00:00,-999.0
2025-05-19 11:00:00,-999.0
2025-05-19 12:00:00,-999.0
2025-05-19 13:00:00,-999.0
2025-05-19 14:00:00,-999.0
2025-05-19 15:00:00,-999.0
2025-05-19 16:00:00,-999.0
2025-05-19 17:00:00,-999.0
2025-05-19 18:00:00,-999.0
2025-05-19 19:00:00,-999.0
2025-05-19 20:00:00,-999.0
2025-05-19 21:00:00,-999.0
2025-05-19 22:00:00,-999.0
2025-05-19 23:00:00,-999.0
2025-05-20 00:00:00,-999.0
2025-05-20 01:00:00,-999.0
2025-05-20 02:00:00,-999.0
2025-05-20 03:00:00,-999.0
2025-05-20 04:00:00,-999.0
2025-05-20 05:00:00,-999.0
2025-05-20 06:00:00,-999.0
2025-05-20 07:00:00,-999.0
2025-05-20 08:00:00,-999.0
2025-05-20 09:00:00,-999.0
2025-05-20 10:00:00,-999.0
2025-05-20 11:00:00,-999.0
2025-05-20 12:00:00,-999.0
2025-05-20 13:00:00,-999.0
2025-05-20 14:00:00,-999.0
2025-05-20 15:00:00,-999.0
2025-05-20 16:00:00,-999.0
2025-05-20 17:00:00,-999.0
2025-05-20 18:00:00,-999.0
2025-05-20 19:00:00,-999.0
2025-05-20 20:00:00,-999.0
2025-05-20 21:00:00,-999.0
2025-05-20 22:00:00,-999.0
2025-05-20 23:00:00,-999.0
2025-05-21 00:00:00,-999.0
2025-05-21 01:00:00,-999.0
2025-05-21 02:00:00,-999.0
2025-05-21 03:00:00,-999.0
2025-05-21 04:00:00,-999.0
2025-05-21 05:00:00,-999.0
2025-05-21 06:00:00,-999.0
2025-05-21 07:00:00,-999.0
2025-05-21 08:00:00,-999.0
2025-05-21 09:00:00,-999.0
2025-05-21 10:00:00,-999.0
2025-05-21 11:00:00,-999.0
2025-05-21 12:00:00,-999.0
2025-05-21 13:00:00,-999.0
2025-05-21 14:00:00,-999.0
2025-05-21 15:00:00,-999.0
2025-05-21 16:00:00,-999.0
2025-05-21 17:00:00,-999.0
2025-05-21 18:00:00,-999.0
2025-05-21 19:00:00,-999.0
2025-05-21 20:00:00,-999.0
2025-05-21 21:00:00,-999.0
2025-05-21 22:00:00,-999.0
2025-05-21 23:00:00,-999.0
2025-05-22 00:00:00,-999.0
2025-05-22 01:00:00,-999.0
2025-05-22 02:00:00,-999.0
2025-05-22 03:00:00,-999.0
2025-05-22 04:00:00,-999.0
2025-05-22 05:00:00,-999.0
2025-05-22 06:00:00,-999.0
2025-05-22 07:00:00,-999.0
2025-05-22 08:00:00,-999.0
2025-05-22 09:00:00,-999.0
2025-05-22 10:00:00,-999.0
2025-05-22 11:00:00,-999.0
2025-05-22 12:00:00,-999.0
2025-05-22 13:00:00,-999.0
2025-05-22 14:00:00,-999.0
2025-05-22 15:00:00,-999.0
2025-05-22 16:00:00,-999.0
2025-05-22 17:00:00,-999.0
2025-05-22 18:00:00,-999.0
2025-05-22 19:00:00,-999.0
2025-05-22 20:00:00,-999.0
2025-05-22 21:00:00,-999.0
2025-05-22 22:00:00,-999.0
2025-05-22 23:00:00,-999.0
2025-05-23 00:00:00,-999.0
2025-05-23 01:00:00,-999.0
2025-05-23 02:00:00,-999.0
2025-05-23 03:00:00,-999.0
2025-05-23 04:00:00,-999.0
2025-05-23 05:00:00,-999.0
2025-05-23 06:00:00,-999.0
2025-05-23 07:00:00,-999.0
2025-05-23 08:00:00,-999.0
2025-05-23 09:00:00,-999.0
2025-05-23 10:00:00,-999.0
2025-05-23 11:00:00,-999.0
2025-05-23 12:00:00,-999.0
2025-05-23 13:00:00,-999.0
2025-05-23 14:00:00,-999.0
2025-05-23 15:00:00,-999.0
2025-05-23 16:00:00,-999.0
2025-05-23 17:00:00,-999.0
2025-05-23 18:00:00,-999.0
2025-05-23 19:00:00,-999.0
2025-05-23 20:00:00,-999.0
2025-05-23 21:00:00,-999.0
2025-05-23 22:00:00,-999.0
2025-05-23 23:00:00,-999.0
2025-05-24 00:00:00,-999.0
2025-05-24 01:00:00,-999.0
2025-05-24 02:00:00,-999.0
2025-05-24 03:00:00,-999.0
2025-05-24 04:00:00,-999.0
2025-05-24 05:00:00,-999.0
2025-05-24 06:00:00,-999.0
2025-05-24 07:00:00,-999.0
2025-05-24 08:00:00,-999.0
2025-05-24 09:00:00,-999.0
2025-05-24 10:00:00,-999.0
2025-05-24 11:00:00,-999.0
2025-05-24 12:00:00,-999.0
2025-05-24 13:00:00,-999.0
2025-05-24 14:00:00,-999.0
2025-05-24 15:00:00,-999.0
2025-05-24 16:00:00,-999.0
2025-05-24 17:00:00,-999.0
2025-05-24 18:00:00,-999.0
2025-05-24 19:00:00,-999.0
2025-05-24 20:00:00,-999.0
2025-05-24 21:00:00,-999.0
2025-05-24 22:00:00,-999.0
2025-05-24 23:00:00,-999.0
2025-05-25 00:00:00,-999.0
2025-05-25 01:00:00,-999.0
2025-05-25 02:00:00,-999.0
2025-05-25 03:00:00,-999.0
2025-05-25 04:00:00,-999.0
2025-05-25 05:00:00,-999.0
2025-05-25 06:00:00,-999.0
2025-05-25 07:00:00,-999.0
2025-05-25 08:00:00,-999.0
2025-05-25 09:00:00,-999.0
2025-05-25 10:00:00,-999.0
2025-05-25 11:00:00,-999.0
2025-05-25 12:00:00,-999.0
2025-05-25 13:00:00,-999.0
2025-05-25 14:00:00,-999.0
2025-05-25 15:00:00,-999.0
2025-05-25 16:00:00,-999.0
2025-05-25 17:00:00,-999.0
2025-05-25 18:00:00,-999.0
2025-05-25 19:00:00,-999.0
2025-05-25 20:00:00,-999.0
2025-05-25 21:00:00,-999.0
2025-05-25 22:00:00,-999.0
2025-05-25 23:00:00,-999.0
2025-05-26 00:00:00,-999.0
2025-05-26 01:00:00,-999.0
2025-05-26 02:00:00,-999.0
2025-05-26 03:00:00,-999.0
2025-05-26 04:00:00,-999.0
2025-05-26 05:00:00,-999.0
2025-05-26 06:00:00,-999.0
2025-05-26 07:00:00,-999.0
2025-05-26 08:00:00,-999.0
2025-05-26 09:00:00,-999.0
2025-05-26 10:00:00,-999.0
2025-05-26 11:00:00,-999.0
2025-05-26 12:00:00,-999.0
2025-05-26 13:00:00,-999.0
2025-05-26 14:00:00,-999.0
2025-05-26 15:00:00,-999.0
2025-05-26 16:00:00,-999.0
2025-05-26 17:00:00,-999.0
2025-05-26 18:00:00,-999.0
2025-05-26 19:00:00,-999.0
2025-05-26 20:00:00,-999.0
2025-05-26 21:00:00,-999.0
2025-05-26 22:00:00,-999.0
2025-05-26 23:00:00,-999.0
2025-05-27 00:00:00,-999.0
2025-05-27 01:00:00,-999.0
2025-05-27 02:00:00,-999.0
2025-05-27 03:00:00,-999.0
2025-05-27 04:00:00,-999.0
2025-05-27 05:00:00,-999.0
2025-05-27 06:00:00,-999.0
2025-05-27 07:00:00,-999.0
2025-05-27 08:00:00,-999.0
2025-05-27 09:00:00,-999.0
2025-05-27 10:00:00,-999.0
2025-05-27 11:00:00,-999.0
2025-05-27 12:00:00,-999.0
2025-05-27 13:00:00,-999.0
2025-05-27 14:00:00,-999.0
2025-05-27 15:00:00,-999.0
2025-05-27 16:00:00,-999.0
2025-05-27 17:00:00,-999.0
2025-05-27 18:00:00,-999.0
2025-05-27 19:00:00,-999.0
2025-05-27 20:00:00,-999.0
2025-05-27 21:00:00,-999.0
2025-05-27 22:00:00,-999.0
2025-05-27 23:00:00,-999.0
2025-05-28 00:00:00,-999.0
2025-05-28 01:00:00,-999.0
2025-05-28 02:00:00,-999.0
2025-05-28 03:00:00,-999.0
2025-05-28 04:00:00,-999.0
2025-05-28 05:00:00,-999.0
2025-05-28 06:00:00,-999.0
2025-05-28 07:00:00,-999.0
2025-05-28 08:00:00,-999.0
2025-05-28 09:00:00,-999.0
2025-05-28 10:00:00,-999.0
2025-05-28 11:00:00,-999.0
2025-05-28 12:00:00,-999.0
2025-05-28 13:00:00,-999.0
2025-05-28 14:00:00,-999.0
2025-05-28 15:00:00,-999.0
2025-05-28 16:00:00,-999.0
2025-05-28 17:00:00,-999.0
2025-05-28 18:00:00,-999.0
2025-05-28 19:00:00,-999.0
2025-05-28 20:00:00,-999.0
2025-05-28 21:00:00,-999.0
2025-05-28 22:00:00,-999.0
2025-05-28 23:00:00,-999.0
2025-05-29 00:00:00,-999.0
2025-05-29 01:00:00,-999.0
2025-05-29 02:00:00,-999.0
2025-05-29 03:00:00,-999.0
2025-05-29 04:00:00,-999.0
2025-05-29 05:00:00,-999.0
2025-05-29 06:00:00,-999.0
2025-05-29 07:00:00,-999.0
2025-05-29 08:00:00,-999.0
2025-05-29 09:00:00,-999.0
2025-05-29 10:00:00,-999.0
2025-05-29 11:00:00,-999.0
2025-05-29 12:00:00,-999.0
2025-05-29 13:00:00,-999.0
2025-05-29 14:00:00,-999.0
2025-05-29 15:00:00,-999.0
2025-05-29 16:00:00,-999.0
2025-05-29 17:00:00,-999.0
2025-05-29 18:00:00,-999.0
2025-05-29 19:00:00,-999.0
2025-05-29 20:00:00,-999.0
2025-05-29 21:00:00,-999.0
2025-05-29 22:00:00,-999.0
2025-05-29 23:00:00,-999.0
2025-05-30 00:00:00,-999.0
2025-05-30 01:00:00,-999.0
2025-05-30 02:00:00,-999.0
2025-05-30 03:00:00,-999.0
2025-05-30 04:00:00,-999.0
2025-05-30 05:00:00,-999.0
2025-05-30 06:00:00,-999.0
2025-05-30 07:00:00,-999.0
2025-05-30 08:00:00,-999.0
2025-05-30 09:00:00,-999.0
2025-05-30 10:00:00,-999.0
2025-05-30 11:00:00,-999.0
2025-05-30 12:00:00,-999.0
2025-05-30 13:00:00,-999.0
2025-05-30 14:00:00,-999.0
2025-05-30 15:00:00,-999.0
2025-05-30 16:00:00,-999.0
2025-05-30 17:00:00,-999.0
2025-05-30 18:00:00,-999.0
2025-05-30 19:00:00,-999.0
2025-05-30 20:00:00,-999.0
2025-05-30 21:00:00,-999.0
2025-05-30 22:00:00,-999.0
2025-05-30 23:00:00,-999.0
2025-05-31 00:00:00,-999.0
2025-05-31 01:00:00,-999.0
2025-05-31 02:00:00,-999.0
2025-05-31 03:00:00,-999.0
2025-05-31 04:00:00,-999.0
2025-05-31 05:00:00,-999.0
2025-05-31 06:00:00,-999.0
2025-05-31 07:00:00,-999.0
2025-05-31 08:00:00,-999.0
2025-05-31 09:00:00,-999.0
2025-05-31 10:00:00,-999.0
2025-05-31 11:00:00,-999.0
2025-05-31 12:00:00,-999.0
2025-05-31 13:00:00,-999.0
2025-05-31 14:00:00,-999.0
2025-05-31 15:00:00,-999.0
2025-05-31 16:00:00,-999.0
2025-05-31 17:00:00,-999.0
2025-05-31 18:00:00,-999.0
2025-05-31 19:00:00,-999.0
2025-05-31 20:00:00,-999.0
2025-05-31 21:00:00,-999.0
2025-05-31 22:00:00,-999.0
2025-05-31 23:00:00,-999.0
2025-06-01 00:00:00,-999.0
2025-06-01 01:00:00,-999.0
2025-06-01 02:00:00,-999.0
2025-06-01 03:00:00,-999.0
2025-06-01 04:00:00,-999.0
2025-06-01 05:00:00,-999.0
2025-06-01 06:00:00,-999.0
2025-06-01 07:00:00,-999.0
2025-06-01 08:00:00,-999.0
2025-06-01 09:00:00,-999.0
2025-06-01 10:00:00,-999.0
2025-06-01 11:00:00,-999.0
2025-06-01 12:00:00,-999.0
2025-06-01 13:00:00,-999.0
2025-06-01 14:00:00,-999.0
2025-06-01 15:00:00,-999.0
2025-06-01 16:00:00,-999.0
2025-06-01 17:00:00,-999.0
2025-06-01 18:00:00,-999.0
2025-06-01 19:00:00,-999.0
2025-06-01 20:00:00,-999.0
2025-06-01 21:00:00,-999.0
2025-06-01 22:00:00,-999.0
2025-06-01 23:00:00,-999.0
2025-06-02 00:00:00,-999.0
2025-06-02 01:00:00,-999.0
2025-06-02 02:00:00,-999.0
2025-06-02 03:00:00,-999.0
2025-06-02 04:00:00,-999.0
2025-06-02 05:00:00,-999.0
2025-06-02 06:00:00,-999.0
2025-06-02 07:00:00,-999.0
2025-06-02 08:00:00,-999.0
2025-06-02 09:00:00,-999.0
2025-06-02 10:00:00,-999.0
2025-06-02 11:00:00,-999.0
2025-06-02 12:00:00,-999.0
2025-06-02 13:00:00,-999.0
2025-06-02 14:00:00,-999.0
2025-06-02 15:00:00,-999.0
2025-06-02 16:00:00,-999.0
2025-06-02 17:00:00,-999.0
2025-06-02 18:00:00,-999.0
2025-06-02 19:00:00,-999.0
2025-06-02 20:00:00,-999.0
2025-06-02 21:00:00,-999.0
2025-06-02 22:00:00,-999.0
2025-06-02 23:00:00,-999.0
2025-06-03 00:00:00,-999.0
2025-06-03 01:00:00,-999.0
2025-06-03 02:00:00,-999.0
2025-06-03 03:00:00,-999.0
2025-06-03 04:00:00,-999.0
2025-06-03 05:00:00,-999.0
2025-06-03 06:00:00,-999.0
2025-06-03 07:00:00,-999.0
2025-06-03 08:00:00,-999.0
2025-06-03 09:00:00,-999.0
2025-06-03 10:00:00,-999.0
2025-06-03 11:00:00,-999.0
2025-06-03 12:00:00,-999.0
2025-06-03 13:00:00,-999.0
2025-06-03 14:00:00,-999.0
2025-06-03 15:00:00,-999.0
2025-06-03 16:00:00,-999.0
2025-06-03 17:00:00,-999.0
2025-06-03 18:00:00,-999.0
2025-06-03 19:00:00,-999.0
2025-06-03 20:00:00,-999.0
2025-06-03 21:00:00,-999.0
2025-06-03 22:00:00,-999.0
2025-06-03 23:00:00,-999.0
2025-06-04 00:00:00,-999.0
2025-06-04 01:00:00,-999.0
2025-06-04 02:00:00,-999.0
2025-06-04 03:00:00,-999.0
2025-06-04 04:00:00,-999.0
2025-06-04 05:00:00,-999.0
2025-06-04 06:00:00,-999.0
2025-06-04 07:00:00,-999.0
2025-06-04 08:00:00,-999.0
2025-06-04 09:00:00,-999.0
2025-06-04 10:00:00,-999.0
2025-06-04 11:00:00,-999.0
2025-06-04 12:00:00,-999.0
2025-06-04 13:00:00,-999.0
2025-06-04 14:00:00,-999.0
2025-06-04 15:00:00,-999.0
2025-06-04 16:00:00,-999.0
2025-06-04 17:00:00,-999.0
2025-06-04 18:00:00,-999.0
2025-06-04 19:00:00,-999.0
2025-06-04 20:00:00,-999.0
2025-06-04 21:00:00,-999.0
2025-06-04 22:00:00,-999.0
2025-06-04 23:00:00,-999.0
2025-06-05 00:00:00,-999.0
2025-06-05 01:00:00,-999.0
2025-06-05 02:00:00,-999.0
2025-06-05 03:00:00,-999.0
2025-06-05 04:00:00,-999.0
2025-06-05 05:00:00,-999.0
2025-06-05 06:00:00,-999.0
2025-06-05 07:00:00,-999.0
2025-06-05 08:00:00,-999.0
2025-06-05 09:00:00,-999.0
2025-06-05 10:00:00,-999.0
2025-06-05 11:00:00,-999.0
2025-06-05 12:00:00,-999.0
2025-06-05 13:00:00,-999.0
2025-06-05 14:00:00,-999.0
2025-06-05 15:00:00,-999.0
2025-06-05 16:00:00,-999.0
2025-06-05 17:00:00,-999.0
2025-06-05 18:00:00,-999.0
2025-06-05 19:00:00,-999.0
2025-06-05 20:00:00,-999.0
2025-06-05 21:00:00,-999.0
2025-06-05 22:00:00,-999.0
2025-06-05 23:00:00,-999.0
2025-06-06 00:00:00,-999.0
2025-06-06 01:00:00,-999.0
2025-06-06 02:00:00,-999.0
2025-06-06 03:00:00,-999.0
2025-06-06 04:00:00,-999.0
2025-06-06 05:00:00,-999.0
2025-06-06 06:00:00,-999.0
2025-06-06 07:00:00,-999.0
2025-06-06 08:00:00,-999.0
2025-06-06 09:00:00,-999.0
2025-06-06 10:00:00,-999.0
2025-06-06 11:00:00,-999.0
2025-06-06 12:00:00,-999.0
2025-06-06 13:00:00,-999.0
2025-06-06 14:00:00,-999.0
2025-06-06 15:00:00,-999.0
2025-06-06 16:00:00,-999.0
2025-06-06 17:00:00,-999.0
2025-06-06 18:00:00,-999.0
2025-06-06 19:00:00,-999.0
2025-06-06 20:00:00,-999.0
2025-06-06 21:00:00,-999.0
2025-06-06 22:00:00,-999.0
2025-06-06 23:00:00,-999.0
2025-06-07 00:00:00,-999.0
2025-06-07 01:00:00,-999.0
2025-06-07 02:00:00,-999.0
2025-06-07 03:00:00,-999.0
2025-06-07 04:00:00,-999.0
2025-06-07 05:00:00,-999.0
2025-06-07 06:00:00,-999.0
2025-06-07 07:00:00,-999.0
2025-06-07 08:00:00,-999.0
2025-06-07 09:00:00,-999.0
2025-06-07 10:00:00,-999.0
2025-06-07 11:00:00,-999.0
2025-06-07 12:00:00,-999.0
2025-06-07 13:00:00,-999.0
2025-06-07 14:00:00,-999.0
2025-06-07 15:00:00,-999.0
2025-06-07 16:00:00,-999.0
2025-06-07 17:00:00,-999.0
2025-06-07 18:00:00,-999.0
2025-06-07 19:00:00,-999.0
2025-06-07 20:00:00,-999.0
2025-06-07 21:00:00,-999.0
2025-06-07 22:00:00,-999.0
2025-06-07 23:00:00,-999.0
2025-06-08 00:00:00,-999.0
2025-06-08 01:00:00,-999.0
2025-06-08 02:00:00,-999.0
2025-06-08 03:00:00,-999.0
2025-06-08 04:00:00,-999.0
2025-06-08 05:00:00,-999.0
2025-06-08 06:00:00,-999.0
2025-06-08 07:00:00,-999.0
2025-06-08 08:00:00,-999.0
2025-06-08 09:00:00,-999.0
2025-06-08 10:00:00,-999.0
2025-06-08 11:00:00,-999.0
2025-06-08 12:00:00,-999.0
2025-06-08 13:00:00,-999.0
2025-06-08 14:00:00,-999.0
2025-06-08 15:00:00,-999.0
2025-06-08 16:00:00,-999.0
2025-06-08 17:00:00,-999.0
2025-06-08 18:00:00,-999.0
2025-06-08 19:00:00,-999.0
2025-06-08 20:00:00,-999.0
2025-06-08 21:00:00,-999.0
2025-06-08 22:00:00,-999.0
2025-06-08 23:00:00,-999.0
2025-06-09 00:00:00,-999.0
2025-06-09 01:00:00,-999.0
2025-06-09 02:00:00,-999.0
2025-06-09 03:00:00,-999.0
2025-06-09 04:00:00,-999.0
2025-06-09 05:00:00,-999.0
2025-06-09 06:00:00,-999.0
2025-06-09 07:00:00,-999.0
2025-06-09 08:00:00,-999.0
2025-06-09 09:00:00,-999.0
2025-06-09 10:00:00,-999.0
2025-06-09 11:00:00,-999.0
2025-06-09 12:00:00,-999.0
2025-06-09 13:00:00,-999.0
2025-06-09 14:00:00,-999.0
2025-06-09 15:00:00,-999.0
2025-06-09 16:00:00,-999.0
2025-06-09 17:00:00,-999.0
2025-06-09 18:00:00,-999.0
2025-06-09 19:00:00,-999.0
2025-06-09 20:00:00,-999.0
2025-06-09 21:00:00,-999.0
2025-06-09 22:00:00,-999.0
2025-06-09 23:00:00,-999.0
2025-06-10 00:00:00,-999.0
2025-06-10 01:00:00,-999.0
2025-06-10 02:00:00,-999.0
2025-06-10 03:00:00,-999.0
2025-06-10 04:00:00,-999.0
2025-06-10 05:00:00,-999.0
2025-06-10 06:00:00,-999.0
2025-06-10 07:00:00,-999.0
2025-06-10 08:00:00,-999.0
2025-06-10 09:00:00,-999.0
2025-06-10 10:00:00,-999.0
2025-06-10 11:00:00,-999.0
2025-06-10 12:00:00,-999.0
2025-06-10 13:00:00,-999.0
2025-06-10 14:00:00,-999.0
2025-06-10 15:00:00,-999.0
2025-06-10 16:00:00,-999.0
2025-06-10 17:00:00,-999.0
2025-06-10 18:00:00,-999.0
2025-06-10 19:00:00,-999.0
2025-06-10 20:00:00,-999.0
2025-06-10 21:00:00,-999.0
2025-06-10 22:00:00,-999.0
2025-06-10 23:00:00,-999.0
2025-06-11 00:00:00,-999.0
2025-06-11 01:00:00,-999.0
2025-06-11 02:00:00,-999.0
2025-06-11 03:00:00,-999.0
2025-06-11 04:00:00,-999.0
2025-06-11 05:00:00,-999.0
2025-06-11 06:00:00,-999.0
2025-06-11 07:00:00,-999.0
2025-06-11 08:00:00,-999.0
2025-06-11 09:00:00,-999.0
2025-06-11 10:00:00,-999.0
2025-06-11 11:00:00,-999.0
2025-06-11 12:00:00,-999.0
2025-06-11 13:00:00,-999.0
2025-06-11 14:00:00,-999.0
2025-06-11 15:00:00,-999.0
2025-06-11 16:00:00,-999.0
2025-06-11 17:00:00,-999.0
2025-06-11 18:00:00,-999.0
2025-06-11 19:00:00,-999.0
2025-06-11 20:00:00,-999.0
2025-06-11 21:00:00,-999.0
2025-06-11 22:00:00,-999.0
2025-06-11 23:00:00,-999.0
2025-06-12 00:00:00,-999.0
2025-06-12 01:00:00,-999.0
2025-06-12 02:00:00,-999.0
2025-06-12 03:00:00,-999.0
2025-06-12 04:00:00,-999.0
2025-06-12 05:00:00,-999.0
2025-06-12 06:00:00,-999.0
2025-06-12 07:00:00,-999.0
2025-06-12 08:00:00,-999.0
2025-06-12 09:00:00,-999.0
2025-06-12 10:00:00,-999.0
2025-06-12 11:00:00,-999.0
2025-06-12 12:00:00,-999.0
2025-06-12 13:00:00,-999.0
2025-06-12 14:00:00,-999.0
2025-06-12 15:00:00,-999.0
2025-06-12 16:00:00,-999.0
2025-06-12 17:00:00,-999.0
2025-06-12 18:00:00,-999.0
2025-06-12 19:00:00,-999.0
2025-06-12 20:00:00,-999.0
2025-06-12 21:00:00,-999.0
2025-06-12 22:00:00,-999.0
2025-06-12 23:00:00,-999.0
2025-06-13 00:00:00,-999.0
2025-06-13 01:00:00,-999.0
2025-06-13 02:00:00,-999.0
2025-06-13 03:00:00,-999.0
2025-06-13 04:00:00,-999.0
2025-06-13 05:00:00,-999.0
2025-06-13 06:00:00,-999.0
2025-06-13 07:00:00,-999.0
2025-06-13 08:00:00,-999.0
2025-06-13 09:00:00,-999.0
2025-06-13 10:00:00,-999.0
2025-06-13 11:00:00,-999.0
2025-06-13 12:00:00,-999.0
2025-06-13 13:00:00,-999.0
2025-06-13 14:00:00,-999.0
2025-06-13 15:00:00,-999.0
2025-06-13 16:00:00,-999.0
2025-06-13 17:00:00,-999.0
2025-06-13 18:00:00,-999.0
2025-06-13 19:00:00,-999.0
2025-06-13 20:00:00,-999.0
2025-06-13 21:00:00,-999.0
2025-06-13 22:00:00,-999.0
2025-06-13 23:00:00,-999.0
2025-06-14 00:00:00,-999.0
2025-06-14 01:00:00,-999.0
2025-06-14 02:00:00,-999.0
2025-06-14 03:00:00,-999.0
2025-06-14 04:00:00,-999.0
2025-06-14 05:00:00,-999.0
2025-06-14 06:00:00,-999.0
2025-06-14 07:00:00,-999.0
2025-06-14 08:00:00,-999.0
2025-06-14 09:00:00,-999.0
2025-06-14 10:00:00,-999.0
2025-06-14 11:00:00,-999.0
2025-06-14 12:00:00,-999.0
2025-06-14 13:00:00,-999.0
2025-06-14 14:00:00,-999.0
2025-06-14 15:00:00,-999.0
2025-06-14 16:00:00,-999.0
2025-06-14 17:00:00,-999.0
2025-06-14 18:00:00,-999.0
2025-06-14 19:00:00,-999.0
2025-06-14 20:00:00,-999.0
2025-06-14 21:00:00,-999.0
2025-06-14 22:00:00,-999.0
2025-06-14 23:00:00,-999.0
2025-06-15 00:00:00,-999.0
2025-06-15 01:00:00,-999.0
2025-06-15 02:00:00,-999.0
2025-06-15 03:00:00,-999.0
2025-06-15 04:00:00,-999.0
2025-06-15 05:00:00,-999.0
2025-06-15 06:00:00,-999.0
2025-06-15 07:00:00,-999.0
2025-06-15 08:00:00,-999.0
2025-06-15 09:00:00,-999.0
2025-06-15 10:00:00,-999.0
2025-06-15 11:00:00,-999.0
2025-06-15 12:00:00,-999.0
2025-06-15 13:00:00,-999.0
2025-06-15 14:00:00,-999.0
2025-06-15 15:00:00,-999.0
2025-06-15 16:00:00,-999.0
2025-06-15 17:00:00,-999.0
2025-06-15 18:00:00,-999.0
2025-06-15 19:00:00,-999.0
2025-06-15 20:00:00,-999.0
2025-06-15 21:00:00,-999.0
2025-06-15 22:00:00,-999.0
2025-06-15 23:00:00,-999.0
2025-06-16 00:00:00,-999.0
2025-06-16 01:00:00,-999.0
2025-06-16 02:00:00,-999.0
2025-06-16 03:00:00,-999.0
2025-06-16 04:00:00,-999.0
2025-06-16 05:00:00,-999.0
2025-06-16 06:00:00,-999.0
2025-06-16 07:00:00,-999.0
2025-06-16 08:00:00,-999.0
2025-06-16 09:00:00,-999.0
2025-06-16 10:00:00,-999.0
2025-06-16 11:00:00,-999.0
2025-06-16 12:00:00,-999.0
2025-06-16 13:00:00,-999.0
2025-06-16 14:00:00,-999.0
2025-06-16 15:00:00,-999.0
2025-06-16 16:00:00,-999.0
2025-06-16 17:00:00,-999.0
2025-06-16 18:00:00,-999.0
2025-06-16 19:00:00,-999.0
2025-06-16 20:00:00,-999.0
2025-06-16 21:00:00,-999.0
2025-06-16 22:00:00,-999.0
2025-06-16 23:00:00,-999.0
2025-06-17 00:00:00,-999.0
2025-06-17 01:00:00,-999.0
2025-06-17 02:00:00,-999.0
2025-06-17 03:00:00,-999.0
2025-06-17 04:00:00,-999.0
2025-06-17 05:00:00,-999.0
2025-06-17 06:00:00,-999.0
2025-06-17 07:00:00,-999.0
2025-06-17 08:00:00,-999.0
2025-06-17 09:00:00,-999.0
2025-06-17 10:00:00,-999.0
2025-06-17 11:00:00,-999.0
2025-06-17 12:00:00,-999.0
2025-06-17 13:00:00,-999.0
2025-06-17 14:00:00,-999.0
2025-06-17 15:00:00,-999.0
2025-06-17 16:00:00,-999.0
2025-06-17 17:00:00,-999.0
2025-06-17 18:00:00,-999.0
2025-06-17 19:00:00,-999.0
2025-06-17 20:00:00,-999.0
2025-06-17 21:00:00,-999.0
2025-06-17 22:00:00,-999.0
2025-06-17 23:00:00,-999.0
2025-06-18 00:00:00,-999.0
2025-06-18 01:00:00,-999.0
2025-06-18 02:00:00,-999.0
2025-06-18 03:00:00,-999.0
2025-06-18 04:00:00,-999.0
2025-06-18 05:00:00,-999.0
2025-06-18 06:00:00,-999.0
2025-06-18 07:00:00,-999.0
2025-06-18 08:00:00,-999.0
2025-06-18 09:00:00,-999.0
2025-06-18 10:00:00,-999.0
2025-06-18 11:00:00,-999.0
2025-06-18 12:00:00,-999.0
2025-06-18 13:00:00,-999.0
2025-06-18 14:00:00,-999.0
2025-06-18 15:00:00,-999.0
2025-06-18 16:00:00,-999.0
2025-06-18 17:00:00,-999.0
2025-06-18 18:00:00,-999.0
2025-06-18 19:00:00,-999.0
2025-06-18 20:00:00,-999.0
2025-06-18 21:00:00,-999.0
2025-06-18 22:00:00,-999.0
2025-06-18 23:00:00,-999.0
2025-06-19 00:00:00,-999.0
2025-06-19 01:00:00,-999.0
2025-06-19 02:00:00,-999.0
2025-06-19 03:00:00,-999.0
2025-06-19 04:00:00,-999.0
2025-06-19 05:00:00,-999.0
2025-06-19 06:00:00,-999.0
2025-06-19 07:00:00,-999.0
2025-06-19 08:00:00,-999.0
2025-06-19 09:00:00,-999.0
2025-06-19 10:00:00,-999.0
2025-06-19 11:00:00,-999.0
2025-06-19 12:00:00,-999.0
2025-06-19 13:00:00,-999.0
2025-06-19 14:00:00,-999.0
2025-06-19 15:00:00,-999.0
2025-06-19 16:00:00,-999.0
2025-06-19 17:00:00,-999.0
2025-06-19 18:00:00,-999.0
2025-06-19 19:00:00,-999.0
2025-06-19 20:00:00,-999.0
2025-06-19 21:00:00,-999.0
2025-06-19 22:00:00,-999.0
2025-06-19 23:00:00,-999.0
2025-06-20 00:00:00,-999.0
2025-06-20 01:00:00,-999.0
2025-06-20 02:00:00,-999.0
2025-06-20 03:00:00,-999.0
2025-06-20 04:00:00,-999.0
2025-06-20 05:00:00,-999.0
2025-06-20 06:00:00,-999.0
2025-06-20 07:00:00,-999.0
2025-06-20 08:00:00,-999.0
2025-06-20 09:00:00,-999.0
2025-06-20 10:00:00,-999.0
2025-06-20 11:00:00,-999.0
2025-06-20 12:00:00,-999.0
2025-06-20 13:00:00,-999.0
2025-06-20 14:00:00,-999.0
2025-06-20 15:00:00,-999.0
2025-06-20 16:00:00,-999.0
2025-06-20 17:00:00,-999.0
2025-06-20 18:00:00,-999.0
2025-06-20 19:00:00,-999.0
2025-06-20 20:00:00,-999.0
2025-06-20 21:00:00,-999.0
2025-06-20 22:00:00,-999.0
2025-06-20 23:00:00,-999.0
2025-06-21 00:00:00,-999.0
2025-06-21 01:00:00,-999.0
2025-06-21 02:00:00,-999.0
2025-06-21 03:00:00,-999.0
2025-06-21 04:00:00,-999.0
2025-06-21 05:00:00,-999.0
2025-06-21 06:00:00,-999.0
2025-06-21 07:00:00,-999.0
2025-06-21 08:00:00,-999.0
2025-06-21 09:00:00,-999.0
2025-06-21 10:00:00,-999.0
2025-06-21 11:00:00,-999.0
2025-06-21 12:00:00,-999.0
2025-06-21 13:00:00,-999.0
2025-06-21 14:00:00,-999.0
2025-06-21 15:00:00,-999.0
2025-06-21 16:00:00,-999.0
2025-06-21 17:00:00,-999.0
2025-06-21 18:00:00,-999.0
2025-06-21 19:00:00,-999.0
2025-06-21 20:00:00,-999.0
2025-06-21 21:00:00,-999.0
2025-06-21 22:00:00,-999.0
2025-06-21 23:00:00,-999.0
2025-06-22 00:00:00,-999.0
2025-06-22 01:00:00,-999.0
2025-06-22 02:00:00,-999.0
2025-06-22 03:00:00,-999.0
2025-06-22 04:00:00,-999.0
2025-06-22 05:00:00,-999.0
2025-06-22 06:00:00,-999.0
2025-06-22 07:00:00,-999.0
2025-06-22 08:00:00,-999.0
2025-06-22 09:00:00,-999.0
2025-06-22 10:00:00,-999.0
2025-06-22 11:00:00,-999.0
2025-06-22 12:00:00,-999.0
2025-06-22 13:00:00,-999.0
2025-06-22 14:00:00,-999.0
2025-06-22 15:00:00,-999.0
2025-06-22 16:00:00,-999.0
2025-06-22 17:00:00,-999.0
2025-06-22 18:00:00,-999.0
2025-06-22 19:00:00,-999.0
2025-06-22 20:00:00,-999.0
2025-06-22 21:00:00,-999.0
2025-06-22 22:00:00,-999.0
2025-06-22 23:00:00,-999.0
2025-06-23 00:00:00,-999.0
2025-06-23 01:00:00,-999.0
2025-06-23 02:00:00,-999.0
2025-06-23 03:00:00,-999.0
2025-06-23 04:00:00,-999.0
2025-06-23 05:00:00,-999.0
2025-06-23 06:00:00,-999.0
2025-06-23 07:00:00,-999.0
2025-06-23 08:00:00,-999.0
2025-06-23 09:00:00,-999.0
2025-06-23 10:00:00,-999.0
2025-06-23 11:00:00,-999.0
2025-06-23 12:00:00,-999.0
2025-06-23 13:00:00,-999.0
2025-06-23 14:00:00,-999.0
2025-06-23 15:00:00,-999.0
2025-06-23 16:00:00,-999.0
2025-06-23 17:00:00,-999.0
2025-06-23 18:00:00,-999.0
2025-06-23 19:00:00,-999.0
2025-06-23 20:00:00,-999.0
2025-06-23 21:00:00,-999.0
2025-06-23 22:00:00,-999.0
2025-06-23 23:00:00,-999.0
2025-06-24 00:00:00,-999.0
2025-06-24 01:00:00,-999.0
2025-06-24 02:00:00,-999.0
2025-06-24 03:00:00,-999.0
2025-06-24 04:00:00,-999.0
2025-06-24 05:00:00,-999.0
2025-06-24 06:00:00,-999.0
2025-06-24 07:00:00,-999.0
2025-06-24 08:00:00,-999.0
2025-06-24 09:00:00,-999.0
2025-06-24 10:00:00,-999.0
2025-06-24 11:00:00,-999.0
2025-06-24 12:00:00,-999.0
2025-06-24 13:00:00,-999.0
2025-06-24 14:00:00,-999.0
2025-06-24 15:00:00,-999.0
2025-06-24 16:00:00,-999.0
2025-06-24 17:00:00,-999.0
2025-06-24 18:00:00,-999.0
2025-06-24 19:00:00,-999.0
2025-06-24 20:00:00,-999.0
2025-06-24 21:00:00,-999.0
2025-06-24 22:00:00,-999.0
2025-06-24 23:00:00,-999.0
2025-06-25 00:00:00,-999.0
2025-06-25 01:00:00,-999.0
2025-06-25 02:00:00,-999.0
2025-06-25 03:00:00,-999.0
2025-06-25 04:00:00,-999.0
2025-06-25 05:00:00,-999.0
2025-06-25 06:00:00,-999.0
2025-06-25 07:00:00,-999.0
2025-06-25 08:00:00,-999.0
2025-06-25 09:00:00,-999.0
2025-06-25 10:00:00,-999.0
2025-06-25 11:00:00,-999.0
2025-06-25 12:00:00,-999.0
2025-06-25 13:00:00,-999.0
2025-06-25 14:00:00,-999.0
2025-06-25 15:00:00,-999.0
2025-06-25 16:00:00,-999.0
2025-06-25 17:00:00,-999.0
2025-06-25 18:00:00,-999.0
2025-06-25 19:00:00,-999.0
2025-06-25 20:00:00,-999.0
2025-06-25 21:00:00,-999.0
2025-06-25 22:00:00,-999.0
2025-06-25 23:00:00,-999.0
2025-06-26 00:00:00,-999.0
2025-06-26 01:00:00,-999.0
2025-06-26 02:00:00,-999.0
2025-06-26 03:00:00,-999.0
2025-06-26 04:00:00,-999.0
2025-06-26 05:00:00,-999.0
2025-06-26 06:00:00,-999.0
2025-06-26 07:00:00,-999.0
2025-06-26 08:00:00,-999.0
2025-06-26 09:00:00,-999.0
2025-06-26 10:00:00,-999.0
2025-06-26 11:00:00,-999.0
2025-06-26 12:00:00,-999.0
2025-06-26 13:00:00,-999.0
2025-06-26 14:00:00,-999.0
2025-06-26 15:00:00,-999.0
2025-06-26 16:00:00,-999.0
2025-06-26 17:00:00,-999.0
2025-06-26 18:00:00,-999.0
2025-06-26 19:00:00,-999.0
2025-06-26 20:00:00,-999.0
2025-06-26 21:00:00,-999.0
2025-06-26 22:00:00,-999.0
2025-06-26 23:00:00,-999.0
2025-06-27 00:00:00,-999.0
2025-06-27 01:00:00,-999.0
2025-06-27 02:00:00,-999.0
2025-06-27 03:00:00,-999.0
2025-06-27 04:00:00,-999.0
2025-06-27 05:00:00,-999.0
2025-06-27 06:00:00,-999.0
2025-06-27 07:00:00,-999.0
2025-06-27 08:00:00,-999.0
2025-06-27 09:00:00,-999.0
2025-06-27 10:00:00,-999.0
2025-06-27 11:00:00,-999.0
2025-06-27 12:00:00,-999.0
2025-06-27 13:00:00,-999.0
2025-06-27 14:00:00,-999.0
2025-06-27 15:00:00,-999.0
2025-06-27 16:00:00,-999.0
2025-06-27 17:00:00,-999.0
2025-06-27 18:00:00,-999.0
2025-06-27 19:00:00,-999.0
2025-06-27 20:00:00,-999.0
2025-06-27 21:00:00,-999.0
2025-06-27 22:00:00,-999.0
2025-06-27 23:00:00,-999.0
2025-06-28 00:00:00,-999.0
2025-06-28 01:00:00,-999.0
2025-06-28 02:00:00,-999.0
2025-06-28 03:00:00,-999.0
2025-06-28 04:00:00,-999.0
2025-06-28 05:00:00,-999.0
2025-06-28 06:00:00,-999.0
2025-06-28 07:00:00,-999.0
2025-06-28 08:00:00,-999.0
2025-06-28 09:00:00,-999.0
2025-06-28 10:00:00,-999.0
2025-06-28 11:00:00,-999.0
2025-06-28 12:00:00,-999.0
2025-06-28 13:00:00,-999.0
2025-06-28 14:00:00,-999.0
2025-06-28 15:00:00,-999.0
2025-06-28 16:00:00,-999.0
2025-06-28 17:00:00,-999.0
2025-06-28 18:00:00,-999.0
2025-06-28 19:00:00,-999.0
2025-06-28 20:00:00,-999.0
2025-06-28 21:00:00,-999.0
2025-06-28 22:00:00,-999.0
2025-06-28 23:00:00,-999.0
2025-06-29 00:00:00,-999.0
2025-06-29 01:00:00,-999.0
2025-06-29 02:00:00,-999.0
2025-06-29 03:00:00,-999.0
2025-06-29 04:00:00,-999.0
2025-06-29 05:00:00,-999.0
2025-06-29 06:00:00,-999.0
2025-06-29 07:00:00,-999.0
2025-06-29 08:00:00,-999.0
2025-06-29 09:00:00,-999.0
2025-06-29 10:00:00,-999.0
2025-06-29 11:00:00,-999.0
2025-06-29 12:00:00,-999.0
2025-06-29 13:00:00,-999.0
2025-06-29 14:00:00,-999.0
2025-06-29 15:00:00,-999.0
2025-06-29 16:00:00,-999.0
2025-06-29 17:00:00,-999.0
2025-06-29 18:00:00,-999.0
2025-06-29 19:00:00,-999.0
2025-06-29 20:00:00,-999.0
2025-06-29 21:00:00,-999.0
2025-06-29 22:00:00,-999.0
2025-06-29 23:00:00,-999.0
2025-06-30 00:00:00,-999.0
2025-06-30 01:00:00,-999.0
2025-06-30 02:00:00,-999.0
2025-06-30 03:00:00,-999.0
2025-06-30 04:00:00,-999.0
2025-06-30 05:00:00,-999.0
2025-06-30 06:00:00,-999.0
2025-06-30 07:00:00,-999.0
2025-06-30 08:00:00,-999.0
2025-06-30 09:00:00,-999.0
2025-06-30 10:00:00,-999.0
2025-06-30 11:00:00,-999.0
2025-06-30 12:00:00,-999.0
2025-06-30 13:00:00,-999.0
2025-06-30 14:00:00,-999.0
2025-06-30 15:00:00,-999.0
2025-06-30 16:00:00,-999.0
2025-06-30 17:00:00,-999.0
2025-06-30 18:00:00,-999.0
2025-06-30 19:00:00,-999.0
2025-06-30 20:00:00,-999.0
2025-06-30 21:00:00,-999.0
2025-06-30 22:00:00,-999.0
2025-06-30 23:00:00,-999.0
2025-07-01 00:00:00,-999.0
2025-07-01 01:00:00,-999.0
2025-07-01 02:00:00,-999.0
2025-07-01 03:00:00,-999.0
2025-07-01 04:00:00,-999.0
2025-07-01 05:00:00,-999.0
2025-07-01 06:00:00,-999.0
2025-07-01 07:00:00,-999.0
2025-07-01 08:00:00,-999.0
2025-07-01 09:00:00,-999.0
2025-07-01 10:00:00,-999.0
2025-07-01 11:00:00,-999.0
2025-07-01 12:00:00,-999.0
2025-07-01 13:00:00,-999.0
2025-07-01 14:00:00,-999.0
2025-07-01 15:00:00,-999.0
2025-07-01 16:00:00,-999.0
2025-07-01 17:00:00,-999.0
2025-07-01 18:00:00,-999.0
2025-07-01 19:00:00,-999.0
2025-07-01 20:00:00,-999.0
2025-07-01 21:00:00,-999.0
2025-07-01 22:00:00,-999.0
2025-07-01 23:00:00,-999.0
2025-07-02 00:00:00,-999.0
2025-07-02 01:00:00,-999.0
2025-07-02 02:00:00,-999.0
2025-07-02 03:00:00,-999.0
2025-07-02 04:00:00,-999.0
2025-07-02 05:00:00,-999.0
2025-07-02 06:00:00,-999.0
2025-07-02 07:00:00,-999.0
2025-07-02 08:00:00,-999.0
2025-07-02 09:00:00,-999.0
2025-07-02 10:00:00,-999.0
2025-07-02 11:00:00,-999.0
2025-07-02 12:00:00,-999.0
2025-07-02 13:00:00,-999.0
2025-07-02 14:00:00,-999.0
2025-07-02 15:00:00,-999.0
2025-07-02 16:00:00,-999.0
2025-07-02 17:00:00,-999.0
2025-07-02 18:00:00,-999.0
2025-07-02 19:00:00,-999.0
2025-07-02 20:00:00,-999.0
2025-07-02 21:00:00,-999.0
2025-07-02 22:00:00,-999.0
2025-07-02 23:00:00,-999.0
2025-07-03 00:00:00,-999.0
2025-07-03 01:00:00,-999.0
2025-07-03 02:00:00,-999.0
2025-07-03 03:00:00,-999.0
2025-07-03 04:00:00,-999.0
2025-07-03 05:00:00,-999.0
2025-07-03 06:00:00,-999.0
2025-07-03 07:00:00,-999.0
2025-07-03 08:00:00,-999.0
2025-07-03 09:00:00,-999.0
2025-07-03 10:00:00,-999.0
2025-07-03 11:00:00,-999.0
2025-07-03 12:00:00,-999.0
2025-07-03 13:00:00,-999.0
2025-07-03 14:00:00,-999.0
2025-07-03 15:00:00,-999.0
2025-07-03 16:00:00,-999.0
2025-07-03 17:00:00,-999.0
2025-07-03 18:00:00,-999.0
2025-07-03 19:00:00,-999.0
2025-07-03 20:00:00,-999.0
2025-07-03 21:00:00,-999.0
2025-07-03 22:00:00,-999.0
2025-07-03 23:00:00,-999.0
2025-07-04 00:00:00,-999.0
2025-07-04 01:00:00,-999.0
2025-07-04 02:00:00,-999.0
2025-07-04 03:00:00,-999.0
2025-07-04 04:00:00,-999.0
2025-07-04 05:00:00,-999.0
2025-07-04 06:00:00,-999.0
2025-07-04 07:00:00,-999.0
2025-07-04 08:00:00,-999.0
2025-07-04 09:00:00,-999.0
2025-07-04 10:00:00,-999.0
2025-07-04 11:00:00,-999.0
2025-07-04 12:00:00,-999.0
2025-07-04 13:00:00,-999.0
2025-07-04 14:00:00,-999.0
2025-07-04 15:00:00,-999.0
2025-07-04 16:00:00,-999.0
2025-07-04 17:00:00,-999.0
2025-07-04 18:00:00,-999.0
2025-07-04 19:00:00,-999.0
2025-07-04 20:00:00,-999.0
2025-07-04 21:00:00,-999.0
2025-07-04 22:00:00,-999.0
2025-07-04 23:00:00,-999.0
2025-07-05 00:00:00,-999.0
2025-07-05 01:00:00,-999.0
2025-07-05 02:00:00,-999.0
2025-07-05 03:00:00,-999.0
2025-07-05 04:00:00,-999.0
2025-07-05 05:00:00,-999.0
2025-07-05 06:00:00,-999.0
2025-07-05 07:00:00,-999.0
2025-07-05 08:00:00,-999.0
2025-07-05 09:00:00,-999.0
2025-07-05 10:00:00,-999.0
2025-07-05 11:00:00,-999.0
2025-07-05 12:00:00,-999.0
2025-07-05 13:00:00,-999.0
2025-07-05 14:00:00,-999.0
2025-07-05 15:00:00,-999.0
2025-07-05 16:00:00,-999.0
2025-07-05 17:00:00,-999.0
2025-07-05 18:00:00,-999.0
2025-07-05 19:00:00,-999.0
2025-07-05 20:00:00,-999.0
2025-07-05 21:00:00,-999.0
2025-07-05 22:00:00,-999.0
2025-07-05 23:00:00,-999.0
2025-07-06 00:00:00,-999.0
2025-07-06 01:00:00,-999.0
2025-07-06 02:00:00,-999.0
2025-07-06 03:00:00,-999.0
2025-07-06 04:00:00,-999.0
2025-07-06 05:00:00,-999.0
2025-07-06 06:00:00,-999.0
2025-07-06 07:00:00,-999.0
2025-07-06 08:00:00,-999.0
2025-07-06 09:00:00,-999.0
2025-07-06 10:00:00,-999.0
2025-07-06 11:00:00,-999.0
2025-07-06 12:00:00,-999.0
2025-07-06 13:00:00,-999.0
2025-07-06 14:00:00,-999.0
2025-07-06 15:00:00,-999.0
2025-07-06 16:00:00,-999.0
2025-07-06 17:00:00,-999.0
2025-07-06 18:00:00,-999.0
2025-07-06 19:00:00,-999.0
2025-07-06 20:00:00,-999.0
2025-07-06 21:00:00,-999.0
2025-07-06 22:00:00,-999.0
2025-07-06 23:00:00,-999.0
2025-07-07 00:00:00,-999.0
2025-07-07 01:00:00,-999.0
2025-07-07 02:00:00,-999.0
2025-07-07 03:00:00,-999.0
2025-07-07 04:00:00,-999.0
2025-07-07 05:00:00,-999.0
2025-07-07 06:00:00,-999.0
2025-07-07 07:00:00,-999.0
2025-07-07 08:00:00,-999.0
2025-07-07 09:00:00,-999.0
2025-07-07 10:00:00,-999.0
2025-07-07 11:00:00,-999.0
2025-07-07 12:00:00,-999.0
2025-07-07 13:00:00,-999.0
2025-07-07 14:00:00,-999.0
2025-07-07 15:00:00,-999.0
2025-07-07 16:00:00,-999.0
2025-07-07 17:00:00,-999.0
2025-07-07 18:00:00,-999.0
2025-07-07 19:00:00,-999.0
2025-07-07 20:00:00,-999.0
2025-07-07 21:00:00,-999.0
2025-07-07 22:00:00,-999.0
2025-07-07 23:00:00,-999.0
2025-07-08 00:00:00,-999.0
2025-07-08 01:00:00,-999.0
2025-07-08 02:00:00,-999.0
2025-07-08 03:00:00,-999.0
2025-07-08 04:00:00,-999.0
2025-07-08 05:00:00,-999.0
2025-07-08 06:00:00,-999.0
2025-07-08 07:00:00,-999.0
2025-07-08 08:00:00,-999.0
2025-07-08 09:00:00,-999.0
2025-07-08 10:00:00,-999.0
2025-07-08 11:00:00,-999.0
2025-07-08 12:00:00,-999.0
2025-07-08 13:00:00,-999.0
2025-07-08 14:00:00,-999.0
2025-07-08 15:00:00,-999.0
2025-07-08 16:00:00,-999.0
2025-07-08 17:00:00,-999.0
2025-07-08 18:00:00,-999.0
2025-07-08 19:00:00,-999.0
2025-07-08 20:00:00,-999.0
2025-07-08 21:00:00,-999.0
2025-07-08 22:00:00,-999.0
2025-07-08 23:00:00,-999.0
2025-07-09 00:00:00,-999.0
2025-07-09 01:00:00,-999.0
2025-07-09 02:00:00,-999.0
2025-07-09 03:00:00,-999.0
2025-07-09 04:00:00,-999.0
2025-07-09 05:00:00,-999.0
2025-07-09 06:00:00,-999.0
2025-07-09 07:00:00,-999.0
2025-07-09 08:00:00,-999.0
2025-07-09 09:00:00,-999.0
2025-07-09 10:00:00,-999.0
2025-07-09 11:00:00,-999.0
2025-07-09 12:00:00,-999.0
2025-07-09 13:00:00,-999.0
2025-07-09 14:00:00,-999.0
2025-07-09 15:00:00,-999.0
2025-07-09 16:00:00,-999.0
2025-07-09 17:00:00,-999.0
2025-07-09 18:00:00,-999.0
2025-07-09 19:00:00,-999.0
2025-07-09 20:00:00,-999.0
2025-07-09 21:00:00,-999.0
2025-07-09 22:00:00,-999.0
2025-07-09 23:00:00,-999.0
2025-07-10 00:00:00,-999.0
2025-07-10 01:00:00,-999.0
2025-07-10 02:00:00,-999.0
2025-07-10 03:00:00,-999.0
2025-07-10 04:00:00,-999.0
2025-07-10 05:00:00,-999.0
2025-07-10 06:00:00,-999.0
2025-07-10 07:00:00,-999.0
2025-07-10 08:00:00,-999.0
2025-07-10 09:00:00,-999.0
2025-07-10 10:00:00,-999.0
2025-07-10 11:00:00,-999.0
2025-07-10 12:00:00,-999.0
2025-07-10 13:00:00,-999.0
2025-07-10 14:00:00,-999.0
2025-07-10 15:00:00,-999.0
2025-07-10 16:00:00,-999.0
2025-07-10 17:00:00,-999.0
2025-07-10 18:00:00,-999.0
2025-07-10 19:00:00,-999.0
2025-07-10 20:00:00,-999.0
2025-07-10 21:00:00,-999.0
2025-07-10 22:00:00,-999.0
2025-07-10 23:00:00,-999.0
2025-07-11 00:00:00,-999.0
2025-07-11 01:00:00,-999.0
2025-07-11 02:00:00,-999.0
2025-07-11 03:00:00,-999.0
2025-07-11 04:00:00,-999.0
2025-07-11 05:00:00,-999.0
2025-07-11 06:00:00,-999.0
2025-07-11 07:00:00,-999.0
2025-07-11 08:00:00,-999.0
2025-07-11 09:00:00,-999.0
2025-07-11 10:00:00,-999.0
2025-07-11 11:00:00,-999.0
2025-07-11 12:00:00,-999.0
2025-07-11 13:00:00,-999.0
2025-07-11 14:00:00,-999.0
2025-07-11 15:00:00,-999.0
2025-07-11 16:00:00,-999.0
2025-07-11 17:00:00,-999.0
2025-07-11 18:00:00,-999.0
2025-07-11 19:00:00,-999.0
2025-07-11 20:00:00,-999.0
2025-07-11 21:00:00,-999.0
2025-07-11 22:00:00,-999.0
2025-07-11 23:00:00,-999.0
2025-07-12 00:00:00,-999.0
2025-07-12 01:00:00,-999.0
2025-07-12 02:00:00,-999.0
2025-07-12 03:00:00,-999.0
2025-07-12 04:00:00,-999.0
2025-07-12 05:00:00,-999.0
2025-07-12 06:00:00,-999.0
2025-07-12 07:00:00,-999.0
2025-07-12 08:00:00,-999.0
2025-07-12 09:00:00,-999.0
2025-07-12 10:00:00,-999.0
2025-07-12 11:00:00,-999.0
2025-07-12 12:00:00,-999.0
2025-07-12 13:00:00,-999.0
2025-07-12 14:00:00,-999.0
2025-07-12 15:00:00,-999.0
2025-07-12 16:00:00,-999.0
2025-07-12 17:00:00,-999.0
2025-07-12 18:00:00,-999.0
2025-07-12 19:00:00,-999.0
2025-07-12 20:00:00,-999.0
2025-07-12 21:00:00,-999.0
2025-07-12 22:00:00,-999.0
2025-07-12 23:00:00,-999.0
2025-07-13 00:00:00,-999.0
2025-07-13 01:00:00,-999.0
2025-07-13 02:00:00,-999.0
2025-07-13 03:00:00,-999.0
2025-07-13 04:00:00,-999.0
2025-07-13 05:00:00,-999.0
2025-07-13 06:00:00,-999.0
2025-07-13 07:00:00,-999.0
2025-07-13 08:00:00,-999.0
2025-07-13 09:00:00,-999.0
2025-07-13 10:00:00,-999.0
2025-07-13 11:00:00,-999.0
2025-07-13 12:00:00,-999.0
2025-07-13 13:00:00,-999.0
2025-07-13 14:00:00,-999.0
2025-07-13 15:00:00,-999.0
2025-07-13 16:00:00,-999.0
2025-07-13 17:00:00,-999.0
2025-07-13 18:00:00,-999.0
2025-07-13 19:00:00,-999.0
2025-07-13 20:00:00,-999.0
2025-07-13 21:00:00,-999.0
2025-07-13 22:00:00,-999.0
2025-07-13 23:00:00,-999.0
2025-07-14 00:00:00,-999.0
2025-07-14 01:00:00,-999.0
2025-07-14 02:00:00,-999.0
2025-07-14 03:00:00,-999.0
2025-07-14 04:00:00,-999.0
2025-07-14 05:00:00,-999.0
2025-07-14 06:00:00,-999.0
2025-07-14 07:00:00,-999.0
2025-07-14 08:00:00,-999.0
2025-07-14 09:00:00,-999.0
2025-07-14 10:00:00,-999.0
2025-07-14 11:00:00,-999.0
2025-07-14 12:00:00,-999.0
2025-07-14 13:00:00,-999.0
2025-07-14 14:00:00,-999.0
2025-07-14 15:00:00,-999.0
2025-07-14 16:00:00,-999.0
2025-07-14 17:00:00,-999.0
2025-07-14 18:00:00,-999.0
2025-07-14 19:00:00,-999.0
2025-07-14 20:00:00,-999.0
2025-07-14 21:00:00,-999.0
2025-07-14 22:00:00,-999.0
2025-07-14 23:00:00,-999.0
2025-07-15 00:00:00,-999.0
2025-07-15 01:00:00,-999.0
2025-07-15 02:00:00,-999.0
2025-07-15 03:00:00,-999.0
2025-07-15 04:00:00,-999.0
2025-07-15 05:00:00,-999.0
2025-07-15 06:00:00,-999.0
2025-07-15 07:00:00,-999.0
2025-07-15 08:00:00,-999.0
2025-07-15 09:00:00,-999.0
2025-07-15 10:00:00,-999.0
2025-07-15 11:00:00,-999.0
2025-07-15 12:00:00,-999.0
2025-07-15 13:00:00,-999.0
2025-07-15 14:00:00,-999.0
2025-07-15 15:00:00,-999.0
2025-07-15 16:00:00,-999.0
2025-07-15 17:00:00,-999.0
2025-07-15 18:00:00,-999.0
2025-07-15 19:00:00,-999.0
2025-07-15 20:00:00,-999.0
2025-07-15 21:00:00,-999.0
2025-07-15 22:00:00,-999.0
2025-07-15 23:00:00,-999.0
2025-07-16 00:00:00,-999.0
2025-07-16 01:00:00,-999.0
2025-07-16 02:00:00,-999.0
2025-07-16 03:00:00,-999.0
2025-07-16 04:00:00,-999.0
2025-07-16 05:00:00,-999.0
2025-07-16 06:00:00,-999.0
2025-07-16 07:00:00,-999.0
2025-07-16 08:00:00,-999.0
2025-07-16 09:00:00,-999.0
2025-07-16 10:00:00,-999.0
2025-07-16 11:00:00,-999.0
2025-07-16 12:00:00,-999.0
2025-07-16 13:00:00,-999.0
2025-07-16 14:00:00,-999.0
2025-07-16 15:00:00,-999.0
2025-07-16 16:00:00,-999.0
2025-07-16 17:00:00,-999.0
2025-07-16 18:00:00,-999.0
2025-07-16 19:00:00,-999.0
2025-07-16 20:00:00,-999.0
2025-07-16 21:00:00,-999.0
2025-07-16 22:00:00,-999.0
2025-07-16 23:00:00,-999.0
2025-07-17 00:00:00,-999.0
2025-07-17 01:00:00,-999.0
2025-07-17 02:00:00,-999.0
2025-07-17 03:00:00,-999.0
2025-07-17 04:00:00,-999.0
2025-07-17 05:00:00,-999.0
2025-07-17 06:00:00,-999.0
2025-07-17 07:00:00,-999.0
2025-07-17 08:00:00,-999.0
2025-07-17 09:00:00,-999.0
2025-07-17 10:00:00,-999.0
2025-07-17 11:00:00,-999.0
2025-07-17 12:00:00,-999.0
2025-07-17 13:00:00,-999.0
2025-07-17 14:00:00,-999.0
2025-07-17 15:00:00,-999.0
2025-07-17 16:00:00,-999.0
2025-07-17 17:00:00,-999.0
2025-07-17 18:00:00,-999.0
2025-07-17 19:00:00,-999.0
2025-07-17 20:00:00,-999.0
2025-07-17 21:00:00,-999.0
2025-07-17 22:00:00,-999.0
2025-07-17 23:00:00,-999.0
2025-07-18 00:00:00,-999.0
2025-07-18 01:00:00,-999.0
2025-07-18 02:00:00,-999.0
2025-07-18 03:00:00,-999.0
2025-07-18 04:00:00,-999.0
2025-07-18 05:00:00,-999.0
2025-07-18 06:00:00,-999.0
2025-07-18 07:00:00,-999.0
2025-07-18 08:00:00,-999.0
2025-07-18 09:00:00,-999.0
2025-07-18 10:00:00,-999.0
2025-07-18 11:00:00,-999.0
2025-07-18 12:00:00,-999.0
2025-07-18 13:00:00,-999.0
2025-07-18 14:00:00,-999.0
2025-07-18 15:00:00,-999.0
2025-07-18 16:00:00,-999.0
2025-07-18 17:00:00,-999.0
2025-07-18 18:00:00,-999.0
2025-07-18 19:00:00,-999.0
2025-07-18 20:00:00,-999.0
2025-07-18 21:00:00,-999.0
2025-07-18 22:00:00,-999.0
2025-07-18 23:00:00,-999.0
2025-07-19 00:00:00,-999.0
2025-07-19 01:00:00,-999.0
2025-07-19 02:00:00,-999.0
2025-07-19 03:00:00,-999.0
2025-07-19 04:00:00,-999.0
2025-07-19 05:00:00,-999.0
2025-07-19 06:00:00,-999.0
2025-07-19 07:00:00,-999.0
2025-07-19 08:00:00,-999.0
2025-07-19 09:00:00,-999.0
2025-07-19 10:00:00,-999.0
2025-07-19 11:00:00,-999.0
2025-07-19 12:00:00,-999.0
2025-07-19 13:00:00,-999.0
2025-07-19 14:00:00,-999.0
2025-07-19 15:00:00,-999.0
2025-07-19 16:00:00,-999.0
2025-07-19 17:00:00,-999.0
2025-07-19 18:00:00,-999.0
2025-07-19 19:00:00,-999.0
2025-07-19 20:00:00,-999.0
2025-07-19 21:00:00,-999.0
2025-07-19 22:00:00,-999.0
2025-07-19 23:00:00,-999.0
2025-07-20 00:00:00,-999.0
2025-07-20 01:00:00,-999.0
2025-07-20 02:00:00,-999.0
2025-07-20 03:00:00,-999.0
2025-07-20 04:00:00,-999.0
2025-07-20 05:00:00,-999.0
2025-07-20 06:00:00,-999.0
2025-07-20 07:00:00,-999.0
2025-07-20 08:00:00,-999.0
2025-07-20 09:00:00,-999.0
2025-07-20 10:00:00,-999.0
2025-07-20 11:00:00,-999.0
2025-07-20 12:00:00,-999.0
2025-07-20 13:00:00,-999.0
2025-07-20 14:00:00,-999.0
2025-07-20 15:00:00,-999.0
2025-07-20 16:00:00,-999.0
2025-07-20 17:00:00,-999.0
2025-07-20 18:00:00,-999.0
2025-07-20 19:00:00,-999.0
2025-07-20 20:00:00,-999.0
2025-07-20 21:00:00,-999.0
2025-07-20 22:00:00,-999.0
2025-07-20 23:00:00,-999.0
2025-07-21 00:00:00,-999.0
2025-07-21 01:00:00,-999.0
2025-07-21 02:00:00,-999.0
2025-07-21 03:00:00,-999.0
2025-07-21 04:00:00,-999.0
2025-07-21 05:00:00,-999.0
2025-07-21 06:00:00,-999.0
2025-07-21 07:00:00,-999.0
2025-07-21 08:00:00,-999.0
2025-07-21 09:00:00,-999.0
2025-07-21 10:00:00,-999.0
2025-07-21 11:00:00,-999.0
2025-07-21 12:00:00,-999.0
2025-07-21 13:00:00,-999.0
2025-07-21 14:00:00,-999.0
2025-07-21 15:00:00,-999.0
2025-07-21 16:00:00,-999.0
2025-07-21 17:00:00,-999.0
2025-07-21 18:00:00,-999.0
2025-07-21 19:00:00,-999.0
2025-07-21 20:00:00,-999.0
2025-07-21 21:00:00,-999.0
2025-07-21 22:00:00,-999.0
2025-07-21 23:00:00,-999.0
2025-07-22 00:00:00,-999.0
2025-07-22 01:00:00,-999.0
2025-07-22 02:00:00,-999.0
2025-07-22 03:00:00,-999.0
2025-07-22 04:00:00,-999.0
2025-07-22 05:00:00,-999.0
2025-07-22 06:00:00,-999.0
2025-07-22 07:00:00,-999.0
2025-07-22 08:00:00,-999.0
2025-07-22 09:00:00,-999.0
2025-07-22 10:00:00,-999.0
2025-07-22 11:00:00,-999.0
2025-07-22 12:00:00,-999.0
2025-07-22 13:00:00,-999.0
2025-07-22 14:00:00,-999.0
2025-07-22 15:00:00,-999.0
2025-07-22 16:00:00,-999.0
2025-07-22 17:00:00,-999.0
2025-07-22 18:00:00,-999.0
2025-07-22 19:00:00,-999.0
2025-07-22 20:00:00,-999.0
2025-07-22 21:00:00,-999.0
2025-07-22 22:00:00,-999.0
2025-07-22 23:00:00,-999.0
2025-07-23 00:00:00,-999.0
2025-07-23 01:00:00,-999.0
2025-07-23 02:00:00,-999.0
2025-07-23 03:00:00,-999.0
2025-07-23 04:00:00,-999.0
2025-07-23 05:00:00,-999.0
2025-07-23 06:00:00,-999.0
2025-07-23 07:00:00,-999.0
2025-07-23 08:00:00,-999.0
2025-07-23 09:00:00,-999.0
2025-07-23 10:00:00,-999.0
2025-07-23 11:00:00,-999.0
2025-07-23 12:00:00,-999.0
2025-07-23 13:00:00,-999.0
2025-07-23 14:00:00,-999.0
2025-07-23 15:00:00,-999.0
2025-07-23 16:00:00,-999.0
2025-07-23 17:00:00,-999.0
2025-07-23 18:00:00,-999.0
2025-07-23 19:00:00,-999.0
2025-07-23 20:00:00,-999.0
2025-07-23 21:00:00,-999.0
2025-07-23 22:00:00,-999.0
2025-07-23 23:00:00,-999.0
2025-07-24 00:00:00,-999.0
2025-07-24 01:00:00,-999.0
2025-07-24 02:00:00,-999.0
2025-07-24 03:00:00,-999.0
2025-07-24 04:00:00,-999.0
2025-07-24 05:00:00,-999.0
2025-07-24 06:00:00,-999.0
2025-07-24 07:00:00,-999.0
2025-07-24 08:00:00,-999.0
2025-07-24 09:00:00,-999.0
2025-07-24 10:00:00,-999.0
2025-07-24 11:00:00,-999.0
2025-07-24 12:00:00,-999.0
2025-07-24 13:00:00,-999.0
2025-07-24 14:00:00,-999.0
2025-07-24 15:00:00,-999.0
2025-07-24 16:00:00,-999.0
2025-07-24 17:00:00,-999.0
2025-07-24 18:00:00,-999.0
2025-07-24 19:00:00,-999.0
2025-07-24 20:00:00,-999.0
2025-07-24 21:00:00,-999.0
2025-07-24 22:00:00,-999.0
2025-07-24 23:00:00,-999.0
2025-07-25 00:00:00,-999.0
2025-07-25 01:00:00,-999.0
2025-07-25 02:00:00,-999.0
2025-07-25 03:00:00,-999.0
2025-07-25 04:00:00,-999.0
2025-07-25 05:00:00,-999.0
2025-07-25 06:00:00,-999.0
2025-07-25 07:00:00,-999.0
2025-07-25 08:00:00,-999.0
2025-07-25 09:00:00,-999.0
2025-07-25 10:00:00,-999.0
2025-07-25 11:00:00,-999.0
2025-07-25 12:00:00,-999.0
2025-07-25 13:00:00,-999.0
2025-07-25 14:00:00,-999.0
2025-07-25 15:00:00,-999.0
2025-07-25 16:00:00,-999.0
2025-07-25 17:00:00,-999.0
2025-07-25 18:00:00,-999.0
2025-07-25 19:00:00,-999.0
2025-07-25 20:00:00,-999.0
2025-07-25 21:00:00,-999.0
2025-07-25 22:00:00,-999.0
2025-07-25 23:00:00,-999.0
2025-07-26 00:00:00,-999.0
2025-07-26 01:00:00,-999.0
2025-07-26 02:00:00,-999.0
2025-07-26 03:00:00,-999.0
2025-07-26 04:00:00,-999.0
2025-07-26 05:00:00,-999.0
2025-07-26 06:00:00,-999.0
2025-07-26 07:00:00,-999.0
2025-07-26 08:00:00,-999.0
2025-07-26 09:00:00,-999.0
2025-07-26 10:00:00,-999.0
2025-07-26 11:00:00,-999.0
2025-07-26 12:00:00,-999.0
2025-07-26 13:00:00,-999.0
2025-07-26 14:00:00,-999.0
2025-07-26 15:00:00,-999.0
2025-07-26 16:00:00,-999.0
2025-07-26 17:00:00,-999.0
2025-07-26 18:00:00,-999.0
2025-07-26 19:00:00,-999.0
2025-07-26 20:00:00,-999.0
2025-07-26 21:00:00,-999.0
2025-07-26 22:00:00,-999.0
2025-07-26 23:00:00,-999.0
2025-07-27 00:00:00,-999.0
2025-07-27 01:00:00,-999.0
2025-07-27 02:00:00,-999.0
2025-07-27 03:00:00,-999.0
2025-07-27 04:00:00,-999.0
2025-07-27 05:00:00,-999.0
2025-07-27 06:00:00,-999.0
2025-07-27 07:00:00,-999.0
2025-07-27 08:00:00,-999.0
2025-07-27 09:00:00,-999.0
2025-07-27 10:00:00,-999.0
2025-07-27 11:00:00,-999.0
2025-07-27 12:00:00,-999.0
2025-07-27 13:00:00,-999.0
2025-07-27 14:00:00,-999.0
2025-07-27 15:00:00,-999.0
2025-07-27 16:00:00,-999.0
2025-07-27 17:00:00,-999.0
2025-07-27 18:00:00,-999.0
2025-07-27 19:00:00,-999.0
2025-07-27 20:00:00,-999.0
2025-07-27 21:00:00,-999.0
2025-07-27 22:00:00,-999.0
2025-07-27 23:00:00,-999.0
2025-07-28 00:00:00,-999.0
2025-07-28 01:00:00,-999.0
2025-07-28 02:00:00,-999.0
2025-07-28 03:00:00,-999.0
2025-07-28 04:00:00,-999.0
2025-07-28 05:00:00,-999.0
2025-07-28 06:00:00,-999.0
2025-07-28 07:00:00,-999.0
2025-07-28 08:00:00,-999.0
2025-07-28 09:00:00,-999.0
2025-07-28 10:00:00,-999.0
2025-07-28 11:00:00,-999.0
2025-07-28 12:00:00,-999.0
2025-07-28 13:00:00,-999.0
2025-07-28 14:00:00,-999.0
2025-07-28 15:00:00,-999.0
2025-07-28 16:00:00,-999.0
2025-07-28 17:00:00,-999.0
2025-07-28 18:00:00,-999.0
2025-07-28 19:00:00,-999.0
2025-07-28 20:00:00,-999.0
2025-07-28 21:00:00,-999.0
2025-07-28 22:00:00,-999.0
2025-07-28 23:00:00,-999.0
2025-07-29 00:00:00,-999.0
2025-07-29 01:00:00,-999.0
2025-07-29 02:00:00,-999.0
2025-07-29 03:00:00,-999.0
2025-07-29 04:00:00,-999.0
2025-07-29 05:00:00,-999.0
2025-07-29 06:00:00,-999.0
2025-07-29 07:00:00,-999.0
2025-07-29 08:00:00,-999.0
2025-07-29 09:00:00,-999.0
2025-07-29 10:00:00,-999.0
2025-07-29 11:00:00,-999.0
2025-07-29 12:00:00,-999.0
2025-07-29 13:00:00,-999.0
2025-07-29 14:00:00,-999.0
2025-07-29 15:00:00,-999.0
2025-07-29 16:00:00,-999.0
2025-07-29 17:00:00,-999.0
2025-07-29 18:00:00,-999.0
2025-07-29 19:00:00,-999.0
2025-07-29 20:00:00,-999.0
2025-07-29 21:00:00,-999.0
2025-07-29 22:00:00,-999.0
2025-07-29 23:00:00,-999.0
2025-07-30 00:00:00,-999.0
2025-07-30 01:00:00,-999.0
2025-07-30 02:00:00,-999.0
2025-07-30 03:00:00,-999.0
2025-07-30 04:00:00,-999.0
2025-07-30 05:00:00,-999.0
2025-07-30 06:00:00,-999.0
2025-07-30 07:00:00,-999.0
2025-07-30 08:00:00,-999.0
2025-07-30 09:00:00,-999.0
2025-07-30 10:00:00,-999.0
2025-07-30 11:00:00,-999.0
2025-07-30 12:00:00,-999.0
2025-07-30 13:00:00,-999.0
2025-07-30 14:00:00,-999.0
2025-07-30 15:00:00,-999.0
2025-07-30 16:00:00,-999.0
2025-07-30 17:00:00,-999.0
2025-07-30 18:00:00,-999.0
2025-07-30 19:00:00,-999.0
2025-07-30 20:00:00,-999.0
2025-07-30 21:00:00,-999.0
2025-07-30 22:00:00,-999.0
2025-07-30 23:00:00,-999.0
2025-07-31 00:00:00,-999.0
2025-07-31 01:00:00,-999.0
2025-07-31 02:00:00,-999.0
2025-07-31 03:00:00,-999.0
2025-07-31 04:00:00,-999.0
2025-07-31 05:00:00,-999.0
2025-07-31 06:00:00,-999.0
2025-07-31 07:00:00,-999.0
2025-07-31 08:00:00,-999.0
2025-07-31 09:00:00,-999.0
2025-07-31 10:00:00,-999.0
2025-07-31 11:00:00,-999.0
2025-07-31 12:00:00,-999.0
2025-07-31 13:00:00,-999.0
2025-07-31 14:00:00,-999.0
2025-07-31 15:00:00,-999.0
2025-07-31 16:00:00,-999.0
2025-07-31 17:00:00,-999.0
2025-07-31 18:00:00,-999.0
2025-07-31 19:00:00,-999.0
2025-07-31 20:00:00,-999.0
2025-07-31 21:00:00,-999.0
2025-07-31 22:00:00,-999.0
2025-07-31 23:00:00,-999.0
2025-08-01 00:00:00,-999.0
2025-08-01 01:00:00,-999.0
2025-08-01 02:00:00,-999.0
2025-08-01 03:00:00,-999.0
2025-08-01 04:00:00,-999.0
2025-08-01 05:00:00,-999.0
2025-08-01 06:00:00,-999.0
2025-08-01 07:00:00,-999.0
2025-08-01 08:00:00,-999.0
2025-08-01 09:00:00,-999.0
2025-08-01 10:00:00,-999.0
2025-08-01 11:00:00,-999.0
2025-08-01 12:00:00,-999.0
2025-08-01 13:00:00,-999.0
2025-08-01 14:00:00,-999.0
2025-08-01 15:00:00,-999.0
2025-08-01 16:00:00,-999.0
2025-08-01 17:00:00,-999.0
2025-08-01 18:00:00,-999.0
2025-08-01 19:00:00,-999.0
2025-08-01 20:00:00,-999.0
2025-08-01 21:00:00,-999.0
2025-08-01 22:00:00,-999.0
2025-08-01 23:00:00,-999.0
2025-08-02 00:00:00,-999.0
2025-08-02 01:00:00,-999.0
2025-08-02 02:00:00,-999.0
2025-08-02 03:00:00,-999.0
2025-08-02 04:00:00,-999.0
2025-08-02 05:00:00,-999.0
2025-08-02 06:00:00,-999.0
2025-08-02 07:00:00,-999.0
2025-08-02 08:00:00,-999.0
2025-08-02 09:00:00,-999.0
2025-08-02 10:00:00,-999.0
2025-08-02 11:00:00,-999.0
2025-08-02 12:00:00,-999.0
2025-08-02 13:00:00,-999.0
2025-08-02 14:00:00,-999.0
2025-08-02 15:00:00,-999.0
2025-08-02 16:00:00,-999.0
2025-08-02 17:00:00,-999.0
2025-08-02 18:00:00,-999.0
2025-08-02 19:00:00,-999.0
2025-08-02 20:00:00,-999.0
2025-08-02 21:00:00,-999.0
2025-08-02 22:00:00,-999.0
2025-08-02 23:00:00,-999.0
