datetime,ALLSKY_SFC_SW_DIFF
2024-08-02 00:00:00,0.0
2024-08-02 01:00:00,0.0
2024-08-02 02:00:00,0.0
2024-08-02 03:00:00,0.0
2024-08-02 04:00:00,0.0
2024-08-02 05:00:00,9.87
2024-08-02 06:00:00,57.04
2024-08-02 07:00:00,114.34
2024-08-02 08:00:00,169.46
2024-08-02 09:00:00,233.08
2024-08-02 10:00:00,244.12
2024-08-02 11:00:00,270.01
2024-08-02 12:00:00,294.87
2024-08-02 13:00:00,242.21
2024-08-02 14:00:00,257.49
2024-08-02 15:00:00,188.27
2024-08-02 16:00:00,116.76
2024-08-02 17:00:00,51.26
2024-08-02 18:00:00,4.65
2024-08-02 19:00:00,0.0
2024-08-02 20:00:00,0.0
2024-08-02 21:00:00,0.0
2024-08-02 22:00:00,0.0
2024-08-02 23:00:00,0.0
2024-08-03 00:00:00,0.0
2024-08-03 01:00:00,0.0
2024-08-03 02:00:00,0.0
2024-08-03 03:00:00,0.0
2024-08-03 04:00:00,0.0
2024-08-03 05:00:00,13.12
2024-08-03 06:00:00,100.07
2024-08-03 07:00:00,209.21
2024-08-03 08:00:00,331.06
2024-08-03 09:00:00,385.15
2024-08-03 10:00:00,392.05
2024-08-03 11:00:00,327.61
2024-08-03 12:00:00,417.89
2024-08-03 13:00:00,417.79
2024-08-03 14:00:00,380.38
2024-08-03 15:00:00,311.75
2024-08-03 16:00:00,185.62
2024-08-03 17:00:00,75.24
2024-08-03 18:00:00,6.12
2024-08-03 19:00:00,0.0
2024-08-03 20:00:00,0.0
2024-08-03 21:00:00,0.0
2024-08-03 22:00:00,0.0
2024-08-03 23:00:00,0.0
2024-08-04 00:00:00,0.0
2024-08-04 01:00:00,0.0
2024-08-04 02:00:00,0.0
2024-08-04 03:00:00,0.0
2024-08-04 04:00:00,0.0
2024-08-04 05:00:00,11.39
2024-08-04 06:00:00,66.88
2024-08-04 07:00:00,134.05
2024-08-04 08:00:00,183.32
2024-08-04 09:00:00,361.35
2024-08-04 10:00:00,454.58
2024-08-04 11:00:00,367.14
2024-08-04 12:00:00,389.01
2024-08-04 13:00:00,333.58
2024-08-04 14:00:00,327.71
2024-08-04 15:00:00,283.0
2024-08-04 16:00:00,182.01
2024-08-04 17:00:00,74.37
2024-08-04 18:00:00,5.63
2024-08-04 19:00:00,0.0
2024-08-04 20:00:00,0.0
2024-08-04 21:00:00,0.0
2024-08-04 22:00:00,0.0
2024-08-04 23:00:00,0.0
2024-08-05 00:00:00,0.0
2024-08-05 01:00:00,0.0
2024-08-05 02:00:00,0.0
2024-08-05 03:00:00,0.0
2024-08-05 04:00:00,0.0
2024-08-05 05:00:00,8.26
2024-08-05 06:00:00,81.67
2024-08-05 07:00:00,174.86
2024-08-05 08:00:00,288.43
2024-08-05 09:00:00,333.29
2024-08-05 10:00:00,372.94
2024-08-05 11:00:00,362.57
2024-08-05 12:00:00,369.54
2024-08-05 13:00:00,461.83
2024-08-05 14:00:00,334.59
2024-08-05 15:00:00,207.63
2024-08-05 16:00:00,123.95
2024-08-05 17:00:00,52.46
2024-08-05 18:00:00,3.21
2024-08-05 19:00:00,0.0
2024-08-05 20:00:00,0.0
2024-08-05 21:00:00,0.0
2024-08-05 22:00:00,0.0
2024-08-05 23:00:00,0.0
2024-08-06 00:00:00,0.0
2024-08-06 01:00:00,0.0
2024-08-06 02:00:00,0.0
2024-08-06 03:00:00,0.0
2024-08-06 04:00:00,0.0
2024-08-06 05:00:00,7.87
2024-08-06 06:00:00,59.8
2024-08-06 07:00:00,129.89
2024-08-06 08:00:00,203.75
2024-08-06 09:00:00,322.95
2024-08-06 10:00:00,457.46
2024-08-06 11:00:00,471.38
2024-08-06 12:00:00,532.43
2024-08-06 13:00:00,417.76
2024-08-06 14:00:00,427.72
2024-08-06 15:00:00,337.92
2024-08-06 16:00:00,208.04
2024-08-06 17:00:00,82.67
2024-08-06 18:00:00,5.07
2024-08-06 19:00:00,0.0
2024-08-06 20:00:00,0.0
2024-08-06 21:00:00,0.0
2024-08-06 22:00:00,0.0
2024-08-06 23:00:00,0.0
2024-08-07 00:00:00,0.0
2024-08-07 01:00:00,0.0
2024-08-07 02:00:00,0.0
2024-08-07 03:00:00,0.0
2024-08-07 04:00:00,0.0
2024-08-07 05:00:00,8.54
2024-08-07 06:00:00,71.45
2024-08-07 07:00:00,151.13
2024-08-07 08:00:00,240.89
2024-08-07 09:00:00,358.93
2024-08-07 10:00:00,463.66
2024-08-07 11:00:00,387.07
2024-08-07 12:00:00,378.28
2024-08-07 13:00:00,347.01
2024-08-07 14:00:00,341.87
2024-08-07 15:00:00,283.08
2024-08-07 16:00:00,171.34
2024-08-07 17:00:00,65.92
2024-08-07 18:00:00,5.49
2024-08-07 19:00:00,0.0
2024-08-07 20:00:00,0.0
2024-08-07 21:00:00,0.0
2024-08-07 22:00:00,0.0
2024-08-07 23:00:00,0.0
2024-08-08 00:00:00,0.0
2024-08-08 01:00:00,0.0
2024-08-08 02:00:00,0.0
2024-08-08 03:00:00,0.0
2024-08-08 04:00:00,0.0
2024-08-08 05:00:00,5.89
2024-08-08 06:00:00,52.51
2024-08-08 07:00:00,125.83
2024-08-08 08:00:00,211.71
2024-08-08 09:00:00,303.13
2024-08-08 10:00:00,354.39
2024-08-08 11:00:00,365.87
2024-08-08 12:00:00,400.56
2024-08-08 13:00:00,347.58
2024-08-08 14:00:00,317.52
2024-08-08 15:00:00,245.88
2024-08-08 16:00:00,138.33
2024-08-08 17:00:00,48.51
2024-08-08 18:00:00,4.71
2024-08-08 19:00:00,0.0
2024-08-08 20:00:00,0.0
2024-08-08 21:00:00,0.0
2024-08-08 22:00:00,0.0
2024-08-08 23:00:00,0.0
2024-08-09 00:00:00,0.0
2024-08-09 01:00:00,0.0
2024-08-09 02:00:00,0.0
2024-08-09 03:00:00,0.0
2024-08-09 04:00:00,0.0
2024-08-09 05:00:00,16.09
2024-08-09 06:00:00,96.11
2024-08-09 07:00:00,159.69
2024-08-09 08:00:00,179.3
2024-08-09 09:00:00,330.47
2024-08-09 10:00:00,290.79
2024-08-09 11:00:00,403.83
2024-08-09 12:00:00,233.12
2024-08-09 13:00:00,355.6
2024-08-09 14:00:00,283.39
2024-08-09 15:00:00,274.44
2024-08-09 16:00:00,115.0
2024-08-09 17:00:00,59.02
2024-08-09 18:00:00,6.03
2024-08-09 19:00:00,0.0
2024-08-09 20:00:00,0.0
2024-08-09 21:00:00,0.0
2024-08-09 22:00:00,0.0
2024-08-09 23:00:00,0.0
2024-08-10 00:00:00,0.0
2024-08-10 01:00:00,0.0
2024-08-10 02:00:00,0.0
2024-08-10 03:00:00,0.0
2024-08-10 04:00:00,0.0
2024-08-10 05:00:00,16.46
2024-08-10 06:00:00,77.3
2024-08-10 07:00:00,108.2
2024-08-10 08:00:00,163.74
2024-08-10 09:00:00,310.1
2024-08-10 10:00:00,471.47
2024-08-10 11:00:00,378.32
2024-08-10 12:00:00,445.02
2024-08-10 13:00:00,409.49
2024-08-10 14:00:00,295.55
2024-08-10 15:00:00,229.86
2024-08-10 16:00:00,130.92
2024-08-10 17:00:00,53.97
2024-08-10 18:00:00,2.72
2024-08-10 19:00:00,0.0
2024-08-10 20:00:00,0.0
2024-08-10 21:00:00,0.0
2024-08-10 22:00:00,0.0
2024-08-10 23:00:00,0.0
2024-08-11 00:00:00,0.0
2024-08-11 01:00:00,0.0
2024-08-11 02:00:00,0.0
2024-08-11 03:00:00,0.0
2024-08-11 04:00:00,0.0
2024-08-11 05:00:00,5.86
2024-08-11 06:00:00,58.78
2024-08-11 07:00:00,126.93
2024-08-11 08:00:00,208.56
2024-08-11 09:00:00,370.06
2024-08-11 10:00:00,452.7
2024-08-11 11:00:00,276.31
2024-08-11 12:00:00,237.7
2024-08-11 13:00:00,259.53
2024-08-11 14:00:00,160.6
2024-08-11 15:00:00,128.71
2024-08-11 16:00:00,82.04
2024-08-11 17:00:00,31.82
2024-08-11 18:00:00,2.32
2024-08-11 19:00:00,0.0
2024-08-11 20:00:00,0.0
2024-08-11 21:00:00,0.0
2024-08-11 22:00:00,0.0
2024-08-11 23:00:00,0.0
2024-08-12 00:00:00,0.0
2024-08-12 01:00:00,0.0
2024-08-12 02:00:00,0.0
2024-08-12 03:00:00,0.0
2024-08-12 04:00:00,0.0
2024-08-12 05:00:00,4.45
2024-08-12 06:00:00,27.35
2024-08-12 07:00:00,57.19
2024-08-12 08:00:00,66.75
2024-08-12 09:00:00,100.85
2024-08-12 10:00:00,128.14
2024-08-12 11:00:00,212.01
2024-08-12 12:00:00,235.91
2024-08-12 13:00:00,255.03
2024-08-12 14:00:00,180.2
2024-08-12 15:00:00,143.84
2024-08-12 16:00:00,138.22
2024-08-12 17:00:00,58.5
2024-08-12 18:00:00,4.13
2024-08-12 19:00:00,0.0
2024-08-12 20:00:00,0.0
2024-08-12 21:00:00,0.0
2024-08-12 22:00:00,0.0
2024-08-12 23:00:00,0.0
2024-08-13 00:00:00,0.0
2024-08-13 01:00:00,0.0
2024-08-13 02:00:00,0.0
2024-08-13 03:00:00,0.0
2024-08-13 04:00:00,0.0
2024-08-13 05:00:00,13.77
2024-08-13 06:00:00,77.85
2024-08-13 07:00:00,115.7
2024-08-13 08:00:00,131.7
2024-08-13 09:00:00,192.05
2024-08-13 10:00:00,251.6
2024-08-13 11:00:00,326.36
2024-08-13 12:00:00,257.17
2024-08-13 13:00:00,255.99
2024-08-13 14:00:00,224.31
2024-08-13 15:00:00,178.23
2024-08-13 16:00:00,107.03
2024-08-13 17:00:00,55.46
2024-08-13 18:00:00,0.0
2024-08-13 19:00:00,0.0
2024-08-13 20:00:00,0.0
2024-08-13 21:00:00,0.0
2024-08-13 22:00:00,0.0
2024-08-13 23:00:00,0.0
2024-08-14 00:00:00,0.0
2024-08-14 01:00:00,0.0
2024-08-14 02:00:00,0.0
2024-08-14 03:00:00,0.0
2024-08-14 04:00:00,0.0
2024-08-14 05:00:00,14.42
2024-08-14 06:00:00,96.97
2024-08-14 07:00:00,203.02
2024-08-14 08:00:00,322.45
2024-08-14 09:00:00,365.83
2024-08-14 10:00:00,440.54
2024-08-14 11:00:00,475.15
2024-08-14 12:00:00,375.47
2024-08-14 13:00:00,362.15
2024-08-14 14:00:00,277.23
2024-08-14 15:00:00,261.41
2024-08-14 16:00:00,173.92
2024-08-14 17:00:00,68.64
2024-08-14 18:00:00,0.0
2024-08-14 19:00:00,0.0
2024-08-14 20:00:00,0.0
2024-08-14 21:00:00,0.0
2024-08-14 22:00:00,0.0
2024-08-14 23:00:00,0.0
2024-08-15 00:00:00,0.0
2024-08-15 01:00:00,0.0
2024-08-15 02:00:00,0.0
2024-08-15 03:00:00,0.0
2024-08-15 04:00:00,0.0
2024-08-15 05:00:00,9.65
2024-08-15 06:00:00,95.53
2024-08-15 07:00:00,213.87
2024-08-15 08:00:00,364.07
2024-08-15 09:00:00,382.72
2024-08-15 10:00:00,381.26
2024-08-15 11:00:00,452.09
2024-08-15 12:00:00,383.65
2024-08-15 13:00:00,342.4
2024-08-15 14:00:00,298.58
2024-08-15 15:00:00,274.44
2024-08-15 16:00:00,185.18
2024-08-15 17:00:00,75.08
2024-08-15 18:00:00,0.0
2024-08-15 19:00:00,0.0
2024-08-15 20:00:00,0.0
2024-08-15 21:00:00,0.0
2024-08-15 22:00:00,0.0
2024-08-15 23:00:00,0.0
2024-08-16 00:00:00,0.0
2024-08-16 01:00:00,0.0
2024-08-16 02:00:00,0.0
2024-08-16 03:00:00,0.0
2024-08-16 04:00:00,0.0
2024-08-16 05:00:00,11.26
2024-08-16 06:00:00,97.17
2024-08-16 07:00:00,201.37
2024-08-16 08:00:00,251.82
2024-08-16 09:00:00,327.9
2024-08-16 10:00:00,307.55
2024-08-16 11:00:00,391.41
2024-08-16 12:00:00,418.83
2024-08-16 13:00:00,404.71
2024-08-16 14:00:00,372.16
2024-08-16 15:00:00,217.1
2024-08-16 16:00:00,107.04
2024-08-16 17:00:00,29.32
2024-08-16 18:00:00,0.0
2024-08-16 19:00:00,0.0
2024-08-16 20:00:00,0.0
2024-08-16 21:00:00,0.0
2024-08-16 22:00:00,0.0
2024-08-16 23:00:00,0.0
2024-08-17 00:00:00,0.0
2024-08-17 01:00:00,0.0
2024-08-17 02:00:00,0.0
2024-08-17 03:00:00,0.0
2024-08-17 04:00:00,0.0
2024-08-17 05:00:00,5.75
2024-08-17 06:00:00,43.34
2024-08-17 07:00:00,91.74
2024-08-17 08:00:00,136.74
2024-08-17 09:00:00,183.09
2024-08-17 10:00:00,163.65
2024-08-17 11:00:00,177.27
2024-08-17 12:00:00,165.85
2024-08-17 13:00:00,75.66
2024-08-17 14:00:00,97.04
2024-08-17 15:00:00,99.98
2024-08-17 16:00:00,89.7
2024-08-17 17:00:00,36.29
2024-08-17 18:00:00,0.0
2024-08-17 19:00:00,0.0
2024-08-17 20:00:00,0.0
2024-08-17 21:00:00,0.0
2024-08-17 22:00:00,0.0
2024-08-17 23:00:00,0.0
2024-08-18 00:00:00,0.0
2024-08-18 01:00:00,0.0
2024-08-18 02:00:00,0.0
2024-08-18 03:00:00,0.0
2024-08-18 04:00:00,0.0
2024-08-18 05:00:00,8.03
2024-08-18 06:00:00,82.39
2024-08-18 07:00:00,189.16
2024-08-18 08:00:00,300.9
2024-08-18 09:00:00,363.15
2024-08-18 10:00:00,339.56
2024-08-18 11:00:00,423.54
2024-08-18 12:00:00,465.39
2024-08-18 13:00:00,368.75
2024-08-18 14:00:00,309.1
2024-08-18 15:00:00,174.61
2024-08-18 16:00:00,115.18
2024-08-18 17:00:00,29.35
2024-08-18 18:00:00,0.0
2024-08-18 19:00:00,0.0
2024-08-18 20:00:00,0.0
2024-08-18 21:00:00,0.0
2024-08-18 22:00:00,0.0
2024-08-18 23:00:00,0.0
2024-08-19 00:00:00,0.0
2024-08-19 01:00:00,0.0
2024-08-19 02:00:00,0.0
2024-08-19 03:00:00,0.0
2024-08-19 04:00:00,0.0
2024-08-19 05:00:00,5.85
2024-08-19 06:00:00,40.73
2024-08-19 07:00:00,82.46
2024-08-19 08:00:00,129.99
2024-08-19 09:00:00,209.94
2024-08-19 10:00:00,218.29
2024-08-19 11:00:00,172.64
2024-08-19 12:00:00,205.7
2024-08-19 13:00:00,185.53
2024-08-19 14:00:00,189.78
2024-08-19 15:00:00,173.77
2024-08-19 16:00:00,108.09
2024-08-19 17:00:00,42.18
2024-08-19 18:00:00,0.0
2024-08-19 19:00:00,0.0
2024-08-19 20:00:00,0.0
2024-08-19 21:00:00,0.0
2024-08-19 22:00:00,0.0
2024-08-19 23:00:00,0.0
2024-08-20 00:00:00,0.0
2024-08-20 01:00:00,0.0
2024-08-20 02:00:00,0.0
2024-08-20 03:00:00,0.0
2024-08-20 04:00:00,0.0
2024-08-20 05:00:00,3.07
2024-08-20 06:00:00,22.81
2024-08-20 07:00:00,48.64
2024-08-20 08:00:00,70.2
2024-08-20 09:00:00,117.14
2024-08-20 10:00:00,152.75
2024-08-20 11:00:00,214.79
2024-08-20 12:00:00,169.6
2024-08-20 13:00:00,144.41
2024-08-20 14:00:00,93.64
2024-08-20 15:00:00,49.22
2024-08-20 16:00:00,77.62
2024-08-20 17:00:00,33.21
2024-08-20 18:00:00,0.0
2024-08-20 19:00:00,0.0
2024-08-20 20:00:00,0.0
2024-08-20 21:00:00,0.0
2024-08-20 22:00:00,0.0
2024-08-20 23:00:00,0.0
2024-08-21 00:00:00,0.0
2024-08-21 01:00:00,0.0
2024-08-21 02:00:00,0.0
2024-08-21 03:00:00,0.0
2024-08-21 04:00:00,0.0
2024-08-21 05:00:00,8.08
2024-08-21 06:00:00,73.65
2024-08-21 07:00:00,167.42
2024-08-21 08:00:00,249.61
2024-08-21 09:00:00,335.06
2024-08-21 10:00:00,439.43
2024-08-21 11:00:00,471.96
2024-08-21 12:00:00,472.09
2024-08-21 13:00:00,424.36
2024-08-21 14:00:00,366.31
2024-08-21 15:00:00,242.31
2024-08-21 16:00:00,145.54
2024-08-21 17:00:00,50.65
2024-08-21 18:00:00,0.0
2024-08-21 19:00:00,0.0
2024-08-21 20:00:00,0.0
2024-08-21 21:00:00,0.0
2024-08-21 22:00:00,0.0
2024-08-21 23:00:00,0.0
2024-08-22 00:00:00,0.0
2024-08-22 01:00:00,0.0
2024-08-22 02:00:00,0.0
2024-08-22 03:00:00,0.0
2024-08-22 04:00:00,0.0
2024-08-22 05:00:00,8.13
2024-08-22 06:00:00,79.5
2024-08-22 07:00:00,163.43
2024-08-22 08:00:00,272.66
2024-08-22 09:00:00,322.58
2024-08-22 10:00:00,277.0
2024-08-22 11:00:00,387.76
2024-08-22 12:00:00,396.08
2024-08-22 13:00:00,297.52
2024-08-22 14:00:00,267.86
2024-08-22 15:00:00,223.88
2024-08-22 16:00:00,124.5
2024-08-22 17:00:00,47.09
2024-08-22 18:00:00,0.0
2024-08-22 19:00:00,0.0
2024-08-22 20:00:00,0.0
2024-08-22 21:00:00,0.0
2024-08-22 22:00:00,0.0
2024-08-22 23:00:00,0.0
2024-08-23 00:00:00,0.0
2024-08-23 01:00:00,0.0
2024-08-23 02:00:00,0.0
2024-08-23 03:00:00,0.0
2024-08-23 04:00:00,0.0
2024-08-23 05:00:00,9.9
2024-08-23 06:00:00,89.0
2024-08-23 07:00:00,175.17
2024-08-23 08:00:00,233.64
2024-08-23 09:00:00,315.75
2024-08-23 10:00:00,349.81
2024-08-23 11:00:00,347.6
2024-08-23 12:00:00,296.08
2024-08-23 13:00:00,277.43
2024-08-23 14:00:00,261.18
2024-08-23 15:00:00,242.54
2024-08-23 16:00:00,149.7
2024-08-23 17:00:00,47.17
2024-08-23 18:00:00,0.0
2024-08-23 19:00:00,0.0
2024-08-23 20:00:00,0.0
2024-08-23 21:00:00,0.0
2024-08-23 22:00:00,0.0
2024-08-23 23:00:00,0.0
2024-08-24 00:00:00,0.0
2024-08-24 01:00:00,0.0
2024-08-24 02:00:00,0.0
2024-08-24 03:00:00,0.0
2024-08-24 04:00:00,0.0
2024-08-24 05:00:00,4.51
2024-08-24 06:00:00,37.82
2024-08-24 07:00:00,79.73
2024-08-24 08:00:00,117.07
2024-08-24 09:00:00,169.15
2024-08-24 10:00:00,207.84
2024-08-24 11:00:00,224.17
2024-08-24 12:00:00,218.4
2024-08-24 13:00:00,197.73
2024-08-24 14:00:00,276.48
2024-08-24 15:00:00,257.89
2024-08-24 16:00:00,149.25
2024-08-24 17:00:00,48.75
2024-08-24 18:00:00,0.0
2024-08-24 19:00:00,0.0
2024-08-24 20:00:00,0.0
2024-08-24 21:00:00,0.0
2024-08-24 22:00:00,0.0
2024-08-24 23:00:00,0.0
2024-08-25 00:00:00,0.0
2024-08-25 01:00:00,0.0
2024-08-25 02:00:00,0.0
2024-08-25 03:00:00,0.0
2024-08-25 04:00:00,0.0
2024-08-25 05:00:00,9.18
2024-08-25 06:00:00,79.37
2024-08-25 07:00:00,184.17
2024-08-25 08:00:00,250.48
2024-08-25 09:00:00,243.79
2024-08-25 10:00:00,284.3
2024-08-25 11:00:00,343.12
2024-08-25 12:00:00,298.56
2024-08-25 13:00:00,368.05
2024-08-25 14:00:00,353.68
2024-08-25 15:00:00,253.93
2024-08-25 16:00:00,156.58
2024-08-25 17:00:00,46.3
2024-08-25 18:00:00,0.0
2024-08-25 19:00:00,0.0
2024-08-25 20:00:00,0.0
2024-08-25 21:00:00,0.0
2024-08-25 22:00:00,0.0
2024-08-25 23:00:00,0.0
2024-08-26 00:00:00,0.0
2024-08-26 01:00:00,0.0
2024-08-26 02:00:00,0.0
2024-08-26 03:00:00,0.0
2024-08-26 04:00:00,0.0
2024-08-26 05:00:00,9.13
2024-08-26 06:00:00,58.37
2024-08-26 07:00:00,137.14
2024-08-26 08:00:00,175.11
2024-08-26 09:00:00,208.57
2024-08-26 10:00:00,328.98
2024-08-26 11:00:00,408.54
2024-08-26 12:00:00,289.58
2024-08-26 13:00:00,344.38
2024-08-26 14:00:00,369.14
2024-08-26 15:00:00,290.67
2024-08-26 16:00:00,180.93
2024-08-26 17:00:00,55.89
2024-08-26 18:00:00,0.0
2024-08-26 19:00:00,0.0
2024-08-26 20:00:00,0.0
2024-08-26 21:00:00,0.0
2024-08-26 22:00:00,0.0
2024-08-26 23:00:00,0.0
2024-08-27 00:00:00,0.0
2024-08-27 01:00:00,0.0
2024-08-27 02:00:00,0.0
2024-08-27 03:00:00,0.0
2024-08-27 04:00:00,0.0
2024-08-27 05:00:00,10.9
2024-08-27 06:00:00,73.54
2024-08-27 07:00:00,122.11
2024-08-27 08:00:00,208.36
2024-08-27 09:00:00,266.73
2024-08-27 10:00:00,254.65
2024-08-27 11:00:00,301.48
2024-08-27 12:00:00,362.94
2024-08-27 13:00:00,373.65
2024-08-27 14:00:00,346.56
2024-08-27 15:00:00,293.12
2024-08-27 16:00:00,159.38
2024-08-27 17:00:00,46.27
2024-08-27 18:00:00,0.0
2024-08-27 19:00:00,0.0
2024-08-27 20:00:00,0.0
2024-08-27 21:00:00,0.0
2024-08-27 22:00:00,0.0
2024-08-27 23:00:00,0.0
2024-08-28 00:00:00,0.0
2024-08-28 01:00:00,0.0
2024-08-28 02:00:00,0.0
2024-08-28 03:00:00,0.0
2024-08-28 04:00:00,0.0
2024-08-28 05:00:00,9.14
2024-08-28 06:00:00,59.79
2024-08-28 07:00:00,143.08
2024-08-28 08:00:00,227.32
2024-08-28 09:00:00,278.69
2024-08-28 10:00:00,355.24
2024-08-28 11:00:00,447.14
2024-08-28 12:00:00,387.63
2024-08-28 13:00:00,282.79
2024-08-28 14:00:00,293.34
2024-08-28 15:00:00,219.21
2024-08-28 16:00:00,138.57
2024-08-28 17:00:00,36.76
2024-08-28 18:00:00,0.0
2024-08-28 19:00:00,0.0
2024-08-28 20:00:00,0.0
2024-08-28 21:00:00,0.0
2024-08-28 22:00:00,0.0
2024-08-28 23:00:00,0.0
2024-08-29 00:00:00,0.0
2024-08-29 01:00:00,0.0
2024-08-29 02:00:00,0.0
2024-08-29 03:00:00,0.0
2024-08-29 04:00:00,0.0
2024-08-29 05:00:00,10.99
2024-08-29 06:00:00,72.3
2024-08-29 07:00:00,149.07
2024-08-29 08:00:00,206.69
2024-08-29 09:00:00,242.56
2024-08-29 10:00:00,265.17
2024-08-29 11:00:00,289.07
2024-08-29 12:00:00,342.79
2024-08-29 13:00:00,368.71
2024-08-29 14:00:00,341.55
2024-08-29 15:00:00,254.53
2024-08-29 16:00:00,145.58
2024-08-29 17:00:00,38.01
2024-08-29 18:00:00,0.0
2024-08-29 19:00:00,0.0
2024-08-29 20:00:00,0.0
2024-08-29 21:00:00,0.0
2024-08-29 22:00:00,0.0
2024-08-29 23:00:00,0.0
2024-08-30 00:00:00,0.0
2024-08-30 01:00:00,0.0
2024-08-30 02:00:00,0.0
2024-08-30 03:00:00,0.0
2024-08-30 04:00:00,0.0
2024-08-30 05:00:00,12.44
2024-08-30 06:00:00,99.13
2024-08-30 07:00:00,194.43
2024-08-30 08:00:00,223.43
2024-08-30 09:00:00,175.24
2024-08-30 10:00:00,229.25
2024-08-30 11:00:00,223.04
2024-08-30 12:00:00,164.0
2024-08-30 13:00:00,202.4
2024-08-30 14:00:00,157.83
2024-08-30 15:00:00,196.4
2024-08-30 16:00:00,127.5
2024-08-30 17:00:00,44.15
2024-08-30 18:00:00,0.0
2024-08-30 19:00:00,0.0
2024-08-30 20:00:00,0.0
2024-08-30 21:00:00,0.0
2024-08-30 22:00:00,0.0
2024-08-30 23:00:00,0.0
2024-08-31 00:00:00,0.0
2024-08-31 01:00:00,0.0
2024-08-31 02:00:00,0.0
2024-08-31 03:00:00,0.0
2024-08-31 04:00:00,0.0
2024-08-31 05:00:00,7.17
2024-08-31 06:00:00,82.23
2024-08-31 07:00:00,186.59
2024-08-31 08:00:00,292.56
2024-08-31 09:00:00,381.17
2024-08-31 10:00:00,444.38
2024-08-31 11:00:00,446.25
2024-08-31 12:00:00,508.72
2024-08-31 13:00:00,432.32
2024-08-31 14:00:00,331.02
2024-08-31 15:00:00,207.74
2024-08-31 16:00:00,108.72
2024-08-31 17:00:00,29.51
2024-08-31 18:00:00,0.0
2024-08-31 19:00:00,0.0
2024-08-31 20:00:00,0.0
2024-08-31 21:00:00,0.0
2024-08-31 22:00:00,0.0
2024-08-31 23:00:00,0.0
2024-09-01 00:00:00,0.0
2024-09-01 01:00:00,0.0
2024-09-01 02:00:00,0.0
2024-09-01 03:00:00,0.0
2024-09-01 04:00:00,0.0
2024-09-01 05:00:00,7.43
2024-09-01 06:00:00,70.96
2024-09-01 07:00:00,177.41
2024-09-01 08:00:00,257.0
2024-09-01 09:00:00,305.41
2024-09-01 10:00:00,303.01
2024-09-01 11:00:00,379.82
2024-09-01 12:00:00,329.36
2024-09-01 13:00:00,415.33
2024-09-01 14:00:00,352.08
2024-09-01 15:00:00,251.33
2024-09-01 16:00:00,135.74
2024-09-01 17:00:00,36.12
2024-09-01 18:00:00,0.0
2024-09-01 19:00:00,0.0
2024-09-01 20:00:00,0.0
2024-09-01 21:00:00,0.0
2024-09-01 22:00:00,0.0
2024-09-01 23:00:00,0.0
2024-09-02 00:00:00,0.0
2024-09-02 01:00:00,0.0
2024-09-02 02:00:00,0.0
2024-09-02 03:00:00,0.0
2024-09-02 04:00:00,0.0
2024-09-02 05:00:00,10.79
2024-09-02 06:00:00,76.32
2024-09-02 07:00:00,124.57
2024-09-02 08:00:00,196.16
2024-09-02 09:00:00,250.6
2024-09-02 10:00:00,262.9
2024-09-02 11:00:00,425.92
2024-09-02 12:00:00,419.42
2024-09-02 13:00:00,307.22
2024-09-02 14:00:00,209.46
2024-09-02 15:00:00,78.63
2024-09-02 16:00:00,47.9
2024-09-02 17:00:00,13.61
2024-09-02 18:00:00,0.0
2024-09-02 19:00:00,0.0
2024-09-02 20:00:00,0.0
2024-09-02 21:00:00,0.0
2024-09-02 22:00:00,0.0
2024-09-02 23:00:00,0.0
2024-09-03 00:00:00,0.0
2024-09-03 01:00:00,0.0
2024-09-03 02:00:00,0.0
2024-09-03 03:00:00,0.0
2024-09-03 04:00:00,0.0
2024-09-03 05:00:00,10.83
2024-09-03 06:00:00,78.5
2024-09-03 07:00:00,136.58
2024-09-03 08:00:00,235.21
2024-09-03 09:00:00,276.49
2024-09-03 10:00:00,331.34
2024-09-03 11:00:00,283.92
2024-09-03 12:00:00,334.7
2024-09-03 13:00:00,264.38
2024-09-03 14:00:00,365.28
2024-09-03 15:00:00,219.44
2024-09-03 16:00:00,125.47
2024-09-03 17:00:00,29.55
2024-09-03 18:00:00,0.0
2024-09-03 19:00:00,0.0
2024-09-03 20:00:00,0.0
2024-09-03 21:00:00,0.0
2024-09-03 22:00:00,0.0
2024-09-03 23:00:00,0.0
2024-09-04 00:00:00,0.0
2024-09-04 01:00:00,0.0
2024-09-04 02:00:00,0.0
2024-09-04 03:00:00,0.0
2024-09-04 04:00:00,0.0
2024-09-04 05:00:00,5.43
2024-09-04 06:00:00,76.99
2024-09-04 07:00:00,193.8
2024-09-04 08:00:00,319.31
2024-09-04 09:00:00,433.21
2024-09-04 10:00:00,495.54
2024-09-04 11:00:00,503.26
2024-09-04 12:00:00,431.0
2024-09-04 13:00:00,442.22
2024-09-04 14:00:00,396.71
2024-09-04 15:00:00,295.35
2024-09-04 16:00:00,152.07
2024-09-04 17:00:00,34.54
2024-09-04 18:00:00,0.0
2024-09-04 19:00:00,0.0
2024-09-04 20:00:00,0.0
2024-09-04 21:00:00,0.0
2024-09-04 22:00:00,0.0
2024-09-04 23:00:00,0.0
2024-09-05 00:00:00,0.0
2024-09-05 01:00:00,0.0
2024-09-05 02:00:00,0.0
2024-09-05 03:00:00,0.0
2024-09-05 04:00:00,0.0
2024-09-05 05:00:00,9.56
2024-09-05 06:00:00,79.46
2024-09-05 07:00:00,167.25
2024-09-05 08:00:00,302.59
2024-09-05 09:00:00,392.62
2024-09-05 10:00:00,485.57
2024-09-05 11:00:00,426.26
2024-09-05 12:00:00,372.32
2024-09-05 13:00:00,373.6
2024-09-05 14:00:00,318.61
2024-09-05 15:00:00,225.49
2024-09-05 16:00:00,140.69
2024-09-05 17:00:00,36.28
2024-09-05 18:00:00,0.0
2024-09-05 19:00:00,0.0
2024-09-05 20:00:00,0.0
2024-09-05 21:00:00,0.0
2024-09-05 22:00:00,0.0
2024-09-05 23:00:00,0.0
2024-09-06 00:00:00,0.0
2024-09-06 01:00:00,0.0
2024-09-06 02:00:00,0.0
2024-09-06 03:00:00,0.0
2024-09-06 04:00:00,0.0
2024-09-06 05:00:00,6.99
2024-09-06 06:00:00,88.25
2024-09-06 07:00:00,201.88
2024-09-06 08:00:00,275.07
2024-09-06 09:00:00,274.63
2024-09-06 10:00:00,265.18
2024-09-06 11:00:00,216.24
2024-09-06 12:00:00,222.56
2024-09-06 13:00:00,223.18
2024-09-06 14:00:00,150.0
2024-09-06 15:00:00,134.08
2024-09-06 16:00:00,106.25
2024-09-06 17:00:00,34.93
2024-09-06 18:00:00,0.0
2024-09-06 19:00:00,0.0
2024-09-06 20:00:00,0.0
2024-09-06 21:00:00,0.0
2024-09-06 22:00:00,0.0
2024-09-06 23:00:00,0.0
2024-09-07 00:00:00,0.0
2024-09-07 01:00:00,0.0
2024-09-07 02:00:00,0.0
2024-09-07 03:00:00,0.0
2024-09-07 04:00:00,0.0
2024-09-07 05:00:00,10.26
2024-09-07 06:00:00,88.15
2024-09-07 07:00:00,127.8
2024-09-07 08:00:00,153.22
2024-09-07 09:00:00,170.65
2024-09-07 10:00:00,185.79
2024-09-07 11:00:00,243.01
2024-09-07 12:00:00,214.5
2024-09-07 13:00:00,218.72
2024-09-07 14:00:00,174.67
2024-09-07 15:00:00,150.69
2024-09-07 16:00:00,123.24
2024-09-07 17:00:00,37.32
2024-09-07 18:00:00,0.0
2024-09-07 19:00:00,0.0
2024-09-07 20:00:00,0.0
2024-09-07 21:00:00,0.0
2024-09-07 22:00:00,0.0
2024-09-07 23:00:00,0.0
2024-09-08 00:00:00,0.0
2024-09-08 01:00:00,0.0
2024-09-08 02:00:00,0.0
2024-09-08 03:00:00,0.0
2024-09-08 04:00:00,0.0
2024-09-08 05:00:00,7.76
2024-09-08 06:00:00,88.27
2024-09-08 07:00:00,206.43
2024-09-08 08:00:00,284.55
2024-09-08 09:00:00,341.9
2024-09-08 10:00:00,253.23
2024-09-08 11:00:00,312.88
2024-09-08 12:00:00,307.14
2024-09-08 13:00:00,253.63
2024-09-08 14:00:00,196.19
2024-09-08 15:00:00,159.13
2024-09-08 16:00:00,120.27
2024-09-08 17:00:00,35.7
2024-09-08 18:00:00,0.0
2024-09-08 19:00:00,0.0
2024-09-08 20:00:00,0.0
2024-09-08 21:00:00,0.0
2024-09-08 22:00:00,0.0
2024-09-08 23:00:00,0.0
2024-09-09 00:00:00,0.0
2024-09-09 01:00:00,0.0
2024-09-09 02:00:00,0.0
2024-09-09 03:00:00,0.0
2024-09-09 04:00:00,0.0
2024-09-09 05:00:00,7.27
2024-09-09 06:00:00,76.51
2024-09-09 07:00:00,157.8
2024-09-09 08:00:00,235.76
2024-09-09 09:00:00,296.07
2024-09-09 10:00:00,320.34
2024-09-09 11:00:00,345.01
2024-09-09 12:00:00,451.7
2024-09-09 13:00:00,258.13
2024-09-09 14:00:00,280.22
2024-09-09 15:00:00,143.39
2024-09-09 16:00:00,77.9
2024-09-09 17:00:00,15.14
2024-09-09 18:00:00,0.0
2024-09-09 19:00:00,0.0
2024-09-09 20:00:00,0.0
2024-09-09 21:00:00,0.0
2024-09-09 22:00:00,0.0
2024-09-09 23:00:00,0.0
2024-09-10 00:00:00,0.0
2024-09-10 01:00:00,0.0
2024-09-10 02:00:00,0.0
2024-09-10 03:00:00,0.0
2024-09-10 04:00:00,0.0
2024-09-10 05:00:00,4.07
2024-09-10 06:00:00,62.27
2024-09-10 07:00:00,150.18
2024-09-10 08:00:00,245.21
2024-09-10 09:00:00,357.01
2024-09-10 10:00:00,461.73
2024-09-10 11:00:00,479.97
2024-09-10 12:00:00,305.89
2024-09-10 13:00:00,403.05
2024-09-10 14:00:00,314.8
2024-09-10 15:00:00,223.54
2024-09-10 16:00:00,137.64
2024-09-10 17:00:00,31.01
2024-09-10 18:00:00,0.0
2024-09-10 19:00:00,0.0
2024-09-10 20:00:00,0.0
2024-09-10 21:00:00,0.0
2024-09-10 22:00:00,0.0
2024-09-10 23:00:00,0.0
2024-09-11 00:00:00,0.0
2024-09-11 01:00:00,0.0
2024-09-11 02:00:00,0.0
2024-09-11 03:00:00,0.0
2024-09-11 04:00:00,0.0
2024-09-11 05:00:00,5.06
2024-09-11 06:00:00,69.49
2024-09-11 07:00:00,194.88
2024-09-11 08:00:00,332.57
2024-09-11 09:00:00,404.99
2024-09-11 10:00:00,495.2
2024-09-11 11:00:00,487.05
2024-09-11 12:00:00,303.78
2024-09-11 13:00:00,326.27
2024-09-11 14:00:00,315.25
2024-09-11 15:00:00,212.66
2024-09-11 16:00:00,121.7
2024-09-11 17:00:00,24.87
2024-09-11 18:00:00,0.0
2024-09-11 19:00:00,0.0
2024-09-11 20:00:00,0.0
2024-09-11 21:00:00,0.0
2024-09-11 22:00:00,0.0
2024-09-11 23:00:00,0.0
2024-09-12 00:00:00,0.0
2024-09-12 01:00:00,0.0
2024-09-12 02:00:00,0.0
2024-09-12 03:00:00,0.0
2024-09-12 04:00:00,0.0
2024-09-12 05:00:00,7.96
2024-09-12 06:00:00,77.81
2024-09-12 07:00:00,167.48
2024-09-12 08:00:00,213.03
2024-09-12 09:00:00,351.47
2024-09-12 10:00:00,483.77
2024-09-12 11:00:00,475.09
2024-09-12 12:00:00,318.1
2024-09-12 13:00:00,278.83
2024-09-12 14:00:00,319.0
2024-09-12 15:00:00,191.12
2024-09-12 16:00:00,100.98
2024-09-12 17:00:00,18.62
2024-09-12 18:00:00,0.0
2024-09-12 19:00:00,0.0
2024-09-12 20:00:00,0.0
2024-09-12 21:00:00,0.0
2024-09-12 22:00:00,0.0
2024-09-12 23:00:00,0.0
2024-09-13 00:00:00,0.0
2024-09-13 01:00:00,0.0
2024-09-13 02:00:00,0.0
2024-09-13 03:00:00,0.0
2024-09-13 04:00:00,0.0
2024-09-13 05:00:00,4.43
2024-09-13 06:00:00,40.91
2024-09-13 07:00:00,93.19
2024-09-13 08:00:00,141.33
2024-09-13 09:00:00,317.17
2024-09-13 10:00:00,256.92
2024-09-13 11:00:00,271.88
2024-09-13 12:00:00,233.44
2024-09-13 13:00:00,232.91
2024-09-13 14:00:00,246.96
2024-09-13 15:00:00,144.63
2024-09-13 16:00:00,72.4
2024-09-13 17:00:00,13.51
2024-09-13 18:00:00,0.0
2024-09-13 19:00:00,0.0
2024-09-13 20:00:00,0.0
2024-09-13 21:00:00,0.0
2024-09-13 22:00:00,0.0
2024-09-13 23:00:00,0.0
2024-09-14 00:00:00,0.0
2024-09-14 01:00:00,0.0
2024-09-14 02:00:00,0.0
2024-09-14 03:00:00,0.0
2024-09-14 04:00:00,0.0
2024-09-14 05:00:00,3.09
2024-09-14 06:00:00,42.51
2024-09-14 07:00:00,99.15
2024-09-14 08:00:00,158.88
2024-09-14 09:00:00,188.43
2024-09-14 10:00:00,209.77
2024-09-14 11:00:00,325.6
2024-09-14 12:00:00,414.99
2024-09-14 13:00:00,406.64
2024-09-14 14:00:00,367.36
2024-09-14 15:00:00,247.46
2024-09-14 16:00:00,117.75
2024-09-14 17:00:00,22.06
2024-09-14 18:00:00,0.0
2024-09-14 19:00:00,0.0
2024-09-14 20:00:00,0.0
2024-09-14 21:00:00,0.0
2024-09-14 22:00:00,0.0
2024-09-14 23:00:00,0.0
2024-09-15 00:00:00,0.0
2024-09-15 01:00:00,0.0
2024-09-15 02:00:00,0.0
2024-09-15 03:00:00,0.0
2024-09-15 04:00:00,0.0
2024-09-15 05:00:00,4.12
2024-09-15 06:00:00,53.93
2024-09-15 07:00:00,132.15
2024-09-15 08:00:00,227.32
2024-09-15 09:00:00,292.49
2024-09-15 10:00:00,376.2
2024-09-15 11:00:00,381.96
2024-09-15 12:00:00,267.34
2024-09-15 13:00:00,273.21
2024-09-15 14:00:00,198.44
2024-09-15 15:00:00,187.97
2024-09-15 16:00:00,89.93
2024-09-15 17:00:00,17.02
2024-09-15 18:00:00,0.0
2024-09-15 19:00:00,0.0
2024-09-15 20:00:00,0.0
2024-09-15 21:00:00,0.0
2024-09-15 22:00:00,0.0
2024-09-15 23:00:00,0.0
2024-09-16 00:00:00,0.0
2024-09-16 01:00:00,0.0
2024-09-16 02:00:00,0.0
2024-09-16 03:00:00,0.0
2024-09-16 04:00:00,0.0
2024-09-16 05:00:00,8.07
2024-09-16 06:00:00,90.61
2024-09-16 07:00:00,185.09
2024-09-16 08:00:00,225.88
2024-09-16 09:00:00,309.16
2024-09-16 10:00:00,395.7
2024-09-16 11:00:00,338.24
2024-09-16 12:00:00,220.02
2024-09-16 13:00:00,315.12
2024-09-16 14:00:00,302.93
2024-09-16 15:00:00,179.13
2024-09-16 16:00:00,132.12
2024-09-16 17:00:00,26.25
2024-09-16 18:00:00,0.0
2024-09-16 19:00:00,0.0
2024-09-16 20:00:00,0.0
2024-09-16 21:00:00,0.0
2024-09-16 22:00:00,0.0
2024-09-16 23:00:00,0.0
2024-09-17 00:00:00,0.0
2024-09-17 01:00:00,0.0
2024-09-17 02:00:00,0.0
2024-09-17 03:00:00,0.0
2024-09-17 04:00:00,0.0
2024-09-17 05:00:00,7.61
2024-09-17 06:00:00,78.33
2024-09-17 07:00:00,145.85
2024-09-17 08:00:00,165.8
2024-09-17 09:00:00,204.0
2024-09-17 10:00:00,239.53
2024-09-17 11:00:00,221.79
2024-09-17 12:00:00,174.48
2024-09-17 13:00:00,225.26
2024-09-17 14:00:00,176.72
2024-09-17 15:00:00,174.55
2024-09-17 16:00:00,117.92
2024-09-17 17:00:00,25.03
2024-09-17 18:00:00,0.0
2024-09-17 19:00:00,0.0
2024-09-17 20:00:00,0.0
2024-09-17 21:00:00,0.0
2024-09-17 22:00:00,0.0
2024-09-17 23:00:00,0.0
2024-09-18 00:00:00,0.0
2024-09-18 01:00:00,0.0
2024-09-18 02:00:00,0.0
2024-09-18 03:00:00,0.0
2024-09-18 04:00:00,0.0
2024-09-18 05:00:00,7.56
2024-09-18 06:00:00,70.99
2024-09-18 07:00:00,125.44
2024-09-18 08:00:00,192.41
2024-09-18 09:00:00,220.12
2024-09-18 10:00:00,286.28
2024-09-18 11:00:00,229.62
2024-09-18 12:00:00,224.16
2024-09-18 13:00:00,200.72
2024-09-18 14:00:00,209.94
2024-09-18 15:00:00,187.33
2024-09-18 16:00:00,131.09
2024-09-18 17:00:00,24.63
2024-09-18 18:00:00,0.0
2024-09-18 19:00:00,0.0
2024-09-18 20:00:00,0.0
2024-09-18 21:00:00,0.0
2024-09-18 22:00:00,0.0
2024-09-18 23:00:00,0.0
2024-09-19 00:00:00,0.0
2024-09-19 01:00:00,0.0
2024-09-19 02:00:00,0.0
2024-09-19 03:00:00,0.0
2024-09-19 04:00:00,0.0
2024-09-19 05:00:00,7.46
2024-09-19 06:00:00,76.54
2024-09-19 07:00:00,120.84
2024-09-19 08:00:00,150.26
2024-09-19 09:00:00,185.25
2024-09-19 10:00:00,160.48
2024-09-19 11:00:00,136.21
2024-09-19 12:00:00,121.54
2024-09-19 13:00:00,151.24
2024-09-19 14:00:00,140.24
2024-09-19 15:00:00,117.43
2024-09-19 16:00:00,82.31
2024-09-19 17:00:00,20.51
2024-09-19 18:00:00,0.0
2024-09-19 19:00:00,0.0
2024-09-19 20:00:00,0.0
2024-09-19 21:00:00,0.0
2024-09-19 22:00:00,0.0
2024-09-19 23:00:00,0.0
2024-09-20 00:00:00,0.0
2024-09-20 01:00:00,0.0
2024-09-20 02:00:00,0.0
2024-09-20 03:00:00,0.0
2024-09-20 04:00:00,0.0
2024-09-20 05:00:00,7.8
2024-09-20 06:00:00,74.48
2024-09-20 07:00:00,129.68
2024-09-20 08:00:00,167.27
2024-09-20 09:00:00,172.52
2024-09-20 10:00:00,187.18
2024-09-20 11:00:00,157.29
2024-09-20 12:00:00,166.86
2024-09-20 13:00:00,153.79
2024-09-20 14:00:00,145.01
2024-09-20 15:00:00,125.81
2024-09-20 16:00:00,88.39
2024-09-20 17:00:00,20.62
2024-09-20 18:00:00,0.0
2024-09-20 19:00:00,0.0
2024-09-20 20:00:00,0.0
2024-09-20 21:00:00,0.0
2024-09-20 22:00:00,0.0
2024-09-20 23:00:00,0.0
2024-09-21 00:00:00,0.0
2024-09-21 01:00:00,0.0
2024-09-21 02:00:00,0.0
2024-09-21 03:00:00,0.0
2024-09-21 04:00:00,0.0
2024-09-21 05:00:00,5.11
2024-09-21 06:00:00,53.95
2024-09-21 07:00:00,156.53
2024-09-21 08:00:00,118.63
2024-09-21 09:00:00,147.36
2024-09-21 10:00:00,214.81
2024-09-21 11:00:00,90.46
2024-09-21 12:00:00,48.79
2024-09-21 13:00:00,153.87
2024-09-21 14:00:00,300.3
2024-09-21 15:00:00,203.66
2024-09-21 16:00:00,93.58
2024-09-21 17:00:00,15.74
2024-09-21 18:00:00,0.0
2024-09-21 19:00:00,0.0
2024-09-21 20:00:00,0.0
2024-09-21 21:00:00,0.0
2024-09-21 22:00:00,0.0
2024-09-21 23:00:00,0.0
2024-09-22 00:00:00,0.0
2024-09-22 01:00:00,0.0
2024-09-22 02:00:00,0.0
2024-09-22 03:00:00,0.0
2024-09-22 04:00:00,0.0
2024-09-22 05:00:00,5.53
2024-09-22 06:00:00,90.59
2024-09-22 07:00:00,175.9
2024-09-22 08:00:00,215.45
2024-09-22 09:00:00,234.5
2024-09-22 10:00:00,200.86
2024-09-22 11:00:00,293.04
2024-09-22 12:00:00,196.12
2024-09-22 13:00:00,205.04
2024-09-22 14:00:00,168.9
2024-09-22 15:00:00,162.0
2024-09-22 16:00:00,102.78
2024-09-22 17:00:00,22.27
2024-09-22 18:00:00,0.0
2024-09-22 19:00:00,0.0
2024-09-22 20:00:00,0.0
2024-09-22 21:00:00,0.0
2024-09-22 22:00:00,0.0
2024-09-22 23:00:00,0.0
2024-09-23 00:00:00,0.0
2024-09-23 01:00:00,0.0
2024-09-23 02:00:00,0.0
2024-09-23 03:00:00,0.0
2024-09-23 04:00:00,0.0
2024-09-23 05:00:00,5.54
2024-09-23 06:00:00,64.86
2024-09-23 07:00:00,173.78
2024-09-23 08:00:00,286.33
2024-09-23 09:00:00,379.07
2024-09-23 10:00:00,437.05
2024-09-23 11:00:00,412.45
2024-09-23 12:00:00,391.6
2024-09-23 13:00:00,298.48
2024-09-23 14:00:00,301.39
2024-09-23 15:00:00,246.57
2024-09-23 16:00:00,124.59
2024-09-23 17:00:00,17.96
2024-09-23 18:00:00,0.0
2024-09-23 19:00:00,0.0
2024-09-23 20:00:00,0.0
2024-09-23 21:00:00,0.0
2024-09-23 22:00:00,0.0
2024-09-23 23:00:00,0.0
2024-09-24 00:00:00,0.0
2024-09-24 01:00:00,0.0
2024-09-24 02:00:00,0.0
2024-09-24 03:00:00,0.0
2024-09-24 04:00:00,0.0
2024-09-24 05:00:00,4.44
2024-09-24 06:00:00,83.14
2024-09-24 07:00:00,204.42
2024-09-24 08:00:00,328.7
2024-09-24 09:00:00,435.92
2024-09-24 10:00:00,411.11
2024-09-24 11:00:00,482.98
2024-09-24 12:00:00,481.49
2024-09-24 13:00:00,347.47
2024-09-24 14:00:00,280.86
2024-09-24 15:00:00,168.76
2024-09-24 16:00:00,69.64
2024-09-24 17:00:00,7.69
2024-09-24 18:00:00,0.0
2024-09-24 19:00:00,0.0
2024-09-24 20:00:00,0.0
2024-09-24 21:00:00,0.0
2024-09-24 22:00:00,0.0
2024-09-24 23:00:00,0.0
2024-09-25 00:00:00,0.0
2024-09-25 01:00:00,0.0
2024-09-25 02:00:00,0.0
2024-09-25 03:00:00,0.0
2024-09-25 04:00:00,0.0
2024-09-25 05:00:00,2.18
2024-09-25 06:00:00,49.58
2024-09-25 07:00:00,111.88
2024-09-25 08:00:00,190.67
2024-09-25 09:00:00,179.81
2024-09-25 10:00:00,185.78
2024-09-25 11:00:00,316.1
2024-09-25 12:00:00,313.78
2024-09-25 13:00:00,258.32
2024-09-25 14:00:00,150.52
2024-09-25 15:00:00,82.23
2024-09-25 16:00:00,33.45
2024-09-25 17:00:00,2.93
2024-09-25 18:00:00,0.0
2024-09-25 19:00:00,0.0
2024-09-25 20:00:00,0.0
2024-09-25 21:00:00,0.0
2024-09-25 22:00:00,0.0
2024-09-25 23:00:00,0.0
2024-09-26 00:00:00,0.0
2024-09-26 01:00:00,0.0
2024-09-26 02:00:00,0.0
2024-09-26 03:00:00,0.0
2024-09-26 04:00:00,0.0
2024-09-26 05:00:00,3.46
2024-09-26 06:00:00,66.98
2024-09-26 07:00:00,174.74
2024-09-26 08:00:00,303.29
2024-09-26 09:00:00,417.51
2024-09-26 10:00:00,476.76
2024-09-26 11:00:00,403.42
2024-09-26 12:00:00,347.22
2024-09-26 13:00:00,383.31
2024-09-26 14:00:00,272.43
2024-09-26 15:00:00,179.01
2024-09-26 16:00:00,86.1
2024-09-26 17:00:00,9.39
2024-09-26 18:00:00,0.0
2024-09-26 19:00:00,0.0
2024-09-26 20:00:00,0.0
2024-09-26 21:00:00,0.0
2024-09-26 22:00:00,0.0
2024-09-26 23:00:00,0.0
2024-09-27 00:00:00,0.0
2024-09-27 01:00:00,0.0
2024-09-27 02:00:00,0.0
2024-09-27 03:00:00,0.0
2024-09-27 04:00:00,0.0
2024-09-27 05:00:00,5.04
2024-09-27 06:00:00,79.63
2024-09-27 07:00:00,224.04
2024-09-27 08:00:00,300.94
2024-09-27 09:00:00,291.49
2024-09-27 10:00:00,337.88
2024-09-27 11:00:00,293.11
2024-09-27 12:00:00,281.36
2024-09-27 13:00:00,331.27
2024-09-27 14:00:00,289.86
2024-09-27 15:00:00,216.72
2024-09-27 16:00:00,108.69
2024-09-27 17:00:00,14.93
2024-09-27 18:00:00,0.0
2024-09-27 19:00:00,0.0
2024-09-27 20:00:00,0.0
2024-09-27 21:00:00,0.0
2024-09-27 22:00:00,0.0
2024-09-27 23:00:00,0.0
2024-09-28 00:00:00,0.0
2024-09-28 01:00:00,0.0
2024-09-28 02:00:00,0.0
2024-09-28 03:00:00,0.0
2024-09-28 04:00:00,0.0
2024-09-28 05:00:00,3.4
2024-09-28 06:00:00,67.58
2024-09-28 07:00:00,167.42
2024-09-28 08:00:00,253.61
2024-09-28 09:00:00,343.51
2024-09-28 10:00:00,405.97
2024-09-28 11:00:00,370.09
2024-09-28 12:00:00,359.18
2024-09-28 13:00:00,297.13
2024-09-28 14:00:00,214.6
2024-09-28 15:00:00,148.04
2024-09-28 16:00:00,76.98
2024-09-28 17:00:00,11.95
2024-09-28 18:00:00,0.0
2024-09-28 19:00:00,0.0
2024-09-28 20:00:00,0.0
2024-09-28 21:00:00,0.0
2024-09-28 22:00:00,0.0
2024-09-28 23:00:00,0.0
2024-09-29 00:00:00,0.0
2024-09-29 01:00:00,0.0
2024-09-29 02:00:00,0.0
2024-09-29 03:00:00,0.0
2024-09-29 04:00:00,0.0
2024-09-29 05:00:00,2.6
2024-09-29 06:00:00,44.54
2024-09-29 07:00:00,140.16
2024-09-29 08:00:00,214.35
2024-09-29 09:00:00,282.44
2024-09-29 10:00:00,234.13
2024-09-29 11:00:00,176.1
2024-09-29 12:00:00,224.9
2024-09-29 13:00:00,205.65
2024-09-29 14:00:00,191.71
2024-09-29 15:00:00,110.77
2024-09-29 16:00:00,39.24
2024-09-29 17:00:00,7.11
2024-09-29 18:00:00,0.0
2024-09-29 19:00:00,0.0
2024-09-29 20:00:00,0.0
2024-09-29 21:00:00,0.0
2024-09-29 22:00:00,0.0
2024-09-29 23:00:00,0.0
2024-09-30 00:00:00,0.0
2024-09-30 01:00:00,0.0
2024-09-30 02:00:00,0.0
2024-09-30 03:00:00,0.0
2024-09-30 04:00:00,0.0
2024-09-30 05:00:00,2.52
2024-09-30 06:00:00,34.16
2024-09-30 07:00:00,82.86
2024-09-30 08:00:00,134.48
2024-09-30 09:00:00,208.56
2024-09-30 10:00:00,272.34
2024-09-30 11:00:00,318.53
2024-09-30 12:00:00,332.3
2024-09-30 13:00:00,204.27
2024-09-30 14:00:00,260.87
2024-09-30 15:00:00,159.78
2024-09-30 16:00:00,66.8
2024-09-30 17:00:00,7.92
2024-09-30 18:00:00,0.0
2024-09-30 19:00:00,0.0
2024-09-30 20:00:00,0.0
2024-09-30 21:00:00,0.0
2024-09-30 22:00:00,0.0
2024-09-30 23:00:00,0.0
2024-10-01 00:00:00,0.0
2024-10-01 01:00:00,0.0
2024-10-01 02:00:00,0.0
2024-10-01 03:00:00,0.0
2024-10-01 04:00:00,0.0
2024-10-01 05:00:00,2.32
2024-10-01 06:00:00,6.76
2024-10-01 07:00:00,16.69
2024-10-01 08:00:00,30.33
2024-10-01 09:00:00,107.12
2024-10-01 10:00:00,273.29
2024-10-01 11:00:00,304.65
2024-10-01 12:00:00,220.67
2024-10-01 13:00:00,258.96
2024-10-01 14:00:00,226.08
2024-10-01 15:00:00,142.16
2024-10-01 16:00:00,62.21
2024-10-01 17:00:00,6.02
2024-10-01 18:00:00,0.0
2024-10-01 19:00:00,0.0
2024-10-01 20:00:00,0.0
2024-10-01 21:00:00,0.0
2024-10-01 22:00:00,0.0
2024-10-01 23:00:00,0.0
2024-10-02 00:00:00,0.0
2024-10-02 01:00:00,0.0
2024-10-02 02:00:00,0.0
2024-10-02 03:00:00,0.0
2024-10-02 04:00:00,0.0
2024-10-02 05:00:00,2.75
2024-10-02 06:00:00,62.77
2024-10-02 07:00:00,169.78
2024-10-02 08:00:00,276.41
2024-10-02 09:00:00,402.16
2024-10-02 10:00:00,351.27
2024-10-02 11:00:00,291.32
2024-10-02 12:00:00,277.48
2024-10-02 13:00:00,296.27
2024-10-02 14:00:00,266.66
2024-10-02 15:00:00,184.32
2024-10-02 16:00:00,77.29
2024-10-02 17:00:00,7.74
2024-10-02 18:00:00,0.0
2024-10-02 19:00:00,0.0
2024-10-02 20:00:00,0.0
2024-10-02 21:00:00,0.0
2024-10-02 22:00:00,0.0
2024-10-02 23:00:00,0.0
2024-10-03 00:00:00,0.0
2024-10-03 01:00:00,0.0
2024-10-03 02:00:00,0.0
2024-10-03 03:00:00,0.0
2024-10-03 04:00:00,0.0
2024-10-03 05:00:00,1.72
2024-10-03 06:00:00,28.88
2024-10-03 07:00:00,94.05
2024-10-03 08:00:00,158.22
2024-10-03 09:00:00,204.21
2024-10-03 10:00:00,119.47
2024-10-03 11:00:00,246.79
2024-10-03 12:00:00,272.11
2024-10-03 13:00:00,282.47
2024-10-03 14:00:00,248.95
2024-10-03 15:00:00,151.17
2024-10-03 16:00:00,70.55
2024-10-03 17:00:00,4.92
2024-10-03 18:00:00,0.0
2024-10-03 19:00:00,0.0
2024-10-03 20:00:00,0.0
2024-10-03 21:00:00,0.0
2024-10-03 22:00:00,0.0
2024-10-03 23:00:00,0.0
2024-10-04 00:00:00,0.0
2024-10-04 01:00:00,0.0
2024-10-04 02:00:00,0.0
2024-10-04 03:00:00,0.0
2024-10-04 04:00:00,0.0
2024-10-04 05:00:00,0.0
2024-10-04 06:00:00,65.55
2024-10-04 07:00:00,146.17
2024-10-04 08:00:00,224.73
2024-10-04 09:00:00,264.44
2024-10-04 10:00:00,393.35
2024-10-04 11:00:00,288.92
2024-10-04 12:00:00,450.4
2024-10-04 13:00:00,303.17
2024-10-04 14:00:00,301.79
2024-10-04 15:00:00,193.86
2024-10-04 16:00:00,76.31
2024-10-04 17:00:00,5.67
2024-10-04 18:00:00,0.0
2024-10-04 19:00:00,0.0
2024-10-04 20:00:00,0.0
2024-10-04 21:00:00,0.0
2024-10-04 22:00:00,0.0
2024-10-04 23:00:00,0.0
2024-10-05 00:00:00,0.0
2024-10-05 01:00:00,0.0
2024-10-05 02:00:00,0.0
2024-10-05 03:00:00,0.0
2024-10-05 04:00:00,0.0
2024-10-05 05:00:00,0.0
2024-10-05 06:00:00,58.89
2024-10-05 07:00:00,154.63
2024-10-05 08:00:00,257.18
2024-10-05 09:00:00,315.76
2024-10-05 10:00:00,439.7
2024-10-05 11:00:00,452.77
2024-10-05 12:00:00,427.41
2024-10-05 13:00:00,195.86
2024-10-05 14:00:00,332.97
2024-10-05 15:00:00,212.46
2024-10-05 16:00:00,92.63
2024-10-05 17:00:00,9.19
2024-10-05 18:00:00,0.0
2024-10-05 19:00:00,0.0
2024-10-05 20:00:00,0.0
2024-10-05 21:00:00,0.0
2024-10-05 22:00:00,0.0
2024-10-05 23:00:00,0.0
2024-10-06 00:00:00,0.0
2024-10-06 01:00:00,0.0
2024-10-06 02:00:00,0.0
2024-10-06 03:00:00,0.0
2024-10-06 04:00:00,0.0
2024-10-06 05:00:00,0.0
2024-10-06 06:00:00,68.73
2024-10-06 07:00:00,175.57
2024-10-06 08:00:00,269.16
2024-10-06 09:00:00,380.13
2024-10-06 10:00:00,445.98
2024-10-06 11:00:00,430.72
2024-10-06 12:00:00,300.39
2024-10-06 13:00:00,352.11
2024-10-06 14:00:00,263.92
2024-10-06 15:00:00,189.3
2024-10-06 16:00:00,77.04
2024-10-06 17:00:00,8.29
2024-10-06 18:00:00,0.0
2024-10-06 19:00:00,0.0
2024-10-06 20:00:00,0.0
2024-10-06 21:00:00,0.0
2024-10-06 22:00:00,0.0
2024-10-06 23:00:00,0.0
2024-10-07 00:00:00,0.0
2024-10-07 01:00:00,0.0
2024-10-07 02:00:00,0.0
2024-10-07 03:00:00,0.0
2024-10-07 04:00:00,0.0
2024-10-07 05:00:00,0.0
2024-10-07 06:00:00,35.48
2024-10-07 07:00:00,83.88
2024-10-07 08:00:00,126.06
2024-10-07 09:00:00,141.37
2024-10-07 10:00:00,198.17
2024-10-07 11:00:00,220.2
2024-10-07 12:00:00,293.25
2024-10-07 13:00:00,363.75
2024-10-07 14:00:00,280.34
2024-10-07 15:00:00,168.23
2024-10-07 16:00:00,72.83
2024-10-07 17:00:00,7.76
2024-10-07 18:00:00,0.0
2024-10-07 19:00:00,0.0
2024-10-07 20:00:00,0.0
2024-10-07 21:00:00,0.0
2024-10-07 22:00:00,0.0
2024-10-07 23:00:00,0.0
2024-10-08 00:00:00,0.0
2024-10-08 01:00:00,0.0
2024-10-08 02:00:00,0.0
2024-10-08 03:00:00,0.0
2024-10-08 04:00:00,0.0
2024-10-08 05:00:00,0.0
2024-10-08 06:00:00,64.61
2024-10-08 07:00:00,124.17
2024-10-08 08:00:00,238.32
2024-10-08 09:00:00,320.79
2024-10-08 10:00:00,350.52
2024-10-08 11:00:00,417.87
2024-10-08 12:00:00,258.51
2024-10-08 13:00:00,329.8
2024-10-08 14:00:00,246.4
2024-10-08 15:00:00,156.92
2024-10-08 16:00:00,74.01
2024-10-08 17:00:00,4.27
2024-10-08 18:00:00,0.0
2024-10-08 19:00:00,0.0
2024-10-08 20:00:00,0.0
2024-10-08 21:00:00,0.0
2024-10-08 22:00:00,0.0
2024-10-08 23:00:00,0.0
2024-10-09 00:00:00,0.0
2024-10-09 01:00:00,0.0
2024-10-09 02:00:00,0.0
2024-10-09 03:00:00,0.0
2024-10-09 04:00:00,0.0
2024-10-09 05:00:00,0.0
2024-10-09 06:00:00,68.95
2024-10-09 07:00:00,145.34
2024-10-09 08:00:00,195.17
2024-10-09 09:00:00,292.68
2024-10-09 10:00:00,362.2
2024-10-09 11:00:00,275.03
2024-10-09 12:00:00,358.86
2024-10-09 13:00:00,227.97
2024-10-09 14:00:00,312.45
2024-10-09 15:00:00,174.8
2024-10-09 16:00:00,72.56
2024-10-09 17:00:00,6.29
2024-10-09 18:00:00,0.0
2024-10-09 19:00:00,0.0
2024-10-09 20:00:00,0.0
2024-10-09 21:00:00,0.0
2024-10-09 22:00:00,0.0
2024-10-09 23:00:00,0.0
2024-10-10 00:00:00,0.0
2024-10-10 01:00:00,0.0
2024-10-10 02:00:00,0.0
2024-10-10 03:00:00,0.0
2024-10-10 04:00:00,0.0
2024-10-10 05:00:00,0.0
2024-10-10 06:00:00,30.99
2024-10-10 07:00:00,82.85
2024-10-10 08:00:00,150.49
2024-10-10 09:00:00,203.68
2024-10-10 10:00:00,310.1
2024-10-10 11:00:00,348.45
2024-10-10 12:00:00,327.24
2024-10-10 13:00:00,228.53
2024-10-10 14:00:00,326.82
2024-10-10 15:00:00,175.65
2024-10-10 16:00:00,70.31
2024-10-10 17:00:00,5.14
2024-10-10 18:00:00,0.0
2024-10-10 19:00:00,0.0
2024-10-10 20:00:00,0.0
2024-10-10 21:00:00,0.0
2024-10-10 22:00:00,0.0
2024-10-10 23:00:00,0.0
2024-10-11 00:00:00,0.0
2024-10-11 01:00:00,0.0
2024-10-11 02:00:00,0.0
2024-10-11 03:00:00,0.0
2024-10-11 04:00:00,0.0
2024-10-11 05:00:00,0.0
2024-10-11 06:00:00,30.74
2024-10-11 07:00:00,74.82
2024-10-11 08:00:00,120.18
2024-10-11 09:00:00,167.08
2024-10-11 10:00:00,300.03
2024-10-11 11:00:00,320.3
2024-10-11 12:00:00,136.48
2024-10-11 13:00:00,75.25
2024-10-11 14:00:00,122.69
2024-10-11 15:00:00,72.71
2024-10-11 16:00:00,30.46
2024-10-11 17:00:00,2.94
2024-10-11 18:00:00,0.0
2024-10-11 19:00:00,0.0
2024-10-11 20:00:00,0.0
2024-10-11 21:00:00,0.0
2024-10-11 22:00:00,0.0
2024-10-11 23:00:00,0.0
2024-10-12 00:00:00,0.0
2024-10-12 01:00:00,0.0
2024-10-12 02:00:00,0.0
2024-10-12 03:00:00,0.0
2024-10-12 04:00:00,0.0
2024-10-12 05:00:00,0.0
2024-10-12 06:00:00,49.99
2024-10-12 07:00:00,140.1
2024-10-12 08:00:00,193.55
2024-10-12 09:00:00,245.81
2024-10-12 10:00:00,282.34
2024-10-12 11:00:00,290.9
2024-10-12 12:00:00,243.86
2024-10-12 13:00:00,231.29
2024-10-12 14:00:00,181.0
2024-10-12 15:00:00,150.12
2024-10-12 16:00:00,56.07
2024-10-12 17:00:00,3.5
2024-10-12 18:00:00,0.0
2024-10-12 19:00:00,0.0
2024-10-12 20:00:00,0.0
2024-10-12 21:00:00,0.0
2024-10-12 22:00:00,0.0
2024-10-12 23:00:00,0.0
2024-10-13 00:00:00,0.0
2024-10-13 01:00:00,0.0
2024-10-13 02:00:00,0.0
2024-10-13 03:00:00,0.0
2024-10-13 04:00:00,0.0
2024-10-13 05:00:00,0.0
2024-10-13 06:00:00,56.86
2024-10-13 07:00:00,126.32
2024-10-13 08:00:00,219.23
2024-10-13 09:00:00,265.35
2024-10-13 10:00:00,296.87
2024-10-13 11:00:00,296.3
2024-10-13 12:00:00,284.14
2024-10-13 13:00:00,345.06
2024-10-13 14:00:00,258.93
2024-10-13 15:00:00,190.29
2024-10-13 16:00:00,69.7
2024-10-13 17:00:00,0.0
2024-10-13 18:00:00,0.0
2024-10-13 19:00:00,0.0
2024-10-13 20:00:00,0.0
2024-10-13 21:00:00,0.0
2024-10-13 22:00:00,0.0
2024-10-13 23:00:00,0.0
2024-10-14 00:00:00,0.0
2024-10-14 01:00:00,0.0
2024-10-14 02:00:00,0.0
2024-10-14 03:00:00,0.0
2024-10-14 04:00:00,0.0
2024-10-14 05:00:00,0.0
2024-10-14 06:00:00,62.3
2024-10-14 07:00:00,127.26
2024-10-14 08:00:00,229.05
2024-10-14 09:00:00,239.25
2024-10-14 10:00:00,232.02
2024-10-14 11:00:00,291.89
2024-10-14 12:00:00,250.99
2024-10-14 13:00:00,259.46
2024-10-14 14:00:00,220.36
2024-10-14 15:00:00,128.21
2024-10-14 16:00:00,61.12
2024-10-14 17:00:00,0.0
2024-10-14 18:00:00,0.0
2024-10-14 19:00:00,0.0
2024-10-14 20:00:00,0.0
2024-10-14 21:00:00,0.0
2024-10-14 22:00:00,0.0
2024-10-14 23:00:00,0.0
2024-10-15 00:00:00,0.0
2024-10-15 01:00:00,0.0
2024-10-15 02:00:00,0.0
2024-10-15 03:00:00,0.0
2024-10-15 04:00:00,0.0
2024-10-15 05:00:00,0.0
2024-10-15 06:00:00,52.25
2024-10-15 07:00:00,153.6
2024-10-15 08:00:00,274.04
2024-10-15 09:00:00,419.41
2024-10-15 10:00:00,508.04
2024-10-15 11:00:00,478.14
2024-10-15 12:00:00,459.08
2024-10-15 13:00:00,281.83
2024-10-15 14:00:00,302.22
2024-10-15 15:00:00,163.93
2024-10-15 16:00:00,64.73
2024-10-15 17:00:00,0.0
2024-10-15 18:00:00,0.0
2024-10-15 19:00:00,0.0
2024-10-15 20:00:00,0.0
2024-10-15 21:00:00,0.0
2024-10-15 22:00:00,0.0
2024-10-15 23:00:00,0.0
2024-10-16 00:00:00,0.0
2024-10-16 01:00:00,0.0
2024-10-16 02:00:00,0.0
2024-10-16 03:00:00,0.0
2024-10-16 04:00:00,0.0
2024-10-16 05:00:00,0.0
2024-10-16 06:00:00,57.88
2024-10-16 07:00:00,123.14
2024-10-16 08:00:00,207.87
2024-10-16 09:00:00,262.51
2024-10-16 10:00:00,306.05
2024-10-16 11:00:00,273.93
2024-10-16 12:00:00,322.69
2024-10-16 13:00:00,245.51
2024-10-16 14:00:00,225.12
2024-10-16 15:00:00,148.35
2024-10-16 16:00:00,75.22
2024-10-16 17:00:00,0.0
2024-10-16 18:00:00,0.0
2024-10-16 19:00:00,0.0
2024-10-16 20:00:00,0.0
2024-10-16 21:00:00,0.0
2024-10-16 22:00:00,0.0
2024-10-16 23:00:00,0.0
2024-10-17 00:00:00,0.0
2024-10-17 01:00:00,0.0
2024-10-17 02:00:00,0.0
2024-10-17 03:00:00,0.0
2024-10-17 04:00:00,0.0
2024-10-17 05:00:00,0.0
2024-10-17 06:00:00,60.4
2024-10-17 07:00:00,146.36
2024-10-17 08:00:00,210.65
2024-10-17 09:00:00,228.52
2024-10-17 10:00:00,229.14
2024-10-17 11:00:00,276.05
2024-10-17 12:00:00,267.01
2024-10-17 13:00:00,352.31
2024-10-17 14:00:00,330.94
2024-10-17 15:00:00,163.1
2024-10-17 16:00:00,56.42
2024-10-17 17:00:00,0.0
2024-10-17 18:00:00,0.0
2024-10-17 19:00:00,0.0
2024-10-17 20:00:00,0.0
2024-10-17 21:00:00,0.0
2024-10-17 22:00:00,0.0
2024-10-17 23:00:00,0.0
2024-10-18 00:00:00,0.0
2024-10-18 01:00:00,0.0
2024-10-18 02:00:00,0.0
2024-10-18 03:00:00,0.0
2024-10-18 04:00:00,0.0
2024-10-18 05:00:00,0.0
2024-10-18 06:00:00,50.37
2024-10-18 07:00:00,144.03
2024-10-18 08:00:00,221.17
2024-10-18 09:00:00,315.44
2024-10-18 10:00:00,285.15
2024-10-18 11:00:00,311.27
2024-10-18 12:00:00,250.43
2024-10-18 13:00:00,220.95
2024-10-18 14:00:00,187.2
2024-10-18 15:00:00,95.4
2024-10-18 16:00:00,39.16
2024-10-18 17:00:00,0.0
2024-10-18 18:00:00,0.0
2024-10-18 19:00:00,0.0
2024-10-18 20:00:00,0.0
2024-10-18 21:00:00,0.0
2024-10-18 22:00:00,0.0
2024-10-18 23:00:00,0.0
2024-10-19 00:00:00,0.0
2024-10-19 01:00:00,0.0
2024-10-19 02:00:00,0.0
2024-10-19 03:00:00,0.0
2024-10-19 04:00:00,0.0
2024-10-19 05:00:00,0.0
2024-10-19 06:00:00,21.18
2024-10-19 07:00:00,63.39
2024-10-19 08:00:00,111.38
2024-10-19 09:00:00,236.01
2024-10-19 10:00:00,349.38
2024-10-19 11:00:00,370.27
2024-10-19 12:00:00,279.3
2024-10-19 13:00:00,370.61
2024-10-19 14:00:00,288.58
2024-10-19 15:00:00,171.03
2024-10-19 16:00:00,58.14
2024-10-19 17:00:00,0.0
2024-10-19 18:00:00,0.0
2024-10-19 19:00:00,0.0
2024-10-19 20:00:00,0.0
2024-10-19 21:00:00,0.0
2024-10-19 22:00:00,0.0
2024-10-19 23:00:00,0.0
2024-10-20 00:00:00,0.0
2024-10-20 01:00:00,0.0
2024-10-20 02:00:00,0.0
2024-10-20 03:00:00,0.0
2024-10-20 04:00:00,0.0
2024-10-20 05:00:00,0.0
2024-10-20 06:00:00,52.16
2024-10-20 07:00:00,131.56
2024-10-20 08:00:00,189.24
2024-10-20 09:00:00,209.49
2024-10-20 10:00:00,298.04
2024-10-20 11:00:00,359.91
2024-10-20 12:00:00,336.22
2024-10-20 13:00:00,206.05
2024-10-20 14:00:00,261.59
2024-10-20 15:00:00,157.1
2024-10-20 16:00:00,65.03
2024-10-20 17:00:00,0.0
2024-10-20 18:00:00,0.0
2024-10-20 19:00:00,0.0
2024-10-20 20:00:00,0.0
2024-10-20 21:00:00,0.0
2024-10-20 22:00:00,0.0
2024-10-20 23:00:00,0.0
2024-10-21 00:00:00,0.0
2024-10-21 01:00:00,0.0
2024-10-21 02:00:00,0.0
2024-10-21 03:00:00,0.0
2024-10-21 04:00:00,0.0
2024-10-21 05:00:00,0.0
2024-10-21 06:00:00,67.59
2024-10-21 07:00:00,179.51
2024-10-21 08:00:00,233.24
2024-10-21 09:00:00,255.21
2024-10-21 10:00:00,269.04
2024-10-21 11:00:00,296.48
2024-10-21 12:00:00,320.92
2024-10-21 13:00:00,268.24
2024-10-21 14:00:00,250.75
2024-10-21 15:00:00,150.94
2024-10-21 16:00:00,56.0
2024-10-21 17:00:00,0.0
2024-10-21 18:00:00,0.0
2024-10-21 19:00:00,0.0
2024-10-21 20:00:00,0.0
2024-10-21 21:00:00,0.0
2024-10-21 22:00:00,0.0
2024-10-21 23:00:00,0.0
2024-10-22 00:00:00,0.0
2024-10-22 01:00:00,0.0
2024-10-22 02:00:00,0.0
2024-10-22 03:00:00,0.0
2024-10-22 04:00:00,0.0
2024-10-22 05:00:00,0.0
2024-10-22 06:00:00,59.69
2024-10-22 07:00:00,157.05
2024-10-22 08:00:00,218.56
2024-10-22 09:00:00,271.88
2024-10-22 10:00:00,293.34
2024-10-22 11:00:00,280.85
2024-10-22 12:00:00,225.84
2024-10-22 13:00:00,262.88
2024-10-22 14:00:00,177.61
2024-10-22 15:00:00,148.82
2024-10-22 16:00:00,60.17
2024-10-22 17:00:00,0.0
2024-10-22 18:00:00,0.0
2024-10-22 19:00:00,0.0
2024-10-22 20:00:00,0.0
2024-10-22 21:00:00,0.0
2024-10-22 22:00:00,0.0
2024-10-22 23:00:00,0.0
2024-10-23 00:00:00,0.0
2024-10-23 01:00:00,0.0
2024-10-23 02:00:00,0.0
2024-10-23 03:00:00,0.0
2024-10-23 04:00:00,0.0
2024-10-23 05:00:00,0.0
2024-10-23 06:00:00,29.69
2024-10-23 07:00:00,93.6
2024-10-23 08:00:00,157.39
2024-10-23 09:00:00,186.54
2024-10-23 10:00:00,232.02
2024-10-23 11:00:00,250.98
2024-10-23 12:00:00,168.91
2024-10-23 13:00:00,188.14
2024-10-23 14:00:00,143.94
2024-10-23 15:00:00,70.64
2024-10-23 16:00:00,22.62
2024-10-23 17:00:00,0.0
2024-10-23 18:00:00,0.0
2024-10-23 19:00:00,0.0
2024-10-23 20:00:00,0.0
2024-10-23 21:00:00,0.0
2024-10-23 22:00:00,0.0
2024-10-23 23:00:00,0.0
2024-10-24 00:00:00,0.0
2024-10-24 01:00:00,0.0
2024-10-24 02:00:00,0.0
2024-10-24 03:00:00,0.0
2024-10-24 04:00:00,0.0
2024-10-24 05:00:00,0.0
2024-10-24 06:00:00,33.4
2024-10-24 07:00:00,90.82
2024-10-24 08:00:00,164.97
2024-10-24 09:00:00,291.9
2024-10-24 10:00:00,348.7
2024-10-24 11:00:00,363.12
2024-10-24 12:00:00,270.46
2024-10-24 13:00:00,304.57
2024-10-24 14:00:00,229.02
2024-10-24 15:00:00,133.79
2024-10-24 16:00:00,40.55
2024-10-24 17:00:00,0.0
2024-10-24 18:00:00,0.0
2024-10-24 19:00:00,0.0
2024-10-24 20:00:00,0.0
2024-10-24 21:00:00,0.0
2024-10-24 22:00:00,0.0
2024-10-24 23:00:00,0.0
2024-10-25 00:00:00,0.0
2024-10-25 01:00:00,0.0
2024-10-25 02:00:00,0.0
2024-10-25 03:00:00,0.0
2024-10-25 04:00:00,0.0
2024-10-25 05:00:00,0.0
2024-10-25 06:00:00,66.18
2024-10-25 07:00:00,150.52
2024-10-25 08:00:00,158.38
2024-10-25 09:00:00,211.36
2024-10-25 10:00:00,280.58
2024-10-25 11:00:00,349.88
2024-10-25 12:00:00,370.52
2024-10-25 13:00:00,322.34
2024-10-25 14:00:00,283.65
2024-10-25 15:00:00,167.89
2024-10-25 16:00:00,52.56
2024-10-25 17:00:00,0.0
2024-10-25 18:00:00,0.0
2024-10-25 19:00:00,0.0
2024-10-25 20:00:00,0.0
2024-10-25 21:00:00,0.0
2024-10-25 22:00:00,0.0
2024-10-25 23:00:00,0.0
2024-10-26 00:00:00,0.0
2024-10-26 01:00:00,0.0
2024-10-26 02:00:00,0.0
2024-10-26 03:00:00,0.0
2024-10-26 04:00:00,0.0
2024-10-26 05:00:00,0.0
2024-10-26 06:00:00,48.19
2024-10-26 07:00:00,112.81
2024-10-26 08:00:00,146.33
2024-10-26 09:00:00,221.26
2024-10-26 10:00:00,260.1
2024-10-26 11:00:00,283.66
2024-10-26 12:00:00,272.72
2024-10-26 13:00:00,180.97
2024-10-26 14:00:00,155.52
2024-10-26 15:00:00,116.98
2024-10-26 16:00:00,41.49
2024-10-26 17:00:00,0.0
2024-10-26 18:00:00,0.0
2024-10-26 19:00:00,0.0
2024-10-26 20:00:00,0.0
2024-10-26 21:00:00,0.0
2024-10-26 22:00:00,0.0
2024-10-26 23:00:00,0.0
2024-10-27 00:00:00,0.0
2024-10-27 01:00:00,0.0
2024-10-27 02:00:00,0.0
2024-10-27 03:00:00,0.0
2024-10-27 04:00:00,0.0
2024-10-27 05:00:00,0.0
2024-10-27 06:00:00,49.7
2024-10-27 07:00:00,136.05
2024-10-27 08:00:00,170.62
2024-10-27 09:00:00,212.0
2024-10-27 10:00:00,253.37
2024-10-27 11:00:00,237.14
2024-10-27 12:00:00,220.19
2024-10-27 13:00:00,169.35
2024-10-27 14:00:00,188.03
2024-10-27 15:00:00,133.75
2024-10-27 16:00:00,52.28
2024-10-27 17:00:00,0.0
2024-10-27 18:00:00,0.0
2024-10-27 19:00:00,0.0
2024-10-27 20:00:00,0.0
2024-10-27 21:00:00,0.0
2024-10-27 22:00:00,0.0
2024-10-27 23:00:00,0.0
2024-10-28 00:00:00,0.0
2024-10-28 01:00:00,0.0
2024-10-28 02:00:00,0.0
2024-10-28 03:00:00,0.0
2024-10-28 04:00:00,0.0
2024-10-28 05:00:00,0.0
2024-10-28 06:00:00,46.38
2024-10-28 07:00:00,103.67
2024-10-28 08:00:00,182.83
2024-10-28 09:00:00,184.58
2024-10-28 10:00:00,170.29
2024-10-28 11:00:00,165.19
2024-10-28 12:00:00,162.88
2024-10-28 13:00:00,142.43
2024-10-28 14:00:00,131.41
2024-10-28 15:00:00,96.46
2024-10-28 16:00:00,42.03
2024-10-28 17:00:00,0.0
2024-10-28 18:00:00,0.0
2024-10-28 19:00:00,0.0
2024-10-28 20:00:00,0.0
2024-10-28 21:00:00,0.0
2024-10-28 22:00:00,0.0
2024-10-28 23:00:00,0.0
2024-10-29 00:00:00,0.0
2024-10-29 01:00:00,0.0
2024-10-29 02:00:00,0.0
2024-10-29 03:00:00,0.0
2024-10-29 04:00:00,0.0
2024-10-29 05:00:00,0.0
2024-10-29 06:00:00,49.31
2024-10-29 07:00:00,126.92
2024-10-29 08:00:00,190.13
2024-10-29 09:00:00,225.25
2024-10-29 10:00:00,227.74
2024-10-29 11:00:00,205.8
2024-10-29 12:00:00,168.65
2024-10-29 13:00:00,207.39
2024-10-29 14:00:00,150.25
2024-10-29 15:00:00,108.54
2024-10-29 16:00:00,44.47
2024-10-29 17:00:00,0.0
2024-10-29 18:00:00,0.0
2024-10-29 19:00:00,0.0
2024-10-29 20:00:00,0.0
2024-10-29 21:00:00,0.0
2024-10-29 22:00:00,0.0
2024-10-29 23:00:00,0.0
2024-10-30 00:00:00,0.0
2024-10-30 01:00:00,0.0
2024-10-30 02:00:00,0.0
2024-10-30 03:00:00,0.0
2024-10-30 04:00:00,0.0
2024-10-30 05:00:00,0.0
2024-10-30 06:00:00,42.68
2024-10-30 07:00:00,115.48
2024-10-30 08:00:00,187.49
2024-10-30 09:00:00,301.92
2024-10-30 10:00:00,327.04
2024-10-30 11:00:00,342.05
2024-10-30 12:00:00,223.64
2024-10-30 13:00:00,127.26
2024-10-30 14:00:00,260.62
2024-10-30 15:00:00,104.47
2024-10-30 16:00:00,35.0
2024-10-30 17:00:00,0.0
2024-10-30 18:00:00,0.0
2024-10-30 19:00:00,0.0
2024-10-30 20:00:00,0.0
2024-10-30 21:00:00,0.0
2024-10-30 22:00:00,0.0
2024-10-30 23:00:00,0.0
2024-10-31 00:00:00,0.0
2024-10-31 01:00:00,0.0
2024-10-31 02:00:00,0.0
2024-10-31 03:00:00,0.0
2024-10-31 04:00:00,0.0
2024-10-31 05:00:00,0.0
2024-10-31 06:00:00,29.36
2024-10-31 07:00:00,88.04
2024-10-31 08:00:00,152.08
2024-10-31 09:00:00,222.3
2024-10-31 10:00:00,259.63
2024-10-31 11:00:00,296.33
2024-10-31 12:00:00,254.25
2024-10-31 13:00:00,185.75
2024-10-31 14:00:00,162.03
2024-10-31 15:00:00,116.87
2024-10-31 16:00:00,42.84
2024-10-31 17:00:00,0.0
2024-10-31 18:00:00,0.0
2024-10-31 19:00:00,0.0
2024-10-31 20:00:00,0.0
2024-10-31 21:00:00,0.0
2024-10-31 22:00:00,0.0
2024-10-31 23:00:00,0.0
2024-11-01 00:00:00,0.0
2024-11-01 01:00:00,0.0
2024-11-01 02:00:00,0.0
2024-11-01 03:00:00,0.0
2024-11-01 04:00:00,0.0
2024-11-01 05:00:00,0.1
2024-11-01 06:00:00,37.07
2024-11-01 07:00:00,131.28
2024-11-01 08:00:00,201.81
2024-11-01 09:00:00,276.6
2024-11-01 10:00:00,284.02
2024-11-01 11:00:00,266.72
2024-11-01 12:00:00,270.36
2024-11-01 13:00:00,169.78
2024-11-01 14:00:00,196.44
2024-11-01 15:00:00,100.85
2024-11-01 16:00:00,41.21
2024-11-01 17:00:00,0.0
2024-11-01 18:00:00,0.0
2024-11-01 19:00:00,0.0
2024-11-01 20:00:00,0.0
2024-11-01 21:00:00,0.0
2024-11-01 22:00:00,0.0
2024-11-01 23:00:00,0.0
2024-11-02 00:00:00,0.0
2024-11-02 01:00:00,0.0
2024-11-02 02:00:00,0.0
2024-11-02 03:00:00,0.0
2024-11-02 04:00:00,0.0
2024-11-02 05:00:00,0.0
2024-11-02 06:00:00,44.93
2024-11-02 07:00:00,125.91
2024-11-02 08:00:00,182.76
2024-11-02 09:00:00,209.5
2024-11-02 10:00:00,216.88
2024-11-02 11:00:00,196.27
2024-11-02 12:00:00,178.16
2024-11-02 13:00:00,173.6
2024-11-02 14:00:00,150.7
2024-11-02 15:00:00,110.27
2024-11-02 16:00:00,40.91
2024-11-02 17:00:00,0.0
2024-11-02 18:00:00,0.0
2024-11-02 19:00:00,0.0
2024-11-02 20:00:00,0.0
2024-11-02 21:00:00,0.0
2024-11-02 22:00:00,0.0
2024-11-02 23:00:00,0.0
2024-11-03 00:00:00,0.0
2024-11-03 01:00:00,0.0
2024-11-03 02:00:00,0.0
2024-11-03 03:00:00,0.0
2024-11-03 04:00:00,0.0
2024-11-03 05:00:00,0.0
2024-11-03 06:00:00,43.47
2024-11-03 07:00:00,113.27
2024-11-03 08:00:00,167.52
2024-11-03 09:00:00,212.18
2024-11-03 10:00:00,209.61
2024-11-03 11:00:00,145.68
2024-11-03 12:00:00,148.24
2024-11-03 13:00:00,138.36
2024-11-03 14:00:00,116.62
2024-11-03 15:00:00,87.37
2024-11-03 16:00:00,35.44
2024-11-03 17:00:00,0.0
2024-11-03 18:00:00,0.0
2024-11-03 19:00:00,0.0
2024-11-03 20:00:00,0.0
2024-11-03 21:00:00,0.0
2024-11-03 22:00:00,0.0
2024-11-03 23:00:00,0.0
2024-11-04 00:00:00,0.0
2024-11-04 01:00:00,0.0
2024-11-04 02:00:00,0.0
2024-11-04 03:00:00,0.0
2024-11-04 04:00:00,0.0
2024-11-04 05:00:00,0.0
2024-11-04 06:00:00,39.89
2024-11-04 07:00:00,105.57
2024-11-04 08:00:00,158.02
2024-11-04 09:00:00,150.39
2024-11-04 10:00:00,147.29
2024-11-04 11:00:00,146.36
2024-11-04 12:00:00,144.95
2024-11-04 13:00:00,132.63
2024-11-04 14:00:00,124.52
2024-11-04 15:00:00,92.46
2024-11-04 16:00:00,38.9
2024-11-04 17:00:00,0.0
2024-11-04 18:00:00,0.0
2024-11-04 19:00:00,0.0
2024-11-04 20:00:00,0.0
2024-11-04 21:00:00,0.0
2024-11-04 22:00:00,0.0
2024-11-04 23:00:00,0.0
2024-11-05 00:00:00,0.0
2024-11-05 01:00:00,0.0
2024-11-05 02:00:00,0.0
2024-11-05 03:00:00,0.0
2024-11-05 04:00:00,0.0
2024-11-05 05:00:00,0.0
2024-11-05 06:00:00,34.98
2024-11-05 07:00:00,122.59
2024-11-05 08:00:00,193.66
2024-11-05 09:00:00,260.57
2024-11-05 10:00:00,270.72
2024-11-05 11:00:00,301.82
2024-11-05 12:00:00,237.49
2024-11-05 13:00:00,196.63
2024-11-05 14:00:00,191.48
2024-11-05 15:00:00,135.1
2024-11-05 16:00:00,39.12
2024-11-05 17:00:00,0.0
2024-11-05 18:00:00,0.0
2024-11-05 19:00:00,0.0
2024-11-05 20:00:00,0.0
2024-11-05 21:00:00,0.0
2024-11-05 22:00:00,0.0
2024-11-05 23:00:00,0.0
2024-11-06 00:00:00,0.0
2024-11-06 01:00:00,0.0
2024-11-06 02:00:00,0.0
2024-11-06 03:00:00,0.0
2024-11-06 04:00:00,0.0
2024-11-06 05:00:00,0.0
2024-11-06 06:00:00,39.66
2024-11-06 07:00:00,133.89
2024-11-06 08:00:00,209.14
2024-11-06 09:00:00,234.68
2024-11-06 10:00:00,284.62
2024-11-06 11:00:00,340.69
2024-11-06 12:00:00,323.2
2024-11-06 13:00:00,295.96
2024-11-06 14:00:00,241.26
2024-11-06 15:00:00,136.2
2024-11-06 16:00:00,34.75
2024-11-06 17:00:00,0.0
2024-11-06 18:00:00,0.0
2024-11-06 19:00:00,0.0
2024-11-06 20:00:00,0.0
2024-11-06 21:00:00,0.0
2024-11-06 22:00:00,0.0
2024-11-06 23:00:00,0.0
2024-11-07 00:00:00,0.0
2024-11-07 01:00:00,0.0
2024-11-07 02:00:00,0.0
2024-11-07 03:00:00,0.0
2024-11-07 04:00:00,0.0
2024-11-07 05:00:00,0.0
2024-11-07 06:00:00,30.47
2024-11-07 07:00:00,124.97
2024-11-07 08:00:00,206.64
2024-11-07 09:00:00,258.56
2024-11-07 10:00:00,287.5
2024-11-07 11:00:00,346.33
2024-11-07 12:00:00,255.57
2024-11-07 13:00:00,298.88
2024-11-07 14:00:00,200.58
2024-11-07 15:00:00,111.66
2024-11-07 16:00:00,30.17
2024-11-07 17:00:00,0.0
2024-11-07 18:00:00,0.0
2024-11-07 19:00:00,0.0
2024-11-07 20:00:00,0.0
2024-11-07 21:00:00,0.0
2024-11-07 22:00:00,0.0
2024-11-07 23:00:00,0.0
2024-11-08 00:00:00,0.0
2024-11-08 01:00:00,0.0
2024-11-08 02:00:00,0.0
2024-11-08 03:00:00,0.0
2024-11-08 04:00:00,0.0
2024-11-08 05:00:00,0.0
2024-11-08 06:00:00,35.75
2024-11-08 07:00:00,78.73
2024-11-08 08:00:00,101.06
2024-11-08 09:00:00,121.68
2024-11-08 10:00:00,183.81
2024-11-08 11:00:00,190.2
2024-11-08 12:00:00,140.06
2024-11-08 13:00:00,174.31
2024-11-08 14:00:00,134.05
2024-11-08 15:00:00,93.1
2024-11-08 16:00:00,33.74
2024-11-08 17:00:00,0.0
2024-11-08 18:00:00,0.0
2024-11-08 19:00:00,0.0
2024-11-08 20:00:00,0.0
2024-11-08 21:00:00,0.0
2024-11-08 22:00:00,0.0
2024-11-08 23:00:00,0.0
2024-11-09 00:00:00,0.0
2024-11-09 01:00:00,0.0
2024-11-09 02:00:00,0.0
2024-11-09 03:00:00,0.0
2024-11-09 04:00:00,0.0
2024-11-09 05:00:00,0.0
2024-11-09 06:00:00,34.6
2024-11-09 07:00:00,87.44
2024-11-09 08:00:00,124.01
2024-11-09 09:00:00,153.69
2024-11-09 10:00:00,214.57
2024-11-09 11:00:00,207.69
2024-11-09 12:00:00,128.85
2024-11-09 13:00:00,153.37
2024-11-09 14:00:00,105.05
2024-11-09 15:00:00,75.9
2024-11-09 16:00:00,30.16
2024-11-09 17:00:00,0.0
2024-11-09 18:00:00,0.0
2024-11-09 19:00:00,0.0
2024-11-09 20:00:00,0.0
2024-11-09 21:00:00,0.0
2024-11-09 22:00:00,0.0
2024-11-09 23:00:00,0.0
2024-11-10 00:00:00,0.0
2024-11-10 01:00:00,0.0
2024-11-10 02:00:00,0.0
2024-11-10 03:00:00,0.0
2024-11-10 04:00:00,0.0
2024-11-10 05:00:00,0.0
2024-11-10 06:00:00,33.97
2024-11-10 07:00:00,84.96
2024-11-10 08:00:00,103.23
2024-11-10 09:00:00,121.62
2024-11-10 10:00:00,116.15
2024-11-10 11:00:00,199.04
2024-11-10 12:00:00,163.31
2024-11-10 13:00:00,189.22
2024-11-10 14:00:00,142.49
2024-11-10 15:00:00,89.7
2024-11-10 16:00:00,33.86
2024-11-10 17:00:00,0.0
2024-11-10 18:00:00,0.0
2024-11-10 19:00:00,0.0
2024-11-10 20:00:00,0.0
2024-11-10 21:00:00,0.0
2024-11-10 22:00:00,0.0
2024-11-10 23:00:00,0.0
2024-11-11 00:00:00,0.0
2024-11-11 01:00:00,0.0
2024-11-11 02:00:00,0.0
2024-11-11 03:00:00,0.0
2024-11-11 04:00:00,0.0
2024-11-11 05:00:00,0.0
2024-11-11 06:00:00,36.86
2024-11-11 07:00:00,84.41
2024-11-11 08:00:00,111.5
2024-11-11 09:00:00,151.47
2024-11-11 10:00:00,123.22
2024-11-11 11:00:00,108.0
2024-11-11 12:00:00,129.44
2024-11-11 13:00:00,102.59
2024-11-11 14:00:00,89.2
2024-11-11 15:00:00,70.91
2024-11-11 16:00:00,31.37
2024-11-11 17:00:00,0.0
2024-11-11 18:00:00,0.0
2024-11-11 19:00:00,0.0
2024-11-11 20:00:00,0.0
2024-11-11 21:00:00,0.0
2024-11-11 22:00:00,0.0
2024-11-11 23:00:00,0.0
2024-11-12 00:00:00,0.0
2024-11-12 01:00:00,0.0
2024-11-12 02:00:00,0.0
2024-11-12 03:00:00,0.0
2024-11-12 04:00:00,0.0
2024-11-12 05:00:00,0.0
2024-11-12 06:00:00,33.68
2024-11-12 07:00:00,93.86
2024-11-12 08:00:00,128.95
2024-11-12 09:00:00,247.37
2024-11-12 10:00:00,139.31
2024-11-12 11:00:00,131.41
2024-11-12 12:00:00,186.47
2024-11-12 13:00:00,194.62
2024-11-12 14:00:00,161.37
2024-11-12 15:00:00,121.13
2024-11-12 16:00:00,42.39
2024-11-12 17:00:00,0.0
2024-11-12 18:00:00,0.0
2024-11-12 19:00:00,0.0
2024-11-12 20:00:00,0.0
2024-11-12 21:00:00,0.0
2024-11-12 22:00:00,0.0
2024-11-12 23:00:00,0.0
2024-11-13 00:00:00,0.0
2024-11-13 01:00:00,0.0
2024-11-13 02:00:00,0.0
2024-11-13 03:00:00,0.0
2024-11-13 04:00:00,0.0
2024-11-13 05:00:00,0.0
2024-11-13 06:00:00,35.81
2024-11-13 07:00:00,101.48
2024-11-13 08:00:00,144.76
2024-11-13 09:00:00,160.16
2024-11-13 10:00:00,181.55
2024-11-13 11:00:00,142.84
2024-11-13 12:00:00,133.36
2024-11-13 13:00:00,145.16
2024-11-13 14:00:00,125.6
2024-11-13 15:00:00,81.68
2024-11-13 16:00:00,31.73
2024-11-13 17:00:00,0.0
2024-11-13 18:00:00,0.0
2024-11-13 19:00:00,0.0
2024-11-13 20:00:00,0.0
2024-11-13 21:00:00,0.0
2024-11-13 22:00:00,0.0
2024-11-13 23:00:00,0.0
2024-11-14 00:00:00,0.0
2024-11-14 01:00:00,0.0
2024-11-14 02:00:00,0.0
2024-11-14 03:00:00,0.0
2024-11-14 04:00:00,0.0
2024-11-14 05:00:00,0.0
2024-11-14 06:00:00,35.86
2024-11-14 07:00:00,109.62
2024-11-14 08:00:00,144.42
2024-11-14 09:00:00,152.46
2024-11-14 10:00:00,175.77
2024-11-14 11:00:00,135.09
2024-11-14 12:00:00,93.56
2024-11-14 13:00:00,100.7
2024-11-14 14:00:00,87.98
2024-11-14 15:00:00,69.27
2024-11-14 16:00:00,29.21
2024-11-14 17:00:00,0.0
2024-11-14 18:00:00,0.0
2024-11-14 19:00:00,0.0
2024-11-14 20:00:00,0.0
2024-11-14 21:00:00,0.0
2024-11-14 22:00:00,0.0
2024-11-14 23:00:00,0.0
2024-11-15 00:00:00,0.0
2024-11-15 01:00:00,0.0
2024-11-15 02:00:00,0.0
2024-11-15 03:00:00,0.0
2024-11-15 04:00:00,0.0
2024-11-15 05:00:00,0.0
2024-11-15 06:00:00,35.66
2024-11-15 07:00:00,97.58
2024-11-15 08:00:00,133.43
2024-11-15 09:00:00,157.41
2024-11-15 10:00:00,141.48
2024-11-15 11:00:00,94.38
2024-11-15 12:00:00,96.42
2024-11-15 13:00:00,96.04
2024-11-15 14:00:00,85.48
2024-11-15 15:00:00,63.41
2024-11-15 16:00:00,28.47
2024-11-15 17:00:00,0.0
2024-11-15 18:00:00,0.0
2024-11-15 19:00:00,0.0
2024-11-15 20:00:00,0.0
2024-11-15 21:00:00,0.0
2024-11-15 22:00:00,0.0
2024-11-15 23:00:00,0.0
2024-11-16 00:00:00,0.0
2024-11-16 01:00:00,0.0
2024-11-16 02:00:00,0.0
2024-11-16 03:00:00,0.0
2024-11-16 04:00:00,0.0
2024-11-16 05:00:00,0.0
2024-11-16 06:00:00,32.07
2024-11-16 07:00:00,91.41
2024-11-16 08:00:00,124.65
2024-11-16 09:00:00,153.51
2024-11-16 10:00:00,146.66
2024-11-16 11:00:00,130.33
2024-11-16 12:00:00,125.6
2024-11-16 13:00:00,105.61
2024-11-16 14:00:00,96.28
2024-11-16 15:00:00,69.88
2024-11-16 16:00:00,30.27
2024-11-16 17:00:00,0.0
2024-11-16 18:00:00,0.0
2024-11-16 19:00:00,0.0
2024-11-16 20:00:00,0.0
2024-11-16 21:00:00,0.0
2024-11-16 22:00:00,0.0
2024-11-16 23:00:00,0.0
2024-11-17 00:00:00,0.0
2024-11-17 01:00:00,0.0
2024-11-17 02:00:00,0.0
2024-11-17 03:00:00,0.0
2024-11-17 04:00:00,0.0
2024-11-17 05:00:00,0.0
2024-11-17 06:00:00,32.34
2024-11-17 07:00:00,89.18
2024-11-17 08:00:00,108.65
2024-11-17 09:00:00,166.24
2024-11-17 10:00:00,140.52
2024-11-17 11:00:00,126.58
2024-11-17 12:00:00,134.05
2024-11-17 13:00:00,97.57
2024-11-17 14:00:00,92.06
2024-11-17 15:00:00,70.33
2024-11-17 16:00:00,27.56
2024-11-17 17:00:00,0.0
2024-11-17 18:00:00,0.0
2024-11-17 19:00:00,0.0
2024-11-17 20:00:00,0.0
2024-11-17 21:00:00,0.0
2024-11-17 22:00:00,0.0
2024-11-17 23:00:00,0.0
2024-11-18 00:00:00,0.0
2024-11-18 01:00:00,0.0
2024-11-18 02:00:00,0.0
2024-11-18 03:00:00,0.0
2024-11-18 04:00:00,0.0
2024-11-18 05:00:00,0.0
2024-11-18 06:00:00,31.96
2024-11-18 07:00:00,93.82
2024-11-18 08:00:00,138.31
2024-11-18 09:00:00,164.35
2024-11-18 10:00:00,142.94
2024-11-18 11:00:00,119.67
2024-11-18 12:00:00,88.07
2024-11-18 13:00:00,82.37
2024-11-18 14:00:00,73.73
2024-11-18 15:00:00,58.27
2024-11-18 16:00:00,26.5
2024-11-18 17:00:00,0.0
2024-11-18 18:00:00,0.0
2024-11-18 19:00:00,0.0
2024-11-18 20:00:00,0.0
2024-11-18 21:00:00,0.0
2024-11-18 22:00:00,0.0
2024-11-18 23:00:00,0.0
2024-11-19 00:00:00,0.0
2024-11-19 01:00:00,0.0
2024-11-19 02:00:00,0.0
2024-11-19 03:00:00,0.0
2024-11-19 04:00:00,0.0
2024-11-19 05:00:00,0.0
2024-11-19 06:00:00,29.23
2024-11-19 07:00:00,81.3
2024-11-19 08:00:00,116.0
2024-11-19 09:00:00,141.09
2024-11-19 10:00:00,117.46
2024-11-19 11:00:00,93.38
2024-11-19 12:00:00,81.65
2024-11-19 13:00:00,87.68
2024-11-19 14:00:00,78.02
2024-11-19 15:00:00,61.63
2024-11-19 16:00:00,27.44
2024-11-19 17:00:00,0.0
2024-11-19 18:00:00,0.0
2024-11-19 19:00:00,0.0
2024-11-19 20:00:00,0.0
2024-11-19 21:00:00,0.0
2024-11-19 22:00:00,0.0
2024-11-19 23:00:00,0.0
2024-11-20 00:00:00,0.0
2024-11-20 01:00:00,0.0
2024-11-20 02:00:00,0.0
2024-11-20 03:00:00,0.0
2024-11-20 04:00:00,0.0
2024-11-20 05:00:00,0.0
2024-11-20 06:00:00,31.21
2024-11-20 07:00:00,118.69
2024-11-20 08:00:00,192.33
2024-11-20 09:00:00,268.74
2024-11-20 10:00:00,219.47
2024-11-20 11:00:00,343.31
2024-11-20 12:00:00,275.78
2024-11-20 13:00:00,292.44
2024-11-20 14:00:00,212.25
2024-11-20 15:00:00,118.46
2024-11-20 16:00:00,31.04
2024-11-20 17:00:00,0.0
2024-11-20 18:00:00,0.0
2024-11-20 19:00:00,0.0
2024-11-20 20:00:00,0.0
2024-11-20 21:00:00,0.0
2024-11-20 22:00:00,0.0
2024-11-20 23:00:00,0.0
2024-11-21 00:00:00,0.0
2024-11-21 01:00:00,0.0
2024-11-21 02:00:00,0.0
2024-11-21 03:00:00,0.0
2024-11-21 04:00:00,0.0
2024-11-21 05:00:00,0.0
2024-11-21 06:00:00,22.17
2024-11-21 07:00:00,83.03
2024-11-21 08:00:00,127.76
2024-11-21 09:00:00,259.79
2024-11-21 10:00:00,273.04
2024-11-21 11:00:00,253.17
2024-11-21 12:00:00,277.98
2024-11-21 13:00:00,120.37
2024-11-21 14:00:00,119.45
2024-11-21 15:00:00,86.5
2024-11-21 16:00:00,29.26
2024-11-21 17:00:00,0.0
2024-11-21 18:00:00,0.0
2024-11-21 19:00:00,0.0
2024-11-21 20:00:00,0.0
2024-11-21 21:00:00,0.0
2024-11-21 22:00:00,0.0
2024-11-21 23:00:00,0.0
2024-11-22 00:00:00,0.0
2024-11-22 01:00:00,0.0
2024-11-22 02:00:00,0.0
2024-11-22 03:00:00,0.0
2024-11-22 04:00:00,0.0
2024-11-22 05:00:00,0.0
2024-11-22 06:00:00,26.32
2024-11-22 07:00:00,99.87
2024-11-22 08:00:00,149.88
2024-11-22 09:00:00,159.55
2024-11-22 10:00:00,358.7
2024-11-22 11:00:00,412.36
2024-11-22 12:00:00,331.92
2024-11-22 13:00:00,161.26
2024-11-22 14:00:00,106.64
2024-11-22 15:00:00,82.55
2024-11-22 16:00:00,27.88
2024-11-22 17:00:00,0.0
2024-11-22 18:00:00,0.0
2024-11-22 19:00:00,0.0
2024-11-22 20:00:00,0.0
2024-11-22 21:00:00,0.0
2024-11-22 22:00:00,0.0
2024-11-22 23:00:00,0.0
2024-11-23 00:00:00,0.0
2024-11-23 01:00:00,0.0
2024-11-23 02:00:00,0.0
2024-11-23 03:00:00,0.0
2024-11-23 04:00:00,0.0
2024-11-23 05:00:00,0.0
2024-11-23 06:00:00,26.68
2024-11-23 07:00:00,108.12
2024-11-23 08:00:00,168.51
2024-11-23 09:00:00,280.31
2024-11-23 10:00:00,271.55
2024-11-23 11:00:00,260.03
2024-11-23 12:00:00,127.77
2024-11-23 13:00:00,243.42
2024-11-23 14:00:00,196.23
2024-11-23 15:00:00,116.92
2024-11-23 16:00:00,35.01
2024-11-23 17:00:00,0.0
2024-11-23 18:00:00,0.0
2024-11-23 19:00:00,0.0
2024-11-23 20:00:00,0.0
2024-11-23 21:00:00,0.0
2024-11-23 22:00:00,0.0
2024-11-23 23:00:00,0.0
2024-11-24 00:00:00,0.0
2024-11-24 01:00:00,0.0
2024-11-24 02:00:00,0.0
2024-11-24 03:00:00,0.0
2024-11-24 04:00:00,0.0
2024-11-24 05:00:00,0.0
2024-11-24 06:00:00,26.77
2024-11-24 07:00:00,108.31
2024-11-24 08:00:00,178.87
2024-11-24 09:00:00,224.22
2024-11-24 10:00:00,234.41
2024-11-24 11:00:00,199.01
2024-11-24 12:00:00,178.28
2024-11-24 13:00:00,141.45
2024-11-24 14:00:00,127.07
2024-11-24 15:00:00,95.53
2024-11-24 16:00:00,33.14
2024-11-24 17:00:00,0.0
2024-11-24 18:00:00,0.0
2024-11-24 19:00:00,0.0
2024-11-24 20:00:00,0.0
2024-11-24 21:00:00,0.0
2024-11-24 22:00:00,0.0
2024-11-24 23:00:00,0.0
2024-11-25 00:00:00,0.0
2024-11-25 01:00:00,0.0
2024-11-25 02:00:00,0.0
2024-11-25 03:00:00,0.0
2024-11-25 04:00:00,0.0
2024-11-25 05:00:00,0.0
2024-11-25 06:00:00,26.19
2024-11-25 07:00:00,95.27
2024-11-25 08:00:00,153.21
2024-11-25 09:00:00,193.05
2024-11-25 10:00:00,252.78
2024-11-25 11:00:00,190.37
2024-11-25 12:00:00,177.5
2024-11-25 13:00:00,143.24
2024-11-25 14:00:00,124.69
2024-11-25 15:00:00,89.45
2024-11-25 16:00:00,31.68
2024-11-25 17:00:00,0.0
2024-11-25 18:00:00,0.0
2024-11-25 19:00:00,0.0
2024-11-25 20:00:00,0.0
2024-11-25 21:00:00,0.0
2024-11-25 22:00:00,0.0
2024-11-25 23:00:00,0.0
2024-11-26 00:00:00,0.0
2024-11-26 01:00:00,0.0
2024-11-26 02:00:00,0.0
2024-11-26 03:00:00,0.0
2024-11-26 04:00:00,0.0
2024-11-26 05:00:00,0.0
2024-11-26 06:00:00,26.3
2024-11-26 07:00:00,100.32
2024-11-26 08:00:00,158.26
2024-11-26 09:00:00,188.84
2024-11-26 10:00:00,219.65
2024-11-26 11:00:00,187.28
2024-11-26 12:00:00,172.19
2024-11-26 13:00:00,103.27
2024-11-26 14:00:00,96.18
2024-11-26 15:00:00,73.93
2024-11-26 16:00:00,29.3
2024-11-26 17:00:00,0.0
2024-11-26 18:00:00,0.0
2024-11-26 19:00:00,0.0
2024-11-26 20:00:00,0.0
2024-11-26 21:00:00,0.0
2024-11-26 22:00:00,0.0
2024-11-26 23:00:00,0.0
2024-11-27 00:00:00,0.0
2024-11-27 01:00:00,0.0
2024-11-27 02:00:00,0.0
2024-11-27 03:00:00,0.0
2024-11-27 04:00:00,0.0
2024-11-27 05:00:00,0.0
2024-11-27 06:00:00,26.7
2024-11-27 07:00:00,94.64
2024-11-27 08:00:00,151.94
2024-11-27 09:00:00,192.25
2024-11-27 10:00:00,233.15
2024-11-27 11:00:00,163.06
2024-11-27 12:00:00,134.86
2024-11-27 13:00:00,93.26
2024-11-27 14:00:00,86.46
2024-11-27 15:00:00,73.12
2024-11-27 16:00:00,30.11
2024-11-27 17:00:00,0.0
2024-11-27 18:00:00,0.0
2024-11-27 19:00:00,0.0
2024-11-27 20:00:00,0.0
2024-11-27 21:00:00,0.0
2024-11-27 22:00:00,0.0
2024-11-27 23:00:00,0.0
2024-11-28 00:00:00,0.0
2024-11-28 01:00:00,0.0
2024-11-28 02:00:00,0.0
2024-11-28 03:00:00,0.0
2024-11-28 04:00:00,0.0
2024-11-28 05:00:00,0.0
2024-11-28 06:00:00,23.15
2024-11-28 07:00:00,124.07
2024-11-28 08:00:00,230.54
2024-11-28 09:00:00,314.12
2024-11-28 10:00:00,345.32
2024-11-28 11:00:00,246.15
2024-11-28 12:00:00,206.15
2024-11-28 13:00:00,149.87
2024-11-28 14:00:00,170.97
2024-11-28 15:00:00,124.13
2024-11-28 16:00:00,36.85
2024-11-28 17:00:00,0.0
2024-11-28 18:00:00,0.0
2024-11-28 19:00:00,0.0
2024-11-28 20:00:00,0.0
2024-11-28 21:00:00,0.0
2024-11-28 22:00:00,0.0
2024-11-28 23:00:00,0.0
2024-11-29 00:00:00,0.0
2024-11-29 01:00:00,0.0
2024-11-29 02:00:00,0.0
2024-11-29 03:00:00,0.0
2024-11-29 04:00:00,0.0
2024-11-29 05:00:00,0.0
2024-11-29 06:00:00,23.13
2024-11-29 07:00:00,107.44
2024-11-29 08:00:00,153.44
2024-11-29 09:00:00,263.13
2024-11-29 10:00:00,190.53
2024-11-29 11:00:00,132.17
2024-11-29 12:00:00,107.87
2024-11-29 13:00:00,150.81
2024-11-29 14:00:00,96.7
2024-11-29 15:00:00,72.4
2024-11-29 16:00:00,29.38
2024-11-29 17:00:00,0.0
2024-11-29 18:00:00,0.0
2024-11-29 19:00:00,0.0
2024-11-29 20:00:00,0.0
2024-11-29 21:00:00,0.0
2024-11-29 22:00:00,0.0
2024-11-29 23:00:00,0.0
2024-11-30 00:00:00,0.0
2024-11-30 01:00:00,0.0
2024-11-30 02:00:00,0.0
2024-11-30 03:00:00,0.0
2024-11-30 04:00:00,0.0
2024-11-30 05:00:00,0.0
2024-11-30 06:00:00,23.13
2024-11-30 07:00:00,78.65
2024-11-30 08:00:00,106.17
2024-11-30 09:00:00,139.24
2024-11-30 10:00:00,154.91
2024-11-30 11:00:00,134.82
2024-11-30 12:00:00,117.87
2024-11-30 13:00:00,122.67
2024-11-30 14:00:00,114.9
2024-11-30 15:00:00,87.26
2024-11-30 16:00:00,32.12
2024-11-30 17:00:00,0.0
2024-11-30 18:00:00,0.0
2024-11-30 19:00:00,0.0
2024-11-30 20:00:00,0.0
2024-11-30 21:00:00,0.0
2024-11-30 22:00:00,0.0
2024-11-30 23:00:00,0.0
2024-12-01 00:00:00,0.0
2024-12-01 01:00:00,0.0
2024-12-01 02:00:00,0.0
2024-12-01 03:00:00,0.0
2024-12-01 04:00:00,0.0
2024-12-01 05:00:00,0.0
2024-12-01 06:00:00,23.08
2024-12-01 07:00:00,92.85
2024-12-01 08:00:00,149.54
2024-12-01 09:00:00,190.38
2024-12-01 10:00:00,234.82
2024-12-01 11:00:00,230.37
2024-12-01 12:00:00,129.18
2024-12-01 13:00:00,100.01
2024-12-01 14:00:00,99.11
2024-12-01 15:00:00,74.96
2024-12-01 16:00:00,30.31
2024-12-01 17:00:00,0.0
2024-12-01 18:00:00,0.0
2024-12-01 19:00:00,0.0
2024-12-01 20:00:00,0.0
2024-12-01 21:00:00,0.0
2024-12-01 22:00:00,0.0
2024-12-01 23:00:00,0.0
2024-12-02 00:00:00,0.0
2024-12-02 01:00:00,0.0
2024-12-02 02:00:00,0.0
2024-12-02 03:00:00,0.0
2024-12-02 04:00:00,0.0
2024-12-02 05:00:00,0.0
2024-12-02 06:00:00,21.14
2024-12-02 07:00:00,95.78
2024-12-02 08:00:00,162.01
2024-12-02 09:00:00,222.79
2024-12-02 10:00:00,150.01
2024-12-02 11:00:00,158.78
2024-12-02 12:00:00,151.74
2024-12-02 13:00:00,192.69
2024-12-02 14:00:00,132.01
2024-12-02 15:00:00,92.01
2024-12-02 16:00:00,30.52
2024-12-02 17:00:00,0.0
2024-12-02 18:00:00,0.0
2024-12-02 19:00:00,0.0
2024-12-02 20:00:00,0.0
2024-12-02 21:00:00,0.0
2024-12-02 22:00:00,0.0
2024-12-02 23:00:00,0.0
2024-12-03 00:00:00,0.0
2024-12-03 01:00:00,0.0
2024-12-03 02:00:00,0.0
2024-12-03 03:00:00,0.0
2024-12-03 04:00:00,0.0
2024-12-03 05:00:00,0.0
2024-12-03 06:00:00,19.83
2024-12-03 07:00:00,88.8
2024-12-03 08:00:00,155.96
2024-12-03 09:00:00,203.35
2024-12-03 10:00:00,187.49
2024-12-03 11:00:00,120.19
2024-12-03 12:00:00,124.78
2024-12-03 13:00:00,140.72
2024-12-03 14:00:00,116.29
2024-12-03 15:00:00,78.56
2024-12-03 16:00:00,29.15
2024-12-03 17:00:00,0.0
2024-12-03 18:00:00,0.0
2024-12-03 19:00:00,0.0
2024-12-03 20:00:00,0.0
2024-12-03 21:00:00,0.0
2024-12-03 22:00:00,0.0
2024-12-03 23:00:00,0.0
2024-12-04 00:00:00,0.0
2024-12-04 01:00:00,0.0
2024-12-04 02:00:00,0.0
2024-12-04 03:00:00,0.0
2024-12-04 04:00:00,0.0
2024-12-04 05:00:00,0.0
2024-12-04 06:00:00,22.41
2024-12-04 07:00:00,97.01
2024-12-04 08:00:00,157.6
2024-12-04 09:00:00,198.65
2024-12-04 10:00:00,168.45
2024-12-04 11:00:00,98.77
2024-12-04 12:00:00,88.29
2024-12-04 13:00:00,85.18
2024-12-04 14:00:00,77.18
2024-12-04 15:00:00,64.15
2024-12-04 16:00:00,26.69
2024-12-04 17:00:00,0.0
2024-12-04 18:00:00,0.0
2024-12-04 19:00:00,0.0
2024-12-04 20:00:00,0.0
2024-12-04 21:00:00,0.0
2024-12-04 22:00:00,0.0
2024-12-04 23:00:00,0.0
2024-12-05 00:00:00,0.0
2024-12-05 01:00:00,0.0
2024-12-05 02:00:00,0.0
2024-12-05 03:00:00,0.0
2024-12-05 04:00:00,0.0
2024-12-05 05:00:00,0.0
2024-12-05 06:00:00,21.14
2024-12-05 07:00:00,93.42
2024-12-05 08:00:00,144.78
2024-12-05 09:00:00,179.92
2024-12-05 10:00:00,177.01
2024-12-05 11:00:00,120.74
2024-12-05 12:00:00,95.07
2024-12-05 13:00:00,133.09
2024-12-05 14:00:00,123.06
2024-12-05 15:00:00,84.69
2024-12-05 16:00:00,31.27
2024-12-05 17:00:00,0.0
2024-12-05 18:00:00,0.0
2024-12-05 19:00:00,0.0
2024-12-05 20:00:00,0.0
2024-12-05 21:00:00,0.0
2024-12-05 22:00:00,0.0
2024-12-05 23:00:00,0.0
2024-12-06 00:00:00,0.0
2024-12-06 01:00:00,0.0
2024-12-06 02:00:00,0.0
2024-12-06 03:00:00,0.0
2024-12-06 04:00:00,0.0
2024-12-06 05:00:00,0.0
2024-12-06 06:00:00,19.25
2024-12-06 07:00:00,92.48
2024-12-06 08:00:00,177.86
2024-12-06 09:00:00,221.85
2024-12-06 10:00:00,221.06
2024-12-06 11:00:00,176.4
2024-12-06 12:00:00,172.7
2024-12-06 13:00:00,173.59
2024-12-06 14:00:00,147.91
2024-12-06 15:00:00,101.62
2024-12-06 16:00:00,32.51
2024-12-06 17:00:00,0.0
2024-12-06 18:00:00,0.0
2024-12-06 19:00:00,0.0
2024-12-06 20:00:00,0.0
2024-12-06 21:00:00,0.0
2024-12-06 22:00:00,0.0
2024-12-06 23:00:00,0.0
2024-12-07 00:00:00,0.0
2024-12-07 01:00:00,0.0
2024-12-07 02:00:00,0.0
2024-12-07 03:00:00,0.0
2024-12-07 04:00:00,0.0
2024-12-07 05:00:00,0.0
2024-12-07 06:00:00,18.09
2024-12-07 07:00:00,93.68
2024-12-07 08:00:00,159.33
2024-12-07 09:00:00,202.01
2024-12-07 10:00:00,190.77
2024-12-07 11:00:00,141.87
2024-12-07 12:00:00,117.67
2024-12-07 13:00:00,109.7
2024-12-07 14:00:00,96.79
2024-12-07 15:00:00,74.25
2024-12-07 16:00:00,29.91
2024-12-07 17:00:00,0.0
2024-12-07 18:00:00,0.0
2024-12-07 19:00:00,0.0
2024-12-07 20:00:00,0.0
2024-12-07 21:00:00,0.0
2024-12-07 22:00:00,0.0
2024-12-07 23:00:00,0.0
2024-12-08 00:00:00,0.0
2024-12-08 01:00:00,0.0
2024-12-08 02:00:00,0.0
2024-12-08 03:00:00,0.0
2024-12-08 04:00:00,0.0
2024-12-08 05:00:00,0.0
2024-12-08 06:00:00,17.39
2024-12-08 07:00:00,73.09
2024-12-08 08:00:00,114.81
2024-12-08 09:00:00,132.05
2024-12-08 10:00:00,161.84
2024-12-08 11:00:00,116.36
2024-12-08 12:00:00,97.49
2024-12-08 13:00:00,92.58
2024-12-08 14:00:00,83.16
2024-12-08 15:00:00,66.0
2024-12-08 16:00:00,28.09
2024-12-08 17:00:00,0.0
2024-12-08 18:00:00,0.0
2024-12-08 19:00:00,0.0
2024-12-08 20:00:00,0.0
2024-12-08 21:00:00,0.0
2024-12-08 22:00:00,0.0
2024-12-08 23:00:00,0.0
2024-12-09 00:00:00,0.0
2024-12-09 01:00:00,0.0
2024-12-09 02:00:00,0.0
2024-12-09 03:00:00,0.0
2024-12-09 04:00:00,0.0
2024-12-09 05:00:00,0.0
2024-12-09 06:00:00,19.04
2024-12-09 07:00:00,100.48
2024-12-09 08:00:00,154.59
2024-12-09 09:00:00,142.4
2024-12-09 10:00:00,225.03
2024-12-09 11:00:00,149.4
2024-12-09 12:00:00,117.14
2024-12-09 13:00:00,123.98
2024-12-09 14:00:00,123.03
2024-12-09 15:00:00,100.97
2024-12-09 16:00:00,32.88
2024-12-09 17:00:00,0.0
2024-12-09 18:00:00,0.0
2024-12-09 19:00:00,0.0
2024-12-09 20:00:00,0.0
2024-12-09 21:00:00,0.0
2024-12-09 22:00:00,0.0
2024-12-09 23:00:00,0.0
2024-12-10 00:00:00,0.0
2024-12-10 01:00:00,0.0
2024-12-10 02:00:00,0.0
2024-12-10 03:00:00,0.0
2024-12-10 04:00:00,0.0
2024-12-10 05:00:00,0.0
2024-12-10 06:00:00,15.78
2024-12-10 07:00:00,81.33
2024-12-10 08:00:00,132.96
2024-12-10 09:00:00,265.36
2024-12-10 10:00:00,293.23
2024-12-10 11:00:00,331.29
2024-12-10 12:00:00,190.31
2024-12-10 13:00:00,253.31
2024-12-10 14:00:00,140.68
2024-12-10 15:00:00,97.43
2024-12-10 16:00:00,33.57
2024-12-10 17:00:00,0.0
2024-12-10 18:00:00,0.0
2024-12-10 19:00:00,0.0
2024-12-10 20:00:00,0.0
2024-12-10 21:00:00,0.0
2024-12-10 22:00:00,0.0
2024-12-10 23:00:00,0.0
2024-12-11 00:00:00,0.0
2024-12-11 01:00:00,0.0
2024-12-11 02:00:00,0.0
2024-12-11 03:00:00,0.0
2024-12-11 04:00:00,0.0
2024-12-11 05:00:00,0.0
2024-12-11 06:00:00,15.06
2024-12-11 07:00:00,75.88
2024-12-11 08:00:00,129.27
2024-12-11 09:00:00,199.14
2024-12-11 10:00:00,198.57
2024-12-11 11:00:00,157.39
2024-12-11 12:00:00,151.67
2024-12-11 13:00:00,150.17
2024-12-11 14:00:00,120.18
2024-12-11 15:00:00,86.78
2024-12-11 16:00:00,31.2
2024-12-11 17:00:00,0.0
2024-12-11 18:00:00,0.0
2024-12-11 19:00:00,0.0
2024-12-11 20:00:00,0.0
2024-12-11 21:00:00,0.0
2024-12-11 22:00:00,0.0
2024-12-11 23:00:00,0.0
2024-12-12 00:00:00,0.0
2024-12-12 01:00:00,0.0
2024-12-12 02:00:00,0.0
2024-12-12 03:00:00,0.0
2024-12-12 04:00:00,0.0
2024-12-12 05:00:00,0.0
2024-12-12 06:00:00,16.66
2024-12-12 07:00:00,94.34
2024-12-12 08:00:00,168.6
2024-12-12 09:00:00,194.75
2024-12-12 10:00:00,167.09
2024-12-12 11:00:00,221.21
2024-12-12 12:00:00,167.21
2024-12-12 13:00:00,158.25
2024-12-12 14:00:00,140.26
2024-12-12 15:00:00,95.52
2024-12-12 16:00:00,33.01
2024-12-12 17:00:00,0.0
2024-12-12 18:00:00,0.0
2024-12-12 19:00:00,0.0
2024-12-12 20:00:00,0.0
2024-12-12 21:00:00,0.0
2024-12-12 22:00:00,0.0
2024-12-12 23:00:00,0.0
2024-12-13 00:00:00,0.0
2024-12-13 01:00:00,0.0
2024-12-13 02:00:00,0.0
2024-12-13 03:00:00,0.0
2024-12-13 04:00:00,0.0
2024-12-13 05:00:00,0.0
2024-12-13 06:00:00,16.8
2024-12-13 07:00:00,87.17
2024-12-13 08:00:00,153.55
2024-12-13 09:00:00,198.95
2024-12-13 10:00:00,188.52
2024-12-13 11:00:00,155.81
2024-12-13 12:00:00,139.63
2024-12-13 13:00:00,125.73
2024-12-13 14:00:00,106.91
2024-12-13 15:00:00,82.96
2024-12-13 16:00:00,32.14
2024-12-13 17:00:00,0.0
2024-12-13 18:00:00,0.0
2024-12-13 19:00:00,0.0
2024-12-13 20:00:00,0.0
2024-12-13 21:00:00,0.0
2024-12-13 22:00:00,0.0
2024-12-13 23:00:00,0.0
2024-12-14 00:00:00,0.0
2024-12-14 01:00:00,0.0
2024-12-14 02:00:00,0.0
2024-12-14 03:00:00,0.0
2024-12-14 04:00:00,0.0
2024-12-14 05:00:00,0.0
2024-12-14 06:00:00,15.78
2024-12-14 07:00:00,83.44
2024-12-14 08:00:00,148.21
2024-12-14 09:00:00,175.21
2024-12-14 10:00:00,167.76
2024-12-14 11:00:00,131.81
2024-12-14 12:00:00,112.11
2024-12-14 13:00:00,104.7
2024-12-14 14:00:00,88.78
2024-12-14 15:00:00,70.93
2024-12-14 16:00:00,30.47
2024-12-14 17:00:00,0.0
2024-12-14 18:00:00,0.0
2024-12-14 19:00:00,0.0
2024-12-14 20:00:00,0.0
2024-12-14 21:00:00,0.0
2024-12-14 22:00:00,0.0
2024-12-14 23:00:00,0.0
2024-12-15 00:00:00,0.0
2024-12-15 01:00:00,0.0
2024-12-15 02:00:00,0.0
2024-12-15 03:00:00,0.0
2024-12-15 04:00:00,0.0
2024-12-15 05:00:00,0.0
2024-12-15 06:00:00,15.57
2024-12-15 07:00:00,80.89
2024-12-15 08:00:00,119.18
2024-12-15 09:00:00,145.35
2024-12-15 10:00:00,163.24
2024-12-15 11:00:00,91.05
2024-12-15 12:00:00,78.27
2024-12-15 13:00:00,80.78
2024-12-15 14:00:00,69.71
2024-12-15 15:00:00,57.65
2024-12-15 16:00:00,27.15
2024-12-15 17:00:00,0.0
2024-12-15 18:00:00,0.0
2024-12-15 19:00:00,0.0
2024-12-15 20:00:00,0.0
2024-12-15 21:00:00,0.0
2024-12-15 22:00:00,0.0
2024-12-15 23:00:00,0.0
2024-12-16 00:00:00,0.0
2024-12-16 01:00:00,0.0
2024-12-16 02:00:00,0.0
2024-12-16 03:00:00,0.0
2024-12-16 04:00:00,0.0
2024-12-16 05:00:00,0.0
2024-12-16 06:00:00,13.92
2024-12-16 07:00:00,63.69
2024-12-16 08:00:00,103.25
2024-12-16 09:00:00,126.78
2024-12-16 10:00:00,125.41
2024-12-16 11:00:00,89.07
2024-12-16 12:00:00,73.54
2024-12-16 13:00:00,77.02
2024-12-16 14:00:00,67.47
2024-12-16 15:00:00,56.44
2024-12-16 16:00:00,27.02
2024-12-16 17:00:00,0.0
2024-12-16 18:00:00,0.0
2024-12-16 19:00:00,0.0
2024-12-16 20:00:00,0.0
2024-12-16 21:00:00,0.0
2024-12-16 22:00:00,0.0
2024-12-16 23:00:00,0.0
2024-12-17 00:00:00,0.0
2024-12-17 01:00:00,0.0
2024-12-17 02:00:00,0.0
2024-12-17 03:00:00,0.0
2024-12-17 04:00:00,0.0
2024-12-17 05:00:00,0.0
2024-12-17 06:00:00,14.01
2024-12-17 07:00:00,65.38
2024-12-17 08:00:00,108.54
2024-12-17 09:00:00,142.3
2024-12-17 10:00:00,151.52
2024-12-17 11:00:00,143.07
2024-12-17 12:00:00,117.18
2024-12-17 13:00:00,94.79
2024-12-17 14:00:00,80.49
2024-12-17 15:00:00,68.8
2024-12-17 16:00:00,30.96
2024-12-17 17:00:00,0.0
2024-12-17 18:00:00,0.0
2024-12-17 19:00:00,0.0
2024-12-17 20:00:00,0.0
2024-12-17 21:00:00,0.0
2024-12-17 22:00:00,0.0
2024-12-17 23:00:00,0.0
2024-12-18 00:00:00,0.0
2024-12-18 01:00:00,0.0
2024-12-18 02:00:00,0.0
2024-12-18 03:00:00,0.0
2024-12-18 04:00:00,0.0
2024-12-18 05:00:00,0.0
2024-12-18 06:00:00,11.15
2024-12-18 07:00:00,81.97
2024-12-18 08:00:00,150.46
2024-12-18 09:00:00,183.58
2024-12-18 10:00:00,250.23
2024-12-18 11:00:00,192.94
2024-12-18 12:00:00,182.67
2024-12-18 13:00:00,176.06
2024-12-18 14:00:00,129.61
2024-12-18 15:00:00,107.47
2024-12-18 16:00:00,38.05
2024-12-18 17:00:00,0.0
2024-12-18 18:00:00,0.0
2024-12-18 19:00:00,0.0
2024-12-18 20:00:00,0.0
2024-12-18 21:00:00,0.0
2024-12-18 22:00:00,0.0
2024-12-18 23:00:00,0.0
2024-12-19 00:00:00,0.0
2024-12-19 01:00:00,0.0
2024-12-19 02:00:00,0.0
2024-12-19 03:00:00,0.0
2024-12-19 04:00:00,0.0
2024-12-19 05:00:00,0.0
2024-12-19 06:00:00,14.77
2024-12-19 07:00:00,110.43
2024-12-19 08:00:00,210.08
2024-12-19 09:00:00,306.28
2024-12-19 10:00:00,367.35
2024-12-19 11:00:00,403.32
2024-12-19 12:00:00,382.62
2024-12-19 13:00:00,214.7
2024-12-19 14:00:00,196.1
2024-12-19 15:00:00,120.53
2024-12-19 16:00:00,41.74
2024-12-19 17:00:00,0.0
2024-12-19 18:00:00,0.0
2024-12-19 19:00:00,0.0
2024-12-19 20:00:00,0.0
2024-12-19 21:00:00,0.0
2024-12-19 22:00:00,0.0
2024-12-19 23:00:00,0.0
2024-12-20 00:00:00,0.0
2024-12-20 01:00:00,0.0
2024-12-20 02:00:00,0.0
2024-12-20 03:00:00,0.0
2024-12-20 04:00:00,0.0
2024-12-20 05:00:00,0.0
2024-12-20 06:00:00,13.46
2024-12-20 07:00:00,86.07
2024-12-20 08:00:00,195.31
2024-12-20 09:00:00,301.3
2024-12-20 10:00:00,387.61
2024-12-20 11:00:00,400.58
2024-12-20 12:00:00,346.63
2024-12-20 13:00:00,356.58
2024-12-20 14:00:00,277.64
2024-12-20 15:00:00,162.93
2024-12-20 16:00:00,45.91
2024-12-20 17:00:00,0.0
2024-12-20 18:00:00,0.0
2024-12-20 19:00:00,0.0
2024-12-20 20:00:00,0.0
2024-12-20 21:00:00,0.0
2024-12-20 22:00:00,0.0
2024-12-20 23:00:00,0.0
2024-12-21 00:00:00,0.0
2024-12-21 01:00:00,0.0
2024-12-21 02:00:00,0.0
2024-12-21 03:00:00,0.0
2024-12-21 04:00:00,0.0
2024-12-21 05:00:00,0.0
2024-12-21 06:00:00,3.93
2024-12-21 07:00:00,24.4
2024-12-21 08:00:00,47.63
2024-12-21 09:00:00,58.54
2024-12-21 10:00:00,96.72
2024-12-21 11:00:00,171.64
2024-12-21 12:00:00,182.01
2024-12-21 13:00:00,213.26
2024-12-21 14:00:00,149.03
2024-12-21 15:00:00,88.84
2024-12-21 16:00:00,16.69
2024-12-21 17:00:00,0.0
2024-12-21 18:00:00,0.0
2024-12-21 19:00:00,0.0
2024-12-21 20:00:00,0.0
2024-12-21 21:00:00,0.0
2024-12-21 22:00:00,0.0
2024-12-21 23:00:00,0.0
2024-12-22 00:00:00,0.0
2024-12-22 01:00:00,0.0
2024-12-22 02:00:00,0.0
2024-12-22 03:00:00,0.0
2024-12-22 04:00:00,0.0
2024-12-22 05:00:00,0.0
2024-12-22 06:00:00,10.76
2024-12-22 07:00:00,74.77
2024-12-22 08:00:00,139.29
2024-12-22 09:00:00,179.56
2024-12-22 10:00:00,186.69
2024-12-22 11:00:00,129.29
2024-12-22 12:00:00,104.11
2024-12-22 13:00:00,103.25
2024-12-22 14:00:00,91.28
2024-12-22 15:00:00,70.1
2024-12-22 16:00:00,32.31
2024-12-22 17:00:00,0.0
2024-12-22 18:00:00,0.0
2024-12-22 19:00:00,0.0
2024-12-22 20:00:00,0.0
2024-12-22 21:00:00,0.0
2024-12-22 22:00:00,0.0
2024-12-22 23:00:00,0.0
2024-12-23 00:00:00,0.0
2024-12-23 01:00:00,0.0
2024-12-23 02:00:00,0.0
2024-12-23 03:00:00,0.0
2024-12-23 04:00:00,0.0
2024-12-23 05:00:00,0.0
2024-12-23 06:00:00,12.1
2024-12-23 07:00:00,66.46
2024-12-23 08:00:00,93.03
2024-12-23 09:00:00,122.54
2024-12-23 10:00:00,120.73
2024-12-23 11:00:00,101.92
2024-12-23 12:00:00,88.43
2024-12-23 13:00:00,86.18
2024-12-23 14:00:00,77.75
2024-12-23 15:00:00,61.53
2024-12-23 16:00:00,29.99
2024-12-23 17:00:00,0.0
2024-12-23 18:00:00,0.0
2024-12-23 19:00:00,0.0
2024-12-23 20:00:00,0.0
2024-12-23 21:00:00,0.0
2024-12-23 22:00:00,0.0
2024-12-23 23:00:00,0.0
2024-12-24 00:00:00,0.0
2024-12-24 01:00:00,0.0
2024-12-24 02:00:00,0.0
2024-12-24 03:00:00,0.0
2024-12-24 04:00:00,0.0
2024-12-24 05:00:00,0.0
2024-12-24 06:00:00,11.25
2024-12-24 07:00:00,65.08
2024-12-24 08:00:00,107.41
2024-12-24 09:00:00,131.45
2024-12-24 10:00:00,132.35
2024-12-24 11:00:00,94.6
2024-12-24 12:00:00,96.3
2024-12-24 13:00:00,80.47
2024-12-24 14:00:00,79.57
2024-12-24 15:00:00,73.22
2024-12-24 16:00:00,33.74
2024-12-24 17:00:00,0.0
2024-12-24 18:00:00,0.0
2024-12-24 19:00:00,0.0
2024-12-24 20:00:00,0.0
2024-12-24 21:00:00,0.0
2024-12-24 22:00:00,0.0
2024-12-24 23:00:00,0.0
2024-12-25 00:00:00,0.0
2024-12-25 01:00:00,0.0
2024-12-25 02:00:00,0.0
2024-12-25 03:00:00,0.0
2024-12-25 04:00:00,0.0
2024-12-25 05:00:00,0.0
2024-12-25 06:00:00,11.48
2024-12-25 07:00:00,86.61
2024-12-25 08:00:00,163.38
2024-12-25 09:00:00,213.35
2024-12-25 10:00:00,335.07
2024-12-25 11:00:00,353.41
2024-12-25 12:00:00,266.81
2024-12-25 13:00:00,284.9
2024-12-25 14:00:00,205.97
2024-12-25 15:00:00,136.93
2024-12-25 16:00:00,44.76
2024-12-25 17:00:00,0.0
2024-12-25 18:00:00,0.0
2024-12-25 19:00:00,0.0
2024-12-25 20:00:00,0.0
2024-12-25 21:00:00,0.0
2024-12-25 22:00:00,0.0
2024-12-25 23:00:00,0.0
2024-12-26 00:00:00,0.0
2024-12-26 01:00:00,0.0
2024-12-26 02:00:00,0.0
2024-12-26 03:00:00,0.0
2024-12-26 04:00:00,0.0
2024-12-26 05:00:00,0.0
2024-12-26 06:00:00,10.63
2024-12-26 07:00:00,77.1
2024-12-26 08:00:00,131.59
2024-12-26 09:00:00,177.42
2024-12-26 10:00:00,178.39
2024-12-26 11:00:00,154.65
2024-12-26 12:00:00,117.45
2024-12-26 13:00:00,109.8
2024-12-26 14:00:00,101.76
2024-12-26 15:00:00,78.57
2024-12-26 16:00:00,35.66
2024-12-26 17:00:00,0.0
2024-12-26 18:00:00,0.0
2024-12-26 19:00:00,0.0
2024-12-26 20:00:00,0.0
2024-12-26 21:00:00,0.0
2024-12-26 22:00:00,0.0
2024-12-26 23:00:00,0.0
2024-12-27 00:00:00,0.0
2024-12-27 01:00:00,0.0
2024-12-27 02:00:00,0.0
2024-12-27 03:00:00,0.0
2024-12-27 04:00:00,0.0
2024-12-27 05:00:00,0.0
2024-12-27 06:00:00,10.56
2024-12-27 07:00:00,72.41
2024-12-27 08:00:00,121.29
2024-12-27 09:00:00,136.61
2024-12-27 10:00:00,155.55
2024-12-27 11:00:00,115.27
2024-12-27 12:00:00,102.32
2024-12-27 13:00:00,108.26
2024-12-27 14:00:00,95.77
2024-12-27 15:00:00,75.02
2024-12-27 16:00:00,34.5
2024-12-27 17:00:00,0.0
2024-12-27 18:00:00,0.0
2024-12-27 19:00:00,0.0
2024-12-27 20:00:00,0.0
2024-12-27 21:00:00,0.0
2024-12-27 22:00:00,0.0
2024-12-27 23:00:00,0.0
2024-12-28 00:00:00,0.0
2024-12-28 01:00:00,0.0
2024-12-28 02:00:00,0.0
2024-12-28 03:00:00,0.0
2024-12-28 04:00:00,0.0
2024-12-28 05:00:00,0.0
2024-12-28 06:00:00,9.99
2024-12-28 07:00:00,64.12
2024-12-28 08:00:00,104.38
2024-12-28 09:00:00,127.43
2024-12-28 10:00:00,118.25
2024-12-28 11:00:00,91.35
2024-12-28 12:00:00,93.49
2024-12-28 13:00:00,86.24
2024-12-28 14:00:00,81.85
2024-12-28 15:00:00,65.72
2024-12-28 16:00:00,33.36
2024-12-28 17:00:00,0.0
2024-12-28 18:00:00,0.0
2024-12-28 19:00:00,0.0
2024-12-28 20:00:00,0.0
2024-12-28 21:00:00,0.0
2024-12-28 22:00:00,0.0
2024-12-28 23:00:00,0.0
2024-12-29 00:00:00,0.0
2024-12-29 01:00:00,0.0
2024-12-29 02:00:00,0.0
2024-12-29 03:00:00,0.0
2024-12-29 04:00:00,0.0
2024-12-29 05:00:00,0.0
2024-12-29 06:00:00,9.78
2024-12-29 07:00:00,64.4
2024-12-29 08:00:00,107.3
2024-12-29 09:00:00,159.61
2024-12-29 10:00:00,129.15
2024-12-29 11:00:00,113.37
2024-12-29 12:00:00,110.72
2024-12-29 13:00:00,112.34
2024-12-29 14:00:00,109.22
2024-12-29 15:00:00,83.05
2024-12-29 16:00:00,39.4
2024-12-29 17:00:00,0.0
2024-12-29 18:00:00,0.0
2024-12-29 19:00:00,0.0
2024-12-29 20:00:00,0.0
2024-12-29 21:00:00,0.0
2024-12-29 22:00:00,0.0
2024-12-29 23:00:00,0.0
2024-12-30 00:00:00,0.0
2024-12-30 01:00:00,0.0
2024-12-30 02:00:00,0.0
2024-12-30 03:00:00,0.0
2024-12-30 04:00:00,0.0
2024-12-30 05:00:00,0.0
2024-12-30 06:00:00,9.68
2024-12-30 07:00:00,72.68
2024-12-30 08:00:00,146.51
2024-12-30 09:00:00,194.95
2024-12-30 10:00:00,167.37
2024-12-30 11:00:00,99.78
2024-12-30 12:00:00,108.71
2024-12-30 13:00:00,102.33
2024-12-30 14:00:00,90.19
2024-12-30 15:00:00,72.6
2024-12-30 16:00:00,37.18
2024-12-30 17:00:00,0.0
2024-12-30 18:00:00,0.0
2024-12-30 19:00:00,0.0
2024-12-30 20:00:00,0.0
2024-12-30 21:00:00,0.0
2024-12-30 22:00:00,0.0
2024-12-30 23:00:00,0.0
2024-12-31 00:00:00,0.0
2024-12-31 01:00:00,0.0
2024-12-31 02:00:00,0.0
2024-12-31 03:00:00,0.0
2024-12-31 04:00:00,0.0
2024-12-31 05:00:00,0.0
2024-12-31 06:00:00,9.46
2024-12-31 07:00:00,70.81
2024-12-31 08:00:00,126.82
2024-12-31 09:00:00,172.13
2024-12-31 10:00:00,135.54
2024-12-31 11:00:00,127.64
2024-12-31 12:00:00,125.97
2024-12-31 13:00:00,124.62
2024-12-31 14:00:00,114.34
2024-12-31 15:00:00,87.38
2024-12-31 16:00:00,38.61
2024-12-31 17:00:00,0.0
2024-12-31 18:00:00,0.0
2024-12-31 19:00:00,0.0
2024-12-31 20:00:00,0.0
2024-12-31 21:00:00,0.0
2024-12-31 22:00:00,0.0
2024-12-31 23:00:00,0.0
2025-01-01 00:00:00,0.0
2025-01-01 01:00:00,0.0
2025-01-01 02:00:00,0.0
2025-01-01 03:00:00,0.0
2025-01-01 04:00:00,0.0
2025-01-01 05:00:00,0.0
2025-01-01 06:00:00,11.35
2025-01-01 07:00:00,72.35
2025-01-01 08:00:00,141.51
2025-01-01 09:00:00,176.79
2025-01-01 10:00:00,157.92
2025-01-01 11:00:00,130.8
2025-01-01 12:00:00,125.85
2025-01-01 13:00:00,148.94
2025-01-01 14:00:00,123.77
2025-01-01 15:00:00,92.34
2025-01-01 16:00:00,42.88
2025-01-01 17:00:00,0.0
2025-01-01 18:00:00,0.0
2025-01-01 19:00:00,0.0
2025-01-01 20:00:00,0.0
2025-01-01 21:00:00,0.0
2025-01-01 22:00:00,0.0
2025-01-01 23:00:00,0.0
2025-01-02 00:00:00,0.0
2025-01-02 01:00:00,0.0
2025-01-02 02:00:00,0.0
2025-01-02 03:00:00,0.0
2025-01-02 04:00:00,0.0
2025-01-02 05:00:00,0.0
2025-01-02 06:00:00,10.12
2025-01-02 07:00:00,70.76
2025-01-02 08:00:00,119.53
2025-01-02 09:00:00,152.58
2025-01-02 10:00:00,152.26
2025-01-02 11:00:00,133.04
2025-01-02 12:00:00,120.69
2025-01-02 13:00:00,111.1
2025-01-02 14:00:00,99.32
2025-01-02 15:00:00,81.97
2025-01-02 16:00:00,39.46
2025-01-02 17:00:00,0.0
2025-01-02 18:00:00,0.0
2025-01-02 19:00:00,0.0
2025-01-02 20:00:00,0.0
2025-01-02 21:00:00,0.0
2025-01-02 22:00:00,0.0
2025-01-02 23:00:00,0.0
2025-01-03 00:00:00,0.0
2025-01-03 01:00:00,0.0
2025-01-03 02:00:00,0.0
2025-01-03 03:00:00,0.0
2025-01-03 04:00:00,0.0
2025-01-03 05:00:00,0.0
2025-01-03 06:00:00,9.55
2025-01-03 07:00:00,62.75
2025-01-03 08:00:00,115.21
2025-01-03 09:00:00,142.78
2025-01-03 10:00:00,154.76
2025-01-03 11:00:00,129.28
2025-01-03 12:00:00,123.6
2025-01-03 13:00:00,119.17
2025-01-03 14:00:00,110.05
2025-01-03 15:00:00,90.98
2025-01-03 16:00:00,43.33
2025-01-03 17:00:00,0.0
2025-01-03 18:00:00,0.0
2025-01-03 19:00:00,0.0
2025-01-03 20:00:00,0.0
2025-01-03 21:00:00,0.0
2025-01-03 22:00:00,0.0
2025-01-03 23:00:00,0.0
2025-01-04 00:00:00,0.0
2025-01-04 01:00:00,0.0
2025-01-04 02:00:00,0.0
2025-01-04 03:00:00,0.0
2025-01-04 04:00:00,0.0
2025-01-04 05:00:00,0.0
2025-01-04 06:00:00,10.25
2025-01-04 07:00:00,62.88
2025-01-04 08:00:00,113.01
2025-01-04 09:00:00,131.15
2025-01-04 10:00:00,139.38
2025-01-04 11:00:00,102.06
2025-01-04 12:00:00,119.94
2025-01-04 13:00:00,100.15
2025-01-04 14:00:00,90.85
2025-01-04 15:00:00,70.24
2025-01-04 16:00:00,37.73
2025-01-04 17:00:00,0.0
2025-01-04 18:00:00,0.0
2025-01-04 19:00:00,0.0
2025-01-04 20:00:00,0.0
2025-01-04 21:00:00,0.0
2025-01-04 22:00:00,0.0
2025-01-04 23:00:00,0.0
2025-01-05 00:00:00,0.0
2025-01-05 01:00:00,0.0
2025-01-05 02:00:00,0.0
2025-01-05 03:00:00,0.0
2025-01-05 04:00:00,0.0
2025-01-05 05:00:00,0.0
2025-01-05 06:00:00,9.64
2025-01-05 07:00:00,63.65
2025-01-05 08:00:00,120.16
2025-01-05 09:00:00,158.39
2025-01-05 10:00:00,112.47
2025-01-05 11:00:00,122.49
2025-01-05 12:00:00,132.3
2025-01-05 13:00:00,137.84
2025-01-05 14:00:00,153.52
2025-01-05 15:00:00,111.87
2025-01-05 16:00:00,49.84
2025-01-05 17:00:00,0.0
2025-01-05 18:00:00,0.0
2025-01-05 19:00:00,0.0
2025-01-05 20:00:00,0.0
2025-01-05 21:00:00,0.0
2025-01-05 22:00:00,0.0
2025-01-05 23:00:00,0.0
2025-01-06 00:00:00,0.0
2025-01-06 01:00:00,0.0
2025-01-06 02:00:00,0.0
2025-01-06 03:00:00,0.0
2025-01-06 04:00:00,0.0
2025-01-06 05:00:00,0.0
2025-01-06 06:00:00,10.46
2025-01-06 07:00:00,65.27
2025-01-06 08:00:00,105.58
2025-01-06 09:00:00,129.14
2025-01-06 10:00:00,132.55
2025-01-06 11:00:00,141.29
2025-01-06 12:00:00,138.35
2025-01-06 13:00:00,119.89
2025-01-06 14:00:00,117.84
2025-01-06 15:00:00,83.5
2025-01-06 16:00:00,45.81
2025-01-06 17:00:00,0.0
2025-01-06 18:00:00,0.0
2025-01-06 19:00:00,0.0
2025-01-06 20:00:00,0.0
2025-01-06 21:00:00,0.0
2025-01-06 22:00:00,0.0
2025-01-06 23:00:00,0.0
2025-01-07 00:00:00,0.0
2025-01-07 01:00:00,0.0
2025-01-07 02:00:00,0.0
2025-01-07 03:00:00,0.0
2025-01-07 04:00:00,0.0
2025-01-07 05:00:00,0.0
2025-01-07 06:00:00,8.17
2025-01-07 07:00:00,71.35
2025-01-07 08:00:00,171.25
2025-01-07 09:00:00,273.64
2025-01-07 10:00:00,282.2
2025-01-07 11:00:00,311.15
2025-01-07 12:00:00,173.34
2025-01-07 13:00:00,341.94
2025-01-07 14:00:00,242.36
2025-01-07 15:00:00,128.28
2025-01-07 16:00:00,49.85
2025-01-07 17:00:00,0.0
2025-01-07 18:00:00,0.0
2025-01-07 19:00:00,0.0
2025-01-07 20:00:00,0.0
2025-01-07 21:00:00,0.0
2025-01-07 22:00:00,0.0
2025-01-07 23:00:00,0.0
2025-01-08 00:00:00,0.0
2025-01-08 01:00:00,0.0
2025-01-08 02:00:00,0.0
2025-01-08 03:00:00,0.0
2025-01-08 04:00:00,0.0
2025-01-08 05:00:00,0.0
2025-01-08 06:00:00,7.63
2025-01-08 07:00:00,69.91
2025-01-08 08:00:00,153.98
2025-01-08 09:00:00,226.67
2025-01-08 10:00:00,270.89
2025-01-08 11:00:00,322.0
2025-01-08 12:00:00,310.03
2025-01-08 13:00:00,203.53
2025-01-08 14:00:00,164.83
2025-01-08 15:00:00,112.27
2025-01-08 16:00:00,49.42
2025-01-08 17:00:00,0.0
2025-01-08 18:00:00,0.0
2025-01-08 19:00:00,0.0
2025-01-08 20:00:00,0.0
2025-01-08 21:00:00,0.0
2025-01-08 22:00:00,0.0
2025-01-08 23:00:00,0.0
2025-01-09 00:00:00,0.0
2025-01-09 01:00:00,0.0
2025-01-09 02:00:00,0.0
2025-01-09 03:00:00,0.0
2025-01-09 04:00:00,0.0
2025-01-09 05:00:00,0.0
2025-01-09 06:00:00,9.12
2025-01-09 07:00:00,73.56
2025-01-09 08:00:00,136.24
2025-01-09 09:00:00,161.03
2025-01-09 10:00:00,166.05
2025-01-09 11:00:00,161.66
2025-01-09 12:00:00,166.65
2025-01-09 13:00:00,140.42
2025-01-09 14:00:00,126.09
2025-01-09 15:00:00,97.68
2025-01-09 16:00:00,47.94
2025-01-09 17:00:00,0.0
2025-01-09 18:00:00,0.0
2025-01-09 19:00:00,0.0
2025-01-09 20:00:00,0.0
2025-01-09 21:00:00,0.0
2025-01-09 22:00:00,0.0
2025-01-09 23:00:00,0.0
2025-01-10 00:00:00,0.0
2025-01-10 01:00:00,0.0
2025-01-10 02:00:00,0.0
2025-01-10 03:00:00,0.0
2025-01-10 04:00:00,0.0
2025-01-10 05:00:00,0.0
2025-01-10 06:00:00,8.64
2025-01-10 07:00:00,68.8
2025-01-10 08:00:00,145.58
2025-01-10 09:00:00,198.72
2025-01-10 10:00:00,140.13
2025-01-10 11:00:00,140.09
2025-01-10 12:00:00,115.33
2025-01-10 13:00:00,138.62
2025-01-10 14:00:00,111.95
2025-01-10 15:00:00,83.32
2025-01-10 16:00:00,47.14
2025-01-10 17:00:00,0.0
2025-01-10 18:00:00,0.0
2025-01-10 19:00:00,0.0
2025-01-10 20:00:00,0.0
2025-01-10 21:00:00,0.0
2025-01-10 22:00:00,0.0
2025-01-10 23:00:00,0.0
2025-01-11 00:00:00,0.0
2025-01-11 01:00:00,0.0
2025-01-11 02:00:00,0.0
2025-01-11 03:00:00,0.0
2025-01-11 04:00:00,0.0
2025-01-11 05:00:00,0.0
2025-01-11 06:00:00,9.47
2025-01-11 07:00:00,64.56
2025-01-11 08:00:00,115.06
2025-01-11 09:00:00,135.97
2025-01-11 10:00:00,139.01
2025-01-11 11:00:00,134.83
2025-01-11 12:00:00,114.76
2025-01-11 13:00:00,146.27
2025-01-11 14:00:00,129.33
2025-01-11 15:00:00,99.13
2025-01-11 16:00:00,50.62
2025-01-11 17:00:00,0.0
2025-01-11 18:00:00,0.0
2025-01-11 19:00:00,0.0
2025-01-11 20:00:00,0.0
2025-01-11 21:00:00,0.0
2025-01-11 22:00:00,0.0
2025-01-11 23:00:00,0.0
2025-01-12 00:00:00,0.0
2025-01-12 01:00:00,0.0
2025-01-12 02:00:00,0.0
2025-01-12 03:00:00,0.0
2025-01-12 04:00:00,0.0
2025-01-12 05:00:00,0.0
2025-01-12 06:00:00,9.18
2025-01-12 07:00:00,61.41
2025-01-12 08:00:00,94.53
2025-01-12 09:00:00,134.29
2025-01-12 10:00:00,136.67
2025-01-12 11:00:00,123.44
2025-01-12 12:00:00,111.13
2025-01-12 13:00:00,120.01
2025-01-12 14:00:00,115.02
2025-01-12 15:00:00,82.97
2025-01-12 16:00:00,46.7
2025-01-12 17:00:00,0.0
2025-01-12 18:00:00,0.0
2025-01-12 19:00:00,0.0
2025-01-12 20:00:00,0.0
2025-01-12 21:00:00,0.0
2025-01-12 22:00:00,0.0
2025-01-12 23:00:00,0.0
2025-01-13 00:00:00,0.0
2025-01-13 01:00:00,0.0
2025-01-13 02:00:00,0.0
2025-01-13 03:00:00,0.0
2025-01-13 04:00:00,0.0
2025-01-13 05:00:00,0.0
2025-01-13 06:00:00,9.32
2025-01-13 07:00:00,75.45
2025-01-13 08:00:00,131.1
2025-01-13 09:00:00,203.95
2025-01-13 10:00:00,200.3
2025-01-13 11:00:00,147.39
2025-01-13 12:00:00,152.49
2025-01-13 13:00:00,176.87
2025-01-13 14:00:00,142.74
2025-01-13 15:00:00,99.69
2025-01-13 16:00:00,56.93
2025-01-13 17:00:00,0.0
2025-01-13 18:00:00,0.0
2025-01-13 19:00:00,0.0
2025-01-13 20:00:00,0.0
2025-01-13 21:00:00,0.0
2025-01-13 22:00:00,0.0
2025-01-13 23:00:00,0.0
2025-01-14 00:00:00,0.0
2025-01-14 01:00:00,0.0
2025-01-14 02:00:00,0.0
2025-01-14 03:00:00,0.0
2025-01-14 04:00:00,0.0
2025-01-14 05:00:00,0.0
2025-01-14 06:00:00,8.77
2025-01-14 07:00:00,69.0
2025-01-14 08:00:00,131.74
2025-01-14 09:00:00,161.31
2025-01-14 10:00:00,158.46
2025-01-14 11:00:00,134.41
2025-01-14 12:00:00,141.64
2025-01-14 13:00:00,117.95
2025-01-14 14:00:00,126.18
2025-01-14 15:00:00,103.08
2025-01-14 16:00:00,54.34
2025-01-14 17:00:00,0.0
2025-01-14 18:00:00,0.0
2025-01-14 19:00:00,0.0
2025-01-14 20:00:00,0.0
2025-01-14 21:00:00,0.0
2025-01-14 22:00:00,0.0
2025-01-14 23:00:00,0.0
2025-01-15 00:00:00,0.0
2025-01-15 01:00:00,0.0
2025-01-15 02:00:00,0.0
2025-01-15 03:00:00,0.0
2025-01-15 04:00:00,0.0
2025-01-15 05:00:00,0.0
2025-01-15 06:00:00,9.17
2025-01-15 07:00:00,67.54
2025-01-15 08:00:00,124.14
2025-01-15 09:00:00,158.77
2025-01-15 10:00:00,141.82
2025-01-15 11:00:00,124.55
2025-01-15 12:00:00,136.68
2025-01-15 13:00:00,128.32
2025-01-15 14:00:00,109.71
2025-01-15 15:00:00,86.91
2025-01-15 16:00:00,50.05
2025-01-15 17:00:00,0.0
2025-01-15 18:00:00,0.0
2025-01-15 19:00:00,0.0
2025-01-15 20:00:00,0.0
2025-01-15 21:00:00,0.0
2025-01-15 22:00:00,0.0
2025-01-15 23:00:00,0.0
2025-01-16 00:00:00,0.0
2025-01-16 01:00:00,0.0
2025-01-16 02:00:00,0.0
2025-01-16 03:00:00,0.0
2025-01-16 04:00:00,0.0
2025-01-16 05:00:00,0.0
2025-01-16 06:00:00,9.28
2025-01-16 07:00:00,59.38
2025-01-16 08:00:00,106.61
2025-01-16 09:00:00,131.81
2025-01-16 10:00:00,122.95
2025-01-16 11:00:00,104.92
2025-01-16 12:00:00,100.41
2025-01-16 13:00:00,101.14
2025-01-16 14:00:00,100.76
2025-01-16 15:00:00,79.48
2025-01-16 16:00:00,49.17
2025-01-16 17:00:00,0.0
2025-01-16 18:00:00,0.0
2025-01-16 19:00:00,0.0
2025-01-16 20:00:00,0.0
2025-01-16 21:00:00,0.0
2025-01-16 22:00:00,0.0
2025-01-16 23:00:00,0.0
2025-01-17 00:00:00,0.0
2025-01-17 01:00:00,0.0
2025-01-17 02:00:00,0.0
2025-01-17 03:00:00,0.0
2025-01-17 04:00:00,0.0
2025-01-17 05:00:00,0.0
2025-01-17 06:00:00,9.24
2025-01-17 07:00:00,60.21
2025-01-17 08:00:00,102.22
2025-01-17 09:00:00,132.33
2025-01-17 10:00:00,121.98
2025-01-17 11:00:00,103.66
2025-01-17 12:00:00,97.54
2025-01-17 13:00:00,98.61
2025-01-17 14:00:00,91.81
2025-01-17 15:00:00,78.52
2025-01-17 16:00:00,51.15
2025-01-17 17:00:00,0.0
2025-01-17 18:00:00,0.0
2025-01-17 19:00:00,0.0
2025-01-17 20:00:00,0.0
2025-01-17 21:00:00,0.0
2025-01-17 22:00:00,0.0
2025-01-17 23:00:00,0.0
2025-01-18 00:00:00,0.0
2025-01-18 01:00:00,0.0
2025-01-18 02:00:00,0.0
2025-01-18 03:00:00,0.0
2025-01-18 04:00:00,0.0
2025-01-18 05:00:00,0.0
2025-01-18 06:00:00,9.5
2025-01-18 07:00:00,63.47
2025-01-18 08:00:00,112.87
2025-01-18 09:00:00,143.65
2025-01-18 10:00:00,142.95
2025-01-18 11:00:00,106.96
2025-01-18 12:00:00,101.79
2025-01-18 13:00:00,107.56
2025-01-18 14:00:00,90.85
2025-01-18 15:00:00,79.63
2025-01-18 16:00:00,51.22
2025-01-18 17:00:00,0.0
2025-01-18 18:00:00,0.0
2025-01-18 19:00:00,0.0
2025-01-18 20:00:00,0.0
2025-01-18 21:00:00,0.0
2025-01-18 22:00:00,0.0
2025-01-18 23:00:00,0.0
2025-01-19 00:00:00,0.0
2025-01-19 01:00:00,0.0
2025-01-19 02:00:00,0.0
2025-01-19 03:00:00,0.0
2025-01-19 04:00:00,0.0
2025-01-19 05:00:00,0.0
2025-01-19 06:00:00,9.53
2025-01-19 07:00:00,69.47
2025-01-19 08:00:00,130.22
2025-01-19 09:00:00,152.15
2025-01-19 10:00:00,163.92
2025-01-19 11:00:00,113.94
2025-01-19 12:00:00,109.38
2025-01-19 13:00:00,96.07
2025-01-19 14:00:00,95.27
2025-01-19 15:00:00,76.35
2025-01-19 16:00:00,48.96
2025-01-19 17:00:00,5.19
2025-01-19 18:00:00,0.0
2025-01-19 19:00:00,0.0
2025-01-19 20:00:00,0.0
2025-01-19 21:00:00,0.0
2025-01-19 22:00:00,0.0
2025-01-19 23:00:00,0.0
2025-01-20 00:00:00,0.0
2025-01-20 01:00:00,0.0
2025-01-20 02:00:00,0.0
2025-01-20 03:00:00,0.0
2025-01-20 04:00:00,0.0
2025-01-20 05:00:00,0.0
2025-01-20 06:00:00,9.74
2025-01-20 07:00:00,69.98
2025-01-20 08:00:00,130.81
2025-01-20 09:00:00,172.91
2025-01-20 10:00:00,165.1
2025-01-20 11:00:00,123.38
2025-01-20 12:00:00,145.22
2025-01-20 13:00:00,114.49
2025-01-20 14:00:00,123.3
2025-01-20 15:00:00,96.5
2025-01-20 16:00:00,59.64
2025-01-20 17:00:00,5.5
2025-01-20 18:00:00,0.0
2025-01-20 19:00:00,0.0
2025-01-20 20:00:00,0.0
2025-01-20 21:00:00,0.0
2025-01-20 22:00:00,0.0
2025-01-20 23:00:00,0.0
2025-01-21 00:00:00,0.0
2025-01-21 01:00:00,0.0
2025-01-21 02:00:00,0.0
2025-01-21 03:00:00,0.0
2025-01-21 04:00:00,0.0
2025-01-21 05:00:00,0.0
2025-01-21 06:00:00,9.66
2025-01-21 07:00:00,74.36
2025-01-21 08:00:00,139.42
2025-01-21 09:00:00,185.83
2025-01-21 10:00:00,181.81
2025-01-21 11:00:00,132.8
2025-01-21 12:00:00,120.37
2025-01-21 13:00:00,126.85
2025-01-21 14:00:00,126.16
2025-01-21 15:00:00,104.88
2025-01-21 16:00:00,61.03
2025-01-21 17:00:00,5.74
2025-01-21 18:00:00,0.0
2025-01-21 19:00:00,0.0
2025-01-21 20:00:00,0.0
2025-01-21 21:00:00,0.0
2025-01-21 22:00:00,0.0
2025-01-21 23:00:00,0.0
2025-01-22 00:00:00,0.0
2025-01-22 01:00:00,0.0
2025-01-22 02:00:00,0.0
2025-01-22 03:00:00,0.0
2025-01-22 04:00:00,0.0
2025-01-22 05:00:00,0.0
2025-01-22 06:00:00,9.25
2025-01-22 07:00:00,77.24
2025-01-22 08:00:00,154.71
2025-01-22 09:00:00,197.08
2025-01-22 10:00:00,202.21
2025-01-22 11:00:00,155.43
2025-01-22 12:00:00,135.47
2025-01-22 13:00:00,158.39
2025-01-22 14:00:00,143.26
2025-01-22 15:00:00,112.07
2025-01-22 16:00:00,62.64
2025-01-22 17:00:00,6.23
2025-01-22 18:00:00,0.0
2025-01-22 19:00:00,0.0
2025-01-22 20:00:00,0.0
2025-01-22 21:00:00,0.0
2025-01-22 22:00:00,0.0
2025-01-22 23:00:00,0.0
2025-01-23 00:00:00,0.0
2025-01-23 01:00:00,0.0
2025-01-23 02:00:00,0.0
2025-01-23 03:00:00,0.0
2025-01-23 04:00:00,0.0
2025-01-23 05:00:00,0.0
2025-01-23 06:00:00,8.72
2025-01-23 07:00:00,81.17
2025-01-23 08:00:00,171.35
2025-01-23 09:00:00,210.81
2025-01-23 10:00:00,218.53
2025-01-23 11:00:00,137.53
2025-01-23 12:00:00,123.08
2025-01-23 13:00:00,128.53
2025-01-23 14:00:00,128.34
2025-01-23 15:00:00,113.38
2025-01-23 16:00:00,60.4
2025-01-23 17:00:00,6.44
2025-01-23 18:00:00,0.0
2025-01-23 19:00:00,0.0
2025-01-23 20:00:00,0.0
2025-01-23 21:00:00,0.0
2025-01-23 22:00:00,0.0
2025-01-23 23:00:00,0.0
2025-01-24 00:00:00,0.0
2025-01-24 01:00:00,0.0
2025-01-24 02:00:00,0.0
2025-01-24 03:00:00,0.0
2025-01-24 04:00:00,0.0
2025-01-24 05:00:00,0.0
2025-01-24 06:00:00,8.86
2025-01-24 07:00:00,78.13
2025-01-24 08:00:00,152.64
2025-01-24 09:00:00,188.67
2025-01-24 10:00:00,204.61
2025-01-24 11:00:00,107.43
2025-01-24 12:00:00,108.47
2025-01-24 13:00:00,101.71
2025-01-24 14:00:00,109.37
2025-01-24 15:00:00,101.02
2025-01-24 16:00:00,58.33
2025-01-24 17:00:00,7.31
2025-01-24 18:00:00,0.0
2025-01-24 19:00:00,0.0
2025-01-24 20:00:00,0.0
2025-01-24 21:00:00,0.0
2025-01-24 22:00:00,0.0
2025-01-24 23:00:00,0.0
2025-01-25 00:00:00,0.0
2025-01-25 01:00:00,0.0
2025-01-25 02:00:00,0.0
2025-01-25 03:00:00,0.0
2025-01-25 04:00:00,0.0
2025-01-25 05:00:00,0.0
2025-01-25 06:00:00,6.69
2025-01-25 07:00:00,69.73
2025-01-25 08:00:00,161.51
2025-01-25 09:00:00,248.29
2025-01-25 10:00:00,239.07
2025-01-25 11:00:00,267.93
2025-01-25 12:00:00,287.89
2025-01-25 13:00:00,181.31
2025-01-25 14:00:00,232.41
2025-01-25 15:00:00,173.83
2025-01-25 16:00:00,69.33
2025-01-25 17:00:00,7.06
2025-01-25 18:00:00,0.0
2025-01-25 19:00:00,0.0
2025-01-25 20:00:00,0.0
2025-01-25 21:00:00,0.0
2025-01-25 22:00:00,0.0
2025-01-25 23:00:00,0.0
2025-01-26 00:00:00,0.0
2025-01-26 01:00:00,0.0
2025-01-26 02:00:00,0.0
2025-01-26 03:00:00,0.0
2025-01-26 04:00:00,0.0
2025-01-26 05:00:00,0.0
2025-01-26 06:00:00,7.76
2025-01-26 07:00:00,79.02
2025-01-26 08:00:00,159.43
2025-01-26 09:00:00,202.28
2025-01-26 10:00:00,226.77
2025-01-26 11:00:00,202.2
2025-01-26 12:00:00,197.83
2025-01-26 13:00:00,201.57
2025-01-26 14:00:00,187.16
2025-01-26 15:00:00,140.93
2025-01-26 16:00:00,70.08
2025-01-26 17:00:00,7.49
2025-01-26 18:00:00,0.0
2025-01-26 19:00:00,0.0
2025-01-26 20:00:00,0.0
2025-01-26 21:00:00,0.0
2025-01-26 22:00:00,0.0
2025-01-26 23:00:00,0.0
2025-01-27 00:00:00,0.0
2025-01-27 01:00:00,0.0
2025-01-27 02:00:00,0.0
2025-01-27 03:00:00,0.0
2025-01-27 04:00:00,0.0
2025-01-27 05:00:00,0.0
2025-01-27 06:00:00,8.47
2025-01-27 07:00:00,76.61
2025-01-27 08:00:00,145.97
2025-01-27 09:00:00,215.77
2025-01-27 10:00:00,222.29
2025-01-27 11:00:00,230.61
2025-01-27 12:00:00,171.27
2025-01-27 13:00:00,185.87
2025-01-27 14:00:00,225.68
2025-01-27 15:00:00,146.77
2025-01-27 16:00:00,74.14
2025-01-27 17:00:00,8.41
2025-01-27 18:00:00,0.0
2025-01-27 19:00:00,0.0
2025-01-27 20:00:00,0.0
2025-01-27 21:00:00,0.0
2025-01-27 22:00:00,0.0
2025-01-27 23:00:00,0.0
2025-01-28 00:00:00,0.0
2025-01-28 01:00:00,0.0
2025-01-28 02:00:00,0.0
2025-01-28 03:00:00,0.0
2025-01-28 04:00:00,0.0
2025-01-28 05:00:00,0.0
2025-01-28 06:00:00,8.99
2025-01-28 07:00:00,77.87
2025-01-28 08:00:00,156.49
2025-01-28 09:00:00,249.09
2025-01-28 10:00:00,260.44
2025-01-28 11:00:00,248.22
2025-01-28 12:00:00,255.38
2025-01-28 13:00:00,276.8
2025-01-28 14:00:00,227.27
2025-01-28 15:00:00,156.84
2025-01-28 16:00:00,71.83
2025-01-28 17:00:00,8.23
2025-01-28 18:00:00,0.0
2025-01-28 19:00:00,0.0
2025-01-28 20:00:00,0.0
2025-01-28 21:00:00,0.0
2025-01-28 22:00:00,0.0
2025-01-28 23:00:00,0.0
2025-01-29 00:00:00,0.0
2025-01-29 01:00:00,0.0
2025-01-29 02:00:00,0.0
2025-01-29 03:00:00,0.0
2025-01-29 04:00:00,0.0
2025-01-29 05:00:00,0.0
2025-01-29 06:00:00,7.74
2025-01-29 07:00:00,67.7
2025-01-29 08:00:00,145.03
2025-01-29 09:00:00,273.39
2025-01-29 10:00:00,276.93
2025-01-29 11:00:00,220.46
2025-01-29 12:00:00,318.77
2025-01-29 13:00:00,209.93
2025-01-29 14:00:00,235.36
2025-01-29 15:00:00,168.92
2025-01-29 16:00:00,73.57
2025-01-29 17:00:00,7.49
2025-01-29 18:00:00,0.0
2025-01-29 19:00:00,0.0
2025-01-29 20:00:00,0.0
2025-01-29 21:00:00,0.0
2025-01-29 22:00:00,0.0
2025-01-29 23:00:00,0.0
2025-01-30 00:00:00,0.0
2025-01-30 01:00:00,0.0
2025-01-30 02:00:00,0.0
2025-01-30 03:00:00,0.0
2025-01-30 04:00:00,0.0
2025-01-30 05:00:00,0.0
2025-01-30 06:00:00,7.06
2025-01-30 07:00:00,66.13
2025-01-30 08:00:00,150.89
2025-01-30 09:00:00,229.3
2025-01-30 10:00:00,237.63
2025-01-30 11:00:00,270.55
2025-01-30 12:00:00,302.96
2025-01-30 13:00:00,184.87
2025-01-30 14:00:00,248.51
2025-01-30 15:00:00,125.56
2025-01-30 16:00:00,71.0
2025-01-30 17:00:00,8.26
2025-01-30 18:00:00,0.0
2025-01-30 19:00:00,0.0
2025-01-30 20:00:00,0.0
2025-01-30 21:00:00,0.0
2025-01-30 22:00:00,0.0
2025-01-30 23:00:00,0.0
2025-01-31 00:00:00,0.0
2025-01-31 01:00:00,0.0
2025-01-31 02:00:00,0.0
2025-01-31 03:00:00,0.0
2025-01-31 04:00:00,0.0
2025-01-31 05:00:00,0.0
2025-01-31 06:00:00,4.9
2025-01-31 07:00:00,43.28
2025-01-31 08:00:00,93.93
2025-01-31 09:00:00,155.63
2025-01-31 10:00:00,212.96
2025-01-31 11:00:00,261.73
2025-01-31 12:00:00,291.24
2025-01-31 13:00:00,159.74
2025-01-31 14:00:00,239.18
2025-01-31 15:00:00,122.98
2025-01-31 16:00:00,53.29
2025-01-31 17:00:00,6.64
2025-01-31 18:00:00,0.0
2025-01-31 19:00:00,0.0
2025-01-31 20:00:00,0.0
2025-01-31 21:00:00,0.0
2025-01-31 22:00:00,0.0
2025-01-31 23:00:00,0.0
2025-02-01 00:00:00,0.0
2025-02-01 01:00:00,0.0
2025-02-01 02:00:00,0.0
2025-02-01 03:00:00,0.0
2025-02-01 04:00:00,0.0
2025-02-01 05:00:00,0.0
2025-02-01 06:00:00,8.94
2025-02-01 07:00:00,81.05
2025-02-01 08:00:00,192.48
2025-02-01 09:00:00,216.99
2025-02-01 10:00:00,285.33
2025-02-01 11:00:00,296.13
2025-02-01 12:00:00,174.51
2025-02-01 13:00:00,263.87
2025-02-01 14:00:00,236.2
2025-02-01 15:00:00,175.23
2025-02-01 16:00:00,86.54
2025-02-01 17:00:00,10.15
2025-02-01 18:00:00,0.0
2025-02-01 19:00:00,0.0
2025-02-01 20:00:00,0.0
2025-02-01 21:00:00,0.0
2025-02-01 22:00:00,0.0
2025-02-01 23:00:00,0.0
2025-02-02 00:00:00,0.0
2025-02-02 01:00:00,0.0
2025-02-02 02:00:00,0.0
2025-02-02 03:00:00,0.0
2025-02-02 04:00:00,0.0
2025-02-02 05:00:00,0.0
2025-02-02 06:00:00,11.83
2025-02-02 07:00:00,72.85
2025-02-02 08:00:00,134.27
2025-02-02 09:00:00,173.93
2025-02-02 10:00:00,185.45
2025-02-02 11:00:00,207.88
2025-02-02 12:00:00,194.69
2025-02-02 13:00:00,250.26
2025-02-02 14:00:00,224.87
2025-02-02 15:00:00,137.94
2025-02-02 16:00:00,74.47
2025-02-02 17:00:00,10.24
2025-02-02 18:00:00,0.0
2025-02-02 19:00:00,0.0
2025-02-02 20:00:00,0.0
2025-02-02 21:00:00,0.0
2025-02-02 22:00:00,0.0
2025-02-02 23:00:00,0.0
2025-02-03 00:00:00,0.0
2025-02-03 01:00:00,0.0
2025-02-03 02:00:00,0.0
2025-02-03 03:00:00,0.0
2025-02-03 04:00:00,0.0
2025-02-03 05:00:00,0.0
2025-02-03 06:00:00,9.86
2025-02-03 07:00:00,85.62
2025-02-03 08:00:00,191.95
2025-02-03 09:00:00,233.69
2025-02-03 10:00:00,276.68
2025-02-03 11:00:00,278.07
2025-02-03 12:00:00,266.65
2025-02-03 13:00:00,219.55
2025-02-03 14:00:00,226.37
2025-02-03 15:00:00,159.58
2025-02-03 16:00:00,83.39
2025-02-03 17:00:00,11.01
2025-02-03 18:00:00,0.0
2025-02-03 19:00:00,0.0
2025-02-03 20:00:00,0.0
2025-02-03 21:00:00,0.0
2025-02-03 22:00:00,0.0
2025-02-03 23:00:00,0.0
2025-02-04 00:00:00,0.0
2025-02-04 01:00:00,0.0
2025-02-04 02:00:00,0.0
2025-02-04 03:00:00,0.0
2025-02-04 04:00:00,0.0
2025-02-04 05:00:00,0.0
2025-02-04 06:00:00,11.35
2025-02-04 07:00:00,77.65
2025-02-04 08:00:00,149.27
2025-02-04 09:00:00,199.08
2025-02-04 10:00:00,203.71
2025-02-04 11:00:00,205.91
2025-02-04 12:00:00,204.8
2025-02-04 13:00:00,181.78
2025-02-04 14:00:00,174.98
2025-02-04 15:00:00,133.89
2025-02-04 16:00:00,76.11
2025-02-04 17:00:00,10.69
2025-02-04 18:00:00,0.0
2025-02-04 19:00:00,0.0
2025-02-04 20:00:00,0.0
2025-02-04 21:00:00,0.0
2025-02-04 22:00:00,0.0
2025-02-04 23:00:00,0.0
2025-02-05 00:00:00,0.0
2025-02-05 01:00:00,0.0
2025-02-05 02:00:00,0.0
2025-02-05 03:00:00,0.0
2025-02-05 04:00:00,0.0
2025-02-05 05:00:00,0.0
2025-02-05 06:00:00,11.83
2025-02-05 07:00:00,79.42
2025-02-05 08:00:00,156.16
2025-02-05 09:00:00,214.33
2025-02-05 10:00:00,219.21
2025-02-05 11:00:00,261.92
2025-02-05 12:00:00,227.51
2025-02-05 13:00:00,186.75
2025-02-05 14:00:00,183.98
2025-02-05 15:00:00,146.47
2025-02-05 16:00:00,80.08
2025-02-05 17:00:00,11.05
2025-02-05 18:00:00,0.0
2025-02-05 19:00:00,0.0
2025-02-05 20:00:00,0.0
2025-02-05 21:00:00,0.0
2025-02-05 22:00:00,0.0
2025-02-05 23:00:00,0.0
2025-02-06 00:00:00,0.0
2025-02-06 01:00:00,0.0
2025-02-06 02:00:00,0.0
2025-02-06 03:00:00,0.0
2025-02-06 04:00:00,0.0
2025-02-06 05:00:00,0.0
2025-02-06 06:00:00,11.94
2025-02-06 07:00:00,84.0
2025-02-06 08:00:00,154.85
2025-02-06 09:00:00,215.89
2025-02-06 10:00:00,250.39
2025-02-06 11:00:00,248.7
2025-02-06 12:00:00,179.23
2025-02-06 13:00:00,197.4
2025-02-06 14:00:00,160.91
2025-02-06 15:00:00,135.66
2025-02-06 16:00:00,78.94
2025-02-06 17:00:00,11.02
2025-02-06 18:00:00,0.0
2025-02-06 19:00:00,0.0
2025-02-06 20:00:00,0.0
2025-02-06 21:00:00,0.0
2025-02-06 22:00:00,0.0
2025-02-06 23:00:00,0.0
2025-02-07 00:00:00,0.0
2025-02-07 01:00:00,0.0
2025-02-07 02:00:00,0.0
2025-02-07 03:00:00,0.0
2025-02-07 04:00:00,0.0
2025-02-07 05:00:00,0.0
2025-02-07 06:00:00,13.06
2025-02-07 07:00:00,89.79
2025-02-07 08:00:00,143.73
2025-02-07 09:00:00,200.2
2025-02-07 10:00:00,234.96
2025-02-07 11:00:00,190.86
2025-02-07 12:00:00,170.92
2025-02-07 13:00:00,177.02
2025-02-07 14:00:00,151.35
2025-02-07 15:00:00,126.59
2025-02-07 16:00:00,73.44
2025-02-07 17:00:00,13.01
2025-02-07 18:00:00,0.0
2025-02-07 19:00:00,0.0
2025-02-07 20:00:00,0.0
2025-02-07 21:00:00,0.0
2025-02-07 22:00:00,0.0
2025-02-07 23:00:00,0.0
2025-02-08 00:00:00,0.0
2025-02-08 01:00:00,0.0
2025-02-08 02:00:00,0.0
2025-02-08 03:00:00,0.0
2025-02-08 04:00:00,0.0
2025-02-08 05:00:00,0.0
2025-02-08 06:00:00,14.63
2025-02-08 07:00:00,80.45
2025-02-08 08:00:00,127.18
2025-02-08 09:00:00,132.96
2025-02-08 10:00:00,165.1
2025-02-08 11:00:00,159.1
2025-02-08 12:00:00,148.97
2025-02-08 13:00:00,137.73
2025-02-08 14:00:00,124.61
2025-02-08 15:00:00,112.31
2025-02-08 16:00:00,65.46
2025-02-08 17:00:00,13.9
2025-02-08 18:00:00,0.0
2025-02-08 19:00:00,0.0
2025-02-08 20:00:00,0.0
2025-02-08 21:00:00,0.0
2025-02-08 22:00:00,0.0
2025-02-08 23:00:00,0.0
2025-02-09 00:00:00,0.0
2025-02-09 01:00:00,0.0
2025-02-09 02:00:00,0.0
2025-02-09 03:00:00,0.0
2025-02-09 04:00:00,0.0
2025-02-09 05:00:00,0.0
2025-02-09 06:00:00,13.65
2025-02-09 07:00:00,80.71
2025-02-09 08:00:00,119.01
2025-02-09 09:00:00,145.67
2025-02-09 10:00:00,162.79
2025-02-09 11:00:00,164.08
2025-02-09 12:00:00,163.02
2025-02-09 13:00:00,145.92
2025-02-09 14:00:00,133.75
2025-02-09 15:00:00,121.8
2025-02-09 16:00:00,73.65
2025-02-09 17:00:00,14.45
2025-02-09 18:00:00,0.0
2025-02-09 19:00:00,0.0
2025-02-09 20:00:00,0.0
2025-02-09 21:00:00,0.0
2025-02-09 22:00:00,0.0
2025-02-09 23:00:00,0.0
2025-02-10 00:00:00,0.0
2025-02-10 01:00:00,0.0
2025-02-10 02:00:00,0.0
2025-02-10 03:00:00,0.0
2025-02-10 04:00:00,0.0
2025-02-10 05:00:00,0.0
2025-02-10 06:00:00,13.48
2025-02-10 07:00:00,72.32
2025-02-10 08:00:00,124.6
2025-02-10 09:00:00,146.15
2025-02-10 10:00:00,155.63
2025-02-10 11:00:00,113.09
2025-02-10 12:00:00,121.69
2025-02-10 13:00:00,108.99
2025-02-10 14:00:00,118.14
2025-02-10 15:00:00,106.97
2025-02-10 16:00:00,67.8
2025-02-10 17:00:00,14.05
2025-02-10 18:00:00,0.0
2025-02-10 19:00:00,0.0
2025-02-10 20:00:00,0.0
2025-02-10 21:00:00,0.0
2025-02-10 22:00:00,0.0
2025-02-10 23:00:00,0.0
2025-02-11 00:00:00,0.0
2025-02-11 01:00:00,0.0
2025-02-11 02:00:00,0.0
2025-02-11 03:00:00,0.0
2025-02-11 04:00:00,0.0
2025-02-11 05:00:00,0.0
2025-02-11 06:00:00,13.72
2025-02-11 07:00:00,84.15
2025-02-11 08:00:00,155.8
2025-02-11 09:00:00,183.52
2025-02-11 10:00:00,209.06
2025-02-11 11:00:00,161.86
2025-02-11 12:00:00,141.84
2025-02-11 13:00:00,180.94
2025-02-11 14:00:00,202.84
2025-02-11 15:00:00,144.99
2025-02-11 16:00:00,86.76
2025-02-11 17:00:00,14.56
2025-02-11 18:00:00,0.0
2025-02-11 19:00:00,0.0
2025-02-11 20:00:00,0.0
2025-02-11 21:00:00,0.0
2025-02-11 22:00:00,0.0
2025-02-11 23:00:00,0.0
2025-02-12 00:00:00,0.0
2025-02-12 01:00:00,0.0
2025-02-12 02:00:00,0.0
2025-02-12 03:00:00,0.0
2025-02-12 04:00:00,0.0
2025-02-12 05:00:00,0.0
2025-02-12 06:00:00,14.09
2025-02-12 07:00:00,73.68
2025-02-12 08:00:00,115.7
2025-02-12 09:00:00,180.18
2025-02-12 10:00:00,221.74
2025-02-12 11:00:00,221.39
2025-02-12 12:00:00,173.27
2025-02-12 13:00:00,196.88
2025-02-12 14:00:00,230.83
2025-02-12 15:00:00,134.02
2025-02-12 16:00:00,83.03
2025-02-12 17:00:00,13.79
2025-02-12 18:00:00,0.0
2025-02-12 19:00:00,0.0
2025-02-12 20:00:00,0.0
2025-02-12 21:00:00,0.0
2025-02-12 22:00:00,0.0
2025-02-12 23:00:00,0.0
2025-02-13 00:00:00,0.0
2025-02-13 01:00:00,0.0
2025-02-13 02:00:00,0.0
2025-02-13 03:00:00,0.0
2025-02-13 04:00:00,0.0
2025-02-13 05:00:00,0.0
2025-02-13 06:00:00,15.97
2025-02-13 07:00:00,82.11
2025-02-13 08:00:00,133.49
2025-02-13 09:00:00,201.15
2025-02-13 10:00:00,206.53
2025-02-13 11:00:00,308.91
2025-02-13 12:00:00,296.36
2025-02-13 13:00:00,351.58
2025-02-13 14:00:00,299.41
2025-02-13 15:00:00,180.42
2025-02-13 16:00:00,96.28
2025-02-13 17:00:00,14.66
2025-02-13 18:00:00,0.0
2025-02-13 19:00:00,0.0
2025-02-13 20:00:00,0.0
2025-02-13 21:00:00,0.0
2025-02-13 22:00:00,0.0
2025-02-13 23:00:00,0.0
2025-02-14 00:00:00,0.0
2025-02-14 01:00:00,0.0
2025-02-14 02:00:00,0.0
2025-02-14 03:00:00,0.0
2025-02-14 04:00:00,0.0
2025-02-14 05:00:00,0.0
2025-02-14 06:00:00,11.44
2025-02-14 07:00:00,77.21
2025-02-14 08:00:00,143.35
2025-02-14 09:00:00,264.25
2025-02-14 10:00:00,325.5
2025-02-14 11:00:00,254.41
2025-02-14 12:00:00,286.42
2025-02-14 13:00:00,171.67
2025-02-14 14:00:00,210.54
2025-02-14 15:00:00,157.21
2025-02-14 16:00:00,93.75
2025-02-14 17:00:00,16.64
2025-02-14 18:00:00,0.0
2025-02-14 19:00:00,0.0
2025-02-14 20:00:00,0.0
2025-02-14 21:00:00,0.0
2025-02-14 22:00:00,0.0
2025-02-14 23:00:00,0.0
2025-02-15 00:00:00,0.0
2025-02-15 01:00:00,0.0
2025-02-15 02:00:00,0.0
2025-02-15 03:00:00,0.0
2025-02-15 04:00:00,0.0
2025-02-15 05:00:00,0.0
2025-02-15 06:00:00,17.64
2025-02-15 07:00:00,89.79
2025-02-15 08:00:00,128.5
2025-02-15 09:00:00,148.97
2025-02-15 10:00:00,154.89
2025-02-15 11:00:00,172.06
2025-02-15 12:00:00,164.87
2025-02-15 13:00:00,155.69
2025-02-15 14:00:00,149.08
2025-02-15 15:00:00,128.18
2025-02-15 16:00:00,74.13
2025-02-15 17:00:00,16.16
2025-02-15 18:00:00,0.0
2025-02-15 19:00:00,0.0
2025-02-15 20:00:00,0.0
2025-02-15 21:00:00,0.0
2025-02-15 22:00:00,0.0
2025-02-15 23:00:00,0.0
2025-02-16 00:00:00,0.0
2025-02-16 01:00:00,0.0
2025-02-16 02:00:00,0.0
2025-02-16 03:00:00,0.0
2025-02-16 04:00:00,0.0
2025-02-16 05:00:00,0.0
2025-02-16 06:00:00,16.79
2025-02-16 07:00:00,72.66
2025-02-16 08:00:00,125.69
2025-02-16 09:00:00,155.65
2025-02-16 10:00:00,181.68
2025-02-16 11:00:00,173.43
2025-02-16 12:00:00,190.85
2025-02-16 13:00:00,147.73
2025-02-16 14:00:00,278.48
2025-02-16 15:00:00,203.54
2025-02-16 16:00:00,106.38
2025-02-16 17:00:00,18.93
2025-02-16 18:00:00,0.0
2025-02-16 19:00:00,0.0
2025-02-16 20:00:00,0.0
2025-02-16 21:00:00,0.0
2025-02-16 22:00:00,0.0
2025-02-16 23:00:00,0.0
2025-02-17 00:00:00,0.0
2025-02-17 01:00:00,0.0
2025-02-17 02:00:00,0.0
2025-02-17 03:00:00,0.0
2025-02-17 04:00:00,0.0
2025-02-17 05:00:00,0.0
2025-02-17 06:00:00,17.22
2025-02-17 07:00:00,76.7
2025-02-17 08:00:00,132.64
2025-02-17 09:00:00,166.38
2025-02-17 10:00:00,202.51
2025-02-17 11:00:00,189.29
2025-02-17 12:00:00,182.63
2025-02-17 13:00:00,219.47
2025-02-17 14:00:00,288.36
2025-02-17 15:00:00,148.59
2025-02-17 16:00:00,90.97
2025-02-17 17:00:00,18.61
2025-02-17 18:00:00,0.0
2025-02-17 19:00:00,0.0
2025-02-17 20:00:00,0.0
2025-02-17 21:00:00,0.0
2025-02-17 22:00:00,0.0
2025-02-17 23:00:00,0.0
2025-02-18 00:00:00,0.0
2025-02-18 01:00:00,0.0
2025-02-18 02:00:00,0.0
2025-02-18 03:00:00,0.0
2025-02-18 04:00:00,0.0
2025-02-18 05:00:00,0.0
2025-02-18 06:00:00,18.55
2025-02-18 07:00:00,99.03
2025-02-18 08:00:00,176.88
2025-02-18 09:00:00,218.66
2025-02-18 10:00:00,297.81
2025-02-18 11:00:00,243.63
2025-02-18 12:00:00,207.74
2025-02-18 13:00:00,223.63
2025-02-18 14:00:00,251.02
2025-02-18 15:00:00,209.21
2025-02-18 16:00:00,111.7
2025-02-18 17:00:00,16.12
2025-02-18 18:00:00,0.0
2025-02-18 19:00:00,0.0
2025-02-18 20:00:00,0.0
2025-02-18 21:00:00,0.0
2025-02-18 22:00:00,0.0
2025-02-18 23:00:00,0.0
2025-02-19 00:00:00,0.0
2025-02-19 01:00:00,0.0
2025-02-19 02:00:00,0.0
2025-02-19 03:00:00,0.0
2025-02-19 04:00:00,0.0
2025-02-19 05:00:00,0.0
2025-02-19 06:00:00,17.7
2025-02-19 07:00:00,102.9
2025-02-19 08:00:00,163.29
2025-02-19 09:00:00,203.75
2025-02-19 10:00:00,267.42
2025-02-19 11:00:00,264.49
2025-02-19 12:00:00,299.24
2025-02-19 13:00:00,202.54
2025-02-19 14:00:00,218.77
2025-02-19 15:00:00,158.16
2025-02-19 16:00:00,101.71
2025-02-19 17:00:00,18.06
2025-02-19 18:00:00,0.0
2025-02-19 19:00:00,0.0
2025-02-19 20:00:00,0.0
2025-02-19 21:00:00,0.0
2025-02-19 22:00:00,0.0
2025-02-19 23:00:00,0.0
2025-02-20 00:00:00,0.0
2025-02-20 01:00:00,0.0
2025-02-20 02:00:00,0.0
2025-02-20 03:00:00,0.0
2025-02-20 04:00:00,0.0
2025-02-20 05:00:00,0.0
2025-02-20 06:00:00,18.22
2025-02-20 07:00:00,105.39
2025-02-20 08:00:00,168.61
2025-02-20 09:00:00,214.48
2025-02-20 10:00:00,227.67
2025-02-20 11:00:00,211.59
2025-02-20 12:00:00,207.07
2025-02-20 13:00:00,186.62
2025-02-20 14:00:00,201.48
2025-02-20 15:00:00,177.28
2025-02-20 16:00:00,113.96
2025-02-20 17:00:00,22.88
2025-02-20 18:00:00,0.0
2025-02-20 19:00:00,0.0
2025-02-20 20:00:00,0.0
2025-02-20 21:00:00,0.0
2025-02-20 22:00:00,0.0
2025-02-20 23:00:00,0.0
2025-02-21 00:00:00,0.0
2025-02-21 01:00:00,0.0
2025-02-21 02:00:00,0.0
2025-02-21 03:00:00,0.0
2025-02-21 04:00:00,0.0
2025-02-21 05:00:00,0.0
2025-02-21 06:00:00,19.44
2025-02-21 07:00:00,116.55
2025-02-21 08:00:00,194.49
2025-02-21 09:00:00,278.95
2025-02-21 10:00:00,338.18
2025-02-21 11:00:00,324.09
2025-02-21 12:00:00,312.6
2025-02-21 13:00:00,201.86
2025-02-21 14:00:00,224.64
2025-02-21 15:00:00,175.7
2025-02-21 16:00:00,98.99
2025-02-21 17:00:00,19.23
2025-02-21 18:00:00,0.0
2025-02-21 19:00:00,0.0
2025-02-21 20:00:00,0.0
2025-02-21 21:00:00,0.0
2025-02-21 22:00:00,0.0
2025-02-21 23:00:00,0.0
2025-02-22 00:00:00,0.0
2025-02-22 01:00:00,0.0
2025-02-22 02:00:00,0.0
2025-02-22 03:00:00,0.0
2025-02-22 04:00:00,0.0
2025-02-22 05:00:00,0.0
2025-02-22 06:00:00,21.52
2025-02-22 07:00:00,106.47
2025-02-22 08:00:00,157.33
2025-02-22 09:00:00,196.01
2025-02-22 10:00:00,252.21
2025-02-22 11:00:00,257.16
2025-02-22 12:00:00,195.89
2025-02-22 13:00:00,241.49
2025-02-22 14:00:00,248.7
2025-02-22 15:00:00,167.21
2025-02-22 16:00:00,109.71
2025-02-22 17:00:00,19.88
2025-02-22 18:00:00,0.0
2025-02-22 19:00:00,0.0
2025-02-22 20:00:00,0.0
2025-02-22 21:00:00,0.0
2025-02-22 22:00:00,0.0
2025-02-22 23:00:00,0.0
2025-02-23 00:00:00,0.0
2025-02-23 01:00:00,0.0
2025-02-23 02:00:00,0.0
2025-02-23 03:00:00,0.0
2025-02-23 04:00:00,0.0
2025-02-23 05:00:00,0.0
2025-02-23 06:00:00,12.16
2025-02-23 07:00:00,79.27
2025-02-23 08:00:00,149.72
2025-02-23 09:00:00,187.74
2025-02-23 10:00:00,253.69
2025-02-23 11:00:00,399.94
2025-02-23 12:00:00,302.41
2025-02-23 13:00:00,324.44
2025-02-23 14:00:00,247.91
2025-02-23 15:00:00,150.07
2025-02-23 16:00:00,66.8
2025-02-23 17:00:00,11.42
2025-02-23 18:00:00,0.0
2025-02-23 19:00:00,0.0
2025-02-23 20:00:00,0.0
2025-02-23 21:00:00,0.0
2025-02-23 22:00:00,0.0
2025-02-23 23:00:00,0.0
2025-02-24 00:00:00,0.0
2025-02-24 01:00:00,0.0
2025-02-24 02:00:00,0.0
2025-02-24 03:00:00,0.0
2025-02-24 04:00:00,0.0
2025-02-24 05:00:00,0.0
2025-02-24 06:00:00,22.1
2025-02-24 07:00:00,115.65
2025-02-24 08:00:00,177.63
2025-02-24 09:00:00,233.28
2025-02-24 10:00:00,263.65
2025-02-24 11:00:00,245.34
2025-02-24 12:00:00,227.99
2025-02-24 13:00:00,256.75
2025-02-24 14:00:00,220.6
2025-02-24 15:00:00,170.64
2025-02-24 16:00:00,107.67
2025-02-24 17:00:00,23.62
2025-02-24 18:00:00,0.0
2025-02-24 19:00:00,0.0
2025-02-24 20:00:00,0.0
2025-02-24 21:00:00,0.0
2025-02-24 22:00:00,0.0
2025-02-24 23:00:00,0.0
2025-02-25 00:00:00,0.0
2025-02-25 01:00:00,0.0
2025-02-25 02:00:00,0.0
2025-02-25 03:00:00,0.0
2025-02-25 04:00:00,0.0
2025-02-25 05:00:00,0.0
2025-02-25 06:00:00,24.73
2025-02-25 07:00:00,92.16
2025-02-25 08:00:00,156.65
2025-02-25 09:00:00,182.24
2025-02-25 10:00:00,205.18
2025-02-25 11:00:00,190.41
2025-02-25 12:00:00,190.87
2025-02-25 13:00:00,170.85
2025-02-25 14:00:00,166.2
2025-02-25 15:00:00,134.76
2025-02-25 16:00:00,84.65
2025-02-25 17:00:00,22.7
2025-02-25 18:00:00,0.0
2025-02-25 19:00:00,0.0
2025-02-25 20:00:00,0.0
2025-02-25 21:00:00,0.0
2025-02-25 22:00:00,0.0
2025-02-25 23:00:00,0.0
2025-02-26 00:00:00,0.0
2025-02-26 01:00:00,0.0
2025-02-26 02:00:00,0.0
2025-02-26 03:00:00,0.0
2025-02-26 04:00:00,0.0
2025-02-26 05:00:00,0.0
2025-02-26 06:00:00,26.52
2025-02-26 07:00:00,87.21
2025-02-26 08:00:00,147.51
2025-02-26 09:00:00,172.75
2025-02-26 10:00:00,188.74
2025-02-26 11:00:00,137.61
2025-02-26 12:00:00,132.36
2025-02-26 13:00:00,123.76
2025-02-26 14:00:00,114.52
2025-02-26 15:00:00,103.38
2025-02-26 16:00:00,69.06
2025-02-26 17:00:00,22.51
2025-02-26 18:00:00,0.0
2025-02-26 19:00:00,0.0
2025-02-26 20:00:00,0.0
2025-02-26 21:00:00,0.0
2025-02-26 22:00:00,0.0
2025-02-26 23:00:00,0.0
2025-02-27 00:00:00,0.0
2025-02-27 01:00:00,0.0
2025-02-27 02:00:00,0.0
2025-02-27 03:00:00,0.0
2025-02-27 04:00:00,0.0
2025-02-27 05:00:00,0.0
2025-02-27 06:00:00,29.8
2025-02-27 07:00:00,131.41
2025-02-27 08:00:00,176.62
2025-02-27 09:00:00,153.73
2025-02-27 10:00:00,164.47
2025-02-27 11:00:00,152.1
2025-02-27 12:00:00,149.03
2025-02-27 13:00:00,146.39
2025-02-27 14:00:00,125.57
2025-02-27 15:00:00,112.5
2025-02-27 16:00:00,72.93
2025-02-27 17:00:00,23.22
2025-02-27 18:00:00,0.0
2025-02-27 19:00:00,0.0
2025-02-27 20:00:00,0.0
2025-02-27 21:00:00,0.0
2025-02-27 22:00:00,0.0
2025-02-27 23:00:00,0.0
2025-02-28 00:00:00,0.0
2025-02-28 01:00:00,0.0
2025-02-28 02:00:00,0.0
2025-02-28 03:00:00,0.0
2025-02-28 04:00:00,0.0
2025-02-28 05:00:00,0.0
2025-02-28 06:00:00,30.59
2025-02-28 07:00:00,116.21
2025-02-28 08:00:00,161.83
2025-02-28 09:00:00,172.83
2025-02-28 10:00:00,212.45
2025-02-28 11:00:00,211.39
2025-02-28 12:00:00,225.73
2025-02-28 13:00:00,281.77
2025-02-28 14:00:00,343.22
2025-02-28 15:00:00,242.58
2025-02-28 16:00:00,129.19
2025-02-28 17:00:00,25.24
2025-02-28 18:00:00,0.0
2025-02-28 19:00:00,0.0
2025-02-28 20:00:00,0.0
2025-02-28 21:00:00,0.0
2025-02-28 22:00:00,0.0
2025-02-28 23:00:00,0.0
2025-03-01 00:00:00,0.0
2025-03-01 01:00:00,0.0
2025-03-01 02:00:00,0.0
2025-03-01 03:00:00,0.0
2025-03-01 04:00:00,0.0
2025-03-01 05:00:00,0.0
2025-03-01 06:00:00,25.06
2025-03-01 07:00:00,123.83
2025-03-01 08:00:00,204.0
2025-03-01 09:00:00,257.96
2025-03-01 10:00:00,299.84
2025-03-01 11:00:00,308.06
2025-03-01 12:00:00,302.55
2025-03-01 13:00:00,317.03
2025-03-01 14:00:00,275.42
2025-03-01 15:00:00,188.97
2025-03-01 16:00:00,110.01
2025-03-01 17:00:00,23.46
2025-03-01 18:00:00,0.0
2025-03-01 19:00:00,0.0
2025-03-01 20:00:00,0.0
2025-03-01 21:00:00,0.0
2025-03-01 22:00:00,0.0
2025-03-01 23:00:00,0.0
2025-03-02 00:00:00,0.0
2025-03-02 01:00:00,0.0
2025-03-02 02:00:00,0.0
2025-03-02 03:00:00,0.0
2025-03-02 04:00:00,0.0
2025-03-02 05:00:00,0.0
2025-03-02 06:00:00,22.17
2025-03-02 07:00:00,105.32
2025-03-02 08:00:00,166.9
2025-03-02 09:00:00,204.32
2025-03-02 10:00:00,338.82
2025-03-02 11:00:00,322.13
2025-03-02 12:00:00,358.91
2025-03-02 13:00:00,292.09
2025-03-02 14:00:00,270.04
2025-03-02 15:00:00,177.69
2025-03-02 16:00:00,106.03
2025-03-02 17:00:00,20.94
2025-03-02 18:00:00,0.0
2025-03-02 19:00:00,0.0
2025-03-02 20:00:00,0.0
2025-03-02 21:00:00,0.0
2025-03-02 22:00:00,0.0
2025-03-02 23:00:00,0.0
2025-03-03 00:00:00,0.0
2025-03-03 01:00:00,0.0
2025-03-03 02:00:00,0.0
2025-03-03 03:00:00,0.0
2025-03-03 04:00:00,0.0
2025-03-03 05:00:00,0.0
2025-03-03 06:00:00,30.14
2025-03-03 07:00:00,122.55
2025-03-03 08:00:00,194.25
2025-03-03 09:00:00,244.57
2025-03-03 10:00:00,333.14
2025-03-03 11:00:00,376.18
2025-03-03 12:00:00,308.22
2025-03-03 13:00:00,227.85
2025-03-03 14:00:00,257.17
2025-03-03 15:00:00,154.77
2025-03-03 16:00:00,91.48
2025-03-03 17:00:00,22.93
2025-03-03 18:00:00,0.0
2025-03-03 19:00:00,0.0
2025-03-03 20:00:00,0.0
2025-03-03 21:00:00,0.0
2025-03-03 22:00:00,0.0
2025-03-03 23:00:00,0.0
2025-03-04 00:00:00,0.0
2025-03-04 01:00:00,0.0
2025-03-04 02:00:00,0.0
2025-03-04 03:00:00,0.0
2025-03-04 04:00:00,0.0
2025-03-04 05:00:00,0.0
2025-03-04 06:00:00,30.65
2025-03-04 07:00:00,91.35
2025-03-04 08:00:00,136.6
2025-03-04 09:00:00,142.37
2025-03-04 10:00:00,173.5
2025-03-04 11:00:00,217.98
2025-03-04 12:00:00,219.01
2025-03-04 13:00:00,173.87
2025-03-04 14:00:00,211.75
2025-03-04 15:00:00,158.9
2025-03-04 16:00:00,101.17
2025-03-04 17:00:00,28.55
2025-03-04 18:00:00,0.0
2025-03-04 19:00:00,0.0
2025-03-04 20:00:00,0.0
2025-03-04 21:00:00,0.0
2025-03-04 22:00:00,0.0
2025-03-04 23:00:00,0.0
2025-03-05 00:00:00,0.0
2025-03-05 01:00:00,0.0
2025-03-05 02:00:00,0.0
2025-03-05 03:00:00,0.0
2025-03-05 04:00:00,0.0
2025-03-05 05:00:00,0.0
2025-03-05 06:00:00,34.94
2025-03-05 07:00:00,115.39
2025-03-05 08:00:00,164.82
2025-03-05 09:00:00,274.88
2025-03-05 10:00:00,339.86
2025-03-05 11:00:00,405.57
2025-03-05 12:00:00,196.99
2025-03-05 13:00:00,367.51
2025-03-05 14:00:00,348.68
2025-03-05 15:00:00,236.17
2025-03-05 16:00:00,118.92
2025-03-05 17:00:00,27.9
2025-03-05 18:00:00,0.0
2025-03-05 19:00:00,0.0
2025-03-05 20:00:00,0.0
2025-03-05 21:00:00,0.0
2025-03-05 22:00:00,0.0
2025-03-05 23:00:00,0.0
2025-03-06 00:00:00,0.0
2025-03-06 01:00:00,0.0
2025-03-06 02:00:00,0.0
2025-03-06 03:00:00,0.0
2025-03-06 04:00:00,0.0
2025-03-06 05:00:00,0.0
2025-03-06 06:00:00,33.21
2025-03-06 07:00:00,90.02
2025-03-06 08:00:00,119.96
2025-03-06 09:00:00,140.2
2025-03-06 10:00:00,152.54
2025-03-06 11:00:00,237.53
2025-03-06 12:00:00,225.95
2025-03-06 13:00:00,215.8
2025-03-06 14:00:00,247.92
2025-03-06 15:00:00,218.51
2025-03-06 16:00:00,122.41
2025-03-06 17:00:00,27.24
2025-03-06 18:00:00,0.0
2025-03-06 19:00:00,0.0
2025-03-06 20:00:00,0.0
2025-03-06 21:00:00,0.0
2025-03-06 22:00:00,0.0
2025-03-06 23:00:00,0.0
2025-03-07 00:00:00,0.0
2025-03-07 01:00:00,0.0
2025-03-07 02:00:00,0.0
2025-03-07 03:00:00,0.0
2025-03-07 04:00:00,0.0
2025-03-07 05:00:00,0.0
2025-03-07 06:00:00,33.26
2025-03-07 07:00:00,99.88
2025-03-07 08:00:00,141.56
2025-03-07 09:00:00,161.68
2025-03-07 10:00:00,174.48
2025-03-07 11:00:00,232.94
2025-03-07 12:00:00,213.99
2025-03-07 13:00:00,196.61
2025-03-07 14:00:00,237.55
2025-03-07 15:00:00,216.82
2025-03-07 16:00:00,117.79
2025-03-07 17:00:00,27.08
2025-03-07 18:00:00,0.0
2025-03-07 19:00:00,0.0
2025-03-07 20:00:00,0.0
2025-03-07 21:00:00,0.0
2025-03-07 22:00:00,0.0
2025-03-07 23:00:00,0.0
2025-03-08 00:00:00,0.0
2025-03-08 01:00:00,0.0
2025-03-08 02:00:00,0.0
2025-03-08 03:00:00,0.0
2025-03-08 04:00:00,0.0
2025-03-08 05:00:00,0.0
2025-03-08 06:00:00,34.15
2025-03-08 07:00:00,94.97
2025-03-08 08:00:00,142.05
2025-03-08 09:00:00,168.26
2025-03-08 10:00:00,198.52
2025-03-08 11:00:00,208.59
2025-03-08 12:00:00,214.95
2025-03-08 13:00:00,195.37
2025-03-08 14:00:00,219.12
2025-03-08 15:00:00,213.46
2025-03-08 16:00:00,121.7
2025-03-08 17:00:00,31.57
2025-03-08 18:00:00,0.0
2025-03-08 19:00:00,0.0
2025-03-08 20:00:00,0.0
2025-03-08 21:00:00,0.0
2025-03-08 22:00:00,0.0
2025-03-08 23:00:00,0.0
2025-03-09 00:00:00,0.0
2025-03-09 01:00:00,0.0
2025-03-09 02:00:00,0.0
2025-03-09 03:00:00,0.0
2025-03-09 04:00:00,0.0
2025-03-09 05:00:00,0.0
2025-03-09 06:00:00,33.94
2025-03-09 07:00:00,102.84
2025-03-09 08:00:00,136.77
2025-03-09 09:00:00,157.19
2025-03-09 10:00:00,194.99
2025-03-09 11:00:00,245.2
2025-03-09 12:00:00,251.57
2025-03-09 13:00:00,222.81
2025-03-09 14:00:00,177.0
2025-03-09 15:00:00,150.76
2025-03-09 16:00:00,107.13
2025-03-09 17:00:00,29.12
2025-03-09 18:00:00,0.0
2025-03-09 19:00:00,0.0
2025-03-09 20:00:00,0.0
2025-03-09 21:00:00,0.0
2025-03-09 22:00:00,0.0
2025-03-09 23:00:00,0.0
2025-03-10 00:00:00,0.0
2025-03-10 01:00:00,0.0
2025-03-10 02:00:00,0.0
2025-03-10 03:00:00,0.0
2025-03-10 04:00:00,0.0
2025-03-10 05:00:00,0.0
2025-03-10 06:00:00,35.63
2025-03-10 07:00:00,99.81
2025-03-10 08:00:00,140.17
2025-03-10 09:00:00,163.34
2025-03-10 10:00:00,175.29
2025-03-10 11:00:00,216.59
2025-03-10 12:00:00,198.96
2025-03-10 13:00:00,222.53
2025-03-10 14:00:00,193.05
2025-03-10 15:00:00,156.03
2025-03-10 16:00:00,110.36
2025-03-10 17:00:00,28.96
2025-03-10 18:00:00,0.0
2025-03-10 19:00:00,0.0
2025-03-10 20:00:00,0.0
2025-03-10 21:00:00,0.0
2025-03-10 22:00:00,0.0
2025-03-10 23:00:00,0.0
2025-03-11 00:00:00,0.0
2025-03-11 01:00:00,0.0
2025-03-11 02:00:00,0.0
2025-03-11 03:00:00,0.0
2025-03-11 04:00:00,0.0
2025-03-11 05:00:00,0.0
2025-03-11 06:00:00,37.45
2025-03-11 07:00:00,103.76
2025-03-11 08:00:00,159.38
2025-03-11 09:00:00,197.06
2025-03-11 10:00:00,232.52
2025-03-11 11:00:00,245.9
2025-03-11 12:00:00,272.47
2025-03-11 13:00:00,341.01
2025-03-11 14:00:00,317.76
2025-03-11 15:00:00,260.72
2025-03-11 16:00:00,125.79
2025-03-11 17:00:00,23.9
2025-03-11 18:00:00,0.0
2025-03-11 19:00:00,0.0
2025-03-11 20:00:00,0.0
2025-03-11 21:00:00,0.0
2025-03-11 22:00:00,0.0
2025-03-11 23:00:00,0.0
2025-03-12 00:00:00,0.0
2025-03-12 01:00:00,0.0
2025-03-12 02:00:00,0.0
2025-03-12 03:00:00,0.0
2025-03-12 04:00:00,0.0
2025-03-12 05:00:00,0.0
2025-03-12 06:00:00,35.34
2025-03-12 07:00:00,138.78
2025-03-12 08:00:00,228.59
2025-03-12 09:00:00,299.64
2025-03-12 10:00:00,341.48
2025-03-12 11:00:00,315.72
2025-03-12 12:00:00,281.09
2025-03-12 13:00:00,306.49
2025-03-12 14:00:00,282.4
2025-03-12 15:00:00,220.21
2025-03-12 16:00:00,105.38
2025-03-12 17:00:00,25.61
2025-03-12 18:00:00,0.0
2025-03-12 19:00:00,0.0
2025-03-12 20:00:00,0.0
2025-03-12 21:00:00,0.0
2025-03-12 22:00:00,0.0
2025-03-12 23:00:00,0.0
2025-03-13 00:00:00,0.0
2025-03-13 01:00:00,0.0
2025-03-13 02:00:00,0.0
2025-03-13 03:00:00,0.0
2025-03-13 04:00:00,0.0
2025-03-13 05:00:00,0.0
2025-03-13 06:00:00,40.42
2025-03-13 07:00:00,137.32
2025-03-13 08:00:00,193.98
2025-03-13 09:00:00,198.72
2025-03-13 10:00:00,246.66
2025-03-13 11:00:00,317.54
2025-03-13 12:00:00,335.28
2025-03-13 13:00:00,269.99
2025-03-13 14:00:00,275.36
2025-03-13 15:00:00,197.57
2025-03-13 16:00:00,120.33
2025-03-13 17:00:00,27.17
2025-03-13 18:00:00,0.0
2025-03-13 19:00:00,0.0
2025-03-13 20:00:00,0.0
2025-03-13 21:00:00,0.0
2025-03-13 22:00:00,0.0
2025-03-13 23:00:00,0.0
2025-03-14 00:00:00,0.0
2025-03-14 01:00:00,0.0
2025-03-14 02:00:00,0.0
2025-03-14 03:00:00,0.0
2025-03-14 04:00:00,0.0
2025-03-14 05:00:00,0.0
2025-03-14 06:00:00,33.28
2025-03-14 07:00:00,123.69
2025-03-14 08:00:00,201.17
2025-03-14 09:00:00,238.22
2025-03-14 10:00:00,271.83
2025-03-14 11:00:00,336.8
2025-03-14 12:00:00,371.62
2025-03-14 13:00:00,286.95
2025-03-14 14:00:00,281.47
2025-03-14 15:00:00,237.74
2025-03-14 16:00:00,127.42
2025-03-14 17:00:00,28.97
2025-03-14 18:00:00,0.0
2025-03-14 19:00:00,0.0
2025-03-14 20:00:00,0.0
2025-03-14 21:00:00,0.0
2025-03-14 22:00:00,0.0
2025-03-14 23:00:00,0.0
2025-03-15 00:00:00,0.0
2025-03-15 01:00:00,0.0
2025-03-15 02:00:00,0.0
2025-03-15 03:00:00,0.0
2025-03-15 04:00:00,0.0
2025-03-15 05:00:00,0.0
2025-03-15 06:00:00,39.86
2025-03-15 07:00:00,135.84
2025-03-15 08:00:00,192.07
2025-03-15 09:00:00,251.91
2025-03-15 10:00:00,234.08
2025-03-15 11:00:00,304.02
2025-03-15 12:00:00,288.71
2025-03-15 13:00:00,284.86
2025-03-15 14:00:00,215.41
2025-03-15 15:00:00,193.2
2025-03-15 16:00:00,118.36
2025-03-15 17:00:00,29.11
2025-03-15 18:00:00,0.0
2025-03-15 19:00:00,0.0
2025-03-15 20:00:00,0.0
2025-03-15 21:00:00,0.0
2025-03-15 22:00:00,0.0
2025-03-15 23:00:00,0.0
2025-03-16 00:00:00,0.0
2025-03-16 01:00:00,0.0
2025-03-16 02:00:00,0.0
2025-03-16 03:00:00,0.0
2025-03-16 04:00:00,0.0
2025-03-16 05:00:00,0.0
2025-03-16 06:00:00,43.88
2025-03-16 07:00:00,119.39
2025-03-16 08:00:00,194.48
2025-03-16 09:00:00,242.97
2025-03-16 10:00:00,301.13
2025-03-16 11:00:00,332.44
2025-03-16 12:00:00,224.39
2025-03-16 13:00:00,302.38
2025-03-16 14:00:00,281.2
2025-03-16 15:00:00,212.03
2025-03-16 16:00:00,112.28
2025-03-16 17:00:00,29.64
2025-03-16 18:00:00,0.0
2025-03-16 19:00:00,0.0
2025-03-16 20:00:00,0.0
2025-03-16 21:00:00,0.0
2025-03-16 22:00:00,0.0
2025-03-16 23:00:00,0.0
2025-03-17 00:00:00,0.0
2025-03-17 01:00:00,0.0
2025-03-17 02:00:00,0.0
2025-03-17 03:00:00,0.0
2025-03-17 04:00:00,0.0
2025-03-17 05:00:00,0.0
2025-03-17 06:00:00,50.71
2025-03-17 07:00:00,153.82
2025-03-17 08:00:00,211.32
2025-03-17 09:00:00,226.23
2025-03-17 10:00:00,297.47
2025-03-17 11:00:00,340.02
2025-03-17 12:00:00,305.07
2025-03-17 13:00:00,254.13
2025-03-17 14:00:00,169.92
2025-03-17 15:00:00,158.42
2025-03-17 16:00:00,86.63
2025-03-17 17:00:00,21.11
2025-03-17 18:00:00,0.0
2025-03-17 19:00:00,0.0
2025-03-17 20:00:00,0.0
2025-03-17 21:00:00,0.0
2025-03-17 22:00:00,0.0
2025-03-17 23:00:00,0.0
2025-03-18 00:00:00,0.0
2025-03-18 01:00:00,0.0
2025-03-18 02:00:00,0.0
2025-03-18 03:00:00,0.0
2025-03-18 04:00:00,0.0
2025-03-18 05:00:00,0.0
2025-03-18 06:00:00,30.26
2025-03-18 07:00:00,74.73
2025-03-18 08:00:00,122.97
2025-03-18 09:00:00,212.0
2025-03-18 10:00:00,285.3
2025-03-18 11:00:00,280.12
2025-03-18 12:00:00,350.67
2025-03-18 13:00:00,329.96
2025-03-18 14:00:00,294.29
2025-03-18 15:00:00,230.61
2025-03-18 16:00:00,117.16
2025-03-18 17:00:00,25.02
2025-03-18 18:00:00,0.0
2025-03-18 19:00:00,0.0
2025-03-18 20:00:00,0.0
2025-03-18 21:00:00,0.0
2025-03-18 22:00:00,0.0
2025-03-18 23:00:00,0.0
2025-03-19 00:00:00,0.0
2025-03-19 01:00:00,0.0
2025-03-19 02:00:00,0.0
2025-03-19 03:00:00,0.0
2025-03-19 04:00:00,0.0
2025-03-19 05:00:00,0.0
2025-03-19 06:00:00,45.71
2025-03-19 07:00:00,139.18
2025-03-19 08:00:00,222.21
2025-03-19 09:00:00,258.92
2025-03-19 10:00:00,334.52
2025-03-19 11:00:00,327.39
2025-03-19 12:00:00,341.38
2025-03-19 13:00:00,273.31
2025-03-19 14:00:00,252.58
2025-03-19 15:00:00,190.51
2025-03-19 16:00:00,114.61
2025-03-19 17:00:00,32.01
2025-03-19 18:00:00,0.0
2025-03-19 19:00:00,0.0
2025-03-19 20:00:00,0.0
2025-03-19 21:00:00,0.0
2025-03-19 22:00:00,0.0
2025-03-19 23:00:00,0.0
2025-03-20 00:00:00,0.0
2025-03-20 01:00:00,0.0
2025-03-20 02:00:00,0.0
2025-03-20 03:00:00,0.0
2025-03-20 04:00:00,0.0
2025-03-20 05:00:00,0.0
2025-03-20 06:00:00,48.67
2025-03-20 07:00:00,118.31
2025-03-20 08:00:00,183.92
2025-03-20 09:00:00,284.4
2025-03-20 10:00:00,314.23
2025-03-20 11:00:00,351.89
2025-03-20 12:00:00,343.82
2025-03-20 13:00:00,259.05
2025-03-20 14:00:00,267.33
2025-03-20 15:00:00,203.39
2025-03-20 16:00:00,96.07
2025-03-20 17:00:00,21.13
2025-03-20 18:00:00,0.0
2025-03-20 19:00:00,0.0
2025-03-20 20:00:00,0.0
2025-03-20 21:00:00,0.0
2025-03-20 22:00:00,0.0
2025-03-20 23:00:00,0.0
2025-03-21 00:00:00,0.0
2025-03-21 01:00:00,0.0
2025-03-21 02:00:00,0.0
2025-03-21 03:00:00,0.0
2025-03-21 04:00:00,0.0
2025-03-21 05:00:00,0.0
2025-03-21 06:00:00,35.13
2025-03-21 07:00:00,131.04
2025-03-21 08:00:00,207.78
2025-03-21 09:00:00,232.69
2025-03-21 10:00:00,219.76
2025-03-21 11:00:00,260.1
2025-03-21 12:00:00,215.95
2025-03-21 13:00:00,138.23
2025-03-21 14:00:00,170.08
2025-03-21 15:00:00,176.62
2025-03-21 16:00:00,95.98
2025-03-21 17:00:00,19.25
2025-03-21 18:00:00,0.0
2025-03-21 19:00:00,0.0
2025-03-21 20:00:00,0.0
2025-03-21 21:00:00,0.0
2025-03-21 22:00:00,0.0
2025-03-21 23:00:00,0.0
2025-03-22 00:00:00,0.0
2025-03-22 01:00:00,0.0
2025-03-22 02:00:00,0.0
2025-03-22 03:00:00,0.0
2025-03-22 04:00:00,0.0
2025-03-22 05:00:00,0.0
2025-03-22 06:00:00,36.46
2025-03-22 07:00:00,122.3
2025-03-22 08:00:00,209.39
2025-03-22 09:00:00,268.66
2025-03-22 10:00:00,362.77
2025-03-22 11:00:00,306.38
2025-03-22 12:00:00,327.73
2025-03-22 13:00:00,275.22
2025-03-22 14:00:00,241.15
2025-03-22 15:00:00,207.37
2025-03-22 16:00:00,81.27
2025-03-22 17:00:00,20.53
2025-03-22 18:00:00,0.0
2025-03-22 19:00:00,0.0
2025-03-22 20:00:00,0.0
2025-03-22 21:00:00,0.0
2025-03-22 22:00:00,0.0
2025-03-22 23:00:00,0.0
2025-03-23 00:00:00,0.0
2025-03-23 01:00:00,0.0
2025-03-23 02:00:00,0.0
2025-03-23 03:00:00,0.0
2025-03-23 04:00:00,0.0
2025-03-23 05:00:00,0.0
2025-03-23 06:00:00,60.41
2025-03-23 07:00:00,170.14
2025-03-23 08:00:00,252.04
2025-03-23 09:00:00,239.11
2025-03-23 10:00:00,299.39
2025-03-23 11:00:00,337.23
2025-03-23 12:00:00,292.94
2025-03-23 13:00:00,301.51
2025-03-23 14:00:00,264.02
2025-03-23 15:00:00,241.04
2025-03-23 16:00:00,146.38
2025-03-23 17:00:00,30.97
2025-03-23 18:00:00,0.0
2025-03-23 19:00:00,0.0
2025-03-23 20:00:00,0.0
2025-03-23 21:00:00,0.0
2025-03-23 22:00:00,0.0
2025-03-23 23:00:00,0.0
2025-03-24 00:00:00,0.0
2025-03-24 01:00:00,0.0
2025-03-24 02:00:00,0.0
2025-03-24 03:00:00,0.0
2025-03-24 04:00:00,0.0
2025-03-24 05:00:00,0.0
2025-03-24 06:00:00,57.0
2025-03-24 07:00:00,115.94
2025-03-24 08:00:00,175.87
2025-03-24 09:00:00,227.63
2025-03-24 10:00:00,236.82
2025-03-24 11:00:00,301.02
2025-03-24 12:00:00,307.88
2025-03-24 13:00:00,270.94
2025-03-24 14:00:00,236.49
2025-03-24 15:00:00,186.03
2025-03-24 16:00:00,123.7
2025-03-24 17:00:00,32.55
2025-03-24 18:00:00,0.0
2025-03-24 19:00:00,0.0
2025-03-24 20:00:00,0.0
2025-03-24 21:00:00,0.0
2025-03-24 22:00:00,0.0
2025-03-24 23:00:00,0.0
2025-03-25 00:00:00,0.0
2025-03-25 01:00:00,0.0
2025-03-25 02:00:00,0.0
2025-03-25 03:00:00,0.0
2025-03-25 04:00:00,0.0
2025-03-25 05:00:00,0.0
2025-03-25 06:00:00,57.96
2025-03-25 07:00:00,113.93
2025-03-25 08:00:00,153.49
2025-03-25 09:00:00,174.89
2025-03-25 10:00:00,185.66
2025-03-25 11:00:00,246.06
2025-03-25 12:00:00,285.95
2025-03-25 13:00:00,229.71
2025-03-25 14:00:00,222.32
2025-03-25 15:00:00,179.55
2025-03-25 16:00:00,113.86
2025-03-25 17:00:00,33.38
2025-03-25 18:00:00,0.0
2025-03-25 19:00:00,0.0
2025-03-25 20:00:00,0.0
2025-03-25 21:00:00,0.0
2025-03-25 22:00:00,0.0
2025-03-25 23:00:00,0.0
2025-03-26 00:00:00,0.0
2025-03-26 01:00:00,0.0
2025-03-26 02:00:00,0.0
2025-03-26 03:00:00,0.0
2025-03-26 04:00:00,0.0
2025-03-26 05:00:00,0.0
2025-03-26 06:00:00,55.93
2025-03-26 07:00:00,103.16
2025-03-26 08:00:00,131.14
2025-03-26 09:00:00,142.92
2025-03-26 10:00:00,153.89
2025-03-26 11:00:00,254.73
2025-03-26 12:00:00,240.69
2025-03-26 13:00:00,238.86
2025-03-26 14:00:00,210.64
2025-03-26 15:00:00,176.47
2025-03-26 16:00:00,105.41
2025-03-26 17:00:00,33.4
2025-03-26 18:00:00,0.0
2025-03-26 19:00:00,0.0
2025-03-26 20:00:00,0.0
2025-03-26 21:00:00,0.0
2025-03-26 22:00:00,0.0
2025-03-26 23:00:00,0.0
2025-03-27 00:00:00,0.0
2025-03-27 01:00:00,0.0
2025-03-27 02:00:00,0.0
2025-03-27 03:00:00,0.0
2025-03-27 04:00:00,0.0
2025-03-27 05:00:00,0.0
2025-03-27 06:00:00,60.7
2025-03-27 07:00:00,121.2
2025-03-27 08:00:00,153.97
2025-03-27 09:00:00,209.48
2025-03-27 10:00:00,269.51
2025-03-27 11:00:00,341.33
2025-03-27 12:00:00,322.79
2025-03-27 13:00:00,357.95
2025-03-27 14:00:00,260.92
2025-03-27 15:00:00,221.72
2025-03-27 16:00:00,108.45
2025-03-27 17:00:00,31.58
2025-03-27 18:00:00,0.0
2025-03-27 19:00:00,0.0
2025-03-27 20:00:00,0.0
2025-03-27 21:00:00,0.0
2025-03-27 22:00:00,0.0
2025-03-27 23:00:00,0.0
2025-03-28 00:00:00,0.0
2025-03-28 01:00:00,0.0
2025-03-28 02:00:00,0.0
2025-03-28 03:00:00,0.0
2025-03-28 04:00:00,0.0
2025-03-28 05:00:00,0.0
2025-03-28 06:00:00,59.04
2025-03-28 07:00:00,133.57
2025-03-28 08:00:00,198.12
2025-03-28 09:00:00,246.75
2025-03-28 10:00:00,283.51
2025-03-28 11:00:00,349.23
2025-03-28 12:00:00,322.45
2025-03-28 13:00:00,331.09
2025-03-28 14:00:00,247.83
2025-03-28 15:00:00,228.92
2025-03-28 16:00:00,129.35
2025-03-28 17:00:00,33.45
2025-03-28 18:00:00,0.0
2025-03-28 19:00:00,0.0
2025-03-28 20:00:00,0.0
2025-03-28 21:00:00,0.0
2025-03-28 22:00:00,0.0
2025-03-28 23:00:00,0.0
2025-03-29 00:00:00,0.0
2025-03-29 01:00:00,0.0
2025-03-29 02:00:00,0.0
2025-03-29 03:00:00,0.0
2025-03-29 04:00:00,0.0
2025-03-29 05:00:00,0.0
2025-03-29 06:00:00,60.44
2025-03-29 07:00:00,129.9
2025-03-29 08:00:00,170.85
2025-03-29 09:00:00,194.97
2025-03-29 10:00:00,251.12
2025-03-29 11:00:00,306.11
2025-03-29 12:00:00,331.34
2025-03-29 13:00:00,256.42
2025-03-29 14:00:00,259.62
2025-03-29 15:00:00,204.65
2025-03-29 16:00:00,125.13
2025-03-29 17:00:00,36.02
2025-03-29 18:00:00,0.0
2025-03-29 19:00:00,0.0
2025-03-29 20:00:00,0.0
2025-03-29 21:00:00,0.0
2025-03-29 22:00:00,0.0
2025-03-29 23:00:00,0.0
2025-03-30 00:00:00,0.0
2025-03-30 01:00:00,0.0
2025-03-30 02:00:00,0.0
2025-03-30 03:00:00,0.0
2025-03-30 04:00:00,0.0
2025-03-30 05:00:00,0.0
2025-03-30 06:00:00,65.15
2025-03-30 07:00:00,131.25
2025-03-30 08:00:00,177.98
2025-03-30 09:00:00,234.57
2025-03-30 10:00:00,242.99
2025-03-30 11:00:00,293.49
2025-03-30 12:00:00,285.96
2025-03-30 13:00:00,241.1
2025-03-30 14:00:00,220.39
2025-03-30 15:00:00,192.59
2025-03-30 16:00:00,122.67
2025-03-30 17:00:00,37.03
2025-03-30 18:00:00,0.0
2025-03-30 19:00:00,0.0
2025-03-30 20:00:00,0.0
2025-03-30 21:00:00,0.0
2025-03-30 22:00:00,0.0
2025-03-30 23:00:00,0.0
2025-03-31 00:00:00,0.0
2025-03-31 01:00:00,0.0
2025-03-31 02:00:00,0.0
2025-03-31 03:00:00,0.0
2025-03-31 04:00:00,0.0
2025-03-31 05:00:00,0.0
2025-03-31 06:00:00,69.7
2025-03-31 07:00:00,145.51
2025-03-31 08:00:00,200.31
2025-03-31 09:00:00,236.18
2025-03-31 10:00:00,268.22
2025-03-31 11:00:00,296.73
2025-03-31 12:00:00,255.45
2025-03-31 13:00:00,373.69
2025-03-31 14:00:00,303.93
2025-03-31 15:00:00,266.77
2025-03-31 16:00:00,144.18
2025-03-31 17:00:00,38.99
2025-03-31 18:00:00,0.0
2025-03-31 19:00:00,0.0
2025-03-31 20:00:00,0.0
2025-03-31 21:00:00,0.0
2025-03-31 22:00:00,0.0
2025-03-31 23:00:00,0.0
2025-04-01 00:00:00,0.0
2025-04-01 01:00:00,0.0
2025-04-01 02:00:00,0.0
2025-04-01 03:00:00,0.0
2025-04-01 04:00:00,0.0
2025-04-01 05:00:00,4.93
2025-04-01 06:00:00,66.3
2025-04-01 07:00:00,149.05
2025-04-01 08:00:00,208.35
2025-04-01 09:00:00,260.1
2025-04-01 10:00:00,353.55
2025-04-01 11:00:00,404.39
2025-04-01 12:00:00,356.1
2025-04-01 13:00:00,348.21
2025-04-01 14:00:00,277.48
2025-04-01 15:00:00,198.83
2025-04-01 16:00:00,126.43
2025-04-01 17:00:00,36.63
2025-04-01 18:00:00,0.0
2025-04-01 19:00:00,0.0
2025-04-01 20:00:00,0.0
2025-04-01 21:00:00,0.0
2025-04-01 22:00:00,0.0
2025-04-01 23:00:00,0.0
2025-04-02 00:00:00,0.0
2025-04-02 01:00:00,0.0
2025-04-02 02:00:00,0.0
2025-04-02 03:00:00,0.0
2025-04-02 04:00:00,0.0
2025-04-02 05:00:00,5.19
2025-04-02 06:00:00,75.12
2025-04-02 07:00:00,165.68
2025-04-02 08:00:00,247.36
2025-04-02 09:00:00,310.89
2025-04-02 10:00:00,361.93
2025-04-02 11:00:00,386.59
2025-04-02 12:00:00,359.26
2025-04-02 13:00:00,333.58
2025-04-02 14:00:00,279.45
2025-04-02 15:00:00,216.14
2025-04-02 16:00:00,131.1
2025-04-02 17:00:00,37.03
2025-04-02 18:00:00,0.0
2025-04-02 19:00:00,0.0
2025-04-02 20:00:00,0.0
2025-04-02 21:00:00,0.0
2025-04-02 22:00:00,0.0
2025-04-02 23:00:00,0.0
2025-04-03 00:00:00,0.0
2025-04-03 01:00:00,0.0
2025-04-03 02:00:00,0.0
2025-04-03 03:00:00,0.0
2025-04-03 04:00:00,0.0
2025-04-03 05:00:00,5.81
2025-04-03 06:00:00,71.01
2025-04-03 07:00:00,188.52
2025-04-03 08:00:00,277.6
2025-04-03 09:00:00,352.6
2025-04-03 10:00:00,395.31
2025-04-03 11:00:00,370.37
2025-04-03 12:00:00,452.87
2025-04-03 13:00:00,290.48
2025-04-03 14:00:00,297.56
2025-04-03 15:00:00,226.81
2025-04-03 16:00:00,146.08
2025-04-03 17:00:00,38.72
2025-04-03 18:00:00,0.0
2025-04-03 19:00:00,0.0
2025-04-03 20:00:00,0.0
2025-04-03 21:00:00,0.0
2025-04-03 22:00:00,0.0
2025-04-03 23:00:00,0.0
2025-04-04 00:00:00,0.0
2025-04-04 01:00:00,0.0
2025-04-04 02:00:00,0.0
2025-04-04 03:00:00,0.0
2025-04-04 04:00:00,0.0
2025-04-04 05:00:00,6.12
2025-04-04 06:00:00,78.45
2025-04-04 07:00:00,197.43
2025-04-04 08:00:00,284.31
2025-04-04 09:00:00,367.29
2025-04-04 10:00:00,377.74
2025-04-04 11:00:00,342.1
2025-04-04 12:00:00,364.57
2025-04-04 13:00:00,368.96
2025-04-04 14:00:00,299.5
2025-04-04 15:00:00,207.13
2025-04-04 16:00:00,97.39
2025-04-04 17:00:00,16.83
2025-04-04 18:00:00,0.0
2025-04-04 19:00:00,0.0
2025-04-04 20:00:00,0.0
2025-04-04 21:00:00,0.0
2025-04-04 22:00:00,0.0
2025-04-04 23:00:00,0.0
2025-04-05 00:00:00,0.0
2025-04-05 01:00:00,0.0
2025-04-05 02:00:00,0.0
2025-04-05 03:00:00,0.0
2025-04-05 04:00:00,0.0
2025-04-05 05:00:00,5.44
2025-04-05 06:00:00,73.96
2025-04-05 07:00:00,175.62
2025-04-05 08:00:00,212.07
2025-04-05 09:00:00,289.13
2025-04-05 10:00:00,282.78
2025-04-05 11:00:00,346.72
2025-04-05 12:00:00,390.81
2025-04-05 13:00:00,342.12
2025-04-05 14:00:00,295.62
2025-04-05 15:00:00,220.24
2025-04-05 16:00:00,138.5
2025-04-05 17:00:00,39.67
2025-04-05 18:00:00,0.0
2025-04-05 19:00:00,0.0
2025-04-05 20:00:00,0.0
2025-04-05 21:00:00,0.0
2025-04-05 22:00:00,0.0
2025-04-05 23:00:00,0.0
2025-04-06 00:00:00,0.0
2025-04-06 01:00:00,0.0
2025-04-06 02:00:00,0.0
2025-04-06 03:00:00,0.0
2025-04-06 04:00:00,0.0
2025-04-06 05:00:00,7.38
2025-04-06 06:00:00,75.07
2025-04-06 07:00:00,168.91
2025-04-06 08:00:00,216.66
2025-04-06 09:00:00,246.5
2025-04-06 10:00:00,312.49
2025-04-06 11:00:00,312.08
2025-04-06 12:00:00,262.27
2025-04-06 13:00:00,288.19
2025-04-06 14:00:00,302.28
2025-04-06 15:00:00,242.21
2025-04-06 16:00:00,154.36
2025-04-06 17:00:00,38.23
2025-04-06 18:00:00,0.0
2025-04-06 19:00:00,0.0
2025-04-06 20:00:00,0.0
2025-04-06 21:00:00,0.0
2025-04-06 22:00:00,0.0
2025-04-06 23:00:00,0.0
2025-04-07 00:00:00,0.0
2025-04-07 01:00:00,0.0
2025-04-07 02:00:00,0.0
2025-04-07 03:00:00,0.0
2025-04-07 04:00:00,0.0
2025-04-07 05:00:00,2.65
2025-04-07 06:00:00,55.43
2025-04-07 07:00:00,146.82
2025-04-07 08:00:00,236.3
2025-04-07 09:00:00,283.21
2025-04-07 10:00:00,305.37
2025-04-07 11:00:00,373.17
2025-04-07 12:00:00,337.25
2025-04-07 13:00:00,326.53
2025-04-07 14:00:00,245.18
2025-04-07 15:00:00,208.65
2025-04-07 16:00:00,129.72
2025-04-07 17:00:00,38.73
2025-04-07 18:00:00,0.0
2025-04-07 19:00:00,0.0
2025-04-07 20:00:00,0.0
2025-04-07 21:00:00,0.0
2025-04-07 22:00:00,0.0
2025-04-07 23:00:00,0.0
2025-04-08 00:00:00,0.0
2025-04-08 01:00:00,0.0
2025-04-08 02:00:00,0.0
2025-04-08 03:00:00,0.0
2025-04-08 04:00:00,0.0
2025-04-08 05:00:00,8.38
2025-04-08 06:00:00,84.98
2025-04-08 07:00:00,193.03
2025-04-08 08:00:00,276.61
2025-04-08 09:00:00,343.31
2025-04-08 10:00:00,383.78
2025-04-08 11:00:00,422.99
2025-04-08 12:00:00,411.78
2025-04-08 13:00:00,347.08
2025-04-08 14:00:00,276.62
2025-04-08 15:00:00,207.36
2025-04-08 16:00:00,134.71
2025-04-08 17:00:00,34.55
2025-04-08 18:00:00,0.0
2025-04-08 19:00:00,0.0
2025-04-08 20:00:00,0.0
2025-04-08 21:00:00,0.0
2025-04-08 22:00:00,0.0
2025-04-08 23:00:00,0.0
2025-04-09 00:00:00,0.0
2025-04-09 01:00:00,0.0
2025-04-09 02:00:00,0.0
2025-04-09 03:00:00,0.0
2025-04-09 04:00:00,0.0
2025-04-09 05:00:00,8.39
2025-04-09 06:00:00,81.3
2025-04-09 07:00:00,155.14
2025-04-09 08:00:00,224.18
2025-04-09 09:00:00,265.87
2025-04-09 10:00:00,302.46
2025-04-09 11:00:00,319.99
2025-04-09 12:00:00,320.29
2025-04-09 13:00:00,308.48
2025-04-09 14:00:00,264.5
2025-04-09 15:00:00,197.03
2025-04-09 16:00:00,136.51
2025-04-09 17:00:00,40.28
2025-04-09 18:00:00,0.0
2025-04-09 19:00:00,0.0
2025-04-09 20:00:00,0.0
2025-04-09 21:00:00,0.0
2025-04-09 22:00:00,0.0
2025-04-09 23:00:00,0.0
2025-04-10 00:00:00,0.0
2025-04-10 01:00:00,0.0
2025-04-10 02:00:00,0.0
2025-04-10 03:00:00,0.0
2025-04-10 04:00:00,0.0
2025-04-10 05:00:00,9.07
2025-04-10 06:00:00,72.41
2025-04-10 07:00:00,134.73
2025-04-10 08:00:00,172.83
2025-04-10 09:00:00,217.4
2025-04-10 10:00:00,402.03
2025-04-10 11:00:00,528.36
2025-04-10 12:00:00,502.73
2025-04-10 13:00:00,386.65
2025-04-10 14:00:00,384.08
2025-04-10 15:00:00,301.43
2025-04-10 16:00:00,166.34
2025-04-10 17:00:00,42.28
2025-04-10 18:00:00,0.0
2025-04-10 19:00:00,0.0
2025-04-10 20:00:00,0.0
2025-04-10 21:00:00,0.0
2025-04-10 22:00:00,0.0
2025-04-10 23:00:00,0.0
2025-04-11 00:00:00,0.0
2025-04-11 01:00:00,0.0
2025-04-11 02:00:00,0.0
2025-04-11 03:00:00,0.0
2025-04-11 04:00:00,0.0
2025-04-11 05:00:00,8.34
2025-04-11 06:00:00,90.04
2025-04-11 07:00:00,213.06
2025-04-11 08:00:00,301.06
2025-04-11 09:00:00,439.74
2025-04-11 10:00:00,489.39
2025-04-11 11:00:00,406.25
2025-04-11 12:00:00,398.16
2025-04-11 13:00:00,424.94
2025-04-11 14:00:00,358.92
2025-04-11 15:00:00,234.59
2025-04-11 16:00:00,157.84
2025-04-11 17:00:00,37.93
2025-04-11 18:00:00,0.0
2025-04-11 19:00:00,0.0
2025-04-11 20:00:00,0.0
2025-04-11 21:00:00,0.0
2025-04-11 22:00:00,0.0
2025-04-11 23:00:00,0.0
2025-04-12 00:00:00,0.0
2025-04-12 01:00:00,0.0
2025-04-12 02:00:00,0.0
2025-04-12 03:00:00,0.0
2025-04-12 04:00:00,0.0
2025-04-12 05:00:00,9.18
2025-04-12 06:00:00,65.71
2025-04-12 07:00:00,156.53
2025-04-12 08:00:00,219.94
2025-04-12 09:00:00,206.24
2025-04-12 10:00:00,271.4
2025-04-12 11:00:00,328.24
2025-04-12 12:00:00,291.03
2025-04-12 13:00:00,298.84
2025-04-12 14:00:00,241.78
2025-04-12 15:00:00,191.71
2025-04-12 16:00:00,135.63
2025-04-12 17:00:00,46.9
2025-04-12 18:00:00,0.0
2025-04-12 19:00:00,0.0
2025-04-12 20:00:00,0.0
2025-04-12 21:00:00,0.0
2025-04-12 22:00:00,0.0
2025-04-12 23:00:00,0.0
2025-04-13 00:00:00,0.0
2025-04-13 01:00:00,0.0
2025-04-13 02:00:00,0.0
2025-04-13 03:00:00,0.0
2025-04-13 04:00:00,0.0
2025-04-13 05:00:00,12.78
2025-04-13 06:00:00,87.02
2025-04-13 07:00:00,177.18
2025-04-13 08:00:00,229.16
2025-04-13 09:00:00,328.37
2025-04-13 10:00:00,327.54
2025-04-13 11:00:00,436.5
2025-04-13 12:00:00,305.19
2025-04-13 13:00:00,325.91
2025-04-13 14:00:00,279.45
2025-04-13 15:00:00,257.86
2025-04-13 16:00:00,154.78
2025-04-13 17:00:00,49.82
2025-04-13 18:00:00,0.0
2025-04-13 19:00:00,0.0
2025-04-13 20:00:00,0.0
2025-04-13 21:00:00,0.0
2025-04-13 22:00:00,0.0
2025-04-13 23:00:00,0.0
2025-04-14 00:00:00,0.0
2025-04-14 01:00:00,0.0
2025-04-14 02:00:00,0.0
2025-04-14 03:00:00,0.0
2025-04-14 04:00:00,0.0
2025-04-14 05:00:00,10.02
2025-04-14 06:00:00,85.58
2025-04-14 07:00:00,157.64
2025-04-14 08:00:00,211.36
2025-04-14 09:00:00,285.22
2025-04-14 10:00:00,340.37
2025-04-14 11:00:00,404.84
2025-04-14 12:00:00,466.78
2025-04-14 13:00:00,320.73
2025-04-14 14:00:00,336.37
2025-04-14 15:00:00,241.04
2025-04-14 16:00:00,148.67
2025-04-14 17:00:00,37.23
2025-04-14 18:00:00,0.0
2025-04-14 19:00:00,0.0
2025-04-14 20:00:00,0.0
2025-04-14 21:00:00,0.0
2025-04-14 22:00:00,0.0
2025-04-14 23:00:00,0.0
2025-04-15 00:00:00,0.0
2025-04-15 01:00:00,0.0
2025-04-15 02:00:00,0.0
2025-04-15 03:00:00,0.0
2025-04-15 04:00:00,0.0
2025-04-15 05:00:00,11.23
2025-04-15 06:00:00,77.4
2025-04-15 07:00:00,149.21
2025-04-15 08:00:00,203.18
2025-04-15 09:00:00,241.59
2025-04-15 10:00:00,228.72
2025-04-15 11:00:00,323.25
2025-04-15 12:00:00,362.68
2025-04-15 13:00:00,292.89
2025-04-15 14:00:00,269.07
2025-04-15 15:00:00,193.81
2025-04-15 16:00:00,164.23
2025-04-15 17:00:00,47.98
2025-04-15 18:00:00,0.0
2025-04-15 19:00:00,0.0
2025-04-15 20:00:00,0.0
2025-04-15 21:00:00,0.0
2025-04-15 22:00:00,0.0
2025-04-15 23:00:00,0.0
2025-04-16 00:00:00,0.0
2025-04-16 01:00:00,0.0
2025-04-16 02:00:00,0.0
2025-04-16 03:00:00,0.0
2025-04-16 04:00:00,0.0
2025-04-16 05:00:00,12.72
2025-04-16 06:00:00,106.53
2025-04-16 07:00:00,205.65
2025-04-16 08:00:00,275.06
2025-04-16 09:00:00,384.33
2025-04-16 10:00:00,515.11
2025-04-16 11:00:00,475.54
2025-04-16 12:00:00,381.72
2025-04-16 13:00:00,315.26
2025-04-16 14:00:00,117.79
2025-04-16 15:00:00,51.81
2025-04-16 16:00:00,32.0
2025-04-16 17:00:00,11.23
2025-04-16 18:00:00,0.0
2025-04-16 19:00:00,0.0
2025-04-16 20:00:00,0.0
2025-04-16 21:00:00,0.0
2025-04-16 22:00:00,0.0
2025-04-16 23:00:00,0.0
2025-04-17 00:00:00,0.0
2025-04-17 01:00:00,0.0
2025-04-17 02:00:00,0.0
2025-04-17 03:00:00,0.0
2025-04-17 04:00:00,0.0
2025-04-17 05:00:00,9.82
2025-04-17 06:00:00,89.35
2025-04-17 07:00:00,200.65
2025-04-17 08:00:00,243.58
2025-04-17 09:00:00,262.96
2025-04-17 10:00:00,346.27
2025-04-17 11:00:00,403.82
2025-04-17 12:00:00,303.65
2025-04-17 13:00:00,443.72
2025-04-17 14:00:00,327.85
2025-04-17 15:00:00,287.77
2025-04-17 16:00:00,164.34
2025-04-17 17:00:00,41.9
2025-04-17 18:00:00,0.0
2025-04-17 19:00:00,0.0
2025-04-17 20:00:00,0.0
2025-04-17 21:00:00,0.0
2025-04-17 22:00:00,0.0
2025-04-17 23:00:00,0.0
2025-04-18 00:00:00,0.0
2025-04-18 01:00:00,0.0
2025-04-18 02:00:00,0.0
2025-04-18 03:00:00,0.0
2025-04-18 04:00:00,0.0
2025-04-18 05:00:00,9.65
2025-04-18 06:00:00,73.1
2025-04-18 07:00:00,183.75
2025-04-18 08:00:00,253.53
2025-04-18 09:00:00,321.57
2025-04-18 10:00:00,333.55
2025-04-18 11:00:00,352.6
2025-04-18 12:00:00,341.27
2025-04-18 13:00:00,370.15
2025-04-18 14:00:00,328.73
2025-04-18 15:00:00,262.49
2025-04-18 16:00:00,168.56
2025-04-18 17:00:00,50.51
2025-04-18 18:00:00,0.0
2025-04-18 19:00:00,0.0
2025-04-18 20:00:00,0.0
2025-04-18 21:00:00,0.0
2025-04-18 22:00:00,0.0
2025-04-18 23:00:00,0.0
2025-04-19 00:00:00,0.0
2025-04-19 01:00:00,0.0
2025-04-19 02:00:00,0.0
2025-04-19 03:00:00,0.0
2025-04-19 04:00:00,0.0
2025-04-19 05:00:00,9.96
2025-04-19 06:00:00,98.05
2025-04-19 07:00:00,224.03
2025-04-19 08:00:00,282.12
2025-04-19 09:00:00,354.64
2025-04-19 10:00:00,395.21
2025-04-19 11:00:00,300.84
2025-04-19 12:00:00,378.01
2025-04-19 13:00:00,237.57
2025-04-19 14:00:00,273.66
2025-04-19 15:00:00,254.89
2025-04-19 16:00:00,148.65
2025-04-19 17:00:00,38.82
2025-04-19 18:00:00,0.0
2025-04-19 19:00:00,0.0
2025-04-19 20:00:00,0.0
2025-04-19 21:00:00,0.0
2025-04-19 22:00:00,0.0
2025-04-19 23:00:00,0.0
2025-04-20 00:00:00,0.0
2025-04-20 01:00:00,0.0
2025-04-20 02:00:00,0.0
2025-04-20 03:00:00,0.0
2025-04-20 04:00:00,0.0
2025-04-20 05:00:00,11.59
2025-04-20 06:00:00,73.17
2025-04-20 07:00:00,128.2
2025-04-20 08:00:00,218.56
2025-04-20 09:00:00,310.05
2025-04-20 10:00:00,385.09
2025-04-20 11:00:00,433.61
2025-04-20 12:00:00,382.92
2025-04-20 13:00:00,263.5
2025-04-20 14:00:00,336.23
2025-04-20 15:00:00,291.87
2025-04-20 16:00:00,164.04
2025-04-20 17:00:00,45.88
2025-04-20 18:00:00,0.0
2025-04-20 19:00:00,0.0
2025-04-20 20:00:00,0.0
2025-04-20 21:00:00,0.0
2025-04-20 22:00:00,0.0
2025-04-20 23:00:00,0.0
2025-04-21 00:00:00,0.0
2025-04-21 01:00:00,0.0
2025-04-21 02:00:00,0.0
2025-04-21 03:00:00,0.0
2025-04-21 04:00:00,0.0
2025-04-21 05:00:00,12.32
2025-04-21 06:00:00,73.66
2025-04-21 07:00:00,158.38
2025-04-21 08:00:00,181.91
2025-04-21 09:00:00,176.14
2025-04-21 10:00:00,249.43
2025-04-21 11:00:00,421.17
2025-04-21 12:00:00,429.73
2025-04-21 13:00:00,384.77
2025-04-21 14:00:00,382.71
2025-04-21 15:00:00,303.69
2025-04-21 16:00:00,182.74
2025-04-21 17:00:00,52.79
2025-04-21 18:00:00,0.0
2025-04-21 19:00:00,0.0
2025-04-21 20:00:00,0.0
2025-04-21 21:00:00,0.0
2025-04-21 22:00:00,0.0
2025-04-21 23:00:00,0.0
2025-04-22 00:00:00,0.0
2025-04-22 01:00:00,0.0
2025-04-22 02:00:00,0.0
2025-04-22 03:00:00,0.0
2025-04-22 04:00:00,0.0
2025-04-22 05:00:00,13.5
2025-04-22 06:00:00,73.84
2025-04-22 07:00:00,139.96
2025-04-22 08:00:00,211.97
2025-04-22 09:00:00,201.52
2025-04-22 10:00:00,304.93
2025-04-22 11:00:00,359.2
2025-04-22 12:00:00,324.35
2025-04-22 13:00:00,277.75
2025-04-22 14:00:00,307.02
2025-04-22 15:00:00,270.83
2025-04-22 16:00:00,155.13
2025-04-22 17:00:00,46.53
2025-04-22 18:00:00,0.0
2025-04-22 19:00:00,0.0
2025-04-22 20:00:00,0.0
2025-04-22 21:00:00,0.0
2025-04-22 22:00:00,0.0
2025-04-22 23:00:00,0.0
2025-04-23 00:00:00,0.0
2025-04-23 01:00:00,0.0
2025-04-23 02:00:00,0.0
2025-04-23 03:00:00,0.0
2025-04-23 04:00:00,0.0
2025-04-23 05:00:00,6.92
2025-04-23 06:00:00,81.8
2025-04-23 07:00:00,160.3
2025-04-23 08:00:00,253.13
2025-04-23 09:00:00,128.68
2025-04-23 10:00:00,187.84
2025-04-23 11:00:00,496.42
2025-04-23 12:00:00,490.72
2025-04-23 13:00:00,437.88
2025-04-23 14:00:00,354.76
2025-04-23 15:00:00,303.23
2025-04-23 16:00:00,178.55
2025-04-23 17:00:00,55.48
2025-04-23 18:00:00,0.0
2025-04-23 19:00:00,0.0
2025-04-23 20:00:00,0.0
2025-04-23 21:00:00,0.0
2025-04-23 22:00:00,0.0
2025-04-23 23:00:00,0.0
2025-04-24 00:00:00,0.0
2025-04-24 01:00:00,0.0
2025-04-24 02:00:00,0.0
2025-04-24 03:00:00,0.0
2025-04-24 04:00:00,0.0
2025-04-24 05:00:00,14.85
2025-04-24 06:00:00,108.45
2025-04-24 07:00:00,220.85
2025-04-24 08:00:00,279.03
2025-04-24 09:00:00,276.08
2025-04-24 10:00:00,448.51
2025-04-24 11:00:00,487.1
2025-04-24 12:00:00,371.29
2025-04-24 13:00:00,307.94
2025-04-24 14:00:00,401.76
2025-04-24 15:00:00,300.85
2025-04-24 16:00:00,174.05
2025-04-24 17:00:00,53.64
2025-04-24 18:00:00,0.0
2025-04-24 19:00:00,0.0
2025-04-24 20:00:00,0.0
2025-04-24 21:00:00,0.0
2025-04-24 22:00:00,0.0
2025-04-24 23:00:00,0.0
2025-04-25 00:00:00,0.0
2025-04-25 01:00:00,0.0
2025-04-25 02:00:00,0.0
2025-04-25 03:00:00,0.0
2025-04-25 04:00:00,0.0
2025-04-25 05:00:00,16.72
2025-04-25 06:00:00,107.82
2025-04-25 07:00:00,187.93
2025-04-25 08:00:00,244.98
2025-04-25 09:00:00,303.11
2025-04-25 10:00:00,388.43
2025-04-25 11:00:00,440.71
2025-04-25 12:00:00,442.86
2025-04-25 13:00:00,304.98
2025-04-25 14:00:00,329.15
2025-04-25 15:00:00,274.54
2025-04-25 16:00:00,169.19
2025-04-25 17:00:00,54.27
2025-04-25 18:00:00,0.0
2025-04-25 19:00:00,0.0
2025-04-25 20:00:00,0.0
2025-04-25 21:00:00,0.0
2025-04-25 22:00:00,0.0
2025-04-25 23:00:00,0.0
2025-04-26 00:00:00,0.0
2025-04-26 01:00:00,0.0
2025-04-26 02:00:00,0.0
2025-04-26 03:00:00,0.0
2025-04-26 04:00:00,0.0
2025-04-26 05:00:00,20.81
2025-04-26 06:00:00,109.33
2025-04-26 07:00:00,168.42
2025-04-26 08:00:00,207.67
2025-04-26 09:00:00,263.74
2025-04-26 10:00:00,372.45
2025-04-26 11:00:00,365.79
2025-04-26 12:00:00,455.77
2025-04-26 13:00:00,280.14
2025-04-26 14:00:00,347.18
2025-04-26 15:00:00,264.21
2025-04-26 16:00:00,162.52
2025-04-26 17:00:00,52.69
2025-04-26 18:00:00,0.0
2025-04-26 19:00:00,0.0
2025-04-26 20:00:00,0.0
2025-04-26 21:00:00,0.0
2025-04-26 22:00:00,0.0
2025-04-26 23:00:00,0.0
2025-04-27 00:00:00,0.0
2025-04-27 01:00:00,0.0
2025-04-27 02:00:00,0.0
2025-04-27 03:00:00,0.0
2025-04-27 04:00:00,0.0
2025-04-27 05:00:00,7.68
2025-04-27 06:00:00,52.92
2025-04-27 07:00:00,102.01
2025-04-27 08:00:00,190.07
2025-04-27 09:00:00,331.89
2025-04-27 10:00:00,361.56
2025-04-27 11:00:00,350.52
2025-04-27 12:00:00,365.32
2025-04-27 13:00:00,431.07
2025-04-27 14:00:00,361.08
2025-04-27 15:00:00,283.38
2025-04-27 16:00:00,156.24
2025-04-27 17:00:00,47.94
2025-04-27 18:00:00,0.0
2025-04-27 19:00:00,0.0
2025-04-27 20:00:00,0.0
2025-04-27 21:00:00,0.0
2025-04-27 22:00:00,0.0
2025-04-27 23:00:00,0.0
2025-04-28 00:00:00,0.0
2025-04-28 01:00:00,0.0
2025-04-28 02:00:00,0.0
2025-04-28 03:00:00,0.0
2025-04-28 04:00:00,0.0
2025-04-28 05:00:00,18.29
2025-04-28 06:00:00,120.67
2025-04-28 07:00:00,211.7
2025-04-28 08:00:00,251.13
2025-04-28 09:00:00,288.35
2025-04-28 10:00:00,311.8
2025-04-28 11:00:00,351.31
2025-04-28 12:00:00,71.08
2025-04-28 13:00:00,40.3
2025-04-28 14:00:00,76.9
2025-04-28 15:00:00,132.56
2025-04-28 16:00:00,102.38
2025-04-28 17:00:00,35.57
2025-04-28 18:00:00,0.0
2025-04-28 19:00:00,0.0
2025-04-28 20:00:00,0.0
2025-04-28 21:00:00,0.0
2025-04-28 22:00:00,0.0
2025-04-28 23:00:00,0.0
2025-04-29 00:00:00,0.0
2025-04-29 01:00:00,0.0
2025-04-29 02:00:00,0.0
2025-04-29 03:00:00,0.0
2025-04-29 04:00:00,0.0
2025-04-29 05:00:00,11.6
2025-04-29 06:00:00,60.01
2025-04-29 07:00:00,114.84
2025-04-29 08:00:00,197.58
2025-04-29 09:00:00,294.36
2025-04-29 10:00:00,368.33
2025-04-29 11:00:00,323.33
2025-04-29 12:00:00,324.04
2025-04-29 13:00:00,297.36
2025-04-29 14:00:00,295.24
2025-04-29 15:00:00,257.46
2025-04-29 16:00:00,152.4
2025-04-29 17:00:00,48.51
2025-04-29 18:00:00,0.0
2025-04-29 19:00:00,0.0
2025-04-29 20:00:00,0.0
2025-04-29 21:00:00,0.0
2025-04-29 22:00:00,0.0
2025-04-29 23:00:00,0.0
2025-04-30 00:00:00,-999.0
2025-04-30 01:00:00,-999.0
2025-04-30 02:00:00,-999.0
2025-04-30 03:00:00,-999.0
2025-04-30 04:00:00,-999.0
2025-04-30 05:00:00,-999.0
2025-04-30 06:00:00,-999.0
2025-04-30 07:00:00,-999.0
2025-04-30 08:00:00,-999.0
2025-04-30 09:00:00,-999.0
2025-04-30 10:00:00,-999.0
2025-04-30 11:00:00,-999.0
2025-04-30 12:00:00,-999.0
2025-04-30 13:00:00,-999.0
2025-04-30 14:00:00,-999.0
2025-04-30 15:00:00,-999.0
2025-04-30 16:00:00,-999.0
2025-04-30 17:00:00,-999.0
2025-04-30 18:00:00,-999.0
2025-04-30 19:00:00,-999.0
2025-04-30 20:00:00,-999.0
2025-04-30 21:00:00,-999.0
2025-04-30 22:00:00,-999.0
2025-04-30 23:00:00,-999.0
2025-05-01 00:00:00,-999.0
2025-05-01 01:00:00,-999.0
2025-05-01 02:00:00,-999.0
2025-05-01 03:00:00,-999.0
2025-05-01 04:00:00,-999.0
2025-05-01 05:00:00,-999.0
2025-05-01 06:00:00,-999.0
2025-05-01 07:00:00,-999.0
2025-05-01 08:00:00,-999.0
2025-05-01 09:00:00,-999.0
2025-05-01 10:00:00,-999.0
2025-05-01 11:00:00,-999.0
2025-05-01 12:00:00,-999.0
2025-05-01 13:00:00,-999.0
2025-05-01 14:00:00,-999.0
2025-05-01 15:00:00,-999.0
2025-05-01 16:00:00,-999.0
2025-05-01 17:00:00,-999.0
2025-05-01 18:00:00,-999.0
2025-05-01 19:00:00,-999.0
2025-05-01 20:00:00,-999.0
2025-05-01 21:00:00,-999.0
2025-05-01 22:00:00,-999.0
2025-05-01 23:00:00,-999.0
2025-05-02 00:00:00,-999.0
2025-05-02 01:00:00,-999.0
2025-05-02 02:00:00,-999.0
2025-05-02 03:00:00,-999.0
2025-05-02 04:00:00,-999.0
2025-05-02 05:00:00,-999.0
2025-05-02 06:00:00,-999.0
2025-05-02 07:00:00,-999.0
2025-05-02 08:00:00,-999.0
2025-05-02 09:00:00,-999.0
2025-05-02 10:00:00,-999.0
2025-05-02 11:00:00,-999.0
2025-05-02 12:00:00,-999.0
2025-05-02 13:00:00,-999.0
2025-05-02 14:00:00,-999.0
2025-05-02 15:00:00,-999.0
2025-05-02 16:00:00,-999.0
2025-05-02 17:00:00,-999.0
2025-05-02 18:00:00,-999.0
2025-05-02 19:00:00,-999.0
2025-05-02 20:00:00,-999.0
2025-05-02 21:00:00,-999.0
2025-05-02 22:00:00,-999.0
2025-05-02 23:00:00,-999.0
2025-05-03 00:00:00,-999.0
2025-05-03 01:00:00,-999.0
2025-05-03 02:00:00,-999.0
2025-05-03 03:00:00,-999.0
2025-05-03 04:00:00,-999.0
2025-05-03 05:00:00,-999.0
2025-05-03 06:00:00,-999.0
2025-05-03 07:00:00,-999.0
2025-05-03 08:00:00,-999.0
2025-05-03 09:00:00,-999.0
2025-05-03 10:00:00,-999.0
2025-05-03 11:00:00,-999.0
2025-05-03 12:00:00,-999.0
2025-05-03 13:00:00,-999.0
2025-05-03 14:00:00,-999.0
2025-05-03 15:00:00,-999.0
2025-05-03 16:00:00,-999.0
2025-05-03 17:00:00,-999.0
2025-05-03 18:00:00,-999.0
2025-05-03 19:00:00,-999.0
2025-05-03 20:00:00,-999.0
2025-05-03 21:00:00,-999.0
2025-05-03 22:00:00,-999.0
2025-05-03 23:00:00,-999.0
2025-05-04 00:00:00,-999.0
2025-05-04 01:00:00,-999.0
2025-05-04 02:00:00,-999.0
2025-05-04 03:00:00,-999.0
2025-05-04 04:00:00,-999.0
2025-05-04 05:00:00,-999.0
2025-05-04 06:00:00,-999.0
2025-05-04 07:00:00,-999.0
2025-05-04 08:00:00,-999.0
2025-05-04 09:00:00,-999.0
2025-05-04 10:00:00,-999.0
2025-05-04 11:00:00,-999.0
2025-05-04 12:00:00,-999.0
2025-05-04 13:00:00,-999.0
2025-05-04 14:00:00,-999.0
2025-05-04 15:00:00,-999.0
2025-05-04 16:00:00,-999.0
2025-05-04 17:00:00,-999.0
2025-05-04 18:00:00,-999.0
2025-05-04 19:00:00,-999.0
2025-05-04 20:00:00,-999.0
2025-05-04 21:00:00,-999.0
2025-05-04 22:00:00,-999.0
2025-05-04 23:00:00,-999.0
2025-05-05 00:00:00,-999.0
2025-05-05 01:00:00,-999.0
2025-05-05 02:00:00,-999.0
2025-05-05 03:00:00,-999.0
2025-05-05 04:00:00,-999.0
2025-05-05 05:00:00,-999.0
2025-05-05 06:00:00,-999.0
2025-05-05 07:00:00,-999.0
2025-05-05 08:00:00,-999.0
2025-05-05 09:00:00,-999.0
2025-05-05 10:00:00,-999.0
2025-05-05 11:00:00,-999.0
2025-05-05 12:00:00,-999.0
2025-05-05 13:00:00,-999.0
2025-05-05 14:00:00,-999.0
2025-05-05 15:00:00,-999.0
2025-05-05 16:00:00,-999.0
2025-05-05 17:00:00,-999.0
2025-05-05 18:00:00,-999.0
2025-05-05 19:00:00,-999.0
2025-05-05 20:00:00,-999.0
2025-05-05 21:00:00,-999.0
2025-05-05 22:00:00,-999.0
2025-05-05 23:00:00,-999.0
2025-05-06 00:00:00,-999.0
2025-05-06 01:00:00,-999.0
2025-05-06 02:00:00,-999.0
2025-05-06 03:00:00,-999.0
2025-05-06 04:00:00,-999.0
2025-05-06 05:00:00,-999.0
2025-05-06 06:00:00,-999.0
2025-05-06 07:00:00,-999.0
2025-05-06 08:00:00,-999.0
2025-05-06 09:00:00,-999.0
2025-05-06 10:00:00,-999.0
2025-05-06 11:00:00,-999.0
2025-05-06 12:00:00,-999.0
2025-05-06 13:00:00,-999.0
2025-05-06 14:00:00,-999.0
2025-05-06 15:00:00,-999.0
2025-05-06 16:00:00,-999.0
2025-05-06 17:00:00,-999.0
2025-05-06 18:00:00,-999.0
2025-05-06 19:00:00,-999.0
2025-05-06 20:00:00,-999.0
2025-05-06 21:00:00,-999.0
2025-05-06 22:00:00,-999.0
2025-05-06 23:00:00,-999.0
2025-05-07 00:00:00,-999.0
2025-05-07 01:00:00,-999.0
2025-05-07 02:00:00,-999.0
2025-05-07 03:00:00,-999.0
2025-05-07 04:00:00,-999.0
2025-05-07 05:00:00,-999.0
2025-05-07 06:00:00,-999.0
2025-05-07 07:00:00,-999.0
2025-05-07 08:00:00,-999.0
2025-05-07 09:00:00,-999.0
2025-05-07 10:00:00,-999.0
2025-05-07 11:00:00,-999.0
2025-05-07 12:00:00,-999.0
2025-05-07 13:00:00,-999.0
2025-05-07 14:00:00,-999.0
2025-05-07 15:00:00,-999.0
2025-05-07 16:00:00,-999.0
2025-05-07 17:00:00,-999.0
2025-05-07 18:00:00,-999.0
2025-05-07 19:00:00,-999.0
2025-05-07 20:00:00,-999.0
2025-05-07 21:00:00,-999.0
2025-05-07 22:00:00,-999.0
2025-05-07 23:00:00,-999.0
2025-05-08 00:00:00,-999.0
2025-05-08 01:00:00,-999.0
2025-05-08 02:00:00,-999.0
2025-05-08 03:00:00,-999.0
2025-05-08 04:00:00,-999.0
2025-05-08 05:00:00,-999.0
2025-05-08 06:00:00,-999.0
2025-05-08 07:00:00,-999.0
2025-05-08 08:00:00,-999.0
2025-05-08 09:00:00,-999.0
2025-05-08 10:00:00,-999.0
2025-05-08 11:00:00,-999.0
2025-05-08 12:00:00,-999.0
2025-05-08 13:00:00,-999.0
2025-05-08 14:00:00,-999.0
2025-05-08 15:00:00,-999.0
2025-05-08 16:00:00,-999.0
2025-05-08 17:00:00,-999.0
2025-05-08 18:00:00,-999.0
2025-05-08 19:00:00,-999.0
2025-05-08 20:00:00,-999.0
2025-05-08 21:00:00,-999.0
2025-05-08 22:00:00,-999.0
2025-05-08 23:00:00,-999.0
2025-05-09 00:00:00,-999.0
2025-05-09 01:00:00,-999.0
2025-05-09 02:00:00,-999.0
2025-05-09 03:00:00,-999.0
2025-05-09 04:00:00,-999.0
2025-05-09 05:00:00,-999.0
2025-05-09 06:00:00,-999.0
2025-05-09 07:00:00,-999.0
2025-05-09 08:00:00,-999.0
2025-05-09 09:00:00,-999.0
2025-05-09 10:00:00,-999.0
2025-05-09 11:00:00,-999.0
2025-05-09 12:00:00,-999.0
2025-05-09 13:00:00,-999.0
2025-05-09 14:00:00,-999.0
2025-05-09 15:00:00,-999.0
2025-05-09 16:00:00,-999.0
2025-05-09 17:00:00,-999.0
2025-05-09 18:00:00,-999.0
2025-05-09 19:00:00,-999.0
2025-05-09 20:00:00,-999.0
2025-05-09 21:00:00,-999.0
2025-05-09 22:00:00,-999.0
2025-05-09 23:00:00,-999.0
2025-05-10 00:00:00,-999.0
2025-05-10 01:00:00,-999.0
2025-05-10 02:00:00,-999.0
2025-05-10 03:00:00,-999.0
2025-05-10 04:00:00,-999.0
2025-05-10 05:00:00,-999.0
2025-05-10 06:00:00,-999.0
2025-05-10 07:00:00,-999.0
2025-05-10 08:00:00,-999.0
2025-05-10 09:00:00,-999.0
2025-05-10 10:00:00,-999.0
2025-05-10 11:00:00,-999.0
2025-05-10 12:00:00,-999.0
2025-05-10 13:00:00,-999.0
2025-05-10 14:00:00,-999.0
2025-05-10 15:00:00,-999.0
2025-05-10 16:00:00,-999.0
2025-05-10 17:00:00,-999.0
2025-05-10 18:00:00,-999.0
2025-05-10 19:00:00,-999.0
2025-05-10 20:00:00,-999.0
2025-05-10 21:00:00,-999.0
2025-05-10 22:00:00,-999.0
2025-05-10 23:00:00,-999.0
2025-05-11 00:00:00,-999.0
2025-05-11 01:00:00,-999.0
2025-05-11 02:00:00,-999.0
2025-05-11 03:00:00,-999.0
2025-05-11 04:00:00,-999.0
2025-05-11 05:00:00,-999.0
2025-05-11 06:00:00,-999.0
2025-05-11 07:00:00,-999.0
2025-05-11 08:00:00,-999.0
2025-05-11 09:00:00,-999.0
2025-05-11 10:00:00,-999.0
2025-05-11 11:00:00,-999.0
2025-05-11 12:00:00,-999.0
2025-05-11 13:00:00,-999.0
2025-05-11 14:00:00,-999.0
2025-05-11 15:00:00,-999.0
2025-05-11 16:00:00,-999.0
2025-05-11 17:00:00,-999.0
2025-05-11 18:00:00,-999.0
2025-05-11 19:00:00,-999.0
2025-05-11 20:00:00,-999.0
2025-05-11 21:00:00,-999.0
2025-05-11 22:00:00,-999.0
2025-05-11 23:00:00,-999.0
2025-05-12 00:00:00,-999.0
2025-05-12 01:00:00,-999.0
2025-05-12 02:00:00,-999.0
2025-05-12 03:00:00,-999.0
2025-05-12 04:00:00,-999.0
2025-05-12 05:00:00,-999.0
2025-05-12 06:00:00,-999.0
2025-05-12 07:00:00,-999.0
2025-05-12 08:00:00,-999.0
2025-05-12 09:00:00,-999.0
2025-05-12 10:00:00,-999.0
2025-05-12 11:00:00,-999.0
2025-05-12 12:00:00,-999.0
2025-05-12 13:00:00,-999.0
2025-05-12 14:00:00,-999.0
2025-05-12 15:00:00,-999.0
2025-05-12 16:00:00,-999.0
2025-05-12 17:00:00,-999.0
2025-05-12 18:00:00,-999.0
2025-05-12 19:00:00,-999.0
2025-05-12 20:00:00,-999.0
2025-05-12 21:00:00,-999.0
2025-05-12 22:00:00,-999.0
2025-05-12 23:00:00,-999.0
2025-05-13 00:00:00,-999.0
2025-05-13 01:00:00,-999.0
2025-05-13 02:00:00,-999.0
2025-05-13 03:00:00,-999.0
2025-05-13 04:00:00,-999.0
2025-05-13 05:00:00,-999.0
2025-05-13 06:00:00,-999.0
2025-05-13 07:00:00,-999.0
2025-05-13 08:00:00,-999.0
2025-05-13 09:00:00,-999.0
2025-05-13 10:00:00,-999.0
2025-05-13 11:00:00,-999.0
2025-05-13 12:00:00,-999.0
2025-05-13 13:00:00,-999.0
2025-05-13 14:00:00,-999.0
2025-05-13 15:00:00,-999.0
2025-05-13 16:00:00,-999.0
2025-05-13 17:00:00,-999.0
2025-05-13 18:00:00,-999.0
2025-05-13 19:00:00,-999.0
2025-05-13 20:00:00,-999.0
2025-05-13 21:00:00,-999.0
2025-05-13 22:00:00,-999.0
2025-05-13 23:00:00,-999.0
2025-05-14 00:00:00,-999.0
2025-05-14 01:00:00,-999.0
2025-05-14 02:00:00,-999.0
2025-05-14 03:00:00,-999.0
2025-05-14 04:00:00,-999.0
2025-05-14 05:00:00,-999.0
2025-05-14 06:00:00,-999.0
2025-05-14 07:00:00,-999.0
2025-05-14 08:00:00,-999.0
2025-05-14 09:00:00,-999.0
2025-05-14 10:00:00,-999.0
2025-05-14 11:00:00,-999.0
2025-05-14 12:00:00,-999.0
2025-05-14 13:00:00,-999.0
2025-05-14 14:00:00,-999.0
2025-05-14 15:00:00,-999.0
2025-05-14 16:00:00,-999.0
2025-05-14 17:00:00,-999.0
2025-05-14 18:00:00,-999.0
2025-05-14 19:00:00,-999.0
2025-05-14 20:00:00,-999.0
2025-05-14 21:00:00,-999.0
2025-05-14 22:00:00,-999.0
2025-05-14 23:00:00,-999.0
2025-05-15 00:00:00,-999.0
2025-05-15 01:00:00,-999.0
2025-05-15 02:00:00,-999.0
2025-05-15 03:00:00,-999.0
2025-05-15 04:00:00,-999.0
2025-05-15 05:00:00,-999.0
2025-05-15 06:00:00,-999.0
2025-05-15 07:00:00,-999.0
2025-05-15 08:00:00,-999.0
2025-05-15 09:00:00,-999.0
2025-05-15 10:00:00,-999.0
2025-05-15 11:00:00,-999.0
2025-05-15 12:00:00,-999.0
2025-05-15 13:00:00,-999.0
2025-05-15 14:00:00,-999.0
2025-05-15 15:00:00,-999.0
2025-05-15 16:00:00,-999.0
2025-05-15 17:00:00,-999.0
2025-05-15 18:00:00,-999.0
2025-05-15 19:00:00,-999.0
2025-05-15 20:00:00,-999.0
2025-05-15 21:00:00,-999.0
2025-05-15 22:00:00,-999.0
2025-05-15 23:00:00,-999.0
2025-05-16 00:00:00,-999.0
2025-05-16 01:00:00,-999.0
2025-05-16 02:00:00,-999.0
2025-05-16 03:00:00,-999.0
2025-05-16 04:00:00,-999.0
2025-05-16 05:00:00,-999.0
2025-05-16 06:00:00,-999.0
2025-05-16 07:00:00,-999.0
2025-05-16 08:00:00,-999.0
2025-05-16 09:00:00,-999.0
2025-05-16 10:00:00,-999.0
2025-05-16 11:00:00,-999.0
2025-05-16 12:00:00,-999.0
2025-05-16 13:00:00,-999.0
2025-05-16 14:00:00,-999.0
2025-05-16 15:00:00,-999.0
2025-05-16 16:00:00,-999.0
2025-05-16 17:00:00,-999.0
2025-05-16 18:00:00,-999.0
2025-05-16 19:00:00,-999.0
2025-05-16 20:00:00,-999.0
2025-05-16 21:00:00,-999.0
2025-05-16 22:00:00,-999.0
2025-05-16 23:00:00,-999.0
2025-05-17 00:00:00,-999.0
2025-05-17 01:00:00,-999.0
2025-05-17 02:00:00,-999.0
2025-05-17 03:00:00,-999.0
2025-05-17 04:00:00,-999.0
2025-05-17 05:00:00,-999.0
2025-05-17 06:00:00,-999.0
2025-05-17 07:00:00,-999.0
2025-05-17 08:00:00,-999.0
2025-05-17 09:00:00,-999.0
2025-05-17 10:00:00,-999.0
2025-05-17 11:00:00,-999.0
2025-05-17 12:00:00,-999.0
2025-05-17 13:00:00,-999.0
2025-05-17 14:00:00,-999.0
2025-05-17 15:00:00,-999.0
2025-05-17 16:00:00,-999.0
2025-05-17 17:00:00,-999.0
2025-05-17 18:00:00,-999.0
2025-05-17 19:00:00,-999.0
2025-05-17 20:00:00,-999.0
2025-05-17 21:00:00,-999.0
2025-05-17 22:00:00,-999.0
2025-05-17 23:00:00,-999.0
2025-05-18 00:00:00,-999.0
2025-05-18 01:00:00,-999.0
2025-05-18 02:00:00,-999.0
2025-05-18 03:00:00,-999.0
2025-05-18 04:00:00,-999.0
2025-05-18 05:00:00,-999.0
2025-05-18 06:00:00,-999.0
2025-05-18 07:00:00,-999.0
2025-05-18 08:00:00,-999.0
2025-05-18 09:00:00,-999.0
2025-05-18 10:00:00,-999.0
2025-05-18 11:00:00,-999.0
2025-05-18 12:00:00,-999.0
2025-05-18 13:00:00,-999.0
2025-05-18 14:00:00,-999.0
2025-05-18 15:00:00,-999.0
2025-05-18 16:00:00,-999.0
2025-05-18 17:00:00,-999.0
2025-05-18 18:00:00,-999.0
2025-05-18 19:00:00,-999.0
2025-05-18 20:00:00,-999.0
2025-05-18 21:00:00,-999.0
2025-05-18 22:00:00,-999.0
2025-05-18 23:00:00,-999.0
2025-05-19 00:00:00,-999.0
2025-05-19 01:00:00,-999.0
2025-05-19 02:00:00,-999.0
2025-05-19 03:00:00,-999.0
2025-05-19 04:00:00,-999.0
2025-05-19 05:00:00,-999.0
2025-05-19 06:00:00,-999.0
2025-05-19 07:00:00,-999.0
2025-05-19 08:00:00,-999.0
2025-05-19 09:00:00,-999.0
2025-05-19 10:00:00,-999.0
2025-05-19 11:00:00,-999.0
2025-05-19 12:00:00,-999.0
2025-05-19 13:00:00,-999.0
2025-05-19 14:00:00,-999.0
2025-05-19 15:00:00,-999.0
2025-05-19 16:00:00,-999.0
2025-05-19 17:00:00,-999.0
2025-05-19 18:00:00,-999.0
2025-05-19 19:00:00,-999.0
2025-05-19 20:00:00,-999.0
2025-05-19 21:00:00,-999.0
2025-05-19 22:00:00,-999.0
2025-05-19 23:00:00,-999.0
2025-05-20 00:00:00,-999.0
2025-05-20 01:00:00,-999.0
2025-05-20 02:00:00,-999.0
2025-05-20 03:00:00,-999.0
2025-05-20 04:00:00,-999.0
2025-05-20 05:00:00,-999.0
2025-05-20 06:00:00,-999.0
2025-05-20 07:00:00,-999.0
2025-05-20 08:00:00,-999.0
2025-05-20 09:00:00,-999.0
2025-05-20 10:00:00,-999.0
2025-05-20 11:00:00,-999.0
2025-05-20 12:00:00,-999.0
2025-05-20 13:00:00,-999.0
2025-05-20 14:00:00,-999.0
2025-05-20 15:00:00,-999.0
2025-05-20 16:00:00,-999.0
2025-05-20 17:00:00,-999.0
2025-05-20 18:00:00,-999.0
2025-05-20 19:00:00,-999.0
2025-05-20 20:00:00,-999.0
2025-05-20 21:00:00,-999.0
2025-05-20 22:00:00,-999.0
2025-05-20 23:00:00,-999.0
2025-05-21 00:00:00,-999.0
2025-05-21 01:00:00,-999.0
2025-05-21 02:00:00,-999.0
2025-05-21 03:00:00,-999.0
2025-05-21 04:00:00,-999.0
2025-05-21 05:00:00,-999.0
2025-05-21 06:00:00,-999.0
2025-05-21 07:00:00,-999.0
2025-05-21 08:00:00,-999.0
2025-05-21 09:00:00,-999.0
2025-05-21 10:00:00,-999.0
2025-05-21 11:00:00,-999.0
2025-05-21 12:00:00,-999.0
2025-05-21 13:00:00,-999.0
2025-05-21 14:00:00,-999.0
2025-05-21 15:00:00,-999.0
2025-05-21 16:00:00,-999.0
2025-05-21 17:00:00,-999.0
2025-05-21 18:00:00,-999.0
2025-05-21 19:00:00,-999.0
2025-05-21 20:00:00,-999.0
2025-05-21 21:00:00,-999.0
2025-05-21 22:00:00,-999.0
2025-05-21 23:00:00,-999.0
2025-05-22 00:00:00,-999.0
2025-05-22 01:00:00,-999.0
2025-05-22 02:00:00,-999.0
2025-05-22 03:00:00,-999.0
2025-05-22 04:00:00,-999.0
2025-05-22 05:00:00,-999.0
2025-05-22 06:00:00,-999.0
2025-05-22 07:00:00,-999.0
2025-05-22 08:00:00,-999.0
2025-05-22 09:00:00,-999.0
2025-05-22 10:00:00,-999.0
2025-05-22 11:00:00,-999.0
2025-05-22 12:00:00,-999.0
2025-05-22 13:00:00,-999.0
2025-05-22 14:00:00,-999.0
2025-05-22 15:00:00,-999.0
2025-05-22 16:00:00,-999.0
2025-05-22 17:00:00,-999.0
2025-05-22 18:00:00,-999.0
2025-05-22 19:00:00,-999.0
2025-05-22 20:00:00,-999.0
2025-05-22 21:00:00,-999.0
2025-05-22 22:00:00,-999.0
2025-05-22 23:00:00,-999.0
2025-05-23 00:00:00,-999.0
2025-05-23 01:00:00,-999.0
2025-05-23 02:00:00,-999.0
2025-05-23 03:00:00,-999.0
2025-05-23 04:00:00,-999.0
2025-05-23 05:00:00,-999.0
2025-05-23 06:00:00,-999.0
2025-05-23 07:00:00,-999.0
2025-05-23 08:00:00,-999.0
2025-05-23 09:00:00,-999.0
2025-05-23 10:00:00,-999.0
2025-05-23 11:00:00,-999.0
2025-05-23 12:00:00,-999.0
2025-05-23 13:00:00,-999.0
2025-05-23 14:00:00,-999.0
2025-05-23 15:00:00,-999.0
2025-05-23 16:00:00,-999.0
2025-05-23 17:00:00,-999.0
2025-05-23 18:00:00,-999.0
2025-05-23 19:00:00,-999.0
2025-05-23 20:00:00,-999.0
2025-05-23 21:00:00,-999.0
2025-05-23 22:00:00,-999.0
2025-05-23 23:00:00,-999.0
2025-05-24 00:00:00,-999.0
2025-05-24 01:00:00,-999.0
2025-05-24 02:00:00,-999.0
2025-05-24 03:00:00,-999.0
2025-05-24 04:00:00,-999.0
2025-05-24 05:00:00,-999.0
2025-05-24 06:00:00,-999.0
2025-05-24 07:00:00,-999.0
2025-05-24 08:00:00,-999.0
2025-05-24 09:00:00,-999.0
2025-05-24 10:00:00,-999.0
2025-05-24 11:00:00,-999.0
2025-05-24 12:00:00,-999.0
2025-05-24 13:00:00,-999.0
2025-05-24 14:00:00,-999.0
2025-05-24 15:00:00,-999.0
2025-05-24 16:00:00,-999.0
2025-05-24 17:00:00,-999.0
2025-05-24 18:00:00,-999.0
2025-05-24 19:00:00,-999.0
2025-05-24 20:00:00,-999.0
2025-05-24 21:00:00,-999.0
2025-05-24 22:00:00,-999.0
2025-05-24 23:00:00,-999.0
2025-05-25 00:00:00,-999.0
2025-05-25 01:00:00,-999.0
2025-05-25 02:00:00,-999.0
2025-05-25 03:00:00,-999.0
2025-05-25 04:00:00,-999.0
2025-05-25 05:00:00,-999.0
2025-05-25 06:00:00,-999.0
2025-05-25 07:00:00,-999.0
2025-05-25 08:00:00,-999.0
2025-05-25 09:00:00,-999.0
2025-05-25 10:00:00,-999.0
2025-05-25 11:00:00,-999.0
2025-05-25 12:00:00,-999.0
2025-05-25 13:00:00,-999.0
2025-05-25 14:00:00,-999.0
2025-05-25 15:00:00,-999.0
2025-05-25 16:00:00,-999.0
2025-05-25 17:00:00,-999.0
2025-05-25 18:00:00,-999.0
2025-05-25 19:00:00,-999.0
2025-05-25 20:00:00,-999.0
2025-05-25 21:00:00,-999.0
2025-05-25 22:00:00,-999.0
2025-05-25 23:00:00,-999.0
2025-05-26 00:00:00,-999.0
2025-05-26 01:00:00,-999.0
2025-05-26 02:00:00,-999.0
2025-05-26 03:00:00,-999.0
2025-05-26 04:00:00,-999.0
2025-05-26 05:00:00,-999.0
2025-05-26 06:00:00,-999.0
2025-05-26 07:00:00,-999.0
2025-05-26 08:00:00,-999.0
2025-05-26 09:00:00,-999.0
2025-05-26 10:00:00,-999.0
2025-05-26 11:00:00,-999.0
2025-05-26 12:00:00,-999.0
2025-05-26 13:00:00,-999.0
2025-05-26 14:00:00,-999.0
2025-05-26 15:00:00,-999.0
2025-05-26 16:00:00,-999.0
2025-05-26 17:00:00,-999.0
2025-05-26 18:00:00,-999.0
2025-05-26 19:00:00,-999.0
2025-05-26 20:00:00,-999.0
2025-05-26 21:00:00,-999.0
2025-05-26 22:00:00,-999.0
2025-05-26 23:00:00,-999.0
2025-05-27 00:00:00,-999.0
2025-05-27 01:00:00,-999.0
2025-05-27 02:00:00,-999.0
2025-05-27 03:00:00,-999.0
2025-05-27 04:00:00,-999.0
2025-05-27 05:00:00,-999.0
2025-05-27 06:00:00,-999.0
2025-05-27 07:00:00,-999.0
2025-05-27 08:00:00,-999.0
2025-05-27 09:00:00,-999.0
2025-05-27 10:00:00,-999.0
2025-05-27 11:00:00,-999.0
2025-05-27 12:00:00,-999.0
2025-05-27 13:00:00,-999.0
2025-05-27 14:00:00,-999.0
2025-05-27 15:00:00,-999.0
2025-05-27 16:00:00,-999.0
2025-05-27 17:00:00,-999.0
2025-05-27 18:00:00,-999.0
2025-05-27 19:00:00,-999.0
2025-05-27 20:00:00,-999.0
2025-05-27 21:00:00,-999.0
2025-05-27 22:00:00,-999.0
2025-05-27 23:00:00,-999.0
2025-05-28 00:00:00,-999.0
2025-05-28 01:00:00,-999.0
2025-05-28 02:00:00,-999.0
2025-05-28 03:00:00,-999.0
2025-05-28 04:00:00,-999.0
2025-05-28 05:00:00,-999.0
2025-05-28 06:00:00,-999.0
2025-05-28 07:00:00,-999.0
2025-05-28 08:00:00,-999.0
2025-05-28 09:00:00,-999.0
2025-05-28 10:00:00,-999.0
2025-05-28 11:00:00,-999.0
2025-05-28 12:00:00,-999.0
2025-05-28 13:00:00,-999.0
2025-05-28 14:00:00,-999.0
2025-05-28 15:00:00,-999.0
2025-05-28 16:00:00,-999.0
2025-05-28 17:00:00,-999.0
2025-05-28 18:00:00,-999.0
2025-05-28 19:00:00,-999.0
2025-05-28 20:00:00,-999.0
2025-05-28 21:00:00,-999.0
2025-05-28 22:00:00,-999.0
2025-05-28 23:00:00,-999.0
2025-05-29 00:00:00,-999.0
2025-05-29 01:00:00,-999.0
2025-05-29 02:00:00,-999.0
2025-05-29 03:00:00,-999.0
2025-05-29 04:00:00,-999.0
2025-05-29 05:00:00,-999.0
2025-05-29 06:00:00,-999.0
2025-05-29 07:00:00,-999.0
2025-05-29 08:00:00,-999.0
2025-05-29 09:00:00,-999.0
2025-05-29 10:00:00,-999.0
2025-05-29 11:00:00,-999.0
2025-05-29 12:00:00,-999.0
2025-05-29 13:00:00,-999.0
2025-05-29 14:00:00,-999.0
2025-05-29 15:00:00,-999.0
2025-05-29 16:00:00,-999.0
2025-05-29 17:00:00,-999.0
2025-05-29 18:00:00,-999.0
2025-05-29 19:00:00,-999.0
2025-05-29 20:00:00,-999.0
2025-05-29 21:00:00,-999.0
2025-05-29 22:00:00,-999.0
2025-05-29 23:00:00,-999.0
2025-05-30 00:00:00,-999.0
2025-05-30 01:00:00,-999.0
2025-05-30 02:00:00,-999.0
2025-05-30 03:00:00,-999.0
2025-05-30 04:00:00,-999.0
2025-05-30 05:00:00,-999.0
2025-05-30 06:00:00,-999.0
2025-05-30 07:00:00,-999.0
2025-05-30 08:00:00,-999.0
2025-05-30 09:00:00,-999.0
2025-05-30 10:00:00,-999.0
2025-05-30 11:00:00,-999.0
2025-05-30 12:00:00,-999.0
2025-05-30 13:00:00,-999.0
2025-05-30 14:00:00,-999.0
2025-05-30 15:00:00,-999.0
2025-05-30 16:00:00,-999.0
2025-05-30 17:00:00,-999.0
2025-05-30 18:00:00,-999.0
2025-05-30 19:00:00,-999.0
2025-05-30 20:00:00,-999.0
2025-05-30 21:00:00,-999.0
2025-05-30 22:00:00,-999.0
2025-05-30 23:00:00,-999.0
2025-05-31 00:00:00,-999.0
2025-05-31 01:00:00,-999.0
2025-05-31 02:00:00,-999.0
2025-05-31 03:00:00,-999.0
2025-05-31 04:00:00,-999.0
2025-05-31 05:00:00,-999.0
2025-05-31 06:00:00,-999.0
2025-05-31 07:00:00,-999.0
2025-05-31 08:00:00,-999.0
2025-05-31 09:00:00,-999.0
2025-05-31 10:00:00,-999.0
2025-05-31 11:00:00,-999.0
2025-05-31 12:00:00,-999.0
2025-05-31 13:00:00,-999.0
2025-05-31 14:00:00,-999.0
2025-05-31 15:00:00,-999.0
2025-05-31 16:00:00,-999.0
2025-05-31 17:00:00,-999.0
2025-05-31 18:00:00,-999.0
2025-05-31 19:00:00,-999.0
2025-05-31 20:00:00,-999.0
2025-05-31 21:00:00,-999.0
2025-05-31 22:00:00,-999.0
2025-05-31 23:00:00,-999.0
2025-06-01 00:00:00,-999.0
2025-06-01 01:00:00,-999.0
2025-06-01 02:00:00,-999.0
2025-06-01 03:00:00,-999.0
2025-06-01 04:00:00,-999.0
2025-06-01 05:00:00,-999.0
2025-06-01 06:00:00,-999.0
2025-06-01 07:00:00,-999.0
2025-06-01 08:00:00,-999.0
2025-06-01 09:00:00,-999.0
2025-06-01 10:00:00,-999.0
2025-06-01 11:00:00,-999.0
2025-06-01 12:00:00,-999.0
2025-06-01 13:00:00,-999.0
2025-06-01 14:00:00,-999.0
2025-06-01 15:00:00,-999.0
2025-06-01 16:00:00,-999.0
2025-06-01 17:00:00,-999.0
2025-06-01 18:00:00,-999.0
2025-06-01 19:00:00,-999.0
2025-06-01 20:00:00,-999.0
2025-06-01 21:00:00,-999.0
2025-06-01 22:00:00,-999.0
2025-06-01 23:00:00,-999.0
2025-06-02 00:00:00,-999.0
2025-06-02 01:00:00,-999.0
2025-06-02 02:00:00,-999.0
2025-06-02 03:00:00,-999.0
2025-06-02 04:00:00,-999.0
2025-06-02 05:00:00,-999.0
2025-06-02 06:00:00,-999.0
2025-06-02 07:00:00,-999.0
2025-06-02 08:00:00,-999.0
2025-06-02 09:00:00,-999.0
2025-06-02 10:00:00,-999.0
2025-06-02 11:00:00,-999.0
2025-06-02 12:00:00,-999.0
2025-06-02 13:00:00,-999.0
2025-06-02 14:00:00,-999.0
2025-06-02 15:00:00,-999.0
2025-06-02 16:00:00,-999.0
2025-06-02 17:00:00,-999.0
2025-06-02 18:00:00,-999.0
2025-06-02 19:00:00,-999.0
2025-06-02 20:00:00,-999.0
2025-06-02 21:00:00,-999.0
2025-06-02 22:00:00,-999.0
2025-06-02 23:00:00,-999.0
2025-06-03 00:00:00,-999.0
2025-06-03 01:00:00,-999.0
2025-06-03 02:00:00,-999.0
2025-06-03 03:00:00,-999.0
2025-06-03 04:00:00,-999.0
2025-06-03 05:00:00,-999.0
2025-06-03 06:00:00,-999.0
2025-06-03 07:00:00,-999.0
2025-06-03 08:00:00,-999.0
2025-06-03 09:00:00,-999.0
2025-06-03 10:00:00,-999.0
2025-06-03 11:00:00,-999.0
2025-06-03 12:00:00,-999.0
2025-06-03 13:00:00,-999.0
2025-06-03 14:00:00,-999.0
2025-06-03 15:00:00,-999.0
2025-06-03 16:00:00,-999.0
2025-06-03 17:00:00,-999.0
2025-06-03 18:00:00,-999.0
2025-06-03 19:00:00,-999.0
2025-06-03 20:00:00,-999.0
2025-06-03 21:00:00,-999.0
2025-06-03 22:00:00,-999.0
2025-06-03 23:00:00,-999.0
2025-06-04 00:00:00,-999.0
2025-06-04 01:00:00,-999.0
2025-06-04 02:00:00,-999.0
2025-06-04 03:00:00,-999.0
2025-06-04 04:00:00,-999.0
2025-06-04 05:00:00,-999.0
2025-06-04 06:00:00,-999.0
2025-06-04 07:00:00,-999.0
2025-06-04 08:00:00,-999.0
2025-06-04 09:00:00,-999.0
2025-06-04 10:00:00,-999.0
2025-06-04 11:00:00,-999.0
2025-06-04 12:00:00,-999.0
2025-06-04 13:00:00,-999.0
2025-06-04 14:00:00,-999.0
2025-06-04 15:00:00,-999.0
2025-06-04 16:00:00,-999.0
2025-06-04 17:00:00,-999.0
2025-06-04 18:00:00,-999.0
2025-06-04 19:00:00,-999.0
2025-06-04 20:00:00,-999.0
2025-06-04 21:00:00,-999.0
2025-06-04 22:00:00,-999.0
2025-06-04 23:00:00,-999.0
2025-06-05 00:00:00,-999.0
2025-06-05 01:00:00,-999.0
2025-06-05 02:00:00,-999.0
2025-06-05 03:00:00,-999.0
2025-06-05 04:00:00,-999.0
2025-06-05 05:00:00,-999.0
2025-06-05 06:00:00,-999.0
2025-06-05 07:00:00,-999.0
2025-06-05 08:00:00,-999.0
2025-06-05 09:00:00,-999.0
2025-06-05 10:00:00,-999.0
2025-06-05 11:00:00,-999.0
2025-06-05 12:00:00,-999.0
2025-06-05 13:00:00,-999.0
2025-06-05 14:00:00,-999.0
2025-06-05 15:00:00,-999.0
2025-06-05 16:00:00,-999.0
2025-06-05 17:00:00,-999.0
2025-06-05 18:00:00,-999.0
2025-06-05 19:00:00,-999.0
2025-06-05 20:00:00,-999.0
2025-06-05 21:00:00,-999.0
2025-06-05 22:00:00,-999.0
2025-06-05 23:00:00,-999.0
2025-06-06 00:00:00,-999.0
2025-06-06 01:00:00,-999.0
2025-06-06 02:00:00,-999.0
2025-06-06 03:00:00,-999.0
2025-06-06 04:00:00,-999.0
2025-06-06 05:00:00,-999.0
2025-06-06 06:00:00,-999.0
2025-06-06 07:00:00,-999.0
2025-06-06 08:00:00,-999.0
2025-06-06 09:00:00,-999.0
2025-06-06 10:00:00,-999.0
2025-06-06 11:00:00,-999.0
2025-06-06 12:00:00,-999.0
2025-06-06 13:00:00,-999.0
2025-06-06 14:00:00,-999.0
2025-06-06 15:00:00,-999.0
2025-06-06 16:00:00,-999.0
2025-06-06 17:00:00,-999.0
2025-06-06 18:00:00,-999.0
2025-06-06 19:00:00,-999.0
2025-06-06 20:00:00,-999.0
2025-06-06 21:00:00,-999.0
2025-06-06 22:00:00,-999.0
2025-06-06 23:00:00,-999.0
2025-06-07 00:00:00,-999.0
2025-06-07 01:00:00,-999.0
2025-06-07 02:00:00,-999.0
2025-06-07 03:00:00,-999.0
2025-06-07 04:00:00,-999.0
2025-06-07 05:00:00,-999.0
2025-06-07 06:00:00,-999.0
2025-06-07 07:00:00,-999.0
2025-06-07 08:00:00,-999.0
2025-06-07 09:00:00,-999.0
2025-06-07 10:00:00,-999.0
2025-06-07 11:00:00,-999.0
2025-06-07 12:00:00,-999.0
2025-06-07 13:00:00,-999.0
2025-06-07 14:00:00,-999.0
2025-06-07 15:00:00,-999.0
2025-06-07 16:00:00,-999.0
2025-06-07 17:00:00,-999.0
2025-06-07 18:00:00,-999.0
2025-06-07 19:00:00,-999.0
2025-06-07 20:00:00,-999.0
2025-06-07 21:00:00,-999.0
2025-06-07 22:00:00,-999.0
2025-06-07 23:00:00,-999.0
2025-06-08 00:00:00,-999.0
2025-06-08 01:00:00,-999.0
2025-06-08 02:00:00,-999.0
2025-06-08 03:00:00,-999.0
2025-06-08 04:00:00,-999.0
2025-06-08 05:00:00,-999.0
2025-06-08 06:00:00,-999.0
2025-06-08 07:00:00,-999.0
2025-06-08 08:00:00,-999.0
2025-06-08 09:00:00,-999.0
2025-06-08 10:00:00,-999.0
2025-06-08 11:00:00,-999.0
2025-06-08 12:00:00,-999.0
2025-06-08 13:00:00,-999.0
2025-06-08 14:00:00,-999.0
2025-06-08 15:00:00,-999.0
2025-06-08 16:00:00,-999.0
2025-06-08 17:00:00,-999.0
2025-06-08 18:00:00,-999.0
2025-06-08 19:00:00,-999.0
2025-06-08 20:00:00,-999.0
2025-06-08 21:00:00,-999.0
2025-06-08 22:00:00,-999.0
2025-06-08 23:00:00,-999.0
2025-06-09 00:00:00,-999.0
2025-06-09 01:00:00,-999.0
2025-06-09 02:00:00,-999.0
2025-06-09 03:00:00,-999.0
2025-06-09 04:00:00,-999.0
2025-06-09 05:00:00,-999.0
2025-06-09 06:00:00,-999.0
2025-06-09 07:00:00,-999.0
2025-06-09 08:00:00,-999.0
2025-06-09 09:00:00,-999.0
2025-06-09 10:00:00,-999.0
2025-06-09 11:00:00,-999.0
2025-06-09 12:00:00,-999.0
2025-06-09 13:00:00,-999.0
2025-06-09 14:00:00,-999.0
2025-06-09 15:00:00,-999.0
2025-06-09 16:00:00,-999.0
2025-06-09 17:00:00,-999.0
2025-06-09 18:00:00,-999.0
2025-06-09 19:00:00,-999.0
2025-06-09 20:00:00,-999.0
2025-06-09 21:00:00,-999.0
2025-06-09 22:00:00,-999.0
2025-06-09 23:00:00,-999.0
2025-06-10 00:00:00,-999.0
2025-06-10 01:00:00,-999.0
2025-06-10 02:00:00,-999.0
2025-06-10 03:00:00,-999.0
2025-06-10 04:00:00,-999.0
2025-06-10 05:00:00,-999.0
2025-06-10 06:00:00,-999.0
2025-06-10 07:00:00,-999.0
2025-06-10 08:00:00,-999.0
2025-06-10 09:00:00,-999.0
2025-06-10 10:00:00,-999.0
2025-06-10 11:00:00,-999.0
2025-06-10 12:00:00,-999.0
2025-06-10 13:00:00,-999.0
2025-06-10 14:00:00,-999.0
2025-06-10 15:00:00,-999.0
2025-06-10 16:00:00,-999.0
2025-06-10 17:00:00,-999.0
2025-06-10 18:00:00,-999.0
2025-06-10 19:00:00,-999.0
2025-06-10 20:00:00,-999.0
2025-06-10 21:00:00,-999.0
2025-06-10 22:00:00,-999.0
2025-06-10 23:00:00,-999.0
2025-06-11 00:00:00,-999.0
2025-06-11 01:00:00,-999.0
2025-06-11 02:00:00,-999.0
2025-06-11 03:00:00,-999.0
2025-06-11 04:00:00,-999.0
2025-06-11 05:00:00,-999.0
2025-06-11 06:00:00,-999.0
2025-06-11 07:00:00,-999.0
2025-06-11 08:00:00,-999.0
2025-06-11 09:00:00,-999.0
2025-06-11 10:00:00,-999.0
2025-06-11 11:00:00,-999.0
2025-06-11 12:00:00,-999.0
2025-06-11 13:00:00,-999.0
2025-06-11 14:00:00,-999.0
2025-06-11 15:00:00,-999.0
2025-06-11 16:00:00,-999.0
2025-06-11 17:00:00,-999.0
2025-06-11 18:00:00,-999.0
2025-06-11 19:00:00,-999.0
2025-06-11 20:00:00,-999.0
2025-06-11 21:00:00,-999.0
2025-06-11 22:00:00,-999.0
2025-06-11 23:00:00,-999.0
2025-06-12 00:00:00,-999.0
2025-06-12 01:00:00,-999.0
2025-06-12 02:00:00,-999.0
2025-06-12 03:00:00,-999.0
2025-06-12 04:00:00,-999.0
2025-06-12 05:00:00,-999.0
2025-06-12 06:00:00,-999.0
2025-06-12 07:00:00,-999.0
2025-06-12 08:00:00,-999.0
2025-06-12 09:00:00,-999.0
2025-06-12 10:00:00,-999.0
2025-06-12 11:00:00,-999.0
2025-06-12 12:00:00,-999.0
2025-06-12 13:00:00,-999.0
2025-06-12 14:00:00,-999.0
2025-06-12 15:00:00,-999.0
2025-06-12 16:00:00,-999.0
2025-06-12 17:00:00,-999.0
2025-06-12 18:00:00,-999.0
2025-06-12 19:00:00,-999.0
2025-06-12 20:00:00,-999.0
2025-06-12 21:00:00,-999.0
2025-06-12 22:00:00,-999.0
2025-06-12 23:00:00,-999.0
2025-06-13 00:00:00,-999.0
2025-06-13 01:00:00,-999.0
2025-06-13 02:00:00,-999.0
2025-06-13 03:00:00,-999.0
2025-06-13 04:00:00,-999.0
2025-06-13 05:00:00,-999.0
2025-06-13 06:00:00,-999.0
2025-06-13 07:00:00,-999.0
2025-06-13 08:00:00,-999.0
2025-06-13 09:00:00,-999.0
2025-06-13 10:00:00,-999.0
2025-06-13 11:00:00,-999.0
2025-06-13 12:00:00,-999.0
2025-06-13 13:00:00,-999.0
2025-06-13 14:00:00,-999.0
2025-06-13 15:00:00,-999.0
2025-06-13 16:00:00,-999.0
2025-06-13 17:00:00,-999.0
2025-06-13 18:00:00,-999.0
2025-06-13 19:00:00,-999.0
2025-06-13 20:00:00,-999.0
2025-06-13 21:00:00,-999.0
2025-06-13 22:00:00,-999.0
2025-06-13 23:00:00,-999.0
2025-06-14 00:00:00,-999.0
2025-06-14 01:00:00,-999.0
2025-06-14 02:00:00,-999.0
2025-06-14 03:00:00,-999.0
2025-06-14 04:00:00,-999.0
2025-06-14 05:00:00,-999.0
2025-06-14 06:00:00,-999.0
2025-06-14 07:00:00,-999.0
2025-06-14 08:00:00,-999.0
2025-06-14 09:00:00,-999.0
2025-06-14 10:00:00,-999.0
2025-06-14 11:00:00,-999.0
2025-06-14 12:00:00,-999.0
2025-06-14 13:00:00,-999.0
2025-06-14 14:00:00,-999.0
2025-06-14 15:00:00,-999.0
2025-06-14 16:00:00,-999.0
2025-06-14 17:00:00,-999.0
2025-06-14 18:00:00,-999.0
2025-06-14 19:00:00,-999.0
2025-06-14 20:00:00,-999.0
2025-06-14 21:00:00,-999.0
2025-06-14 22:00:00,-999.0
2025-06-14 23:00:00,-999.0
2025-06-15 00:00:00,-999.0
2025-06-15 01:00:00,-999.0
2025-06-15 02:00:00,-999.0
2025-06-15 03:00:00,-999.0
2025-06-15 04:00:00,-999.0
2025-06-15 05:00:00,-999.0
2025-06-15 06:00:00,-999.0
2025-06-15 07:00:00,-999.0
2025-06-15 08:00:00,-999.0
2025-06-15 09:00:00,-999.0
2025-06-15 10:00:00,-999.0
2025-06-15 11:00:00,-999.0
2025-06-15 12:00:00,-999.0
2025-06-15 13:00:00,-999.0
2025-06-15 14:00:00,-999.0
2025-06-15 15:00:00,-999.0
2025-06-15 16:00:00,-999.0
2025-06-15 17:00:00,-999.0
2025-06-15 18:00:00,-999.0
2025-06-15 19:00:00,-999.0
2025-06-15 20:00:00,-999.0
2025-06-15 21:00:00,-999.0
2025-06-15 22:00:00,-999.0
2025-06-15 23:00:00,-999.0
2025-06-16 00:00:00,-999.0
2025-06-16 01:00:00,-999.0
2025-06-16 02:00:00,-999.0
2025-06-16 03:00:00,-999.0
2025-06-16 04:00:00,-999.0
2025-06-16 05:00:00,-999.0
2025-06-16 06:00:00,-999.0
2025-06-16 07:00:00,-999.0
2025-06-16 08:00:00,-999.0
2025-06-16 09:00:00,-999.0
2025-06-16 10:00:00,-999.0
2025-06-16 11:00:00,-999.0
2025-06-16 12:00:00,-999.0
2025-06-16 13:00:00,-999.0
2025-06-16 14:00:00,-999.0
2025-06-16 15:00:00,-999.0
2025-06-16 16:00:00,-999.0
2025-06-16 17:00:00,-999.0
2025-06-16 18:00:00,-999.0
2025-06-16 19:00:00,-999.0
2025-06-16 20:00:00,-999.0
2025-06-16 21:00:00,-999.0
2025-06-16 22:00:00,-999.0
2025-06-16 23:00:00,-999.0
2025-06-17 00:00:00,-999.0
2025-06-17 01:00:00,-999.0
2025-06-17 02:00:00,-999.0
2025-06-17 03:00:00,-999.0
2025-06-17 04:00:00,-999.0
2025-06-17 05:00:00,-999.0
2025-06-17 06:00:00,-999.0
2025-06-17 07:00:00,-999.0
2025-06-17 08:00:00,-999.0
2025-06-17 09:00:00,-999.0
2025-06-17 10:00:00,-999.0
2025-06-17 11:00:00,-999.0
2025-06-17 12:00:00,-999.0
2025-06-17 13:00:00,-999.0
2025-06-17 14:00:00,-999.0
2025-06-17 15:00:00,-999.0
2025-06-17 16:00:00,-999.0
2025-06-17 17:00:00,-999.0
2025-06-17 18:00:00,-999.0
2025-06-17 19:00:00,-999.0
2025-06-17 20:00:00,-999.0
2025-06-17 21:00:00,-999.0
2025-06-17 22:00:00,-999.0
2025-06-17 23:00:00,-999.0
2025-06-18 00:00:00,-999.0
2025-06-18 01:00:00,-999.0
2025-06-18 02:00:00,-999.0
2025-06-18 03:00:00,-999.0
2025-06-18 04:00:00,-999.0
2025-06-18 05:00:00,-999.0
2025-06-18 06:00:00,-999.0
2025-06-18 07:00:00,-999.0
2025-06-18 08:00:00,-999.0
2025-06-18 09:00:00,-999.0
2025-06-18 10:00:00,-999.0
2025-06-18 11:00:00,-999.0
2025-06-18 12:00:00,-999.0
2025-06-18 13:00:00,-999.0
2025-06-18 14:00:00,-999.0
2025-06-18 15:00:00,-999.0
2025-06-18 16:00:00,-999.0
2025-06-18 17:00:00,-999.0
2025-06-18 18:00:00,-999.0
2025-06-18 19:00:00,-999.0
2025-06-18 20:00:00,-999.0
2025-06-18 21:00:00,-999.0
2025-06-18 22:00:00,-999.0
2025-06-18 23:00:00,-999.0
2025-06-19 00:00:00,-999.0
2025-06-19 01:00:00,-999.0
2025-06-19 02:00:00,-999.0
2025-06-19 03:00:00,-999.0
2025-06-19 04:00:00,-999.0
2025-06-19 05:00:00,-999.0
2025-06-19 06:00:00,-999.0
2025-06-19 07:00:00,-999.0
2025-06-19 08:00:00,-999.0
2025-06-19 09:00:00,-999.0
2025-06-19 10:00:00,-999.0
2025-06-19 11:00:00,-999.0
2025-06-19 12:00:00,-999.0
2025-06-19 13:00:00,-999.0
2025-06-19 14:00:00,-999.0
2025-06-19 15:00:00,-999.0
2025-06-19 16:00:00,-999.0
2025-06-19 17:00:00,-999.0
2025-06-19 18:00:00,-999.0
2025-06-19 19:00:00,-999.0
2025-06-19 20:00:00,-999.0
2025-06-19 21:00:00,-999.0
2025-06-19 22:00:00,-999.0
2025-06-19 23:00:00,-999.0
2025-06-20 00:00:00,-999.0
2025-06-20 01:00:00,-999.0
2025-06-20 02:00:00,-999.0
2025-06-20 03:00:00,-999.0
2025-06-20 04:00:00,-999.0
2025-06-20 05:00:00,-999.0
2025-06-20 06:00:00,-999.0
2025-06-20 07:00:00,-999.0
2025-06-20 08:00:00,-999.0
2025-06-20 09:00:00,-999.0
2025-06-20 10:00:00,-999.0
2025-06-20 11:00:00,-999.0
2025-06-20 12:00:00,-999.0
2025-06-20 13:00:00,-999.0
2025-06-20 14:00:00,-999.0
2025-06-20 15:00:00,-999.0
2025-06-20 16:00:00,-999.0
2025-06-20 17:00:00,-999.0
2025-06-20 18:00:00,-999.0
2025-06-20 19:00:00,-999.0
2025-06-20 20:00:00,-999.0
2025-06-20 21:00:00,-999.0
2025-06-20 22:00:00,-999.0
2025-06-20 23:00:00,-999.0
2025-06-21 00:00:00,-999.0
2025-06-21 01:00:00,-999.0
2025-06-21 02:00:00,-999.0
2025-06-21 03:00:00,-999.0
2025-06-21 04:00:00,-999.0
2025-06-21 05:00:00,-999.0
2025-06-21 06:00:00,-999.0
2025-06-21 07:00:00,-999.0
2025-06-21 08:00:00,-999.0
2025-06-21 09:00:00,-999.0
2025-06-21 10:00:00,-999.0
2025-06-21 11:00:00,-999.0
2025-06-21 12:00:00,-999.0
2025-06-21 13:00:00,-999.0
2025-06-21 14:00:00,-999.0
2025-06-21 15:00:00,-999.0
2025-06-21 16:00:00,-999.0
2025-06-21 17:00:00,-999.0
2025-06-21 18:00:00,-999.0
2025-06-21 19:00:00,-999.0
2025-06-21 20:00:00,-999.0
2025-06-21 21:00:00,-999.0
2025-06-21 22:00:00,-999.0
2025-06-21 23:00:00,-999.0
2025-06-22 00:00:00,-999.0
2025-06-22 01:00:00,-999.0
2025-06-22 02:00:00,-999.0
2025-06-22 03:00:00,-999.0
2025-06-22 04:00:00,-999.0
2025-06-22 05:00:00,-999.0
2025-06-22 06:00:00,-999.0
2025-06-22 07:00:00,-999.0
2025-06-22 08:00:00,-999.0
2025-06-22 09:00:00,-999.0
2025-06-22 10:00:00,-999.0
2025-06-22 11:00:00,-999.0
2025-06-22 12:00:00,-999.0
2025-06-22 13:00:00,-999.0
2025-06-22 14:00:00,-999.0
2025-06-22 15:00:00,-999.0
2025-06-22 16:00:00,-999.0
2025-06-22 17:00:00,-999.0
2025-06-22 18:00:00,-999.0
2025-06-22 19:00:00,-999.0
2025-06-22 20:00:00,-999.0
2025-06-22 21:00:00,-999.0
2025-06-22 22:00:00,-999.0
2025-06-22 23:00:00,-999.0
2025-06-23 00:00:00,-999.0
2025-06-23 01:00:00,-999.0
2025-06-23 02:00:00,-999.0
2025-06-23 03:00:00,-999.0
2025-06-23 04:00:00,-999.0
2025-06-23 05:00:00,-999.0
2025-06-23 06:00:00,-999.0
2025-06-23 07:00:00,-999.0
2025-06-23 08:00:00,-999.0
2025-06-23 09:00:00,-999.0
2025-06-23 10:00:00,-999.0
2025-06-23 11:00:00,-999.0
2025-06-23 12:00:00,-999.0
2025-06-23 13:00:00,-999.0
2025-06-23 14:00:00,-999.0
2025-06-23 15:00:00,-999.0
2025-06-23 16:00:00,-999.0
2025-06-23 17:00:00,-999.0
2025-06-23 18:00:00,-999.0
2025-06-23 19:00:00,-999.0
2025-06-23 20:00:00,-999.0
2025-06-23 21:00:00,-999.0
2025-06-23 22:00:00,-999.0
2025-06-23 23:00:00,-999.0
2025-06-24 00:00:00,-999.0
2025-06-24 01:00:00,-999.0
2025-06-24 02:00:00,-999.0
2025-06-24 03:00:00,-999.0
2025-06-24 04:00:00,-999.0
2025-06-24 05:00:00,-999.0
2025-06-24 06:00:00,-999.0
2025-06-24 07:00:00,-999.0
2025-06-24 08:00:00,-999.0
2025-06-24 09:00:00,-999.0
2025-06-24 10:00:00,-999.0
2025-06-24 11:00:00,-999.0
2025-06-24 12:00:00,-999.0
2025-06-24 13:00:00,-999.0
2025-06-24 14:00:00,-999.0
2025-06-24 15:00:00,-999.0
2025-06-24 16:00:00,-999.0
2025-06-24 17:00:00,-999.0
2025-06-24 18:00:00,-999.0
2025-06-24 19:00:00,-999.0
2025-06-24 20:00:00,-999.0
2025-06-24 21:00:00,-999.0
2025-06-24 22:00:00,-999.0
2025-06-24 23:00:00,-999.0
2025-06-25 00:00:00,-999.0
2025-06-25 01:00:00,-999.0
2025-06-25 02:00:00,-999.0
2025-06-25 03:00:00,-999.0
2025-06-25 04:00:00,-999.0
2025-06-25 05:00:00,-999.0
2025-06-25 06:00:00,-999.0
2025-06-25 07:00:00,-999.0
2025-06-25 08:00:00,-999.0
2025-06-25 09:00:00,-999.0
2025-06-25 10:00:00,-999.0
2025-06-25 11:00:00,-999.0
2025-06-25 12:00:00,-999.0
2025-06-25 13:00:00,-999.0
2025-06-25 14:00:00,-999.0
2025-06-25 15:00:00,-999.0
2025-06-25 16:00:00,-999.0
2025-06-25 17:00:00,-999.0
2025-06-25 18:00:00,-999.0
2025-06-25 19:00:00,-999.0
2025-06-25 20:00:00,-999.0
2025-06-25 21:00:00,-999.0
2025-06-25 22:00:00,-999.0
2025-06-25 23:00:00,-999.0
2025-06-26 00:00:00,-999.0
2025-06-26 01:00:00,-999.0
2025-06-26 02:00:00,-999.0
2025-06-26 03:00:00,-999.0
2025-06-26 04:00:00,-999.0
2025-06-26 05:00:00,-999.0
2025-06-26 06:00:00,-999.0
2025-06-26 07:00:00,-999.0
2025-06-26 08:00:00,-999.0
2025-06-26 09:00:00,-999.0
2025-06-26 10:00:00,-999.0
2025-06-26 11:00:00,-999.0
2025-06-26 12:00:00,-999.0
2025-06-26 13:00:00,-999.0
2025-06-26 14:00:00,-999.0
2025-06-26 15:00:00,-999.0
2025-06-26 16:00:00,-999.0
2025-06-26 17:00:00,-999.0
2025-06-26 18:00:00,-999.0
2025-06-26 19:00:00,-999.0
2025-06-26 20:00:00,-999.0
2025-06-26 21:00:00,-999.0
2025-06-26 22:00:00,-999.0
2025-06-26 23:00:00,-999.0
2025-06-27 00:00:00,-999.0
2025-06-27 01:00:00,-999.0
2025-06-27 02:00:00,-999.0
2025-06-27 03:00:00,-999.0
2025-06-27 04:00:00,-999.0
2025-06-27 05:00:00,-999.0
2025-06-27 06:00:00,-999.0
2025-06-27 07:00:00,-999.0
2025-06-27 08:00:00,-999.0
2025-06-27 09:00:00,-999.0
2025-06-27 10:00:00,-999.0
2025-06-27 11:00:00,-999.0
2025-06-27 12:00:00,-999.0
2025-06-27 13:00:00,-999.0
2025-06-27 14:00:00,-999.0
2025-06-27 15:00:00,-999.0
2025-06-27 16:00:00,-999.0
2025-06-27 17:00:00,-999.0
2025-06-27 18:00:00,-999.0
2025-06-27 19:00:00,-999.0
2025-06-27 20:00:00,-999.0
2025-06-27 21:00:00,-999.0
2025-06-27 22:00:00,-999.0
2025-06-27 23:00:00,-999.0
2025-06-28 00:00:00,-999.0
2025-06-28 01:00:00,-999.0
2025-06-28 02:00:00,-999.0
2025-06-28 03:00:00,-999.0
2025-06-28 04:00:00,-999.0
2025-06-28 05:00:00,-999.0
2025-06-28 06:00:00,-999.0
2025-06-28 07:00:00,-999.0
2025-06-28 08:00:00,-999.0
2025-06-28 09:00:00,-999.0
2025-06-28 10:00:00,-999.0
2025-06-28 11:00:00,-999.0
2025-06-28 12:00:00,-999.0
2025-06-28 13:00:00,-999.0
2025-06-28 14:00:00,-999.0
2025-06-28 15:00:00,-999.0
2025-06-28 16:00:00,-999.0
2025-06-28 17:00:00,-999.0
2025-06-28 18:00:00,-999.0
2025-06-28 19:00:00,-999.0
2025-06-28 20:00:00,-999.0
2025-06-28 21:00:00,-999.0
2025-06-28 22:00:00,-999.0
2025-06-28 23:00:00,-999.0
2025-06-29 00:00:00,-999.0
2025-06-29 01:00:00,-999.0
2025-06-29 02:00:00,-999.0
2025-06-29 03:00:00,-999.0
2025-06-29 04:00:00,-999.0
2025-06-29 05:00:00,-999.0
2025-06-29 06:00:00,-999.0
2025-06-29 07:00:00,-999.0
2025-06-29 08:00:00,-999.0
2025-06-29 09:00:00,-999.0
2025-06-29 10:00:00,-999.0
2025-06-29 11:00:00,-999.0
2025-06-29 12:00:00,-999.0
2025-06-29 13:00:00,-999.0
2025-06-29 14:00:00,-999.0
2025-06-29 15:00:00,-999.0
2025-06-29 16:00:00,-999.0
2025-06-29 17:00:00,-999.0
2025-06-29 18:00:00,-999.0
2025-06-29 19:00:00,-999.0
2025-06-29 20:00:00,-999.0
2025-06-29 21:00:00,-999.0
2025-06-29 22:00:00,-999.0
2025-06-29 23:00:00,-999.0
2025-06-30 00:00:00,-999.0
2025-06-30 01:00:00,-999.0
2025-06-30 02:00:00,-999.0
2025-06-30 03:00:00,-999.0
2025-06-30 04:00:00,-999.0
2025-06-30 05:00:00,-999.0
2025-06-30 06:00:00,-999.0
2025-06-30 07:00:00,-999.0
2025-06-30 08:00:00,-999.0
2025-06-30 09:00:00,-999.0
2025-06-30 10:00:00,-999.0
2025-06-30 11:00:00,-999.0
2025-06-30 12:00:00,-999.0
2025-06-30 13:00:00,-999.0
2025-06-30 14:00:00,-999.0
2025-06-30 15:00:00,-999.0
2025-06-30 16:00:00,-999.0
2025-06-30 17:00:00,-999.0
2025-06-30 18:00:00,-999.0
2025-06-30 19:00:00,-999.0
2025-06-30 20:00:00,-999.0
2025-06-30 21:00:00,-999.0
2025-06-30 22:00:00,-999.0
2025-06-30 23:00:00,-999.0
2025-07-01 00:00:00,-999.0
2025-07-01 01:00:00,-999.0
2025-07-01 02:00:00,-999.0
2025-07-01 03:00:00,-999.0
2025-07-01 04:00:00,-999.0
2025-07-01 05:00:00,-999.0
2025-07-01 06:00:00,-999.0
2025-07-01 07:00:00,-999.0
2025-07-01 08:00:00,-999.0
2025-07-01 09:00:00,-999.0
2025-07-01 10:00:00,-999.0
2025-07-01 11:00:00,-999.0
2025-07-01 12:00:00,-999.0
2025-07-01 13:00:00,-999.0
2025-07-01 14:00:00,-999.0
2025-07-01 15:00:00,-999.0
2025-07-01 16:00:00,-999.0
2025-07-01 17:00:00,-999.0
2025-07-01 18:00:00,-999.0
2025-07-01 19:00:00,-999.0
2025-07-01 20:00:00,-999.0
2025-07-01 21:00:00,-999.0
2025-07-01 22:00:00,-999.0
2025-07-01 23:00:00,-999.0
2025-07-02 00:00:00,-999.0
2025-07-02 01:00:00,-999.0
2025-07-02 02:00:00,-999.0
2025-07-02 03:00:00,-999.0
2025-07-02 04:00:00,-999.0
2025-07-02 05:00:00,-999.0
2025-07-02 06:00:00,-999.0
2025-07-02 07:00:00,-999.0
2025-07-02 08:00:00,-999.0
2025-07-02 09:00:00,-999.0
2025-07-02 10:00:00,-999.0
2025-07-02 11:00:00,-999.0
2025-07-02 12:00:00,-999.0
2025-07-02 13:00:00,-999.0
2025-07-02 14:00:00,-999.0
2025-07-02 15:00:00,-999.0
2025-07-02 16:00:00,-999.0
2025-07-02 17:00:00,-999.0
2025-07-02 18:00:00,-999.0
2025-07-02 19:00:00,-999.0
2025-07-02 20:00:00,-999.0
2025-07-02 21:00:00,-999.0
2025-07-02 22:00:00,-999.0
2025-07-02 23:00:00,-999.0
2025-07-03 00:00:00,-999.0
2025-07-03 01:00:00,-999.0
2025-07-03 02:00:00,-999.0
2025-07-03 03:00:00,-999.0
2025-07-03 04:00:00,-999.0
2025-07-03 05:00:00,-999.0
2025-07-03 06:00:00,-999.0
2025-07-03 07:00:00,-999.0
2025-07-03 08:00:00,-999.0
2025-07-03 09:00:00,-999.0
2025-07-03 10:00:00,-999.0
2025-07-03 11:00:00,-999.0
2025-07-03 12:00:00,-999.0
2025-07-03 13:00:00,-999.0
2025-07-03 14:00:00,-999.0
2025-07-03 15:00:00,-999.0
2025-07-03 16:00:00,-999.0
2025-07-03 17:00:00,-999.0
2025-07-03 18:00:00,-999.0
2025-07-03 19:00:00,-999.0
2025-07-03 20:00:00,-999.0
2025-07-03 21:00:00,-999.0
2025-07-03 22:00:00,-999.0
2025-07-03 23:00:00,-999.0
2025-07-04 00:00:00,-999.0
2025-07-04 01:00:00,-999.0
2025-07-04 02:00:00,-999.0
2025-07-04 03:00:00,-999.0
2025-07-04 04:00:00,-999.0
2025-07-04 05:00:00,-999.0
2025-07-04 06:00:00,-999.0
2025-07-04 07:00:00,-999.0
2025-07-04 08:00:00,-999.0
2025-07-04 09:00:00,-999.0
2025-07-04 10:00:00,-999.0
2025-07-04 11:00:00,-999.0
2025-07-04 12:00:00,-999.0
2025-07-04 13:00:00,-999.0
2025-07-04 14:00:00,-999.0
2025-07-04 15:00:00,-999.0
2025-07-04 16:00:00,-999.0
2025-07-04 17:00:00,-999.0
2025-07-04 18:00:00,-999.0
2025-07-04 19:00:00,-999.0
2025-07-04 20:00:00,-999.0
2025-07-04 21:00:00,-999.0
2025-07-04 22:00:00,-999.0
2025-07-04 23:00:00,-999.0
2025-07-05 00:00:00,-999.0
2025-07-05 01:00:00,-999.0
2025-07-05 02:00:00,-999.0
2025-07-05 03:00:00,-999.0
2025-07-05 04:00:00,-999.0
2025-07-05 05:00:00,-999.0
2025-07-05 06:00:00,-999.0
2025-07-05 07:00:00,-999.0
2025-07-05 08:00:00,-999.0
2025-07-05 09:00:00,-999.0
2025-07-05 10:00:00,-999.0
2025-07-05 11:00:00,-999.0
2025-07-05 12:00:00,-999.0
2025-07-05 13:00:00,-999.0
2025-07-05 14:00:00,-999.0
2025-07-05 15:00:00,-999.0
2025-07-05 16:00:00,-999.0
2025-07-05 17:00:00,-999.0
2025-07-05 18:00:00,-999.0
2025-07-05 19:00:00,-999.0
2025-07-05 20:00:00,-999.0
2025-07-05 21:00:00,-999.0
2025-07-05 22:00:00,-999.0
2025-07-05 23:00:00,-999.0
2025-07-06 00:00:00,-999.0
2025-07-06 01:00:00,-999.0
2025-07-06 02:00:00,-999.0
2025-07-06 03:00:00,-999.0
2025-07-06 04:00:00,-999.0
2025-07-06 05:00:00,-999.0
2025-07-06 06:00:00,-999.0
2025-07-06 07:00:00,-999.0
2025-07-06 08:00:00,-999.0
2025-07-06 09:00:00,-999.0
2025-07-06 10:00:00,-999.0
2025-07-06 11:00:00,-999.0
2025-07-06 12:00:00,-999.0
2025-07-06 13:00:00,-999.0
2025-07-06 14:00:00,-999.0
2025-07-06 15:00:00,-999.0
2025-07-06 16:00:00,-999.0
2025-07-06 17:00:00,-999.0
2025-07-06 18:00:00,-999.0
2025-07-06 19:00:00,-999.0
2025-07-06 20:00:00,-999.0
2025-07-06 21:00:00,-999.0
2025-07-06 22:00:00,-999.0
2025-07-06 23:00:00,-999.0
2025-07-07 00:00:00,-999.0
2025-07-07 01:00:00,-999.0
2025-07-07 02:00:00,-999.0
2025-07-07 03:00:00,-999.0
2025-07-07 04:00:00,-999.0
2025-07-07 05:00:00,-999.0
2025-07-07 06:00:00,-999.0
2025-07-07 07:00:00,-999.0
2025-07-07 08:00:00,-999.0
2025-07-07 09:00:00,-999.0
2025-07-07 10:00:00,-999.0
2025-07-07 11:00:00,-999.0
2025-07-07 12:00:00,-999.0
2025-07-07 13:00:00,-999.0
2025-07-07 14:00:00,-999.0
2025-07-07 15:00:00,-999.0
2025-07-07 16:00:00,-999.0
2025-07-07 17:00:00,-999.0
2025-07-07 18:00:00,-999.0
2025-07-07 19:00:00,-999.0
2025-07-07 20:00:00,-999.0
2025-07-07 21:00:00,-999.0
2025-07-07 22:00:00,-999.0
2025-07-07 23:00:00,-999.0
2025-07-08 00:00:00,-999.0
2025-07-08 01:00:00,-999.0
2025-07-08 02:00:00,-999.0
2025-07-08 03:00:00,-999.0
2025-07-08 04:00:00,-999.0
2025-07-08 05:00:00,-999.0
2025-07-08 06:00:00,-999.0
2025-07-08 07:00:00,-999.0
2025-07-08 08:00:00,-999.0
2025-07-08 09:00:00,-999.0
2025-07-08 10:00:00,-999.0
2025-07-08 11:00:00,-999.0
2025-07-08 12:00:00,-999.0
2025-07-08 13:00:00,-999.0
2025-07-08 14:00:00,-999.0
2025-07-08 15:00:00,-999.0
2025-07-08 16:00:00,-999.0
2025-07-08 17:00:00,-999.0
2025-07-08 18:00:00,-999.0
2025-07-08 19:00:00,-999.0
2025-07-08 20:00:00,-999.0
2025-07-08 21:00:00,-999.0
2025-07-08 22:00:00,-999.0
2025-07-08 23:00:00,-999.0
2025-07-09 00:00:00,-999.0
2025-07-09 01:00:00,-999.0
2025-07-09 02:00:00,-999.0
2025-07-09 03:00:00,-999.0
2025-07-09 04:00:00,-999.0
2025-07-09 05:00:00,-999.0
2025-07-09 06:00:00,-999.0
2025-07-09 07:00:00,-999.0
2025-07-09 08:00:00,-999.0
2025-07-09 09:00:00,-999.0
2025-07-09 10:00:00,-999.0
2025-07-09 11:00:00,-999.0
2025-07-09 12:00:00,-999.0
2025-07-09 13:00:00,-999.0
2025-07-09 14:00:00,-999.0
2025-07-09 15:00:00,-999.0
2025-07-09 16:00:00,-999.0
2025-07-09 17:00:00,-999.0
2025-07-09 18:00:00,-999.0
2025-07-09 19:00:00,-999.0
2025-07-09 20:00:00,-999.0
2025-07-09 21:00:00,-999.0
2025-07-09 22:00:00,-999.0
2025-07-09 23:00:00,-999.0
2025-07-10 00:00:00,-999.0
2025-07-10 01:00:00,-999.0
2025-07-10 02:00:00,-999.0
2025-07-10 03:00:00,-999.0
2025-07-10 04:00:00,-999.0
2025-07-10 05:00:00,-999.0
2025-07-10 06:00:00,-999.0
2025-07-10 07:00:00,-999.0
2025-07-10 08:00:00,-999.0
2025-07-10 09:00:00,-999.0
2025-07-10 10:00:00,-999.0
2025-07-10 11:00:00,-999.0
2025-07-10 12:00:00,-999.0
2025-07-10 13:00:00,-999.0
2025-07-10 14:00:00,-999.0
2025-07-10 15:00:00,-999.0
2025-07-10 16:00:00,-999.0
2025-07-10 17:00:00,-999.0
2025-07-10 18:00:00,-999.0
2025-07-10 19:00:00,-999.0
2025-07-10 20:00:00,-999.0
2025-07-10 21:00:00,-999.0
2025-07-10 22:00:00,-999.0
2025-07-10 23:00:00,-999.0
2025-07-11 00:00:00,-999.0
2025-07-11 01:00:00,-999.0
2025-07-11 02:00:00,-999.0
2025-07-11 03:00:00,-999.0
2025-07-11 04:00:00,-999.0
2025-07-11 05:00:00,-999.0
2025-07-11 06:00:00,-999.0
2025-07-11 07:00:00,-999.0
2025-07-11 08:00:00,-999.0
2025-07-11 09:00:00,-999.0
2025-07-11 10:00:00,-999.0
2025-07-11 11:00:00,-999.0
2025-07-11 12:00:00,-999.0
2025-07-11 13:00:00,-999.0
2025-07-11 14:00:00,-999.0
2025-07-11 15:00:00,-999.0
2025-07-11 16:00:00,-999.0
2025-07-11 17:00:00,-999.0
2025-07-11 18:00:00,-999.0
2025-07-11 19:00:00,-999.0
2025-07-11 20:00:00,-999.0
2025-07-11 21:00:00,-999.0
2025-07-11 22:00:00,-999.0
2025-07-11 23:00:00,-999.0
2025-07-12 00:00:00,-999.0
2025-07-12 01:00:00,-999.0
2025-07-12 02:00:00,-999.0
2025-07-12 03:00:00,-999.0
2025-07-12 04:00:00,-999.0
2025-07-12 05:00:00,-999.0
2025-07-12 06:00:00,-999.0
2025-07-12 07:00:00,-999.0
2025-07-12 08:00:00,-999.0
2025-07-12 09:00:00,-999.0
2025-07-12 10:00:00,-999.0
2025-07-12 11:00:00,-999.0
2025-07-12 12:00:00,-999.0
2025-07-12 13:00:00,-999.0
2025-07-12 14:00:00,-999.0
2025-07-12 15:00:00,-999.0
2025-07-12 16:00:00,-999.0
2025-07-12 17:00:00,-999.0
2025-07-12 18:00:00,-999.0
2025-07-12 19:00:00,-999.0
2025-07-12 20:00:00,-999.0
2025-07-12 21:00:00,-999.0
2025-07-12 22:00:00,-999.0
2025-07-12 23:00:00,-999.0
2025-07-13 00:00:00,-999.0
2025-07-13 01:00:00,-999.0
2025-07-13 02:00:00,-999.0
2025-07-13 03:00:00,-999.0
2025-07-13 04:00:00,-999.0
2025-07-13 05:00:00,-999.0
2025-07-13 06:00:00,-999.0
2025-07-13 07:00:00,-999.0
2025-07-13 08:00:00,-999.0
2025-07-13 09:00:00,-999.0
2025-07-13 10:00:00,-999.0
2025-07-13 11:00:00,-999.0
2025-07-13 12:00:00,-999.0
2025-07-13 13:00:00,-999.0
2025-07-13 14:00:00,-999.0
2025-07-13 15:00:00,-999.0
2025-07-13 16:00:00,-999.0
2025-07-13 17:00:00,-999.0
2025-07-13 18:00:00,-999.0
2025-07-13 19:00:00,-999.0
2025-07-13 20:00:00,-999.0
2025-07-13 21:00:00,-999.0
2025-07-13 22:00:00,-999.0
2025-07-13 23:00:00,-999.0
2025-07-14 00:00:00,-999.0
2025-07-14 01:00:00,-999.0
2025-07-14 02:00:00,-999.0
2025-07-14 03:00:00,-999.0
2025-07-14 04:00:00,-999.0
2025-07-14 05:00:00,-999.0
2025-07-14 06:00:00,-999.0
2025-07-14 07:00:00,-999.0
2025-07-14 08:00:00,-999.0
2025-07-14 09:00:00,-999.0
2025-07-14 10:00:00,-999.0
2025-07-14 11:00:00,-999.0
2025-07-14 12:00:00,-999.0
2025-07-14 13:00:00,-999.0
2025-07-14 14:00:00,-999.0
2025-07-14 15:00:00,-999.0
2025-07-14 16:00:00,-999.0
2025-07-14 17:00:00,-999.0
2025-07-14 18:00:00,-999.0
2025-07-14 19:00:00,-999.0
2025-07-14 20:00:00,-999.0
2025-07-14 21:00:00,-999.0
2025-07-14 22:00:00,-999.0
2025-07-14 23:00:00,-999.0
2025-07-15 00:00:00,-999.0
2025-07-15 01:00:00,-999.0
2025-07-15 02:00:00,-999.0
2025-07-15 03:00:00,-999.0
2025-07-15 04:00:00,-999.0
2025-07-15 05:00:00,-999.0
2025-07-15 06:00:00,-999.0
2025-07-15 07:00:00,-999.0
2025-07-15 08:00:00,-999.0
2025-07-15 09:00:00,-999.0
2025-07-15 10:00:00,-999.0
2025-07-15 11:00:00,-999.0
2025-07-15 12:00:00,-999.0
2025-07-15 13:00:00,-999.0
2025-07-15 14:00:00,-999.0
2025-07-15 15:00:00,-999.0
2025-07-15 16:00:00,-999.0
2025-07-15 17:00:00,-999.0
2025-07-15 18:00:00,-999.0
2025-07-15 19:00:00,-999.0
2025-07-15 20:00:00,-999.0
2025-07-15 21:00:00,-999.0
2025-07-15 22:00:00,-999.0
2025-07-15 23:00:00,-999.0
2025-07-16 00:00:00,-999.0
2025-07-16 01:00:00,-999.0
2025-07-16 02:00:00,-999.0
2025-07-16 03:00:00,-999.0
2025-07-16 04:00:00,-999.0
2025-07-16 05:00:00,-999.0
2025-07-16 06:00:00,-999.0
2025-07-16 07:00:00,-999.0
2025-07-16 08:00:00,-999.0
2025-07-16 09:00:00,-999.0
2025-07-16 10:00:00,-999.0
2025-07-16 11:00:00,-999.0
2025-07-16 12:00:00,-999.0
2025-07-16 13:00:00,-999.0
2025-07-16 14:00:00,-999.0
2025-07-16 15:00:00,-999.0
2025-07-16 16:00:00,-999.0
2025-07-16 17:00:00,-999.0
2025-07-16 18:00:00,-999.0
2025-07-16 19:00:00,-999.0
2025-07-16 20:00:00,-999.0
2025-07-16 21:00:00,-999.0
2025-07-16 22:00:00,-999.0
2025-07-16 23:00:00,-999.0
2025-07-17 00:00:00,-999.0
2025-07-17 01:00:00,-999.0
2025-07-17 02:00:00,-999.0
2025-07-17 03:00:00,-999.0
2025-07-17 04:00:00,-999.0
2025-07-17 05:00:00,-999.0
2025-07-17 06:00:00,-999.0
2025-07-17 07:00:00,-999.0
2025-07-17 08:00:00,-999.0
2025-07-17 09:00:00,-999.0
2025-07-17 10:00:00,-999.0
2025-07-17 11:00:00,-999.0
2025-07-17 12:00:00,-999.0
2025-07-17 13:00:00,-999.0
2025-07-17 14:00:00,-999.0
2025-07-17 15:00:00,-999.0
2025-07-17 16:00:00,-999.0
2025-07-17 17:00:00,-999.0
2025-07-17 18:00:00,-999.0
2025-07-17 19:00:00,-999.0
2025-07-17 20:00:00,-999.0
2025-07-17 21:00:00,-999.0
2025-07-17 22:00:00,-999.0
2025-07-17 23:00:00,-999.0
2025-07-18 00:00:00,-999.0
2025-07-18 01:00:00,-999.0
2025-07-18 02:00:00,-999.0
2025-07-18 03:00:00,-999.0
2025-07-18 04:00:00,-999.0
2025-07-18 05:00:00,-999.0
2025-07-18 06:00:00,-999.0
2025-07-18 07:00:00,-999.0
2025-07-18 08:00:00,-999.0
2025-07-18 09:00:00,-999.0
2025-07-18 10:00:00,-999.0
2025-07-18 11:00:00,-999.0
2025-07-18 12:00:00,-999.0
2025-07-18 13:00:00,-999.0
2025-07-18 14:00:00,-999.0
2025-07-18 15:00:00,-999.0
2025-07-18 16:00:00,-999.0
2025-07-18 17:00:00,-999.0
2025-07-18 18:00:00,-999.0
2025-07-18 19:00:00,-999.0
2025-07-18 20:00:00,-999.0
2025-07-18 21:00:00,-999.0
2025-07-18 22:00:00,-999.0
2025-07-18 23:00:00,-999.0
2025-07-19 00:00:00,-999.0
2025-07-19 01:00:00,-999.0
2025-07-19 02:00:00,-999.0
2025-07-19 03:00:00,-999.0
2025-07-19 04:00:00,-999.0
2025-07-19 05:00:00,-999.0
2025-07-19 06:00:00,-999.0
2025-07-19 07:00:00,-999.0
2025-07-19 08:00:00,-999.0
2025-07-19 09:00:00,-999.0
2025-07-19 10:00:00,-999.0
2025-07-19 11:00:00,-999.0
2025-07-19 12:00:00,-999.0
2025-07-19 13:00:00,-999.0
2025-07-19 14:00:00,-999.0
2025-07-19 15:00:00,-999.0
2025-07-19 16:00:00,-999.0
2025-07-19 17:00:00,-999.0
2025-07-19 18:00:00,-999.0
2025-07-19 19:00:00,-999.0
2025-07-19 20:00:00,-999.0
2025-07-19 21:00:00,-999.0
2025-07-19 22:00:00,-999.0
2025-07-19 23:00:00,-999.0
2025-07-20 00:00:00,-999.0
2025-07-20 01:00:00,-999.0
2025-07-20 02:00:00,-999.0
2025-07-20 03:00:00,-999.0
2025-07-20 04:00:00,-999.0
2025-07-20 05:00:00,-999.0
2025-07-20 06:00:00,-999.0
2025-07-20 07:00:00,-999.0
2025-07-20 08:00:00,-999.0
2025-07-20 09:00:00,-999.0
2025-07-20 10:00:00,-999.0
2025-07-20 11:00:00,-999.0
2025-07-20 12:00:00,-999.0
2025-07-20 13:00:00,-999.0
2025-07-20 14:00:00,-999.0
2025-07-20 15:00:00,-999.0
2025-07-20 16:00:00,-999.0
2025-07-20 17:00:00,-999.0
2025-07-20 18:00:00,-999.0
2025-07-20 19:00:00,-999.0
2025-07-20 20:00:00,-999.0
2025-07-20 21:00:00,-999.0
2025-07-20 22:00:00,-999.0
2025-07-20 23:00:00,-999.0
2025-07-21 00:00:00,-999.0
2025-07-21 01:00:00,-999.0
2025-07-21 02:00:00,-999.0
2025-07-21 03:00:00,-999.0
2025-07-21 04:00:00,-999.0
2025-07-21 05:00:00,-999.0
2025-07-21 06:00:00,-999.0
2025-07-21 07:00:00,-999.0
2025-07-21 08:00:00,-999.0
2025-07-21 09:00:00,-999.0
2025-07-21 10:00:00,-999.0
2025-07-21 11:00:00,-999.0
2025-07-21 12:00:00,-999.0
2025-07-21 13:00:00,-999.0
2025-07-21 14:00:00,-999.0
2025-07-21 15:00:00,-999.0
2025-07-21 16:00:00,-999.0
2025-07-21 17:00:00,-999.0
2025-07-21 18:00:00,-999.0
2025-07-21 19:00:00,-999.0
2025-07-21 20:00:00,-999.0
2025-07-21 21:00:00,-999.0
2025-07-21 22:00:00,-999.0
2025-07-21 23:00:00,-999.0
2025-07-22 00:00:00,-999.0
2025-07-22 01:00:00,-999.0
2025-07-22 02:00:00,-999.0
2025-07-22 03:00:00,-999.0
2025-07-22 04:00:00,-999.0
2025-07-22 05:00:00,-999.0
2025-07-22 06:00:00,-999.0
2025-07-22 07:00:00,-999.0
2025-07-22 08:00:00,-999.0
2025-07-22 09:00:00,-999.0
2025-07-22 10:00:00,-999.0
2025-07-22 11:00:00,-999.0
2025-07-22 12:00:00,-999.0
2025-07-22 13:00:00,-999.0
2025-07-22 14:00:00,-999.0
2025-07-22 15:00:00,-999.0
2025-07-22 16:00:00,-999.0
2025-07-22 17:00:00,-999.0
2025-07-22 18:00:00,-999.0
2025-07-22 19:00:00,-999.0
2025-07-22 20:00:00,-999.0
2025-07-22 21:00:00,-999.0
2025-07-22 22:00:00,-999.0
2025-07-22 23:00:00,-999.0
2025-07-23 00:00:00,-999.0
2025-07-23 01:00:00,-999.0
2025-07-23 02:00:00,-999.0
2025-07-23 03:00:00,-999.0
2025-07-23 04:00:00,-999.0
2025-07-23 05:00:00,-999.0
2025-07-23 06:00:00,-999.0
2025-07-23 07:00:00,-999.0
2025-07-23 08:00:00,-999.0
2025-07-23 09:00:00,-999.0
2025-07-23 10:00:00,-999.0
2025-07-23 11:00:00,-999.0
2025-07-23 12:00:00,-999.0
2025-07-23 13:00:00,-999.0
2025-07-23 14:00:00,-999.0
2025-07-23 15:00:00,-999.0
2025-07-23 16:00:00,-999.0
2025-07-23 17:00:00,-999.0
2025-07-23 18:00:00,-999.0
2025-07-23 19:00:00,-999.0
2025-07-23 20:00:00,-999.0
2025-07-23 21:00:00,-999.0
2025-07-23 22:00:00,-999.0
2025-07-23 23:00:00,-999.0
2025-07-24 00:00:00,-999.0
2025-07-24 01:00:00,-999.0
2025-07-24 02:00:00,-999.0
2025-07-24 03:00:00,-999.0
2025-07-24 04:00:00,-999.0
2025-07-24 05:00:00,-999.0
2025-07-24 06:00:00,-999.0
2025-07-24 07:00:00,-999.0
2025-07-24 08:00:00,-999.0
2025-07-24 09:00:00,-999.0
2025-07-24 10:00:00,-999.0
2025-07-24 11:00:00,-999.0
2025-07-24 12:00:00,-999.0
2025-07-24 13:00:00,-999.0
2025-07-24 14:00:00,-999.0
2025-07-24 15:00:00,-999.0
2025-07-24 16:00:00,-999.0
2025-07-24 17:00:00,-999.0
2025-07-24 18:00:00,-999.0
2025-07-24 19:00:00,-999.0
2025-07-24 20:00:00,-999.0
2025-07-24 21:00:00,-999.0
2025-07-24 22:00:00,-999.0
2025-07-24 23:00:00,-999.0
2025-07-25 00:00:00,-999.0
2025-07-25 01:00:00,-999.0
2025-07-25 02:00:00,-999.0
2025-07-25 03:00:00,-999.0
2025-07-25 04:00:00,-999.0
2025-07-25 05:00:00,-999.0
2025-07-25 06:00:00,-999.0
2025-07-25 07:00:00,-999.0
2025-07-25 08:00:00,-999.0
2025-07-25 09:00:00,-999.0
2025-07-25 10:00:00,-999.0
2025-07-25 11:00:00,-999.0
2025-07-25 12:00:00,-999.0
2025-07-25 13:00:00,-999.0
2025-07-25 14:00:00,-999.0
2025-07-25 15:00:00,-999.0
2025-07-25 16:00:00,-999.0
2025-07-25 17:00:00,-999.0
2025-07-25 18:00:00,-999.0
2025-07-25 19:00:00,-999.0
2025-07-25 20:00:00,-999.0
2025-07-25 21:00:00,-999.0
2025-07-25 22:00:00,-999.0
2025-07-25 23:00:00,-999.0
2025-07-26 00:00:00,-999.0
2025-07-26 01:00:00,-999.0
2025-07-26 02:00:00,-999.0
2025-07-26 03:00:00,-999.0
2025-07-26 04:00:00,-999.0
2025-07-26 05:00:00,-999.0
2025-07-26 06:00:00,-999.0
2025-07-26 07:00:00,-999.0
2025-07-26 08:00:00,-999.0
2025-07-26 09:00:00,-999.0
2025-07-26 10:00:00,-999.0
2025-07-26 11:00:00,-999.0
2025-07-26 12:00:00,-999.0
2025-07-26 13:00:00,-999.0
2025-07-26 14:00:00,-999.0
2025-07-26 15:00:00,-999.0
2025-07-26 16:00:00,-999.0
2025-07-26 17:00:00,-999.0
2025-07-26 18:00:00,-999.0
2025-07-26 19:00:00,-999.0
2025-07-26 20:00:00,-999.0
2025-07-26 21:00:00,-999.0
2025-07-26 22:00:00,-999.0
2025-07-26 23:00:00,-999.0
2025-07-27 00:00:00,-999.0
2025-07-27 01:00:00,-999.0
2025-07-27 02:00:00,-999.0
2025-07-27 03:00:00,-999.0
2025-07-27 04:00:00,-999.0
2025-07-27 05:00:00,-999.0
2025-07-27 06:00:00,-999.0
2025-07-27 07:00:00,-999.0
2025-07-27 08:00:00,-999.0
2025-07-27 09:00:00,-999.0
2025-07-27 10:00:00,-999.0
2025-07-27 11:00:00,-999.0
2025-07-27 12:00:00,-999.0
2025-07-27 13:00:00,-999.0
2025-07-27 14:00:00,-999.0
2025-07-27 15:00:00,-999.0
2025-07-27 16:00:00,-999.0
2025-07-27 17:00:00,-999.0
2025-07-27 18:00:00,-999.0
2025-07-27 19:00:00,-999.0
2025-07-27 20:00:00,-999.0
2025-07-27 21:00:00,-999.0
2025-07-27 22:00:00,-999.0
2025-07-27 23:00:00,-999.0
2025-07-28 00:00:00,-999.0
2025-07-28 01:00:00,-999.0
2025-07-28 02:00:00,-999.0
2025-07-28 03:00:00,-999.0
2025-07-28 04:00:00,-999.0
2025-07-28 05:00:00,-999.0
2025-07-28 06:00:00,-999.0
2025-07-28 07:00:00,-999.0
2025-07-28 08:00:00,-999.0
2025-07-28 09:00:00,-999.0
2025-07-28 10:00:00,-999.0
2025-07-28 11:00:00,-999.0
2025-07-28 12:00:00,-999.0
2025-07-28 13:00:00,-999.0
2025-07-28 14:00:00,-999.0
2025-07-28 15:00:00,-999.0
2025-07-28 16:00:00,-999.0
2025-07-28 17:00:00,-999.0
2025-07-28 18:00:00,-999.0
2025-07-28 19:00:00,-999.0
2025-07-28 20:00:00,-999.0
2025-07-28 21:00:00,-999.0
2025-07-28 22:00:00,-999.0
2025-07-28 23:00:00,-999.0
2025-07-29 00:00:00,-999.0
2025-07-29 01:00:00,-999.0
2025-07-29 02:00:00,-999.0
2025-07-29 03:00:00,-999.0
2025-07-29 04:00:00,-999.0
2025-07-29 05:00:00,-999.0
2025-07-29 06:00:00,-999.0
2025-07-29 07:00:00,-999.0
2025-07-29 08:00:00,-999.0
2025-07-29 09:00:00,-999.0
2025-07-29 10:00:00,-999.0
2025-07-29 11:00:00,-999.0
2025-07-29 12:00:00,-999.0
2025-07-29 13:00:00,-999.0
2025-07-29 14:00:00,-999.0
2025-07-29 15:00:00,-999.0
2025-07-29 16:00:00,-999.0
2025-07-29 17:00:00,-999.0
2025-07-29 18:00:00,-999.0
2025-07-29 19:00:00,-999.0
2025-07-29 20:00:00,-999.0
2025-07-29 21:00:00,-999.0
2025-07-29 22:00:00,-999.0
2025-07-29 23:00:00,-999.0
2025-07-30 00:00:00,-999.0
2025-07-30 01:00:00,-999.0
2025-07-30 02:00:00,-999.0
2025-07-30 03:00:00,-999.0
2025-07-30 04:00:00,-999.0
2025-07-30 05:00:00,-999.0
2025-07-30 06:00:00,-999.0
2025-07-30 07:00:00,-999.0
2025-07-30 08:00:00,-999.0
2025-07-30 09:00:00,-999.0
2025-07-30 10:00:00,-999.0
2025-07-30 11:00:00,-999.0
2025-07-30 12:00:00,-999.0
2025-07-30 13:00:00,-999.0
2025-07-30 14:00:00,-999.0
2025-07-30 15:00:00,-999.0
2025-07-30 16:00:00,-999.0
2025-07-30 17:00:00,-999.0
2025-07-30 18:00:00,-999.0
2025-07-30 19:00:00,-999.0
2025-07-30 20:00:00,-999.0
2025-07-30 21:00:00,-999.0
2025-07-30 22:00:00,-999.0
2025-07-30 23:00:00,-999.0
2025-07-31 00:00:00,-999.0
2025-07-31 01:00:00,-999.0
2025-07-31 02:00:00,-999.0
2025-07-31 03:00:00,-999.0
2025-07-31 04:00:00,-999.0
2025-07-31 05:00:00,-999.0
2025-07-31 06:00:00,-999.0
2025-07-31 07:00:00,-999.0
2025-07-31 08:00:00,-999.0
2025-07-31 09:00:00,-999.0
2025-07-31 10:00:00,-999.0
2025-07-31 11:00:00,-999.0
2025-07-31 12:00:00,-999.0
2025-07-31 13:00:00,-999.0
2025-07-31 14:00:00,-999.0
2025-07-31 15:00:00,-999.0
2025-07-31 16:00:00,-999.0
2025-07-31 17:00:00,-999.0
2025-07-31 18:00:00,-999.0
2025-07-31 19:00:00,-999.0
2025-07-31 20:00:00,-999.0
2025-07-31 21:00:00,-999.0
2025-07-31 22:00:00,-999.0
2025-07-31 23:00:00,-999.0
2025-08-01 00:00:00,-999.0
2025-08-01 01:00:00,-999.0
2025-08-01 02:00:00,-999.0
2025-08-01 03:00:00,-999.0
2025-08-01 04:00:00,-999.0
2025-08-01 05:00:00,-999.0
2025-08-01 06:00:00,-999.0
2025-08-01 07:00:00,-999.0
2025-08-01 08:00:00,-999.0
2025-08-01 09:00:00,-999.0
2025-08-01 10:00:00,-999.0
2025-08-01 11:00:00,-999.0
2025-08-01 12:00:00,-999.0
2025-08-01 13:00:00,-999.0
2025-08-01 14:00:00,-999.0
2025-08-01 15:00:00,-999.0
2025-08-01 16:00:00,-999.0
2025-08-01 17:00:00,-999.0
2025-08-01 18:00:00,-999.0
2025-08-01 19:00:00,-999.0
2025-08-01 20:00:00,-999.0
2025-08-01 21:00:00,-999.0
2025-08-01 22:00:00,-999.0
2025-08-01 23:00:00,-999.0
2025-08-02 00:00:00,-999.0
2025-08-02 01:00:00,-999.0
2025-08-02 02:00:00,-999.0
2025-08-02 03:00:00,-999.0
2025-08-02 04:00:00,-999.0
2025-08-02 05:00:00,-999.0
2025-08-02 06:00:00,-999.0
2025-08-02 07:00:00,-999.0
2025-08-02 08:00:00,-999.0
2025-08-02 09:00:00,-999.0
2025-08-02 10:00:00,-999.0
2025-08-02 11:00:00,-999.0
2025-08-02 12:00:00,-999.0
2025-08-02 13:00:00,-999.0
2025-08-02 14:00:00,-999.0
2025-08-02 15:00:00,-999.0
2025-08-02 16:00:00,-999.0
2025-08-02 17:00:00,-999.0
2025-08-02 18:00:00,-999.0
2025-08-02 19:00:00,-999.0
2025-08-02 20:00:00,-999.0
2025-08-02 21:00:00,-999.0
2025-08-02 22:00:00,-999.0
2025-08-02 23:00:00,-999.0
