datetime,ALLSKY_SFC_SW_DWN
2024-08-02 00:00:00,0.0
2024-08-02 01:00:00,0.0
2024-08-02 02:00:00,0.0
2024-08-02 03:00:00,0.0
2024-08-02 04:00:00,0.0
2024-08-02 05:00:00,9.7
2024-08-02 06:00:00,65.72
2024-08-02 07:00:00,134.88
2024-08-02 08:00:00,205.68
2024-08-02 09:00:00,300.65
2024-08-02 10:00:00,342.6
2024-08-02 11:00:00,356.05
2024-08-02 12:00:00,377.88
2024-08-02 13:00:00,304.25
2024-08-02 14:00:00,314.52
2024-08-02 15:00:00,222.12
2024-08-02 16:00:00,137.12
2024-08-02 17:00:00,58.3
2024-08-02 18:00:00,3.65
2024-08-02 19:00:00,0.0
2024-08-02 20:00:00,0.0
2024-08-02 21:00:00,0.0
2024-08-02 22:00:00,0.0
2024-08-02 23:00:00,0.0
2024-08-03 00:00:00,0.0
2024-08-03 01:00:00,0.0
2024-08-03 02:00:00,0.0
2024-08-03 03:00:00,0.0
2024-08-03 04:00:00,0.0
2024-08-03 05:00:00,12.9
2024-08-03 06:00:00,116.15
2024-08-03 07:00:00,246.25
2024-08-03 08:00:00,400.23
2024-08-03 09:00:00,580.55
2024-08-03 10:00:00,542.78
2024-08-03 11:00:00,528.83
2024-08-03 12:00:00,600.65
2024-08-03 13:00:00,640.3
2024-08-03 14:00:00,500.92
2024-08-03 15:00:00,371.02
2024-08-03 16:00:00,216.4
2024-08-03 17:00:00,83.65
2024-08-03 18:00:00,4.45
2024-08-03 19:00:00,0.0
2024-08-03 20:00:00,0.0
2024-08-03 21:00:00,0.0
2024-08-03 22:00:00,0.0
2024-08-03 23:00:00,0.0
2024-08-04 00:00:00,0.0
2024-08-04 01:00:00,0.0
2024-08-04 02:00:00,0.0
2024-08-04 03:00:00,0.0
2024-08-04 04:00:00,0.0
2024-08-04 05:00:00,10.35
2024-08-04 06:00:00,78.07
2024-08-04 07:00:00,167.5
2024-08-04 08:00:00,281.9
2024-08-04 09:00:00,520.2
2024-08-04 10:00:00,637.6
2024-08-04 11:00:00,583.67
2024-08-04 12:00:00,601.15
2024-08-04 13:00:00,567.45
2024-08-04 14:00:00,516.08
2024-08-04 15:00:00,394.52
2024-08-04 16:00:00,227.38
2024-08-04 17:00:00,86.68
2024-08-04 18:00:00,4.1
2024-08-04 19:00:00,0.0
2024-08-04 20:00:00,0.0
2024-08-04 21:00:00,0.0
2024-08-04 22:00:00,0.0
2024-08-04 23:00:00,0.0
2024-08-05 00:00:00,0.0
2024-08-05 01:00:00,0.0
2024-08-05 02:00:00,0.0
2024-08-05 03:00:00,0.0
2024-08-05 04:00:00,0.0
2024-08-05 05:00:00,8.02
2024-08-05 06:00:00,93.9
2024-08-05 07:00:00,209.57
2024-08-05 08:00:00,356.85
2024-08-05 09:00:00,443.35
2024-08-05 10:00:00,519.58
2024-08-05 11:00:00,600.15
2024-08-05 12:00:00,563.88
2024-08-05 13:00:00,621.72
2024-08-05 14:00:00,434.88
2024-08-05 15:00:00,257.23
2024-08-05 16:00:00,146.27
2024-08-05 17:00:00,59.55
2024-08-05 18:00:00,2.8
2024-08-05 19:00:00,0.0
2024-08-05 20:00:00,0.0
2024-08-05 21:00:00,0.0
2024-08-05 22:00:00,0.0
2024-08-05 23:00:00,0.0
2024-08-06 00:00:00,0.0
2024-08-06 01:00:00,0.0
2024-08-06 02:00:00,0.0
2024-08-06 03:00:00,0.0
2024-08-06 04:00:00,0.0
2024-08-06 05:00:00,7.65
2024-08-06 06:00:00,68.93
2024-08-06 07:00:00,154.18
2024-08-06 08:00:00,252.05
2024-08-06 09:00:00,415.95
2024-08-06 10:00:00,585.9
2024-08-06 11:00:00,699.95
2024-08-06 12:00:00,730.35
2024-08-06 13:00:00,661.55
2024-08-06 14:00:00,622.38
2024-08-06 15:00:00,440.15
2024-08-06 16:00:00,253.07
2024-08-06 17:00:00,91.93
2024-08-06 18:00:00,4.43
2024-08-06 19:00:00,0.0
2024-08-06 20:00:00,0.0
2024-08-06 21:00:00,0.0
2024-08-06 22:00:00,0.0
2024-08-06 23:00:00,0.0
2024-08-07 00:00:00,0.0
2024-08-07 01:00:00,0.0
2024-08-07 02:00:00,0.0
2024-08-07 03:00:00,0.0
2024-08-07 04:00:00,0.0
2024-08-07 05:00:00,8.3
2024-08-07 06:00:00,83.78
2024-08-07 07:00:00,179.05
2024-08-07 08:00:00,290.73
2024-08-07 09:00:00,461.6
2024-08-07 10:00:00,608.67
2024-08-07 11:00:00,602.1
2024-08-07 12:00:00,537.3
2024-08-07 13:00:00,535.95
2024-08-07 14:00:00,449.05
2024-08-07 15:00:00,347.9
2024-08-07 16:00:00,202.82
2024-08-07 17:00:00,72.12
2024-08-07 18:00:00,3.92
2024-08-07 19:00:00,0.0
2024-08-07 20:00:00,0.0
2024-08-07 21:00:00,0.0
2024-08-07 22:00:00,0.0
2024-08-07 23:00:00,0.0
2024-08-08 00:00:00,0.0
2024-08-08 01:00:00,0.0
2024-08-08 02:00:00,0.0
2024-08-08 03:00:00,0.0
2024-08-08 04:00:00,0.0
2024-08-08 05:00:00,5.72
2024-08-08 06:00:00,61.25
2024-08-08 07:00:00,149.25
2024-08-08 08:00:00,252.05
2024-08-08 09:00:00,376.95
2024-08-08 10:00:00,454.15
2024-08-08 11:00:00,483.92
2024-08-08 12:00:00,510.0
2024-08-08 13:00:00,433.48
2024-08-08 14:00:00,388.83
2024-08-08 15:00:00,303.12
2024-08-08 16:00:00,161.55
2024-08-08 17:00:00,55.7
2024-08-08 18:00:00,3.42
2024-08-08 19:00:00,0.0
2024-08-08 20:00:00,0.0
2024-08-08 21:00:00,0.0
2024-08-08 22:00:00,0.0
2024-08-08 23:00:00,0.0
2024-08-09 00:00:00,0.0
2024-08-09 01:00:00,0.0
2024-08-09 02:00:00,0.0
2024-08-09 03:00:00,0.0
2024-08-09 04:00:00,0.0
2024-08-09 05:00:00,13.65
2024-08-09 06:00:00,119.35
2024-08-09 07:00:00,252.57
2024-08-09 08:00:00,353.17
2024-08-09 09:00:00,458.65
2024-08-09 10:00:00,383.62
2024-08-09 11:00:00,536.35
2024-08-09 12:00:00,565.4
2024-08-09 13:00:00,614.35
2024-08-09 14:00:00,560.62
2024-08-09 15:00:00,416.98
2024-08-09 16:00:00,193.15
2024-08-09 17:00:00,80.93
2024-08-09 18:00:00,3.8
2024-08-09 19:00:00,0.0
2024-08-09 20:00:00,0.0
2024-08-09 21:00:00,0.0
2024-08-09 22:00:00,0.0
2024-08-09 23:00:00,0.0
2024-08-10 00:00:00,0.0
2024-08-10 01:00:00,0.0
2024-08-10 02:00:00,0.0
2024-08-10 03:00:00,0.0
2024-08-10 04:00:00,0.0
2024-08-10 05:00:00,14.32
2024-08-10 06:00:00,129.35
2024-08-10 07:00:00,243.8
2024-08-10 08:00:00,365.88
2024-08-10 09:00:00,475.55
2024-08-10 10:00:00,596.08
2024-08-10 11:00:00,587.5
2024-08-10 12:00:00,653.88
2024-08-10 13:00:00,531.88
2024-08-10 14:00:00,380.1
2024-08-10 15:00:00,284.5
2024-08-10 16:00:00,153.18
2024-08-10 17:00:00,60.33
2024-08-10 18:00:00,1.98
2024-08-10 19:00:00,0.0
2024-08-10 20:00:00,0.0
2024-08-10 21:00:00,0.0
2024-08-10 22:00:00,0.0
2024-08-10 23:00:00,0.0
2024-08-11 00:00:00,0.0
2024-08-11 01:00:00,0.0
2024-08-11 02:00:00,0.0
2024-08-11 03:00:00,0.0
2024-08-11 04:00:00,0.0
2024-08-11 05:00:00,5.7
2024-08-11 06:00:00,68.43
2024-08-11 07:00:00,153.5
2024-08-11 08:00:00,261.15
2024-08-11 09:00:00,479.98
2024-08-11 10:00:00,557.75
2024-08-11 11:00:00,401.7
2024-08-11 12:00:00,304.8
2024-08-11 13:00:00,344.55
2024-08-11 14:00:00,209.0
2024-08-11 15:00:00,151.32
2024-08-11 16:00:00,95.07
2024-08-11 17:00:00,35.45
2024-08-11 18:00:00,2.03
2024-08-11 19:00:00,0.0
2024-08-11 20:00:00,0.0
2024-08-11 21:00:00,0.0
2024-08-11 22:00:00,0.0
2024-08-11 23:00:00,0.0
2024-08-12 00:00:00,0.0
2024-08-12 01:00:00,0.0
2024-08-12 02:00:00,0.0
2024-08-12 03:00:00,0.0
2024-08-12 04:00:00,0.0
2024-08-12 05:00:00,4.32
2024-08-12 06:00:00,32.05
2024-08-12 07:00:00,72.72
2024-08-12 08:00:00,90.22
2024-08-12 09:00:00,144.23
2024-08-12 10:00:00,157.88
2024-08-12 11:00:00,290.08
2024-08-12 12:00:00,311.52
2024-08-12 13:00:00,336.6
2024-08-12 14:00:00,228.73
2024-08-12 15:00:00,168.62
2024-08-12 16:00:00,168.9
2024-08-12 17:00:00,63.58
2024-08-12 18:00:00,2.78
2024-08-12 19:00:00,0.0
2024-08-12 20:00:00,0.0
2024-08-12 21:00:00,0.0
2024-08-12 22:00:00,0.0
2024-08-12 23:00:00,0.0
2024-08-13 00:00:00,0.0
2024-08-13 01:00:00,0.0
2024-08-13 02:00:00,0.0
2024-08-13 03:00:00,0.0
2024-08-13 04:00:00,0.0
2024-08-13 05:00:00,11.23
2024-08-13 06:00:00,98.22
2024-08-13 07:00:00,180.73
2024-08-13 08:00:00,208.27
2024-08-13 09:00:00,416.25
2024-08-13 10:00:00,509.65
2024-08-13 11:00:00,629.22
2024-08-13 12:00:00,735.1
2024-08-13 13:00:00,702.12
2024-08-13 14:00:00,608.17
2024-08-13 15:00:00,455.33
2024-08-13 16:00:00,236.6
2024-08-13 17:00:00,82.5
2024-08-13 18:00:00,0.0
2024-08-13 19:00:00,0.0
2024-08-13 20:00:00,0.0
2024-08-13 21:00:00,0.0
2024-08-13 22:00:00,0.0
2024-08-13 23:00:00,0.0
2024-08-14 00:00:00,0.0
2024-08-14 01:00:00,0.0
2024-08-14 02:00:00,0.0
2024-08-14 03:00:00,0.0
2024-08-14 04:00:00,0.0
2024-08-14 05:00:00,12.32
2024-08-14 06:00:00,124.8
2024-08-14 07:00:00,264.02
2024-08-14 08:00:00,470.58
2024-08-14 09:00:00,613.08
2024-08-14 10:00:00,712.35
2024-08-14 11:00:00,722.55
2024-08-14 12:00:00,747.35
2024-08-14 13:00:00,649.1
2024-08-14 14:00:00,545.25
2024-08-14 15:00:00,393.08
2024-08-14 16:00:00,230.15
2024-08-14 17:00:00,82.82
2024-08-14 18:00:00,0.0
2024-08-14 19:00:00,0.0
2024-08-14 20:00:00,0.0
2024-08-14 21:00:00,0.0
2024-08-14 22:00:00,0.0
2024-08-14 23:00:00,0.0
2024-08-15 00:00:00,0.0
2024-08-15 01:00:00,0.0
2024-08-15 02:00:00,0.0
2024-08-15 03:00:00,0.0
2024-08-15 04:00:00,0.0
2024-08-15 05:00:00,9.38
2024-08-15 06:00:00,111.8
2024-08-15 07:00:00,256.88
2024-08-15 08:00:00,444.92
2024-08-15 09:00:00,630.47
2024-08-15 10:00:00,736.3
2024-08-15 11:00:00,798.5
2024-08-15 12:00:00,733.65
2024-08-15 13:00:00,645.9
2024-08-15 14:00:00,554.17
2024-08-15 15:00:00,443.58
2024-08-15 16:00:00,246.35
2024-08-15 17:00:00,86.45
2024-08-15 18:00:00,0.0
2024-08-15 19:00:00,0.0
2024-08-15 20:00:00,0.0
2024-08-15 21:00:00,0.0
2024-08-15 22:00:00,0.0
2024-08-15 23:00:00,0.0
2024-08-16 00:00:00,0.0
2024-08-16 01:00:00,0.0
2024-08-16 02:00:00,0.0
2024-08-16 03:00:00,0.0
2024-08-16 04:00:00,0.0
2024-08-16 05:00:00,9.15
2024-08-16 06:00:00,110.43
2024-08-16 07:00:00,266.15
2024-08-16 08:00:00,409.65
2024-08-16 09:00:00,527.47
2024-08-16 10:00:00,420.33
2024-08-16 11:00:00,521.6
2024-08-16 12:00:00,529.5
2024-08-16 13:00:00,595.42
2024-08-16 14:00:00,486.95
2024-08-16 15:00:00,260.77
2024-08-16 16:00:00,123.85
2024-08-16 17:00:00,33.97
2024-08-16 18:00:00,0.0
2024-08-16 19:00:00,0.0
2024-08-16 20:00:00,0.0
2024-08-16 21:00:00,0.0
2024-08-16 22:00:00,0.0
2024-08-16 23:00:00,0.0
2024-08-17 00:00:00,0.0
2024-08-17 01:00:00,0.0
2024-08-17 02:00:00,0.0
2024-08-17 03:00:00,0.0
2024-08-17 04:00:00,0.0
2024-08-17 05:00:00,5.47
2024-08-17 06:00:00,49.5
2024-08-17 07:00:00,108.25
2024-08-17 08:00:00,161.23
2024-08-17 09:00:00,222.73
2024-08-17 10:00:00,200.48
2024-08-17 11:00:00,225.57
2024-08-17 12:00:00,207.65
2024-08-17 13:00:00,95.57
2024-08-17 14:00:00,121.65
2024-08-17 15:00:00,117.88
2024-08-17 16:00:00,102.93
2024-08-17 17:00:00,41.47
2024-08-17 18:00:00,0.0
2024-08-17 19:00:00,0.0
2024-08-17 20:00:00,0.0
2024-08-17 21:00:00,0.0
2024-08-17 22:00:00,0.0
2024-08-17 23:00:00,0.0
2024-08-18 00:00:00,0.0
2024-08-18 01:00:00,0.0
2024-08-18 02:00:00,0.0
2024-08-18 03:00:00,0.0
2024-08-18 04:00:00,0.0
2024-08-18 05:00:00,7.65
2024-08-18 06:00:00,92.18
2024-08-18 07:00:00,226.15
2024-08-18 08:00:00,390.55
2024-08-18 09:00:00,533.9
2024-08-18 10:00:00,537.2
2024-08-18 11:00:00,560.1
2024-08-18 12:00:00,627.92
2024-08-18 13:00:00,553.85
2024-08-18 14:00:00,430.95
2024-08-18 15:00:00,205.52
2024-08-18 16:00:00,141.2
2024-08-18 17:00:00,38.45
2024-08-18 18:00:00,0.0
2024-08-18 19:00:00,0.0
2024-08-18 20:00:00,0.0
2024-08-18 21:00:00,0.0
2024-08-18 22:00:00,0.0
2024-08-18 23:00:00,0.0
2024-08-19 00:00:00,0.0
2024-08-19 01:00:00,0.0
2024-08-19 02:00:00,0.0
2024-08-19 03:00:00,0.0
2024-08-19 04:00:00,0.0
2024-08-19 05:00:00,5.57
2024-08-19 06:00:00,46.88
2024-08-19 07:00:00,98.68
2024-08-19 08:00:00,159.95
2024-08-19 09:00:00,255.4
2024-08-19 10:00:00,267.4
2024-08-19 11:00:00,262.48
2024-08-19 12:00:00,259.62
2024-08-19 13:00:00,236.12
2024-08-19 14:00:00,230.8
2024-08-19 15:00:00,201.5
2024-08-19 16:00:00,124.03
2024-08-19 17:00:00,48.2
2024-08-19 18:00:00,0.0
2024-08-19 19:00:00,0.0
2024-08-19 20:00:00,0.0
2024-08-19 21:00:00,0.0
2024-08-19 22:00:00,0.0
2024-08-19 23:00:00,0.0
2024-08-20 00:00:00,0.0
2024-08-20 01:00:00,0.0
2024-08-20 02:00:00,0.0
2024-08-20 03:00:00,0.0
2024-08-20 04:00:00,0.0
2024-08-20 05:00:00,2.92
2024-08-20 06:00:00,25.83
2024-08-20 07:00:00,58.9
2024-08-20 08:00:00,88.6
2024-08-20 09:00:00,168.6
2024-08-20 10:00:00,212.7
2024-08-20 11:00:00,273.35
2024-08-20 12:00:00,213.48
2024-08-20 13:00:00,183.75
2024-08-20 14:00:00,116.12
2024-08-20 15:00:00,58.05
2024-08-20 16:00:00,88.65
2024-08-20 17:00:00,37.65
2024-08-20 18:00:00,0.0
2024-08-20 19:00:00,0.0
2024-08-20 20:00:00,0.0
2024-08-20 21:00:00,0.0
2024-08-20 22:00:00,0.0
2024-08-20 23:00:00,0.0
2024-08-21 00:00:00,0.0
2024-08-21 01:00:00,0.0
2024-08-21 02:00:00,0.0
2024-08-21 03:00:00,0.0
2024-08-21 04:00:00,0.0
2024-08-21 05:00:00,7.72
2024-08-21 06:00:00,84.78
2024-08-21 07:00:00,201.65
2024-08-21 08:00:00,306.05
2024-08-21 09:00:00,432.77
2024-08-21 10:00:00,550.05
2024-08-21 11:00:00,627.97
2024-08-21 12:00:00,646.15
2024-08-21 13:00:00,536.67
2024-08-21 14:00:00,462.42
2024-08-21 15:00:00,301.75
2024-08-21 16:00:00,167.88
2024-08-21 17:00:00,58.38
2024-08-21 18:00:00,0.0
2024-08-21 19:00:00,0.0
2024-08-21 20:00:00,0.0
2024-08-21 21:00:00,0.0
2024-08-21 22:00:00,0.0
2024-08-21 23:00:00,0.0
2024-08-22 00:00:00,0.0
2024-08-22 01:00:00,0.0
2024-08-22 02:00:00,0.0
2024-08-22 03:00:00,0.0
2024-08-22 04:00:00,0.0
2024-08-22 05:00:00,7.75
2024-08-22 06:00:00,88.97
2024-08-22 07:00:00,195.4
2024-08-22 08:00:00,331.15
2024-08-22 09:00:00,395.6
2024-08-22 10:00:00,377.02
2024-08-22 11:00:00,491.48
2024-08-22 12:00:00,541.42
2024-08-22 13:00:00,370.25
2024-08-22 14:00:00,326.38
2024-08-22 15:00:00,258.45
2024-08-22 16:00:00,143.12
2024-08-22 17:00:00,53.22
2024-08-22 18:00:00,0.0
2024-08-22 19:00:00,0.0
2024-08-22 20:00:00,0.0
2024-08-22 21:00:00,0.0
2024-08-22 22:00:00,0.0
2024-08-22 23:00:00,0.0
2024-08-23 00:00:00,0.0
2024-08-23 01:00:00,0.0
2024-08-23 02:00:00,0.0
2024-08-23 03:00:00,0.0
2024-08-23 04:00:00,0.0
2024-08-23 05:00:00,8.43
2024-08-23 06:00:00,105.43
2024-08-23 07:00:00,230.15
2024-08-23 08:00:00,387.05
2024-08-23 09:00:00,550.88
2024-08-23 10:00:00,695.38
2024-08-23 11:00:00,777.97
2024-08-23 12:00:00,677.65
2024-08-23 13:00:00,575.6
2024-08-23 14:00:00,437.65
2024-08-23 15:00:00,310.4
2024-08-23 16:00:00,171.27
2024-08-23 17:00:00,55.92
2024-08-23 18:00:00,0.0
2024-08-23 19:00:00,0.0
2024-08-23 20:00:00,0.0
2024-08-23 21:00:00,0.0
2024-08-23 22:00:00,0.0
2024-08-23 23:00:00,0.0
2024-08-24 00:00:00,0.0
2024-08-24 01:00:00,0.0
2024-08-24 02:00:00,0.0
2024-08-24 03:00:00,0.0
2024-08-24 04:00:00,0.0
2024-08-24 05:00:00,4.3
2024-08-24 06:00:00,43.12
2024-08-24 07:00:00,94.43
2024-08-24 08:00:00,144.55
2024-08-24 09:00:00,234.1
2024-08-24 10:00:00,279.2
2024-08-24 11:00:00,286.8
2024-08-24 12:00:00,274.95
2024-08-24 13:00:00,242.77
2024-08-24 14:00:00,342.67
2024-08-24 15:00:00,309.77
2024-08-24 16:00:00,171.65
2024-08-24 17:00:00,56.78
2024-08-24 18:00:00,0.0
2024-08-24 19:00:00,0.0
2024-08-24 20:00:00,0.0
2024-08-24 21:00:00,0.0
2024-08-24 22:00:00,0.0
2024-08-24 23:00:00,0.0
2024-08-25 00:00:00,0.0
2024-08-25 01:00:00,0.0
2024-08-25 02:00:00,0.0
2024-08-25 03:00:00,0.0
2024-08-25 04:00:00,0.0
2024-08-25 05:00:00,7.72
2024-08-25 06:00:00,93.8
2024-08-25 07:00:00,225.2
2024-08-25 08:00:00,359.1
2024-08-25 09:00:00,352.67
2024-08-25 10:00:00,362.73
2024-08-25 11:00:00,429.62
2024-08-25 12:00:00,377.6
2024-08-25 13:00:00,456.83
2024-08-25 14:00:00,475.58
2024-08-25 15:00:00,365.83
2024-08-25 16:00:00,194.7
2024-08-25 17:00:00,55.22
2024-08-25 18:00:00,0.0
2024-08-25 19:00:00,0.0
2024-08-25 20:00:00,0.0
2024-08-25 21:00:00,0.0
2024-08-25 22:00:00,0.0
2024-08-25 23:00:00,0.0
2024-08-26 00:00:00,0.0
2024-08-26 01:00:00,0.0
2024-08-26 02:00:00,0.0
2024-08-26 03:00:00,0.0
2024-08-26 04:00:00,0.0
2024-08-26 05:00:00,7.4
2024-08-26 06:00:00,68.0
2024-08-26 07:00:00,167.55
2024-08-26 08:00:00,250.55
2024-08-26 09:00:00,271.17
2024-08-26 10:00:00,418.12
2024-08-26 11:00:00,567.97
2024-08-26 12:00:00,600.35
2024-08-26 13:00:00,609.2
2024-08-26 14:00:00,529.15
2024-08-26 15:00:00,398.7
2024-08-26 16:00:00,218.43
2024-08-26 17:00:00,63.25
2024-08-26 18:00:00,0.0
2024-08-26 19:00:00,0.0
2024-08-26 20:00:00,0.0
2024-08-26 21:00:00,0.0
2024-08-26 22:00:00,0.0
2024-08-26 23:00:00,0.0
2024-08-27 00:00:00,0.0
2024-08-27 01:00:00,0.0
2024-08-27 02:00:00,0.0
2024-08-27 03:00:00,0.0
2024-08-27 04:00:00,0.0
2024-08-27 05:00:00,8.82
2024-08-27 06:00:00,127.38
2024-08-27 07:00:00,294.05
2024-08-27 08:00:00,498.42
2024-08-27 09:00:00,653.85
2024-08-27 10:00:00,709.28
2024-08-27 11:00:00,764.72
2024-08-27 12:00:00,788.9
2024-08-27 13:00:00,722.25
2024-08-27 14:00:00,447.35
2024-08-27 15:00:00,351.9
2024-08-27 16:00:00,187.95
2024-08-27 17:00:00,53.0
2024-08-27 18:00:00,0.0
2024-08-27 19:00:00,0.0
2024-08-27 20:00:00,0.0
2024-08-27 21:00:00,0.0
2024-08-27 22:00:00,0.0
2024-08-27 23:00:00,0.0
2024-08-28 00:00:00,0.0
2024-08-28 01:00:00,0.0
2024-08-28 02:00:00,0.0
2024-08-28 03:00:00,0.0
2024-08-28 04:00:00,0.0
2024-08-28 05:00:00,7.62
2024-08-28 06:00:00,79.55
2024-08-28 07:00:00,200.43
2024-08-28 08:00:00,335.75
2024-08-28 09:00:00,370.8
2024-08-28 10:00:00,470.17
2024-08-28 11:00:00,610.92
2024-08-28 12:00:00,632.72
2024-08-28 13:00:00,539.58
2024-08-28 14:00:00,413.4
2024-08-28 15:00:00,310.95
2024-08-28 16:00:00,164.35
2024-08-28 17:00:00,43.47
2024-08-28 18:00:00,0.0
2024-08-28 19:00:00,0.0
2024-08-28 20:00:00,0.0
2024-08-28 21:00:00,0.0
2024-08-28 22:00:00,0.0
2024-08-28 23:00:00,0.0
2024-08-29 00:00:00,0.0
2024-08-29 01:00:00,0.0
2024-08-29 02:00:00,0.0
2024-08-29 03:00:00,0.0
2024-08-29 04:00:00,0.0
2024-08-29 05:00:00,8.23
2024-08-29 06:00:00,111.35
2024-08-29 07:00:00,257.3
2024-08-29 08:00:00,420.15
2024-08-29 09:00:00,634.45
2024-08-29 10:00:00,803.03
2024-08-29 11:00:00,826.88
2024-08-29 12:00:00,708.1
2024-08-29 13:00:00,614.12
2024-08-29 14:00:00,418.62
2024-08-29 15:00:00,315.08
2024-08-29 16:00:00,170.57
2024-08-29 17:00:00,43.65
2024-08-29 18:00:00,0.0
2024-08-29 19:00:00,0.0
2024-08-29 20:00:00,0.0
2024-08-29 21:00:00,0.0
2024-08-29 22:00:00,0.0
2024-08-29 23:00:00,0.0
2024-08-30 00:00:00,0.0
2024-08-30 01:00:00,0.0
2024-08-30 02:00:00,0.0
2024-08-30 03:00:00,0.0
2024-08-30 04:00:00,0.0
2024-08-30 05:00:00,9.4
2024-08-30 06:00:00,141.02
2024-08-30 07:00:00,329.92
2024-08-30 08:00:00,542.6
2024-08-30 09:00:00,746.08
2024-08-30 10:00:00,820.78
2024-08-30 11:00:00,846.67
2024-08-30 12:00:00,799.15
2024-08-30 13:00:00,775.72
2024-08-30 14:00:00,608.12
2024-08-30 15:00:00,433.5
2024-08-30 16:00:00,221.35
2024-08-30 17:00:00,53.88
2024-08-30 18:00:00,0.0
2024-08-30 19:00:00,0.0
2024-08-30 20:00:00,0.0
2024-08-30 21:00:00,0.0
2024-08-30 22:00:00,0.0
2024-08-30 23:00:00,0.0
2024-08-31 00:00:00,0.0
2024-08-31 01:00:00,0.0
2024-08-31 02:00:00,0.0
2024-08-31 03:00:00,0.0
2024-08-31 04:00:00,0.0
2024-08-31 05:00:00,6.7
2024-08-31 06:00:00,94.5
2024-08-31 07:00:00,219.35
2024-08-31 08:00:00,353.25
2024-08-31 09:00:00,470.8
2024-08-31 10:00:00,580.4
2024-08-31 11:00:00,607.95
2024-08-31 12:00:00,641.4
2024-08-31 13:00:00,557.6
2024-08-31 14:00:00,408.58
2024-08-31 15:00:00,250.25
2024-08-31 16:00:00,129.12
2024-08-31 17:00:00,32.78
2024-08-31 18:00:00,0.0
2024-08-31 19:00:00,0.0
2024-08-31 20:00:00,0.0
2024-08-31 21:00:00,0.0
2024-08-31 22:00:00,0.0
2024-08-31 23:00:00,0.0
2024-09-01 00:00:00,0.0
2024-09-01 01:00:00,0.0
2024-09-01 02:00:00,0.0
2024-09-01 03:00:00,0.0
2024-09-01 04:00:00,0.0
2024-09-01 05:00:00,5.88
2024-09-01 06:00:00,82.2
2024-09-01 07:00:00,216.88
2024-09-01 08:00:00,370.3
2024-09-01 09:00:00,521.33
2024-09-01 10:00:00,581.58
2024-09-01 11:00:00,661.0
2024-09-01 12:00:00,665.65
2024-09-01 13:00:00,650.78
2024-09-01 14:00:00,534.22
2024-09-01 15:00:00,353.08
2024-09-01 16:00:00,173.68
2024-09-01 17:00:00,42.88
2024-09-01 18:00:00,0.0
2024-09-01 19:00:00,0.0
2024-09-01 20:00:00,0.0
2024-09-01 21:00:00,0.0
2024-09-01 22:00:00,0.0
2024-09-01 23:00:00,0.0
2024-09-02 00:00:00,0.0
2024-09-02 01:00:00,0.0
2024-09-02 02:00:00,0.0
2024-09-02 03:00:00,0.0
2024-09-02 04:00:00,0.0
2024-09-02 05:00:00,8.02
2024-09-02 06:00:00,120.5
2024-09-02 07:00:00,284.48
2024-09-02 08:00:00,484.1
2024-09-02 09:00:00,673.6
2024-09-02 10:00:00,779.2
2024-09-02 11:00:00,773.78
2024-09-02 12:00:00,678.97
2024-09-02 13:00:00,544.1
2024-09-02 14:00:00,268.45
2024-09-02 15:00:00,98.35
2024-09-02 16:00:00,57.1
2024-09-02 17:00:00,14.98
2024-09-02 18:00:00,0.0
2024-09-02 19:00:00,0.0
2024-09-02 20:00:00,0.0
2024-09-02 21:00:00,0.0
2024-09-02 22:00:00,0.0
2024-09-02 23:00:00,0.0
2024-09-03 00:00:00,0.0
2024-09-03 01:00:00,0.0
2024-09-03 02:00:00,0.0
2024-09-03 03:00:00,0.0
2024-09-03 04:00:00,0.0
2024-09-03 05:00:00,7.97
2024-09-03 06:00:00,126.12
2024-09-03 07:00:00,303.23
2024-09-03 08:00:00,516.83
2024-09-03 09:00:00,668.67
2024-09-03 10:00:00,792.85
2024-09-03 11:00:00,833.62
2024-09-03 12:00:00,788.67
2024-09-03 13:00:00,647.35
2024-09-03 14:00:00,509.73
2024-09-03 15:00:00,293.92
2024-09-03 16:00:00,149.0
2024-09-03 17:00:00,33.55
2024-09-03 18:00:00,0.0
2024-09-03 19:00:00,0.0
2024-09-03 20:00:00,0.0
2024-09-03 21:00:00,0.0
2024-09-03 22:00:00,0.0
2024-09-03 23:00:00,0.0
2024-09-04 00:00:00,0.0
2024-09-04 01:00:00,0.0
2024-09-04 02:00:00,0.0
2024-09-04 03:00:00,0.0
2024-09-04 04:00:00,0.0
2024-09-04 05:00:00,5.07
2024-09-04 06:00:00,92.53
2024-09-04 07:00:00,233.7
2024-09-04 08:00:00,401.48
2024-09-04 09:00:00,625.55
2024-09-04 10:00:00,732.72
2024-09-04 11:00:00,764.8
2024-09-04 12:00:00,768.33
2024-09-04 13:00:00,662.85
2024-09-04 14:00:00,525.2
2024-09-04 15:00:00,361.9
2024-09-04 16:00:00,177.02
2024-09-04 17:00:00,37.5
2024-09-04 18:00:00,0.0
2024-09-04 19:00:00,0.0
2024-09-04 20:00:00,0.0
2024-09-04 21:00:00,0.0
2024-09-04 22:00:00,0.0
2024-09-04 23:00:00,0.0
2024-09-05 00:00:00,0.0
2024-09-05 01:00:00,0.0
2024-09-05 02:00:00,0.0
2024-09-05 03:00:00,0.0
2024-09-05 04:00:00,0.0
2024-09-05 05:00:00,6.93
2024-09-05 06:00:00,92.85
2024-09-05 07:00:00,207.18
2024-09-05 08:00:00,373.52
2024-09-05 09:00:00,518.03
2024-09-05 10:00:00,666.65
2024-09-05 11:00:00,744.55
2024-09-05 12:00:00,695.1
2024-09-05 13:00:00,643.58
2024-09-05 14:00:00,532.65
2024-09-05 15:00:00,350.95
2024-09-05 16:00:00,173.35
2024-09-05 17:00:00,39.83
2024-09-05 18:00:00,0.0
2024-09-05 19:00:00,0.0
2024-09-05 20:00:00,0.0
2024-09-05 21:00:00,0.0
2024-09-05 22:00:00,0.0
2024-09-05 23:00:00,0.0
2024-09-06 00:00:00,0.0
2024-09-06 01:00:00,0.0
2024-09-06 02:00:00,0.0
2024-09-06 03:00:00,0.0
2024-09-06 04:00:00,0.0
2024-09-06 05:00:00,5.28
2024-09-06 06:00:00,106.57
2024-09-06 07:00:00,262.17
2024-09-06 08:00:00,448.27
2024-09-06 09:00:00,684.28
2024-09-06 10:00:00,813.1
2024-09-06 11:00:00,864.28
2024-09-06 12:00:00,847.33
2024-09-06 13:00:00,769.12
2024-09-06 14:00:00,644.67
2024-09-06 15:00:00,466.62
2024-09-06 16:00:00,234.65
2024-09-06 17:00:00,45.0
2024-09-06 18:00:00,0.0
2024-09-06 19:00:00,0.0
2024-09-06 20:00:00,0.0
2024-09-06 21:00:00,0.0
2024-09-06 22:00:00,0.0
2024-09-06 23:00:00,0.0
2024-09-07 00:00:00,0.0
2024-09-07 01:00:00,0.0
2024-09-07 02:00:00,0.0
2024-09-07 03:00:00,0.0
2024-09-07 04:00:00,0.0
2024-09-07 05:00:00,7.45
2024-09-07 06:00:00,129.07
2024-09-07 07:00:00,339.38
2024-09-07 08:00:00,578.72
2024-09-07 09:00:00,757.97
2024-09-07 10:00:00,881.2
2024-09-07 11:00:00,895.55
2024-09-07 12:00:00,885.5
2024-09-07 13:00:00,789.53
2024-09-07 14:00:00,645.83
2024-09-07 15:00:00,435.23
2024-09-07 16:00:00,219.85
2024-09-07 17:00:00,40.67
2024-09-07 18:00:00,0.0
2024-09-07 19:00:00,0.0
2024-09-07 20:00:00,0.0
2024-09-07 21:00:00,0.0
2024-09-07 22:00:00,0.0
2024-09-07 23:00:00,0.0
2024-09-08 00:00:00,0.0
2024-09-08 01:00:00,0.0
2024-09-08 02:00:00,0.0
2024-09-08 03:00:00,0.0
2024-09-08 04:00:00,0.0
2024-09-08 05:00:00,5.7
2024-09-08 06:00:00,111.1
2024-09-08 07:00:00,289.9
2024-09-08 08:00:00,493.2
2024-09-08 09:00:00,657.67
2024-09-08 10:00:00,840.05
2024-09-08 11:00:00,878.08
2024-09-08 12:00:00,823.67
2024-09-08 13:00:00,766.45
2024-09-08 14:00:00,607.55
2024-09-08 15:00:00,427.25
2024-09-08 16:00:00,208.93
2024-09-08 17:00:00,37.65
2024-09-08 18:00:00,0.0
2024-09-08 19:00:00,0.0
2024-09-08 20:00:00,0.0
2024-09-08 21:00:00,0.0
2024-09-08 22:00:00,0.0
2024-09-08 23:00:00,0.0
2024-09-09 00:00:00,0.0
2024-09-09 01:00:00,0.0
2024-09-09 02:00:00,0.0
2024-09-09 03:00:00,0.0
2024-09-09 04:00:00,0.0
2024-09-09 05:00:00,5.93
2024-09-09 06:00:00,90.6
2024-09-09 07:00:00,221.52
2024-09-09 08:00:00,396.3
2024-09-09 09:00:00,509.7
2024-09-09 10:00:00,646.38
2024-09-09 11:00:00,798.5
2024-09-09 12:00:00,781.47
2024-09-09 13:00:00,680.75
2024-09-09 14:00:00,444.02
2024-09-09 15:00:00,172.73
2024-09-09 16:00:00,90.05
2024-09-09 17:00:00,16.3
2024-09-09 18:00:00,0.0
2024-09-09 19:00:00,0.0
2024-09-09 20:00:00,0.0
2024-09-09 21:00:00,0.0
2024-09-09 22:00:00,0.0
2024-09-09 23:00:00,0.0
2024-09-10 00:00:00,0.0
2024-09-10 01:00:00,0.0
2024-09-10 02:00:00,0.0
2024-09-10 03:00:00,0.0
2024-09-10 04:00:00,0.0
2024-09-10 05:00:00,3.8
2024-09-10 06:00:00,72.4
2024-09-10 07:00:00,179.62
2024-09-10 08:00:00,308.65
2024-09-10 09:00:00,461.62
2024-09-10 10:00:00,581.25
2024-09-10 11:00:00,632.1
2024-09-10 12:00:00,653.03
2024-09-10 13:00:00,626.67
2024-09-10 14:00:00,491.25
2024-09-10 15:00:00,331.48
2024-09-10 16:00:00,171.1
2024-09-10 17:00:00,31.58
2024-09-10 18:00:00,0.0
2024-09-10 19:00:00,0.0
2024-09-10 20:00:00,0.0
2024-09-10 21:00:00,0.0
2024-09-10 22:00:00,0.0
2024-09-10 23:00:00,0.0
2024-09-11 00:00:00,0.0
2024-09-11 01:00:00,0.0
2024-09-11 02:00:00,0.0
2024-09-11 03:00:00,0.0
2024-09-11 04:00:00,0.0
2024-09-11 05:00:00,4.72
2024-09-11 06:00:00,79.93
2024-09-11 07:00:00,232.85
2024-09-11 08:00:00,404.9
2024-09-11 09:00:00,526.95
2024-09-11 10:00:00,669.97
2024-09-11 11:00:00,697.65
2024-09-11 12:00:00,696.58
2024-09-11 13:00:00,550.4
2024-09-11 14:00:00,450.1
2024-09-11 15:00:00,287.1
2024-09-11 16:00:00,142.8
2024-09-11 17:00:00,25.4
2024-09-11 18:00:00,0.0
2024-09-11 19:00:00,0.0
2024-09-11 20:00:00,0.0
2024-09-11 21:00:00,0.0
2024-09-11 22:00:00,0.0
2024-09-11 23:00:00,0.0
2024-09-12 00:00:00,0.0
2024-09-12 01:00:00,0.0
2024-09-12 02:00:00,0.0
2024-09-12 03:00:00,0.0
2024-09-12 04:00:00,0.0
2024-09-12 05:00:00,6.25
2024-09-12 06:00:00,97.57
2024-09-12 07:00:00,243.7
2024-09-12 08:00:00,381.62
2024-09-12 09:00:00,502.52
2024-09-12 10:00:00,655.08
2024-09-12 11:00:00,597.5
2024-09-12 12:00:00,514.75
2024-09-12 13:00:00,472.85
2024-09-12 14:00:00,417.5
2024-09-12 15:00:00,227.3
2024-09-12 16:00:00,116.75
2024-09-12 17:00:00,18.77
2024-09-12 18:00:00,0.0
2024-09-12 19:00:00,0.0
2024-09-12 20:00:00,0.0
2024-09-12 21:00:00,0.0
2024-09-12 22:00:00,0.0
2024-09-12 23:00:00,0.0
2024-09-13 00:00:00,0.0
2024-09-13 01:00:00,0.0
2024-09-13 02:00:00,0.0
2024-09-13 03:00:00,0.0
2024-09-13 04:00:00,0.0
2024-09-13 05:00:00,3.35
2024-09-13 06:00:00,51.1
2024-09-13 07:00:00,119.32
2024-09-13 08:00:00,179.4
2024-09-13 09:00:00,410.52
2024-09-13 10:00:00,324.83
2024-09-13 11:00:00,392.23
2024-09-13 12:00:00,311.95
2024-09-13 13:00:00,286.25
2024-09-13 14:00:00,299.85
2024-09-13 15:00:00,178.8
2024-09-13 16:00:00,84.53
2024-09-13 17:00:00,13.62
2024-09-13 18:00:00,0.0
2024-09-13 19:00:00,0.0
2024-09-13 20:00:00,0.0
2024-09-13 21:00:00,0.0
2024-09-13 22:00:00,0.0
2024-09-13 23:00:00,0.0
2024-09-14 00:00:00,0.0
2024-09-14 01:00:00,0.0
2024-09-14 02:00:00,0.0
2024-09-14 03:00:00,0.0
2024-09-14 04:00:00,0.0
2024-09-14 05:00:00,2.7
2024-09-14 06:00:00,49.88
2024-09-14 07:00:00,125.3
2024-09-14 08:00:00,203.35
2024-09-14 09:00:00,267.75
2024-09-14 10:00:00,281.8
2024-09-14 11:00:00,446.6
2024-09-14 12:00:00,552.3
2024-09-14 13:00:00,508.77
2024-09-14 14:00:00,450.27
2024-09-14 15:00:00,297.35
2024-09-14 16:00:00,137.43
2024-09-14 17:00:00,21.7
2024-09-14 18:00:00,0.0
2024-09-14 19:00:00,0.0
2024-09-14 20:00:00,0.0
2024-09-14 21:00:00,0.0
2024-09-14 22:00:00,0.0
2024-09-14 23:00:00,0.0
2024-09-15 00:00:00,0.0
2024-09-15 01:00:00,0.0
2024-09-15 02:00:00,0.0
2024-09-15 03:00:00,0.0
2024-09-15 04:00:00,0.0
2024-09-15 05:00:00,3.6
2024-09-15 06:00:00,61.35
2024-09-15 07:00:00,153.65
2024-09-15 08:00:00,280.17
2024-09-15 09:00:00,380.15
2024-09-15 10:00:00,463.5
2024-09-15 11:00:00,514.78
2024-09-15 12:00:00,332.48
2024-09-15 13:00:00,343.58
2024-09-15 14:00:00,238.65
2024-09-15 15:00:00,216.7
2024-09-15 16:00:00,103.3
2024-09-15 17:00:00,17.02
2024-09-15 18:00:00,0.0
2024-09-15 19:00:00,0.0
2024-09-15 20:00:00,0.0
2024-09-15 21:00:00,0.0
2024-09-15 22:00:00,0.0
2024-09-15 23:00:00,0.0
2024-09-16 00:00:00,0.0
2024-09-16 01:00:00,0.0
2024-09-16 02:00:00,0.0
2024-09-16 03:00:00,0.0
2024-09-16 04:00:00,0.0
2024-09-16 05:00:00,5.12
2024-09-16 06:00:00,111.57
2024-09-16 07:00:00,303.5
2024-09-16 08:00:00,513.5
2024-09-16 09:00:00,667.17
2024-09-16 10:00:00,783.35
2024-09-16 11:00:00,736.42
2024-09-16 12:00:00,724.65
2024-09-16 13:00:00,677.55
2024-09-16 14:00:00,505.6
2024-09-16 15:00:00,303.1
2024-09-16 16:00:00,159.98
2024-09-16 17:00:00,23.52
2024-09-16 18:00:00,0.0
2024-09-16 19:00:00,0.0
2024-09-16 20:00:00,0.0
2024-09-16 21:00:00,0.0
2024-09-16 22:00:00,0.0
2024-09-16 23:00:00,0.0
2024-09-17 00:00:00,0.0
2024-09-17 01:00:00,0.0
2024-09-17 02:00:00,0.0
2024-09-17 03:00:00,0.0
2024-09-17 04:00:00,0.0
2024-09-17 05:00:00,4.82
2024-09-17 06:00:00,113.18
2024-09-17 07:00:00,303.5
2024-09-17 08:00:00,523.0
2024-09-17 09:00:00,711.08
2024-09-17 10:00:00,776.83
2024-09-17 11:00:00,825.3
2024-09-17 12:00:00,755.05
2024-09-17 13:00:00,720.97
2024-09-17 14:00:00,574.33
2024-09-17 15:00:00,395.85
2024-09-17 16:00:00,187.68
2024-09-17 17:00:00,24.9
2024-09-17 18:00:00,0.0
2024-09-17 19:00:00,0.0
2024-09-17 20:00:00,0.0
2024-09-17 21:00:00,0.0
2024-09-17 22:00:00,0.0
2024-09-17 23:00:00,0.0
2024-09-18 00:00:00,0.0
2024-09-18 01:00:00,0.0
2024-09-18 02:00:00,0.0
2024-09-18 03:00:00,0.0
2024-09-18 04:00:00,0.0
2024-09-18 05:00:00,4.78
2024-09-18 06:00:00,112.22
2024-09-18 07:00:00,289.88
2024-09-18 08:00:00,503.27
2024-09-18 09:00:00,699.25
2024-09-18 10:00:00,791.53
2024-09-18 11:00:00,795.97
2024-09-18 12:00:00,810.97
2024-09-18 13:00:00,721.95
2024-09-18 14:00:00,568.55
2024-09-18 15:00:00,384.15
2024-09-18 16:00:00,183.6
2024-09-18 17:00:00,23.05
2024-09-18 18:00:00,0.0
2024-09-18 19:00:00,0.0
2024-09-18 20:00:00,0.0
2024-09-18 21:00:00,0.0
2024-09-18 22:00:00,0.0
2024-09-18 23:00:00,0.0
2024-09-19 00:00:00,0.0
2024-09-19 01:00:00,0.0
2024-09-19 02:00:00,0.0
2024-09-19 03:00:00,0.0
2024-09-19 04:00:00,0.0
2024-09-19 05:00:00,5.03
2024-09-19 06:00:00,121.38
2024-09-19 07:00:00,327.2
2024-09-19 08:00:00,554.15
2024-09-19 09:00:00,728.9
2024-09-19 10:00:00,855.75
2024-09-19 11:00:00,905.2
2024-09-19 12:00:00,891.12
2024-09-19 13:00:00,777.28
2024-09-19 14:00:00,625.42
2024-09-19 15:00:00,407.83
2024-09-19 16:00:00,194.4
2024-09-19 17:00:00,22.12
2024-09-19 18:00:00,0.0
2024-09-19 19:00:00,0.0
2024-09-19 20:00:00,0.0
2024-09-19 21:00:00,0.0
2024-09-19 22:00:00,0.0
2024-09-19 23:00:00,0.0
2024-09-20 00:00:00,0.0
2024-09-20 01:00:00,0.0
2024-09-20 02:00:00,0.0
2024-09-20 03:00:00,0.0
2024-09-20 04:00:00,0.0
2024-09-20 05:00:00,5.28
2024-09-20 06:00:00,121.32
2024-09-20 07:00:00,326.38
2024-09-20 08:00:00,540.33
2024-09-20 09:00:00,730.6
2024-09-20 10:00:00,838.58
2024-09-20 11:00:00,882.17
2024-09-20 12:00:00,854.5
2024-09-20 13:00:00,771.42
2024-09-20 14:00:00,587.42
2024-09-20 15:00:00,394.48
2024-09-20 16:00:00,191.9
2024-09-20 17:00:00,21.5
2024-09-20 18:00:00,0.0
2024-09-20 19:00:00,0.0
2024-09-20 20:00:00,0.0
2024-09-20 21:00:00,0.0
2024-09-20 22:00:00,0.0
2024-09-20 23:00:00,0.0
2024-09-21 00:00:00,0.0
2024-09-21 01:00:00,0.0
2024-09-21 02:00:00,0.0
2024-09-21 03:00:00,0.0
2024-09-21 04:00:00,0.0
2024-09-21 05:00:00,3.7
2024-09-21 06:00:00,60.08
2024-09-21 07:00:00,190.43
2024-09-21 08:00:00,159.93
2024-09-21 09:00:00,192.43
2024-09-21 10:00:00,295.62
2024-09-21 11:00:00,128.23
2024-09-21 12:00:00,61.7
2024-09-21 13:00:00,199.48
2024-09-21 14:00:00,383.92
2024-09-21 15:00:00,238.43
2024-09-21 16:00:00,106.85
2024-09-21 17:00:00,14.3
2024-09-21 18:00:00,0.0
2024-09-21 19:00:00,0.0
2024-09-21 20:00:00,0.0
2024-09-21 21:00:00,0.0
2024-09-21 22:00:00,0.0
2024-09-21 23:00:00,0.0
2024-09-22 00:00:00,0.0
2024-09-22 01:00:00,0.0
2024-09-22 02:00:00,0.0
2024-09-22 03:00:00,0.0
2024-09-22 04:00:00,0.0
2024-09-22 05:00:00,3.75
2024-09-22 06:00:00,109.75
2024-09-22 07:00:00,293.83
2024-09-22 08:00:00,511.17
2024-09-22 09:00:00,693.15
2024-09-22 10:00:00,837.17
2024-09-22 11:00:00,864.47
2024-09-22 12:00:00,836.35
2024-09-22 13:00:00,719.6
2024-09-22 14:00:00,585.5
2024-09-22 15:00:00,382.12
2024-09-22 16:00:00,176.98
2024-09-22 17:00:00,18.2
2024-09-22 18:00:00,0.0
2024-09-22 19:00:00,0.0
2024-09-22 20:00:00,0.0
2024-09-22 21:00:00,0.0
2024-09-22 22:00:00,0.0
2024-09-22 23:00:00,0.0
2024-09-23 00:00:00,0.0
2024-09-23 01:00:00,0.0
2024-09-23 02:00:00,0.0
2024-09-23 03:00:00,0.0
2024-09-23 04:00:00,0.0
2024-09-23 05:00:00,3.9
2024-09-23 06:00:00,72.15
2024-09-23 07:00:00,206.65
2024-09-23 08:00:00,356.95
2024-09-23 09:00:00,510.25
2024-09-23 10:00:00,584.42
2024-09-23 11:00:00,752.28
2024-09-23 12:00:00,728.78
2024-09-23 13:00:00,662.45
2024-09-23 14:00:00,506.52
2024-09-23 15:00:00,330.0
2024-09-23 16:00:00,152.2
2024-09-23 17:00:00,15.65
2024-09-23 18:00:00,0.0
2024-09-23 19:00:00,0.0
2024-09-23 20:00:00,0.0
2024-09-23 21:00:00,0.0
2024-09-23 22:00:00,0.0
2024-09-23 23:00:00,0.0
2024-09-24 00:00:00,0.0
2024-09-24 01:00:00,0.0
2024-09-24 02:00:00,0.0
2024-09-24 03:00:00,0.0
2024-09-24 04:00:00,0.0
2024-09-24 05:00:00,3.88
2024-09-24 06:00:00,94.1
2024-09-24 07:00:00,252.52
2024-09-24 08:00:00,424.5
2024-09-24 09:00:00,568.85
2024-09-24 10:00:00,547.35
2024-09-24 11:00:00,649.4
2024-09-24 12:00:00,632.0
2024-09-24 13:00:00,519.92
2024-09-24 14:00:00,347.02
2024-09-24 15:00:00,203.57
2024-09-24 16:00:00,79.45
2024-09-24 17:00:00,7.47
2024-09-24 18:00:00,0.0
2024-09-24 19:00:00,0.0
2024-09-24 20:00:00,0.0
2024-09-24 21:00:00,0.0
2024-09-24 22:00:00,0.0
2024-09-24 23:00:00,0.0
2024-09-25 00:00:00,0.0
2024-09-25 01:00:00,0.0
2024-09-25 02:00:00,0.0
2024-09-25 03:00:00,0.0
2024-09-25 04:00:00,0.0
2024-09-25 05:00:00,1.9
2024-09-25 06:00:00,55.03
2024-09-25 07:00:00,132.68
2024-09-25 08:00:00,231.73
2024-09-25 09:00:00,263.02
2024-09-25 10:00:00,260.42
2024-09-25 11:00:00,411.62
2024-09-25 12:00:00,392.83
2024-09-25 13:00:00,315.52
2024-09-25 14:00:00,181.18
2024-09-25 15:00:00,99.7
2024-09-25 16:00:00,40.65
2024-09-25 17:00:00,2.85
2024-09-25 18:00:00,0.0
2024-09-25 19:00:00,0.0
2024-09-25 20:00:00,0.0
2024-09-25 21:00:00,0.0
2024-09-25 22:00:00,0.0
2024-09-25 23:00:00,0.0
2024-09-26 00:00:00,0.0
2024-09-26 01:00:00,0.0
2024-09-26 02:00:00,0.0
2024-09-26 03:00:00,0.0
2024-09-26 04:00:00,0.0
2024-09-26 05:00:00,3.03
2024-09-26 06:00:00,74.43
2024-09-26 07:00:00,202.95
2024-09-26 08:00:00,359.27
2024-09-26 09:00:00,565.75
2024-09-26 10:00:00,682.17
2024-09-26 11:00:00,695.25
2024-09-26 12:00:00,621.85
2024-09-26 13:00:00,510.98
2024-09-26 14:00:00,337.4
2024-09-26 15:00:00,213.07
2024-09-26 16:00:00,98.07
2024-09-26 17:00:00,8.98
2024-09-26 18:00:00,0.0
2024-09-26 19:00:00,0.0
2024-09-26 20:00:00,0.0
2024-09-26 21:00:00,0.0
2024-09-26 22:00:00,0.0
2024-09-26 23:00:00,0.0
2024-09-27 00:00:00,0.0
2024-09-27 01:00:00,0.0
2024-09-27 02:00:00,0.0
2024-09-27 03:00:00,0.0
2024-09-27 04:00:00,0.0
2024-09-27 05:00:00,3.65
2024-09-27 06:00:00,96.7
2024-09-27 07:00:00,277.62
2024-09-27 08:00:00,452.15
2024-09-27 09:00:00,617.62
2024-09-27 10:00:00,739.45
2024-09-27 11:00:00,781.53
2024-09-27 12:00:00,729.55
2024-09-27 13:00:00,567.3
2024-09-27 14:00:00,475.58
2024-09-27 15:00:00,288.17
2024-09-27 16:00:00,132.18
2024-09-27 17:00:00,12.02
2024-09-27 18:00:00,0.0
2024-09-27 19:00:00,0.0
2024-09-27 20:00:00,0.0
2024-09-27 21:00:00,0.0
2024-09-27 22:00:00,0.0
2024-09-27 23:00:00,0.0
2024-09-28 00:00:00,0.0
2024-09-28 01:00:00,0.0
2024-09-28 02:00:00,0.0
2024-09-28 03:00:00,0.0
2024-09-28 04:00:00,0.0
2024-09-28 05:00:00,2.45
2024-09-28 06:00:00,81.4
2024-09-28 07:00:00,222.1
2024-09-28 08:00:00,401.8
2024-09-28 09:00:00,563.83
2024-09-28 10:00:00,636.53
2024-09-28 11:00:00,629.12
2024-09-28 12:00:00,648.0
2024-09-28 13:00:00,449.7
2024-09-28 14:00:00,372.3
2024-09-28 15:00:00,232.5
2024-09-28 16:00:00,105.62
2024-09-28 17:00:00,10.07
2024-09-28 18:00:00,0.0
2024-09-28 19:00:00,0.0
2024-09-28 20:00:00,0.0
2024-09-28 21:00:00,0.0
2024-09-28 22:00:00,0.0
2024-09-28 23:00:00,0.0
2024-09-29 00:00:00,0.0
2024-09-29 01:00:00,0.0
2024-09-29 02:00:00,0.0
2024-09-29 03:00:00,0.0
2024-09-29 04:00:00,0.0
2024-09-29 05:00:00,2.28
2024-09-29 06:00:00,51.45
2024-09-29 07:00:00,165.65
2024-09-29 08:00:00,272.08
2024-09-29 09:00:00,372.77
2024-09-29 10:00:00,336.9
2024-09-29 11:00:00,255.98
2024-09-29 12:00:00,315.38
2024-09-29 13:00:00,282.52
2024-09-29 14:00:00,235.45
2024-09-29 15:00:00,131.48
2024-09-29 16:00:00,44.88
2024-09-29 17:00:00,6.78
2024-09-29 18:00:00,0.0
2024-09-29 19:00:00,0.0
2024-09-29 20:00:00,0.0
2024-09-29 21:00:00,0.0
2024-09-29 22:00:00,0.0
2024-09-29 23:00:00,0.0
2024-09-30 00:00:00,0.0
2024-09-30 01:00:00,0.0
2024-09-30 02:00:00,0.0
2024-09-30 03:00:00,0.0
2024-09-30 04:00:00,0.0
2024-09-30 05:00:00,1.77
2024-09-30 06:00:00,39.58
2024-09-30 07:00:00,101.3
2024-09-30 08:00:00,172.12
2024-09-30 09:00:00,277.4
2024-09-30 10:00:00,346.42
2024-09-30 11:00:00,405.73
2024-09-30 12:00:00,421.65
2024-09-30 13:00:00,350.95
2024-09-30 14:00:00,321.48
2024-09-30 15:00:00,190.25
2024-09-30 16:00:00,76.95
2024-09-30 17:00:00,7.4
2024-09-30 18:00:00,0.0
2024-09-30 19:00:00,0.0
2024-09-30 20:00:00,0.0
2024-09-30 21:00:00,0.0
2024-09-30 22:00:00,0.0
2024-09-30 23:00:00,0.0
2024-10-01 00:00:00,0.0
2024-10-01 01:00:00,0.0
2024-10-01 02:00:00,0.0
2024-10-01 03:00:00,0.0
2024-10-01 04:00:00,0.0
2024-10-01 05:00:00,2.03
2024-10-01 06:00:00,7.62
2024-10-01 07:00:00,19.15
2024-10-01 08:00:00,35.33
2024-10-01 09:00:00,131.52
2024-10-01 10:00:00,370.25
2024-10-01 11:00:00,397.65
2024-10-01 12:00:00,273.35
2024-10-01 13:00:00,318.65
2024-10-01 14:00:00,270.95
2024-10-01 15:00:00,164.77
2024-10-01 16:00:00,71.05
2024-10-01 17:00:00,5.62
2024-10-01 18:00:00,0.0
2024-10-01 19:00:00,0.0
2024-10-01 20:00:00,0.0
2024-10-01 21:00:00,0.0
2024-10-01 22:00:00,0.0
2024-10-01 23:00:00,0.0
2024-10-02 00:00:00,0.0
2024-10-02 01:00:00,0.0
2024-10-02 02:00:00,0.0
2024-10-02 03:00:00,0.0
2024-10-02 04:00:00,0.0
2024-10-02 05:00:00,2.4
2024-10-02 06:00:00,69.75
2024-10-02 07:00:00,201.52
2024-10-02 08:00:00,345.4
2024-10-02 09:00:00,492.5
2024-10-02 10:00:00,508.5
2024-10-02 11:00:00,539.8
2024-10-02 12:00:00,413.12
2024-10-02 13:00:00,367.92
2024-10-02 14:00:00,352.1
2024-10-02 15:00:00,221.45
2024-10-02 16:00:00,92.35
2024-10-02 17:00:00,6.07
2024-10-02 18:00:00,0.0
2024-10-02 19:00:00,0.0
2024-10-02 20:00:00,0.0
2024-10-02 21:00:00,0.0
2024-10-02 22:00:00,0.0
2024-10-02 23:00:00,0.0
2024-10-03 00:00:00,0.0
2024-10-03 01:00:00,0.0
2024-10-03 02:00:00,0.0
2024-10-03 03:00:00,0.0
2024-10-03 04:00:00,0.0
2024-10-03 05:00:00,1.5
2024-10-03 06:00:00,32.22
2024-10-03 07:00:00,110.15
2024-10-03 08:00:00,195.35
2024-10-03 09:00:00,261.45
2024-10-03 10:00:00,183.62
2024-10-03 11:00:00,319.05
2024-10-03 12:00:00,334.73
2024-10-03 13:00:00,369.65
2024-10-03 14:00:00,306.17
2024-10-03 15:00:00,179.12
2024-10-03 16:00:00,86.57
2024-10-03 17:00:00,4.6
2024-10-03 18:00:00,0.0
2024-10-03 19:00:00,0.0
2024-10-03 20:00:00,0.0
2024-10-03 21:00:00,0.0
2024-10-03 22:00:00,0.0
2024-10-03 23:00:00,0.0
2024-10-04 00:00:00,0.0
2024-10-04 01:00:00,0.0
2024-10-04 02:00:00,0.0
2024-10-04 03:00:00,0.0
2024-10-04 04:00:00,0.0
2024-10-04 05:00:00,0.0
2024-10-04 06:00:00,74.12
2024-10-04 07:00:00,179.82
2024-10-04 08:00:00,297.8
2024-10-04 09:00:00,392.52
2024-10-04 10:00:00,488.23
2024-10-04 11:00:00,489.95
2024-10-04 12:00:00,575.58
2024-10-04 13:00:00,507.75
2024-10-04 14:00:00,387.38
2024-10-04 15:00:00,233.57
2024-10-04 16:00:00,87.03
2024-10-04 17:00:00,5.3
2024-10-04 18:00:00,0.0
2024-10-04 19:00:00,0.0
2024-10-04 20:00:00,0.0
2024-10-04 21:00:00,0.0
2024-10-04 22:00:00,0.0
2024-10-04 23:00:00,0.0
2024-10-05 00:00:00,0.0
2024-10-05 01:00:00,0.0
2024-10-05 02:00:00,0.0
2024-10-05 03:00:00,0.0
2024-10-05 04:00:00,0.0
2024-10-05 05:00:00,0.0
2024-10-05 06:00:00,65.9
2024-10-05 07:00:00,183.62
2024-10-05 08:00:00,331.6
2024-10-05 09:00:00,426.17
2024-10-05 10:00:00,562.12
2024-10-05 11:00:00,638.03
2024-10-05 12:00:00,631.85
2024-10-05 13:00:00,522.65
2024-10-05 14:00:00,446.83
2024-10-05 15:00:00,269.05
2024-10-05 16:00:00,107.97
2024-10-05 17:00:00,6.47
2024-10-05 18:00:00,0.0
2024-10-05 19:00:00,0.0
2024-10-05 20:00:00,0.0
2024-10-05 21:00:00,0.0
2024-10-05 22:00:00,0.0
2024-10-05 23:00:00,0.0
2024-10-06 00:00:00,0.0
2024-10-06 01:00:00,0.0
2024-10-06 02:00:00,0.0
2024-10-06 03:00:00,0.0
2024-10-06 04:00:00,0.0
2024-10-06 05:00:00,0.0
2024-10-06 06:00:00,82.18
2024-10-06 07:00:00,216.55
2024-10-06 08:00:00,369.58
2024-10-06 09:00:00,507.7
2024-10-06 10:00:00,573.22
2024-10-06 11:00:00,607.67
2024-10-06 12:00:00,517.92
2024-10-06 13:00:00,491.58
2024-10-06 14:00:00,394.98
2024-10-06 15:00:00,232.8
2024-10-06 16:00:00,92.25
2024-10-06 17:00:00,5.3
2024-10-06 18:00:00,0.0
2024-10-06 19:00:00,0.0
2024-10-06 20:00:00,0.0
2024-10-06 21:00:00,0.0
2024-10-06 22:00:00,0.0
2024-10-06 23:00:00,0.0
2024-10-07 00:00:00,0.0
2024-10-07 01:00:00,0.0
2024-10-07 02:00:00,0.0
2024-10-07 03:00:00,0.0
2024-10-07 04:00:00,0.0
2024-10-07 05:00:00,0.0
2024-10-07 06:00:00,40.72
2024-10-07 07:00:00,102.93
2024-10-07 08:00:00,165.25
2024-10-07 09:00:00,185.1
2024-10-07 10:00:00,252.02
2024-10-07 11:00:00,272.75
2024-10-07 12:00:00,392.55
2024-10-07 13:00:00,456.73
2024-10-07 14:00:00,332.35
2024-10-07 15:00:00,204.88
2024-10-07 16:00:00,83.82
2024-10-07 17:00:00,5.55
2024-10-07 18:00:00,0.0
2024-10-07 19:00:00,0.0
2024-10-07 20:00:00,0.0
2024-10-07 21:00:00,0.0
2024-10-07 22:00:00,0.0
2024-10-07 23:00:00,0.0
2024-10-08 00:00:00,0.0
2024-10-08 01:00:00,0.0
2024-10-08 02:00:00,0.0
2024-10-08 03:00:00,0.0
2024-10-08 04:00:00,0.0
2024-10-08 05:00:00,0.0
2024-10-08 06:00:00,80.05
2024-10-08 07:00:00,201.18
2024-10-08 08:00:00,372.3
2024-10-08 09:00:00,503.62
2024-10-08 10:00:00,639.58
2024-10-08 11:00:00,638.7
2024-10-08 12:00:00,674.05
2024-10-08 13:00:00,517.55
2024-10-08 14:00:00,343.25
2024-10-08 15:00:00,191.6
2024-10-08 16:00:00,82.28
2024-10-08 17:00:00,3.72
2024-10-08 18:00:00,0.0
2024-10-08 19:00:00,0.0
2024-10-08 20:00:00,0.0
2024-10-08 21:00:00,0.0
2024-10-08 22:00:00,0.0
2024-10-08 23:00:00,0.0
2024-10-09 00:00:00,0.0
2024-10-09 01:00:00,0.0
2024-10-09 02:00:00,0.0
2024-10-09 03:00:00,0.0
2024-10-09 04:00:00,0.0
2024-10-09 05:00:00,0.0
2024-10-09 06:00:00,85.55
2024-10-09 07:00:00,240.7
2024-10-09 08:00:00,411.77
2024-10-09 09:00:00,583.85
2024-10-09 10:00:00,628.83
2024-10-09 11:00:00,746.0
2024-10-09 12:00:00,674.53
2024-10-09 13:00:00,609.03
2024-10-09 14:00:00,428.67
2024-10-09 15:00:00,227.65
2024-10-09 16:00:00,86.38
2024-10-09 17:00:00,3.9
2024-10-09 18:00:00,0.0
2024-10-09 19:00:00,0.0
2024-10-09 20:00:00,0.0
2024-10-09 21:00:00,0.0
2024-10-09 22:00:00,0.0
2024-10-09 23:00:00,0.0
2024-10-10 00:00:00,0.0
2024-10-10 01:00:00,0.0
2024-10-10 02:00:00,0.0
2024-10-10 03:00:00,0.0
2024-10-10 04:00:00,0.0
2024-10-10 05:00:00,0.0
2024-10-10 06:00:00,34.1
2024-10-10 07:00:00,94.85
2024-10-10 08:00:00,178.18
2024-10-10 09:00:00,253.32
2024-10-10 10:00:00,378.02
2024-10-10 11:00:00,456.05
2024-10-10 12:00:00,442.0
2024-10-10 13:00:00,414.65
2024-10-10 14:00:00,383.8
2024-10-10 15:00:00,219.18
2024-10-10 16:00:00,77.82
2024-10-10 17:00:00,3.67
2024-10-10 18:00:00,0.0
2024-10-10 19:00:00,0.0
2024-10-10 20:00:00,0.0
2024-10-10 21:00:00,0.0
2024-10-10 22:00:00,0.0
2024-10-10 23:00:00,0.0
2024-10-11 00:00:00,0.0
2024-10-11 01:00:00,0.0
2024-10-11 02:00:00,0.0
2024-10-11 03:00:00,0.0
2024-10-11 04:00:00,0.0
2024-10-11 05:00:00,0.0
2024-10-11 06:00:00,35.17
2024-10-11 07:00:00,85.97
2024-10-11 08:00:00,139.7
2024-10-11 09:00:00,215.38
2024-10-11 10:00:00,372.67
2024-10-11 11:00:00,404.02
2024-10-11 12:00:00,166.05
2024-10-11 13:00:00,94.15
2024-10-11 14:00:00,143.62
2024-10-11 15:00:00,85.43
2024-10-11 16:00:00,34.35
2024-10-11 17:00:00,1.98
2024-10-11 18:00:00,0.0
2024-10-11 19:00:00,0.0
2024-10-11 20:00:00,0.0
2024-10-11 21:00:00,0.0
2024-10-11 22:00:00,0.0
2024-10-11 23:00:00,0.0
2024-10-12 00:00:00,0.0
2024-10-12 01:00:00,0.0
2024-10-12 02:00:00,0.0
2024-10-12 03:00:00,0.0
2024-10-12 04:00:00,0.0
2024-10-12 05:00:00,0.0
2024-10-12 06:00:00,55.2
2024-10-12 07:00:00,159.8
2024-10-12 08:00:00,280.65
2024-10-12 09:00:00,382.17
2024-10-12 10:00:00,468.27
2024-10-12 11:00:00,505.62
2024-10-12 12:00:00,480.65
2024-10-12 13:00:00,411.75
2024-10-12 14:00:00,301.12
2024-10-12 15:00:00,184.98
2024-10-12 16:00:00,64.6
2024-10-12 17:00:00,2.38
2024-10-12 18:00:00,0.0
2024-10-12 19:00:00,0.0
2024-10-12 20:00:00,0.0
2024-10-12 21:00:00,0.0
2024-10-12 22:00:00,0.0
2024-10-12 23:00:00,0.0
2024-10-13 00:00:00,0.0
2024-10-13 01:00:00,0.0
2024-10-13 02:00:00,0.0
2024-10-13 03:00:00,0.0
2024-10-13 04:00:00,0.0
2024-10-13 05:00:00,0.0
2024-10-13 06:00:00,66.68
2024-10-13 07:00:00,194.88
2024-10-13 08:00:00,369.35
2024-10-13 09:00:00,460.15
2024-10-13 10:00:00,530.12
2024-10-13 11:00:00,560.8
2024-10-13 12:00:00,573.95
2024-10-13 13:00:00,538.03
2024-10-13 14:00:00,404.85
2024-10-13 15:00:00,254.3
2024-10-13 16:00:00,85.35
2024-10-13 17:00:00,0.0
2024-10-13 18:00:00,0.0
2024-10-13 19:00:00,0.0
2024-10-13 20:00:00,0.0
2024-10-13 21:00:00,0.0
2024-10-13 22:00:00,0.0
2024-10-13 23:00:00,0.0
2024-10-14 00:00:00,0.0
2024-10-14 01:00:00,0.0
2024-10-14 02:00:00,0.0
2024-10-14 03:00:00,0.0
2024-10-14 04:00:00,0.0
2024-10-14 05:00:00,0.0
2024-10-14 06:00:00,82.65
2024-10-14 07:00:00,237.73
2024-10-14 08:00:00,457.5
2024-10-14 09:00:00,645.62
2024-10-14 10:00:00,750.47
2024-10-14 11:00:00,748.92
2024-10-14 12:00:00,662.3
2024-10-14 13:00:00,591.53
2024-10-14 14:00:00,451.12
2024-10-14 15:00:00,233.3
2024-10-14 16:00:00,86.2
2024-10-14 17:00:00,0.0
2024-10-14 18:00:00,0.0
2024-10-14 19:00:00,0.0
2024-10-14 20:00:00,0.0
2024-10-14 21:00:00,0.0
2024-10-14 22:00:00,0.0
2024-10-14 23:00:00,0.0
2024-10-15 00:00:00,0.0
2024-10-15 01:00:00,0.0
2024-10-15 02:00:00,0.0
2024-10-15 03:00:00,0.0
2024-10-15 04:00:00,0.0
2024-10-15 05:00:00,0.0
2024-10-15 06:00:00,61.5
2024-10-15 07:00:00,187.45
2024-10-15 08:00:00,346.15
2024-10-15 09:00:00,511.48
2024-10-15 10:00:00,640.4
2024-10-15 11:00:00,632.45
2024-10-15 12:00:00,594.97
2024-10-15 13:00:00,493.75
2024-10-15 14:00:00,390.65
2024-10-15 15:00:00,214.0
2024-10-15 16:00:00,78.65
2024-10-15 17:00:00,0.0
2024-10-15 18:00:00,0.0
2024-10-15 19:00:00,0.0
2024-10-15 20:00:00,0.0
2024-10-15 21:00:00,0.0
2024-10-15 22:00:00,0.0
2024-10-15 23:00:00,0.0
2024-10-16 00:00:00,0.0
2024-10-16 01:00:00,0.0
2024-10-16 02:00:00,0.0
2024-10-16 03:00:00,0.0
2024-10-16 04:00:00,0.0
2024-10-16 05:00:00,0.0
2024-10-16 06:00:00,73.85
2024-10-16 07:00:00,226.18
2024-10-16 08:00:00,440.45
2024-10-16 09:00:00,602.75
2024-10-16 10:00:00,700.6
2024-10-16 11:00:00,708.0
2024-10-16 12:00:00,647.65
2024-10-16 13:00:00,562.4
2024-10-16 14:00:00,414.77
2024-10-16 15:00:00,251.07
2024-10-16 16:00:00,92.35
2024-10-16 17:00:00,0.0
2024-10-16 18:00:00,0.0
2024-10-16 19:00:00,0.0
2024-10-16 20:00:00,0.0
2024-10-16 21:00:00,0.0
2024-10-16 22:00:00,0.0
2024-10-16 23:00:00,0.0
2024-10-17 00:00:00,0.0
2024-10-17 01:00:00,0.0
2024-10-17 02:00:00,0.0
2024-10-17 03:00:00,0.0
2024-10-17 04:00:00,0.0
2024-10-17 05:00:00,0.0
2024-10-17 06:00:00,76.22
2024-10-17 07:00:00,243.02
2024-10-17 08:00:00,435.05
2024-10-17 09:00:00,612.88
2024-10-17 10:00:00,754.6
2024-10-17 11:00:00,777.47
2024-10-17 12:00:00,732.55
2024-10-17 13:00:00,550.53
2024-10-17 14:00:00,407.2
2024-10-17 15:00:00,205.77
2024-10-17 16:00:00,64.47
2024-10-17 17:00:00,0.0
2024-10-17 18:00:00,0.0
2024-10-17 19:00:00,0.0
2024-10-17 20:00:00,0.0
2024-10-17 21:00:00,0.0
2024-10-17 22:00:00,0.0
2024-10-17 23:00:00,0.0
2024-10-18 00:00:00,0.0
2024-10-18 01:00:00,0.0
2024-10-18 02:00:00,0.0
2024-10-18 03:00:00,0.0
2024-10-18 04:00:00,0.0
2024-10-18 05:00:00,0.0
2024-10-18 06:00:00,54.5
2024-10-18 07:00:00,172.1
2024-10-18 08:00:00,319.6
2024-10-18 09:00:00,419.12
2024-10-18 10:00:00,445.67
2024-10-18 11:00:00,413.58
2024-10-18 12:00:00,347.48
2024-10-18 13:00:00,280.67
2024-10-18 14:00:00,228.2
2024-10-18 15:00:00,127.22
2024-10-18 16:00:00,45.58
2024-10-18 17:00:00,0.0
2024-10-18 18:00:00,0.0
2024-10-18 19:00:00,0.0
2024-10-18 20:00:00,0.0
2024-10-18 21:00:00,0.0
2024-10-18 22:00:00,0.0
2024-10-18 23:00:00,0.0
2024-10-19 00:00:00,0.0
2024-10-19 01:00:00,0.0
2024-10-19 02:00:00,0.0
2024-10-19 03:00:00,0.0
2024-10-19 04:00:00,0.0
2024-10-19 05:00:00,0.0
2024-10-19 06:00:00,24.25
2024-10-19 07:00:00,73.35
2024-10-19 08:00:00,128.38
2024-10-19 09:00:00,295.65
2024-10-19 10:00:00,452.45
2024-10-19 11:00:00,475.55
2024-10-19 12:00:00,478.27
2024-10-19 13:00:00,466.42
2024-10-19 14:00:00,346.23
2024-10-19 15:00:00,196.25
2024-10-19 16:00:00,61.83
2024-10-19 17:00:00,0.0
2024-10-19 18:00:00,0.0
2024-10-19 19:00:00,0.0
2024-10-19 20:00:00,0.0
2024-10-19 21:00:00,0.0
2024-10-19 22:00:00,0.0
2024-10-19 23:00:00,0.0
2024-10-20 00:00:00,0.0
2024-10-20 01:00:00,0.0
2024-10-20 02:00:00,0.0
2024-10-20 03:00:00,0.0
2024-10-20 04:00:00,0.0
2024-10-20 05:00:00,0.0
2024-10-20 06:00:00,62.85
2024-10-20 07:00:00,223.55
2024-10-20 08:00:00,390.73
2024-10-20 09:00:00,523.53
2024-10-20 10:00:00,650.7
2024-10-20 11:00:00,689.97
2024-10-20 12:00:00,627.78
2024-10-20 13:00:00,540.5
2024-10-20 14:00:00,418.45
2024-10-20 15:00:00,247.6
2024-10-20 16:00:00,85.55
2024-10-20 17:00:00,0.0
2024-10-20 18:00:00,0.0
2024-10-20 19:00:00,0.0
2024-10-20 20:00:00,0.0
2024-10-20 21:00:00,0.0
2024-10-20 22:00:00,0.0
2024-10-20 23:00:00,0.0
2024-10-21 00:00:00,0.0
2024-10-21 01:00:00,0.0
2024-10-21 02:00:00,0.0
2024-10-21 03:00:00,0.0
2024-10-21 04:00:00,0.0
2024-10-21 05:00:00,0.0
2024-10-21 06:00:00,75.53
2024-10-21 07:00:00,236.5
2024-10-21 08:00:00,436.1
2024-10-21 09:00:00,601.62
2024-10-21 10:00:00,701.17
2024-10-21 11:00:00,721.05
2024-10-21 12:00:00,670.1
2024-10-21 13:00:00,582.12
2024-10-21 14:00:00,423.85
2024-10-21 15:00:00,241.77
2024-10-21 16:00:00,75.78
2024-10-21 17:00:00,0.0
2024-10-21 18:00:00,0.0
2024-10-21 19:00:00,0.0
2024-10-21 20:00:00,0.0
2024-10-21 21:00:00,0.0
2024-10-21 22:00:00,0.0
2024-10-21 23:00:00,0.0
2024-10-22 00:00:00,0.0
2024-10-22 01:00:00,0.0
2024-10-22 02:00:00,0.0
2024-10-22 03:00:00,0.0
2024-10-22 04:00:00,0.0
2024-10-22 05:00:00,0.0
2024-10-22 06:00:00,75.45
2024-10-22 07:00:00,249.15
2024-10-22 08:00:00,435.4
2024-10-22 09:00:00,577.22
2024-10-22 10:00:00,664.88
2024-10-22 11:00:00,712.7
2024-10-22 12:00:00,667.88
2024-10-22 13:00:00,584.3
2024-10-22 14:00:00,435.05
2024-10-22 15:00:00,249.32
2024-10-22 16:00:00,74.3
2024-10-22 17:00:00,0.0
2024-10-22 18:00:00,0.0
2024-10-22 19:00:00,0.0
2024-10-22 20:00:00,0.0
2024-10-22 21:00:00,0.0
2024-10-22 22:00:00,0.0
2024-10-22 23:00:00,0.0
2024-10-23 00:00:00,0.0
2024-10-23 01:00:00,0.0
2024-10-23 02:00:00,0.0
2024-10-23 03:00:00,0.0
2024-10-23 04:00:00,0.0
2024-10-23 05:00:00,0.0
2024-10-23 06:00:00,34.03
2024-10-23 07:00:00,107.62
2024-10-23 08:00:00,192.7
2024-10-23 09:00:00,246.02
2024-10-23 10:00:00,298.65
2024-10-23 11:00:00,324.45
2024-10-23 12:00:00,207.85
2024-10-23 13:00:00,227.57
2024-10-23 14:00:00,167.32
2024-10-23 15:00:00,81.97
2024-10-23 16:00:00,25.92
2024-10-23 17:00:00,0.0
2024-10-23 18:00:00,0.0
2024-10-23 19:00:00,0.0
2024-10-23 20:00:00,0.0
2024-10-23 21:00:00,0.0
2024-10-23 22:00:00,0.0
2024-10-23 23:00:00,0.0
2024-10-24 00:00:00,0.0
2024-10-24 01:00:00,0.0
2024-10-24 02:00:00,0.0
2024-10-24 03:00:00,0.0
2024-10-24 04:00:00,0.0
2024-10-24 05:00:00,0.0
2024-10-24 06:00:00,37.78
2024-10-24 07:00:00,107.62
2024-10-24 08:00:00,192.02
2024-10-24 09:00:00,404.1
2024-10-24 10:00:00,488.65
2024-10-24 11:00:00,479.12
2024-10-24 12:00:00,392.48
2024-10-24 13:00:00,370.5
2024-10-24 14:00:00,280.1
2024-10-24 15:00:00,160.68
2024-10-24 16:00:00,46.53
2024-10-24 17:00:00,0.0
2024-10-24 18:00:00,0.0
2024-10-24 19:00:00,0.0
2024-10-24 20:00:00,0.0
2024-10-24 21:00:00,0.0
2024-10-24 22:00:00,0.0
2024-10-24 23:00:00,0.0
2024-10-25 00:00:00,0.0
2024-10-25 01:00:00,0.0
2024-10-25 02:00:00,0.0
2024-10-25 03:00:00,0.0
2024-10-25 04:00:00,0.0
2024-10-25 05:00:00,0.0
2024-10-25 06:00:00,73.6
2024-10-25 07:00:00,230.5
2024-10-25 08:00:00,392.17
2024-10-25 09:00:00,515.5
2024-10-25 10:00:00,601.75
2024-10-25 11:00:00,636.83
2024-10-25 12:00:00,610.55
2024-10-25 13:00:00,505.85
2024-10-25 14:00:00,386.52
2024-10-25 15:00:00,207.52
2024-10-25 16:00:00,62.3
2024-10-25 17:00:00,0.0
2024-10-25 18:00:00,0.0
2024-10-25 19:00:00,0.0
2024-10-25 20:00:00,0.0
2024-10-25 21:00:00,0.0
2024-10-25 22:00:00,0.0
2024-10-25 23:00:00,0.0
2024-10-26 00:00:00,0.0
2024-10-26 01:00:00,0.0
2024-10-26 02:00:00,0.0
2024-10-26 03:00:00,0.0
2024-10-26 04:00:00,0.0
2024-10-26 05:00:00,0.0
2024-10-26 06:00:00,61.42
2024-10-26 07:00:00,223.7
2024-10-26 08:00:00,406.98
2024-10-26 09:00:00,520.28
2024-10-26 10:00:00,597.35
2024-10-26 11:00:00,679.4
2024-10-26 12:00:00,650.97
2024-10-26 13:00:00,531.5
2024-10-26 14:00:00,334.33
2024-10-26 15:00:00,188.45
2024-10-26 16:00:00,53.88
2024-10-26 17:00:00,0.0
2024-10-26 18:00:00,0.0
2024-10-26 19:00:00,0.0
2024-10-26 20:00:00,0.0
2024-10-26 21:00:00,0.0
2024-10-26 22:00:00,0.0
2024-10-26 23:00:00,0.0
2024-10-27 00:00:00,0.0
2024-10-27 01:00:00,0.0
2024-10-27 02:00:00,0.0
2024-10-27 03:00:00,0.0
2024-10-27 04:00:00,0.0
2024-10-27 05:00:00,0.0
2024-10-27 06:00:00,57.15
2024-10-27 07:00:00,218.1
2024-10-27 08:00:00,388.75
2024-10-27 09:00:00,579.78
2024-10-27 10:00:00,690.42
2024-10-27 11:00:00,751.47
2024-10-27 12:00:00,710.45
2024-10-27 13:00:00,585.33
2024-10-27 14:00:00,419.15
2024-10-27 15:00:00,229.98
2024-10-27 16:00:00,64.53
2024-10-27 17:00:00,0.0
2024-10-27 18:00:00,0.0
2024-10-27 19:00:00,0.0
2024-10-27 20:00:00,0.0
2024-10-27 21:00:00,0.0
2024-10-27 22:00:00,0.0
2024-10-27 23:00:00,0.0
2024-10-28 00:00:00,0.0
2024-10-28 01:00:00,0.0
2024-10-28 02:00:00,0.0
2024-10-28 03:00:00,0.0
2024-10-28 04:00:00,0.0
2024-10-28 05:00:00,0.0
2024-10-28 06:00:00,65.25
2024-10-28 07:00:00,230.15
2024-10-28 08:00:00,435.4
2024-10-28 09:00:00,621.58
2024-10-28 10:00:00,742.83
2024-10-28 11:00:00,777.62
2024-10-28 12:00:00,730.75
2024-10-28 13:00:00,641.8
2024-10-28 14:00:00,479.27
2024-10-28 15:00:00,272.52
2024-10-28 16:00:00,75.3
2024-10-28 17:00:00,0.0
2024-10-28 18:00:00,0.0
2024-10-28 19:00:00,0.0
2024-10-28 20:00:00,0.0
2024-10-28 21:00:00,0.0
2024-10-28 22:00:00,0.0
2024-10-28 23:00:00,0.0
2024-10-29 00:00:00,0.0
2024-10-29 01:00:00,0.0
2024-10-29 02:00:00,0.0
2024-10-29 03:00:00,0.0
2024-10-29 04:00:00,0.0
2024-10-29 05:00:00,0.0
2024-10-29 06:00:00,65.07
2024-10-29 07:00:00,233.52
2024-10-29 08:00:00,415.7
2024-10-29 09:00:00,578.38
2024-10-29 10:00:00,714.58
2024-10-29 11:00:00,758.28
2024-10-29 12:00:00,723.5
2024-10-29 13:00:00,607.97
2024-10-29 14:00:00,454.67
2024-10-29 15:00:00,244.12
2024-10-29 16:00:00,66.03
2024-10-29 17:00:00,0.0
2024-10-29 18:00:00,0.0
2024-10-29 19:00:00,0.0
2024-10-29 20:00:00,0.0
2024-10-29 21:00:00,0.0
2024-10-29 22:00:00,0.0
2024-10-29 23:00:00,0.0
2024-10-30 00:00:00,0.0
2024-10-30 01:00:00,0.0
2024-10-30 02:00:00,0.0
2024-10-30 03:00:00,0.0
2024-10-30 04:00:00,0.0
2024-10-30 05:00:00,0.0
2024-10-30 06:00:00,56.33
2024-10-30 07:00:00,198.32
2024-10-30 08:00:00,359.7
2024-10-30 09:00:00,510.2
2024-10-30 10:00:00,645.0
2024-10-30 11:00:00,645.28
2024-10-30 12:00:00,689.92
2024-10-30 13:00:00,465.58
2024-10-30 14:00:00,352.33
2024-10-30 15:00:00,163.38
2024-10-30 16:00:00,46.5
2024-10-30 17:00:00,0.0
2024-10-30 18:00:00,0.0
2024-10-30 19:00:00,0.0
2024-10-30 20:00:00,0.0
2024-10-30 21:00:00,0.0
2024-10-30 22:00:00,0.0
2024-10-30 23:00:00,0.0
2024-10-31 00:00:00,0.0
2024-10-31 01:00:00,0.0
2024-10-31 02:00:00,0.0
2024-10-31 03:00:00,0.0
2024-10-31 04:00:00,0.0
2024-10-31 05:00:00,0.0
2024-10-31 06:00:00,31.98
2024-10-31 07:00:00,109.05
2024-10-31 08:00:00,179.8
2024-10-31 09:00:00,286.67
2024-10-31 10:00:00,361.77
2024-10-31 11:00:00,451.85
2024-10-31 12:00:00,516.58
2024-10-31 13:00:00,466.17
2024-10-31 14:00:00,398.4
2024-10-31 15:00:00,230.95
2024-10-31 16:00:00,61.38
2024-10-31 17:00:00,0.0
2024-10-31 18:00:00,0.0
2024-10-31 19:00:00,0.0
2024-10-31 20:00:00,0.0
2024-10-31 21:00:00,0.0
2024-10-31 22:00:00,0.0
2024-10-31 23:00:00,0.0
2024-11-01 00:00:00,0.0
2024-11-01 01:00:00,0.0
2024-11-01 02:00:00,0.0
2024-11-01 03:00:00,0.0
2024-11-01 04:00:00,0.0
2024-11-01 05:00:00,0.1
2024-11-01 06:00:00,40.3
2024-11-01 07:00:00,170.75
2024-11-01 08:00:00,304.15
2024-11-01 09:00:00,476.5
2024-11-01 10:00:00,613.83
2024-11-01 11:00:00,698.08
2024-11-01 12:00:00,659.58
2024-11-01 13:00:00,555.1
2024-11-01 14:00:00,354.6
2024-11-01 15:00:00,182.82
2024-11-01 16:00:00,48.58
2024-11-01 17:00:00,0.0
2024-11-01 18:00:00,0.0
2024-11-01 19:00:00,0.0
2024-11-01 20:00:00,0.0
2024-11-01 21:00:00,0.0
2024-11-01 22:00:00,0.0
2024-11-01 23:00:00,0.0
2024-11-02 00:00:00,0.0
2024-11-02 01:00:00,0.0
2024-11-02 02:00:00,0.0
2024-11-02 03:00:00,0.0
2024-11-02 04:00:00,0.0
2024-11-02 05:00:00,0.0
2024-11-02 06:00:00,49.8
2024-11-02 07:00:00,201.93
2024-11-02 08:00:00,383.52
2024-11-02 09:00:00,553.55
2024-11-02 10:00:00,669.1
2024-11-02 11:00:00,740.65
2024-11-02 12:00:00,702.5
2024-11-02 13:00:00,603.7
2024-11-02 14:00:00,440.23
2024-11-02 15:00:00,236.2
2024-11-02 16:00:00,59.47
2024-11-02 17:00:00,0.0
2024-11-02 18:00:00,0.0
2024-11-02 19:00:00,0.0
2024-11-02 20:00:00,0.0
2024-11-02 21:00:00,0.0
2024-11-02 22:00:00,0.0
2024-11-02 23:00:00,0.0
2024-11-03 00:00:00,0.0
2024-11-03 01:00:00,0.0
2024-11-03 02:00:00,0.0
2024-11-03 03:00:00,0.0
2024-11-03 04:00:00,0.0
2024-11-03 05:00:00,0.0
2024-11-03 06:00:00,52.38
2024-11-03 07:00:00,214.5
2024-11-03 08:00:00,397.67
2024-11-03 09:00:00,564.97
2024-11-03 10:00:00,698.17
2024-11-03 11:00:00,766.7
2024-11-03 12:00:00,731.17
2024-11-03 13:00:00,627.6
2024-11-03 14:00:00,466.7
2024-11-03 15:00:00,263.4
2024-11-03 16:00:00,66.15
2024-11-03 17:00:00,0.0
2024-11-03 18:00:00,0.0
2024-11-03 19:00:00,0.0
2024-11-03 20:00:00,0.0
2024-11-03 21:00:00,0.0
2024-11-03 22:00:00,0.0
2024-11-03 23:00:00,0.0
2024-11-04 00:00:00,0.0
2024-11-04 01:00:00,0.0
2024-11-04 02:00:00,0.0
2024-11-04 03:00:00,0.0
2024-11-04 04:00:00,0.0
2024-11-04 05:00:00,0.0
2024-11-04 06:00:00,59.58
2024-11-04 07:00:00,237.2
2024-11-04 08:00:00,426.5
2024-11-04 09:00:00,603.3
2024-11-04 10:00:00,719.6
2024-11-04 11:00:00,763.3
2024-11-04 12:00:00,727.1
2024-11-04 13:00:00,621.95
2024-11-04 14:00:00,457.48
2024-11-04 15:00:00,249.93
2024-11-04 16:00:00,59.35
2024-11-04 17:00:00,0.0
2024-11-04 18:00:00,0.0
2024-11-04 19:00:00,0.0
2024-11-04 20:00:00,0.0
2024-11-04 21:00:00,0.0
2024-11-04 22:00:00,0.0
2024-11-04 23:00:00,0.0
2024-11-05 00:00:00,0.0
2024-11-05 01:00:00,0.0
2024-11-05 02:00:00,0.0
2024-11-05 03:00:00,0.0
2024-11-05 04:00:00,0.0
2024-11-05 05:00:00,0.0
2024-11-05 06:00:00,40.7
2024-11-05 07:00:00,156.93
2024-11-05 08:00:00,293.5
2024-11-05 09:00:00,481.4
2024-11-05 10:00:00,592.28
2024-11-05 11:00:00,653.1
2024-11-05 12:00:00,563.0
2024-11-05 13:00:00,498.9
2024-11-05 14:00:00,371.8
2024-11-05 15:00:00,193.7
2024-11-05 16:00:00,44.05
2024-11-05 17:00:00,0.0
2024-11-05 18:00:00,0.0
2024-11-05 19:00:00,0.0
2024-11-05 20:00:00,0.0
2024-11-05 21:00:00,0.0
2024-11-05 22:00:00,0.0
2024-11-05 23:00:00,0.0
2024-11-06 00:00:00,0.0
2024-11-06 01:00:00,0.0
2024-11-06 02:00:00,0.0
2024-11-06 03:00:00,0.0
2024-11-06 04:00:00,0.0
2024-11-06 05:00:00,0.0
2024-11-06 06:00:00,46.15
2024-11-06 07:00:00,200.85
2024-11-06 08:00:00,383.45
2024-11-06 09:00:00,460.8
2024-11-06 10:00:00,516.97
2024-11-06 11:00:00,531.33
2024-11-06 12:00:00,470.48
2024-11-06 13:00:00,405.25
2024-11-06 14:00:00,299.17
2024-11-06 15:00:00,162.25
2024-11-06 16:00:00,38.58
2024-11-06 17:00:00,0.0
2024-11-06 18:00:00,0.0
2024-11-06 19:00:00,0.0
2024-11-06 20:00:00,0.0
2024-11-06 21:00:00,0.0
2024-11-06 22:00:00,0.0
2024-11-06 23:00:00,0.0
2024-11-07 00:00:00,0.0
2024-11-07 01:00:00,0.0
2024-11-07 02:00:00,0.0
2024-11-07 03:00:00,0.0
2024-11-07 04:00:00,0.0
2024-11-07 05:00:00,0.0
2024-11-07 06:00:00,33.45
2024-11-07 07:00:00,152.8
2024-11-07 08:00:00,285.92
2024-11-07 09:00:00,413.75
2024-11-07 10:00:00,497.77
2024-11-07 11:00:00,554.53
2024-11-07 12:00:00,531.22
2024-11-07 13:00:00,452.05
2024-11-07 14:00:00,301.08
2024-11-07 15:00:00,158.38
2024-11-07 16:00:00,35.1
2024-11-07 17:00:00,0.0
2024-11-07 18:00:00,0.0
2024-11-07 19:00:00,0.0
2024-11-07 20:00:00,0.0
2024-11-07 21:00:00,0.0
2024-11-07 22:00:00,0.0
2024-11-07 23:00:00,0.0
2024-11-08 00:00:00,0.0
2024-11-08 01:00:00,0.0
2024-11-08 02:00:00,0.0
2024-11-08 03:00:00,0.0
2024-11-08 04:00:00,0.0
2024-11-08 05:00:00,0.0
2024-11-08 06:00:00,55.92
2024-11-08 07:00:00,225.9
2024-11-08 08:00:00,393.27
2024-11-08 09:00:00,505.23
2024-11-08 10:00:00,602.8
2024-11-08 11:00:00,658.67
2024-11-08 12:00:00,581.33
2024-11-08 13:00:00,557.15
2024-11-08 14:00:00,410.62
2024-11-08 15:00:00,230.48
2024-11-08 16:00:00,54.72
2024-11-08 17:00:00,0.0
2024-11-08 18:00:00,0.0
2024-11-08 19:00:00,0.0
2024-11-08 20:00:00,0.0
2024-11-08 21:00:00,0.0
2024-11-08 22:00:00,0.0
2024-11-08 23:00:00,0.0
2024-11-09 00:00:00,0.0
2024-11-09 01:00:00,0.0
2024-11-09 02:00:00,0.0
2024-11-09 03:00:00,0.0
2024-11-09 04:00:00,0.0
2024-11-09 05:00:00,0.0
2024-11-09 06:00:00,53.47
2024-11-09 07:00:00,240.32
2024-11-09 08:00:00,436.65
2024-11-09 09:00:00,597.75
2024-11-09 10:00:00,680.22
2024-11-09 11:00:00,708.83
2024-11-09 12:00:00,609.22
2024-11-09 13:00:00,608.35
2024-11-09 14:00:00,445.17
2024-11-09 15:00:00,251.0
2024-11-09 16:00:00,58.03
2024-11-09 17:00:00,0.0
2024-11-09 18:00:00,0.0
2024-11-09 19:00:00,0.0
2024-11-09 20:00:00,0.0
2024-11-09 21:00:00,0.0
2024-11-09 22:00:00,0.0
2024-11-09 23:00:00,0.0
2024-11-10 00:00:00,0.0
2024-11-10 01:00:00,0.0
2024-11-10 02:00:00,0.0
2024-11-10 03:00:00,0.0
2024-11-10 04:00:00,0.0
2024-11-10 05:00:00,0.0
2024-11-10 06:00:00,56.05
2024-11-10 07:00:00,251.48
2024-11-10 08:00:00,452.25
2024-11-10 09:00:00,615.35
2024-11-10 10:00:00,726.5
2024-11-10 11:00:00,736.85
2024-11-10 12:00:00,610.62
2024-11-10 13:00:00,575.38
2024-11-10 14:00:00,425.3
2024-11-10 15:00:00,238.65
2024-11-10 16:00:00,54.75
2024-11-10 17:00:00,0.0
2024-11-10 18:00:00,0.0
2024-11-10 19:00:00,0.0
2024-11-10 20:00:00,0.0
2024-11-10 21:00:00,0.0
2024-11-10 22:00:00,0.0
2024-11-10 23:00:00,0.0
2024-11-11 00:00:00,0.0
2024-11-11 01:00:00,0.0
2024-11-11 02:00:00,0.0
2024-11-11 03:00:00,0.0
2024-11-11 04:00:00,0.0
2024-11-11 05:00:00,0.0
2024-11-11 06:00:00,50.83
2024-11-11 07:00:00,240.88
2024-11-11 08:00:00,432.58
2024-11-11 09:00:00,599.08
2024-11-11 10:00:00,715.58
2024-11-11 11:00:00,725.05
2024-11-11 12:00:00,715.25
2024-11-11 13:00:00,564.03
2024-11-11 14:00:00,419.55
2024-11-11 15:00:00,236.9
2024-11-11 16:00:00,53.65
2024-11-11 17:00:00,0.0
2024-11-11 18:00:00,0.0
2024-11-11 19:00:00,0.0
2024-11-11 20:00:00,0.0
2024-11-11 21:00:00,0.0
2024-11-11 22:00:00,0.0
2024-11-11 23:00:00,0.0
2024-11-12 00:00:00,0.0
2024-11-12 01:00:00,0.0
2024-11-12 02:00:00,0.0
2024-11-12 03:00:00,0.0
2024-11-12 04:00:00,0.0
2024-11-12 05:00:00,0.0
2024-11-12 06:00:00,43.95
2024-11-12 07:00:00,199.7
2024-11-12 08:00:00,363.45
2024-11-12 09:00:00,557.08
2024-11-12 10:00:00,657.35
2024-11-12 11:00:00,689.5
2024-11-12 12:00:00,622.42
2024-11-12 13:00:00,548.05
2024-11-12 14:00:00,394.55
2024-11-12 15:00:00,215.85
2024-11-12 16:00:00,48.5
2024-11-12 17:00:00,0.0
2024-11-12 18:00:00,0.0
2024-11-12 19:00:00,0.0
2024-11-12 20:00:00,0.0
2024-11-12 21:00:00,0.0
2024-11-12 22:00:00,0.0
2024-11-12 23:00:00,0.0
2024-11-13 00:00:00,0.0
2024-11-13 01:00:00,0.0
2024-11-13 02:00:00,0.0
2024-11-13 03:00:00,0.0
2024-11-13 04:00:00,0.0
2024-11-13 05:00:00,0.0
2024-11-13 06:00:00,44.25
2024-11-13 07:00:00,216.88
2024-11-13 08:00:00,407.0
2024-11-13 09:00:00,571.5
2024-11-13 10:00:00,697.4
2024-11-13 11:00:00,760.7
2024-11-13 12:00:00,710.55
2024-11-13 13:00:00,616.62
2024-11-13 14:00:00,453.5
2024-11-13 15:00:00,253.43
2024-11-13 16:00:00,55.03
2024-11-13 17:00:00,0.0
2024-11-13 18:00:00,0.0
2024-11-13 19:00:00,0.0
2024-11-13 20:00:00,0.0
2024-11-13 21:00:00,0.0
2024-11-13 22:00:00,0.0
2024-11-13 23:00:00,0.0
2024-11-14 00:00:00,0.0
2024-11-14 01:00:00,0.0
2024-11-14 02:00:00,0.0
2024-11-14 03:00:00,0.0
2024-11-14 04:00:00,0.0
2024-11-14 05:00:00,0.0
2024-11-14 06:00:00,41.47
2024-11-14 07:00:00,219.23
2024-11-14 08:00:00,402.8
2024-11-14 09:00:00,563.45
2024-11-14 10:00:00,689.47
2024-11-14 11:00:00,761.28
2024-11-14 12:00:00,723.35
2024-11-14 13:00:00,629.55
2024-11-14 14:00:00,466.02
2024-11-14 15:00:00,261.38
2024-11-14 16:00:00,56.92
2024-11-14 17:00:00,0.0
2024-11-14 18:00:00,0.0
2024-11-14 19:00:00,0.0
2024-11-14 20:00:00,0.0
2024-11-14 21:00:00,0.0
2024-11-14 22:00:00,0.0
2024-11-14 23:00:00,0.0
2024-11-15 00:00:00,0.0
2024-11-15 01:00:00,0.0
2024-11-15 02:00:00,0.0
2024-11-15 03:00:00,0.0
2024-11-15 04:00:00,0.0
2024-11-15 05:00:00,0.0
2024-11-15 06:00:00,43.3
2024-11-15 07:00:00,228.95
2024-11-15 08:00:00,417.08
2024-11-15 09:00:00,581.97
2024-11-15 10:00:00,702.4
2024-11-15 11:00:00,771.03
2024-11-15 12:00:00,738.08
2024-11-15 13:00:00,616.9
2024-11-15 14:00:00,458.0
2024-11-15 15:00:00,261.33
2024-11-15 16:00:00,56.9
2024-11-15 17:00:00,0.0
2024-11-15 18:00:00,0.0
2024-11-15 19:00:00,0.0
2024-11-15 20:00:00,0.0
2024-11-15 21:00:00,0.0
2024-11-15 22:00:00,0.0
2024-11-15 23:00:00,0.0
2024-11-16 00:00:00,0.0
2024-11-16 01:00:00,0.0
2024-11-16 02:00:00,0.0
2024-11-16 03:00:00,0.0
2024-11-16 04:00:00,0.0
2024-11-16 05:00:00,0.0
2024-11-16 06:00:00,41.47
2024-11-16 07:00:00,223.35
2024-11-16 08:00:00,417.02
2024-11-16 09:00:00,581.9
2024-11-16 10:00:00,706.83
2024-11-16 11:00:00,760.05
2024-11-16 12:00:00,721.33
2024-11-16 13:00:00,599.5
2024-11-16 14:00:00,442.73
2024-11-16 15:00:00,249.95
2024-11-16 16:00:00,51.88
2024-11-16 17:00:00,0.0
2024-11-16 18:00:00,0.0
2024-11-16 19:00:00,0.0
2024-11-16 20:00:00,0.0
2024-11-16 21:00:00,0.0
2024-11-16 22:00:00,0.0
2024-11-16 23:00:00,0.0
2024-11-17 00:00:00,0.0
2024-11-17 01:00:00,0.0
2024-11-17 02:00:00,0.0
2024-11-17 03:00:00,0.0
2024-11-17 04:00:00,0.0
2024-11-17 05:00:00,0.0
2024-11-17 06:00:00,37.97
2024-11-17 07:00:00,214.73
2024-11-17 08:00:00,395.1
2024-11-17 09:00:00,571.58
2024-11-17 10:00:00,665.95
2024-11-17 11:00:00,734.28
2024-11-17 12:00:00,713.05
2024-11-17 13:00:00,589.22
2024-11-17 14:00:00,437.73
2024-11-17 15:00:00,246.2
2024-11-17 16:00:00,51.4
2024-11-17 17:00:00,0.0
2024-11-17 18:00:00,0.0
2024-11-17 19:00:00,0.0
2024-11-17 20:00:00,0.0
2024-11-17 21:00:00,0.0
2024-11-17 22:00:00,0.0
2024-11-17 23:00:00,0.0
2024-11-18 00:00:00,0.0
2024-11-18 01:00:00,0.0
2024-11-18 02:00:00,0.0
2024-11-18 03:00:00,0.0
2024-11-18 04:00:00,0.0
2024-11-18 05:00:00,0.0
2024-11-18 06:00:00,36.35
2024-11-18 07:00:00,214.52
2024-11-18 08:00:00,401.88
2024-11-18 09:00:00,566.7
2024-11-18 10:00:00,687.75
2024-11-18 11:00:00,754.72
2024-11-18 12:00:00,722.38
2024-11-18 13:00:00,623.65
2024-11-18 14:00:00,462.15
2024-11-18 15:00:00,259.35
2024-11-18 16:00:00,54.9
2024-11-18 17:00:00,0.0
2024-11-18 18:00:00,0.0
2024-11-18 19:00:00,0.0
2024-11-18 20:00:00,0.0
2024-11-18 21:00:00,0.0
2024-11-18 22:00:00,0.0
2024-11-18 23:00:00,0.0
2024-11-19 00:00:00,0.0
2024-11-19 01:00:00,0.0
2024-11-19 02:00:00,0.0
2024-11-19 03:00:00,0.0
2024-11-19 04:00:00,0.0
2024-11-19 05:00:00,0.0
2024-11-19 06:00:00,40.2
2024-11-19 07:00:00,227.07
2024-11-19 08:00:00,414.67
2024-11-19 09:00:00,577.78
2024-11-19 10:00:00,705.62
2024-11-19 11:00:00,755.92
2024-11-19 12:00:00,721.1
2024-11-19 13:00:00,616.85
2024-11-19 14:00:00,452.92
2024-11-19 15:00:00,251.02
2024-11-19 16:00:00,51.0
2024-11-19 17:00:00,0.0
2024-11-19 18:00:00,0.0
2024-11-19 19:00:00,0.0
2024-11-19 20:00:00,0.0
2024-11-19 21:00:00,0.0
2024-11-19 22:00:00,0.0
2024-11-19 23:00:00,0.0
2024-11-20 00:00:00,0.0
2024-11-20 01:00:00,0.0
2024-11-20 02:00:00,0.0
2024-11-20 03:00:00,0.0
2024-11-20 04:00:00,0.0
2024-11-20 05:00:00,0.0
2024-11-20 06:00:00,31.3
2024-11-20 07:00:00,175.77
2024-11-20 08:00:00,325.52
2024-11-20 09:00:00,466.02
2024-11-20 10:00:00,445.98
2024-11-20 11:00:00,543.95
2024-11-20 12:00:00,504.95
2024-11-20 13:00:00,422.0
2024-11-20 14:00:00,293.8
2024-11-20 15:00:00,159.07
2024-11-20 16:00:00,32.0
2024-11-20 17:00:00,0.0
2024-11-20 18:00:00,0.0
2024-11-20 19:00:00,0.0
2024-11-20 20:00:00,0.0
2024-11-20 21:00:00,0.0
2024-11-20 22:00:00,0.0
2024-11-20 23:00:00,0.0
2024-11-21 00:00:00,0.0
2024-11-21 01:00:00,0.0
2024-11-21 02:00:00,0.0
2024-11-21 03:00:00,0.0
2024-11-21 04:00:00,0.0
2024-11-21 05:00:00,0.0
2024-11-21 06:00:00,22.73
2024-11-21 07:00:00,129.48
2024-11-21 08:00:00,245.05
2024-11-21 09:00:00,415.2
2024-11-21 10:00:00,535.45
2024-11-21 11:00:00,587.15
2024-11-21 12:00:00,592.97
2024-11-21 13:00:00,396.75
2024-11-21 14:00:00,282.33
2024-11-21 15:00:00,156.4
2024-11-21 16:00:00,30.52
2024-11-21 17:00:00,0.0
2024-11-21 18:00:00,0.0
2024-11-21 19:00:00,0.0
2024-11-21 20:00:00,0.0
2024-11-21 21:00:00,0.0
2024-11-21 22:00:00,0.0
2024-11-21 23:00:00,0.0
2024-11-22 00:00:00,0.0
2024-11-22 01:00:00,0.0
2024-11-22 02:00:00,0.0
2024-11-22 03:00:00,0.0
2024-11-22 04:00:00,0.0
2024-11-22 05:00:00,0.0
2024-11-22 06:00:00,27.4
2024-11-22 07:00:00,158.85
2024-11-22 08:00:00,289.52
2024-11-22 09:00:00,380.05
2024-11-22 10:00:00,555.12
2024-11-22 11:00:00,604.35
2024-11-22 12:00:00,541.35
2024-11-22 13:00:00,379.02
2024-11-22 14:00:00,268.73
2024-11-22 15:00:00,150.73
2024-11-22 16:00:00,32.53
2024-11-22 17:00:00,0.0
2024-11-22 18:00:00,0.0
2024-11-22 19:00:00,0.0
2024-11-22 20:00:00,0.0
2024-11-22 21:00:00,0.0
2024-11-22 22:00:00,0.0
2024-11-22 23:00:00,0.0
2024-11-23 00:00:00,0.0
2024-11-23 01:00:00,0.0
2024-11-23 02:00:00,0.0
2024-11-23 03:00:00,0.0
2024-11-23 04:00:00,0.0
2024-11-23 05:00:00,0.0
2024-11-23 06:00:00,26.08
2024-11-23 07:00:00,158.05
2024-11-23 08:00:00,296.33
2024-11-23 09:00:00,465.25
2024-11-23 10:00:00,604.67
2024-11-23 11:00:00,649.78
2024-11-23 12:00:00,578.22
2024-11-23 13:00:00,523.42
2024-11-23 14:00:00,382.8
2024-11-23 15:00:00,215.25
2024-11-23 16:00:00,42.53
2024-11-23 17:00:00,0.0
2024-11-23 18:00:00,0.0
2024-11-23 19:00:00,0.0
2024-11-23 20:00:00,0.0
2024-11-23 21:00:00,0.0
2024-11-23 22:00:00,0.0
2024-11-23 23:00:00,0.0
2024-11-24 00:00:00,0.0
2024-11-24 01:00:00,0.0
2024-11-24 02:00:00,0.0
2024-11-24 03:00:00,0.0
2024-11-24 04:00:00,0.0
2024-11-24 05:00:00,0.0
2024-11-24 06:00:00,25.8
2024-11-24 07:00:00,168.73
2024-11-24 08:00:00,325.25
2024-11-24 09:00:00,471.45
2024-11-24 10:00:00,612.58
2024-11-24 11:00:00,696.8
2024-11-24 12:00:00,665.17
2024-11-24 13:00:00,523.12
2024-11-24 14:00:00,389.3
2024-11-24 15:00:00,218.7
2024-11-24 16:00:00,41.6
2024-11-24 17:00:00,0.0
2024-11-24 18:00:00,0.0
2024-11-24 19:00:00,0.0
2024-11-24 20:00:00,0.0
2024-11-24 21:00:00,0.0
2024-11-24 22:00:00,0.0
2024-11-24 23:00:00,0.0
2024-11-25 00:00:00,0.0
2024-11-25 01:00:00,0.0
2024-11-25 02:00:00,0.0
2024-11-25 03:00:00,0.0
2024-11-25 04:00:00,0.0
2024-11-25 05:00:00,0.0
2024-11-25 06:00:00,24.12
2024-11-25 07:00:00,159.48
2024-11-25 08:00:00,314.33
2024-11-25 09:00:00,450.23
2024-11-25 10:00:00,600.15
2024-11-25 11:00:00,662.33
2024-11-25 12:00:00,670.6
2024-11-25 13:00:00,544.95
2024-11-25 14:00:00,403.67
2024-11-25 15:00:00,224.5
2024-11-25 16:00:00,42.92
2024-11-25 17:00:00,0.0
2024-11-25 18:00:00,0.0
2024-11-25 19:00:00,0.0
2024-11-25 20:00:00,0.0
2024-11-25 21:00:00,0.0
2024-11-25 22:00:00,0.0
2024-11-25 23:00:00,0.0
2024-11-26 00:00:00,0.0
2024-11-26 01:00:00,0.0
2024-11-26 02:00:00,0.0
2024-11-26 03:00:00,0.0
2024-11-26 04:00:00,0.0
2024-11-26 05:00:00,0.0
2024-11-26 06:00:00,25.23
2024-11-26 07:00:00,178.93
2024-11-26 08:00:00,355.62
2024-11-26 09:00:00,516.47
2024-11-26 10:00:00,627.28
2024-11-26 11:00:00,707.47
2024-11-26 12:00:00,677.5
2024-11-26 13:00:00,557.47
2024-11-26 14:00:00,416.35
2024-11-26 15:00:00,232.52
2024-11-26 16:00:00,44.9
2024-11-26 17:00:00,0.0
2024-11-26 18:00:00,0.0
2024-11-26 19:00:00,0.0
2024-11-26 20:00:00,0.0
2024-11-26 21:00:00,0.0
2024-11-26 22:00:00,0.0
2024-11-26 23:00:00,0.0
2024-11-27 00:00:00,0.0
2024-11-27 01:00:00,0.0
2024-11-27 02:00:00,0.0
2024-11-27 03:00:00,0.0
2024-11-27 04:00:00,0.0
2024-11-27 05:00:00,0.0
2024-11-27 06:00:00,27.02
2024-11-27 07:00:00,183.57
2024-11-27 08:00:00,366.77
2024-11-27 09:00:00,520.95
2024-11-27 10:00:00,624.03
2024-11-27 11:00:00,704.08
2024-11-27 12:00:00,680.35
2024-11-27 13:00:00,595.08
2024-11-27 14:00:00,434.75
2024-11-27 15:00:00,241.25
2024-11-27 16:00:00,46.22
2024-11-27 17:00:00,0.0
2024-11-27 18:00:00,0.0
2024-11-27 19:00:00,0.0
2024-11-27 20:00:00,0.0
2024-11-27 21:00:00,0.0
2024-11-27 22:00:00,0.0
2024-11-27 23:00:00,0.0
2024-11-28 00:00:00,0.0
2024-11-28 01:00:00,0.0
2024-11-28 02:00:00,0.0
2024-11-28 03:00:00,0.0
2024-11-28 04:00:00,0.0
2024-11-28 05:00:00,0.0
2024-11-28 06:00:00,23.2
2024-11-28 07:00:00,180.9
2024-11-28 08:00:00,344.45
2024-11-28 09:00:00,494.95
2024-11-28 10:00:00,589.72
2024-11-28 11:00:00,652.47
2024-11-28 12:00:00,602.72
2024-11-28 13:00:00,534.12
2024-11-28 14:00:00,384.75
2024-11-28 15:00:00,205.9
2024-11-28 16:00:00,37.95
2024-11-28 17:00:00,0.0
2024-11-28 18:00:00,0.0
2024-11-28 19:00:00,0.0
2024-11-28 20:00:00,0.0
2024-11-28 21:00:00,0.0
2024-11-28 22:00:00,0.0
2024-11-28 23:00:00,0.0
2024-11-29 00:00:00,0.0
2024-11-29 01:00:00,0.0
2024-11-29 02:00:00,0.0
2024-11-29 03:00:00,0.0
2024-11-29 04:00:00,0.0
2024-11-29 05:00:00,0.0
2024-11-29 06:00:00,20.55
2024-11-29 07:00:00,143.65
2024-11-29 08:00:00,272.75
2024-11-29 09:00:00,458.38
2024-11-29 10:00:00,457.73
2024-11-29 11:00:00,626.97
2024-11-29 12:00:00,642.67
2024-11-29 13:00:00,574.03
2024-11-29 14:00:00,405.23
2024-11-29 15:00:00,226.57
2024-11-29 16:00:00,44.4
2024-11-29 17:00:00,0.0
2024-11-29 18:00:00,0.0
2024-11-29 19:00:00,0.0
2024-11-29 20:00:00,0.0
2024-11-29 21:00:00,0.0
2024-11-29 22:00:00,0.0
2024-11-29 23:00:00,0.0
2024-11-30 00:00:00,0.0
2024-11-30 01:00:00,0.0
2024-11-30 02:00:00,0.0
2024-11-30 03:00:00,0.0
2024-11-30 04:00:00,0.0
2024-11-30 05:00:00,0.0
2024-11-30 06:00:00,25.12
2024-11-30 07:00:00,182.7
2024-11-30 08:00:00,356.08
2024-11-30 09:00:00,512.92
2024-11-30 10:00:00,622.72
2024-11-30 11:00:00,678.3
2024-11-30 12:00:00,609.62
2024-11-30 13:00:00,522.95
2024-11-30 14:00:00,392.88
2024-11-30 15:00:00,219.43
2024-11-30 16:00:00,40.97
2024-11-30 17:00:00,0.0
2024-11-30 18:00:00,0.0
2024-11-30 19:00:00,0.0
2024-11-30 20:00:00,0.0
2024-11-30 21:00:00,0.0
2024-11-30 22:00:00,0.0
2024-11-30 23:00:00,0.0
2024-12-01 00:00:00,0.0
2024-12-01 01:00:00,0.0
2024-12-01 02:00:00,0.0
2024-12-01 03:00:00,0.0
2024-12-01 04:00:00,0.0
2024-12-01 05:00:00,0.0
2024-12-01 06:00:00,24.08
2024-12-01 07:00:00,181.4
2024-12-01 08:00:00,359.9
2024-12-01 09:00:00,513.1
2024-12-01 10:00:00,612.95
2024-12-01 11:00:00,655.35
2024-12-01 12:00:00,577.97
2024-12-01 13:00:00,471.48
2024-12-01 14:00:00,358.7
2024-12-01 15:00:00,203.57
2024-12-01 16:00:00,41.4
2024-12-01 17:00:00,0.0
2024-12-01 18:00:00,0.0
2024-12-01 19:00:00,0.0
2024-12-01 20:00:00,0.0
2024-12-01 21:00:00,0.0
2024-12-01 22:00:00,0.0
2024-12-01 23:00:00,0.0
2024-12-02 00:00:00,0.0
2024-12-02 01:00:00,0.0
2024-12-02 02:00:00,0.0
2024-12-02 03:00:00,0.0
2024-12-02 04:00:00,0.0
2024-12-02 05:00:00,0.0
2024-12-02 06:00:00,20.62
2024-12-02 07:00:00,164.32
2024-12-02 08:00:00,328.35
2024-12-02 09:00:00,480.73
2024-12-02 10:00:00,529.2
2024-12-02 11:00:00,602.83
2024-12-02 12:00:00,587.9
2024-12-02 13:00:00,526.85
2024-12-02 14:00:00,383.08
2024-12-02 15:00:00,210.25
2024-12-02 16:00:00,40.35
2024-12-02 17:00:00,0.0
2024-12-02 18:00:00,0.0
2024-12-02 19:00:00,0.0
2024-12-02 20:00:00,0.0
2024-12-02 21:00:00,0.0
2024-12-02 22:00:00,0.0
2024-12-02 23:00:00,0.0
2024-12-03 00:00:00,0.0
2024-12-03 01:00:00,0.0
2024-12-03 02:00:00,0.0
2024-12-03 03:00:00,0.0
2024-12-03 04:00:00,0.0
2024-12-03 05:00:00,0.0
2024-12-03 06:00:00,19.25
2024-12-03 07:00:00,159.27
2024-12-03 08:00:00,326.23
2024-12-03 09:00:00,475.52
2024-12-03 10:00:00,604.75
2024-12-03 11:00:00,684.83
2024-12-03 12:00:00,617.75
2024-12-03 13:00:00,548.45
2024-12-03 14:00:00,402.83
2024-12-03 15:00:00,225.2
2024-12-03 16:00:00,44.5
2024-12-03 17:00:00,0.0
2024-12-03 18:00:00,0.0
2024-12-03 19:00:00,0.0
2024-12-03 20:00:00,0.0
2024-12-03 21:00:00,0.0
2024-12-03 22:00:00,0.0
2024-12-03 23:00:00,0.0
2024-12-04 00:00:00,0.0
2024-12-04 01:00:00,0.0
2024-12-04 02:00:00,0.0
2024-12-04 03:00:00,0.0
2024-12-04 04:00:00,0.0
2024-12-04 05:00:00,0.0
2024-12-04 06:00:00,18.88
2024-12-04 07:00:00,163.2
2024-12-04 08:00:00,338.12
2024-12-04 09:00:00,500.08
2024-12-04 10:00:00,642.5
2024-12-04 11:00:00,731.1
2024-12-04 12:00:00,701.05
2024-12-04 13:00:00,602.15
2024-12-04 14:00:00,444.83
2024-12-04 15:00:00,246.88
2024-12-04 16:00:00,49.35
2024-12-04 17:00:00,0.0
2024-12-04 18:00:00,0.0
2024-12-04 19:00:00,0.0
2024-12-04 20:00:00,0.0
2024-12-04 21:00:00,0.0
2024-12-04 22:00:00,0.0
2024-12-04 23:00:00,0.0
2024-12-05 00:00:00,0.0
2024-12-05 01:00:00,0.0
2024-12-05 02:00:00,0.0
2024-12-05 03:00:00,0.0
2024-12-05 04:00:00,0.0
2024-12-05 05:00:00,0.0
2024-12-05 06:00:00,19.98
2024-12-05 07:00:00,170.32
2024-12-05 08:00:00,345.0
2024-12-05 09:00:00,499.65
2024-12-05 10:00:00,622.62
2024-12-05 11:00:00,721.28
2024-12-05 12:00:00,682.28
2024-12-05 13:00:00,584.12
2024-12-05 14:00:00,424.88
2024-12-05 15:00:00,232.43
2024-12-05 16:00:00,44.42
2024-12-05 17:00:00,0.0
2024-12-05 18:00:00,0.0
2024-12-05 19:00:00,0.0
2024-12-05 20:00:00,0.0
2024-12-05 21:00:00,0.0
2024-12-05 22:00:00,0.0
2024-12-05 23:00:00,0.0
2024-12-06 00:00:00,0.0
2024-12-06 01:00:00,0.0
2024-12-06 02:00:00,0.0
2024-12-06 03:00:00,0.0
2024-12-06 04:00:00,0.0
2024-12-06 05:00:00,0.0
2024-12-06 06:00:00,15.8
2024-12-06 07:00:00,138.25
2024-12-06 08:00:00,313.08
2024-12-06 09:00:00,432.3
2024-12-06 10:00:00,562.8
2024-12-06 11:00:00,682.67
2024-12-06 12:00:00,654.17
2024-12-06 13:00:00,541.0
2024-12-06 14:00:00,371.95
2024-12-06 15:00:00,199.1
2024-12-06 16:00:00,36.5
2024-12-06 17:00:00,0.0
2024-12-06 18:00:00,0.0
2024-12-06 19:00:00,0.0
2024-12-06 20:00:00,0.0
2024-12-06 21:00:00,0.0
2024-12-06 22:00:00,0.0
2024-12-06 23:00:00,0.0
2024-12-07 00:00:00,0.0
2024-12-07 01:00:00,0.0
2024-12-07 02:00:00,0.0
2024-12-07 03:00:00,0.0
2024-12-07 04:00:00,0.0
2024-12-07 05:00:00,0.0
2024-12-07 06:00:00,15.57
2024-12-07 07:00:00,145.3
2024-12-07 08:00:00,310.1
2024-12-07 09:00:00,463.25
2024-12-07 10:00:00,592.67
2024-12-07 11:00:00,695.15
2024-12-07 12:00:00,688.78
2024-12-07 13:00:00,585.4
2024-12-07 14:00:00,431.4
2024-12-07 15:00:00,238.23
2024-12-07 16:00:00,46.72
2024-12-07 17:00:00,0.0
2024-12-07 18:00:00,0.0
2024-12-07 19:00:00,0.0
2024-12-07 20:00:00,0.0
2024-12-07 21:00:00,0.0
2024-12-07 22:00:00,0.0
2024-12-07 23:00:00,0.0
2024-12-08 00:00:00,0.0
2024-12-08 01:00:00,0.0
2024-12-08 02:00:00,0.0
2024-12-08 03:00:00,0.0
2024-12-08 04:00:00,0.0
2024-12-08 05:00:00,0.0
2024-12-08 06:00:00,15.45
2024-12-08 07:00:00,158.43
2024-12-08 08:00:00,333.6
2024-12-08 09:00:00,490.15
2024-12-08 10:00:00,627.08
2024-12-08 11:00:00,693.83
2024-12-08 12:00:00,693.58
2024-12-08 13:00:00,596.25
2024-12-08 14:00:00,440.88
2024-12-08 15:00:00,244.45
2024-12-08 16:00:00,49.38
2024-12-08 17:00:00,0.0
2024-12-08 18:00:00,0.0
2024-12-08 19:00:00,0.0
2024-12-08 20:00:00,0.0
2024-12-08 21:00:00,0.0
2024-12-08 22:00:00,0.0
2024-12-08 23:00:00,0.0
2024-12-09 00:00:00,0.0
2024-12-09 01:00:00,0.0
2024-12-09 02:00:00,0.0
2024-12-09 03:00:00,0.0
2024-12-09 04:00:00,0.0
2024-12-09 05:00:00,0.0
2024-12-09 06:00:00,16.8
2024-12-09 07:00:00,151.98
2024-12-09 08:00:00,296.7
2024-12-09 09:00:00,391.83
2024-12-09 10:00:00,615.4
2024-12-09 11:00:00,682.55
2024-12-09 12:00:00,664.72
2024-12-09 13:00:00,572.88
2024-12-09 14:00:00,397.88
2024-12-09 15:00:00,212.02
2024-12-09 16:00:00,36.6
2024-12-09 17:00:00,0.0
2024-12-09 18:00:00,0.0
2024-12-09 19:00:00,0.0
2024-12-09 20:00:00,0.0
2024-12-09 21:00:00,0.0
2024-12-09 22:00:00,0.0
2024-12-09 23:00:00,0.0
2024-12-10 00:00:00,0.0
2024-12-10 01:00:00,0.0
2024-12-10 02:00:00,0.0
2024-12-10 03:00:00,0.0
2024-12-10 04:00:00,0.0
2024-12-10 05:00:00,0.0
2024-12-10 06:00:00,12.57
2024-12-10 07:00:00,112.57
2024-12-10 08:00:00,232.6
2024-12-10 09:00:00,394.48
2024-12-10 10:00:00,512.45
2024-12-10 11:00:00,512.47
2024-12-10 12:00:00,450.73
2024-12-10 13:00:00,391.33
2024-12-10 14:00:00,268.58
2024-12-10 15:00:00,161.2
2024-12-10 16:00:00,35.22
2024-12-10 17:00:00,0.0
2024-12-10 18:00:00,0.0
2024-12-10 19:00:00,0.0
2024-12-10 20:00:00,0.0
2024-12-10 21:00:00,0.0
2024-12-10 22:00:00,0.0
2024-12-10 23:00:00,0.0
2024-12-11 00:00:00,0.0
2024-12-11 01:00:00,0.0
2024-12-11 02:00:00,0.0
2024-12-11 03:00:00,0.0
2024-12-11 04:00:00,0.0
2024-12-11 05:00:00,0.0
2024-12-11 06:00:00,12.57
2024-12-11 07:00:00,132.6
2024-12-11 08:00:00,290.6
2024-12-11 09:00:00,466.7
2024-12-11 10:00:00,608.42
2024-12-11 11:00:00,675.38
2024-12-11 12:00:00,649.92
2024-12-11 13:00:00,560.05
2024-12-11 14:00:00,407.75
2024-12-11 15:00:00,225.15
2024-12-11 16:00:00,44.35
2024-12-11 17:00:00,0.0
2024-12-11 18:00:00,0.0
2024-12-11 19:00:00,0.0
2024-12-11 20:00:00,0.0
2024-12-11 21:00:00,0.0
2024-12-11 22:00:00,0.0
2024-12-11 23:00:00,0.0
2024-12-12 00:00:00,0.0
2024-12-12 01:00:00,0.0
2024-12-12 02:00:00,0.0
2024-12-12 03:00:00,0.0
2024-12-12 04:00:00,0.0
2024-12-12 05:00:00,0.0
2024-12-12 06:00:00,13.15
2024-12-12 07:00:00,142.9
2024-12-12 08:00:00,313.15
2024-12-12 09:00:00,471.42
2024-12-12 10:00:00,609.25
2024-12-12 11:00:00,638.8
2024-12-12 12:00:00,649.8
2024-12-12 13:00:00,539.4
2024-12-12 14:00:00,396.77
2024-12-12 15:00:00,221.52
2024-12-12 16:00:00,43.5
2024-12-12 17:00:00,0.0
2024-12-12 18:00:00,0.0
2024-12-12 19:00:00,0.0
2024-12-12 20:00:00,0.0
2024-12-12 21:00:00,0.0
2024-12-12 22:00:00,0.0
2024-12-12 23:00:00,0.0
2024-12-13 00:00:00,0.0
2024-12-13 01:00:00,0.0
2024-12-13 02:00:00,0.0
2024-12-13 03:00:00,0.0
2024-12-13 04:00:00,0.0
2024-12-13 05:00:00,0.0
2024-12-13 06:00:00,13.07
2024-12-13 07:00:00,142.38
2024-12-13 08:00:00,308.7
2024-12-13 09:00:00,461.38
2024-12-13 10:00:00,555.22
2024-12-13 11:00:00,666.35
2024-12-13 12:00:00,668.05
2024-12-13 13:00:00,579.6
2024-12-13 14:00:00,425.1
2024-12-13 15:00:00,235.0
2024-12-13 16:00:00,47.72
2024-12-13 17:00:00,0.0
2024-12-13 18:00:00,0.0
2024-12-13 19:00:00,0.0
2024-12-13 20:00:00,0.0
2024-12-13 21:00:00,0.0
2024-12-13 22:00:00,0.0
2024-12-13 23:00:00,0.0
2024-12-14 00:00:00,0.0
2024-12-14 01:00:00,0.0
2024-12-14 02:00:00,0.0
2024-12-14 03:00:00,0.0
2024-12-14 04:00:00,0.0
2024-12-14 05:00:00,0.0
2024-12-14 06:00:00,12.25
2024-12-14 07:00:00,139.57
2024-12-14 08:00:00,309.58
2024-12-14 09:00:00,467.7
2024-12-14 10:00:00,593.42
2024-12-14 11:00:00,695.78
2024-12-14 12:00:00,686.3
2024-12-14 13:00:00,595.58
2024-12-14 14:00:00,443.05
2024-12-14 15:00:00,248.45
2024-12-14 16:00:00,52.85
2024-12-14 17:00:00,0.0
2024-12-14 18:00:00,0.0
2024-12-14 19:00:00,0.0
2024-12-14 20:00:00,0.0
2024-12-14 21:00:00,0.0
2024-12-14 22:00:00,0.0
2024-12-14 23:00:00,0.0
2024-12-15 00:00:00,0.0
2024-12-15 01:00:00,0.0
2024-12-15 02:00:00,0.0
2024-12-15 03:00:00,0.0
2024-12-15 04:00:00,0.0
2024-12-15 05:00:00,0.0
2024-12-15 06:00:00,13.1
2024-12-15 07:00:00,153.23
2024-12-15 08:00:00,335.75
2024-12-15 09:00:00,498.73
2024-12-15 10:00:00,619.35
2024-12-15 11:00:00,721.12
2024-12-15 12:00:00,702.42
2024-12-15 13:00:00,609.88
2024-12-15 14:00:00,457.5
2024-12-15 15:00:00,261.92
2024-12-15 16:00:00,58.67
2024-12-15 17:00:00,0.0
2024-12-15 18:00:00,0.0
2024-12-15 19:00:00,0.0
2024-12-15 20:00:00,0.0
2024-12-15 21:00:00,0.0
2024-12-15 22:00:00,0.0
2024-12-15 23:00:00,0.0
2024-12-16 00:00:00,0.0
2024-12-16 01:00:00,0.0
2024-12-16 02:00:00,0.0
2024-12-16 03:00:00,0.0
2024-12-16 04:00:00,0.0
2024-12-16 05:00:00,0.0
2024-12-16 06:00:00,13.52
2024-12-16 07:00:00,164.12
2024-12-16 08:00:00,352.6
2024-12-16 09:00:00,517.0
2024-12-16 10:00:00,650.05
2024-12-16 11:00:00,716.7
2024-12-16 12:00:00,696.6
2024-12-16 13:00:00,605.17
2024-12-16 14:00:00,453.45
2024-12-16 15:00:00,259.02
2024-12-16 16:00:00,58.47
2024-12-16 17:00:00,0.0
2024-12-16 18:00:00,0.0
2024-12-16 19:00:00,0.0
2024-12-16 20:00:00,0.0
2024-12-16 21:00:00,0.0
2024-12-16 22:00:00,0.0
2024-12-16 23:00:00,0.0
2024-12-17 00:00:00,0.0
2024-12-17 01:00:00,0.0
2024-12-17 02:00:00,0.0
2024-12-17 03:00:00,0.0
2024-12-17 04:00:00,0.0
2024-12-17 05:00:00,0.0
2024-12-17 06:00:00,12.75
2024-12-17 07:00:00,157.4
2024-12-17 08:00:00,339.52
2024-12-17 09:00:00,503.77
2024-12-17 10:00:00,621.25
2024-12-17 11:00:00,696.97
2024-12-17 12:00:00,681.65
2024-12-17 13:00:00,566.2
2024-12-17 14:00:00,422.12
2024-12-17 15:00:00,244.52
2024-12-17 16:00:00,54.15
2024-12-17 17:00:00,0.0
2024-12-17 18:00:00,0.0
2024-12-17 19:00:00,0.0
2024-12-17 20:00:00,0.0
2024-12-17 21:00:00,0.0
2024-12-17 22:00:00,0.0
2024-12-17 23:00:00,0.0
2024-12-18 00:00:00,0.0
2024-12-18 01:00:00,0.0
2024-12-18 02:00:00,0.0
2024-12-18 03:00:00,0.0
2024-12-18 04:00:00,0.0
2024-12-18 05:00:00,0.0
2024-12-18 06:00:00,8.77
2024-12-18 07:00:00,117.07
2024-12-18 08:00:00,260.92
2024-12-18 09:00:00,403.35
2024-12-18 10:00:00,529.17
2024-12-18 11:00:00,492.92
2024-12-18 12:00:00,443.7
2024-12-18 13:00:00,476.88
2024-12-18 14:00:00,337.02
2024-12-18 15:00:00,194.98
2024-12-18 16:00:00,43.92
2024-12-18 17:00:00,0.0
2024-12-18 18:00:00,0.0
2024-12-18 19:00:00,0.0
2024-12-18 20:00:00,0.0
2024-12-18 21:00:00,0.0
2024-12-18 22:00:00,0.0
2024-12-18 23:00:00,0.0
2024-12-19 00:00:00,0.0
2024-12-19 01:00:00,0.0
2024-12-19 02:00:00,0.0
2024-12-19 03:00:00,0.0
2024-12-19 04:00:00,0.0
2024-12-19 05:00:00,0.0
2024-12-19 06:00:00,11.15
2024-12-19 07:00:00,133.4
2024-12-19 08:00:00,300.1
2024-12-19 09:00:00,442.77
2024-12-19 10:00:00,541.67
2024-12-19 11:00:00,595.9
2024-12-19 12:00:00,590.88
2024-12-19 13:00:00,527.35
2024-12-19 14:00:00,392.92
2024-12-19 15:00:00,221.62
2024-12-19 16:00:00,51.55
2024-12-19 17:00:00,0.0
2024-12-19 18:00:00,0.0
2024-12-19 19:00:00,0.0
2024-12-19 20:00:00,0.0
2024-12-19 21:00:00,0.0
2024-12-19 22:00:00,0.0
2024-12-19 23:00:00,0.0
2024-12-20 00:00:00,0.0
2024-12-20 01:00:00,0.0
2024-12-20 02:00:00,0.0
2024-12-20 03:00:00,0.0
2024-12-20 04:00:00,0.0
2024-12-20 05:00:00,0.0
2024-12-20 06:00:00,10.02
2024-12-20 07:00:00,109.2
2024-12-20 08:00:00,236.27
2024-12-20 09:00:00,365.8
2024-12-20 10:00:00,505.9
2024-12-20 11:00:00,594.75
2024-12-20 12:00:00,590.58
2024-12-20 13:00:00,498.75
2024-12-20 14:00:00,372.52
2024-12-20 15:00:00,214.77
2024-12-20 16:00:00,50.75
2024-12-20 17:00:00,0.0
2024-12-20 18:00:00,0.0
2024-12-20 19:00:00,0.0
2024-12-20 20:00:00,0.0
2024-12-20 21:00:00,0.0
2024-12-20 22:00:00,0.0
2024-12-20 23:00:00,0.0
2024-12-21 00:00:00,0.0
2024-12-21 01:00:00,0.0
2024-12-21 02:00:00,0.0
2024-12-21 03:00:00,0.0
2024-12-21 04:00:00,0.0
2024-12-21 05:00:00,0.0
2024-12-21 06:00:00,3.67
2024-12-21 07:00:00,27.58
2024-12-21 08:00:00,54.4
2024-12-21 09:00:00,71.43
2024-12-21 10:00:00,115.1
2024-12-21 11:00:00,202.9
2024-12-21 12:00:00,219.65
2024-12-21 13:00:00,246.65
2024-12-21 14:00:00,174.8
2024-12-21 15:00:00,101.47
2024-12-21 16:00:00,18.48
2024-12-21 17:00:00,0.0
2024-12-21 18:00:00,0.0
2024-12-21 19:00:00,0.0
2024-12-21 20:00:00,0.0
2024-12-21 21:00:00,0.0
2024-12-21 22:00:00,0.0
2024-12-21 23:00:00,0.0
2024-12-22 00:00:00,0.0
2024-12-22 01:00:00,0.0
2024-12-22 02:00:00,0.0
2024-12-22 03:00:00,0.0
2024-12-22 04:00:00,0.0
2024-12-22 05:00:00,0.0
2024-12-22 06:00:00,7.97
2024-12-22 07:00:00,120.2
2024-12-22 08:00:00,288.35
2024-12-22 09:00:00,450.88
2024-12-22 10:00:00,585.75
2024-12-22 11:00:00,680.78
2024-12-22 12:00:00,664.25
2024-12-22 13:00:00,592.22
2024-12-22 14:00:00,443.98
2024-12-22 15:00:00,255.3
2024-12-22 16:00:00,61.6
2024-12-22 17:00:00,0.0
2024-12-22 18:00:00,0.0
2024-12-22 19:00:00,0.0
2024-12-22 20:00:00,0.0
2024-12-22 21:00:00,0.0
2024-12-22 22:00:00,0.0
2024-12-22 23:00:00,0.0
2024-12-23 00:00:00,0.0
2024-12-23 01:00:00,0.0
2024-12-23 02:00:00,0.0
2024-12-23 03:00:00,0.0
2024-12-23 04:00:00,0.0
2024-12-23 05:00:00,0.0
2024-12-23 06:00:00,9.75
2024-12-23 07:00:00,150.18
2024-12-23 08:00:00,337.88
2024-12-23 09:00:00,510.77
2024-12-23 10:00:00,629.7
2024-12-23 11:00:00,699.88
2024-12-23 12:00:00,686.35
2024-12-23 13:00:00,591.83
2024-12-23 14:00:00,448.77
2024-12-23 15:00:00,261.4
2024-12-23 16:00:00,64.9
2024-12-23 17:00:00,0.0
2024-12-23 18:00:00,0.0
2024-12-23 19:00:00,0.0
2024-12-23 20:00:00,0.0
2024-12-23 21:00:00,0.0
2024-12-23 22:00:00,0.0
2024-12-23 23:00:00,0.0
2024-12-24 00:00:00,0.0
2024-12-24 01:00:00,0.0
2024-12-24 02:00:00,0.0
2024-12-24 03:00:00,0.0
2024-12-24 04:00:00,0.0
2024-12-24 05:00:00,0.0
2024-12-24 06:00:00,9.23
2024-12-24 07:00:00,139.27
2024-12-24 08:00:00,322.08
2024-12-24 09:00:00,484.08
2024-12-24 10:00:00,612.65
2024-12-24 11:00:00,697.92
2024-12-24 12:00:00,682.35
2024-12-24 13:00:00,585.42
2024-12-24 14:00:00,438.17
2024-12-24 15:00:00,250.25
2024-12-24 16:00:00,60.75
2024-12-24 17:00:00,0.0
2024-12-24 18:00:00,0.0
2024-12-24 19:00:00,0.0
2024-12-24 20:00:00,0.0
2024-12-24 21:00:00,0.0
2024-12-24 22:00:00,0.0
2024-12-24 23:00:00,0.0
2024-12-25 00:00:00,0.0
2024-12-25 01:00:00,0.0
2024-12-25 02:00:00,0.0
2024-12-25 03:00:00,0.0
2024-12-25 04:00:00,0.0
2024-12-25 05:00:00,0.0
2024-12-25 06:00:00,8.12
2024-12-25 07:00:00,120.75
2024-12-25 08:00:00,274.98
2024-12-25 09:00:00,420.95
2024-12-25 10:00:00,422.48
2024-12-25 11:00:00,556.72
2024-12-25 12:00:00,597.62
2024-12-25 13:00:00,462.88
2024-12-25 14:00:00,338.45
2024-12-25 15:00:00,198.45
2024-12-25 16:00:00,52.3
2024-12-25 17:00:00,0.0
2024-12-25 18:00:00,0.0
2024-12-25 19:00:00,0.0
2024-12-25 20:00:00,0.0
2024-12-25 21:00:00,0.0
2024-12-25 22:00:00,0.0
2024-12-25 23:00:00,0.0
2024-12-26 00:00:00,0.0
2024-12-26 01:00:00,0.0
2024-12-26 02:00:00,0.0
2024-12-26 03:00:00,0.0
2024-12-26 04:00:00,0.0
2024-12-26 05:00:00,0.0
2024-12-26 06:00:00,7.62
2024-12-26 07:00:00,113.4
2024-12-26 08:00:00,270.35
2024-12-26 09:00:00,440.38
2024-12-26 10:00:00,571.17
2024-12-26 11:00:00,669.4
2024-12-26 12:00:00,672.33
2024-12-26 13:00:00,588.0
2024-12-26 14:00:00,443.08
2024-12-26 15:00:00,255.1
2024-12-26 16:00:00,65.1
2024-12-26 17:00:00,0.0
2024-12-26 18:00:00,0.0
2024-12-26 19:00:00,0.0
2024-12-26 20:00:00,0.0
2024-12-26 21:00:00,0.0
2024-12-26 22:00:00,0.0
2024-12-26 23:00:00,0.0
2024-12-27 00:00:00,0.0
2024-12-27 01:00:00,0.0
2024-12-27 02:00:00,0.0
2024-12-27 03:00:00,0.0
2024-12-27 04:00:00,0.0
2024-12-27 05:00:00,0.0
2024-12-27 06:00:00,8.23
2024-12-27 07:00:00,134.93
2024-12-27 08:00:00,319.12
2024-12-27 09:00:00,487.0
2024-12-27 10:00:00,616.58
2024-12-27 11:00:00,695.15
2024-12-27 12:00:00,681.08
2024-12-27 13:00:00,595.05
2024-12-27 14:00:00,448.6
2024-12-27 15:00:00,260.25
2024-12-27 16:00:00,68.12
2024-12-27 17:00:00,0.0
2024-12-27 18:00:00,0.0
2024-12-27 19:00:00,0.0
2024-12-27 20:00:00,0.0
2024-12-27 21:00:00,0.0
2024-12-27 22:00:00,0.0
2024-12-27 23:00:00,0.0
2024-12-28 00:00:00,0.0
2024-12-28 01:00:00,0.0
2024-12-28 02:00:00,0.0
2024-12-28 03:00:00,0.0
2024-12-28 04:00:00,0.0
2024-12-28 05:00:00,0.0
2024-12-28 06:00:00,8.38
2024-12-28 07:00:00,139.32
2024-12-28 08:00:00,323.9
2024-12-28 09:00:00,491.75
2024-12-28 10:00:00,631.55
2024-12-28 11:00:00,701.15
2024-12-28 12:00:00,686.17
2024-12-28 13:00:00,601.88
2024-12-28 14:00:00,457.0
2024-12-28 15:00:00,268.35
2024-12-28 16:00:00,71.88
2024-12-28 17:00:00,0.0
2024-12-28 18:00:00,0.0
2024-12-28 19:00:00,0.0
2024-12-28 20:00:00,0.0
2024-12-28 21:00:00,0.0
2024-12-28 22:00:00,0.0
2024-12-28 23:00:00,0.0
2024-12-29 00:00:00,0.0
2024-12-29 01:00:00,0.0
2024-12-29 02:00:00,0.0
2024-12-29 03:00:00,0.0
2024-12-29 04:00:00,0.0
2024-12-29 05:00:00,0.0
2024-12-29 06:00:00,7.72
2024-12-29 07:00:00,129.1
2024-12-29 08:00:00,304.65
2024-12-29 09:00:00,465.65
2024-12-29 10:00:00,611.8
2024-12-29 11:00:00,679.9
2024-12-29 12:00:00,665.17
2024-12-29 13:00:00,581.03
2024-12-29 14:00:00,423.85
2024-12-29 15:00:00,241.2
2024-12-29 16:00:00,62.3
2024-12-29 17:00:00,0.0
2024-12-29 18:00:00,0.0
2024-12-29 19:00:00,0.0
2024-12-29 20:00:00,0.0
2024-12-29 21:00:00,0.0
2024-12-29 22:00:00,0.0
2024-12-29 23:00:00,0.0
2024-12-30 00:00:00,0.0
2024-12-30 01:00:00,0.0
2024-12-30 02:00:00,0.0
2024-12-30 03:00:00,0.0
2024-12-30 04:00:00,0.0
2024-12-30 05:00:00,0.0
2024-12-30 06:00:00,6.95
2024-12-30 07:00:00,116.47
2024-12-30 08:00:00,291.67
2024-12-30 09:00:00,456.65
2024-12-30 10:00:00,612.78
2024-12-30 11:00:00,703.55
2024-12-30 12:00:00,689.4
2024-12-30 13:00:00,603.38
2024-12-30 14:00:00,458.98
2024-12-30 15:00:00,270.75
2024-12-30 16:00:00,74.82
2024-12-30 17:00:00,0.0
2024-12-30 18:00:00,0.0
2024-12-30 19:00:00,0.0
2024-12-30 20:00:00,0.0
2024-12-30 21:00:00,0.0
2024-12-30 22:00:00,0.0
2024-12-30 23:00:00,0.0
2024-12-31 00:00:00,0.0
2024-12-31 01:00:00,0.0
2024-12-31 02:00:00,0.0
2024-12-31 03:00:00,0.0
2024-12-31 04:00:00,0.0
2024-12-31 05:00:00,0.0
2024-12-31 06:00:00,7.1
2024-12-31 07:00:00,124.35
2024-12-31 08:00:00,302.62
2024-12-31 09:00:00,472.17
2024-12-31 10:00:00,624.72
2024-12-31 11:00:00,684.58
2024-12-31 12:00:00,671.62
2024-12-31 13:00:00,587.25
2024-12-31 14:00:00,443.3
2024-12-31 15:00:00,257.58
2024-12-31 16:00:00,72.72
2024-12-31 17:00:00,0.0
2024-12-31 18:00:00,0.0
2024-12-31 19:00:00,0.0
2024-12-31 20:00:00,0.0
2024-12-31 21:00:00,0.0
2024-12-31 22:00:00,0.0
2024-12-31 23:00:00,0.0
2025-01-01 00:00:00,0.0
2025-01-01 01:00:00,0.0
2025-01-01 02:00:00,0.0
2025-01-01 03:00:00,0.0
2025-01-01 04:00:00,0.0
2025-01-01 05:00:00,0.0
2025-01-01 06:00:00,7.28
2025-01-01 07:00:00,124.4
2025-01-01 08:00:00,304.5
2025-01-01 09:00:00,469.55
2025-01-01 10:00:00,617.42
2025-01-01 11:00:00,685.1
2025-01-01 12:00:00,672.17
2025-01-01 13:00:00,586.05
2025-01-01 14:00:00,444.27
2025-01-01 15:00:00,259.88
2025-01-01 16:00:00,71.93
2025-01-01 17:00:00,0.0
2025-01-01 18:00:00,0.0
2025-01-01 19:00:00,0.0
2025-01-01 20:00:00,0.0
2025-01-01 21:00:00,0.0
2025-01-01 22:00:00,0.0
2025-01-01 23:00:00,0.0
2025-01-02 00:00:00,0.0
2025-01-02 01:00:00,0.0
2025-01-02 02:00:00,0.0
2025-01-02 03:00:00,0.0
2025-01-02 04:00:00,0.0
2025-01-02 05:00:00,0.0
2025-01-02 06:00:00,6.4
2025-01-02 07:00:00,122.65
2025-01-02 08:00:00,306.62
2025-01-02 09:00:00,482.98
2025-01-02 10:00:00,622.85
2025-01-02 11:00:00,688.55
2025-01-02 12:00:00,675.53
2025-01-02 13:00:00,585.53
2025-01-02 14:00:00,445.77
2025-01-02 15:00:00,263.05
2025-01-02 16:00:00,76.07
2025-01-02 17:00:00,0.0
2025-01-02 18:00:00,0.0
2025-01-02 19:00:00,0.0
2025-01-02 20:00:00,0.0
2025-01-02 21:00:00,0.0
2025-01-02 22:00:00,0.0
2025-01-02 23:00:00,0.0
2025-01-03 00:00:00,0.0
2025-01-03 01:00:00,0.0
2025-01-03 02:00:00,0.0
2025-01-03 03:00:00,0.0
2025-01-03 04:00:00,0.0
2025-01-03 05:00:00,0.0
2025-01-03 06:00:00,6.5
2025-01-03 07:00:00,123.15
2025-01-03 08:00:00,307.3
2025-01-03 09:00:00,478.62
2025-01-03 10:00:00,612.85
2025-01-03 11:00:00,685.88
2025-01-03 12:00:00,658.17
2025-01-03 13:00:00,554.65
2025-01-03 14:00:00,426.9
2025-01-03 15:00:00,252.4
2025-01-03 16:00:00,73.62
2025-01-03 17:00:00,0.0
2025-01-03 18:00:00,0.0
2025-01-03 19:00:00,0.0
2025-01-03 20:00:00,0.0
2025-01-03 21:00:00,0.0
2025-01-03 22:00:00,0.0
2025-01-03 23:00:00,0.0
2025-01-04 00:00:00,0.0
2025-01-04 01:00:00,0.0
2025-01-04 02:00:00,0.0
2025-01-04 03:00:00,0.0
2025-01-04 04:00:00,0.0
2025-01-04 05:00:00,0.0
2025-01-04 06:00:00,6.85
2025-01-04 07:00:00,127.3
2025-01-04 08:00:00,313.5
2025-01-04 09:00:00,482.98
2025-01-04 10:00:00,622.88
2025-01-04 11:00:00,708.33
2025-01-04 12:00:00,694.15
2025-01-04 13:00:00,592.58
2025-01-04 14:00:00,460.3
2025-01-04 15:00:00,279.55
2025-01-04 16:00:00,86.05
2025-01-04 17:00:00,0.0
2025-01-04 18:00:00,0.0
2025-01-04 19:00:00,0.0
2025-01-04 20:00:00,0.0
2025-01-04 21:00:00,0.0
2025-01-04 22:00:00,0.0
2025-01-04 23:00:00,0.0
2025-01-05 00:00:00,0.0
2025-01-05 01:00:00,0.0
2025-01-05 02:00:00,0.0
2025-01-05 03:00:00,0.0
2025-01-05 04:00:00,0.0
2025-01-05 05:00:00,0.0
2025-01-05 06:00:00,7.03
2025-01-05 07:00:00,133.2
2025-01-05 08:00:00,321.2
2025-01-05 09:00:00,485.5
2025-01-05 10:00:00,637.3
2025-01-05 11:00:00,685.8
2025-01-05 12:00:00,638.6
2025-01-05 13:00:00,535.72
2025-01-05 14:00:00,413.73
2025-01-05 15:00:00,241.77
2025-01-05 16:00:00,68.78
2025-01-05 17:00:00,0.0
2025-01-05 18:00:00,0.0
2025-01-05 19:00:00,0.0
2025-01-05 20:00:00,0.0
2025-01-05 21:00:00,0.0
2025-01-05 22:00:00,0.0
2025-01-05 23:00:00,0.0
2025-01-06 00:00:00,0.0
2025-01-06 01:00:00,0.0
2025-01-06 02:00:00,0.0
2025-01-06 03:00:00,0.0
2025-01-06 04:00:00,0.0
2025-01-06 05:00:00,0.0
2025-01-06 06:00:00,6.8
2025-01-06 07:00:00,127.95
2025-01-06 08:00:00,323.42
2025-01-06 09:00:00,498.88
2025-01-06 10:00:00,626.97
2025-01-06 11:00:00,697.25
2025-01-06 12:00:00,678.95
2025-01-06 13:00:00,539.78
2025-01-06 14:00:00,419.0
2025-01-06 15:00:00,256.4
2025-01-06 16:00:00,80.5
2025-01-06 17:00:00,0.0
2025-01-06 18:00:00,0.0
2025-01-06 19:00:00,0.0
2025-01-06 20:00:00,0.0
2025-01-06 21:00:00,0.0
2025-01-06 22:00:00,0.0
2025-01-06 23:00:00,0.0
2025-01-07 00:00:00,0.0
2025-01-07 01:00:00,0.0
2025-01-07 02:00:00,0.0
2025-01-07 03:00:00,0.0
2025-01-07 04:00:00,0.0
2025-01-07 05:00:00,0.0
2025-01-07 06:00:00,5.07
2025-01-07 07:00:00,97.25
2025-01-07 08:00:00,249.7
2025-01-07 09:00:00,411.8
2025-01-07 10:00:00,558.95
2025-01-07 11:00:00,599.1
2025-01-07 12:00:00,521.28
2025-01-07 13:00:00,513.92
2025-01-07 14:00:00,381.55
2025-01-07 15:00:00,227.48
2025-01-07 16:00:00,76.35
2025-01-07 17:00:00,0.0
2025-01-07 18:00:00,0.0
2025-01-07 19:00:00,0.0
2025-01-07 20:00:00,0.0
2025-01-07 21:00:00,0.0
2025-01-07 22:00:00,0.0
2025-01-07 23:00:00,0.0
2025-01-08 00:00:00,0.0
2025-01-08 01:00:00,0.0
2025-01-08 02:00:00,0.0
2025-01-08 03:00:00,0.0
2025-01-08 04:00:00,0.0
2025-01-08 05:00:00,0.0
2025-01-08 06:00:00,4.88
2025-01-08 07:00:00,85.12
2025-01-08 08:00:00,216.4
2025-01-08 09:00:00,346.73
2025-01-08 10:00:00,455.73
2025-01-08 11:00:00,542.38
2025-01-08 12:00:00,518.8
2025-01-08 13:00:00,471.3
2025-01-08 14:00:00,349.48
2025-01-08 15:00:00,202.15
2025-01-08 16:00:00,65.68
2025-01-08 17:00:00,0.0
2025-01-08 18:00:00,0.0
2025-01-08 19:00:00,0.0
2025-01-08 20:00:00,0.0
2025-01-08 21:00:00,0.0
2025-01-08 22:00:00,0.0
2025-01-08 23:00:00,0.0
2025-01-09 00:00:00,0.0
2025-01-09 01:00:00,0.0
2025-01-09 02:00:00,0.0
2025-01-09 03:00:00,0.0
2025-01-09 04:00:00,0.0
2025-01-09 05:00:00,0.0
2025-01-09 06:00:00,5.55
2025-01-09 07:00:00,114.8
2025-01-09 08:00:00,300.02
2025-01-09 09:00:00,481.73
2025-01-09 10:00:00,623.05
2025-01-09 11:00:00,683.85
2025-01-09 12:00:00,673.55
2025-01-09 13:00:00,584.7
2025-01-09 14:00:00,450.4
2025-01-09 15:00:00,271.83
2025-01-09 16:00:00,89.43
2025-01-09 17:00:00,0.0
2025-01-09 18:00:00,0.0
2025-01-09 19:00:00,0.0
2025-01-09 20:00:00,0.0
2025-01-09 21:00:00,0.0
2025-01-09 22:00:00,0.0
2025-01-09 23:00:00,0.0
2025-01-10 00:00:00,0.0
2025-01-10 01:00:00,0.0
2025-01-10 02:00:00,0.0
2025-01-10 03:00:00,0.0
2025-01-10 04:00:00,0.0
2025-01-10 05:00:00,0.0
2025-01-10 06:00:00,5.5
2025-01-10 07:00:00,109.2
2025-01-10 08:00:00,285.33
2025-01-10 09:00:00,458.7
2025-01-10 10:00:00,604.7
2025-01-10 11:00:00,703.17
2025-01-10 12:00:00,692.03
2025-01-10 13:00:00,618.95
2025-01-10 14:00:00,478.45
2025-01-10 15:00:00,292.08
2025-01-10 16:00:00,98.68
2025-01-10 17:00:00,0.0
2025-01-10 18:00:00,0.0
2025-01-10 19:00:00,0.0
2025-01-10 20:00:00,0.0
2025-01-10 21:00:00,0.0
2025-01-10 22:00:00,0.0
2025-01-10 23:00:00,0.0
2025-01-11 00:00:00,0.0
2025-01-11 01:00:00,0.0
2025-01-11 02:00:00,0.0
2025-01-11 03:00:00,0.0
2025-01-11 04:00:00,0.0
2025-01-11 05:00:00,0.0
2025-01-11 06:00:00,6.3
2025-01-11 07:00:00,128.2
2025-01-11 08:00:00,318.55
2025-01-11 09:00:00,495.65
2025-01-11 10:00:00,622.95
2025-01-11 11:00:00,709.78
2025-01-11 12:00:00,682.78
2025-01-11 13:00:00,621.03
2025-01-11 14:00:00,466.35
2025-01-11 15:00:00,291.27
2025-01-11 16:00:00,102.53
2025-01-11 17:00:00,0.0
2025-01-11 18:00:00,0.0
2025-01-11 19:00:00,0.0
2025-01-11 20:00:00,0.0
2025-01-11 21:00:00,0.0
2025-01-11 22:00:00,0.0
2025-01-11 23:00:00,0.0
2025-01-12 00:00:00,0.0
2025-01-12 01:00:00,0.0
2025-01-12 02:00:00,0.0
2025-01-12 03:00:00,0.0
2025-01-12 04:00:00,0.0
2025-01-12 05:00:00,0.0
2025-01-12 06:00:00,6.25
2025-01-12 07:00:00,128.82
2025-01-12 08:00:00,315.3
2025-01-12 09:00:00,497.2
2025-01-12 10:00:00,632.33
2025-01-12 11:00:00,706.65
2025-01-12 12:00:00,696.2
2025-01-12 13:00:00,622.55
2025-01-12 14:00:00,485.77
2025-01-12 15:00:00,297.85
2025-01-12 16:00:00,104.85
2025-01-12 17:00:00,0.0
2025-01-12 18:00:00,0.0
2025-01-12 19:00:00,0.0
2025-01-12 20:00:00,0.0
2025-01-12 21:00:00,0.0
2025-01-12 22:00:00,0.0
2025-01-12 23:00:00,0.0
2025-01-13 00:00:00,0.0
2025-01-13 01:00:00,0.0
2025-01-13 02:00:00,0.0
2025-01-13 03:00:00,0.0
2025-01-13 04:00:00,0.0
2025-01-13 05:00:00,0.0
2025-01-13 06:00:00,5.85
2025-01-13 07:00:00,111.07
2025-01-13 08:00:00,267.35
2025-01-13 09:00:00,467.55
2025-01-13 10:00:00,553.58
2025-01-13 11:00:00,634.35
2025-01-13 12:00:00,624.03
2025-01-13 13:00:00,588.95
2025-01-13 14:00:00,471.4
2025-01-13 15:00:00,280.48
2025-01-13 16:00:00,97.95
2025-01-13 17:00:00,0.0
2025-01-13 18:00:00,0.0
2025-01-13 19:00:00,0.0
2025-01-13 20:00:00,0.0
2025-01-13 21:00:00,0.0
2025-01-13 22:00:00,0.0
2025-01-13 23:00:00,0.0
2025-01-14 00:00:00,0.0
2025-01-14 01:00:00,0.0
2025-01-14 02:00:00,0.0
2025-01-14 03:00:00,0.0
2025-01-14 04:00:00,0.0
2025-01-14 05:00:00,0.0
2025-01-14 06:00:00,5.88
2025-01-14 07:00:00,116.72
2025-01-14 08:00:00,303.05
2025-01-14 09:00:00,481.65
2025-01-14 10:00:00,616.35
2025-01-14 11:00:00,707.9
2025-01-14 12:00:00,700.25
2025-01-14 13:00:00,608.3
2025-01-14 14:00:00,480.85
2025-01-14 15:00:00,295.75
2025-01-14 16:00:00,106.07
2025-01-14 17:00:00,0.0
2025-01-14 18:00:00,0.0
2025-01-14 19:00:00,0.0
2025-01-14 20:00:00,0.0
2025-01-14 21:00:00,0.0
2025-01-14 22:00:00,0.0
2025-01-14 23:00:00,0.0
2025-01-15 00:00:00,0.0
2025-01-15 01:00:00,0.0
2025-01-15 02:00:00,0.0
2025-01-15 03:00:00,0.0
2025-01-15 04:00:00,0.0
2025-01-15 05:00:00,0.0
2025-01-15 06:00:00,6.15
2025-01-15 07:00:00,125.75
2025-01-15 08:00:00,317.02
2025-01-15 09:00:00,492.12
2025-01-15 10:00:00,630.33
2025-01-15 11:00:00,690.03
2025-01-15 12:00:00,694.05
2025-01-15 13:00:00,616.75
2025-01-15 14:00:00,492.25
2025-01-15 15:00:00,306.75
2025-01-15 16:00:00,114.85
2025-01-15 17:00:00,0.0
2025-01-15 18:00:00,0.0
2025-01-15 19:00:00,0.0
2025-01-15 20:00:00,0.0
2025-01-15 21:00:00,0.0
2025-01-15 22:00:00,0.0
2025-01-15 23:00:00,0.0
2025-01-16 00:00:00,0.0
2025-01-16 01:00:00,0.0
2025-01-16 02:00:00,0.0
2025-01-16 03:00:00,0.0
2025-01-16 04:00:00,0.0
2025-01-16 05:00:00,0.0
2025-01-16 06:00:00,6.28
2025-01-16 07:00:00,130.02
2025-01-16 08:00:00,326.27
2025-01-16 09:00:00,506.27
2025-01-16 10:00:00,639.5
2025-01-16 11:00:00,726.08
2025-01-16 12:00:00,716.42
2025-01-16 13:00:00,644.53
2025-01-16 14:00:00,504.85
2025-01-16 15:00:00,317.85
2025-01-16 16:00:00,121.3
2025-01-16 17:00:00,0.0
2025-01-16 18:00:00,0.0
2025-01-16 19:00:00,0.0
2025-01-16 20:00:00,0.0
2025-01-16 21:00:00,0.0
2025-01-16 22:00:00,0.0
2025-01-16 23:00:00,0.0
2025-01-17 00:00:00,0.0
2025-01-17 01:00:00,0.0
2025-01-17 02:00:00,0.0
2025-01-17 03:00:00,0.0
2025-01-17 04:00:00,0.0
2025-01-17 05:00:00,0.0
2025-01-17 06:00:00,6.32
2025-01-17 07:00:00,130.93
2025-01-17 08:00:00,322.45
2025-01-17 09:00:00,500.6
2025-01-17 10:00:00,647.67
2025-01-17 11:00:00,729.75
2025-01-17 12:00:00,724.42
2025-01-17 13:00:00,649.28
2025-01-17 14:00:00,509.83
2025-01-17 15:00:00,321.77
2025-01-17 16:00:00,124.55
2025-01-17 17:00:00,0.0
2025-01-17 18:00:00,0.0
2025-01-17 19:00:00,0.0
2025-01-17 20:00:00,0.0
2025-01-17 21:00:00,0.0
2025-01-17 22:00:00,0.0
2025-01-17 23:00:00,0.0
2025-01-18 00:00:00,0.0
2025-01-18 01:00:00,0.0
2025-01-18 02:00:00,0.0
2025-01-18 03:00:00,0.0
2025-01-18 04:00:00,0.0
2025-01-18 05:00:00,0.0
2025-01-18 06:00:00,6.45
2025-01-18 07:00:00,130.25
2025-01-18 08:00:00,321.42
2025-01-18 09:00:00,497.12
2025-01-18 10:00:00,646.67
2025-01-18 11:00:00,734.42
2025-01-18 12:00:00,733.2
2025-01-18 13:00:00,648.62
2025-01-18 14:00:00,515.55
2025-01-18 15:00:00,326.23
2025-01-18 16:00:00,129.05
2025-01-18 17:00:00,0.0
2025-01-18 18:00:00,0.0
2025-01-18 19:00:00,0.0
2025-01-18 20:00:00,0.0
2025-01-18 21:00:00,0.0
2025-01-18 22:00:00,0.0
2025-01-18 23:00:00,0.0
2025-01-19 00:00:00,0.0
2025-01-19 01:00:00,0.0
2025-01-19 02:00:00,0.0
2025-01-19 03:00:00,0.0
2025-01-19 04:00:00,0.0
2025-01-19 05:00:00,0.0
2025-01-19 06:00:00,6.35
2025-01-19 07:00:00,123.05
2025-01-19 08:00:00,307.3
2025-01-19 09:00:00,481.08
2025-01-19 10:00:00,636.35
2025-01-19 11:00:00,740.7
2025-01-19 12:00:00,740.28
2025-01-19 13:00:00,647.7
2025-01-19 14:00:00,511.73
2025-01-19 15:00:00,326.27
2025-01-19 16:00:00,121.78
2025-01-19 17:00:00,3.75
2025-01-19 18:00:00,0.0
2025-01-19 19:00:00,0.0
2025-01-19 20:00:00,0.0
2025-01-19 21:00:00,0.0
2025-01-19 22:00:00,0.0
2025-01-19 23:00:00,0.0
2025-01-20 00:00:00,0.0
2025-01-20 01:00:00,0.0
2025-01-20 02:00:00,0.0
2025-01-20 03:00:00,0.0
2025-01-20 04:00:00,0.0
2025-01-20 05:00:00,0.0
2025-01-20 06:00:00,6.75
2025-01-20 07:00:00,129.35
2025-01-20 08:00:00,315.42
2025-01-20 09:00:00,487.9
2025-01-20 10:00:00,637.7
2025-01-20 11:00:00,739.28
2025-01-20 12:00:00,727.65
2025-01-20 13:00:00,649.03
2025-01-20 14:00:00,511.85
2025-01-20 15:00:00,318.25
2025-01-20 16:00:00,116.0
2025-01-20 17:00:00,3.78
2025-01-20 18:00:00,0.0
2025-01-20 19:00:00,0.0
2025-01-20 20:00:00,0.0
2025-01-20 21:00:00,0.0
2025-01-20 22:00:00,0.0
2025-01-20 23:00:00,0.0
2025-01-21 00:00:00,0.0
2025-01-21 01:00:00,0.0
2025-01-21 02:00:00,0.0
2025-01-21 03:00:00,0.0
2025-01-21 04:00:00,0.0
2025-01-21 05:00:00,0.0
2025-01-21 06:00:00,6.1
2025-01-21 07:00:00,115.15
2025-01-21 08:00:00,293.27
2025-01-21 09:00:00,464.88
2025-01-21 10:00:00,620.22
2025-01-21 11:00:00,731.3
2025-01-21 12:00:00,727.95
2025-01-21 13:00:00,646.22
2025-01-21 14:00:00,504.3
2025-01-21 15:00:00,312.23
2025-01-21 16:00:00,113.1
2025-01-21 17:00:00,3.92
2025-01-21 18:00:00,0.0
2025-01-21 19:00:00,0.0
2025-01-21 20:00:00,0.0
2025-01-21 21:00:00,0.0
2025-01-21 22:00:00,0.0
2025-01-21 23:00:00,0.0
2025-01-22 00:00:00,0.0
2025-01-22 01:00:00,0.0
2025-01-22 02:00:00,0.0
2025-01-22 03:00:00,0.0
2025-01-22 04:00:00,0.0
2025-01-22 05:00:00,0.0
2025-01-22 06:00:00,5.68
2025-01-22 07:00:00,104.07
2025-01-22 08:00:00,266.08
2025-01-22 09:00:00,429.45
2025-01-22 10:00:00,578.97
2025-01-22 11:00:00,725.7
2025-01-22 12:00:00,726.83
2025-01-22 13:00:00,638.97
2025-01-22 14:00:00,499.15
2025-01-22 15:00:00,302.17
2025-01-22 16:00:00,108.65
2025-01-22 17:00:00,4.03
2025-01-22 18:00:00,0.0
2025-01-22 19:00:00,0.0
2025-01-22 20:00:00,0.0
2025-01-22 21:00:00,0.0
2025-01-22 22:00:00,0.0
2025-01-22 23:00:00,0.0
2025-01-23 00:00:00,0.0
2025-01-23 01:00:00,0.0
2025-01-23 02:00:00,0.0
2025-01-23 03:00:00,0.0
2025-01-23 04:00:00,0.0
2025-01-23 05:00:00,0.0
2025-01-23 06:00:00,5.35
2025-01-23 07:00:00,95.28
2025-01-23 08:00:00,264.75
2025-01-23 09:00:00,431.67
2025-01-23 10:00:00,546.9
2025-01-23 11:00:00,749.97
2025-01-23 12:00:00,748.67
2025-01-23 13:00:00,664.78
2025-01-23 14:00:00,514.45
2025-01-23 15:00:00,312.6
2025-01-23 16:00:00,113.55
2025-01-23 17:00:00,4.32
2025-01-23 18:00:00,0.0
2025-01-23 19:00:00,0.0
2025-01-23 20:00:00,0.0
2025-01-23 21:00:00,0.0
2025-01-23 22:00:00,0.0
2025-01-23 23:00:00,0.0
2025-01-24 00:00:00,0.0
2025-01-24 01:00:00,0.0
2025-01-24 02:00:00,0.0
2025-01-24 03:00:00,0.0
2025-01-24 04:00:00,0.0
2025-01-24 05:00:00,0.0
2025-01-24 06:00:00,5.38
2025-01-24 07:00:00,102.93
2025-01-24 08:00:00,286.52
2025-01-24 09:00:00,443.6
2025-01-24 10:00:00,604.33
2025-01-24 11:00:00,771.08
2025-01-24 12:00:00,769.5
2025-01-24 13:00:00,690.5
2025-01-24 14:00:00,541.03
2025-01-24 15:00:00,338.88
2025-01-24 16:00:00,127.3
2025-01-24 17:00:00,5.1
2025-01-24 18:00:00,0.0
2025-01-24 19:00:00,0.0
2025-01-24 20:00:00,0.0
2025-01-24 21:00:00,0.0
2025-01-24 22:00:00,0.0
2025-01-24 23:00:00,0.0
2025-01-25 00:00:00,0.0
2025-01-25 01:00:00,0.0
2025-01-25 02:00:00,0.0
2025-01-25 03:00:00,0.0
2025-01-25 04:00:00,0.0
2025-01-25 05:00:00,0.0
2025-01-25 06:00:00,4.93
2025-01-25 07:00:00,80.75
2025-01-25 08:00:00,214.85
2025-01-25 09:00:00,372.73
2025-01-25 10:00:00,500.98
2025-01-25 11:00:00,624.3
2025-01-25 12:00:00,589.38
2025-01-25 13:00:00,482.35
2025-01-25 14:00:00,357.15
2025-01-25 15:00:00,232.05
2025-01-25 16:00:00,85.7
2025-01-25 17:00:00,4.53
2025-01-25 18:00:00,0.0
2025-01-25 19:00:00,0.0
2025-01-25 20:00:00,0.0
2025-01-25 21:00:00,0.0
2025-01-25 22:00:00,0.0
2025-01-25 23:00:00,0.0
2025-01-26 00:00:00,0.0
2025-01-26 01:00:00,0.0
2025-01-26 02:00:00,0.0
2025-01-26 03:00:00,0.0
2025-01-26 04:00:00,0.0
2025-01-26 05:00:00,0.0
2025-01-26 06:00:00,5.72
2025-01-26 07:00:00,96.45
2025-01-26 08:00:00,269.08
2025-01-26 09:00:00,428.8
2025-01-26 10:00:00,572.1
2025-01-26 11:00:00,681.9
2025-01-26 12:00:00,678.78
2025-01-26 13:00:00,606.15
2025-01-26 14:00:00,454.75
2025-01-26 15:00:00,280.12
2025-01-26 16:00:00,103.65
2025-01-26 17:00:00,5.07
2025-01-26 18:00:00,0.0
2025-01-26 19:00:00,0.0
2025-01-26 20:00:00,0.0
2025-01-26 21:00:00,0.0
2025-01-26 22:00:00,0.0
2025-01-26 23:00:00,0.0
2025-01-27 00:00:00,0.0
2025-01-27 01:00:00,0.0
2025-01-27 02:00:00,0.0
2025-01-27 03:00:00,0.0
2025-01-27 04:00:00,0.0
2025-01-27 05:00:00,0.0
2025-01-27 06:00:00,6.2
2025-01-27 07:00:00,106.0
2025-01-27 08:00:00,271.45
2025-01-27 09:00:00,446.73
2025-01-27 10:00:00,596.55
2025-01-27 11:00:00,677.17
2025-01-27 12:00:00,650.65
2025-01-27 13:00:00,568.38
2025-01-27 14:00:00,450.3
2025-01-27 15:00:00,274.88
2025-01-27 16:00:00,104.93
2025-01-27 17:00:00,5.45
2025-01-27 18:00:00,0.0
2025-01-27 19:00:00,0.0
2025-01-27 20:00:00,0.0
2025-01-27 21:00:00,0.0
2025-01-27 22:00:00,0.0
2025-01-27 23:00:00,0.0
2025-01-28 00:00:00,0.0
2025-01-28 01:00:00,0.0
2025-01-28 02:00:00,0.0
2025-01-28 03:00:00,0.0
2025-01-28 04:00:00,0.0
2025-01-28 05:00:00,0.0
2025-01-28 06:00:00,6.4
2025-01-28 07:00:00,103.55
2025-01-28 08:00:00,260.8
2025-01-28 09:00:00,423.33
2025-01-28 10:00:00,576.7
2025-01-28 11:00:00,658.92
2025-01-28 12:00:00,643.47
2025-01-28 13:00:00,532.12
2025-01-28 14:00:00,393.02
2025-01-28 15:00:00,242.0
2025-01-28 16:00:00,94.4
2025-01-28 17:00:00,5.32
2025-01-28 18:00:00,0.0
2025-01-28 19:00:00,0.0
2025-01-28 20:00:00,0.0
2025-01-28 21:00:00,0.0
2025-01-28 22:00:00,0.0
2025-01-28 23:00:00,0.0
2025-01-29 00:00:00,0.0
2025-01-29 01:00:00,0.0
2025-01-29 02:00:00,0.0
2025-01-29 03:00:00,0.0
2025-01-29 04:00:00,0.0
2025-01-29 05:00:00,0.0
2025-01-29 06:00:00,5.6
2025-01-29 07:00:00,86.75
2025-01-29 08:00:00,228.7
2025-01-29 09:00:00,398.88
2025-01-29 10:00:00,538.08
2025-01-29 11:00:00,573.15
2025-01-29 12:00:00,576.47
2025-01-29 13:00:00,532.05
2025-01-29 14:00:00,371.08
2025-01-29 15:00:00,249.23
2025-01-29 16:00:00,91.95
2025-01-29 17:00:00,5.55
2025-01-29 18:00:00,0.0
2025-01-29 19:00:00,0.0
2025-01-29 20:00:00,0.0
2025-01-29 21:00:00,0.0
2025-01-29 22:00:00,0.0
2025-01-29 23:00:00,0.0
2025-01-30 00:00:00,0.0
2025-01-30 01:00:00,0.0
2025-01-30 02:00:00,0.0
2025-01-30 03:00:00,0.0
2025-01-30 04:00:00,0.0
2025-01-30 05:00:00,0.0
2025-01-30 06:00:00,5.1
2025-01-30 07:00:00,81.8
2025-01-30 08:00:00,231.62
2025-01-30 09:00:00,392.55
2025-01-30 10:00:00,550.85
2025-01-30 11:00:00,696.0
2025-01-30 12:00:00,672.42
2025-01-30 13:00:00,609.2
2025-01-30 14:00:00,411.02
2025-01-30 15:00:00,225.9
2025-01-30 16:00:00,94.57
2025-01-30 17:00:00,5.88
2025-01-30 18:00:00,0.0
2025-01-30 19:00:00,0.0
2025-01-30 20:00:00,0.0
2025-01-30 21:00:00,0.0
2025-01-30 22:00:00,0.0
2025-01-30 23:00:00,0.0
2025-01-31 00:00:00,0.0
2025-01-31 01:00:00,0.0
2025-01-31 02:00:00,0.0
2025-01-31 03:00:00,0.0
2025-01-31 04:00:00,0.0
2025-01-31 05:00:00,0.0
2025-01-31 06:00:00,3.7
2025-01-31 07:00:00,49.08
2025-01-31 08:00:00,118.72
2025-01-31 09:00:00,200.1
2025-01-31 10:00:00,294.23
2025-01-31 11:00:00,353.88
2025-01-31 12:00:00,386.5
2025-01-31 13:00:00,300.2
2025-01-31 14:00:00,297.95
2025-01-31 15:00:00,169.57
2025-01-31 16:00:00,66.03
2025-01-31 17:00:00,4.78
2025-01-31 18:00:00,0.0
2025-01-31 19:00:00,0.0
2025-01-31 20:00:00,0.0
2025-01-31 21:00:00,0.0
2025-01-31 22:00:00,0.0
2025-01-31 23:00:00,0.0
2025-02-01 00:00:00,0.0
2025-02-01 01:00:00,0.0
2025-02-01 02:00:00,0.0
2025-02-01 03:00:00,0.0
2025-02-01 04:00:00,0.0
2025-02-01 05:00:00,0.0
2025-02-01 06:00:00,6.45
2025-02-01 07:00:00,93.95
2025-02-01 08:00:00,259.9
2025-02-01 09:00:00,374.92
2025-02-01 10:00:00,512.58
2025-02-01 11:00:00,627.67
2025-02-01 12:00:00,656.08
2025-02-01 13:00:00,591.1
2025-02-01 14:00:00,467.05
2025-02-01 15:00:00,305.85
2025-02-01 16:00:00,130.43
2025-02-01 17:00:00,8.1
2025-02-01 18:00:00,0.0
2025-02-01 19:00:00,0.0
2025-02-01 20:00:00,0.0
2025-02-01 21:00:00,0.0
2025-02-01 22:00:00,0.0
2025-02-01 23:00:00,0.0
2025-02-02 00:00:00,0.0
2025-02-02 01:00:00,0.0
2025-02-02 02:00:00,0.0
2025-02-02 03:00:00,0.0
2025-02-02 04:00:00,0.0
2025-02-02 05:00:00,0.0
2025-02-02 06:00:00,9.0
2025-02-02 07:00:00,142.98
2025-02-02 08:00:00,342.67
2025-02-02 09:00:00,526.85
2025-02-02 10:00:00,657.97
2025-02-02 11:00:00,707.8
2025-02-02 12:00:00,712.83
2025-02-02 13:00:00,555.8
2025-02-02 14:00:00,413.92
2025-02-02 15:00:00,267.15
2025-02-02 16:00:00,106.97
2025-02-02 17:00:00,7.5
2025-02-02 18:00:00,0.0
2025-02-02 19:00:00,0.0
2025-02-02 20:00:00,0.0
2025-02-02 21:00:00,0.0
2025-02-02 22:00:00,0.0
2025-02-02 23:00:00,0.0
2025-02-03 00:00:00,0.0
2025-02-03 01:00:00,0.0
2025-02-03 02:00:00,0.0
2025-02-03 03:00:00,0.0
2025-02-03 04:00:00,0.0
2025-02-03 05:00:00,0.0
2025-02-03 06:00:00,7.12
2025-02-03 07:00:00,106.43
2025-02-03 08:00:00,283.65
2025-02-03 09:00:00,418.0
2025-02-03 10:00:00,552.5
2025-02-03 11:00:00,628.35
2025-02-03 12:00:00,664.72
2025-02-03 13:00:00,608.62
2025-02-03 14:00:00,450.12
2025-02-03 15:00:00,271.35
2025-02-03 16:00:00,113.7
2025-02-03 17:00:00,7.88
2025-02-03 18:00:00,0.0
2025-02-03 19:00:00,0.0
2025-02-03 20:00:00,0.0
2025-02-03 21:00:00,0.0
2025-02-03 22:00:00,0.0
2025-02-03 23:00:00,0.0
2025-02-04 00:00:00,0.0
2025-02-04 01:00:00,0.0
2025-02-04 02:00:00,0.0
2025-02-04 03:00:00,0.0
2025-02-04 04:00:00,0.0
2025-02-04 05:00:00,0.0
2025-02-04 06:00:00,8.4
2025-02-04 07:00:00,123.07
2025-02-04 08:00:00,307.2
2025-02-04 09:00:00,489.62
2025-02-04 10:00:00,629.78
2025-02-04 11:00:00,721.45
2025-02-04 12:00:00,724.78
2025-02-04 13:00:00,650.53
2025-02-04 14:00:00,512.47
2025-02-04 15:00:00,324.92
2025-02-04 16:00:00,138.65
2025-02-04 17:00:00,8.95
2025-02-04 18:00:00,0.0
2025-02-04 19:00:00,0.0
2025-02-04 20:00:00,0.0
2025-02-04 21:00:00,0.0
2025-02-04 22:00:00,0.0
2025-02-04 23:00:00,0.0
2025-02-05 00:00:00,0.0
2025-02-05 01:00:00,0.0
2025-02-05 02:00:00,0.0
2025-02-05 03:00:00,0.0
2025-02-05 04:00:00,0.0
2025-02-05 05:00:00,0.0
2025-02-05 06:00:00,9.0
2025-02-05 07:00:00,128.57
2025-02-05 08:00:00,310.75
2025-02-05 09:00:00,488.55
2025-02-05 10:00:00,633.2
2025-02-05 11:00:00,703.25
2025-02-05 12:00:00,704.2
2025-02-05 13:00:00,648.8
2025-02-05 14:00:00,499.95
2025-02-05 15:00:00,318.23
2025-02-05 16:00:00,130.0
2025-02-05 17:00:00,9.18
2025-02-05 18:00:00,0.0
2025-02-05 19:00:00,0.0
2025-02-05 20:00:00,0.0
2025-02-05 21:00:00,0.0
2025-02-05 22:00:00,0.0
2025-02-05 23:00:00,0.0
2025-02-06 00:00:00,0.0
2025-02-06 01:00:00,0.0
2025-02-06 02:00:00,0.0
2025-02-06 03:00:00,0.0
2025-02-06 04:00:00,0.0
2025-02-06 05:00:00,0.0
2025-02-06 06:00:00,8.5
2025-02-06 07:00:00,121.35
2025-02-06 08:00:00,296.4
2025-02-06 09:00:00,479.1
2025-02-06 10:00:00,617.28
2025-02-06 11:00:00,717.8
2025-02-06 12:00:00,725.47
2025-02-06 13:00:00,642.97
2025-02-06 14:00:00,494.83
2025-02-06 15:00:00,324.58
2025-02-06 16:00:00,138.35
2025-02-06 17:00:00,10.2
2025-02-06 18:00:00,0.0
2025-02-06 19:00:00,0.0
2025-02-06 20:00:00,0.0
2025-02-06 21:00:00,0.0
2025-02-06 22:00:00,0.0
2025-02-06 23:00:00,0.0
2025-02-07 00:00:00,0.0
2025-02-07 01:00:00,0.0
2025-02-07 02:00:00,0.0
2025-02-07 03:00:00,0.0
2025-02-07 04:00:00,0.0
2025-02-07 05:00:00,0.0
2025-02-07 06:00:00,10.38
2025-02-07 07:00:00,138.9
2025-02-07 08:00:00,332.88
2025-02-07 09:00:00,525.1
2025-02-07 10:00:00,663.58
2025-02-07 11:00:00,790.53
2025-02-07 12:00:00,802.62
2025-02-07 13:00:00,707.0
2025-02-07 14:00:00,570.88
2025-02-07 15:00:00,380.65
2025-02-07 16:00:00,168.57
2025-02-07 17:00:00,12.62
2025-02-07 18:00:00,0.0
2025-02-07 19:00:00,0.0
2025-02-07 20:00:00,0.0
2025-02-07 21:00:00,0.0
2025-02-07 22:00:00,0.0
2025-02-07 23:00:00,0.0
2025-02-08 00:00:00,0.0
2025-02-08 01:00:00,0.0
2025-02-08 02:00:00,0.0
2025-02-08 03:00:00,0.0
2025-02-08 04:00:00,0.0
2025-02-08 05:00:00,0.0
2025-02-08 06:00:00,11.8
2025-02-08 07:00:00,165.48
2025-02-08 08:00:00,381.0
2025-02-08 09:00:00,581.7
2025-02-08 10:00:00,724.78
2025-02-08 11:00:00,807.25
2025-02-08 12:00:00,811.67
2025-02-08 13:00:00,736.22
2025-02-08 14:00:00,591.97
2025-02-08 15:00:00,393.75
2025-02-08 16:00:00,179.88
2025-02-08 17:00:00,13.18
2025-02-08 18:00:00,0.0
2025-02-08 19:00:00,0.0
2025-02-08 20:00:00,0.0
2025-02-08 21:00:00,0.0
2025-02-08 22:00:00,0.0
2025-02-08 23:00:00,0.0
2025-02-09 00:00:00,0.0
2025-02-09 01:00:00,0.0
2025-02-09 02:00:00,0.0
2025-02-09 03:00:00,0.0
2025-02-09 04:00:00,0.0
2025-02-09 05:00:00,0.0
2025-02-09 06:00:00,12.23
2025-02-09 07:00:00,159.77
2025-02-09 08:00:00,379.55
2025-02-09 09:00:00,576.22
2025-02-09 10:00:00,719.62
2025-02-09 11:00:00,801.15
2025-02-09 12:00:00,804.7
2025-02-09 13:00:00,730.9
2025-02-09 14:00:00,587.25
2025-02-09 15:00:00,389.0
2025-02-09 16:00:00,171.95
2025-02-09 17:00:00,13.32
2025-02-09 18:00:00,0.0
2025-02-09 19:00:00,0.0
2025-02-09 20:00:00,0.0
2025-02-09 21:00:00,0.0
2025-02-09 22:00:00,0.0
2025-02-09 23:00:00,0.0
2025-02-10 00:00:00,0.0
2025-02-10 01:00:00,0.0
2025-02-10 02:00:00,0.0
2025-02-10 03:00:00,0.0
2025-02-10 04:00:00,0.0
2025-02-10 05:00:00,0.0
2025-02-10 06:00:00,12.55
2025-02-10 07:00:00,171.82
2025-02-10 08:00:00,379.42
2025-02-10 09:00:00,575.53
2025-02-10 10:00:00,719.12
2025-02-10 11:00:00,831.0
2025-02-10 12:00:00,829.42
2025-02-10 13:00:00,754.08
2025-02-10 14:00:00,607.35
2025-02-10 15:00:00,404.55
2025-02-10 16:00:00,179.45
2025-02-10 17:00:00,14.1
2025-02-10 18:00:00,0.0
2025-02-10 19:00:00,0.0
2025-02-10 20:00:00,0.0
2025-02-10 21:00:00,0.0
2025-02-10 22:00:00,0.0
2025-02-10 23:00:00,0.0
2025-02-11 00:00:00,0.0
2025-02-11 01:00:00,0.0
2025-02-11 02:00:00,0.0
2025-02-11 03:00:00,0.0
2025-02-11 04:00:00,0.0
2025-02-11 05:00:00,0.0
2025-02-11 06:00:00,11.8
2025-02-11 07:00:00,145.12
2025-02-11 08:00:00,341.2
2025-02-11 09:00:00,531.08
2025-02-11 10:00:00,675.47
2025-02-11 11:00:00,815.67
2025-02-11 12:00:00,810.42
2025-02-11 13:00:00,711.08
2025-02-11 14:00:00,539.62
2025-02-11 15:00:00,346.0
2025-02-11 16:00:00,153.93
2025-02-11 17:00:00,13.3
2025-02-11 18:00:00,0.0
2025-02-11 19:00:00,0.0
2025-02-11 20:00:00,0.0
2025-02-11 21:00:00,0.0
2025-02-11 22:00:00,0.0
2025-02-11 23:00:00,0.0
2025-02-12 00:00:00,0.0
2025-02-12 01:00:00,0.0
2025-02-12 02:00:00,0.0
2025-02-12 03:00:00,0.0
2025-02-12 04:00:00,0.0
2025-02-12 05:00:00,0.0
2025-02-12 06:00:00,11.0
2025-02-12 07:00:00,106.03
2025-02-12 08:00:00,236.3
2025-02-12 09:00:00,386.0
2025-02-12 10:00:00,533.5
2025-02-12 11:00:00,701.05
2025-02-12 12:00:00,755.4
2025-02-12 13:00:00,697.03
2025-02-12 14:00:00,526.45
2025-02-12 15:00:00,303.92
2025-02-12 16:00:00,136.3
2025-02-12 17:00:00,11.2
2025-02-12 18:00:00,0.0
2025-02-12 19:00:00,0.0
2025-02-12 20:00:00,0.0
2025-02-12 21:00:00,0.0
2025-02-12 22:00:00,0.0
2025-02-12 23:00:00,0.0
2025-02-13 00:00:00,0.0
2025-02-13 01:00:00,0.0
2025-02-13 02:00:00,0.0
2025-02-13 03:00:00,0.0
2025-02-13 04:00:00,0.0
2025-02-13 05:00:00,0.0
2025-02-13 06:00:00,12.93
2025-02-13 07:00:00,151.0
2025-02-13 08:00:00,338.75
2025-02-13 09:00:00,542.6
2025-02-13 10:00:00,657.7
2025-02-13 11:00:00,697.3
2025-02-13 12:00:00,705.53
2025-02-13 13:00:00,564.03
2025-02-13 14:00:00,435.3
2025-02-13 15:00:00,268.45
2025-02-13 16:00:00,125.22
2025-02-13 17:00:00,12.0
2025-02-13 18:00:00,0.0
2025-02-13 19:00:00,0.0
2025-02-13 20:00:00,0.0
2025-02-13 21:00:00,0.0
2025-02-13 22:00:00,0.0
2025-02-13 23:00:00,0.0
2025-02-14 00:00:00,0.0
2025-02-14 01:00:00,0.0
2025-02-14 02:00:00,0.0
2025-02-14 03:00:00,0.0
2025-02-14 04:00:00,0.0
2025-02-14 05:00:00,0.0
2025-02-14 06:00:00,9.5
2025-02-14 07:00:00,107.62
2025-02-14 08:00:00,247.52
2025-02-14 09:00:00,425.88
2025-02-14 10:00:00,587.33
2025-02-14 11:00:00,731.0
2025-02-14 12:00:00,707.4
2025-02-14 13:00:00,638.45
2025-02-14 14:00:00,538.95
2025-02-14 15:00:00,359.27
2025-02-14 16:00:00,164.98
2025-02-14 17:00:00,15.68
2025-02-14 18:00:00,0.0
2025-02-14 19:00:00,0.0
2025-02-14 20:00:00,0.0
2025-02-14 21:00:00,0.0
2025-02-14 22:00:00,0.0
2025-02-14 23:00:00,0.0
2025-02-15 00:00:00,0.0
2025-02-15 01:00:00,0.0
2025-02-15 02:00:00,0.0
2025-02-15 03:00:00,0.0
2025-02-15 04:00:00,0.0
2025-02-15 05:00:00,0.0
2025-02-15 06:00:00,16.35
2025-02-15 07:00:00,178.8
2025-02-15 08:00:00,406.8
2025-02-15 09:00:00,607.2
2025-02-15 10:00:00,753.78
2025-02-15 11:00:00,820.22
2025-02-15 12:00:00,825.35
2025-02-15 13:00:00,751.28
2025-02-15 14:00:00,606.3
2025-02-15 15:00:00,406.62
2025-02-15 16:00:00,192.25
2025-02-15 17:00:00,17.17
2025-02-15 18:00:00,0.0
2025-02-15 19:00:00,0.0
2025-02-15 20:00:00,0.0
2025-02-15 21:00:00,0.0
2025-02-15 22:00:00,0.0
2025-02-15 23:00:00,0.0
2025-02-16 00:00:00,0.0
2025-02-16 01:00:00,0.0
2025-02-16 02:00:00,0.0
2025-02-16 03:00:00,0.0
2025-02-16 04:00:00,0.0
2025-02-16 05:00:00,0.0
2025-02-16 06:00:00,17.3
2025-02-16 07:00:00,191.93
2025-02-16 08:00:00,402.77
2025-02-16 09:00:00,600.47
2025-02-16 10:00:00,739.53
2025-02-16 11:00:00,832.28
2025-02-16 12:00:00,819.58
2025-02-16 13:00:00,714.88
2025-02-16 14:00:00,560.8
2025-02-16 15:00:00,372.77
2025-02-16 16:00:00,175.2
2025-02-16 17:00:00,17.85
2025-02-16 18:00:00,0.0
2025-02-16 19:00:00,0.0
2025-02-16 20:00:00,0.0
2025-02-16 21:00:00,0.0
2025-02-16 22:00:00,0.0
2025-02-16 23:00:00,0.0
2025-02-17 00:00:00,0.0
2025-02-17 01:00:00,0.0
2025-02-17 02:00:00,0.0
2025-02-17 03:00:00,0.0
2025-02-17 04:00:00,0.0
2025-02-17 05:00:00,0.0
2025-02-17 06:00:00,18.05
2025-02-17 07:00:00,194.43
2025-02-17 08:00:00,398.33
2025-02-17 09:00:00,591.33
2025-02-17 10:00:00,727.85
2025-02-17 11:00:00,820.97
2025-02-17 12:00:00,816.28
2025-02-17 13:00:00,719.33
2025-02-17 14:00:00,557.03
2025-02-17 15:00:00,324.75
2025-02-17 16:00:00,156.7
2025-02-17 17:00:00,16.27
2025-02-17 18:00:00,0.0
2025-02-17 19:00:00,0.0
2025-02-17 20:00:00,0.0
2025-02-17 21:00:00,0.0
2025-02-17 22:00:00,0.0
2025-02-17 23:00:00,0.0
2025-02-18 00:00:00,0.0
2025-02-18 01:00:00,0.0
2025-02-18 02:00:00,0.0
2025-02-18 03:00:00,0.0
2025-02-18 04:00:00,0.0
2025-02-18 05:00:00,0.0
2025-02-18 06:00:00,15.73
2025-02-18 07:00:00,149.38
2025-02-18 08:00:00,326.73
2025-02-18 09:00:00,500.5
2025-02-18 10:00:00,626.6
2025-02-18 11:00:00,761.1
2025-02-18 12:00:00,784.78
2025-02-18 13:00:00,708.0
2025-02-18 14:00:00,537.75
2025-02-18 15:00:00,345.95
2025-02-18 16:00:00,150.02
2025-02-18 17:00:00,13.4
2025-02-18 18:00:00,0.0
2025-02-18 19:00:00,0.0
2025-02-18 20:00:00,0.0
2025-02-18 21:00:00,0.0
2025-02-18 22:00:00,0.0
2025-02-18 23:00:00,0.0
2025-02-19 00:00:00,0.0
2025-02-19 01:00:00,0.0
2025-02-19 02:00:00,0.0
2025-02-19 03:00:00,0.0
2025-02-19 04:00:00,0.0
2025-02-19 05:00:00,0.0
2025-02-19 06:00:00,14.68
2025-02-19 07:00:00,148.2
2025-02-19 08:00:00,324.67
2025-02-19 09:00:00,529.78
2025-02-19 10:00:00,681.78
2025-02-19 11:00:00,754.1
2025-02-19 12:00:00,733.35
2025-02-19 13:00:00,596.9
2025-02-19 14:00:00,472.52
2025-02-19 15:00:00,312.1
2025-02-19 16:00:00,148.85
2025-02-19 17:00:00,16.73
2025-02-19 18:00:00,0.0
2025-02-19 19:00:00,0.0
2025-02-19 20:00:00,0.0
2025-02-19 21:00:00,0.0
2025-02-19 22:00:00,0.0
2025-02-19 23:00:00,0.0
2025-02-20 00:00:00,0.0
2025-02-20 01:00:00,0.0
2025-02-20 02:00:00,0.0
2025-02-20 03:00:00,0.0
2025-02-20 04:00:00,0.0
2025-02-20 05:00:00,0.0
2025-02-20 06:00:00,17.35
2025-02-20 07:00:00,155.18
2025-02-20 08:00:00,359.77
2025-02-20 09:00:00,544.58
2025-02-20 10:00:00,692.8
2025-02-20 11:00:00,806.7
2025-02-20 12:00:00,811.6
2025-02-20 13:00:00,721.97
2025-02-20 14:00:00,578.6
2025-02-20 15:00:00,386.12
2025-02-20 16:00:00,181.65
2025-02-20 17:00:00,19.42
2025-02-20 18:00:00,0.0
2025-02-20 19:00:00,0.0
2025-02-20 20:00:00,0.0
2025-02-20 21:00:00,0.0
2025-02-20 22:00:00,0.0
2025-02-20 23:00:00,0.0
2025-02-21 00:00:00,0.0
2025-02-21 01:00:00,0.0
2025-02-21 02:00:00,0.0
2025-02-21 03:00:00,0.0
2025-02-21 04:00:00,0.0
2025-02-21 05:00:00,0.0
2025-02-21 06:00:00,16.2
2025-02-21 07:00:00,147.05
2025-02-21 08:00:00,307.85
2025-02-21 09:00:00,501.95
2025-02-21 10:00:00,632.83
2025-02-21 11:00:00,721.45
2025-02-21 12:00:00,748.65
2025-02-21 13:00:00,663.12
2025-02-21 14:00:00,544.88
2025-02-21 15:00:00,362.48
2025-02-21 16:00:00,168.75
2025-02-21 17:00:00,19.12
2025-02-21 18:00:00,0.0
2025-02-21 19:00:00,0.0
2025-02-21 20:00:00,0.0
2025-02-21 21:00:00,0.0
2025-02-21 22:00:00,0.0
2025-02-21 23:00:00,0.0
2025-02-22 00:00:00,0.0
2025-02-22 01:00:00,0.0
2025-02-22 02:00:00,0.0
2025-02-22 03:00:00,0.0
2025-02-22 04:00:00,0.0
2025-02-22 05:00:00,0.0
2025-02-22 06:00:00,21.12
2025-02-22 07:00:00,180.2
2025-02-22 08:00:00,393.08
2025-02-22 09:00:00,587.88
2025-02-22 10:00:00,722.12
2025-02-22 11:00:00,798.38
2025-02-22 12:00:00,774.42
2025-02-22 13:00:00,721.0
2025-02-22 14:00:00,558.67
2025-02-22 15:00:00,359.38
2025-02-22 16:00:00,166.1
2025-02-22 17:00:00,19.05
2025-02-22 18:00:00,0.0
2025-02-22 19:00:00,0.0
2025-02-22 20:00:00,0.0
2025-02-22 21:00:00,0.0
2025-02-22 22:00:00,0.0
2025-02-22 23:00:00,0.0
2025-02-23 00:00:00,0.0
2025-02-23 01:00:00,0.0
2025-02-23 02:00:00,0.0
2025-02-23 03:00:00,0.0
2025-02-23 04:00:00,0.0
2025-02-23 05:00:00,0.0
2025-02-23 06:00:00,10.85
2025-02-23 07:00:00,93.45
2025-02-23 08:00:00,189.3
2025-02-23 09:00:00,292.02
2025-02-23 10:00:00,383.77
2025-02-23 11:00:00,628.62
2025-02-23 12:00:00,505.27
2025-02-23 13:00:00,413.52
2025-02-23 14:00:00,305.17
2025-02-23 15:00:00,190.35
2025-02-23 16:00:00,82.1
2025-02-23 17:00:00,9.93
2025-02-23 18:00:00,0.0
2025-02-23 19:00:00,0.0
2025-02-23 20:00:00,0.0
2025-02-23 21:00:00,0.0
2025-02-23 22:00:00,0.0
2025-02-23 23:00:00,0.0
2025-02-24 00:00:00,0.0
2025-02-24 01:00:00,0.0
2025-02-24 02:00:00,0.0
2025-02-24 03:00:00,0.0
2025-02-24 04:00:00,0.0
2025-02-24 05:00:00,0.0
2025-02-24 06:00:00,20.42
2025-02-24 07:00:00,168.6
2025-02-24 08:00:00,359.23
2025-02-24 09:00:00,548.65
2025-02-24 10:00:00,700.05
2025-02-24 11:00:00,813.15
2025-02-24 12:00:00,815.75
2025-02-24 13:00:00,727.42
2025-02-24 14:00:00,556.53
2025-02-24 15:00:00,382.52
2025-02-24 16:00:00,186.7
2025-02-24 17:00:00,22.25
2025-02-24 18:00:00,0.0
2025-02-24 19:00:00,0.0
2025-02-24 20:00:00,0.0
2025-02-24 21:00:00,0.0
2025-02-24 22:00:00,0.0
2025-02-24 23:00:00,0.0
2025-02-25 00:00:00,0.0
2025-02-25 01:00:00,0.0
2025-02-25 02:00:00,0.0
2025-02-25 03:00:00,0.0
2025-02-25 04:00:00,0.0
2025-02-25 05:00:00,0.0
2025-02-25 06:00:00,26.45
2025-02-25 07:00:00,214.8
2025-02-25 08:00:00,420.75
2025-02-25 09:00:00,618.35
2025-02-25 10:00:00,765.92
2025-02-25 11:00:00,856.65
2025-02-25 12:00:00,858.9
2025-02-25 13:00:00,761.35
2025-02-25 14:00:00,634.92
2025-02-25 15:00:00,434.48
2025-02-25 16:00:00,215.6
2025-02-25 17:00:00,25.73
2025-02-25 18:00:00,0.0
2025-02-25 19:00:00,0.0
2025-02-25 20:00:00,0.0
2025-02-25 21:00:00,0.0
2025-02-25 22:00:00,0.0
2025-02-25 23:00:00,0.0
2025-02-26 00:00:00,0.0
2025-02-26 01:00:00,0.0
2025-02-26 02:00:00,0.0
2025-02-26 03:00:00,0.0
2025-02-26 04:00:00,0.0
2025-02-26 05:00:00,0.0
2025-02-26 06:00:00,28.6
2025-02-26 07:00:00,224.25
2025-02-26 08:00:00,435.35
2025-02-26 09:00:00,634.08
2025-02-26 10:00:00,782.58
2025-02-26 11:00:00,894.17
2025-02-26 12:00:00,897.5
2025-02-26 13:00:00,819.33
2025-02-26 14:00:00,670.55
2025-02-26 15:00:00,467.55
2025-02-26 16:00:00,234.38
2025-02-26 17:00:00,29.83
2025-02-26 18:00:00,0.0
2025-02-26 19:00:00,0.0
2025-02-26 20:00:00,0.0
2025-02-26 21:00:00,0.0
2025-02-26 22:00:00,0.0
2025-02-26 23:00:00,0.0
2025-02-27 00:00:00,0.0
2025-02-27 01:00:00,0.0
2025-02-27 02:00:00,0.0
2025-02-27 03:00:00,0.0
2025-02-27 04:00:00,0.0
2025-02-27 05:00:00,0.0
2025-02-27 06:00:00,28.2
2025-02-27 07:00:00,213.75
2025-02-27 08:00:00,432.98
2025-02-27 09:00:00,657.75
2025-02-27 10:00:00,805.4
2025-02-27 11:00:00,883.6
2025-02-27 12:00:00,884.5
2025-02-27 13:00:00,808.55
2025-02-27 14:00:00,662.95
2025-02-27 15:00:00,458.25
2025-02-27 16:00:00,230.2
2025-02-27 17:00:00,29.6
2025-02-27 18:00:00,0.0
2025-02-27 19:00:00,0.0
2025-02-27 20:00:00,0.0
2025-02-27 21:00:00,0.0
2025-02-27 22:00:00,0.0
2025-02-27 23:00:00,0.0
2025-02-28 00:00:00,0.0
2025-02-28 01:00:00,0.0
2025-02-28 02:00:00,0.0
2025-02-28 03:00:00,0.0
2025-02-28 04:00:00,0.0
2025-02-28 05:00:00,0.0
2025-02-28 06:00:00,30.35
2025-02-28 07:00:00,211.43
2025-02-28 08:00:00,429.55
2025-02-28 09:00:00,631.05
2025-02-28 10:00:00,766.95
2025-02-28 11:00:00,843.28
2025-02-28 12:00:00,833.3
2025-02-28 13:00:00,699.22
2025-02-28 14:00:00,495.8
2025-02-28 15:00:00,328.6
2025-02-28 16:00:00,173.05
2025-02-28 17:00:00,22.95
2025-02-28 18:00:00,0.0
2025-02-28 19:00:00,0.0
2025-02-28 20:00:00,0.0
2025-02-28 21:00:00,0.0
2025-02-28 22:00:00,0.0
2025-02-28 23:00:00,0.0
2025-03-01 00:00:00,0.0
2025-03-01 01:00:00,0.0
2025-03-01 02:00:00,0.0
2025-03-01 03:00:00,0.0
2025-03-01 04:00:00,0.0
2025-03-01 05:00:00,0.0
2025-03-01 06:00:00,23.73
2025-03-01 07:00:00,168.7
2025-03-01 08:00:00,353.52
2025-03-01 09:00:00,530.28
2025-03-01 10:00:00,668.88
2025-03-01 11:00:00,750.53
2025-03-01 12:00:00,734.55
2025-03-01 13:00:00,623.5
2025-03-01 14:00:00,468.17
2025-03-01 15:00:00,309.6
2025-03-01 16:00:00,153.85
2025-03-01 17:00:00,21.92
2025-03-01 18:00:00,0.0
2025-03-01 19:00:00,0.0
2025-03-01 20:00:00,0.0
2025-03-01 21:00:00,0.0
2025-03-01 22:00:00,0.0
2025-03-01 23:00:00,0.0
2025-03-02 00:00:00,0.0
2025-03-02 01:00:00,0.0
2025-03-02 02:00:00,0.0
2025-03-02 03:00:00,0.0
2025-03-02 04:00:00,0.0
2025-03-02 05:00:00,0.0
2025-03-02 06:00:00,22.1
2025-03-02 07:00:00,136.62
2025-03-02 08:00:00,262.77
2025-03-02 09:00:00,344.5
2025-03-02 10:00:00,529.72
2025-03-02 11:00:00,567.47
2025-03-02 12:00:00,579.95
2025-03-02 13:00:00,541.12
2025-03-02 14:00:00,395.02
2025-03-02 15:00:00,261.95
2025-03-02 16:00:00,127.53
2025-03-02 17:00:00,19.4
2025-03-02 18:00:00,0.0
2025-03-02 19:00:00,0.0
2025-03-02 20:00:00,0.0
2025-03-02 21:00:00,0.0
2025-03-02 22:00:00,0.0
2025-03-02 23:00:00,0.0
2025-03-03 00:00:00,0.0
2025-03-03 01:00:00,0.0
2025-03-03 02:00:00,0.0
2025-03-03 03:00:00,0.0
2025-03-03 04:00:00,0.0
2025-03-03 05:00:00,0.0
2025-03-03 06:00:00,30.5
2025-03-03 07:00:00,196.62
2025-03-03 08:00:00,380.92
2025-03-03 09:00:00,595.17
2025-03-03 10:00:00,710.4
2025-03-03 11:00:00,650.85
2025-03-03 12:00:00,533.9
2025-03-03 13:00:00,442.2
2025-03-03 14:00:00,389.17
2025-03-03 15:00:00,247.4
2025-03-03 16:00:00,122.6
2025-03-03 17:00:00,20.08
2025-03-03 18:00:00,0.0
2025-03-03 19:00:00,0.0
2025-03-03 20:00:00,0.0
2025-03-03 21:00:00,0.0
2025-03-03 22:00:00,0.0
2025-03-03 23:00:00,0.0
2025-03-04 00:00:00,0.0
2025-03-04 01:00:00,0.0
2025-03-04 02:00:00,0.0
2025-03-04 03:00:00,0.0
2025-03-04 04:00:00,0.0
2025-03-04 05:00:00,0.0
2025-03-04 06:00:00,39.47
2025-03-04 07:00:00,245.43
2025-03-04 08:00:00,473.0
2025-03-04 09:00:00,677.2
2025-03-04 10:00:00,823.55
2025-03-04 11:00:00,892.62
2025-03-04 12:00:00,887.75
2025-03-04 13:00:00,783.78
2025-03-04 14:00:00,655.5
2025-03-04 15:00:00,456.25
2025-03-04 16:00:00,230.48
2025-03-04 17:00:00,32.33
2025-03-04 18:00:00,0.0
2025-03-04 19:00:00,0.0
2025-03-04 20:00:00,0.0
2025-03-04 21:00:00,0.0
2025-03-04 22:00:00,0.0
2025-03-04 23:00:00,0.0
2025-03-05 00:00:00,0.0
2025-03-05 01:00:00,0.0
2025-03-05 02:00:00,0.0
2025-03-05 03:00:00,0.0
2025-03-05 04:00:00,0.0
2025-03-05 05:00:00,0.0
2025-03-05 06:00:00,41.12
2025-03-05 07:00:00,237.55
2025-03-05 08:00:00,465.25
2025-03-05 09:00:00,622.2
2025-03-05 10:00:00,764.0
2025-03-05 11:00:00,808.7
2025-03-05 12:00:00,748.08
2025-03-05 13:00:00,728.05
2025-03-05 14:00:00,581.88
2025-03-05 15:00:00,377.77
2025-03-05 16:00:00,193.32
2025-03-05 17:00:00,28.23
2025-03-05 18:00:00,0.0
2025-03-05 19:00:00,0.0
2025-03-05 20:00:00,0.0
2025-03-05 21:00:00,0.0
2025-03-05 22:00:00,0.0
2025-03-05 23:00:00,0.0
2025-03-06 00:00:00,0.0
2025-03-06 01:00:00,0.0
2025-03-06 02:00:00,0.0
2025-03-06 03:00:00,0.0
2025-03-06 04:00:00,0.0
2025-03-06 05:00:00,0.0
2025-03-06 06:00:00,48.12
2025-03-06 07:00:00,265.08
2025-03-06 08:00:00,498.4
2025-03-06 09:00:00,698.8
2025-03-06 10:00:00,843.53
2025-03-06 11:00:00,875.55
2025-03-06 12:00:00,874.72
2025-03-06 13:00:00,794.67
2025-03-06 14:00:00,606.78
2025-03-06 15:00:00,396.33
2025-03-06 16:00:00,187.05
2025-03-06 17:00:00,26.98
2025-03-06 18:00:00,0.0
2025-03-06 19:00:00,0.0
2025-03-06 20:00:00,0.0
2025-03-06 21:00:00,0.0
2025-03-06 22:00:00,0.0
2025-03-06 23:00:00,0.0
2025-03-07 00:00:00,0.0
2025-03-07 01:00:00,0.0
2025-03-07 02:00:00,0.0
2025-03-07 03:00:00,0.0
2025-03-07 04:00:00,0.0
2025-03-07 05:00:00,0.0
2025-03-07 06:00:00,46.6
2025-03-07 07:00:00,255.07
2025-03-07 08:00:00,482.25
2025-03-07 09:00:00,680.9
2025-03-07 10:00:00,826.15
2025-03-07 11:00:00,873.1
2025-03-07 12:00:00,874.88
2025-03-07 13:00:00,795.55
2025-03-07 14:00:00,629.28
2025-03-07 15:00:00,426.17
2025-03-07 16:00:00,207.98
2025-03-07 17:00:00,30.35
2025-03-07 18:00:00,0.0
2025-03-07 19:00:00,0.0
2025-03-07 20:00:00,0.0
2025-03-07 21:00:00,0.0
2025-03-07 22:00:00,0.0
2025-03-07 23:00:00,0.0
2025-03-08 00:00:00,0.0
2025-03-08 01:00:00,0.0
2025-03-08 02:00:00,0.0
2025-03-08 03:00:00,0.0
2025-03-08 04:00:00,0.0
2025-03-08 05:00:00,0.0
2025-03-08 06:00:00,49.8
2025-03-08 07:00:00,261.15
2025-03-08 08:00:00,486.4
2025-03-08 09:00:00,679.4
2025-03-08 10:00:00,819.0
2025-03-08 11:00:00,893.72
2025-03-08 12:00:00,885.62
2025-03-08 13:00:00,805.28
2025-03-08 14:00:00,639.7
2025-03-08 15:00:00,422.12
2025-03-08 16:00:00,213.2
2025-03-08 17:00:00,32.9
2025-03-08 18:00:00,0.0
2025-03-08 19:00:00,0.0
2025-03-08 20:00:00,0.0
2025-03-08 21:00:00,0.0
2025-03-08 22:00:00,0.0
2025-03-08 23:00:00,0.0
2025-03-09 00:00:00,0.0
2025-03-09 01:00:00,0.0
2025-03-09 02:00:00,0.0
2025-03-09 03:00:00,0.0
2025-03-09 04:00:00,0.0
2025-03-09 05:00:00,0.0
2025-03-09 06:00:00,47.62
2025-03-09 07:00:00,248.95
2025-03-09 08:00:00,484.17
2025-03-09 09:00:00,674.58
2025-03-09 10:00:00,812.38
2025-03-09 11:00:00,862.62
2025-03-09 12:00:00,850.8
2025-03-09 13:00:00,778.97
2025-03-09 14:00:00,643.7
2025-03-09 15:00:00,444.55
2025-03-09 16:00:00,214.48
2025-03-09 17:00:00,31.85
2025-03-09 18:00:00,0.0
2025-03-09 19:00:00,0.0
2025-03-09 20:00:00,0.0
2025-03-09 21:00:00,0.0
2025-03-09 22:00:00,0.0
2025-03-09 23:00:00,0.0
2025-03-10 00:00:00,0.0
2025-03-10 01:00:00,0.0
2025-03-10 02:00:00,0.0
2025-03-10 03:00:00,0.0
2025-03-10 04:00:00,0.0
2025-03-10 05:00:00,0.0
2025-03-10 06:00:00,53.7
2025-03-10 07:00:00,261.67
2025-03-10 08:00:00,490.6
2025-03-10 09:00:00,684.3
2025-03-10 10:00:00,826.95
2025-03-10 11:00:00,883.65
2025-03-10 12:00:00,882.7
2025-03-10 13:00:00,797.5
2025-03-10 14:00:00,647.47
2025-03-10 15:00:00,447.38
2025-03-10 16:00:00,218.52
2025-03-10 17:00:00,34.47
2025-03-10 18:00:00,0.0
2025-03-10 19:00:00,0.0
2025-03-10 20:00:00,0.0
2025-03-10 21:00:00,0.0
2025-03-10 22:00:00,0.0
2025-03-10 23:00:00,0.0
2025-03-11 00:00:00,0.0
2025-03-11 01:00:00,0.0
2025-03-11 02:00:00,0.0
2025-03-11 03:00:00,0.0
2025-03-11 04:00:00,0.0
2025-03-11 05:00:00,0.0
2025-03-11 06:00:00,54.65
2025-03-11 07:00:00,256.83
2025-03-11 08:00:00,468.75
2025-03-11 09:00:00,649.3
2025-03-11 10:00:00,777.1
2025-03-11 11:00:00,850.08
2025-03-11 12:00:00,831.92
2025-03-11 13:00:00,657.7
2025-03-11 14:00:00,457.92
2025-03-11 15:00:00,322.0
2025-03-11 16:00:00,146.3
2025-03-11 17:00:00,23.08
2025-03-11 18:00:00,0.0
2025-03-11 19:00:00,0.0
2025-03-11 20:00:00,0.0
2025-03-11 21:00:00,0.0
2025-03-11 22:00:00,0.0
2025-03-11 23:00:00,0.0
2025-03-12 00:00:00,0.0
2025-03-12 01:00:00,0.0
2025-03-12 02:00:00,0.0
2025-03-12 03:00:00,0.0
2025-03-12 04:00:00,0.0
2025-03-12 05:00:00,0.0
2025-03-12 06:00:00,38.45
2025-03-12 07:00:00,190.5
2025-03-12 08:00:00,381.58
2025-03-12 09:00:00,469.2
2025-03-12 10:00:00,547.8
2025-03-12 11:00:00,503.27
2025-03-12 12:00:00,488.1
2025-03-12 13:00:00,453.83
2025-03-12 14:00:00,403.42
2025-03-12 15:00:00,305.58
2025-03-12 16:00:00,137.9
2025-03-12 17:00:00,23.3
2025-03-12 18:00:00,0.0
2025-03-12 19:00:00,0.0
2025-03-12 20:00:00,0.0
2025-03-12 21:00:00,0.0
2025-03-12 22:00:00,0.0
2025-03-12 23:00:00,0.0
2025-03-13 00:00:00,0.0
2025-03-13 01:00:00,0.0
2025-03-13 02:00:00,0.0
2025-03-13 03:00:00,0.0
2025-03-13 04:00:00,0.0
2025-03-13 05:00:00,0.0
2025-03-13 06:00:00,42.85
2025-03-13 07:00:00,226.18
2025-03-13 08:00:00,441.98
2025-03-13 09:00:00,647.15
2025-03-13 10:00:00,784.97
2025-03-13 11:00:00,777.35
2025-03-13 12:00:00,752.03
2025-03-13 13:00:00,677.3
2025-03-13 14:00:00,529.15
2025-03-13 15:00:00,367.65
2025-03-13 16:00:00,181.98
2025-03-13 17:00:00,29.12
2025-03-13 18:00:00,0.0
2025-03-13 19:00:00,0.0
2025-03-13 20:00:00,0.0
2025-03-13 21:00:00,0.0
2025-03-13 22:00:00,0.0
2025-03-13 23:00:00,0.0
2025-03-14 00:00:00,0.0
2025-03-14 01:00:00,0.0
2025-03-14 02:00:00,0.0
2025-03-14 03:00:00,0.0
2025-03-14 04:00:00,0.0
2025-03-14 05:00:00,0.0
2025-03-14 06:00:00,36.33
2025-03-14 07:00:00,175.65
2025-03-14 08:00:00,357.9
2025-03-14 09:00:00,596.7
2025-03-14 10:00:00,766.05
2025-03-14 11:00:00,710.65
2025-03-14 12:00:00,593.5
2025-03-14 13:00:00,560.22
2025-03-14 14:00:00,449.67
2025-03-14 15:00:00,350.55
2025-03-14 16:00:00,163.07
2025-03-14 17:00:00,28.55
2025-03-14 18:00:00,0.0
2025-03-14 19:00:00,0.0
2025-03-14 20:00:00,0.0
2025-03-14 21:00:00,0.0
2025-03-14 22:00:00,0.0
2025-03-14 23:00:00,0.0
2025-03-15 00:00:00,0.0
2025-03-15 01:00:00,0.0
2025-03-15 02:00:00,0.0
2025-03-15 03:00:00,0.0
2025-03-15 04:00:00,0.0
2025-03-15 05:00:00,0.0
2025-03-15 06:00:00,43.42
2025-03-15 07:00:00,206.73
2025-03-15 08:00:00,390.55
2025-03-15 09:00:00,555.42
2025-03-15 10:00:00,782.97
2025-03-15 11:00:00,817.33
2025-03-15 12:00:00,813.3
2025-03-15 13:00:00,737.67
2025-03-15 14:00:00,595.22
2025-03-15 15:00:00,400.9
2025-03-15 16:00:00,199.12
2025-03-15 17:00:00,32.22
2025-03-15 18:00:00,0.0
2025-03-15 19:00:00,0.0
2025-03-15 20:00:00,0.0
2025-03-15 21:00:00,0.0
2025-03-15 22:00:00,0.0
2025-03-15 23:00:00,0.0
2025-03-16 00:00:00,0.0
2025-03-16 01:00:00,0.0
2025-03-16 02:00:00,0.0
2025-03-16 03:00:00,0.0
2025-03-16 04:00:00,0.0
2025-03-16 05:00:00,0.0
2025-03-16 06:00:00,53.83
2025-03-16 07:00:00,240.43
2025-03-16 08:00:00,456.7
2025-03-16 09:00:00,621.7
2025-03-16 10:00:00,737.9
2025-03-16 11:00:00,799.3
2025-03-16 12:00:00,785.6
2025-03-16 13:00:00,713.22
2025-03-16 14:00:00,589.35
2025-03-16 15:00:00,403.23
2025-03-16 16:00:00,186.15
2025-03-16 17:00:00,30.1
2025-03-16 18:00:00,0.0
2025-03-16 19:00:00,0.0
2025-03-16 20:00:00,0.0
2025-03-16 21:00:00,0.0
2025-03-16 22:00:00,0.0
2025-03-16 23:00:00,0.0
2025-03-17 00:00:00,0.0
2025-03-17 01:00:00,0.0
2025-03-17 02:00:00,0.0
2025-03-17 03:00:00,0.0
2025-03-17 04:00:00,0.0
2025-03-17 05:00:00,0.0
2025-03-17 06:00:00,53.22
2025-03-17 07:00:00,234.2
2025-03-17 08:00:00,438.48
2025-03-17 09:00:00,635.8
2025-03-17 10:00:00,750.28
2025-03-17 11:00:00,703.15
2025-03-17 12:00:00,557.67
2025-03-17 13:00:00,343.08
2025-03-17 14:00:00,204.5
2025-03-17 15:00:00,199.65
2025-03-17 16:00:00,102.57
2025-03-17 17:00:00,20.9
2025-03-17 18:00:00,0.0
2025-03-17 19:00:00,0.0
2025-03-17 20:00:00,0.0
2025-03-17 21:00:00,0.0
2025-03-17 22:00:00,0.0
2025-03-17 23:00:00,0.0
2025-03-18 00:00:00,0.0
2025-03-18 01:00:00,0.0
2025-03-18 02:00:00,0.0
2025-03-18 03:00:00,0.0
2025-03-18 04:00:00,0.0
2025-03-18 05:00:00,0.0
2025-03-18 06:00:00,31.75
2025-03-18 07:00:00,91.45
2025-03-18 08:00:00,148.68
2025-03-18 09:00:00,311.2
2025-03-18 10:00:00,465.3
2025-03-18 11:00:00,485.02
2025-03-18 12:00:00,496.05
2025-03-18 13:00:00,490.27
2025-03-18 14:00:00,389.6
2025-03-18 15:00:00,270.5
2025-03-18 16:00:00,133.8
2025-03-18 17:00:00,24.92
2025-03-18 18:00:00,0.0
2025-03-18 19:00:00,0.0
2025-03-18 20:00:00,0.0
2025-03-18 21:00:00,0.0
2025-03-18 22:00:00,0.0
2025-03-18 23:00:00,0.0
2025-03-19 00:00:00,0.0
2025-03-19 01:00:00,0.0
2025-03-19 02:00:00,0.0
2025-03-19 03:00:00,0.0
2025-03-19 04:00:00,0.0
2025-03-19 05:00:00,0.0
2025-03-19 06:00:00,55.25
2025-03-19 07:00:00,225.35
2025-03-19 08:00:00,425.42
2025-03-19 09:00:00,618.85
2025-03-19 10:00:00,745.8
2025-03-19 11:00:00,791.38
2025-03-19 12:00:00,803.45
2025-03-19 13:00:00,723.55
2025-03-19 14:00:00,597.62
2025-03-19 15:00:00,418.52
2025-03-19 16:00:00,213.2
2025-03-19 17:00:00,36.7
2025-03-19 18:00:00,0.0
2025-03-19 19:00:00,0.0
2025-03-19 20:00:00,0.0
2025-03-19 21:00:00,0.0
2025-03-19 22:00:00,0.0
2025-03-19 23:00:00,0.0
2025-03-20 00:00:00,0.0
2025-03-20 01:00:00,0.0
2025-03-20 02:00:00,0.0
2025-03-20 03:00:00,0.0
2025-03-20 04:00:00,0.0
2025-03-20 05:00:00,0.0
2025-03-20 06:00:00,63.45
2025-03-20 07:00:00,200.52
2025-03-20 08:00:00,345.83
2025-03-20 09:00:00,608.67
2025-03-20 10:00:00,748.58
2025-03-20 11:00:00,758.35
2025-03-20 12:00:00,750.97
2025-03-20 13:00:00,631.62
2025-03-20 14:00:00,365.17
2025-03-20 15:00:00,239.8
2025-03-20 16:00:00,113.35
2025-03-20 17:00:00,21.48
2025-03-20 18:00:00,0.0
2025-03-20 19:00:00,0.0
2025-03-20 20:00:00,0.0
2025-03-20 21:00:00,0.0
2025-03-20 22:00:00,0.0
2025-03-20 23:00:00,0.0
2025-03-21 00:00:00,0.0
2025-03-21 01:00:00,0.0
2025-03-21 02:00:00,0.0
2025-03-21 03:00:00,0.0
2025-03-21 04:00:00,0.0
2025-03-21 05:00:00,0.0
2025-03-21 06:00:00,39.35
2025-03-21 07:00:00,154.02
2025-03-21 08:00:00,300.65
2025-03-21 09:00:00,346.2
2025-03-21 10:00:00,327.8
2025-03-21 11:00:00,381.73
2025-03-21 12:00:00,269.1
2025-03-21 13:00:00,168.82
2025-03-21 14:00:00,202.68
2025-03-21 15:00:00,203.4
2025-03-21 16:00:00,109.85
2025-03-21 17:00:00,20.7
2025-03-21 18:00:00,0.0
2025-03-21 19:00:00,0.0
2025-03-21 20:00:00,0.0
2025-03-21 21:00:00,0.0
2025-03-21 22:00:00,0.0
2025-03-21 23:00:00,0.0
2025-03-22 00:00:00,0.0
2025-03-22 01:00:00,0.0
2025-03-22 02:00:00,0.0
2025-03-22 03:00:00,0.0
2025-03-22 04:00:00,0.0
2025-03-22 05:00:00,0.0
2025-03-22 06:00:00,40.5
2025-03-22 07:00:00,136.23
2025-03-22 08:00:00,285.4
2025-03-22 09:00:00,363.48
2025-03-22 10:00:00,460.62
2025-03-22 11:00:00,581.15
2025-03-22 12:00:00,501.23
2025-03-22 13:00:00,356.95
2025-03-22 14:00:00,288.95
2025-03-22 15:00:00,240.02
2025-03-22 16:00:00,102.0
2025-03-22 17:00:00,22.08
2025-03-22 18:00:00,0.0
2025-03-22 19:00:00,0.0
2025-03-22 20:00:00,0.0
2025-03-22 21:00:00,0.0
2025-03-22 22:00:00,0.0
2025-03-22 23:00:00,0.0
2025-03-23 00:00:00,0.0
2025-03-23 01:00:00,0.0
2025-03-23 02:00:00,0.0
2025-03-23 03:00:00,0.0
2025-03-23 04:00:00,0.0
2025-03-23 05:00:00,0.0
2025-03-23 06:00:00,68.75
2025-03-23 07:00:00,255.82
2025-03-23 08:00:00,447.23
2025-03-23 09:00:00,661.58
2025-03-23 10:00:00,807.55
2025-03-23 11:00:00,829.17
2025-03-23 12:00:00,793.53
2025-03-23 13:00:00,720.5
2025-03-23 14:00:00,543.1
2025-03-23 15:00:00,367.33
2025-03-23 16:00:00,160.9
2025-03-23 17:00:00,30.75
2025-03-23 18:00:00,0.0
2025-03-23 19:00:00,0.0
2025-03-23 20:00:00,0.0
2025-03-23 21:00:00,0.0
2025-03-23 22:00:00,0.0
2025-03-23 23:00:00,0.0
2025-03-24 00:00:00,0.0
2025-03-24 01:00:00,0.0
2025-03-24 02:00:00,0.0
2025-03-24 03:00:00,0.0
2025-03-24 04:00:00,0.0
2025-03-24 05:00:00,0.0
2025-03-24 06:00:00,74.62
2025-03-24 07:00:00,305.95
2025-03-24 08:00:00,501.27
2025-03-24 09:00:00,683.65
2025-03-24 10:00:00,820.67
2025-03-24 11:00:00,862.42
2025-03-24 12:00:00,846.55
2025-03-24 13:00:00,728.95
2025-03-24 14:00:00,598.67
2025-03-24 15:00:00,419.77
2025-03-24 16:00:00,214.95
2025-03-24 17:00:00,40.12
2025-03-24 18:00:00,0.0
2025-03-24 19:00:00,0.0
2025-03-24 20:00:00,0.0
2025-03-24 21:00:00,0.0
2025-03-24 22:00:00,0.0
2025-03-24 23:00:00,0.0
2025-03-25 00:00:00,0.0
2025-03-25 01:00:00,0.0
2025-03-25 02:00:00,0.0
2025-03-25 03:00:00,0.0
2025-03-25 04:00:00,0.0
2025-03-25 05:00:00,0.0
2025-03-25 06:00:00,99.0
2025-03-25 07:00:00,313.73
2025-03-25 08:00:00,542.1
2025-03-25 09:00:00,739.28
2025-03-25 10:00:00,880.25
2025-03-25 11:00:00,879.62
2025-03-25 12:00:00,867.4
2025-03-25 13:00:00,766.25
2025-03-25 14:00:00,636.25
2025-03-25 15:00:00,444.23
2025-03-25 16:00:00,226.2
2025-03-25 17:00:00,43.75
2025-03-25 18:00:00,0.0
2025-03-25 19:00:00,0.0
2025-03-25 20:00:00,0.0
2025-03-25 21:00:00,0.0
2025-03-25 22:00:00,0.0
2025-03-25 23:00:00,0.0
2025-03-26 00:00:00,0.0
2025-03-26 01:00:00,0.0
2025-03-26 02:00:00,0.0
2025-03-26 03:00:00,0.0
2025-03-26 04:00:00,0.0
2025-03-26 05:00:00,0.0
2025-03-26 06:00:00,112.03
2025-03-26 07:00:00,333.7
2025-03-26 08:00:00,564.47
2025-03-26 09:00:00,759.35
2025-03-26 10:00:00,896.65
2025-03-26 11:00:00,880.95
2025-03-26 12:00:00,876.4
2025-03-26 13:00:00,793.08
2025-03-26 14:00:00,639.72
2025-03-26 15:00:00,440.27
2025-03-26 16:00:00,243.82
2025-03-26 17:00:00,45.55
2025-03-26 18:00:00,0.0
2025-03-26 19:00:00,0.0
2025-03-26 20:00:00,0.0
2025-03-26 21:00:00,0.0
2025-03-26 22:00:00,0.0
2025-03-26 23:00:00,0.0
2025-03-27 00:00:00,0.0
2025-03-27 01:00:00,0.0
2025-03-27 02:00:00,0.0
2025-03-27 03:00:00,0.0
2025-03-27 04:00:00,0.0
2025-03-27 05:00:00,0.0
2025-03-27 06:00:00,105.2
2025-03-27 07:00:00,308.02
2025-03-27 08:00:00,527.7
2025-03-27 09:00:00,707.42
2025-03-27 10:00:00,835.85
2025-03-27 11:00:00,766.4
2025-03-27 12:00:00,762.67
2025-03-27 13:00:00,597.3
2025-03-27 14:00:00,453.35
2025-03-27 15:00:00,350.23
2025-03-27 16:00:00,156.02
2025-03-27 17:00:00,31.15
2025-03-27 18:00:00,0.0
2025-03-27 19:00:00,0.0
2025-03-27 20:00:00,0.0
2025-03-27 21:00:00,0.0
2025-03-27 22:00:00,0.0
2025-03-27 23:00:00,0.0
2025-03-28 00:00:00,0.0
2025-03-28 01:00:00,0.0
2025-03-28 02:00:00,0.0
2025-03-28 03:00:00,0.0
2025-03-28 04:00:00,0.0
2025-03-28 05:00:00,0.0
2025-03-28 06:00:00,90.32
2025-03-28 07:00:00,286.6
2025-03-28 08:00:00,466.27
2025-03-28 09:00:00,639.6
2025-03-28 10:00:00,774.83
2025-03-28 11:00:00,759.8
2025-03-28 12:00:00,748.38
2025-03-28 13:00:00,636.53
2025-03-28 14:00:00,506.05
2025-03-28 15:00:00,362.8
2025-03-28 16:00:00,173.6
2025-03-28 17:00:00,34.45
2025-03-28 18:00:00,0.0
2025-03-28 19:00:00,0.0
2025-03-28 20:00:00,0.0
2025-03-28 21:00:00,0.0
2025-03-28 22:00:00,0.0
2025-03-28 23:00:00,0.0
2025-03-29 00:00:00,0.0
2025-03-29 01:00:00,0.0
2025-03-29 02:00:00,0.0
2025-03-29 03:00:00,0.0
2025-03-29 04:00:00,0.0
2025-03-29 05:00:00,0.0
2025-03-29 06:00:00,113.6
2025-03-29 07:00:00,301.62
2025-03-29 08:00:00,526.55
2025-03-29 09:00:00,720.72
2025-03-29 10:00:00,855.03
2025-03-29 11:00:00,865.6
2025-03-29 12:00:00,858.83
2025-03-29 13:00:00,789.67
2025-03-29 14:00:00,621.62
2025-03-29 15:00:00,431.85
2025-03-29 16:00:00,228.3
2025-03-29 17:00:00,45.45
2025-03-29 18:00:00,0.0
2025-03-29 19:00:00,0.0
2025-03-29 20:00:00,0.0
2025-03-29 21:00:00,0.0
2025-03-29 22:00:00,0.0
2025-03-29 23:00:00,0.0
2025-03-30 00:00:00,0.0
2025-03-30 01:00:00,0.0
2025-03-30 02:00:00,0.0
2025-03-30 03:00:00,0.0
2025-03-30 04:00:00,0.0
2025-03-30 05:00:00,0.0
2025-03-30 06:00:00,113.82
2025-03-30 07:00:00,320.55
2025-03-30 08:00:00,544.35
2025-03-30 09:00:00,730.1
2025-03-30 10:00:00,865.33
2025-03-30 11:00:00,880.65
2025-03-30 12:00:00,873.67
2025-03-30 13:00:00,799.22
2025-03-30 14:00:00,647.95
2025-03-30 15:00:00,442.98
2025-03-30 16:00:00,233.2
2025-03-30 17:00:00,46.12
2025-03-30 18:00:00,0.0
2025-03-30 19:00:00,0.0
2025-03-30 20:00:00,0.0
2025-03-30 21:00:00,0.0
2025-03-30 22:00:00,0.0
2025-03-30 23:00:00,0.0
2025-03-31 00:00:00,0.0
2025-03-31 01:00:00,0.0
2025-03-31 02:00:00,0.0
2025-03-31 03:00:00,0.0
2025-03-31 04:00:00,0.0
2025-03-31 05:00:00,0.0
2025-03-31 06:00:00,107.62
2025-03-31 07:00:00,300.38
2025-03-31 08:00:00,513.05
2025-03-31 09:00:00,677.55
2025-03-31 10:00:00,806.62
2025-03-31 11:00:00,869.25
2025-03-31 12:00:00,875.22
2025-03-31 13:00:00,743.97
2025-03-31 14:00:00,579.53
2025-03-31 15:00:00,405.33
2025-03-31 16:00:00,207.68
2025-03-31 17:00:00,45.53
2025-03-31 18:00:00,0.0
2025-03-31 19:00:00,0.0
2025-03-31 20:00:00,0.0
2025-03-31 21:00:00,0.0
2025-03-31 22:00:00,0.0
2025-03-31 23:00:00,0.0
2025-04-01 00:00:00,0.0
2025-04-01 01:00:00,0.0
2025-04-01 02:00:00,0.0
2025-04-01 03:00:00,0.0
2025-04-01 04:00:00,0.0
2025-04-01 05:00:00,3.22
2025-04-01 06:00:00,75.65
2025-04-01 07:00:00,222.0
2025-04-01 08:00:00,394.92
2025-04-01 09:00:00,542.22
2025-04-01 10:00:00,726.47
2025-04-01 11:00:00,770.95
2025-04-01 12:00:00,766.92
2025-04-01 13:00:00,671.9
2025-04-01 14:00:00,567.5
2025-04-01 15:00:00,411.2
2025-04-01 16:00:00,218.95
2025-04-01 17:00:00,45.33
2025-04-01 18:00:00,0.0
2025-04-01 19:00:00,0.0
2025-04-01 20:00:00,0.0
2025-04-01 21:00:00,0.0
2025-04-01 22:00:00,0.0
2025-04-01 23:00:00,0.0
2025-04-02 00:00:00,0.0
2025-04-02 01:00:00,0.0
2025-04-02 02:00:00,0.0
2025-04-02 03:00:00,0.0
2025-04-02 04:00:00,0.0
2025-04-02 05:00:00,3.3
2025-04-02 06:00:00,89.35
2025-04-02 07:00:00,255.2
2025-04-02 08:00:00,428.23
2025-04-02 09:00:00,595.05
2025-04-02 10:00:00,699.6
2025-04-02 11:00:00,770.6
2025-04-02 12:00:00,809.88
2025-04-02 13:00:00,705.25
2025-04-02 14:00:00,577.2
2025-04-02 15:00:00,403.48
2025-04-02 16:00:00,214.02
2025-04-02 17:00:00,44.15
2025-04-02 18:00:00,0.0
2025-04-02 19:00:00,0.0
2025-04-02 20:00:00,0.0
2025-04-02 21:00:00,0.0
2025-04-02 22:00:00,0.0
2025-04-02 23:00:00,0.0
2025-04-03 00:00:00,0.0
2025-04-03 01:00:00,0.0
2025-04-03 02:00:00,0.0
2025-04-03 03:00:00,0.0
2025-04-03 04:00:00,0.0
2025-04-03 05:00:00,3.47
2025-04-03 06:00:00,79.05
2025-04-03 07:00:00,232.23
2025-04-03 08:00:00,388.55
2025-04-03 09:00:00,530.22
2025-04-03 10:00:00,693.55
2025-04-03 11:00:00,726.7
2025-04-03 12:00:00,773.88
2025-04-03 13:00:00,707.03
2025-04-03 14:00:00,519.92
2025-04-03 15:00:00,357.12
2025-04-03 16:00:00,194.3
2025-04-03 17:00:00,41.72
2025-04-03 18:00:00,0.0
2025-04-03 19:00:00,0.0
2025-04-03 20:00:00,0.0
2025-04-03 21:00:00,0.0
2025-04-03 22:00:00,0.0
2025-04-03 23:00:00,0.0
2025-04-04 00:00:00,0.0
2025-04-04 01:00:00,0.0
2025-04-04 02:00:00,0.0
2025-04-04 03:00:00,0.0
2025-04-04 04:00:00,0.0
2025-04-04 05:00:00,3.97
2025-04-04 06:00:00,87.62
2025-04-04 07:00:00,246.12
2025-04-04 08:00:00,413.75
2025-04-04 09:00:00,570.28
2025-04-04 10:00:00,560.95
2025-04-04 11:00:00,534.47
2025-04-04 12:00:00,463.92
2025-04-04 13:00:00,479.85
2025-04-04 14:00:00,368.23
2025-04-04 15:00:00,238.82
2025-04-04 16:00:00,112.18
2025-04-04 17:00:00,18.55
2025-04-04 18:00:00,0.0
2025-04-04 19:00:00,0.0
2025-04-04 20:00:00,0.0
2025-04-04 21:00:00,0.0
2025-04-04 22:00:00,0.0
2025-04-04 23:00:00,0.0
2025-04-05 00:00:00,0.0
2025-04-05 01:00:00,0.0
2025-04-05 02:00:00,0.0
2025-04-05 03:00:00,0.0
2025-04-05 04:00:00,0.0
2025-04-05 05:00:00,3.53
2025-04-05 06:00:00,93.93
2025-04-05 07:00:00,273.42
2025-04-05 08:00:00,462.88
2025-04-05 09:00:00,635.83
2025-04-05 10:00:00,777.92
2025-04-05 11:00:00,783.28
2025-04-05 12:00:00,738.3
2025-04-05 13:00:00,634.22
2025-04-05 14:00:00,521.78
2025-04-05 15:00:00,364.95
2025-04-05 16:00:00,190.85
2025-04-05 17:00:00,42.35
2025-04-05 18:00:00,0.0
2025-04-05 19:00:00,0.0
2025-04-05 20:00:00,0.0
2025-04-05 21:00:00,0.0
2025-04-05 22:00:00,0.0
2025-04-05 23:00:00,0.0
2025-04-06 00:00:00,0.0
2025-04-06 01:00:00,0.0
2025-04-06 02:00:00,0.0
2025-04-06 03:00:00,0.0
2025-04-06 04:00:00,0.0
2025-04-06 05:00:00,4.78
2025-04-06 06:00:00,97.9
2025-04-06 07:00:00,290.05
2025-04-06 08:00:00,496.35
2025-04-06 09:00:00,684.65
2025-04-06 10:00:00,816.08
2025-04-06 11:00:00,892.17
2025-04-06 12:00:00,865.7
2025-04-06 13:00:00,762.38
2025-04-06 14:00:00,589.15
2025-04-06 15:00:00,380.4
2025-04-06 16:00:00,199.95
2025-04-06 17:00:00,41.92
2025-04-06 18:00:00,0.0
2025-04-06 19:00:00,0.0
2025-04-06 20:00:00,0.0
2025-04-06 21:00:00,0.0
2025-04-06 22:00:00,0.0
2025-04-06 23:00:00,0.0
2025-04-07 00:00:00,0.0
2025-04-07 01:00:00,0.0
2025-04-07 02:00:00,0.0
2025-04-07 03:00:00,0.0
2025-04-07 04:00:00,0.0
2025-04-07 05:00:00,1.92
2025-04-07 06:00:00,65.38
2025-04-07 07:00:00,181.77
2025-04-07 08:00:00,328.8
2025-04-07 09:00:00,581.6
2025-04-07 10:00:00,769.47
2025-04-07 11:00:00,797.62
2025-04-07 12:00:00,780.72
2025-04-07 13:00:00,609.97
2025-04-07 14:00:00,538.97
2025-04-07 15:00:00,404.3
2025-04-07 16:00:00,212.48
2025-04-07 17:00:00,46.17
2025-04-07 18:00:00,0.0
2025-04-07 19:00:00,0.0
2025-04-07 20:00:00,0.0
2025-04-07 21:00:00,0.0
2025-04-07 22:00:00,0.0
2025-04-07 23:00:00,0.0
2025-04-08 00:00:00,0.0
2025-04-08 01:00:00,0.0
2025-04-08 02:00:00,0.0
2025-04-08 03:00:00,0.0
2025-04-08 04:00:00,0.0
2025-04-08 05:00:00,6.07
2025-04-08 06:00:00,107.55
2025-04-08 07:00:00,283.73
2025-04-08 08:00:00,487.65
2025-04-08 09:00:00,659.6
2025-04-08 10:00:00,748.22
2025-04-08 11:00:00,726.3
2025-04-08 12:00:00,710.72
2025-04-08 13:00:00,642.3
2025-04-08 14:00:00,472.77
2025-04-08 15:00:00,293.7
2025-04-08 16:00:00,153.32
2025-04-08 17:00:00,38.03
2025-04-08 18:00:00,0.0
2025-04-08 19:00:00,0.0
2025-04-08 20:00:00,0.0
2025-04-08 21:00:00,0.0
2025-04-08 22:00:00,0.0
2025-04-08 23:00:00,0.0
2025-04-09 00:00:00,0.0
2025-04-09 01:00:00,0.0
2025-04-09 02:00:00,0.0
2025-04-09 03:00:00,0.0
2025-04-09 04:00:00,0.0
2025-04-09 05:00:00,5.93
2025-04-09 06:00:00,107.03
2025-04-09 07:00:00,292.38
2025-04-09 08:00:00,520.72
2025-04-09 09:00:00,695.62
2025-04-09 10:00:00,790.12
2025-04-09 11:00:00,779.47
2025-04-09 12:00:00,787.9
2025-04-09 13:00:00,746.28
2025-04-09 14:00:00,604.55
2025-04-09 15:00:00,414.33
2025-04-09 16:00:00,220.02
2025-04-09 17:00:00,50.08
2025-04-09 18:00:00,0.0
2025-04-09 19:00:00,0.0
2025-04-09 20:00:00,0.0
2025-04-09 21:00:00,0.0
2025-04-09 22:00:00,0.0
2025-04-09 23:00:00,0.0
2025-04-10 00:00:00,0.0
2025-04-10 01:00:00,0.0
2025-04-10 02:00:00,0.0
2025-04-10 03:00:00,0.0
2025-04-10 04:00:00,0.0
2025-04-10 05:00:00,7.68
2025-04-10 06:00:00,143.43
2025-04-10 07:00:00,360.5
2025-04-10 08:00:00,580.45
2025-04-10 09:00:00,756.6
2025-04-10 10:00:00,825.28
2025-04-10 11:00:00,778.97
2025-04-10 12:00:00,736.47
2025-04-10 13:00:00,678.2
2025-04-10 14:00:00,545.7
2025-04-10 15:00:00,392.35
2025-04-10 16:00:00,203.23
2025-04-10 17:00:00,46.6
2025-04-10 18:00:00,0.0
2025-04-10 19:00:00,0.0
2025-04-10 20:00:00,0.0
2025-04-10 21:00:00,0.0
2025-04-10 22:00:00,0.0
2025-04-10 23:00:00,0.0
2025-04-11 00:00:00,0.0
2025-04-11 01:00:00,0.0
2025-04-11 02:00:00,0.0
2025-04-11 03:00:00,0.0
2025-04-11 04:00:00,0.0
2025-04-11 05:00:00,6.53
2025-04-11 06:00:00,110.55
2025-04-11 07:00:00,279.2
2025-04-11 08:00:00,469.33
2025-04-11 09:00:00,610.05
2025-04-11 10:00:00,647.12
2025-04-11 11:00:00,555.4
2025-04-11 12:00:00,651.03
2025-04-11 13:00:00,564.88
2025-04-11 14:00:00,484.38
2025-04-11 15:00:00,362.75
2025-04-11 16:00:00,188.95
2025-04-11 17:00:00,41.85
2025-04-11 18:00:00,0.0
2025-04-11 19:00:00,0.0
2025-04-11 20:00:00,0.0
2025-04-11 21:00:00,0.0
2025-04-11 22:00:00,0.0
2025-04-11 23:00:00,0.0
2025-04-12 00:00:00,0.0
2025-04-12 01:00:00,0.0
2025-04-12 02:00:00,0.0
2025-04-12 03:00:00,0.0
2025-04-12 04:00:00,0.0
2025-04-12 05:00:00,6.68
2025-04-12 06:00:00,79.15
2025-04-12 07:00:00,197.27
2025-04-12 08:00:00,328.08
2025-04-12 09:00:00,357.75
2025-04-12 10:00:00,540.5
2025-04-12 11:00:00,743.95
2025-04-12 12:00:00,795.85
2025-04-12 13:00:00,806.75
2025-04-12 14:00:00,662.78
2025-04-12 15:00:00,479.52
2025-04-12 16:00:00,258.7
2025-04-12 17:00:00,62.38
2025-04-12 18:00:00,0.0
2025-04-12 19:00:00,0.0
2025-04-12 20:00:00,0.0
2025-04-12 21:00:00,0.0
2025-04-12 22:00:00,0.0
2025-04-12 23:00:00,0.0
2025-04-13 00:00:00,0.0
2025-04-13 01:00:00,0.0
2025-04-13 02:00:00,0.0
2025-04-13 03:00:00,0.0
2025-04-13 04:00:00,0.0
2025-04-13 05:00:00,9.52
2025-04-13 06:00:00,138.38
2025-04-13 07:00:00,343.62
2025-04-13 08:00:00,554.55
2025-04-13 09:00:00,693.22
2025-04-13 10:00:00,819.75
2025-04-13 11:00:00,812.08
2025-04-13 12:00:00,786.35
2025-04-13 13:00:00,777.97
2025-04-13 14:00:00,610.38
2025-04-13 15:00:00,415.02
2025-04-13 16:00:00,228.5
2025-04-13 17:00:00,55.17
2025-04-13 18:00:00,0.0
2025-04-13 19:00:00,0.0
2025-04-13 20:00:00,0.0
2025-04-13 21:00:00,0.0
2025-04-13 22:00:00,0.0
2025-04-13 23:00:00,0.0
2025-04-14 00:00:00,0.0
2025-04-14 01:00:00,0.0
2025-04-14 02:00:00,0.0
2025-04-14 03:00:00,0.0
2025-04-14 04:00:00,0.0
2025-04-14 05:00:00,8.93
2025-04-14 06:00:00,125.15
2025-04-14 07:00:00,330.2
2025-04-14 08:00:00,543.42
2025-04-14 09:00:00,717.95
2025-04-14 10:00:00,809.12
2025-04-14 11:00:00,789.35
2025-04-14 12:00:00,739.12
2025-04-14 13:00:00,648.08
2025-04-14 14:00:00,488.08
2025-04-14 15:00:00,342.95
2025-04-14 16:00:00,174.45
2025-04-14 17:00:00,42.28
2025-04-14 18:00:00,0.0
2025-04-14 19:00:00,0.0
2025-04-14 20:00:00,0.0
2025-04-14 21:00:00,0.0
2025-04-14 22:00:00,0.0
2025-04-14 23:00:00,0.0
2025-04-15 00:00:00,0.0
2025-04-15 01:00:00,0.0
2025-04-15 02:00:00,0.0
2025-04-15 03:00:00,0.0
2025-04-15 04:00:00,0.0
2025-04-15 05:00:00,8.77
2025-04-15 06:00:00,96.75
2025-04-15 07:00:00,189.52
2025-04-15 08:00:00,240.68
2025-04-15 09:00:00,311.62
2025-04-15 10:00:00,290.48
2025-04-15 11:00:00,505.45
2025-04-15 12:00:00,703.7
2025-04-15 13:00:00,767.35
2025-04-15 14:00:00,657.15
2025-04-15 15:00:00,442.65
2025-04-15 16:00:00,234.48
2025-04-15 17:00:00,57.1
2025-04-15 18:00:00,0.0
2025-04-15 19:00:00,0.0
2025-04-15 20:00:00,0.0
2025-04-15 21:00:00,0.0
2025-04-15 22:00:00,0.0
2025-04-15 23:00:00,0.0
2025-04-16 00:00:00,0.0
2025-04-16 01:00:00,0.0
2025-04-16 02:00:00,0.0
2025-04-16 03:00:00,0.0
2025-04-16 04:00:00,0.0
2025-04-16 05:00:00,10.45
2025-04-16 06:00:00,128.2
2025-04-16 07:00:00,305.17
2025-04-16 08:00:00,507.4
2025-04-16 09:00:00,657.58
2025-04-16 10:00:00,680.08
2025-04-16 11:00:00,666.67
2025-04-16 12:00:00,656.08
2025-04-16 13:00:00,398.7
2025-04-16 14:00:00,142.73
2025-04-16 15:00:00,59.75
2025-04-16 16:00:00,37.12
2025-04-16 17:00:00,12.85
2025-04-16 18:00:00,0.0
2025-04-16 19:00:00,0.0
2025-04-16 20:00:00,0.0
2025-04-16 21:00:00,0.0
2025-04-16 22:00:00,0.0
2025-04-16 23:00:00,0.0
2025-04-17 00:00:00,0.0
2025-04-17 01:00:00,0.0
2025-04-17 02:00:00,0.0
2025-04-17 03:00:00,0.0
2025-04-17 04:00:00,0.0
2025-04-17 05:00:00,8.1
2025-04-17 06:00:00,102.47
2025-04-17 07:00:00,247.18
2025-04-17 08:00:00,377.77
2025-04-17 09:00:00,409.67
2025-04-17 10:00:00,476.7
2025-04-17 11:00:00,546.95
2025-04-17 12:00:00,676.6
2025-04-17 13:00:00,740.0
2025-04-17 14:00:00,581.25
2025-04-17 15:00:00,376.35
2025-04-17 16:00:00,192.48
2025-04-17 17:00:00,47.53
2025-04-17 18:00:00,0.0
2025-04-17 19:00:00,0.0
2025-04-17 20:00:00,0.0
2025-04-17 21:00:00,0.0
2025-04-17 22:00:00,0.0
2025-04-17 23:00:00,0.0
2025-04-18 00:00:00,0.0
2025-04-18 01:00:00,0.0
2025-04-18 02:00:00,0.0
2025-04-18 03:00:00,0.0
2025-04-18 04:00:00,0.0
2025-04-18 05:00:00,8.1
2025-04-18 06:00:00,86.07
2025-04-18 07:00:00,218.68
2025-04-18 08:00:00,358.05
2025-04-18 09:00:00,402.8
2025-04-18 10:00:00,418.2
2025-04-18 11:00:00,452.6
2025-04-18 12:00:00,491.98
2025-04-18 13:00:00,572.58
2025-04-18 14:00:00,514.97
2025-04-18 15:00:00,381.85
2025-04-18 16:00:00,211.57
2025-04-18 17:00:00,56.92
2025-04-18 18:00:00,0.0
2025-04-18 19:00:00,0.0
2025-04-18 20:00:00,0.0
2025-04-18 21:00:00,0.0
2025-04-18 22:00:00,0.0
2025-04-18 23:00:00,0.0
2025-04-19 00:00:00,0.0
2025-04-19 01:00:00,0.0
2025-04-19 02:00:00,0.0
2025-04-19 03:00:00,0.0
2025-04-19 04:00:00,0.0
2025-04-19 05:00:00,8.43
2025-04-19 06:00:00,114.22
2025-04-19 07:00:00,276.77
2025-04-19 08:00:00,451.92
2025-04-19 09:00:00,622.28
2025-04-19 10:00:00,679.47
2025-04-19 11:00:00,634.22
2025-04-19 12:00:00,637.0
2025-04-19 13:00:00,486.6
2025-04-19 14:00:00,430.73
2025-04-19 15:00:00,353.33
2025-04-19 16:00:00,178.8
2025-04-19 17:00:00,47.05
2025-04-19 18:00:00,0.0
2025-04-19 19:00:00,0.0
2025-04-19 20:00:00,0.0
2025-04-19 21:00:00,0.0
2025-04-19 22:00:00,0.0
2025-04-19 23:00:00,0.0
2025-04-20 00:00:00,0.0
2025-04-20 01:00:00,0.0
2025-04-20 02:00:00,0.0
2025-04-20 03:00:00,0.0
2025-04-20 04:00:00,0.0
2025-04-20 05:00:00,9.65
2025-04-20 06:00:00,90.18
2025-04-20 07:00:00,204.7
2025-04-20 08:00:00,373.3
2025-04-20 09:00:00,567.62
2025-04-20 10:00:00,715.55
2025-04-20 11:00:00,748.78
2025-04-20 12:00:00,605.67
2025-04-20 13:00:00,440.2
2025-04-20 14:00:00,455.1
2025-04-20 15:00:00,383.42
2025-04-20 16:00:00,193.32
2025-04-20 17:00:00,52.55
2025-04-20 18:00:00,0.0
2025-04-20 19:00:00,0.0
2025-04-20 20:00:00,0.0
2025-04-20 21:00:00,0.0
2025-04-20 22:00:00,0.0
2025-04-20 23:00:00,0.0
2025-04-21 00:00:00,0.0
2025-04-21 01:00:00,0.0
2025-04-21 02:00:00,0.0
2025-04-21 03:00:00,0.0
2025-04-21 04:00:00,0.0
2025-04-21 05:00:00,10.12
2025-04-21 06:00:00,84.68
2025-04-21 07:00:00,190.75
2025-04-21 08:00:00,217.2
2025-04-21 09:00:00,226.77
2025-04-21 10:00:00,306.88
2025-04-21 11:00:00,536.75
2025-04-21 12:00:00,544.5
2025-04-21 13:00:00,477.9
2025-04-21 14:00:00,507.75
2025-04-21 15:00:00,394.12
2025-04-21 16:00:00,212.68
2025-04-21 17:00:00,59.05
2025-04-21 18:00:00,0.0
2025-04-21 19:00:00,0.0
2025-04-21 20:00:00,0.0
2025-04-21 21:00:00,0.0
2025-04-21 22:00:00,0.0
2025-04-21 23:00:00,0.0
2025-04-22 00:00:00,0.0
2025-04-22 01:00:00,0.0
2025-04-22 02:00:00,0.0
2025-04-22 03:00:00,0.0
2025-04-22 04:00:00,0.0
2025-04-22 05:00:00,11.1
2025-04-22 06:00:00,85.32
2025-04-22 07:00:00,174.7
2025-04-22 08:00:00,281.42
2025-04-22 09:00:00,293.2
2025-04-22 10:00:00,455.73
2025-04-22 11:00:00,512.17
2025-04-22 12:00:00,509.3
2025-04-22 13:00:00,364.08
2025-04-22 14:00:00,382.35
2025-04-22 15:00:00,323.42
2025-04-22 16:00:00,172.38
2025-04-22 17:00:00,51.72
2025-04-22 18:00:00,0.0
2025-04-22 19:00:00,0.0
2025-04-22 20:00:00,0.0
2025-04-22 21:00:00,0.0
2025-04-22 22:00:00,0.0
2025-04-22 23:00:00,0.0
2025-04-23 00:00:00,0.0
2025-04-23 01:00:00,0.0
2025-04-23 02:00:00,0.0
2025-04-23 03:00:00,0.0
2025-04-23 04:00:00,0.0
2025-04-23 05:00:00,6.72
2025-04-23 06:00:00,95.97
2025-04-23 07:00:00,197.12
2025-04-23 08:00:00,342.12
2025-04-23 09:00:00,170.57
2025-04-23 10:00:00,256.5
2025-04-23 11:00:00,664.08
2025-04-23 12:00:00,741.28
2025-04-23 13:00:00,647.75
2025-04-23 14:00:00,513.65
2025-04-23 15:00:00,377.77
2025-04-23 16:00:00,208.6
2025-04-23 17:00:00,62.92
2025-04-23 18:00:00,0.0
2025-04-23 19:00:00,0.0
2025-04-23 20:00:00,0.0
2025-04-23 21:00:00,0.0
2025-04-23 22:00:00,0.0
2025-04-23 23:00:00,0.0
2025-04-24 00:00:00,0.0
2025-04-24 01:00:00,0.0
2025-04-24 02:00:00,0.0
2025-04-24 03:00:00,0.0
2025-04-24 04:00:00,0.0
2025-04-24 05:00:00,12.93
2025-04-24 06:00:00,123.95
2025-04-24 07:00:00,322.65
2025-04-24 08:00:00,532.6
2025-04-24 09:00:00,633.6
2025-04-24 10:00:00,739.72
2025-04-24 11:00:00,785.45
2025-04-24 12:00:00,766.8
2025-04-24 13:00:00,642.8
2025-04-24 14:00:00,598.15
2025-04-24 15:00:00,420.8
2025-04-24 16:00:00,224.82
2025-04-24 17:00:00,59.05
2025-04-24 18:00:00,0.0
2025-04-24 19:00:00,0.0
2025-04-24 20:00:00,0.0
2025-04-24 21:00:00,0.0
2025-04-24 22:00:00,0.0
2025-04-24 23:00:00,0.0
2025-04-25 00:00:00,0.0
2025-04-25 01:00:00,0.0
2025-04-25 02:00:00,0.0
2025-04-25 03:00:00,0.0
2025-04-25 04:00:00,0.0
2025-04-25 05:00:00,15.35
2025-04-25 06:00:00,152.3
2025-04-25 07:00:00,365.7
2025-04-25 08:00:00,578.53
2025-04-25 09:00:00,732.35
2025-04-25 10:00:00,827.28
2025-04-25 11:00:00,834.4
2025-04-25 12:00:00,777.83
2025-04-25 13:00:00,642.72
2025-04-25 14:00:00,502.3
2025-04-25 15:00:00,377.27
2025-04-25 16:00:00,212.55
2025-04-25 17:00:00,60.25
2025-04-25 18:00:00,0.0
2025-04-25 19:00:00,0.0
2025-04-25 20:00:00,0.0
2025-04-25 21:00:00,0.0
2025-04-25 22:00:00,0.0
2025-04-25 23:00:00,0.0
2025-04-26 00:00:00,0.0
2025-04-26 01:00:00,0.0
2025-04-26 02:00:00,0.0
2025-04-26 03:00:00,0.0
2025-04-26 04:00:00,0.0
2025-04-26 05:00:00,18.73
2025-04-26 06:00:00,167.27
2025-04-26 07:00:00,379.02
2025-04-26 08:00:00,599.33
2025-04-26 09:00:00,771.33
2025-04-26 10:00:00,875.72
2025-04-26 11:00:00,904.9
2025-04-26 12:00:00,888.05
2025-04-26 13:00:00,810.47
2025-04-26 14:00:00,658.42
2025-04-26 15:00:00,480.2
2025-04-26 16:00:00,235.15
2025-04-26 17:00:00,67.0
2025-04-26 18:00:00,0.0
2025-04-26 19:00:00,0.0
2025-04-26 20:00:00,0.0
2025-04-26 21:00:00,0.0
2025-04-26 22:00:00,0.0
2025-04-26 23:00:00,0.0
2025-04-27 00:00:00,0.0
2025-04-27 01:00:00,0.0
2025-04-27 02:00:00,0.0
2025-04-27 03:00:00,0.0
2025-04-27 04:00:00,0.0
2025-04-27 05:00:00,7.57
2025-04-27 06:00:00,61.9
2025-04-27 07:00:00,131.57
2025-04-27 08:00:00,255.8
2025-04-27 09:00:00,487.7
2025-04-27 10:00:00,719.05
2025-04-27 11:00:00,646.35
2025-04-27 12:00:00,600.33
2025-04-27 13:00:00,533.5
2025-04-27 14:00:00,447.65
2025-04-27 15:00:00,341.58
2025-04-27 16:00:00,184.02
2025-04-27 17:00:00,54.33
2025-04-27 18:00:00,0.0
2025-04-27 19:00:00,0.0
2025-04-27 20:00:00,0.0
2025-04-27 21:00:00,0.0
2025-04-27 22:00:00,0.0
2025-04-27 23:00:00,0.0
2025-04-28 00:00:00,0.0
2025-04-28 01:00:00,0.0
2025-04-28 02:00:00,0.0
2025-04-28 03:00:00,0.0
2025-04-28 04:00:00,0.0
2025-04-28 05:00:00,16.2
2025-04-28 06:00:00,143.38
2025-04-28 07:00:00,297.05
2025-04-28 08:00:00,401.73
2025-04-28 09:00:00,409.88
2025-04-28 10:00:00,408.27
2025-04-28 11:00:00,451.75
2025-04-28 12:00:00,89.68
2025-04-28 13:00:00,49.35
2025-04-28 14:00:00,94.05
2025-04-28 15:00:00,152.5
2025-04-28 16:00:00,117.82
2025-04-28 17:00:00,40.6
2025-04-28 18:00:00,0.0
2025-04-28 19:00:00,0.0
2025-04-28 20:00:00,0.0
2025-04-28 21:00:00,0.0
2025-04-28 22:00:00,0.0
2025-04-28 23:00:00,0.0
2025-04-29 00:00:00,0.0
2025-04-29 01:00:00,0.0
2025-04-29 02:00:00,0.0
2025-04-29 03:00:00,0.0
2025-04-29 04:00:00,0.0
2025-04-29 05:00:00,10.45
2025-04-29 06:00:00,68.32
2025-04-29 07:00:00,146.1
2025-04-29 08:00:00,235.95
2025-04-29 09:00:00,361.05
2025-04-29 10:00:00,488.7
2025-04-29 11:00:00,474.65
2025-04-29 12:00:00,442.2
2025-04-29 13:00:00,403.38
2025-04-29 14:00:00,384.62
2025-04-29 15:00:00,350.6
2025-04-29 16:00:00,184.25
2025-04-29 17:00:00,57.3
2025-04-29 18:00:00,0.0
2025-04-29 19:00:00,0.0
2025-04-29 20:00:00,0.0
2025-04-29 21:00:00,0.0
2025-04-29 22:00:00,0.0
2025-04-29 23:00:00,0.0
2025-04-30 00:00:00,-999.0
2025-04-30 01:00:00,-999.0
2025-04-30 02:00:00,-999.0
2025-04-30 03:00:00,-999.0
2025-04-30 04:00:00,-999.0
2025-04-30 05:00:00,-999.0
2025-04-30 06:00:00,-999.0
2025-04-30 07:00:00,-999.0
2025-04-30 08:00:00,-999.0
2025-04-30 09:00:00,-999.0
2025-04-30 10:00:00,-999.0
2025-04-30 11:00:00,-999.0
2025-04-30 12:00:00,-999.0
2025-04-30 13:00:00,-999.0
2025-04-30 14:00:00,-999.0
2025-04-30 15:00:00,-999.0
2025-04-30 16:00:00,-999.0
2025-04-30 17:00:00,-999.0
2025-04-30 18:00:00,-999.0
2025-04-30 19:00:00,-999.0
2025-04-30 20:00:00,-999.0
2025-04-30 21:00:00,-999.0
2025-04-30 22:00:00,-999.0
2025-04-30 23:00:00,-999.0
2025-05-01 00:00:00,-999.0
2025-05-01 01:00:00,-999.0
2025-05-01 02:00:00,-999.0
2025-05-01 03:00:00,-999.0
2025-05-01 04:00:00,-999.0
2025-05-01 05:00:00,-999.0
2025-05-01 06:00:00,-999.0
2025-05-01 07:00:00,-999.0
2025-05-01 08:00:00,-999.0
2025-05-01 09:00:00,-999.0
2025-05-01 10:00:00,-999.0
2025-05-01 11:00:00,-999.0
2025-05-01 12:00:00,-999.0
2025-05-01 13:00:00,-999.0
2025-05-01 14:00:00,-999.0
2025-05-01 15:00:00,-999.0
2025-05-01 16:00:00,-999.0
2025-05-01 17:00:00,-999.0
2025-05-01 18:00:00,-999.0
2025-05-01 19:00:00,-999.0
2025-05-01 20:00:00,-999.0
2025-05-01 21:00:00,-999.0
2025-05-01 22:00:00,-999.0
2025-05-01 23:00:00,-999.0
2025-05-02 00:00:00,-999.0
2025-05-02 01:00:00,-999.0
2025-05-02 02:00:00,-999.0
2025-05-02 03:00:00,-999.0
2025-05-02 04:00:00,-999.0
2025-05-02 05:00:00,-999.0
2025-05-02 06:00:00,-999.0
2025-05-02 07:00:00,-999.0
2025-05-02 08:00:00,-999.0
2025-05-02 09:00:00,-999.0
2025-05-02 10:00:00,-999.0
2025-05-02 11:00:00,-999.0
2025-05-02 12:00:00,-999.0
2025-05-02 13:00:00,-999.0
2025-05-02 14:00:00,-999.0
2025-05-02 15:00:00,-999.0
2025-05-02 16:00:00,-999.0
2025-05-02 17:00:00,-999.0
2025-05-02 18:00:00,-999.0
2025-05-02 19:00:00,-999.0
2025-05-02 20:00:00,-999.0
2025-05-02 21:00:00,-999.0
2025-05-02 22:00:00,-999.0
2025-05-02 23:00:00,-999.0
2025-05-03 00:00:00,-999.0
2025-05-03 01:00:00,-999.0
2025-05-03 02:00:00,-999.0
2025-05-03 03:00:00,-999.0
2025-05-03 04:00:00,-999.0
2025-05-03 05:00:00,-999.0
2025-05-03 06:00:00,-999.0
2025-05-03 07:00:00,-999.0
2025-05-03 08:00:00,-999.0
2025-05-03 09:00:00,-999.0
2025-05-03 10:00:00,-999.0
2025-05-03 11:00:00,-999.0
2025-05-03 12:00:00,-999.0
2025-05-03 13:00:00,-999.0
2025-05-03 14:00:00,-999.0
2025-05-03 15:00:00,-999.0
2025-05-03 16:00:00,-999.0
2025-05-03 17:00:00,-999.0
2025-05-03 18:00:00,-999.0
2025-05-03 19:00:00,-999.0
2025-05-03 20:00:00,-999.0
2025-05-03 21:00:00,-999.0
2025-05-03 22:00:00,-999.0
2025-05-03 23:00:00,-999.0
2025-05-04 00:00:00,-999.0
2025-05-04 01:00:00,-999.0
2025-05-04 02:00:00,-999.0
2025-05-04 03:00:00,-999.0
2025-05-04 04:00:00,-999.0
2025-05-04 05:00:00,-999.0
2025-05-04 06:00:00,-999.0
2025-05-04 07:00:00,-999.0
2025-05-04 08:00:00,-999.0
2025-05-04 09:00:00,-999.0
2025-05-04 10:00:00,-999.0
2025-05-04 11:00:00,-999.0
2025-05-04 12:00:00,-999.0
2025-05-04 13:00:00,-999.0
2025-05-04 14:00:00,-999.0
2025-05-04 15:00:00,-999.0
2025-05-04 16:00:00,-999.0
2025-05-04 17:00:00,-999.0
2025-05-04 18:00:00,-999.0
2025-05-04 19:00:00,-999.0
2025-05-04 20:00:00,-999.0
2025-05-04 21:00:00,-999.0
2025-05-04 22:00:00,-999.0
2025-05-04 23:00:00,-999.0
2025-05-05 00:00:00,-999.0
2025-05-05 01:00:00,-999.0
2025-05-05 02:00:00,-999.0
2025-05-05 03:00:00,-999.0
2025-05-05 04:00:00,-999.0
2025-05-05 05:00:00,-999.0
2025-05-05 06:00:00,-999.0
2025-05-05 07:00:00,-999.0
2025-05-05 08:00:00,-999.0
2025-05-05 09:00:00,-999.0
2025-05-05 10:00:00,-999.0
2025-05-05 11:00:00,-999.0
2025-05-05 12:00:00,-999.0
2025-05-05 13:00:00,-999.0
2025-05-05 14:00:00,-999.0
2025-05-05 15:00:00,-999.0
2025-05-05 16:00:00,-999.0
2025-05-05 17:00:00,-999.0
2025-05-05 18:00:00,-999.0
2025-05-05 19:00:00,-999.0
2025-05-05 20:00:00,-999.0
2025-05-05 21:00:00,-999.0
2025-05-05 22:00:00,-999.0
2025-05-05 23:00:00,-999.0
2025-05-06 00:00:00,-999.0
2025-05-06 01:00:00,-999.0
2025-05-06 02:00:00,-999.0
2025-05-06 03:00:00,-999.0
2025-05-06 04:00:00,-999.0
2025-05-06 05:00:00,-999.0
2025-05-06 06:00:00,-999.0
2025-05-06 07:00:00,-999.0
2025-05-06 08:00:00,-999.0
2025-05-06 09:00:00,-999.0
2025-05-06 10:00:00,-999.0
2025-05-06 11:00:00,-999.0
2025-05-06 12:00:00,-999.0
2025-05-06 13:00:00,-999.0
2025-05-06 14:00:00,-999.0
2025-05-06 15:00:00,-999.0
2025-05-06 16:00:00,-999.0
2025-05-06 17:00:00,-999.0
2025-05-06 18:00:00,-999.0
2025-05-06 19:00:00,-999.0
2025-05-06 20:00:00,-999.0
2025-05-06 21:00:00,-999.0
2025-05-06 22:00:00,-999.0
2025-05-06 23:00:00,-999.0
2025-05-07 00:00:00,-999.0
2025-05-07 01:00:00,-999.0
2025-05-07 02:00:00,-999.0
2025-05-07 03:00:00,-999.0
2025-05-07 04:00:00,-999.0
2025-05-07 05:00:00,-999.0
2025-05-07 06:00:00,-999.0
2025-05-07 07:00:00,-999.0
2025-05-07 08:00:00,-999.0
2025-05-07 09:00:00,-999.0
2025-05-07 10:00:00,-999.0
2025-05-07 11:00:00,-999.0
2025-05-07 12:00:00,-999.0
2025-05-07 13:00:00,-999.0
2025-05-07 14:00:00,-999.0
2025-05-07 15:00:00,-999.0
2025-05-07 16:00:00,-999.0
2025-05-07 17:00:00,-999.0
2025-05-07 18:00:00,-999.0
2025-05-07 19:00:00,-999.0
2025-05-07 20:00:00,-999.0
2025-05-07 21:00:00,-999.0
2025-05-07 22:00:00,-999.0
2025-05-07 23:00:00,-999.0
2025-05-08 00:00:00,-999.0
2025-05-08 01:00:00,-999.0
2025-05-08 02:00:00,-999.0
2025-05-08 03:00:00,-999.0
2025-05-08 04:00:00,-999.0
2025-05-08 05:00:00,-999.0
2025-05-08 06:00:00,-999.0
2025-05-08 07:00:00,-999.0
2025-05-08 08:00:00,-999.0
2025-05-08 09:00:00,-999.0
2025-05-08 10:00:00,-999.0
2025-05-08 11:00:00,-999.0
2025-05-08 12:00:00,-999.0
2025-05-08 13:00:00,-999.0
2025-05-08 14:00:00,-999.0
2025-05-08 15:00:00,-999.0
2025-05-08 16:00:00,-999.0
2025-05-08 17:00:00,-999.0
2025-05-08 18:00:00,-999.0
2025-05-08 19:00:00,-999.0
2025-05-08 20:00:00,-999.0
2025-05-08 21:00:00,-999.0
2025-05-08 22:00:00,-999.0
2025-05-08 23:00:00,-999.0
2025-05-09 00:00:00,-999.0
2025-05-09 01:00:00,-999.0
2025-05-09 02:00:00,-999.0
2025-05-09 03:00:00,-999.0
2025-05-09 04:00:00,-999.0
2025-05-09 05:00:00,-999.0
2025-05-09 06:00:00,-999.0
2025-05-09 07:00:00,-999.0
2025-05-09 08:00:00,-999.0
2025-05-09 09:00:00,-999.0
2025-05-09 10:00:00,-999.0
2025-05-09 11:00:00,-999.0
2025-05-09 12:00:00,-999.0
2025-05-09 13:00:00,-999.0
2025-05-09 14:00:00,-999.0
2025-05-09 15:00:00,-999.0
2025-05-09 16:00:00,-999.0
2025-05-09 17:00:00,-999.0
2025-05-09 18:00:00,-999.0
2025-05-09 19:00:00,-999.0
2025-05-09 20:00:00,-999.0
2025-05-09 21:00:00,-999.0
2025-05-09 22:00:00,-999.0
2025-05-09 23:00:00,-999.0
2025-05-10 00:00:00,-999.0
2025-05-10 01:00:00,-999.0
2025-05-10 02:00:00,-999.0
2025-05-10 03:00:00,-999.0
2025-05-10 04:00:00,-999.0
2025-05-10 05:00:00,-999.0
2025-05-10 06:00:00,-999.0
2025-05-10 07:00:00,-999.0
2025-05-10 08:00:00,-999.0
2025-05-10 09:00:00,-999.0
2025-05-10 10:00:00,-999.0
2025-05-10 11:00:00,-999.0
2025-05-10 12:00:00,-999.0
2025-05-10 13:00:00,-999.0
2025-05-10 14:00:00,-999.0
2025-05-10 15:00:00,-999.0
2025-05-10 16:00:00,-999.0
2025-05-10 17:00:00,-999.0
2025-05-10 18:00:00,-999.0
2025-05-10 19:00:00,-999.0
2025-05-10 20:00:00,-999.0
2025-05-10 21:00:00,-999.0
2025-05-10 22:00:00,-999.0
2025-05-10 23:00:00,-999.0
2025-05-11 00:00:00,-999.0
2025-05-11 01:00:00,-999.0
2025-05-11 02:00:00,-999.0
2025-05-11 03:00:00,-999.0
2025-05-11 04:00:00,-999.0
2025-05-11 05:00:00,-999.0
2025-05-11 06:00:00,-999.0
2025-05-11 07:00:00,-999.0
2025-05-11 08:00:00,-999.0
2025-05-11 09:00:00,-999.0
2025-05-11 10:00:00,-999.0
2025-05-11 11:00:00,-999.0
2025-05-11 12:00:00,-999.0
2025-05-11 13:00:00,-999.0
2025-05-11 14:00:00,-999.0
2025-05-11 15:00:00,-999.0
2025-05-11 16:00:00,-999.0
2025-05-11 17:00:00,-999.0
2025-05-11 18:00:00,-999.0
2025-05-11 19:00:00,-999.0
2025-05-11 20:00:00,-999.0
2025-05-11 21:00:00,-999.0
2025-05-11 22:00:00,-999.0
2025-05-11 23:00:00,-999.0
2025-05-12 00:00:00,-999.0
2025-05-12 01:00:00,-999.0
2025-05-12 02:00:00,-999.0
2025-05-12 03:00:00,-999.0
2025-05-12 04:00:00,-999.0
2025-05-12 05:00:00,-999.0
2025-05-12 06:00:00,-999.0
2025-05-12 07:00:00,-999.0
2025-05-12 08:00:00,-999.0
2025-05-12 09:00:00,-999.0
2025-05-12 10:00:00,-999.0
2025-05-12 11:00:00,-999.0
2025-05-12 12:00:00,-999.0
2025-05-12 13:00:00,-999.0
2025-05-12 14:00:00,-999.0
2025-05-12 15:00:00,-999.0
2025-05-12 16:00:00,-999.0
2025-05-12 17:00:00,-999.0
2025-05-12 18:00:00,-999.0
2025-05-12 19:00:00,-999.0
2025-05-12 20:00:00,-999.0
2025-05-12 21:00:00,-999.0
2025-05-12 22:00:00,-999.0
2025-05-12 23:00:00,-999.0
2025-05-13 00:00:00,-999.0
2025-05-13 01:00:00,-999.0
2025-05-13 02:00:00,-999.0
2025-05-13 03:00:00,-999.0
2025-05-13 04:00:00,-999.0
2025-05-13 05:00:00,-999.0
2025-05-13 06:00:00,-999.0
2025-05-13 07:00:00,-999.0
2025-05-13 08:00:00,-999.0
2025-05-13 09:00:00,-999.0
2025-05-13 10:00:00,-999.0
2025-05-13 11:00:00,-999.0
2025-05-13 12:00:00,-999.0
2025-05-13 13:00:00,-999.0
2025-05-13 14:00:00,-999.0
2025-05-13 15:00:00,-999.0
2025-05-13 16:00:00,-999.0
2025-05-13 17:00:00,-999.0
2025-05-13 18:00:00,-999.0
2025-05-13 19:00:00,-999.0
2025-05-13 20:00:00,-999.0
2025-05-13 21:00:00,-999.0
2025-05-13 22:00:00,-999.0
2025-05-13 23:00:00,-999.0
2025-05-14 00:00:00,-999.0
2025-05-14 01:00:00,-999.0
2025-05-14 02:00:00,-999.0
2025-05-14 03:00:00,-999.0
2025-05-14 04:00:00,-999.0
2025-05-14 05:00:00,-999.0
2025-05-14 06:00:00,-999.0
2025-05-14 07:00:00,-999.0
2025-05-14 08:00:00,-999.0
2025-05-14 09:00:00,-999.0
2025-05-14 10:00:00,-999.0
2025-05-14 11:00:00,-999.0
2025-05-14 12:00:00,-999.0
2025-05-14 13:00:00,-999.0
2025-05-14 14:00:00,-999.0
2025-05-14 15:00:00,-999.0
2025-05-14 16:00:00,-999.0
2025-05-14 17:00:00,-999.0
2025-05-14 18:00:00,-999.0
2025-05-14 19:00:00,-999.0
2025-05-14 20:00:00,-999.0
2025-05-14 21:00:00,-999.0
2025-05-14 22:00:00,-999.0
2025-05-14 23:00:00,-999.0
2025-05-15 00:00:00,-999.0
2025-05-15 01:00:00,-999.0
2025-05-15 02:00:00,-999.0
2025-05-15 03:00:00,-999.0
2025-05-15 04:00:00,-999.0
2025-05-15 05:00:00,-999.0
2025-05-15 06:00:00,-999.0
2025-05-15 07:00:00,-999.0
2025-05-15 08:00:00,-999.0
2025-05-15 09:00:00,-999.0
2025-05-15 10:00:00,-999.0
2025-05-15 11:00:00,-999.0
2025-05-15 12:00:00,-999.0
2025-05-15 13:00:00,-999.0
2025-05-15 14:00:00,-999.0
2025-05-15 15:00:00,-999.0
2025-05-15 16:00:00,-999.0
2025-05-15 17:00:00,-999.0
2025-05-15 18:00:00,-999.0
2025-05-15 19:00:00,-999.0
2025-05-15 20:00:00,-999.0
2025-05-15 21:00:00,-999.0
2025-05-15 22:00:00,-999.0
2025-05-15 23:00:00,-999.0
2025-05-16 00:00:00,-999.0
2025-05-16 01:00:00,-999.0
2025-05-16 02:00:00,-999.0
2025-05-16 03:00:00,-999.0
2025-05-16 04:00:00,-999.0
2025-05-16 05:00:00,-999.0
2025-05-16 06:00:00,-999.0
2025-05-16 07:00:00,-999.0
2025-05-16 08:00:00,-999.0
2025-05-16 09:00:00,-999.0
2025-05-16 10:00:00,-999.0
2025-05-16 11:00:00,-999.0
2025-05-16 12:00:00,-999.0
2025-05-16 13:00:00,-999.0
2025-05-16 14:00:00,-999.0
2025-05-16 15:00:00,-999.0
2025-05-16 16:00:00,-999.0
2025-05-16 17:00:00,-999.0
2025-05-16 18:00:00,-999.0
2025-05-16 19:00:00,-999.0
2025-05-16 20:00:00,-999.0
2025-05-16 21:00:00,-999.0
2025-05-16 22:00:00,-999.0
2025-05-16 23:00:00,-999.0
2025-05-17 00:00:00,-999.0
2025-05-17 01:00:00,-999.0
2025-05-17 02:00:00,-999.0
2025-05-17 03:00:00,-999.0
2025-05-17 04:00:00,-999.0
2025-05-17 05:00:00,-999.0
2025-05-17 06:00:00,-999.0
2025-05-17 07:00:00,-999.0
2025-05-17 08:00:00,-999.0
2025-05-17 09:00:00,-999.0
2025-05-17 10:00:00,-999.0
2025-05-17 11:00:00,-999.0
2025-05-17 12:00:00,-999.0
2025-05-17 13:00:00,-999.0
2025-05-17 14:00:00,-999.0
2025-05-17 15:00:00,-999.0
2025-05-17 16:00:00,-999.0
2025-05-17 17:00:00,-999.0
2025-05-17 18:00:00,-999.0
2025-05-17 19:00:00,-999.0
2025-05-17 20:00:00,-999.0
2025-05-17 21:00:00,-999.0
2025-05-17 22:00:00,-999.0
2025-05-17 23:00:00,-999.0
2025-05-18 00:00:00,-999.0
2025-05-18 01:00:00,-999.0
2025-05-18 02:00:00,-999.0
2025-05-18 03:00:00,-999.0
2025-05-18 04:00:00,-999.0
2025-05-18 05:00:00,-999.0
2025-05-18 06:00:00,-999.0
2025-05-18 07:00:00,-999.0
2025-05-18 08:00:00,-999.0
2025-05-18 09:00:00,-999.0
2025-05-18 10:00:00,-999.0
2025-05-18 11:00:00,-999.0
2025-05-18 12:00:00,-999.0
2025-05-18 13:00:00,-999.0
2025-05-18 14:00:00,-999.0
2025-05-18 15:00:00,-999.0
2025-05-18 16:00:00,-999.0
2025-05-18 17:00:00,-999.0
2025-05-18 18:00:00,-999.0
2025-05-18 19:00:00,-999.0
2025-05-18 20:00:00,-999.0
2025-05-18 21:00:00,-999.0
2025-05-18 22:00:00,-999.0
2025-05-18 23:00:00,-999.0
2025-05-19 00:00:00,-999.0
2025-05-19 01:00:00,-999.0
2025-05-19 02:00:00,-999.0
2025-05-19 03:00:00,-999.0
2025-05-19 04:00:00,-999.0
2025-05-19 05:00:00,-999.0
2025-05-19 06:00:00,-999.0
2025-05-19 07:00:00,-999.0
2025-05-19 08:00:00,-999.0
2025-05-19 09:00:00,-999.0
2025-05-19 10:00:00,-999.0
2025-05-19 11:00:00,-999.0
2025-05-19 12:00:00,-999.0
2025-05-19 13:00:00,-999.0
2025-05-19 14:00:00,-999.0
2025-05-19 15:00:00,-999.0
2025-05-19 16:00:00,-999.0
2025-05-19 17:00:00,-999.0
2025-05-19 18:00:00,-999.0
2025-05-19 19:00:00,-999.0
2025-05-19 20:00:00,-999.0
2025-05-19 21:00:00,-999.0
2025-05-19 22:00:00,-999.0
2025-05-19 23:00:00,-999.0
2025-05-20 00:00:00,-999.0
2025-05-20 01:00:00,-999.0
2025-05-20 02:00:00,-999.0
2025-05-20 03:00:00,-999.0
2025-05-20 04:00:00,-999.0
2025-05-20 05:00:00,-999.0
2025-05-20 06:00:00,-999.0
2025-05-20 07:00:00,-999.0
2025-05-20 08:00:00,-999.0
2025-05-20 09:00:00,-999.0
2025-05-20 10:00:00,-999.0
2025-05-20 11:00:00,-999.0
2025-05-20 12:00:00,-999.0
2025-05-20 13:00:00,-999.0
2025-05-20 14:00:00,-999.0
2025-05-20 15:00:00,-999.0
2025-05-20 16:00:00,-999.0
2025-05-20 17:00:00,-999.0
2025-05-20 18:00:00,-999.0
2025-05-20 19:00:00,-999.0
2025-05-20 20:00:00,-999.0
2025-05-20 21:00:00,-999.0
2025-05-20 22:00:00,-999.0
2025-05-20 23:00:00,-999.0
2025-05-21 00:00:00,-999.0
2025-05-21 01:00:00,-999.0
2025-05-21 02:00:00,-999.0
2025-05-21 03:00:00,-999.0
2025-05-21 04:00:00,-999.0
2025-05-21 05:00:00,-999.0
2025-05-21 06:00:00,-999.0
2025-05-21 07:00:00,-999.0
2025-05-21 08:00:00,-999.0
2025-05-21 09:00:00,-999.0
2025-05-21 10:00:00,-999.0
2025-05-21 11:00:00,-999.0
2025-05-21 12:00:00,-999.0
2025-05-21 13:00:00,-999.0
2025-05-21 14:00:00,-999.0
2025-05-21 15:00:00,-999.0
2025-05-21 16:00:00,-999.0
2025-05-21 17:00:00,-999.0
2025-05-21 18:00:00,-999.0
2025-05-21 19:00:00,-999.0
2025-05-21 20:00:00,-999.0
2025-05-21 21:00:00,-999.0
2025-05-21 22:00:00,-999.0
2025-05-21 23:00:00,-999.0
2025-05-22 00:00:00,-999.0
2025-05-22 01:00:00,-999.0
2025-05-22 02:00:00,-999.0
2025-05-22 03:00:00,-999.0
2025-05-22 04:00:00,-999.0
2025-05-22 05:00:00,-999.0
2025-05-22 06:00:00,-999.0
2025-05-22 07:00:00,-999.0
2025-05-22 08:00:00,-999.0
2025-05-22 09:00:00,-999.0
2025-05-22 10:00:00,-999.0
2025-05-22 11:00:00,-999.0
2025-05-22 12:00:00,-999.0
2025-05-22 13:00:00,-999.0
2025-05-22 14:00:00,-999.0
2025-05-22 15:00:00,-999.0
2025-05-22 16:00:00,-999.0
2025-05-22 17:00:00,-999.0
2025-05-22 18:00:00,-999.0
2025-05-22 19:00:00,-999.0
2025-05-22 20:00:00,-999.0
2025-05-22 21:00:00,-999.0
2025-05-22 22:00:00,-999.0
2025-05-22 23:00:00,-999.0
2025-05-23 00:00:00,-999.0
2025-05-23 01:00:00,-999.0
2025-05-23 02:00:00,-999.0
2025-05-23 03:00:00,-999.0
2025-05-23 04:00:00,-999.0
2025-05-23 05:00:00,-999.0
2025-05-23 06:00:00,-999.0
2025-05-23 07:00:00,-999.0
2025-05-23 08:00:00,-999.0
2025-05-23 09:00:00,-999.0
2025-05-23 10:00:00,-999.0
2025-05-23 11:00:00,-999.0
2025-05-23 12:00:00,-999.0
2025-05-23 13:00:00,-999.0
2025-05-23 14:00:00,-999.0
2025-05-23 15:00:00,-999.0
2025-05-23 16:00:00,-999.0
2025-05-23 17:00:00,-999.0
2025-05-23 18:00:00,-999.0
2025-05-23 19:00:00,-999.0
2025-05-23 20:00:00,-999.0
2025-05-23 21:00:00,-999.0
2025-05-23 22:00:00,-999.0
2025-05-23 23:00:00,-999.0
2025-05-24 00:00:00,-999.0
2025-05-24 01:00:00,-999.0
2025-05-24 02:00:00,-999.0
2025-05-24 03:00:00,-999.0
2025-05-24 04:00:00,-999.0
2025-05-24 05:00:00,-999.0
2025-05-24 06:00:00,-999.0
2025-05-24 07:00:00,-999.0
2025-05-24 08:00:00,-999.0
2025-05-24 09:00:00,-999.0
2025-05-24 10:00:00,-999.0
2025-05-24 11:00:00,-999.0
2025-05-24 12:00:00,-999.0
2025-05-24 13:00:00,-999.0
2025-05-24 14:00:00,-999.0
2025-05-24 15:00:00,-999.0
2025-05-24 16:00:00,-999.0
2025-05-24 17:00:00,-999.0
2025-05-24 18:00:00,-999.0
2025-05-24 19:00:00,-999.0
2025-05-24 20:00:00,-999.0
2025-05-24 21:00:00,-999.0
2025-05-24 22:00:00,-999.0
2025-05-24 23:00:00,-999.0
2025-05-25 00:00:00,-999.0
2025-05-25 01:00:00,-999.0
2025-05-25 02:00:00,-999.0
2025-05-25 03:00:00,-999.0
2025-05-25 04:00:00,-999.0
2025-05-25 05:00:00,-999.0
2025-05-25 06:00:00,-999.0
2025-05-25 07:00:00,-999.0
2025-05-25 08:00:00,-999.0
2025-05-25 09:00:00,-999.0
2025-05-25 10:00:00,-999.0
2025-05-25 11:00:00,-999.0
2025-05-25 12:00:00,-999.0
2025-05-25 13:00:00,-999.0
2025-05-25 14:00:00,-999.0
2025-05-25 15:00:00,-999.0
2025-05-25 16:00:00,-999.0
2025-05-25 17:00:00,-999.0
2025-05-25 18:00:00,-999.0
2025-05-25 19:00:00,-999.0
2025-05-25 20:00:00,-999.0
2025-05-25 21:00:00,-999.0
2025-05-25 22:00:00,-999.0
2025-05-25 23:00:00,-999.0
2025-05-26 00:00:00,-999.0
2025-05-26 01:00:00,-999.0
2025-05-26 02:00:00,-999.0
2025-05-26 03:00:00,-999.0
2025-05-26 04:00:00,-999.0
2025-05-26 05:00:00,-999.0
2025-05-26 06:00:00,-999.0
2025-05-26 07:00:00,-999.0
2025-05-26 08:00:00,-999.0
2025-05-26 09:00:00,-999.0
2025-05-26 10:00:00,-999.0
2025-05-26 11:00:00,-999.0
2025-05-26 12:00:00,-999.0
2025-05-26 13:00:00,-999.0
2025-05-26 14:00:00,-999.0
2025-05-26 15:00:00,-999.0
2025-05-26 16:00:00,-999.0
2025-05-26 17:00:00,-999.0
2025-05-26 18:00:00,-999.0
2025-05-26 19:00:00,-999.0
2025-05-26 20:00:00,-999.0
2025-05-26 21:00:00,-999.0
2025-05-26 22:00:00,-999.0
2025-05-26 23:00:00,-999.0
2025-05-27 00:00:00,-999.0
2025-05-27 01:00:00,-999.0
2025-05-27 02:00:00,-999.0
2025-05-27 03:00:00,-999.0
2025-05-27 04:00:00,-999.0
2025-05-27 05:00:00,-999.0
2025-05-27 06:00:00,-999.0
2025-05-27 07:00:00,-999.0
2025-05-27 08:00:00,-999.0
2025-05-27 09:00:00,-999.0
2025-05-27 10:00:00,-999.0
2025-05-27 11:00:00,-999.0
2025-05-27 12:00:00,-999.0
2025-05-27 13:00:00,-999.0
2025-05-27 14:00:00,-999.0
2025-05-27 15:00:00,-999.0
2025-05-27 16:00:00,-999.0
2025-05-27 17:00:00,-999.0
2025-05-27 18:00:00,-999.0
2025-05-27 19:00:00,-999.0
2025-05-27 20:00:00,-999.0
2025-05-27 21:00:00,-999.0
2025-05-27 22:00:00,-999.0
2025-05-27 23:00:00,-999.0
2025-05-28 00:00:00,-999.0
2025-05-28 01:00:00,-999.0
2025-05-28 02:00:00,-999.0
2025-05-28 03:00:00,-999.0
2025-05-28 04:00:00,-999.0
2025-05-28 05:00:00,-999.0
2025-05-28 06:00:00,-999.0
2025-05-28 07:00:00,-999.0
2025-05-28 08:00:00,-999.0
2025-05-28 09:00:00,-999.0
2025-05-28 10:00:00,-999.0
2025-05-28 11:00:00,-999.0
2025-05-28 12:00:00,-999.0
2025-05-28 13:00:00,-999.0
2025-05-28 14:00:00,-999.0
2025-05-28 15:00:00,-999.0
2025-05-28 16:00:00,-999.0
2025-05-28 17:00:00,-999.0
2025-05-28 18:00:00,-999.0
2025-05-28 19:00:00,-999.0
2025-05-28 20:00:00,-999.0
2025-05-28 21:00:00,-999.0
2025-05-28 22:00:00,-999.0
2025-05-28 23:00:00,-999.0
2025-05-29 00:00:00,-999.0
2025-05-29 01:00:00,-999.0
2025-05-29 02:00:00,-999.0
2025-05-29 03:00:00,-999.0
2025-05-29 04:00:00,-999.0
2025-05-29 05:00:00,-999.0
2025-05-29 06:00:00,-999.0
2025-05-29 07:00:00,-999.0
2025-05-29 08:00:00,-999.0
2025-05-29 09:00:00,-999.0
2025-05-29 10:00:00,-999.0
2025-05-29 11:00:00,-999.0
2025-05-29 12:00:00,-999.0
2025-05-29 13:00:00,-999.0
2025-05-29 14:00:00,-999.0
2025-05-29 15:00:00,-999.0
2025-05-29 16:00:00,-999.0
2025-05-29 17:00:00,-999.0
2025-05-29 18:00:00,-999.0
2025-05-29 19:00:00,-999.0
2025-05-29 20:00:00,-999.0
2025-05-29 21:00:00,-999.0
2025-05-29 22:00:00,-999.0
2025-05-29 23:00:00,-999.0
2025-05-30 00:00:00,-999.0
2025-05-30 01:00:00,-999.0
2025-05-30 02:00:00,-999.0
2025-05-30 03:00:00,-999.0
2025-05-30 04:00:00,-999.0
2025-05-30 05:00:00,-999.0
2025-05-30 06:00:00,-999.0
2025-05-30 07:00:00,-999.0
2025-05-30 08:00:00,-999.0
2025-05-30 09:00:00,-999.0
2025-05-30 10:00:00,-999.0
2025-05-30 11:00:00,-999.0
2025-05-30 12:00:00,-999.0
2025-05-30 13:00:00,-999.0
2025-05-30 14:00:00,-999.0
2025-05-30 15:00:00,-999.0
2025-05-30 16:00:00,-999.0
2025-05-30 17:00:00,-999.0
2025-05-30 18:00:00,-999.0
2025-05-30 19:00:00,-999.0
2025-05-30 20:00:00,-999.0
2025-05-30 21:00:00,-999.0
2025-05-30 22:00:00,-999.0
2025-05-30 23:00:00,-999.0
2025-05-31 00:00:00,-999.0
2025-05-31 01:00:00,-999.0
2025-05-31 02:00:00,-999.0
2025-05-31 03:00:00,-999.0
2025-05-31 04:00:00,-999.0
2025-05-31 05:00:00,-999.0
2025-05-31 06:00:00,-999.0
2025-05-31 07:00:00,-999.0
2025-05-31 08:00:00,-999.0
2025-05-31 09:00:00,-999.0
2025-05-31 10:00:00,-999.0
2025-05-31 11:00:00,-999.0
2025-05-31 12:00:00,-999.0
2025-05-31 13:00:00,-999.0
2025-05-31 14:00:00,-999.0
2025-05-31 15:00:00,-999.0
2025-05-31 16:00:00,-999.0
2025-05-31 17:00:00,-999.0
2025-05-31 18:00:00,-999.0
2025-05-31 19:00:00,-999.0
2025-05-31 20:00:00,-999.0
2025-05-31 21:00:00,-999.0
2025-05-31 22:00:00,-999.0
2025-05-31 23:00:00,-999.0
2025-06-01 00:00:00,-999.0
2025-06-01 01:00:00,-999.0
2025-06-01 02:00:00,-999.0
2025-06-01 03:00:00,-999.0
2025-06-01 04:00:00,-999.0
2025-06-01 05:00:00,-999.0
2025-06-01 06:00:00,-999.0
2025-06-01 07:00:00,-999.0
2025-06-01 08:00:00,-999.0
2025-06-01 09:00:00,-999.0
2025-06-01 10:00:00,-999.0
2025-06-01 11:00:00,-999.0
2025-06-01 12:00:00,-999.0
2025-06-01 13:00:00,-999.0
2025-06-01 14:00:00,-999.0
2025-06-01 15:00:00,-999.0
2025-06-01 16:00:00,-999.0
2025-06-01 17:00:00,-999.0
2025-06-01 18:00:00,-999.0
2025-06-01 19:00:00,-999.0
2025-06-01 20:00:00,-999.0
2025-06-01 21:00:00,-999.0
2025-06-01 22:00:00,-999.0
2025-06-01 23:00:00,-999.0
2025-06-02 00:00:00,-999.0
2025-06-02 01:00:00,-999.0
2025-06-02 02:00:00,-999.0
2025-06-02 03:00:00,-999.0
2025-06-02 04:00:00,-999.0
2025-06-02 05:00:00,-999.0
2025-06-02 06:00:00,-999.0
2025-06-02 07:00:00,-999.0
2025-06-02 08:00:00,-999.0
2025-06-02 09:00:00,-999.0
2025-06-02 10:00:00,-999.0
2025-06-02 11:00:00,-999.0
2025-06-02 12:00:00,-999.0
2025-06-02 13:00:00,-999.0
2025-06-02 14:00:00,-999.0
2025-06-02 15:00:00,-999.0
2025-06-02 16:00:00,-999.0
2025-06-02 17:00:00,-999.0
2025-06-02 18:00:00,-999.0
2025-06-02 19:00:00,-999.0
2025-06-02 20:00:00,-999.0
2025-06-02 21:00:00,-999.0
2025-06-02 22:00:00,-999.0
2025-06-02 23:00:00,-999.0
2025-06-03 00:00:00,-999.0
2025-06-03 01:00:00,-999.0
2025-06-03 02:00:00,-999.0
2025-06-03 03:00:00,-999.0
2025-06-03 04:00:00,-999.0
2025-06-03 05:00:00,-999.0
2025-06-03 06:00:00,-999.0
2025-06-03 07:00:00,-999.0
2025-06-03 08:00:00,-999.0
2025-06-03 09:00:00,-999.0
2025-06-03 10:00:00,-999.0
2025-06-03 11:00:00,-999.0
2025-06-03 12:00:00,-999.0
2025-06-03 13:00:00,-999.0
2025-06-03 14:00:00,-999.0
2025-06-03 15:00:00,-999.0
2025-06-03 16:00:00,-999.0
2025-06-03 17:00:00,-999.0
2025-06-03 18:00:00,-999.0
2025-06-03 19:00:00,-999.0
2025-06-03 20:00:00,-999.0
2025-06-03 21:00:00,-999.0
2025-06-03 22:00:00,-999.0
2025-06-03 23:00:00,-999.0
2025-06-04 00:00:00,-999.0
2025-06-04 01:00:00,-999.0
2025-06-04 02:00:00,-999.0
2025-06-04 03:00:00,-999.0
2025-06-04 04:00:00,-999.0
2025-06-04 05:00:00,-999.0
2025-06-04 06:00:00,-999.0
2025-06-04 07:00:00,-999.0
2025-06-04 08:00:00,-999.0
2025-06-04 09:00:00,-999.0
2025-06-04 10:00:00,-999.0
2025-06-04 11:00:00,-999.0
2025-06-04 12:00:00,-999.0
2025-06-04 13:00:00,-999.0
2025-06-04 14:00:00,-999.0
2025-06-04 15:00:00,-999.0
2025-06-04 16:00:00,-999.0
2025-06-04 17:00:00,-999.0
2025-06-04 18:00:00,-999.0
2025-06-04 19:00:00,-999.0
2025-06-04 20:00:00,-999.0
2025-06-04 21:00:00,-999.0
2025-06-04 22:00:00,-999.0
2025-06-04 23:00:00,-999.0
2025-06-05 00:00:00,-999.0
2025-06-05 01:00:00,-999.0
2025-06-05 02:00:00,-999.0
2025-06-05 03:00:00,-999.0
2025-06-05 04:00:00,-999.0
2025-06-05 05:00:00,-999.0
2025-06-05 06:00:00,-999.0
2025-06-05 07:00:00,-999.0
2025-06-05 08:00:00,-999.0
2025-06-05 09:00:00,-999.0
2025-06-05 10:00:00,-999.0
2025-06-05 11:00:00,-999.0
2025-06-05 12:00:00,-999.0
2025-06-05 13:00:00,-999.0
2025-06-05 14:00:00,-999.0
2025-06-05 15:00:00,-999.0
2025-06-05 16:00:00,-999.0
2025-06-05 17:00:00,-999.0
2025-06-05 18:00:00,-999.0
2025-06-05 19:00:00,-999.0
2025-06-05 20:00:00,-999.0
2025-06-05 21:00:00,-999.0
2025-06-05 22:00:00,-999.0
2025-06-05 23:00:00,-999.0
2025-06-06 00:00:00,-999.0
2025-06-06 01:00:00,-999.0
2025-06-06 02:00:00,-999.0
2025-06-06 03:00:00,-999.0
2025-06-06 04:00:00,-999.0
2025-06-06 05:00:00,-999.0
2025-06-06 06:00:00,-999.0
2025-06-06 07:00:00,-999.0
2025-06-06 08:00:00,-999.0
2025-06-06 09:00:00,-999.0
2025-06-06 10:00:00,-999.0
2025-06-06 11:00:00,-999.0
2025-06-06 12:00:00,-999.0
2025-06-06 13:00:00,-999.0
2025-06-06 14:00:00,-999.0
2025-06-06 15:00:00,-999.0
2025-06-06 16:00:00,-999.0
2025-06-06 17:00:00,-999.0
2025-06-06 18:00:00,-999.0
2025-06-06 19:00:00,-999.0
2025-06-06 20:00:00,-999.0
2025-06-06 21:00:00,-999.0
2025-06-06 22:00:00,-999.0
2025-06-06 23:00:00,-999.0
2025-06-07 00:00:00,-999.0
2025-06-07 01:00:00,-999.0
2025-06-07 02:00:00,-999.0
2025-06-07 03:00:00,-999.0
2025-06-07 04:00:00,-999.0
2025-06-07 05:00:00,-999.0
2025-06-07 06:00:00,-999.0
2025-06-07 07:00:00,-999.0
2025-06-07 08:00:00,-999.0
2025-06-07 09:00:00,-999.0
2025-06-07 10:00:00,-999.0
2025-06-07 11:00:00,-999.0
2025-06-07 12:00:00,-999.0
2025-06-07 13:00:00,-999.0
2025-06-07 14:00:00,-999.0
2025-06-07 15:00:00,-999.0
2025-06-07 16:00:00,-999.0
2025-06-07 17:00:00,-999.0
2025-06-07 18:00:00,-999.0
2025-06-07 19:00:00,-999.0
2025-06-07 20:00:00,-999.0
2025-06-07 21:00:00,-999.0
2025-06-07 22:00:00,-999.0
2025-06-07 23:00:00,-999.0
2025-06-08 00:00:00,-999.0
2025-06-08 01:00:00,-999.0
2025-06-08 02:00:00,-999.0
2025-06-08 03:00:00,-999.0
2025-06-08 04:00:00,-999.0
2025-06-08 05:00:00,-999.0
2025-06-08 06:00:00,-999.0
2025-06-08 07:00:00,-999.0
2025-06-08 08:00:00,-999.0
2025-06-08 09:00:00,-999.0
2025-06-08 10:00:00,-999.0
2025-06-08 11:00:00,-999.0
2025-06-08 12:00:00,-999.0
2025-06-08 13:00:00,-999.0
2025-06-08 14:00:00,-999.0
2025-06-08 15:00:00,-999.0
2025-06-08 16:00:00,-999.0
2025-06-08 17:00:00,-999.0
2025-06-08 18:00:00,-999.0
2025-06-08 19:00:00,-999.0
2025-06-08 20:00:00,-999.0
2025-06-08 21:00:00,-999.0
2025-06-08 22:00:00,-999.0
2025-06-08 23:00:00,-999.0
2025-06-09 00:00:00,-999.0
2025-06-09 01:00:00,-999.0
2025-06-09 02:00:00,-999.0
2025-06-09 03:00:00,-999.0
2025-06-09 04:00:00,-999.0
2025-06-09 05:00:00,-999.0
2025-06-09 06:00:00,-999.0
2025-06-09 07:00:00,-999.0
2025-06-09 08:00:00,-999.0
2025-06-09 09:00:00,-999.0
2025-06-09 10:00:00,-999.0
2025-06-09 11:00:00,-999.0
2025-06-09 12:00:00,-999.0
2025-06-09 13:00:00,-999.0
2025-06-09 14:00:00,-999.0
2025-06-09 15:00:00,-999.0
2025-06-09 16:00:00,-999.0
2025-06-09 17:00:00,-999.0
2025-06-09 18:00:00,-999.0
2025-06-09 19:00:00,-999.0
2025-06-09 20:00:00,-999.0
2025-06-09 21:00:00,-999.0
2025-06-09 22:00:00,-999.0
2025-06-09 23:00:00,-999.0
2025-06-10 00:00:00,-999.0
2025-06-10 01:00:00,-999.0
2025-06-10 02:00:00,-999.0
2025-06-10 03:00:00,-999.0
2025-06-10 04:00:00,-999.0
2025-06-10 05:00:00,-999.0
2025-06-10 06:00:00,-999.0
2025-06-10 07:00:00,-999.0
2025-06-10 08:00:00,-999.0
2025-06-10 09:00:00,-999.0
2025-06-10 10:00:00,-999.0
2025-06-10 11:00:00,-999.0
2025-06-10 12:00:00,-999.0
2025-06-10 13:00:00,-999.0
2025-06-10 14:00:00,-999.0
2025-06-10 15:00:00,-999.0
2025-06-10 16:00:00,-999.0
2025-06-10 17:00:00,-999.0
2025-06-10 18:00:00,-999.0
2025-06-10 19:00:00,-999.0
2025-06-10 20:00:00,-999.0
2025-06-10 21:00:00,-999.0
2025-06-10 22:00:00,-999.0
2025-06-10 23:00:00,-999.0
2025-06-11 00:00:00,-999.0
2025-06-11 01:00:00,-999.0
2025-06-11 02:00:00,-999.0
2025-06-11 03:00:00,-999.0
2025-06-11 04:00:00,-999.0
2025-06-11 05:00:00,-999.0
2025-06-11 06:00:00,-999.0
2025-06-11 07:00:00,-999.0
2025-06-11 08:00:00,-999.0
2025-06-11 09:00:00,-999.0
2025-06-11 10:00:00,-999.0
2025-06-11 11:00:00,-999.0
2025-06-11 12:00:00,-999.0
2025-06-11 13:00:00,-999.0
2025-06-11 14:00:00,-999.0
2025-06-11 15:00:00,-999.0
2025-06-11 16:00:00,-999.0
2025-06-11 17:00:00,-999.0
2025-06-11 18:00:00,-999.0
2025-06-11 19:00:00,-999.0
2025-06-11 20:00:00,-999.0
2025-06-11 21:00:00,-999.0
2025-06-11 22:00:00,-999.0
2025-06-11 23:00:00,-999.0
2025-06-12 00:00:00,-999.0
2025-06-12 01:00:00,-999.0
2025-06-12 02:00:00,-999.0
2025-06-12 03:00:00,-999.0
2025-06-12 04:00:00,-999.0
2025-06-12 05:00:00,-999.0
2025-06-12 06:00:00,-999.0
2025-06-12 07:00:00,-999.0
2025-06-12 08:00:00,-999.0
2025-06-12 09:00:00,-999.0
2025-06-12 10:00:00,-999.0
2025-06-12 11:00:00,-999.0
2025-06-12 12:00:00,-999.0
2025-06-12 13:00:00,-999.0
2025-06-12 14:00:00,-999.0
2025-06-12 15:00:00,-999.0
2025-06-12 16:00:00,-999.0
2025-06-12 17:00:00,-999.0
2025-06-12 18:00:00,-999.0
2025-06-12 19:00:00,-999.0
2025-06-12 20:00:00,-999.0
2025-06-12 21:00:00,-999.0
2025-06-12 22:00:00,-999.0
2025-06-12 23:00:00,-999.0
2025-06-13 00:00:00,-999.0
2025-06-13 01:00:00,-999.0
2025-06-13 02:00:00,-999.0
2025-06-13 03:00:00,-999.0
2025-06-13 04:00:00,-999.0
2025-06-13 05:00:00,-999.0
2025-06-13 06:00:00,-999.0
2025-06-13 07:00:00,-999.0
2025-06-13 08:00:00,-999.0
2025-06-13 09:00:00,-999.0
2025-06-13 10:00:00,-999.0
2025-06-13 11:00:00,-999.0
2025-06-13 12:00:00,-999.0
2025-06-13 13:00:00,-999.0
2025-06-13 14:00:00,-999.0
2025-06-13 15:00:00,-999.0
2025-06-13 16:00:00,-999.0
2025-06-13 17:00:00,-999.0
2025-06-13 18:00:00,-999.0
2025-06-13 19:00:00,-999.0
2025-06-13 20:00:00,-999.0
2025-06-13 21:00:00,-999.0
2025-06-13 22:00:00,-999.0
2025-06-13 23:00:00,-999.0
2025-06-14 00:00:00,-999.0
2025-06-14 01:00:00,-999.0
2025-06-14 02:00:00,-999.0
2025-06-14 03:00:00,-999.0
2025-06-14 04:00:00,-999.0
2025-06-14 05:00:00,-999.0
2025-06-14 06:00:00,-999.0
2025-06-14 07:00:00,-999.0
2025-06-14 08:00:00,-999.0
2025-06-14 09:00:00,-999.0
2025-06-14 10:00:00,-999.0
2025-06-14 11:00:00,-999.0
2025-06-14 12:00:00,-999.0
2025-06-14 13:00:00,-999.0
2025-06-14 14:00:00,-999.0
2025-06-14 15:00:00,-999.0
2025-06-14 16:00:00,-999.0
2025-06-14 17:00:00,-999.0
2025-06-14 18:00:00,-999.0
2025-06-14 19:00:00,-999.0
2025-06-14 20:00:00,-999.0
2025-06-14 21:00:00,-999.0
2025-06-14 22:00:00,-999.0
2025-06-14 23:00:00,-999.0
2025-06-15 00:00:00,-999.0
2025-06-15 01:00:00,-999.0
2025-06-15 02:00:00,-999.0
2025-06-15 03:00:00,-999.0
2025-06-15 04:00:00,-999.0
2025-06-15 05:00:00,-999.0
2025-06-15 06:00:00,-999.0
2025-06-15 07:00:00,-999.0
2025-06-15 08:00:00,-999.0
2025-06-15 09:00:00,-999.0
2025-06-15 10:00:00,-999.0
2025-06-15 11:00:00,-999.0
2025-06-15 12:00:00,-999.0
2025-06-15 13:00:00,-999.0
2025-06-15 14:00:00,-999.0
2025-06-15 15:00:00,-999.0
2025-06-15 16:00:00,-999.0
2025-06-15 17:00:00,-999.0
2025-06-15 18:00:00,-999.0
2025-06-15 19:00:00,-999.0
2025-06-15 20:00:00,-999.0
2025-06-15 21:00:00,-999.0
2025-06-15 22:00:00,-999.0
2025-06-15 23:00:00,-999.0
2025-06-16 00:00:00,-999.0
2025-06-16 01:00:00,-999.0
2025-06-16 02:00:00,-999.0
2025-06-16 03:00:00,-999.0
2025-06-16 04:00:00,-999.0
2025-06-16 05:00:00,-999.0
2025-06-16 06:00:00,-999.0
2025-06-16 07:00:00,-999.0
2025-06-16 08:00:00,-999.0
2025-06-16 09:00:00,-999.0
2025-06-16 10:00:00,-999.0
2025-06-16 11:00:00,-999.0
2025-06-16 12:00:00,-999.0
2025-06-16 13:00:00,-999.0
2025-06-16 14:00:00,-999.0
2025-06-16 15:00:00,-999.0
2025-06-16 16:00:00,-999.0
2025-06-16 17:00:00,-999.0
2025-06-16 18:00:00,-999.0
2025-06-16 19:00:00,-999.0
2025-06-16 20:00:00,-999.0
2025-06-16 21:00:00,-999.0
2025-06-16 22:00:00,-999.0
2025-06-16 23:00:00,-999.0
2025-06-17 00:00:00,-999.0
2025-06-17 01:00:00,-999.0
2025-06-17 02:00:00,-999.0
2025-06-17 03:00:00,-999.0
2025-06-17 04:00:00,-999.0
2025-06-17 05:00:00,-999.0
2025-06-17 06:00:00,-999.0
2025-06-17 07:00:00,-999.0
2025-06-17 08:00:00,-999.0
2025-06-17 09:00:00,-999.0
2025-06-17 10:00:00,-999.0
2025-06-17 11:00:00,-999.0
2025-06-17 12:00:00,-999.0
2025-06-17 13:00:00,-999.0
2025-06-17 14:00:00,-999.0
2025-06-17 15:00:00,-999.0
2025-06-17 16:00:00,-999.0
2025-06-17 17:00:00,-999.0
2025-06-17 18:00:00,-999.0
2025-06-17 19:00:00,-999.0
2025-06-17 20:00:00,-999.0
2025-06-17 21:00:00,-999.0
2025-06-17 22:00:00,-999.0
2025-06-17 23:00:00,-999.0
2025-06-18 00:00:00,-999.0
2025-06-18 01:00:00,-999.0
2025-06-18 02:00:00,-999.0
2025-06-18 03:00:00,-999.0
2025-06-18 04:00:00,-999.0
2025-06-18 05:00:00,-999.0
2025-06-18 06:00:00,-999.0
2025-06-18 07:00:00,-999.0
2025-06-18 08:00:00,-999.0
2025-06-18 09:00:00,-999.0
2025-06-18 10:00:00,-999.0
2025-06-18 11:00:00,-999.0
2025-06-18 12:00:00,-999.0
2025-06-18 13:00:00,-999.0
2025-06-18 14:00:00,-999.0
2025-06-18 15:00:00,-999.0
2025-06-18 16:00:00,-999.0
2025-06-18 17:00:00,-999.0
2025-06-18 18:00:00,-999.0
2025-06-18 19:00:00,-999.0
2025-06-18 20:00:00,-999.0
2025-06-18 21:00:00,-999.0
2025-06-18 22:00:00,-999.0
2025-06-18 23:00:00,-999.0
2025-06-19 00:00:00,-999.0
2025-06-19 01:00:00,-999.0
2025-06-19 02:00:00,-999.0
2025-06-19 03:00:00,-999.0
2025-06-19 04:00:00,-999.0
2025-06-19 05:00:00,-999.0
2025-06-19 06:00:00,-999.0
2025-06-19 07:00:00,-999.0
2025-06-19 08:00:00,-999.0
2025-06-19 09:00:00,-999.0
2025-06-19 10:00:00,-999.0
2025-06-19 11:00:00,-999.0
2025-06-19 12:00:00,-999.0
2025-06-19 13:00:00,-999.0
2025-06-19 14:00:00,-999.0
2025-06-19 15:00:00,-999.0
2025-06-19 16:00:00,-999.0
2025-06-19 17:00:00,-999.0
2025-06-19 18:00:00,-999.0
2025-06-19 19:00:00,-999.0
2025-06-19 20:00:00,-999.0
2025-06-19 21:00:00,-999.0
2025-06-19 22:00:00,-999.0
2025-06-19 23:00:00,-999.0
2025-06-20 00:00:00,-999.0
2025-06-20 01:00:00,-999.0
2025-06-20 02:00:00,-999.0
2025-06-20 03:00:00,-999.0
2025-06-20 04:00:00,-999.0
2025-06-20 05:00:00,-999.0
2025-06-20 06:00:00,-999.0
2025-06-20 07:00:00,-999.0
2025-06-20 08:00:00,-999.0
2025-06-20 09:00:00,-999.0
2025-06-20 10:00:00,-999.0
2025-06-20 11:00:00,-999.0
2025-06-20 12:00:00,-999.0
2025-06-20 13:00:00,-999.0
2025-06-20 14:00:00,-999.0
2025-06-20 15:00:00,-999.0
2025-06-20 16:00:00,-999.0
2025-06-20 17:00:00,-999.0
2025-06-20 18:00:00,-999.0
2025-06-20 19:00:00,-999.0
2025-06-20 20:00:00,-999.0
2025-06-20 21:00:00,-999.0
2025-06-20 22:00:00,-999.0
2025-06-20 23:00:00,-999.0
2025-06-21 00:00:00,-999.0
2025-06-21 01:00:00,-999.0
2025-06-21 02:00:00,-999.0
2025-06-21 03:00:00,-999.0
2025-06-21 04:00:00,-999.0
2025-06-21 05:00:00,-999.0
2025-06-21 06:00:00,-999.0
2025-06-21 07:00:00,-999.0
2025-06-21 08:00:00,-999.0
2025-06-21 09:00:00,-999.0
2025-06-21 10:00:00,-999.0
2025-06-21 11:00:00,-999.0
2025-06-21 12:00:00,-999.0
2025-06-21 13:00:00,-999.0
2025-06-21 14:00:00,-999.0
2025-06-21 15:00:00,-999.0
2025-06-21 16:00:00,-999.0
2025-06-21 17:00:00,-999.0
2025-06-21 18:00:00,-999.0
2025-06-21 19:00:00,-999.0
2025-06-21 20:00:00,-999.0
2025-06-21 21:00:00,-999.0
2025-06-21 22:00:00,-999.0
2025-06-21 23:00:00,-999.0
2025-06-22 00:00:00,-999.0
2025-06-22 01:00:00,-999.0
2025-06-22 02:00:00,-999.0
2025-06-22 03:00:00,-999.0
2025-06-22 04:00:00,-999.0
2025-06-22 05:00:00,-999.0
2025-06-22 06:00:00,-999.0
2025-06-22 07:00:00,-999.0
2025-06-22 08:00:00,-999.0
2025-06-22 09:00:00,-999.0
2025-06-22 10:00:00,-999.0
2025-06-22 11:00:00,-999.0
2025-06-22 12:00:00,-999.0
2025-06-22 13:00:00,-999.0
2025-06-22 14:00:00,-999.0
2025-06-22 15:00:00,-999.0
2025-06-22 16:00:00,-999.0
2025-06-22 17:00:00,-999.0
2025-06-22 18:00:00,-999.0
2025-06-22 19:00:00,-999.0
2025-06-22 20:00:00,-999.0
2025-06-22 21:00:00,-999.0
2025-06-22 22:00:00,-999.0
2025-06-22 23:00:00,-999.0
2025-06-23 00:00:00,-999.0
2025-06-23 01:00:00,-999.0
2025-06-23 02:00:00,-999.0
2025-06-23 03:00:00,-999.0
2025-06-23 04:00:00,-999.0
2025-06-23 05:00:00,-999.0
2025-06-23 06:00:00,-999.0
2025-06-23 07:00:00,-999.0
2025-06-23 08:00:00,-999.0
2025-06-23 09:00:00,-999.0
2025-06-23 10:00:00,-999.0
2025-06-23 11:00:00,-999.0
2025-06-23 12:00:00,-999.0
2025-06-23 13:00:00,-999.0
2025-06-23 14:00:00,-999.0
2025-06-23 15:00:00,-999.0
2025-06-23 16:00:00,-999.0
2025-06-23 17:00:00,-999.0
2025-06-23 18:00:00,-999.0
2025-06-23 19:00:00,-999.0
2025-06-23 20:00:00,-999.0
2025-06-23 21:00:00,-999.0
2025-06-23 22:00:00,-999.0
2025-06-23 23:00:00,-999.0
2025-06-24 00:00:00,-999.0
2025-06-24 01:00:00,-999.0
2025-06-24 02:00:00,-999.0
2025-06-24 03:00:00,-999.0
2025-06-24 04:00:00,-999.0
2025-06-24 05:00:00,-999.0
2025-06-24 06:00:00,-999.0
2025-06-24 07:00:00,-999.0
2025-06-24 08:00:00,-999.0
2025-06-24 09:00:00,-999.0
2025-06-24 10:00:00,-999.0
2025-06-24 11:00:00,-999.0
2025-06-24 12:00:00,-999.0
2025-06-24 13:00:00,-999.0
2025-06-24 14:00:00,-999.0
2025-06-24 15:00:00,-999.0
2025-06-24 16:00:00,-999.0
2025-06-24 17:00:00,-999.0
2025-06-24 18:00:00,-999.0
2025-06-24 19:00:00,-999.0
2025-06-24 20:00:00,-999.0
2025-06-24 21:00:00,-999.0
2025-06-24 22:00:00,-999.0
2025-06-24 23:00:00,-999.0
2025-06-25 00:00:00,-999.0
2025-06-25 01:00:00,-999.0
2025-06-25 02:00:00,-999.0
2025-06-25 03:00:00,-999.0
2025-06-25 04:00:00,-999.0
2025-06-25 05:00:00,-999.0
2025-06-25 06:00:00,-999.0
2025-06-25 07:00:00,-999.0
2025-06-25 08:00:00,-999.0
2025-06-25 09:00:00,-999.0
2025-06-25 10:00:00,-999.0
2025-06-25 11:00:00,-999.0
2025-06-25 12:00:00,-999.0
2025-06-25 13:00:00,-999.0
2025-06-25 14:00:00,-999.0
2025-06-25 15:00:00,-999.0
2025-06-25 16:00:00,-999.0
2025-06-25 17:00:00,-999.0
2025-06-25 18:00:00,-999.0
2025-06-25 19:00:00,-999.0
2025-06-25 20:00:00,-999.0
2025-06-25 21:00:00,-999.0
2025-06-25 22:00:00,-999.0
2025-06-25 23:00:00,-999.0
2025-06-26 00:00:00,-999.0
2025-06-26 01:00:00,-999.0
2025-06-26 02:00:00,-999.0
2025-06-26 03:00:00,-999.0
2025-06-26 04:00:00,-999.0
2025-06-26 05:00:00,-999.0
2025-06-26 06:00:00,-999.0
2025-06-26 07:00:00,-999.0
2025-06-26 08:00:00,-999.0
2025-06-26 09:00:00,-999.0
2025-06-26 10:00:00,-999.0
2025-06-26 11:00:00,-999.0
2025-06-26 12:00:00,-999.0
2025-06-26 13:00:00,-999.0
2025-06-26 14:00:00,-999.0
2025-06-26 15:00:00,-999.0
2025-06-26 16:00:00,-999.0
2025-06-26 17:00:00,-999.0
2025-06-26 18:00:00,-999.0
2025-06-26 19:00:00,-999.0
2025-06-26 20:00:00,-999.0
2025-06-26 21:00:00,-999.0
2025-06-26 22:00:00,-999.0
2025-06-26 23:00:00,-999.0
2025-06-27 00:00:00,-999.0
2025-06-27 01:00:00,-999.0
2025-06-27 02:00:00,-999.0
2025-06-27 03:00:00,-999.0
2025-06-27 04:00:00,-999.0
2025-06-27 05:00:00,-999.0
2025-06-27 06:00:00,-999.0
2025-06-27 07:00:00,-999.0
2025-06-27 08:00:00,-999.0
2025-06-27 09:00:00,-999.0
2025-06-27 10:00:00,-999.0
2025-06-27 11:00:00,-999.0
2025-06-27 12:00:00,-999.0
2025-06-27 13:00:00,-999.0
2025-06-27 14:00:00,-999.0
2025-06-27 15:00:00,-999.0
2025-06-27 16:00:00,-999.0
2025-06-27 17:00:00,-999.0
2025-06-27 18:00:00,-999.0
2025-06-27 19:00:00,-999.0
2025-06-27 20:00:00,-999.0
2025-06-27 21:00:00,-999.0
2025-06-27 22:00:00,-999.0
2025-06-27 23:00:00,-999.0
2025-06-28 00:00:00,-999.0
2025-06-28 01:00:00,-999.0
2025-06-28 02:00:00,-999.0
2025-06-28 03:00:00,-999.0
2025-06-28 04:00:00,-999.0
2025-06-28 05:00:00,-999.0
2025-06-28 06:00:00,-999.0
2025-06-28 07:00:00,-999.0
2025-06-28 08:00:00,-999.0
2025-06-28 09:00:00,-999.0
2025-06-28 10:00:00,-999.0
2025-06-28 11:00:00,-999.0
2025-06-28 12:00:00,-999.0
2025-06-28 13:00:00,-999.0
2025-06-28 14:00:00,-999.0
2025-06-28 15:00:00,-999.0
2025-06-28 16:00:00,-999.0
2025-06-28 17:00:00,-999.0
2025-06-28 18:00:00,-999.0
2025-06-28 19:00:00,-999.0
2025-06-28 20:00:00,-999.0
2025-06-28 21:00:00,-999.0
2025-06-28 22:00:00,-999.0
2025-06-28 23:00:00,-999.0
2025-06-29 00:00:00,-999.0
2025-06-29 01:00:00,-999.0
2025-06-29 02:00:00,-999.0
2025-06-29 03:00:00,-999.0
2025-06-29 04:00:00,-999.0
2025-06-29 05:00:00,-999.0
2025-06-29 06:00:00,-999.0
2025-06-29 07:00:00,-999.0
2025-06-29 08:00:00,-999.0
2025-06-29 09:00:00,-999.0
2025-06-29 10:00:00,-999.0
2025-06-29 11:00:00,-999.0
2025-06-29 12:00:00,-999.0
2025-06-29 13:00:00,-999.0
2025-06-29 14:00:00,-999.0
2025-06-29 15:00:00,-999.0
2025-06-29 16:00:00,-999.0
2025-06-29 17:00:00,-999.0
2025-06-29 18:00:00,-999.0
2025-06-29 19:00:00,-999.0
2025-06-29 20:00:00,-999.0
2025-06-29 21:00:00,-999.0
2025-06-29 22:00:00,-999.0
2025-06-29 23:00:00,-999.0
2025-06-30 00:00:00,-999.0
2025-06-30 01:00:00,-999.0
2025-06-30 02:00:00,-999.0
2025-06-30 03:00:00,-999.0
2025-06-30 04:00:00,-999.0
2025-06-30 05:00:00,-999.0
2025-06-30 06:00:00,-999.0
2025-06-30 07:00:00,-999.0
2025-06-30 08:00:00,-999.0
2025-06-30 09:00:00,-999.0
2025-06-30 10:00:00,-999.0
2025-06-30 11:00:00,-999.0
2025-06-30 12:00:00,-999.0
2025-06-30 13:00:00,-999.0
2025-06-30 14:00:00,-999.0
2025-06-30 15:00:00,-999.0
2025-06-30 16:00:00,-999.0
2025-06-30 17:00:00,-999.0
2025-06-30 18:00:00,-999.0
2025-06-30 19:00:00,-999.0
2025-06-30 20:00:00,-999.0
2025-06-30 21:00:00,-999.0
2025-06-30 22:00:00,-999.0
2025-06-30 23:00:00,-999.0
2025-07-01 00:00:00,-999.0
2025-07-01 01:00:00,-999.0
2025-07-01 02:00:00,-999.0
2025-07-01 03:00:00,-999.0
2025-07-01 04:00:00,-999.0
2025-07-01 05:00:00,-999.0
2025-07-01 06:00:00,-999.0
2025-07-01 07:00:00,-999.0
2025-07-01 08:00:00,-999.0
2025-07-01 09:00:00,-999.0
2025-07-01 10:00:00,-999.0
2025-07-01 11:00:00,-999.0
2025-07-01 12:00:00,-999.0
2025-07-01 13:00:00,-999.0
2025-07-01 14:00:00,-999.0
2025-07-01 15:00:00,-999.0
2025-07-01 16:00:00,-999.0
2025-07-01 17:00:00,-999.0
2025-07-01 18:00:00,-999.0
2025-07-01 19:00:00,-999.0
2025-07-01 20:00:00,-999.0
2025-07-01 21:00:00,-999.0
2025-07-01 22:00:00,-999.0
2025-07-01 23:00:00,-999.0
2025-07-02 00:00:00,-999.0
2025-07-02 01:00:00,-999.0
2025-07-02 02:00:00,-999.0
2025-07-02 03:00:00,-999.0
2025-07-02 04:00:00,-999.0
2025-07-02 05:00:00,-999.0
2025-07-02 06:00:00,-999.0
2025-07-02 07:00:00,-999.0
2025-07-02 08:00:00,-999.0
2025-07-02 09:00:00,-999.0
2025-07-02 10:00:00,-999.0
2025-07-02 11:00:00,-999.0
2025-07-02 12:00:00,-999.0
2025-07-02 13:00:00,-999.0
2025-07-02 14:00:00,-999.0
2025-07-02 15:00:00,-999.0
2025-07-02 16:00:00,-999.0
2025-07-02 17:00:00,-999.0
2025-07-02 18:00:00,-999.0
2025-07-02 19:00:00,-999.0
2025-07-02 20:00:00,-999.0
2025-07-02 21:00:00,-999.0
2025-07-02 22:00:00,-999.0
2025-07-02 23:00:00,-999.0
2025-07-03 00:00:00,-999.0
2025-07-03 01:00:00,-999.0
2025-07-03 02:00:00,-999.0
2025-07-03 03:00:00,-999.0
2025-07-03 04:00:00,-999.0
2025-07-03 05:00:00,-999.0
2025-07-03 06:00:00,-999.0
2025-07-03 07:00:00,-999.0
2025-07-03 08:00:00,-999.0
2025-07-03 09:00:00,-999.0
2025-07-03 10:00:00,-999.0
2025-07-03 11:00:00,-999.0
2025-07-03 12:00:00,-999.0
2025-07-03 13:00:00,-999.0
2025-07-03 14:00:00,-999.0
2025-07-03 15:00:00,-999.0
2025-07-03 16:00:00,-999.0
2025-07-03 17:00:00,-999.0
2025-07-03 18:00:00,-999.0
2025-07-03 19:00:00,-999.0
2025-07-03 20:00:00,-999.0
2025-07-03 21:00:00,-999.0
2025-07-03 22:00:00,-999.0
2025-07-03 23:00:00,-999.0
2025-07-04 00:00:00,-999.0
2025-07-04 01:00:00,-999.0
2025-07-04 02:00:00,-999.0
2025-07-04 03:00:00,-999.0
2025-07-04 04:00:00,-999.0
2025-07-04 05:00:00,-999.0
2025-07-04 06:00:00,-999.0
2025-07-04 07:00:00,-999.0
2025-07-04 08:00:00,-999.0
2025-07-04 09:00:00,-999.0
2025-07-04 10:00:00,-999.0
2025-07-04 11:00:00,-999.0
2025-07-04 12:00:00,-999.0
2025-07-04 13:00:00,-999.0
2025-07-04 14:00:00,-999.0
2025-07-04 15:00:00,-999.0
2025-07-04 16:00:00,-999.0
2025-07-04 17:00:00,-999.0
2025-07-04 18:00:00,-999.0
2025-07-04 19:00:00,-999.0
2025-07-04 20:00:00,-999.0
2025-07-04 21:00:00,-999.0
2025-07-04 22:00:00,-999.0
2025-07-04 23:00:00,-999.0
2025-07-05 00:00:00,-999.0
2025-07-05 01:00:00,-999.0
2025-07-05 02:00:00,-999.0
2025-07-05 03:00:00,-999.0
2025-07-05 04:00:00,-999.0
2025-07-05 05:00:00,-999.0
2025-07-05 06:00:00,-999.0
2025-07-05 07:00:00,-999.0
2025-07-05 08:00:00,-999.0
2025-07-05 09:00:00,-999.0
2025-07-05 10:00:00,-999.0
2025-07-05 11:00:00,-999.0
2025-07-05 12:00:00,-999.0
2025-07-05 13:00:00,-999.0
2025-07-05 14:00:00,-999.0
2025-07-05 15:00:00,-999.0
2025-07-05 16:00:00,-999.0
2025-07-05 17:00:00,-999.0
2025-07-05 18:00:00,-999.0
2025-07-05 19:00:00,-999.0
2025-07-05 20:00:00,-999.0
2025-07-05 21:00:00,-999.0
2025-07-05 22:00:00,-999.0
2025-07-05 23:00:00,-999.0
2025-07-06 00:00:00,-999.0
2025-07-06 01:00:00,-999.0
2025-07-06 02:00:00,-999.0
2025-07-06 03:00:00,-999.0
2025-07-06 04:00:00,-999.0
2025-07-06 05:00:00,-999.0
2025-07-06 06:00:00,-999.0
2025-07-06 07:00:00,-999.0
2025-07-06 08:00:00,-999.0
2025-07-06 09:00:00,-999.0
2025-07-06 10:00:00,-999.0
2025-07-06 11:00:00,-999.0
2025-07-06 12:00:00,-999.0
2025-07-06 13:00:00,-999.0
2025-07-06 14:00:00,-999.0
2025-07-06 15:00:00,-999.0
2025-07-06 16:00:00,-999.0
2025-07-06 17:00:00,-999.0
2025-07-06 18:00:00,-999.0
2025-07-06 19:00:00,-999.0
2025-07-06 20:00:00,-999.0
2025-07-06 21:00:00,-999.0
2025-07-06 22:00:00,-999.0
2025-07-06 23:00:00,-999.0
2025-07-07 00:00:00,-999.0
2025-07-07 01:00:00,-999.0
2025-07-07 02:00:00,-999.0
2025-07-07 03:00:00,-999.0
2025-07-07 04:00:00,-999.0
2025-07-07 05:00:00,-999.0
2025-07-07 06:00:00,-999.0
2025-07-07 07:00:00,-999.0
2025-07-07 08:00:00,-999.0
2025-07-07 09:00:00,-999.0
2025-07-07 10:00:00,-999.0
2025-07-07 11:00:00,-999.0
2025-07-07 12:00:00,-999.0
2025-07-07 13:00:00,-999.0
2025-07-07 14:00:00,-999.0
2025-07-07 15:00:00,-999.0
2025-07-07 16:00:00,-999.0
2025-07-07 17:00:00,-999.0
2025-07-07 18:00:00,-999.0
2025-07-07 19:00:00,-999.0
2025-07-07 20:00:00,-999.0
2025-07-07 21:00:00,-999.0
2025-07-07 22:00:00,-999.0
2025-07-07 23:00:00,-999.0
2025-07-08 00:00:00,-999.0
2025-07-08 01:00:00,-999.0
2025-07-08 02:00:00,-999.0
2025-07-08 03:00:00,-999.0
2025-07-08 04:00:00,-999.0
2025-07-08 05:00:00,-999.0
2025-07-08 06:00:00,-999.0
2025-07-08 07:00:00,-999.0
2025-07-08 08:00:00,-999.0
2025-07-08 09:00:00,-999.0
2025-07-08 10:00:00,-999.0
2025-07-08 11:00:00,-999.0
2025-07-08 12:00:00,-999.0
2025-07-08 13:00:00,-999.0
2025-07-08 14:00:00,-999.0
2025-07-08 15:00:00,-999.0
2025-07-08 16:00:00,-999.0
2025-07-08 17:00:00,-999.0
2025-07-08 18:00:00,-999.0
2025-07-08 19:00:00,-999.0
2025-07-08 20:00:00,-999.0
2025-07-08 21:00:00,-999.0
2025-07-08 22:00:00,-999.0
2025-07-08 23:00:00,-999.0
2025-07-09 00:00:00,-999.0
2025-07-09 01:00:00,-999.0
2025-07-09 02:00:00,-999.0
2025-07-09 03:00:00,-999.0
2025-07-09 04:00:00,-999.0
2025-07-09 05:00:00,-999.0
2025-07-09 06:00:00,-999.0
2025-07-09 07:00:00,-999.0
2025-07-09 08:00:00,-999.0
2025-07-09 09:00:00,-999.0
2025-07-09 10:00:00,-999.0
2025-07-09 11:00:00,-999.0
2025-07-09 12:00:00,-999.0
2025-07-09 13:00:00,-999.0
2025-07-09 14:00:00,-999.0
2025-07-09 15:00:00,-999.0
2025-07-09 16:00:00,-999.0
2025-07-09 17:00:00,-999.0
2025-07-09 18:00:00,-999.0
2025-07-09 19:00:00,-999.0
2025-07-09 20:00:00,-999.0
2025-07-09 21:00:00,-999.0
2025-07-09 22:00:00,-999.0
2025-07-09 23:00:00,-999.0
2025-07-10 00:00:00,-999.0
2025-07-10 01:00:00,-999.0
2025-07-10 02:00:00,-999.0
2025-07-10 03:00:00,-999.0
2025-07-10 04:00:00,-999.0
2025-07-10 05:00:00,-999.0
2025-07-10 06:00:00,-999.0
2025-07-10 07:00:00,-999.0
2025-07-10 08:00:00,-999.0
2025-07-10 09:00:00,-999.0
2025-07-10 10:00:00,-999.0
2025-07-10 11:00:00,-999.0
2025-07-10 12:00:00,-999.0
2025-07-10 13:00:00,-999.0
2025-07-10 14:00:00,-999.0
2025-07-10 15:00:00,-999.0
2025-07-10 16:00:00,-999.0
2025-07-10 17:00:00,-999.0
2025-07-10 18:00:00,-999.0
2025-07-10 19:00:00,-999.0
2025-07-10 20:00:00,-999.0
2025-07-10 21:00:00,-999.0
2025-07-10 22:00:00,-999.0
2025-07-10 23:00:00,-999.0
2025-07-11 00:00:00,-999.0
2025-07-11 01:00:00,-999.0
2025-07-11 02:00:00,-999.0
2025-07-11 03:00:00,-999.0
2025-07-11 04:00:00,-999.0
2025-07-11 05:00:00,-999.0
2025-07-11 06:00:00,-999.0
2025-07-11 07:00:00,-999.0
2025-07-11 08:00:00,-999.0
2025-07-11 09:00:00,-999.0
2025-07-11 10:00:00,-999.0
2025-07-11 11:00:00,-999.0
2025-07-11 12:00:00,-999.0
2025-07-11 13:00:00,-999.0
2025-07-11 14:00:00,-999.0
2025-07-11 15:00:00,-999.0
2025-07-11 16:00:00,-999.0
2025-07-11 17:00:00,-999.0
2025-07-11 18:00:00,-999.0
2025-07-11 19:00:00,-999.0
2025-07-11 20:00:00,-999.0
2025-07-11 21:00:00,-999.0
2025-07-11 22:00:00,-999.0
2025-07-11 23:00:00,-999.0
2025-07-12 00:00:00,-999.0
2025-07-12 01:00:00,-999.0
2025-07-12 02:00:00,-999.0
2025-07-12 03:00:00,-999.0
2025-07-12 04:00:00,-999.0
2025-07-12 05:00:00,-999.0
2025-07-12 06:00:00,-999.0
2025-07-12 07:00:00,-999.0
2025-07-12 08:00:00,-999.0
2025-07-12 09:00:00,-999.0
2025-07-12 10:00:00,-999.0
2025-07-12 11:00:00,-999.0
2025-07-12 12:00:00,-999.0
2025-07-12 13:00:00,-999.0
2025-07-12 14:00:00,-999.0
2025-07-12 15:00:00,-999.0
2025-07-12 16:00:00,-999.0
2025-07-12 17:00:00,-999.0
2025-07-12 18:00:00,-999.0
2025-07-12 19:00:00,-999.0
2025-07-12 20:00:00,-999.0
2025-07-12 21:00:00,-999.0
2025-07-12 22:00:00,-999.0
2025-07-12 23:00:00,-999.0
2025-07-13 00:00:00,-999.0
2025-07-13 01:00:00,-999.0
2025-07-13 02:00:00,-999.0
2025-07-13 03:00:00,-999.0
2025-07-13 04:00:00,-999.0
2025-07-13 05:00:00,-999.0
2025-07-13 06:00:00,-999.0
2025-07-13 07:00:00,-999.0
2025-07-13 08:00:00,-999.0
2025-07-13 09:00:00,-999.0
2025-07-13 10:00:00,-999.0
2025-07-13 11:00:00,-999.0
2025-07-13 12:00:00,-999.0
2025-07-13 13:00:00,-999.0
2025-07-13 14:00:00,-999.0
2025-07-13 15:00:00,-999.0
2025-07-13 16:00:00,-999.0
2025-07-13 17:00:00,-999.0
2025-07-13 18:00:00,-999.0
2025-07-13 19:00:00,-999.0
2025-07-13 20:00:00,-999.0
2025-07-13 21:00:00,-999.0
2025-07-13 22:00:00,-999.0
2025-07-13 23:00:00,-999.0
2025-07-14 00:00:00,-999.0
2025-07-14 01:00:00,-999.0
2025-07-14 02:00:00,-999.0
2025-07-14 03:00:00,-999.0
2025-07-14 04:00:00,-999.0
2025-07-14 05:00:00,-999.0
2025-07-14 06:00:00,-999.0
2025-07-14 07:00:00,-999.0
2025-07-14 08:00:00,-999.0
2025-07-14 09:00:00,-999.0
2025-07-14 10:00:00,-999.0
2025-07-14 11:00:00,-999.0
2025-07-14 12:00:00,-999.0
2025-07-14 13:00:00,-999.0
2025-07-14 14:00:00,-999.0
2025-07-14 15:00:00,-999.0
2025-07-14 16:00:00,-999.0
2025-07-14 17:00:00,-999.0
2025-07-14 18:00:00,-999.0
2025-07-14 19:00:00,-999.0
2025-07-14 20:00:00,-999.0
2025-07-14 21:00:00,-999.0
2025-07-14 22:00:00,-999.0
2025-07-14 23:00:00,-999.0
2025-07-15 00:00:00,-999.0
2025-07-15 01:00:00,-999.0
2025-07-15 02:00:00,-999.0
2025-07-15 03:00:00,-999.0
2025-07-15 04:00:00,-999.0
2025-07-15 05:00:00,-999.0
2025-07-15 06:00:00,-999.0
2025-07-15 07:00:00,-999.0
2025-07-15 08:00:00,-999.0
2025-07-15 09:00:00,-999.0
2025-07-15 10:00:00,-999.0
2025-07-15 11:00:00,-999.0
2025-07-15 12:00:00,-999.0
2025-07-15 13:00:00,-999.0
2025-07-15 14:00:00,-999.0
2025-07-15 15:00:00,-999.0
2025-07-15 16:00:00,-999.0
2025-07-15 17:00:00,-999.0
2025-07-15 18:00:00,-999.0
2025-07-15 19:00:00,-999.0
2025-07-15 20:00:00,-999.0
2025-07-15 21:00:00,-999.0
2025-07-15 22:00:00,-999.0
2025-07-15 23:00:00,-999.0
2025-07-16 00:00:00,-999.0
2025-07-16 01:00:00,-999.0
2025-07-16 02:00:00,-999.0
2025-07-16 03:00:00,-999.0
2025-07-16 04:00:00,-999.0
2025-07-16 05:00:00,-999.0
2025-07-16 06:00:00,-999.0
2025-07-16 07:00:00,-999.0
2025-07-16 08:00:00,-999.0
2025-07-16 09:00:00,-999.0
2025-07-16 10:00:00,-999.0
2025-07-16 11:00:00,-999.0
2025-07-16 12:00:00,-999.0
2025-07-16 13:00:00,-999.0
2025-07-16 14:00:00,-999.0
2025-07-16 15:00:00,-999.0
2025-07-16 16:00:00,-999.0
2025-07-16 17:00:00,-999.0
2025-07-16 18:00:00,-999.0
2025-07-16 19:00:00,-999.0
2025-07-16 20:00:00,-999.0
2025-07-16 21:00:00,-999.0
2025-07-16 22:00:00,-999.0
2025-07-16 23:00:00,-999.0
2025-07-17 00:00:00,-999.0
2025-07-17 01:00:00,-999.0
2025-07-17 02:00:00,-999.0
2025-07-17 03:00:00,-999.0
2025-07-17 04:00:00,-999.0
2025-07-17 05:00:00,-999.0
2025-07-17 06:00:00,-999.0
2025-07-17 07:00:00,-999.0
2025-07-17 08:00:00,-999.0
2025-07-17 09:00:00,-999.0
2025-07-17 10:00:00,-999.0
2025-07-17 11:00:00,-999.0
2025-07-17 12:00:00,-999.0
2025-07-17 13:00:00,-999.0
2025-07-17 14:00:00,-999.0
2025-07-17 15:00:00,-999.0
2025-07-17 16:00:00,-999.0
2025-07-17 17:00:00,-999.0
2025-07-17 18:00:00,-999.0
2025-07-17 19:00:00,-999.0
2025-07-17 20:00:00,-999.0
2025-07-17 21:00:00,-999.0
2025-07-17 22:00:00,-999.0
2025-07-17 23:00:00,-999.0
2025-07-18 00:00:00,-999.0
2025-07-18 01:00:00,-999.0
2025-07-18 02:00:00,-999.0
2025-07-18 03:00:00,-999.0
2025-07-18 04:00:00,-999.0
2025-07-18 05:00:00,-999.0
2025-07-18 06:00:00,-999.0
2025-07-18 07:00:00,-999.0
2025-07-18 08:00:00,-999.0
2025-07-18 09:00:00,-999.0
2025-07-18 10:00:00,-999.0
2025-07-18 11:00:00,-999.0
2025-07-18 12:00:00,-999.0
2025-07-18 13:00:00,-999.0
2025-07-18 14:00:00,-999.0
2025-07-18 15:00:00,-999.0
2025-07-18 16:00:00,-999.0
2025-07-18 17:00:00,-999.0
2025-07-18 18:00:00,-999.0
2025-07-18 19:00:00,-999.0
2025-07-18 20:00:00,-999.0
2025-07-18 21:00:00,-999.0
2025-07-18 22:00:00,-999.0
2025-07-18 23:00:00,-999.0
2025-07-19 00:00:00,-999.0
2025-07-19 01:00:00,-999.0
2025-07-19 02:00:00,-999.0
2025-07-19 03:00:00,-999.0
2025-07-19 04:00:00,-999.0
2025-07-19 05:00:00,-999.0
2025-07-19 06:00:00,-999.0
2025-07-19 07:00:00,-999.0
2025-07-19 08:00:00,-999.0
2025-07-19 09:00:00,-999.0
2025-07-19 10:00:00,-999.0
2025-07-19 11:00:00,-999.0
2025-07-19 12:00:00,-999.0
2025-07-19 13:00:00,-999.0
2025-07-19 14:00:00,-999.0
2025-07-19 15:00:00,-999.0
2025-07-19 16:00:00,-999.0
2025-07-19 17:00:00,-999.0
2025-07-19 18:00:00,-999.0
2025-07-19 19:00:00,-999.0
2025-07-19 20:00:00,-999.0
2025-07-19 21:00:00,-999.0
2025-07-19 22:00:00,-999.0
2025-07-19 23:00:00,-999.0
2025-07-20 00:00:00,-999.0
2025-07-20 01:00:00,-999.0
2025-07-20 02:00:00,-999.0
2025-07-20 03:00:00,-999.0
2025-07-20 04:00:00,-999.0
2025-07-20 05:00:00,-999.0
2025-07-20 06:00:00,-999.0
2025-07-20 07:00:00,-999.0
2025-07-20 08:00:00,-999.0
2025-07-20 09:00:00,-999.0
2025-07-20 10:00:00,-999.0
2025-07-20 11:00:00,-999.0
2025-07-20 12:00:00,-999.0
2025-07-20 13:00:00,-999.0
2025-07-20 14:00:00,-999.0
2025-07-20 15:00:00,-999.0
2025-07-20 16:00:00,-999.0
2025-07-20 17:00:00,-999.0
2025-07-20 18:00:00,-999.0
2025-07-20 19:00:00,-999.0
2025-07-20 20:00:00,-999.0
2025-07-20 21:00:00,-999.0
2025-07-20 22:00:00,-999.0
2025-07-20 23:00:00,-999.0
2025-07-21 00:00:00,-999.0
2025-07-21 01:00:00,-999.0
2025-07-21 02:00:00,-999.0
2025-07-21 03:00:00,-999.0
2025-07-21 04:00:00,-999.0
2025-07-21 05:00:00,-999.0
2025-07-21 06:00:00,-999.0
2025-07-21 07:00:00,-999.0
2025-07-21 08:00:00,-999.0
2025-07-21 09:00:00,-999.0
2025-07-21 10:00:00,-999.0
2025-07-21 11:00:00,-999.0
2025-07-21 12:00:00,-999.0
2025-07-21 13:00:00,-999.0
2025-07-21 14:00:00,-999.0
2025-07-21 15:00:00,-999.0
2025-07-21 16:00:00,-999.0
2025-07-21 17:00:00,-999.0
2025-07-21 18:00:00,-999.0
2025-07-21 19:00:00,-999.0
2025-07-21 20:00:00,-999.0
2025-07-21 21:00:00,-999.0
2025-07-21 22:00:00,-999.0
2025-07-21 23:00:00,-999.0
2025-07-22 00:00:00,-999.0
2025-07-22 01:00:00,-999.0
2025-07-22 02:00:00,-999.0
2025-07-22 03:00:00,-999.0
2025-07-22 04:00:00,-999.0
2025-07-22 05:00:00,-999.0
2025-07-22 06:00:00,-999.0
2025-07-22 07:00:00,-999.0
2025-07-22 08:00:00,-999.0
2025-07-22 09:00:00,-999.0
2025-07-22 10:00:00,-999.0
2025-07-22 11:00:00,-999.0
2025-07-22 12:00:00,-999.0
2025-07-22 13:00:00,-999.0
2025-07-22 14:00:00,-999.0
2025-07-22 15:00:00,-999.0
2025-07-22 16:00:00,-999.0
2025-07-22 17:00:00,-999.0
2025-07-22 18:00:00,-999.0
2025-07-22 19:00:00,-999.0
2025-07-22 20:00:00,-999.0
2025-07-22 21:00:00,-999.0
2025-07-22 22:00:00,-999.0
2025-07-22 23:00:00,-999.0
2025-07-23 00:00:00,-999.0
2025-07-23 01:00:00,-999.0
2025-07-23 02:00:00,-999.0
2025-07-23 03:00:00,-999.0
2025-07-23 04:00:00,-999.0
2025-07-23 05:00:00,-999.0
2025-07-23 06:00:00,-999.0
2025-07-23 07:00:00,-999.0
2025-07-23 08:00:00,-999.0
2025-07-23 09:00:00,-999.0
2025-07-23 10:00:00,-999.0
2025-07-23 11:00:00,-999.0
2025-07-23 12:00:00,-999.0
2025-07-23 13:00:00,-999.0
2025-07-23 14:00:00,-999.0
2025-07-23 15:00:00,-999.0
2025-07-23 16:00:00,-999.0
2025-07-23 17:00:00,-999.0
2025-07-23 18:00:00,-999.0
2025-07-23 19:00:00,-999.0
2025-07-23 20:00:00,-999.0
2025-07-23 21:00:00,-999.0
2025-07-23 22:00:00,-999.0
2025-07-23 23:00:00,-999.0
2025-07-24 00:00:00,-999.0
2025-07-24 01:00:00,-999.0
2025-07-24 02:00:00,-999.0
2025-07-24 03:00:00,-999.0
2025-07-24 04:00:00,-999.0
2025-07-24 05:00:00,-999.0
2025-07-24 06:00:00,-999.0
2025-07-24 07:00:00,-999.0
2025-07-24 08:00:00,-999.0
2025-07-24 09:00:00,-999.0
2025-07-24 10:00:00,-999.0
2025-07-24 11:00:00,-999.0
2025-07-24 12:00:00,-999.0
2025-07-24 13:00:00,-999.0
2025-07-24 14:00:00,-999.0
2025-07-24 15:00:00,-999.0
2025-07-24 16:00:00,-999.0
2025-07-24 17:00:00,-999.0
2025-07-24 18:00:00,-999.0
2025-07-24 19:00:00,-999.0
2025-07-24 20:00:00,-999.0
2025-07-24 21:00:00,-999.0
2025-07-24 22:00:00,-999.0
2025-07-24 23:00:00,-999.0
2025-07-25 00:00:00,-999.0
2025-07-25 01:00:00,-999.0
2025-07-25 02:00:00,-999.0
2025-07-25 03:00:00,-999.0
2025-07-25 04:00:00,-999.0
2025-07-25 05:00:00,-999.0
2025-07-25 06:00:00,-999.0
2025-07-25 07:00:00,-999.0
2025-07-25 08:00:00,-999.0
2025-07-25 09:00:00,-999.0
2025-07-25 10:00:00,-999.0
2025-07-25 11:00:00,-999.0
2025-07-25 12:00:00,-999.0
2025-07-25 13:00:00,-999.0
2025-07-25 14:00:00,-999.0
2025-07-25 15:00:00,-999.0
2025-07-25 16:00:00,-999.0
2025-07-25 17:00:00,-999.0
2025-07-25 18:00:00,-999.0
2025-07-25 19:00:00,-999.0
2025-07-25 20:00:00,-999.0
2025-07-25 21:00:00,-999.0
2025-07-25 22:00:00,-999.0
2025-07-25 23:00:00,-999.0
2025-07-26 00:00:00,-999.0
2025-07-26 01:00:00,-999.0
2025-07-26 02:00:00,-999.0
2025-07-26 03:00:00,-999.0
2025-07-26 04:00:00,-999.0
2025-07-26 05:00:00,-999.0
2025-07-26 06:00:00,-999.0
2025-07-26 07:00:00,-999.0
2025-07-26 08:00:00,-999.0
2025-07-26 09:00:00,-999.0
2025-07-26 10:00:00,-999.0
2025-07-26 11:00:00,-999.0
2025-07-26 12:00:00,-999.0
2025-07-26 13:00:00,-999.0
2025-07-26 14:00:00,-999.0
2025-07-26 15:00:00,-999.0
2025-07-26 16:00:00,-999.0
2025-07-26 17:00:00,-999.0
2025-07-26 18:00:00,-999.0
2025-07-26 19:00:00,-999.0
2025-07-26 20:00:00,-999.0
2025-07-26 21:00:00,-999.0
2025-07-26 22:00:00,-999.0
2025-07-26 23:00:00,-999.0
2025-07-27 00:00:00,-999.0
2025-07-27 01:00:00,-999.0
2025-07-27 02:00:00,-999.0
2025-07-27 03:00:00,-999.0
2025-07-27 04:00:00,-999.0
2025-07-27 05:00:00,-999.0
2025-07-27 06:00:00,-999.0
2025-07-27 07:00:00,-999.0
2025-07-27 08:00:00,-999.0
2025-07-27 09:00:00,-999.0
2025-07-27 10:00:00,-999.0
2025-07-27 11:00:00,-999.0
2025-07-27 12:00:00,-999.0
2025-07-27 13:00:00,-999.0
2025-07-27 14:00:00,-999.0
2025-07-27 15:00:00,-999.0
2025-07-27 16:00:00,-999.0
2025-07-27 17:00:00,-999.0
2025-07-27 18:00:00,-999.0
2025-07-27 19:00:00,-999.0
2025-07-27 20:00:00,-999.0
2025-07-27 21:00:00,-999.0
2025-07-27 22:00:00,-999.0
2025-07-27 23:00:00,-999.0
2025-07-28 00:00:00,-999.0
2025-07-28 01:00:00,-999.0
2025-07-28 02:00:00,-999.0
2025-07-28 03:00:00,-999.0
2025-07-28 04:00:00,-999.0
2025-07-28 05:00:00,-999.0
2025-07-28 06:00:00,-999.0
2025-07-28 07:00:00,-999.0
2025-07-28 08:00:00,-999.0
2025-07-28 09:00:00,-999.0
2025-07-28 10:00:00,-999.0
2025-07-28 11:00:00,-999.0
2025-07-28 12:00:00,-999.0
2025-07-28 13:00:00,-999.0
2025-07-28 14:00:00,-999.0
2025-07-28 15:00:00,-999.0
2025-07-28 16:00:00,-999.0
2025-07-28 17:00:00,-999.0
2025-07-28 18:00:00,-999.0
2025-07-28 19:00:00,-999.0
2025-07-28 20:00:00,-999.0
2025-07-28 21:00:00,-999.0
2025-07-28 22:00:00,-999.0
2025-07-28 23:00:00,-999.0
2025-07-29 00:00:00,-999.0
2025-07-29 01:00:00,-999.0
2025-07-29 02:00:00,-999.0
2025-07-29 03:00:00,-999.0
2025-07-29 04:00:00,-999.0
2025-07-29 05:00:00,-999.0
2025-07-29 06:00:00,-999.0
2025-07-29 07:00:00,-999.0
2025-07-29 08:00:00,-999.0
2025-07-29 09:00:00,-999.0
2025-07-29 10:00:00,-999.0
2025-07-29 11:00:00,-999.0
2025-07-29 12:00:00,-999.0
2025-07-29 13:00:00,-999.0
2025-07-29 14:00:00,-999.0
2025-07-29 15:00:00,-999.0
2025-07-29 16:00:00,-999.0
2025-07-29 17:00:00,-999.0
2025-07-29 18:00:00,-999.0
2025-07-29 19:00:00,-999.0
2025-07-29 20:00:00,-999.0
2025-07-29 21:00:00,-999.0
2025-07-29 22:00:00,-999.0
2025-07-29 23:00:00,-999.0
2025-07-30 00:00:00,-999.0
2025-07-30 01:00:00,-999.0
2025-07-30 02:00:00,-999.0
2025-07-30 03:00:00,-999.0
2025-07-30 04:00:00,-999.0
2025-07-30 05:00:00,-999.0
2025-07-30 06:00:00,-999.0
2025-07-30 07:00:00,-999.0
2025-07-30 08:00:00,-999.0
2025-07-30 09:00:00,-999.0
2025-07-30 10:00:00,-999.0
2025-07-30 11:00:00,-999.0
2025-07-30 12:00:00,-999.0
2025-07-30 13:00:00,-999.0
2025-07-30 14:00:00,-999.0
2025-07-30 15:00:00,-999.0
2025-07-30 16:00:00,-999.0
2025-07-30 17:00:00,-999.0
2025-07-30 18:00:00,-999.0
2025-07-30 19:00:00,-999.0
2025-07-30 20:00:00,-999.0
2025-07-30 21:00:00,-999.0
2025-07-30 22:00:00,-999.0
2025-07-30 23:00:00,-999.0
2025-07-31 00:00:00,-999.0
2025-07-31 01:00:00,-999.0
2025-07-31 02:00:00,-999.0
2025-07-31 03:00:00,-999.0
2025-07-31 04:00:00,-999.0
2025-07-31 05:00:00,-999.0
2025-07-31 06:00:00,-999.0
2025-07-31 07:00:00,-999.0
2025-07-31 08:00:00,-999.0
2025-07-31 09:00:00,-999.0
2025-07-31 10:00:00,-999.0
2025-07-31 11:00:00,-999.0
2025-07-31 12:00:00,-999.0
2025-07-31 13:00:00,-999.0
2025-07-31 14:00:00,-999.0
2025-07-31 15:00:00,-999.0
2025-07-31 16:00:00,-999.0
2025-07-31 17:00:00,-999.0
2025-07-31 18:00:00,-999.0
2025-07-31 19:00:00,-999.0
2025-07-31 20:00:00,-999.0
2025-07-31 21:00:00,-999.0
2025-07-31 22:00:00,-999.0
2025-07-31 23:00:00,-999.0
2025-08-01 00:00:00,-999.0
2025-08-01 01:00:00,-999.0
2025-08-01 02:00:00,-999.0
2025-08-01 03:00:00,-999.0
2025-08-01 04:00:00,-999.0
2025-08-01 05:00:00,-999.0
2025-08-01 06:00:00,-999.0
2025-08-01 07:00:00,-999.0
2025-08-01 08:00:00,-999.0
2025-08-01 09:00:00,-999.0
2025-08-01 10:00:00,-999.0
2025-08-01 11:00:00,-999.0
2025-08-01 12:00:00,-999.0
2025-08-01 13:00:00,-999.0
2025-08-01 14:00:00,-999.0
2025-08-01 15:00:00,-999.0
2025-08-01 16:00:00,-999.0
2025-08-01 17:00:00,-999.0
2025-08-01 18:00:00,-999.0
2025-08-01 19:00:00,-999.0
2025-08-01 20:00:00,-999.0
2025-08-01 21:00:00,-999.0
2025-08-01 22:00:00,-999.0
2025-08-01 23:00:00,-999.0
2025-08-02 00:00:00,-999.0
2025-08-02 01:00:00,-999.0
2025-08-02 02:00:00,-999.0
2025-08-02 03:00:00,-999.0
2025-08-02 04:00:00,-999.0
2025-08-02 05:00:00,-999.0
2025-08-02 06:00:00,-999.0
2025-08-02 07:00:00,-999.0
2025-08-02 08:00:00,-999.0
2025-08-02 09:00:00,-999.0
2025-08-02 10:00:00,-999.0
2025-08-02 11:00:00,-999.0
2025-08-02 12:00:00,-999.0
2025-08-02 13:00:00,-999.0
2025-08-02 14:00:00,-999.0
2025-08-02 15:00:00,-999.0
2025-08-02 16:00:00,-999.0
2025-08-02 17:00:00,-999.0
2025-08-02 18:00:00,-999.0
2025-08-02 19:00:00,-999.0
2025-08-02 20:00:00,-999.0
2025-08-02 21:00:00,-999.0
2025-08-02 22:00:00,-999.0
2025-08-02 23:00:00,-999.0
