datetime,ALLSKY_SFC_SW_DNI
2024-08-02 00:00:00,0.0
2024-08-02 01:00:00,0.0
2024-08-02 02:00:00,0.0
2024-08-02 03:00:00,0.0
2024-08-02 04:00:00,0.0
2024-08-02 05:00:00,18.13
2024-08-02 06:00:00,61.73
2024-08-02 07:00:00,113.39
2024-08-02 08:00:00,49.47
2024-08-02 09:00:00,94.58
2024-08-02 10:00:00,127.37
2024-08-02 11:00:00,87.25
2024-08-02 12:00:00,69.04
2024-08-02 13:00:00,94.51
2024-08-02 14:00:00,47.01
2024-08-02 15:00:00,17.69
2024-08-02 16:00:00,1.9
2024-08-02 17:00:00,2.52
2024-08-02 18:00:00,0.0
2024-08-02 19:00:00,0.0
2024-08-02 20:00:00,0.0
2024-08-02 21:00:00,0.0
2024-08-02 22:00:00,0.0
2024-08-02 23:00:00,0.0
2024-08-03 00:00:00,0.0
2024-08-03 01:00:00,0.0
2024-08-03 02:00:00,0.0
2024-08-03 03:00:00,0.0
2024-08-03 04:00:00,0.0
2024-08-03 05:00:00,5.6
2024-08-03 06:00:00,33.19
2024-08-03 07:00:00,62.66
2024-08-03 08:00:00,111.01
2024-08-03 09:00:00,98.05
2024-08-03 10:00:00,54.47
2024-08-03 11:00:00,48.44
2024-08-03 12:00:00,144.46
2024-08-03 13:00:00,63.41
2024-08-03 14:00:00,33.18
2024-08-03 15:00:00,69.58
2024-08-03 16:00:00,76.6
2024-08-03 17:00:00,53.27
2024-08-03 18:00:00,2.15
2024-08-03 19:00:00,0.0
2024-08-03 20:00:00,0.0
2024-08-03 21:00:00,0.0
2024-08-03 22:00:00,0.0
2024-08-03 23:00:00,0.0
2024-08-04 00:00:00,0.0
2024-08-04 01:00:00,0.0
2024-08-04 02:00:00,0.0
2024-08-04 03:00:00,0.0
2024-08-04 04:00:00,0.0
2024-08-04 05:00:00,4.18
2024-08-04 06:00:00,35.43
2024-08-04 07:00:00,107.11
2024-08-04 08:00:00,227.14
2024-08-04 09:00:00,243.73
2024-08-04 10:00:00,199.61
2024-08-04 11:00:00,140.9
2024-08-04 12:00:00,277.15
2024-08-04 13:00:00,73.35
2024-08-04 14:00:00,72.23
2024-08-04 15:00:00,70.9
2024-08-04 16:00:00,29.84
2024-08-04 17:00:00,11.88
2024-08-04 18:00:00,0.0
2024-08-04 19:00:00,0.0
2024-08-04 20:00:00,0.0
2024-08-04 21:00:00,0.0
2024-08-04 22:00:00,0.0
2024-08-04 23:00:00,0.0
2024-08-05 00:00:00,0.0
2024-08-05 01:00:00,0.0
2024-08-05 02:00:00,0.0
2024-08-05 03:00:00,0.0
2024-08-05 04:00:00,0.0
2024-08-05 05:00:00,0.0
2024-08-05 06:00:00,0.0
2024-08-05 07:00:00,0.0
2024-08-05 08:00:00,0.0
2024-08-05 09:00:00,36.83
2024-08-05 10:00:00,25.57
2024-08-05 11:00:00,26.82
2024-08-05 12:00:00,132.24
2024-08-05 13:00:00,96.44
2024-08-05 14:00:00,85.98
2024-08-05 15:00:00,59.01
2024-08-05 16:00:00,20.92
2024-08-05 17:00:00,32.97
2024-08-05 18:00:00,0.0
2024-08-05 19:00:00,0.0
2024-08-05 20:00:00,0.0
2024-08-05 21:00:00,0.0
2024-08-05 22:00:00,0.0
2024-08-05 23:00:00,0.0
2024-08-06 00:00:00,0.0
2024-08-06 01:00:00,0.0
2024-08-06 02:00:00,0.0
2024-08-06 03:00:00,0.0
2024-08-06 04:00:00,0.0
2024-08-06 05:00:00,0.0
2024-08-06 06:00:00,13.08
2024-08-06 07:00:00,51.98
2024-08-06 08:00:00,30.2
2024-08-06 09:00:00,66.29
2024-08-06 10:00:00,42.25
2024-08-06 11:00:00,33.77
2024-08-06 12:00:00,60.34
2024-08-06 13:00:00,64.57
2024-08-06 14:00:00,38.65
2024-08-06 15:00:00,73.25
2024-08-06 16:00:00,91.22
2024-08-06 17:00:00,50.89
2024-08-06 18:00:00,1.44
2024-08-06 19:00:00,0.0
2024-08-06 20:00:00,0.0
2024-08-06 21:00:00,0.0
2024-08-06 22:00:00,0.0
2024-08-06 23:00:00,0.0
2024-08-07 00:00:00,0.0
2024-08-07 01:00:00,0.0
2024-08-07 02:00:00,0.0
2024-08-07 03:00:00,0.0
2024-08-07 04:00:00,0.0
2024-08-07 05:00:00,5.59
2024-08-07 06:00:00,55.53
2024-08-07 07:00:00,115.03
2024-08-07 08:00:00,155.57
2024-08-07 09:00:00,146.89
2024-08-07 10:00:00,212.52
2024-08-07 11:00:00,93.16
2024-08-07 12:00:00,46.43
2024-08-07 13:00:00,36.97
2024-08-07 14:00:00,60.92
2024-08-07 15:00:00,132.85
2024-08-07 16:00:00,44.0
2024-08-07 17:00:00,15.63
2024-08-07 18:00:00,0.0
2024-08-07 19:00:00,0.0
2024-08-07 20:00:00,0.0
2024-08-07 21:00:00,0.0
2024-08-07 22:00:00,0.0
2024-08-07 23:00:00,0.0
2024-08-08 00:00:00,0.0
2024-08-08 01:00:00,0.0
2024-08-08 02:00:00,0.0
2024-08-08 03:00:00,0.0
2024-08-08 04:00:00,0.0
2024-08-08 05:00:00,0.0
2024-08-08 06:00:00,30.06
2024-08-08 07:00:00,38.73
2024-08-08 08:00:00,33.38
2024-08-08 09:00:00,176.68
2024-08-08 10:00:00,219.55
2024-08-08 11:00:00,62.31
2024-08-08 12:00:00,57.04
2024-08-08 13:00:00,85.51
2024-08-08 14:00:00,21.55
2024-08-08 15:00:00,13.23
2024-08-08 16:00:00,1.04
2024-08-08 17:00:00,6.98
2024-08-08 18:00:00,0.0
2024-08-08 19:00:00,0.0
2024-08-08 20:00:00,0.0
2024-08-08 21:00:00,0.0
2024-08-08 22:00:00,0.0
2024-08-08 23:00:00,0.0
2024-08-09 00:00:00,0.0
2024-08-09 01:00:00,0.0
2024-08-09 02:00:00,0.0
2024-08-09 03:00:00,0.0
2024-08-09 04:00:00,0.0
2024-08-09 05:00:00,2.47
2024-08-09 06:00:00,21.7
2024-08-09 07:00:00,44.02
2024-08-09 08:00:00,128.27
2024-08-09 09:00:00,103.74
2024-08-09 10:00:00,83.72
2024-08-09 11:00:00,166.36
2024-08-09 12:00:00,293.17
2024-08-09 13:00:00,114.2
2024-08-09 14:00:00,94.0
2024-08-09 15:00:00,51.11
2024-08-09 16:00:00,53.27
2024-08-09 17:00:00,31.48
2024-08-09 18:00:00,0.84
2024-08-09 19:00:00,0.0
2024-08-09 20:00:00,0.0
2024-08-09 21:00:00,0.0
2024-08-09 22:00:00,0.0
2024-08-09 23:00:00,0.0
2024-08-10 00:00:00,0.0
2024-08-10 01:00:00,0.0
2024-08-10 02:00:00,0.0
2024-08-10 03:00:00,0.0
2024-08-10 04:00:00,0.0
2024-08-10 05:00:00,0.0
2024-08-10 06:00:00,0.0
2024-08-10 07:00:00,0.0
2024-08-10 08:00:00,0.13
2024-08-10 09:00:00,23.76
2024-08-10 10:00:00,24.62
2024-08-10 11:00:00,97.63
2024-08-10 12:00:00,203.1
2024-08-10 13:00:00,191.31
2024-08-10 14:00:00,149.32
2024-08-10 15:00:00,36.51
2024-08-10 16:00:00,18.35
2024-08-10 17:00:00,10.99
2024-08-10 18:00:00,0.0
2024-08-10 19:00:00,0.0
2024-08-10 20:00:00,0.0
2024-08-10 21:00:00,0.0
2024-08-10 22:00:00,0.0
2024-08-10 23:00:00,0.0
2024-08-11 00:00:00,0.0
2024-08-11 01:00:00,0.0
2024-08-11 02:00:00,0.0
2024-08-11 03:00:00,0.0
2024-08-11 04:00:00,0.0
2024-08-11 05:00:00,4.37
2024-08-11 06:00:00,28.64
2024-08-11 07:00:00,53.13
2024-08-11 08:00:00,84.34
2024-08-11 09:00:00,92.7
2024-08-11 10:00:00,148.53
2024-08-11 11:00:00,169.49
2024-08-11 12:00:00,271.2
2024-08-11 13:00:00,22.03
2024-08-11 14:00:00,38.57
2024-08-11 15:00:00,36.43
2024-08-11 16:00:00,21.51
2024-08-11 17:00:00,6.73
2024-08-11 18:00:00,0.0
2024-08-11 19:00:00,0.0
2024-08-11 20:00:00,0.0
2024-08-11 21:00:00,0.0
2024-08-11 22:00:00,0.0
2024-08-11 23:00:00,0.0
2024-08-12 00:00:00,0.0
2024-08-12 01:00:00,0.0
2024-08-12 02:00:00,0.0
2024-08-12 03:00:00,0.0
2024-08-12 04:00:00,0.0
2024-08-12 05:00:00,3.36
2024-08-12 06:00:00,39.45
2024-08-12 07:00:00,80.78
2024-08-12 08:00:00,213.94
2024-08-12 09:00:00,303.37
2024-08-12 10:00:00,322.66
2024-08-12 11:00:00,424.38
2024-08-12 12:00:00,509.17
2024-08-12 13:00:00,402.5
2024-08-12 14:00:00,420.9
2024-08-12 15:00:00,393.72
2024-08-12 16:00:00,272.24
2024-08-12 17:00:00,173.84
2024-08-12 18:00:00,3.14
2024-08-12 19:00:00,0.0
2024-08-12 20:00:00,0.0
2024-08-12 21:00:00,0.0
2024-08-12 22:00:00,0.0
2024-08-12 23:00:00,0.0
2024-08-13 00:00:00,0.0
2024-08-13 01:00:00,0.0
2024-08-13 02:00:00,0.0
2024-08-13 03:00:00,0.0
2024-08-13 04:00:00,0.0
2024-08-13 05:00:00,15.44
2024-08-13 06:00:00,139.13
2024-08-13 07:00:00,233.27
2024-08-13 08:00:00,312.42
2024-08-13 09:00:00,484.96
2024-08-13 10:00:00,432.49
2024-08-13 11:00:00,337.28
2024-08-13 12:00:00,431.2
2024-08-13 13:00:00,486.46
2024-08-13 14:00:00,410.15
2024-08-13 15:00:00,383.55
2024-08-13 16:00:00,219.06
2024-08-13 17:00:00,110.3
2024-08-13 18:00:00,2.32
2024-08-13 19:00:00,0.0
2024-08-13 20:00:00,0.0
2024-08-13 21:00:00,0.0
2024-08-13 22:00:00,0.0
2024-08-13 23:00:00,0.0
2024-08-14 00:00:00,0.0
2024-08-14 01:00:00,0.0
2024-08-14 02:00:00,0.0
2024-08-14 03:00:00,0.0
2024-08-14 04:00:00,0.0
2024-08-14 05:00:00,18.86
2024-08-14 06:00:00,117.52
2024-08-14 07:00:00,149.66
2024-08-14 08:00:00,235.09
2024-08-14 09:00:00,332.01
2024-08-14 10:00:00,259.36
2024-08-14 11:00:00,305.61
2024-08-14 12:00:00,349.66
2024-08-14 13:00:00,211.04
2024-08-14 14:00:00,183.7
2024-08-14 15:00:00,148.86
2024-08-14 16:00:00,57.1
2024-08-14 17:00:00,17.72
2024-08-14 18:00:00,0.0
2024-08-14 19:00:00,0.0
2024-08-14 20:00:00,0.0
2024-08-14 21:00:00,0.0
2024-08-14 22:00:00,0.0
2024-08-14 23:00:00,0.0
2024-08-15 00:00:00,0.0
2024-08-15 01:00:00,0.0
2024-08-15 02:00:00,0.0
2024-08-15 03:00:00,0.0
2024-08-15 04:00:00,0.0
2024-08-15 05:00:00,2.02
2024-08-15 06:00:00,7.94
2024-08-15 07:00:00,12.62
2024-08-15 08:00:00,29.36
2024-08-15 09:00:00,98.26
2024-08-15 10:00:00,107.94
2024-08-15 11:00:00,55.13
2024-08-15 12:00:00,89.33
2024-08-15 13:00:00,4.16
2024-08-15 14:00:00,2.06
2024-08-15 15:00:00,33.0
2024-08-15 16:00:00,19.24
2024-08-15 17:00:00,31.2
2024-08-15 18:00:00,0.0
2024-08-15 19:00:00,0.0
2024-08-15 20:00:00,0.0
2024-08-15 21:00:00,0.0
2024-08-15 22:00:00,0.0
2024-08-15 23:00:00,0.0
2024-08-16 00:00:00,0.0
2024-08-16 01:00:00,0.0
2024-08-16 02:00:00,0.0
2024-08-16 03:00:00,0.0
2024-08-16 04:00:00,0.0
2024-08-16 05:00:00,8.26
2024-08-16 06:00:00,159.07
2024-08-16 07:00:00,349.45
2024-08-16 08:00:00,403.28
2024-08-16 09:00:00,460.18
2024-08-16 10:00:00,454.11
2024-08-16 11:00:00,566.0
2024-08-16 12:00:00,635.17
2024-08-16 13:00:00,562.49
2024-08-16 14:00:00,368.47
2024-08-16 15:00:00,343.33
2024-08-16 16:00:00,198.75
2024-08-16 17:00:00,69.39
2024-08-16 18:00:00,1.54
2024-08-16 19:00:00,0.0
2024-08-16 20:00:00,0.0
2024-08-16 21:00:00,0.0
2024-08-16 22:00:00,0.0
2024-08-16 23:00:00,0.0
2024-08-17 00:00:00,0.0
2024-08-17 01:00:00,0.0
2024-08-17 02:00:00,0.0
2024-08-17 03:00:00,0.0
2024-08-17 04:00:00,0.0
2024-08-17 05:00:00,20.06
2024-08-17 06:00:00,282.64
2024-08-17 07:00:00,451.89
2024-08-17 08:00:00,554.77
2024-08-17 09:00:00,565.29
2024-08-17 10:00:00,511.04
2024-08-17 11:00:00,592.32
2024-08-17 12:00:00,307.2
2024-08-17 13:00:00,372.68
2024-08-17 14:00:00,162.25
2024-08-17 15:00:00,56.37
2024-08-17 16:00:00,27.07
2024-08-17 17:00:00,12.2
2024-08-17 18:00:00,0.0
2024-08-17 19:00:00,0.0
2024-08-17 20:00:00,0.0
2024-08-17 21:00:00,0.0
2024-08-17 22:00:00,0.0
2024-08-17 23:00:00,0.0
2024-08-18 00:00:00,0.0
2024-08-18 01:00:00,0.0
2024-08-18 02:00:00,0.0
2024-08-18 03:00:00,0.0
2024-08-18 04:00:00,0.0
2024-08-18 05:00:00,0.0
2024-08-18 06:00:00,6.8
2024-08-18 07:00:00,20.72
2024-08-18 08:00:00,25.41
2024-08-18 09:00:00,310.3
2024-08-18 10:00:00,280.36
2024-08-18 11:00:00,431.22
2024-08-18 12:00:00,177.64
2024-08-18 13:00:00,372.52
2024-08-18 14:00:00,312.3
2024-08-18 15:00:00,322.74
2024-08-18 16:00:00,118.74
2024-08-18 17:00:00,44.03
2024-08-18 18:00:00,0.0
2024-08-18 19:00:00,0.0
2024-08-18 20:00:00,0.0
2024-08-18 21:00:00,0.0
2024-08-18 22:00:00,0.0
2024-08-18 23:00:00,0.0
2024-08-19 00:00:00,0.0
2024-08-19 01:00:00,0.0
2024-08-19 02:00:00,0.0
2024-08-19 03:00:00,0.0
2024-08-19 04:00:00,0.0
2024-08-19 05:00:00,0.0
2024-08-19 06:00:00,7.7
2024-08-19 07:00:00,9.93
2024-08-19 08:00:00,22.67
2024-08-19 09:00:00,11.08
2024-08-19 10:00:00,14.27
2024-08-19 11:00:00,20.22
2024-08-19 12:00:00,1.78
2024-08-19 13:00:00,0.32
2024-08-19 14:00:00,0.0
2024-08-19 15:00:00,0.0
2024-08-19 16:00:00,3.6
2024-08-19 17:00:00,5.79
2024-08-19 18:00:00,0.0
2024-08-19 19:00:00,0.0
2024-08-19 20:00:00,0.0
2024-08-19 21:00:00,0.0
2024-08-19 22:00:00,0.0
2024-08-19 23:00:00,0.0
2024-08-20 00:00:00,0.0
2024-08-20 01:00:00,0.0
2024-08-20 02:00:00,0.0
2024-08-20 03:00:00,0.0
2024-08-20 04:00:00,0.0
2024-08-20 05:00:00,0.0
2024-08-20 06:00:00,0.0
2024-08-20 07:00:00,0.0
2024-08-20 08:00:00,0.0
2024-08-20 09:00:00,0.0
2024-08-20 10:00:00,0.0
2024-08-20 11:00:00,0.0
2024-08-20 12:00:00,0.0
2024-08-20 13:00:00,0.11
2024-08-20 14:00:00,0.0
2024-08-20 15:00:00,0.0
2024-08-20 16:00:00,0.0
2024-08-20 17:00:00,0.0
2024-08-20 18:00:00,0.0
2024-08-20 19:00:00,0.0
2024-08-20 20:00:00,0.0
2024-08-20 21:00:00,0.0
2024-08-20 22:00:00,0.0
2024-08-20 23:00:00,0.0
2024-08-21 00:00:00,0.0
2024-08-21 01:00:00,0.0
2024-08-21 02:00:00,0.0
2024-08-21 03:00:00,0.0
2024-08-21 04:00:00,0.0
2024-08-21 05:00:00,4.89
2024-08-21 06:00:00,27.33
2024-08-21 07:00:00,27.37
2024-08-21 08:00:00,12.78
2024-08-21 09:00:00,14.01
2024-08-21 10:00:00,344.69
2024-08-21 11:00:00,288.63
2024-08-21 12:00:00,335.26
2024-08-21 13:00:00,250.56
2024-08-21 14:00:00,242.98
2024-08-21 15:00:00,261.94
2024-08-21 16:00:00,166.96
2024-08-21 17:00:00,90.19
2024-08-21 18:00:00,0.0
2024-08-21 19:00:00,0.0
2024-08-21 20:00:00,0.0
2024-08-21 21:00:00,0.0
2024-08-21 22:00:00,0.0
2024-08-21 23:00:00,0.0
2024-08-22 00:00:00,0.0
2024-08-22 01:00:00,0.0
2024-08-22 02:00:00,0.0
2024-08-22 03:00:00,0.0
2024-08-22 04:00:00,0.0
2024-08-22 05:00:00,10.03
2024-08-22 06:00:00,107.26
2024-08-22 07:00:00,168.74
2024-08-22 08:00:00,282.83
2024-08-22 09:00:00,260.26
2024-08-22 10:00:00,303.87
2024-08-22 11:00:00,268.01
2024-08-22 12:00:00,313.89
2024-08-22 13:00:00,450.58
2024-08-22 14:00:00,259.75
2024-08-22 15:00:00,234.18
2024-08-22 16:00:00,118.15
2024-08-22 17:00:00,34.5
2024-08-22 18:00:00,0.0
2024-08-22 19:00:00,0.0
2024-08-22 20:00:00,0.0
2024-08-22 21:00:00,0.0
2024-08-22 22:00:00,0.0
2024-08-22 23:00:00,0.0
2024-08-23 00:00:00,0.0
2024-08-23 01:00:00,0.0
2024-08-23 02:00:00,0.0
2024-08-23 03:00:00,0.0
2024-08-23 04:00:00,0.0
2024-08-23 05:00:00,8.61
2024-08-23 06:00:00,156.86
2024-08-23 07:00:00,300.78
2024-08-23 08:00:00,441.73
2024-08-23 09:00:00,495.15
2024-08-23 10:00:00,453.14
2024-08-23 11:00:00,392.38
2024-08-23 12:00:00,426.92
2024-08-23 13:00:00,476.42
2024-08-23 14:00:00,347.88
2024-08-23 15:00:00,318.4
2024-08-23 16:00:00,201.78
2024-08-23 17:00:00,82.35
2024-08-23 18:00:00,0.0
2024-08-23 19:00:00,0.0
2024-08-23 20:00:00,0.0
2024-08-23 21:00:00,0.0
2024-08-23 22:00:00,0.0
2024-08-23 23:00:00,0.0
2024-08-24 00:00:00,0.0
2024-08-24 01:00:00,0.0
2024-08-24 02:00:00,0.0
2024-08-24 03:00:00,0.0
2024-08-24 04:00:00,0.0
2024-08-24 05:00:00,0.0
2024-08-24 06:00:00,8.31
2024-08-24 07:00:00,13.46
2024-08-24 08:00:00,0.0
2024-08-24 09:00:00,153.4
2024-08-24 10:00:00,330.06
2024-08-24 11:00:00,429.92
2024-08-24 12:00:00,675.62
2024-08-24 13:00:00,770.61
2024-08-24 14:00:00,639.96
2024-08-24 15:00:00,487.42
2024-08-24 16:00:00,498.14
2024-08-24 17:00:00,221.09
2024-08-24 18:00:00,0.0
2024-08-24 19:00:00,0.0
2024-08-24 20:00:00,0.0
2024-08-24 21:00:00,0.0
2024-08-24 22:00:00,0.0
2024-08-24 23:00:00,0.0
2024-08-25 00:00:00,0.0
2024-08-25 01:00:00,0.0
2024-08-25 02:00:00,0.0
2024-08-25 03:00:00,0.0
2024-08-25 04:00:00,0.0
2024-08-25 05:00:00,10.15
2024-08-25 06:00:00,270.81
2024-08-25 07:00:00,464.43
2024-08-25 08:00:00,625.71
2024-08-25 09:00:00,625.58
2024-08-25 10:00:00,482.69
2024-08-25 11:00:00,528.67
2024-08-25 12:00:00,645.71
2024-08-25 13:00:00,475.08
2024-08-25 14:00:00,532.33
2024-08-25 15:00:00,434.5
2024-08-25 16:00:00,308.62
2024-08-25 17:00:00,112.59
2024-08-25 18:00:00,0.0
2024-08-25 19:00:00,0.0
2024-08-25 20:00:00,0.0
2024-08-25 21:00:00,0.0
2024-08-25 22:00:00,0.0
2024-08-25 23:00:00,0.0
2024-08-26 00:00:00,0.0
2024-08-26 01:00:00,0.0
2024-08-26 02:00:00,0.0
2024-08-26 03:00:00,0.0
2024-08-26 04:00:00,0.0
2024-08-26 05:00:00,6.95
2024-08-26 06:00:00,161.36
2024-08-26 07:00:00,295.19
2024-08-26 08:00:00,602.66
2024-08-26 09:00:00,613.59
2024-08-26 10:00:00,653.85
2024-08-26 11:00:00,636.55
2024-08-26 12:00:00,738.78
2024-08-26 13:00:00,491.94
2024-08-26 14:00:00,488.52
2024-08-26 15:00:00,445.01
2024-08-26 16:00:00,276.19
2024-08-26 17:00:00,68.74
2024-08-26 18:00:00,0.0
2024-08-26 19:00:00,0.0
2024-08-26 20:00:00,0.0
2024-08-26 21:00:00,0.0
2024-08-26 22:00:00,0.0
2024-08-26 23:00:00,0.0
2024-08-27 00:00:00,0.0
2024-08-27 01:00:00,0.0
2024-08-27 02:00:00,0.0
2024-08-27 03:00:00,0.0
2024-08-27 04:00:00,0.0
2024-08-27 05:00:00,3.01
2024-08-27 06:00:00,47.23
2024-08-27 07:00:00,160.13
2024-08-27 08:00:00,264.21
2024-08-27 09:00:00,338.02
2024-08-27 10:00:00,467.26
2024-08-27 11:00:00,583.75
2024-08-27 12:00:00,681.97
2024-08-27 13:00:00,641.59
2024-08-27 14:00:00,550.97
2024-08-27 15:00:00,427.03
2024-08-27 16:00:00,346.63
2024-08-27 17:00:00,124.42
2024-08-27 18:00:00,0.0
2024-08-27 19:00:00,0.0
2024-08-27 20:00:00,0.0
2024-08-27 21:00:00,0.0
2024-08-27 22:00:00,0.0
2024-08-27 23:00:00,0.0
2024-08-28 00:00:00,0.0
2024-08-28 01:00:00,0.0
2024-08-28 02:00:00,0.0
2024-08-28 03:00:00,0.0
2024-08-28 04:00:00,0.0
2024-08-28 05:00:00,0.0
2024-08-28 06:00:00,0.0
2024-08-28 07:00:00,9.54
2024-08-28 08:00:00,36.43
2024-08-28 09:00:00,48.57
2024-08-28 10:00:00,40.43
2024-08-28 11:00:00,50.66
2024-08-28 12:00:00,137.13
2024-08-28 13:00:00,375.09
2024-08-28 14:00:00,337.33
2024-08-28 15:00:00,357.18
2024-08-28 16:00:00,274.99
2024-08-28 17:00:00,79.83
2024-08-28 18:00:00,0.0
2024-08-28 19:00:00,0.0
2024-08-28 20:00:00,0.0
2024-08-28 21:00:00,0.0
2024-08-28 22:00:00,0.0
2024-08-28 23:00:00,0.0
2024-08-29 00:00:00,0.0
2024-08-29 01:00:00,0.0
2024-08-29 02:00:00,0.0
2024-08-29 03:00:00,0.0
2024-08-29 04:00:00,0.0
2024-08-29 05:00:00,5.05
2024-08-29 06:00:00,103.55
2024-08-29 07:00:00,225.01
2024-08-29 08:00:00,294.7
2024-08-29 09:00:00,344.63
2024-08-29 10:00:00,400.66
2024-08-29 11:00:00,418.01
2024-08-29 12:00:00,501.15
2024-08-29 13:00:00,559.96
2024-08-29 14:00:00,506.15
2024-08-29 15:00:00,456.3
2024-08-29 16:00:00,382.85
2024-08-29 17:00:00,136.72
2024-08-29 18:00:00,0.0
2024-08-29 19:00:00,0.0
2024-08-29 20:00:00,0.0
2024-08-29 21:00:00,0.0
2024-08-29 22:00:00,0.0
2024-08-29 23:00:00,0.0
2024-08-30 00:00:00,0.0
2024-08-30 01:00:00,0.0
2024-08-30 02:00:00,0.0
2024-08-30 03:00:00,0.0
2024-08-30 04:00:00,0.0
2024-08-30 05:00:00,3.47
2024-08-30 06:00:00,136.74
2024-08-30 07:00:00,381.63
2024-08-30 08:00:00,520.92
2024-08-30 09:00:00,511.76
2024-08-30 10:00:00,460.85
2024-08-30 11:00:00,396.68
2024-08-30 12:00:00,531.25
2024-08-30 13:00:00,563.07
2024-08-30 14:00:00,463.52
2024-08-30 15:00:00,429.88
2024-08-30 16:00:00,298.7
2024-08-30 17:00:00,95.45
2024-08-30 18:00:00,0.0
2024-08-30 19:00:00,0.0
2024-08-30 20:00:00,0.0
2024-08-30 21:00:00,0.0
2024-08-30 22:00:00,0.0
2024-08-30 23:00:00,0.0
2024-08-31 00:00:00,0.0
2024-08-31 01:00:00,0.0
2024-08-31 02:00:00,0.0
2024-08-31 03:00:00,0.0
2024-08-31 04:00:00,0.0
2024-08-31 05:00:00,0.0
2024-08-31 06:00:00,45.53
2024-08-31 07:00:00,67.01
2024-08-31 08:00:00,92.49
2024-08-31 09:00:00,123.71
2024-08-31 10:00:00,67.12
2024-08-31 11:00:00,0.0
2024-08-31 12:00:00,6.3
2024-08-31 13:00:00,32.91
2024-08-31 14:00:00,8.19
2024-08-31 15:00:00,0.15
2024-08-31 16:00:00,24.92
2024-08-31 17:00:00,1.6
2024-08-31 18:00:00,0.0
2024-08-31 19:00:00,0.0
2024-08-31 20:00:00,0.0
2024-08-31 21:00:00,0.0
2024-08-31 22:00:00,0.0
2024-08-31 23:00:00,0.0
2024-09-01 00:00:00,0.0
2024-09-01 01:00:00,0.0
2024-09-01 02:00:00,0.0
2024-09-01 03:00:00,0.0
2024-09-01 04:00:00,0.0
2024-09-01 05:00:00,3.73
2024-09-01 06:00:00,77.5
2024-09-01 07:00:00,176.54
2024-09-01 08:00:00,265.89
2024-09-01 09:00:00,250.35
2024-09-01 10:00:00,260.12
2024-09-01 11:00:00,273.6
2024-09-01 12:00:00,536.26
2024-09-01 13:00:00,161.7
2024-09-01 14:00:00,452.05
2024-09-01 15:00:00,348.8
2024-09-01 16:00:00,249.5
2024-09-01 17:00:00,90.65
2024-09-01 18:00:00,0.0
2024-09-01 19:00:00,0.0
2024-09-01 20:00:00,0.0
2024-09-01 21:00:00,0.0
2024-09-01 22:00:00,0.0
2024-09-01 23:00:00,0.0
2024-09-02 00:00:00,0.0
2024-09-02 01:00:00,0.0
2024-09-02 02:00:00,0.0
2024-09-02 03:00:00,0.0
2024-09-02 04:00:00,0.0
2024-09-02 05:00:00,3.1
2024-09-02 06:00:00,85.39
2024-09-02 07:00:00,228.01
2024-09-02 08:00:00,336.16
2024-09-02 09:00:00,320.98
2024-09-02 10:00:00,246.69
2024-09-02 11:00:00,456.01
2024-09-02 12:00:00,139.79
2024-09-02 13:00:00,290.57
2024-09-02 14:00:00,412.65
2024-09-02 15:00:00,350.62
2024-09-02 16:00:00,176.06
2024-09-02 17:00:00,33.75
2024-09-02 18:00:00,0.0
2024-09-02 19:00:00,0.0
2024-09-02 20:00:00,0.0
2024-09-02 21:00:00,0.0
2024-09-02 22:00:00,0.0
2024-09-02 23:00:00,0.0
2024-09-03 00:00:00,0.0
2024-09-03 01:00:00,0.0
2024-09-03 02:00:00,0.0
2024-09-03 03:00:00,0.0
2024-09-03 04:00:00,0.0
2024-09-03 05:00:00,1.3
2024-09-03 06:00:00,44.17
2024-09-03 07:00:00,99.07
2024-09-03 08:00:00,253.55
2024-09-03 09:00:00,80.06
2024-09-03 10:00:00,149.49
2024-09-03 11:00:00,166.81
2024-09-03 12:00:00,135.72
2024-09-03 13:00:00,329.55
2024-09-03 14:00:00,145.26
2024-09-03 15:00:00,87.35
2024-09-03 16:00:00,35.23
2024-09-03 17:00:00,4.06
2024-09-03 18:00:00,0.0
2024-09-03 19:00:00,0.0
2024-09-03 20:00:00,0.0
2024-09-03 21:00:00,0.0
2024-09-03 22:00:00,0.0
2024-09-03 23:00:00,0.0
2024-09-04 00:00:00,0.0
2024-09-04 01:00:00,0.0
2024-09-04 02:00:00,0.0
2024-09-04 03:00:00,0.0
2024-09-04 04:00:00,0.0
2024-09-04 05:00:00,0.0
2024-09-04 06:00:00,30.66
2024-09-04 07:00:00,47.87
2024-09-04 08:00:00,80.69
2024-09-04 09:00:00,128.47
2024-09-04 10:00:00,126.27
2024-09-04 11:00:00,137.05
2024-09-04 12:00:00,141.77
2024-09-04 13:00:00,49.58
2024-09-04 14:00:00,40.48
2024-09-04 15:00:00,27.68
2024-09-04 16:00:00,40.0
2024-09-04 17:00:00,12.16
2024-09-04 18:00:00,0.0
2024-09-04 19:00:00,0.0
2024-09-04 20:00:00,0.0
2024-09-04 21:00:00,0.0
2024-09-04 22:00:00,0.0
2024-09-04 23:00:00,0.0
2024-09-05 00:00:00,0.0
2024-09-05 01:00:00,0.0
2024-09-05 02:00:00,0.0
2024-09-05 03:00:00,0.0
2024-09-05 04:00:00,0.0
2024-09-05 05:00:00,0.0
2024-09-05 06:00:00,0.82
2024-09-05 07:00:00,1.14
2024-09-05 08:00:00,14.08
2024-09-05 09:00:00,36.46
2024-09-05 10:00:00,28.93
2024-09-05 11:00:00,57.27
2024-09-05 12:00:00,162.97
2024-09-05 13:00:00,57.12
2024-09-05 14:00:00,70.27
2024-09-05 15:00:00,98.68
2024-09-05 16:00:00,85.37
2024-09-05 17:00:00,26.22
2024-09-05 18:00:00,0.0
2024-09-05 19:00:00,0.0
2024-09-05 20:00:00,0.0
2024-09-05 21:00:00,0.0
2024-09-05 22:00:00,0.0
2024-09-05 23:00:00,0.0
2024-09-06 00:00:00,0.0
2024-09-06 01:00:00,0.0
2024-09-06 02:00:00,0.0
2024-09-06 03:00:00,0.0
2024-09-06 04:00:00,0.0
2024-09-06 05:00:00,1.88
2024-09-06 06:00:00,60.05
2024-09-06 07:00:00,159.29
2024-09-06 08:00:00,234.97
2024-09-06 09:00:00,303.87
2024-09-06 10:00:00,252.31
2024-09-06 11:00:00,423.94
2024-09-06 12:00:00,485.59
2024-09-06 13:00:00,199.96
2024-09-06 14:00:00,157.38
2024-09-06 15:00:00,238.55
2024-09-06 16:00:00,151.64
2024-09-06 17:00:00,68.74
2024-09-06 18:00:00,0.0
2024-09-06 19:00:00,0.0
2024-09-06 20:00:00,0.0
2024-09-06 21:00:00,0.0
2024-09-06 22:00:00,0.0
2024-09-06 23:00:00,0.0
2024-09-07 00:00:00,0.0
2024-09-07 01:00:00,0.0
2024-09-07 02:00:00,0.0
2024-09-07 03:00:00,0.0
2024-09-07 04:00:00,0.0
2024-09-07 05:00:00,4.82
2024-09-07 06:00:00,186.46
2024-09-07 07:00:00,395.57
2024-09-07 08:00:00,589.38
2024-09-07 09:00:00,606.98
2024-09-07 10:00:00,557.32
2024-09-07 11:00:00,452.46
2024-09-07 12:00:00,615.66
2024-09-07 13:00:00,590.34
2024-09-07 14:00:00,352.23
2024-09-07 15:00:00,464.62
2024-09-07 16:00:00,235.18
2024-09-07 17:00:00,69.49
2024-09-07 18:00:00,0.0
2024-09-07 19:00:00,0.0
2024-09-07 20:00:00,0.0
2024-09-07 21:00:00,0.0
2024-09-07 22:00:00,0.0
2024-09-07 23:00:00,0.0
2024-09-08 00:00:00,0.0
2024-09-08 01:00:00,0.0
2024-09-08 02:00:00,0.0
2024-09-08 03:00:00,0.0
2024-09-08 04:00:00,0.0
2024-09-08 05:00:00,9.51
2024-09-08 06:00:00,113.6
2024-09-08 07:00:00,152.16
2024-09-08 08:00:00,198.53
2024-09-08 09:00:00,291.89
2024-09-08 10:00:00,284.92
2024-09-08 11:00:00,373.58
2024-09-08 12:00:00,531.18
2024-09-08 13:00:00,613.28
2024-09-08 14:00:00,465.79
2024-09-08 15:00:00,373.58
2024-09-08 16:00:00,199.7
2024-09-08 17:00:00,33.45
2024-09-08 18:00:00,0.0
2024-09-08 19:00:00,0.0
2024-09-08 20:00:00,0.0
2024-09-08 21:00:00,0.0
2024-09-08 22:00:00,0.0
2024-09-08 23:00:00,0.0
2024-09-09 00:00:00,0.0
2024-09-09 01:00:00,0.0
2024-09-09 02:00:00,0.0
2024-09-09 03:00:00,0.0
2024-09-09 04:00:00,0.0
2024-09-09 05:00:00,0.0
2024-09-09 06:00:00,56.91
2024-09-09 07:00:00,122.2
2024-09-09 08:00:00,269.35
2024-09-09 09:00:00,70.92
2024-09-09 10:00:00,112.63
2024-09-09 11:00:00,149.71
2024-09-09 12:00:00,148.78
2024-09-09 13:00:00,298.38
2024-09-09 14:00:00,128.05
2024-09-09 15:00:00,58.66
2024-09-09 16:00:00,19.43
2024-09-09 17:00:00,4.97
2024-09-09 18:00:00,0.0
2024-09-09 19:00:00,0.0
2024-09-09 20:00:00,0.0
2024-09-09 21:00:00,0.0
2024-09-09 22:00:00,0.0
2024-09-09 23:00:00,0.0
2024-09-10 00:00:00,0.0
2024-09-10 01:00:00,0.0
2024-09-10 02:00:00,0.0
2024-09-10 03:00:00,0.0
2024-09-10 04:00:00,0.0
2024-09-10 05:00:00,0.0
2024-09-10 06:00:00,38.34
2024-09-10 07:00:00,138.64
2024-09-10 08:00:00,295.94
2024-09-10 09:00:00,227.27
2024-09-10 10:00:00,235.0
2024-09-10 11:00:00,78.78
2024-09-10 12:00:00,302.62
2024-09-10 13:00:00,130.79
2024-09-10 14:00:00,115.67
2024-09-10 15:00:00,31.13
2024-09-10 16:00:00,17.15
2024-09-10 17:00:00,1.3
2024-09-10 18:00:00,0.0
2024-09-10 19:00:00,0.0
2024-09-10 20:00:00,0.0
2024-09-10 21:00:00,0.0
2024-09-10 22:00:00,0.0
2024-09-10 23:00:00,0.0
2024-09-11 00:00:00,0.0
2024-09-11 01:00:00,0.0
2024-09-11 02:00:00,0.0
2024-09-11 03:00:00,0.0
2024-09-11 04:00:00,0.0
2024-09-11 05:00:00,0.0
2024-09-11 06:00:00,0.0
2024-09-11 07:00:00,7.62
2024-09-11 08:00:00,55.8
2024-09-11 09:00:00,85.74
2024-09-11 10:00:00,64.98
2024-09-11 11:00:00,43.55
2024-09-11 12:00:00,0.0
2024-09-11 13:00:00,34.75
2024-09-11 14:00:00,105.8
2024-09-11 15:00:00,208.7
2024-09-11 16:00:00,131.81
2024-09-11 17:00:00,30.58
2024-09-11 18:00:00,0.0
2024-09-11 19:00:00,0.0
2024-09-11 20:00:00,0.0
2024-09-11 21:00:00,0.0
2024-09-11 22:00:00,0.0
2024-09-11 23:00:00,0.0
2024-09-12 00:00:00,0.0
2024-09-12 01:00:00,0.0
2024-09-12 02:00:00,0.0
2024-09-12 03:00:00,0.0
2024-09-12 04:00:00,0.0
2024-09-12 05:00:00,4.86
2024-09-12 06:00:00,80.68
2024-09-12 07:00:00,193.03
2024-09-12 08:00:00,363.16
2024-09-12 09:00:00,412.01
2024-09-12 10:00:00,492.37
2024-09-12 11:00:00,502.6
2024-09-12 12:00:00,594.03
2024-09-12 13:00:00,469.04
2024-09-12 14:00:00,513.14
2024-09-12 15:00:00,553.1
2024-09-12 16:00:00,289.87
2024-09-12 17:00:00,67.04
2024-09-12 18:00:00,0.0
2024-09-12 19:00:00,0.0
2024-09-12 20:00:00,0.0
2024-09-12 21:00:00,0.0
2024-09-12 22:00:00,0.0
2024-09-12 23:00:00,0.0
2024-09-13 00:00:00,0.0
2024-09-13 01:00:00,0.0
2024-09-13 02:00:00,0.0
2024-09-13 03:00:00,0.0
2024-09-13 04:00:00,0.0
2024-09-13 05:00:00,12.6
2024-09-13 06:00:00,282.76
2024-09-13 07:00:00,535.86
2024-09-13 08:00:00,685.58
2024-09-13 09:00:00,644.09
2024-09-13 10:00:00,548.12
2024-09-13 11:00:00,510.33
2024-09-13 12:00:00,406.98
2024-09-13 13:00:00,568.03
2024-09-13 14:00:00,287.37
2024-09-13 15:00:00,394.11
2024-09-13 16:00:00,174.26
2024-09-13 17:00:00,26.48
2024-09-13 18:00:00,0.0
2024-09-13 19:00:00,0.0
2024-09-13 20:00:00,0.0
2024-09-13 21:00:00,0.0
2024-09-13 22:00:00,0.0
2024-09-13 23:00:00,0.0
2024-09-14 00:00:00,0.0
2024-09-14 01:00:00,0.0
2024-09-14 02:00:00,0.0
2024-09-14 03:00:00,0.0
2024-09-14 04:00:00,0.0
2024-09-14 05:00:00,7.9
2024-09-14 06:00:00,91.66
2024-09-14 07:00:00,143.44
2024-09-14 08:00:00,96.43
2024-09-14 09:00:00,416.17
2024-09-14 10:00:00,308.25
2024-09-14 11:00:00,185.83
2024-09-14 12:00:00,257.54
2024-09-14 13:00:00,458.36
2024-09-14 14:00:00,264.67
2024-09-14 15:00:00,249.82
2024-09-14 16:00:00,112.48
2024-09-14 17:00:00,29.51
2024-09-14 18:00:00,0.0
2024-09-14 19:00:00,0.0
2024-09-14 20:00:00,0.0
2024-09-14 21:00:00,0.0
2024-09-14 22:00:00,0.0
2024-09-14 23:00:00,0.0
2024-09-15 00:00:00,0.0
2024-09-15 01:00:00,0.0
2024-09-15 02:00:00,0.0
2024-09-15 03:00:00,0.0
2024-09-15 04:00:00,0.0
2024-09-15 05:00:00,6.18
2024-09-15 06:00:00,238.2
2024-09-15 07:00:00,439.96
2024-09-15 08:00:00,521.36
2024-09-15 09:00:00,584.34
2024-09-15 10:00:00,504.43
2024-09-15 11:00:00,346.33
2024-09-15 12:00:00,323.61
2024-09-15 13:00:00,160.25
2024-09-15 14:00:00,142.62
2024-09-15 15:00:00,128.53
2024-09-15 16:00:00,65.83
2024-09-15 17:00:00,14.94
2024-09-15 18:00:00,0.0
2024-09-15 19:00:00,0.0
2024-09-15 20:00:00,0.0
2024-09-15 21:00:00,0.0
2024-09-15 22:00:00,0.0
2024-09-15 23:00:00,0.0
2024-09-16 00:00:00,0.0
2024-09-16 01:00:00,0.0
2024-09-16 02:00:00,0.0
2024-09-16 03:00:00,0.0
2024-09-16 04:00:00,0.0
2024-09-16 05:00:00,7.63
2024-09-16 06:00:00,167.01
2024-09-16 07:00:00,316.28
2024-09-16 08:00:00,434.0
2024-09-16 09:00:00,443.69
2024-09-16 10:00:00,225.17
2024-09-16 11:00:00,244.48
2024-09-16 12:00:00,429.04
2024-09-16 13:00:00,70.09
2024-09-16 14:00:00,56.71
2024-09-16 15:00:00,66.92
2024-09-16 16:00:00,38.07
2024-09-16 17:00:00,11.34
2024-09-16 18:00:00,0.0
2024-09-16 19:00:00,0.0
2024-09-16 20:00:00,0.0
2024-09-16 21:00:00,0.0
2024-09-16 22:00:00,0.0
2024-09-16 23:00:00,0.0
2024-09-17 00:00:00,0.0
2024-09-17 01:00:00,0.0
2024-09-17 02:00:00,0.0
2024-09-17 03:00:00,0.0
2024-09-17 04:00:00,0.0
2024-09-17 05:00:00,3.48
2024-09-17 06:00:00,161.21
2024-09-17 07:00:00,385.29
2024-09-17 08:00:00,493.27
2024-09-17 09:00:00,535.67
2024-09-17 10:00:00,444.21
2024-09-17 11:00:00,456.83
2024-09-17 12:00:00,624.8
2024-09-17 13:00:00,313.79
2024-09-17 14:00:00,236.99
2024-09-17 15:00:00,153.32
2024-09-17 16:00:00,59.45
2024-09-17 17:00:00,16.88
2024-09-17 18:00:00,0.0
2024-09-17 19:00:00,0.0
2024-09-17 20:00:00,0.0
2024-09-17 21:00:00,0.0
2024-09-17 22:00:00,0.0
2024-09-17 23:00:00,0.0
2024-09-18 00:00:00,0.0
2024-09-18 01:00:00,0.0
2024-09-18 02:00:00,0.0
2024-09-18 03:00:00,0.0
2024-09-18 04:00:00,0.0
2024-09-18 05:00:00,4.98
2024-09-18 06:00:00,285.27
2024-09-18 07:00:00,575.57
2024-09-18 08:00:00,743.89
2024-09-18 09:00:00,748.7
2024-09-18 10:00:00,575.46
2024-09-18 11:00:00,474.17
2024-09-18 12:00:00,429.4
2024-09-18 13:00:00,526.97
2024-09-18 14:00:00,376.66
2024-09-18 15:00:00,266.18
2024-09-18 16:00:00,198.51
2024-09-18 17:00:00,35.53
2024-09-18 18:00:00,0.0
2024-09-18 19:00:00,0.0
2024-09-18 20:00:00,0.0
2024-09-18 21:00:00,0.0
2024-09-18 22:00:00,0.0
2024-09-18 23:00:00,0.0
2024-09-19 00:00:00,0.0
2024-09-19 01:00:00,0.0
2024-09-19 02:00:00,0.0
2024-09-19 03:00:00,0.0
2024-09-19 04:00:00,0.0
2024-09-19 05:00:00,2.67
2024-09-19 06:00:00,168.41
2024-09-19 07:00:00,464.28
2024-09-19 08:00:00,644.1
2024-09-19 09:00:00,669.31
2024-09-19 10:00:00,682.15
2024-09-19 11:00:00,606.87
2024-09-19 12:00:00,521.98
2024-09-19 13:00:00,597.69
2024-09-19 14:00:00,464.65
2024-09-19 15:00:00,355.46
2024-09-19 16:00:00,192.8
2024-09-19 17:00:00,27.33
2024-09-19 18:00:00,0.0
2024-09-19 19:00:00,0.0
2024-09-19 20:00:00,0.0
2024-09-19 21:00:00,0.0
2024-09-19 22:00:00,0.0
2024-09-19 23:00:00,0.0
2024-09-20 00:00:00,0.0
2024-09-20 01:00:00,0.0
2024-09-20 02:00:00,0.0
2024-09-20 03:00:00,0.0
2024-09-20 04:00:00,0.0
2024-09-20 05:00:00,0.0
2024-09-20 06:00:00,22.54
2024-09-20 07:00:00,37.62
2024-09-20 08:00:00,42.27
2024-09-20 09:00:00,119.4
2024-09-20 10:00:00,234.32
2024-09-20 11:00:00,276.36
2024-09-20 12:00:00,422.88
2024-09-20 13:00:00,452.86
2024-09-20 14:00:00,431.5
2024-09-20 15:00:00,255.77
2024-09-20 16:00:00,128.25
2024-09-20 17:00:00,21.2
2024-09-20 18:00:00,0.0
2024-09-20 19:00:00,0.0
2024-09-20 20:00:00,0.0
2024-09-20 21:00:00,0.0
2024-09-20 22:00:00,0.0
2024-09-20 23:00:00,0.0
2024-09-21 00:00:00,0.0
2024-09-21 01:00:00,0.0
2024-09-21 02:00:00,0.0
2024-09-21 03:00:00,0.0
2024-09-21 04:00:00,0.0
2024-09-21 05:00:00,4.18
2024-09-21 06:00:00,250.48
2024-09-21 07:00:00,491.3
2024-09-21 08:00:00,652.29
2024-09-21 09:00:00,722.53
2024-09-21 10:00:00,757.83
2024-09-21 11:00:00,612.04
2024-09-21 12:00:00,676.19
2024-09-21 13:00:00,424.43
2024-09-21 14:00:00,338.2
2024-09-21 15:00:00,198.73
2024-09-21 16:00:00,66.29
2024-09-21 17:00:00,9.39
2024-09-21 18:00:00,0.0
2024-09-21 19:00:00,0.0
2024-09-21 20:00:00,0.0
2024-09-21 21:00:00,0.0
2024-09-21 22:00:00,0.0
2024-09-21 23:00:00,0.0
2024-09-22 00:00:00,0.0
2024-09-22 01:00:00,0.0
2024-09-22 02:00:00,0.0
2024-09-22 03:00:00,0.0
2024-09-22 04:00:00,0.0
2024-09-22 05:00:00,3.25
2024-09-22 06:00:00,176.67
2024-09-22 07:00:00,456.86
2024-09-22 08:00:00,646.91
2024-09-22 09:00:00,685.5
2024-09-22 10:00:00,651.38
2024-09-22 11:00:00,581.71
2024-09-22 12:00:00,633.29
2024-09-22 13:00:00,420.51
2024-09-22 14:00:00,345.74
2024-09-22 15:00:00,217.78
2024-09-22 16:00:00,112.5
2024-09-22 17:00:00,14.93
2024-09-22 18:00:00,0.0
2024-09-22 19:00:00,0.0
2024-09-22 20:00:00,0.0
2024-09-22 21:00:00,0.0
2024-09-22 22:00:00,0.0
2024-09-22 23:00:00,0.0
2024-09-23 00:00:00,0.0
2024-09-23 01:00:00,0.0
2024-09-23 02:00:00,0.0
2024-09-23 03:00:00,0.0
2024-09-23 04:00:00,0.0
2024-09-23 05:00:00,2.49
2024-09-23 06:00:00,119.71
2024-09-23 07:00:00,384.67
2024-09-23 08:00:00,564.36
2024-09-23 09:00:00,625.48
2024-09-23 10:00:00,593.85
2024-09-23 11:00:00,536.86
2024-09-23 12:00:00,520.57
2024-09-23 13:00:00,471.9
2024-09-23 14:00:00,266.26
2024-09-23 15:00:00,142.32
2024-09-23 16:00:00,72.33
2024-09-23 17:00:00,5.28
2024-09-23 18:00:00,0.0
2024-09-23 19:00:00,0.0
2024-09-23 20:00:00,0.0
2024-09-23 21:00:00,0.0
2024-09-23 22:00:00,0.0
2024-09-23 23:00:00,0.0
2024-09-24 00:00:00,0.0
2024-09-24 01:00:00,0.0
2024-09-24 02:00:00,0.0
2024-09-24 03:00:00,0.0
2024-09-24 04:00:00,0.0
2024-09-24 05:00:00,0.0
2024-09-24 06:00:00,8.25
2024-09-24 07:00:00,28.92
2024-09-24 08:00:00,47.51
2024-09-24 09:00:00,79.54
2024-09-24 10:00:00,56.11
2024-09-24 11:00:00,0.0
2024-09-24 12:00:00,0.0
2024-09-24 13:00:00,2.74
2024-09-24 14:00:00,0.14
2024-09-24 15:00:00,0.0
2024-09-24 16:00:00,0.0
2024-09-24 17:00:00,0.0
2024-09-24 18:00:00,0.0
2024-09-24 19:00:00,0.0
2024-09-24 20:00:00,0.0
2024-09-24 21:00:00,0.0
2024-09-24 22:00:00,0.0
2024-09-24 23:00:00,0.0
2024-09-25 00:00:00,0.0
2024-09-25 01:00:00,0.0
2024-09-25 02:00:00,0.0
2024-09-25 03:00:00,0.0
2024-09-25 04:00:00,0.0
2024-09-25 05:00:00,0.0
2024-09-25 06:00:00,45.57
2024-09-25 07:00:00,113.54
2024-09-25 08:00:00,249.44
2024-09-25 09:00:00,370.99
2024-09-25 10:00:00,143.59
2024-09-25 11:00:00,82.94
2024-09-25 12:00:00,20.03
2024-09-25 13:00:00,32.35
2024-09-25 14:00:00,19.56
2024-09-25 15:00:00,0.4
2024-09-25 16:00:00,4.29
2024-09-25 17:00:00,0.0
2024-09-25 18:00:00,0.0
2024-09-25 19:00:00,0.0
2024-09-25 20:00:00,0.0
2024-09-25 21:00:00,0.0
2024-09-25 22:00:00,0.0
2024-09-25 23:00:00,0.0
2024-09-26 00:00:00,0.0
2024-09-26 01:00:00,0.0
2024-09-26 02:00:00,0.0
2024-09-26 03:00:00,0.0
2024-09-26 04:00:00,0.0
2024-09-26 05:00:00,0.0
2024-09-26 06:00:00,4.21
2024-09-26 07:00:00,12.68
2024-09-26 08:00:00,31.48
2024-09-26 09:00:00,41.83
2024-09-26 10:00:00,44.86
2024-09-26 11:00:00,28.3
2024-09-26 12:00:00,0.0
2024-09-26 13:00:00,9.11
2024-09-26 14:00:00,0.0
2024-09-26 15:00:00,0.0
2024-09-26 16:00:00,0.0
2024-09-26 17:00:00,0.0
2024-09-26 18:00:00,0.0
2024-09-26 19:00:00,0.0
2024-09-26 20:00:00,0.0
2024-09-26 21:00:00,0.0
2024-09-26 22:00:00,0.0
2024-09-26 23:00:00,0.0
2024-09-27 00:00:00,0.0
2024-09-27 01:00:00,0.0
2024-09-27 02:00:00,0.0
2024-09-27 03:00:00,0.0
2024-09-27 04:00:00,0.0
2024-09-27 05:00:00,0.0
2024-09-27 06:00:00,19.99
2024-09-27 07:00:00,20.14
2024-09-27 08:00:00,40.55
2024-09-27 09:00:00,37.67
2024-09-27 10:00:00,38.76
2024-09-27 11:00:00,72.29
2024-09-27 12:00:00,74.74
2024-09-27 13:00:00,12.21
2024-09-27 14:00:00,11.39
2024-09-27 15:00:00,3.24
2024-09-27 16:00:00,0.97
2024-09-27 17:00:00,0.0
2024-09-27 18:00:00,0.0
2024-09-27 19:00:00,0.0
2024-09-27 20:00:00,0.0
2024-09-27 21:00:00,0.0
2024-09-27 22:00:00,0.0
2024-09-27 23:00:00,0.0
2024-09-28 00:00:00,0.0
2024-09-28 01:00:00,0.0
2024-09-28 02:00:00,0.0
2024-09-28 03:00:00,0.0
2024-09-28 04:00:00,0.0
2024-09-28 05:00:00,0.0
2024-09-28 06:00:00,13.14
2024-09-28 07:00:00,45.62
2024-09-28 08:00:00,44.8
2024-09-28 09:00:00,45.93
2024-09-28 10:00:00,59.18
2024-09-28 11:00:00,37.01
2024-09-28 12:00:00,49.66
2024-09-28 13:00:00,24.1
2024-09-28 14:00:00,32.47
2024-09-28 15:00:00,18.91
2024-09-28 16:00:00,11.23
2024-09-28 17:00:00,0.0
2024-09-28 18:00:00,0.0
2024-09-28 19:00:00,0.0
2024-09-28 20:00:00,0.0
2024-09-28 21:00:00,0.0
2024-09-28 22:00:00,0.0
2024-09-28 23:00:00,0.0
2024-09-29 00:00:00,0.0
2024-09-29 01:00:00,0.0
2024-09-29 02:00:00,0.0
2024-09-29 03:00:00,0.0
2024-09-29 04:00:00,0.0
2024-09-29 05:00:00,0.0
2024-09-29 06:00:00,12.79
2024-09-29 07:00:00,35.68
2024-09-29 08:00:00,104.91
2024-09-29 09:00:00,76.87
2024-09-29 10:00:00,109.36
2024-09-29 11:00:00,43.45
2024-09-29 12:00:00,49.17
2024-09-29 13:00:00,157.99
2024-09-29 14:00:00,32.47
2024-09-29 15:00:00,15.51
2024-09-29 16:00:00,4.44
2024-09-29 17:00:00,0.0
2024-09-29 18:00:00,0.0
2024-09-29 19:00:00,0.0
2024-09-29 20:00:00,0.0
2024-09-29 21:00:00,0.0
2024-09-29 22:00:00,0.0
2024-09-29 23:00:00,0.0
2024-09-30 00:00:00,0.0
2024-09-30 01:00:00,0.0
2024-09-30 02:00:00,0.0
2024-09-30 03:00:00,0.0
2024-09-30 04:00:00,0.0
2024-09-30 05:00:00,0.0
2024-09-30 06:00:00,22.19
2024-09-30 07:00:00,73.13
2024-09-30 08:00:00,153.99
2024-09-30 09:00:00,179.34
2024-09-30 10:00:00,325.44
2024-09-30 11:00:00,208.87
2024-09-30 12:00:00,115.08
2024-09-30 13:00:00,318.57
2024-09-30 14:00:00,103.66
2024-09-30 15:00:00,153.57
2024-09-30 16:00:00,44.53
2024-09-30 17:00:00,0.0
2024-09-30 18:00:00,0.0
2024-09-30 19:00:00,0.0
2024-09-30 20:00:00,0.0
2024-09-30 21:00:00,0.0
2024-09-30 22:00:00,0.0
2024-09-30 23:00:00,0.0
2024-10-01 00:00:00,0.0
2024-10-01 01:00:00,0.0
2024-10-01 02:00:00,0.0
2024-10-01 03:00:00,0.0
2024-10-01 04:00:00,0.0
2024-10-01 05:00:00,0.0
2024-10-01 06:00:00,20.49
2024-10-01 07:00:00,18.37
2024-10-01 08:00:00,30.41
2024-10-01 09:00:00,41.2
2024-10-01 10:00:00,47.36
2024-10-01 11:00:00,25.68
2024-10-01 12:00:00,131.57
2024-10-01 13:00:00,78.78
2024-10-01 14:00:00,98.65
2024-10-01 15:00:00,44.4
2024-10-01 16:00:00,22.96
2024-10-01 17:00:00,0.0
2024-10-01 18:00:00,0.0
2024-10-01 19:00:00,0.0
2024-10-01 20:00:00,0.0
2024-10-01 21:00:00,0.0
2024-10-01 22:00:00,0.0
2024-10-01 23:00:00,0.0
2024-10-02 00:00:00,0.0
2024-10-02 01:00:00,0.0
2024-10-02 02:00:00,0.0
2024-10-02 03:00:00,0.0
2024-10-02 04:00:00,0.0
2024-10-02 05:00:00,0.0
2024-10-02 06:00:00,11.33
2024-10-02 07:00:00,24.65
2024-10-02 08:00:00,44.33
2024-10-02 09:00:00,24.08
2024-10-02 10:00:00,94.79
2024-10-02 11:00:00,67.12
2024-10-02 12:00:00,224.49
2024-10-02 13:00:00,55.55
2024-10-02 14:00:00,89.4
2024-10-02 15:00:00,54.62
2024-10-02 16:00:00,19.2
2024-10-02 17:00:00,0.0
2024-10-02 18:00:00,0.0
2024-10-02 19:00:00,0.0
2024-10-02 20:00:00,0.0
2024-10-02 21:00:00,0.0
2024-10-02 22:00:00,0.0
2024-10-02 23:00:00,0.0
2024-10-03 00:00:00,0.0
2024-10-03 01:00:00,0.0
2024-10-03 02:00:00,0.0
2024-10-03 03:00:00,0.0
2024-10-03 04:00:00,0.0
2024-10-03 05:00:00,0.0
2024-10-03 06:00:00,0.0
2024-10-03 07:00:00,12.17
2024-10-03 08:00:00,45.53
2024-10-03 09:00:00,34.48
2024-10-03 10:00:00,73.06
2024-10-03 11:00:00,75.59
2024-10-03 12:00:00,38.68
2024-10-03 13:00:00,32.09
2024-10-03 14:00:00,0.0
2024-10-03 15:00:00,0.0
2024-10-03 16:00:00,0.0
2024-10-03 17:00:00,0.0
2024-10-03 18:00:00,0.0
2024-10-03 19:00:00,0.0
2024-10-03 20:00:00,0.0
2024-10-03 21:00:00,0.0
2024-10-03 22:00:00,0.0
2024-10-03 23:00:00,0.0
2024-10-04 00:00:00,0.0
2024-10-04 01:00:00,0.0
2024-10-04 02:00:00,0.0
2024-10-04 03:00:00,0.0
2024-10-04 04:00:00,0.0
2024-10-04 05:00:00,0.0
2024-10-04 06:00:00,0.0
2024-10-04 07:00:00,0.0
2024-10-04 08:00:00,0.0
2024-10-04 09:00:00,23.32
2024-10-04 10:00:00,6.34
2024-10-04 11:00:00,70.35
2024-10-04 12:00:00,0.0
2024-10-04 13:00:00,0.0
2024-10-04 14:00:00,0.0
2024-10-04 15:00:00,0.0
2024-10-04 16:00:00,0.0
2024-10-04 17:00:00,0.0
2024-10-04 18:00:00,0.0
2024-10-04 19:00:00,0.0
2024-10-04 20:00:00,0.0
2024-10-04 21:00:00,0.0
2024-10-04 22:00:00,0.0
2024-10-04 23:00:00,0.0
2024-10-05 00:00:00,0.0
2024-10-05 01:00:00,0.0
2024-10-05 02:00:00,0.0
2024-10-05 03:00:00,0.0
2024-10-05 04:00:00,0.0
2024-10-05 05:00:00,0.0
2024-10-05 06:00:00,0.0
2024-10-05 07:00:00,0.0
2024-10-05 08:00:00,0.0
2024-10-05 09:00:00,0.0
2024-10-05 10:00:00,0.0
2024-10-05 11:00:00,23.82
2024-10-05 12:00:00,0.0
2024-10-05 13:00:00,0.0
2024-10-05 14:00:00,0.0
2024-10-05 15:00:00,0.0
2024-10-05 16:00:00,28.87
2024-10-05 17:00:00,0.0
2024-10-05 18:00:00,0.0
2024-10-05 19:00:00,0.0
2024-10-05 20:00:00,0.0
2024-10-05 21:00:00,0.0
2024-10-05 22:00:00,0.0
2024-10-05 23:00:00,0.0
2024-10-06 00:00:00,0.0
2024-10-06 01:00:00,0.0
2024-10-06 02:00:00,0.0
2024-10-06 03:00:00,0.0
2024-10-06 04:00:00,0.0
2024-10-06 05:00:00,0.0
2024-10-06 06:00:00,1.3
2024-10-06 07:00:00,1.66
2024-10-06 08:00:00,8.7
2024-10-06 09:00:00,0.0
2024-10-06 10:00:00,15.58
2024-10-06 11:00:00,0.0
2024-10-06 12:00:00,62.78
2024-10-06 13:00:00,0.0
2024-10-06 14:00:00,0.29
2024-10-06 15:00:00,3.8
2024-10-06 16:00:00,6.25
2024-10-06 17:00:00,0.0
2024-10-06 18:00:00,0.0
2024-10-06 19:00:00,0.0
2024-10-06 20:00:00,0.0
2024-10-06 21:00:00,0.0
2024-10-06 22:00:00,0.0
2024-10-06 23:00:00,0.0
2024-10-07 00:00:00,0.0
2024-10-07 01:00:00,0.0
2024-10-07 02:00:00,0.0
2024-10-07 03:00:00,0.0
2024-10-07 04:00:00,0.0
2024-10-07 05:00:00,0.0
2024-10-07 06:00:00,9.4
2024-10-07 07:00:00,27.58
2024-10-07 08:00:00,55.62
2024-10-07 09:00:00,49.19
2024-10-07 10:00:00,49.25
2024-10-07 11:00:00,18.43
2024-10-07 12:00:00,188.02
2024-10-07 13:00:00,280.2
2024-10-07 14:00:00,2.18
2024-10-07 15:00:00,19.8
2024-10-07 16:00:00,13.02
2024-10-07 17:00:00,0.0
2024-10-07 18:00:00,0.0
2024-10-07 19:00:00,0.0
2024-10-07 20:00:00,0.0
2024-10-07 21:00:00,0.0
2024-10-07 22:00:00,0.0
2024-10-07 23:00:00,0.0
2024-10-08 00:00:00,0.0
2024-10-08 01:00:00,0.0
2024-10-08 02:00:00,0.0
2024-10-08 03:00:00,0.0
2024-10-08 04:00:00,0.0
2024-10-08 05:00:00,0.0
2024-10-08 06:00:00,12.98
2024-10-08 07:00:00,5.97
2024-10-08 08:00:00,30.82
2024-10-08 09:00:00,86.99
2024-10-08 10:00:00,130.14
2024-10-08 11:00:00,186.19
2024-10-08 12:00:00,209.42
2024-10-08 13:00:00,176.76
2024-10-08 14:00:00,103.67
2024-10-08 15:00:00,95.85
2024-10-08 16:00:00,54.36
2024-10-08 17:00:00,1.28
2024-10-08 18:00:00,0.0
2024-10-08 19:00:00,0.0
2024-10-08 20:00:00,0.0
2024-10-08 21:00:00,0.0
2024-10-08 22:00:00,0.0
2024-10-08 23:00:00,0.0
2024-10-09 00:00:00,0.0
2024-10-09 01:00:00,0.0
2024-10-09 02:00:00,0.0
2024-10-09 03:00:00,0.0
2024-10-09 04:00:00,0.0
2024-10-09 05:00:00,0.0
2024-10-09 06:00:00,0.0
2024-10-09 07:00:00,9.57
2024-10-09 08:00:00,37.82
2024-10-09 09:00:00,41.4
2024-10-09 10:00:00,19.62
2024-10-09 11:00:00,0.87
2024-10-09 12:00:00,48.02
2024-10-09 13:00:00,19.39
2024-10-09 14:00:00,7.07
2024-10-09 15:00:00,2.55
2024-10-09 16:00:00,0.63
2024-10-09 17:00:00,0.0
2024-10-09 18:00:00,0.0
2024-10-09 19:00:00,0.0
2024-10-09 20:00:00,0.0
2024-10-09 21:00:00,0.0
2024-10-09 22:00:00,0.0
2024-10-09 23:00:00,0.0
2024-10-10 00:00:00,0.0
2024-10-10 01:00:00,0.0
2024-10-10 02:00:00,0.0
2024-10-10 03:00:00,0.0
2024-10-10 04:00:00,0.0
2024-10-10 05:00:00,0.0
2024-10-10 06:00:00,3.0
2024-10-10 07:00:00,3.59
2024-10-10 08:00:00,19.93
2024-10-10 09:00:00,0.0
2024-10-10 10:00:00,38.3
2024-10-10 11:00:00,23.78
2024-10-10 12:00:00,26.82
2024-10-10 13:00:00,58.55
2024-10-10 14:00:00,1.48
2024-10-10 15:00:00,3.26
2024-10-10 16:00:00,5.13
2024-10-10 17:00:00,0.0
2024-10-10 18:00:00,0.0
2024-10-10 19:00:00,0.0
2024-10-10 20:00:00,0.0
2024-10-10 21:00:00,0.0
2024-10-10 22:00:00,0.0
2024-10-10 23:00:00,0.0
2024-10-11 00:00:00,0.0
2024-10-11 01:00:00,0.0
2024-10-11 02:00:00,0.0
2024-10-11 03:00:00,0.0
2024-10-11 04:00:00,0.0
2024-10-11 05:00:00,0.0
2024-10-11 06:00:00,0.0
2024-10-11 07:00:00,0.38
2024-10-11 08:00:00,0.15
2024-10-11 09:00:00,30.35
2024-10-11 10:00:00,25.9
2024-10-11 11:00:00,39.34
2024-10-11 12:00:00,117.48
2024-10-11 13:00:00,21.06
2024-10-11 14:00:00,3.98
2024-10-11 15:00:00,13.33
2024-10-11 16:00:00,6.12
2024-10-11 17:00:00,0.0
2024-10-11 18:00:00,0.0
2024-10-11 19:00:00,0.0
2024-10-11 20:00:00,0.0
2024-10-11 21:00:00,0.0
2024-10-11 22:00:00,0.0
2024-10-11 23:00:00,0.0
2024-10-12 00:00:00,0.0
2024-10-12 01:00:00,0.0
2024-10-12 02:00:00,0.0
2024-10-12 03:00:00,0.0
2024-10-12 04:00:00,0.0
2024-10-12 05:00:00,0.0
2024-10-12 06:00:00,5.57
2024-10-12 07:00:00,17.39
2024-10-12 08:00:00,52.04
2024-10-12 09:00:00,37.83
2024-10-12 10:00:00,38.92
2024-10-12 11:00:00,33.98
2024-10-12 12:00:00,84.21
2024-10-12 13:00:00,72.09
2024-10-12 14:00:00,37.29
2024-10-12 15:00:00,19.6
2024-10-12 16:00:00,5.72
2024-10-12 17:00:00,0.0
2024-10-12 18:00:00,0.0
2024-10-12 19:00:00,0.0
2024-10-12 20:00:00,0.0
2024-10-12 21:00:00,0.0
2024-10-12 22:00:00,0.0
2024-10-12 23:00:00,0.0
2024-10-13 00:00:00,0.0
2024-10-13 01:00:00,0.0
2024-10-13 02:00:00,0.0
2024-10-13 03:00:00,0.0
2024-10-13 04:00:00,0.0
2024-10-13 05:00:00,0.0
2024-10-13 06:00:00,0.0
2024-10-13 07:00:00,0.95
2024-10-13 08:00:00,16.89
2024-10-13 09:00:00,43.97
2024-10-13 10:00:00,49.45
2024-10-13 11:00:00,35.51
2024-10-13 12:00:00,64.3
2024-10-13 13:00:00,47.25
2024-10-13 14:00:00,60.18
2024-10-13 15:00:00,32.71
2024-10-13 16:00:00,13.71
2024-10-13 17:00:00,0.0
2024-10-13 18:00:00,0.0
2024-10-13 19:00:00,0.0
2024-10-13 20:00:00,0.0
2024-10-13 21:00:00,0.0
2024-10-13 22:00:00,0.0
2024-10-13 23:00:00,0.0
2024-10-14 00:00:00,0.0
2024-10-14 01:00:00,0.0
2024-10-14 02:00:00,0.0
2024-10-14 03:00:00,0.0
2024-10-14 04:00:00,0.0
2024-10-14 05:00:00,0.0
2024-10-14 06:00:00,71.21
2024-10-14 07:00:00,197.81
2024-10-14 08:00:00,254.36
2024-10-14 09:00:00,262.89
2024-10-14 10:00:00,331.43
2024-10-14 11:00:00,329.18
2024-10-14 12:00:00,394.62
2024-10-14 13:00:00,201.47
2024-10-14 14:00:00,67.61
2024-10-14 15:00:00,50.95
2024-10-14 16:00:00,23.4
2024-10-14 17:00:00,0.0
2024-10-14 18:00:00,0.0
2024-10-14 19:00:00,0.0
2024-10-14 20:00:00,0.0
2024-10-14 21:00:00,0.0
2024-10-14 22:00:00,0.0
2024-10-14 23:00:00,0.0
2024-10-15 00:00:00,0.0
2024-10-15 01:00:00,0.0
2024-10-15 02:00:00,0.0
2024-10-15 03:00:00,0.0
2024-10-15 04:00:00,0.0
2024-10-15 05:00:00,0.0
2024-10-15 06:00:00,17.07
2024-10-15 07:00:00,51.91
2024-10-15 08:00:00,92.37
2024-10-15 09:00:00,51.71
2024-10-15 10:00:00,48.62
2024-10-15 11:00:00,150.86
2024-10-15 12:00:00,31.11
2024-10-15 13:00:00,22.97
2024-10-15 14:00:00,0.31
2024-10-15 15:00:00,15.03
2024-10-15 16:00:00,7.22
2024-10-15 17:00:00,0.0
2024-10-15 18:00:00,0.0
2024-10-15 19:00:00,0.0
2024-10-15 20:00:00,0.0
2024-10-15 21:00:00,0.0
2024-10-15 22:00:00,0.0
2024-10-15 23:00:00,0.0
2024-10-16 00:00:00,0.0
2024-10-16 01:00:00,0.0
2024-10-16 02:00:00,0.0
2024-10-16 03:00:00,0.0
2024-10-16 04:00:00,0.0
2024-10-16 05:00:00,0.0
2024-10-16 06:00:00,4.68
2024-10-16 07:00:00,15.16
2024-10-16 08:00:00,121.18
2024-10-16 09:00:00,164.01
2024-10-16 10:00:00,229.31
2024-10-16 11:00:00,340.28
2024-10-16 12:00:00,250.81
2024-10-16 13:00:00,167.91
2024-10-16 14:00:00,12.06
2024-10-16 15:00:00,19.96
2024-10-16 16:00:00,10.15
2024-10-16 17:00:00,0.0
2024-10-16 18:00:00,0.0
2024-10-16 19:00:00,0.0
2024-10-16 20:00:00,0.0
2024-10-16 21:00:00,0.0
2024-10-16 22:00:00,0.0
2024-10-16 23:00:00,0.0
2024-10-17 00:00:00,0.0
2024-10-17 01:00:00,0.0
2024-10-17 02:00:00,0.0
2024-10-17 03:00:00,0.0
2024-10-17 04:00:00,0.0
2024-10-17 05:00:00,0.0
2024-10-17 06:00:00,14.77
2024-10-17 07:00:00,62.11
2024-10-17 08:00:00,116.16
2024-10-17 09:00:00,167.74
2024-10-17 10:00:00,218.55
2024-10-17 11:00:00,150.72
2024-10-17 12:00:00,90.3
2024-10-17 13:00:00,44.57
2024-10-17 14:00:00,52.77
2024-10-17 15:00:00,19.73
2024-10-17 16:00:00,6.04
2024-10-17 17:00:00,0.0
2024-10-17 18:00:00,0.0
2024-10-17 19:00:00,0.0
2024-10-17 20:00:00,0.0
2024-10-17 21:00:00,0.0
2024-10-17 22:00:00,0.0
2024-10-17 23:00:00,0.0
2024-10-18 00:00:00,0.0
2024-10-18 01:00:00,0.0
2024-10-18 02:00:00,0.0
2024-10-18 03:00:00,0.0
2024-10-18 04:00:00,0.0
2024-10-18 05:00:00,0.0
2024-10-18 06:00:00,16.06
2024-10-18 07:00:00,57.29
2024-10-18 08:00:00,155.42
2024-10-18 09:00:00,124.28
2024-10-18 10:00:00,12.1
2024-10-18 11:00:00,42.73
2024-10-18 12:00:00,117.24
2024-10-18 13:00:00,56.55
2024-10-18 14:00:00,63.73
2024-10-18 15:00:00,47.27
2024-10-18 16:00:00,15.55
2024-10-18 17:00:00,0.0
2024-10-18 18:00:00,0.0
2024-10-18 19:00:00,0.0
2024-10-18 20:00:00,0.0
2024-10-18 21:00:00,0.0
2024-10-18 22:00:00,0.0
2024-10-18 23:00:00,0.0
2024-10-19 00:00:00,0.0
2024-10-19 01:00:00,0.0
2024-10-19 02:00:00,0.0
2024-10-19 03:00:00,0.0
2024-10-19 04:00:00,0.0
2024-10-19 05:00:00,0.0
2024-10-19 06:00:00,8.12
2024-10-19 07:00:00,30.42
2024-10-19 08:00:00,104.44
2024-10-19 09:00:00,92.59
2024-10-19 10:00:00,184.08
2024-10-19 11:00:00,138.7
2024-10-19 12:00:00,150.22
2024-10-19 13:00:00,115.72
2024-10-19 14:00:00,9.22
2024-10-19 15:00:00,25.22
2024-10-19 16:00:00,9.46
2024-10-19 17:00:00,0.0
2024-10-19 18:00:00,0.0
2024-10-19 19:00:00,0.0
2024-10-19 20:00:00,0.0
2024-10-19 21:00:00,0.0
2024-10-19 22:00:00,0.0
2024-10-19 23:00:00,0.0
2024-10-20 00:00:00,0.0
2024-10-20 01:00:00,0.0
2024-10-20 02:00:00,0.0
2024-10-20 03:00:00,0.0
2024-10-20 04:00:00,0.0
2024-10-20 05:00:00,0.0
2024-10-20 06:00:00,13.0
2024-10-20 07:00:00,78.89
2024-10-20 08:00:00,135.38
2024-10-20 09:00:00,145.45
2024-10-20 10:00:00,163.87
2024-10-20 11:00:00,353.68
2024-10-20 12:00:00,171.95
2024-10-20 13:00:00,265.7
2024-10-20 14:00:00,206.02
2024-10-20 15:00:00,155.12
2024-10-20 16:00:00,45.49
2024-10-20 17:00:00,0.0
2024-10-20 18:00:00,0.0
2024-10-20 19:00:00,0.0
2024-10-20 20:00:00,0.0
2024-10-20 21:00:00,0.0
2024-10-20 22:00:00,0.0
2024-10-20 23:00:00,0.0
2024-10-21 00:00:00,0.0
2024-10-21 01:00:00,0.0
2024-10-21 02:00:00,0.0
2024-10-21 03:00:00,0.0
2024-10-21 04:00:00,0.0
2024-10-21 05:00:00,0.0
2024-10-21 06:00:00,59.95
2024-10-21 07:00:00,358.14
2024-10-21 08:00:00,536.32
2024-10-21 09:00:00,653.26
2024-10-21 10:00:00,702.6
2024-10-21 11:00:00,854.85
2024-10-21 12:00:00,817.48
2024-10-21 13:00:00,790.92
2024-10-21 14:00:00,577.2
2024-10-21 15:00:00,475.58
2024-10-21 16:00:00,261.49
2024-10-21 17:00:00,0.0
2024-10-21 18:00:00,0.0
2024-10-21 19:00:00,0.0
2024-10-21 20:00:00,0.0
2024-10-21 21:00:00,0.0
2024-10-21 22:00:00,0.0
2024-10-21 23:00:00,0.0
2024-10-22 00:00:00,0.0
2024-10-22 01:00:00,0.0
2024-10-22 02:00:00,0.0
2024-10-22 03:00:00,0.0
2024-10-22 04:00:00,0.0
2024-10-22 05:00:00,0.0
2024-10-22 06:00:00,137.1
2024-10-22 07:00:00,400.39
2024-10-22 08:00:00,522.06
2024-10-22 09:00:00,590.33
2024-10-22 10:00:00,553.19
2024-10-22 11:00:00,760.39
2024-10-22 12:00:00,915.79
2024-10-22 13:00:00,845.36
2024-10-22 14:00:00,782.08
2024-10-22 15:00:00,652.48
2024-10-22 16:00:00,310.82
2024-10-22 17:00:00,0.0
2024-10-22 18:00:00,0.0
2024-10-22 19:00:00,0.0
2024-10-22 20:00:00,0.0
2024-10-22 21:00:00,0.0
2024-10-22 22:00:00,0.0
2024-10-22 23:00:00,0.0
2024-10-23 00:00:00,0.0
2024-10-23 01:00:00,0.0
2024-10-23 02:00:00,0.0
2024-10-23 03:00:00,0.0
2024-10-23 04:00:00,0.0
2024-10-23 05:00:00,0.0
2024-10-23 06:00:00,152.75
2024-10-23 07:00:00,452.32
2024-10-23 08:00:00,576.24
2024-10-23 09:00:00,584.58
2024-10-23 10:00:00,483.19
2024-10-23 11:00:00,76.58
2024-10-23 12:00:00,14.26
2024-10-23 13:00:00,43.37
2024-10-23 14:00:00,74.77
2024-10-23 15:00:00,247.02
2024-10-23 16:00:00,100.97
2024-10-23 17:00:00,0.0
2024-10-23 18:00:00,0.0
2024-10-23 19:00:00,0.0
2024-10-23 20:00:00,0.0
2024-10-23 21:00:00,0.0
2024-10-23 22:00:00,0.0
2024-10-23 23:00:00,0.0
2024-10-24 00:00:00,0.0
2024-10-24 01:00:00,0.0
2024-10-24 02:00:00,0.0
2024-10-24 03:00:00,0.0
2024-10-24 04:00:00,0.0
2024-10-24 05:00:00,0.0
2024-10-24 06:00:00,4.81
2024-10-24 07:00:00,50.49
2024-10-24 08:00:00,23.5
2024-10-24 09:00:00,41.88
2024-10-24 10:00:00,57.21
2024-10-24 11:00:00,65.21
2024-10-24 12:00:00,10.88
2024-10-24 13:00:00,0.0
2024-10-24 14:00:00,0.0
2024-10-24 15:00:00,0.0
2024-10-24 16:00:00,0.0
2024-10-24 17:00:00,0.0
2024-10-24 18:00:00,0.0
2024-10-24 19:00:00,0.0
2024-10-24 20:00:00,0.0
2024-10-24 21:00:00,0.0
2024-10-24 22:00:00,0.0
2024-10-24 23:00:00,0.0
2024-10-25 00:00:00,0.0
2024-10-25 01:00:00,0.0
2024-10-25 02:00:00,0.0
2024-10-25 03:00:00,0.0
2024-10-25 04:00:00,0.0
2024-10-25 05:00:00,0.0
2024-10-25 06:00:00,0.0
2024-10-25 07:00:00,0.46
2024-10-25 08:00:00,10.99
2024-10-25 09:00:00,20.3
2024-10-25 10:00:00,9.24
2024-10-25 11:00:00,97.97
2024-10-25 12:00:00,38.25
2024-10-25 13:00:00,18.84
2024-10-25 14:00:00,7.0
2024-10-25 15:00:00,5.99
2024-10-25 16:00:00,4.54
2024-10-25 17:00:00,0.0
2024-10-25 18:00:00,0.0
2024-10-25 19:00:00,0.0
2024-10-25 20:00:00,0.0
2024-10-25 21:00:00,0.0
2024-10-25 22:00:00,0.0
2024-10-25 23:00:00,0.0
2024-10-26 00:00:00,0.0
2024-10-26 01:00:00,0.0
2024-10-26 02:00:00,0.0
2024-10-26 03:00:00,0.0
2024-10-26 04:00:00,0.0
2024-10-26 05:00:00,0.0
2024-10-26 06:00:00,80.13
2024-10-26 07:00:00,288.85
2024-10-26 08:00:00,406.64
2024-10-26 09:00:00,538.07
2024-10-26 10:00:00,524.83
2024-10-26 11:00:00,401.86
2024-10-26 12:00:00,289.9
2024-10-26 13:00:00,421.56
2024-10-26 14:00:00,216.35
2024-10-26 15:00:00,116.17
2024-10-26 16:00:00,86.76
2024-10-26 17:00:00,0.0
2024-10-26 18:00:00,0.0
2024-10-26 19:00:00,0.0
2024-10-26 20:00:00,0.0
2024-10-26 21:00:00,0.0
2024-10-26 22:00:00,0.0
2024-10-26 23:00:00,0.0
2024-10-27 00:00:00,0.0
2024-10-27 01:00:00,0.0
2024-10-27 02:00:00,0.0
2024-10-27 03:00:00,0.0
2024-10-27 04:00:00,0.0
2024-10-27 05:00:00,0.0
2024-10-27 06:00:00,204.67
2024-10-27 07:00:00,546.61
2024-10-27 08:00:00,694.6
2024-10-27 09:00:00,760.33
2024-10-27 10:00:00,749.55
2024-10-27 11:00:00,687.81
2024-10-27 12:00:00,652.95
2024-10-27 13:00:00,741.18
2024-10-27 14:00:00,517.63
2024-10-27 15:00:00,456.71
2024-10-27 16:00:00,224.06
2024-10-27 17:00:00,0.0
2024-10-27 18:00:00,0.0
2024-10-27 19:00:00,0.0
2024-10-27 20:00:00,0.0
2024-10-27 21:00:00,0.0
2024-10-27 22:00:00,0.0
2024-10-27 23:00:00,0.0
2024-10-28 00:00:00,0.0
2024-10-28 01:00:00,0.0
2024-10-28 02:00:00,0.0
2024-10-28 03:00:00,0.0
2024-10-28 04:00:00,0.0
2024-10-28 05:00:00,0.0
2024-10-28 06:00:00,286.04
2024-10-28 07:00:00,588.43
2024-10-28 08:00:00,699.13
2024-10-28 09:00:00,698.7
2024-10-28 10:00:00,691.7
2024-10-28 11:00:00,665.11
2024-10-28 12:00:00,807.49
2024-10-28 13:00:00,627.12
2024-10-28 14:00:00,470.49
2024-10-28 15:00:00,458.46
2024-10-28 16:00:00,208.71
2024-10-28 17:00:00,0.0
2024-10-28 18:00:00,0.0
2024-10-28 19:00:00,0.0
2024-10-28 20:00:00,0.0
2024-10-28 21:00:00,0.0
2024-10-28 22:00:00,0.0
2024-10-28 23:00:00,0.0
2024-10-29 00:00:00,0.0
2024-10-29 01:00:00,0.0
2024-10-29 02:00:00,0.0
2024-10-29 03:00:00,0.0
2024-10-29 04:00:00,0.0
2024-10-29 05:00:00,0.0
2024-10-29 06:00:00,23.98
2024-10-29 07:00:00,87.11
2024-10-29 08:00:00,234.48
2024-10-29 09:00:00,399.15
2024-10-29 10:00:00,356.54
2024-10-29 11:00:00,142.67
2024-10-29 12:00:00,323.55
2024-10-29 13:00:00,98.74
2024-10-29 14:00:00,129.28
2024-10-29 15:00:00,134.3
2024-10-29 16:00:00,48.56
2024-10-29 17:00:00,0.0
2024-10-29 18:00:00,0.0
2024-10-29 19:00:00,0.0
2024-10-29 20:00:00,0.0
2024-10-29 21:00:00,0.0
2024-10-29 22:00:00,0.0
2024-10-29 23:00:00,0.0
2024-10-30 00:00:00,0.0
2024-10-30 01:00:00,0.0
2024-10-30 02:00:00,0.0
2024-10-30 03:00:00,0.0
2024-10-30 04:00:00,0.0
2024-10-30 05:00:00,0.0
2024-10-30 06:00:00,3.14
2024-10-30 07:00:00,26.35
2024-10-30 08:00:00,24.09
2024-10-30 09:00:00,27.01
2024-10-30 10:00:00,51.73
2024-10-30 11:00:00,66.74
2024-10-30 12:00:00,158.95
2024-10-30 13:00:00,47.51
2024-10-30 14:00:00,11.54
2024-10-30 15:00:00,8.96
2024-10-30 16:00:00,5.75
2024-10-30 17:00:00,0.0
2024-10-30 18:00:00,0.0
2024-10-30 19:00:00,0.0
2024-10-30 20:00:00,0.0
2024-10-30 21:00:00,0.0
2024-10-30 22:00:00,0.0
2024-10-30 23:00:00,0.0
2024-10-31 00:00:00,0.0
2024-10-31 01:00:00,0.0
2024-10-31 02:00:00,0.0
2024-10-31 03:00:00,0.0
2024-10-31 04:00:00,0.0
2024-10-31 05:00:00,0.0
2024-10-31 06:00:00,0.0
2024-10-31 07:00:00,10.64
2024-10-31 08:00:00,13.73
2024-10-31 09:00:00,47.6
2024-10-31 10:00:00,42.32
2024-10-31 11:00:00,54.69
2024-10-31 12:00:00,59.11
2024-10-31 13:00:00,41.8
2024-10-31 14:00:00,44.28
2024-10-31 15:00:00,60.28
2024-10-31 16:00:00,29.79
2024-10-31 17:00:00,0.0
2024-10-31 18:00:00,0.0
2024-10-31 19:00:00,0.0
2024-10-31 20:00:00,0.0
2024-10-31 21:00:00,0.0
2024-10-31 22:00:00,0.0
2024-10-31 23:00:00,0.0
2024-11-01 00:00:00,0.0
2024-11-01 01:00:00,0.0
2024-11-01 02:00:00,0.0
2024-11-01 03:00:00,0.0
2024-11-01 04:00:00,0.0
2024-11-01 05:00:00,0.0
2024-11-01 06:00:00,2.92
2024-11-01 07:00:00,16.3
2024-11-01 08:00:00,33.17
2024-11-01 09:00:00,54.74
2024-11-01 10:00:00,108.15
2024-11-01 11:00:00,133.2
2024-11-01 12:00:00,217.98
2024-11-01 13:00:00,273.49
2024-11-01 14:00:00,185.76
2024-11-01 15:00:00,104.11
2024-11-01 16:00:00,22.14
2024-11-01 17:00:00,0.0
2024-11-01 18:00:00,0.0
2024-11-01 19:00:00,0.0
2024-11-01 20:00:00,0.0
2024-11-01 21:00:00,0.0
2024-11-01 22:00:00,0.0
2024-11-01 23:00:00,0.0
2024-11-02 00:00:00,0.0
2024-11-02 01:00:00,0.0
2024-11-02 02:00:00,0.0
2024-11-02 03:00:00,0.0
2024-11-02 04:00:00,0.0
2024-11-02 05:00:00,0.0
2024-11-02 06:00:00,50.71
2024-11-02 07:00:00,313.28
2024-11-02 08:00:00,537.04
2024-11-02 09:00:00,634.24
2024-11-02 10:00:00,680.24
2024-11-02 11:00:00,708.61
2024-11-02 12:00:00,750.35
2024-11-02 13:00:00,574.64
2024-11-02 14:00:00,524.88
2024-11-02 15:00:00,420.01
2024-11-02 16:00:00,110.71
2024-11-02 17:00:00,0.0
2024-11-02 18:00:00,0.0
2024-11-02 19:00:00,0.0
2024-11-02 20:00:00,0.0
2024-11-02 21:00:00,0.0
2024-11-02 22:00:00,0.0
2024-11-02 23:00:00,0.0
2024-11-03 00:00:00,0.0
2024-11-03 01:00:00,0.0
2024-11-03 02:00:00,0.0
2024-11-03 03:00:00,0.0
2024-11-03 04:00:00,0.0
2024-11-03 05:00:00,0.0
2024-11-03 06:00:00,120.79
2024-11-03 07:00:00,474.52
2024-11-03 08:00:00,722.42
2024-11-03 09:00:00,811.97
2024-11-03 10:00:00,862.49
2024-11-03 11:00:00,827.67
2024-11-03 12:00:00,837.02
2024-11-03 13:00:00,753.8
2024-11-03 14:00:00,629.21
2024-11-03 15:00:00,491.04
2024-11-03 16:00:00,158.56
2024-11-03 17:00:00,0.0
2024-11-03 18:00:00,0.0
2024-11-03 19:00:00,0.0
2024-11-03 20:00:00,0.0
2024-11-03 21:00:00,0.0
2024-11-03 22:00:00,0.0
2024-11-03 23:00:00,0.0
2024-11-04 00:00:00,0.0
2024-11-04 01:00:00,0.0
2024-11-04 02:00:00,0.0
2024-11-04 03:00:00,0.0
2024-11-04 04:00:00,0.0
2024-11-04 05:00:00,0.0
2024-11-04 06:00:00,48.79
2024-11-04 07:00:00,273.55
2024-11-04 08:00:00,476.0
2024-11-04 09:00:00,648.11
2024-11-04 10:00:00,619.22
2024-11-04 11:00:00,621.55
2024-11-04 12:00:00,642.63
2024-11-04 13:00:00,305.25
2024-11-04 14:00:00,230.35
2024-11-04 15:00:00,202.71
2024-11-04 16:00:00,55.99
2024-11-04 17:00:00,0.0
2024-11-04 18:00:00,0.0
2024-11-04 19:00:00,0.0
2024-11-04 20:00:00,0.0
2024-11-04 21:00:00,0.0
2024-11-04 22:00:00,0.0
2024-11-04 23:00:00,0.0
2024-11-05 00:00:00,0.0
2024-11-05 01:00:00,0.0
2024-11-05 02:00:00,0.0
2024-11-05 03:00:00,0.0
2024-11-05 04:00:00,0.0
2024-11-05 05:00:00,0.0
2024-11-05 06:00:00,45.71
2024-11-05 07:00:00,220.72
2024-11-05 08:00:00,378.81
2024-11-05 09:00:00,508.7
2024-11-05 10:00:00,449.38
2024-11-05 11:00:00,459.2
2024-11-05 12:00:00,356.35
2024-11-05 13:00:00,440.71
2024-11-05 14:00:00,311.1
2024-11-05 15:00:00,160.25
2024-11-05 16:00:00,54.53
2024-11-05 17:00:00,0.0
2024-11-05 18:00:00,0.0
2024-11-05 19:00:00,0.0
2024-11-05 20:00:00,0.0
2024-11-05 21:00:00,0.0
2024-11-05 22:00:00,0.0
2024-11-05 23:00:00,0.0
2024-11-06 00:00:00,0.0
2024-11-06 01:00:00,0.0
2024-11-06 02:00:00,0.0
2024-11-06 03:00:00,0.0
2024-11-06 04:00:00,0.0
2024-11-06 05:00:00,0.0
2024-11-06 06:00:00,14.92
2024-11-06 07:00:00,119.29
2024-11-06 08:00:00,212.36
2024-11-06 09:00:00,308.12
2024-11-06 10:00:00,334.44
2024-11-06 11:00:00,335.52
2024-11-06 12:00:00,269.17
2024-11-06 13:00:00,289.84
2024-11-06 14:00:00,220.89
2024-11-06 15:00:00,113.75
2024-11-06 16:00:00,26.5
2024-11-06 17:00:00,0.0
2024-11-06 18:00:00,0.0
2024-11-06 19:00:00,0.0
2024-11-06 20:00:00,0.0
2024-11-06 21:00:00,0.0
2024-11-06 22:00:00,0.0
2024-11-06 23:00:00,0.0
2024-11-07 00:00:00,0.0
2024-11-07 01:00:00,0.0
2024-11-07 02:00:00,0.0
2024-11-07 03:00:00,0.0
2024-11-07 04:00:00,0.0
2024-11-07 05:00:00,0.0
2024-11-07 06:00:00,9.05
2024-11-07 07:00:00,83.96
2024-11-07 08:00:00,157.02
2024-11-07 09:00:00,299.58
2024-11-07 10:00:00,418.4
2024-11-07 11:00:00,451.9
2024-11-07 12:00:00,506.14
2024-11-07 13:00:00,259.33
2024-11-07 14:00:00,188.37
2024-11-07 15:00:00,151.16
2024-11-07 16:00:00,61.04
2024-11-07 17:00:00,0.0
2024-11-07 18:00:00,0.0
2024-11-07 19:00:00,0.0
2024-11-07 20:00:00,0.0
2024-11-07 21:00:00,0.0
2024-11-07 22:00:00,0.0
2024-11-07 23:00:00,0.0
2024-11-08 00:00:00,0.0
2024-11-08 01:00:00,0.0
2024-11-08 02:00:00,0.0
2024-11-08 03:00:00,0.0
2024-11-08 04:00:00,0.0
2024-11-08 05:00:00,0.0
2024-11-08 06:00:00,138.72
2024-11-08 07:00:00,534.21
2024-11-08 08:00:00,670.41
2024-11-08 09:00:00,759.23
2024-11-08 10:00:00,808.23
2024-11-08 11:00:00,808.24
2024-11-08 12:00:00,836.73
2024-11-08 13:00:00,658.39
2024-11-08 14:00:00,652.28
2024-11-08 15:00:00,491.1
2024-11-08 16:00:00,192.6
2024-11-08 17:00:00,0.0
2024-11-08 18:00:00,0.0
2024-11-08 19:00:00,0.0
2024-11-08 20:00:00,0.0
2024-11-08 21:00:00,0.0
2024-11-08 22:00:00,0.0
2024-11-08 23:00:00,0.0
2024-11-09 00:00:00,0.0
2024-11-09 01:00:00,0.0
2024-11-09 02:00:00,0.0
2024-11-09 03:00:00,0.0
2024-11-09 04:00:00,0.0
2024-11-09 05:00:00,0.0
2024-11-09 06:00:00,84.55
2024-11-09 07:00:00,391.76
2024-11-09 08:00:00,574.49
2024-11-09 09:00:00,653.94
2024-11-09 10:00:00,714.02
2024-11-09 11:00:00,848.24
2024-11-09 12:00:00,867.42
2024-11-09 13:00:00,771.37
2024-11-09 14:00:00,669.62
2024-11-09 15:00:00,492.09
2024-11-09 16:00:00,136.01
2024-11-09 17:00:00,0.0
2024-11-09 18:00:00,0.0
2024-11-09 19:00:00,0.0
2024-11-09 20:00:00,0.0
2024-11-09 21:00:00,0.0
2024-11-09 22:00:00,0.0
2024-11-09 23:00:00,0.0
2024-11-10 00:00:00,0.0
2024-11-10 01:00:00,0.0
2024-11-10 02:00:00,0.0
2024-11-10 03:00:00,0.0
2024-11-10 04:00:00,0.0
2024-11-10 05:00:00,0.0
2024-11-10 06:00:00,131.85
2024-11-10 07:00:00,558.29
2024-11-10 08:00:00,667.37
2024-11-10 09:00:00,767.64
2024-11-10 10:00:00,769.25
2024-11-10 11:00:00,758.66
2024-11-10 12:00:00,841.65
2024-11-10 13:00:00,692.13
2024-11-10 14:00:00,585.45
2024-11-10 15:00:00,366.7
2024-11-10 16:00:00,142.05
2024-11-10 17:00:00,0.0
2024-11-10 18:00:00,0.0
2024-11-10 19:00:00,0.0
2024-11-10 20:00:00,0.0
2024-11-10 21:00:00,0.0
2024-11-10 22:00:00,0.0
2024-11-10 23:00:00,0.0
2024-11-11 00:00:00,0.0
2024-11-11 01:00:00,0.0
2024-11-11 02:00:00,0.0
2024-11-11 03:00:00,0.0
2024-11-11 04:00:00,0.0
2024-11-11 05:00:00,0.0
2024-11-11 06:00:00,70.92
2024-11-11 07:00:00,369.55
2024-11-11 08:00:00,551.51
2024-11-11 09:00:00,618.36
2024-11-11 10:00:00,674.45
2024-11-11 11:00:00,617.71
2024-11-11 12:00:00,540.53
2024-11-11 13:00:00,662.75
2024-11-11 14:00:00,523.63
2024-11-11 15:00:00,352.12
2024-11-11 16:00:00,102.07
2024-11-11 17:00:00,0.0
2024-11-11 18:00:00,0.0
2024-11-11 19:00:00,0.0
2024-11-11 20:00:00,0.0
2024-11-11 21:00:00,0.0
2024-11-11 22:00:00,0.0
2024-11-11 23:00:00,0.0
2024-11-12 00:00:00,0.0
2024-11-12 01:00:00,0.0
2024-11-12 02:00:00,0.0
2024-11-12 03:00:00,0.0
2024-11-12 04:00:00,0.0
2024-11-12 05:00:00,0.0
2024-11-12 06:00:00,112.44
2024-11-12 07:00:00,372.76
2024-11-12 08:00:00,517.82
2024-11-12 09:00:00,633.75
2024-11-12 10:00:00,676.69
2024-11-12 11:00:00,684.05
2024-11-12 12:00:00,549.9
2024-11-12 13:00:00,624.64
2024-11-12 14:00:00,436.01
2024-11-12 15:00:00,265.23
2024-11-12 16:00:00,66.58
2024-11-12 17:00:00,0.0
2024-11-12 18:00:00,0.0
2024-11-12 19:00:00,0.0
2024-11-12 20:00:00,0.0
2024-11-12 21:00:00,0.0
2024-11-12 22:00:00,0.0
2024-11-12 23:00:00,0.0
2024-11-13 00:00:00,0.0
2024-11-13 01:00:00,0.0
2024-11-13 02:00:00,0.0
2024-11-13 03:00:00,0.0
2024-11-13 04:00:00,0.0
2024-11-13 05:00:00,0.0
2024-11-13 06:00:00,96.0
2024-11-13 07:00:00,460.83
2024-11-13 08:00:00,639.59
2024-11-13 09:00:00,725.91
2024-11-13 10:00:00,723.21
2024-11-13 11:00:00,633.55
2024-11-13 12:00:00,697.63
2024-11-13 13:00:00,557.66
2024-11-13 14:00:00,413.46
2024-11-13 15:00:00,220.48
2024-11-13 16:00:00,71.26
2024-11-13 17:00:00,0.0
2024-11-13 18:00:00,0.0
2024-11-13 19:00:00,0.0
2024-11-13 20:00:00,0.0
2024-11-13 21:00:00,0.0
2024-11-13 22:00:00,0.0
2024-11-13 23:00:00,0.0
2024-11-14 00:00:00,0.0
2024-11-14 01:00:00,0.0
2024-11-14 02:00:00,0.0
2024-11-14 03:00:00,0.0
2024-11-14 04:00:00,0.0
2024-11-14 05:00:00,0.0
2024-11-14 06:00:00,167.66
2024-11-14 07:00:00,617.14
2024-11-14 08:00:00,774.59
2024-11-14 09:00:00,854.88
2024-11-14 10:00:00,854.47
2024-11-14 11:00:00,859.36
2024-11-14 12:00:00,847.63
2024-11-14 13:00:00,686.11
2024-11-14 14:00:00,564.44
2024-11-14 15:00:00,368.34
2024-11-14 16:00:00,93.38
2024-11-14 17:00:00,0.0
2024-11-14 18:00:00,0.0
2024-11-14 19:00:00,0.0
2024-11-14 20:00:00,0.0
2024-11-14 21:00:00,0.0
2024-11-14 22:00:00,0.0
2024-11-14 23:00:00,0.0
2024-11-15 00:00:00,0.0
2024-11-15 01:00:00,0.0
2024-11-15 02:00:00,0.0
2024-11-15 03:00:00,0.0
2024-11-15 04:00:00,0.0
2024-11-15 05:00:00,0.0
2024-11-15 06:00:00,109.5
2024-11-15 07:00:00,469.72
2024-11-15 08:00:00,619.87
2024-11-15 09:00:00,698.31
2024-11-15 10:00:00,755.83
2024-11-15 11:00:00,628.63
2024-11-15 12:00:00,794.36
2024-11-15 13:00:00,608.43
2024-11-15 14:00:00,376.77
2024-11-15 15:00:00,205.03
2024-11-15 16:00:00,45.3
2024-11-15 17:00:00,0.0
2024-11-15 18:00:00,0.0
2024-11-15 19:00:00,0.0
2024-11-15 20:00:00,0.0
2024-11-15 21:00:00,0.0
2024-11-15 22:00:00,0.0
2024-11-15 23:00:00,0.0
2024-11-16 00:00:00,0.0
2024-11-16 01:00:00,0.0
2024-11-16 02:00:00,0.0
2024-11-16 03:00:00,0.0
2024-11-16 04:00:00,0.0
2024-11-16 05:00:00,0.0
2024-11-16 06:00:00,74.92
2024-11-16 07:00:00,353.55
2024-11-16 08:00:00,464.23
2024-11-16 09:00:00,575.1
2024-11-16 10:00:00,557.07
2024-11-16 11:00:00,389.85
2024-11-16 12:00:00,383.05
2024-11-16 13:00:00,324.08
2024-11-16 14:00:00,226.83
2024-11-16 15:00:00,140.97
2024-11-16 16:00:00,34.9
2024-11-16 17:00:00,0.0
2024-11-16 18:00:00,0.0
2024-11-16 19:00:00,0.0
2024-11-16 20:00:00,0.0
2024-11-16 21:00:00,0.0
2024-11-16 22:00:00,0.0
2024-11-16 23:00:00,0.0
2024-11-17 00:00:00,0.0
2024-11-17 01:00:00,0.0
2024-11-17 02:00:00,0.0
2024-11-17 03:00:00,0.0
2024-11-17 04:00:00,0.0
2024-11-17 05:00:00,0.0
2024-11-17 06:00:00,44.99
2024-11-17 07:00:00,234.94
2024-11-17 08:00:00,363.69
2024-11-17 09:00:00,428.14
2024-11-17 10:00:00,464.53
2024-11-17 11:00:00,399.83
2024-11-17 12:00:00,336.75
2024-11-17 13:00:00,529.25
2024-11-17 14:00:00,299.47
2024-11-17 15:00:00,156.36
2024-11-17 16:00:00,43.11
2024-11-17 17:00:00,0.0
2024-11-17 18:00:00,0.0
2024-11-17 19:00:00,0.0
2024-11-17 20:00:00,0.0
2024-11-17 21:00:00,0.0
2024-11-17 22:00:00,0.0
2024-11-17 23:00:00,0.0
2024-11-18 00:00:00,0.0
2024-11-18 01:00:00,0.0
2024-11-18 02:00:00,0.0
2024-11-18 03:00:00,0.0
2024-11-18 04:00:00,0.0
2024-11-18 05:00:00,0.0
2024-11-18 06:00:00,60.35
2024-11-18 07:00:00,291.38
2024-11-18 08:00:00,442.97
2024-11-18 09:00:00,563.35
2024-11-18 10:00:00,612.51
2024-11-18 11:00:00,707.12
2024-11-18 12:00:00,692.68
2024-11-18 13:00:00,338.07
2024-11-18 14:00:00,324.0
2024-11-18 15:00:00,224.36
2024-11-18 16:00:00,60.32
2024-11-18 17:00:00,0.0
2024-11-18 18:00:00,0.0
2024-11-18 19:00:00,0.0
2024-11-18 20:00:00,0.0
2024-11-18 21:00:00,0.0
2024-11-18 22:00:00,0.0
2024-11-18 23:00:00,0.0
2024-11-19 00:00:00,0.0
2024-11-19 01:00:00,0.0
2024-11-19 02:00:00,0.0
2024-11-19 03:00:00,0.0
2024-11-19 04:00:00,0.0
2024-11-19 05:00:00,0.0
2024-11-19 06:00:00,109.23
2024-11-19 07:00:00,428.22
2024-11-19 08:00:00,636.82
2024-11-19 09:00:00,706.42
2024-11-19 10:00:00,759.52
2024-11-19 11:00:00,672.76
2024-11-19 12:00:00,805.86
2024-11-19 13:00:00,580.2
2024-11-19 14:00:00,470.97
2024-11-19 15:00:00,323.54
2024-11-19 16:00:00,95.04
2024-11-19 17:00:00,0.0
2024-11-19 18:00:00,0.0
2024-11-19 19:00:00,0.0
2024-11-19 20:00:00,0.0
2024-11-19 21:00:00,0.0
2024-11-19 22:00:00,0.0
2024-11-19 23:00:00,0.0
2024-11-20 00:00:00,0.0
2024-11-20 01:00:00,0.0
2024-11-20 02:00:00,0.0
2024-11-20 03:00:00,0.0
2024-11-20 04:00:00,0.0
2024-11-20 05:00:00,0.0
2024-11-20 06:00:00,83.8
2024-11-20 07:00:00,463.89
2024-11-20 08:00:00,658.16
2024-11-20 09:00:00,715.5
2024-11-20 10:00:00,725.5
2024-11-20 11:00:00,863.84
2024-11-20 12:00:00,911.91
2024-11-20 13:00:00,766.81
2024-11-20 14:00:00,616.15
2024-11-20 15:00:00,534.53
2024-11-20 16:00:00,159.69
2024-11-20 17:00:00,0.0
2024-11-20 18:00:00,0.0
2024-11-20 19:00:00,0.0
2024-11-20 20:00:00,0.0
2024-11-20 21:00:00,0.0
2024-11-20 22:00:00,0.0
2024-11-20 23:00:00,0.0
2024-11-21 00:00:00,0.0
2024-11-21 01:00:00,0.0
2024-11-21 02:00:00,0.0
2024-11-21 03:00:00,0.0
2024-11-21 04:00:00,0.0
2024-11-21 05:00:00,0.0
2024-11-21 06:00:00,96.07
2024-11-21 07:00:00,512.36
2024-11-21 08:00:00,729.63
2024-11-21 09:00:00,819.91
2024-11-21 10:00:00,805.48
2024-11-21 11:00:00,911.33
2024-11-21 12:00:00,763.74
2024-11-21 13:00:00,726.73
2024-11-21 14:00:00,611.63
2024-11-21 15:00:00,438.89
2024-11-21 16:00:00,110.63
2024-11-21 17:00:00,0.0
2024-11-21 18:00:00,0.0
2024-11-21 19:00:00,0.0
2024-11-21 20:00:00,0.0
2024-11-21 21:00:00,0.0
2024-11-21 22:00:00,0.0
2024-11-21 23:00:00,0.0
2024-11-22 00:00:00,0.0
2024-11-22 01:00:00,0.0
2024-11-22 02:00:00,0.0
2024-11-22 03:00:00,0.0
2024-11-22 04:00:00,0.0
2024-11-22 05:00:00,0.0
2024-11-22 06:00:00,84.94
2024-11-22 07:00:00,478.33
2024-11-22 08:00:00,651.46
2024-11-22 09:00:00,742.03
2024-11-22 10:00:00,702.29
2024-11-22 11:00:00,727.31
2024-11-22 12:00:00,685.73
2024-11-22 13:00:00,634.21
2024-11-22 14:00:00,532.28
2024-11-22 15:00:00,386.04
2024-11-22 16:00:00,82.97
2024-11-22 17:00:00,0.0
2024-11-22 18:00:00,0.0
2024-11-22 19:00:00,0.0
2024-11-22 20:00:00,0.0
2024-11-22 21:00:00,0.0
2024-11-22 22:00:00,0.0
2024-11-22 23:00:00,0.0
2024-11-23 00:00:00,0.0
2024-11-23 01:00:00,0.0
2024-11-23 02:00:00,0.0
2024-11-23 03:00:00,0.0
2024-11-23 04:00:00,0.0
2024-11-23 05:00:00,0.0
2024-11-23 06:00:00,2.14
2024-11-23 07:00:00,14.53
2024-11-23 08:00:00,18.82
2024-11-23 09:00:00,20.56
2024-11-23 10:00:00,14.44
2024-11-23 11:00:00,182.57
2024-11-23 12:00:00,152.77
2024-11-23 13:00:00,102.38
2024-11-23 14:00:00,83.34
2024-11-23 15:00:00,46.39
2024-11-23 16:00:00,9.06
2024-11-23 17:00:00,0.0
2024-11-23 18:00:00,0.0
2024-11-23 19:00:00,0.0
2024-11-23 20:00:00,0.0
2024-11-23 21:00:00,0.0
2024-11-23 22:00:00,0.0
2024-11-23 23:00:00,0.0
2024-11-24 00:00:00,0.0
2024-11-24 01:00:00,0.0
2024-11-24 02:00:00,0.0
2024-11-24 03:00:00,0.0
2024-11-24 04:00:00,0.0
2024-11-24 05:00:00,0.0
2024-11-24 06:00:00,6.66
2024-11-24 07:00:00,41.55
2024-11-24 08:00:00,66.63
2024-11-24 09:00:00,72.66
2024-11-24 10:00:00,59.67
2024-11-24 11:00:00,70.03
2024-11-24 12:00:00,138.08
2024-11-24 13:00:00,88.44
2024-11-24 14:00:00,75.0
2024-11-24 15:00:00,63.54
2024-11-24 16:00:00,14.65
2024-11-24 17:00:00,0.0
2024-11-24 18:00:00,0.0
2024-11-24 19:00:00,0.0
2024-11-24 20:00:00,0.0
2024-11-24 21:00:00,0.0
2024-11-24 22:00:00,0.0
2024-11-24 23:00:00,0.0
2024-11-25 00:00:00,0.0
2024-11-25 01:00:00,0.0
2024-11-25 02:00:00,0.0
2024-11-25 03:00:00,0.0
2024-11-25 04:00:00,0.0
2024-11-25 05:00:00,0.0
2024-11-25 06:00:00,23.21
2024-11-25 07:00:00,174.99
2024-11-25 08:00:00,188.27
2024-11-25 09:00:00,243.52
2024-11-25 10:00:00,242.27
2024-11-25 11:00:00,311.32
2024-11-25 12:00:00,482.7
2024-11-25 13:00:00,206.15
2024-11-25 14:00:00,118.01
2024-11-25 15:00:00,113.32
2024-11-25 16:00:00,32.62
2024-11-25 17:00:00,0.0
2024-11-25 18:00:00,0.0
2024-11-25 19:00:00,0.0
2024-11-25 20:00:00,0.0
2024-11-25 21:00:00,0.0
2024-11-25 22:00:00,0.0
2024-11-25 23:00:00,0.0
2024-11-26 00:00:00,0.0
2024-11-26 01:00:00,0.0
2024-11-26 02:00:00,0.0
2024-11-26 03:00:00,0.0
2024-11-26 04:00:00,0.0
2024-11-26 05:00:00,0.0
2024-11-26 06:00:00,65.77
2024-11-26 07:00:00,285.89
2024-11-26 08:00:00,346.68
2024-11-26 09:00:00,412.61
2024-11-26 10:00:00,420.56
2024-11-26 11:00:00,526.01
2024-11-26 12:00:00,357.85
2024-11-26 13:00:00,413.46
2024-11-26 14:00:00,267.41
2024-11-26 15:00:00,131.77
2024-11-26 16:00:00,36.57
2024-11-26 17:00:00,0.0
2024-11-26 18:00:00,0.0
2024-11-26 19:00:00,0.0
2024-11-26 20:00:00,0.0
2024-11-26 21:00:00,0.0
2024-11-26 22:00:00,0.0
2024-11-26 23:00:00,0.0
2024-11-27 00:00:00,0.0
2024-11-27 01:00:00,0.0
2024-11-27 02:00:00,0.0
2024-11-27 03:00:00,0.0
2024-11-27 04:00:00,0.0
2024-11-27 05:00:00,0.0
2024-11-27 06:00:00,100.4
2024-11-27 07:00:00,394.41
2024-11-27 08:00:00,481.75
2024-11-27 09:00:00,619.34
2024-11-27 10:00:00,565.06
2024-11-27 11:00:00,576.55
2024-11-27 12:00:00,378.69
2024-11-27 13:00:00,549.47
2024-11-27 14:00:00,373.38
2024-11-27 15:00:00,188.65
2024-11-27 16:00:00,56.82
2024-11-27 17:00:00,0.0
2024-11-27 18:00:00,0.0
2024-11-27 19:00:00,0.0
2024-11-27 20:00:00,0.0
2024-11-27 21:00:00,0.0
2024-11-27 22:00:00,0.0
2024-11-27 23:00:00,0.0
2024-11-28 00:00:00,0.0
2024-11-28 01:00:00,0.0
2024-11-28 02:00:00,0.0
2024-11-28 03:00:00,0.0
2024-11-28 04:00:00,0.0
2024-11-28 05:00:00,0.0
2024-11-28 06:00:00,106.04
2024-11-28 07:00:00,524.98
2024-11-28 08:00:00,718.23
2024-11-28 09:00:00,834.57
2024-11-28 10:00:00,859.03
2024-11-28 11:00:00,836.65
2024-11-28 12:00:00,777.19
2024-11-28 13:00:00,715.13
2024-11-28 14:00:00,595.2
2024-11-28 15:00:00,452.83
2024-11-28 16:00:00,112.29
2024-11-28 17:00:00,0.0
2024-11-28 18:00:00,0.0
2024-11-28 19:00:00,0.0
2024-11-28 20:00:00,0.0
2024-11-28 21:00:00,0.0
2024-11-28 22:00:00,0.0
2024-11-28 23:00:00,0.0
2024-11-29 00:00:00,0.0
2024-11-29 01:00:00,0.0
2024-11-29 02:00:00,0.0
2024-11-29 03:00:00,0.0
2024-11-29 04:00:00,0.0
2024-11-29 05:00:00,0.0
2024-11-29 06:00:00,125.32
2024-11-29 07:00:00,626.71
2024-11-29 08:00:00,816.51
2024-11-29 09:00:00,899.28
2024-11-29 10:00:00,947.96
2024-11-29 11:00:00,977.25
2024-11-29 12:00:00,960.85
2024-11-29 13:00:00,936.45
2024-11-29 14:00:00,884.27
2024-11-29 15:00:00,731.76
2024-11-29 16:00:00,226.48
2024-11-29 17:00:00,0.0
2024-11-29 18:00:00,0.0
2024-11-29 19:00:00,0.0
2024-11-29 20:00:00,0.0
2024-11-29 21:00:00,0.0
2024-11-29 22:00:00,0.0
2024-11-29 23:00:00,0.0
2024-11-30 00:00:00,0.0
2024-11-30 01:00:00,0.0
2024-11-30 02:00:00,0.0
2024-11-30 03:00:00,0.0
2024-11-30 04:00:00,0.0
2024-11-30 05:00:00,0.0
2024-11-30 06:00:00,207.89
2024-11-30 07:00:00,712.03
2024-11-30 08:00:00,840.08
2024-11-30 09:00:00,897.0
2024-11-30 10:00:00,1019.04
2024-11-30 11:00:00,910.27
2024-11-30 12:00:00,981.01
2024-11-30 13:00:00,861.84
2024-11-30 14:00:00,798.67
2024-11-30 15:00:00,566.34
2024-11-30 16:00:00,160.63
2024-11-30 17:00:00,0.0
2024-11-30 18:00:00,0.0
2024-11-30 19:00:00,0.0
2024-11-30 20:00:00,0.0
2024-11-30 21:00:00,0.0
2024-11-30 22:00:00,0.0
2024-11-30 23:00:00,0.0
2024-12-01 00:00:00,0.0
2024-12-01 01:00:00,0.0
2024-12-01 02:00:00,0.0
2024-12-01 03:00:00,0.0
2024-12-01 04:00:00,0.0
2024-12-01 05:00:00,0.0
2024-12-01 06:00:00,69.53
2024-12-01 07:00:00,546.73
2024-12-01 08:00:00,744.09
2024-12-01 09:00:00,812.84
2024-12-01 10:00:00,939.91
2024-12-01 11:00:00,850.38
2024-12-01 12:00:00,961.71
2024-12-01 13:00:00,799.8
2024-12-01 14:00:00,653.76
2024-12-01 15:00:00,446.4
2024-12-01 16:00:00,104.28
2024-12-01 17:00:00,0.0
2024-12-01 18:00:00,0.0
2024-12-01 19:00:00,0.0
2024-12-01 20:00:00,0.0
2024-12-01 21:00:00,0.0
2024-12-01 22:00:00,0.0
2024-12-01 23:00:00,0.0
2024-12-02 00:00:00,0.0
2024-12-02 01:00:00,0.0
2024-12-02 02:00:00,0.0
2024-12-02 03:00:00,0.0
2024-12-02 04:00:00,0.0
2024-12-02 05:00:00,0.0
2024-12-02 06:00:00,50.42
2024-12-02 07:00:00,453.36
2024-12-02 08:00:00,671.08
2024-12-02 09:00:00,785.87
2024-12-02 10:00:00,781.97
2024-12-02 11:00:00,791.55
2024-12-02 12:00:00,728.21
2024-12-02 13:00:00,666.72
2024-12-02 14:00:00,538.22
2024-12-02 15:00:00,389.19
2024-12-02 16:00:00,79.11
2024-12-02 17:00:00,0.0
2024-12-02 18:00:00,0.0
2024-12-02 19:00:00,0.0
2024-12-02 20:00:00,0.0
2024-12-02 21:00:00,0.0
2024-12-02 22:00:00,0.0
2024-12-02 23:00:00,0.0
2024-12-03 00:00:00,0.0
2024-12-03 01:00:00,0.0
2024-12-03 02:00:00,0.0
2024-12-03 03:00:00,0.0
2024-12-03 04:00:00,0.0
2024-12-03 05:00:00,0.0
2024-12-03 06:00:00,71.27
2024-12-03 07:00:00,533.0
2024-12-03 08:00:00,697.24
2024-12-03 09:00:00,796.55
2024-12-03 10:00:00,869.88
2024-12-03 11:00:00,840.13
2024-12-03 12:00:00,751.4
2024-12-03 13:00:00,814.76
2024-12-03 14:00:00,690.21
2024-12-03 15:00:00,507.98
2024-12-03 16:00:00,100.14
2024-12-03 17:00:00,0.0
2024-12-03 18:00:00,0.0
2024-12-03 19:00:00,0.0
2024-12-03 20:00:00,0.0
2024-12-03 21:00:00,0.0
2024-12-03 22:00:00,0.0
2024-12-03 23:00:00,0.0
2024-12-04 00:00:00,0.0
2024-12-04 01:00:00,0.0
2024-12-04 02:00:00,0.0
2024-12-04 03:00:00,0.0
2024-12-04 04:00:00,0.0
2024-12-04 05:00:00,0.0
2024-12-04 06:00:00,43.2
2024-12-04 07:00:00,407.93
2024-12-04 08:00:00,599.19
2024-12-04 09:00:00,779.24
2024-12-04 10:00:00,736.51
2024-12-04 11:00:00,645.83
2024-12-04 12:00:00,705.45
2024-12-04 13:00:00,532.19
2024-12-04 14:00:00,404.17
2024-12-04 15:00:00,259.64
2024-12-04 16:00:00,55.4
2024-12-04 17:00:00,0.0
2024-12-04 18:00:00,0.0
2024-12-04 19:00:00,0.0
2024-12-04 20:00:00,0.0
2024-12-04 21:00:00,0.0
2024-12-04 22:00:00,0.0
2024-12-04 23:00:00,0.0
2024-12-05 00:00:00,0.0
2024-12-05 01:00:00,0.0
2024-12-05 02:00:00,0.0
2024-12-05 03:00:00,0.0
2024-12-05 04:00:00,0.0
2024-12-05 05:00:00,0.0
2024-12-05 06:00:00,14.76
2024-12-05 07:00:00,247.19
2024-12-05 08:00:00,382.52
2024-12-05 09:00:00,537.5
2024-12-05 10:00:00,483.79
2024-12-05 11:00:00,287.2
2024-12-05 12:00:00,447.35
2024-12-05 13:00:00,290.32
2024-12-05 14:00:00,223.51
2024-12-05 15:00:00,156.68
2024-12-05 16:00:00,24.59
2024-12-05 17:00:00,0.0
2024-12-05 18:00:00,0.0
2024-12-05 19:00:00,0.0
2024-12-05 20:00:00,0.0
2024-12-05 21:00:00,0.0
2024-12-05 22:00:00,0.0
2024-12-05 23:00:00,0.0
2024-12-06 00:00:00,0.0
2024-12-06 01:00:00,0.0
2024-12-06 02:00:00,0.0
2024-12-06 03:00:00,0.0
2024-12-06 04:00:00,0.0
2024-12-06 05:00:00,0.0
2024-12-06 06:00:00,1.42
2024-12-06 07:00:00,38.38
2024-12-06 08:00:00,91.64
2024-12-06 09:00:00,184.62
2024-12-06 10:00:00,180.81
2024-12-06 11:00:00,153.64
2024-12-06 12:00:00,77.66
2024-12-06 13:00:00,116.37
2024-12-06 14:00:00,97.03
2024-12-06 15:00:00,50.4
2024-12-06 16:00:00,3.77
2024-12-06 17:00:00,0.0
2024-12-06 18:00:00,0.0
2024-12-06 19:00:00,0.0
2024-12-06 20:00:00,0.0
2024-12-06 21:00:00,0.0
2024-12-06 22:00:00,0.0
2024-12-06 23:00:00,0.0
2024-12-07 00:00:00,0.0
2024-12-07 01:00:00,0.0
2024-12-07 02:00:00,0.0
2024-12-07 03:00:00,0.0
2024-12-07 04:00:00,0.0
2024-12-07 05:00:00,0.0
2024-12-07 06:00:00,0.0
2024-12-07 07:00:00,10.68
2024-12-07 08:00:00,25.64
2024-12-07 09:00:00,44.17
2024-12-07 10:00:00,91.21
2024-12-07 11:00:00,89.67
2024-12-07 12:00:00,62.61
2024-12-07 13:00:00,159.63
2024-12-07 14:00:00,85.21
2024-12-07 15:00:00,35.82
2024-12-07 16:00:00,4.03
2024-12-07 17:00:00,0.0
2024-12-07 18:00:00,0.0
2024-12-07 19:00:00,0.0
2024-12-07 20:00:00,0.0
2024-12-07 21:00:00,0.0
2024-12-07 22:00:00,0.0
2024-12-07 23:00:00,0.0
2024-12-08 00:00:00,0.0
2024-12-08 01:00:00,0.0
2024-12-08 02:00:00,0.0
2024-12-08 03:00:00,0.0
2024-12-08 04:00:00,0.0
2024-12-08 05:00:00,0.0
2024-12-08 06:00:00,5.19
2024-12-08 07:00:00,156.99
2024-12-08 08:00:00,262.39
2024-12-08 09:00:00,358.28
2024-12-08 10:00:00,390.08
2024-12-08 11:00:00,343.55
2024-12-08 12:00:00,286.94
2024-12-08 13:00:00,323.63
2024-12-08 14:00:00,279.59
2024-12-08 15:00:00,169.38
2024-12-08 16:00:00,58.32
2024-12-08 17:00:00,0.0
2024-12-08 18:00:00,0.0
2024-12-08 19:00:00,0.0
2024-12-08 20:00:00,0.0
2024-12-08 21:00:00,0.0
2024-12-08 22:00:00,0.0
2024-12-08 23:00:00,0.0
2024-12-09 00:00:00,0.0
2024-12-09 01:00:00,0.0
2024-12-09 02:00:00,0.0
2024-12-09 03:00:00,0.0
2024-12-09 04:00:00,0.0
2024-12-09 05:00:00,0.0
2024-12-09 06:00:00,34.51
2024-12-09 07:00:00,336.71
2024-12-09 08:00:00,442.01
2024-12-09 09:00:00,557.22
2024-12-09 10:00:00,524.21
2024-12-09 11:00:00,458.93
2024-12-09 12:00:00,350.92
2024-12-09 13:00:00,208.18
2024-12-09 14:00:00,245.02
2024-12-09 15:00:00,198.41
2024-12-09 16:00:00,50.38
2024-12-09 17:00:00,0.0
2024-12-09 18:00:00,0.0
2024-12-09 19:00:00,0.0
2024-12-09 20:00:00,0.0
2024-12-09 21:00:00,0.0
2024-12-09 22:00:00,0.0
2024-12-09 23:00:00,0.0
2024-12-10 00:00:00,0.0
2024-12-10 01:00:00,0.0
2024-12-10 02:00:00,0.0
2024-12-10 03:00:00,0.0
2024-12-10 04:00:00,0.0
2024-12-10 05:00:00,0.0
2024-12-10 06:00:00,0.69
2024-12-10 07:00:00,42.72
2024-12-10 08:00:00,77.86
2024-12-10 09:00:00,89.9
2024-12-10 10:00:00,184.82
2024-12-10 11:00:00,151.01
2024-12-10 12:00:00,238.15
2024-12-10 13:00:00,91.34
2024-12-10 14:00:00,95.6
2024-12-10 15:00:00,54.27
2024-12-10 16:00:00,7.88
2024-12-10 17:00:00,0.0
2024-12-10 18:00:00,0.0
2024-12-10 19:00:00,0.0
2024-12-10 20:00:00,0.0
2024-12-10 21:00:00,0.0
2024-12-10 22:00:00,0.0
2024-12-10 23:00:00,0.0
2024-12-11 00:00:00,0.0
2024-12-11 01:00:00,0.0
2024-12-11 02:00:00,0.0
2024-12-11 03:00:00,0.0
2024-12-11 04:00:00,0.0
2024-12-11 05:00:00,0.0
2024-12-11 06:00:00,4.47
2024-12-11 07:00:00,200.6
2024-12-11 08:00:00,361.9
2024-12-11 09:00:00,489.65
2024-12-11 10:00:00,589.52
2024-12-11 11:00:00,540.31
2024-12-11 12:00:00,549.87
2024-12-11 13:00:00,369.48
2024-12-11 14:00:00,257.64
2024-12-11 15:00:00,146.78
2024-12-11 16:00:00,22.68
2024-12-11 17:00:00,0.0
2024-12-11 18:00:00,0.0
2024-12-11 19:00:00,0.0
2024-12-11 20:00:00,0.0
2024-12-11 21:00:00,0.0
2024-12-11 22:00:00,0.0
2024-12-11 23:00:00,0.0
2024-12-12 00:00:00,0.0
2024-12-12 01:00:00,0.0
2024-12-12 02:00:00,0.0
2024-12-12 03:00:00,0.0
2024-12-12 04:00:00,0.0
2024-12-12 05:00:00,0.0
2024-12-12 06:00:00,6.76
2024-12-12 07:00:00,272.56
2024-12-12 08:00:00,462.81
2024-12-12 09:00:00,569.72
2024-12-12 10:00:00,663.19
2024-12-12 11:00:00,512.23
2024-12-12 12:00:00,458.23
2024-12-12 13:00:00,527.09
2024-12-12 14:00:00,418.72
2024-12-12 15:00:00,305.8
2024-12-12 16:00:00,29.05
2024-12-12 17:00:00,0.0
2024-12-12 18:00:00,0.0
2024-12-12 19:00:00,0.0
2024-12-12 20:00:00,0.0
2024-12-12 21:00:00,0.0
2024-12-12 22:00:00,0.0
2024-12-12 23:00:00,0.0
2024-12-13 00:00:00,0.0
2024-12-13 01:00:00,0.0
2024-12-13 02:00:00,0.0
2024-12-13 03:00:00,0.0
2024-12-13 04:00:00,0.0
2024-12-13 05:00:00,0.0
2024-12-13 06:00:00,3.25
2024-12-13 07:00:00,140.61
2024-12-13 08:00:00,273.83
2024-12-13 09:00:00,409.34
2024-12-13 10:00:00,492.14
2024-12-13 11:00:00,354.01
2024-12-13 12:00:00,284.59
2024-12-13 13:00:00,290.62
2024-12-13 14:00:00,221.67
2024-12-13 15:00:00,119.27
2024-12-13 16:00:00,11.53
2024-12-13 17:00:00,0.0
2024-12-13 18:00:00,0.0
2024-12-13 19:00:00,0.0
2024-12-13 20:00:00,0.0
2024-12-13 21:00:00,0.0
2024-12-13 22:00:00,0.0
2024-12-13 23:00:00,0.0
2024-12-14 00:00:00,0.0
2024-12-14 01:00:00,0.0
2024-12-14 02:00:00,0.0
2024-12-14 03:00:00,0.0
2024-12-14 04:00:00,0.0
2024-12-14 05:00:00,0.0
2024-12-14 06:00:00,3.94
2024-12-14 07:00:00,231.27
2024-12-14 08:00:00,469.92
2024-12-14 09:00:00,603.53
2024-12-14 10:00:00,728.34
2024-12-14 11:00:00,818.21
2024-12-14 12:00:00,814.95
2024-12-14 13:00:00,818.23
2024-12-14 14:00:00,746.21
2024-12-14 15:00:00,619.15
2024-12-14 16:00:00,156.52
2024-12-14 17:00:00,0.0
2024-12-14 18:00:00,0.0
2024-12-14 19:00:00,0.0
2024-12-14 20:00:00,0.0
2024-12-14 21:00:00,0.0
2024-12-14 22:00:00,0.0
2024-12-14 23:00:00,0.0
2024-12-15 00:00:00,0.0
2024-12-15 01:00:00,0.0
2024-12-15 02:00:00,0.0
2024-12-15 03:00:00,0.0
2024-12-15 04:00:00,0.0
2024-12-15 05:00:00,0.0
2024-12-15 06:00:00,117.14
2024-12-15 07:00:00,681.55
2024-12-15 08:00:00,858.2
2024-12-15 09:00:00,946.94
2024-12-15 10:00:00,1025.35
2024-12-15 11:00:00,1043.34
2024-12-15 12:00:00,1048.11
2024-12-15 13:00:00,1017.32
2024-12-15 14:00:00,956.82
2024-12-15 15:00:00,835.62
2024-12-15 16:00:00,334.98
2024-12-15 17:00:00,0.0
2024-12-15 18:00:00,0.0
2024-12-15 19:00:00,0.0
2024-12-15 20:00:00,0.0
2024-12-15 21:00:00,0.0
2024-12-15 22:00:00,0.0
2024-12-15 23:00:00,0.0
2024-12-16 00:00:00,0.0
2024-12-16 01:00:00,0.0
2024-12-16 02:00:00,0.0
2024-12-16 03:00:00,0.0
2024-12-16 04:00:00,0.0
2024-12-16 05:00:00,0.0
2024-12-16 06:00:00,64.08
2024-12-16 07:00:00,620.4
2024-12-16 08:00:00,843.51
2024-12-16 09:00:00,935.54
2024-12-16 10:00:00,982.89
2024-12-16 11:00:00,983.09
2024-12-16 12:00:00,980.35
2024-12-16 13:00:00,943.47
2024-12-16 14:00:00,866.6
2024-12-16 15:00:00,730.16
2024-12-16 16:00:00,269.55
2024-12-16 17:00:00,0.0
2024-12-16 18:00:00,0.0
2024-12-16 19:00:00,0.0
2024-12-16 20:00:00,0.0
2024-12-16 21:00:00,0.0
2024-12-16 22:00:00,0.0
2024-12-16 23:00:00,0.0
2024-12-17 00:00:00,0.0
2024-12-17 01:00:00,0.0
2024-12-17 02:00:00,0.0
2024-12-17 03:00:00,0.0
2024-12-17 04:00:00,0.0
2024-12-17 05:00:00,0.0
2024-12-17 06:00:00,31.85
2024-12-17 07:00:00,557.67
2024-12-17 08:00:00,781.85
2024-12-17 09:00:00,881.33
2024-12-17 10:00:00,924.24
2024-12-17 11:00:00,960.29
2024-12-17 12:00:00,955.45
2024-12-17 13:00:00,869.8
2024-12-17 14:00:00,798.38
2024-12-17 15:00:00,693.85
2024-12-17 16:00:00,230.1
2024-12-17 17:00:00,0.0
2024-12-17 18:00:00,0.0
2024-12-17 19:00:00,0.0
2024-12-17 20:00:00,0.0
2024-12-17 21:00:00,0.0
2024-12-17 22:00:00,0.0
2024-12-17 23:00:00,0.0
2024-12-18 00:00:00,0.0
2024-12-18 01:00:00,0.0
2024-12-18 02:00:00,0.0
2024-12-18 03:00:00,0.0
2024-12-18 04:00:00,0.0
2024-12-18 05:00:00,0.0
2024-12-18 06:00:00,26.66
2024-12-18 07:00:00,487.16
2024-12-18 08:00:00,686.33
2024-12-18 09:00:00,786.07
2024-12-18 10:00:00,895.72
2024-12-18 11:00:00,836.05
2024-12-18 12:00:00,768.01
2024-12-18 13:00:00,738.26
2024-12-18 14:00:00,677.2
2024-12-18 15:00:00,482.17
2024-12-18 16:00:00,145.4
2024-12-18 17:00:00,0.0
2024-12-18 18:00:00,0.0
2024-12-18 19:00:00,0.0
2024-12-18 20:00:00,0.0
2024-12-18 21:00:00,0.0
2024-12-18 22:00:00,0.0
2024-12-18 23:00:00,0.0
2024-12-19 00:00:00,0.0
2024-12-19 01:00:00,0.0
2024-12-19 02:00:00,0.0
2024-12-19 03:00:00,0.0
2024-12-19 04:00:00,0.0
2024-12-19 05:00:00,0.0
2024-12-19 06:00:00,18.3
2024-12-19 07:00:00,469.38
2024-12-19 08:00:00,714.41
2024-12-19 09:00:00,830.6
2024-12-19 10:00:00,902.94
2024-12-19 11:00:00,917.61
2024-12-19 12:00:00,926.45
2024-12-19 13:00:00,866.1
2024-12-19 14:00:00,751.43
2024-12-19 15:00:00,565.64
2024-12-19 16:00:00,165.41
2024-12-19 17:00:00,0.0
2024-12-19 18:00:00,0.0
2024-12-19 19:00:00,0.0
2024-12-19 20:00:00,0.0
2024-12-19 21:00:00,0.0
2024-12-19 22:00:00,0.0
2024-12-19 23:00:00,0.0
2024-12-20 00:00:00,0.0
2024-12-20 01:00:00,0.0
2024-12-20 02:00:00,0.0
2024-12-20 03:00:00,0.0
2024-12-20 04:00:00,0.0
2024-12-20 05:00:00,0.0
2024-12-20 06:00:00,19.6
2024-12-20 07:00:00,413.7
2024-12-20 08:00:00,625.72
2024-12-20 09:00:00,759.97
2024-12-20 10:00:00,852.65
2024-12-20 11:00:00,724.19
2024-12-20 12:00:00,830.54
2024-12-20 13:00:00,486.53
2024-12-20 14:00:00,317.04
2024-12-20 15:00:00,237.29
2024-12-20 16:00:00,52.97
2024-12-20 17:00:00,0.0
2024-12-20 18:00:00,0.0
2024-12-20 19:00:00,0.0
2024-12-20 20:00:00,0.0
2024-12-20 21:00:00,0.0
2024-12-20 22:00:00,0.0
2024-12-20 23:00:00,0.0
2024-12-21 00:00:00,0.0
2024-12-21 01:00:00,0.0
2024-12-21 02:00:00,0.0
2024-12-21 03:00:00,0.0
2024-12-21 04:00:00,0.0
2024-12-21 05:00:00,0.0
2024-12-21 06:00:00,4.46
2024-12-21 07:00:00,178.66
2024-12-21 08:00:00,357.33
2024-12-21 09:00:00,426.91
2024-12-21 10:00:00,465.73
2024-12-21 11:00:00,487.8
2024-12-21 12:00:00,745.1
2024-12-21 13:00:00,236.51
2024-12-21 14:00:00,184.56
2024-12-21 15:00:00,146.46
2024-12-21 16:00:00,60.23
2024-12-21 17:00:00,0.0
2024-12-21 18:00:00,0.0
2024-12-21 19:00:00,0.0
2024-12-21 20:00:00,0.0
2024-12-21 21:00:00,0.0
2024-12-21 22:00:00,0.0
2024-12-21 23:00:00,0.0
2024-12-22 00:00:00,0.0
2024-12-22 01:00:00,0.0
2024-12-22 02:00:00,0.0
2024-12-22 03:00:00,0.0
2024-12-22 04:00:00,0.0
2024-12-22 05:00:00,0.0
2024-12-22 06:00:00,0.96
2024-12-22 07:00:00,47.09
2024-12-22 08:00:00,131.52
2024-12-22 09:00:00,180.06
2024-12-22 10:00:00,306.39
2024-12-22 11:00:00,333.66
2024-12-22 12:00:00,590.36
2024-12-22 13:00:00,292.26
2024-12-22 14:00:00,228.13
2024-12-22 15:00:00,190.64
2024-12-22 16:00:00,72.71
2024-12-22 17:00:00,0.0
2024-12-22 18:00:00,0.0
2024-12-22 19:00:00,0.0
2024-12-22 20:00:00,0.0
2024-12-22 21:00:00,0.0
2024-12-22 22:00:00,0.0
2024-12-22 23:00:00,0.0
2024-12-23 00:00:00,0.0
2024-12-23 01:00:00,0.0
2024-12-23 02:00:00,0.0
2024-12-23 03:00:00,0.0
2024-12-23 04:00:00,0.0
2024-12-23 05:00:00,0.0
2024-12-23 06:00:00,10.2
2024-12-23 07:00:00,366.68
2024-12-23 08:00:00,598.68
2024-12-23 09:00:00,752.43
2024-12-23 10:00:00,800.08
2024-12-23 11:00:00,862.66
2024-12-23 12:00:00,818.96
2024-12-23 13:00:00,610.44
2024-12-23 14:00:00,553.91
2024-12-23 15:00:00,425.2
2024-12-23 16:00:00,147.97
2024-12-23 17:00:00,0.0
2024-12-23 18:00:00,0.0
2024-12-23 19:00:00,0.0
2024-12-23 20:00:00,0.0
2024-12-23 21:00:00,0.0
2024-12-23 22:00:00,0.0
2024-12-23 23:00:00,0.0
2024-12-24 00:00:00,0.0
2024-12-24 01:00:00,0.0
2024-12-24 02:00:00,0.0
2024-12-24 03:00:00,0.0
2024-12-24 04:00:00,0.0
2024-12-24 05:00:00,0.0
2024-12-24 06:00:00,11.43
2024-12-24 07:00:00,360.03
2024-12-24 08:00:00,602.19
2024-12-24 09:00:00,748.26
2024-12-24 10:00:00,749.76
2024-12-24 11:00:00,857.92
2024-12-24 12:00:00,756.62
2024-12-24 13:00:00,769.05
2024-12-24 14:00:00,711.49
2024-12-24 15:00:00,513.02
2024-12-24 16:00:00,156.8
2024-12-24 17:00:00,0.0
2024-12-24 18:00:00,0.0
2024-12-24 19:00:00,0.0
2024-12-24 20:00:00,0.0
2024-12-24 21:00:00,0.0
2024-12-24 22:00:00,0.0
2024-12-24 23:00:00,0.0
2024-12-25 00:00:00,0.0
2024-12-25 01:00:00,0.0
2024-12-25 02:00:00,0.0
2024-12-25 03:00:00,0.0
2024-12-25 04:00:00,0.0
2024-12-25 05:00:00,0.0
2024-12-25 06:00:00,17.09
2024-12-25 07:00:00,329.36
2024-12-25 08:00:00,467.22
2024-12-25 09:00:00,573.28
2024-12-25 10:00:00,630.95
2024-12-25 11:00:00,429.2
2024-12-25 12:00:00,412.97
2024-12-25 13:00:00,283.26
2024-12-25 14:00:00,242.58
2024-12-25 15:00:00,147.71
2024-12-25 16:00:00,47.54
2024-12-25 17:00:00,0.0
2024-12-25 18:00:00,0.0
2024-12-25 19:00:00,0.0
2024-12-25 20:00:00,0.0
2024-12-25 21:00:00,0.0
2024-12-25 22:00:00,0.0
2024-12-25 23:00:00,0.0
2024-12-26 00:00:00,0.0
2024-12-26 01:00:00,0.0
2024-12-26 02:00:00,0.0
2024-12-26 03:00:00,0.0
2024-12-26 04:00:00,0.0
2024-12-26 05:00:00,0.0
2024-12-26 06:00:00,4.01
2024-12-26 07:00:00,235.23
2024-12-26 08:00:00,451.52
2024-12-26 09:00:00,582.34
2024-12-26 10:00:00,650.08
2024-12-26 11:00:00,711.72
2024-12-26 12:00:00,717.24
2024-12-26 13:00:00,590.01
2024-12-26 14:00:00,515.61
2024-12-26 15:00:00,400.11
2024-12-26 16:00:00,125.85
2024-12-26 17:00:00,0.0
2024-12-26 18:00:00,0.0
2024-12-26 19:00:00,0.0
2024-12-26 20:00:00,0.0
2024-12-26 21:00:00,0.0
2024-12-26 22:00:00,0.0
2024-12-26 23:00:00,0.0
2024-12-27 00:00:00,0.0
2024-12-27 01:00:00,0.0
2024-12-27 02:00:00,0.0
2024-12-27 03:00:00,0.0
2024-12-27 04:00:00,0.0
2024-12-27 05:00:00,0.0
2024-12-27 06:00:00,32.37
2024-12-27 07:00:00,504.74
2024-12-27 08:00:00,817.05
2024-12-27 09:00:00,920.75
2024-12-27 10:00:00,984.93
2024-12-27 11:00:00,939.71
2024-12-27 12:00:00,950.08
2024-12-27 13:00:00,909.17
2024-12-27 14:00:00,841.51
2024-12-27 15:00:00,722.12
2024-12-27 16:00:00,280.35
2024-12-27 17:00:00,0.0
2024-12-27 18:00:00,0.0
2024-12-27 19:00:00,0.0
2024-12-27 20:00:00,0.0
2024-12-27 21:00:00,0.0
2024-12-27 22:00:00,0.0
2024-12-27 23:00:00,0.0
2024-12-28 00:00:00,0.0
2024-12-28 01:00:00,0.0
2024-12-28 02:00:00,0.0
2024-12-28 03:00:00,0.0
2024-12-28 04:00:00,0.0
2024-12-28 05:00:00,0.0
2024-12-28 06:00:00,39.93
2024-12-28 07:00:00,557.52
2024-12-28 08:00:00,826.27
2024-12-28 09:00:00,928.13
2024-12-28 10:00:00,977.12
2024-12-28 11:00:00,928.47
2024-12-28 12:00:00,955.5
2024-12-28 13:00:00,884.76
2024-12-28 14:00:00,801.43
2024-12-28 15:00:00,665.08
2024-12-28 16:00:00,232.24
2024-12-28 17:00:00,0.0
2024-12-28 18:00:00,0.0
2024-12-28 19:00:00,0.0
2024-12-28 20:00:00,0.0
2024-12-28 21:00:00,0.0
2024-12-28 22:00:00,0.0
2024-12-28 23:00:00,0.0
2024-12-29 00:00:00,0.0
2024-12-29 01:00:00,0.0
2024-12-29 02:00:00,0.0
2024-12-29 03:00:00,0.0
2024-12-29 04:00:00,0.0
2024-12-29 05:00:00,0.0
2024-12-29 06:00:00,12.57
2024-12-29 07:00:00,283.13
2024-12-29 08:00:00,427.37
2024-12-29 09:00:00,521.49
2024-12-29 10:00:00,595.02
2024-12-29 11:00:00,425.08
2024-12-29 12:00:00,106.7
2024-12-29 13:00:00,151.88
2024-12-29 14:00:00,190.06
2024-12-29 15:00:00,174.96
2024-12-29 16:00:00,88.33
2024-12-29 17:00:00,0.0
2024-12-29 18:00:00,0.0
2024-12-29 19:00:00,0.0
2024-12-29 20:00:00,0.0
2024-12-29 21:00:00,0.0
2024-12-29 22:00:00,0.0
2024-12-29 23:00:00,0.0
2024-12-30 00:00:00,0.0
2024-12-30 01:00:00,0.0
2024-12-30 02:00:00,0.0
2024-12-30 03:00:00,0.0
2024-12-30 04:00:00,0.0
2024-12-30 05:00:00,0.0
2024-12-30 06:00:00,9.51
2024-12-30 07:00:00,297.2
2024-12-30 08:00:00,517.93
2024-12-30 09:00:00,601.39
2024-12-30 10:00:00,706.26
2024-12-30 11:00:00,548.7
2024-12-30 12:00:00,280.93
2024-12-30 13:00:00,448.27
2024-12-30 14:00:00,350.84
2024-12-30 15:00:00,224.91
2024-12-30 16:00:00,66.55
2024-12-30 17:00:00,0.0
2024-12-30 18:00:00,0.0
2024-12-30 19:00:00,0.0
2024-12-30 20:00:00,0.0
2024-12-30 21:00:00,0.0
2024-12-30 22:00:00,0.0
2024-12-30 23:00:00,0.0
2024-12-31 00:00:00,0.0
2024-12-31 01:00:00,0.0
2024-12-31 02:00:00,0.0
2024-12-31 03:00:00,0.0
2024-12-31 04:00:00,0.0
2024-12-31 05:00:00,0.0
2024-12-31 06:00:00,26.36
2024-12-31 07:00:00,447.16
2024-12-31 08:00:00,661.31
2024-12-31 09:00:00,830.77
2024-12-31 10:00:00,861.83
2024-12-31 11:00:00,948.34
2024-12-31 12:00:00,893.76
2024-12-31 13:00:00,864.65
2024-12-31 14:00:00,818.52
2024-12-31 15:00:00,690.09
2024-12-31 16:00:00,309.02
2024-12-31 17:00:00,0.0
2024-12-31 18:00:00,0.0
2024-12-31 19:00:00,0.0
2024-12-31 20:00:00,0.0
2024-12-31 21:00:00,0.0
2024-12-31 22:00:00,0.0
2024-12-31 23:00:00,0.0
2025-01-01 00:00:00,0.0
2025-01-01 01:00:00,0.0
2025-01-01 02:00:00,0.0
2025-01-01 03:00:00,0.0
2025-01-01 04:00:00,0.0
2025-01-01 05:00:00,0.0
2025-01-01 06:00:00,15.24
2025-01-01 07:00:00,423.95
2025-01-01 08:00:00,677.9
2025-01-01 09:00:00,782.44
2025-01-01 10:00:00,815.08
2025-01-01 11:00:00,770.61
2025-01-01 12:00:00,742.43
2025-01-01 13:00:00,560.72
2025-01-01 14:00:00,491.22
2025-01-01 15:00:00,388.96
2025-01-01 16:00:00,136.7
2025-01-01 17:00:00,0.0
2025-01-01 18:00:00,0.0
2025-01-01 19:00:00,0.0
2025-01-01 20:00:00,0.0
2025-01-01 21:00:00,0.0
2025-01-01 22:00:00,0.0
2025-01-01 23:00:00,0.0
2025-01-02 00:00:00,0.0
2025-01-02 01:00:00,0.0
2025-01-02 02:00:00,0.0
2025-01-02 03:00:00,0.0
2025-01-02 04:00:00,0.0
2025-01-02 05:00:00,0.0
2025-01-02 06:00:00,32.97
2025-01-02 07:00:00,534.92
2025-01-02 08:00:00,827.61
2025-01-02 09:00:00,937.59
2025-01-02 10:00:00,997.21
2025-01-02 11:00:00,978.1
2025-01-02 12:00:00,984.77
2025-01-02 13:00:00,956.66
2025-01-02 14:00:00,874.81
2025-01-02 15:00:00,740.29
2025-01-02 16:00:00,361.07
2025-01-02 17:00:00,0.0
2025-01-02 18:00:00,0.0
2025-01-02 19:00:00,0.0
2025-01-02 20:00:00,0.0
2025-01-02 21:00:00,0.0
2025-01-02 22:00:00,0.0
2025-01-02 23:00:00,0.0
2025-01-03 00:00:00,0.0
2025-01-03 01:00:00,0.0
2025-01-03 02:00:00,0.0
2025-01-03 03:00:00,0.0
2025-01-03 04:00:00,0.0
2025-01-03 05:00:00,0.0
2025-01-03 06:00:00,49.56
2025-01-03 07:00:00,596.96
2025-01-03 08:00:00,846.16
2025-01-03 09:00:00,945.09
2025-01-03 10:00:00,1000.95
2025-01-03 11:00:00,976.66
2025-01-03 12:00:00,978.47
2025-01-03 13:00:00,962.28
2025-01-03 14:00:00,886.65
2025-01-03 15:00:00,721.54
2025-01-03 16:00:00,347.43
2025-01-03 17:00:00,0.0
2025-01-03 18:00:00,0.0
2025-01-03 19:00:00,0.0
2025-01-03 20:00:00,0.0
2025-01-03 21:00:00,0.0
2025-01-03 22:00:00,0.0
2025-01-03 23:00:00,0.0
2025-01-04 00:00:00,0.0
2025-01-04 01:00:00,0.0
2025-01-04 02:00:00,0.0
2025-01-04 03:00:00,0.0
2025-01-04 04:00:00,0.0
2025-01-04 05:00:00,0.0
2025-01-04 06:00:00,35.76
2025-01-04 07:00:00,574.19
2025-01-04 08:00:00,807.89
2025-01-04 09:00:00,951.07
2025-01-04 10:00:00,1013.32
2025-01-04 11:00:00,974.43
2025-01-04 12:00:00,986.06
2025-01-04 13:00:00,969.71
2025-01-04 14:00:00,894.75
2025-01-04 15:00:00,782.47
2025-01-04 16:00:00,385.94
2025-01-04 17:00:00,0.0
2025-01-04 18:00:00,0.0
2025-01-04 19:00:00,0.0
2025-01-04 20:00:00,0.0
2025-01-04 21:00:00,0.0
2025-01-04 22:00:00,0.0
2025-01-04 23:00:00,0.0
2025-01-05 00:00:00,0.0
2025-01-05 01:00:00,0.0
2025-01-05 02:00:00,0.0
2025-01-05 03:00:00,0.0
2025-01-05 04:00:00,0.0
2025-01-05 05:00:00,0.0
2025-01-05 06:00:00,17.51
2025-01-05 07:00:00,447.57
2025-01-05 08:00:00,728.99
2025-01-05 09:00:00,845.05
2025-01-05 10:00:00,905.3
2025-01-05 11:00:00,856.18
2025-01-05 12:00:00,834.58
2025-01-05 13:00:00,722.93
2025-01-05 14:00:00,598.35
2025-01-05 15:00:00,499.71
2025-01-05 16:00:00,119.05
2025-01-05 17:00:00,0.0
2025-01-05 18:00:00,0.0
2025-01-05 19:00:00,0.0
2025-01-05 20:00:00,0.0
2025-01-05 21:00:00,0.0
2025-01-05 22:00:00,0.0
2025-01-05 23:00:00,0.0
2025-01-06 00:00:00,0.0
2025-01-06 01:00:00,0.0
2025-01-06 02:00:00,0.0
2025-01-06 03:00:00,0.0
2025-01-06 04:00:00,0.0
2025-01-06 05:00:00,0.0
2025-01-06 06:00:00,0.0
2025-01-06 07:00:00,203.96
2025-01-06 08:00:00,445.92
2025-01-06 09:00:00,555.15
2025-01-06 10:00:00,695.02
2025-01-06 11:00:00,563.61
2025-01-06 12:00:00,343.19
2025-01-06 13:00:00,94.15
2025-01-06 14:00:00,53.53
2025-01-06 15:00:00,56.36
2025-01-06 16:00:00,19.78
2025-01-06 17:00:00,0.0
2025-01-06 18:00:00,0.0
2025-01-06 19:00:00,0.0
2025-01-06 20:00:00,0.0
2025-01-06 21:00:00,0.0
2025-01-06 22:00:00,0.0
2025-01-06 23:00:00,0.0
2025-01-07 00:00:00,0.0
2025-01-07 01:00:00,0.0
2025-01-07 02:00:00,0.0
2025-01-07 03:00:00,0.0
2025-01-07 04:00:00,0.0
2025-01-07 05:00:00,0.0
2025-01-07 06:00:00,0.0
2025-01-07 07:00:00,43.88
2025-01-07 08:00:00,104.93
2025-01-07 09:00:00,155.03
2025-01-07 10:00:00,220.04
2025-01-07 11:00:00,149.7
2025-01-07 12:00:00,345.3
2025-01-07 13:00:00,32.85
2025-01-07 14:00:00,38.51
2025-01-07 15:00:00,30.58
2025-01-07 16:00:00,7.29
2025-01-07 17:00:00,0.0
2025-01-07 18:00:00,0.0
2025-01-07 19:00:00,0.0
2025-01-07 20:00:00,0.0
2025-01-07 21:00:00,0.0
2025-01-07 22:00:00,0.0
2025-01-07 23:00:00,0.0
2025-01-08 00:00:00,0.0
2025-01-08 01:00:00,0.0
2025-01-08 02:00:00,0.0
2025-01-08 03:00:00,0.0
2025-01-08 04:00:00,0.0
2025-01-08 05:00:00,0.0
2025-01-08 06:00:00,0.0
2025-01-08 07:00:00,19.85
2025-01-08 08:00:00,41.24
2025-01-08 09:00:00,57.52
2025-01-08 10:00:00,102.26
2025-01-08 11:00:00,58.83
2025-01-08 12:00:00,160.89
2025-01-08 13:00:00,137.59
2025-01-08 14:00:00,90.64
2025-01-08 15:00:00,28.9
2025-01-08 16:00:00,29.66
2025-01-08 17:00:00,0.0
2025-01-08 18:00:00,0.0
2025-01-08 19:00:00,0.0
2025-01-08 20:00:00,0.0
2025-01-08 21:00:00,0.0
2025-01-08 22:00:00,0.0
2025-01-08 23:00:00,0.0
2025-01-09 00:00:00,0.0
2025-01-09 01:00:00,0.0
2025-01-09 02:00:00,0.0
2025-01-09 03:00:00,0.0
2025-01-09 04:00:00,0.0
2025-01-09 05:00:00,0.0
2025-01-09 06:00:00,0.0
2025-01-09 07:00:00,75.35
2025-01-09 08:00:00,159.93
2025-01-09 09:00:00,195.45
2025-01-09 10:00:00,228.06
2025-01-09 11:00:00,221.47
2025-01-09 12:00:00,173.59
2025-01-09 13:00:00,241.12
2025-01-09 14:00:00,180.55
2025-01-09 15:00:00,126.8
2025-01-09 16:00:00,26.6
2025-01-09 17:00:00,0.0
2025-01-09 18:00:00,0.0
2025-01-09 19:00:00,0.0
2025-01-09 20:00:00,0.0
2025-01-09 21:00:00,0.0
2025-01-09 22:00:00,0.0
2025-01-09 23:00:00,0.0
2025-01-10 00:00:00,0.0
2025-01-10 01:00:00,0.0
2025-01-10 02:00:00,0.0
2025-01-10 03:00:00,0.0
2025-01-10 04:00:00,0.0
2025-01-10 05:00:00,0.0
2025-01-10 06:00:00,0.0
2025-01-10 07:00:00,236.92
2025-01-10 08:00:00,433.48
2025-01-10 09:00:00,509.22
2025-01-10 10:00:00,627.95
2025-01-10 11:00:00,577.51
2025-01-10 12:00:00,517.7
2025-01-10 13:00:00,304.77
2025-01-10 14:00:00,263.91
2025-01-10 15:00:00,180.18
2025-01-10 16:00:00,69.4
2025-01-10 17:00:00,0.0
2025-01-10 18:00:00,0.0
2025-01-10 19:00:00,0.0
2025-01-10 20:00:00,0.0
2025-01-10 21:00:00,0.0
2025-01-10 22:00:00,0.0
2025-01-10 23:00:00,0.0
2025-01-11 00:00:00,0.0
2025-01-11 01:00:00,0.0
2025-01-11 02:00:00,0.0
2025-01-11 03:00:00,0.0
2025-01-11 04:00:00,0.0
2025-01-11 05:00:00,0.0
2025-01-11 06:00:00,0.0
2025-01-11 07:00:00,435.69
2025-01-11 08:00:00,697.75
2025-01-11 09:00:00,850.42
2025-01-11 10:00:00,922.48
2025-01-11 11:00:00,817.05
2025-01-11 12:00:00,821.05
2025-01-11 13:00:00,657.71
2025-01-11 14:00:00,531.51
2025-01-11 15:00:00,365.97
2025-01-11 16:00:00,141.75
2025-01-11 17:00:00,0.0
2025-01-11 18:00:00,0.0
2025-01-11 19:00:00,0.0
2025-01-11 20:00:00,0.0
2025-01-11 21:00:00,0.0
2025-01-11 22:00:00,0.0
2025-01-11 23:00:00,0.0
2025-01-12 00:00:00,0.0
2025-01-12 01:00:00,0.0
2025-01-12 02:00:00,0.0
2025-01-12 03:00:00,0.0
2025-01-12 04:00:00,0.0
2025-01-12 05:00:00,0.0
2025-01-12 06:00:00,0.0
2025-01-12 07:00:00,400.96
2025-01-12 08:00:00,631.05
2025-01-12 09:00:00,734.08
2025-01-12 10:00:00,740.45
2025-01-12 11:00:00,658.7
2025-01-12 12:00:00,685.64
2025-01-12 13:00:00,278.92
2025-01-12 14:00:00,188.06
2025-01-12 15:00:00,136.26
2025-01-12 16:00:00,31.44
2025-01-12 17:00:00,0.0
2025-01-12 18:00:00,0.0
2025-01-12 19:00:00,0.0
2025-01-12 20:00:00,0.0
2025-01-12 21:00:00,0.0
2025-01-12 22:00:00,0.0
2025-01-12 23:00:00,0.0
2025-01-13 00:00:00,0.0
2025-01-13 01:00:00,0.0
2025-01-13 02:00:00,0.0
2025-01-13 03:00:00,0.0
2025-01-13 04:00:00,0.0
2025-01-13 05:00:00,0.0
2025-01-13 06:00:00,0.0
2025-01-13 07:00:00,110.21
2025-01-13 08:00:00,192.22
2025-01-13 09:00:00,220.36
2025-01-13 10:00:00,306.26
2025-01-13 11:00:00,289.06
2025-01-13 12:00:00,335.94
2025-01-13 13:00:00,207.55
2025-01-13 14:00:00,181.52
2025-01-13 15:00:00,122.82
2025-01-13 16:00:00,39.1
2025-01-13 17:00:00,0.0
2025-01-13 18:00:00,0.0
2025-01-13 19:00:00,0.0
2025-01-13 20:00:00,0.0
2025-01-13 21:00:00,0.0
2025-01-13 22:00:00,0.0
2025-01-13 23:00:00,0.0
2025-01-14 00:00:00,0.0
2025-01-14 01:00:00,0.0
2025-01-14 02:00:00,0.0
2025-01-14 03:00:00,0.0
2025-01-14 04:00:00,0.0
2025-01-14 05:00:00,0.0
2025-01-14 06:00:00,0.0
2025-01-14 07:00:00,292.63
2025-01-14 08:00:00,542.65
2025-01-14 09:00:00,702.69
2025-01-14 10:00:00,786.72
2025-01-14 11:00:00,729.98
2025-01-14 12:00:00,731.23
2025-01-14 13:00:00,722.1
2025-01-14 14:00:00,651.27
2025-01-14 15:00:00,509.46
2025-01-14 16:00:00,207.1
2025-01-14 17:00:00,0.0
2025-01-14 18:00:00,0.0
2025-01-14 19:00:00,0.0
2025-01-14 20:00:00,0.0
2025-01-14 21:00:00,0.0
2025-01-14 22:00:00,0.0
2025-01-14 23:00:00,0.0
2025-01-15 00:00:00,0.0
2025-01-15 01:00:00,0.0
2025-01-15 02:00:00,0.0
2025-01-15 03:00:00,0.0
2025-01-15 04:00:00,0.0
2025-01-15 05:00:00,0.0
2025-01-15 06:00:00,0.0
2025-01-15 07:00:00,403.92
2025-01-15 08:00:00,647.7
2025-01-15 09:00:00,790.38
2025-01-15 10:00:00,874.92
2025-01-15 11:00:00,905.13
2025-01-15 12:00:00,853.05
2025-01-15 13:00:00,849.24
2025-01-15 14:00:00,782.26
2025-01-15 15:00:00,617.42
2025-01-15 16:00:00,283.4
2025-01-15 17:00:00,0.0
2025-01-15 18:00:00,0.0
2025-01-15 19:00:00,0.0
2025-01-15 20:00:00,0.0
2025-01-15 21:00:00,0.0
2025-01-15 22:00:00,0.0
2025-01-15 23:00:00,0.0
2025-01-16 00:00:00,0.0
2025-01-16 01:00:00,0.0
2025-01-16 02:00:00,0.0
2025-01-16 03:00:00,0.0
2025-01-16 04:00:00,0.0
2025-01-16 05:00:00,0.0
2025-01-16 06:00:00,0.0
2025-01-16 07:00:00,333.14
2025-01-16 08:00:00,625.71
2025-01-16 09:00:00,793.62
2025-01-16 10:00:00,872.97
2025-01-16 11:00:00,851.45
2025-01-16 12:00:00,893.74
2025-01-16 13:00:00,871.28
2025-01-16 14:00:00,804.08
2025-01-16 15:00:00,602.24
2025-01-16 16:00:00,277.41
2025-01-16 17:00:00,0.0
2025-01-16 18:00:00,0.0
2025-01-16 19:00:00,0.0
2025-01-16 20:00:00,0.0
2025-01-16 21:00:00,0.0
2025-01-16 22:00:00,0.0
2025-01-16 23:00:00,0.0
2025-01-17 00:00:00,0.0
2025-01-17 01:00:00,0.0
2025-01-17 02:00:00,0.0
2025-01-17 03:00:00,0.0
2025-01-17 04:00:00,0.0
2025-01-17 05:00:00,0.0
2025-01-17 06:00:00,7.18
2025-01-17 07:00:00,299.89
2025-01-17 08:00:00,539.38
2025-01-17 09:00:00,713.53
2025-01-17 10:00:00,769.65
2025-01-17 11:00:00,710.0
2025-01-17 12:00:00,714.16
2025-01-17 13:00:00,490.77
2025-01-17 14:00:00,338.9
2025-01-17 15:00:00,219.02
2025-01-17 16:00:00,76.98
2025-01-17 17:00:00,0.0
2025-01-17 18:00:00,0.0
2025-01-17 19:00:00,0.0
2025-01-17 20:00:00,0.0
2025-01-17 21:00:00,0.0
2025-01-17 22:00:00,0.0
2025-01-17 23:00:00,0.0
2025-01-18 00:00:00,0.0
2025-01-18 01:00:00,0.0
2025-01-18 02:00:00,0.0
2025-01-18 03:00:00,0.0
2025-01-18 04:00:00,0.0
2025-01-18 05:00:00,0.0
2025-01-18 06:00:00,3.34
2025-01-18 07:00:00,164.8
2025-01-18 08:00:00,338.81
2025-01-18 09:00:00,511.16
2025-01-18 10:00:00,736.41
2025-01-18 11:00:00,653.88
2025-01-18 12:00:00,690.9
2025-01-18 13:00:00,608.39
2025-01-18 14:00:00,528.3
2025-01-18 15:00:00,380.28
2025-01-18 16:00:00,181.72
2025-01-18 17:00:00,0.0
2025-01-18 18:00:00,0.0
2025-01-18 19:00:00,0.0
2025-01-18 20:00:00,0.0
2025-01-18 21:00:00,0.0
2025-01-18 22:00:00,0.0
2025-01-18 23:00:00,0.0
2025-01-19 00:00:00,0.0
2025-01-19 01:00:00,0.0
2025-01-19 02:00:00,0.0
2025-01-19 03:00:00,0.0
2025-01-19 04:00:00,0.0
2025-01-19 05:00:00,0.0
2025-01-19 06:00:00,17.31
2025-01-19 07:00:00,408.78
2025-01-19 08:00:00,656.18
2025-01-19 09:00:00,776.24
2025-01-19 10:00:00,804.96
2025-01-19 11:00:00,677.55
2025-01-19 12:00:00,614.03
2025-01-19 13:00:00,664.97
2025-01-19 14:00:00,602.3
2025-01-19 15:00:00,463.73
2025-01-19 16:00:00,249.35
2025-01-19 17:00:00,0.0
2025-01-19 18:00:00,0.0
2025-01-19 19:00:00,0.0
2025-01-19 20:00:00,0.0
2025-01-19 21:00:00,0.0
2025-01-19 22:00:00,0.0
2025-01-19 23:00:00,0.0
2025-01-20 00:00:00,0.0
2025-01-20 01:00:00,0.0
2025-01-20 02:00:00,0.0
2025-01-20 03:00:00,0.0
2025-01-20 04:00:00,0.0
2025-01-20 05:00:00,0.0
2025-01-20 06:00:00,8.58
2025-01-20 07:00:00,372.08
2025-01-20 08:00:00,632.47
2025-01-20 09:00:00,757.2
2025-01-20 10:00:00,801.62
2025-01-20 11:00:00,666.46
2025-01-20 12:00:00,653.82
2025-01-20 13:00:00,610.12
2025-01-20 14:00:00,558.61
2025-01-20 15:00:00,447.98
2025-01-20 16:00:00,213.9
2025-01-20 17:00:00,0.0
2025-01-20 18:00:00,0.0
2025-01-20 19:00:00,0.0
2025-01-20 20:00:00,0.0
2025-01-20 21:00:00,0.0
2025-01-20 22:00:00,0.0
2025-01-20 23:00:00,0.0
2025-01-21 00:00:00,0.0
2025-01-21 01:00:00,0.0
2025-01-21 02:00:00,0.0
2025-01-21 03:00:00,0.0
2025-01-21 04:00:00,0.0
2025-01-21 05:00:00,0.0
2025-01-21 06:00:00,6.38
2025-01-21 07:00:00,273.45
2025-01-21 08:00:00,519.37
2025-01-21 09:00:00,611.99
2025-01-21 10:00:00,632.2
2025-01-21 11:00:00,504.22
2025-01-21 12:00:00,409.85
2025-01-21 13:00:00,266.67
2025-01-21 14:00:00,139.65
2025-01-21 15:00:00,106.84
2025-01-21 16:00:00,50.86
2025-01-21 17:00:00,0.0
2025-01-21 18:00:00,0.0
2025-01-21 19:00:00,0.0
2025-01-21 20:00:00,0.0
2025-01-21 21:00:00,0.0
2025-01-21 22:00:00,0.0
2025-01-21 23:00:00,0.0
2025-01-22 00:00:00,0.0
2025-01-22 01:00:00,0.0
2025-01-22 02:00:00,0.0
2025-01-22 03:00:00,0.0
2025-01-22 04:00:00,0.0
2025-01-22 05:00:00,0.0
2025-01-22 06:00:00,8.47
2025-01-22 07:00:00,314.53
2025-01-22 08:00:00,512.02
2025-01-22 09:00:00,597.92
2025-01-22 10:00:00,567.25
2025-01-22 11:00:00,385.6
2025-01-22 12:00:00,453.5
2025-01-22 13:00:00,145.56
2025-01-22 14:00:00,146.25
2025-01-22 15:00:00,132.58
2025-01-22 16:00:00,55.38
2025-01-22 17:00:00,0.0
2025-01-22 18:00:00,0.0
2025-01-22 19:00:00,0.0
2025-01-22 20:00:00,0.0
2025-01-22 21:00:00,0.0
2025-01-22 22:00:00,0.0
2025-01-22 23:00:00,0.0
2025-01-23 00:00:00,0.0
2025-01-23 01:00:00,0.0
2025-01-23 02:00:00,0.0
2025-01-23 03:00:00,0.0
2025-01-23 04:00:00,0.0
2025-01-23 05:00:00,0.0
2025-01-23 06:00:00,2.27
2025-01-23 07:00:00,83.58
2025-01-23 08:00:00,182.66
2025-01-23 09:00:00,211.38
2025-01-23 10:00:00,248.33
2025-01-23 11:00:00,104.28
2025-01-23 12:00:00,208.13
2025-01-23 13:00:00,91.5
2025-01-23 14:00:00,63.61
2025-01-23 15:00:00,56.11
2025-01-23 16:00:00,19.36
2025-01-23 17:00:00,0.0
2025-01-23 18:00:00,0.0
2025-01-23 19:00:00,0.0
2025-01-23 20:00:00,0.0
2025-01-23 21:00:00,0.0
2025-01-23 22:00:00,0.0
2025-01-23 23:00:00,0.0
2025-01-24 00:00:00,0.0
2025-01-24 01:00:00,0.0
2025-01-24 02:00:00,0.0
2025-01-24 03:00:00,0.0
2025-01-24 04:00:00,0.0
2025-01-24 05:00:00,0.0
2025-01-24 06:00:00,0.0
2025-01-24 07:00:00,31.78
2025-01-24 08:00:00,65.48
2025-01-24 09:00:00,75.97
2025-01-24 10:00:00,61.56
2025-01-24 11:00:00,44.83
2025-01-24 12:00:00,117.45
2025-01-24 13:00:00,159.7
2025-01-24 14:00:00,74.85
2025-01-24 15:00:00,34.1
2025-01-24 16:00:00,14.96
2025-01-24 17:00:00,0.0
2025-01-24 18:00:00,0.0
2025-01-24 19:00:00,0.0
2025-01-24 20:00:00,0.0
2025-01-24 21:00:00,0.0
2025-01-24 22:00:00,0.0
2025-01-24 23:00:00,0.0
2025-01-25 00:00:00,0.0
2025-01-25 01:00:00,0.0
2025-01-25 02:00:00,0.0
2025-01-25 03:00:00,0.0
2025-01-25 04:00:00,0.0
2025-01-25 05:00:00,0.0
2025-01-25 06:00:00,0.0
2025-01-25 07:00:00,23.0
2025-01-25 08:00:00,48.71
2025-01-25 09:00:00,84.16
2025-01-25 10:00:00,228.03
2025-01-25 11:00:00,150.5
2025-01-25 12:00:00,91.34
2025-01-25 13:00:00,280.01
2025-01-25 14:00:00,55.05
2025-01-25 15:00:00,54.96
2025-01-25 16:00:00,34.36
2025-01-25 17:00:00,0.0
2025-01-25 18:00:00,0.0
2025-01-25 19:00:00,0.0
2025-01-25 20:00:00,0.0
2025-01-25 21:00:00,0.0
2025-01-25 22:00:00,0.0
2025-01-25 23:00:00,0.0
2025-01-26 00:00:00,0.0
2025-01-26 01:00:00,0.0
2025-01-26 02:00:00,0.0
2025-01-26 03:00:00,0.0
2025-01-26 04:00:00,0.0
2025-01-26 05:00:00,0.0
2025-01-26 06:00:00,46.79
2025-01-26 07:00:00,522.28
2025-01-26 08:00:00,825.62
2025-01-26 09:00:00,907.48
2025-01-26 10:00:00,927.7
2025-01-26 11:00:00,970.63
2025-01-26 12:00:00,931.05
2025-01-26 13:00:00,809.64
2025-01-26 14:00:00,709.33
2025-01-26 15:00:00,544.57
2025-01-26 16:00:00,282.01
2025-01-26 17:00:00,5.33
2025-01-26 18:00:00,0.0
2025-01-26 19:00:00,0.0
2025-01-26 20:00:00,0.0
2025-01-26 21:00:00,0.0
2025-01-26 22:00:00,0.0
2025-01-26 23:00:00,0.0
2025-01-27 00:00:00,0.0
2025-01-27 01:00:00,0.0
2025-01-27 02:00:00,0.0
2025-01-27 03:00:00,0.0
2025-01-27 04:00:00,0.0
2025-01-27 05:00:00,0.0
2025-01-27 06:00:00,2.94
2025-01-27 07:00:00,229.93
2025-01-27 08:00:00,483.17
2025-01-27 09:00:00,591.26
2025-01-27 10:00:00,625.24
2025-01-27 11:00:00,555.14
2025-01-27 12:00:00,556.55
2025-01-27 13:00:00,355.73
2025-01-27 14:00:00,257.3
2025-01-27 15:00:00,131.12
2025-01-27 16:00:00,67.84
2025-01-27 17:00:00,1.22
2025-01-27 18:00:00,0.0
2025-01-27 19:00:00,0.0
2025-01-27 20:00:00,0.0
2025-01-27 21:00:00,0.0
2025-01-27 22:00:00,0.0
2025-01-27 23:00:00,0.0
2025-01-28 00:00:00,0.0
2025-01-28 01:00:00,0.0
2025-01-28 02:00:00,0.0
2025-01-28 03:00:00,0.0
2025-01-28 04:00:00,0.0
2025-01-28 05:00:00,0.0
2025-01-28 06:00:00,0.0
2025-01-28 07:00:00,18.92
2025-01-28 08:00:00,25.84
2025-01-28 09:00:00,23.85
2025-01-28 10:00:00,0.15
2025-01-28 11:00:00,228.09
2025-01-28 12:00:00,170.26
2025-01-28 13:00:00,146.92
2025-01-28 14:00:00,154.24
2025-01-28 15:00:00,70.67
2025-01-28 16:00:00,28.66
2025-01-28 17:00:00,0.0
2025-01-28 18:00:00,0.0
2025-01-28 19:00:00,0.0
2025-01-28 20:00:00,0.0
2025-01-28 21:00:00,0.0
2025-01-28 22:00:00,0.0
2025-01-28 23:00:00,0.0
2025-01-29 00:00:00,0.0
2025-01-29 01:00:00,0.0
2025-01-29 02:00:00,0.0
2025-01-29 03:00:00,0.0
2025-01-29 04:00:00,0.0
2025-01-29 05:00:00,0.0
2025-01-29 06:00:00,1.17
2025-01-29 07:00:00,62.63
2025-01-29 08:00:00,129.04
2025-01-29 09:00:00,9.99
2025-01-29 10:00:00,0.0
2025-01-29 11:00:00,0.7
2025-01-29 12:00:00,173.32
2025-01-29 13:00:00,68.54
2025-01-29 14:00:00,0.0
2025-01-29 15:00:00,0.0
2025-01-29 16:00:00,7.02
2025-01-29 17:00:00,0.0
2025-01-29 18:00:00,0.0
2025-01-29 19:00:00,0.0
2025-01-29 20:00:00,0.0
2025-01-29 21:00:00,0.0
2025-01-29 22:00:00,0.0
2025-01-29 23:00:00,0.0
2025-01-30 00:00:00,0.0
2025-01-30 01:00:00,0.0
2025-01-30 02:00:00,0.0
2025-01-30 03:00:00,0.0
2025-01-30 04:00:00,0.0
2025-01-30 05:00:00,0.0
2025-01-30 06:00:00,0.0
2025-01-30 07:00:00,4.41
2025-01-30 08:00:00,13.27
2025-01-30 09:00:00,48.71
2025-01-30 10:00:00,48.58
2025-01-30 11:00:00,83.73
2025-01-30 12:00:00,103.49
2025-01-30 13:00:00,120.94
2025-01-30 14:00:00,95.29
2025-01-30 15:00:00,47.25
2025-01-30 16:00:00,24.47
2025-01-30 17:00:00,0.0
2025-01-30 18:00:00,0.0
2025-01-30 19:00:00,0.0
2025-01-30 20:00:00,0.0
2025-01-30 21:00:00,0.0
2025-01-30 22:00:00,0.0
2025-01-30 23:00:00,0.0
2025-01-31 00:00:00,0.0
2025-01-31 01:00:00,0.0
2025-01-31 02:00:00,0.0
2025-01-31 03:00:00,0.0
2025-01-31 04:00:00,0.0
2025-01-31 05:00:00,0.0
2025-01-31 06:00:00,0.0
2025-01-31 07:00:00,4.25
2025-01-31 08:00:00,13.67
2025-01-31 09:00:00,45.34
2025-01-31 10:00:00,81.28
2025-01-31 11:00:00,23.81
2025-01-31 12:00:00,26.07
2025-01-31 13:00:00,33.33
2025-01-31 14:00:00,27.88
2025-01-31 15:00:00,6.0
2025-01-31 16:00:00,1.21
2025-01-31 17:00:00,0.0
2025-01-31 18:00:00,0.0
2025-01-31 19:00:00,0.0
2025-01-31 20:00:00,0.0
2025-01-31 21:00:00,0.0
2025-01-31 22:00:00,0.0
2025-01-31 23:00:00,0.0
2025-02-01 00:00:00,0.0
2025-02-01 01:00:00,0.0
2025-02-01 02:00:00,0.0
2025-02-01 03:00:00,0.0
2025-02-01 04:00:00,0.0
2025-02-01 05:00:00,0.0
2025-02-01 06:00:00,0.0
2025-02-01 07:00:00,7.39
2025-02-01 08:00:00,28.69
2025-02-01 09:00:00,52.73
2025-02-01 10:00:00,100.91
2025-02-01 11:00:00,116.85
2025-02-01 12:00:00,128.91
2025-02-01 13:00:00,46.53
2025-02-01 14:00:00,69.15
2025-02-01 15:00:00,20.74
2025-02-01 16:00:00,11.8
2025-02-01 17:00:00,0.0
2025-02-01 18:00:00,0.0
2025-02-01 19:00:00,0.0
2025-02-01 20:00:00,0.0
2025-02-01 21:00:00,0.0
2025-02-01 22:00:00,0.0
2025-02-01 23:00:00,0.0
2025-02-02 00:00:00,0.0
2025-02-02 01:00:00,0.0
2025-02-02 02:00:00,0.0
2025-02-02 03:00:00,0.0
2025-02-02 04:00:00,0.0
2025-02-02 05:00:00,0.0
2025-02-02 06:00:00,0.0
2025-02-02 07:00:00,45.48
2025-02-02 08:00:00,108.57
2025-02-02 09:00:00,119.56
2025-02-02 10:00:00,169.93
2025-02-02 11:00:00,125.71
2025-02-02 12:00:00,182.54
2025-02-02 13:00:00,92.55
2025-02-02 14:00:00,45.12
2025-02-02 15:00:00,33.05
2025-02-02 16:00:00,14.86
2025-02-02 17:00:00,0.0
2025-02-02 18:00:00,0.0
2025-02-02 19:00:00,0.0
2025-02-02 20:00:00,0.0
2025-02-02 21:00:00,0.0
2025-02-02 22:00:00,0.0
2025-02-02 23:00:00,0.0
2025-02-03 00:00:00,0.0
2025-02-03 01:00:00,0.0
2025-02-03 02:00:00,0.0
2025-02-03 03:00:00,0.0
2025-02-03 04:00:00,0.0
2025-02-03 05:00:00,0.0
2025-02-03 06:00:00,1.45
2025-02-03 07:00:00,144.28
2025-02-03 08:00:00,253.61
2025-02-03 09:00:00,385.4
2025-02-03 10:00:00,434.58
2025-02-03 11:00:00,173.02
2025-02-03 12:00:00,277.24
2025-02-03 13:00:00,179.45
2025-02-03 14:00:00,94.52
2025-02-03 15:00:00,66.91
2025-02-03 16:00:00,23.96
2025-02-03 17:00:00,0.0
2025-02-03 18:00:00,0.0
2025-02-03 19:00:00,0.0
2025-02-03 20:00:00,0.0
2025-02-03 21:00:00,0.0
2025-02-03 22:00:00,0.0
2025-02-03 23:00:00,0.0
2025-02-04 00:00:00,0.0
2025-02-04 01:00:00,0.0
2025-02-04 02:00:00,0.0
2025-02-04 03:00:00,0.0
2025-02-04 04:00:00,0.0
2025-02-04 05:00:00,0.0
2025-02-04 06:00:00,0.54
2025-02-04 07:00:00,85.72
2025-02-04 08:00:00,278.01
2025-02-04 09:00:00,484.86
2025-02-04 10:00:00,450.97
2025-02-04 11:00:00,290.13
2025-02-04 12:00:00,227.07
2025-02-04 13:00:00,234.36
2025-02-04 14:00:00,125.89
2025-02-04 15:00:00,67.84
2025-02-04 16:00:00,29.82
2025-02-04 17:00:00,0.0
2025-02-04 18:00:00,0.0
2025-02-04 19:00:00,0.0
2025-02-04 20:00:00,0.0
2025-02-04 21:00:00,0.0
2025-02-04 22:00:00,0.0
2025-02-04 23:00:00,0.0
2025-02-05 00:00:00,0.0
2025-02-05 01:00:00,0.0
2025-02-05 02:00:00,0.0
2025-02-05 03:00:00,0.0
2025-02-05 04:00:00,0.0
2025-02-05 05:00:00,0.0
2025-02-05 06:00:00,0.97
2025-02-05 07:00:00,99.95
2025-02-05 08:00:00,237.63
2025-02-05 09:00:00,376.97
2025-02-05 10:00:00,358.67
2025-02-05 11:00:00,209.28
2025-02-05 12:00:00,212.07
2025-02-05 13:00:00,202.48
2025-02-05 14:00:00,101.39
2025-02-05 15:00:00,57.01
2025-02-05 16:00:00,21.43
2025-02-05 17:00:00,0.0
2025-02-05 18:00:00,0.0
2025-02-05 19:00:00,0.0
2025-02-05 20:00:00,0.0
2025-02-05 21:00:00,0.0
2025-02-05 22:00:00,0.0
2025-02-05 23:00:00,0.0
2025-02-06 00:00:00,0.0
2025-02-06 01:00:00,0.0
2025-02-06 02:00:00,0.0
2025-02-06 03:00:00,0.0
2025-02-06 04:00:00,0.0
2025-02-06 05:00:00,0.0
2025-02-06 06:00:00,0.0
2025-02-06 07:00:00,15.88
2025-02-06 08:00:00,37.06
2025-02-06 09:00:00,55.4
2025-02-06 10:00:00,49.66
2025-02-06 11:00:00,11.69
2025-02-06 12:00:00,63.6
2025-02-06 13:00:00,12.43
2025-02-06 14:00:00,16.1
2025-02-06 15:00:00,5.3
2025-02-06 16:00:00,1.7
2025-02-06 17:00:00,0.0
2025-02-06 18:00:00,0.0
2025-02-06 19:00:00,0.0
2025-02-06 20:00:00,0.0
2025-02-06 21:00:00,0.0
2025-02-06 22:00:00,0.0
2025-02-06 23:00:00,0.0
2025-02-07 00:00:00,0.0
2025-02-07 01:00:00,0.0
2025-02-07 02:00:00,0.0
2025-02-07 03:00:00,0.0
2025-02-07 04:00:00,0.0
2025-02-07 05:00:00,0.0
2025-02-07 06:00:00,0.0
2025-02-07 07:00:00,6.75
2025-02-07 08:00:00,13.12
2025-02-07 09:00:00,102.48
2025-02-07 10:00:00,151.65
2025-02-07 11:00:00,20.65
2025-02-07 12:00:00,74.03
2025-02-07 13:00:00,10.01
2025-02-07 14:00:00,12.95
2025-02-07 15:00:00,19.92
2025-02-07 16:00:00,8.07
2025-02-07 17:00:00,0.0
2025-02-07 18:00:00,0.0
2025-02-07 19:00:00,0.0
2025-02-07 20:00:00,0.0
2025-02-07 21:00:00,0.0
2025-02-07 22:00:00,0.0
2025-02-07 23:00:00,0.0
2025-02-08 00:00:00,0.0
2025-02-08 01:00:00,0.0
2025-02-08 02:00:00,0.0
2025-02-08 03:00:00,0.0
2025-02-08 04:00:00,0.0
2025-02-08 05:00:00,0.0
2025-02-08 06:00:00,0.0
2025-02-08 07:00:00,48.83
2025-02-08 08:00:00,136.78
2025-02-08 09:00:00,283.12
2025-02-08 10:00:00,230.85
2025-02-08 11:00:00,155.6
2025-02-08 12:00:00,351.09
2025-02-08 13:00:00,118.67
2025-02-08 14:00:00,95.09
2025-02-08 15:00:00,73.94
2025-02-08 16:00:00,33.04
2025-02-08 17:00:00,0.0
2025-02-08 18:00:00,0.0
2025-02-08 19:00:00,0.0
2025-02-08 20:00:00,0.0
2025-02-08 21:00:00,0.0
2025-02-08 22:00:00,0.0
2025-02-08 23:00:00,0.0
2025-02-09 00:00:00,0.0
2025-02-09 01:00:00,0.0
2025-02-09 02:00:00,0.0
2025-02-09 03:00:00,0.0
2025-02-09 04:00:00,0.0
2025-02-09 05:00:00,0.0
2025-02-09 06:00:00,1.14
2025-02-09 07:00:00,140.13
2025-02-09 08:00:00,309.27
2025-02-09 09:00:00,434.16
2025-02-09 10:00:00,445.97
2025-02-09 11:00:00,352.79
2025-02-09 12:00:00,305.71
2025-02-09 13:00:00,285.98
2025-02-09 14:00:00,180.38
2025-02-09 15:00:00,106.89
2025-02-09 16:00:00,52.16
2025-02-09 17:00:00,1.37
2025-02-09 18:00:00,0.0
2025-02-09 19:00:00,0.0
2025-02-09 20:00:00,0.0
2025-02-09 21:00:00,0.0
2025-02-09 22:00:00,0.0
2025-02-09 23:00:00,0.0
2025-02-10 00:00:00,0.0
2025-02-10 01:00:00,0.0
2025-02-10 02:00:00,0.0
2025-02-10 03:00:00,0.0
2025-02-10 04:00:00,0.0
2025-02-10 05:00:00,0.0
2025-02-10 06:00:00,0.85
2025-02-10 07:00:00,58.37
2025-02-10 08:00:00,153.71
2025-02-10 09:00:00,245.63
2025-02-10 10:00:00,237.09
2025-02-10 11:00:00,94.01
2025-02-10 12:00:00,81.7
2025-02-10 13:00:00,78.92
2025-02-10 14:00:00,57.55
2025-02-10 15:00:00,28.88
2025-02-10 16:00:00,15.08
2025-02-10 17:00:00,0.0
2025-02-10 18:00:00,0.0
2025-02-10 19:00:00,0.0
2025-02-10 20:00:00,0.0
2025-02-10 21:00:00,0.0
2025-02-10 22:00:00,0.0
2025-02-10 23:00:00,0.0
2025-02-11 00:00:00,0.0
2025-02-11 01:00:00,0.0
2025-02-11 02:00:00,0.0
2025-02-11 03:00:00,0.0
2025-02-11 04:00:00,0.0
2025-02-11 05:00:00,0.0
2025-02-11 06:00:00,0.0
2025-02-11 07:00:00,12.92
2025-02-11 08:00:00,40.41
2025-02-11 09:00:00,78.11
2025-02-11 10:00:00,109.23
2025-02-11 11:00:00,49.78
2025-02-11 12:00:00,12.94
2025-02-11 13:00:00,39.19
2025-02-11 14:00:00,42.97
2025-02-11 15:00:00,17.8
2025-02-11 16:00:00,9.61
2025-02-11 17:00:00,0.0
2025-02-11 18:00:00,0.0
2025-02-11 19:00:00,0.0
2025-02-11 20:00:00,0.0
2025-02-11 21:00:00,0.0
2025-02-11 22:00:00,0.0
2025-02-11 23:00:00,0.0
2025-02-12 00:00:00,0.0
2025-02-12 01:00:00,0.0
2025-02-12 02:00:00,0.0
2025-02-12 03:00:00,0.0
2025-02-12 04:00:00,0.0
2025-02-12 05:00:00,0.0
2025-02-12 06:00:00,0.0
2025-02-12 07:00:00,7.49
2025-02-12 08:00:00,25.32
2025-02-12 09:00:00,63.65
2025-02-12 10:00:00,97.6
2025-02-12 11:00:00,48.12
2025-02-12 12:00:00,49.92
2025-02-12 13:00:00,32.02
2025-02-12 14:00:00,23.22
2025-02-12 15:00:00,16.71
2025-02-12 16:00:00,4.06
2025-02-12 17:00:00,0.0
2025-02-12 18:00:00,0.0
2025-02-12 19:00:00,0.0
2025-02-12 20:00:00,0.0
2025-02-12 21:00:00,0.0
2025-02-12 22:00:00,0.0
2025-02-12 23:00:00,0.0
2025-02-13 00:00:00,0.0
2025-02-13 01:00:00,0.0
2025-02-13 02:00:00,0.0
2025-02-13 03:00:00,0.0
2025-02-13 04:00:00,0.0
2025-02-13 05:00:00,0.0
2025-02-13 06:00:00,0.0
2025-02-13 07:00:00,7.92
2025-02-13 08:00:00,31.93
2025-02-13 09:00:00,67.01
2025-02-13 10:00:00,99.86
2025-02-13 11:00:00,46.68
2025-02-13 12:00:00,88.53
2025-02-13 13:00:00,49.93
2025-02-13 14:00:00,44.73
2025-02-13 15:00:00,44.19
2025-02-13 16:00:00,14.02
2025-02-13 17:00:00,0.0
2025-02-13 18:00:00,0.0
2025-02-13 19:00:00,0.0
2025-02-13 20:00:00,0.0
2025-02-13 21:00:00,0.0
2025-02-13 22:00:00,0.0
2025-02-13 23:00:00,0.0
2025-02-14 00:00:00,0.0
2025-02-14 01:00:00,0.0
2025-02-14 02:00:00,0.0
2025-02-14 03:00:00,0.0
2025-02-14 04:00:00,0.0
2025-02-14 05:00:00,0.0
2025-02-14 06:00:00,0.88
2025-02-14 07:00:00,64.83
2025-02-14 08:00:00,124.9
2025-02-14 09:00:00,265.7
2025-02-14 10:00:00,281.15
2025-02-14 11:00:00,164.23
2025-02-14 12:00:00,145.98
2025-02-14 13:00:00,163.66
2025-02-14 14:00:00,101.19
2025-02-14 15:00:00,22.82
2025-02-14 16:00:00,5.29
2025-02-14 17:00:00,0.0
2025-02-14 18:00:00,0.0
2025-02-14 19:00:00,0.0
2025-02-14 20:00:00,0.0
2025-02-14 21:00:00,0.0
2025-02-14 22:00:00,0.0
2025-02-14 23:00:00,0.0
2025-02-15 00:00:00,0.0
2025-02-15 01:00:00,0.0
2025-02-15 02:00:00,0.0
2025-02-15 03:00:00,0.0
2025-02-15 04:00:00,0.0
2025-02-15 05:00:00,0.0
2025-02-15 06:00:00,0.0
2025-02-15 07:00:00,31.57
2025-02-15 08:00:00,65.08
2025-02-15 09:00:00,161.25
2025-02-15 10:00:00,205.8
2025-02-15 11:00:00,43.7
2025-02-15 12:00:00,136.93
2025-02-15 13:00:00,9.6
2025-02-15 14:00:00,54.37
2025-02-15 15:00:00,27.57
2025-02-15 16:00:00,21.81
2025-02-15 17:00:00,0.0
2025-02-15 18:00:00,0.0
2025-02-15 19:00:00,0.0
2025-02-15 20:00:00,0.0
2025-02-15 21:00:00,0.0
2025-02-15 22:00:00,0.0
2025-02-15 23:00:00,0.0
2025-02-16 00:00:00,0.0
2025-02-16 01:00:00,0.0
2025-02-16 02:00:00,0.0
2025-02-16 03:00:00,0.0
2025-02-16 04:00:00,0.0
2025-02-16 05:00:00,0.0
2025-02-16 06:00:00,0.0
2025-02-16 07:00:00,10.44
2025-02-16 08:00:00,21.02
2025-02-16 09:00:00,44.71
2025-02-16 10:00:00,68.57
2025-02-16 11:00:00,16.37
2025-02-16 12:00:00,89.18
2025-02-16 13:00:00,45.23
2025-02-16 14:00:00,5.36
2025-02-16 15:00:00,43.31
2025-02-16 16:00:00,20.56
2025-02-16 17:00:00,0.64
2025-02-16 18:00:00,0.0
2025-02-16 19:00:00,0.0
2025-02-16 20:00:00,0.0
2025-02-16 21:00:00,0.0
2025-02-16 22:00:00,0.0
2025-02-16 23:00:00,0.0
2025-02-17 00:00:00,0.0
2025-02-17 01:00:00,0.0
2025-02-17 02:00:00,0.0
2025-02-17 03:00:00,0.0
2025-02-17 04:00:00,0.0
2025-02-17 05:00:00,0.0
2025-02-17 06:00:00,2.03
2025-02-17 07:00:00,43.77
2025-02-17 08:00:00,78.34
2025-02-17 09:00:00,124.44
2025-02-17 10:00:00,100.03
2025-02-17 11:00:00,100.66
2025-02-17 12:00:00,92.65
2025-02-17 13:00:00,77.37
2025-02-17 14:00:00,89.63
2025-02-17 15:00:00,54.85
2025-02-17 16:00:00,13.02
2025-02-17 17:00:00,0.82
2025-02-17 18:00:00,0.0
2025-02-17 19:00:00,0.0
2025-02-17 20:00:00,0.0
2025-02-17 21:00:00,0.0
2025-02-17 22:00:00,0.0
2025-02-17 23:00:00,0.0
2025-02-18 00:00:00,0.0
2025-02-18 01:00:00,0.0
2025-02-18 02:00:00,0.0
2025-02-18 03:00:00,0.0
2025-02-18 04:00:00,0.0
2025-02-18 05:00:00,0.0
2025-02-18 06:00:00,0.79
2025-02-18 07:00:00,28.88
2025-02-18 08:00:00,64.7
2025-02-18 09:00:00,144.09
2025-02-18 10:00:00,178.56
2025-02-18 11:00:00,154.9
2025-02-18 12:00:00,201.57
2025-02-18 13:00:00,86.62
2025-02-18 14:00:00,75.8
2025-02-18 15:00:00,30.44
2025-02-18 16:00:00,14.13
2025-02-18 17:00:00,0.88
2025-02-18 18:00:00,0.0
2025-02-18 19:00:00,0.0
2025-02-18 20:00:00,0.0
2025-02-18 21:00:00,0.0
2025-02-18 22:00:00,0.0
2025-02-18 23:00:00,0.0
2025-02-19 00:00:00,0.0
2025-02-19 01:00:00,0.0
2025-02-19 02:00:00,0.0
2025-02-19 03:00:00,0.0
2025-02-19 04:00:00,0.0
2025-02-19 05:00:00,0.0
2025-02-19 06:00:00,0.68
2025-02-19 07:00:00,41.26
2025-02-19 08:00:00,95.05
2025-02-19 09:00:00,114.36
2025-02-19 10:00:00,126.26
2025-02-19 11:00:00,53.21
2025-02-19 12:00:00,120.59
2025-02-19 13:00:00,62.22
2025-02-19 14:00:00,19.3
2025-02-19 15:00:00,15.39
2025-02-19 16:00:00,5.9
2025-02-19 17:00:00,0.0
2025-02-19 18:00:00,0.0
2025-02-19 19:00:00,0.0
2025-02-19 20:00:00,0.0
2025-02-19 21:00:00,0.0
2025-02-19 22:00:00,0.0
2025-02-19 23:00:00,0.0
2025-02-20 00:00:00,0.0
2025-02-20 01:00:00,0.0
2025-02-20 02:00:00,0.0
2025-02-20 03:00:00,0.0
2025-02-20 04:00:00,0.0
2025-02-20 05:00:00,0.0
2025-02-20 06:00:00,0.0
2025-02-20 07:00:00,46.51
2025-02-20 08:00:00,110.38
2025-02-20 09:00:00,202.03
2025-02-20 10:00:00,244.72
2025-02-20 11:00:00,170.65
2025-02-20 12:00:00,93.08
2025-02-20 13:00:00,180.08
2025-02-20 14:00:00,59.38
2025-02-20 15:00:00,36.55
2025-02-20 16:00:00,16.28
2025-02-20 17:00:00,0.0
2025-02-20 18:00:00,0.0
2025-02-20 19:00:00,0.0
2025-02-20 20:00:00,0.0
2025-02-20 21:00:00,0.0
2025-02-20 22:00:00,0.0
2025-02-20 23:00:00,0.0
2025-02-21 00:00:00,0.0
2025-02-21 01:00:00,0.0
2025-02-21 02:00:00,0.0
2025-02-21 03:00:00,0.0
2025-02-21 04:00:00,0.0
2025-02-21 05:00:00,0.0
2025-02-21 06:00:00,1.52
2025-02-21 07:00:00,71.12
2025-02-21 08:00:00,195.3
2025-02-21 09:00:00,212.12
2025-02-21 10:00:00,242.55
2025-02-21 11:00:00,252.25
2025-02-21 12:00:00,166.45
2025-02-21 13:00:00,270.52
2025-02-21 14:00:00,127.54
2025-02-21 15:00:00,76.41
2025-02-21 16:00:00,41.54
2025-02-21 17:00:00,3.49
2025-02-21 18:00:00,0.0
2025-02-21 19:00:00,0.0
2025-02-21 20:00:00,0.0
2025-02-21 21:00:00,0.0
2025-02-21 22:00:00,0.0
2025-02-21 23:00:00,0.0
2025-02-22 00:00:00,0.0
2025-02-22 01:00:00,0.0
2025-02-22 02:00:00,0.0
2025-02-22 03:00:00,0.0
2025-02-22 04:00:00,0.0
2025-02-22 05:00:00,0.0
2025-02-22 06:00:00,0.0
2025-02-22 07:00:00,25.43
2025-02-22 08:00:00,41.88
2025-02-22 09:00:00,76.26
2025-02-22 10:00:00,283.22
2025-02-22 11:00:00,15.54
2025-02-22 12:00:00,27.5
2025-02-22 13:00:00,15.33
2025-02-22 14:00:00,5.83
2025-02-22 15:00:00,6.64
2025-02-22 16:00:00,4.31
2025-02-22 17:00:00,0.0
2025-02-22 18:00:00,0.0
2025-02-22 19:00:00,0.0
2025-02-22 20:00:00,0.0
2025-02-22 21:00:00,0.0
2025-02-22 22:00:00,0.0
2025-02-22 23:00:00,0.0
2025-02-23 00:00:00,0.0
2025-02-23 01:00:00,0.0
2025-02-23 02:00:00,0.0
2025-02-23 03:00:00,0.0
2025-02-23 04:00:00,0.0
2025-02-23 05:00:00,0.0
2025-02-23 06:00:00,1.36
2025-02-23 07:00:00,29.87
2025-02-23 08:00:00,56.14
2025-02-23 09:00:00,109.93
2025-02-23 10:00:00,107.65
2025-02-23 11:00:00,58.73
2025-02-23 12:00:00,103.57
2025-02-23 13:00:00,14.6
2025-02-23 14:00:00,0.28
2025-02-23 15:00:00,0.14
2025-02-23 16:00:00,4.12
2025-02-23 17:00:00,0.0
2025-02-23 18:00:00,0.0
2025-02-23 19:00:00,0.0
2025-02-23 20:00:00,0.0
2025-02-23 21:00:00,0.0
2025-02-23 22:00:00,0.0
2025-02-23 23:00:00,0.0
2025-02-24 00:00:00,0.0
2025-02-24 01:00:00,0.0
2025-02-24 02:00:00,0.0
2025-02-24 03:00:00,0.0
2025-02-24 04:00:00,0.0
2025-02-24 05:00:00,0.0
2025-02-24 06:00:00,1.09
2025-02-24 07:00:00,26.82
2025-02-24 08:00:00,84.75
2025-02-24 09:00:00,163.15
2025-02-24 10:00:00,151.52
2025-02-24 11:00:00,146.05
2025-02-24 12:00:00,384.41
2025-02-24 13:00:00,75.67
2025-02-24 14:00:00,50.74
2025-02-24 15:00:00,75.68
2025-02-24 16:00:00,38.42
2025-02-24 17:00:00,2.34
2025-02-24 18:00:00,0.0
2025-02-24 19:00:00,0.0
2025-02-24 20:00:00,0.0
2025-02-24 21:00:00,0.0
2025-02-24 22:00:00,0.0
2025-02-24 23:00:00,0.0
2025-02-25 00:00:00,0.0
2025-02-25 01:00:00,0.0
2025-02-25 02:00:00,0.0
2025-02-25 03:00:00,0.0
2025-02-25 04:00:00,0.0
2025-02-25 05:00:00,0.0
2025-02-25 06:00:00,0.0
2025-02-25 07:00:00,14.47
2025-02-25 08:00:00,21.39
2025-02-25 09:00:00,39.23
2025-02-25 10:00:00,35.15
2025-02-25 11:00:00,130.44
2025-02-25 12:00:00,29.45
2025-02-25 13:00:00,111.11
2025-02-25 14:00:00,21.83
2025-02-25 15:00:00,29.04
2025-02-25 16:00:00,14.63
2025-02-25 17:00:00,1.33
2025-02-25 18:00:00,0.0
2025-02-25 19:00:00,0.0
2025-02-25 20:00:00,0.0
2025-02-25 21:00:00,0.0
2025-02-25 22:00:00,0.0
2025-02-25 23:00:00,0.0
2025-02-26 00:00:00,0.0
2025-02-26 01:00:00,0.0
2025-02-26 02:00:00,0.0
2025-02-26 03:00:00,0.0
2025-02-26 04:00:00,0.0
2025-02-26 05:00:00,0.0
2025-02-26 06:00:00,108.43
2025-02-26 07:00:00,489.23
2025-02-26 08:00:00,730.0
2025-02-26 09:00:00,823.94
2025-02-26 10:00:00,925.64
2025-02-26 11:00:00,854.84
2025-02-26 12:00:00,872.66
2025-02-26 13:00:00,880.7
2025-02-26 14:00:00,780.37
2025-02-26 15:00:00,671.73
2025-02-26 16:00:00,464.49
2025-02-26 17:00:00,62.17
2025-02-26 18:00:00,0.0
2025-02-26 19:00:00,0.0
2025-02-26 20:00:00,0.0
2025-02-26 21:00:00,0.0
2025-02-26 22:00:00,0.0
2025-02-26 23:00:00,0.0
2025-02-27 00:00:00,0.0
2025-02-27 01:00:00,0.0
2025-02-27 02:00:00,0.0
2025-02-27 03:00:00,0.0
2025-02-27 04:00:00,0.0
2025-02-27 05:00:00,0.0
2025-02-27 06:00:00,15.62
2025-02-27 07:00:00,340.87
2025-02-27 08:00:00,542.05
2025-02-27 09:00:00,719.67
2025-02-27 10:00:00,778.87
2025-02-27 11:00:00,736.39
2025-02-27 12:00:00,726.68
2025-02-27 13:00:00,519.49
2025-02-27 14:00:00,301.94
2025-02-27 15:00:00,202.96
2025-02-27 16:00:00,69.2
2025-02-27 17:00:00,5.02
2025-02-27 18:00:00,0.0
2025-02-27 19:00:00,0.0
2025-02-27 20:00:00,0.0
2025-02-27 21:00:00,0.0
2025-02-27 22:00:00,0.0
2025-02-27 23:00:00,0.0
2025-02-28 00:00:00,0.0
2025-02-28 01:00:00,0.0
2025-02-28 02:00:00,0.0
2025-02-28 03:00:00,0.0
2025-02-28 04:00:00,0.0
2025-02-28 05:00:00,0.0
2025-02-28 06:00:00,0.0
2025-02-28 07:00:00,36.99
2025-02-28 08:00:00,103.89
2025-02-28 09:00:00,172.46
2025-02-28 10:00:00,419.85
2025-02-28 11:00:00,203.36
2025-02-28 12:00:00,145.43
2025-02-28 13:00:00,85.28
2025-02-28 14:00:00,1.78
2025-02-28 15:00:00,0.54
2025-02-28 16:00:00,2.32
2025-02-28 17:00:00,0.0
2025-02-28 18:00:00,0.0
2025-02-28 19:00:00,0.0
2025-02-28 20:00:00,0.0
2025-02-28 21:00:00,0.0
2025-02-28 22:00:00,0.0
2025-02-28 23:00:00,0.0
2025-03-01 00:00:00,0.0
2025-03-01 01:00:00,0.0
2025-03-01 02:00:00,0.0
2025-03-01 03:00:00,0.0
2025-03-01 04:00:00,0.0
2025-03-01 05:00:00,0.0
2025-03-01 06:00:00,0.0
2025-03-01 07:00:00,11.18
2025-03-01 08:00:00,39.42
2025-03-01 09:00:00,74.08
2025-03-01 10:00:00,72.37
2025-03-01 11:00:00,121.62
2025-03-01 12:00:00,20.08
2025-03-01 13:00:00,23.22
2025-03-01 14:00:00,0.0
2025-03-01 15:00:00,0.0
2025-03-01 16:00:00,0.0
2025-03-01 17:00:00,0.0
2025-03-01 18:00:00,0.0
2025-03-01 19:00:00,0.0
2025-03-01 20:00:00,0.0
2025-03-01 21:00:00,0.0
2025-03-01 22:00:00,0.0
2025-03-01 23:00:00,0.0
2025-03-02 00:00:00,0.0
2025-03-02 01:00:00,0.0
2025-03-02 02:00:00,0.0
2025-03-02 03:00:00,0.0
2025-03-02 04:00:00,0.0
2025-03-02 05:00:00,0.0
2025-03-02 06:00:00,1.86
2025-03-02 07:00:00,38.13
2025-03-02 08:00:00,84.0
2025-03-02 09:00:00,187.77
2025-03-02 10:00:00,154.41
2025-03-02 11:00:00,80.22
2025-03-02 12:00:00,172.4
2025-03-02 13:00:00,158.56
2025-03-02 14:00:00,80.2
2025-03-02 15:00:00,81.28
2025-03-02 16:00:00,28.61
2025-03-02 17:00:00,1.0
2025-03-02 18:00:00,0.0
2025-03-02 19:00:00,0.0
2025-03-02 20:00:00,0.0
2025-03-02 21:00:00,0.0
2025-03-02 22:00:00,0.0
2025-03-02 23:00:00,0.0
2025-03-03 00:00:00,0.0
2025-03-03 01:00:00,0.0
2025-03-03 02:00:00,0.0
2025-03-03 03:00:00,0.0
2025-03-03 04:00:00,0.0
2025-03-03 05:00:00,0.0
2025-03-03 06:00:00,4.84
2025-03-03 07:00:00,42.34
2025-03-03 08:00:00,81.27
2025-03-03 09:00:00,128.31
2025-03-03 10:00:00,158.93
2025-03-03 11:00:00,118.79
2025-03-03 12:00:00,126.44
2025-03-03 13:00:00,257.3
2025-03-03 14:00:00,162.43
2025-03-03 15:00:00,88.42
2025-03-03 16:00:00,47.85
2025-03-03 17:00:00,6.78
2025-03-03 18:00:00,0.0
2025-03-03 19:00:00,0.0
2025-03-03 20:00:00,0.0
2025-03-03 21:00:00,0.0
2025-03-03 22:00:00,0.0
2025-03-03 23:00:00,0.0
2025-03-04 00:00:00,0.0
2025-03-04 01:00:00,0.0
2025-03-04 02:00:00,0.0
2025-03-04 03:00:00,0.0
2025-03-04 04:00:00,0.0
2025-03-04 05:00:00,0.0
2025-03-04 06:00:00,4.63
2025-03-04 07:00:00,32.44
2025-03-04 08:00:00,68.1
2025-03-04 09:00:00,178.59
2025-03-04 10:00:00,244.49
2025-03-04 11:00:00,161.23
2025-03-04 12:00:00,144.73
2025-03-04 13:00:00,160.25
2025-03-04 14:00:00,160.66
2025-03-04 15:00:00,101.14
2025-03-04 16:00:00,34.7
2025-03-04 17:00:00,3.06
2025-03-04 18:00:00,0.0
2025-03-04 19:00:00,0.0
2025-03-04 20:00:00,0.0
2025-03-04 21:00:00,0.0
2025-03-04 22:00:00,0.0
2025-03-04 23:00:00,0.0
2025-03-05 00:00:00,0.0
2025-03-05 01:00:00,0.0
2025-03-05 02:00:00,0.0
2025-03-05 03:00:00,0.0
2025-03-05 04:00:00,0.0
2025-03-05 05:00:00,0.0
2025-03-05 06:00:00,0.0
2025-03-05 07:00:00,0.0
2025-03-05 08:00:00,20.34
2025-03-05 09:00:00,117.01
2025-03-05 10:00:00,133.16
2025-03-05 11:00:00,60.43
2025-03-05 12:00:00,138.26
2025-03-05 13:00:00,72.83
2025-03-05 14:00:00,129.62
2025-03-05 15:00:00,74.48
2025-03-05 16:00:00,22.09
2025-03-05 17:00:00,1.24
2025-03-05 18:00:00,0.0
2025-03-05 19:00:00,0.0
2025-03-05 20:00:00,0.0
2025-03-05 21:00:00,0.0
2025-03-05 22:00:00,0.0
2025-03-05 23:00:00,0.0
2025-03-06 00:00:00,0.0
2025-03-06 01:00:00,0.0
2025-03-06 02:00:00,0.0
2025-03-06 03:00:00,0.0
2025-03-06 04:00:00,0.0
2025-03-06 05:00:00,0.0
2025-03-06 06:00:00,3.65
2025-03-06 07:00:00,58.93
2025-03-06 08:00:00,94.52
2025-03-06 09:00:00,179.64
2025-03-06 10:00:00,175.28
2025-03-06 11:00:00,202.84
2025-03-06 12:00:00,277.35
2025-03-06 13:00:00,198.42
2025-03-06 14:00:00,181.88
2025-03-06 15:00:00,57.24
2025-03-06 16:00:00,27.89
2025-03-06 17:00:00,4.51
2025-03-06 18:00:00,0.0
2025-03-06 19:00:00,0.0
2025-03-06 20:00:00,0.0
2025-03-06 21:00:00,0.0
2025-03-06 22:00:00,0.0
2025-03-06 23:00:00,0.0
2025-03-07 00:00:00,0.0
2025-03-07 01:00:00,0.0
2025-03-07 02:00:00,0.0
2025-03-07 03:00:00,0.0
2025-03-07 04:00:00,0.0
2025-03-07 05:00:00,0.0
2025-03-07 06:00:00,8.65
2025-03-07 07:00:00,95.87
2025-03-07 08:00:00,174.87
2025-03-07 09:00:00,246.61
2025-03-07 10:00:00,276.8
2025-03-07 11:00:00,221.59
2025-03-07 12:00:00,287.75
2025-03-07 13:00:00,77.89
2025-03-07 14:00:00,55.58
2025-03-07 15:00:00,27.1
2025-03-07 16:00:00,9.18
2025-03-07 17:00:00,0.0
2025-03-07 18:00:00,0.0
2025-03-07 19:00:00,0.0
2025-03-07 20:00:00,0.0
2025-03-07 21:00:00,0.0
2025-03-07 22:00:00,0.0
2025-03-07 23:00:00,0.0
2025-03-08 00:00:00,0.0
2025-03-08 01:00:00,0.0
2025-03-08 02:00:00,0.0
2025-03-08 03:00:00,0.0
2025-03-08 04:00:00,0.0
2025-03-08 05:00:00,0.0
2025-03-08 06:00:00,1.28
2025-03-08 07:00:00,15.56
2025-03-08 08:00:00,28.0
2025-03-08 09:00:00,79.87
2025-03-08 10:00:00,45.86
2025-03-08 11:00:00,19.6
2025-03-08 12:00:00,12.59
2025-03-08 13:00:00,59.54
2025-03-08 14:00:00,13.79
2025-03-08 15:00:00,11.8
2025-03-08 16:00:00,4.49
2025-03-08 17:00:00,0.0
2025-03-08 18:00:00,0.0
2025-03-08 19:00:00,0.0
2025-03-08 20:00:00,0.0
2025-03-08 21:00:00,0.0
2025-03-08 22:00:00,0.0
2025-03-08 23:00:00,0.0
2025-03-09 00:00:00,0.0
2025-03-09 01:00:00,0.0
2025-03-09 02:00:00,0.0
2025-03-09 03:00:00,0.0
2025-03-09 04:00:00,0.0
2025-03-09 05:00:00,0.0
2025-03-09 06:00:00,2.97
2025-03-09 07:00:00,66.27
2025-03-09 08:00:00,183.51
2025-03-09 09:00:00,279.42
2025-03-09 10:00:00,348.2
2025-03-09 11:00:00,265.66
2025-03-09 12:00:00,242.17
2025-03-09 13:00:00,258.49
2025-03-09 14:00:00,38.81
2025-03-09 15:00:00,49.88
2025-03-09 16:00:00,35.52
2025-03-09 17:00:00,3.06
2025-03-09 18:00:00,0.0
2025-03-09 19:00:00,0.0
2025-03-09 20:00:00,0.0
2025-03-09 21:00:00,0.0
2025-03-09 22:00:00,0.0
2025-03-09 23:00:00,0.0
2025-03-10 00:00:00,0.0
2025-03-10 01:00:00,0.0
2025-03-10 02:00:00,0.0
2025-03-10 03:00:00,0.0
2025-03-10 04:00:00,0.0
2025-03-10 05:00:00,0.0
2025-03-10 06:00:00,13.12
2025-03-10 07:00:00,198.79
2025-03-10 08:00:00,334.88
2025-03-10 09:00:00,427.84
2025-03-10 10:00:00,454.31
2025-03-10 11:00:00,452.44
2025-03-10 12:00:00,341.28
2025-03-10 13:00:00,214.98
2025-03-10 14:00:00,155.29
2025-03-10 15:00:00,48.3
2025-03-10 16:00:00,13.15
2025-03-10 17:00:00,0.0
2025-03-10 18:00:00,0.0
2025-03-10 19:00:00,0.0
2025-03-10 20:00:00,0.0
2025-03-10 21:00:00,0.0
2025-03-10 22:00:00,0.0
2025-03-10 23:00:00,0.0
2025-03-11 00:00:00,0.0
2025-03-11 01:00:00,0.0
2025-03-11 02:00:00,0.0
2025-03-11 03:00:00,0.0
2025-03-11 04:00:00,0.0
2025-03-11 05:00:00,0.0
2025-03-11 06:00:00,10.37
2025-03-11 07:00:00,67.65
2025-03-11 08:00:00,139.26
2025-03-11 09:00:00,214.37
2025-03-11 10:00:00,296.58
2025-03-11 11:00:00,111.32
2025-03-11 12:00:00,39.86
2025-03-11 13:00:00,64.02
2025-03-11 14:00:00,91.41
2025-03-11 15:00:00,36.6
2025-03-11 16:00:00,12.44
2025-03-11 17:00:00,0.0
2025-03-11 18:00:00,0.0
2025-03-11 19:00:00,0.0
2025-03-11 20:00:00,0.0
2025-03-11 21:00:00,0.0
2025-03-11 22:00:00,0.0
2025-03-11 23:00:00,0.0
2025-03-12 00:00:00,0.0
2025-03-12 01:00:00,0.0
2025-03-12 02:00:00,0.0
2025-03-12 03:00:00,0.0
2025-03-12 04:00:00,0.0
2025-03-12 05:00:00,0.0
2025-03-12 06:00:00,0.0
2025-03-12 07:00:00,0.0
2025-03-12 08:00:00,0.0
2025-03-12 09:00:00,25.23
2025-03-12 10:00:00,21.87
2025-03-12 11:00:00,3.58
2025-03-12 12:00:00,0.22
2025-03-12 13:00:00,3.05
2025-03-12 14:00:00,13.61
2025-03-12 15:00:00,2.92
2025-03-12 16:00:00,0.29
2025-03-12 17:00:00,0.0
2025-03-12 18:00:00,0.0
2025-03-12 19:00:00,0.0
2025-03-12 20:00:00,0.0
2025-03-12 21:00:00,0.0
2025-03-12 22:00:00,0.0
2025-03-12 23:00:00,0.0
2025-03-13 00:00:00,0.0
2025-03-13 01:00:00,0.0
2025-03-13 02:00:00,0.0
2025-03-13 03:00:00,0.0
2025-03-13 04:00:00,0.0
2025-03-13 05:00:00,0.0
2025-03-13 06:00:00,0.0
2025-03-13 07:00:00,0.0
2025-03-13 08:00:00,0.0
2025-03-13 09:00:00,0.28
2025-03-13 10:00:00,7.01
2025-03-13 11:00:00,8.85
2025-03-13 12:00:00,0.11
2025-03-13 13:00:00,1.22
2025-03-13 14:00:00,18.86
2025-03-13 15:00:00,5.83
2025-03-13 16:00:00,1.44
2025-03-13 17:00:00,0.0
2025-03-13 18:00:00,0.0
2025-03-13 19:00:00,0.0
2025-03-13 20:00:00,0.0
2025-03-13 21:00:00,0.0
2025-03-13 22:00:00,0.0
2025-03-13 23:00:00,0.0
2025-03-14 00:00:00,0.0
2025-03-14 01:00:00,0.0
2025-03-14 02:00:00,0.0
2025-03-14 03:00:00,0.0
2025-03-14 04:00:00,0.0
2025-03-14 05:00:00,0.0
2025-03-14 06:00:00,1.04
2025-03-14 07:00:00,8.33
2025-03-14 08:00:00,15.99
2025-03-14 09:00:00,104.59
2025-03-14 10:00:00,137.32
2025-03-14 11:00:00,0.54
2025-03-14 12:00:00,1.62
2025-03-14 13:00:00,3.39
2025-03-14 14:00:00,3.69
2025-03-14 15:00:00,0.99
2025-03-14 16:00:00,1.99
2025-03-14 17:00:00,0.0
2025-03-14 18:00:00,0.0
2025-03-14 19:00:00,0.0
2025-03-14 20:00:00,0.0
2025-03-14 21:00:00,0.0
2025-03-14 22:00:00,0.0
2025-03-14 23:00:00,0.0
2025-03-15 00:00:00,0.0
2025-03-15 01:00:00,0.0
2025-03-15 02:00:00,0.0
2025-03-15 03:00:00,0.0
2025-03-15 04:00:00,0.0
2025-03-15 05:00:00,0.0
2025-03-15 06:00:00,6.53
2025-03-15 07:00:00,60.4
2025-03-15 08:00:00,140.44
2025-03-15 09:00:00,232.03
2025-03-15 10:00:00,220.02
2025-03-15 11:00:00,114.96
2025-03-15 12:00:00,265.01
2025-03-15 13:00:00,24.73
2025-03-15 14:00:00,22.1
2025-03-15 15:00:00,7.59
2025-03-15 16:00:00,13.61
2025-03-15 17:00:00,1.38
2025-03-15 18:00:00,0.0
2025-03-15 19:00:00,0.0
2025-03-15 20:00:00,0.0
2025-03-15 21:00:00,0.0
2025-03-15 22:00:00,0.0
2025-03-15 23:00:00,0.0
2025-03-16 00:00:00,0.0
2025-03-16 01:00:00,0.0
2025-03-16 02:00:00,0.0
2025-03-16 03:00:00,0.0
2025-03-16 04:00:00,0.0
2025-03-16 05:00:00,0.0
2025-03-16 06:00:00,1.7
2025-03-16 07:00:00,54.48
2025-03-16 08:00:00,74.76
2025-03-16 09:00:00,128.71
2025-03-16 10:00:00,67.61
2025-03-16 11:00:00,101.43
2025-03-16 12:00:00,83.52
2025-03-16 13:00:00,3.45
2025-03-16 14:00:00,0.14
2025-03-16 15:00:00,0.66
2025-03-16 16:00:00,1.47
2025-03-16 17:00:00,0.0
2025-03-16 18:00:00,0.0
2025-03-16 19:00:00,0.0
2025-03-16 20:00:00,0.0
2025-03-16 21:00:00,0.0
2025-03-16 22:00:00,0.0
2025-03-16 23:00:00,0.0
2025-03-17 00:00:00,0.0
2025-03-17 01:00:00,0.0
2025-03-17 02:00:00,0.0
2025-03-17 03:00:00,0.0
2025-03-17 04:00:00,0.0
2025-03-17 05:00:00,0.0
2025-03-17 06:00:00,67.94
2025-03-17 07:00:00,287.32
2025-03-17 08:00:00,456.16
2025-03-17 09:00:00,329.92
2025-03-17 10:00:00,149.18
2025-03-17 11:00:00,43.62
2025-03-17 12:00:00,260.34
2025-03-17 13:00:00,106.2
2025-03-17 14:00:00,147.78
2025-03-17 15:00:00,182.88
2025-03-17 16:00:00,82.59
2025-03-17 17:00:00,10.28
2025-03-17 18:00:00,0.0
2025-03-17 19:00:00,0.0
2025-03-17 20:00:00,0.0
2025-03-17 21:00:00,0.0
2025-03-17 22:00:00,0.0
2025-03-17 23:00:00,0.0
2025-03-18 00:00:00,0.0
2025-03-18 01:00:00,0.0
2025-03-18 02:00:00,0.0
2025-03-18 03:00:00,0.0
2025-03-18 04:00:00,0.0
2025-03-18 05:00:00,0.0
2025-03-18 06:00:00,155.87
2025-03-18 07:00:00,472.71
2025-03-18 08:00:00,676.12
2025-03-18 09:00:00,742.41
2025-03-18 10:00:00,754.84
2025-03-18 11:00:00,545.67
2025-03-18 12:00:00,218.13
2025-03-18 13:00:00,488.31
2025-03-18 14:00:00,282.21
2025-03-18 15:00:00,291.51
2025-03-18 16:00:00,160.82
2025-03-18 17:00:00,22.46
2025-03-18 18:00:00,0.0
2025-03-18 19:00:00,0.0
2025-03-18 20:00:00,0.0
2025-03-18 21:00:00,0.0
2025-03-18 22:00:00,0.0
2025-03-18 23:00:00,0.0
2025-03-19 00:00:00,0.0
2025-03-19 01:00:00,0.0
2025-03-19 02:00:00,0.0
2025-03-19 03:00:00,0.0
2025-03-19 04:00:00,0.0
2025-03-19 05:00:00,0.0
2025-03-19 06:00:00,109.42
2025-03-19 07:00:00,368.79
2025-03-19 08:00:00,534.3
2025-03-19 09:00:00,502.49
2025-03-19 10:00:00,436.82
2025-03-19 11:00:00,207.6
2025-03-19 12:00:00,197.68
2025-03-19 13:00:00,165.5
2025-03-19 14:00:00,50.19
2025-03-19 15:00:00,70.13
2025-03-19 16:00:00,36.57
2025-03-19 17:00:00,5.36
2025-03-19 18:00:00,0.0
2025-03-19 19:00:00,0.0
2025-03-19 20:00:00,0.0
2025-03-19 21:00:00,0.0
2025-03-19 22:00:00,0.0
2025-03-19 23:00:00,0.0
2025-03-20 00:00:00,0.0
2025-03-20 01:00:00,0.0
2025-03-20 02:00:00,0.0
2025-03-20 03:00:00,0.0
2025-03-20 04:00:00,0.0
2025-03-20 05:00:00,0.0
2025-03-20 06:00:00,15.98
2025-03-20 07:00:00,61.9
2025-03-20 08:00:00,110.43
2025-03-20 09:00:00,153.42
2025-03-20 10:00:00,225.15
2025-03-20 11:00:00,91.2
2025-03-20 12:00:00,130.48
2025-03-20 13:00:00,99.24
2025-03-20 14:00:00,29.39
2025-03-20 15:00:00,36.77
2025-03-20 16:00:00,21.51
2025-03-20 17:00:00,3.33
2025-03-20 18:00:00,0.0
2025-03-20 19:00:00,0.0
2025-03-20 20:00:00,0.0
2025-03-20 21:00:00,0.0
2025-03-20 22:00:00,0.0
2025-03-20 23:00:00,0.0
2025-03-21 00:00:00,0.0
2025-03-21 01:00:00,0.0
2025-03-21 02:00:00,0.0
2025-03-21 03:00:00,0.0
2025-03-21 04:00:00,0.0
2025-03-21 05:00:00,0.0
2025-03-21 06:00:00,0.0
2025-03-21 07:00:00,0.38
2025-03-21 08:00:00,0.45
2025-03-21 09:00:00,2.94
2025-03-21 10:00:00,0.0
2025-03-21 11:00:00,0.11
2025-03-21 12:00:00,3.21
2025-03-21 13:00:00,0.38
2025-03-21 14:00:00,0.0
2025-03-21 15:00:00,0.0
2025-03-21 16:00:00,0.0
2025-03-21 17:00:00,0.0
2025-03-21 18:00:00,0.0
2025-03-21 19:00:00,0.0
2025-03-21 20:00:00,0.0
2025-03-21 21:00:00,0.0
2025-03-21 22:00:00,0.0
2025-03-21 23:00:00,0.0
2025-03-22 00:00:00,0.0
2025-03-22 01:00:00,0.0
2025-03-22 02:00:00,0.0
2025-03-22 03:00:00,0.0
2025-03-22 04:00:00,0.0
2025-03-22 05:00:00,0.0
2025-03-22 06:00:00,2.85
2025-03-22 07:00:00,22.44
2025-03-22 08:00:00,43.99
2025-03-22 09:00:00,6.41
2025-03-22 10:00:00,5.18
2025-03-22 11:00:00,0.0
2025-03-22 12:00:00,3.78
2025-03-22 13:00:00,10.33
2025-03-22 14:00:00,6.32
2025-03-22 15:00:00,0.0
2025-03-22 16:00:00,0.24
2025-03-22 17:00:00,0.0
2025-03-22 18:00:00,0.0
2025-03-22 19:00:00,0.0
2025-03-22 20:00:00,0.0
2025-03-22 21:00:00,0.0
2025-03-22 22:00:00,0.0
2025-03-22 23:00:00,0.0
2025-03-23 00:00:00,0.0
2025-03-23 01:00:00,0.0
2025-03-23 02:00:00,0.0
2025-03-23 03:00:00,0.0
2025-03-23 04:00:00,0.0
2025-03-23 05:00:00,0.0
2025-03-23 06:00:00,8.52
2025-03-23 07:00:00,75.5
2025-03-23 08:00:00,177.04
2025-03-23 09:00:00,177.35
2025-03-23 10:00:00,233.6
2025-03-23 11:00:00,235.22
2025-03-23 12:00:00,267.18
2025-03-23 13:00:00,61.01
2025-03-23 14:00:00,66.32
2025-03-23 15:00:00,10.37
2025-03-23 16:00:00,5.1
2025-03-23 17:00:00,2.36
2025-03-23 18:00:00,0.0
2025-03-23 19:00:00,0.0
2025-03-23 20:00:00,0.0
2025-03-23 21:00:00,0.0
2025-03-23 22:00:00,0.0
2025-03-23 23:00:00,0.0
2025-03-24 00:00:00,0.0
2025-03-24 01:00:00,0.0
2025-03-24 02:00:00,0.0
2025-03-24 03:00:00,0.0
2025-03-24 04:00:00,0.0
2025-03-24 05:00:00,0.0
2025-03-24 06:00:00,163.65
2025-03-24 07:00:00,451.51
2025-03-24 08:00:00,667.31
2025-03-24 09:00:00,775.73
2025-03-24 10:00:00,829.89
2025-03-24 11:00:00,853.43
2025-03-24 12:00:00,795.57
2025-03-24 13:00:00,790.35
2025-03-24 14:00:00,756.08
2025-03-24 15:00:00,655.98
2025-03-24 16:00:00,517.06
2025-03-24 17:00:00,149.48
2025-03-24 18:00:00,0.0
2025-03-24 19:00:00,0.0
2025-03-24 20:00:00,0.0
2025-03-24 21:00:00,0.0
2025-03-24 22:00:00,0.0
2025-03-24 23:00:00,0.0
2025-03-25 00:00:00,0.0
2025-03-25 01:00:00,0.0
2025-03-25 02:00:00,0.0
2025-03-25 03:00:00,0.0
2025-03-25 04:00:00,0.0
2025-03-25 05:00:00,0.0
2025-03-25 06:00:00,427.3
2025-03-25 07:00:00,704.18
2025-03-25 08:00:00,876.64
2025-03-25 09:00:00,936.87
2025-03-25 10:00:00,961.2
2025-03-25 11:00:00,940.05
2025-03-25 12:00:00,914.59
2025-03-25 13:00:00,925.64
2025-03-25 14:00:00,819.05
2025-03-25 15:00:00,776.06
2025-03-25 16:00:00,627.69
2025-03-25 17:00:00,213.82
2025-03-25 18:00:00,0.0
2025-03-25 19:00:00,0.0
2025-03-25 20:00:00,0.0
2025-03-25 21:00:00,0.0
2025-03-25 22:00:00,0.0
2025-03-25 23:00:00,0.0
2025-03-26 00:00:00,0.0
2025-03-26 01:00:00,0.0
2025-03-26 02:00:00,0.0
2025-03-26 03:00:00,0.0
2025-03-26 04:00:00,0.0
2025-03-26 05:00:00,0.0
2025-03-26 06:00:00,373.69
2025-03-26 07:00:00,683.63
2025-03-26 08:00:00,840.97
2025-03-26 09:00:00,843.05
2025-03-26 10:00:00,820.63
2025-03-26 11:00:00,651.06
2025-03-26 12:00:00,690.42
2025-03-26 13:00:00,553.89
2025-03-26 14:00:00,409.87
2025-03-26 15:00:00,339.31
2025-03-26 16:00:00,153.45
2025-03-26 17:00:00,37.89
2025-03-26 18:00:00,0.0
2025-03-26 19:00:00,0.0
2025-03-26 20:00:00,0.0
2025-03-26 21:00:00,0.0
2025-03-26 22:00:00,0.0
2025-03-26 23:00:00,0.0
2025-03-27 00:00:00,0.0
2025-03-27 01:00:00,0.0
2025-03-27 02:00:00,0.0
2025-03-27 03:00:00,0.0
2025-03-27 04:00:00,0.0
2025-03-27 05:00:00,0.0
2025-03-27 06:00:00,308.62
2025-03-27 07:00:00,584.93
2025-03-27 08:00:00,749.9
2025-03-27 09:00:00,768.39
2025-03-27 10:00:00,714.18
2025-03-27 11:00:00,546.9
2025-03-27 12:00:00,519.54
2025-03-27 13:00:00,312.36
2025-03-27 14:00:00,241.6
2025-03-27 15:00:00,192.23
2025-03-27 16:00:00,62.21
2025-03-27 17:00:00,13.86
2025-03-27 18:00:00,0.0
2025-03-27 19:00:00,0.0
2025-03-27 20:00:00,0.0
2025-03-27 21:00:00,0.0
2025-03-27 22:00:00,0.0
2025-03-27 23:00:00,0.0
2025-03-28 00:00:00,0.0
2025-03-28 01:00:00,0.0
2025-03-28 02:00:00,0.0
2025-03-28 03:00:00,0.0
2025-03-28 04:00:00,0.0
2025-03-28 05:00:00,0.0
2025-03-28 06:00:00,87.34
2025-03-28 07:00:00,158.53
2025-03-28 08:00:00,209.45
2025-03-28 09:00:00,145.06
2025-03-28 10:00:00,106.99
2025-03-28 11:00:00,70.63
2025-03-28 12:00:00,17.41
2025-03-28 13:00:00,93.91
2025-03-28 14:00:00,87.64
2025-03-28 15:00:00,41.28
2025-03-28 16:00:00,33.72
2025-03-28 17:00:00,5.24
2025-03-28 18:00:00,0.0
2025-03-28 19:00:00,0.0
2025-03-28 20:00:00,0.0
2025-03-28 21:00:00,0.0
2025-03-28 22:00:00,0.0
2025-03-28 23:00:00,0.0
2025-03-29 00:00:00,0.0
2025-03-29 01:00:00,0.0
2025-03-29 02:00:00,0.0
2025-03-29 03:00:00,0.0
2025-03-29 04:00:00,0.0
2025-03-29 05:00:00,0.0
2025-03-29 06:00:00,2.64
2025-03-29 07:00:00,18.54
2025-03-29 08:00:00,49.44
2025-03-29 09:00:00,63.98
2025-03-29 10:00:00,47.65
2025-03-29 11:00:00,23.14
2025-03-29 12:00:00,35.0
2025-03-29 13:00:00,16.45
2025-03-29 14:00:00,10.38
2025-03-29 15:00:00,12.84
2025-03-29 16:00:00,11.53
2025-03-29 17:00:00,0.79
2025-03-29 18:00:00,0.0
2025-03-29 19:00:00,0.0
2025-03-29 20:00:00,0.0
2025-03-29 21:00:00,0.0
2025-03-29 22:00:00,0.0
2025-03-29 23:00:00,0.0
2025-03-30 00:00:00,0.0
2025-03-30 01:00:00,0.0
2025-03-30 02:00:00,0.0
2025-03-30 03:00:00,0.0
2025-03-30 04:00:00,0.0
2025-03-30 05:00:00,0.0
2025-03-30 06:00:00,17.29
2025-03-30 07:00:00,33.69
2025-03-30 08:00:00,47.54
2025-03-30 09:00:00,96.69
2025-03-30 10:00:00,45.53
2025-03-30 11:00:00,48.93
2025-03-30 12:00:00,62.19
2025-03-30 13:00:00,132.36
2025-03-30 14:00:00,123.98
2025-03-30 15:00:00,150.58
2025-03-30 16:00:00,71.06
2025-03-30 17:00:00,11.13
2025-03-30 18:00:00,0.0
2025-03-30 19:00:00,0.0
2025-03-30 20:00:00,0.0
2025-03-30 21:00:00,0.0
2025-03-30 22:00:00,0.0
2025-03-30 23:00:00,0.0
2025-03-31 00:00:00,0.0
2025-03-31 01:00:00,0.0
2025-03-31 02:00:00,0.0
2025-03-31 03:00:00,0.0
2025-03-31 04:00:00,0.0
2025-03-31 05:00:00,0.0
2025-03-31 06:00:00,96.67
2025-03-31 07:00:00,201.93
2025-03-31 08:00:00,285.3
2025-03-31 09:00:00,311.44
2025-03-31 10:00:00,267.36
2025-03-31 11:00:00,242.37
2025-03-31 12:00:00,257.38
2025-03-31 13:00:00,190.92
2025-03-31 14:00:00,175.78
2025-03-31 15:00:00,238.3
2025-03-31 16:00:00,98.67
2025-03-31 17:00:00,21.98
2025-03-31 18:00:00,0.0
2025-03-31 19:00:00,0.0
2025-03-31 20:00:00,0.0
2025-03-31 21:00:00,0.0
2025-03-31 22:00:00,0.0
2025-03-31 23:00:00,0.0
2025-04-01 00:00:00,0.0
2025-04-01 01:00:00,0.0
2025-04-01 02:00:00,0.0
2025-04-01 03:00:00,0.0
2025-04-01 04:00:00,0.0
2025-04-01 05:00:00,0.0
2025-04-01 06:00:00,73.08
2025-04-01 07:00:00,130.46
2025-04-01 08:00:00,242.47
2025-04-01 09:00:00,83.88
2025-04-01 10:00:00,48.5
2025-04-01 11:00:00,42.13
2025-04-01 12:00:00,152.46
2025-04-01 13:00:00,42.39
2025-04-01 14:00:00,65.07
2025-04-01 15:00:00,111.46
2025-04-01 16:00:00,47.75
2025-04-01 17:00:00,6.94
2025-04-01 18:00:00,0.0
2025-04-01 19:00:00,0.0
2025-04-01 20:00:00,0.0
2025-04-01 21:00:00,0.0
2025-04-01 22:00:00,0.0
2025-04-01 23:00:00,0.0
2025-04-02 00:00:00,0.0
2025-04-02 01:00:00,0.0
2025-04-02 02:00:00,0.0
2025-04-02 03:00:00,0.0
2025-04-02 04:00:00,0.0
2025-04-02 05:00:00,0.0
2025-04-02 06:00:00,29.55
2025-04-02 07:00:00,112.68
2025-04-02 08:00:00,160.96
2025-04-02 09:00:00,218.32
2025-04-02 10:00:00,255.08
2025-04-02 11:00:00,124.57
2025-04-02 12:00:00,179.74
2025-04-02 13:00:00,67.54
2025-04-02 14:00:00,43.41
2025-04-02 15:00:00,38.5
2025-04-02 16:00:00,21.04
2025-04-02 17:00:00,1.93
2025-04-02 18:00:00,0.0
2025-04-02 19:00:00,0.0
2025-04-02 20:00:00,0.0
2025-04-02 21:00:00,0.0
2025-04-02 22:00:00,0.0
2025-04-02 23:00:00,0.0
2025-04-03 00:00:00,0.0
2025-04-03 01:00:00,0.0
2025-04-03 02:00:00,0.0
2025-04-03 03:00:00,0.0
2025-04-03 04:00:00,0.0
2025-04-03 05:00:00,0.0
2025-04-03 06:00:00,5.15
2025-04-03 07:00:00,18.33
2025-04-03 08:00:00,95.33
2025-04-03 09:00:00,82.62
2025-04-03 10:00:00,26.32
2025-04-03 11:00:00,96.99
2025-04-03 12:00:00,69.4
2025-04-03 13:00:00,111.89
2025-04-03 14:00:00,72.33
2025-04-03 15:00:00,60.99
2025-04-03 16:00:00,40.71
2025-04-03 17:00:00,6.4
2025-04-03 18:00:00,0.0
2025-04-03 19:00:00,0.0
2025-04-03 20:00:00,0.0
2025-04-03 21:00:00,0.0
2025-04-03 22:00:00,0.0
2025-04-03 23:00:00,0.0
2025-04-04 00:00:00,0.0
2025-04-04 01:00:00,0.0
2025-04-04 02:00:00,0.0
2025-04-04 03:00:00,0.0
2025-04-04 04:00:00,0.0
2025-04-04 05:00:00,0.0
2025-04-04 06:00:00,35.71
2025-04-04 07:00:00,70.39
2025-04-04 08:00:00,87.6
2025-04-04 09:00:00,257.43
2025-04-04 10:00:00,138.75
2025-04-04 11:00:00,57.3
2025-04-04 12:00:00,37.92
2025-04-04 13:00:00,40.46
2025-04-04 14:00:00,110.92
2025-04-04 15:00:00,0.15
2025-04-04 16:00:00,2.67
2025-04-04 17:00:00,0.86
2025-04-04 18:00:00,0.0
2025-04-04 19:00:00,0.0
2025-04-04 20:00:00,0.0
2025-04-04 21:00:00,0.0
2025-04-04 22:00:00,0.0
2025-04-04 23:00:00,0.0
2025-04-05 00:00:00,0.0
2025-04-05 01:00:00,0.0
2025-04-05 02:00:00,0.0
2025-04-05 03:00:00,0.0
2025-04-05 04:00:00,0.0
2025-04-05 05:00:00,0.65
2025-04-05 06:00:00,65.62
2025-04-05 07:00:00,199.65
2025-04-05 08:00:00,289.72
2025-04-05 09:00:00,363.54
2025-04-05 10:00:00,211.35
2025-04-05 11:00:00,154.91
2025-04-05 12:00:00,69.35
2025-04-05 13:00:00,186.33
2025-04-05 14:00:00,128.23
2025-04-05 15:00:00,91.37
2025-04-05 16:00:00,28.37
2025-04-05 17:00:00,2.32
2025-04-05 18:00:00,0.0
2025-04-05 19:00:00,0.0
2025-04-05 20:00:00,0.0
2025-04-05 21:00:00,0.0
2025-04-05 22:00:00,0.0
2025-04-05 23:00:00,0.0
2025-04-06 00:00:00,0.0
2025-04-06 01:00:00,0.0
2025-04-06 02:00:00,0.0
2025-04-06 03:00:00,0.0
2025-04-06 04:00:00,0.0
2025-04-06 05:00:00,0.0
2025-04-06 06:00:00,12.59
2025-04-06 07:00:00,42.28
2025-04-06 08:00:00,78.16
2025-04-06 09:00:00,122.12
2025-04-06 10:00:00,162.95
2025-04-06 11:00:00,120.1
2025-04-06 12:00:00,253.96
2025-04-06 13:00:00,81.15
2025-04-06 14:00:00,12.99
2025-04-06 15:00:00,0.46
2025-04-06 16:00:00,0.0
2025-04-06 17:00:00,0.0
2025-04-06 18:00:00,0.0
2025-04-06 19:00:00,0.0
2025-04-06 20:00:00,0.0
2025-04-06 21:00:00,0.0
2025-04-06 22:00:00,0.0
2025-04-06 23:00:00,0.0
2025-04-07 00:00:00,0.0
2025-04-07 01:00:00,0.0
2025-04-07 02:00:00,0.0
2025-04-07 03:00:00,0.0
2025-04-07 04:00:00,0.0
2025-04-07 05:00:00,0.0
2025-04-07 06:00:00,5.36
2025-04-07 07:00:00,22.72
2025-04-07 08:00:00,82.77
2025-04-07 09:00:00,251.45
2025-04-07 10:00:00,363.07
2025-04-07 11:00:00,334.57
2025-04-07 12:00:00,506.88
2025-04-07 13:00:00,378.56
2025-04-07 14:00:00,316.41
2025-04-07 15:00:00,196.8
2025-04-07 16:00:00,109.81
2025-04-07 17:00:00,23.21
2025-04-07 18:00:00,0.0
2025-04-07 19:00:00,0.0
2025-04-07 20:00:00,0.0
2025-04-07 21:00:00,0.0
2025-04-07 22:00:00,0.0
2025-04-07 23:00:00,0.0
2025-04-08 00:00:00,0.0
2025-04-08 01:00:00,0.0
2025-04-08 02:00:00,0.0
2025-04-08 03:00:00,0.0
2025-04-08 04:00:00,0.0
2025-04-08 05:00:00,1.66
2025-04-08 06:00:00,143.74
2025-04-08 07:00:00,360.27
2025-04-08 08:00:00,483.5
2025-04-08 09:00:00,547.54
2025-04-08 10:00:00,502.15
2025-04-08 11:00:00,306.05
2025-04-08 12:00:00,303.89
2025-04-08 13:00:00,335.14
2025-04-08 14:00:00,231.66
2025-04-08 15:00:00,150.14
2025-04-08 16:00:00,68.9
2025-04-08 17:00:00,8.31
2025-04-08 18:00:00,0.0
2025-04-08 19:00:00,0.0
2025-04-08 20:00:00,0.0
2025-04-08 21:00:00,0.0
2025-04-08 22:00:00,0.0
2025-04-08 23:00:00,0.0
2025-04-09 00:00:00,0.0
2025-04-09 01:00:00,0.0
2025-04-09 02:00:00,0.0
2025-04-09 03:00:00,0.0
2025-04-09 04:00:00,0.0
2025-04-09 05:00:00,0.0
2025-04-09 06:00:00,2.5
2025-04-09 07:00:00,1.25
2025-04-09 08:00:00,12.65
2025-04-09 09:00:00,4.39
2025-04-09 10:00:00,11.22
2025-04-09 11:00:00,24.79
2025-04-09 12:00:00,126.99
2025-04-09 13:00:00,272.08
2025-04-09 14:00:00,88.16
2025-04-09 15:00:00,54.1
2025-04-09 16:00:00,21.13
2025-04-09 17:00:00,3.48
2025-04-09 18:00:00,0.0
2025-04-09 19:00:00,0.0
2025-04-09 20:00:00,0.0
2025-04-09 21:00:00,0.0
2025-04-09 22:00:00,0.0
2025-04-09 23:00:00,0.0
2025-04-10 00:00:00,0.0
2025-04-10 01:00:00,0.0
2025-04-10 02:00:00,0.0
2025-04-10 03:00:00,0.0
2025-04-10 04:00:00,0.0
2025-04-10 05:00:00,0.0
2025-04-10 06:00:00,15.35
2025-04-10 07:00:00,40.41
2025-04-10 08:00:00,88.55
2025-04-10 09:00:00,161.38
2025-04-10 10:00:00,127.78
2025-04-10 11:00:00,18.56
2025-04-10 12:00:00,9.11
2025-04-10 13:00:00,48.06
2025-04-10 14:00:00,8.57
2025-04-10 15:00:00,0.0
2025-04-10 16:00:00,0.0
2025-04-10 17:00:00,0.0
2025-04-10 18:00:00,0.0
2025-04-10 19:00:00,0.0
2025-04-10 20:00:00,0.0
2025-04-10 21:00:00,0.0
2025-04-10 22:00:00,0.0
2025-04-10 23:00:00,0.0
2025-04-11 00:00:00,0.0
2025-04-11 01:00:00,0.0
2025-04-11 02:00:00,0.0
2025-04-11 03:00:00,0.0
2025-04-11 04:00:00,0.0
2025-04-11 05:00:00,0.0
2025-04-11 06:00:00,0.81
2025-04-11 07:00:00,1.27
2025-04-11 08:00:00,1.31
2025-04-11 09:00:00,14.78
2025-04-11 10:00:00,27.28
2025-04-11 11:00:00,9.57
2025-04-11 12:00:00,15.95
2025-04-11 13:00:00,35.43
2025-04-11 14:00:00,0.0
2025-04-11 15:00:00,0.0
2025-04-11 16:00:00,0.0
2025-04-11 17:00:00,0.0
2025-04-11 18:00:00,0.0
2025-04-11 19:00:00,0.0
2025-04-11 20:00:00,0.0
2025-04-11 21:00:00,0.0
2025-04-11 22:00:00,0.0
2025-04-11 23:00:00,0.0
2025-04-12 00:00:00,0.0
2025-04-12 01:00:00,0.0
2025-04-12 02:00:00,0.0
2025-04-12 03:00:00,0.0
2025-04-12 04:00:00,0.0
2025-04-12 05:00:00,3.26
2025-04-12 06:00:00,65.35
2025-04-12 07:00:00,93.12
2025-04-12 08:00:00,134.58
2025-04-12 09:00:00,119.55
2025-04-12 10:00:00,177.28
2025-04-12 11:00:00,70.85
2025-04-12 12:00:00,207.5
2025-04-12 13:00:00,22.82
2025-04-12 14:00:00,27.76
2025-04-12 15:00:00,171.75
2025-04-12 16:00:00,95.11
2025-04-12 17:00:00,26.85
2025-04-12 18:00:00,0.0
2025-04-12 19:00:00,0.0
2025-04-12 20:00:00,0.0
2025-04-12 21:00:00,0.0
2025-04-12 22:00:00,0.0
2025-04-12 23:00:00,0.0
2025-04-13 00:00:00,0.0
2025-04-13 01:00:00,0.0
2025-04-13 02:00:00,0.0
2025-04-13 03:00:00,0.0
2025-04-13 04:00:00,0.0
2025-04-13 05:00:00,1.9
2025-04-13 06:00:00,47.41
2025-04-13 07:00:00,100.39
2025-04-13 08:00:00,76.48
2025-04-13 09:00:00,115.73
2025-04-13 10:00:00,187.11
2025-04-13 11:00:00,43.49
2025-04-13 12:00:00,58.82
2025-04-13 13:00:00,0.0
2025-04-13 14:00:00,0.0
2025-04-13 15:00:00,14.3
2025-04-13 16:00:00,41.35
2025-04-13 17:00:00,13.09
2025-04-13 18:00:00,0.0
2025-04-13 19:00:00,0.0
2025-04-13 20:00:00,0.0
2025-04-13 21:00:00,0.0
2025-04-13 22:00:00,0.0
2025-04-13 23:00:00,0.0
2025-04-14 00:00:00,0.0
2025-04-14 01:00:00,0.0
2025-04-14 02:00:00,0.0
2025-04-14 03:00:00,0.0
2025-04-14 04:00:00,0.0
2025-04-14 05:00:00,1.45
2025-04-14 06:00:00,57.99
2025-04-14 07:00:00,118.93
2025-04-14 08:00:00,227.89
2025-04-14 09:00:00,171.67
2025-04-14 10:00:00,211.09
2025-04-14 11:00:00,336.16
2025-04-14 12:00:00,81.64
2025-04-14 13:00:00,135.92
2025-04-14 14:00:00,55.53
2025-04-14 15:00:00,45.3
2025-04-14 16:00:00,11.5
2025-04-14 17:00:00,2.19
2025-04-14 18:00:00,0.0
2025-04-14 19:00:00,0.0
2025-04-14 20:00:00,0.0
2025-04-14 21:00:00,0.0
2025-04-14 22:00:00,0.0
2025-04-14 23:00:00,0.0
2025-04-15 00:00:00,0.0
2025-04-15 01:00:00,0.0
2025-04-15 02:00:00,0.0
2025-04-15 03:00:00,0.0
2025-04-15 04:00:00,0.0
2025-04-15 05:00:00,0.0
2025-04-15 06:00:00,0.0
2025-04-15 07:00:00,2.19
2025-04-15 08:00:00,20.78
2025-04-15 09:00:00,18.04
2025-04-15 10:00:00,20.46
2025-04-15 11:00:00,6.58
2025-04-15 12:00:00,21.34
2025-04-15 13:00:00,20.46
2025-04-15 14:00:00,113.27
2025-04-15 15:00:00,142.22
2025-04-15 16:00:00,48.79
2025-04-15 17:00:00,10.5
2025-04-15 18:00:00,0.0
2025-04-15 19:00:00,0.0
2025-04-15 20:00:00,0.0
2025-04-15 21:00:00,0.0
2025-04-15 22:00:00,0.0
2025-04-15 23:00:00,0.0
2025-04-16 00:00:00,0.0
2025-04-16 01:00:00,0.0
2025-04-16 02:00:00,0.0
2025-04-16 03:00:00,0.0
2025-04-16 04:00:00,0.0
2025-04-16 05:00:00,1.42
2025-04-16 06:00:00,66.4
2025-04-16 07:00:00,118.49
2025-04-16 08:00:00,181.84
2025-04-16 09:00:00,252.85
2025-04-16 10:00:00,288.86
2025-04-16 11:00:00,200.21
2025-04-16 12:00:00,187.76
2025-04-16 13:00:00,58.98
2025-04-16 14:00:00,22.42
2025-04-16 15:00:00,4.87
2025-04-16 16:00:00,8.61
2025-04-16 17:00:00,0.64
2025-04-16 18:00:00,0.0
2025-04-16 19:00:00,0.0
2025-04-16 20:00:00,0.0
2025-04-16 21:00:00,0.0
2025-04-16 22:00:00,0.0
2025-04-16 23:00:00,0.0
2025-04-17 00:00:00,0.0
2025-04-17 01:00:00,0.0
2025-04-17 02:00:00,0.0
2025-04-17 03:00:00,0.0
2025-04-17 04:00:00,0.0
2025-04-17 05:00:00,0.0
2025-04-17 06:00:00,14.94
2025-04-17 07:00:00,25.29
2025-04-17 08:00:00,38.2
2025-04-17 09:00:00,89.49
2025-04-17 10:00:00,44.05
2025-04-17 11:00:00,16.7
2025-04-17 12:00:00,69.27
2025-04-17 13:00:00,0.0
2025-04-17 14:00:00,0.9
2025-04-17 15:00:00,2.06
2025-04-17 16:00:00,30.52
2025-04-17 17:00:00,7.46
2025-04-17 18:00:00,0.0
2025-04-17 19:00:00,0.0
2025-04-17 20:00:00,0.0
2025-04-17 21:00:00,0.0
2025-04-17 22:00:00,0.0
2025-04-17 23:00:00,0.0
2025-04-18 00:00:00,0.0
2025-04-18 01:00:00,0.0
2025-04-18 02:00:00,0.0
2025-04-18 03:00:00,0.0
2025-04-18 04:00:00,0.0
2025-04-18 05:00:00,1.91
2025-04-18 06:00:00,95.75
2025-04-18 07:00:00,250.15
2025-04-18 08:00:00,375.92
2025-04-18 09:00:00,325.14
2025-04-18 10:00:00,173.13
2025-04-18 11:00:00,70.86
2025-04-18 12:00:00,124.46
2025-04-18 13:00:00,6.75
2025-04-18 14:00:00,10.48
2025-04-18 15:00:00,14.14
2025-04-18 16:00:00,29.88
2025-04-18 17:00:00,14.3
2025-04-18 18:00:00,0.0
2025-04-18 19:00:00,0.0
2025-04-18 20:00:00,0.0
2025-04-18 21:00:00,0.0
2025-04-18 22:00:00,0.0
2025-04-18 23:00:00,0.0
2025-04-19 00:00:00,0.0
2025-04-19 01:00:00,0.0
2025-04-19 02:00:00,0.0
2025-04-19 03:00:00,0.0
2025-04-19 04:00:00,0.0
2025-04-19 05:00:00,7.86
2025-04-19 06:00:00,181.57
2025-04-19 07:00:00,412.28
2025-04-19 08:00:00,628.9
2025-04-19 09:00:00,557.67
2025-04-19 10:00:00,498.01
2025-04-19 11:00:00,464.7
2025-04-19 12:00:00,325.0
2025-04-19 13:00:00,233.67
2025-04-19 14:00:00,316.8
2025-04-19 15:00:00,402.6
2025-04-19 16:00:00,287.13
2025-04-19 17:00:00,110.99
2025-04-19 18:00:00,0.0
2025-04-19 19:00:00,0.0
2025-04-19 20:00:00,0.0
2025-04-19 21:00:00,0.0
2025-04-19 22:00:00,0.0
2025-04-19 23:00:00,0.0
2025-04-20 00:00:00,0.0
2025-04-20 01:00:00,0.0
2025-04-20 02:00:00,0.0
2025-04-20 03:00:00,0.0
2025-04-20 04:00:00,0.0
2025-04-20 05:00:00,0.0
2025-04-20 06:00:00,3.25
2025-04-20 07:00:00,10.25
2025-04-20 08:00:00,24.64
2025-04-20 09:00:00,23.07
2025-04-20 10:00:00,49.16
2025-04-20 11:00:00,29.33
2025-04-20 12:00:00,21.91
2025-04-20 13:00:00,92.57
2025-04-20 14:00:00,21.46
2025-04-20 15:00:00,11.96
2025-04-20 16:00:00,16.82
2025-04-20 17:00:00,8.2
2025-04-20 18:00:00,0.0
2025-04-20 19:00:00,0.0
2025-04-20 20:00:00,0.0
2025-04-20 21:00:00,0.0
2025-04-20 22:00:00,0.0
2025-04-20 23:00:00,0.0
2025-04-21 00:00:00,0.0
2025-04-21 01:00:00,0.0
2025-04-21 02:00:00,0.0
2025-04-21 03:00:00,0.0
2025-04-21 04:00:00,0.0
2025-04-21 05:00:00,0.0
2025-04-21 06:00:00,27.35
2025-04-21 07:00:00,83.53
2025-04-21 08:00:00,223.01
2025-04-21 09:00:00,26.34
2025-04-21 10:00:00,205.0
2025-04-21 11:00:00,189.84
2025-04-21 12:00:00,317.03
2025-04-21 13:00:00,324.96
2025-04-21 14:00:00,24.92
2025-04-21 15:00:00,47.93
2025-04-21 16:00:00,25.18
2025-04-21 17:00:00,11.82
2025-04-21 18:00:00,0.0
2025-04-21 19:00:00,0.0
2025-04-21 20:00:00,0.0
2025-04-21 21:00:00,0.0
2025-04-21 22:00:00,0.0
2025-04-21 23:00:00,0.0
2025-04-22 00:00:00,0.0
2025-04-22 01:00:00,0.0
2025-04-22 02:00:00,0.0
2025-04-22 03:00:00,0.0
2025-04-22 04:00:00,0.0
2025-04-22 05:00:00,0.0
2025-04-22 06:00:00,4.04
2025-04-22 07:00:00,6.21
2025-04-22 08:00:00,9.89
2025-04-22 09:00:00,92.59
2025-04-22 10:00:00,86.7
2025-04-22 11:00:00,71.21
2025-04-22 12:00:00,112.76
2025-04-22 13:00:00,33.54
2025-04-22 14:00:00,13.96
2025-04-22 15:00:00,6.78
2025-04-22 16:00:00,8.69
2025-04-22 17:00:00,8.77
2025-04-22 18:00:00,0.0
2025-04-22 19:00:00,0.0
2025-04-22 20:00:00,0.0
2025-04-22 21:00:00,0.0
2025-04-22 22:00:00,0.0
2025-04-22 23:00:00,0.0
2025-04-23 00:00:00,0.0
2025-04-23 01:00:00,0.0
2025-04-23 02:00:00,0.0
2025-04-23 03:00:00,0.0
2025-04-23 04:00:00,0.0
2025-04-23 05:00:00,0.0
2025-04-23 06:00:00,7.76
2025-04-23 07:00:00,27.49
2025-04-23 08:00:00,38.69
2025-04-23 09:00:00,54.9
2025-04-23 10:00:00,34.16
2025-04-23 11:00:00,27.33
2025-04-23 12:00:00,36.28
2025-04-23 13:00:00,9.89
2025-04-23 14:00:00,2.91
2025-04-23 15:00:00,0.0
2025-04-23 16:00:00,1.32
2025-04-23 17:00:00,1.0
2025-04-23 18:00:00,0.0
2025-04-23 19:00:00,0.0
2025-04-23 20:00:00,0.0
2025-04-23 21:00:00,0.0
2025-04-23 22:00:00,0.0
2025-04-23 23:00:00,0.0
2025-04-24 00:00:00,0.0
2025-04-24 01:00:00,0.0
2025-04-24 02:00:00,0.0
2025-04-24 03:00:00,0.0
2025-04-24 04:00:00,0.0
2025-04-24 05:00:00,0.0
2025-04-24 06:00:00,9.41
2025-04-24 07:00:00,37.53
2025-04-24 08:00:00,75.03
2025-04-24 09:00:00,75.16
2025-04-24 10:00:00,26.37
2025-04-24 11:00:00,60.86
2025-04-24 12:00:00,86.03
2025-04-24 13:00:00,39.74
2025-04-24 14:00:00,14.92
2025-04-24 15:00:00,2.79
2025-04-24 16:00:00,10.15
2025-04-24 17:00:00,4.82
2025-04-24 18:00:00,0.0
2025-04-24 19:00:00,0.0
2025-04-24 20:00:00,0.0
2025-04-24 21:00:00,0.0
2025-04-24 22:00:00,0.0
2025-04-24 23:00:00,0.0
2025-04-25 00:00:00,0.0
2025-04-25 01:00:00,0.0
2025-04-25 02:00:00,0.0
2025-04-25 03:00:00,0.0
2025-04-25 04:00:00,0.0
2025-04-25 05:00:00,3.95
2025-04-25 06:00:00,40.34
2025-04-25 07:00:00,17.76
2025-04-25 08:00:00,51.2
2025-04-25 09:00:00,74.39
2025-04-25 10:00:00,47.4
2025-04-25 11:00:00,71.9
2025-04-25 12:00:00,79.61
2025-04-25 13:00:00,80.02
2025-04-25 14:00:00,51.82
2025-04-25 15:00:00,61.9
2025-04-25 16:00:00,32.04
2025-04-25 17:00:00,15.85
2025-04-25 18:00:00,0.0
2025-04-25 19:00:00,0.0
2025-04-25 20:00:00,0.0
2025-04-25 21:00:00,0.0
2025-04-25 22:00:00,0.0
2025-04-25 23:00:00,0.0
2025-04-26 00:00:00,0.0
2025-04-26 01:00:00,0.0
2025-04-26 02:00:00,0.0
2025-04-26 03:00:00,0.0
2025-04-26 04:00:00,0.0
2025-04-26 05:00:00,0.0
2025-04-26 06:00:00,8.15
2025-04-26 07:00:00,13.64
2025-04-26 08:00:00,39.01
2025-04-26 09:00:00,92.34
2025-04-26 10:00:00,36.82
2025-04-26 11:00:00,68.93
2025-04-26 12:00:00,103.09
2025-04-26 13:00:00,48.94
2025-04-26 14:00:00,34.55
2025-04-26 15:00:00,6.44
2025-04-26 16:00:00,19.57
2025-04-26 17:00:00,8.35
2025-04-26 18:00:00,0.0
2025-04-26 19:00:00,0.0
2025-04-26 20:00:00,0.0
2025-04-26 21:00:00,0.0
2025-04-26 22:00:00,0.0
2025-04-26 23:00:00,0.0
2025-04-27 00:00:00,0.0
2025-04-27 01:00:00,0.0
2025-04-27 02:00:00,0.0
2025-04-27 03:00:00,0.0
2025-04-27 04:00:00,0.0
2025-04-27 05:00:00,0.0
2025-04-27 06:00:00,14.45
2025-04-27 07:00:00,34.69
2025-04-27 08:00:00,38.19
2025-04-27 09:00:00,24.99
2025-04-27 10:00:00,327.27
2025-04-27 11:00:00,233.97
2025-04-27 12:00:00,387.36
2025-04-27 13:00:00,76.7
2025-04-27 14:00:00,55.75
2025-04-27 15:00:00,10.22
2025-04-27 16:00:00,6.88
2025-04-27 17:00:00,2.34
2025-04-27 18:00:00,0.0
2025-04-27 19:00:00,0.0
2025-04-27 20:00:00,0.0
2025-04-27 21:00:00,0.0
2025-04-27 22:00:00,0.0
2025-04-27 23:00:00,0.0
2025-04-28 00:00:00,0.0
2025-04-28 01:00:00,0.0
2025-04-28 02:00:00,0.0
2025-04-28 03:00:00,0.0
2025-04-28 04:00:00,0.0
2025-04-28 05:00:00,0.0
2025-04-28 06:00:00,2.44
2025-04-28 07:00:00,6.5
2025-04-28 08:00:00,0.98
2025-04-28 09:00:00,34.28
2025-04-28 10:00:00,28.31
2025-04-28 11:00:00,0.0
2025-04-28 12:00:00,0.0
2025-04-28 13:00:00,0.0
2025-04-28 14:00:00,0.0
2025-04-28 15:00:00,0.0
2025-04-28 16:00:00,3.46
2025-04-28 17:00:00,1.82
2025-04-28 18:00:00,0.0
2025-04-28 19:00:00,0.0
2025-04-28 20:00:00,0.0
2025-04-28 21:00:00,0.0
2025-04-28 22:00:00,0.0
2025-04-28 23:00:00,0.0
2025-04-29 00:00:00,0.0
2025-04-29 01:00:00,0.0
2025-04-29 02:00:00,0.0
2025-04-29 03:00:00,0.0
2025-04-29 04:00:00,0.0
2025-04-29 05:00:00,0.0
2025-04-29 06:00:00,0.0
2025-04-29 07:00:00,0.0
2025-04-29 08:00:00,0.0
2025-04-29 09:00:00,0.0
2025-04-29 10:00:00,0.1
2025-04-29 11:00:00,11.06
2025-04-29 12:00:00,2.51
2025-04-29 13:00:00,12.82
2025-04-29 14:00:00,0.0
2025-04-29 15:00:00,0.0
2025-04-29 16:00:00,0.0
2025-04-29 17:00:00,0.0
2025-04-29 18:00:00,0.0
2025-04-29 19:00:00,0.0
2025-04-29 20:00:00,0.0
2025-04-29 21:00:00,0.0
2025-04-29 22:00:00,0.0
2025-04-29 23:00:00,0.0
2025-04-30 00:00:00,-999.0
2025-04-30 01:00:00,-999.0
2025-04-30 02:00:00,-999.0
2025-04-30 03:00:00,-999.0
2025-04-30 04:00:00,-999.0
2025-04-30 05:00:00,-999.0
2025-04-30 06:00:00,-999.0
2025-04-30 07:00:00,-999.0
2025-04-30 08:00:00,-999.0
2025-04-30 09:00:00,-999.0
2025-04-30 10:00:00,-999.0
2025-04-30 11:00:00,-999.0
2025-04-30 12:00:00,-999.0
2025-04-30 13:00:00,-999.0
2025-04-30 14:00:00,-999.0
2025-04-30 15:00:00,-999.0
2025-04-30 16:00:00,-999.0
2025-04-30 17:00:00,-999.0
2025-04-30 18:00:00,-999.0
2025-04-30 19:00:00,-999.0
2025-04-30 20:00:00,-999.0
2025-04-30 21:00:00,-999.0
2025-04-30 22:00:00,-999.0
2025-04-30 23:00:00,-999.0
2025-05-01 00:00:00,-999.0
2025-05-01 01:00:00,-999.0
2025-05-01 02:00:00,-999.0
2025-05-01 03:00:00,-999.0
2025-05-01 04:00:00,-999.0
2025-05-01 05:00:00,-999.0
2025-05-01 06:00:00,-999.0
2025-05-01 07:00:00,-999.0
2025-05-01 08:00:00,-999.0
2025-05-01 09:00:00,-999.0
2025-05-01 10:00:00,-999.0
2025-05-01 11:00:00,-999.0
2025-05-01 12:00:00,-999.0
2025-05-01 13:00:00,-999.0
2025-05-01 14:00:00,-999.0
2025-05-01 15:00:00,-999.0
2025-05-01 16:00:00,-999.0
2025-05-01 17:00:00,-999.0
2025-05-01 18:00:00,-999.0
2025-05-01 19:00:00,-999.0
2025-05-01 20:00:00,-999.0
2025-05-01 21:00:00,-999.0
2025-05-01 22:00:00,-999.0
2025-05-01 23:00:00,-999.0
2025-05-02 00:00:00,-999.0
2025-05-02 01:00:00,-999.0
2025-05-02 02:00:00,-999.0
2025-05-02 03:00:00,-999.0
2025-05-02 04:00:00,-999.0
2025-05-02 05:00:00,-999.0
2025-05-02 06:00:00,-999.0
2025-05-02 07:00:00,-999.0
2025-05-02 08:00:00,-999.0
2025-05-02 09:00:00,-999.0
2025-05-02 10:00:00,-999.0
2025-05-02 11:00:00,-999.0
2025-05-02 12:00:00,-999.0
2025-05-02 13:00:00,-999.0
2025-05-02 14:00:00,-999.0
2025-05-02 15:00:00,-999.0
2025-05-02 16:00:00,-999.0
2025-05-02 17:00:00,-999.0
2025-05-02 18:00:00,-999.0
2025-05-02 19:00:00,-999.0
2025-05-02 20:00:00,-999.0
2025-05-02 21:00:00,-999.0
2025-05-02 22:00:00,-999.0
2025-05-02 23:00:00,-999.0
2025-05-03 00:00:00,-999.0
2025-05-03 01:00:00,-999.0
2025-05-03 02:00:00,-999.0
2025-05-03 03:00:00,-999.0
2025-05-03 04:00:00,-999.0
2025-05-03 05:00:00,-999.0
2025-05-03 06:00:00,-999.0
2025-05-03 07:00:00,-999.0
2025-05-03 08:00:00,-999.0
2025-05-03 09:00:00,-999.0
2025-05-03 10:00:00,-999.0
2025-05-03 11:00:00,-999.0
2025-05-03 12:00:00,-999.0
2025-05-03 13:00:00,-999.0
2025-05-03 14:00:00,-999.0
2025-05-03 15:00:00,-999.0
2025-05-03 16:00:00,-999.0
2025-05-03 17:00:00,-999.0
2025-05-03 18:00:00,-999.0
2025-05-03 19:00:00,-999.0
2025-05-03 20:00:00,-999.0
2025-05-03 21:00:00,-999.0
2025-05-03 22:00:00,-999.0
2025-05-03 23:00:00,-999.0
2025-05-04 00:00:00,-999.0
2025-05-04 01:00:00,-999.0
2025-05-04 02:00:00,-999.0
2025-05-04 03:00:00,-999.0
2025-05-04 04:00:00,-999.0
2025-05-04 05:00:00,-999.0
2025-05-04 06:00:00,-999.0
2025-05-04 07:00:00,-999.0
2025-05-04 08:00:00,-999.0
2025-05-04 09:00:00,-999.0
2025-05-04 10:00:00,-999.0
2025-05-04 11:00:00,-999.0
2025-05-04 12:00:00,-999.0
2025-05-04 13:00:00,-999.0
2025-05-04 14:00:00,-999.0
2025-05-04 15:00:00,-999.0
2025-05-04 16:00:00,-999.0
2025-05-04 17:00:00,-999.0
2025-05-04 18:00:00,-999.0
2025-05-04 19:00:00,-999.0
2025-05-04 20:00:00,-999.0
2025-05-04 21:00:00,-999.0
2025-05-04 22:00:00,-999.0
2025-05-04 23:00:00,-999.0
2025-05-05 00:00:00,-999.0
2025-05-05 01:00:00,-999.0
2025-05-05 02:00:00,-999.0
2025-05-05 03:00:00,-999.0
2025-05-05 04:00:00,-999.0
2025-05-05 05:00:00,-999.0
2025-05-05 06:00:00,-999.0
2025-05-05 07:00:00,-999.0
2025-05-05 08:00:00,-999.0
2025-05-05 09:00:00,-999.0
2025-05-05 10:00:00,-999.0
2025-05-05 11:00:00,-999.0
2025-05-05 12:00:00,-999.0
2025-05-05 13:00:00,-999.0
2025-05-05 14:00:00,-999.0
2025-05-05 15:00:00,-999.0
2025-05-05 16:00:00,-999.0
2025-05-05 17:00:00,-999.0
2025-05-05 18:00:00,-999.0
2025-05-05 19:00:00,-999.0
2025-05-05 20:00:00,-999.0
2025-05-05 21:00:00,-999.0
2025-05-05 22:00:00,-999.0
2025-05-05 23:00:00,-999.0
2025-05-06 00:00:00,-999.0
2025-05-06 01:00:00,-999.0
2025-05-06 02:00:00,-999.0
2025-05-06 03:00:00,-999.0
2025-05-06 04:00:00,-999.0
2025-05-06 05:00:00,-999.0
2025-05-06 06:00:00,-999.0
2025-05-06 07:00:00,-999.0
2025-05-06 08:00:00,-999.0
2025-05-06 09:00:00,-999.0
2025-05-06 10:00:00,-999.0
2025-05-06 11:00:00,-999.0
2025-05-06 12:00:00,-999.0
2025-05-06 13:00:00,-999.0
2025-05-06 14:00:00,-999.0
2025-05-06 15:00:00,-999.0
2025-05-06 16:00:00,-999.0
2025-05-06 17:00:00,-999.0
2025-05-06 18:00:00,-999.0
2025-05-06 19:00:00,-999.0
2025-05-06 20:00:00,-999.0
2025-05-06 21:00:00,-999.0
2025-05-06 22:00:00,-999.0
2025-05-06 23:00:00,-999.0
2025-05-07 00:00:00,-999.0
2025-05-07 01:00:00,-999.0
2025-05-07 02:00:00,-999.0
2025-05-07 03:00:00,-999.0
2025-05-07 04:00:00,-999.0
2025-05-07 05:00:00,-999.0
2025-05-07 06:00:00,-999.0
2025-05-07 07:00:00,-999.0
2025-05-07 08:00:00,-999.0
2025-05-07 09:00:00,-999.0
2025-05-07 10:00:00,-999.0
2025-05-07 11:00:00,-999.0
2025-05-07 12:00:00,-999.0
2025-05-07 13:00:00,-999.0
2025-05-07 14:00:00,-999.0
2025-05-07 15:00:00,-999.0
2025-05-07 16:00:00,-999.0
2025-05-07 17:00:00,-999.0
2025-05-07 18:00:00,-999.0
2025-05-07 19:00:00,-999.0
2025-05-07 20:00:00,-999.0
2025-05-07 21:00:00,-999.0
2025-05-07 22:00:00,-999.0
2025-05-07 23:00:00,-999.0
2025-05-08 00:00:00,-999.0
2025-05-08 01:00:00,-999.0
2025-05-08 02:00:00,-999.0
2025-05-08 03:00:00,-999.0
2025-05-08 04:00:00,-999.0
2025-05-08 05:00:00,-999.0
2025-05-08 06:00:00,-999.0
2025-05-08 07:00:00,-999.0
2025-05-08 08:00:00,-999.0
2025-05-08 09:00:00,-999.0
2025-05-08 10:00:00,-999.0
2025-05-08 11:00:00,-999.0
2025-05-08 12:00:00,-999.0
2025-05-08 13:00:00,-999.0
2025-05-08 14:00:00,-999.0
2025-05-08 15:00:00,-999.0
2025-05-08 16:00:00,-999.0
2025-05-08 17:00:00,-999.0
2025-05-08 18:00:00,-999.0
2025-05-08 19:00:00,-999.0
2025-05-08 20:00:00,-999.0
2025-05-08 21:00:00,-999.0
2025-05-08 22:00:00,-999.0
2025-05-08 23:00:00,-999.0
2025-05-09 00:00:00,-999.0
2025-05-09 01:00:00,-999.0
2025-05-09 02:00:00,-999.0
2025-05-09 03:00:00,-999.0
2025-05-09 04:00:00,-999.0
2025-05-09 05:00:00,-999.0
2025-05-09 06:00:00,-999.0
2025-05-09 07:00:00,-999.0
2025-05-09 08:00:00,-999.0
2025-05-09 09:00:00,-999.0
2025-05-09 10:00:00,-999.0
2025-05-09 11:00:00,-999.0
2025-05-09 12:00:00,-999.0
2025-05-09 13:00:00,-999.0
2025-05-09 14:00:00,-999.0
2025-05-09 15:00:00,-999.0
2025-05-09 16:00:00,-999.0
2025-05-09 17:00:00,-999.0
2025-05-09 18:00:00,-999.0
2025-05-09 19:00:00,-999.0
2025-05-09 20:00:00,-999.0
2025-05-09 21:00:00,-999.0
2025-05-09 22:00:00,-999.0
2025-05-09 23:00:00,-999.0
2025-05-10 00:00:00,-999.0
2025-05-10 01:00:00,-999.0
2025-05-10 02:00:00,-999.0
2025-05-10 03:00:00,-999.0
2025-05-10 04:00:00,-999.0
2025-05-10 05:00:00,-999.0
2025-05-10 06:00:00,-999.0
2025-05-10 07:00:00,-999.0
2025-05-10 08:00:00,-999.0
2025-05-10 09:00:00,-999.0
2025-05-10 10:00:00,-999.0
2025-05-10 11:00:00,-999.0
2025-05-10 12:00:00,-999.0
2025-05-10 13:00:00,-999.0
2025-05-10 14:00:00,-999.0
2025-05-10 15:00:00,-999.0
2025-05-10 16:00:00,-999.0
2025-05-10 17:00:00,-999.0
2025-05-10 18:00:00,-999.0
2025-05-10 19:00:00,-999.0
2025-05-10 20:00:00,-999.0
2025-05-10 21:00:00,-999.0
2025-05-10 22:00:00,-999.0
2025-05-10 23:00:00,-999.0
2025-05-11 00:00:00,-999.0
2025-05-11 01:00:00,-999.0
2025-05-11 02:00:00,-999.0
2025-05-11 03:00:00,-999.0
2025-05-11 04:00:00,-999.0
2025-05-11 05:00:00,-999.0
2025-05-11 06:00:00,-999.0
2025-05-11 07:00:00,-999.0
2025-05-11 08:00:00,-999.0
2025-05-11 09:00:00,-999.0
2025-05-11 10:00:00,-999.0
2025-05-11 11:00:00,-999.0
2025-05-11 12:00:00,-999.0
2025-05-11 13:00:00,-999.0
2025-05-11 14:00:00,-999.0
2025-05-11 15:00:00,-999.0
2025-05-11 16:00:00,-999.0
2025-05-11 17:00:00,-999.0
2025-05-11 18:00:00,-999.0
2025-05-11 19:00:00,-999.0
2025-05-11 20:00:00,-999.0
2025-05-11 21:00:00,-999.0
2025-05-11 22:00:00,-999.0
2025-05-11 23:00:00,-999.0
2025-05-12 00:00:00,-999.0
2025-05-12 01:00:00,-999.0
2025-05-12 02:00:00,-999.0
2025-05-12 03:00:00,-999.0
2025-05-12 04:00:00,-999.0
2025-05-12 05:00:00,-999.0
2025-05-12 06:00:00,-999.0
2025-05-12 07:00:00,-999.0
2025-05-12 08:00:00,-999.0
2025-05-12 09:00:00,-999.0
2025-05-12 10:00:00,-999.0
2025-05-12 11:00:00,-999.0
2025-05-12 12:00:00,-999.0
2025-05-12 13:00:00,-999.0
2025-05-12 14:00:00,-999.0
2025-05-12 15:00:00,-999.0
2025-05-12 16:00:00,-999.0
2025-05-12 17:00:00,-999.0
2025-05-12 18:00:00,-999.0
2025-05-12 19:00:00,-999.0
2025-05-12 20:00:00,-999.0
2025-05-12 21:00:00,-999.0
2025-05-12 22:00:00,-999.0
2025-05-12 23:00:00,-999.0
2025-05-13 00:00:00,-999.0
2025-05-13 01:00:00,-999.0
2025-05-13 02:00:00,-999.0
2025-05-13 03:00:00,-999.0
2025-05-13 04:00:00,-999.0
2025-05-13 05:00:00,-999.0
2025-05-13 06:00:00,-999.0
2025-05-13 07:00:00,-999.0
2025-05-13 08:00:00,-999.0
2025-05-13 09:00:00,-999.0
2025-05-13 10:00:00,-999.0
2025-05-13 11:00:00,-999.0
2025-05-13 12:00:00,-999.0
2025-05-13 13:00:00,-999.0
2025-05-13 14:00:00,-999.0
2025-05-13 15:00:00,-999.0
2025-05-13 16:00:00,-999.0
2025-05-13 17:00:00,-999.0
2025-05-13 18:00:00,-999.0
2025-05-13 19:00:00,-999.0
2025-05-13 20:00:00,-999.0
2025-05-13 21:00:00,-999.0
2025-05-13 22:00:00,-999.0
2025-05-13 23:00:00,-999.0
2025-05-14 00:00:00,-999.0
2025-05-14 01:00:00,-999.0
2025-05-14 02:00:00,-999.0
2025-05-14 03:00:00,-999.0
2025-05-14 04:00:00,-999.0
2025-05-14 05:00:00,-999.0
2025-05-14 06:00:00,-999.0
2025-05-14 07:00:00,-999.0
2025-05-14 08:00:00,-999.0
2025-05-14 09:00:00,-999.0
2025-05-14 10:00:00,-999.0
2025-05-14 11:00:00,-999.0
2025-05-14 12:00:00,-999.0
2025-05-14 13:00:00,-999.0
2025-05-14 14:00:00,-999.0
2025-05-14 15:00:00,-999.0
2025-05-14 16:00:00,-999.0
2025-05-14 17:00:00,-999.0
2025-05-14 18:00:00,-999.0
2025-05-14 19:00:00,-999.0
2025-05-14 20:00:00,-999.0
2025-05-14 21:00:00,-999.0
2025-05-14 22:00:00,-999.0
2025-05-14 23:00:00,-999.0
2025-05-15 00:00:00,-999.0
2025-05-15 01:00:00,-999.0
2025-05-15 02:00:00,-999.0
2025-05-15 03:00:00,-999.0
2025-05-15 04:00:00,-999.0
2025-05-15 05:00:00,-999.0
2025-05-15 06:00:00,-999.0
2025-05-15 07:00:00,-999.0
2025-05-15 08:00:00,-999.0
2025-05-15 09:00:00,-999.0
2025-05-15 10:00:00,-999.0
2025-05-15 11:00:00,-999.0
2025-05-15 12:00:00,-999.0
2025-05-15 13:00:00,-999.0
2025-05-15 14:00:00,-999.0
2025-05-15 15:00:00,-999.0
2025-05-15 16:00:00,-999.0
2025-05-15 17:00:00,-999.0
2025-05-15 18:00:00,-999.0
2025-05-15 19:00:00,-999.0
2025-05-15 20:00:00,-999.0
2025-05-15 21:00:00,-999.0
2025-05-15 22:00:00,-999.0
2025-05-15 23:00:00,-999.0
2025-05-16 00:00:00,-999.0
2025-05-16 01:00:00,-999.0
2025-05-16 02:00:00,-999.0
2025-05-16 03:00:00,-999.0
2025-05-16 04:00:00,-999.0
2025-05-16 05:00:00,-999.0
2025-05-16 06:00:00,-999.0
2025-05-16 07:00:00,-999.0
2025-05-16 08:00:00,-999.0
2025-05-16 09:00:00,-999.0
2025-05-16 10:00:00,-999.0
2025-05-16 11:00:00,-999.0
2025-05-16 12:00:00,-999.0
2025-05-16 13:00:00,-999.0
2025-05-16 14:00:00,-999.0
2025-05-16 15:00:00,-999.0
2025-05-16 16:00:00,-999.0
2025-05-16 17:00:00,-999.0
2025-05-16 18:00:00,-999.0
2025-05-16 19:00:00,-999.0
2025-05-16 20:00:00,-999.0
2025-05-16 21:00:00,-999.0
2025-05-16 22:00:00,-999.0
2025-05-16 23:00:00,-999.0
2025-05-17 00:00:00,-999.0
2025-05-17 01:00:00,-999.0
2025-05-17 02:00:00,-999.0
2025-05-17 03:00:00,-999.0
2025-05-17 04:00:00,-999.0
2025-05-17 05:00:00,-999.0
2025-05-17 06:00:00,-999.0
2025-05-17 07:00:00,-999.0
2025-05-17 08:00:00,-999.0
2025-05-17 09:00:00,-999.0
2025-05-17 10:00:00,-999.0
2025-05-17 11:00:00,-999.0
2025-05-17 12:00:00,-999.0
2025-05-17 13:00:00,-999.0
2025-05-17 14:00:00,-999.0
2025-05-17 15:00:00,-999.0
2025-05-17 16:00:00,-999.0
2025-05-17 17:00:00,-999.0
2025-05-17 18:00:00,-999.0
2025-05-17 19:00:00,-999.0
2025-05-17 20:00:00,-999.0
2025-05-17 21:00:00,-999.0
2025-05-17 22:00:00,-999.0
2025-05-17 23:00:00,-999.0
2025-05-18 00:00:00,-999.0
2025-05-18 01:00:00,-999.0
2025-05-18 02:00:00,-999.0
2025-05-18 03:00:00,-999.0
2025-05-18 04:00:00,-999.0
2025-05-18 05:00:00,-999.0
2025-05-18 06:00:00,-999.0
2025-05-18 07:00:00,-999.0
2025-05-18 08:00:00,-999.0
2025-05-18 09:00:00,-999.0
2025-05-18 10:00:00,-999.0
2025-05-18 11:00:00,-999.0
2025-05-18 12:00:00,-999.0
2025-05-18 13:00:00,-999.0
2025-05-18 14:00:00,-999.0
2025-05-18 15:00:00,-999.0
2025-05-18 16:00:00,-999.0
2025-05-18 17:00:00,-999.0
2025-05-18 18:00:00,-999.0
2025-05-18 19:00:00,-999.0
2025-05-18 20:00:00,-999.0
2025-05-18 21:00:00,-999.0
2025-05-18 22:00:00,-999.0
2025-05-18 23:00:00,-999.0
2025-05-19 00:00:00,-999.0
2025-05-19 01:00:00,-999.0
2025-05-19 02:00:00,-999.0
2025-05-19 03:00:00,-999.0
2025-05-19 04:00:00,-999.0
2025-05-19 05:00:00,-999.0
2025-05-19 06:00:00,-999.0
2025-05-19 07:00:00,-999.0
2025-05-19 08:00:00,-999.0
2025-05-19 09:00:00,-999.0
2025-05-19 10:00:00,-999.0
2025-05-19 11:00:00,-999.0
2025-05-19 12:00:00,-999.0
2025-05-19 13:00:00,-999.0
2025-05-19 14:00:00,-999.0
2025-05-19 15:00:00,-999.0
2025-05-19 16:00:00,-999.0
2025-05-19 17:00:00,-999.0
2025-05-19 18:00:00,-999.0
2025-05-19 19:00:00,-999.0
2025-05-19 20:00:00,-999.0
2025-05-19 21:00:00,-999.0
2025-05-19 22:00:00,-999.0
2025-05-19 23:00:00,-999.0
2025-05-20 00:00:00,-999.0
2025-05-20 01:00:00,-999.0
2025-05-20 02:00:00,-999.0
2025-05-20 03:00:00,-999.0
2025-05-20 04:00:00,-999.0
2025-05-20 05:00:00,-999.0
2025-05-20 06:00:00,-999.0
2025-05-20 07:00:00,-999.0
2025-05-20 08:00:00,-999.0
2025-05-20 09:00:00,-999.0
2025-05-20 10:00:00,-999.0
2025-05-20 11:00:00,-999.0
2025-05-20 12:00:00,-999.0
2025-05-20 13:00:00,-999.0
2025-05-20 14:00:00,-999.0
2025-05-20 15:00:00,-999.0
2025-05-20 16:00:00,-999.0
2025-05-20 17:00:00,-999.0
2025-05-20 18:00:00,-999.0
2025-05-20 19:00:00,-999.0
2025-05-20 20:00:00,-999.0
2025-05-20 21:00:00,-999.0
2025-05-20 22:00:00,-999.0
2025-05-20 23:00:00,-999.0
2025-05-21 00:00:00,-999.0
2025-05-21 01:00:00,-999.0
2025-05-21 02:00:00,-999.0
2025-05-21 03:00:00,-999.0
2025-05-21 04:00:00,-999.0
2025-05-21 05:00:00,-999.0
2025-05-21 06:00:00,-999.0
2025-05-21 07:00:00,-999.0
2025-05-21 08:00:00,-999.0
2025-05-21 09:00:00,-999.0
2025-05-21 10:00:00,-999.0
2025-05-21 11:00:00,-999.0
2025-05-21 12:00:00,-999.0
2025-05-21 13:00:00,-999.0
2025-05-21 14:00:00,-999.0
2025-05-21 15:00:00,-999.0
2025-05-21 16:00:00,-999.0
2025-05-21 17:00:00,-999.0
2025-05-21 18:00:00,-999.0
2025-05-21 19:00:00,-999.0
2025-05-21 20:00:00,-999.0
2025-05-21 21:00:00,-999.0
2025-05-21 22:00:00,-999.0
2025-05-21 23:00:00,-999.0
2025-05-22 00:00:00,-999.0
2025-05-22 01:00:00,-999.0
2025-05-22 02:00:00,-999.0
2025-05-22 03:00:00,-999.0
2025-05-22 04:00:00,-999.0
2025-05-22 05:00:00,-999.0
2025-05-22 06:00:00,-999.0
2025-05-22 07:00:00,-999.0
2025-05-22 08:00:00,-999.0
2025-05-22 09:00:00,-999.0
2025-05-22 10:00:00,-999.0
2025-05-22 11:00:00,-999.0
2025-05-22 12:00:00,-999.0
2025-05-22 13:00:00,-999.0
2025-05-22 14:00:00,-999.0
2025-05-22 15:00:00,-999.0
2025-05-22 16:00:00,-999.0
2025-05-22 17:00:00,-999.0
2025-05-22 18:00:00,-999.0
2025-05-22 19:00:00,-999.0
2025-05-22 20:00:00,-999.0
2025-05-22 21:00:00,-999.0
2025-05-22 22:00:00,-999.0
2025-05-22 23:00:00,-999.0
2025-05-23 00:00:00,-999.0
2025-05-23 01:00:00,-999.0
2025-05-23 02:00:00,-999.0
2025-05-23 03:00:00,-999.0
2025-05-23 04:00:00,-999.0
2025-05-23 05:00:00,-999.0
2025-05-23 06:00:00,-999.0
2025-05-23 07:00:00,-999.0
2025-05-23 08:00:00,-999.0
2025-05-23 09:00:00,-999.0
2025-05-23 10:00:00,-999.0
2025-05-23 11:00:00,-999.0
2025-05-23 12:00:00,-999.0
2025-05-23 13:00:00,-999.0
2025-05-23 14:00:00,-999.0
2025-05-23 15:00:00,-999.0
2025-05-23 16:00:00,-999.0
2025-05-23 17:00:00,-999.0
2025-05-23 18:00:00,-999.0
2025-05-23 19:00:00,-999.0
2025-05-23 20:00:00,-999.0
2025-05-23 21:00:00,-999.0
2025-05-23 22:00:00,-999.0
2025-05-23 23:00:00,-999.0
2025-05-24 00:00:00,-999.0
2025-05-24 01:00:00,-999.0
2025-05-24 02:00:00,-999.0
2025-05-24 03:00:00,-999.0
2025-05-24 04:00:00,-999.0
2025-05-24 05:00:00,-999.0
2025-05-24 06:00:00,-999.0
2025-05-24 07:00:00,-999.0
2025-05-24 08:00:00,-999.0
2025-05-24 09:00:00,-999.0
2025-05-24 10:00:00,-999.0
2025-05-24 11:00:00,-999.0
2025-05-24 12:00:00,-999.0
2025-05-24 13:00:00,-999.0
2025-05-24 14:00:00,-999.0
2025-05-24 15:00:00,-999.0
2025-05-24 16:00:00,-999.0
2025-05-24 17:00:00,-999.0
2025-05-24 18:00:00,-999.0
2025-05-24 19:00:00,-999.0
2025-05-24 20:00:00,-999.0
2025-05-24 21:00:00,-999.0
2025-05-24 22:00:00,-999.0
2025-05-24 23:00:00,-999.0
2025-05-25 00:00:00,-999.0
2025-05-25 01:00:00,-999.0
2025-05-25 02:00:00,-999.0
2025-05-25 03:00:00,-999.0
2025-05-25 04:00:00,-999.0
2025-05-25 05:00:00,-999.0
2025-05-25 06:00:00,-999.0
2025-05-25 07:00:00,-999.0
2025-05-25 08:00:00,-999.0
2025-05-25 09:00:00,-999.0
2025-05-25 10:00:00,-999.0
2025-05-25 11:00:00,-999.0
2025-05-25 12:00:00,-999.0
2025-05-25 13:00:00,-999.0
2025-05-25 14:00:00,-999.0
2025-05-25 15:00:00,-999.0
2025-05-25 16:00:00,-999.0
2025-05-25 17:00:00,-999.0
2025-05-25 18:00:00,-999.0
2025-05-25 19:00:00,-999.0
2025-05-25 20:00:00,-999.0
2025-05-25 21:00:00,-999.0
2025-05-25 22:00:00,-999.0
2025-05-25 23:00:00,-999.0
2025-05-26 00:00:00,-999.0
2025-05-26 01:00:00,-999.0
2025-05-26 02:00:00,-999.0
2025-05-26 03:00:00,-999.0
2025-05-26 04:00:00,-999.0
2025-05-26 05:00:00,-999.0
2025-05-26 06:00:00,-999.0
2025-05-26 07:00:00,-999.0
2025-05-26 08:00:00,-999.0
2025-05-26 09:00:00,-999.0
2025-05-26 10:00:00,-999.0
2025-05-26 11:00:00,-999.0
2025-05-26 12:00:00,-999.0
2025-05-26 13:00:00,-999.0
2025-05-26 14:00:00,-999.0
2025-05-26 15:00:00,-999.0
2025-05-26 16:00:00,-999.0
2025-05-26 17:00:00,-999.0
2025-05-26 18:00:00,-999.0
2025-05-26 19:00:00,-999.0
2025-05-26 20:00:00,-999.0
2025-05-26 21:00:00,-999.0
2025-05-26 22:00:00,-999.0
2025-05-26 23:00:00,-999.0
2025-05-27 00:00:00,-999.0
2025-05-27 01:00:00,-999.0
2025-05-27 02:00:00,-999.0
2025-05-27 03:00:00,-999.0
2025-05-27 04:00:00,-999.0
2025-05-27 05:00:00,-999.0
2025-05-27 06:00:00,-999.0
2025-05-27 07:00:00,-999.0
2025-05-27 08:00:00,-999.0
2025-05-27 09:00:00,-999.0
2025-05-27 10:00:00,-999.0
2025-05-27 11:00:00,-999.0
2025-05-27 12:00:00,-999.0
2025-05-27 13:00:00,-999.0
2025-05-27 14:00:00,-999.0
2025-05-27 15:00:00,-999.0
2025-05-27 16:00:00,-999.0
2025-05-27 17:00:00,-999.0
2025-05-27 18:00:00,-999.0
2025-05-27 19:00:00,-999.0
2025-05-27 20:00:00,-999.0
2025-05-27 21:00:00,-999.0
2025-05-27 22:00:00,-999.0
2025-05-27 23:00:00,-999.0
2025-05-28 00:00:00,-999.0
2025-05-28 01:00:00,-999.0
2025-05-28 02:00:00,-999.0
2025-05-28 03:00:00,-999.0
2025-05-28 04:00:00,-999.0
2025-05-28 05:00:00,-999.0
2025-05-28 06:00:00,-999.0
2025-05-28 07:00:00,-999.0
2025-05-28 08:00:00,-999.0
2025-05-28 09:00:00,-999.0
2025-05-28 10:00:00,-999.0
2025-05-28 11:00:00,-999.0
2025-05-28 12:00:00,-999.0
2025-05-28 13:00:00,-999.0
2025-05-28 14:00:00,-999.0
2025-05-28 15:00:00,-999.0
2025-05-28 16:00:00,-999.0
2025-05-28 17:00:00,-999.0
2025-05-28 18:00:00,-999.0
2025-05-28 19:00:00,-999.0
2025-05-28 20:00:00,-999.0
2025-05-28 21:00:00,-999.0
2025-05-28 22:00:00,-999.0
2025-05-28 23:00:00,-999.0
2025-05-29 00:00:00,-999.0
2025-05-29 01:00:00,-999.0
2025-05-29 02:00:00,-999.0
2025-05-29 03:00:00,-999.0
2025-05-29 04:00:00,-999.0
2025-05-29 05:00:00,-999.0
2025-05-29 06:00:00,-999.0
2025-05-29 07:00:00,-999.0
2025-05-29 08:00:00,-999.0
2025-05-29 09:00:00,-999.0
2025-05-29 10:00:00,-999.0
2025-05-29 11:00:00,-999.0
2025-05-29 12:00:00,-999.0
2025-05-29 13:00:00,-999.0
2025-05-29 14:00:00,-999.0
2025-05-29 15:00:00,-999.0
2025-05-29 16:00:00,-999.0
2025-05-29 17:00:00,-999.0
2025-05-29 18:00:00,-999.0
2025-05-29 19:00:00,-999.0
2025-05-29 20:00:00,-999.0
2025-05-29 21:00:00,-999.0
2025-05-29 22:00:00,-999.0
2025-05-29 23:00:00,-999.0
2025-05-30 00:00:00,-999.0
2025-05-30 01:00:00,-999.0
2025-05-30 02:00:00,-999.0
2025-05-30 03:00:00,-999.0
2025-05-30 04:00:00,-999.0
2025-05-30 05:00:00,-999.0
2025-05-30 06:00:00,-999.0
2025-05-30 07:00:00,-999.0
2025-05-30 08:00:00,-999.0
2025-05-30 09:00:00,-999.0
2025-05-30 10:00:00,-999.0
2025-05-30 11:00:00,-999.0
2025-05-30 12:00:00,-999.0
2025-05-30 13:00:00,-999.0
2025-05-30 14:00:00,-999.0
2025-05-30 15:00:00,-999.0
2025-05-30 16:00:00,-999.0
2025-05-30 17:00:00,-999.0
2025-05-30 18:00:00,-999.0
2025-05-30 19:00:00,-999.0
2025-05-30 20:00:00,-999.0
2025-05-30 21:00:00,-999.0
2025-05-30 22:00:00,-999.0
2025-05-30 23:00:00,-999.0
2025-05-31 00:00:00,-999.0
2025-05-31 01:00:00,-999.0
2025-05-31 02:00:00,-999.0
2025-05-31 03:00:00,-999.0
2025-05-31 04:00:00,-999.0
2025-05-31 05:00:00,-999.0
2025-05-31 06:00:00,-999.0
2025-05-31 07:00:00,-999.0
2025-05-31 08:00:00,-999.0
2025-05-31 09:00:00,-999.0
2025-05-31 10:00:00,-999.0
2025-05-31 11:00:00,-999.0
2025-05-31 12:00:00,-999.0
2025-05-31 13:00:00,-999.0
2025-05-31 14:00:00,-999.0
2025-05-31 15:00:00,-999.0
2025-05-31 16:00:00,-999.0
2025-05-31 17:00:00,-999.0
2025-05-31 18:00:00,-999.0
2025-05-31 19:00:00,-999.0
2025-05-31 20:00:00,-999.0
2025-05-31 21:00:00,-999.0
2025-05-31 22:00:00,-999.0
2025-05-31 23:00:00,-999.0
2025-06-01 00:00:00,-999.0
2025-06-01 01:00:00,-999.0
2025-06-01 02:00:00,-999.0
2025-06-01 03:00:00,-999.0
2025-06-01 04:00:00,-999.0
2025-06-01 05:00:00,-999.0
2025-06-01 06:00:00,-999.0
2025-06-01 07:00:00,-999.0
2025-06-01 08:00:00,-999.0
2025-06-01 09:00:00,-999.0
2025-06-01 10:00:00,-999.0
2025-06-01 11:00:00,-999.0
2025-06-01 12:00:00,-999.0
2025-06-01 13:00:00,-999.0
2025-06-01 14:00:00,-999.0
2025-06-01 15:00:00,-999.0
2025-06-01 16:00:00,-999.0
2025-06-01 17:00:00,-999.0
2025-06-01 18:00:00,-999.0
2025-06-01 19:00:00,-999.0
2025-06-01 20:00:00,-999.0
2025-06-01 21:00:00,-999.0
2025-06-01 22:00:00,-999.0
2025-06-01 23:00:00,-999.0
2025-06-02 00:00:00,-999.0
2025-06-02 01:00:00,-999.0
2025-06-02 02:00:00,-999.0
2025-06-02 03:00:00,-999.0
2025-06-02 04:00:00,-999.0
2025-06-02 05:00:00,-999.0
2025-06-02 06:00:00,-999.0
2025-06-02 07:00:00,-999.0
2025-06-02 08:00:00,-999.0
2025-06-02 09:00:00,-999.0
2025-06-02 10:00:00,-999.0
2025-06-02 11:00:00,-999.0
2025-06-02 12:00:00,-999.0
2025-06-02 13:00:00,-999.0
2025-06-02 14:00:00,-999.0
2025-06-02 15:00:00,-999.0
2025-06-02 16:00:00,-999.0
2025-06-02 17:00:00,-999.0
2025-06-02 18:00:00,-999.0
2025-06-02 19:00:00,-999.0
2025-06-02 20:00:00,-999.0
2025-06-02 21:00:00,-999.0
2025-06-02 22:00:00,-999.0
2025-06-02 23:00:00,-999.0
2025-06-03 00:00:00,-999.0
2025-06-03 01:00:00,-999.0
2025-06-03 02:00:00,-999.0
2025-06-03 03:00:00,-999.0
2025-06-03 04:00:00,-999.0
2025-06-03 05:00:00,-999.0
2025-06-03 06:00:00,-999.0
2025-06-03 07:00:00,-999.0
2025-06-03 08:00:00,-999.0
2025-06-03 09:00:00,-999.0
2025-06-03 10:00:00,-999.0
2025-06-03 11:00:00,-999.0
2025-06-03 12:00:00,-999.0
2025-06-03 13:00:00,-999.0
2025-06-03 14:00:00,-999.0
2025-06-03 15:00:00,-999.0
2025-06-03 16:00:00,-999.0
2025-06-03 17:00:00,-999.0
2025-06-03 18:00:00,-999.0
2025-06-03 19:00:00,-999.0
2025-06-03 20:00:00,-999.0
2025-06-03 21:00:00,-999.0
2025-06-03 22:00:00,-999.0
2025-06-03 23:00:00,-999.0
2025-06-04 00:00:00,-999.0
2025-06-04 01:00:00,-999.0
2025-06-04 02:00:00,-999.0
2025-06-04 03:00:00,-999.0
2025-06-04 04:00:00,-999.0
2025-06-04 05:00:00,-999.0
2025-06-04 06:00:00,-999.0
2025-06-04 07:00:00,-999.0
2025-06-04 08:00:00,-999.0
2025-06-04 09:00:00,-999.0
2025-06-04 10:00:00,-999.0
2025-06-04 11:00:00,-999.0
2025-06-04 12:00:00,-999.0
2025-06-04 13:00:00,-999.0
2025-06-04 14:00:00,-999.0
2025-06-04 15:00:00,-999.0
2025-06-04 16:00:00,-999.0
2025-06-04 17:00:00,-999.0
2025-06-04 18:00:00,-999.0
2025-06-04 19:00:00,-999.0
2025-06-04 20:00:00,-999.0
2025-06-04 21:00:00,-999.0
2025-06-04 22:00:00,-999.0
2025-06-04 23:00:00,-999.0
2025-06-05 00:00:00,-999.0
2025-06-05 01:00:00,-999.0
2025-06-05 02:00:00,-999.0
2025-06-05 03:00:00,-999.0
2025-06-05 04:00:00,-999.0
2025-06-05 05:00:00,-999.0
2025-06-05 06:00:00,-999.0
2025-06-05 07:00:00,-999.0
2025-06-05 08:00:00,-999.0
2025-06-05 09:00:00,-999.0
2025-06-05 10:00:00,-999.0
2025-06-05 11:00:00,-999.0
2025-06-05 12:00:00,-999.0
2025-06-05 13:00:00,-999.0
2025-06-05 14:00:00,-999.0
2025-06-05 15:00:00,-999.0
2025-06-05 16:00:00,-999.0
2025-06-05 17:00:00,-999.0
2025-06-05 18:00:00,-999.0
2025-06-05 19:00:00,-999.0
2025-06-05 20:00:00,-999.0
2025-06-05 21:00:00,-999.0
2025-06-05 22:00:00,-999.0
2025-06-05 23:00:00,-999.0
2025-06-06 00:00:00,-999.0
2025-06-06 01:00:00,-999.0
2025-06-06 02:00:00,-999.0
2025-06-06 03:00:00,-999.0
2025-06-06 04:00:00,-999.0
2025-06-06 05:00:00,-999.0
2025-06-06 06:00:00,-999.0
2025-06-06 07:00:00,-999.0
2025-06-06 08:00:00,-999.0
2025-06-06 09:00:00,-999.0
2025-06-06 10:00:00,-999.0
2025-06-06 11:00:00,-999.0
2025-06-06 12:00:00,-999.0
2025-06-06 13:00:00,-999.0
2025-06-06 14:00:00,-999.0
2025-06-06 15:00:00,-999.0
2025-06-06 16:00:00,-999.0
2025-06-06 17:00:00,-999.0
2025-06-06 18:00:00,-999.0
2025-06-06 19:00:00,-999.0
2025-06-06 20:00:00,-999.0
2025-06-06 21:00:00,-999.0
2025-06-06 22:00:00,-999.0
2025-06-06 23:00:00,-999.0
2025-06-07 00:00:00,-999.0
2025-06-07 01:00:00,-999.0
2025-06-07 02:00:00,-999.0
2025-06-07 03:00:00,-999.0
2025-06-07 04:00:00,-999.0
2025-06-07 05:00:00,-999.0
2025-06-07 06:00:00,-999.0
2025-06-07 07:00:00,-999.0
2025-06-07 08:00:00,-999.0
2025-06-07 09:00:00,-999.0
2025-06-07 10:00:00,-999.0
2025-06-07 11:00:00,-999.0
2025-06-07 12:00:00,-999.0
2025-06-07 13:00:00,-999.0
2025-06-07 14:00:00,-999.0
2025-06-07 15:00:00,-999.0
2025-06-07 16:00:00,-999.0
2025-06-07 17:00:00,-999.0
2025-06-07 18:00:00,-999.0
2025-06-07 19:00:00,-999.0
2025-06-07 20:00:00,-999.0
2025-06-07 21:00:00,-999.0
2025-06-07 22:00:00,-999.0
2025-06-07 23:00:00,-999.0
2025-06-08 00:00:00,-999.0
2025-06-08 01:00:00,-999.0
2025-06-08 02:00:00,-999.0
2025-06-08 03:00:00,-999.0
2025-06-08 04:00:00,-999.0
2025-06-08 05:00:00,-999.0
2025-06-08 06:00:00,-999.0
2025-06-08 07:00:00,-999.0
2025-06-08 08:00:00,-999.0
2025-06-08 09:00:00,-999.0
2025-06-08 10:00:00,-999.0
2025-06-08 11:00:00,-999.0
2025-06-08 12:00:00,-999.0
2025-06-08 13:00:00,-999.0
2025-06-08 14:00:00,-999.0
2025-06-08 15:00:00,-999.0
2025-06-08 16:00:00,-999.0
2025-06-08 17:00:00,-999.0
2025-06-08 18:00:00,-999.0
2025-06-08 19:00:00,-999.0
2025-06-08 20:00:00,-999.0
2025-06-08 21:00:00,-999.0
2025-06-08 22:00:00,-999.0
2025-06-08 23:00:00,-999.0
2025-06-09 00:00:00,-999.0
2025-06-09 01:00:00,-999.0
2025-06-09 02:00:00,-999.0
2025-06-09 03:00:00,-999.0
2025-06-09 04:00:00,-999.0
2025-06-09 05:00:00,-999.0
2025-06-09 06:00:00,-999.0
2025-06-09 07:00:00,-999.0
2025-06-09 08:00:00,-999.0
2025-06-09 09:00:00,-999.0
2025-06-09 10:00:00,-999.0
2025-06-09 11:00:00,-999.0
2025-06-09 12:00:00,-999.0
2025-06-09 13:00:00,-999.0
2025-06-09 14:00:00,-999.0
2025-06-09 15:00:00,-999.0
2025-06-09 16:00:00,-999.0
2025-06-09 17:00:00,-999.0
2025-06-09 18:00:00,-999.0
2025-06-09 19:00:00,-999.0
2025-06-09 20:00:00,-999.0
2025-06-09 21:00:00,-999.0
2025-06-09 22:00:00,-999.0
2025-06-09 23:00:00,-999.0
2025-06-10 00:00:00,-999.0
2025-06-10 01:00:00,-999.0
2025-06-10 02:00:00,-999.0
2025-06-10 03:00:00,-999.0
2025-06-10 04:00:00,-999.0
2025-06-10 05:00:00,-999.0
2025-06-10 06:00:00,-999.0
2025-06-10 07:00:00,-999.0
2025-06-10 08:00:00,-999.0
2025-06-10 09:00:00,-999.0
2025-06-10 10:00:00,-999.0
2025-06-10 11:00:00,-999.0
2025-06-10 12:00:00,-999.0
2025-06-10 13:00:00,-999.0
2025-06-10 14:00:00,-999.0
2025-06-10 15:00:00,-999.0
2025-06-10 16:00:00,-999.0
2025-06-10 17:00:00,-999.0
2025-06-10 18:00:00,-999.0
2025-06-10 19:00:00,-999.0
2025-06-10 20:00:00,-999.0
2025-06-10 21:00:00,-999.0
2025-06-10 22:00:00,-999.0
2025-06-10 23:00:00,-999.0
2025-06-11 00:00:00,-999.0
2025-06-11 01:00:00,-999.0
2025-06-11 02:00:00,-999.0
2025-06-11 03:00:00,-999.0
2025-06-11 04:00:00,-999.0
2025-06-11 05:00:00,-999.0
2025-06-11 06:00:00,-999.0
2025-06-11 07:00:00,-999.0
2025-06-11 08:00:00,-999.0
2025-06-11 09:00:00,-999.0
2025-06-11 10:00:00,-999.0
2025-06-11 11:00:00,-999.0
2025-06-11 12:00:00,-999.0
2025-06-11 13:00:00,-999.0
2025-06-11 14:00:00,-999.0
2025-06-11 15:00:00,-999.0
2025-06-11 16:00:00,-999.0
2025-06-11 17:00:00,-999.0
2025-06-11 18:00:00,-999.0
2025-06-11 19:00:00,-999.0
2025-06-11 20:00:00,-999.0
2025-06-11 21:00:00,-999.0
2025-06-11 22:00:00,-999.0
2025-06-11 23:00:00,-999.0
2025-06-12 00:00:00,-999.0
2025-06-12 01:00:00,-999.0
2025-06-12 02:00:00,-999.0
2025-06-12 03:00:00,-999.0
2025-06-12 04:00:00,-999.0
2025-06-12 05:00:00,-999.0
2025-06-12 06:00:00,-999.0
2025-06-12 07:00:00,-999.0
2025-06-12 08:00:00,-999.0
2025-06-12 09:00:00,-999.0
2025-06-12 10:00:00,-999.0
2025-06-12 11:00:00,-999.0
2025-06-12 12:00:00,-999.0
2025-06-12 13:00:00,-999.0
2025-06-12 14:00:00,-999.0
2025-06-12 15:00:00,-999.0
2025-06-12 16:00:00,-999.0
2025-06-12 17:00:00,-999.0
2025-06-12 18:00:00,-999.0
2025-06-12 19:00:00,-999.0
2025-06-12 20:00:00,-999.0
2025-06-12 21:00:00,-999.0
2025-06-12 22:00:00,-999.0
2025-06-12 23:00:00,-999.0
2025-06-13 00:00:00,-999.0
2025-06-13 01:00:00,-999.0
2025-06-13 02:00:00,-999.0
2025-06-13 03:00:00,-999.0
2025-06-13 04:00:00,-999.0
2025-06-13 05:00:00,-999.0
2025-06-13 06:00:00,-999.0
2025-06-13 07:00:00,-999.0
2025-06-13 08:00:00,-999.0
2025-06-13 09:00:00,-999.0
2025-06-13 10:00:00,-999.0
2025-06-13 11:00:00,-999.0
2025-06-13 12:00:00,-999.0
2025-06-13 13:00:00,-999.0
2025-06-13 14:00:00,-999.0
2025-06-13 15:00:00,-999.0
2025-06-13 16:00:00,-999.0
2025-06-13 17:00:00,-999.0
2025-06-13 18:00:00,-999.0
2025-06-13 19:00:00,-999.0
2025-06-13 20:00:00,-999.0
2025-06-13 21:00:00,-999.0
2025-06-13 22:00:00,-999.0
2025-06-13 23:00:00,-999.0
2025-06-14 00:00:00,-999.0
2025-06-14 01:00:00,-999.0
2025-06-14 02:00:00,-999.0
2025-06-14 03:00:00,-999.0
2025-06-14 04:00:00,-999.0
2025-06-14 05:00:00,-999.0
2025-06-14 06:00:00,-999.0
2025-06-14 07:00:00,-999.0
2025-06-14 08:00:00,-999.0
2025-06-14 09:00:00,-999.0
2025-06-14 10:00:00,-999.0
2025-06-14 11:00:00,-999.0
2025-06-14 12:00:00,-999.0
2025-06-14 13:00:00,-999.0
2025-06-14 14:00:00,-999.0
2025-06-14 15:00:00,-999.0
2025-06-14 16:00:00,-999.0
2025-06-14 17:00:00,-999.0
2025-06-14 18:00:00,-999.0
2025-06-14 19:00:00,-999.0
2025-06-14 20:00:00,-999.0
2025-06-14 21:00:00,-999.0
2025-06-14 22:00:00,-999.0
2025-06-14 23:00:00,-999.0
2025-06-15 00:00:00,-999.0
2025-06-15 01:00:00,-999.0
2025-06-15 02:00:00,-999.0
2025-06-15 03:00:00,-999.0
2025-06-15 04:00:00,-999.0
2025-06-15 05:00:00,-999.0
2025-06-15 06:00:00,-999.0
2025-06-15 07:00:00,-999.0
2025-06-15 08:00:00,-999.0
2025-06-15 09:00:00,-999.0
2025-06-15 10:00:00,-999.0
2025-06-15 11:00:00,-999.0
2025-06-15 12:00:00,-999.0
2025-06-15 13:00:00,-999.0
2025-06-15 14:00:00,-999.0
2025-06-15 15:00:00,-999.0
2025-06-15 16:00:00,-999.0
2025-06-15 17:00:00,-999.0
2025-06-15 18:00:00,-999.0
2025-06-15 19:00:00,-999.0
2025-06-15 20:00:00,-999.0
2025-06-15 21:00:00,-999.0
2025-06-15 22:00:00,-999.0
2025-06-15 23:00:00,-999.0
2025-06-16 00:00:00,-999.0
2025-06-16 01:00:00,-999.0
2025-06-16 02:00:00,-999.0
2025-06-16 03:00:00,-999.0
2025-06-16 04:00:00,-999.0
2025-06-16 05:00:00,-999.0
2025-06-16 06:00:00,-999.0
2025-06-16 07:00:00,-999.0
2025-06-16 08:00:00,-999.0
2025-06-16 09:00:00,-999.0
2025-06-16 10:00:00,-999.0
2025-06-16 11:00:00,-999.0
2025-06-16 12:00:00,-999.0
2025-06-16 13:00:00,-999.0
2025-06-16 14:00:00,-999.0
2025-06-16 15:00:00,-999.0
2025-06-16 16:00:00,-999.0
2025-06-16 17:00:00,-999.0
2025-06-16 18:00:00,-999.0
2025-06-16 19:00:00,-999.0
2025-06-16 20:00:00,-999.0
2025-06-16 21:00:00,-999.0
2025-06-16 22:00:00,-999.0
2025-06-16 23:00:00,-999.0
2025-06-17 00:00:00,-999.0
2025-06-17 01:00:00,-999.0
2025-06-17 02:00:00,-999.0
2025-06-17 03:00:00,-999.0
2025-06-17 04:00:00,-999.0
2025-06-17 05:00:00,-999.0
2025-06-17 06:00:00,-999.0
2025-06-17 07:00:00,-999.0
2025-06-17 08:00:00,-999.0
2025-06-17 09:00:00,-999.0
2025-06-17 10:00:00,-999.0
2025-06-17 11:00:00,-999.0
2025-06-17 12:00:00,-999.0
2025-06-17 13:00:00,-999.0
2025-06-17 14:00:00,-999.0
2025-06-17 15:00:00,-999.0
2025-06-17 16:00:00,-999.0
2025-06-17 17:00:00,-999.0
2025-06-17 18:00:00,-999.0
2025-06-17 19:00:00,-999.0
2025-06-17 20:00:00,-999.0
2025-06-17 21:00:00,-999.0
2025-06-17 22:00:00,-999.0
2025-06-17 23:00:00,-999.0
2025-06-18 00:00:00,-999.0
2025-06-18 01:00:00,-999.0
2025-06-18 02:00:00,-999.0
2025-06-18 03:00:00,-999.0
2025-06-18 04:00:00,-999.0
2025-06-18 05:00:00,-999.0
2025-06-18 06:00:00,-999.0
2025-06-18 07:00:00,-999.0
2025-06-18 08:00:00,-999.0
2025-06-18 09:00:00,-999.0
2025-06-18 10:00:00,-999.0
2025-06-18 11:00:00,-999.0
2025-06-18 12:00:00,-999.0
2025-06-18 13:00:00,-999.0
2025-06-18 14:00:00,-999.0
2025-06-18 15:00:00,-999.0
2025-06-18 16:00:00,-999.0
2025-06-18 17:00:00,-999.0
2025-06-18 18:00:00,-999.0
2025-06-18 19:00:00,-999.0
2025-06-18 20:00:00,-999.0
2025-06-18 21:00:00,-999.0
2025-06-18 22:00:00,-999.0
2025-06-18 23:00:00,-999.0
2025-06-19 00:00:00,-999.0
2025-06-19 01:00:00,-999.0
2025-06-19 02:00:00,-999.0
2025-06-19 03:00:00,-999.0
2025-06-19 04:00:00,-999.0
2025-06-19 05:00:00,-999.0
2025-06-19 06:00:00,-999.0
2025-06-19 07:00:00,-999.0
2025-06-19 08:00:00,-999.0
2025-06-19 09:00:00,-999.0
2025-06-19 10:00:00,-999.0
2025-06-19 11:00:00,-999.0
2025-06-19 12:00:00,-999.0
2025-06-19 13:00:00,-999.0
2025-06-19 14:00:00,-999.0
2025-06-19 15:00:00,-999.0
2025-06-19 16:00:00,-999.0
2025-06-19 17:00:00,-999.0
2025-06-19 18:00:00,-999.0
2025-06-19 19:00:00,-999.0
2025-06-19 20:00:00,-999.0
2025-06-19 21:00:00,-999.0
2025-06-19 22:00:00,-999.0
2025-06-19 23:00:00,-999.0
2025-06-20 00:00:00,-999.0
2025-06-20 01:00:00,-999.0
2025-06-20 02:00:00,-999.0
2025-06-20 03:00:00,-999.0
2025-06-20 04:00:00,-999.0
2025-06-20 05:00:00,-999.0
2025-06-20 06:00:00,-999.0
2025-06-20 07:00:00,-999.0
2025-06-20 08:00:00,-999.0
2025-06-20 09:00:00,-999.0
2025-06-20 10:00:00,-999.0
2025-06-20 11:00:00,-999.0
2025-06-20 12:00:00,-999.0
2025-06-20 13:00:00,-999.0
2025-06-20 14:00:00,-999.0
2025-06-20 15:00:00,-999.0
2025-06-20 16:00:00,-999.0
2025-06-20 17:00:00,-999.0
2025-06-20 18:00:00,-999.0
2025-06-20 19:00:00,-999.0
2025-06-20 20:00:00,-999.0
2025-06-20 21:00:00,-999.0
2025-06-20 22:00:00,-999.0
2025-06-20 23:00:00,-999.0
2025-06-21 00:00:00,-999.0
2025-06-21 01:00:00,-999.0
2025-06-21 02:00:00,-999.0
2025-06-21 03:00:00,-999.0
2025-06-21 04:00:00,-999.0
2025-06-21 05:00:00,-999.0
2025-06-21 06:00:00,-999.0
2025-06-21 07:00:00,-999.0
2025-06-21 08:00:00,-999.0
2025-06-21 09:00:00,-999.0
2025-06-21 10:00:00,-999.0
2025-06-21 11:00:00,-999.0
2025-06-21 12:00:00,-999.0
2025-06-21 13:00:00,-999.0
2025-06-21 14:00:00,-999.0
2025-06-21 15:00:00,-999.0
2025-06-21 16:00:00,-999.0
2025-06-21 17:00:00,-999.0
2025-06-21 18:00:00,-999.0
2025-06-21 19:00:00,-999.0
2025-06-21 20:00:00,-999.0
2025-06-21 21:00:00,-999.0
2025-06-21 22:00:00,-999.0
2025-06-21 23:00:00,-999.0
2025-06-22 00:00:00,-999.0
2025-06-22 01:00:00,-999.0
2025-06-22 02:00:00,-999.0
2025-06-22 03:00:00,-999.0
2025-06-22 04:00:00,-999.0
2025-06-22 05:00:00,-999.0
2025-06-22 06:00:00,-999.0
2025-06-22 07:00:00,-999.0
2025-06-22 08:00:00,-999.0
2025-06-22 09:00:00,-999.0
2025-06-22 10:00:00,-999.0
2025-06-22 11:00:00,-999.0
2025-06-22 12:00:00,-999.0
2025-06-22 13:00:00,-999.0
2025-06-22 14:00:00,-999.0
2025-06-22 15:00:00,-999.0
2025-06-22 16:00:00,-999.0
2025-06-22 17:00:00,-999.0
2025-06-22 18:00:00,-999.0
2025-06-22 19:00:00,-999.0
2025-06-22 20:00:00,-999.0
2025-06-22 21:00:00,-999.0
2025-06-22 22:00:00,-999.0
2025-06-22 23:00:00,-999.0
2025-06-23 00:00:00,-999.0
2025-06-23 01:00:00,-999.0
2025-06-23 02:00:00,-999.0
2025-06-23 03:00:00,-999.0
2025-06-23 04:00:00,-999.0
2025-06-23 05:00:00,-999.0
2025-06-23 06:00:00,-999.0
2025-06-23 07:00:00,-999.0
2025-06-23 08:00:00,-999.0
2025-06-23 09:00:00,-999.0
2025-06-23 10:00:00,-999.0
2025-06-23 11:00:00,-999.0
2025-06-23 12:00:00,-999.0
2025-06-23 13:00:00,-999.0
2025-06-23 14:00:00,-999.0
2025-06-23 15:00:00,-999.0
2025-06-23 16:00:00,-999.0
2025-06-23 17:00:00,-999.0
2025-06-23 18:00:00,-999.0
2025-06-23 19:00:00,-999.0
2025-06-23 20:00:00,-999.0
2025-06-23 21:00:00,-999.0
2025-06-23 22:00:00,-999.0
2025-06-23 23:00:00,-999.0
2025-06-24 00:00:00,-999.0
2025-06-24 01:00:00,-999.0
2025-06-24 02:00:00,-999.0
2025-06-24 03:00:00,-999.0
2025-06-24 04:00:00,-999.0
2025-06-24 05:00:00,-999.0
2025-06-24 06:00:00,-999.0
2025-06-24 07:00:00,-999.0
2025-06-24 08:00:00,-999.0
2025-06-24 09:00:00,-999.0
2025-06-24 10:00:00,-999.0
2025-06-24 11:00:00,-999.0
2025-06-24 12:00:00,-999.0
2025-06-24 13:00:00,-999.0
2025-06-24 14:00:00,-999.0
2025-06-24 15:00:00,-999.0
2025-06-24 16:00:00,-999.0
2025-06-24 17:00:00,-999.0
2025-06-24 18:00:00,-999.0
2025-06-24 19:00:00,-999.0
2025-06-24 20:00:00,-999.0
2025-06-24 21:00:00,-999.0
2025-06-24 22:00:00,-999.0
2025-06-24 23:00:00,-999.0
2025-06-25 00:00:00,-999.0
2025-06-25 01:00:00,-999.0
2025-06-25 02:00:00,-999.0
2025-06-25 03:00:00,-999.0
2025-06-25 04:00:00,-999.0
2025-06-25 05:00:00,-999.0
2025-06-25 06:00:00,-999.0
2025-06-25 07:00:00,-999.0
2025-06-25 08:00:00,-999.0
2025-06-25 09:00:00,-999.0
2025-06-25 10:00:00,-999.0
2025-06-25 11:00:00,-999.0
2025-06-25 12:00:00,-999.0
2025-06-25 13:00:00,-999.0
2025-06-25 14:00:00,-999.0
2025-06-25 15:00:00,-999.0
2025-06-25 16:00:00,-999.0
2025-06-25 17:00:00,-999.0
2025-06-25 18:00:00,-999.0
2025-06-25 19:00:00,-999.0
2025-06-25 20:00:00,-999.0
2025-06-25 21:00:00,-999.0
2025-06-25 22:00:00,-999.0
2025-06-25 23:00:00,-999.0
2025-06-26 00:00:00,-999.0
2025-06-26 01:00:00,-999.0
2025-06-26 02:00:00,-999.0
2025-06-26 03:00:00,-999.0
2025-06-26 04:00:00,-999.0
2025-06-26 05:00:00,-999.0
2025-06-26 06:00:00,-999.0
2025-06-26 07:00:00,-999.0
2025-06-26 08:00:00,-999.0
2025-06-26 09:00:00,-999.0
2025-06-26 10:00:00,-999.0
2025-06-26 11:00:00,-999.0
2025-06-26 12:00:00,-999.0
2025-06-26 13:00:00,-999.0
2025-06-26 14:00:00,-999.0
2025-06-26 15:00:00,-999.0
2025-06-26 16:00:00,-999.0
2025-06-26 17:00:00,-999.0
2025-06-26 18:00:00,-999.0
2025-06-26 19:00:00,-999.0
2025-06-26 20:00:00,-999.0
2025-06-26 21:00:00,-999.0
2025-06-26 22:00:00,-999.0
2025-06-26 23:00:00,-999.0
2025-06-27 00:00:00,-999.0
2025-06-27 01:00:00,-999.0
2025-06-27 02:00:00,-999.0
2025-06-27 03:00:00,-999.0
2025-06-27 04:00:00,-999.0
2025-06-27 05:00:00,-999.0
2025-06-27 06:00:00,-999.0
2025-06-27 07:00:00,-999.0
2025-06-27 08:00:00,-999.0
2025-06-27 09:00:00,-999.0
2025-06-27 10:00:00,-999.0
2025-06-27 11:00:00,-999.0
2025-06-27 12:00:00,-999.0
2025-06-27 13:00:00,-999.0
2025-06-27 14:00:00,-999.0
2025-06-27 15:00:00,-999.0
2025-06-27 16:00:00,-999.0
2025-06-27 17:00:00,-999.0
2025-06-27 18:00:00,-999.0
2025-06-27 19:00:00,-999.0
2025-06-27 20:00:00,-999.0
2025-06-27 21:00:00,-999.0
2025-06-27 22:00:00,-999.0
2025-06-27 23:00:00,-999.0
2025-06-28 00:00:00,-999.0
2025-06-28 01:00:00,-999.0
2025-06-28 02:00:00,-999.0
2025-06-28 03:00:00,-999.0
2025-06-28 04:00:00,-999.0
2025-06-28 05:00:00,-999.0
2025-06-28 06:00:00,-999.0
2025-06-28 07:00:00,-999.0
2025-06-28 08:00:00,-999.0
2025-06-28 09:00:00,-999.0
2025-06-28 10:00:00,-999.0
2025-06-28 11:00:00,-999.0
2025-06-28 12:00:00,-999.0
2025-06-28 13:00:00,-999.0
2025-06-28 14:00:00,-999.0
2025-06-28 15:00:00,-999.0
2025-06-28 16:00:00,-999.0
2025-06-28 17:00:00,-999.0
2025-06-28 18:00:00,-999.0
2025-06-28 19:00:00,-999.0
2025-06-28 20:00:00,-999.0
2025-06-28 21:00:00,-999.0
2025-06-28 22:00:00,-999.0
2025-06-28 23:00:00,-999.0
2025-06-29 00:00:00,-999.0
2025-06-29 01:00:00,-999.0
2025-06-29 02:00:00,-999.0
2025-06-29 03:00:00,-999.0
2025-06-29 04:00:00,-999.0
2025-06-29 05:00:00,-999.0
2025-06-29 06:00:00,-999.0
2025-06-29 07:00:00,-999.0
2025-06-29 08:00:00,-999.0
2025-06-29 09:00:00,-999.0
2025-06-29 10:00:00,-999.0
2025-06-29 11:00:00,-999.0
2025-06-29 12:00:00,-999.0
2025-06-29 13:00:00,-999.0
2025-06-29 14:00:00,-999.0
2025-06-29 15:00:00,-999.0
2025-06-29 16:00:00,-999.0
2025-06-29 17:00:00,-999.0
2025-06-29 18:00:00,-999.0
2025-06-29 19:00:00,-999.0
2025-06-29 20:00:00,-999.0
2025-06-29 21:00:00,-999.0
2025-06-29 22:00:00,-999.0
2025-06-29 23:00:00,-999.0
2025-06-30 00:00:00,-999.0
2025-06-30 01:00:00,-999.0
2025-06-30 02:00:00,-999.0
2025-06-30 03:00:00,-999.0
2025-06-30 04:00:00,-999.0
2025-06-30 05:00:00,-999.0
2025-06-30 06:00:00,-999.0
2025-06-30 07:00:00,-999.0
2025-06-30 08:00:00,-999.0
2025-06-30 09:00:00,-999.0
2025-06-30 10:00:00,-999.0
2025-06-30 11:00:00,-999.0
2025-06-30 12:00:00,-999.0
2025-06-30 13:00:00,-999.0
2025-06-30 14:00:00,-999.0
2025-06-30 15:00:00,-999.0
2025-06-30 16:00:00,-999.0
2025-06-30 17:00:00,-999.0
2025-06-30 18:00:00,-999.0
2025-06-30 19:00:00,-999.0
2025-06-30 20:00:00,-999.0
2025-06-30 21:00:00,-999.0
2025-06-30 22:00:00,-999.0
2025-06-30 23:00:00,-999.0
2025-07-01 00:00:00,-999.0
2025-07-01 01:00:00,-999.0
2025-07-01 02:00:00,-999.0
2025-07-01 03:00:00,-999.0
2025-07-01 04:00:00,-999.0
2025-07-01 05:00:00,-999.0
2025-07-01 06:00:00,-999.0
2025-07-01 07:00:00,-999.0
2025-07-01 08:00:00,-999.0
2025-07-01 09:00:00,-999.0
2025-07-01 10:00:00,-999.0
2025-07-01 11:00:00,-999.0
2025-07-01 12:00:00,-999.0
2025-07-01 13:00:00,-999.0
2025-07-01 14:00:00,-999.0
2025-07-01 15:00:00,-999.0
2025-07-01 16:00:00,-999.0
2025-07-01 17:00:00,-999.0
2025-07-01 18:00:00,-999.0
2025-07-01 19:00:00,-999.0
2025-07-01 20:00:00,-999.0
2025-07-01 21:00:00,-999.0
2025-07-01 22:00:00,-999.0
2025-07-01 23:00:00,-999.0
2025-07-02 00:00:00,-999.0
2025-07-02 01:00:00,-999.0
2025-07-02 02:00:00,-999.0
2025-07-02 03:00:00,-999.0
2025-07-02 04:00:00,-999.0
2025-07-02 05:00:00,-999.0
2025-07-02 06:00:00,-999.0
2025-07-02 07:00:00,-999.0
2025-07-02 08:00:00,-999.0
2025-07-02 09:00:00,-999.0
2025-07-02 10:00:00,-999.0
2025-07-02 11:00:00,-999.0
2025-07-02 12:00:00,-999.0
2025-07-02 13:00:00,-999.0
2025-07-02 14:00:00,-999.0
2025-07-02 15:00:00,-999.0
2025-07-02 16:00:00,-999.0
2025-07-02 17:00:00,-999.0
2025-07-02 18:00:00,-999.0
2025-07-02 19:00:00,-999.0
2025-07-02 20:00:00,-999.0
2025-07-02 21:00:00,-999.0
2025-07-02 22:00:00,-999.0
2025-07-02 23:00:00,-999.0
2025-07-03 00:00:00,-999.0
2025-07-03 01:00:00,-999.0
2025-07-03 02:00:00,-999.0
2025-07-03 03:00:00,-999.0
2025-07-03 04:00:00,-999.0
2025-07-03 05:00:00,-999.0
2025-07-03 06:00:00,-999.0
2025-07-03 07:00:00,-999.0
2025-07-03 08:00:00,-999.0
2025-07-03 09:00:00,-999.0
2025-07-03 10:00:00,-999.0
2025-07-03 11:00:00,-999.0
2025-07-03 12:00:00,-999.0
2025-07-03 13:00:00,-999.0
2025-07-03 14:00:00,-999.0
2025-07-03 15:00:00,-999.0
2025-07-03 16:00:00,-999.0
2025-07-03 17:00:00,-999.0
2025-07-03 18:00:00,-999.0
2025-07-03 19:00:00,-999.0
2025-07-03 20:00:00,-999.0
2025-07-03 21:00:00,-999.0
2025-07-03 22:00:00,-999.0
2025-07-03 23:00:00,-999.0
2025-07-04 00:00:00,-999.0
2025-07-04 01:00:00,-999.0
2025-07-04 02:00:00,-999.0
2025-07-04 03:00:00,-999.0
2025-07-04 04:00:00,-999.0
2025-07-04 05:00:00,-999.0
2025-07-04 06:00:00,-999.0
2025-07-04 07:00:00,-999.0
2025-07-04 08:00:00,-999.0
2025-07-04 09:00:00,-999.0
2025-07-04 10:00:00,-999.0
2025-07-04 11:00:00,-999.0
2025-07-04 12:00:00,-999.0
2025-07-04 13:00:00,-999.0
2025-07-04 14:00:00,-999.0
2025-07-04 15:00:00,-999.0
2025-07-04 16:00:00,-999.0
2025-07-04 17:00:00,-999.0
2025-07-04 18:00:00,-999.0
2025-07-04 19:00:00,-999.0
2025-07-04 20:00:00,-999.0
2025-07-04 21:00:00,-999.0
2025-07-04 22:00:00,-999.0
2025-07-04 23:00:00,-999.0
2025-07-05 00:00:00,-999.0
2025-07-05 01:00:00,-999.0
2025-07-05 02:00:00,-999.0
2025-07-05 03:00:00,-999.0
2025-07-05 04:00:00,-999.0
2025-07-05 05:00:00,-999.0
2025-07-05 06:00:00,-999.0
2025-07-05 07:00:00,-999.0
2025-07-05 08:00:00,-999.0
2025-07-05 09:00:00,-999.0
2025-07-05 10:00:00,-999.0
2025-07-05 11:00:00,-999.0
2025-07-05 12:00:00,-999.0
2025-07-05 13:00:00,-999.0
2025-07-05 14:00:00,-999.0
2025-07-05 15:00:00,-999.0
2025-07-05 16:00:00,-999.0
2025-07-05 17:00:00,-999.0
2025-07-05 18:00:00,-999.0
2025-07-05 19:00:00,-999.0
2025-07-05 20:00:00,-999.0
2025-07-05 21:00:00,-999.0
2025-07-05 22:00:00,-999.0
2025-07-05 23:00:00,-999.0
2025-07-06 00:00:00,-999.0
2025-07-06 01:00:00,-999.0
2025-07-06 02:00:00,-999.0
2025-07-06 03:00:00,-999.0
2025-07-06 04:00:00,-999.0
2025-07-06 05:00:00,-999.0
2025-07-06 06:00:00,-999.0
2025-07-06 07:00:00,-999.0
2025-07-06 08:00:00,-999.0
2025-07-06 09:00:00,-999.0
2025-07-06 10:00:00,-999.0
2025-07-06 11:00:00,-999.0
2025-07-06 12:00:00,-999.0
2025-07-06 13:00:00,-999.0
2025-07-06 14:00:00,-999.0
2025-07-06 15:00:00,-999.0
2025-07-06 16:00:00,-999.0
2025-07-06 17:00:00,-999.0
2025-07-06 18:00:00,-999.0
2025-07-06 19:00:00,-999.0
2025-07-06 20:00:00,-999.0
2025-07-06 21:00:00,-999.0
2025-07-06 22:00:00,-999.0
2025-07-06 23:00:00,-999.0
2025-07-07 00:00:00,-999.0
2025-07-07 01:00:00,-999.0
2025-07-07 02:00:00,-999.0
2025-07-07 03:00:00,-999.0
2025-07-07 04:00:00,-999.0
2025-07-07 05:00:00,-999.0
2025-07-07 06:00:00,-999.0
2025-07-07 07:00:00,-999.0
2025-07-07 08:00:00,-999.0
2025-07-07 09:00:00,-999.0
2025-07-07 10:00:00,-999.0
2025-07-07 11:00:00,-999.0
2025-07-07 12:00:00,-999.0
2025-07-07 13:00:00,-999.0
2025-07-07 14:00:00,-999.0
2025-07-07 15:00:00,-999.0
2025-07-07 16:00:00,-999.0
2025-07-07 17:00:00,-999.0
2025-07-07 18:00:00,-999.0
2025-07-07 19:00:00,-999.0
2025-07-07 20:00:00,-999.0
2025-07-07 21:00:00,-999.0
2025-07-07 22:00:00,-999.0
2025-07-07 23:00:00,-999.0
2025-07-08 00:00:00,-999.0
2025-07-08 01:00:00,-999.0
2025-07-08 02:00:00,-999.0
2025-07-08 03:00:00,-999.0
2025-07-08 04:00:00,-999.0
2025-07-08 05:00:00,-999.0
2025-07-08 06:00:00,-999.0
2025-07-08 07:00:00,-999.0
2025-07-08 08:00:00,-999.0
2025-07-08 09:00:00,-999.0
2025-07-08 10:00:00,-999.0
2025-07-08 11:00:00,-999.0
2025-07-08 12:00:00,-999.0
2025-07-08 13:00:00,-999.0
2025-07-08 14:00:00,-999.0
2025-07-08 15:00:00,-999.0
2025-07-08 16:00:00,-999.0
2025-07-08 17:00:00,-999.0
2025-07-08 18:00:00,-999.0
2025-07-08 19:00:00,-999.0
2025-07-08 20:00:00,-999.0
2025-07-08 21:00:00,-999.0
2025-07-08 22:00:00,-999.0
2025-07-08 23:00:00,-999.0
2025-07-09 00:00:00,-999.0
2025-07-09 01:00:00,-999.0
2025-07-09 02:00:00,-999.0
2025-07-09 03:00:00,-999.0
2025-07-09 04:00:00,-999.0
2025-07-09 05:00:00,-999.0
2025-07-09 06:00:00,-999.0
2025-07-09 07:00:00,-999.0
2025-07-09 08:00:00,-999.0
2025-07-09 09:00:00,-999.0
2025-07-09 10:00:00,-999.0
2025-07-09 11:00:00,-999.0
2025-07-09 12:00:00,-999.0
2025-07-09 13:00:00,-999.0
2025-07-09 14:00:00,-999.0
2025-07-09 15:00:00,-999.0
2025-07-09 16:00:00,-999.0
2025-07-09 17:00:00,-999.0
2025-07-09 18:00:00,-999.0
2025-07-09 19:00:00,-999.0
2025-07-09 20:00:00,-999.0
2025-07-09 21:00:00,-999.0
2025-07-09 22:00:00,-999.0
2025-07-09 23:00:00,-999.0
2025-07-10 00:00:00,-999.0
2025-07-10 01:00:00,-999.0
2025-07-10 02:00:00,-999.0
2025-07-10 03:00:00,-999.0
2025-07-10 04:00:00,-999.0
2025-07-10 05:00:00,-999.0
2025-07-10 06:00:00,-999.0
2025-07-10 07:00:00,-999.0
2025-07-10 08:00:00,-999.0
2025-07-10 09:00:00,-999.0
2025-07-10 10:00:00,-999.0
2025-07-10 11:00:00,-999.0
2025-07-10 12:00:00,-999.0
2025-07-10 13:00:00,-999.0
2025-07-10 14:00:00,-999.0
2025-07-10 15:00:00,-999.0
2025-07-10 16:00:00,-999.0
2025-07-10 17:00:00,-999.0
2025-07-10 18:00:00,-999.0
2025-07-10 19:00:00,-999.0
2025-07-10 20:00:00,-999.0
2025-07-10 21:00:00,-999.0
2025-07-10 22:00:00,-999.0
2025-07-10 23:00:00,-999.0
2025-07-11 00:00:00,-999.0
2025-07-11 01:00:00,-999.0
2025-07-11 02:00:00,-999.0
2025-07-11 03:00:00,-999.0
2025-07-11 04:00:00,-999.0
2025-07-11 05:00:00,-999.0
2025-07-11 06:00:00,-999.0
2025-07-11 07:00:00,-999.0
2025-07-11 08:00:00,-999.0
2025-07-11 09:00:00,-999.0
2025-07-11 10:00:00,-999.0
2025-07-11 11:00:00,-999.0
2025-07-11 12:00:00,-999.0
2025-07-11 13:00:00,-999.0
2025-07-11 14:00:00,-999.0
2025-07-11 15:00:00,-999.0
2025-07-11 16:00:00,-999.0
2025-07-11 17:00:00,-999.0
2025-07-11 18:00:00,-999.0
2025-07-11 19:00:00,-999.0
2025-07-11 20:00:00,-999.0
2025-07-11 21:00:00,-999.0
2025-07-11 22:00:00,-999.0
2025-07-11 23:00:00,-999.0
2025-07-12 00:00:00,-999.0
2025-07-12 01:00:00,-999.0
2025-07-12 02:00:00,-999.0
2025-07-12 03:00:00,-999.0
2025-07-12 04:00:00,-999.0
2025-07-12 05:00:00,-999.0
2025-07-12 06:00:00,-999.0
2025-07-12 07:00:00,-999.0
2025-07-12 08:00:00,-999.0
2025-07-12 09:00:00,-999.0
2025-07-12 10:00:00,-999.0
2025-07-12 11:00:00,-999.0
2025-07-12 12:00:00,-999.0
2025-07-12 13:00:00,-999.0
2025-07-12 14:00:00,-999.0
2025-07-12 15:00:00,-999.0
2025-07-12 16:00:00,-999.0
2025-07-12 17:00:00,-999.0
2025-07-12 18:00:00,-999.0
2025-07-12 19:00:00,-999.0
2025-07-12 20:00:00,-999.0
2025-07-12 21:00:00,-999.0
2025-07-12 22:00:00,-999.0
2025-07-12 23:00:00,-999.0
2025-07-13 00:00:00,-999.0
2025-07-13 01:00:00,-999.0
2025-07-13 02:00:00,-999.0
2025-07-13 03:00:00,-999.0
2025-07-13 04:00:00,-999.0
2025-07-13 05:00:00,-999.0
2025-07-13 06:00:00,-999.0
2025-07-13 07:00:00,-999.0
2025-07-13 08:00:00,-999.0
2025-07-13 09:00:00,-999.0
2025-07-13 10:00:00,-999.0
2025-07-13 11:00:00,-999.0
2025-07-13 12:00:00,-999.0
2025-07-13 13:00:00,-999.0
2025-07-13 14:00:00,-999.0
2025-07-13 15:00:00,-999.0
2025-07-13 16:00:00,-999.0
2025-07-13 17:00:00,-999.0
2025-07-13 18:00:00,-999.0
2025-07-13 19:00:00,-999.0
2025-07-13 20:00:00,-999.0
2025-07-13 21:00:00,-999.0
2025-07-13 22:00:00,-999.0
2025-07-13 23:00:00,-999.0
2025-07-14 00:00:00,-999.0
2025-07-14 01:00:00,-999.0
2025-07-14 02:00:00,-999.0
2025-07-14 03:00:00,-999.0
2025-07-14 04:00:00,-999.0
2025-07-14 05:00:00,-999.0
2025-07-14 06:00:00,-999.0
2025-07-14 07:00:00,-999.0
2025-07-14 08:00:00,-999.0
2025-07-14 09:00:00,-999.0
2025-07-14 10:00:00,-999.0
2025-07-14 11:00:00,-999.0
2025-07-14 12:00:00,-999.0
2025-07-14 13:00:00,-999.0
2025-07-14 14:00:00,-999.0
2025-07-14 15:00:00,-999.0
2025-07-14 16:00:00,-999.0
2025-07-14 17:00:00,-999.0
2025-07-14 18:00:00,-999.0
2025-07-14 19:00:00,-999.0
2025-07-14 20:00:00,-999.0
2025-07-14 21:00:00,-999.0
2025-07-14 22:00:00,-999.0
2025-07-14 23:00:00,-999.0
2025-07-15 00:00:00,-999.0
2025-07-15 01:00:00,-999.0
2025-07-15 02:00:00,-999.0
2025-07-15 03:00:00,-999.0
2025-07-15 04:00:00,-999.0
2025-07-15 05:00:00,-999.0
2025-07-15 06:00:00,-999.0
2025-07-15 07:00:00,-999.0
2025-07-15 08:00:00,-999.0
2025-07-15 09:00:00,-999.0
2025-07-15 10:00:00,-999.0
2025-07-15 11:00:00,-999.0
2025-07-15 12:00:00,-999.0
2025-07-15 13:00:00,-999.0
2025-07-15 14:00:00,-999.0
2025-07-15 15:00:00,-999.0
2025-07-15 16:00:00,-999.0
2025-07-15 17:00:00,-999.0
2025-07-15 18:00:00,-999.0
2025-07-15 19:00:00,-999.0
2025-07-15 20:00:00,-999.0
2025-07-15 21:00:00,-999.0
2025-07-15 22:00:00,-999.0
2025-07-15 23:00:00,-999.0
2025-07-16 00:00:00,-999.0
2025-07-16 01:00:00,-999.0
2025-07-16 02:00:00,-999.0
2025-07-16 03:00:00,-999.0
2025-07-16 04:00:00,-999.0
2025-07-16 05:00:00,-999.0
2025-07-16 06:00:00,-999.0
2025-07-16 07:00:00,-999.0
2025-07-16 08:00:00,-999.0
2025-07-16 09:00:00,-999.0
2025-07-16 10:00:00,-999.0
2025-07-16 11:00:00,-999.0
2025-07-16 12:00:00,-999.0
2025-07-16 13:00:00,-999.0
2025-07-16 14:00:00,-999.0
2025-07-16 15:00:00,-999.0
2025-07-16 16:00:00,-999.0
2025-07-16 17:00:00,-999.0
2025-07-16 18:00:00,-999.0
2025-07-16 19:00:00,-999.0
2025-07-16 20:00:00,-999.0
2025-07-16 21:00:00,-999.0
2025-07-16 22:00:00,-999.0
2025-07-16 23:00:00,-999.0
2025-07-17 00:00:00,-999.0
2025-07-17 01:00:00,-999.0
2025-07-17 02:00:00,-999.0
2025-07-17 03:00:00,-999.0
2025-07-17 04:00:00,-999.0
2025-07-17 05:00:00,-999.0
2025-07-17 06:00:00,-999.0
2025-07-17 07:00:00,-999.0
2025-07-17 08:00:00,-999.0
2025-07-17 09:00:00,-999.0
2025-07-17 10:00:00,-999.0
2025-07-17 11:00:00,-999.0
2025-07-17 12:00:00,-999.0
2025-07-17 13:00:00,-999.0
2025-07-17 14:00:00,-999.0
2025-07-17 15:00:00,-999.0
2025-07-17 16:00:00,-999.0
2025-07-17 17:00:00,-999.0
2025-07-17 18:00:00,-999.0
2025-07-17 19:00:00,-999.0
2025-07-17 20:00:00,-999.0
2025-07-17 21:00:00,-999.0
2025-07-17 22:00:00,-999.0
2025-07-17 23:00:00,-999.0
2025-07-18 00:00:00,-999.0
2025-07-18 01:00:00,-999.0
2025-07-18 02:00:00,-999.0
2025-07-18 03:00:00,-999.0
2025-07-18 04:00:00,-999.0
2025-07-18 05:00:00,-999.0
2025-07-18 06:00:00,-999.0
2025-07-18 07:00:00,-999.0
2025-07-18 08:00:00,-999.0
2025-07-18 09:00:00,-999.0
2025-07-18 10:00:00,-999.0
2025-07-18 11:00:00,-999.0
2025-07-18 12:00:00,-999.0
2025-07-18 13:00:00,-999.0
2025-07-18 14:00:00,-999.0
2025-07-18 15:00:00,-999.0
2025-07-18 16:00:00,-999.0
2025-07-18 17:00:00,-999.0
2025-07-18 18:00:00,-999.0
2025-07-18 19:00:00,-999.0
2025-07-18 20:00:00,-999.0
2025-07-18 21:00:00,-999.0
2025-07-18 22:00:00,-999.0
2025-07-18 23:00:00,-999.0
2025-07-19 00:00:00,-999.0
2025-07-19 01:00:00,-999.0
2025-07-19 02:00:00,-999.0
2025-07-19 03:00:00,-999.0
2025-07-19 04:00:00,-999.0
2025-07-19 05:00:00,-999.0
2025-07-19 06:00:00,-999.0
2025-07-19 07:00:00,-999.0
2025-07-19 08:00:00,-999.0
2025-07-19 09:00:00,-999.0
2025-07-19 10:00:00,-999.0
2025-07-19 11:00:00,-999.0
2025-07-19 12:00:00,-999.0
2025-07-19 13:00:00,-999.0
2025-07-19 14:00:00,-999.0
2025-07-19 15:00:00,-999.0
2025-07-19 16:00:00,-999.0
2025-07-19 17:00:00,-999.0
2025-07-19 18:00:00,-999.0
2025-07-19 19:00:00,-999.0
2025-07-19 20:00:00,-999.0
2025-07-19 21:00:00,-999.0
2025-07-19 22:00:00,-999.0
2025-07-19 23:00:00,-999.0
2025-07-20 00:00:00,-999.0
2025-07-20 01:00:00,-999.0
2025-07-20 02:00:00,-999.0
2025-07-20 03:00:00,-999.0
2025-07-20 04:00:00,-999.0
2025-07-20 05:00:00,-999.0
2025-07-20 06:00:00,-999.0
2025-07-20 07:00:00,-999.0
2025-07-20 08:00:00,-999.0
2025-07-20 09:00:00,-999.0
2025-07-20 10:00:00,-999.0
2025-07-20 11:00:00,-999.0
2025-07-20 12:00:00,-999.0
2025-07-20 13:00:00,-999.0
2025-07-20 14:00:00,-999.0
2025-07-20 15:00:00,-999.0
2025-07-20 16:00:00,-999.0
2025-07-20 17:00:00,-999.0
2025-07-20 18:00:00,-999.0
2025-07-20 19:00:00,-999.0
2025-07-20 20:00:00,-999.0
2025-07-20 21:00:00,-999.0
2025-07-20 22:00:00,-999.0
2025-07-20 23:00:00,-999.0
2025-07-21 00:00:00,-999.0
2025-07-21 01:00:00,-999.0
2025-07-21 02:00:00,-999.0
2025-07-21 03:00:00,-999.0
2025-07-21 04:00:00,-999.0
2025-07-21 05:00:00,-999.0
2025-07-21 06:00:00,-999.0
2025-07-21 07:00:00,-999.0
2025-07-21 08:00:00,-999.0
2025-07-21 09:00:00,-999.0
2025-07-21 10:00:00,-999.0
2025-07-21 11:00:00,-999.0
2025-07-21 12:00:00,-999.0
2025-07-21 13:00:00,-999.0
2025-07-21 14:00:00,-999.0
2025-07-21 15:00:00,-999.0
2025-07-21 16:00:00,-999.0
2025-07-21 17:00:00,-999.0
2025-07-21 18:00:00,-999.0
2025-07-21 19:00:00,-999.0
2025-07-21 20:00:00,-999.0
2025-07-21 21:00:00,-999.0
2025-07-21 22:00:00,-999.0
2025-07-21 23:00:00,-999.0
2025-07-22 00:00:00,-999.0
2025-07-22 01:00:00,-999.0
2025-07-22 02:00:00,-999.0
2025-07-22 03:00:00,-999.0
2025-07-22 04:00:00,-999.0
2025-07-22 05:00:00,-999.0
2025-07-22 06:00:00,-999.0
2025-07-22 07:00:00,-999.0
2025-07-22 08:00:00,-999.0
2025-07-22 09:00:00,-999.0
2025-07-22 10:00:00,-999.0
2025-07-22 11:00:00,-999.0
2025-07-22 12:00:00,-999.0
2025-07-22 13:00:00,-999.0
2025-07-22 14:00:00,-999.0
2025-07-22 15:00:00,-999.0
2025-07-22 16:00:00,-999.0
2025-07-22 17:00:00,-999.0
2025-07-22 18:00:00,-999.0
2025-07-22 19:00:00,-999.0
2025-07-22 20:00:00,-999.0
2025-07-22 21:00:00,-999.0
2025-07-22 22:00:00,-999.0
2025-07-22 23:00:00,-999.0
2025-07-23 00:00:00,-999.0
2025-07-23 01:00:00,-999.0
2025-07-23 02:00:00,-999.0
2025-07-23 03:00:00,-999.0
2025-07-23 04:00:00,-999.0
2025-07-23 05:00:00,-999.0
2025-07-23 06:00:00,-999.0
2025-07-23 07:00:00,-999.0
2025-07-23 08:00:00,-999.0
2025-07-23 09:00:00,-999.0
2025-07-23 10:00:00,-999.0
2025-07-23 11:00:00,-999.0
2025-07-23 12:00:00,-999.0
2025-07-23 13:00:00,-999.0
2025-07-23 14:00:00,-999.0
2025-07-23 15:00:00,-999.0
2025-07-23 16:00:00,-999.0
2025-07-23 17:00:00,-999.0
2025-07-23 18:00:00,-999.0
2025-07-23 19:00:00,-999.0
2025-07-23 20:00:00,-999.0
2025-07-23 21:00:00,-999.0
2025-07-23 22:00:00,-999.0
2025-07-23 23:00:00,-999.0
2025-07-24 00:00:00,-999.0
2025-07-24 01:00:00,-999.0
2025-07-24 02:00:00,-999.0
2025-07-24 03:00:00,-999.0
2025-07-24 04:00:00,-999.0
2025-07-24 05:00:00,-999.0
2025-07-24 06:00:00,-999.0
2025-07-24 07:00:00,-999.0
2025-07-24 08:00:00,-999.0
2025-07-24 09:00:00,-999.0
2025-07-24 10:00:00,-999.0
2025-07-24 11:00:00,-999.0
2025-07-24 12:00:00,-999.0
2025-07-24 13:00:00,-999.0
2025-07-24 14:00:00,-999.0
2025-07-24 15:00:00,-999.0
2025-07-24 16:00:00,-999.0
2025-07-24 17:00:00,-999.0
2025-07-24 18:00:00,-999.0
2025-07-24 19:00:00,-999.0
2025-07-24 20:00:00,-999.0
2025-07-24 21:00:00,-999.0
2025-07-24 22:00:00,-999.0
2025-07-24 23:00:00,-999.0
2025-07-25 00:00:00,-999.0
2025-07-25 01:00:00,-999.0
2025-07-25 02:00:00,-999.0
2025-07-25 03:00:00,-999.0
2025-07-25 04:00:00,-999.0
2025-07-25 05:00:00,-999.0
2025-07-25 06:00:00,-999.0
2025-07-25 07:00:00,-999.0
2025-07-25 08:00:00,-999.0
2025-07-25 09:00:00,-999.0
2025-07-25 10:00:00,-999.0
2025-07-25 11:00:00,-999.0
2025-07-25 12:00:00,-999.0
2025-07-25 13:00:00,-999.0
2025-07-25 14:00:00,-999.0
2025-07-25 15:00:00,-999.0
2025-07-25 16:00:00,-999.0
2025-07-25 17:00:00,-999.0
2025-07-25 18:00:00,-999.0
2025-07-25 19:00:00,-999.0
2025-07-25 20:00:00,-999.0
2025-07-25 21:00:00,-999.0
2025-07-25 22:00:00,-999.0
2025-07-25 23:00:00,-999.0
2025-07-26 00:00:00,-999.0
2025-07-26 01:00:00,-999.0
2025-07-26 02:00:00,-999.0
2025-07-26 03:00:00,-999.0
2025-07-26 04:00:00,-999.0
2025-07-26 05:00:00,-999.0
2025-07-26 06:00:00,-999.0
2025-07-26 07:00:00,-999.0
2025-07-26 08:00:00,-999.0
2025-07-26 09:00:00,-999.0
2025-07-26 10:00:00,-999.0
2025-07-26 11:00:00,-999.0
2025-07-26 12:00:00,-999.0
2025-07-26 13:00:00,-999.0
2025-07-26 14:00:00,-999.0
2025-07-26 15:00:00,-999.0
2025-07-26 16:00:00,-999.0
2025-07-26 17:00:00,-999.0
2025-07-26 18:00:00,-999.0
2025-07-26 19:00:00,-999.0
2025-07-26 20:00:00,-999.0
2025-07-26 21:00:00,-999.0
2025-07-26 22:00:00,-999.0
2025-07-26 23:00:00,-999.0
2025-07-27 00:00:00,-999.0
2025-07-27 01:00:00,-999.0
2025-07-27 02:00:00,-999.0
2025-07-27 03:00:00,-999.0
2025-07-27 04:00:00,-999.0
2025-07-27 05:00:00,-999.0
2025-07-27 06:00:00,-999.0
2025-07-27 07:00:00,-999.0
2025-07-27 08:00:00,-999.0
2025-07-27 09:00:00,-999.0
2025-07-27 10:00:00,-999.0
2025-07-27 11:00:00,-999.0
2025-07-27 12:00:00,-999.0
2025-07-27 13:00:00,-999.0
2025-07-27 14:00:00,-999.0
2025-07-27 15:00:00,-999.0
2025-07-27 16:00:00,-999.0
2025-07-27 17:00:00,-999.0
2025-07-27 18:00:00,-999.0
2025-07-27 19:00:00,-999.0
2025-07-27 20:00:00,-999.0
2025-07-27 21:00:00,-999.0
2025-07-27 22:00:00,-999.0
2025-07-27 23:00:00,-999.0
2025-07-28 00:00:00,-999.0
2025-07-28 01:00:00,-999.0
2025-07-28 02:00:00,-999.0
2025-07-28 03:00:00,-999.0
2025-07-28 04:00:00,-999.0
2025-07-28 05:00:00,-999.0
2025-07-28 06:00:00,-999.0
2025-07-28 07:00:00,-999.0
2025-07-28 08:00:00,-999.0
2025-07-28 09:00:00,-999.0
2025-07-28 10:00:00,-999.0
2025-07-28 11:00:00,-999.0
2025-07-28 12:00:00,-999.0
2025-07-28 13:00:00,-999.0
2025-07-28 14:00:00,-999.0
2025-07-28 15:00:00,-999.0
2025-07-28 16:00:00,-999.0
2025-07-28 17:00:00,-999.0
2025-07-28 18:00:00,-999.0
2025-07-28 19:00:00,-999.0
2025-07-28 20:00:00,-999.0
2025-07-28 21:00:00,-999.0
2025-07-28 22:00:00,-999.0
2025-07-28 23:00:00,-999.0
2025-07-29 00:00:00,-999.0
2025-07-29 01:00:00,-999.0
2025-07-29 02:00:00,-999.0
2025-07-29 03:00:00,-999.0
2025-07-29 04:00:00,-999.0
2025-07-29 05:00:00,-999.0
2025-07-29 06:00:00,-999.0
2025-07-29 07:00:00,-999.0
2025-07-29 08:00:00,-999.0
2025-07-29 09:00:00,-999.0
2025-07-29 10:00:00,-999.0
2025-07-29 11:00:00,-999.0
2025-07-29 12:00:00,-999.0
2025-07-29 13:00:00,-999.0
2025-07-29 14:00:00,-999.0
2025-07-29 15:00:00,-999.0
2025-07-29 16:00:00,-999.0
2025-07-29 17:00:00,-999.0
2025-07-29 18:00:00,-999.0
2025-07-29 19:00:00,-999.0
2025-07-29 20:00:00,-999.0
2025-07-29 21:00:00,-999.0
2025-07-29 22:00:00,-999.0
2025-07-29 23:00:00,-999.0
2025-07-30 00:00:00,-999.0
2025-07-30 01:00:00,-999.0
2025-07-30 02:00:00,-999.0
2025-07-30 03:00:00,-999.0
2025-07-30 04:00:00,-999.0
2025-07-30 05:00:00,-999.0
2025-07-30 06:00:00,-999.0
2025-07-30 07:00:00,-999.0
2025-07-30 08:00:00,-999.0
2025-07-30 09:00:00,-999.0
2025-07-30 10:00:00,-999.0
2025-07-30 11:00:00,-999.0
2025-07-30 12:00:00,-999.0
2025-07-30 13:00:00,-999.0
2025-07-30 14:00:00,-999.0
2025-07-30 15:00:00,-999.0
2025-07-30 16:00:00,-999.0
2025-07-30 17:00:00,-999.0
2025-07-30 18:00:00,-999.0
2025-07-30 19:00:00,-999.0
2025-07-30 20:00:00,-999.0
2025-07-30 21:00:00,-999.0
2025-07-30 22:00:00,-999.0
2025-07-30 23:00:00,-999.0
2025-07-31 00:00:00,-999.0
2025-07-31 01:00:00,-999.0
2025-07-31 02:00:00,-999.0
2025-07-31 03:00:00,-999.0
2025-07-31 04:00:00,-999.0
2025-07-31 05:00:00,-999.0
2025-07-31 06:00:00,-999.0
2025-07-31 07:00:00,-999.0
2025-07-31 08:00:00,-999.0
2025-07-31 09:00:00,-999.0
2025-07-31 10:00:00,-999.0
2025-07-31 11:00:00,-999.0
2025-07-31 12:00:00,-999.0
2025-07-31 13:00:00,-999.0
2025-07-31 14:00:00,-999.0
2025-07-31 15:00:00,-999.0
2025-07-31 16:00:00,-999.0
2025-07-31 17:00:00,-999.0
2025-07-31 18:00:00,-999.0
2025-07-31 19:00:00,-999.0
2025-07-31 20:00:00,-999.0
2025-07-31 21:00:00,-999.0
2025-07-31 22:00:00,-999.0
2025-07-31 23:00:00,-999.0
2025-08-01 00:00:00,-999.0
2025-08-01 01:00:00,-999.0
2025-08-01 02:00:00,-999.0
2025-08-01 03:00:00,-999.0
2025-08-01 04:00:00,-999.0
2025-08-01 05:00:00,-999.0
2025-08-01 06:00:00,-999.0
2025-08-01 07:00:00,-999.0
2025-08-01 08:00:00,-999.0
2025-08-01 09:00:00,-999.0
2025-08-01 10:00:00,-999.0
2025-08-01 11:00:00,-999.0
2025-08-01 12:00:00,-999.0
2025-08-01 13:00:00,-999.0
2025-08-01 14:00:00,-999.0
2025-08-01 15:00:00,-999.0
2025-08-01 16:00:00,-999.0
2025-08-01 17:00:00,-999.0
2025-08-01 18:00:00,-999.0
2025-08-01 19:00:00,-999.0
2025-08-01 20:00:00,-999.0
2025-08-01 21:00:00,-999.0
2025-08-01 22:00:00,-999.0
2025-08-01 23:00:00,-999.0
2025-08-02 00:00:00,-999.0
2025-08-02 01:00:00,-999.0
2025-08-02 02:00:00,-999.0
2025-08-02 03:00:00,-999.0
2025-08-02 04:00:00,-999.0
2025-08-02 05:00:00,-999.0
2025-08-02 06:00:00,-999.0
2025-08-02 07:00:00,-999.0
2025-08-02 08:00:00,-999.0
2025-08-02 09:00:00,-999.0
2025-08-02 10:00:00,-999.0
2025-08-02 11:00:00,-999.0
2025-08-02 12:00:00,-999.0
2025-08-02 13:00:00,-999.0
2025-08-02 14:00:00,-999.0
2025-08-02 15:00:00,-999.0
2025-08-02 16:00:00,-999.0
2025-08-02 17:00:00,-999.0
2025-08-02 18:00:00,-999.0
2025-08-02 19:00:00,-999.0
2025-08-02 20:00:00,-999.0
2025-08-02 21:00:00,-999.0
2025-08-02 22:00:00,-999.0
2025-08-02 23:00:00,-999.0
