datetime,ALLSKY_SFC_SW_DNI
2024-08-02 00:00:00,0.0
2024-08-02 01:00:00,0.0
2024-08-02 02:00:00,0.0
2024-08-02 03:00:00,0.0
2024-08-02 04:00:00,0.0
2024-08-02 05:00:00,0.0
2024-08-02 06:00:00,2.01
2024-08-02 07:00:00,0.28
2024-08-02 08:00:00,4.85
2024-08-02 09:00:00,16.74
2024-08-02 10:00:00,20.36
2024-08-02 11:00:00,8.17
2024-08-02 12:00:00,3.85
2024-08-02 13:00:00,24.7
2024-08-02 14:00:00,19.77
2024-08-02 15:00:00,26.82
2024-08-02 16:00:00,0.52
2024-08-02 17:00:00,0.0
2024-08-02 18:00:00,0.0
2024-08-02 19:00:00,0.0
2024-08-02 20:00:00,0.0
2024-08-02 21:00:00,0.0
2024-08-02 22:00:00,0.0
2024-08-02 23:00:00,0.0
2024-08-03 00:00:00,0.0
2024-08-03 01:00:00,0.0
2024-08-03 02:00:00,0.0
2024-08-03 03:00:00,0.0
2024-08-03 04:00:00,0.0
2024-08-03 05:00:00,3.71
2024-08-03 06:00:00,36.38
2024-08-03 07:00:00,119.69
2024-08-03 08:00:00,79.0
2024-08-03 09:00:00,165.3
2024-08-03 10:00:00,186.72
2024-08-03 11:00:00,186.12
2024-08-03 12:00:00,175.77
2024-08-03 13:00:00,272.84
2024-08-03 14:00:00,193.81
2024-08-03 15:00:00,141.33
2024-08-03 16:00:00,77.61
2024-08-03 17:00:00,24.81
2024-08-03 18:00:00,1.11
2024-08-03 19:00:00,0.0
2024-08-03 20:00:00,0.0
2024-08-03 21:00:00,0.0
2024-08-03 22:00:00,0.0
2024-08-03 23:00:00,0.0
2024-08-04 00:00:00,0.0
2024-08-04 01:00:00,0.0
2024-08-04 02:00:00,0.0
2024-08-04 03:00:00,0.0
2024-08-04 04:00:00,0.0
2024-08-04 05:00:00,0.0
2024-08-04 06:00:00,26.24
2024-08-04 07:00:00,75.56
2024-08-04 08:00:00,162.08
2024-08-04 09:00:00,303.81
2024-08-04 10:00:00,237.28
2024-08-04 11:00:00,217.18
2024-08-04 12:00:00,399.08
2024-08-04 13:00:00,546.25
2024-08-04 14:00:00,448.92
2024-08-04 15:00:00,457.97
2024-08-04 16:00:00,280.72
2024-08-04 17:00:00,116.84
2024-08-04 18:00:00,6.55
2024-08-04 19:00:00,0.0
2024-08-04 20:00:00,0.0
2024-08-04 21:00:00,0.0
2024-08-04 22:00:00,0.0
2024-08-04 23:00:00,0.0
2024-08-05 00:00:00,0.0
2024-08-05 01:00:00,0.0
2024-08-05 02:00:00,0.0
2024-08-05 03:00:00,0.0
2024-08-05 04:00:00,0.0
2024-08-05 05:00:00,0.0
2024-08-05 06:00:00,0.0
2024-08-05 07:00:00,0.0
2024-08-05 08:00:00,7.58
2024-08-05 09:00:00,9.99
2024-08-05 10:00:00,8.89
2024-08-05 11:00:00,60.78
2024-08-05 12:00:00,53.11
2024-08-05 13:00:00,283.76
2024-08-05 14:00:00,309.29
2024-08-05 15:00:00,276.02
2024-08-05 16:00:00,236.02
2024-08-05 17:00:00,178.34
2024-08-05 18:00:00,15.94
2024-08-05 19:00:00,0.0
2024-08-05 20:00:00,0.0
2024-08-05 21:00:00,0.0
2024-08-05 22:00:00,0.0
2024-08-05 23:00:00,0.0
2024-08-06 00:00:00,0.0
2024-08-06 01:00:00,0.0
2024-08-06 02:00:00,0.0
2024-08-06 03:00:00,0.0
2024-08-06 04:00:00,0.0
2024-08-06 05:00:00,3.49
2024-08-06 06:00:00,106.87
2024-08-06 07:00:00,210.5
2024-08-06 08:00:00,37.86
2024-08-06 09:00:00,67.79
2024-08-06 10:00:00,6.55
2024-08-06 11:00:00,79.51
2024-08-06 12:00:00,147.8
2024-08-06 13:00:00,74.11
2024-08-06 14:00:00,122.34
2024-08-06 15:00:00,38.92
2024-08-06 16:00:00,12.54
2024-08-06 17:00:00,2.45
2024-08-06 18:00:00,0.0
2024-08-06 19:00:00,0.0
2024-08-06 20:00:00,0.0
2024-08-06 21:00:00,0.0
2024-08-06 22:00:00,0.0
2024-08-06 23:00:00,0.0
2024-08-07 00:00:00,0.0
2024-08-07 01:00:00,0.0
2024-08-07 02:00:00,0.0
2024-08-07 03:00:00,0.0
2024-08-07 04:00:00,0.0
2024-08-07 05:00:00,0.0
2024-08-07 06:00:00,5.73
2024-08-07 07:00:00,14.55
2024-08-07 08:00:00,37.92
2024-08-07 09:00:00,11.63
2024-08-07 10:00:00,18.83
2024-08-07 11:00:00,3.39
2024-08-07 12:00:00,48.57
2024-08-07 13:00:00,9.45
2024-08-07 14:00:00,21.78
2024-08-07 15:00:00,2.94
2024-08-07 16:00:00,3.52
2024-08-07 17:00:00,2.16
2024-08-07 18:00:00,0.0
2024-08-07 19:00:00,0.0
2024-08-07 20:00:00,0.0
2024-08-07 21:00:00,0.0
2024-08-07 22:00:00,0.0
2024-08-07 23:00:00,0.0
2024-08-08 00:00:00,0.0
2024-08-08 01:00:00,0.0
2024-08-08 02:00:00,0.0
2024-08-08 03:00:00,0.0
2024-08-08 04:00:00,0.0
2024-08-08 05:00:00,0.0
2024-08-08 06:00:00,0.0
2024-08-08 07:00:00,0.0
2024-08-08 08:00:00,0.0
2024-08-08 09:00:00,5.65
2024-08-08 10:00:00,15.45
2024-08-08 11:00:00,16.57
2024-08-08 12:00:00,23.12
2024-08-08 13:00:00,0.0
2024-08-08 14:00:00,20.18
2024-08-08 15:00:00,8.95
2024-08-08 16:00:00,0.0
2024-08-08 17:00:00,0.71
2024-08-08 18:00:00,0.0
2024-08-08 19:00:00,0.0
2024-08-08 20:00:00,0.0
2024-08-08 21:00:00,0.0
2024-08-08 22:00:00,0.0
2024-08-08 23:00:00,0.0
2024-08-09 00:00:00,0.0
2024-08-09 01:00:00,0.0
2024-08-09 02:00:00,0.0
2024-08-09 03:00:00,0.0
2024-08-09 04:00:00,0.0
2024-08-09 05:00:00,0.0
2024-08-09 06:00:00,0.0
2024-08-09 07:00:00,0.0
2024-08-09 08:00:00,0.0
2024-08-09 09:00:00,11.07
2024-08-09 10:00:00,1.03
2024-08-09 11:00:00,18.69
2024-08-09 12:00:00,26.6
2024-08-09 13:00:00,0.1
2024-08-09 14:00:00,0.0
2024-08-09 15:00:00,8.16
2024-08-09 16:00:00,2.6
2024-08-09 17:00:00,0.36
2024-08-09 18:00:00,0.0
2024-08-09 19:00:00,0.0
2024-08-09 20:00:00,0.0
2024-08-09 21:00:00,0.0
2024-08-09 22:00:00,0.0
2024-08-09 23:00:00,0.0
2024-08-10 00:00:00,0.0
2024-08-10 01:00:00,0.0
2024-08-10 02:00:00,0.0
2024-08-10 03:00:00,0.0
2024-08-10 04:00:00,0.0
2024-08-10 05:00:00,0.0
2024-08-10 06:00:00,0.0
2024-08-10 07:00:00,0.47
2024-08-10 08:00:00,5.88
2024-08-10 09:00:00,17.13
2024-08-10 10:00:00,15.94
2024-08-10 11:00:00,24.26
2024-08-10 12:00:00,30.02
2024-08-10 13:00:00,7.38
2024-08-10 14:00:00,11.21
2024-08-10 15:00:00,7.9
2024-08-10 16:00:00,0.53
2024-08-10 17:00:00,0.73
2024-08-10 18:00:00,0.0
2024-08-10 19:00:00,0.0
2024-08-10 20:00:00,0.0
2024-08-10 21:00:00,0.0
2024-08-10 22:00:00,0.0
2024-08-10 23:00:00,0.0
2024-08-11 00:00:00,0.0
2024-08-11 01:00:00,0.0
2024-08-11 02:00:00,0.0
2024-08-11 03:00:00,0.0
2024-08-11 04:00:00,0.0
2024-08-11 05:00:00,0.0
2024-08-11 06:00:00,1.38
2024-08-11 07:00:00,2.22
2024-08-11 08:00:00,4.27
2024-08-11 09:00:00,14.27
2024-08-11 10:00:00,11.37
2024-08-11 11:00:00,23.77
2024-08-11 12:00:00,0.0
2024-08-11 13:00:00,26.08
2024-08-11 14:00:00,25.42
2024-08-11 15:00:00,12.41
2024-08-11 16:00:00,4.69
2024-08-11 17:00:00,0.97
2024-08-11 18:00:00,0.0
2024-08-11 19:00:00,0.0
2024-08-11 20:00:00,0.0
2024-08-11 21:00:00,0.0
2024-08-11 22:00:00,0.0
2024-08-11 23:00:00,0.0
2024-08-12 00:00:00,0.0
2024-08-12 01:00:00,0.0
2024-08-12 02:00:00,0.0
2024-08-12 03:00:00,0.0
2024-08-12 04:00:00,0.0
2024-08-12 05:00:00,0.0
2024-08-12 06:00:00,0.0
2024-08-12 07:00:00,0.16
2024-08-12 08:00:00,11.36
2024-08-12 09:00:00,18.08
2024-08-12 10:00:00,6.83
2024-08-12 11:00:00,23.35
2024-08-12 12:00:00,4.16
2024-08-12 13:00:00,32.29
2024-08-12 14:00:00,25.01
2024-08-12 15:00:00,10.84
2024-08-12 16:00:00,0.0
2024-08-12 17:00:00,0.0
2024-08-12 18:00:00,0.0
2024-08-12 19:00:00,0.0
2024-08-12 20:00:00,0.0
2024-08-12 21:00:00,0.0
2024-08-12 22:00:00,0.0
2024-08-12 23:00:00,0.0
2024-08-13 00:00:00,0.0
2024-08-13 01:00:00,0.0
2024-08-13 02:00:00,0.0
2024-08-13 03:00:00,0.0
2024-08-13 04:00:00,0.0
2024-08-13 05:00:00,0.0
2024-08-13 06:00:00,2.8
2024-08-13 07:00:00,7.32
2024-08-13 08:00:00,13.84
2024-08-13 09:00:00,3.36
2024-08-13 10:00:00,3.52
2024-08-13 11:00:00,24.16
2024-08-13 12:00:00,16.12
2024-08-13 13:00:00,67.83
2024-08-13 14:00:00,132.31
2024-08-13 15:00:00,77.56
2024-08-13 16:00:00,37.72
2024-08-13 17:00:00,13.77
2024-08-13 18:00:00,0.0
2024-08-13 19:00:00,0.0
2024-08-13 20:00:00,0.0
2024-08-13 21:00:00,0.0
2024-08-13 22:00:00,0.0
2024-08-13 23:00:00,0.0
2024-08-14 00:00:00,0.0
2024-08-14 01:00:00,0.0
2024-08-14 02:00:00,0.0
2024-08-14 03:00:00,0.0
2024-08-14 04:00:00,0.0
2024-08-14 05:00:00,0.0
2024-08-14 06:00:00,1.88
2024-08-14 07:00:00,7.35
2024-08-14 08:00:00,17.98
2024-08-14 09:00:00,19.98
2024-08-14 10:00:00,11.61
2024-08-14 11:00:00,17.5
2024-08-14 12:00:00,82.07
2024-08-14 13:00:00,142.84
2024-08-14 14:00:00,165.77
2024-08-14 15:00:00,48.41
2024-08-14 16:00:00,30.07
2024-08-14 17:00:00,13.35
2024-08-14 18:00:00,0.0
2024-08-14 19:00:00,0.0
2024-08-14 20:00:00,0.0
2024-08-14 21:00:00,0.0
2024-08-14 22:00:00,0.0
2024-08-14 23:00:00,0.0
2024-08-15 00:00:00,0.0
2024-08-15 01:00:00,0.0
2024-08-15 02:00:00,0.0
2024-08-15 03:00:00,0.0
2024-08-15 04:00:00,0.0
2024-08-15 05:00:00,0.0
2024-08-15 06:00:00,7.88
2024-08-15 07:00:00,22.55
2024-08-15 08:00:00,62.21
2024-08-15 09:00:00,46.92
2024-08-15 10:00:00,17.43
2024-08-15 11:00:00,26.7
2024-08-15 12:00:00,33.66
2024-08-15 13:00:00,2.55
2024-08-15 14:00:00,19.95
2024-08-15 15:00:00,2.42
2024-08-15 16:00:00,0.0
2024-08-15 17:00:00,4.06
2024-08-15 18:00:00,0.0
2024-08-15 19:00:00,0.0
2024-08-15 20:00:00,0.0
2024-08-15 21:00:00,0.0
2024-08-15 22:00:00,0.0
2024-08-15 23:00:00,0.0
2024-08-16 00:00:00,0.0
2024-08-16 01:00:00,0.0
2024-08-16 02:00:00,0.0
2024-08-16 03:00:00,0.0
2024-08-16 04:00:00,0.0
2024-08-16 05:00:00,0.0
2024-08-16 06:00:00,3.21
2024-08-16 07:00:00,4.86
2024-08-16 08:00:00,14.46
2024-08-16 09:00:00,0.85
2024-08-16 10:00:00,27.11
2024-08-16 11:00:00,47.35
2024-08-16 12:00:00,83.39
2024-08-16 13:00:00,117.14
2024-08-16 14:00:00,202.24
2024-08-16 15:00:00,169.38
2024-08-16 16:00:00,71.5
2024-08-16 17:00:00,24.27
2024-08-16 18:00:00,0.0
2024-08-16 19:00:00,0.0
2024-08-16 20:00:00,0.0
2024-08-16 21:00:00,0.0
2024-08-16 22:00:00,0.0
2024-08-16 23:00:00,0.0
2024-08-17 00:00:00,0.0
2024-08-17 01:00:00,0.0
2024-08-17 02:00:00,0.0
2024-08-17 03:00:00,0.0
2024-08-17 04:00:00,0.0
2024-08-17 05:00:00,0.0
2024-08-17 06:00:00,5.01
2024-08-17 07:00:00,20.22
2024-08-17 08:00:00,90.23
2024-08-17 09:00:00,174.06
2024-08-17 10:00:00,214.96
2024-08-17 11:00:00,247.52
2024-08-17 12:00:00,818.99
2024-08-17 13:00:00,319.98
2024-08-17 14:00:00,271.19
2024-08-17 15:00:00,135.65
2024-08-17 16:00:00,66.45
2024-08-17 17:00:00,15.14
2024-08-17 18:00:00,0.0
2024-08-17 19:00:00,0.0
2024-08-17 20:00:00,0.0
2024-08-17 21:00:00,0.0
2024-08-17 22:00:00,0.0
2024-08-17 23:00:00,0.0
2024-08-18 00:00:00,0.0
2024-08-18 01:00:00,0.0
2024-08-18 02:00:00,0.0
2024-08-18 03:00:00,0.0
2024-08-18 04:00:00,0.0
2024-08-18 05:00:00,0.0
2024-08-18 06:00:00,31.84
2024-08-18 07:00:00,153.83
2024-08-18 08:00:00,240.63
2024-08-18 09:00:00,289.62
2024-08-18 10:00:00,238.42
2024-08-18 11:00:00,190.77
2024-08-18 12:00:00,394.36
2024-08-18 13:00:00,337.02
2024-08-18 14:00:00,189.32
2024-08-18 15:00:00,101.04
2024-08-18 16:00:00,44.81
2024-08-18 17:00:00,7.91
2024-08-18 18:00:00,0.0
2024-08-18 19:00:00,0.0
2024-08-18 20:00:00,0.0
2024-08-18 21:00:00,0.0
2024-08-18 22:00:00,0.0
2024-08-18 23:00:00,0.0
2024-08-19 00:00:00,0.0
2024-08-19 01:00:00,0.0
2024-08-19 02:00:00,0.0
2024-08-19 03:00:00,0.0
2024-08-19 04:00:00,0.0
2024-08-19 05:00:00,0.0
2024-08-19 06:00:00,4.81
2024-08-19 07:00:00,25.75
2024-08-19 08:00:00,85.41
2024-08-19 09:00:00,167.98
2024-08-19 10:00:00,256.28
2024-08-19 11:00:00,208.59
2024-08-19 12:00:00,176.9
2024-08-19 13:00:00,134.57
2024-08-19 14:00:00,158.33
2024-08-19 15:00:00,124.89
2024-08-19 16:00:00,59.72
2024-08-19 17:00:00,17.15
2024-08-19 18:00:00,0.0
2024-08-19 19:00:00,0.0
2024-08-19 20:00:00,0.0
2024-08-19 21:00:00,0.0
2024-08-19 22:00:00,0.0
2024-08-19 23:00:00,0.0
2024-08-20 00:00:00,0.0
2024-08-20 01:00:00,0.0
2024-08-20 02:00:00,0.0
2024-08-20 03:00:00,0.0
2024-08-20 04:00:00,0.0
2024-08-20 05:00:00,0.0
2024-08-20 06:00:00,42.61
2024-08-20 07:00:00,191.01
2024-08-20 08:00:00,375.84
2024-08-20 09:00:00,453.19
2024-08-20 10:00:00,468.35
2024-08-20 11:00:00,360.63
2024-08-20 12:00:00,185.28
2024-08-20 13:00:00,220.48
2024-08-20 14:00:00,70.74
2024-08-20 15:00:00,14.01
2024-08-20 16:00:00,11.77
2024-08-20 17:00:00,6.18
2024-08-20 18:00:00,0.0
2024-08-20 19:00:00,0.0
2024-08-20 20:00:00,0.0
2024-08-20 21:00:00,0.0
2024-08-20 22:00:00,0.0
2024-08-20 23:00:00,0.0
2024-08-21 00:00:00,0.0
2024-08-21 01:00:00,0.0
2024-08-21 02:00:00,0.0
2024-08-21 03:00:00,0.0
2024-08-21 04:00:00,0.0
2024-08-21 05:00:00,0.0
2024-08-21 06:00:00,22.8
2024-08-21 07:00:00,121.09
2024-08-21 08:00:00,250.58
2024-08-21 09:00:00,242.26
2024-08-21 10:00:00,202.23
2024-08-21 11:00:00,220.59
2024-08-21 12:00:00,220.99
2024-08-21 13:00:00,190.22
2024-08-21 14:00:00,48.67
2024-08-21 15:00:00,11.37
2024-08-21 16:00:00,10.17
2024-08-21 17:00:00,6.83
2024-08-21 18:00:00,0.0
2024-08-21 19:00:00,0.0
2024-08-21 20:00:00,0.0
2024-08-21 21:00:00,0.0
2024-08-21 22:00:00,0.0
2024-08-21 23:00:00,0.0
2024-08-22 00:00:00,0.0
2024-08-22 01:00:00,0.0
2024-08-22 02:00:00,0.0
2024-08-22 03:00:00,0.0
2024-08-22 04:00:00,0.0
2024-08-22 05:00:00,0.0
2024-08-22 06:00:00,8.02
2024-08-22 07:00:00,23.99
2024-08-22 08:00:00,44.07
2024-08-22 09:00:00,29.66
2024-08-22 10:00:00,28.61
2024-08-22 11:00:00,159.2
2024-08-22 12:00:00,186.14
2024-08-22 13:00:00,203.04
2024-08-22 14:00:00,48.04
2024-08-22 15:00:00,17.52
2024-08-22 16:00:00,0.0
2024-08-22 17:00:00,0.0
2024-08-22 18:00:00,0.0
2024-08-22 19:00:00,0.0
2024-08-22 20:00:00,0.0
2024-08-22 21:00:00,0.0
2024-08-22 22:00:00,0.0
2024-08-22 23:00:00,0.0
2024-08-23 00:00:00,0.0
2024-08-23 01:00:00,0.0
2024-08-23 02:00:00,0.0
2024-08-23 03:00:00,0.0
2024-08-23 04:00:00,0.0
2024-08-23 05:00:00,0.0
2024-08-23 06:00:00,41.36
2024-08-23 07:00:00,137.33
2024-08-23 08:00:00,283.79
2024-08-23 09:00:00,376.53
2024-08-23 10:00:00,287.75
2024-08-23 11:00:00,236.87
2024-08-23 12:00:00,144.51
2024-08-23 13:00:00,146.61
2024-08-23 14:00:00,140.87
2024-08-23 15:00:00,98.31
2024-08-23 16:00:00,30.78
2024-08-23 17:00:00,7.07
2024-08-23 18:00:00,0.0
2024-08-23 19:00:00,0.0
2024-08-23 20:00:00,0.0
2024-08-23 21:00:00,0.0
2024-08-23 22:00:00,0.0
2024-08-23 23:00:00,0.0
2024-08-24 00:00:00,0.0
2024-08-24 01:00:00,0.0
2024-08-24 02:00:00,0.0
2024-08-24 03:00:00,0.0
2024-08-24 04:00:00,0.0
2024-08-24 05:00:00,0.0
2024-08-24 06:00:00,18.49
2024-08-24 07:00:00,113.17
2024-08-24 08:00:00,223.6
2024-08-24 09:00:00,288.48
2024-08-24 10:00:00,288.98
2024-08-24 11:00:00,295.59
2024-08-24 12:00:00,315.37
2024-08-24 13:00:00,295.63
2024-08-24 14:00:00,188.25
2024-08-24 15:00:00,80.1
2024-08-24 16:00:00,22.54
2024-08-24 17:00:00,9.96
2024-08-24 18:00:00,0.0
2024-08-24 19:00:00,0.0
2024-08-24 20:00:00,0.0
2024-08-24 21:00:00,0.0
2024-08-24 22:00:00,0.0
2024-08-24 23:00:00,0.0
2024-08-25 00:00:00,0.0
2024-08-25 01:00:00,0.0
2024-08-25 02:00:00,0.0
2024-08-25 03:00:00,0.0
2024-08-25 04:00:00,0.0
2024-08-25 05:00:00,0.0
2024-08-25 06:00:00,6.86
2024-08-25 07:00:00,21.01
2024-08-25 08:00:00,72.85
2024-08-25 09:00:00,114.0
2024-08-25 10:00:00,212.23
2024-08-25 11:00:00,259.7
2024-08-25 12:00:00,241.66
2024-08-25 13:00:00,320.49
2024-08-25 14:00:00,198.83
2024-08-25 15:00:00,136.37
2024-08-25 16:00:00,68.98
2024-08-25 17:00:00,17.72
2024-08-25 18:00:00,0.0
2024-08-25 19:00:00,0.0
2024-08-25 20:00:00,0.0
2024-08-25 21:00:00,0.0
2024-08-25 22:00:00,0.0
2024-08-25 23:00:00,0.0
2024-08-26 00:00:00,0.0
2024-08-26 01:00:00,0.0
2024-08-26 02:00:00,0.0
2024-08-26 03:00:00,0.0
2024-08-26 04:00:00,0.0
2024-08-26 05:00:00,0.0
2024-08-26 06:00:00,15.72
2024-08-26 07:00:00,39.19
2024-08-26 08:00:00,60.86
2024-08-26 09:00:00,34.51
2024-08-26 10:00:00,30.42
2024-08-26 11:00:00,22.38
2024-08-26 12:00:00,187.12
2024-08-26 13:00:00,319.64
2024-08-26 14:00:00,310.58
2024-08-26 15:00:00,212.63
2024-08-26 16:00:00,126.69
2024-08-26 17:00:00,58.46
2024-08-26 18:00:00,0.0
2024-08-26 19:00:00,0.0
2024-08-26 20:00:00,0.0
2024-08-26 21:00:00,0.0
2024-08-26 22:00:00,0.0
2024-08-26 23:00:00,0.0
2024-08-27 00:00:00,0.0
2024-08-27 01:00:00,0.0
2024-08-27 02:00:00,0.0
2024-08-27 03:00:00,0.0
2024-08-27 04:00:00,0.0
2024-08-27 05:00:00,0.0
2024-08-27 06:00:00,22.17
2024-08-27 07:00:00,73.08
2024-08-27 08:00:00,167.51
2024-08-27 09:00:00,268.42
2024-08-27 10:00:00,228.23
2024-08-27 11:00:00,173.81
2024-08-27 12:00:00,435.96
2024-08-27 13:00:00,308.38
2024-08-27 14:00:00,344.91
2024-08-27 15:00:00,321.04
2024-08-27 16:00:00,162.74
2024-08-27 17:00:00,49.26
2024-08-27 18:00:00,0.0
2024-08-27 19:00:00,0.0
2024-08-27 20:00:00,0.0
2024-08-27 21:00:00,0.0
2024-08-27 22:00:00,0.0
2024-08-27 23:00:00,0.0
2024-08-28 00:00:00,0.0
2024-08-28 01:00:00,0.0
2024-08-28 02:00:00,0.0
2024-08-28 03:00:00,0.0
2024-08-28 04:00:00,0.0
2024-08-28 05:00:00,0.0
2024-08-28 06:00:00,44.65
2024-08-28 07:00:00,178.09
2024-08-28 08:00:00,309.01
2024-08-28 09:00:00,387.46
2024-08-28 10:00:00,368.08
2024-08-28 11:00:00,430.09
2024-08-28 12:00:00,480.9
2024-08-28 13:00:00,500.1
2024-08-28 14:00:00,321.26
2024-08-28 15:00:00,272.52
2024-08-28 16:00:00,130.17
2024-08-28 17:00:00,50.75
2024-08-28 18:00:00,0.0
2024-08-28 19:00:00,0.0
2024-08-28 20:00:00,0.0
2024-08-28 21:00:00,0.0
2024-08-28 22:00:00,0.0
2024-08-28 23:00:00,0.0
2024-08-29 00:00:00,0.0
2024-08-29 01:00:00,0.0
2024-08-29 02:00:00,0.0
2024-08-29 03:00:00,0.0
2024-08-29 04:00:00,0.0
2024-08-29 05:00:00,0.0
2024-08-29 06:00:00,9.0
2024-08-29 07:00:00,46.79
2024-08-29 08:00:00,99.31
2024-08-29 09:00:00,62.42
2024-08-29 10:00:00,88.03
2024-08-29 11:00:00,129.19
2024-08-29 12:00:00,99.19
2024-08-29 13:00:00,231.91
2024-08-29 14:00:00,213.49
2024-08-29 15:00:00,175.4
2024-08-29 16:00:00,85.49
2024-08-29 17:00:00,24.57
2024-08-29 18:00:00,0.0
2024-08-29 19:00:00,0.0
2024-08-29 20:00:00,0.0
2024-08-29 21:00:00,0.0
2024-08-29 22:00:00,0.0
2024-08-29 23:00:00,0.0
2024-08-30 00:00:00,0.0
2024-08-30 01:00:00,0.0
2024-08-30 02:00:00,0.0
2024-08-30 03:00:00,0.0
2024-08-30 04:00:00,0.0
2024-08-30 05:00:00,0.0
2024-08-30 06:00:00,85.12
2024-08-30 07:00:00,253.07
2024-08-30 08:00:00,459.32
2024-08-30 09:00:00,426.6
2024-08-30 10:00:00,454.37
2024-08-30 11:00:00,372.37
2024-08-30 12:00:00,369.01
2024-08-30 13:00:00,388.42
2024-08-30 14:00:00,441.2
2024-08-30 15:00:00,403.1
2024-08-30 16:00:00,206.99
2024-08-30 17:00:00,51.5
2024-08-30 18:00:00,0.0
2024-08-30 19:00:00,0.0
2024-08-30 20:00:00,0.0
2024-08-30 21:00:00,0.0
2024-08-30 22:00:00,0.0
2024-08-30 23:00:00,0.0
2024-08-31 00:00:00,0.0
2024-08-31 01:00:00,0.0
2024-08-31 02:00:00,0.0
2024-08-31 03:00:00,0.0
2024-08-31 04:00:00,0.0
2024-08-31 05:00:00,0.0
2024-08-31 06:00:00,91.5
2024-08-31 07:00:00,299.15
2024-08-31 08:00:00,428.7
2024-08-31 09:00:00,469.5
2024-08-31 10:00:00,464.87
2024-08-31 11:00:00,560.77
2024-08-31 12:00:00,574.5
2024-08-31 13:00:00,595.6
2024-08-31 14:00:00,492.56
2024-08-31 15:00:00,485.01
2024-08-31 16:00:00,292.37
2024-08-31 17:00:00,75.75
2024-08-31 18:00:00,0.0
2024-08-31 19:00:00,0.0
2024-08-31 20:00:00,0.0
2024-08-31 21:00:00,0.0
2024-08-31 22:00:00,0.0
2024-08-31 23:00:00,0.0
2024-09-01 00:00:00,0.0
2024-09-01 01:00:00,0.0
2024-09-01 02:00:00,0.0
2024-09-01 03:00:00,0.0
2024-09-01 04:00:00,0.0
2024-09-01 05:00:00,0.92
2024-09-01 06:00:00,93.2
2024-09-01 07:00:00,258.03
2024-09-01 08:00:00,429.22
2024-09-01 09:00:00,571.97
2024-09-01 10:00:00,579.33
2024-09-01 11:00:00,476.1
2024-09-01 12:00:00,449.18
2024-09-01 13:00:00,320.75
2024-09-01 14:00:00,224.2
2024-09-01 15:00:00,156.68
2024-09-01 16:00:00,61.78
2024-09-01 17:00:00,11.87
2024-09-01 18:00:00,0.0
2024-09-01 19:00:00,0.0
2024-09-01 20:00:00,0.0
2024-09-01 21:00:00,0.0
2024-09-01 22:00:00,0.0
2024-09-01 23:00:00,0.0
2024-09-02 00:00:00,0.0
2024-09-02 01:00:00,0.0
2024-09-02 02:00:00,0.0
2024-09-02 03:00:00,0.0
2024-09-02 04:00:00,0.0
2024-09-02 05:00:00,0.0
2024-09-02 06:00:00,6.0
2024-09-02 07:00:00,30.04
2024-09-02 08:00:00,95.15
2024-09-02 09:00:00,292.74
2024-09-02 10:00:00,343.52
2024-09-02 11:00:00,381.3
2024-09-02 12:00:00,142.91
2024-09-02 13:00:00,172.31
2024-09-02 14:00:00,208.39
2024-09-02 15:00:00,93.76
2024-09-02 16:00:00,37.79
2024-09-02 17:00:00,8.11
2024-09-02 18:00:00,0.0
2024-09-02 19:00:00,0.0
2024-09-02 20:00:00,0.0
2024-09-02 21:00:00,0.0
2024-09-02 22:00:00,0.0
2024-09-02 23:00:00,0.0
2024-09-03 00:00:00,0.0
2024-09-03 01:00:00,0.0
2024-09-03 02:00:00,0.0
2024-09-03 03:00:00,0.0
2024-09-03 04:00:00,0.0
2024-09-03 05:00:00,0.0
2024-09-03 06:00:00,25.8
2024-09-03 07:00:00,71.53
2024-09-03 08:00:00,140.97
2024-09-03 09:00:00,210.86
2024-09-03 10:00:00,326.84
2024-09-03 11:00:00,242.29
2024-09-03 12:00:00,274.16
2024-09-03 13:00:00,106.44
2024-09-03 14:00:00,183.92
2024-09-03 15:00:00,108.43
2024-09-03 16:00:00,46.28
2024-09-03 17:00:00,9.89
2024-09-03 18:00:00,0.0
2024-09-03 19:00:00,0.0
2024-09-03 20:00:00,0.0
2024-09-03 21:00:00,0.0
2024-09-03 22:00:00,0.0
2024-09-03 23:00:00,0.0
2024-09-04 00:00:00,0.0
2024-09-04 01:00:00,0.0
2024-09-04 02:00:00,0.0
2024-09-04 03:00:00,0.0
2024-09-04 04:00:00,0.0
2024-09-04 05:00:00,0.0
2024-09-04 06:00:00,5.05
2024-09-04 07:00:00,8.01
2024-09-04 08:00:00,32.56
2024-09-04 09:00:00,28.58
2024-09-04 10:00:00,34.34
2024-09-04 11:00:00,9.72
2024-09-04 12:00:00,48.07
2024-09-04 13:00:00,96.38
2024-09-04 14:00:00,87.94
2024-09-04 15:00:00,10.67
2024-09-04 16:00:00,1.67
2024-09-04 17:00:00,0.0
2024-09-04 18:00:00,0.0
2024-09-04 19:00:00,0.0
2024-09-04 20:00:00,0.0
2024-09-04 21:00:00,0.0
2024-09-04 22:00:00,0.0
2024-09-04 23:00:00,0.0
2024-09-05 00:00:00,0.0
2024-09-05 01:00:00,0.0
2024-09-05 02:00:00,0.0
2024-09-05 03:00:00,0.0
2024-09-05 04:00:00,0.0
2024-09-05 05:00:00,0.0
2024-09-05 06:00:00,10.49
2024-09-05 07:00:00,26.2
2024-09-05 08:00:00,57.78
2024-09-05 09:00:00,44.61
2024-09-05 10:00:00,210.11
2024-09-05 11:00:00,198.98
2024-09-05 12:00:00,109.68
2024-09-05 13:00:00,111.98
2024-09-05 14:00:00,238.64
2024-09-05 15:00:00,150.69
2024-09-05 16:00:00,52.84
2024-09-05 17:00:00,9.97
2024-09-05 18:00:00,0.0
2024-09-05 19:00:00,0.0
2024-09-05 20:00:00,0.0
2024-09-05 21:00:00,0.0
2024-09-05 22:00:00,0.0
2024-09-05 23:00:00,0.0
2024-09-06 00:00:00,0.0
2024-09-06 01:00:00,0.0
2024-09-06 02:00:00,0.0
2024-09-06 03:00:00,0.0
2024-09-06 04:00:00,0.0
2024-09-06 05:00:00,0.0
2024-09-06 06:00:00,16.77
2024-09-06 07:00:00,59.22
2024-09-06 08:00:00,130.87
2024-09-06 09:00:00,100.91
2024-09-06 10:00:00,71.82
2024-09-06 11:00:00,180.03
2024-09-06 12:00:00,157.37
2024-09-06 13:00:00,197.31
2024-09-06 14:00:00,95.76
2024-09-06 15:00:00,44.47
2024-09-06 16:00:00,19.37
2024-09-06 17:00:00,0.83
2024-09-06 18:00:00,0.0
2024-09-06 19:00:00,0.0
2024-09-06 20:00:00,0.0
2024-09-06 21:00:00,0.0
2024-09-06 22:00:00,0.0
2024-09-06 23:00:00,0.0
2024-09-07 00:00:00,0.0
2024-09-07 01:00:00,0.0
2024-09-07 02:00:00,0.0
2024-09-07 03:00:00,0.0
2024-09-07 04:00:00,0.0
2024-09-07 05:00:00,0.0
2024-09-07 06:00:00,10.42
2024-09-07 07:00:00,10.55
2024-09-07 08:00:00,5.33
2024-09-07 09:00:00,36.49
2024-09-07 10:00:00,43.65
2024-09-07 11:00:00,14.78
2024-09-07 12:00:00,104.14
2024-09-07 13:00:00,140.45
2024-09-07 14:00:00,129.96
2024-09-07 15:00:00,136.29
2024-09-07 16:00:00,58.72
2024-09-07 17:00:00,10.47
2024-09-07 18:00:00,0.0
2024-09-07 19:00:00,0.0
2024-09-07 20:00:00,0.0
2024-09-07 21:00:00,0.0
2024-09-07 22:00:00,0.0
2024-09-07 23:00:00,0.0
2024-09-08 00:00:00,0.0
2024-09-08 01:00:00,0.0
2024-09-08 02:00:00,0.0
2024-09-08 03:00:00,0.0
2024-09-08 04:00:00,0.0
2024-09-08 05:00:00,0.0
2024-09-08 06:00:00,15.42
2024-09-08 07:00:00,44.69
2024-09-08 08:00:00,109.68
2024-09-08 09:00:00,126.11
2024-09-08 10:00:00,128.97
2024-09-08 11:00:00,266.47
2024-09-08 12:00:00,190.22
2024-09-08 13:00:00,277.23
2024-09-08 14:00:00,328.41
2024-09-08 15:00:00,257.44
2024-09-08 16:00:00,125.35
2024-09-08 17:00:00,26.59
2024-09-08 18:00:00,0.0
2024-09-08 19:00:00,0.0
2024-09-08 20:00:00,0.0
2024-09-08 21:00:00,0.0
2024-09-08 22:00:00,0.0
2024-09-08 23:00:00,0.0
2024-09-09 00:00:00,0.0
2024-09-09 01:00:00,0.0
2024-09-09 02:00:00,0.0
2024-09-09 03:00:00,0.0
2024-09-09 04:00:00,0.0
2024-09-09 05:00:00,0.0
2024-09-09 06:00:00,74.61
2024-09-09 07:00:00,156.14
2024-09-09 08:00:00,185.51
2024-09-09 09:00:00,280.14
2024-09-09 10:00:00,298.63
2024-09-09 11:00:00,292.53
2024-09-09 12:00:00,220.29
2024-09-09 13:00:00,301.64
2024-09-09 14:00:00,273.97
2024-09-09 15:00:00,172.5
2024-09-09 16:00:00,63.98
2024-09-09 17:00:00,9.51
2024-09-09 18:00:00,0.0
2024-09-09 19:00:00,0.0
2024-09-09 20:00:00,0.0
2024-09-09 21:00:00,0.0
2024-09-09 22:00:00,0.0
2024-09-09 23:00:00,0.0
2024-09-10 00:00:00,0.0
2024-09-10 01:00:00,0.0
2024-09-10 02:00:00,0.0
2024-09-10 03:00:00,0.0
2024-09-10 04:00:00,0.0
2024-09-10 05:00:00,0.0
2024-09-10 06:00:00,27.82
2024-09-10 07:00:00,108.48
2024-09-10 08:00:00,152.53
2024-09-10 09:00:00,228.02
2024-09-10 10:00:00,238.14
2024-09-10 11:00:00,281.77
2024-09-10 12:00:00,180.77
2024-09-10 13:00:00,120.63
2024-09-10 14:00:00,30.22
2024-09-10 15:00:00,25.7
2024-09-10 16:00:00,10.37
2024-09-10 17:00:00,2.49
2024-09-10 18:00:00,0.0
2024-09-10 19:00:00,0.0
2024-09-10 20:00:00,0.0
2024-09-10 21:00:00,0.0
2024-09-10 22:00:00,0.0
2024-09-10 23:00:00,0.0
2024-09-11 00:00:00,0.0
2024-09-11 01:00:00,0.0
2024-09-11 02:00:00,0.0
2024-09-11 03:00:00,0.0
2024-09-11 04:00:00,0.0
2024-09-11 05:00:00,0.0
2024-09-11 06:00:00,12.67
2024-09-11 07:00:00,66.8
2024-09-11 08:00:00,171.07
2024-09-11 09:00:00,76.64
2024-09-11 10:00:00,51.11
2024-09-11 11:00:00,9.03
2024-09-11 12:00:00,18.22
2024-09-11 13:00:00,10.32
2024-09-11 14:00:00,117.34
2024-09-11 15:00:00,65.62
2024-09-11 16:00:00,30.81
2024-09-11 17:00:00,5.31
2024-09-11 18:00:00,0.0
2024-09-11 19:00:00,0.0
2024-09-11 20:00:00,0.0
2024-09-11 21:00:00,0.0
2024-09-11 22:00:00,0.0
2024-09-11 23:00:00,0.0
2024-09-12 00:00:00,0.0
2024-09-12 01:00:00,0.0
2024-09-12 02:00:00,0.0
2024-09-12 03:00:00,0.0
2024-09-12 04:00:00,0.0
2024-09-12 05:00:00,0.0
2024-09-12 06:00:00,4.12
2024-09-12 07:00:00,6.52
2024-09-12 08:00:00,10.14
2024-09-12 09:00:00,20.27
2024-09-12 10:00:00,35.97
2024-09-12 11:00:00,89.47
2024-09-12 12:00:00,80.4
2024-09-12 13:00:00,129.35
2024-09-12 14:00:00,108.0
2024-09-12 15:00:00,31.25
2024-09-12 16:00:00,13.73
2024-09-12 17:00:00,1.56
2024-09-12 18:00:00,0.0
2024-09-12 19:00:00,0.0
2024-09-12 20:00:00,0.0
2024-09-12 21:00:00,0.0
2024-09-12 22:00:00,0.0
2024-09-12 23:00:00,0.0
2024-09-13 00:00:00,0.0
2024-09-13 01:00:00,0.0
2024-09-13 02:00:00,0.0
2024-09-13 03:00:00,0.0
2024-09-13 04:00:00,0.0
2024-09-13 05:00:00,0.0
2024-09-13 06:00:00,14.36
2024-09-13 07:00:00,58.55
2024-09-13 08:00:00,128.16
2024-09-13 09:00:00,146.23
2024-09-13 10:00:00,190.59
2024-09-13 11:00:00,178.57
2024-09-13 12:00:00,194.51
2024-09-13 13:00:00,232.4
2024-09-13 14:00:00,239.26
2024-09-13 15:00:00,182.01
2024-09-13 16:00:00,75.22
2024-09-13 17:00:00,7.63
2024-09-13 18:00:00,0.0
2024-09-13 19:00:00,0.0
2024-09-13 20:00:00,0.0
2024-09-13 21:00:00,0.0
2024-09-13 22:00:00,0.0
2024-09-13 23:00:00,0.0
2024-09-14 00:00:00,0.0
2024-09-14 01:00:00,0.0
2024-09-14 02:00:00,0.0
2024-09-14 03:00:00,0.0
2024-09-14 04:00:00,0.0
2024-09-14 05:00:00,0.0
2024-09-14 06:00:00,18.72
2024-09-14 07:00:00,107.78
2024-09-14 08:00:00,271.74
2024-09-14 09:00:00,228.05
2024-09-14 10:00:00,334.61
2024-09-14 11:00:00,424.49
2024-09-14 12:00:00,402.88
2024-09-14 13:00:00,422.69
2024-09-14 14:00:00,469.93
2024-09-14 15:00:00,382.5
2024-09-14 16:00:00,198.01
2024-09-14 17:00:00,18.57
2024-09-14 18:00:00,0.0
2024-09-14 19:00:00,0.0
2024-09-14 20:00:00,0.0
2024-09-14 21:00:00,0.0
2024-09-14 22:00:00,0.0
2024-09-14 23:00:00,0.0
2024-09-15 00:00:00,0.0
2024-09-15 01:00:00,0.0
2024-09-15 02:00:00,0.0
2024-09-15 03:00:00,0.0
2024-09-15 04:00:00,0.0
2024-09-15 05:00:00,0.0
2024-09-15 06:00:00,51.62
2024-09-15 07:00:00,250.96
2024-09-15 08:00:00,482.93
2024-09-15 09:00:00,575.44
2024-09-15 10:00:00,644.86
2024-09-15 11:00:00,582.43
2024-09-15 12:00:00,577.85
2024-09-15 13:00:00,527.8
2024-09-15 14:00:00,511.67
2024-09-15 15:00:00,407.78
2024-09-15 16:00:00,193.84
2024-09-15 17:00:00,16.66
2024-09-15 18:00:00,0.0
2024-09-15 19:00:00,0.0
2024-09-15 20:00:00,0.0
2024-09-15 21:00:00,0.0
2024-09-15 22:00:00,0.0
2024-09-15 23:00:00,0.0
2024-09-16 00:00:00,0.0
2024-09-16 01:00:00,0.0
2024-09-16 02:00:00,0.0
2024-09-16 03:00:00,0.0
2024-09-16 04:00:00,0.0
2024-09-16 05:00:00,0.0
2024-09-16 06:00:00,30.25
2024-09-16 07:00:00,160.23
2024-09-16 08:00:00,324.91
2024-09-16 09:00:00,499.08
2024-09-16 10:00:00,609.89
2024-09-16 11:00:00,630.17
2024-09-16 12:00:00,594.35
2024-09-16 13:00:00,561.76
2024-09-16 14:00:00,545.28
2024-09-16 15:00:00,443.44
2024-09-16 16:00:00,204.05
2024-09-16 17:00:00,15.2
2024-09-16 18:00:00,0.0
2024-09-16 19:00:00,0.0
2024-09-16 20:00:00,0.0
2024-09-16 21:00:00,0.0
2024-09-16 22:00:00,0.0
2024-09-16 23:00:00,0.0
2024-09-17 00:00:00,0.0
2024-09-17 01:00:00,0.0
2024-09-17 02:00:00,0.0
2024-09-17 03:00:00,0.0
2024-09-17 04:00:00,0.0
2024-09-17 05:00:00,0.0
2024-09-17 06:00:00,42.99
2024-09-17 07:00:00,198.29
2024-09-17 08:00:00,364.87
2024-09-17 09:00:00,353.83
2024-09-17 10:00:00,145.83
2024-09-17 11:00:00,237.56
2024-09-17 12:00:00,255.5
2024-09-17 13:00:00,174.62
2024-09-17 14:00:00,214.72
2024-09-17 15:00:00,228.03
2024-09-17 16:00:00,118.3
2024-09-17 17:00:00,9.92
2024-09-17 18:00:00,0.0
2024-09-17 19:00:00,0.0
2024-09-17 20:00:00,0.0
2024-09-17 21:00:00,0.0
2024-09-17 22:00:00,0.0
2024-09-17 23:00:00,0.0
2024-09-18 00:00:00,0.0
2024-09-18 01:00:00,0.0
2024-09-18 02:00:00,0.0
2024-09-18 03:00:00,0.0
2024-09-18 04:00:00,0.0
2024-09-18 05:00:00,0.0
2024-09-18 06:00:00,45.55
2024-09-18 07:00:00,160.34
2024-09-18 08:00:00,327.34
2024-09-18 09:00:00,414.17
2024-09-18 10:00:00,390.87
2024-09-18 11:00:00,392.68
2024-09-18 12:00:00,267.88
2024-09-18 13:00:00,293.05
2024-09-18 14:00:00,230.58
2024-09-18 15:00:00,208.73
2024-09-18 16:00:00,71.02
2024-09-18 17:00:00,11.07
2024-09-18 18:00:00,0.0
2024-09-18 19:00:00,0.0
2024-09-18 20:00:00,0.0
2024-09-18 21:00:00,0.0
2024-09-18 22:00:00,0.0
2024-09-18 23:00:00,0.0
2024-09-19 00:00:00,0.0
2024-09-19 01:00:00,0.0
2024-09-19 02:00:00,0.0
2024-09-19 03:00:00,0.0
2024-09-19 04:00:00,0.0
2024-09-19 05:00:00,0.0
2024-09-19 06:00:00,19.0
2024-09-19 07:00:00,45.02
2024-09-19 08:00:00,29.39
2024-09-19 09:00:00,80.64
2024-09-19 10:00:00,155.06
2024-09-19 11:00:00,244.92
2024-09-19 12:00:00,119.59
2024-09-19 13:00:00,172.54
2024-09-19 14:00:00,187.76
2024-09-19 15:00:00,146.76
2024-09-19 16:00:00,127.93
2024-09-19 17:00:00,23.56
2024-09-19 18:00:00,0.0
2024-09-19 19:00:00,0.0
2024-09-19 20:00:00,0.0
2024-09-19 21:00:00,0.0
2024-09-19 22:00:00,0.0
2024-09-19 23:00:00,0.0
2024-09-20 00:00:00,0.0
2024-09-20 01:00:00,0.0
2024-09-20 02:00:00,0.0
2024-09-20 03:00:00,0.0
2024-09-20 04:00:00,0.0
2024-09-20 05:00:00,0.0
2024-09-20 06:00:00,62.67
2024-09-20 07:00:00,199.57
2024-09-20 08:00:00,266.75
2024-09-20 09:00:00,388.87
2024-09-20 10:00:00,279.82
2024-09-20 11:00:00,181.27
2024-09-20 12:00:00,161.98
2024-09-20 13:00:00,132.37
2024-09-20 14:00:00,67.61
2024-09-20 15:00:00,85.91
2024-09-20 16:00:00,31.14
2024-09-20 17:00:00,3.92
2024-09-20 18:00:00,0.0
2024-09-20 19:00:00,0.0
2024-09-20 20:00:00,0.0
2024-09-20 21:00:00,0.0
2024-09-20 22:00:00,0.0
2024-09-20 23:00:00,0.0
2024-09-21 00:00:00,0.0
2024-09-21 01:00:00,0.0
2024-09-21 02:00:00,0.0
2024-09-21 03:00:00,0.0
2024-09-21 04:00:00,0.0
2024-09-21 05:00:00,0.0
2024-09-21 06:00:00,33.41
2024-09-21 07:00:00,157.48
2024-09-21 08:00:00,281.27
2024-09-21 09:00:00,270.71
2024-09-21 10:00:00,253.66
2024-09-21 11:00:00,315.39
2024-09-21 12:00:00,366.19
2024-09-21 13:00:00,484.93
2024-09-21 14:00:00,472.76
2024-09-21 15:00:00,453.06
2024-09-21 16:00:00,223.44
2024-09-21 17:00:00,26.3
2024-09-21 18:00:00,0.0
2024-09-21 19:00:00,0.0
2024-09-21 20:00:00,0.0
2024-09-21 21:00:00,0.0
2024-09-21 22:00:00,0.0
2024-09-21 23:00:00,0.0
2024-09-22 00:00:00,0.0
2024-09-22 01:00:00,0.0
2024-09-22 02:00:00,0.0
2024-09-22 03:00:00,0.0
2024-09-22 04:00:00,0.0
2024-09-22 05:00:00,0.0
2024-09-22 06:00:00,87.95
2024-09-22 07:00:00,331.34
2024-09-22 08:00:00,545.28
2024-09-22 09:00:00,647.88
2024-09-22 10:00:00,703.9
2024-09-22 11:00:00,605.34
2024-09-22 12:00:00,532.05
2024-09-22 13:00:00,537.99
2024-09-22 14:00:00,444.47
2024-09-22 15:00:00,364.3
2024-09-22 16:00:00,172.11
2024-09-22 17:00:00,10.47
2024-09-22 18:00:00,0.0
2024-09-22 19:00:00,0.0
2024-09-22 20:00:00,0.0
2024-09-22 21:00:00,0.0
2024-09-22 22:00:00,0.0
2024-09-22 23:00:00,0.0
2024-09-23 00:00:00,0.0
2024-09-23 01:00:00,0.0
2024-09-23 02:00:00,0.0
2024-09-23 03:00:00,0.0
2024-09-23 04:00:00,0.0
2024-09-23 05:00:00,0.0
2024-09-23 06:00:00,64.79
2024-09-23 07:00:00,283.03
2024-09-23 08:00:00,495.78
2024-09-23 09:00:00,663.5
2024-09-23 10:00:00,644.34
2024-09-23 11:00:00,620.68
2024-09-23 12:00:00,587.58
2024-09-23 13:00:00,574.53
2024-09-23 14:00:00,527.94
2024-09-23 15:00:00,458.13
2024-09-23 16:00:00,259.81
2024-09-23 17:00:00,25.85
2024-09-23 18:00:00,0.0
2024-09-23 19:00:00,0.0
2024-09-23 20:00:00,0.0
2024-09-23 21:00:00,0.0
2024-09-23 22:00:00,0.0
2024-09-23 23:00:00,0.0
2024-09-24 00:00:00,0.0
2024-09-24 01:00:00,0.0
2024-09-24 02:00:00,0.0
2024-09-24 03:00:00,0.0
2024-09-24 04:00:00,0.0
2024-09-24 05:00:00,0.0
2024-09-24 06:00:00,41.23
2024-09-24 07:00:00,187.83
2024-09-24 08:00:00,358.82
2024-09-24 09:00:00,520.48
2024-09-24 10:00:00,633.67
2024-09-24 11:00:00,506.31
2024-09-24 12:00:00,460.18
2024-09-24 13:00:00,445.79
2024-09-24 14:00:00,408.53
2024-09-24 15:00:00,279.18
2024-09-24 16:00:00,118.0
2024-09-24 17:00:00,3.59
2024-09-24 18:00:00,0.0
2024-09-24 19:00:00,0.0
2024-09-24 20:00:00,0.0
2024-09-24 21:00:00,0.0
2024-09-24 22:00:00,0.0
2024-09-24 23:00:00,0.0
2024-09-25 00:00:00,0.0
2024-09-25 01:00:00,0.0
2024-09-25 02:00:00,0.0
2024-09-25 03:00:00,0.0
2024-09-25 04:00:00,0.0
2024-09-25 05:00:00,0.0
2024-09-25 06:00:00,33.9
2024-09-25 07:00:00,209.46
2024-09-25 08:00:00,375.76
2024-09-25 09:00:00,508.7
2024-09-25 10:00:00,546.28
2024-09-25 11:00:00,473.51
2024-09-25 12:00:00,413.58
2024-09-25 13:00:00,377.64
2024-09-25 14:00:00,329.08
2024-09-25 15:00:00,260.93
2024-09-25 16:00:00,120.44
2024-09-25 17:00:00,6.26
2024-09-25 18:00:00,0.0
2024-09-25 19:00:00,0.0
2024-09-25 20:00:00,0.0
2024-09-25 21:00:00,0.0
2024-09-25 22:00:00,0.0
2024-09-25 23:00:00,0.0
2024-09-26 00:00:00,0.0
2024-09-26 01:00:00,0.0
2024-09-26 02:00:00,0.0
2024-09-26 03:00:00,0.0
2024-09-26 04:00:00,0.0
2024-09-26 05:00:00,0.0
2024-09-26 06:00:00,13.05
2024-09-26 07:00:00,90.79
2024-09-26 08:00:00,196.78
2024-09-26 09:00:00,248.44
2024-09-26 10:00:00,287.86
2024-09-26 11:00:00,468.09
2024-09-26 12:00:00,508.83
2024-09-26 13:00:00,431.72
2024-09-26 14:00:00,373.39
2024-09-26 15:00:00,241.8
2024-09-26 16:00:00,93.71
2024-09-26 17:00:00,6.81
2024-09-26 18:00:00,0.0
2024-09-26 19:00:00,0.0
2024-09-26 20:00:00,0.0
2024-09-26 21:00:00,0.0
2024-09-26 22:00:00,0.0
2024-09-26 23:00:00,0.0
2024-09-27 00:00:00,0.0
2024-09-27 01:00:00,0.0
2024-09-27 02:00:00,0.0
2024-09-27 03:00:00,0.0
2024-09-27 04:00:00,0.0
2024-09-27 05:00:00,0.0
2024-09-27 06:00:00,21.42
2024-09-27 07:00:00,112.01
2024-09-27 08:00:00,253.67
2024-09-27 09:00:00,230.09
2024-09-27 10:00:00,374.43
2024-09-27 11:00:00,382.85
2024-09-27 12:00:00,372.08
2024-09-27 13:00:00,526.17
2024-09-27 14:00:00,579.35
2024-09-27 15:00:00,409.83
2024-09-27 16:00:00,236.38
2024-09-27 17:00:00,23.29
2024-09-27 18:00:00,0.0
2024-09-27 19:00:00,0.0
2024-09-27 20:00:00,0.0
2024-09-27 21:00:00,0.0
2024-09-27 22:00:00,0.0
2024-09-27 23:00:00,0.0
2024-09-28 00:00:00,0.0
2024-09-28 01:00:00,0.0
2024-09-28 02:00:00,0.0
2024-09-28 03:00:00,0.0
2024-09-28 04:00:00,0.0
2024-09-28 05:00:00,0.0
2024-09-28 06:00:00,28.61
2024-09-28 07:00:00,187.01
2024-09-28 08:00:00,347.37
2024-09-28 09:00:00,480.91
2024-09-28 10:00:00,553.35
2024-09-28 11:00:00,557.07
2024-09-28 12:00:00,533.18
2024-09-28 13:00:00,497.18
2024-09-28 14:00:00,479.91
2024-09-28 15:00:00,349.94
2024-09-28 16:00:00,159.05
2024-09-28 17:00:00,13.06
2024-09-28 18:00:00,0.0
2024-09-28 19:00:00,0.0
2024-09-28 20:00:00,0.0
2024-09-28 21:00:00,0.0
2024-09-28 22:00:00,0.0
2024-09-28 23:00:00,0.0
2024-09-29 00:00:00,0.0
2024-09-29 01:00:00,0.0
2024-09-29 02:00:00,0.0
2024-09-29 03:00:00,0.0
2024-09-29 04:00:00,0.0
2024-09-29 05:00:00,0.0
2024-09-29 06:00:00,26.69
2024-09-29 07:00:00,160.71
2024-09-29 08:00:00,286.25
2024-09-29 09:00:00,439.22
2024-09-29 10:00:00,580.85
2024-09-29 11:00:00,655.44
2024-09-29 12:00:00,537.8
2024-09-29 13:00:00,457.96
2024-09-29 14:00:00,476.96
2024-09-29 15:00:00,350.17
2024-09-29 16:00:00,155.66
2024-09-29 17:00:00,11.41
2024-09-29 18:00:00,0.0
2024-09-29 19:00:00,0.0
2024-09-29 20:00:00,0.0
2024-09-29 21:00:00,0.0
2024-09-29 22:00:00,0.0
2024-09-29 23:00:00,0.0
2024-09-30 00:00:00,0.0
2024-09-30 01:00:00,0.0
2024-09-30 02:00:00,0.0
2024-09-30 03:00:00,0.0
2024-09-30 04:00:00,0.0
2024-09-30 05:00:00,0.0
2024-09-30 06:00:00,32.05
2024-09-30 07:00:00,198.43
2024-09-30 08:00:00,384.63
2024-09-30 09:00:00,561.58
2024-09-30 10:00:00,604.62
2024-09-30 11:00:00,567.69
2024-09-30 12:00:00,521.7
2024-09-30 13:00:00,486.2
2024-09-30 14:00:00,392.46
2024-09-30 15:00:00,271.14
2024-09-30 16:00:00,114.53
2024-09-30 17:00:00,3.78
2024-09-30 18:00:00,0.0
2024-09-30 19:00:00,0.0
2024-09-30 20:00:00,0.0
2024-09-30 21:00:00,0.0
2024-09-30 22:00:00,0.0
2024-09-30 23:00:00,0.0
2024-10-01 00:00:00,0.0
2024-10-01 01:00:00,0.0
2024-10-01 02:00:00,0.0
2024-10-01 03:00:00,0.0
2024-10-01 04:00:00,0.0
2024-10-01 05:00:00,0.0
2024-10-01 06:00:00,13.24
2024-10-01 07:00:00,99.85
2024-10-01 08:00:00,250.82
2024-10-01 09:00:00,384.85
2024-10-01 10:00:00,435.73
2024-10-01 11:00:00,599.25
2024-10-01 12:00:00,645.72
2024-10-01 13:00:00,695.98
2024-10-01 14:00:00,552.1
2024-10-01 15:00:00,356.63
2024-10-01 16:00:00,153.76
2024-10-01 17:00:00,4.51
2024-10-01 18:00:00,0.0
2024-10-01 19:00:00,0.0
2024-10-01 20:00:00,0.0
2024-10-01 21:00:00,0.0
2024-10-01 22:00:00,0.0
2024-10-01 23:00:00,0.0
2024-10-02 00:00:00,0.0
2024-10-02 01:00:00,0.0
2024-10-02 02:00:00,0.0
2024-10-02 03:00:00,0.0
2024-10-02 04:00:00,0.0
2024-10-02 05:00:00,0.0
2024-10-02 06:00:00,31.39
2024-10-02 07:00:00,200.67
2024-10-02 08:00:00,318.24
2024-10-02 09:00:00,483.52
2024-10-02 10:00:00,535.33
2024-10-02 11:00:00,657.15
2024-10-02 12:00:00,737.12
2024-10-02 13:00:00,801.75
2024-10-02 14:00:00,654.8
2024-10-02 15:00:00,446.84
2024-10-02 16:00:00,216.98
2024-10-02 17:00:00,12.52
2024-10-02 18:00:00,0.0
2024-10-02 19:00:00,0.0
2024-10-02 20:00:00,0.0
2024-10-02 21:00:00,0.0
2024-10-02 22:00:00,0.0
2024-10-02 23:00:00,0.0
2024-10-03 00:00:00,0.0
2024-10-03 01:00:00,0.0
2024-10-03 02:00:00,0.0
2024-10-03 03:00:00,0.0
2024-10-03 04:00:00,0.0
2024-10-03 05:00:00,0.0
2024-10-03 06:00:00,43.73
2024-10-03 07:00:00,188.21
2024-10-03 08:00:00,383.27
2024-10-03 09:00:00,540.52
2024-10-03 10:00:00,613.57
2024-10-03 11:00:00,760.93
2024-10-03 12:00:00,850.04
2024-10-03 13:00:00,738.06
2024-10-03 14:00:00,586.68
2024-10-03 15:00:00,450.52
2024-10-03 16:00:00,241.4
2024-10-03 17:00:00,15.31
2024-10-03 18:00:00,0.0
2024-10-03 19:00:00,0.0
2024-10-03 20:00:00,0.0
2024-10-03 21:00:00,0.0
2024-10-03 22:00:00,0.0
2024-10-03 23:00:00,0.0
2024-10-04 00:00:00,0.0
2024-10-04 01:00:00,0.0
2024-10-04 02:00:00,0.0
2024-10-04 03:00:00,0.0
2024-10-04 04:00:00,0.0
2024-10-04 05:00:00,0.0
2024-10-04 06:00:00,60.73
2024-10-04 07:00:00,358.54
2024-10-04 08:00:00,601.02
2024-10-04 09:00:00,761.66
2024-10-04 10:00:00,803.83
2024-10-04 11:00:00,857.87
2024-10-04 12:00:00,852.65
2024-10-04 13:00:00,735.08
2024-10-04 14:00:00,605.89
2024-10-04 15:00:00,426.76
2024-10-04 16:00:00,178.67
2024-10-04 17:00:00,11.81
2024-10-04 18:00:00,0.0
2024-10-04 19:00:00,0.0
2024-10-04 20:00:00,0.0
2024-10-04 21:00:00,0.0
2024-10-04 22:00:00,0.0
2024-10-04 23:00:00,0.0
2024-10-05 00:00:00,0.0
2024-10-05 01:00:00,0.0
2024-10-05 02:00:00,0.0
2024-10-05 03:00:00,0.0
2024-10-05 04:00:00,0.0
2024-10-05 05:00:00,0.0
2024-10-05 06:00:00,89.16
2024-10-05 07:00:00,390.33
2024-10-05 08:00:00,695.72
2024-10-05 09:00:00,778.68
2024-10-05 10:00:00,807.65
2024-10-05 11:00:00,784.98
2024-10-05 12:00:00,788.55
2024-10-05 13:00:00,708.47
2024-10-05 14:00:00,679.09
2024-10-05 15:00:00,458.58
2024-10-05 16:00:00,181.63
2024-10-05 17:00:00,3.84
2024-10-05 18:00:00,0.0
2024-10-05 19:00:00,0.0
2024-10-05 20:00:00,0.0
2024-10-05 21:00:00,0.0
2024-10-05 22:00:00,0.0
2024-10-05 23:00:00,0.0
2024-10-06 00:00:00,0.0
2024-10-06 01:00:00,0.0
2024-10-06 02:00:00,0.0
2024-10-06 03:00:00,0.0
2024-10-06 04:00:00,0.0
2024-10-06 05:00:00,0.0
2024-10-06 06:00:00,37.79
2024-10-06 07:00:00,284.02
2024-10-06 08:00:00,547.84
2024-10-06 09:00:00,687.8
2024-10-06 10:00:00,726.37
2024-10-06 11:00:00,587.79
2024-10-06 12:00:00,453.95
2024-10-06 13:00:00,413.17
2024-10-06 14:00:00,261.27
2024-10-06 15:00:00,154.76
2024-10-06 16:00:00,67.97
2024-10-06 17:00:00,0.96
2024-10-06 18:00:00,0.0
2024-10-06 19:00:00,0.0
2024-10-06 20:00:00,0.0
2024-10-06 21:00:00,0.0
2024-10-06 22:00:00,0.0
2024-10-06 23:00:00,0.0
2024-10-07 00:00:00,0.0
2024-10-07 01:00:00,0.0
2024-10-07 02:00:00,0.0
2024-10-07 03:00:00,0.0
2024-10-07 04:00:00,0.0
2024-10-07 05:00:00,0.0
2024-10-07 06:00:00,21.96
2024-10-07 07:00:00,169.5
2024-10-07 08:00:00,359.56
2024-10-07 09:00:00,520.29
2024-10-07 10:00:00,659.16
2024-10-07 11:00:00,738.99
2024-10-07 12:00:00,696.24
2024-10-07 13:00:00,644.83
2024-10-07 14:00:00,541.01
2024-10-07 15:00:00,373.47
2024-10-07 16:00:00,185.82
2024-10-07 17:00:00,2.88
2024-10-07 18:00:00,0.0
2024-10-07 19:00:00,0.0
2024-10-07 20:00:00,0.0
2024-10-07 21:00:00,0.0
2024-10-07 22:00:00,0.0
2024-10-07 23:00:00,0.0
2024-10-08 00:00:00,0.0
2024-10-08 01:00:00,0.0
2024-10-08 02:00:00,0.0
2024-10-08 03:00:00,0.0
2024-10-08 04:00:00,0.0
2024-10-08 05:00:00,0.0
2024-10-08 06:00:00,49.75
2024-10-08 07:00:00,292.88
2024-10-08 08:00:00,512.89
2024-10-08 09:00:00,642.7
2024-10-08 10:00:00,591.63
2024-10-08 11:00:00,645.77
2024-10-08 12:00:00,661.7
2024-10-08 13:00:00,660.23
2024-10-08 14:00:00,600.98
2024-10-08 15:00:00,392.12
2024-10-08 16:00:00,165.12
2024-10-08 17:00:00,2.29
2024-10-08 18:00:00,0.0
2024-10-08 19:00:00,0.0
2024-10-08 20:00:00,0.0
2024-10-08 21:00:00,0.0
2024-10-08 22:00:00,0.0
2024-10-08 23:00:00,0.0
2024-10-09 00:00:00,0.0
2024-10-09 01:00:00,0.0
2024-10-09 02:00:00,0.0
2024-10-09 03:00:00,0.0
2024-10-09 04:00:00,0.0
2024-10-09 05:00:00,0.0
2024-10-09 06:00:00,47.49
2024-10-09 07:00:00,303.46
2024-10-09 08:00:00,496.36
2024-10-09 09:00:00,584.41
2024-10-09 10:00:00,630.11
2024-10-09 11:00:00,727.41
2024-10-09 12:00:00,688.24
2024-10-09 13:00:00,587.2
2024-10-09 14:00:00,499.21
2024-10-09 15:00:00,361.64
2024-10-09 16:00:00,159.91
2024-10-09 17:00:00,3.93
2024-10-09 18:00:00,0.0
2024-10-09 19:00:00,0.0
2024-10-09 20:00:00,0.0
2024-10-09 21:00:00,0.0
2024-10-09 22:00:00,0.0
2024-10-09 23:00:00,0.0
2024-10-10 00:00:00,0.0
2024-10-10 01:00:00,0.0
2024-10-10 02:00:00,0.0
2024-10-10 03:00:00,0.0
2024-10-10 04:00:00,0.0
2024-10-10 05:00:00,0.0
2024-10-10 06:00:00,44.85
2024-10-10 07:00:00,256.42
2024-10-10 08:00:00,484.14
2024-10-10 09:00:00,559.7
2024-10-10 10:00:00,524.05
2024-10-10 11:00:00,399.27
2024-10-10 12:00:00,296.27
2024-10-10 13:00:00,197.11
2024-10-10 14:00:00,144.3
2024-10-10 15:00:00,68.59
2024-10-10 16:00:00,26.43
2024-10-10 17:00:00,0.0
2024-10-10 18:00:00,0.0
2024-10-10 19:00:00,0.0
2024-10-10 20:00:00,0.0
2024-10-10 21:00:00,0.0
2024-10-10 22:00:00,0.0
2024-10-10 23:00:00,0.0
2024-10-11 00:00:00,0.0
2024-10-11 01:00:00,0.0
2024-10-11 02:00:00,0.0
2024-10-11 03:00:00,0.0
2024-10-11 04:00:00,0.0
2024-10-11 05:00:00,0.0
2024-10-11 06:00:00,23.11
2024-10-11 07:00:00,170.44
2024-10-11 08:00:00,334.15
2024-10-11 09:00:00,441.06
2024-10-11 10:00:00,414.73
2024-10-11 11:00:00,482.49
2024-10-11 12:00:00,393.94
2024-10-11 13:00:00,292.52
2024-10-11 14:00:00,216.73
2024-10-11 15:00:00,112.21
2024-10-11 16:00:00,38.37
2024-10-11 17:00:00,1.53
2024-10-11 18:00:00,0.0
2024-10-11 19:00:00,0.0
2024-10-11 20:00:00,0.0
2024-10-11 21:00:00,0.0
2024-10-11 22:00:00,0.0
2024-10-11 23:00:00,0.0
2024-10-12 00:00:00,0.0
2024-10-12 01:00:00,0.0
2024-10-12 02:00:00,0.0
2024-10-12 03:00:00,0.0
2024-10-12 04:00:00,0.0
2024-10-12 05:00:00,0.0
2024-10-12 06:00:00,25.89
2024-10-12 07:00:00,152.97
2024-10-12 08:00:00,280.73
2024-10-12 09:00:00,383.76
2024-10-12 10:00:00,326.08
2024-10-12 11:00:00,346.85
2024-10-12 12:00:00,370.35
2024-10-12 13:00:00,264.85
2024-10-12 14:00:00,170.94
2024-10-12 15:00:00,90.13
2024-10-12 16:00:00,34.84
2024-10-12 17:00:00,1.64
2024-10-12 18:00:00,0.0
2024-10-12 19:00:00,0.0
2024-10-12 20:00:00,0.0
2024-10-12 21:00:00,0.0
2024-10-12 22:00:00,0.0
2024-10-12 23:00:00,0.0
2024-10-13 00:00:00,0.0
2024-10-13 01:00:00,0.0
2024-10-13 02:00:00,0.0
2024-10-13 03:00:00,0.0
2024-10-13 04:00:00,0.0
2024-10-13 05:00:00,0.0
2024-10-13 06:00:00,7.25
2024-10-13 07:00:00,12.49
2024-10-13 08:00:00,27.73
2024-10-13 09:00:00,73.65
2024-10-13 10:00:00,57.79
2024-10-13 11:00:00,15.57
2024-10-13 12:00:00,6.46
2024-10-13 13:00:00,18.58
2024-10-13 14:00:00,19.27
2024-10-13 15:00:00,5.04
2024-10-13 16:00:00,2.75
2024-10-13 17:00:00,0.0
2024-10-13 18:00:00,0.0
2024-10-13 19:00:00,0.0
2024-10-13 20:00:00,0.0
2024-10-13 21:00:00,0.0
2024-10-13 22:00:00,0.0
2024-10-13 23:00:00,0.0
2024-10-14 00:00:00,0.0
2024-10-14 01:00:00,0.0
2024-10-14 02:00:00,0.0
2024-10-14 03:00:00,0.0
2024-10-14 04:00:00,0.0
2024-10-14 05:00:00,0.0
2024-10-14 06:00:00,22.86
2024-10-14 07:00:00,158.68
2024-10-14 08:00:00,286.01
2024-10-14 09:00:00,413.27
2024-10-14 10:00:00,516.55
2024-10-14 11:00:00,488.23
2024-10-14 12:00:00,554.93
2024-10-14 13:00:00,474.14
2024-10-14 14:00:00,436.74
2024-10-14 15:00:00,265.88
2024-10-14 16:00:00,110.29
2024-10-14 17:00:00,1.93
2024-10-14 18:00:00,0.0
2024-10-14 19:00:00,0.0
2024-10-14 20:00:00,0.0
2024-10-14 21:00:00,0.0
2024-10-14 22:00:00,0.0
2024-10-14 23:00:00,0.0
2024-10-15 00:00:00,0.0
2024-10-15 01:00:00,0.0
2024-10-15 02:00:00,0.0
2024-10-15 03:00:00,0.0
2024-10-15 04:00:00,0.0
2024-10-15 05:00:00,0.0
2024-10-15 06:00:00,30.7
2024-10-15 07:00:00,287.03
2024-10-15 08:00:00,529.75
2024-10-15 09:00:00,608.09
2024-10-15 10:00:00,628.84
2024-10-15 11:00:00,700.52
2024-10-15 12:00:00,706.87
2024-10-15 13:00:00,743.61
2024-10-15 14:00:00,650.93
2024-10-15 15:00:00,461.32
2024-10-15 16:00:00,211.2
2024-10-15 17:00:00,5.7
2024-10-15 18:00:00,0.0
2024-10-15 19:00:00,0.0
2024-10-15 20:00:00,0.0
2024-10-15 21:00:00,0.0
2024-10-15 22:00:00,0.0
2024-10-15 23:00:00,0.0
2024-10-16 00:00:00,0.0
2024-10-16 01:00:00,0.0
2024-10-16 02:00:00,0.0
2024-10-16 03:00:00,0.0
2024-10-16 04:00:00,0.0
2024-10-16 05:00:00,0.0
2024-10-16 06:00:00,103.94
2024-10-16 07:00:00,438.41
2024-10-16 08:00:00,632.22
2024-10-16 09:00:00,734.04
2024-10-16 10:00:00,779.48
2024-10-16 11:00:00,814.42
2024-10-16 12:00:00,803.73
2024-10-16 13:00:00,698.71
2024-10-16 14:00:00,590.48
2024-10-16 15:00:00,384.26
2024-10-16 16:00:00,211.27
2024-10-16 17:00:00,4.83
2024-10-16 18:00:00,0.0
2024-10-16 19:00:00,0.0
2024-10-16 20:00:00,0.0
2024-10-16 21:00:00,0.0
2024-10-16 22:00:00,0.0
2024-10-16 23:00:00,0.0
2024-10-17 00:00:00,0.0
2024-10-17 01:00:00,0.0
2024-10-17 02:00:00,0.0
2024-10-17 03:00:00,0.0
2024-10-17 04:00:00,0.0
2024-10-17 05:00:00,0.0
2024-10-17 06:00:00,77.48
2024-10-17 07:00:00,398.03
2024-10-17 08:00:00,640.86
2024-10-17 09:00:00,694.06
2024-10-17 10:00:00,689.34
2024-10-17 11:00:00,777.33
2024-10-17 12:00:00,676.98
2024-10-17 13:00:00,593.48
2024-10-17 14:00:00,502.4
2024-10-17 15:00:00,381.56
2024-10-17 16:00:00,165.22
2024-10-17 17:00:00,3.15
2024-10-17 18:00:00,0.0
2024-10-17 19:00:00,0.0
2024-10-17 20:00:00,0.0
2024-10-17 21:00:00,0.0
2024-10-17 22:00:00,0.0
2024-10-17 23:00:00,0.0
2024-10-18 00:00:00,0.0
2024-10-18 01:00:00,0.0
2024-10-18 02:00:00,0.0
2024-10-18 03:00:00,0.0
2024-10-18 04:00:00,0.0
2024-10-18 05:00:00,0.0
2024-10-18 06:00:00,65.14
2024-10-18 07:00:00,319.71
2024-10-18 08:00:00,594.18
2024-10-18 09:00:00,720.44
2024-10-18 10:00:00,752.9
2024-10-18 11:00:00,731.4
2024-10-18 12:00:00,707.62
2024-10-18 13:00:00,707.56
2024-10-18 14:00:00,593.32
2024-10-18 15:00:00,434.77
2024-10-18 16:00:00,167.87
2024-10-18 17:00:00,1.48
2024-10-18 18:00:00,0.0
2024-10-18 19:00:00,0.0
2024-10-18 20:00:00,0.0
2024-10-18 21:00:00,0.0
2024-10-18 22:00:00,0.0
2024-10-18 23:00:00,0.0
2024-10-19 00:00:00,0.0
2024-10-19 01:00:00,0.0
2024-10-19 02:00:00,0.0
2024-10-19 03:00:00,0.0
2024-10-19 04:00:00,0.0
2024-10-19 05:00:00,0.0
2024-10-19 06:00:00,37.8
2024-10-19 07:00:00,242.21
2024-10-19 08:00:00,446.9
2024-10-19 09:00:00,591.9
2024-10-19 10:00:00,703.96
2024-10-19 11:00:00,715.1
2024-10-19 12:00:00,704.72
2024-10-19 13:00:00,622.5
2024-10-19 14:00:00,529.61
2024-10-19 15:00:00,328.0
2024-10-19 16:00:00,126.99
2024-10-19 17:00:00,1.1
2024-10-19 18:00:00,0.0
2024-10-19 19:00:00,0.0
2024-10-19 20:00:00,0.0
2024-10-19 21:00:00,0.0
2024-10-19 22:00:00,0.0
2024-10-19 23:00:00,0.0
2024-10-20 00:00:00,0.0
2024-10-20 01:00:00,0.0
2024-10-20 02:00:00,0.0
2024-10-20 03:00:00,0.0
2024-10-20 04:00:00,0.0
2024-10-20 05:00:00,0.0
2024-10-20 06:00:00,23.63
2024-10-20 07:00:00,211.04
2024-10-20 08:00:00,375.6
2024-10-20 09:00:00,465.5
2024-10-20 10:00:00,434.24
2024-10-20 11:00:00,492.0
2024-10-20 12:00:00,393.17
2024-10-20 13:00:00,315.5
2024-10-20 14:00:00,229.64
2024-10-20 15:00:00,145.2
2024-10-20 16:00:00,41.41
2024-10-20 17:00:00,0.0
2024-10-20 18:00:00,0.0
2024-10-20 19:00:00,0.0
2024-10-20 20:00:00,0.0
2024-10-20 21:00:00,0.0
2024-10-20 22:00:00,0.0
2024-10-20 23:00:00,0.0
2024-10-21 00:00:00,0.0
2024-10-21 01:00:00,0.0
2024-10-21 02:00:00,0.0
2024-10-21 03:00:00,0.0
2024-10-21 04:00:00,0.0
2024-10-21 05:00:00,0.0
2024-10-21 06:00:00,10.72
2024-10-21 07:00:00,147.49
2024-10-21 08:00:00,292.91
2024-10-21 09:00:00,370.09
2024-10-21 10:00:00,421.13
2024-10-21 11:00:00,431.38
2024-10-21 12:00:00,411.26
2024-10-21 13:00:00,288.06
2024-10-21 14:00:00,175.07
2024-10-21 15:00:00,108.39
2024-10-21 16:00:00,25.82
2024-10-21 17:00:00,0.0
2024-10-21 18:00:00,0.0
2024-10-21 19:00:00,0.0
2024-10-21 20:00:00,0.0
2024-10-21 21:00:00,0.0
2024-10-21 22:00:00,0.0
2024-10-21 23:00:00,0.0
2024-10-22 00:00:00,0.0
2024-10-22 01:00:00,0.0
2024-10-22 02:00:00,0.0
2024-10-22 03:00:00,0.0
2024-10-22 04:00:00,0.0
2024-10-22 05:00:00,0.0
2024-10-22 06:00:00,5.41
2024-10-22 07:00:00,92.45
2024-10-22 08:00:00,227.56
2024-10-22 09:00:00,367.32
2024-10-22 10:00:00,412.35
2024-10-22 11:00:00,461.39
2024-10-22 12:00:00,433.63
2024-10-22 13:00:00,368.95
2024-10-22 14:00:00,220.63
2024-10-22 15:00:00,131.7
2024-10-22 16:00:00,30.52
2024-10-22 17:00:00,0.0
2024-10-22 18:00:00,0.0
2024-10-22 19:00:00,0.0
2024-10-22 20:00:00,0.0
2024-10-22 21:00:00,0.0
2024-10-22 22:00:00,0.0
2024-10-22 23:00:00,0.0
2024-10-23 00:00:00,0.0
2024-10-23 01:00:00,0.0
2024-10-23 02:00:00,0.0
2024-10-23 03:00:00,0.0
2024-10-23 04:00:00,0.0
2024-10-23 05:00:00,0.0
2024-10-23 06:00:00,7.09
2024-10-23 07:00:00,127.18
2024-10-23 08:00:00,290.1
2024-10-23 09:00:00,434.4
2024-10-23 10:00:00,507.58
2024-10-23 11:00:00,557.11
2024-10-23 12:00:00,519.07
2024-10-23 13:00:00,428.66
2024-10-23 14:00:00,282.64
2024-10-23 15:00:00,191.86
2024-10-23 16:00:00,45.2
2024-10-23 17:00:00,0.0
2024-10-23 18:00:00,0.0
2024-10-23 19:00:00,0.0
2024-10-23 20:00:00,0.0
2024-10-23 21:00:00,0.0
2024-10-23 22:00:00,0.0
2024-10-23 23:00:00,0.0
2024-10-24 00:00:00,0.0
2024-10-24 01:00:00,0.0
2024-10-24 02:00:00,0.0
2024-10-24 03:00:00,0.0
2024-10-24 04:00:00,0.0
2024-10-24 05:00:00,0.0
2024-10-24 06:00:00,9.45
2024-10-24 07:00:00,161.05
2024-10-24 08:00:00,316.09
2024-10-24 09:00:00,425.05
2024-10-24 10:00:00,490.69
2024-10-24 11:00:00,720.17
2024-10-24 12:00:00,731.37
2024-10-24 13:00:00,708.92
2024-10-24 14:00:00,589.49
2024-10-24 15:00:00,395.11
2024-10-24 16:00:00,136.4
2024-10-24 17:00:00,0.0
2024-10-24 18:00:00,0.0
2024-10-24 19:00:00,0.0
2024-10-24 20:00:00,0.0
2024-10-24 21:00:00,0.0
2024-10-24 22:00:00,0.0
2024-10-24 23:00:00,0.0
2024-10-25 00:00:00,0.0
2024-10-25 01:00:00,0.0
2024-10-25 02:00:00,0.0
2024-10-25 03:00:00,0.0
2024-10-25 04:00:00,0.0
2024-10-25 05:00:00,0.0
2024-10-25 06:00:00,9.71
2024-10-25 07:00:00,160.36
2024-10-25 08:00:00,320.23
2024-10-25 09:00:00,453.95
2024-10-25 10:00:00,493.91
2024-10-25 11:00:00,678.01
2024-10-25 12:00:00,706.36
2024-10-25 13:00:00,571.42
2024-10-25 14:00:00,439.69
2024-10-25 15:00:00,243.1
2024-10-25 16:00:00,58.94
2024-10-25 17:00:00,0.0
2024-10-25 18:00:00,0.0
2024-10-25 19:00:00,0.0
2024-10-25 20:00:00,0.0
2024-10-25 21:00:00,0.0
2024-10-25 22:00:00,0.0
2024-10-25 23:00:00,0.0
2024-10-26 00:00:00,0.0
2024-10-26 01:00:00,0.0
2024-10-26 02:00:00,0.0
2024-10-26 03:00:00,0.0
2024-10-26 04:00:00,0.0
2024-10-26 05:00:00,0.0
2024-10-26 06:00:00,27.08
2024-10-26 07:00:00,269.4
2024-10-26 08:00:00,449.42
2024-10-26 09:00:00,547.13
2024-10-26 10:00:00,620.18
2024-10-26 11:00:00,646.88
2024-10-26 12:00:00,660.59
2024-10-26 13:00:00,529.94
2024-10-26 14:00:00,368.92
2024-10-26 15:00:00,187.97
2024-10-26 16:00:00,47.35
2024-10-26 17:00:00,0.0
2024-10-26 18:00:00,0.0
2024-10-26 19:00:00,0.0
2024-10-26 20:00:00,0.0
2024-10-26 21:00:00,0.0
2024-10-26 22:00:00,0.0
2024-10-26 23:00:00,0.0
2024-10-27 00:00:00,0.0
2024-10-27 01:00:00,0.0
2024-10-27 02:00:00,0.0
2024-10-27 03:00:00,0.0
2024-10-27 04:00:00,0.0
2024-10-27 05:00:00,0.0
2024-10-27 06:00:00,22.5
2024-10-27 07:00:00,252.54
2024-10-27 08:00:00,447.74
2024-10-27 09:00:00,564.68
2024-10-27 10:00:00,661.5
2024-10-27 11:00:00,685.09
2024-10-27 12:00:00,683.36
2024-10-27 13:00:00,655.16
2024-10-27 14:00:00,466.08
2024-10-27 15:00:00,235.84
2024-10-27 16:00:00,64.64
2024-10-27 17:00:00,0.0
2024-10-27 18:00:00,0.0
2024-10-27 19:00:00,0.0
2024-10-27 20:00:00,0.0
2024-10-27 21:00:00,0.0
2024-10-27 22:00:00,0.0
2024-10-27 23:00:00,0.0
2024-10-28 00:00:00,0.0
2024-10-28 01:00:00,0.0
2024-10-28 02:00:00,0.0
2024-10-28 03:00:00,0.0
2024-10-28 04:00:00,0.0
2024-10-28 05:00:00,0.0
2024-10-28 06:00:00,4.42
2024-10-28 07:00:00,104.84
2024-10-28 08:00:00,246.29
2024-10-28 09:00:00,390.46
2024-10-28 10:00:00,458.82
2024-10-28 11:00:00,514.5
2024-10-28 12:00:00,571.13
2024-10-28 13:00:00,582.78
2024-10-28 14:00:00,429.05
2024-10-28 15:00:00,206.13
2024-10-28 16:00:00,43.25
2024-10-28 17:00:00,0.0
2024-10-28 18:00:00,0.0
2024-10-28 19:00:00,0.0
2024-10-28 20:00:00,0.0
2024-10-28 21:00:00,0.0
2024-10-28 22:00:00,0.0
2024-10-28 23:00:00,0.0
2024-10-29 00:00:00,0.0
2024-10-29 01:00:00,0.0
2024-10-29 02:00:00,0.0
2024-10-29 03:00:00,0.0
2024-10-29 04:00:00,0.0
2024-10-29 05:00:00,0.0
2024-10-29 06:00:00,6.99
2024-10-29 07:00:00,137.58
2024-10-29 08:00:00,292.0
2024-10-29 09:00:00,448.66
2024-10-29 10:00:00,587.17
2024-10-29 11:00:00,618.04
2024-10-29 12:00:00,643.87
2024-10-29 13:00:00,696.55
2024-10-29 14:00:00,513.61
2024-10-29 15:00:00,279.44
2024-10-29 16:00:00,62.65
2024-10-29 17:00:00,0.0
2024-10-29 18:00:00,0.0
2024-10-29 19:00:00,0.0
2024-10-29 20:00:00,0.0
2024-10-29 21:00:00,0.0
2024-10-29 22:00:00,0.0
2024-10-29 23:00:00,0.0
2024-10-30 00:00:00,0.0
2024-10-30 01:00:00,0.0
2024-10-30 02:00:00,0.0
2024-10-30 03:00:00,0.0
2024-10-30 04:00:00,0.0
2024-10-30 05:00:00,0.0
2024-10-30 06:00:00,25.17
2024-10-30 07:00:00,220.59
2024-10-30 08:00:00,428.73
2024-10-30 09:00:00,547.4
2024-10-30 10:00:00,693.6
2024-10-30 11:00:00,747.94
2024-10-30 12:00:00,817.55
2024-10-30 13:00:00,689.03
2024-10-30 14:00:00,510.73
2024-10-30 15:00:00,318.01
2024-10-30 16:00:00,89.56
2024-10-30 17:00:00,0.0
2024-10-30 18:00:00,0.0
2024-10-30 19:00:00,0.0
2024-10-30 20:00:00,0.0
2024-10-30 21:00:00,0.0
2024-10-30 22:00:00,0.0
2024-10-30 23:00:00,0.0
2024-10-31 00:00:00,0.0
2024-10-31 01:00:00,0.0
2024-10-31 02:00:00,0.0
2024-10-31 03:00:00,0.0
2024-10-31 04:00:00,0.0
2024-10-31 05:00:00,0.0
2024-10-31 06:00:00,43.07
2024-10-31 07:00:00,308.99
2024-10-31 08:00:00,533.2
2024-10-31 09:00:00,668.26
2024-10-31 10:00:00,791.67
2024-10-31 11:00:00,810.52
2024-10-31 12:00:00,808.34
2024-10-31 13:00:00,673.97
2024-10-31 14:00:00,498.67
2024-10-31 15:00:00,283.58
2024-10-31 16:00:00,68.06
2024-10-31 17:00:00,0.0
2024-10-31 18:00:00,0.0
2024-10-31 19:00:00,0.0
2024-10-31 20:00:00,0.0
2024-10-31 21:00:00,0.0
2024-10-31 22:00:00,0.0
2024-10-31 23:00:00,0.0
2024-11-01 00:00:00,0.0
2024-11-01 01:00:00,0.0
2024-11-01 02:00:00,0.0
2024-11-01 03:00:00,0.0
2024-11-01 04:00:00,0.0
2024-11-01 05:00:00,0.0
2024-11-01 06:00:00,23.28
2024-11-01 07:00:00,277.5
2024-11-01 08:00:00,501.27
2024-11-01 09:00:00,624.81
2024-11-01 10:00:00,661.16
2024-11-01 11:00:00,612.31
2024-11-01 12:00:00,665.55
2024-11-01 13:00:00,655.7
2024-11-01 14:00:00,492.81
2024-11-01 15:00:00,274.79
2024-11-01 16:00:00,66.07
2024-11-01 17:00:00,0.0
2024-11-01 18:00:00,0.0
2024-11-01 19:00:00,0.0
2024-11-01 20:00:00,0.0
2024-11-01 21:00:00,0.0
2024-11-01 22:00:00,0.0
2024-11-01 23:00:00,0.0
2024-11-02 00:00:00,0.0
2024-11-02 01:00:00,0.0
2024-11-02 02:00:00,0.0
2024-11-02 03:00:00,0.0
2024-11-02 04:00:00,0.0
2024-11-02 05:00:00,0.0
2024-11-02 06:00:00,40.26
2024-11-02 07:00:00,348.05
2024-11-02 08:00:00,562.78
2024-11-02 09:00:00,702.47
2024-11-02 10:00:00,763.48
2024-11-02 11:00:00,769.84
2024-11-02 12:00:00,776.26
2024-11-02 13:00:00,757.25
2024-11-02 14:00:00,589.34
2024-11-02 15:00:00,353.23
2024-11-02 16:00:00,104.62
2024-11-02 17:00:00,0.0
2024-11-02 18:00:00,0.0
2024-11-02 19:00:00,0.0
2024-11-02 20:00:00,0.0
2024-11-02 21:00:00,0.0
2024-11-02 22:00:00,0.0
2024-11-02 23:00:00,0.0
2024-11-03 00:00:00,0.0
2024-11-03 01:00:00,0.0
2024-11-03 02:00:00,0.0
2024-11-03 03:00:00,0.0
2024-11-03 04:00:00,0.0
2024-11-03 05:00:00,0.0
2024-11-03 06:00:00,45.96
2024-11-03 07:00:00,361.79
2024-11-03 08:00:00,595.05
2024-11-03 09:00:00,755.81
2024-11-03 10:00:00,804.92
2024-11-03 11:00:00,743.79
2024-11-03 12:00:00,741.36
2024-11-03 13:00:00,700.95
2024-11-03 14:00:00,518.72
2024-11-03 15:00:00,283.14
2024-11-03 16:00:00,52.34
2024-11-03 17:00:00,0.0
2024-11-03 18:00:00,0.0
2024-11-03 19:00:00,0.0
2024-11-03 20:00:00,0.0
2024-11-03 21:00:00,0.0
2024-11-03 22:00:00,0.0
2024-11-03 23:00:00,0.0
2024-11-04 00:00:00,0.0
2024-11-04 01:00:00,0.0
2024-11-04 02:00:00,0.0
2024-11-04 03:00:00,0.0
2024-11-04 04:00:00,0.0
2024-11-04 05:00:00,0.0
2024-11-04 06:00:00,20.74
2024-11-04 07:00:00,263.33
2024-11-04 08:00:00,523.78
2024-11-04 09:00:00,654.63
2024-11-04 10:00:00,723.14
2024-11-04 11:00:00,702.51
2024-11-04 12:00:00,704.97
2024-11-04 13:00:00,578.41
2024-11-04 14:00:00,454.07
2024-11-04 15:00:00,241.76
2024-11-04 16:00:00,50.23
2024-11-04 17:00:00,0.0
2024-11-04 18:00:00,0.0
2024-11-04 19:00:00,0.0
2024-11-04 20:00:00,0.0
2024-11-04 21:00:00,0.0
2024-11-04 22:00:00,0.0
2024-11-04 23:00:00,0.0
2024-11-05 00:00:00,0.0
2024-11-05 01:00:00,0.0
2024-11-05 02:00:00,0.0
2024-11-05 03:00:00,0.0
2024-11-05 04:00:00,0.0
2024-11-05 05:00:00,0.0
2024-11-05 06:00:00,9.0
2024-11-05 07:00:00,204.69
2024-11-05 08:00:00,399.14
2024-11-05 09:00:00,571.97
2024-11-05 10:00:00,648.36
2024-11-05 11:00:00,460.57
2024-11-05 12:00:00,469.88
2024-11-05 13:00:00,378.04
2024-11-05 14:00:00,255.23
2024-11-05 15:00:00,114.61
2024-11-05 16:00:00,10.41
2024-11-05 17:00:00,0.0
2024-11-05 18:00:00,0.0
2024-11-05 19:00:00,0.0
2024-11-05 20:00:00,0.0
2024-11-05 21:00:00,0.0
2024-11-05 22:00:00,0.0
2024-11-05 23:00:00,0.0
2024-11-06 00:00:00,0.0
2024-11-06 01:00:00,0.0
2024-11-06 02:00:00,0.0
2024-11-06 03:00:00,0.0
2024-11-06 04:00:00,0.0
2024-11-06 05:00:00,0.0
2024-11-06 06:00:00,6.96
2024-11-06 07:00:00,160.74
2024-11-06 08:00:00,318.77
2024-11-06 09:00:00,507.4
2024-11-06 10:00:00,579.87
2024-11-06 11:00:00,425.5
2024-11-06 12:00:00,473.99
2024-11-06 13:00:00,446.45
2024-11-06 14:00:00,310.11
2024-11-06 15:00:00,142.79
2024-11-06 16:00:00,14.82
2024-11-06 17:00:00,0.0
2024-11-06 18:00:00,0.0
2024-11-06 19:00:00,0.0
2024-11-06 20:00:00,0.0
2024-11-06 21:00:00,0.0
2024-11-06 22:00:00,0.0
2024-11-06 23:00:00,0.0
2024-11-07 00:00:00,0.0
2024-11-07 01:00:00,0.0
2024-11-07 02:00:00,0.0
2024-11-07 03:00:00,0.0
2024-11-07 04:00:00,0.0
2024-11-07 05:00:00,0.0
2024-11-07 06:00:00,4.02
2024-11-07 07:00:00,104.64
2024-11-07 08:00:00,252.57
2024-11-07 09:00:00,367.61
2024-11-07 10:00:00,421.74
2024-11-07 11:00:00,490.2
2024-11-07 12:00:00,508.26
2024-11-07 13:00:00,495.91
2024-11-07 14:00:00,362.0
2024-11-07 15:00:00,166.84
2024-11-07 16:00:00,19.78
2024-11-07 17:00:00,0.0
2024-11-07 18:00:00,0.0
2024-11-07 19:00:00,0.0
2024-11-07 20:00:00,0.0
2024-11-07 21:00:00,0.0
2024-11-07 22:00:00,0.0
2024-11-07 23:00:00,0.0
2024-11-08 00:00:00,0.0
2024-11-08 01:00:00,0.0
2024-11-08 02:00:00,0.0
2024-11-08 03:00:00,0.0
2024-11-08 04:00:00,0.0
2024-11-08 05:00:00,0.0
2024-11-08 06:00:00,6.75
2024-11-08 07:00:00,168.58
2024-11-08 08:00:00,332.99
2024-11-08 09:00:00,465.26
2024-11-08 10:00:00,536.98
2024-11-08 11:00:00,574.15
2024-11-08 12:00:00,597.25
2024-11-08 13:00:00,578.37
2024-11-08 14:00:00,501.92
2024-11-08 15:00:00,278.61
2024-11-08 16:00:00,51.36
2024-11-08 17:00:00,0.0
2024-11-08 18:00:00,0.0
2024-11-08 19:00:00,0.0
2024-11-08 20:00:00,0.0
2024-11-08 21:00:00,0.0
2024-11-08 22:00:00,0.0
2024-11-08 23:00:00,0.0
2024-11-09 00:00:00,0.0
2024-11-09 01:00:00,0.0
2024-11-09 02:00:00,0.0
2024-11-09 03:00:00,0.0
2024-11-09 04:00:00,0.0
2024-11-09 05:00:00,0.0
2024-11-09 06:00:00,14.72
2024-11-09 07:00:00,236.87
2024-11-09 08:00:00,461.3
2024-11-09 09:00:00,605.85
2024-11-09 10:00:00,678.62
2024-11-09 11:00:00,647.82
2024-11-09 12:00:00,652.81
2024-11-09 13:00:00,618.67
2024-11-09 14:00:00,472.11
2024-11-09 15:00:00,242.79
2024-11-09 16:00:00,52.14
2024-11-09 17:00:00,0.0
2024-11-09 18:00:00,0.0
2024-11-09 19:00:00,0.0
2024-11-09 20:00:00,0.0
2024-11-09 21:00:00,0.0
2024-11-09 22:00:00,0.0
2024-11-09 23:00:00,0.0
2024-11-10 00:00:00,0.0
2024-11-10 01:00:00,0.0
2024-11-10 02:00:00,0.0
2024-11-10 03:00:00,0.0
2024-11-10 04:00:00,0.0
2024-11-10 05:00:00,0.0
2024-11-10 06:00:00,10.74
2024-11-10 07:00:00,213.63
2024-11-10 08:00:00,416.1
2024-11-10 09:00:00,539.81
2024-11-10 10:00:00,613.49
2024-11-10 11:00:00,630.42
2024-11-10 12:00:00,612.86
2024-11-10 13:00:00,492.1
2024-11-10 14:00:00,345.52
2024-11-10 15:00:00,160.0
2024-11-10 16:00:00,23.23
2024-11-10 17:00:00,0.0
2024-11-10 18:00:00,0.0
2024-11-10 19:00:00,0.0
2024-11-10 20:00:00,0.0
2024-11-10 21:00:00,0.0
2024-11-10 22:00:00,0.0
2024-11-10 23:00:00,0.0
2024-11-11 00:00:00,0.0
2024-11-11 01:00:00,0.0
2024-11-11 02:00:00,0.0
2024-11-11 03:00:00,0.0
2024-11-11 04:00:00,0.0
2024-11-11 05:00:00,0.0
2024-11-11 06:00:00,2.16
2024-11-11 07:00:00,119.81
2024-11-11 08:00:00,308.59
2024-11-11 09:00:00,414.93
2024-11-11 10:00:00,522.16
2024-11-11 11:00:00,538.14
2024-11-11 12:00:00,567.09
2024-11-11 13:00:00,478.83
2024-11-11 14:00:00,359.63
2024-11-11 15:00:00,204.51
2024-11-11 16:00:00,31.31
2024-11-11 17:00:00,0.0
2024-11-11 18:00:00,0.0
2024-11-11 19:00:00,0.0
2024-11-11 20:00:00,0.0
2024-11-11 21:00:00,0.0
2024-11-11 22:00:00,0.0
2024-11-11 23:00:00,0.0
2024-11-12 00:00:00,0.0
2024-11-12 01:00:00,0.0
2024-11-12 02:00:00,0.0
2024-11-12 03:00:00,0.0
2024-11-12 04:00:00,0.0
2024-11-12 05:00:00,0.0
2024-11-12 06:00:00,19.32
2024-11-12 07:00:00,314.28
2024-11-12 08:00:00,527.97
2024-11-12 09:00:00,657.62
2024-11-12 10:00:00,767.63
2024-11-12 11:00:00,639.84
2024-11-12 12:00:00,653.42
2024-11-12 13:00:00,621.69
2024-11-12 14:00:00,462.32
2024-11-12 15:00:00,231.03
2024-11-12 16:00:00,39.11
2024-11-12 17:00:00,0.0
2024-11-12 18:00:00,0.0
2024-11-12 19:00:00,0.0
2024-11-12 20:00:00,0.0
2024-11-12 21:00:00,0.0
2024-11-12 22:00:00,0.0
2024-11-12 23:00:00,0.0
2024-11-13 00:00:00,0.0
2024-11-13 01:00:00,0.0
2024-11-13 02:00:00,0.0
2024-11-13 03:00:00,0.0
2024-11-13 04:00:00,0.0
2024-11-13 05:00:00,0.0
2024-11-13 06:00:00,13.73
2024-11-13 07:00:00,277.12
2024-11-13 08:00:00,483.16
2024-11-13 09:00:00,597.03
2024-11-13 10:00:00,664.93
2024-11-13 11:00:00,694.39
2024-11-13 12:00:00,720.87
2024-11-13 13:00:00,698.27
2024-11-13 14:00:00,538.39
2024-11-13 15:00:00,327.51
2024-11-13 16:00:00,62.64
2024-11-13 17:00:00,0.0
2024-11-13 18:00:00,0.0
2024-11-13 19:00:00,0.0
2024-11-13 20:00:00,0.0
2024-11-13 21:00:00,0.0
2024-11-13 22:00:00,0.0
2024-11-13 23:00:00,0.0
2024-11-14 00:00:00,0.0
2024-11-14 01:00:00,0.0
2024-11-14 02:00:00,0.0
2024-11-14 03:00:00,0.0
2024-11-14 04:00:00,0.0
2024-11-14 05:00:00,0.0
2024-11-14 06:00:00,7.3
2024-11-14 07:00:00,191.89
2024-11-14 08:00:00,383.88
2024-11-14 09:00:00,519.99
2024-11-14 10:00:00,626.91
2024-11-14 11:00:00,519.24
2024-11-14 12:00:00,525.42
2024-11-14 13:00:00,485.26
2024-11-14 14:00:00,333.63
2024-11-14 15:00:00,142.86
2024-11-14 16:00:00,15.45
2024-11-14 17:00:00,0.0
2024-11-14 18:00:00,0.0
2024-11-14 19:00:00,0.0
2024-11-14 20:00:00,0.0
2024-11-14 21:00:00,0.0
2024-11-14 22:00:00,0.0
2024-11-14 23:00:00,0.0
2024-11-15 00:00:00,0.0
2024-11-15 01:00:00,0.0
2024-11-15 02:00:00,0.0
2024-11-15 03:00:00,0.0
2024-11-15 04:00:00,0.0
2024-11-15 05:00:00,0.0
2024-11-15 06:00:00,1.77
2024-11-15 07:00:00,112.04
2024-11-15 08:00:00,294.19
2024-11-15 09:00:00,460.85
2024-11-15 10:00:00,607.75
2024-11-15 11:00:00,504.86
2024-11-15 12:00:00,526.5
2024-11-15 13:00:00,477.2
2024-11-15 14:00:00,361.63
2024-11-15 15:00:00,211.91
2024-11-15 16:00:00,34.58
2024-11-15 17:00:00,0.0
2024-11-15 18:00:00,0.0
2024-11-15 19:00:00,0.0
2024-11-15 20:00:00,0.0
2024-11-15 21:00:00,0.0
2024-11-15 22:00:00,0.0
2024-11-15 23:00:00,0.0
2024-11-16 00:00:00,0.0
2024-11-16 01:00:00,0.0
2024-11-16 02:00:00,0.0
2024-11-16 03:00:00,0.0
2024-11-16 04:00:00,0.0
2024-11-16 05:00:00,0.0
2024-11-16 06:00:00,2.3
2024-11-16 07:00:00,112.7
2024-11-16 08:00:00,257.75
2024-11-16 09:00:00,375.9
2024-11-16 10:00:00,489.42
2024-11-16 11:00:00,515.91
2024-11-16 12:00:00,548.43
2024-11-16 13:00:00,500.19
2024-11-16 14:00:00,384.4
2024-11-16 15:00:00,222.11
2024-11-16 16:00:00,43.0
2024-11-16 17:00:00,0.0
2024-11-16 18:00:00,0.0
2024-11-16 19:00:00,0.0
2024-11-16 20:00:00,0.0
2024-11-16 21:00:00,0.0
2024-11-16 22:00:00,0.0
2024-11-16 23:00:00,0.0
2024-11-17 00:00:00,0.0
2024-11-17 01:00:00,0.0
2024-11-17 02:00:00,0.0
2024-11-17 03:00:00,0.0
2024-11-17 04:00:00,0.0
2024-11-17 05:00:00,0.0
2024-11-17 06:00:00,3.26
2024-11-17 07:00:00,157.96
2024-11-17 08:00:00,331.03
2024-11-17 09:00:00,512.08
2024-11-17 10:00:00,610.12
2024-11-17 11:00:00,596.99
2024-11-17 12:00:00,584.19
2024-11-17 13:00:00,554.81
2024-11-17 14:00:00,405.74
2024-11-17 15:00:00,194.31
2024-11-17 16:00:00,23.44
2024-11-17 17:00:00,0.0
2024-11-17 18:00:00,0.0
2024-11-17 19:00:00,0.0
2024-11-17 20:00:00,0.0
2024-11-17 21:00:00,0.0
2024-11-17 22:00:00,0.0
2024-11-17 23:00:00,0.0
2024-11-18 00:00:00,0.0
2024-11-18 01:00:00,0.0
2024-11-18 02:00:00,0.0
2024-11-18 03:00:00,0.0
2024-11-18 04:00:00,0.0
2024-11-18 05:00:00,0.0
2024-11-18 06:00:00,1.63
2024-11-18 07:00:00,130.65
2024-11-18 08:00:00,307.56
2024-11-18 09:00:00,430.32
2024-11-18 10:00:00,538.57
2024-11-18 11:00:00,610.83
2024-11-18 12:00:00,639.75
2024-11-18 13:00:00,644.52
2024-11-18 14:00:00,537.77
2024-11-18 15:00:00,352.58
2024-11-18 16:00:00,82.5
2024-11-18 17:00:00,0.0
2024-11-18 18:00:00,0.0
2024-11-18 19:00:00,0.0
2024-11-18 20:00:00,0.0
2024-11-18 21:00:00,0.0
2024-11-18 22:00:00,0.0
2024-11-18 23:00:00,0.0
2024-11-19 00:00:00,0.0
2024-11-19 01:00:00,0.0
2024-11-19 02:00:00,0.0
2024-11-19 03:00:00,0.0
2024-11-19 04:00:00,0.0
2024-11-19 05:00:00,0.0
2024-11-19 06:00:00,15.01
2024-11-19 07:00:00,365.02
2024-11-19 08:00:00,577.16
2024-11-19 09:00:00,688.88
2024-11-19 10:00:00,765.35
2024-11-19 11:00:00,588.64
2024-11-19 12:00:00,606.32
2024-11-19 13:00:00,572.97
2024-11-19 14:00:00,448.93
2024-11-19 15:00:00,279.71
2024-11-19 16:00:00,44.71
2024-11-19 17:00:00,0.0
2024-11-19 18:00:00,0.0
2024-11-19 19:00:00,0.0
2024-11-19 20:00:00,0.0
2024-11-19 21:00:00,0.0
2024-11-19 22:00:00,0.0
2024-11-19 23:00:00,0.0
2024-11-20 00:00:00,0.0
2024-11-20 01:00:00,0.0
2024-11-20 02:00:00,0.0
2024-11-20 03:00:00,0.0
2024-11-20 04:00:00,0.0
2024-11-20 05:00:00,0.0
2024-11-20 06:00:00,8.64
2024-11-20 07:00:00,316.58
2024-11-20 08:00:00,544.64
2024-11-20 09:00:00,674.12
2024-11-20 10:00:00,766.4
2024-11-20 11:00:00,486.21
2024-11-20 12:00:00,499.58
2024-11-20 13:00:00,454.38
2024-11-20 14:00:00,334.87
2024-11-20 15:00:00,170.34
2024-11-20 16:00:00,16.12
2024-11-20 17:00:00,0.0
2024-11-20 18:00:00,0.0
2024-11-20 19:00:00,0.0
2024-11-20 20:00:00,0.0
2024-11-20 21:00:00,0.0
2024-11-20 22:00:00,0.0
2024-11-20 23:00:00,0.0
2024-11-21 00:00:00,0.0
2024-11-21 01:00:00,0.0
2024-11-21 02:00:00,0.0
2024-11-21 03:00:00,0.0
2024-11-21 04:00:00,0.0
2024-11-21 05:00:00,0.0
2024-11-21 06:00:00,1.01
2024-11-21 07:00:00,121.81
2024-11-21 08:00:00,307.42
2024-11-21 09:00:00,464.44
2024-11-21 10:00:00,569.25
2024-11-21 11:00:00,414.14
2024-11-21 12:00:00,418.23
2024-11-21 13:00:00,372.02
2024-11-21 14:00:00,278.11
2024-11-21 15:00:00,148.72
2024-11-21 16:00:00,13.05
2024-11-21 17:00:00,0.0
2024-11-21 18:00:00,0.0
2024-11-21 19:00:00,0.0
2024-11-21 20:00:00,0.0
2024-11-21 21:00:00,0.0
2024-11-21 22:00:00,0.0
2024-11-21 23:00:00,0.0
2024-11-22 00:00:00,0.0
2024-11-22 01:00:00,0.0
2024-11-22 02:00:00,0.0
2024-11-22 03:00:00,0.0
2024-11-22 04:00:00,0.0
2024-11-22 05:00:00,0.0
2024-11-22 06:00:00,0.47
2024-11-22 07:00:00,114.27
2024-11-22 08:00:00,289.91
2024-11-22 09:00:00,399.96
2024-11-22 10:00:00,485.44
2024-11-22 11:00:00,484.08
2024-11-22 12:00:00,484.2
2024-11-22 13:00:00,447.91
2024-11-22 14:00:00,348.16
2024-11-22 15:00:00,198.55
2024-11-22 16:00:00,22.34
2024-11-22 17:00:00,0.0
2024-11-22 18:00:00,0.0
2024-11-22 19:00:00,0.0
2024-11-22 20:00:00,0.0
2024-11-22 21:00:00,0.0
2024-11-22 22:00:00,0.0
2024-11-22 23:00:00,0.0
2024-11-23 00:00:00,0.0
2024-11-23 01:00:00,0.0
2024-11-23 02:00:00,0.0
2024-11-23 03:00:00,0.0
2024-11-23 04:00:00,0.0
2024-11-23 05:00:00,0.0
2024-11-23 06:00:00,0.59
2024-11-23 07:00:00,104.19
2024-11-23 08:00:00,283.0
2024-11-23 09:00:00,414.28
2024-11-23 10:00:00,464.37
2024-11-23 11:00:00,582.12
2024-11-23 12:00:00,565.81
2024-11-23 13:00:00,529.37
2024-11-23 14:00:00,396.38
2024-11-23 15:00:00,216.16
2024-11-23 16:00:00,30.86
2024-11-23 17:00:00,0.0
2024-11-23 18:00:00,0.0
2024-11-23 19:00:00,0.0
2024-11-23 20:00:00,0.0
2024-11-23 21:00:00,0.0
2024-11-23 22:00:00,0.0
2024-11-23 23:00:00,0.0
2024-11-24 00:00:00,0.0
2024-11-24 01:00:00,0.0
2024-11-24 02:00:00,0.0
2024-11-24 03:00:00,0.0
2024-11-24 04:00:00,0.0
2024-11-24 05:00:00,0.0
2024-11-24 06:00:00,1.41
2024-11-24 07:00:00,130.63
2024-11-24 08:00:00,313.5
2024-11-24 09:00:00,477.99
2024-11-24 10:00:00,563.22
2024-11-24 11:00:00,647.99
2024-11-24 12:00:00,640.38
2024-11-24 13:00:00,598.11
2024-11-24 14:00:00,495.0
2024-11-24 15:00:00,300.86
2024-11-24 16:00:00,49.1
2024-11-24 17:00:00,0.0
2024-11-24 18:00:00,0.0
2024-11-24 19:00:00,0.0
2024-11-24 20:00:00,0.0
2024-11-24 21:00:00,0.0
2024-11-24 22:00:00,0.0
2024-11-24 23:00:00,0.0
2024-11-25 00:00:00,0.0
2024-11-25 01:00:00,0.0
2024-11-25 02:00:00,0.0
2024-11-25 03:00:00,0.0
2024-11-25 04:00:00,0.0
2024-11-25 05:00:00,0.0
2024-11-25 06:00:00,1.74
2024-11-25 07:00:00,180.89
2024-11-25 08:00:00,374.11
2024-11-25 09:00:00,505.69
2024-11-25 10:00:00,565.8
2024-11-25 11:00:00,663.85
2024-11-25 12:00:00,697.88
2024-11-25 13:00:00,604.85
2024-11-25 14:00:00,481.2
2024-11-25 15:00:00,315.83
2024-11-25 16:00:00,54.34
2024-11-25 17:00:00,0.0
2024-11-25 18:00:00,0.0
2024-11-25 19:00:00,0.0
2024-11-25 20:00:00,0.0
2024-11-25 21:00:00,0.0
2024-11-25 22:00:00,0.0
2024-11-25 23:00:00,0.0
2024-11-26 00:00:00,0.0
2024-11-26 01:00:00,0.0
2024-11-26 02:00:00,0.0
2024-11-26 03:00:00,0.0
2024-11-26 04:00:00,0.0
2024-11-26 05:00:00,0.0
2024-11-26 06:00:00,1.37
2024-11-26 07:00:00,159.03
2024-11-26 08:00:00,357.13
2024-11-26 09:00:00,481.84
2024-11-26 10:00:00,541.27
2024-11-26 11:00:00,688.13
2024-11-26 12:00:00,676.05
2024-11-26 13:00:00,582.61
2024-11-26 14:00:00,460.25
2024-11-26 15:00:00,279.31
2024-11-26 16:00:00,43.96
2024-11-26 17:00:00,0.0
2024-11-26 18:00:00,0.0
2024-11-26 19:00:00,0.0
2024-11-26 20:00:00,0.0
2024-11-26 21:00:00,0.0
2024-11-26 22:00:00,0.0
2024-11-26 23:00:00,0.0
2024-11-27 00:00:00,0.0
2024-11-27 01:00:00,0.0
2024-11-27 02:00:00,0.0
2024-11-27 03:00:00,0.0
2024-11-27 04:00:00,0.0
2024-11-27 05:00:00,0.0
2024-11-27 06:00:00,0.83
2024-11-27 07:00:00,169.54
2024-11-27 08:00:00,383.21
2024-11-27 09:00:00,521.37
2024-11-27 10:00:00,603.5
2024-11-27 11:00:00,610.63
2024-11-27 12:00:00,616.71
2024-11-27 13:00:00,534.62
2024-11-27 14:00:00,431.6
2024-11-27 15:00:00,247.46
2024-11-27 16:00:00,31.7
2024-11-27 17:00:00,0.0
2024-11-27 18:00:00,0.0
2024-11-27 19:00:00,0.0
2024-11-27 20:00:00,0.0
2024-11-27 21:00:00,0.0
2024-11-27 22:00:00,0.0
2024-11-27 23:00:00,0.0
2024-11-28 00:00:00,0.0
2024-11-28 01:00:00,0.0
2024-11-28 02:00:00,0.0
2024-11-28 03:00:00,0.0
2024-11-28 04:00:00,0.0
2024-11-28 05:00:00,0.0
2024-11-28 06:00:00,1.6
2024-11-28 07:00:00,189.13
2024-11-28 08:00:00,380.34
2024-11-28 09:00:00,516.29
2024-11-28 10:00:00,604.08
2024-11-28 11:00:00,630.05
2024-11-28 12:00:00,638.18
2024-11-28 13:00:00,635.93
2024-11-28 14:00:00,514.56
2024-11-28 15:00:00,318.66
2024-11-28 16:00:00,55.13
2024-11-28 17:00:00,0.0
2024-11-28 18:00:00,0.0
2024-11-28 19:00:00,0.0
2024-11-28 20:00:00,0.0
2024-11-28 21:00:00,0.0
2024-11-28 22:00:00,0.0
2024-11-28 23:00:00,0.0
2024-11-29 00:00:00,0.0
2024-11-29 01:00:00,0.0
2024-11-29 02:00:00,0.0
2024-11-29 03:00:00,0.0
2024-11-29 04:00:00,0.0
2024-11-29 05:00:00,0.0
2024-11-29 06:00:00,2.42
2024-11-29 07:00:00,222.86
2024-11-29 08:00:00,447.28
2024-11-29 09:00:00,568.81
2024-11-29 10:00:00,627.22
2024-11-29 11:00:00,617.13
2024-11-29 12:00:00,652.39
2024-11-29 13:00:00,616.52
2024-11-29 14:00:00,495.48
2024-11-29 15:00:00,325.02
2024-11-29 16:00:00,55.58
2024-11-29 17:00:00,0.0
2024-11-29 18:00:00,0.0
2024-11-29 19:00:00,0.0
2024-11-29 20:00:00,0.0
2024-11-29 21:00:00,0.0
2024-11-29 22:00:00,0.0
2024-11-29 23:00:00,0.0
2024-11-30 00:00:00,0.0
2024-11-30 01:00:00,0.0
2024-11-30 02:00:00,0.0
2024-11-30 03:00:00,0.0
2024-11-30 04:00:00,0.0
2024-11-30 05:00:00,0.0
2024-11-30 06:00:00,3.22
2024-11-30 07:00:00,234.58
2024-11-30 08:00:00,461.56
2024-11-30 09:00:00,594.5
2024-11-30 10:00:00,669.83
2024-11-30 11:00:00,589.99
2024-11-30 12:00:00,585.61
2024-11-30 13:00:00,547.99
2024-11-30 14:00:00,447.21
2024-11-30 15:00:00,268.88
2024-11-30 16:00:00,44.41
2024-11-30 17:00:00,0.0
2024-11-30 18:00:00,0.0
2024-11-30 19:00:00,0.0
2024-11-30 20:00:00,0.0
2024-11-30 21:00:00,0.0
2024-11-30 22:00:00,0.0
2024-11-30 23:00:00,0.0
2024-12-01 00:00:00,0.0
2024-12-01 01:00:00,0.0
2024-12-01 02:00:00,0.0
2024-12-01 03:00:00,0.0
2024-12-01 04:00:00,0.0
2024-12-01 05:00:00,0.0
2024-12-01 06:00:00,3.51
2024-12-01 07:00:00,263.06
2024-12-01 08:00:00,488.84
2024-12-01 09:00:00,617.73
2024-12-01 10:00:00,689.85
2024-12-01 11:00:00,604.48
2024-12-01 12:00:00,596.99
2024-12-01 13:00:00,551.53
2024-12-01 14:00:00,469.73
2024-12-01 15:00:00,316.32
2024-12-01 16:00:00,89.06
2024-12-01 17:00:00,0.0
2024-12-01 18:00:00,0.0
2024-12-01 19:00:00,0.0
2024-12-01 20:00:00,0.0
2024-12-01 21:00:00,0.0
2024-12-01 22:00:00,0.0
2024-12-01 23:00:00,0.0
2024-12-02 00:00:00,0.0
2024-12-02 01:00:00,0.0
2024-12-02 02:00:00,0.0
2024-12-02 03:00:00,0.0
2024-12-02 04:00:00,0.0
2024-12-02 05:00:00,0.0
2024-12-02 06:00:00,4.9
2024-12-02 07:00:00,300.17
2024-12-02 08:00:00,532.47
2024-12-02 09:00:00,659.07
2024-12-02 10:00:00,729.65
2024-12-02 11:00:00,696.6
2024-12-02 12:00:00,686.48
2024-12-02 13:00:00,634.77
2024-12-02 14:00:00,550.83
2024-12-02 15:00:00,405.1
2024-12-02 16:00:00,114.27
2024-12-02 17:00:00,0.0
2024-12-02 18:00:00,0.0
2024-12-02 19:00:00,0.0
2024-12-02 20:00:00,0.0
2024-12-02 21:00:00,0.0
2024-12-02 22:00:00,0.0
2024-12-02 23:00:00,0.0
2024-12-03 00:00:00,0.0
2024-12-03 01:00:00,0.0
2024-12-03 02:00:00,0.0
2024-12-03 03:00:00,0.0
2024-12-03 04:00:00,0.0
2024-12-03 05:00:00,0.0
2024-12-03 06:00:00,1.87
2024-12-03 07:00:00,219.56
2024-12-03 08:00:00,432.26
2024-12-03 09:00:00,563.45
2024-12-03 10:00:00,655.9
2024-12-03 11:00:00,749.7
2024-12-03 12:00:00,736.34
2024-12-03 13:00:00,688.0
2024-12-03 14:00:00,608.28
2024-12-03 15:00:00,454.95
2024-12-03 16:00:00,168.68
2024-12-03 17:00:00,0.0
2024-12-03 18:00:00,0.0
2024-12-03 19:00:00,0.0
2024-12-03 20:00:00,0.0
2024-12-03 21:00:00,0.0
2024-12-03 22:00:00,0.0
2024-12-03 23:00:00,0.0
2024-12-04 00:00:00,0.0
2024-12-04 01:00:00,0.0
2024-12-04 02:00:00,0.0
2024-12-04 03:00:00,0.0
2024-12-04 04:00:00,0.0
2024-12-04 05:00:00,0.0
2024-12-04 06:00:00,8.41
2024-12-04 07:00:00,368.01
2024-12-04 08:00:00,611.58
2024-12-04 09:00:00,749.18
2024-12-04 10:00:00,800.34
2024-12-04 11:00:00,808.95
2024-12-04 12:00:00,800.72
2024-12-04 13:00:00,763.39
2024-12-04 14:00:00,695.94
2024-12-04 15:00:00,534.4
2024-12-04 16:00:00,192.33
2024-12-04 17:00:00,0.0
2024-12-04 18:00:00,0.0
2024-12-04 19:00:00,0.0
2024-12-04 20:00:00,0.0
2024-12-04 21:00:00,0.0
2024-12-04 22:00:00,0.0
2024-12-04 23:00:00,0.0
2024-12-05 00:00:00,0.0
2024-12-05 01:00:00,0.0
2024-12-05 02:00:00,0.0
2024-12-05 03:00:00,0.0
2024-12-05 04:00:00,0.0
2024-12-05 05:00:00,0.0
2024-12-05 06:00:00,4.21
2024-12-05 07:00:00,328.1
2024-12-05 08:00:00,586.31
2024-12-05 09:00:00,722.53
2024-12-05 10:00:00,782.92
2024-12-05 11:00:00,824.74
2024-12-05 12:00:00,823.06
2024-12-05 13:00:00,793.97
2024-12-05 14:00:00,736.6
2024-12-05 15:00:00,581.91
2024-12-05 16:00:00,226.88
2024-12-05 17:00:00,0.0
2024-12-05 18:00:00,0.0
2024-12-05 19:00:00,0.0
2024-12-05 20:00:00,0.0
2024-12-05 21:00:00,0.0
2024-12-05 22:00:00,0.0
2024-12-05 23:00:00,0.0
2024-12-06 00:00:00,0.0
2024-12-06 01:00:00,0.0
2024-12-06 02:00:00,0.0
2024-12-06 03:00:00,0.0
2024-12-06 04:00:00,0.0
2024-12-06 05:00:00,0.0
2024-12-06 06:00:00,8.97
2024-12-06 07:00:00,370.08
2024-12-06 08:00:00,610.64
2024-12-06 09:00:00,751.88
2024-12-06 10:00:00,791.04
2024-12-06 11:00:00,813.41
2024-12-06 12:00:00,847.22
2024-12-06 13:00:00,821.45
2024-12-06 14:00:00,755.06
2024-12-06 15:00:00,616.07
2024-12-06 16:00:00,245.18
2024-12-06 17:00:00,0.0
2024-12-06 18:00:00,0.0
2024-12-06 19:00:00,0.0
2024-12-06 20:00:00,0.0
2024-12-06 21:00:00,0.0
2024-12-06 22:00:00,0.0
2024-12-06 23:00:00,0.0
2024-12-07 00:00:00,0.0
2024-12-07 01:00:00,0.0
2024-12-07 02:00:00,0.0
2024-12-07 03:00:00,0.0
2024-12-07 04:00:00,0.0
2024-12-07 05:00:00,0.0
2024-12-07 06:00:00,7.73
2024-12-07 07:00:00,388.83
2024-12-07 08:00:00,663.27
2024-12-07 09:00:00,786.5
2024-12-07 10:00:00,842.07
2024-12-07 11:00:00,828.61
2024-12-07 12:00:00,829.43
2024-12-07 13:00:00,791.52
2024-12-07 14:00:00,725.86
2024-12-07 15:00:00,564.87
2024-12-07 16:00:00,216.87
2024-12-07 17:00:00,0.0
2024-12-07 18:00:00,0.0
2024-12-07 19:00:00,0.0
2024-12-07 20:00:00,0.0
2024-12-07 21:00:00,0.0
2024-12-07 22:00:00,0.0
2024-12-07 23:00:00,0.0
2024-12-08 00:00:00,0.0
2024-12-08 01:00:00,0.0
2024-12-08 02:00:00,0.0
2024-12-08 03:00:00,0.0
2024-12-08 04:00:00,0.0
2024-12-08 05:00:00,0.0
2024-12-08 06:00:00,4.88
2024-12-08 07:00:00,331.08
2024-12-08 08:00:00,619.18
2024-12-08 09:00:00,765.27
2024-12-08 10:00:00,839.66
2024-12-08 11:00:00,763.41
2024-12-08 12:00:00,796.13
2024-12-08 13:00:00,783.25
2024-12-08 14:00:00,733.68
2024-12-08 15:00:00,586.52
2024-12-08 16:00:00,234.24
2024-12-08 17:00:00,0.0
2024-12-08 18:00:00,0.0
2024-12-08 19:00:00,0.0
2024-12-08 20:00:00,0.0
2024-12-08 21:00:00,0.0
2024-12-08 22:00:00,0.0
2024-12-08 23:00:00,0.0
2024-12-09 00:00:00,0.0
2024-12-09 01:00:00,0.0
2024-12-09 02:00:00,0.0
2024-12-09 03:00:00,0.0
2024-12-09 04:00:00,0.0
2024-12-09 05:00:00,0.0
2024-12-09 06:00:00,1.67
2024-12-09 07:00:00,254.98
2024-12-09 08:00:00,499.75
2024-12-09 09:00:00,630.24
2024-12-09 10:00:00,710.83
2024-12-09 11:00:00,727.16
2024-12-09 12:00:00,719.56
2024-12-09 13:00:00,672.69
2024-12-09 14:00:00,589.16
2024-12-09 15:00:00,427.14
2024-12-09 16:00:00,151.64
2024-12-09 17:00:00,0.0
2024-12-09 18:00:00,0.0
2024-12-09 19:00:00,0.0
2024-12-09 20:00:00,0.0
2024-12-09 21:00:00,0.0
2024-12-09 22:00:00,0.0
2024-12-09 23:00:00,0.0
2024-12-10 00:00:00,0.0
2024-12-10 01:00:00,0.0
2024-12-10 02:00:00,0.0
2024-12-10 03:00:00,0.0
2024-12-10 04:00:00,0.0
2024-12-10 05:00:00,0.0
2024-12-10 06:00:00,0.89
2024-12-10 07:00:00,229.33
2024-12-10 08:00:00,460.35
2024-12-10 09:00:00,604.66
2024-12-10 10:00:00,695.36
2024-12-10 11:00:00,805.09
2024-12-10 12:00:00,809.25
2024-12-10 13:00:00,778.29
2024-12-10 14:00:00,716.24
2024-12-10 15:00:00,554.58
2024-12-10 16:00:00,211.73
2024-12-10 17:00:00,0.0
2024-12-10 18:00:00,0.0
2024-12-10 19:00:00,0.0
2024-12-10 20:00:00,0.0
2024-12-10 21:00:00,0.0
2024-12-10 22:00:00,0.0
2024-12-10 23:00:00,0.0
2024-12-11 00:00:00,0.0
2024-12-11 01:00:00,0.0
2024-12-11 02:00:00,0.0
2024-12-11 03:00:00,0.0
2024-12-11 04:00:00,0.0
2024-12-11 05:00:00,0.0
2024-12-11 06:00:00,7.62
2024-12-11 07:00:00,333.1
2024-12-11 08:00:00,654.05
2024-12-11 09:00:00,775.8
2024-12-11 10:00:00,855.99
2024-12-11 11:00:00,854.23
2024-12-11 12:00:00,852.86
2024-12-11 13:00:00,815.99
2024-12-11 14:00:00,754.36
2024-12-11 15:00:00,596.89
2024-12-11 16:00:00,253.45
2024-12-11 17:00:00,0.0
2024-12-11 18:00:00,0.0
2024-12-11 19:00:00,0.0
2024-12-11 20:00:00,0.0
2024-12-11 21:00:00,0.0
2024-12-11 22:00:00,0.0
2024-12-11 23:00:00,0.0
2024-12-12 00:00:00,0.0
2024-12-12 01:00:00,0.0
2024-12-12 02:00:00,0.0
2024-12-12 03:00:00,0.0
2024-12-12 04:00:00,0.0
2024-12-12 05:00:00,0.0
2024-12-12 06:00:00,8.73
2024-12-12 07:00:00,339.72
2024-12-12 08:00:00,687.34
2024-12-12 09:00:00,801.48
2024-12-12 10:00:00,870.71
2024-12-12 11:00:00,733.01
2024-12-12 12:00:00,739.36
2024-12-12 13:00:00,698.3
2024-12-12 14:00:00,635.07
2024-12-12 15:00:00,441.46
2024-12-12 16:00:00,126.24
2024-12-12 17:00:00,0.0
2024-12-12 18:00:00,0.0
2024-12-12 19:00:00,0.0
2024-12-12 20:00:00,0.0
2024-12-12 21:00:00,0.0
2024-12-12 22:00:00,0.0
2024-12-12 23:00:00,0.0
2024-12-13 00:00:00,0.0
2024-12-13 01:00:00,0.0
2024-12-13 02:00:00,0.0
2024-12-13 03:00:00,0.0
2024-12-13 04:00:00,0.0
2024-12-13 05:00:00,0.0
2024-12-13 06:00:00,0.0
2024-12-13 07:00:00,396.86
2024-12-13 08:00:00,676.4
2024-12-13 09:00:00,809.99
2024-12-13 10:00:00,873.64
2024-12-13 11:00:00,836.33
2024-12-13 12:00:00,841.92
2024-12-13 13:00:00,801.47
2024-12-13 14:00:00,727.51
2024-12-13 15:00:00,569.67
2024-12-13 16:00:00,229.71
2024-12-13 17:00:00,0.0
2024-12-13 18:00:00,0.0
2024-12-13 19:00:00,0.0
2024-12-13 20:00:00,0.0
2024-12-13 21:00:00,0.0
2024-12-13 22:00:00,0.0
2024-12-13 23:00:00,0.0
2024-12-14 00:00:00,0.0
2024-12-14 01:00:00,0.0
2024-12-14 02:00:00,0.0
2024-12-14 03:00:00,0.0
2024-12-14 04:00:00,0.0
2024-12-14 05:00:00,0.0
2024-12-14 06:00:00,0.0
2024-12-14 07:00:00,436.84
2024-12-14 08:00:00,720.13
2024-12-14 09:00:00,826.14
2024-12-14 10:00:00,895.86
2024-12-14 11:00:00,933.42
2024-12-14 12:00:00,937.01
2024-12-14 13:00:00,911.08
2024-12-14 14:00:00,857.5
2024-12-14 15:00:00,713.36
2024-12-14 16:00:00,334.22
2024-12-14 17:00:00,0.0
2024-12-14 18:00:00,0.0
2024-12-14 19:00:00,0.0
2024-12-14 20:00:00,0.0
2024-12-14 21:00:00,0.0
2024-12-14 22:00:00,0.0
2024-12-14 23:00:00,0.0
2024-12-15 00:00:00,0.0
2024-12-15 01:00:00,0.0
2024-12-15 02:00:00,0.0
2024-12-15 03:00:00,0.0
2024-12-15 04:00:00,0.0
2024-12-15 05:00:00,0.0
2024-12-15 06:00:00,0.0
2024-12-15 07:00:00,529.18
2024-12-15 08:00:00,841.29
2024-12-15 09:00:00,930.27
2024-12-15 10:00:00,996.77
2024-12-15 11:00:00,965.84
2024-12-15 12:00:00,969.21
2024-12-15 13:00:00,942.22
2024-12-15 14:00:00,895.09
2024-12-15 15:00:00,756.2
2024-12-15 16:00:00,385.84
2024-12-15 17:00:00,0.0
2024-12-15 18:00:00,0.0
2024-12-15 19:00:00,0.0
2024-12-15 20:00:00,0.0
2024-12-15 21:00:00,0.0
2024-12-15 22:00:00,0.0
2024-12-15 23:00:00,0.0
2024-12-16 00:00:00,0.0
2024-12-16 01:00:00,0.0
2024-12-16 02:00:00,0.0
2024-12-16 03:00:00,0.0
2024-12-16 04:00:00,0.0
2024-12-16 05:00:00,0.0
2024-12-16 06:00:00,0.0
2024-12-16 07:00:00,530.59
2024-12-16 08:00:00,824.6
2024-12-16 09:00:00,904.86
2024-12-16 10:00:00,970.8
2024-12-16 11:00:00,917.17
2024-12-16 12:00:00,921.78
2024-12-16 13:00:00,893.84
2024-12-16 14:00:00,840.95
2024-12-16 15:00:00,690.27
2024-12-16 16:00:00,323.33
2024-12-16 17:00:00,0.0
2024-12-16 18:00:00,0.0
2024-12-16 19:00:00,0.0
2024-12-16 20:00:00,0.0
2024-12-16 21:00:00,0.0
2024-12-16 22:00:00,0.0
2024-12-16 23:00:00,0.0
2024-12-17 00:00:00,0.0
2024-12-17 01:00:00,0.0
2024-12-17 02:00:00,0.0
2024-12-17 03:00:00,0.0
2024-12-17 04:00:00,0.0
2024-12-17 05:00:00,0.0
2024-12-17 06:00:00,0.0
2024-12-17 07:00:00,307.69
2024-12-17 08:00:00,623.51
2024-12-17 09:00:00,761.14
2024-12-17 10:00:00,840.7
2024-12-17 11:00:00,717.28
2024-12-17 12:00:00,730.85
2024-12-17 13:00:00,698.51
2024-12-17 14:00:00,629.6
2024-12-17 15:00:00,470.06
2024-12-17 16:00:00,180.31
2024-12-17 17:00:00,0.0
2024-12-17 18:00:00,0.0
2024-12-17 19:00:00,0.0
2024-12-17 20:00:00,0.0
2024-12-17 21:00:00,0.0
2024-12-17 22:00:00,0.0
2024-12-17 23:00:00,0.0
2024-12-18 00:00:00,0.0
2024-12-18 01:00:00,0.0
2024-12-18 02:00:00,0.0
2024-12-18 03:00:00,0.0
2024-12-18 04:00:00,0.0
2024-12-18 05:00:00,0.0
2024-12-18 06:00:00,0.0
2024-12-18 07:00:00,284.43
2024-12-18 08:00:00,590.77
2024-12-18 09:00:00,724.69
2024-12-18 10:00:00,808.47
2024-12-18 11:00:00,584.93
2024-12-18 12:00:00,563.41
2024-12-18 13:00:00,527.3
2024-12-18 14:00:00,460.78
2024-12-18 15:00:00,306.47
2024-12-18 16:00:00,73.02
2024-12-18 17:00:00,0.0
2024-12-18 18:00:00,0.0
2024-12-18 19:00:00,0.0
2024-12-18 20:00:00,0.0
2024-12-18 21:00:00,0.0
2024-12-18 22:00:00,0.0
2024-12-18 23:00:00,0.0
2024-12-19 00:00:00,0.0
2024-12-19 01:00:00,0.0
2024-12-19 02:00:00,0.0
2024-12-19 03:00:00,0.0
2024-12-19 04:00:00,0.0
2024-12-19 05:00:00,0.0
2024-12-19 06:00:00,0.0
2024-12-19 07:00:00,201.71
2024-12-19 08:00:00,467.2
2024-12-19 09:00:00,593.14
2024-12-19 10:00:00,688.46
2024-12-19 11:00:00,488.67
2024-12-19 12:00:00,527.2
2024-12-19 13:00:00,544.14
2024-12-19 14:00:00,482.64
2024-12-19 15:00:00,341.89
2024-12-19 16:00:00,114.76
2024-12-19 17:00:00,0.0
2024-12-19 18:00:00,0.0
2024-12-19 19:00:00,0.0
2024-12-19 20:00:00,0.0
2024-12-19 21:00:00,0.0
2024-12-19 22:00:00,0.0
2024-12-19 23:00:00,0.0
2024-12-20 00:00:00,0.0
2024-12-20 01:00:00,0.0
2024-12-20 02:00:00,0.0
2024-12-20 03:00:00,0.0
2024-12-20 04:00:00,0.0
2024-12-20 05:00:00,0.0
2024-12-20 06:00:00,0.0
2024-12-20 07:00:00,92.03
2024-12-20 08:00:00,282.99
2024-12-20 09:00:00,435.2
2024-12-20 10:00:00,542.89
2024-12-20 11:00:00,307.23
2024-12-20 12:00:00,351.25
2024-12-20 13:00:00,329.94
2024-12-20 14:00:00,264.41
2024-12-20 15:00:00,155.09
2024-12-20 16:00:00,36.5
2024-12-20 17:00:00,0.0
2024-12-20 18:00:00,0.0
2024-12-20 19:00:00,0.0
2024-12-20 20:00:00,0.0
2024-12-20 21:00:00,0.0
2024-12-20 22:00:00,0.0
2024-12-20 23:00:00,0.0
2024-12-21 00:00:00,0.0
2024-12-21 01:00:00,0.0
2024-12-21 02:00:00,0.0
2024-12-21 03:00:00,0.0
2024-12-21 04:00:00,0.0
2024-12-21 05:00:00,0.0
2024-12-21 06:00:00,0.0
2024-12-21 07:00:00,79.14
2024-12-21 08:00:00,211.51
2024-12-21 09:00:00,361.41
2024-12-21 10:00:00,460.74
2024-12-21 11:00:00,454.22
2024-12-21 12:00:00,466.15
2024-12-21 13:00:00,435.52
2024-12-21 14:00:00,365.83
2024-12-21 15:00:00,233.8
2024-12-21 16:00:00,75.93
2024-12-21 17:00:00,0.0
2024-12-21 18:00:00,0.0
2024-12-21 19:00:00,0.0
2024-12-21 20:00:00,0.0
2024-12-21 21:00:00,0.0
2024-12-21 22:00:00,0.0
2024-12-21 23:00:00,0.0
2024-12-22 00:00:00,0.0
2024-12-22 01:00:00,0.0
2024-12-22 02:00:00,0.0
2024-12-22 03:00:00,0.0
2024-12-22 04:00:00,0.0
2024-12-22 05:00:00,0.0
2024-12-22 06:00:00,0.0
2024-12-22 07:00:00,70.96
2024-12-22 08:00:00,245.61
2024-12-22 09:00:00,300.66
2024-12-22 10:00:00,342.09
2024-12-22 11:00:00,567.44
2024-12-22 12:00:00,543.61
2024-12-22 13:00:00,462.02
2024-12-22 14:00:00,361.04
2024-12-22 15:00:00,250.29
2024-12-22 16:00:00,66.61
2024-12-22 17:00:00,0.0
2024-12-22 18:00:00,0.0
2024-12-22 19:00:00,0.0
2024-12-22 20:00:00,0.0
2024-12-22 21:00:00,0.0
2024-12-22 22:00:00,0.0
2024-12-22 23:00:00,0.0
2024-12-23 00:00:00,0.0
2024-12-23 01:00:00,0.0
2024-12-23 02:00:00,0.0
2024-12-23 03:00:00,0.0
2024-12-23 04:00:00,0.0
2024-12-23 05:00:00,0.0
2024-12-23 06:00:00,0.0
2024-12-23 07:00:00,6.1
2024-12-23 08:00:00,24.98
2024-12-23 09:00:00,54.57
2024-12-23 10:00:00,52.2
2024-12-23 11:00:00,66.95
2024-12-23 12:00:00,88.51
2024-12-23 13:00:00,54.35
2024-12-23 14:00:00,56.75
2024-12-23 15:00:00,28.0
2024-12-23 16:00:00,4.24
2024-12-23 17:00:00,0.0
2024-12-23 18:00:00,0.0
2024-12-23 19:00:00,0.0
2024-12-23 20:00:00,0.0
2024-12-23 21:00:00,0.0
2024-12-23 22:00:00,0.0
2024-12-23 23:00:00,0.0
2024-12-24 00:00:00,0.0
2024-12-24 01:00:00,0.0
2024-12-24 02:00:00,0.0
2024-12-24 03:00:00,0.0
2024-12-24 04:00:00,0.0
2024-12-24 05:00:00,0.0
2024-12-24 06:00:00,0.0
2024-12-24 07:00:00,14.43
2024-12-24 08:00:00,84.49
2024-12-24 09:00:00,154.64
2024-12-24 10:00:00,191.05
2024-12-24 11:00:00,72.87
2024-12-24 12:00:00,13.05
2024-12-24 13:00:00,58.02
2024-12-24 14:00:00,41.94
2024-12-24 15:00:00,15.74
2024-12-24 16:00:00,1.36
2024-12-24 17:00:00,0.0
2024-12-24 18:00:00,0.0
2024-12-24 19:00:00,0.0
2024-12-24 20:00:00,0.0
2024-12-24 21:00:00,0.0
2024-12-24 22:00:00,0.0
2024-12-24 23:00:00,0.0
2024-12-25 00:00:00,0.0
2024-12-25 01:00:00,0.0
2024-12-25 02:00:00,0.0
2024-12-25 03:00:00,0.0
2024-12-25 04:00:00,0.0
2024-12-25 05:00:00,0.0
2024-12-25 06:00:00,0.0
2024-12-25 07:00:00,11.7
2024-12-25 08:00:00,80.09
2024-12-25 09:00:00,160.95
2024-12-25 10:00:00,228.6
2024-12-25 11:00:00,130.18
2024-12-25 12:00:00,142.89
2024-12-25 13:00:00,133.57
2024-12-25 14:00:00,100.34
2024-12-25 15:00:00,51.09
2024-12-25 16:00:00,14.41
2024-12-25 17:00:00,0.0
2024-12-25 18:00:00,0.0
2024-12-25 19:00:00,0.0
2024-12-25 20:00:00,0.0
2024-12-25 21:00:00,0.0
2024-12-25 22:00:00,0.0
2024-12-25 23:00:00,0.0
2024-12-26 00:00:00,0.0
2024-12-26 01:00:00,0.0
2024-12-26 02:00:00,0.0
2024-12-26 03:00:00,0.0
2024-12-26 04:00:00,0.0
2024-12-26 05:00:00,0.0
2024-12-26 06:00:00,0.0
2024-12-26 07:00:00,5.81
2024-12-26 08:00:00,33.27
2024-12-26 09:00:00,60.23
2024-12-26 10:00:00,54.97
2024-12-26 11:00:00,68.31
2024-12-26 12:00:00,41.71
2024-12-26 13:00:00,14.94
2024-12-26 14:00:00,17.88
2024-12-26 15:00:00,8.54
2024-12-26 16:00:00,0.94
2024-12-26 17:00:00,0.0
2024-12-26 18:00:00,0.0
2024-12-26 19:00:00,0.0
2024-12-26 20:00:00,0.0
2024-12-26 21:00:00,0.0
2024-12-26 22:00:00,0.0
2024-12-26 23:00:00,0.0
2024-12-27 00:00:00,0.0
2024-12-27 01:00:00,0.0
2024-12-27 02:00:00,0.0
2024-12-27 03:00:00,0.0
2024-12-27 04:00:00,0.0
2024-12-27 05:00:00,0.0
2024-12-27 06:00:00,0.0
2024-12-27 07:00:00,0.53
2024-12-27 08:00:00,0.75
2024-12-27 09:00:00,2.21
2024-12-27 10:00:00,4.86
2024-12-27 11:00:00,11.22
2024-12-27 12:00:00,7.75
2024-12-27 13:00:00,5.24
2024-12-27 14:00:00,1.63
2024-12-27 15:00:00,1.02
2024-12-27 16:00:00,0.0
2024-12-27 17:00:00,0.0
2024-12-27 18:00:00,0.0
2024-12-27 19:00:00,0.0
2024-12-27 20:00:00,0.0
2024-12-27 21:00:00,0.0
2024-12-27 22:00:00,0.0
2024-12-27 23:00:00,0.0
2024-12-28 00:00:00,0.0
2024-12-28 01:00:00,0.0
2024-12-28 02:00:00,0.0
2024-12-28 03:00:00,0.0
2024-12-28 04:00:00,0.0
2024-12-28 05:00:00,0.0
2024-12-28 06:00:00,0.0
2024-12-28 07:00:00,1.29
2024-12-28 08:00:00,6.87
2024-12-28 09:00:00,12.09
2024-12-28 10:00:00,21.67
2024-12-28 11:00:00,55.39
2024-12-28 12:00:00,104.99
2024-12-28 13:00:00,183.41
2024-12-28 14:00:00,161.24
2024-12-28 15:00:00,112.18
2024-12-28 16:00:00,24.73
2024-12-28 17:00:00,0.0
2024-12-28 18:00:00,0.0
2024-12-28 19:00:00,0.0
2024-12-28 20:00:00,0.0
2024-12-28 21:00:00,0.0
2024-12-28 22:00:00,0.0
2024-12-28 23:00:00,0.0
2024-12-29 00:00:00,0.0
2024-12-29 01:00:00,0.0
2024-12-29 02:00:00,0.0
2024-12-29 03:00:00,0.0
2024-12-29 04:00:00,0.0
2024-12-29 05:00:00,0.0
2024-12-29 06:00:00,0.0
2024-12-29 07:00:00,42.5
2024-12-29 08:00:00,90.98
2024-12-29 09:00:00,142.29
2024-12-29 10:00:00,174.8
2024-12-29 11:00:00,302.71
2024-12-29 12:00:00,347.89
2024-12-29 13:00:00,598.44
2024-12-29 14:00:00,573.06
2024-12-29 15:00:00,422.69
2024-12-29 16:00:00,166.55
2024-12-29 17:00:00,0.0
2024-12-29 18:00:00,0.0
2024-12-29 19:00:00,0.0
2024-12-29 20:00:00,0.0
2024-12-29 21:00:00,0.0
2024-12-29 22:00:00,0.0
2024-12-29 23:00:00,0.0
2024-12-30 00:00:00,0.0
2024-12-30 01:00:00,0.0
2024-12-30 02:00:00,0.0
2024-12-30 03:00:00,0.0
2024-12-30 04:00:00,0.0
2024-12-30 05:00:00,0.0
2024-12-30 06:00:00,0.0
2024-12-30 07:00:00,4.87
2024-12-30 08:00:00,20.99
2024-12-30 09:00:00,33.5
2024-12-30 10:00:00,58.49
2024-12-30 11:00:00,285.11
2024-12-30 12:00:00,438.98
2024-12-30 13:00:00,524.35
2024-12-30 14:00:00,500.27
2024-12-30 15:00:00,378.59
2024-12-30 16:00:00,174.62
2024-12-30 17:00:00,0.0
2024-12-30 18:00:00,0.0
2024-12-30 19:00:00,0.0
2024-12-30 20:00:00,0.0
2024-12-30 21:00:00,0.0
2024-12-30 22:00:00,0.0
2024-12-30 23:00:00,0.0
2024-12-31 00:00:00,0.0
2024-12-31 01:00:00,0.0
2024-12-31 02:00:00,0.0
2024-12-31 03:00:00,0.0
2024-12-31 04:00:00,0.0
2024-12-31 05:00:00,0.0
2024-12-31 06:00:00,0.0
2024-12-31 07:00:00,0.0
2024-12-31 08:00:00,9.85
2024-12-31 09:00:00,14.08
2024-12-31 10:00:00,39.71
2024-12-31 11:00:00,25.15
2024-12-31 12:00:00,301.37
2024-12-31 13:00:00,356.76
2024-12-31 14:00:00,260.06
2024-12-31 15:00:00,157.67
2024-12-31 16:00:00,49.69
2024-12-31 17:00:00,0.0
2024-12-31 18:00:00,0.0
2024-12-31 19:00:00,0.0
2024-12-31 20:00:00,0.0
2024-12-31 21:00:00,0.0
2024-12-31 22:00:00,0.0
2024-12-31 23:00:00,0.0
2025-01-01 00:00:00,0.0
2025-01-01 01:00:00,0.0
2025-01-01 02:00:00,0.0
2025-01-01 03:00:00,0.0
2025-01-01 04:00:00,0.0
2025-01-01 05:00:00,0.0
2025-01-01 06:00:00,0.0
2025-01-01 07:00:00,48.22
2025-01-01 08:00:00,139.37
2025-01-01 09:00:00,176.11
2025-01-01 10:00:00,319.16
2025-01-01 11:00:00,325.38
2025-01-01 12:00:00,448.77
2025-01-01 13:00:00,552.47
2025-01-01 14:00:00,490.87
2025-01-01 15:00:00,402.9
2025-01-01 16:00:00,208.21
2025-01-01 17:00:00,0.0
2025-01-01 18:00:00,0.0
2025-01-01 19:00:00,0.0
2025-01-01 20:00:00,0.0
2025-01-01 21:00:00,0.0
2025-01-01 22:00:00,0.0
2025-01-01 23:00:00,0.0
2025-01-02 00:00:00,0.0
2025-01-02 01:00:00,0.0
2025-01-02 02:00:00,0.0
2025-01-02 03:00:00,0.0
2025-01-02 04:00:00,0.0
2025-01-02 05:00:00,0.0
2025-01-02 06:00:00,0.0
2025-01-02 07:00:00,103.42
2025-01-02 08:00:00,331.3
2025-01-02 09:00:00,527.08
2025-01-02 10:00:00,648.64
2025-01-02 11:00:00,785.2
2025-01-02 12:00:00,828.96
2025-01-02 13:00:00,778.71
2025-01-02 14:00:00,615.58
2025-01-02 15:00:00,432.59
2025-01-02 16:00:00,172.02
2025-01-02 17:00:00,0.0
2025-01-02 18:00:00,0.0
2025-01-02 19:00:00,0.0
2025-01-02 20:00:00,0.0
2025-01-02 21:00:00,0.0
2025-01-02 22:00:00,0.0
2025-01-02 23:00:00,0.0
2025-01-03 00:00:00,0.0
2025-01-03 01:00:00,0.0
2025-01-03 02:00:00,0.0
2025-01-03 03:00:00,0.0
2025-01-03 04:00:00,0.0
2025-01-03 05:00:00,0.0
2025-01-03 06:00:00,0.0
2025-01-03 07:00:00,231.3
2025-01-03 08:00:00,544.48
2025-01-03 09:00:00,653.76
2025-01-03 10:00:00,705.36
2025-01-03 11:00:00,889.68
2025-01-03 12:00:00,915.73
2025-01-03 13:00:00,873.22
2025-01-03 14:00:00,824.51
2025-01-03 15:00:00,683.33
2025-01-03 16:00:00,384.55
2025-01-03 17:00:00,0.0
2025-01-03 18:00:00,0.0
2025-01-03 19:00:00,0.0
2025-01-03 20:00:00,0.0
2025-01-03 21:00:00,0.0
2025-01-03 22:00:00,0.0
2025-01-03 23:00:00,0.0
2025-01-04 00:00:00,0.0
2025-01-04 01:00:00,0.0
2025-01-04 02:00:00,0.0
2025-01-04 03:00:00,0.0
2025-01-04 04:00:00,0.0
2025-01-04 05:00:00,0.0
2025-01-04 06:00:00,0.0
2025-01-04 07:00:00,326.72
2025-01-04 08:00:00,655.15
2025-01-04 09:00:00,798.74
2025-01-04 10:00:00,867.08
2025-01-04 11:00:00,905.27
2025-01-04 12:00:00,910.42
2025-01-04 13:00:00,902.07
2025-01-04 14:00:00,823.3
2025-01-04 15:00:00,714.19
2025-01-04 16:00:00,384.96
2025-01-04 17:00:00,0.0
2025-01-04 18:00:00,0.0
2025-01-04 19:00:00,0.0
2025-01-04 20:00:00,0.0
2025-01-04 21:00:00,0.0
2025-01-04 22:00:00,0.0
2025-01-04 23:00:00,0.0
2025-01-05 00:00:00,0.0
2025-01-05 01:00:00,0.0
2025-01-05 02:00:00,0.0
2025-01-05 03:00:00,0.0
2025-01-05 04:00:00,0.0
2025-01-05 05:00:00,0.0
2025-01-05 06:00:00,0.0
2025-01-05 07:00:00,171.79
2025-01-05 08:00:00,412.07
2025-01-05 09:00:00,528.06
2025-01-05 10:00:00,612.76
2025-01-05 11:00:00,521.21
2025-01-05 12:00:00,563.5
2025-01-05 13:00:00,706.95
2025-01-05 14:00:00,653.64
2025-01-05 15:00:00,529.28
2025-01-05 16:00:00,247.06
2025-01-05 17:00:00,0.0
2025-01-05 18:00:00,0.0
2025-01-05 19:00:00,0.0
2025-01-05 20:00:00,0.0
2025-01-05 21:00:00,0.0
2025-01-05 22:00:00,0.0
2025-01-05 23:00:00,0.0
2025-01-06 00:00:00,0.0
2025-01-06 01:00:00,0.0
2025-01-06 02:00:00,0.0
2025-01-06 03:00:00,0.0
2025-01-06 04:00:00,0.0
2025-01-06 05:00:00,0.0
2025-01-06 06:00:00,0.0
2025-01-06 07:00:00,94.42
2025-01-06 08:00:00,281.38
2025-01-06 09:00:00,442.65
2025-01-06 10:00:00,502.14
2025-01-06 11:00:00,375.94
2025-01-06 12:00:00,394.91
2025-01-06 13:00:00,407.18
2025-01-06 14:00:00,341.56
2025-01-06 15:00:00,254.63
2025-01-06 16:00:00,81.89
2025-01-06 17:00:00,0.0
2025-01-06 18:00:00,0.0
2025-01-06 19:00:00,0.0
2025-01-06 20:00:00,0.0
2025-01-06 21:00:00,0.0
2025-01-06 22:00:00,0.0
2025-01-06 23:00:00,0.0
2025-01-07 00:00:00,0.0
2025-01-07 01:00:00,0.0
2025-01-07 02:00:00,0.0
2025-01-07 03:00:00,0.0
2025-01-07 04:00:00,0.0
2025-01-07 05:00:00,0.0
2025-01-07 06:00:00,0.0
2025-01-07 07:00:00,123.01
2025-01-07 08:00:00,352.36
2025-01-07 09:00:00,496.87
2025-01-07 10:00:00,562.44
2025-01-07 11:00:00,692.65
2025-01-07 12:00:00,806.02
2025-01-07 13:00:00,763.88
2025-01-07 14:00:00,706.48
2025-01-07 15:00:00,579.57
2025-01-07 16:00:00,312.08
2025-01-07 17:00:00,0.0
2025-01-07 18:00:00,0.0
2025-01-07 19:00:00,0.0
2025-01-07 20:00:00,0.0
2025-01-07 21:00:00,0.0
2025-01-07 22:00:00,0.0
2025-01-07 23:00:00,0.0
2025-01-08 00:00:00,0.0
2025-01-08 01:00:00,0.0
2025-01-08 02:00:00,0.0
2025-01-08 03:00:00,0.0
2025-01-08 04:00:00,0.0
2025-01-08 05:00:00,0.0
2025-01-08 06:00:00,0.0
2025-01-08 07:00:00,236.85
2025-01-08 08:00:00,581.78
2025-01-08 09:00:00,714.89
2025-01-08 10:00:00,807.23
2025-01-08 11:00:00,899.76
2025-01-08 12:00:00,913.82
2025-01-08 13:00:00,886.79
2025-01-08 14:00:00,837.47
2025-01-08 15:00:00,736.34
2025-01-08 16:00:00,450.78
2025-01-08 17:00:00,0.0
2025-01-08 18:00:00,0.0
2025-01-08 19:00:00,0.0
2025-01-08 20:00:00,0.0
2025-01-08 21:00:00,0.0
2025-01-08 22:00:00,0.0
2025-01-08 23:00:00,0.0
2025-01-09 00:00:00,0.0
2025-01-09 01:00:00,0.0
2025-01-09 02:00:00,0.0
2025-01-09 03:00:00,0.0
2025-01-09 04:00:00,0.0
2025-01-09 05:00:00,0.0
2025-01-09 06:00:00,0.0
2025-01-09 07:00:00,316.77
2025-01-09 08:00:00,684.65
2025-01-09 09:00:00,795.15
2025-01-09 10:00:00,873.26
2025-01-09 11:00:00,871.51
2025-01-09 12:00:00,888.55
2025-01-09 13:00:00,855.2
2025-01-09 14:00:00,796.43
2025-01-09 15:00:00,673.92
2025-01-09 16:00:00,377.82
2025-01-09 17:00:00,8.47
2025-01-09 18:00:00,0.0
2025-01-09 19:00:00,0.0
2025-01-09 20:00:00,0.0
2025-01-09 21:00:00,0.0
2025-01-09 22:00:00,0.0
2025-01-09 23:00:00,0.0
2025-01-10 00:00:00,0.0
2025-01-10 01:00:00,0.0
2025-01-10 02:00:00,0.0
2025-01-10 03:00:00,0.0
2025-01-10 04:00:00,0.0
2025-01-10 05:00:00,0.0
2025-01-10 06:00:00,0.0
2025-01-10 07:00:00,276.22
2025-01-10 08:00:00,618.03
2025-01-10 09:00:00,747.45
2025-01-10 10:00:00,811.17
2025-01-10 11:00:00,796.77
2025-01-10 12:00:00,807.44
2025-01-10 13:00:00,767.86
2025-01-10 14:00:00,688.82
2025-01-10 15:00:00,536.74
2025-01-10 16:00:00,247.76
2025-01-10 17:00:00,2.92
2025-01-10 18:00:00,0.0
2025-01-10 19:00:00,0.0
2025-01-10 20:00:00,0.0
2025-01-10 21:00:00,0.0
2025-01-10 22:00:00,0.0
2025-01-10 23:00:00,0.0
2025-01-11 00:00:00,0.0
2025-01-11 01:00:00,0.0
2025-01-11 02:00:00,0.0
2025-01-11 03:00:00,0.0
2025-01-11 04:00:00,0.0
2025-01-11 05:00:00,0.0
2025-01-11 06:00:00,0.0
2025-01-11 07:00:00,14.57
2025-01-11 08:00:00,56.75
2025-01-11 09:00:00,84.35
2025-01-11 10:00:00,128.0
2025-01-11 11:00:00,115.04
2025-01-11 12:00:00,78.87
2025-01-11 13:00:00,70.42
2025-01-11 14:00:00,66.82
2025-01-11 15:00:00,42.97
2025-01-11 16:00:00,16.52
2025-01-11 17:00:00,0.0
2025-01-11 18:00:00,0.0
2025-01-11 19:00:00,0.0
2025-01-11 20:00:00,0.0
2025-01-11 21:00:00,0.0
2025-01-11 22:00:00,0.0
2025-01-11 23:00:00,0.0
2025-01-12 00:00:00,0.0
2025-01-12 01:00:00,0.0
2025-01-12 02:00:00,0.0
2025-01-12 03:00:00,0.0
2025-01-12 04:00:00,0.0
2025-01-12 05:00:00,0.0
2025-01-12 06:00:00,0.0
2025-01-12 07:00:00,2.45
2025-01-12 08:00:00,18.98
2025-01-12 09:00:00,40.98
2025-01-12 10:00:00,118.77
2025-01-12 11:00:00,170.37
2025-01-12 12:00:00,226.28
2025-01-12 13:00:00,313.95
2025-01-12 14:00:00,366.98
2025-01-12 15:00:00,294.2
2025-01-12 16:00:00,155.58
2025-01-12 17:00:00,1.39
2025-01-12 18:00:00,0.0
2025-01-12 19:00:00,0.0
2025-01-12 20:00:00,0.0
2025-01-12 21:00:00,0.0
2025-01-12 22:00:00,0.0
2025-01-12 23:00:00,0.0
2025-01-13 00:00:00,0.0
2025-01-13 01:00:00,0.0
2025-01-13 02:00:00,0.0
2025-01-13 03:00:00,0.0
2025-01-13 04:00:00,0.0
2025-01-13 05:00:00,0.0
2025-01-13 06:00:00,0.0
2025-01-13 07:00:00,20.53
2025-01-13 08:00:00,112.49
2025-01-13 09:00:00,232.81
2025-01-13 10:00:00,323.29
2025-01-13 11:00:00,395.92
2025-01-13 12:00:00,424.99
2025-01-13 13:00:00,402.09
2025-01-13 14:00:00,327.63
2025-01-13 15:00:00,238.17
2025-01-13 16:00:00,80.77
2025-01-13 17:00:00,0.0
2025-01-13 18:00:00,0.0
2025-01-13 19:00:00,0.0
2025-01-13 20:00:00,0.0
2025-01-13 21:00:00,0.0
2025-01-13 22:00:00,0.0
2025-01-13 23:00:00,0.0
2025-01-14 00:00:00,0.0
2025-01-14 01:00:00,0.0
2025-01-14 02:00:00,0.0
2025-01-14 03:00:00,0.0
2025-01-14 04:00:00,0.0
2025-01-14 05:00:00,0.0
2025-01-14 06:00:00,0.0
2025-01-14 07:00:00,22.91
2025-01-14 08:00:00,123.72
2025-01-14 09:00:00,224.76
2025-01-14 10:00:00,315.11
2025-01-14 11:00:00,497.98
2025-01-14 12:00:00,534.4
2025-01-14 13:00:00,522.98
2025-01-14 14:00:00,443.33
2025-01-14 15:00:00,331.91
2025-01-14 16:00:00,135.25
2025-01-14 17:00:00,0.57
2025-01-14 18:00:00,0.0
2025-01-14 19:00:00,0.0
2025-01-14 20:00:00,0.0
2025-01-14 21:00:00,0.0
2025-01-14 22:00:00,0.0
2025-01-14 23:00:00,0.0
2025-01-15 00:00:00,0.0
2025-01-15 01:00:00,0.0
2025-01-15 02:00:00,0.0
2025-01-15 03:00:00,0.0
2025-01-15 04:00:00,0.0
2025-01-15 05:00:00,0.0
2025-01-15 06:00:00,0.0
2025-01-15 07:00:00,32.51
2025-01-15 08:00:00,125.33
2025-01-15 09:00:00,180.39
2025-01-15 10:00:00,183.82
2025-01-15 11:00:00,66.74
2025-01-15 12:00:00,39.16
2025-01-15 13:00:00,2.25
2025-01-15 14:00:00,6.17
2025-01-15 15:00:00,2.96
2025-01-15 16:00:00,0.94
2025-01-15 17:00:00,0.0
2025-01-15 18:00:00,0.0
2025-01-15 19:00:00,0.0
2025-01-15 20:00:00,0.0
2025-01-15 21:00:00,0.0
2025-01-15 22:00:00,0.0
2025-01-15 23:00:00,0.0
2025-01-16 00:00:00,0.0
2025-01-16 01:00:00,0.0
2025-01-16 02:00:00,0.0
2025-01-16 03:00:00,0.0
2025-01-16 04:00:00,0.0
2025-01-16 05:00:00,0.0
2025-01-16 06:00:00,0.0
2025-01-16 07:00:00,20.35
2025-01-16 08:00:00,143.27
2025-01-16 09:00:00,249.82
2025-01-16 10:00:00,332.14
2025-01-16 11:00:00,495.1
2025-01-16 12:00:00,568.57
2025-01-16 13:00:00,622.97
2025-01-16 14:00:00,573.9
2025-01-16 15:00:00,443.94
2025-01-16 16:00:00,239.1
2025-01-16 17:00:00,2.24
2025-01-16 18:00:00,0.0
2025-01-16 19:00:00,0.0
2025-01-16 20:00:00,0.0
2025-01-16 21:00:00,0.0
2025-01-16 22:00:00,0.0
2025-01-16 23:00:00,0.0
2025-01-17 00:00:00,0.0
2025-01-17 01:00:00,0.0
2025-01-17 02:00:00,0.0
2025-01-17 03:00:00,0.0
2025-01-17 04:00:00,0.0
2025-01-17 05:00:00,0.0
2025-01-17 06:00:00,0.0
2025-01-17 07:00:00,12.92
2025-01-17 08:00:00,68.36
2025-01-17 09:00:00,138.87
2025-01-17 10:00:00,203.09
2025-01-17 11:00:00,389.5
2025-01-17 12:00:00,477.78
2025-01-17 13:00:00,436.93
2025-01-17 14:00:00,536.39
2025-01-17 15:00:00,434.58
2025-01-17 16:00:00,228.3
2025-01-17 17:00:00,4.12
2025-01-17 18:00:00,0.0
2025-01-17 19:00:00,0.0
2025-01-17 20:00:00,0.0
2025-01-17 21:00:00,0.0
2025-01-17 22:00:00,0.0
2025-01-17 23:00:00,0.0
2025-01-18 00:00:00,0.0
2025-01-18 01:00:00,0.0
2025-01-18 02:00:00,0.0
2025-01-18 03:00:00,0.0
2025-01-18 04:00:00,0.0
2025-01-18 05:00:00,0.0
2025-01-18 06:00:00,0.0
2025-01-18 07:00:00,15.24
2025-01-18 08:00:00,84.12
2025-01-18 09:00:00,141.43
2025-01-18 10:00:00,238.74
2025-01-18 11:00:00,406.89
2025-01-18 12:00:00,536.17
2025-01-18 13:00:00,500.22
2025-01-18 14:00:00,425.62
2025-01-18 15:00:00,302.87
2025-01-18 16:00:00,141.91
2025-01-18 17:00:00,0.9
2025-01-18 18:00:00,0.0
2025-01-18 19:00:00,0.0
2025-01-18 20:00:00,0.0
2025-01-18 21:00:00,0.0
2025-01-18 22:00:00,0.0
2025-01-18 23:00:00,0.0
2025-01-19 00:00:00,0.0
2025-01-19 01:00:00,0.0
2025-01-19 02:00:00,0.0
2025-01-19 03:00:00,0.0
2025-01-19 04:00:00,0.0
2025-01-19 05:00:00,0.0
2025-01-19 06:00:00,0.0
2025-01-19 07:00:00,48.61
2025-01-19 08:00:00,217.64
2025-01-19 09:00:00,370.55
2025-01-19 10:00:00,465.41
2025-01-19 11:00:00,540.68
2025-01-19 12:00:00,558.3
2025-01-19 13:00:00,510.79
2025-01-19 14:00:00,436.03
2025-01-19 15:00:00,325.82
2025-01-19 16:00:00,148.2
2025-01-19 17:00:00,1.62
2025-01-19 18:00:00,0.0
2025-01-19 19:00:00,0.0
2025-01-19 20:00:00,0.0
2025-01-19 21:00:00,0.0
2025-01-19 22:00:00,0.0
2025-01-19 23:00:00,0.0
2025-01-20 00:00:00,0.0
2025-01-20 01:00:00,0.0
2025-01-20 02:00:00,0.0
2025-01-20 03:00:00,0.0
2025-01-20 04:00:00,0.0
2025-01-20 05:00:00,0.0
2025-01-20 06:00:00,0.0
2025-01-20 07:00:00,72.31
2025-01-20 08:00:00,294.31
2025-01-20 09:00:00,415.89
2025-01-20 10:00:00,517.26
2025-01-20 11:00:00,575.25
2025-01-20 12:00:00,592.65
2025-01-20 13:00:00,573.86
2025-01-20 14:00:00,493.17
2025-01-20 15:00:00,366.42
2025-01-20 16:00:00,193.25
2025-01-20 17:00:00,2.57
2025-01-20 18:00:00,0.0
2025-01-20 19:00:00,0.0
2025-01-20 20:00:00,0.0
2025-01-20 21:00:00,0.0
2025-01-20 22:00:00,0.0
2025-01-20 23:00:00,0.0
2025-01-21 00:00:00,0.0
2025-01-21 01:00:00,0.0
2025-01-21 02:00:00,0.0
2025-01-21 03:00:00,0.0
2025-01-21 04:00:00,0.0
2025-01-21 05:00:00,0.0
2025-01-21 06:00:00,0.0
2025-01-21 07:00:00,119.58
2025-01-21 08:00:00,332.76
2025-01-21 09:00:00,497.24
2025-01-21 10:00:00,612.4
2025-01-21 11:00:00,512.07
2025-01-21 12:00:00,530.49
2025-01-21 13:00:00,527.32
2025-01-21 14:00:00,443.93
2025-01-21 15:00:00,340.48
2025-01-21 16:00:00,170.28
2025-01-21 17:00:00,1.94
2025-01-21 18:00:00,0.0
2025-01-21 19:00:00,0.0
2025-01-21 20:00:00,0.0
2025-01-21 21:00:00,0.0
2025-01-21 22:00:00,0.0
2025-01-21 23:00:00,0.0
2025-01-22 00:00:00,0.0
2025-01-22 01:00:00,0.0
2025-01-22 02:00:00,0.0
2025-01-22 03:00:00,0.0
2025-01-22 04:00:00,0.0
2025-01-22 05:00:00,0.0
2025-01-22 06:00:00,0.0
2025-01-22 07:00:00,100.76
2025-01-22 08:00:00,333.8
2025-01-22 09:00:00,489.97
2025-01-22 10:00:00,578.8
2025-01-22 11:00:00,443.28
2025-01-22 12:00:00,464.1
2025-01-22 13:00:00,469.48
2025-01-22 14:00:00,400.99
2025-01-22 15:00:00,298.56
2025-01-22 16:00:00,129.07
2025-01-22 17:00:00,1.4
2025-01-22 18:00:00,0.0
2025-01-22 19:00:00,0.0
2025-01-22 20:00:00,0.0
2025-01-22 21:00:00,0.0
2025-01-22 22:00:00,0.0
2025-01-22 23:00:00,0.0
2025-01-23 00:00:00,0.0
2025-01-23 01:00:00,0.0
2025-01-23 02:00:00,0.0
2025-01-23 03:00:00,0.0
2025-01-23 04:00:00,0.0
2025-01-23 05:00:00,0.0
2025-01-23 06:00:00,0.0
2025-01-23 07:00:00,108.35
2025-01-23 08:00:00,368.98
2025-01-23 09:00:00,491.11
2025-01-23 10:00:00,547.99
2025-01-23 11:00:00,415.03
2025-01-23 12:00:00,467.24
2025-01-23 13:00:00,436.58
2025-01-23 14:00:00,384.22
2025-01-23 15:00:00,284.71
2025-01-23 16:00:00,184.45
2025-01-23 17:00:00,1.3
2025-01-23 18:00:00,0.0
2025-01-23 19:00:00,0.0
2025-01-23 20:00:00,0.0
2025-01-23 21:00:00,0.0
2025-01-23 22:00:00,0.0
2025-01-23 23:00:00,0.0
2025-01-24 00:00:00,0.0
2025-01-24 01:00:00,0.0
2025-01-24 02:00:00,0.0
2025-01-24 03:00:00,0.0
2025-01-24 04:00:00,0.0
2025-01-24 05:00:00,0.0
2025-01-24 06:00:00,0.0
2025-01-24 07:00:00,297.13
2025-01-24 08:00:00,651.61
2025-01-24 09:00:00,795.69
2025-01-24 10:00:00,873.92
2025-01-24 11:00:00,922.31
2025-01-24 12:00:00,934.03
2025-01-24 13:00:00,903.39
2025-01-24 14:00:00,850.07
2025-01-24 15:00:00,734.97
2025-01-24 16:00:00,509.44
2025-01-24 17:00:00,30.31
2025-01-24 18:00:00,0.0
2025-01-24 19:00:00,0.0
2025-01-24 20:00:00,0.0
2025-01-24 21:00:00,0.0
2025-01-24 22:00:00,0.0
2025-01-24 23:00:00,0.0
2025-01-25 00:00:00,0.0
2025-01-25 01:00:00,0.0
2025-01-25 02:00:00,0.0
2025-01-25 03:00:00,0.0
2025-01-25 04:00:00,0.0
2025-01-25 05:00:00,0.0
2025-01-25 06:00:00,0.0
2025-01-25 07:00:00,418.31
2025-01-25 08:00:00,773.17
2025-01-25 09:00:00,883.42
2025-01-25 10:00:00,942.86
2025-01-25 11:00:00,994.93
2025-01-25 12:00:00,998.99
2025-01-25 13:00:00,975.69
2025-01-25 14:00:00,930.4
2025-01-25 15:00:00,837.96
2025-01-25 16:00:00,601.38
2025-01-25 17:00:00,53.73
2025-01-25 18:00:00,0.0
2025-01-25 19:00:00,0.0
2025-01-25 20:00:00,0.0
2025-01-25 21:00:00,0.0
2025-01-25 22:00:00,0.0
2025-01-25 23:00:00,0.0
2025-01-26 00:00:00,0.0
2025-01-26 01:00:00,0.0
2025-01-26 02:00:00,0.0
2025-01-26 03:00:00,0.0
2025-01-26 04:00:00,0.0
2025-01-26 05:00:00,0.0
2025-01-26 06:00:00,0.0
2025-01-26 07:00:00,469.5
2025-01-26 08:00:00,822.9
2025-01-26 09:00:00,921.97
2025-01-26 10:00:00,978.08
2025-01-26 11:00:00,992.37
2025-01-26 12:00:00,992.06
2025-01-26 13:00:00,984.23
2025-01-26 14:00:00,923.57
2025-01-26 15:00:00,829.01
2025-01-26 16:00:00,600.32
2025-01-26 17:00:00,78.79
2025-01-26 18:00:00,0.0
2025-01-26 19:00:00,0.0
2025-01-26 20:00:00,0.0
2025-01-26 21:00:00,0.0
2025-01-26 22:00:00,0.0
2025-01-26 23:00:00,0.0
2025-01-27 00:00:00,0.0
2025-01-27 01:00:00,0.0
2025-01-27 02:00:00,0.0
2025-01-27 03:00:00,0.0
2025-01-27 04:00:00,0.0
2025-01-27 05:00:00,0.0
2025-01-27 06:00:00,0.0
2025-01-27 07:00:00,454.48
2025-01-27 08:00:00,805.72
2025-01-27 09:00:00,906.21
2025-01-27 10:00:00,963.02
2025-01-27 11:00:00,985.86
2025-01-27 12:00:00,987.72
2025-01-27 13:00:00,981.02
2025-01-27 14:00:00,922.21
2025-01-27 15:00:00,831.38
2025-01-27 16:00:00,622.74
2025-01-27 17:00:00,87.52
2025-01-27 18:00:00,0.0
2025-01-27 19:00:00,0.0
2025-01-27 20:00:00,0.0
2025-01-27 21:00:00,0.0
2025-01-27 22:00:00,0.0
2025-01-27 23:00:00,0.0
2025-01-28 00:00:00,0.0
2025-01-28 01:00:00,0.0
2025-01-28 02:00:00,0.0
2025-01-28 03:00:00,0.0
2025-01-28 04:00:00,0.0
2025-01-28 05:00:00,0.0
2025-01-28 06:00:00,0.0
2025-01-28 07:00:00,435.21
2025-01-28 08:00:00,775.61
2025-01-28 09:00:00,877.7
2025-01-28 10:00:00,933.56
2025-01-28 11:00:00,962.23
2025-01-28 12:00:00,962.63
2025-01-28 13:00:00,954.33
2025-01-28 14:00:00,798.87
2025-01-28 15:00:00,661.22
2025-01-28 16:00:00,397.69
2025-01-28 17:00:00,38.18
2025-01-28 18:00:00,0.0
2025-01-28 19:00:00,0.0
2025-01-28 20:00:00,0.0
2025-01-28 21:00:00,0.0
2025-01-28 22:00:00,0.0
2025-01-28 23:00:00,0.0
2025-01-29 00:00:00,0.0
2025-01-29 01:00:00,0.0
2025-01-29 02:00:00,0.0
2025-01-29 03:00:00,0.0
2025-01-29 04:00:00,0.0
2025-01-29 05:00:00,0.0
2025-01-29 06:00:00,0.0
2025-01-29 07:00:00,335.83
2025-01-29 08:00:00,649.17
2025-01-29 09:00:00,790.09
2025-01-29 10:00:00,857.02
2025-01-29 11:00:00,887.12
2025-01-29 12:00:00,897.12
2025-01-29 13:00:00,883.07
2025-01-29 14:00:00,850.69
2025-01-29 15:00:00,729.11
2025-01-29 16:00:00,498.4
2025-01-29 17:00:00,40.85
2025-01-29 18:00:00,0.0
2025-01-29 19:00:00,0.0
2025-01-29 20:00:00,0.0
2025-01-29 21:00:00,0.0
2025-01-29 22:00:00,0.0
2025-01-29 23:00:00,0.0
2025-01-30 00:00:00,0.0
2025-01-30 01:00:00,0.0
2025-01-30 02:00:00,0.0
2025-01-30 03:00:00,0.0
2025-01-30 04:00:00,0.0
2025-01-30 05:00:00,0.0
2025-01-30 06:00:00,0.0
2025-01-30 07:00:00,248.38
2025-01-30 08:00:00,581.99
2025-01-30 09:00:00,725.24
2025-01-30 10:00:00,802.96
2025-01-30 11:00:00,883.93
2025-01-30 12:00:00,900.0
2025-01-30 13:00:00,888.59
2025-01-30 14:00:00,832.56
2025-01-30 15:00:00,720.39
2025-01-30 16:00:00,492.03
2025-01-30 17:00:00,35.59
2025-01-30 18:00:00,0.0
2025-01-30 19:00:00,0.0
2025-01-30 20:00:00,0.0
2025-01-30 21:00:00,0.0
2025-01-30 22:00:00,0.0
2025-01-30 23:00:00,0.0
2025-01-31 00:00:00,0.0
2025-01-31 01:00:00,0.0
2025-01-31 02:00:00,0.0
2025-01-31 03:00:00,0.0
2025-01-31 04:00:00,0.0
2025-01-31 05:00:00,0.0
2025-01-31 06:00:00,0.0
2025-01-31 07:00:00,266.61
2025-01-31 08:00:00,558.91
2025-01-31 09:00:00,689.53
2025-01-31 10:00:00,749.12
2025-01-31 11:00:00,844.75
2025-01-31 12:00:00,846.18
2025-01-31 13:00:00,844.45
2025-01-31 14:00:00,778.81
2025-01-31 15:00:00,656.97
2025-01-31 16:00:00,433.94
2025-01-31 17:00:00,21.29
2025-01-31 18:00:00,0.0
2025-01-31 19:00:00,0.0
2025-01-31 20:00:00,0.0
2025-01-31 21:00:00,0.0
2025-01-31 22:00:00,0.0
2025-01-31 23:00:00,0.0
2025-02-01 00:00:00,0.0
2025-02-01 01:00:00,0.0
2025-02-01 02:00:00,0.0
2025-02-01 03:00:00,0.0
2025-02-01 04:00:00,0.0
2025-02-01 05:00:00,0.0
2025-02-01 06:00:00,0.0
2025-02-01 07:00:00,220.21
2025-02-01 08:00:00,517.66
2025-02-01 09:00:00,665.16
2025-02-01 10:00:00,752.49
2025-02-01 11:00:00,716.96
2025-02-01 12:00:00,747.54
2025-02-01 13:00:00,766.56
2025-02-01 14:00:00,593.17
2025-02-01 15:00:00,543.36
2025-02-01 16:00:00,358.03
2025-02-01 17:00:00,23.26
2025-02-01 18:00:00,0.0
2025-02-01 19:00:00,0.0
2025-02-01 20:00:00,0.0
2025-02-01 21:00:00,0.0
2025-02-01 22:00:00,0.0
2025-02-01 23:00:00,0.0
2025-02-02 00:00:00,0.0
2025-02-02 01:00:00,0.0
2025-02-02 02:00:00,0.0
2025-02-02 03:00:00,0.0
2025-02-02 04:00:00,0.0
2025-02-02 05:00:00,0.0
2025-02-02 06:00:00,0.0
2025-02-02 07:00:00,261.63
2025-02-02 08:00:00,552.59
2025-02-02 09:00:00,716.64
2025-02-02 10:00:00,809.59
2025-02-02 11:00:00,671.11
2025-02-02 12:00:00,695.45
2025-02-02 13:00:00,693.4
2025-02-02 14:00:00,635.2
2025-02-02 15:00:00,533.0
2025-02-02 16:00:00,347.34
2025-02-02 17:00:00,15.07
2025-02-02 18:00:00,0.0
2025-02-02 19:00:00,0.0
2025-02-02 20:00:00,0.0
2025-02-02 21:00:00,0.0
2025-02-02 22:00:00,0.0
2025-02-02 23:00:00,0.0
2025-02-03 00:00:00,0.0
2025-02-03 01:00:00,0.0
2025-02-03 02:00:00,0.0
2025-02-03 03:00:00,0.0
2025-02-03 04:00:00,0.0
2025-02-03 05:00:00,0.0
2025-02-03 06:00:00,0.0
2025-02-03 07:00:00,216.51
2025-02-03 08:00:00,508.67
2025-02-03 09:00:00,645.82
2025-02-03 10:00:00,717.16
2025-02-03 11:00:00,661.35
2025-02-03 12:00:00,676.12
2025-02-03 13:00:00,691.2
2025-02-03 14:00:00,581.18
2025-02-03 15:00:00,425.56
2025-02-03 16:00:00,190.56
2025-02-03 17:00:00,6.52
2025-02-03 18:00:00,0.0
2025-02-03 19:00:00,0.0
2025-02-03 20:00:00,0.0
2025-02-03 21:00:00,0.0
2025-02-03 22:00:00,0.0
2025-02-03 23:00:00,0.0
2025-02-04 00:00:00,0.0
2025-02-04 01:00:00,0.0
2025-02-04 02:00:00,0.0
2025-02-04 03:00:00,0.0
2025-02-04 04:00:00,0.0
2025-02-04 05:00:00,0.0
2025-02-04 06:00:00,0.0
2025-02-04 07:00:00,43.85
2025-02-04 08:00:00,83.02
2025-02-04 09:00:00,129.34
2025-02-04 10:00:00,157.51
2025-02-04 11:00:00,145.22
2025-02-04 12:00:00,259.02
2025-02-04 13:00:00,225.85
2025-02-04 14:00:00,240.89
2025-02-04 15:00:00,266.64
2025-02-04 16:00:00,170.45
2025-02-04 17:00:00,8.37
2025-02-04 18:00:00,0.0
2025-02-04 19:00:00,0.0
2025-02-04 20:00:00,0.0
2025-02-04 21:00:00,0.0
2025-02-04 22:00:00,0.0
2025-02-04 23:00:00,0.0
2025-02-05 00:00:00,0.0
2025-02-05 01:00:00,0.0
2025-02-05 02:00:00,0.0
2025-02-05 03:00:00,0.0
2025-02-05 04:00:00,0.0
2025-02-05 05:00:00,0.0
2025-02-05 06:00:00,0.0
2025-02-05 07:00:00,336.73
2025-02-05 08:00:00,628.34
2025-02-05 09:00:00,777.63
2025-02-05 10:00:00,860.56
2025-02-05 11:00:00,891.99
2025-02-05 12:00:00,912.22
2025-02-05 13:00:00,905.78
2025-02-05 14:00:00,856.23
2025-02-05 15:00:00,746.67
2025-02-05 16:00:00,549.69
2025-02-05 17:00:00,69.39
2025-02-05 18:00:00,0.0
2025-02-05 19:00:00,0.0
2025-02-05 20:00:00,0.0
2025-02-05 21:00:00,0.0
2025-02-05 22:00:00,0.0
2025-02-05 23:00:00,0.0
2025-02-06 00:00:00,0.0
2025-02-06 01:00:00,0.0
2025-02-06 02:00:00,0.0
2025-02-06 03:00:00,0.0
2025-02-06 04:00:00,0.0
2025-02-06 05:00:00,0.0
2025-02-06 06:00:00,0.0
2025-02-06 07:00:00,389.79
2025-02-06 08:00:00,672.95
2025-02-06 09:00:00,822.14
2025-02-06 10:00:00,896.31
2025-02-06 11:00:00,927.73
2025-02-06 12:00:00,938.74
2025-02-06 13:00:00,926.31
2025-02-06 14:00:00,863.15
2025-02-06 15:00:00,740.58
2025-02-06 16:00:00,536.1
2025-02-06 17:00:00,84.12
2025-02-06 18:00:00,0.0
2025-02-06 19:00:00,0.0
2025-02-06 20:00:00,0.0
2025-02-06 21:00:00,0.0
2025-02-06 22:00:00,0.0
2025-02-06 23:00:00,0.0
2025-02-07 00:00:00,0.0
2025-02-07 01:00:00,0.0
2025-02-07 02:00:00,0.0
2025-02-07 03:00:00,0.0
2025-02-07 04:00:00,0.0
2025-02-07 05:00:00,0.0
2025-02-07 06:00:00,0.0
2025-02-07 07:00:00,367.22
2025-02-07 08:00:00,641.2
2025-02-07 09:00:00,791.77
2025-02-07 10:00:00,866.67
2025-02-07 11:00:00,928.53
2025-02-07 12:00:00,936.59
2025-02-07 13:00:00,936.53
2025-02-07 14:00:00,853.2
2025-02-07 15:00:00,738.6
2025-02-07 16:00:00,520.08
2025-02-07 17:00:00,65.67
2025-02-07 18:00:00,0.0
2025-02-07 19:00:00,0.0
2025-02-07 20:00:00,0.0
2025-02-07 21:00:00,0.0
2025-02-07 22:00:00,0.0
2025-02-07 23:00:00,0.0
2025-02-08 00:00:00,0.0
2025-02-08 01:00:00,0.0
2025-02-08 02:00:00,0.0
2025-02-08 03:00:00,0.0
2025-02-08 04:00:00,0.0
2025-02-08 05:00:00,0.0
2025-02-08 06:00:00,0.0
2025-02-08 07:00:00,162.31
2025-02-08 08:00:00,411.53
2025-02-08 09:00:00,623.49
2025-02-08 10:00:00,753.36
2025-02-08 11:00:00,763.35
2025-02-08 12:00:00,736.13
2025-02-08 13:00:00,708.59
2025-02-08 14:00:00,598.16
2025-02-08 15:00:00,578.52
2025-02-08 16:00:00,422.92
2025-02-08 17:00:00,68.29
2025-02-08 18:00:00,0.0
2025-02-08 19:00:00,0.0
2025-02-08 20:00:00,0.0
2025-02-08 21:00:00,0.0
2025-02-08 22:00:00,0.0
2025-02-08 23:00:00,0.0
2025-02-09 00:00:00,0.0
2025-02-09 01:00:00,0.0
2025-02-09 02:00:00,0.0
2025-02-09 03:00:00,0.0
2025-02-09 04:00:00,0.0
2025-02-09 05:00:00,0.0
2025-02-09 06:00:00,0.0
2025-02-09 07:00:00,412.44
2025-02-09 08:00:00,679.47
2025-02-09 09:00:00,809.64
2025-02-09 10:00:00,902.68
2025-02-09 11:00:00,873.84
2025-02-09 12:00:00,871.53
2025-02-09 13:00:00,705.98
2025-02-09 14:00:00,546.99
2025-02-09 15:00:00,506.52
2025-02-09 16:00:00,406.47
2025-02-09 17:00:00,75.27
2025-02-09 18:00:00,0.0
2025-02-09 19:00:00,0.0
2025-02-09 20:00:00,0.0
2025-02-09 21:00:00,0.0
2025-02-09 22:00:00,0.0
2025-02-09 23:00:00,0.0
2025-02-10 00:00:00,0.0
2025-02-10 01:00:00,0.0
2025-02-10 02:00:00,0.0
2025-02-10 03:00:00,0.0
2025-02-10 04:00:00,0.0
2025-02-10 05:00:00,0.0
2025-02-10 06:00:00,2.4
2025-02-10 07:00:00,111.42
2025-02-10 08:00:00,210.17
2025-02-10 09:00:00,289.25
2025-02-10 10:00:00,278.96
2025-02-10 11:00:00,531.12
2025-02-10 12:00:00,766.15
2025-02-10 13:00:00,831.46
2025-02-10 14:00:00,520.62
2025-02-10 15:00:00,449.87
2025-02-10 16:00:00,421.13
2025-02-10 17:00:00,66.89
2025-02-10 18:00:00,0.0
2025-02-10 19:00:00,0.0
2025-02-10 20:00:00,0.0
2025-02-10 21:00:00,0.0
2025-02-10 22:00:00,0.0
2025-02-10 23:00:00,0.0
2025-02-11 00:00:00,0.0
2025-02-11 01:00:00,0.0
2025-02-11 02:00:00,0.0
2025-02-11 03:00:00,0.0
2025-02-11 04:00:00,0.0
2025-02-11 05:00:00,0.0
2025-02-11 06:00:00,3.32
2025-02-11 07:00:00,278.81
2025-02-11 08:00:00,539.26
2025-02-11 09:00:00,707.56
2025-02-11 10:00:00,763.84
2025-02-11 11:00:00,775.54
2025-02-11 12:00:00,781.65
2025-02-11 13:00:00,789.81
2025-02-11 14:00:00,736.62
2025-02-11 15:00:00,635.59
2025-02-11 16:00:00,428.24
2025-02-11 17:00:00,43.58
2025-02-11 18:00:00,0.0
2025-02-11 19:00:00,0.0
2025-02-11 20:00:00,0.0
2025-02-11 21:00:00,0.0
2025-02-11 22:00:00,0.0
2025-02-11 23:00:00,0.0
2025-02-12 00:00:00,0.0
2025-02-12 01:00:00,0.0
2025-02-12 02:00:00,0.0
2025-02-12 03:00:00,0.0
2025-02-12 04:00:00,0.0
2025-02-12 05:00:00,0.0
2025-02-12 06:00:00,1.52
2025-02-12 07:00:00,261.45
2025-02-12 08:00:00,536.33
2025-02-12 09:00:00,714.25
2025-02-12 10:00:00,786.28
2025-02-12 11:00:00,881.35
2025-02-12 12:00:00,891.63
2025-02-12 13:00:00,887.62
2025-02-12 14:00:00,834.52
2025-02-12 15:00:00,727.16
2025-02-12 16:00:00,504.7
2025-02-12 17:00:00,65.88
2025-02-12 18:00:00,0.0
2025-02-12 19:00:00,0.0
2025-02-12 20:00:00,0.0
2025-02-12 21:00:00,0.0
2025-02-12 22:00:00,0.0
2025-02-12 23:00:00,0.0
2025-02-13 00:00:00,0.0
2025-02-13 01:00:00,0.0
2025-02-13 02:00:00,0.0
2025-02-13 03:00:00,0.0
2025-02-13 04:00:00,0.0
2025-02-13 05:00:00,0.0
2025-02-13 06:00:00,0.64
2025-02-13 07:00:00,254.51
2025-02-13 08:00:00,517.2
2025-02-13 09:00:00,669.25
2025-02-13 10:00:00,750.82
2025-02-13 11:00:00,895.32
2025-02-13 12:00:00,898.21
2025-02-13 13:00:00,894.27
2025-02-13 14:00:00,848.27
2025-02-13 15:00:00,753.73
2025-02-13 16:00:00,539.17
2025-02-13 17:00:00,78.55
2025-02-13 18:00:00,0.0
2025-02-13 19:00:00,0.0
2025-02-13 20:00:00,0.0
2025-02-13 21:00:00,0.0
2025-02-13 22:00:00,0.0
2025-02-13 23:00:00,0.0
2025-02-14 00:00:00,0.0
2025-02-14 01:00:00,0.0
2025-02-14 02:00:00,0.0
2025-02-14 03:00:00,0.0
2025-02-14 04:00:00,0.0
2025-02-14 05:00:00,0.0
2025-02-14 06:00:00,1.21
2025-02-14 07:00:00,241.1
2025-02-14 08:00:00,485.05
2025-02-14 09:00:00,623.61
2025-02-14 10:00:00,692.45
2025-02-14 11:00:00,787.59
2025-02-14 12:00:00,800.39
2025-02-14 13:00:00,737.24
2025-02-14 14:00:00,721.46
2025-02-14 15:00:00,635.58
2025-02-14 16:00:00,469.93
2025-02-14 17:00:00,62.1
2025-02-14 18:00:00,0.0
2025-02-14 19:00:00,0.0
2025-02-14 20:00:00,0.0
2025-02-14 21:00:00,0.0
2025-02-14 22:00:00,0.0
2025-02-14 23:00:00,0.0
2025-02-15 00:00:00,0.0
2025-02-15 01:00:00,0.0
2025-02-15 02:00:00,0.0
2025-02-15 03:00:00,0.0
2025-02-15 04:00:00,0.0
2025-02-15 05:00:00,0.0
2025-02-15 06:00:00,0.0
2025-02-15 07:00:00,107.79
2025-02-15 08:00:00,340.79
2025-02-15 09:00:00,522.76
2025-02-15 10:00:00,579.34
2025-02-15 11:00:00,818.59
2025-02-15 12:00:00,822.1
2025-02-15 13:00:00,837.25
2025-02-15 14:00:00,795.8
2025-02-15 15:00:00,710.91
2025-02-15 16:00:00,518.23
2025-02-15 17:00:00,82.32
2025-02-15 18:00:00,0.0
2025-02-15 19:00:00,0.0
2025-02-15 20:00:00,0.0
2025-02-15 21:00:00,0.0
2025-02-15 22:00:00,0.0
2025-02-15 23:00:00,0.0
2025-02-16 00:00:00,0.0
2025-02-16 01:00:00,0.0
2025-02-16 02:00:00,0.0
2025-02-16 03:00:00,0.0
2025-02-16 04:00:00,0.0
2025-02-16 05:00:00,0.0
2025-02-16 06:00:00,5.23
2025-02-16 07:00:00,359.3
2025-02-16 08:00:00,609.91
2025-02-16 09:00:00,756.12
2025-02-16 10:00:00,802.99
2025-02-16 11:00:00,807.65
2025-02-16 12:00:00,826.55
2025-02-16 13:00:00,816.89
2025-02-16 14:00:00,741.32
2025-02-16 15:00:00,624.47
2025-02-16 16:00:00,420.41
2025-02-16 17:00:00,55.68
2025-02-16 18:00:00,0.0
2025-02-16 19:00:00,0.0
2025-02-16 20:00:00,0.0
2025-02-16 21:00:00,0.0
2025-02-16 22:00:00,0.0
2025-02-16 23:00:00,0.0
2025-02-17 00:00:00,0.0
2025-02-17 01:00:00,0.0
2025-02-17 02:00:00,0.0
2025-02-17 03:00:00,0.0
2025-02-17 04:00:00,0.0
2025-02-17 05:00:00,0.0
2025-02-17 06:00:00,1.02
2025-02-17 07:00:00,225.1
2025-02-17 08:00:00,462.81
2025-02-17 09:00:00,591.27
2025-02-17 10:00:00,702.98
2025-02-17 11:00:00,735.16
2025-02-17 12:00:00,763.31
2025-02-17 13:00:00,771.58
2025-02-17 14:00:00,695.08
2025-02-17 15:00:00,606.56
2025-02-17 16:00:00,422.42
2025-02-17 17:00:00,56.26
2025-02-17 18:00:00,0.0
2025-02-17 19:00:00,0.0
2025-02-17 20:00:00,0.0
2025-02-17 21:00:00,0.0
2025-02-17 22:00:00,0.0
2025-02-17 23:00:00,0.0
2025-02-18 00:00:00,0.0
2025-02-18 01:00:00,0.0
2025-02-18 02:00:00,0.0
2025-02-18 03:00:00,0.0
2025-02-18 04:00:00,0.0
2025-02-18 05:00:00,0.0
2025-02-18 06:00:00,0.9
2025-02-18 07:00:00,89.04
2025-02-18 08:00:00,229.91
2025-02-18 09:00:00,382.82
2025-02-18 10:00:00,681.28
2025-02-18 11:00:00,626.64
2025-02-18 12:00:00,692.88
2025-02-18 13:00:00,705.09
2025-02-18 14:00:00,655.59
2025-02-18 15:00:00,556.49
2025-02-18 16:00:00,366.05
2025-02-18 17:00:00,44.14
2025-02-18 18:00:00,0.0
2025-02-18 19:00:00,0.0
2025-02-18 20:00:00,0.0
2025-02-18 21:00:00,0.0
2025-02-18 22:00:00,0.0
2025-02-18 23:00:00,0.0
2025-02-19 00:00:00,0.0
2025-02-19 01:00:00,0.0
2025-02-19 02:00:00,0.0
2025-02-19 03:00:00,0.0
2025-02-19 04:00:00,0.0
2025-02-19 05:00:00,0.0
2025-02-19 06:00:00,1.65
2025-02-19 07:00:00,243.32
2025-02-19 08:00:00,474.12
2025-02-19 09:00:00,611.45
2025-02-19 10:00:00,565.58
2025-02-19 11:00:00,475.91
2025-02-19 12:00:00,351.56
2025-02-19 13:00:00,387.0
2025-02-19 14:00:00,507.89
2025-02-19 15:00:00,362.25
2025-02-19 16:00:00,190.29
2025-02-19 17:00:00,10.5
2025-02-19 18:00:00,0.0
2025-02-19 19:00:00,0.0
2025-02-19 20:00:00,0.0
2025-02-19 21:00:00,0.0
2025-02-19 22:00:00,0.0
2025-02-19 23:00:00,0.0
2025-02-20 00:00:00,0.0
2025-02-20 01:00:00,0.0
2025-02-20 02:00:00,0.0
2025-02-20 03:00:00,0.0
2025-02-20 04:00:00,0.0
2025-02-20 05:00:00,0.0
2025-02-20 06:00:00,2.05
2025-02-20 07:00:00,265.96
2025-02-20 08:00:00,497.29
2025-02-20 09:00:00,633.37
2025-02-20 10:00:00,694.59
2025-02-20 11:00:00,795.95
2025-02-20 12:00:00,804.54
2025-02-20 13:00:00,756.4
2025-02-20 14:00:00,708.79
2025-02-20 15:00:00,607.61
2025-02-20 16:00:00,427.97
2025-02-20 17:00:00,53.03
2025-02-20 18:00:00,0.0
2025-02-20 19:00:00,0.0
2025-02-20 20:00:00,0.0
2025-02-20 21:00:00,0.0
2025-02-20 22:00:00,0.0
2025-02-20 23:00:00,0.0
2025-02-21 00:00:00,0.0
2025-02-21 01:00:00,0.0
2025-02-21 02:00:00,0.0
2025-02-21 03:00:00,0.0
2025-02-21 04:00:00,0.0
2025-02-21 05:00:00,0.0
2025-02-21 06:00:00,0.49
2025-02-21 07:00:00,187.88
2025-02-21 08:00:00,430.61
2025-02-21 09:00:00,578.45
2025-02-21 10:00:00,663.36
2025-02-21 11:00:00,722.5
2025-02-21 12:00:00,744.36
2025-02-21 13:00:00,731.99
2025-02-21 14:00:00,687.71
2025-02-21 15:00:00,569.51
2025-02-21 16:00:00,380.09
2025-02-21 17:00:00,42.85
2025-02-21 18:00:00,0.0
2025-02-21 19:00:00,0.0
2025-02-21 20:00:00,0.0
2025-02-21 21:00:00,0.0
2025-02-21 22:00:00,0.0
2025-02-21 23:00:00,0.0
2025-02-22 00:00:00,0.0
2025-02-22 01:00:00,0.0
2025-02-22 02:00:00,0.0
2025-02-22 03:00:00,0.0
2025-02-22 04:00:00,0.0
2025-02-22 05:00:00,0.0
2025-02-22 06:00:00,0.92
2025-02-22 07:00:00,246.77
2025-02-22 08:00:00,438.47
2025-02-22 09:00:00,585.38
2025-02-22 10:00:00,668.29
2025-02-22 11:00:00,815.94
2025-02-22 12:00:00,829.73
2025-02-22 13:00:00,831.11
2025-02-22 14:00:00,783.36
2025-02-22 15:00:00,690.52
2025-02-22 16:00:00,521.45
2025-02-22 17:00:00,106.03
2025-02-22 18:00:00,0.0
2025-02-22 19:00:00,0.0
2025-02-22 20:00:00,0.0
2025-02-22 21:00:00,0.0
2025-02-22 22:00:00,0.0
2025-02-22 23:00:00,0.0
2025-02-23 00:00:00,0.0
2025-02-23 01:00:00,0.0
2025-02-23 02:00:00,0.0
2025-02-23 03:00:00,0.0
2025-02-23 04:00:00,0.0
2025-02-23 05:00:00,0.0
2025-02-23 06:00:00,9.8
2025-02-23 07:00:00,388.26
2025-02-23 08:00:00,648.09
2025-02-23 09:00:00,753.42
2025-02-23 10:00:00,828.3
2025-02-23 11:00:00,838.19
2025-02-23 12:00:00,850.39
2025-02-23 13:00:00,842.39
2025-02-23 14:00:00,794.22
2025-02-23 15:00:00,700.1
2025-02-23 16:00:00,487.54
2025-02-23 17:00:00,93.87
2025-02-23 18:00:00,0.0
2025-02-23 19:00:00,0.0
2025-02-23 20:00:00,0.0
2025-02-23 21:00:00,0.0
2025-02-23 22:00:00,0.0
2025-02-23 23:00:00,0.0
2025-02-24 00:00:00,0.0
2025-02-24 01:00:00,0.0
2025-02-24 02:00:00,0.0
2025-02-24 03:00:00,0.0
2025-02-24 04:00:00,0.0
2025-02-24 05:00:00,0.0
2025-02-24 06:00:00,9.01
2025-02-24 07:00:00,361.98
2025-02-24 08:00:00,633.04
2025-02-24 09:00:00,750.47
2025-02-24 10:00:00,816.14
2025-02-24 11:00:00,882.17
2025-02-24 12:00:00,891.58
2025-02-24 13:00:00,870.8
2025-02-24 14:00:00,824.22
2025-02-24 15:00:00,734.0
2025-02-24 16:00:00,557.54
2025-02-24 17:00:00,143.16
2025-02-24 18:00:00,0.0
2025-02-24 19:00:00,0.0
2025-02-24 20:00:00,0.0
2025-02-24 21:00:00,0.0
2025-02-24 22:00:00,0.0
2025-02-24 23:00:00,0.0
2025-02-25 00:00:00,0.0
2025-02-25 01:00:00,0.0
2025-02-25 02:00:00,0.0
2025-02-25 03:00:00,0.0
2025-02-25 04:00:00,0.0
2025-02-25 05:00:00,0.0
2025-02-25 06:00:00,3.34
2025-02-25 07:00:00,223.31
2025-02-25 08:00:00,431.18
2025-02-25 09:00:00,547.43
2025-02-25 10:00:00,613.89
2025-02-25 11:00:00,213.34
2025-02-25 12:00:00,192.79
2025-02-25 13:00:00,20.35
2025-02-25 14:00:00,18.24
2025-02-25 15:00:00,0.67
2025-02-25 16:00:00,5.88
2025-02-25 17:00:00,0.0
2025-02-25 18:00:00,0.0
2025-02-25 19:00:00,0.0
2025-02-25 20:00:00,0.0
2025-02-25 21:00:00,0.0
2025-02-25 22:00:00,0.0
2025-02-25 23:00:00,0.0
2025-02-26 00:00:00,0.0
2025-02-26 01:00:00,0.0
2025-02-26 02:00:00,0.0
2025-02-26 03:00:00,0.0
2025-02-26 04:00:00,0.0
2025-02-26 05:00:00,0.0
2025-02-26 06:00:00,1.39
2025-02-26 07:00:00,57.93
2025-02-26 08:00:00,162.09
2025-02-26 09:00:00,274.39
2025-02-26 10:00:00,395.65
2025-02-26 11:00:00,482.12
2025-02-26 12:00:00,695.33
2025-02-26 13:00:00,783.33
2025-02-26 14:00:00,710.0
2025-02-26 15:00:00,617.7
2025-02-26 16:00:00,414.97
2025-02-26 17:00:00,77.23
2025-02-26 18:00:00,0.0
2025-02-26 19:00:00,0.0
2025-02-26 20:00:00,0.0
2025-02-26 21:00:00,0.0
2025-02-26 22:00:00,0.0
2025-02-26 23:00:00,0.0
2025-02-27 00:00:00,0.0
2025-02-27 01:00:00,0.0
2025-02-27 02:00:00,0.0
2025-02-27 03:00:00,0.0
2025-02-27 04:00:00,0.0
2025-02-27 05:00:00,0.0
2025-02-27 06:00:00,1.31
2025-02-27 07:00:00,54.71
2025-02-27 08:00:00,149.33
2025-02-27 09:00:00,271.83
2025-02-27 10:00:00,186.54
2025-02-27 11:00:00,155.11
2025-02-27 12:00:00,273.73
2025-02-27 13:00:00,333.21
2025-02-27 14:00:00,105.7
2025-02-27 15:00:00,15.51
2025-02-27 16:00:00,2.7
2025-02-27 17:00:00,0.92
2025-02-27 18:00:00,0.0
2025-02-27 19:00:00,0.0
2025-02-27 20:00:00,0.0
2025-02-27 21:00:00,0.0
2025-02-27 22:00:00,0.0
2025-02-27 23:00:00,0.0
2025-02-28 00:00:00,0.0
2025-02-28 01:00:00,0.0
2025-02-28 02:00:00,0.0
2025-02-28 03:00:00,0.0
2025-02-28 04:00:00,0.0
2025-02-28 05:00:00,0.0
2025-02-28 06:00:00,0.0
2025-02-28 07:00:00,0.0
2025-02-28 08:00:00,0.14
2025-02-28 09:00:00,1.28
2025-02-28 10:00:00,51.39
2025-02-28 11:00:00,33.08
2025-02-28 12:00:00,196.01
2025-02-28 13:00:00,129.36
2025-02-28 14:00:00,64.49
2025-02-28 15:00:00,123.9
2025-02-28 16:00:00,145.73
2025-02-28 17:00:00,26.88
2025-02-28 18:00:00,0.0
2025-02-28 19:00:00,0.0
2025-02-28 20:00:00,0.0
2025-02-28 21:00:00,0.0
2025-02-28 22:00:00,0.0
2025-02-28 23:00:00,0.0
2025-03-01 00:00:00,0.0
2025-03-01 01:00:00,0.0
2025-03-01 02:00:00,0.0
2025-03-01 03:00:00,0.0
2025-03-01 04:00:00,0.0
2025-03-01 05:00:00,0.0
2025-03-01 06:00:00,0.0
2025-03-01 07:00:00,109.59
2025-03-01 08:00:00,281.31
2025-03-01 09:00:00,440.83
2025-03-01 10:00:00,519.39
2025-03-01 11:00:00,505.73
2025-03-01 12:00:00,784.3
2025-03-01 13:00:00,573.47
2025-03-01 14:00:00,494.42
2025-03-01 15:00:00,443.65
2025-03-01 16:00:00,261.33
2025-03-01 17:00:00,33.85
2025-03-01 18:00:00,0.0
2025-03-01 19:00:00,0.0
2025-03-01 20:00:00,0.0
2025-03-01 21:00:00,0.0
2025-03-01 22:00:00,0.0
2025-03-01 23:00:00,0.0
2025-03-02 00:00:00,0.0
2025-03-02 01:00:00,0.0
2025-03-02 02:00:00,0.0
2025-03-02 03:00:00,0.0
2025-03-02 04:00:00,0.0
2025-03-02 05:00:00,0.0
2025-03-02 06:00:00,3.6
2025-03-02 07:00:00,205.16
2025-03-02 08:00:00,442.31
2025-03-02 09:00:00,682.9
2025-03-02 10:00:00,761.68
2025-03-02 11:00:00,551.9
2025-03-02 12:00:00,499.95
2025-03-02 13:00:00,406.34
2025-03-02 14:00:00,482.61
2025-03-02 15:00:00,428.07
2025-03-02 16:00:00,212.25
2025-03-02 17:00:00,18.57
2025-03-02 18:00:00,0.0
2025-03-02 19:00:00,0.0
2025-03-02 20:00:00,0.0
2025-03-02 21:00:00,0.0
2025-03-02 22:00:00,0.0
2025-03-02 23:00:00,0.0
2025-03-03 00:00:00,0.0
2025-03-03 01:00:00,0.0
2025-03-03 02:00:00,0.0
2025-03-03 03:00:00,0.0
2025-03-03 04:00:00,0.0
2025-03-03 05:00:00,0.0
2025-03-03 06:00:00,1.79
2025-03-03 07:00:00,128.29
2025-03-03 08:00:00,313.76
2025-03-03 09:00:00,440.04
2025-03-03 10:00:00,519.54
2025-03-03 11:00:00,649.07
2025-03-03 12:00:00,723.68
2025-03-03 13:00:00,719.91
2025-03-03 14:00:00,675.15
2025-03-03 15:00:00,583.79
2025-03-03 16:00:00,278.51
2025-03-03 17:00:00,19.8
2025-03-03 18:00:00,0.0
2025-03-03 19:00:00,0.0
2025-03-03 20:00:00,0.0
2025-03-03 21:00:00,0.0
2025-03-03 22:00:00,0.0
2025-03-03 23:00:00,0.0
2025-03-04 00:00:00,0.0
2025-03-04 01:00:00,0.0
2025-03-04 02:00:00,0.0
2025-03-04 03:00:00,0.0
2025-03-04 04:00:00,0.0
2025-03-04 05:00:00,0.0
2025-03-04 06:00:00,0.79
2025-03-04 07:00:00,106.02
2025-03-04 08:00:00,367.97
2025-03-04 09:00:00,568.01
2025-03-04 10:00:00,618.5
2025-03-04 11:00:00,808.59
2025-03-04 12:00:00,853.65
2025-03-04 13:00:00,911.48
2025-03-04 14:00:00,885.08
2025-03-04 15:00:00,791.13
2025-03-04 16:00:00,431.55
2025-03-04 17:00:00,80.38
2025-03-04 18:00:00,0.0
2025-03-04 19:00:00,0.0
2025-03-04 20:00:00,0.0
2025-03-04 21:00:00,0.0
2025-03-04 22:00:00,0.0
2025-03-04 23:00:00,0.0
2025-03-05 00:00:00,0.0
2025-03-05 01:00:00,0.0
2025-03-05 02:00:00,0.0
2025-03-05 03:00:00,0.0
2025-03-05 04:00:00,0.0
2025-03-05 05:00:00,0.0
2025-03-05 06:00:00,22.89
2025-03-05 07:00:00,219.35
2025-03-05 08:00:00,467.52
2025-03-05 09:00:00,609.57
2025-03-05 10:00:00,693.33
2025-03-05 11:00:00,831.35
2025-03-05 12:00:00,923.87
2025-03-05 13:00:00,978.86
2025-03-05 14:00:00,844.81
2025-03-05 15:00:00,680.45
2025-03-05 16:00:00,503.3
2025-03-05 17:00:00,152.83
2025-03-05 18:00:00,0.0
2025-03-05 19:00:00,0.0
2025-03-05 20:00:00,0.0
2025-03-05 21:00:00,0.0
2025-03-05 22:00:00,0.0
2025-03-05 23:00:00,0.0
2025-03-06 00:00:00,0.0
2025-03-06 01:00:00,0.0
2025-03-06 02:00:00,0.0
2025-03-06 03:00:00,0.0
2025-03-06 04:00:00,0.0
2025-03-06 05:00:00,0.0
2025-03-06 06:00:00,11.83
2025-03-06 07:00:00,213.0
2025-03-06 08:00:00,424.16
2025-03-06 09:00:00,589.63
2025-03-06 10:00:00,667.53
2025-03-06 11:00:00,825.14
2025-03-06 12:00:00,875.18
2025-03-06 13:00:00,949.39
2025-03-06 14:00:00,834.77
2025-03-06 15:00:00,692.62
2025-03-06 16:00:00,473.06
2025-03-06 17:00:00,157.39
2025-03-06 18:00:00,0.0
2025-03-06 19:00:00,0.0
2025-03-06 20:00:00,0.0
2025-03-06 21:00:00,0.0
2025-03-06 22:00:00,0.0
2025-03-06 23:00:00,0.0
2025-03-07 00:00:00,0.0
2025-03-07 01:00:00,0.0
2025-03-07 02:00:00,0.0
2025-03-07 03:00:00,0.0
2025-03-07 04:00:00,0.0
2025-03-07 05:00:00,0.0
2025-03-07 06:00:00,17.17
2025-03-07 07:00:00,199.79
2025-03-07 08:00:00,540.27
2025-03-07 09:00:00,591.39
2025-03-07 10:00:00,763.72
2025-03-07 11:00:00,847.35
2025-03-07 12:00:00,934.08
2025-03-07 13:00:00,864.12
2025-03-07 14:00:00,771.65
2025-03-07 15:00:00,639.11
2025-03-07 16:00:00,396.94
2025-03-07 17:00:00,98.77
2025-03-07 18:00:00,0.0
2025-03-07 19:00:00,0.0
2025-03-07 20:00:00,0.0
2025-03-07 21:00:00,0.0
2025-03-07 22:00:00,0.0
2025-03-07 23:00:00,0.0
2025-03-08 00:00:00,0.0
2025-03-08 01:00:00,0.0
2025-03-08 02:00:00,0.0
2025-03-08 03:00:00,0.0
2025-03-08 04:00:00,0.0
2025-03-08 05:00:00,0.0
2025-03-08 06:00:00,19.34
2025-03-08 07:00:00,222.91
2025-03-08 08:00:00,408.86
2025-03-08 09:00:00,554.64
2025-03-08 10:00:00,714.99
2025-03-08 11:00:00,865.8
2025-03-08 12:00:00,981.98
2025-03-08 13:00:00,850.41
2025-03-08 14:00:00,718.08
2025-03-08 15:00:00,523.87
2025-03-08 16:00:00,348.03
2025-03-08 17:00:00,63.63
2025-03-08 18:00:00,0.0
2025-03-08 19:00:00,0.0
2025-03-08 20:00:00,0.0
2025-03-08 21:00:00,0.0
2025-03-08 22:00:00,0.0
2025-03-08 23:00:00,0.0
2025-03-09 00:00:00,0.0
2025-03-09 01:00:00,0.0
2025-03-09 02:00:00,0.0
2025-03-09 03:00:00,0.0
2025-03-09 04:00:00,0.0
2025-03-09 05:00:00,0.0
2025-03-09 06:00:00,38.98
2025-03-09 07:00:00,329.73
2025-03-09 08:00:00,573.5
2025-03-09 09:00:00,688.99
2025-03-09 10:00:00,787.4
2025-03-09 11:00:00,831.92
2025-03-09 12:00:00,906.57
2025-03-09 13:00:00,885.62
2025-03-09 14:00:00,817.95
2025-03-09 15:00:00,677.64
2025-03-09 16:00:00,399.24
2025-03-09 17:00:00,87.9
2025-03-09 18:00:00,0.0
2025-03-09 19:00:00,0.0
2025-03-09 20:00:00,0.0
2025-03-09 21:00:00,0.0
2025-03-09 22:00:00,0.0
2025-03-09 23:00:00,0.0
2025-03-10 00:00:00,0.0
2025-03-10 01:00:00,0.0
2025-03-10 02:00:00,0.0
2025-03-10 03:00:00,0.0
2025-03-10 04:00:00,0.0
2025-03-10 05:00:00,0.0
2025-03-10 06:00:00,16.29
2025-03-10 07:00:00,242.52
2025-03-10 08:00:00,454.15
2025-03-10 09:00:00,649.98
2025-03-10 10:00:00,656.69
2025-03-10 11:00:00,673.72
2025-03-10 12:00:00,846.18
2025-03-10 13:00:00,851.25
2025-03-10 14:00:00,829.35
2025-03-10 15:00:00,740.32
2025-03-10 16:00:00,458.18
2025-03-10 17:00:00,79.12
2025-03-10 18:00:00,0.0
2025-03-10 19:00:00,0.0
2025-03-10 20:00:00,0.0
2025-03-10 21:00:00,0.0
2025-03-10 22:00:00,0.0
2025-03-10 23:00:00,0.0
2025-03-11 00:00:00,0.0
2025-03-11 01:00:00,0.0
2025-03-11 02:00:00,0.0
2025-03-11 03:00:00,0.0
2025-03-11 04:00:00,0.0
2025-03-11 05:00:00,0.0
2025-03-11 06:00:00,16.22
2025-03-11 07:00:00,239.47
2025-03-11 08:00:00,470.96
2025-03-11 09:00:00,597.41
2025-03-11 10:00:00,686.34
2025-03-11 11:00:00,533.85
2025-03-11 12:00:00,835.45
2025-03-11 13:00:00,831.27
2025-03-11 14:00:00,814.24
2025-03-11 15:00:00,519.58
2025-03-11 16:00:00,278.45
2025-03-11 17:00:00,70.63
2025-03-11 18:00:00,0.0
2025-03-11 19:00:00,0.0
2025-03-11 20:00:00,0.0
2025-03-11 21:00:00,0.0
2025-03-11 22:00:00,0.0
2025-03-11 23:00:00,0.0
2025-03-12 00:00:00,0.0
2025-03-12 01:00:00,0.0
2025-03-12 02:00:00,0.0
2025-03-12 03:00:00,0.0
2025-03-12 04:00:00,0.0
2025-03-12 05:00:00,0.0
2025-03-12 06:00:00,11.53
2025-03-12 07:00:00,227.71
2025-03-12 08:00:00,379.59
2025-03-12 09:00:00,575.93
2025-03-12 10:00:00,700.72
2025-03-12 11:00:00,822.67
2025-03-12 12:00:00,819.83
2025-03-12 13:00:00,725.78
2025-03-12 14:00:00,766.24
2025-03-12 15:00:00,713.94
2025-03-12 16:00:00,416.24
2025-03-12 17:00:00,66.91
2025-03-12 18:00:00,0.0
2025-03-12 19:00:00,0.0
2025-03-12 20:00:00,0.0
2025-03-12 21:00:00,0.0
2025-03-12 22:00:00,0.0
2025-03-12 23:00:00,0.0
2025-03-13 00:00:00,0.0
2025-03-13 01:00:00,0.0
2025-03-13 02:00:00,0.0
2025-03-13 03:00:00,0.0
2025-03-13 04:00:00,0.0
2025-03-13 05:00:00,0.0
2025-03-13 06:00:00,16.87
2025-03-13 07:00:00,234.2
2025-03-13 08:00:00,440.77
2025-03-13 09:00:00,618.15
2025-03-13 10:00:00,713.14
2025-03-13 11:00:00,829.34
2025-03-13 12:00:00,846.64
2025-03-13 13:00:00,842.14
2025-03-13 14:00:00,731.92
2025-03-13 15:00:00,638.54
2025-03-13 16:00:00,408.77
2025-03-13 17:00:00,88.91
2025-03-13 18:00:00,0.0
2025-03-13 19:00:00,0.0
2025-03-13 20:00:00,0.0
2025-03-13 21:00:00,0.0
2025-03-13 22:00:00,0.0
2025-03-13 23:00:00,0.0
2025-03-14 00:00:00,0.0
2025-03-14 01:00:00,0.0
2025-03-14 02:00:00,0.0
2025-03-14 03:00:00,0.0
2025-03-14 04:00:00,0.0
2025-03-14 05:00:00,0.0
2025-03-14 06:00:00,12.47
2025-03-14 07:00:00,248.27
2025-03-14 08:00:00,479.02
2025-03-14 09:00:00,573.32
2025-03-14 10:00:00,572.34
2025-03-14 11:00:00,569.86
2025-03-14 12:00:00,631.81
2025-03-14 13:00:00,522.07
2025-03-14 14:00:00,299.58
2025-03-14 15:00:00,62.16
2025-03-14 16:00:00,68.13
2025-03-14 17:00:00,7.41
2025-03-14 18:00:00,0.0
2025-03-14 19:00:00,0.0
2025-03-14 20:00:00,0.0
2025-03-14 21:00:00,0.0
2025-03-14 22:00:00,0.0
2025-03-14 23:00:00,0.0
2025-03-15 00:00:00,0.0
2025-03-15 01:00:00,0.0
2025-03-15 02:00:00,0.0
2025-03-15 03:00:00,0.0
2025-03-15 04:00:00,0.0
2025-03-15 05:00:00,0.0
2025-03-15 06:00:00,3.57
2025-03-15 07:00:00,85.04
2025-03-15 08:00:00,191.64
2025-03-15 09:00:00,380.97
2025-03-15 10:00:00,301.59
2025-03-15 11:00:00,377.17
2025-03-15 12:00:00,231.64
2025-03-15 13:00:00,537.31
2025-03-15 14:00:00,323.2
2025-03-15 15:00:00,280.9
2025-03-15 16:00:00,118.73
2025-03-15 17:00:00,26.08
2025-03-15 18:00:00,0.0
2025-03-15 19:00:00,0.0
2025-03-15 20:00:00,0.0
2025-03-15 21:00:00,0.0
2025-03-15 22:00:00,0.0
2025-03-15 23:00:00,0.0
2025-03-16 00:00:00,0.0
2025-03-16 01:00:00,0.0
2025-03-16 02:00:00,0.0
2025-03-16 03:00:00,0.0
2025-03-16 04:00:00,0.0
2025-03-16 05:00:00,0.0
2025-03-16 06:00:00,20.13
2025-03-16 07:00:00,247.52
2025-03-16 08:00:00,496.19
2025-03-16 09:00:00,667.16
2025-03-16 10:00:00,720.76
2025-03-16 11:00:00,687.31
2025-03-16 12:00:00,590.97
2025-03-16 13:00:00,543.43
2025-03-16 14:00:00,323.19
2025-03-16 15:00:00,315.7
2025-03-16 16:00:00,261.06
2025-03-16 17:00:00,44.22
2025-03-16 18:00:00,0.0
2025-03-16 19:00:00,0.0
2025-03-16 20:00:00,0.0
2025-03-16 21:00:00,0.0
2025-03-16 22:00:00,0.0
2025-03-16 23:00:00,0.0
2025-03-17 00:00:00,0.0
2025-03-17 01:00:00,0.0
2025-03-17 02:00:00,0.0
2025-03-17 03:00:00,0.0
2025-03-17 04:00:00,0.0
2025-03-17 05:00:00,0.0
2025-03-17 06:00:00,46.87
2025-03-17 07:00:00,412.36
2025-03-17 08:00:00,665.68
2025-03-17 09:00:00,782.42
2025-03-17 10:00:00,824.39
2025-03-17 11:00:00,872.7
2025-03-17 12:00:00,865.64
2025-03-17 13:00:00,879.92
2025-03-17 14:00:00,845.18
2025-03-17 15:00:00,759.78
2025-03-17 16:00:00,469.25
2025-03-17 17:00:00,116.96
2025-03-17 18:00:00,0.0
2025-03-17 19:00:00,0.0
2025-03-17 20:00:00,0.0
2025-03-17 21:00:00,0.0
2025-03-17 22:00:00,0.0
2025-03-17 23:00:00,0.0
2025-03-18 00:00:00,0.0
2025-03-18 01:00:00,0.0
2025-03-18 02:00:00,0.0
2025-03-18 03:00:00,0.0
2025-03-18 04:00:00,0.0
2025-03-18 05:00:00,0.0
2025-03-18 06:00:00,78.76
2025-03-18 07:00:00,478.63
2025-03-18 08:00:00,739.4
2025-03-18 09:00:00,811.94
2025-03-18 10:00:00,885.11
2025-03-18 11:00:00,958.72
2025-03-18 12:00:00,969.32
2025-03-18 13:00:00,873.16
2025-03-18 14:00:00,755.74
2025-03-18 15:00:00,599.01
2025-03-18 16:00:00,347.89
2025-03-18 17:00:00,87.05
2025-03-18 18:00:00,0.0
2025-03-18 19:00:00,0.0
2025-03-18 20:00:00,0.0
2025-03-18 21:00:00,0.0
2025-03-18 22:00:00,0.0
2025-03-18 23:00:00,0.0
2025-03-19 00:00:00,0.0
2025-03-19 01:00:00,0.0
2025-03-19 02:00:00,0.0
2025-03-19 03:00:00,0.0
2025-03-19 04:00:00,0.0
2025-03-19 05:00:00,0.0
2025-03-19 06:00:00,41.28
2025-03-19 07:00:00,249.39
2025-03-19 08:00:00,459.2
2025-03-19 09:00:00,594.6
2025-03-19 10:00:00,704.7
2025-03-19 11:00:00,799.87
2025-03-19 12:00:00,884.66
2025-03-19 13:00:00,773.21
2025-03-19 14:00:00,613.6
2025-03-19 15:00:00,480.67
2025-03-19 16:00:00,263.52
2025-03-19 17:00:00,72.1
2025-03-19 18:00:00,0.0
2025-03-19 19:00:00,0.0
2025-03-19 20:00:00,0.0
2025-03-19 21:00:00,0.0
2025-03-19 22:00:00,0.0
2025-03-19 23:00:00,0.0
2025-03-20 00:00:00,0.0
2025-03-20 01:00:00,0.0
2025-03-20 02:00:00,0.0
2025-03-20 03:00:00,0.0
2025-03-20 04:00:00,0.0
2025-03-20 05:00:00,0.0
2025-03-20 06:00:00,25.52
2025-03-20 07:00:00,141.81
2025-03-20 08:00:00,300.66
2025-03-20 09:00:00,458.79
2025-03-20 10:00:00,541.68
2025-03-20 11:00:00,432.19
2025-03-20 12:00:00,416.32
2025-03-20 13:00:00,504.57
2025-03-20 14:00:00,292.5
2025-03-20 15:00:00,186.94
2025-03-20 16:00:00,131.61
2025-03-20 17:00:00,12.06
2025-03-20 18:00:00,0.0
2025-03-20 19:00:00,0.0
2025-03-20 20:00:00,0.0
2025-03-20 21:00:00,0.0
2025-03-20 22:00:00,0.0
2025-03-20 23:00:00,0.0
2025-03-21 00:00:00,0.0
2025-03-21 01:00:00,0.0
2025-03-21 02:00:00,0.0
2025-03-21 03:00:00,0.0
2025-03-21 04:00:00,0.0
2025-03-21 05:00:00,0.0
2025-03-21 06:00:00,13.77
2025-03-21 07:00:00,201.56
2025-03-21 08:00:00,384.41
2025-03-21 09:00:00,513.64
2025-03-21 10:00:00,594.79
2025-03-21 11:00:00,686.82
2025-03-21 12:00:00,721.16
2025-03-21 13:00:00,701.96
2025-03-21 14:00:00,638.63
2025-03-21 15:00:00,523.46
2025-03-21 16:00:00,302.12
2025-03-21 17:00:00,60.11
2025-03-21 18:00:00,0.0
2025-03-21 19:00:00,0.0
2025-03-21 20:00:00,0.0
2025-03-21 21:00:00,0.0
2025-03-21 22:00:00,0.0
2025-03-21 23:00:00,0.0
2025-03-22 00:00:00,0.0
2025-03-22 01:00:00,0.0
2025-03-22 02:00:00,0.0
2025-03-22 03:00:00,0.0
2025-03-22 04:00:00,0.0
2025-03-22 05:00:00,0.0
2025-03-22 06:00:00,32.27
2025-03-22 07:00:00,254.71
2025-03-22 08:00:00,447.73
2025-03-22 09:00:00,552.67
2025-03-22 10:00:00,701.82
2025-03-22 11:00:00,809.71
2025-03-22 12:00:00,896.05
2025-03-22 13:00:00,873.44
2025-03-22 14:00:00,876.49
2025-03-22 15:00:00,680.16
2025-03-22 16:00:00,432.51
2025-03-22 17:00:00,150.13
2025-03-22 18:00:00,0.0
2025-03-22 19:00:00,0.0
2025-03-22 20:00:00,0.0
2025-03-22 21:00:00,0.0
2025-03-22 22:00:00,0.0
2025-03-22 23:00:00,0.0
2025-03-23 00:00:00,0.0
2025-03-23 01:00:00,0.0
2025-03-23 02:00:00,0.0
2025-03-23 03:00:00,0.0
2025-03-23 04:00:00,0.0
2025-03-23 05:00:00,0.0
2025-03-23 06:00:00,119.22
2025-03-23 07:00:00,407.03
2025-03-23 08:00:00,659.75
2025-03-23 09:00:00,728.85
2025-03-23 10:00:00,873.9
2025-03-23 11:00:00,875.99
2025-03-23 12:00:00,959.88
2025-03-23 13:00:00,825.39
2025-03-23 14:00:00,667.79
2025-03-23 15:00:00,524.92
2025-03-23 16:00:00,301.08
2025-03-23 17:00:00,90.02
2025-03-23 18:00:00,0.0
2025-03-23 19:00:00,0.0
2025-03-23 20:00:00,0.0
2025-03-23 21:00:00,0.0
2025-03-23 22:00:00,0.0
2025-03-23 23:00:00,0.0
2025-03-24 00:00:00,0.0
2025-03-24 01:00:00,0.0
2025-03-24 02:00:00,0.0
2025-03-24 03:00:00,0.0
2025-03-24 04:00:00,0.0
2025-03-24 05:00:00,0.0
2025-03-24 06:00:00,113.97
2025-03-24 07:00:00,365.3
2025-03-24 08:00:00,592.99
2025-03-24 09:00:00,672.81
2025-03-24 10:00:00,780.57
2025-03-24 11:00:00,831.6
2025-03-24 12:00:00,913.09
2025-03-24 13:00:00,818.95
2025-03-24 14:00:00,758.79
2025-03-24 15:00:00,597.18
2025-03-24 16:00:00,344.01
2025-03-24 17:00:00,103.87
2025-03-24 18:00:00,0.0
2025-03-24 19:00:00,0.0
2025-03-24 20:00:00,0.0
2025-03-24 21:00:00,0.0
2025-03-24 22:00:00,0.0
2025-03-24 23:00:00,0.0
2025-03-25 00:00:00,0.0
2025-03-25 01:00:00,0.0
2025-03-25 02:00:00,0.0
2025-03-25 03:00:00,0.0
2025-03-25 04:00:00,0.0
2025-03-25 05:00:00,0.0
2025-03-25 06:00:00,67.83
2025-03-25 07:00:00,382.33
2025-03-25 08:00:00,615.81
2025-03-25 09:00:00,717.09
2025-03-25 10:00:00,760.8
2025-03-25 11:00:00,838.75
2025-03-25 12:00:00,843.06
2025-03-25 13:00:00,812.11
2025-03-25 14:00:00,655.64
2025-03-25 15:00:00,489.22
2025-03-25 16:00:00,255.11
2025-03-25 17:00:00,42.3
2025-03-25 18:00:00,0.0
2025-03-25 19:00:00,0.0
2025-03-25 20:00:00,0.0
2025-03-25 21:00:00,0.0
2025-03-25 22:00:00,0.0
2025-03-25 23:00:00,0.0
2025-03-26 00:00:00,0.0
2025-03-26 01:00:00,0.0
2025-03-26 02:00:00,0.0
2025-03-26 03:00:00,0.0
2025-03-26 04:00:00,0.0
2025-03-26 05:00:00,0.0
2025-03-26 06:00:00,26.5
2025-03-26 07:00:00,246.64
2025-03-26 08:00:00,427.99
2025-03-26 09:00:00,580.5
2025-03-26 10:00:00,650.26
2025-03-26 11:00:00,658.48
2025-03-26 12:00:00,718.47
2025-03-26 13:00:00,757.66
2025-03-26 14:00:00,605.05
2025-03-26 15:00:00,493.34
2025-03-26 16:00:00,241.02
2025-03-26 17:00:00,60.07
2025-03-26 18:00:00,0.0
2025-03-26 19:00:00,0.0
2025-03-26 20:00:00,0.0
2025-03-26 21:00:00,0.0
2025-03-26 22:00:00,0.0
2025-03-26 23:00:00,0.0
2025-03-27 00:00:00,0.0
2025-03-27 01:00:00,0.0
2025-03-27 02:00:00,0.0
2025-03-27 03:00:00,0.0
2025-03-27 04:00:00,0.0
2025-03-27 05:00:00,0.0
2025-03-27 06:00:00,78.78
2025-03-27 07:00:00,335.35
2025-03-27 08:00:00,571.87
2025-03-27 09:00:00,744.8
2025-03-27 10:00:00,789.82
2025-03-27 11:00:00,752.92
2025-03-27 12:00:00,766.99
2025-03-27 13:00:00,722.9
2025-03-27 14:00:00,735.82
2025-03-27 15:00:00,650.29
2025-03-27 16:00:00,411.69
2025-03-27 17:00:00,116.84
2025-03-27 18:00:00,0.0
2025-03-27 19:00:00,0.0
2025-03-27 20:00:00,0.0
2025-03-27 21:00:00,0.0
2025-03-27 22:00:00,0.0
2025-03-27 23:00:00,0.0
2025-03-28 00:00:00,0.0
2025-03-28 01:00:00,0.0
2025-03-28 02:00:00,0.0
2025-03-28 03:00:00,0.0
2025-03-28 04:00:00,0.0
2025-03-28 05:00:00,0.0
2025-03-28 06:00:00,72.31
2025-03-28 07:00:00,410.74
2025-03-28 08:00:00,756.92
2025-03-28 09:00:00,871.51
2025-03-28 10:00:00,925.75
2025-03-28 11:00:00,983.34
2025-03-28 12:00:00,992.24
2025-03-28 13:00:00,831.73
2025-03-28 14:00:00,712.22
2025-03-28 15:00:00,510.6
2025-03-28 16:00:00,322.66
2025-03-28 17:00:00,96.78
2025-03-28 18:00:00,0.0
2025-03-28 19:00:00,0.0
2025-03-28 20:00:00,0.0
2025-03-28 21:00:00,0.0
2025-03-28 22:00:00,0.0
2025-03-28 23:00:00,0.0
2025-03-29 00:00:00,0.0
2025-03-29 01:00:00,0.0
2025-03-29 02:00:00,0.0
2025-03-29 03:00:00,0.0
2025-03-29 04:00:00,0.0
2025-03-29 05:00:00,0.0
2025-03-29 06:00:00,98.75
2025-03-29 07:00:00,398.45
2025-03-29 08:00:00,603.54
2025-03-29 09:00:00,790.99
2025-03-29 10:00:00,817.91
2025-03-29 11:00:00,785.0
2025-03-29 12:00:00,747.65
2025-03-29 13:00:00,491.39
2025-03-29 14:00:00,585.42
2025-03-29 15:00:00,408.71
2025-03-29 16:00:00,240.79
2025-03-29 17:00:00,92.83
2025-03-29 18:00:00,0.0
2025-03-29 19:00:00,0.0
2025-03-29 20:00:00,0.0
2025-03-29 21:00:00,0.0
2025-03-29 22:00:00,0.0
2025-03-29 23:00:00,0.0
2025-03-30 00:00:00,0.0
2025-03-30 01:00:00,0.0
2025-03-30 02:00:00,0.0
2025-03-30 03:00:00,0.0
2025-03-30 04:00:00,0.0
2025-03-30 05:00:00,0.0
2025-03-30 06:00:00,80.36
2025-03-30 07:00:00,331.43
2025-03-30 08:00:00,534.53
2025-03-30 09:00:00,686.68
2025-03-30 10:00:00,817.28
2025-03-30 11:00:00,858.85
2025-03-30 12:00:00,948.23
2025-03-30 13:00:00,978.1
2025-03-30 14:00:00,869.72
2025-03-30 15:00:00,674.98
2025-03-30 16:00:00,477.8
2025-03-30 17:00:00,189.03
2025-03-30 18:00:00,0.0
2025-03-30 19:00:00,0.0
2025-03-30 20:00:00,0.0
2025-03-30 21:00:00,0.0
2025-03-30 22:00:00,0.0
2025-03-30 23:00:00,0.0
2025-03-31 00:00:00,0.0
2025-03-31 01:00:00,0.0
2025-03-31 02:00:00,0.0
2025-03-31 03:00:00,0.0
2025-03-31 04:00:00,0.0
2025-03-31 05:00:00,0.0
2025-03-31 06:00:00,167.05
2025-03-31 07:00:00,547.85
2025-03-31 08:00:00,812.94
2025-03-31 09:00:00,890.27
2025-03-31 10:00:00,931.99
2025-03-31 11:00:00,946.18
2025-03-31 12:00:00,944.72
2025-03-31 13:00:00,927.56
2025-03-31 14:00:00,782.52
2025-03-31 15:00:00,545.68
2025-03-31 16:00:00,324.65
2025-03-31 17:00:00,86.74
2025-03-31 18:00:00,0.0
2025-03-31 19:00:00,0.0
2025-03-31 20:00:00,0.0
2025-03-31 21:00:00,0.0
2025-03-31 22:00:00,0.0
2025-03-31 23:00:00,0.0
2025-04-01 00:00:00,0.0
2025-04-01 01:00:00,0.0
2025-04-01 02:00:00,0.0
2025-04-01 03:00:00,0.0
2025-04-01 04:00:00,0.0
2025-04-01 05:00:00,0.0
2025-04-01 06:00:00,156.06
2025-04-01 07:00:00,469.27
2025-04-01 08:00:00,689.92
2025-04-01 09:00:00,783.52
2025-04-01 10:00:00,814.77
2025-04-01 11:00:00,779.42
2025-04-01 12:00:00,807.2
2025-04-01 13:00:00,834.81
2025-04-01 14:00:00,678.76
2025-04-01 15:00:00,470.98
2025-04-01 16:00:00,255.33
2025-04-01 17:00:00,67.4
2025-04-01 18:00:00,0.0
2025-04-01 19:00:00,0.0
2025-04-01 20:00:00,0.0
2025-04-01 21:00:00,0.0
2025-04-01 22:00:00,0.0
2025-04-01 23:00:00,0.0
2025-04-02 00:00:00,0.0
2025-04-02 01:00:00,0.0
2025-04-02 02:00:00,0.0
2025-04-02 03:00:00,0.0
2025-04-02 04:00:00,0.0
2025-04-02 05:00:00,0.0
2025-04-02 06:00:00,66.16
2025-04-02 07:00:00,305.88
2025-04-02 08:00:00,418.89
2025-04-02 09:00:00,537.07
2025-04-02 10:00:00,533.01
2025-04-02 11:00:00,676.6
2025-04-02 12:00:00,740.41
2025-04-02 13:00:00,592.64
2025-04-02 14:00:00,488.79
2025-04-02 15:00:00,324.57
2025-04-02 16:00:00,155.13
2025-04-02 17:00:00,34.75
2025-04-02 18:00:00,0.0
2025-04-02 19:00:00,0.0
2025-04-02 20:00:00,0.0
2025-04-02 21:00:00,0.0
2025-04-02 22:00:00,0.0
2025-04-02 23:00:00,0.0
2025-04-03 00:00:00,0.0
2025-04-03 01:00:00,0.0
2025-04-03 02:00:00,0.0
2025-04-03 03:00:00,0.0
2025-04-03 04:00:00,0.0
2025-04-03 05:00:00,0.0
2025-04-03 06:00:00,37.42
2025-04-03 07:00:00,178.57
2025-04-03 08:00:00,321.52
2025-04-03 09:00:00,467.96
2025-04-03 10:00:00,524.13
2025-04-03 11:00:00,612.05
2025-04-03 12:00:00,619.42
2025-04-03 13:00:00,596.76
2025-04-03 14:00:00,523.59
2025-04-03 15:00:00,390.05
2025-04-03 16:00:00,179.22
2025-04-03 17:00:00,32.98
2025-04-03 18:00:00,0.0
2025-04-03 19:00:00,0.0
2025-04-03 20:00:00,0.0
2025-04-03 21:00:00,0.0
2025-04-03 22:00:00,0.0
2025-04-03 23:00:00,0.0
2025-04-04 00:00:00,0.0
2025-04-04 01:00:00,0.0
2025-04-04 02:00:00,0.0
2025-04-04 03:00:00,0.0
2025-04-04 04:00:00,0.0
2025-04-04 05:00:00,0.0
2025-04-04 06:00:00,68.44
2025-04-04 07:00:00,280.63
2025-04-04 08:00:00,486.2
2025-04-04 09:00:00,625.4
2025-04-04 10:00:00,704.65
2025-04-04 11:00:00,726.71
2025-04-04 12:00:00,820.3
2025-04-04 13:00:00,721.51
2025-04-04 14:00:00,627.47
2025-04-04 15:00:00,484.67
2025-04-04 16:00:00,264.85
2025-04-04 17:00:00,67.13
2025-04-04 18:00:00,0.0
2025-04-04 19:00:00,0.0
2025-04-04 20:00:00,0.0
2025-04-04 21:00:00,0.0
2025-04-04 22:00:00,0.0
2025-04-04 23:00:00,0.0
2025-04-05 00:00:00,0.0
2025-04-05 01:00:00,0.0
2025-04-05 02:00:00,0.0
2025-04-05 03:00:00,0.0
2025-04-05 04:00:00,0.0
2025-04-05 05:00:00,0.0
2025-04-05 06:00:00,82.59
2025-04-05 07:00:00,283.88
2025-04-05 08:00:00,465.8
2025-04-05 09:00:00,598.33
2025-04-05 10:00:00,647.45
2025-04-05 11:00:00,714.72
2025-04-05 12:00:00,747.72
2025-04-05 13:00:00,799.24
2025-04-05 14:00:00,648.33
2025-04-05 15:00:00,532.68
2025-04-05 16:00:00,293.97
2025-04-05 17:00:00,81.91
2025-04-05 18:00:00,0.0
2025-04-05 19:00:00,0.0
2025-04-05 20:00:00,0.0
2025-04-05 21:00:00,0.0
2025-04-05 22:00:00,0.0
2025-04-05 23:00:00,0.0
2025-04-06 00:00:00,0.0
2025-04-06 01:00:00,0.0
2025-04-06 02:00:00,0.0
2025-04-06 03:00:00,0.0
2025-04-06 04:00:00,0.0
2025-04-06 05:00:00,0.0
2025-04-06 06:00:00,52.85
2025-04-06 07:00:00,226.04
2025-04-06 08:00:00,440.3
2025-04-06 09:00:00,498.9
2025-04-06 10:00:00,570.76
2025-04-06 11:00:00,667.23
2025-04-06 12:00:00,693.43
2025-04-06 13:00:00,740.32
2025-04-06 14:00:00,594.59
2025-04-06 15:00:00,438.26
2025-04-06 16:00:00,255.34
2025-04-06 17:00:00,71.5
2025-04-06 18:00:00,0.0
2025-04-06 19:00:00,0.0
2025-04-06 20:00:00,0.0
2025-04-06 21:00:00,0.0
2025-04-06 22:00:00,0.0
2025-04-06 23:00:00,0.0
2025-04-07 00:00:00,0.0
2025-04-07 01:00:00,0.0
2025-04-07 02:00:00,0.0
2025-04-07 03:00:00,0.0
2025-04-07 04:00:00,0.0
2025-04-07 05:00:00,0.0
2025-04-07 06:00:00,71.55
2025-04-07 07:00:00,259.83
2025-04-07 08:00:00,430.03
2025-04-07 09:00:00,539.21
2025-04-07 10:00:00,579.47
2025-04-07 11:00:00,703.03
2025-04-07 12:00:00,697.13
2025-04-07 13:00:00,738.36
2025-04-07 14:00:00,592.87
2025-04-07 15:00:00,471.72
2025-04-07 16:00:00,243.36
2025-04-07 17:00:00,51.72
2025-04-07 18:00:00,0.0
2025-04-07 19:00:00,0.0
2025-04-07 20:00:00,0.0
2025-04-07 21:00:00,0.0
2025-04-07 22:00:00,0.0
2025-04-07 23:00:00,0.0
2025-04-08 00:00:00,0.0
2025-04-08 01:00:00,0.0
2025-04-08 02:00:00,0.0
2025-04-08 03:00:00,0.0
2025-04-08 04:00:00,0.0
2025-04-08 05:00:00,0.0
2025-04-08 06:00:00,78.01
2025-04-08 07:00:00,298.62
2025-04-08 08:00:00,522.12
2025-04-08 09:00:00,611.78
2025-04-08 10:00:00,693.9
2025-04-08 11:00:00,742.18
2025-04-08 12:00:00,810.82
2025-04-08 13:00:00,720.15
2025-04-08 14:00:00,605.1
2025-04-08 15:00:00,500.53
2025-04-08 16:00:00,285.13
2025-04-08 17:00:00,86.38
2025-04-08 18:00:00,0.0
2025-04-08 19:00:00,0.0
2025-04-08 20:00:00,0.0
2025-04-08 21:00:00,0.0
2025-04-08 22:00:00,0.0
2025-04-08 23:00:00,0.0
2025-04-09 00:00:00,0.0
2025-04-09 01:00:00,0.0
2025-04-09 02:00:00,0.0
2025-04-09 03:00:00,0.0
2025-04-09 04:00:00,0.0
2025-04-09 05:00:00,0.0
2025-04-09 06:00:00,74.16
2025-04-09 07:00:00,318.45
2025-04-09 08:00:00,542.49
2025-04-09 09:00:00,634.77
2025-04-09 10:00:00,683.3
2025-04-09 11:00:00,674.95
2025-04-09 12:00:00,655.0
2025-04-09 13:00:00,639.03
2025-04-09 14:00:00,606.24
2025-04-09 15:00:00,490.7
2025-04-09 16:00:00,269.04
2025-04-09 17:00:00,65.37
2025-04-09 18:00:00,0.0
2025-04-09 19:00:00,0.0
2025-04-09 20:00:00,0.0
2025-04-09 21:00:00,0.0
2025-04-09 22:00:00,0.0
2025-04-09 23:00:00,0.0
2025-04-10 00:00:00,0.0
2025-04-10 01:00:00,0.0
2025-04-10 02:00:00,0.0
2025-04-10 03:00:00,0.0
2025-04-10 04:00:00,0.0
2025-04-10 05:00:00,0.0
2025-04-10 06:00:00,74.06
2025-04-10 07:00:00,306.66
2025-04-10 08:00:00,546.24
2025-04-10 09:00:00,674.98
2025-04-10 10:00:00,694.83
2025-04-10 11:00:00,683.22
2025-04-10 12:00:00,657.81
2025-04-10 13:00:00,728.91
2025-04-10 14:00:00,615.84
2025-04-10 15:00:00,587.09
2025-04-10 16:00:00,315.63
2025-04-10 17:00:00,86.17
2025-04-10 18:00:00,0.0
2025-04-10 19:00:00,0.0
2025-04-10 20:00:00,0.0
2025-04-10 21:00:00,0.0
2025-04-10 22:00:00,0.0
2025-04-10 23:00:00,0.0
2025-04-11 00:00:00,0.0
2025-04-11 01:00:00,0.0
2025-04-11 02:00:00,0.0
2025-04-11 03:00:00,0.0
2025-04-11 04:00:00,0.0
2025-04-11 05:00:00,0.0
2025-04-11 06:00:00,24.68
2025-04-11 07:00:00,148.54
2025-04-11 08:00:00,316.36
2025-04-11 09:00:00,428.08
2025-04-11 10:00:00,507.46
2025-04-11 11:00:00,498.19
2025-04-11 12:00:00,540.33
2025-04-11 13:00:00,537.59
2025-04-11 14:00:00,448.03
2025-04-11 15:00:00,416.21
2025-04-11 16:00:00,231.47
2025-04-11 17:00:00,57.49
2025-04-11 18:00:00,0.0
2025-04-11 19:00:00,0.0
2025-04-11 20:00:00,0.0
2025-04-11 21:00:00,0.0
2025-04-11 22:00:00,0.0
2025-04-11 23:00:00,0.0
2025-04-12 00:00:00,0.0
2025-04-12 01:00:00,0.0
2025-04-12 02:00:00,0.0
2025-04-12 03:00:00,0.0
2025-04-12 04:00:00,0.0
2025-04-12 05:00:00,0.0
2025-04-12 06:00:00,32.87
2025-04-12 07:00:00,177.53
2025-04-12 08:00:00,337.48
2025-04-12 09:00:00,418.96
2025-04-12 10:00:00,493.24
2025-04-12 11:00:00,703.28
2025-04-12 12:00:00,713.83
2025-04-12 13:00:00,754.7
2025-04-12 14:00:00,698.59
2025-04-12 15:00:00,615.15
2025-04-12 16:00:00,363.03
2025-04-12 17:00:00,88.06
2025-04-12 18:00:00,0.0
2025-04-12 19:00:00,0.0
2025-04-12 20:00:00,0.0
2025-04-12 21:00:00,0.0
2025-04-12 22:00:00,0.0
2025-04-12 23:00:00,0.0
2025-04-13 00:00:00,0.0
2025-04-13 01:00:00,0.0
2025-04-13 02:00:00,0.0
2025-04-13 03:00:00,0.0
2025-04-13 04:00:00,0.0
2025-04-13 05:00:00,0.0
2025-04-13 06:00:00,64.22
2025-04-13 07:00:00,246.99
2025-04-13 08:00:00,398.93
2025-04-13 09:00:00,521.64
2025-04-13 10:00:00,591.14
2025-04-13 11:00:00,616.77
2025-04-13 12:00:00,679.44
2025-04-13 13:00:00,664.46
2025-04-13 14:00:00,643.04
2025-04-13 15:00:00,568.03
2025-04-13 16:00:00,323.48
2025-04-13 17:00:00,74.63
2025-04-13 18:00:00,0.0
2025-04-13 19:00:00,0.0
2025-04-13 20:00:00,0.0
2025-04-13 21:00:00,0.0
2025-04-13 22:00:00,0.0
2025-04-13 23:00:00,0.0
2025-04-14 00:00:00,0.0
2025-04-14 01:00:00,0.0
2025-04-14 02:00:00,0.0
2025-04-14 03:00:00,0.0
2025-04-14 04:00:00,0.0
2025-04-14 05:00:00,0.0
2025-04-14 06:00:00,66.52
2025-04-14 07:00:00,232.8
2025-04-14 08:00:00,447.9
2025-04-14 09:00:00,521.5
2025-04-14 10:00:00,582.23
2025-04-14 11:00:00,734.05
2025-04-14 12:00:00,782.72
2025-04-14 13:00:00,678.71
2025-04-14 14:00:00,571.86
2025-04-14 15:00:00,451.3
2025-04-14 16:00:00,236.27
2025-04-14 17:00:00,75.61
2025-04-14 18:00:00,0.0
2025-04-14 19:00:00,0.0
2025-04-14 20:00:00,0.0
2025-04-14 21:00:00,0.0
2025-04-14 22:00:00,0.0
2025-04-14 23:00:00,0.0
2025-04-15 00:00:00,0.0
2025-04-15 01:00:00,0.0
2025-04-15 02:00:00,0.0
2025-04-15 03:00:00,0.0
2025-04-15 04:00:00,0.0
2025-04-15 05:00:00,0.0
2025-04-15 06:00:00,68.77
2025-04-15 07:00:00,229.15
2025-04-15 08:00:00,400.66
2025-04-15 09:00:00,507.97
2025-04-15 10:00:00,595.84
2025-04-15 11:00:00,661.7
2025-04-15 12:00:00,742.12
2025-04-15 13:00:00,711.14
2025-04-15 14:00:00,600.27
2025-04-15 15:00:00,446.27
2025-04-15 16:00:00,249.19
2025-04-15 17:00:00,66.94
2025-04-15 18:00:00,0.0
2025-04-15 19:00:00,0.0
2025-04-15 20:00:00,0.0
2025-04-15 21:00:00,0.0
2025-04-15 22:00:00,0.0
2025-04-15 23:00:00,0.0
2025-04-16 00:00:00,0.0
2025-04-16 01:00:00,0.0
2025-04-16 02:00:00,0.0
2025-04-16 03:00:00,0.0
2025-04-16 04:00:00,0.0
2025-04-16 05:00:00,0.0
2025-04-16 06:00:00,118.27
2025-04-16 07:00:00,314.07
2025-04-16 08:00:00,507.22
2025-04-16 09:00:00,579.66
2025-04-16 10:00:00,646.12
2025-04-16 11:00:00,641.92
2025-04-16 12:00:00,654.37
2025-04-16 13:00:00,676.09
2025-04-16 14:00:00,569.52
2025-04-16 15:00:00,442.53
2025-04-16 16:00:00,262.94
2025-04-16 17:00:00,60.98
2025-04-16 18:00:00,0.0
2025-04-16 19:00:00,0.0
2025-04-16 20:00:00,0.0
2025-04-16 21:00:00,0.0
2025-04-16 22:00:00,0.0
2025-04-16 23:00:00,0.0
2025-04-17 00:00:00,0.0
2025-04-17 01:00:00,0.0
2025-04-17 02:00:00,0.0
2025-04-17 03:00:00,0.0
2025-04-17 04:00:00,0.0
2025-04-17 05:00:00,0.0
2025-04-17 06:00:00,41.45
2025-04-17 07:00:00,179.6
2025-04-17 08:00:00,342.98
2025-04-17 09:00:00,482.58
2025-04-17 10:00:00,512.33
2025-04-17 11:00:00,644.51
2025-04-17 12:00:00,696.64
2025-04-17 13:00:00,662.08
2025-04-17 14:00:00,489.35
2025-04-17 15:00:00,319.72
2025-04-17 16:00:00,165.73
2025-04-17 17:00:00,42.27
2025-04-17 18:00:00,0.0
2025-04-17 19:00:00,0.0
2025-04-17 20:00:00,0.0
2025-04-17 21:00:00,0.0
2025-04-17 22:00:00,0.0
2025-04-17 23:00:00,0.0
2025-04-18 00:00:00,0.0
2025-04-18 01:00:00,0.0
2025-04-18 02:00:00,0.0
2025-04-18 03:00:00,0.0
2025-04-18 04:00:00,0.0
2025-04-18 05:00:00,0.0
2025-04-18 06:00:00,49.53
2025-04-18 07:00:00,202.31
2025-04-18 08:00:00,374.86
2025-04-18 09:00:00,427.21
2025-04-18 10:00:00,499.83
2025-04-18 11:00:00,668.22
2025-04-18 12:00:00,752.64
2025-04-18 13:00:00,624.64
2025-04-18 14:00:00,516.83
2025-04-18 15:00:00,378.46
2025-04-18 16:00:00,192.05
2025-04-18 17:00:00,35.51
2025-04-18 18:00:00,0.0
2025-04-18 19:00:00,0.0
2025-04-18 20:00:00,0.0
2025-04-18 21:00:00,0.0
2025-04-18 22:00:00,0.0
2025-04-18 23:00:00,0.0
2025-04-19 00:00:00,0.0
2025-04-19 01:00:00,0.0
2025-04-19 02:00:00,0.0
2025-04-19 03:00:00,0.0
2025-04-19 04:00:00,0.0
2025-04-19 05:00:00,1.22
2025-04-19 06:00:00,195.71
2025-04-19 07:00:00,405.17
2025-04-19 08:00:00,587.12
2025-04-19 09:00:00,732.47
2025-04-19 10:00:00,768.74
2025-04-19 11:00:00,809.46
2025-04-19 12:00:00,907.17
2025-04-19 13:00:00,760.5
2025-04-19 14:00:00,655.07
2025-04-19 15:00:00,520.23
2025-04-19 16:00:00,319.04
2025-04-19 17:00:00,122.65
2025-04-19 18:00:00,0.0
2025-04-19 19:00:00,0.0
2025-04-19 20:00:00,0.0
2025-04-19 21:00:00,0.0
2025-04-19 22:00:00,0.0
2025-04-19 23:00:00,0.0
2025-04-20 00:00:00,0.0
2025-04-20 01:00:00,0.0
2025-04-20 02:00:00,0.0
2025-04-20 03:00:00,0.0
2025-04-20 04:00:00,0.0
2025-04-20 05:00:00,0.0
2025-04-20 06:00:00,30.94
2025-04-20 07:00:00,172.63
2025-04-20 08:00:00,353.68
2025-04-20 09:00:00,437.56
2025-04-20 10:00:00,465.18
2025-04-20 11:00:00,488.78
2025-04-20 12:00:00,495.71
2025-04-20 13:00:00,416.54
2025-04-20 14:00:00,351.13
2025-04-20 15:00:00,289.11
2025-04-20 16:00:00,124.61
2025-04-20 17:00:00,20.38
2025-04-20 18:00:00,0.0
2025-04-20 19:00:00,0.0
2025-04-20 20:00:00,0.0
2025-04-20 21:00:00,0.0
2025-04-20 22:00:00,0.0
2025-04-20 23:00:00,0.0
2025-04-21 00:00:00,0.0
2025-04-21 01:00:00,0.0
2025-04-21 02:00:00,0.0
2025-04-21 03:00:00,0.0
2025-04-21 04:00:00,0.0
2025-04-21 05:00:00,1.11
2025-04-21 06:00:00,134.57
2025-04-21 07:00:00,359.55
2025-04-21 08:00:00,543.72
2025-04-21 09:00:00,591.46
2025-04-21 10:00:00,652.74
2025-04-21 11:00:00,783.46
2025-04-21 12:00:00,815.1
2025-04-21 13:00:00,859.95
2025-04-21 14:00:00,720.31
2025-04-21 15:00:00,561.5
2025-04-21 16:00:00,335.88
2025-04-21 17:00:00,144.98
2025-04-21 18:00:00,0.0
2025-04-21 19:00:00,0.0
2025-04-21 20:00:00,0.0
2025-04-21 21:00:00,0.0
2025-04-21 22:00:00,0.0
2025-04-21 23:00:00,0.0
2025-04-22 00:00:00,0.0
2025-04-22 01:00:00,0.0
2025-04-22 02:00:00,0.0
2025-04-22 03:00:00,0.0
2025-04-22 04:00:00,0.0
2025-04-22 05:00:00,1.0
2025-04-22 06:00:00,171.03
2025-04-22 07:00:00,375.03
2025-04-22 08:00:00,546.34
2025-04-22 09:00:00,595.04
2025-04-22 10:00:00,659.07
2025-04-22 11:00:00,750.04
2025-04-22 12:00:00,819.01
2025-04-22 13:00:00,855.9
2025-04-22 14:00:00,706.36
2025-04-22 15:00:00,532.28
2025-04-22 16:00:00,331.08
2025-04-22 17:00:00,126.37
2025-04-22 18:00:00,1.09
2025-04-22 19:00:00,0.0
2025-04-22 20:00:00,0.0
2025-04-22 21:00:00,0.0
2025-04-22 22:00:00,0.0
2025-04-22 23:00:00,0.0
2025-04-23 00:00:00,0.0
2025-04-23 01:00:00,0.0
2025-04-23 02:00:00,0.0
2025-04-23 03:00:00,0.0
2025-04-23 04:00:00,0.0
2025-04-23 05:00:00,3.93
2025-04-23 06:00:00,276.4
2025-04-23 07:00:00,484.95
2025-04-23 08:00:00,662.1
2025-04-23 09:00:00,689.59
2025-04-23 10:00:00,741.22
2025-04-23 11:00:00,785.09
2025-04-23 12:00:00,862.87
2025-04-23 13:00:00,912.47
2025-04-23 14:00:00,764.62
2025-04-23 15:00:00,624.86
2025-04-23 16:00:00,390.28
2025-04-23 17:00:00,144.01
2025-04-23 18:00:00,1.96
2025-04-23 19:00:00,0.0
2025-04-23 20:00:00,0.0
2025-04-23 21:00:00,0.0
2025-04-23 22:00:00,0.0
2025-04-23 23:00:00,0.0
2025-04-24 00:00:00,0.0
2025-04-24 01:00:00,0.0
2025-04-24 02:00:00,0.0
2025-04-24 03:00:00,0.0
2025-04-24 04:00:00,0.0
2025-04-24 05:00:00,2.67
2025-04-24 06:00:00,224.49
2025-04-24 07:00:00,399.55
2025-04-24 08:00:00,555.07
2025-04-24 09:00:00,661.37
2025-04-24 10:00:00,691.53
2025-04-24 11:00:00,792.4
2025-04-24 12:00:00,905.08
2025-04-24 13:00:00,779.41
2025-04-24 14:00:00,671.61
2025-04-24 15:00:00,586.79
2025-04-24 16:00:00,395.62
2025-04-24 17:00:00,185.55
2025-04-24 18:00:00,2.38
2025-04-24 19:00:00,0.0
2025-04-24 20:00:00,0.0
2025-04-24 21:00:00,0.0
2025-04-24 22:00:00,0.0
2025-04-24 23:00:00,0.0
2025-04-25 00:00:00,0.0
2025-04-25 01:00:00,0.0
2025-04-25 02:00:00,0.0
2025-04-25 03:00:00,0.0
2025-04-25 04:00:00,0.0
2025-04-25 05:00:00,2.27
2025-04-25 06:00:00,100.21
2025-04-25 07:00:00,257.0
2025-04-25 08:00:00,415.34
2025-04-25 09:00:00,508.38
2025-04-25 10:00:00,627.54
2025-04-25 11:00:00,683.03
2025-04-25 12:00:00,660.67
2025-04-25 13:00:00,589.32
2025-04-25 14:00:00,571.47
2025-04-25 15:00:00,571.55
2025-04-25 16:00:00,380.91
2025-04-25 17:00:00,133.53
2025-04-25 18:00:00,0.99
2025-04-25 19:00:00,0.0
2025-04-25 20:00:00,0.0
2025-04-25 21:00:00,0.0
2025-04-25 22:00:00,0.0
2025-04-25 23:00:00,0.0
2025-04-26 00:00:00,0.0
2025-04-26 01:00:00,0.0
2025-04-26 02:00:00,0.0
2025-04-26 03:00:00,0.0
2025-04-26 04:00:00,0.0
2025-04-26 05:00:00,1.43
2025-04-26 06:00:00,158.34
2025-04-26 07:00:00,362.27
2025-04-26 08:00:00,554.38
2025-04-26 09:00:00,492.1
2025-04-26 10:00:00,434.08
2025-04-26 11:00:00,320.18
2025-04-26 12:00:00,392.41
2025-04-26 13:00:00,335.82
2025-04-26 14:00:00,243.41
2025-04-26 15:00:00,104.78
2025-04-26 16:00:00,39.45
2025-04-26 17:00:00,8.94
2025-04-26 18:00:00,0.0
2025-04-26 19:00:00,0.0
2025-04-26 20:00:00,0.0
2025-04-26 21:00:00,0.0
2025-04-26 22:00:00,0.0
2025-04-26 23:00:00,0.0
2025-04-27 00:00:00,0.0
2025-04-27 01:00:00,0.0
2025-04-27 02:00:00,0.0
2025-04-27 03:00:00,0.0
2025-04-27 04:00:00,0.0
2025-04-27 05:00:00,0.0
2025-04-27 06:00:00,68.82
2025-04-27 07:00:00,196.22
2025-04-27 08:00:00,360.02
2025-04-27 09:00:00,446.69
2025-04-27 10:00:00,521.15
2025-04-27 11:00:00,623.58
2025-04-27 12:00:00,673.91
2025-04-27 13:00:00,735.05
2025-04-27 14:00:00,687.22
2025-04-27 15:00:00,561.53
2025-04-27 16:00:00,322.18
2025-04-27 17:00:00,112.07
2025-04-27 18:00:00,0.0
2025-04-27 19:00:00,0.0
2025-04-27 20:00:00,0.0
2025-04-27 21:00:00,0.0
2025-04-27 22:00:00,0.0
2025-04-27 23:00:00,0.0
2025-04-28 00:00:00,0.0
2025-04-28 01:00:00,0.0
2025-04-28 02:00:00,0.0
2025-04-28 03:00:00,0.0
2025-04-28 04:00:00,0.0
2025-04-28 05:00:00,0.89
2025-04-28 06:00:00,132.22
2025-04-28 07:00:00,275.5
2025-04-28 08:00:00,452.38
2025-04-28 09:00:00,500.52
2025-04-28 10:00:00,611.21
2025-04-28 11:00:00,689.92
2025-04-28 12:00:00,720.7
2025-04-28 13:00:00,766.02
2025-04-28 14:00:00,651.06
2025-04-28 15:00:00,522.18
2025-04-28 16:00:00,334.45
2025-04-28 17:00:00,109.75
2025-04-28 18:00:00,0.0
2025-04-28 19:00:00,0.0
2025-04-28 20:00:00,0.0
2025-04-28 21:00:00,0.0
2025-04-28 22:00:00,0.0
2025-04-28 23:00:00,0.0
2025-04-29 00:00:00,0.0
2025-04-29 01:00:00,0.0
2025-04-29 02:00:00,0.0
2025-04-29 03:00:00,0.0
2025-04-29 04:00:00,0.0
2025-04-29 05:00:00,2.86
2025-04-29 06:00:00,146.93
2025-04-29 07:00:00,367.41
2025-04-29 08:00:00,503.22
2025-04-29 09:00:00,549.49
2025-04-29 10:00:00,688.43
2025-04-29 11:00:00,742.43
2025-04-29 12:00:00,833.46
2025-04-29 13:00:00,695.91
2025-04-29 14:00:00,579.47
2025-04-29 15:00:00,474.0
2025-04-29 16:00:00,272.8
2025-04-29 17:00:00,62.54
2025-04-29 18:00:00,0.0
2025-04-29 19:00:00,0.0
2025-04-29 20:00:00,0.0
2025-04-29 21:00:00,0.0
2025-04-29 22:00:00,0.0
2025-04-29 23:00:00,0.0
2025-04-30 00:00:00,-999.0
2025-04-30 01:00:00,-999.0
2025-04-30 02:00:00,-999.0
2025-04-30 03:00:00,-999.0
2025-04-30 04:00:00,-999.0
2025-04-30 05:00:00,-999.0
2025-04-30 06:00:00,-999.0
2025-04-30 07:00:00,-999.0
2025-04-30 08:00:00,-999.0
2025-04-30 09:00:00,-999.0
2025-04-30 10:00:00,-999.0
2025-04-30 11:00:00,-999.0
2025-04-30 12:00:00,-999.0
2025-04-30 13:00:00,-999.0
2025-04-30 14:00:00,-999.0
2025-04-30 15:00:00,-999.0
2025-04-30 16:00:00,-999.0
2025-04-30 17:00:00,-999.0
2025-04-30 18:00:00,-999.0
2025-04-30 19:00:00,-999.0
2025-04-30 20:00:00,-999.0
2025-04-30 21:00:00,-999.0
2025-04-30 22:00:00,-999.0
2025-04-30 23:00:00,-999.0
2025-05-01 00:00:00,-999.0
2025-05-01 01:00:00,-999.0
2025-05-01 02:00:00,-999.0
2025-05-01 03:00:00,-999.0
2025-05-01 04:00:00,-999.0
2025-05-01 05:00:00,-999.0
2025-05-01 06:00:00,-999.0
2025-05-01 07:00:00,-999.0
2025-05-01 08:00:00,-999.0
2025-05-01 09:00:00,-999.0
2025-05-01 10:00:00,-999.0
2025-05-01 11:00:00,-999.0
2025-05-01 12:00:00,-999.0
2025-05-01 13:00:00,-999.0
2025-05-01 14:00:00,-999.0
2025-05-01 15:00:00,-999.0
2025-05-01 16:00:00,-999.0
2025-05-01 17:00:00,-999.0
2025-05-01 18:00:00,-999.0
2025-05-01 19:00:00,-999.0
2025-05-01 20:00:00,-999.0
2025-05-01 21:00:00,-999.0
2025-05-01 22:00:00,-999.0
2025-05-01 23:00:00,-999.0
2025-05-02 00:00:00,-999.0
2025-05-02 01:00:00,-999.0
2025-05-02 02:00:00,-999.0
2025-05-02 03:00:00,-999.0
2025-05-02 04:00:00,-999.0
2025-05-02 05:00:00,-999.0
2025-05-02 06:00:00,-999.0
2025-05-02 07:00:00,-999.0
2025-05-02 08:00:00,-999.0
2025-05-02 09:00:00,-999.0
2025-05-02 10:00:00,-999.0
2025-05-02 11:00:00,-999.0
2025-05-02 12:00:00,-999.0
2025-05-02 13:00:00,-999.0
2025-05-02 14:00:00,-999.0
2025-05-02 15:00:00,-999.0
2025-05-02 16:00:00,-999.0
2025-05-02 17:00:00,-999.0
2025-05-02 18:00:00,-999.0
2025-05-02 19:00:00,-999.0
2025-05-02 20:00:00,-999.0
2025-05-02 21:00:00,-999.0
2025-05-02 22:00:00,-999.0
2025-05-02 23:00:00,-999.0
2025-05-03 00:00:00,-999.0
2025-05-03 01:00:00,-999.0
2025-05-03 02:00:00,-999.0
2025-05-03 03:00:00,-999.0
2025-05-03 04:00:00,-999.0
2025-05-03 05:00:00,-999.0
2025-05-03 06:00:00,-999.0
2025-05-03 07:00:00,-999.0
2025-05-03 08:00:00,-999.0
2025-05-03 09:00:00,-999.0
2025-05-03 10:00:00,-999.0
2025-05-03 11:00:00,-999.0
2025-05-03 12:00:00,-999.0
2025-05-03 13:00:00,-999.0
2025-05-03 14:00:00,-999.0
2025-05-03 15:00:00,-999.0
2025-05-03 16:00:00,-999.0
2025-05-03 17:00:00,-999.0
2025-05-03 18:00:00,-999.0
2025-05-03 19:00:00,-999.0
2025-05-03 20:00:00,-999.0
2025-05-03 21:00:00,-999.0
2025-05-03 22:00:00,-999.0
2025-05-03 23:00:00,-999.0
2025-05-04 00:00:00,-999.0
2025-05-04 01:00:00,-999.0
2025-05-04 02:00:00,-999.0
2025-05-04 03:00:00,-999.0
2025-05-04 04:00:00,-999.0
2025-05-04 05:00:00,-999.0
2025-05-04 06:00:00,-999.0
2025-05-04 07:00:00,-999.0
2025-05-04 08:00:00,-999.0
2025-05-04 09:00:00,-999.0
2025-05-04 10:00:00,-999.0
2025-05-04 11:00:00,-999.0
2025-05-04 12:00:00,-999.0
2025-05-04 13:00:00,-999.0
2025-05-04 14:00:00,-999.0
2025-05-04 15:00:00,-999.0
2025-05-04 16:00:00,-999.0
2025-05-04 17:00:00,-999.0
2025-05-04 18:00:00,-999.0
2025-05-04 19:00:00,-999.0
2025-05-04 20:00:00,-999.0
2025-05-04 21:00:00,-999.0
2025-05-04 22:00:00,-999.0
2025-05-04 23:00:00,-999.0
2025-05-05 00:00:00,-999.0
2025-05-05 01:00:00,-999.0
2025-05-05 02:00:00,-999.0
2025-05-05 03:00:00,-999.0
2025-05-05 04:00:00,-999.0
2025-05-05 05:00:00,-999.0
2025-05-05 06:00:00,-999.0
2025-05-05 07:00:00,-999.0
2025-05-05 08:00:00,-999.0
2025-05-05 09:00:00,-999.0
2025-05-05 10:00:00,-999.0
2025-05-05 11:00:00,-999.0
2025-05-05 12:00:00,-999.0
2025-05-05 13:00:00,-999.0
2025-05-05 14:00:00,-999.0
2025-05-05 15:00:00,-999.0
2025-05-05 16:00:00,-999.0
2025-05-05 17:00:00,-999.0
2025-05-05 18:00:00,-999.0
2025-05-05 19:00:00,-999.0
2025-05-05 20:00:00,-999.0
2025-05-05 21:00:00,-999.0
2025-05-05 22:00:00,-999.0
2025-05-05 23:00:00,-999.0
2025-05-06 00:00:00,-999.0
2025-05-06 01:00:00,-999.0
2025-05-06 02:00:00,-999.0
2025-05-06 03:00:00,-999.0
2025-05-06 04:00:00,-999.0
2025-05-06 05:00:00,-999.0
2025-05-06 06:00:00,-999.0
2025-05-06 07:00:00,-999.0
2025-05-06 08:00:00,-999.0
2025-05-06 09:00:00,-999.0
2025-05-06 10:00:00,-999.0
2025-05-06 11:00:00,-999.0
2025-05-06 12:00:00,-999.0
2025-05-06 13:00:00,-999.0
2025-05-06 14:00:00,-999.0
2025-05-06 15:00:00,-999.0
2025-05-06 16:00:00,-999.0
2025-05-06 17:00:00,-999.0
2025-05-06 18:00:00,-999.0
2025-05-06 19:00:00,-999.0
2025-05-06 20:00:00,-999.0
2025-05-06 21:00:00,-999.0
2025-05-06 22:00:00,-999.0
2025-05-06 23:00:00,-999.0
2025-05-07 00:00:00,-999.0
2025-05-07 01:00:00,-999.0
2025-05-07 02:00:00,-999.0
2025-05-07 03:00:00,-999.0
2025-05-07 04:00:00,-999.0
2025-05-07 05:00:00,-999.0
2025-05-07 06:00:00,-999.0
2025-05-07 07:00:00,-999.0
2025-05-07 08:00:00,-999.0
2025-05-07 09:00:00,-999.0
2025-05-07 10:00:00,-999.0
2025-05-07 11:00:00,-999.0
2025-05-07 12:00:00,-999.0
2025-05-07 13:00:00,-999.0
2025-05-07 14:00:00,-999.0
2025-05-07 15:00:00,-999.0
2025-05-07 16:00:00,-999.0
2025-05-07 17:00:00,-999.0
2025-05-07 18:00:00,-999.0
2025-05-07 19:00:00,-999.0
2025-05-07 20:00:00,-999.0
2025-05-07 21:00:00,-999.0
2025-05-07 22:00:00,-999.0
2025-05-07 23:00:00,-999.0
2025-05-08 00:00:00,-999.0
2025-05-08 01:00:00,-999.0
2025-05-08 02:00:00,-999.0
2025-05-08 03:00:00,-999.0
2025-05-08 04:00:00,-999.0
2025-05-08 05:00:00,-999.0
2025-05-08 06:00:00,-999.0
2025-05-08 07:00:00,-999.0
2025-05-08 08:00:00,-999.0
2025-05-08 09:00:00,-999.0
2025-05-08 10:00:00,-999.0
2025-05-08 11:00:00,-999.0
2025-05-08 12:00:00,-999.0
2025-05-08 13:00:00,-999.0
2025-05-08 14:00:00,-999.0
2025-05-08 15:00:00,-999.0
2025-05-08 16:00:00,-999.0
2025-05-08 17:00:00,-999.0
2025-05-08 18:00:00,-999.0
2025-05-08 19:00:00,-999.0
2025-05-08 20:00:00,-999.0
2025-05-08 21:00:00,-999.0
2025-05-08 22:00:00,-999.0
2025-05-08 23:00:00,-999.0
2025-05-09 00:00:00,-999.0
2025-05-09 01:00:00,-999.0
2025-05-09 02:00:00,-999.0
2025-05-09 03:00:00,-999.0
2025-05-09 04:00:00,-999.0
2025-05-09 05:00:00,-999.0
2025-05-09 06:00:00,-999.0
2025-05-09 07:00:00,-999.0
2025-05-09 08:00:00,-999.0
2025-05-09 09:00:00,-999.0
2025-05-09 10:00:00,-999.0
2025-05-09 11:00:00,-999.0
2025-05-09 12:00:00,-999.0
2025-05-09 13:00:00,-999.0
2025-05-09 14:00:00,-999.0
2025-05-09 15:00:00,-999.0
2025-05-09 16:00:00,-999.0
2025-05-09 17:00:00,-999.0
2025-05-09 18:00:00,-999.0
2025-05-09 19:00:00,-999.0
2025-05-09 20:00:00,-999.0
2025-05-09 21:00:00,-999.0
2025-05-09 22:00:00,-999.0
2025-05-09 23:00:00,-999.0
2025-05-10 00:00:00,-999.0
2025-05-10 01:00:00,-999.0
2025-05-10 02:00:00,-999.0
2025-05-10 03:00:00,-999.0
2025-05-10 04:00:00,-999.0
2025-05-10 05:00:00,-999.0
2025-05-10 06:00:00,-999.0
2025-05-10 07:00:00,-999.0
2025-05-10 08:00:00,-999.0
2025-05-10 09:00:00,-999.0
2025-05-10 10:00:00,-999.0
2025-05-10 11:00:00,-999.0
2025-05-10 12:00:00,-999.0
2025-05-10 13:00:00,-999.0
2025-05-10 14:00:00,-999.0
2025-05-10 15:00:00,-999.0
2025-05-10 16:00:00,-999.0
2025-05-10 17:00:00,-999.0
2025-05-10 18:00:00,-999.0
2025-05-10 19:00:00,-999.0
2025-05-10 20:00:00,-999.0
2025-05-10 21:00:00,-999.0
2025-05-10 22:00:00,-999.0
2025-05-10 23:00:00,-999.0
2025-05-11 00:00:00,-999.0
2025-05-11 01:00:00,-999.0
2025-05-11 02:00:00,-999.0
2025-05-11 03:00:00,-999.0
2025-05-11 04:00:00,-999.0
2025-05-11 05:00:00,-999.0
2025-05-11 06:00:00,-999.0
2025-05-11 07:00:00,-999.0
2025-05-11 08:00:00,-999.0
2025-05-11 09:00:00,-999.0
2025-05-11 10:00:00,-999.0
2025-05-11 11:00:00,-999.0
2025-05-11 12:00:00,-999.0
2025-05-11 13:00:00,-999.0
2025-05-11 14:00:00,-999.0
2025-05-11 15:00:00,-999.0
2025-05-11 16:00:00,-999.0
2025-05-11 17:00:00,-999.0
2025-05-11 18:00:00,-999.0
2025-05-11 19:00:00,-999.0
2025-05-11 20:00:00,-999.0
2025-05-11 21:00:00,-999.0
2025-05-11 22:00:00,-999.0
2025-05-11 23:00:00,-999.0
2025-05-12 00:00:00,-999.0
2025-05-12 01:00:00,-999.0
2025-05-12 02:00:00,-999.0
2025-05-12 03:00:00,-999.0
2025-05-12 04:00:00,-999.0
2025-05-12 05:00:00,-999.0
2025-05-12 06:00:00,-999.0
2025-05-12 07:00:00,-999.0
2025-05-12 08:00:00,-999.0
2025-05-12 09:00:00,-999.0
2025-05-12 10:00:00,-999.0
2025-05-12 11:00:00,-999.0
2025-05-12 12:00:00,-999.0
2025-05-12 13:00:00,-999.0
2025-05-12 14:00:00,-999.0
2025-05-12 15:00:00,-999.0
2025-05-12 16:00:00,-999.0
2025-05-12 17:00:00,-999.0
2025-05-12 18:00:00,-999.0
2025-05-12 19:00:00,-999.0
2025-05-12 20:00:00,-999.0
2025-05-12 21:00:00,-999.0
2025-05-12 22:00:00,-999.0
2025-05-12 23:00:00,-999.0
2025-05-13 00:00:00,-999.0
2025-05-13 01:00:00,-999.0
2025-05-13 02:00:00,-999.0
2025-05-13 03:00:00,-999.0
2025-05-13 04:00:00,-999.0
2025-05-13 05:00:00,-999.0
2025-05-13 06:00:00,-999.0
2025-05-13 07:00:00,-999.0
2025-05-13 08:00:00,-999.0
2025-05-13 09:00:00,-999.0
2025-05-13 10:00:00,-999.0
2025-05-13 11:00:00,-999.0
2025-05-13 12:00:00,-999.0
2025-05-13 13:00:00,-999.0
2025-05-13 14:00:00,-999.0
2025-05-13 15:00:00,-999.0
2025-05-13 16:00:00,-999.0
2025-05-13 17:00:00,-999.0
2025-05-13 18:00:00,-999.0
2025-05-13 19:00:00,-999.0
2025-05-13 20:00:00,-999.0
2025-05-13 21:00:00,-999.0
2025-05-13 22:00:00,-999.0
2025-05-13 23:00:00,-999.0
2025-05-14 00:00:00,-999.0
2025-05-14 01:00:00,-999.0
2025-05-14 02:00:00,-999.0
2025-05-14 03:00:00,-999.0
2025-05-14 04:00:00,-999.0
2025-05-14 05:00:00,-999.0
2025-05-14 06:00:00,-999.0
2025-05-14 07:00:00,-999.0
2025-05-14 08:00:00,-999.0
2025-05-14 09:00:00,-999.0
2025-05-14 10:00:00,-999.0
2025-05-14 11:00:00,-999.0
2025-05-14 12:00:00,-999.0
2025-05-14 13:00:00,-999.0
2025-05-14 14:00:00,-999.0
2025-05-14 15:00:00,-999.0
2025-05-14 16:00:00,-999.0
2025-05-14 17:00:00,-999.0
2025-05-14 18:00:00,-999.0
2025-05-14 19:00:00,-999.0
2025-05-14 20:00:00,-999.0
2025-05-14 21:00:00,-999.0
2025-05-14 22:00:00,-999.0
2025-05-14 23:00:00,-999.0
2025-05-15 00:00:00,-999.0
2025-05-15 01:00:00,-999.0
2025-05-15 02:00:00,-999.0
2025-05-15 03:00:00,-999.0
2025-05-15 04:00:00,-999.0
2025-05-15 05:00:00,-999.0
2025-05-15 06:00:00,-999.0
2025-05-15 07:00:00,-999.0
2025-05-15 08:00:00,-999.0
2025-05-15 09:00:00,-999.0
2025-05-15 10:00:00,-999.0
2025-05-15 11:00:00,-999.0
2025-05-15 12:00:00,-999.0
2025-05-15 13:00:00,-999.0
2025-05-15 14:00:00,-999.0
2025-05-15 15:00:00,-999.0
2025-05-15 16:00:00,-999.0
2025-05-15 17:00:00,-999.0
2025-05-15 18:00:00,-999.0
2025-05-15 19:00:00,-999.0
2025-05-15 20:00:00,-999.0
2025-05-15 21:00:00,-999.0
2025-05-15 22:00:00,-999.0
2025-05-15 23:00:00,-999.0
2025-05-16 00:00:00,-999.0
2025-05-16 01:00:00,-999.0
2025-05-16 02:00:00,-999.0
2025-05-16 03:00:00,-999.0
2025-05-16 04:00:00,-999.0
2025-05-16 05:00:00,-999.0
2025-05-16 06:00:00,-999.0
2025-05-16 07:00:00,-999.0
2025-05-16 08:00:00,-999.0
2025-05-16 09:00:00,-999.0
2025-05-16 10:00:00,-999.0
2025-05-16 11:00:00,-999.0
2025-05-16 12:00:00,-999.0
2025-05-16 13:00:00,-999.0
2025-05-16 14:00:00,-999.0
2025-05-16 15:00:00,-999.0
2025-05-16 16:00:00,-999.0
2025-05-16 17:00:00,-999.0
2025-05-16 18:00:00,-999.0
2025-05-16 19:00:00,-999.0
2025-05-16 20:00:00,-999.0
2025-05-16 21:00:00,-999.0
2025-05-16 22:00:00,-999.0
2025-05-16 23:00:00,-999.0
2025-05-17 00:00:00,-999.0
2025-05-17 01:00:00,-999.0
2025-05-17 02:00:00,-999.0
2025-05-17 03:00:00,-999.0
2025-05-17 04:00:00,-999.0
2025-05-17 05:00:00,-999.0
2025-05-17 06:00:00,-999.0
2025-05-17 07:00:00,-999.0
2025-05-17 08:00:00,-999.0
2025-05-17 09:00:00,-999.0
2025-05-17 10:00:00,-999.0
2025-05-17 11:00:00,-999.0
2025-05-17 12:00:00,-999.0
2025-05-17 13:00:00,-999.0
2025-05-17 14:00:00,-999.0
2025-05-17 15:00:00,-999.0
2025-05-17 16:00:00,-999.0
2025-05-17 17:00:00,-999.0
2025-05-17 18:00:00,-999.0
2025-05-17 19:00:00,-999.0
2025-05-17 20:00:00,-999.0
2025-05-17 21:00:00,-999.0
2025-05-17 22:00:00,-999.0
2025-05-17 23:00:00,-999.0
2025-05-18 00:00:00,-999.0
2025-05-18 01:00:00,-999.0
2025-05-18 02:00:00,-999.0
2025-05-18 03:00:00,-999.0
2025-05-18 04:00:00,-999.0
2025-05-18 05:00:00,-999.0
2025-05-18 06:00:00,-999.0
2025-05-18 07:00:00,-999.0
2025-05-18 08:00:00,-999.0
2025-05-18 09:00:00,-999.0
2025-05-18 10:00:00,-999.0
2025-05-18 11:00:00,-999.0
2025-05-18 12:00:00,-999.0
2025-05-18 13:00:00,-999.0
2025-05-18 14:00:00,-999.0
2025-05-18 15:00:00,-999.0
2025-05-18 16:00:00,-999.0
2025-05-18 17:00:00,-999.0
2025-05-18 18:00:00,-999.0
2025-05-18 19:00:00,-999.0
2025-05-18 20:00:00,-999.0
2025-05-18 21:00:00,-999.0
2025-05-18 22:00:00,-999.0
2025-05-18 23:00:00,-999.0
2025-05-19 00:00:00,-999.0
2025-05-19 01:00:00,-999.0
2025-05-19 02:00:00,-999.0
2025-05-19 03:00:00,-999.0
2025-05-19 04:00:00,-999.0
2025-05-19 05:00:00,-999.0
2025-05-19 06:00:00,-999.0
2025-05-19 07:00:00,-999.0
2025-05-19 08:00:00,-999.0
2025-05-19 09:00:00,-999.0
2025-05-19 10:00:00,-999.0
2025-05-19 11:00:00,-999.0
2025-05-19 12:00:00,-999.0
2025-05-19 13:00:00,-999.0
2025-05-19 14:00:00,-999.0
2025-05-19 15:00:00,-999.0
2025-05-19 16:00:00,-999.0
2025-05-19 17:00:00,-999.0
2025-05-19 18:00:00,-999.0
2025-05-19 19:00:00,-999.0
2025-05-19 20:00:00,-999.0
2025-05-19 21:00:00,-999.0
2025-05-19 22:00:00,-999.0
2025-05-19 23:00:00,-999.0
2025-05-20 00:00:00,-999.0
2025-05-20 01:00:00,-999.0
2025-05-20 02:00:00,-999.0
2025-05-20 03:00:00,-999.0
2025-05-20 04:00:00,-999.0
2025-05-20 05:00:00,-999.0
2025-05-20 06:00:00,-999.0
2025-05-20 07:00:00,-999.0
2025-05-20 08:00:00,-999.0
2025-05-20 09:00:00,-999.0
2025-05-20 10:00:00,-999.0
2025-05-20 11:00:00,-999.0
2025-05-20 12:00:00,-999.0
2025-05-20 13:00:00,-999.0
2025-05-20 14:00:00,-999.0
2025-05-20 15:00:00,-999.0
2025-05-20 16:00:00,-999.0
2025-05-20 17:00:00,-999.0
2025-05-20 18:00:00,-999.0
2025-05-20 19:00:00,-999.0
2025-05-20 20:00:00,-999.0
2025-05-20 21:00:00,-999.0
2025-05-20 22:00:00,-999.0
2025-05-20 23:00:00,-999.0
2025-05-21 00:00:00,-999.0
2025-05-21 01:00:00,-999.0
2025-05-21 02:00:00,-999.0
2025-05-21 03:00:00,-999.0
2025-05-21 04:00:00,-999.0
2025-05-21 05:00:00,-999.0
2025-05-21 06:00:00,-999.0
2025-05-21 07:00:00,-999.0
2025-05-21 08:00:00,-999.0
2025-05-21 09:00:00,-999.0
2025-05-21 10:00:00,-999.0
2025-05-21 11:00:00,-999.0
2025-05-21 12:00:00,-999.0
2025-05-21 13:00:00,-999.0
2025-05-21 14:00:00,-999.0
2025-05-21 15:00:00,-999.0
2025-05-21 16:00:00,-999.0
2025-05-21 17:00:00,-999.0
2025-05-21 18:00:00,-999.0
2025-05-21 19:00:00,-999.0
2025-05-21 20:00:00,-999.0
2025-05-21 21:00:00,-999.0
2025-05-21 22:00:00,-999.0
2025-05-21 23:00:00,-999.0
2025-05-22 00:00:00,-999.0
2025-05-22 01:00:00,-999.0
2025-05-22 02:00:00,-999.0
2025-05-22 03:00:00,-999.0
2025-05-22 04:00:00,-999.0
2025-05-22 05:00:00,-999.0
2025-05-22 06:00:00,-999.0
2025-05-22 07:00:00,-999.0
2025-05-22 08:00:00,-999.0
2025-05-22 09:00:00,-999.0
2025-05-22 10:00:00,-999.0
2025-05-22 11:00:00,-999.0
2025-05-22 12:00:00,-999.0
2025-05-22 13:00:00,-999.0
2025-05-22 14:00:00,-999.0
2025-05-22 15:00:00,-999.0
2025-05-22 16:00:00,-999.0
2025-05-22 17:00:00,-999.0
2025-05-22 18:00:00,-999.0
2025-05-22 19:00:00,-999.0
2025-05-22 20:00:00,-999.0
2025-05-22 21:00:00,-999.0
2025-05-22 22:00:00,-999.0
2025-05-22 23:00:00,-999.0
2025-05-23 00:00:00,-999.0
2025-05-23 01:00:00,-999.0
2025-05-23 02:00:00,-999.0
2025-05-23 03:00:00,-999.0
2025-05-23 04:00:00,-999.0
2025-05-23 05:00:00,-999.0
2025-05-23 06:00:00,-999.0
2025-05-23 07:00:00,-999.0
2025-05-23 08:00:00,-999.0
2025-05-23 09:00:00,-999.0
2025-05-23 10:00:00,-999.0
2025-05-23 11:00:00,-999.0
2025-05-23 12:00:00,-999.0
2025-05-23 13:00:00,-999.0
2025-05-23 14:00:00,-999.0
2025-05-23 15:00:00,-999.0
2025-05-23 16:00:00,-999.0
2025-05-23 17:00:00,-999.0
2025-05-23 18:00:00,-999.0
2025-05-23 19:00:00,-999.0
2025-05-23 20:00:00,-999.0
2025-05-23 21:00:00,-999.0
2025-05-23 22:00:00,-999.0
2025-05-23 23:00:00,-999.0
2025-05-24 00:00:00,-999.0
2025-05-24 01:00:00,-999.0
2025-05-24 02:00:00,-999.0
2025-05-24 03:00:00,-999.0
2025-05-24 04:00:00,-999.0
2025-05-24 05:00:00,-999.0
2025-05-24 06:00:00,-999.0
2025-05-24 07:00:00,-999.0
2025-05-24 08:00:00,-999.0
2025-05-24 09:00:00,-999.0
2025-05-24 10:00:00,-999.0
2025-05-24 11:00:00,-999.0
2025-05-24 12:00:00,-999.0
2025-05-24 13:00:00,-999.0
2025-05-24 14:00:00,-999.0
2025-05-24 15:00:00,-999.0
2025-05-24 16:00:00,-999.0
2025-05-24 17:00:00,-999.0
2025-05-24 18:00:00,-999.0
2025-05-24 19:00:00,-999.0
2025-05-24 20:00:00,-999.0
2025-05-24 21:00:00,-999.0
2025-05-24 22:00:00,-999.0
2025-05-24 23:00:00,-999.0
2025-05-25 00:00:00,-999.0
2025-05-25 01:00:00,-999.0
2025-05-25 02:00:00,-999.0
2025-05-25 03:00:00,-999.0
2025-05-25 04:00:00,-999.0
2025-05-25 05:00:00,-999.0
2025-05-25 06:00:00,-999.0
2025-05-25 07:00:00,-999.0
2025-05-25 08:00:00,-999.0
2025-05-25 09:00:00,-999.0
2025-05-25 10:00:00,-999.0
2025-05-25 11:00:00,-999.0
2025-05-25 12:00:00,-999.0
2025-05-25 13:00:00,-999.0
2025-05-25 14:00:00,-999.0
2025-05-25 15:00:00,-999.0
2025-05-25 16:00:00,-999.0
2025-05-25 17:00:00,-999.0
2025-05-25 18:00:00,-999.0
2025-05-25 19:00:00,-999.0
2025-05-25 20:00:00,-999.0
2025-05-25 21:00:00,-999.0
2025-05-25 22:00:00,-999.0
2025-05-25 23:00:00,-999.0
2025-05-26 00:00:00,-999.0
2025-05-26 01:00:00,-999.0
2025-05-26 02:00:00,-999.0
2025-05-26 03:00:00,-999.0
2025-05-26 04:00:00,-999.0
2025-05-26 05:00:00,-999.0
2025-05-26 06:00:00,-999.0
2025-05-26 07:00:00,-999.0
2025-05-26 08:00:00,-999.0
2025-05-26 09:00:00,-999.0
2025-05-26 10:00:00,-999.0
2025-05-26 11:00:00,-999.0
2025-05-26 12:00:00,-999.0
2025-05-26 13:00:00,-999.0
2025-05-26 14:00:00,-999.0
2025-05-26 15:00:00,-999.0
2025-05-26 16:00:00,-999.0
2025-05-26 17:00:00,-999.0
2025-05-26 18:00:00,-999.0
2025-05-26 19:00:00,-999.0
2025-05-26 20:00:00,-999.0
2025-05-26 21:00:00,-999.0
2025-05-26 22:00:00,-999.0
2025-05-26 23:00:00,-999.0
2025-05-27 00:00:00,-999.0
2025-05-27 01:00:00,-999.0
2025-05-27 02:00:00,-999.0
2025-05-27 03:00:00,-999.0
2025-05-27 04:00:00,-999.0
2025-05-27 05:00:00,-999.0
2025-05-27 06:00:00,-999.0
2025-05-27 07:00:00,-999.0
2025-05-27 08:00:00,-999.0
2025-05-27 09:00:00,-999.0
2025-05-27 10:00:00,-999.0
2025-05-27 11:00:00,-999.0
2025-05-27 12:00:00,-999.0
2025-05-27 13:00:00,-999.0
2025-05-27 14:00:00,-999.0
2025-05-27 15:00:00,-999.0
2025-05-27 16:00:00,-999.0
2025-05-27 17:00:00,-999.0
2025-05-27 18:00:00,-999.0
2025-05-27 19:00:00,-999.0
2025-05-27 20:00:00,-999.0
2025-05-27 21:00:00,-999.0
2025-05-27 22:00:00,-999.0
2025-05-27 23:00:00,-999.0
2025-05-28 00:00:00,-999.0
2025-05-28 01:00:00,-999.0
2025-05-28 02:00:00,-999.0
2025-05-28 03:00:00,-999.0
2025-05-28 04:00:00,-999.0
2025-05-28 05:00:00,-999.0
2025-05-28 06:00:00,-999.0
2025-05-28 07:00:00,-999.0
2025-05-28 08:00:00,-999.0
2025-05-28 09:00:00,-999.0
2025-05-28 10:00:00,-999.0
2025-05-28 11:00:00,-999.0
2025-05-28 12:00:00,-999.0
2025-05-28 13:00:00,-999.0
2025-05-28 14:00:00,-999.0
2025-05-28 15:00:00,-999.0
2025-05-28 16:00:00,-999.0
2025-05-28 17:00:00,-999.0
2025-05-28 18:00:00,-999.0
2025-05-28 19:00:00,-999.0
2025-05-28 20:00:00,-999.0
2025-05-28 21:00:00,-999.0
2025-05-28 22:00:00,-999.0
2025-05-28 23:00:00,-999.0
2025-05-29 00:00:00,-999.0
2025-05-29 01:00:00,-999.0
2025-05-29 02:00:00,-999.0
2025-05-29 03:00:00,-999.0
2025-05-29 04:00:00,-999.0
2025-05-29 05:00:00,-999.0
2025-05-29 06:00:00,-999.0
2025-05-29 07:00:00,-999.0
2025-05-29 08:00:00,-999.0
2025-05-29 09:00:00,-999.0
2025-05-29 10:00:00,-999.0
2025-05-29 11:00:00,-999.0
2025-05-29 12:00:00,-999.0
2025-05-29 13:00:00,-999.0
2025-05-29 14:00:00,-999.0
2025-05-29 15:00:00,-999.0
2025-05-29 16:00:00,-999.0
2025-05-29 17:00:00,-999.0
2025-05-29 18:00:00,-999.0
2025-05-29 19:00:00,-999.0
2025-05-29 20:00:00,-999.0
2025-05-29 21:00:00,-999.0
2025-05-29 22:00:00,-999.0
2025-05-29 23:00:00,-999.0
2025-05-30 00:00:00,-999.0
2025-05-30 01:00:00,-999.0
2025-05-30 02:00:00,-999.0
2025-05-30 03:00:00,-999.0
2025-05-30 04:00:00,-999.0
2025-05-30 05:00:00,-999.0
2025-05-30 06:00:00,-999.0
2025-05-30 07:00:00,-999.0
2025-05-30 08:00:00,-999.0
2025-05-30 09:00:00,-999.0
2025-05-30 10:00:00,-999.0
2025-05-30 11:00:00,-999.0
2025-05-30 12:00:00,-999.0
2025-05-30 13:00:00,-999.0
2025-05-30 14:00:00,-999.0
2025-05-30 15:00:00,-999.0
2025-05-30 16:00:00,-999.0
2025-05-30 17:00:00,-999.0
2025-05-30 18:00:00,-999.0
2025-05-30 19:00:00,-999.0
2025-05-30 20:00:00,-999.0
2025-05-30 21:00:00,-999.0
2025-05-30 22:00:00,-999.0
2025-05-30 23:00:00,-999.0
2025-05-31 00:00:00,-999.0
2025-05-31 01:00:00,-999.0
2025-05-31 02:00:00,-999.0
2025-05-31 03:00:00,-999.0
2025-05-31 04:00:00,-999.0
2025-05-31 05:00:00,-999.0
2025-05-31 06:00:00,-999.0
2025-05-31 07:00:00,-999.0
2025-05-31 08:00:00,-999.0
2025-05-31 09:00:00,-999.0
2025-05-31 10:00:00,-999.0
2025-05-31 11:00:00,-999.0
2025-05-31 12:00:00,-999.0
2025-05-31 13:00:00,-999.0
2025-05-31 14:00:00,-999.0
2025-05-31 15:00:00,-999.0
2025-05-31 16:00:00,-999.0
2025-05-31 17:00:00,-999.0
2025-05-31 18:00:00,-999.0
2025-05-31 19:00:00,-999.0
2025-05-31 20:00:00,-999.0
2025-05-31 21:00:00,-999.0
2025-05-31 22:00:00,-999.0
2025-05-31 23:00:00,-999.0
2025-06-01 00:00:00,-999.0
2025-06-01 01:00:00,-999.0
2025-06-01 02:00:00,-999.0
2025-06-01 03:00:00,-999.0
2025-06-01 04:00:00,-999.0
2025-06-01 05:00:00,-999.0
2025-06-01 06:00:00,-999.0
2025-06-01 07:00:00,-999.0
2025-06-01 08:00:00,-999.0
2025-06-01 09:00:00,-999.0
2025-06-01 10:00:00,-999.0
2025-06-01 11:00:00,-999.0
2025-06-01 12:00:00,-999.0
2025-06-01 13:00:00,-999.0
2025-06-01 14:00:00,-999.0
2025-06-01 15:00:00,-999.0
2025-06-01 16:00:00,-999.0
2025-06-01 17:00:00,-999.0
2025-06-01 18:00:00,-999.0
2025-06-01 19:00:00,-999.0
2025-06-01 20:00:00,-999.0
2025-06-01 21:00:00,-999.0
2025-06-01 22:00:00,-999.0
2025-06-01 23:00:00,-999.0
2025-06-02 00:00:00,-999.0
2025-06-02 01:00:00,-999.0
2025-06-02 02:00:00,-999.0
2025-06-02 03:00:00,-999.0
2025-06-02 04:00:00,-999.0
2025-06-02 05:00:00,-999.0
2025-06-02 06:00:00,-999.0
2025-06-02 07:00:00,-999.0
2025-06-02 08:00:00,-999.0
2025-06-02 09:00:00,-999.0
2025-06-02 10:00:00,-999.0
2025-06-02 11:00:00,-999.0
2025-06-02 12:00:00,-999.0
2025-06-02 13:00:00,-999.0
2025-06-02 14:00:00,-999.0
2025-06-02 15:00:00,-999.0
2025-06-02 16:00:00,-999.0
2025-06-02 17:00:00,-999.0
2025-06-02 18:00:00,-999.0
2025-06-02 19:00:00,-999.0
2025-06-02 20:00:00,-999.0
2025-06-02 21:00:00,-999.0
2025-06-02 22:00:00,-999.0
2025-06-02 23:00:00,-999.0
2025-06-03 00:00:00,-999.0
2025-06-03 01:00:00,-999.0
2025-06-03 02:00:00,-999.0
2025-06-03 03:00:00,-999.0
2025-06-03 04:00:00,-999.0
2025-06-03 05:00:00,-999.0
2025-06-03 06:00:00,-999.0
2025-06-03 07:00:00,-999.0
2025-06-03 08:00:00,-999.0
2025-06-03 09:00:00,-999.0
2025-06-03 10:00:00,-999.0
2025-06-03 11:00:00,-999.0
2025-06-03 12:00:00,-999.0
2025-06-03 13:00:00,-999.0
2025-06-03 14:00:00,-999.0
2025-06-03 15:00:00,-999.0
2025-06-03 16:00:00,-999.0
2025-06-03 17:00:00,-999.0
2025-06-03 18:00:00,-999.0
2025-06-03 19:00:00,-999.0
2025-06-03 20:00:00,-999.0
2025-06-03 21:00:00,-999.0
2025-06-03 22:00:00,-999.0
2025-06-03 23:00:00,-999.0
2025-06-04 00:00:00,-999.0
2025-06-04 01:00:00,-999.0
2025-06-04 02:00:00,-999.0
2025-06-04 03:00:00,-999.0
2025-06-04 04:00:00,-999.0
2025-06-04 05:00:00,-999.0
2025-06-04 06:00:00,-999.0
2025-06-04 07:00:00,-999.0
2025-06-04 08:00:00,-999.0
2025-06-04 09:00:00,-999.0
2025-06-04 10:00:00,-999.0
2025-06-04 11:00:00,-999.0
2025-06-04 12:00:00,-999.0
2025-06-04 13:00:00,-999.0
2025-06-04 14:00:00,-999.0
2025-06-04 15:00:00,-999.0
2025-06-04 16:00:00,-999.0
2025-06-04 17:00:00,-999.0
2025-06-04 18:00:00,-999.0
2025-06-04 19:00:00,-999.0
2025-06-04 20:00:00,-999.0
2025-06-04 21:00:00,-999.0
2025-06-04 22:00:00,-999.0
2025-06-04 23:00:00,-999.0
2025-06-05 00:00:00,-999.0
2025-06-05 01:00:00,-999.0
2025-06-05 02:00:00,-999.0
2025-06-05 03:00:00,-999.0
2025-06-05 04:00:00,-999.0
2025-06-05 05:00:00,-999.0
2025-06-05 06:00:00,-999.0
2025-06-05 07:00:00,-999.0
2025-06-05 08:00:00,-999.0
2025-06-05 09:00:00,-999.0
2025-06-05 10:00:00,-999.0
2025-06-05 11:00:00,-999.0
2025-06-05 12:00:00,-999.0
2025-06-05 13:00:00,-999.0
2025-06-05 14:00:00,-999.0
2025-06-05 15:00:00,-999.0
2025-06-05 16:00:00,-999.0
2025-06-05 17:00:00,-999.0
2025-06-05 18:00:00,-999.0
2025-06-05 19:00:00,-999.0
2025-06-05 20:00:00,-999.0
2025-06-05 21:00:00,-999.0
2025-06-05 22:00:00,-999.0
2025-06-05 23:00:00,-999.0
2025-06-06 00:00:00,-999.0
2025-06-06 01:00:00,-999.0
2025-06-06 02:00:00,-999.0
2025-06-06 03:00:00,-999.0
2025-06-06 04:00:00,-999.0
2025-06-06 05:00:00,-999.0
2025-06-06 06:00:00,-999.0
2025-06-06 07:00:00,-999.0
2025-06-06 08:00:00,-999.0
2025-06-06 09:00:00,-999.0
2025-06-06 10:00:00,-999.0
2025-06-06 11:00:00,-999.0
2025-06-06 12:00:00,-999.0
2025-06-06 13:00:00,-999.0
2025-06-06 14:00:00,-999.0
2025-06-06 15:00:00,-999.0
2025-06-06 16:00:00,-999.0
2025-06-06 17:00:00,-999.0
2025-06-06 18:00:00,-999.0
2025-06-06 19:00:00,-999.0
2025-06-06 20:00:00,-999.0
2025-06-06 21:00:00,-999.0
2025-06-06 22:00:00,-999.0
2025-06-06 23:00:00,-999.0
2025-06-07 00:00:00,-999.0
2025-06-07 01:00:00,-999.0
2025-06-07 02:00:00,-999.0
2025-06-07 03:00:00,-999.0
2025-06-07 04:00:00,-999.0
2025-06-07 05:00:00,-999.0
2025-06-07 06:00:00,-999.0
2025-06-07 07:00:00,-999.0
2025-06-07 08:00:00,-999.0
2025-06-07 09:00:00,-999.0
2025-06-07 10:00:00,-999.0
2025-06-07 11:00:00,-999.0
2025-06-07 12:00:00,-999.0
2025-06-07 13:00:00,-999.0
2025-06-07 14:00:00,-999.0
2025-06-07 15:00:00,-999.0
2025-06-07 16:00:00,-999.0
2025-06-07 17:00:00,-999.0
2025-06-07 18:00:00,-999.0
2025-06-07 19:00:00,-999.0
2025-06-07 20:00:00,-999.0
2025-06-07 21:00:00,-999.0
2025-06-07 22:00:00,-999.0
2025-06-07 23:00:00,-999.0
2025-06-08 00:00:00,-999.0
2025-06-08 01:00:00,-999.0
2025-06-08 02:00:00,-999.0
2025-06-08 03:00:00,-999.0
2025-06-08 04:00:00,-999.0
2025-06-08 05:00:00,-999.0
2025-06-08 06:00:00,-999.0
2025-06-08 07:00:00,-999.0
2025-06-08 08:00:00,-999.0
2025-06-08 09:00:00,-999.0
2025-06-08 10:00:00,-999.0
2025-06-08 11:00:00,-999.0
2025-06-08 12:00:00,-999.0
2025-06-08 13:00:00,-999.0
2025-06-08 14:00:00,-999.0
2025-06-08 15:00:00,-999.0
2025-06-08 16:00:00,-999.0
2025-06-08 17:00:00,-999.0
2025-06-08 18:00:00,-999.0
2025-06-08 19:00:00,-999.0
2025-06-08 20:00:00,-999.0
2025-06-08 21:00:00,-999.0
2025-06-08 22:00:00,-999.0
2025-06-08 23:00:00,-999.0
2025-06-09 00:00:00,-999.0
2025-06-09 01:00:00,-999.0
2025-06-09 02:00:00,-999.0
2025-06-09 03:00:00,-999.0
2025-06-09 04:00:00,-999.0
2025-06-09 05:00:00,-999.0
2025-06-09 06:00:00,-999.0
2025-06-09 07:00:00,-999.0
2025-06-09 08:00:00,-999.0
2025-06-09 09:00:00,-999.0
2025-06-09 10:00:00,-999.0
2025-06-09 11:00:00,-999.0
2025-06-09 12:00:00,-999.0
2025-06-09 13:00:00,-999.0
2025-06-09 14:00:00,-999.0
2025-06-09 15:00:00,-999.0
2025-06-09 16:00:00,-999.0
2025-06-09 17:00:00,-999.0
2025-06-09 18:00:00,-999.0
2025-06-09 19:00:00,-999.0
2025-06-09 20:00:00,-999.0
2025-06-09 21:00:00,-999.0
2025-06-09 22:00:00,-999.0
2025-06-09 23:00:00,-999.0
2025-06-10 00:00:00,-999.0
2025-06-10 01:00:00,-999.0
2025-06-10 02:00:00,-999.0
2025-06-10 03:00:00,-999.0
2025-06-10 04:00:00,-999.0
2025-06-10 05:00:00,-999.0
2025-06-10 06:00:00,-999.0
2025-06-10 07:00:00,-999.0
2025-06-10 08:00:00,-999.0
2025-06-10 09:00:00,-999.0
2025-06-10 10:00:00,-999.0
2025-06-10 11:00:00,-999.0
2025-06-10 12:00:00,-999.0
2025-06-10 13:00:00,-999.0
2025-06-10 14:00:00,-999.0
2025-06-10 15:00:00,-999.0
2025-06-10 16:00:00,-999.0
2025-06-10 17:00:00,-999.0
2025-06-10 18:00:00,-999.0
2025-06-10 19:00:00,-999.0
2025-06-10 20:00:00,-999.0
2025-06-10 21:00:00,-999.0
2025-06-10 22:00:00,-999.0
2025-06-10 23:00:00,-999.0
2025-06-11 00:00:00,-999.0
2025-06-11 01:00:00,-999.0
2025-06-11 02:00:00,-999.0
2025-06-11 03:00:00,-999.0
2025-06-11 04:00:00,-999.0
2025-06-11 05:00:00,-999.0
2025-06-11 06:00:00,-999.0
2025-06-11 07:00:00,-999.0
2025-06-11 08:00:00,-999.0
2025-06-11 09:00:00,-999.0
2025-06-11 10:00:00,-999.0
2025-06-11 11:00:00,-999.0
2025-06-11 12:00:00,-999.0
2025-06-11 13:00:00,-999.0
2025-06-11 14:00:00,-999.0
2025-06-11 15:00:00,-999.0
2025-06-11 16:00:00,-999.0
2025-06-11 17:00:00,-999.0
2025-06-11 18:00:00,-999.0
2025-06-11 19:00:00,-999.0
2025-06-11 20:00:00,-999.0
2025-06-11 21:00:00,-999.0
2025-06-11 22:00:00,-999.0
2025-06-11 23:00:00,-999.0
2025-06-12 00:00:00,-999.0
2025-06-12 01:00:00,-999.0
2025-06-12 02:00:00,-999.0
2025-06-12 03:00:00,-999.0
2025-06-12 04:00:00,-999.0
2025-06-12 05:00:00,-999.0
2025-06-12 06:00:00,-999.0
2025-06-12 07:00:00,-999.0
2025-06-12 08:00:00,-999.0
2025-06-12 09:00:00,-999.0
2025-06-12 10:00:00,-999.0
2025-06-12 11:00:00,-999.0
2025-06-12 12:00:00,-999.0
2025-06-12 13:00:00,-999.0
2025-06-12 14:00:00,-999.0
2025-06-12 15:00:00,-999.0
2025-06-12 16:00:00,-999.0
2025-06-12 17:00:00,-999.0
2025-06-12 18:00:00,-999.0
2025-06-12 19:00:00,-999.0
2025-06-12 20:00:00,-999.0
2025-06-12 21:00:00,-999.0
2025-06-12 22:00:00,-999.0
2025-06-12 23:00:00,-999.0
2025-06-13 00:00:00,-999.0
2025-06-13 01:00:00,-999.0
2025-06-13 02:00:00,-999.0
2025-06-13 03:00:00,-999.0
2025-06-13 04:00:00,-999.0
2025-06-13 05:00:00,-999.0
2025-06-13 06:00:00,-999.0
2025-06-13 07:00:00,-999.0
2025-06-13 08:00:00,-999.0
2025-06-13 09:00:00,-999.0
2025-06-13 10:00:00,-999.0
2025-06-13 11:00:00,-999.0
2025-06-13 12:00:00,-999.0
2025-06-13 13:00:00,-999.0
2025-06-13 14:00:00,-999.0
2025-06-13 15:00:00,-999.0
2025-06-13 16:00:00,-999.0
2025-06-13 17:00:00,-999.0
2025-06-13 18:00:00,-999.0
2025-06-13 19:00:00,-999.0
2025-06-13 20:00:00,-999.0
2025-06-13 21:00:00,-999.0
2025-06-13 22:00:00,-999.0
2025-06-13 23:00:00,-999.0
2025-06-14 00:00:00,-999.0
2025-06-14 01:00:00,-999.0
2025-06-14 02:00:00,-999.0
2025-06-14 03:00:00,-999.0
2025-06-14 04:00:00,-999.0
2025-06-14 05:00:00,-999.0
2025-06-14 06:00:00,-999.0
2025-06-14 07:00:00,-999.0
2025-06-14 08:00:00,-999.0
2025-06-14 09:00:00,-999.0
2025-06-14 10:00:00,-999.0
2025-06-14 11:00:00,-999.0
2025-06-14 12:00:00,-999.0
2025-06-14 13:00:00,-999.0
2025-06-14 14:00:00,-999.0
2025-06-14 15:00:00,-999.0
2025-06-14 16:00:00,-999.0
2025-06-14 17:00:00,-999.0
2025-06-14 18:00:00,-999.0
2025-06-14 19:00:00,-999.0
2025-06-14 20:00:00,-999.0
2025-06-14 21:00:00,-999.0
2025-06-14 22:00:00,-999.0
2025-06-14 23:00:00,-999.0
2025-06-15 00:00:00,-999.0
2025-06-15 01:00:00,-999.0
2025-06-15 02:00:00,-999.0
2025-06-15 03:00:00,-999.0
2025-06-15 04:00:00,-999.0
2025-06-15 05:00:00,-999.0
2025-06-15 06:00:00,-999.0
2025-06-15 07:00:00,-999.0
2025-06-15 08:00:00,-999.0
2025-06-15 09:00:00,-999.0
2025-06-15 10:00:00,-999.0
2025-06-15 11:00:00,-999.0
2025-06-15 12:00:00,-999.0
2025-06-15 13:00:00,-999.0
2025-06-15 14:00:00,-999.0
2025-06-15 15:00:00,-999.0
2025-06-15 16:00:00,-999.0
2025-06-15 17:00:00,-999.0
2025-06-15 18:00:00,-999.0
2025-06-15 19:00:00,-999.0
2025-06-15 20:00:00,-999.0
2025-06-15 21:00:00,-999.0
2025-06-15 22:00:00,-999.0
2025-06-15 23:00:00,-999.0
2025-06-16 00:00:00,-999.0
2025-06-16 01:00:00,-999.0
2025-06-16 02:00:00,-999.0
2025-06-16 03:00:00,-999.0
2025-06-16 04:00:00,-999.0
2025-06-16 05:00:00,-999.0
2025-06-16 06:00:00,-999.0
2025-06-16 07:00:00,-999.0
2025-06-16 08:00:00,-999.0
2025-06-16 09:00:00,-999.0
2025-06-16 10:00:00,-999.0
2025-06-16 11:00:00,-999.0
2025-06-16 12:00:00,-999.0
2025-06-16 13:00:00,-999.0
2025-06-16 14:00:00,-999.0
2025-06-16 15:00:00,-999.0
2025-06-16 16:00:00,-999.0
2025-06-16 17:00:00,-999.0
2025-06-16 18:00:00,-999.0
2025-06-16 19:00:00,-999.0
2025-06-16 20:00:00,-999.0
2025-06-16 21:00:00,-999.0
2025-06-16 22:00:00,-999.0
2025-06-16 23:00:00,-999.0
2025-06-17 00:00:00,-999.0
2025-06-17 01:00:00,-999.0
2025-06-17 02:00:00,-999.0
2025-06-17 03:00:00,-999.0
2025-06-17 04:00:00,-999.0
2025-06-17 05:00:00,-999.0
2025-06-17 06:00:00,-999.0
2025-06-17 07:00:00,-999.0
2025-06-17 08:00:00,-999.0
2025-06-17 09:00:00,-999.0
2025-06-17 10:00:00,-999.0
2025-06-17 11:00:00,-999.0
2025-06-17 12:00:00,-999.0
2025-06-17 13:00:00,-999.0
2025-06-17 14:00:00,-999.0
2025-06-17 15:00:00,-999.0
2025-06-17 16:00:00,-999.0
2025-06-17 17:00:00,-999.0
2025-06-17 18:00:00,-999.0
2025-06-17 19:00:00,-999.0
2025-06-17 20:00:00,-999.0
2025-06-17 21:00:00,-999.0
2025-06-17 22:00:00,-999.0
2025-06-17 23:00:00,-999.0
2025-06-18 00:00:00,-999.0
2025-06-18 01:00:00,-999.0
2025-06-18 02:00:00,-999.0
2025-06-18 03:00:00,-999.0
2025-06-18 04:00:00,-999.0
2025-06-18 05:00:00,-999.0
2025-06-18 06:00:00,-999.0
2025-06-18 07:00:00,-999.0
2025-06-18 08:00:00,-999.0
2025-06-18 09:00:00,-999.0
2025-06-18 10:00:00,-999.0
2025-06-18 11:00:00,-999.0
2025-06-18 12:00:00,-999.0
2025-06-18 13:00:00,-999.0
2025-06-18 14:00:00,-999.0
2025-06-18 15:00:00,-999.0
2025-06-18 16:00:00,-999.0
2025-06-18 17:00:00,-999.0
2025-06-18 18:00:00,-999.0
2025-06-18 19:00:00,-999.0
2025-06-18 20:00:00,-999.0
2025-06-18 21:00:00,-999.0
2025-06-18 22:00:00,-999.0
2025-06-18 23:00:00,-999.0
2025-06-19 00:00:00,-999.0
2025-06-19 01:00:00,-999.0
2025-06-19 02:00:00,-999.0
2025-06-19 03:00:00,-999.0
2025-06-19 04:00:00,-999.0
2025-06-19 05:00:00,-999.0
2025-06-19 06:00:00,-999.0
2025-06-19 07:00:00,-999.0
2025-06-19 08:00:00,-999.0
2025-06-19 09:00:00,-999.0
2025-06-19 10:00:00,-999.0
2025-06-19 11:00:00,-999.0
2025-06-19 12:00:00,-999.0
2025-06-19 13:00:00,-999.0
2025-06-19 14:00:00,-999.0
2025-06-19 15:00:00,-999.0
2025-06-19 16:00:00,-999.0
2025-06-19 17:00:00,-999.0
2025-06-19 18:00:00,-999.0
2025-06-19 19:00:00,-999.0
2025-06-19 20:00:00,-999.0
2025-06-19 21:00:00,-999.0
2025-06-19 22:00:00,-999.0
2025-06-19 23:00:00,-999.0
2025-06-20 00:00:00,-999.0
2025-06-20 01:00:00,-999.0
2025-06-20 02:00:00,-999.0
2025-06-20 03:00:00,-999.0
2025-06-20 04:00:00,-999.0
2025-06-20 05:00:00,-999.0
2025-06-20 06:00:00,-999.0
2025-06-20 07:00:00,-999.0
2025-06-20 08:00:00,-999.0
2025-06-20 09:00:00,-999.0
2025-06-20 10:00:00,-999.0
2025-06-20 11:00:00,-999.0
2025-06-20 12:00:00,-999.0
2025-06-20 13:00:00,-999.0
2025-06-20 14:00:00,-999.0
2025-06-20 15:00:00,-999.0
2025-06-20 16:00:00,-999.0
2025-06-20 17:00:00,-999.0
2025-06-20 18:00:00,-999.0
2025-06-20 19:00:00,-999.0
2025-06-20 20:00:00,-999.0
2025-06-20 21:00:00,-999.0
2025-06-20 22:00:00,-999.0
2025-06-20 23:00:00,-999.0
2025-06-21 00:00:00,-999.0
2025-06-21 01:00:00,-999.0
2025-06-21 02:00:00,-999.0
2025-06-21 03:00:00,-999.0
2025-06-21 04:00:00,-999.0
2025-06-21 05:00:00,-999.0
2025-06-21 06:00:00,-999.0
2025-06-21 07:00:00,-999.0
2025-06-21 08:00:00,-999.0
2025-06-21 09:00:00,-999.0
2025-06-21 10:00:00,-999.0
2025-06-21 11:00:00,-999.0
2025-06-21 12:00:00,-999.0
2025-06-21 13:00:00,-999.0
2025-06-21 14:00:00,-999.0
2025-06-21 15:00:00,-999.0
2025-06-21 16:00:00,-999.0
2025-06-21 17:00:00,-999.0
2025-06-21 18:00:00,-999.0
2025-06-21 19:00:00,-999.0
2025-06-21 20:00:00,-999.0
2025-06-21 21:00:00,-999.0
2025-06-21 22:00:00,-999.0
2025-06-21 23:00:00,-999.0
2025-06-22 00:00:00,-999.0
2025-06-22 01:00:00,-999.0
2025-06-22 02:00:00,-999.0
2025-06-22 03:00:00,-999.0
2025-06-22 04:00:00,-999.0
2025-06-22 05:00:00,-999.0
2025-06-22 06:00:00,-999.0
2025-06-22 07:00:00,-999.0
2025-06-22 08:00:00,-999.0
2025-06-22 09:00:00,-999.0
2025-06-22 10:00:00,-999.0
2025-06-22 11:00:00,-999.0
2025-06-22 12:00:00,-999.0
2025-06-22 13:00:00,-999.0
2025-06-22 14:00:00,-999.0
2025-06-22 15:00:00,-999.0
2025-06-22 16:00:00,-999.0
2025-06-22 17:00:00,-999.0
2025-06-22 18:00:00,-999.0
2025-06-22 19:00:00,-999.0
2025-06-22 20:00:00,-999.0
2025-06-22 21:00:00,-999.0
2025-06-22 22:00:00,-999.0
2025-06-22 23:00:00,-999.0
2025-06-23 00:00:00,-999.0
2025-06-23 01:00:00,-999.0
2025-06-23 02:00:00,-999.0
2025-06-23 03:00:00,-999.0
2025-06-23 04:00:00,-999.0
2025-06-23 05:00:00,-999.0
2025-06-23 06:00:00,-999.0
2025-06-23 07:00:00,-999.0
2025-06-23 08:00:00,-999.0
2025-06-23 09:00:00,-999.0
2025-06-23 10:00:00,-999.0
2025-06-23 11:00:00,-999.0
2025-06-23 12:00:00,-999.0
2025-06-23 13:00:00,-999.0
2025-06-23 14:00:00,-999.0
2025-06-23 15:00:00,-999.0
2025-06-23 16:00:00,-999.0
2025-06-23 17:00:00,-999.0
2025-06-23 18:00:00,-999.0
2025-06-23 19:00:00,-999.0
2025-06-23 20:00:00,-999.0
2025-06-23 21:00:00,-999.0
2025-06-23 22:00:00,-999.0
2025-06-23 23:00:00,-999.0
2025-06-24 00:00:00,-999.0
2025-06-24 01:00:00,-999.0
2025-06-24 02:00:00,-999.0
2025-06-24 03:00:00,-999.0
2025-06-24 04:00:00,-999.0
2025-06-24 05:00:00,-999.0
2025-06-24 06:00:00,-999.0
2025-06-24 07:00:00,-999.0
2025-06-24 08:00:00,-999.0
2025-06-24 09:00:00,-999.0
2025-06-24 10:00:00,-999.0
2025-06-24 11:00:00,-999.0
2025-06-24 12:00:00,-999.0
2025-06-24 13:00:00,-999.0
2025-06-24 14:00:00,-999.0
2025-06-24 15:00:00,-999.0
2025-06-24 16:00:00,-999.0
2025-06-24 17:00:00,-999.0
2025-06-24 18:00:00,-999.0
2025-06-24 19:00:00,-999.0
2025-06-24 20:00:00,-999.0
2025-06-24 21:00:00,-999.0
2025-06-24 22:00:00,-999.0
2025-06-24 23:00:00,-999.0
2025-06-25 00:00:00,-999.0
2025-06-25 01:00:00,-999.0
2025-06-25 02:00:00,-999.0
2025-06-25 03:00:00,-999.0
2025-06-25 04:00:00,-999.0
2025-06-25 05:00:00,-999.0
2025-06-25 06:00:00,-999.0
2025-06-25 07:00:00,-999.0
2025-06-25 08:00:00,-999.0
2025-06-25 09:00:00,-999.0
2025-06-25 10:00:00,-999.0
2025-06-25 11:00:00,-999.0
2025-06-25 12:00:00,-999.0
2025-06-25 13:00:00,-999.0
2025-06-25 14:00:00,-999.0
2025-06-25 15:00:00,-999.0
2025-06-25 16:00:00,-999.0
2025-06-25 17:00:00,-999.0
2025-06-25 18:00:00,-999.0
2025-06-25 19:00:00,-999.0
2025-06-25 20:00:00,-999.0
2025-06-25 21:00:00,-999.0
2025-06-25 22:00:00,-999.0
2025-06-25 23:00:00,-999.0
2025-06-26 00:00:00,-999.0
2025-06-26 01:00:00,-999.0
2025-06-26 02:00:00,-999.0
2025-06-26 03:00:00,-999.0
2025-06-26 04:00:00,-999.0
2025-06-26 05:00:00,-999.0
2025-06-26 06:00:00,-999.0
2025-06-26 07:00:00,-999.0
2025-06-26 08:00:00,-999.0
2025-06-26 09:00:00,-999.0
2025-06-26 10:00:00,-999.0
2025-06-26 11:00:00,-999.0
2025-06-26 12:00:00,-999.0
2025-06-26 13:00:00,-999.0
2025-06-26 14:00:00,-999.0
2025-06-26 15:00:00,-999.0
2025-06-26 16:00:00,-999.0
2025-06-26 17:00:00,-999.0
2025-06-26 18:00:00,-999.0
2025-06-26 19:00:00,-999.0
2025-06-26 20:00:00,-999.0
2025-06-26 21:00:00,-999.0
2025-06-26 22:00:00,-999.0
2025-06-26 23:00:00,-999.0
2025-06-27 00:00:00,-999.0
2025-06-27 01:00:00,-999.0
2025-06-27 02:00:00,-999.0
2025-06-27 03:00:00,-999.0
2025-06-27 04:00:00,-999.0
2025-06-27 05:00:00,-999.0
2025-06-27 06:00:00,-999.0
2025-06-27 07:00:00,-999.0
2025-06-27 08:00:00,-999.0
2025-06-27 09:00:00,-999.0
2025-06-27 10:00:00,-999.0
2025-06-27 11:00:00,-999.0
2025-06-27 12:00:00,-999.0
2025-06-27 13:00:00,-999.0
2025-06-27 14:00:00,-999.0
2025-06-27 15:00:00,-999.0
2025-06-27 16:00:00,-999.0
2025-06-27 17:00:00,-999.0
2025-06-27 18:00:00,-999.0
2025-06-27 19:00:00,-999.0
2025-06-27 20:00:00,-999.0
2025-06-27 21:00:00,-999.0
2025-06-27 22:00:00,-999.0
2025-06-27 23:00:00,-999.0
2025-06-28 00:00:00,-999.0
2025-06-28 01:00:00,-999.0
2025-06-28 02:00:00,-999.0
2025-06-28 03:00:00,-999.0
2025-06-28 04:00:00,-999.0
2025-06-28 05:00:00,-999.0
2025-06-28 06:00:00,-999.0
2025-06-28 07:00:00,-999.0
2025-06-28 08:00:00,-999.0
2025-06-28 09:00:00,-999.0
2025-06-28 10:00:00,-999.0
2025-06-28 11:00:00,-999.0
2025-06-28 12:00:00,-999.0
2025-06-28 13:00:00,-999.0
2025-06-28 14:00:00,-999.0
2025-06-28 15:00:00,-999.0
2025-06-28 16:00:00,-999.0
2025-06-28 17:00:00,-999.0
2025-06-28 18:00:00,-999.0
2025-06-28 19:00:00,-999.0
2025-06-28 20:00:00,-999.0
2025-06-28 21:00:00,-999.0
2025-06-28 22:00:00,-999.0
2025-06-28 23:00:00,-999.0
2025-06-29 00:00:00,-999.0
2025-06-29 01:00:00,-999.0
2025-06-29 02:00:00,-999.0
2025-06-29 03:00:00,-999.0
2025-06-29 04:00:00,-999.0
2025-06-29 05:00:00,-999.0
2025-06-29 06:00:00,-999.0
2025-06-29 07:00:00,-999.0
2025-06-29 08:00:00,-999.0
2025-06-29 09:00:00,-999.0
2025-06-29 10:00:00,-999.0
2025-06-29 11:00:00,-999.0
2025-06-29 12:00:00,-999.0
2025-06-29 13:00:00,-999.0
2025-06-29 14:00:00,-999.0
2025-06-29 15:00:00,-999.0
2025-06-29 16:00:00,-999.0
2025-06-29 17:00:00,-999.0
2025-06-29 18:00:00,-999.0
2025-06-29 19:00:00,-999.0
2025-06-29 20:00:00,-999.0
2025-06-29 21:00:00,-999.0
2025-06-29 22:00:00,-999.0
2025-06-29 23:00:00,-999.0
2025-06-30 00:00:00,-999.0
2025-06-30 01:00:00,-999.0
2025-06-30 02:00:00,-999.0
2025-06-30 03:00:00,-999.0
2025-06-30 04:00:00,-999.0
2025-06-30 05:00:00,-999.0
2025-06-30 06:00:00,-999.0
2025-06-30 07:00:00,-999.0
2025-06-30 08:00:00,-999.0
2025-06-30 09:00:00,-999.0
2025-06-30 10:00:00,-999.0
2025-06-30 11:00:00,-999.0
2025-06-30 12:00:00,-999.0
2025-06-30 13:00:00,-999.0
2025-06-30 14:00:00,-999.0
2025-06-30 15:00:00,-999.0
2025-06-30 16:00:00,-999.0
2025-06-30 17:00:00,-999.0
2025-06-30 18:00:00,-999.0
2025-06-30 19:00:00,-999.0
2025-06-30 20:00:00,-999.0
2025-06-30 21:00:00,-999.0
2025-06-30 22:00:00,-999.0
2025-06-30 23:00:00,-999.0
2025-07-01 00:00:00,-999.0
2025-07-01 01:00:00,-999.0
2025-07-01 02:00:00,-999.0
2025-07-01 03:00:00,-999.0
2025-07-01 04:00:00,-999.0
2025-07-01 05:00:00,-999.0
2025-07-01 06:00:00,-999.0
2025-07-01 07:00:00,-999.0
2025-07-01 08:00:00,-999.0
2025-07-01 09:00:00,-999.0
2025-07-01 10:00:00,-999.0
2025-07-01 11:00:00,-999.0
2025-07-01 12:00:00,-999.0
2025-07-01 13:00:00,-999.0
2025-07-01 14:00:00,-999.0
2025-07-01 15:00:00,-999.0
2025-07-01 16:00:00,-999.0
2025-07-01 17:00:00,-999.0
2025-07-01 18:00:00,-999.0
2025-07-01 19:00:00,-999.0
2025-07-01 20:00:00,-999.0
2025-07-01 21:00:00,-999.0
2025-07-01 22:00:00,-999.0
2025-07-01 23:00:00,-999.0
2025-07-02 00:00:00,-999.0
2025-07-02 01:00:00,-999.0
2025-07-02 02:00:00,-999.0
2025-07-02 03:00:00,-999.0
2025-07-02 04:00:00,-999.0
2025-07-02 05:00:00,-999.0
2025-07-02 06:00:00,-999.0
2025-07-02 07:00:00,-999.0
2025-07-02 08:00:00,-999.0
2025-07-02 09:00:00,-999.0
2025-07-02 10:00:00,-999.0
2025-07-02 11:00:00,-999.0
2025-07-02 12:00:00,-999.0
2025-07-02 13:00:00,-999.0
2025-07-02 14:00:00,-999.0
2025-07-02 15:00:00,-999.0
2025-07-02 16:00:00,-999.0
2025-07-02 17:00:00,-999.0
2025-07-02 18:00:00,-999.0
2025-07-02 19:00:00,-999.0
2025-07-02 20:00:00,-999.0
2025-07-02 21:00:00,-999.0
2025-07-02 22:00:00,-999.0
2025-07-02 23:00:00,-999.0
2025-07-03 00:00:00,-999.0
2025-07-03 01:00:00,-999.0
2025-07-03 02:00:00,-999.0
2025-07-03 03:00:00,-999.0
2025-07-03 04:00:00,-999.0
2025-07-03 05:00:00,-999.0
2025-07-03 06:00:00,-999.0
2025-07-03 07:00:00,-999.0
2025-07-03 08:00:00,-999.0
2025-07-03 09:00:00,-999.0
2025-07-03 10:00:00,-999.0
2025-07-03 11:00:00,-999.0
2025-07-03 12:00:00,-999.0
2025-07-03 13:00:00,-999.0
2025-07-03 14:00:00,-999.0
2025-07-03 15:00:00,-999.0
2025-07-03 16:00:00,-999.0
2025-07-03 17:00:00,-999.0
2025-07-03 18:00:00,-999.0
2025-07-03 19:00:00,-999.0
2025-07-03 20:00:00,-999.0
2025-07-03 21:00:00,-999.0
2025-07-03 22:00:00,-999.0
2025-07-03 23:00:00,-999.0
2025-07-04 00:00:00,-999.0
2025-07-04 01:00:00,-999.0
2025-07-04 02:00:00,-999.0
2025-07-04 03:00:00,-999.0
2025-07-04 04:00:00,-999.0
2025-07-04 05:00:00,-999.0
2025-07-04 06:00:00,-999.0
2025-07-04 07:00:00,-999.0
2025-07-04 08:00:00,-999.0
2025-07-04 09:00:00,-999.0
2025-07-04 10:00:00,-999.0
2025-07-04 11:00:00,-999.0
2025-07-04 12:00:00,-999.0
2025-07-04 13:00:00,-999.0
2025-07-04 14:00:00,-999.0
2025-07-04 15:00:00,-999.0
2025-07-04 16:00:00,-999.0
2025-07-04 17:00:00,-999.0
2025-07-04 18:00:00,-999.0
2025-07-04 19:00:00,-999.0
2025-07-04 20:00:00,-999.0
2025-07-04 21:00:00,-999.0
2025-07-04 22:00:00,-999.0
2025-07-04 23:00:00,-999.0
2025-07-05 00:00:00,-999.0
2025-07-05 01:00:00,-999.0
2025-07-05 02:00:00,-999.0
2025-07-05 03:00:00,-999.0
2025-07-05 04:00:00,-999.0
2025-07-05 05:00:00,-999.0
2025-07-05 06:00:00,-999.0
2025-07-05 07:00:00,-999.0
2025-07-05 08:00:00,-999.0
2025-07-05 09:00:00,-999.0
2025-07-05 10:00:00,-999.0
2025-07-05 11:00:00,-999.0
2025-07-05 12:00:00,-999.0
2025-07-05 13:00:00,-999.0
2025-07-05 14:00:00,-999.0
2025-07-05 15:00:00,-999.0
2025-07-05 16:00:00,-999.0
2025-07-05 17:00:00,-999.0
2025-07-05 18:00:00,-999.0
2025-07-05 19:00:00,-999.0
2025-07-05 20:00:00,-999.0
2025-07-05 21:00:00,-999.0
2025-07-05 22:00:00,-999.0
2025-07-05 23:00:00,-999.0
2025-07-06 00:00:00,-999.0
2025-07-06 01:00:00,-999.0
2025-07-06 02:00:00,-999.0
2025-07-06 03:00:00,-999.0
2025-07-06 04:00:00,-999.0
2025-07-06 05:00:00,-999.0
2025-07-06 06:00:00,-999.0
2025-07-06 07:00:00,-999.0
2025-07-06 08:00:00,-999.0
2025-07-06 09:00:00,-999.0
2025-07-06 10:00:00,-999.0
2025-07-06 11:00:00,-999.0
2025-07-06 12:00:00,-999.0
2025-07-06 13:00:00,-999.0
2025-07-06 14:00:00,-999.0
2025-07-06 15:00:00,-999.0
2025-07-06 16:00:00,-999.0
2025-07-06 17:00:00,-999.0
2025-07-06 18:00:00,-999.0
2025-07-06 19:00:00,-999.0
2025-07-06 20:00:00,-999.0
2025-07-06 21:00:00,-999.0
2025-07-06 22:00:00,-999.0
2025-07-06 23:00:00,-999.0
2025-07-07 00:00:00,-999.0
2025-07-07 01:00:00,-999.0
2025-07-07 02:00:00,-999.0
2025-07-07 03:00:00,-999.0
2025-07-07 04:00:00,-999.0
2025-07-07 05:00:00,-999.0
2025-07-07 06:00:00,-999.0
2025-07-07 07:00:00,-999.0
2025-07-07 08:00:00,-999.0
2025-07-07 09:00:00,-999.0
2025-07-07 10:00:00,-999.0
2025-07-07 11:00:00,-999.0
2025-07-07 12:00:00,-999.0
2025-07-07 13:00:00,-999.0
2025-07-07 14:00:00,-999.0
2025-07-07 15:00:00,-999.0
2025-07-07 16:00:00,-999.0
2025-07-07 17:00:00,-999.0
2025-07-07 18:00:00,-999.0
2025-07-07 19:00:00,-999.0
2025-07-07 20:00:00,-999.0
2025-07-07 21:00:00,-999.0
2025-07-07 22:00:00,-999.0
2025-07-07 23:00:00,-999.0
2025-07-08 00:00:00,-999.0
2025-07-08 01:00:00,-999.0
2025-07-08 02:00:00,-999.0
2025-07-08 03:00:00,-999.0
2025-07-08 04:00:00,-999.0
2025-07-08 05:00:00,-999.0
2025-07-08 06:00:00,-999.0
2025-07-08 07:00:00,-999.0
2025-07-08 08:00:00,-999.0
2025-07-08 09:00:00,-999.0
2025-07-08 10:00:00,-999.0
2025-07-08 11:00:00,-999.0
2025-07-08 12:00:00,-999.0
2025-07-08 13:00:00,-999.0
2025-07-08 14:00:00,-999.0
2025-07-08 15:00:00,-999.0
2025-07-08 16:00:00,-999.0
2025-07-08 17:00:00,-999.0
2025-07-08 18:00:00,-999.0
2025-07-08 19:00:00,-999.0
2025-07-08 20:00:00,-999.0
2025-07-08 21:00:00,-999.0
2025-07-08 22:00:00,-999.0
2025-07-08 23:00:00,-999.0
2025-07-09 00:00:00,-999.0
2025-07-09 01:00:00,-999.0
2025-07-09 02:00:00,-999.0
2025-07-09 03:00:00,-999.0
2025-07-09 04:00:00,-999.0
2025-07-09 05:00:00,-999.0
2025-07-09 06:00:00,-999.0
2025-07-09 07:00:00,-999.0
2025-07-09 08:00:00,-999.0
2025-07-09 09:00:00,-999.0
2025-07-09 10:00:00,-999.0
2025-07-09 11:00:00,-999.0
2025-07-09 12:00:00,-999.0
2025-07-09 13:00:00,-999.0
2025-07-09 14:00:00,-999.0
2025-07-09 15:00:00,-999.0
2025-07-09 16:00:00,-999.0
2025-07-09 17:00:00,-999.0
2025-07-09 18:00:00,-999.0
2025-07-09 19:00:00,-999.0
2025-07-09 20:00:00,-999.0
2025-07-09 21:00:00,-999.0
2025-07-09 22:00:00,-999.0
2025-07-09 23:00:00,-999.0
2025-07-10 00:00:00,-999.0
2025-07-10 01:00:00,-999.0
2025-07-10 02:00:00,-999.0
2025-07-10 03:00:00,-999.0
2025-07-10 04:00:00,-999.0
2025-07-10 05:00:00,-999.0
2025-07-10 06:00:00,-999.0
2025-07-10 07:00:00,-999.0
2025-07-10 08:00:00,-999.0
2025-07-10 09:00:00,-999.0
2025-07-10 10:00:00,-999.0
2025-07-10 11:00:00,-999.0
2025-07-10 12:00:00,-999.0
2025-07-10 13:00:00,-999.0
2025-07-10 14:00:00,-999.0
2025-07-10 15:00:00,-999.0
2025-07-10 16:00:00,-999.0
2025-07-10 17:00:00,-999.0
2025-07-10 18:00:00,-999.0
2025-07-10 19:00:00,-999.0
2025-07-10 20:00:00,-999.0
2025-07-10 21:00:00,-999.0
2025-07-10 22:00:00,-999.0
2025-07-10 23:00:00,-999.0
2025-07-11 00:00:00,-999.0
2025-07-11 01:00:00,-999.0
2025-07-11 02:00:00,-999.0
2025-07-11 03:00:00,-999.0
2025-07-11 04:00:00,-999.0
2025-07-11 05:00:00,-999.0
2025-07-11 06:00:00,-999.0
2025-07-11 07:00:00,-999.0
2025-07-11 08:00:00,-999.0
2025-07-11 09:00:00,-999.0
2025-07-11 10:00:00,-999.0
2025-07-11 11:00:00,-999.0
2025-07-11 12:00:00,-999.0
2025-07-11 13:00:00,-999.0
2025-07-11 14:00:00,-999.0
2025-07-11 15:00:00,-999.0
2025-07-11 16:00:00,-999.0
2025-07-11 17:00:00,-999.0
2025-07-11 18:00:00,-999.0
2025-07-11 19:00:00,-999.0
2025-07-11 20:00:00,-999.0
2025-07-11 21:00:00,-999.0
2025-07-11 22:00:00,-999.0
2025-07-11 23:00:00,-999.0
2025-07-12 00:00:00,-999.0
2025-07-12 01:00:00,-999.0
2025-07-12 02:00:00,-999.0
2025-07-12 03:00:00,-999.0
2025-07-12 04:00:00,-999.0
2025-07-12 05:00:00,-999.0
2025-07-12 06:00:00,-999.0
2025-07-12 07:00:00,-999.0
2025-07-12 08:00:00,-999.0
2025-07-12 09:00:00,-999.0
2025-07-12 10:00:00,-999.0
2025-07-12 11:00:00,-999.0
2025-07-12 12:00:00,-999.0
2025-07-12 13:00:00,-999.0
2025-07-12 14:00:00,-999.0
2025-07-12 15:00:00,-999.0
2025-07-12 16:00:00,-999.0
2025-07-12 17:00:00,-999.0
2025-07-12 18:00:00,-999.0
2025-07-12 19:00:00,-999.0
2025-07-12 20:00:00,-999.0
2025-07-12 21:00:00,-999.0
2025-07-12 22:00:00,-999.0
2025-07-12 23:00:00,-999.0
2025-07-13 00:00:00,-999.0
2025-07-13 01:00:00,-999.0
2025-07-13 02:00:00,-999.0
2025-07-13 03:00:00,-999.0
2025-07-13 04:00:00,-999.0
2025-07-13 05:00:00,-999.0
2025-07-13 06:00:00,-999.0
2025-07-13 07:00:00,-999.0
2025-07-13 08:00:00,-999.0
2025-07-13 09:00:00,-999.0
2025-07-13 10:00:00,-999.0
2025-07-13 11:00:00,-999.0
2025-07-13 12:00:00,-999.0
2025-07-13 13:00:00,-999.0
2025-07-13 14:00:00,-999.0
2025-07-13 15:00:00,-999.0
2025-07-13 16:00:00,-999.0
2025-07-13 17:00:00,-999.0
2025-07-13 18:00:00,-999.0
2025-07-13 19:00:00,-999.0
2025-07-13 20:00:00,-999.0
2025-07-13 21:00:00,-999.0
2025-07-13 22:00:00,-999.0
2025-07-13 23:00:00,-999.0
2025-07-14 00:00:00,-999.0
2025-07-14 01:00:00,-999.0
2025-07-14 02:00:00,-999.0
2025-07-14 03:00:00,-999.0
2025-07-14 04:00:00,-999.0
2025-07-14 05:00:00,-999.0
2025-07-14 06:00:00,-999.0
2025-07-14 07:00:00,-999.0
2025-07-14 08:00:00,-999.0
2025-07-14 09:00:00,-999.0
2025-07-14 10:00:00,-999.0
2025-07-14 11:00:00,-999.0
2025-07-14 12:00:00,-999.0
2025-07-14 13:00:00,-999.0
2025-07-14 14:00:00,-999.0
2025-07-14 15:00:00,-999.0
2025-07-14 16:00:00,-999.0
2025-07-14 17:00:00,-999.0
2025-07-14 18:00:00,-999.0
2025-07-14 19:00:00,-999.0
2025-07-14 20:00:00,-999.0
2025-07-14 21:00:00,-999.0
2025-07-14 22:00:00,-999.0
2025-07-14 23:00:00,-999.0
2025-07-15 00:00:00,-999.0
2025-07-15 01:00:00,-999.0
2025-07-15 02:00:00,-999.0
2025-07-15 03:00:00,-999.0
2025-07-15 04:00:00,-999.0
2025-07-15 05:00:00,-999.0
2025-07-15 06:00:00,-999.0
2025-07-15 07:00:00,-999.0
2025-07-15 08:00:00,-999.0
2025-07-15 09:00:00,-999.0
2025-07-15 10:00:00,-999.0
2025-07-15 11:00:00,-999.0
2025-07-15 12:00:00,-999.0
2025-07-15 13:00:00,-999.0
2025-07-15 14:00:00,-999.0
2025-07-15 15:00:00,-999.0
2025-07-15 16:00:00,-999.0
2025-07-15 17:00:00,-999.0
2025-07-15 18:00:00,-999.0
2025-07-15 19:00:00,-999.0
2025-07-15 20:00:00,-999.0
2025-07-15 21:00:00,-999.0
2025-07-15 22:00:00,-999.0
2025-07-15 23:00:00,-999.0
2025-07-16 00:00:00,-999.0
2025-07-16 01:00:00,-999.0
2025-07-16 02:00:00,-999.0
2025-07-16 03:00:00,-999.0
2025-07-16 04:00:00,-999.0
2025-07-16 05:00:00,-999.0
2025-07-16 06:00:00,-999.0
2025-07-16 07:00:00,-999.0
2025-07-16 08:00:00,-999.0
2025-07-16 09:00:00,-999.0
2025-07-16 10:00:00,-999.0
2025-07-16 11:00:00,-999.0
2025-07-16 12:00:00,-999.0
2025-07-16 13:00:00,-999.0
2025-07-16 14:00:00,-999.0
2025-07-16 15:00:00,-999.0
2025-07-16 16:00:00,-999.0
2025-07-16 17:00:00,-999.0
2025-07-16 18:00:00,-999.0
2025-07-16 19:00:00,-999.0
2025-07-16 20:00:00,-999.0
2025-07-16 21:00:00,-999.0
2025-07-16 22:00:00,-999.0
2025-07-16 23:00:00,-999.0
2025-07-17 00:00:00,-999.0
2025-07-17 01:00:00,-999.0
2025-07-17 02:00:00,-999.0
2025-07-17 03:00:00,-999.0
2025-07-17 04:00:00,-999.0
2025-07-17 05:00:00,-999.0
2025-07-17 06:00:00,-999.0
2025-07-17 07:00:00,-999.0
2025-07-17 08:00:00,-999.0
2025-07-17 09:00:00,-999.0
2025-07-17 10:00:00,-999.0
2025-07-17 11:00:00,-999.0
2025-07-17 12:00:00,-999.0
2025-07-17 13:00:00,-999.0
2025-07-17 14:00:00,-999.0
2025-07-17 15:00:00,-999.0
2025-07-17 16:00:00,-999.0
2025-07-17 17:00:00,-999.0
2025-07-17 18:00:00,-999.0
2025-07-17 19:00:00,-999.0
2025-07-17 20:00:00,-999.0
2025-07-17 21:00:00,-999.0
2025-07-17 22:00:00,-999.0
2025-07-17 23:00:00,-999.0
2025-07-18 00:00:00,-999.0
2025-07-18 01:00:00,-999.0
2025-07-18 02:00:00,-999.0
2025-07-18 03:00:00,-999.0
2025-07-18 04:00:00,-999.0
2025-07-18 05:00:00,-999.0
2025-07-18 06:00:00,-999.0
2025-07-18 07:00:00,-999.0
2025-07-18 08:00:00,-999.0
2025-07-18 09:00:00,-999.0
2025-07-18 10:00:00,-999.0
2025-07-18 11:00:00,-999.0
2025-07-18 12:00:00,-999.0
2025-07-18 13:00:00,-999.0
2025-07-18 14:00:00,-999.0
2025-07-18 15:00:00,-999.0
2025-07-18 16:00:00,-999.0
2025-07-18 17:00:00,-999.0
2025-07-18 18:00:00,-999.0
2025-07-18 19:00:00,-999.0
2025-07-18 20:00:00,-999.0
2025-07-18 21:00:00,-999.0
2025-07-18 22:00:00,-999.0
2025-07-18 23:00:00,-999.0
2025-07-19 00:00:00,-999.0
2025-07-19 01:00:00,-999.0
2025-07-19 02:00:00,-999.0
2025-07-19 03:00:00,-999.0
2025-07-19 04:00:00,-999.0
2025-07-19 05:00:00,-999.0
2025-07-19 06:00:00,-999.0
2025-07-19 07:00:00,-999.0
2025-07-19 08:00:00,-999.0
2025-07-19 09:00:00,-999.0
2025-07-19 10:00:00,-999.0
2025-07-19 11:00:00,-999.0
2025-07-19 12:00:00,-999.0
2025-07-19 13:00:00,-999.0
2025-07-19 14:00:00,-999.0
2025-07-19 15:00:00,-999.0
2025-07-19 16:00:00,-999.0
2025-07-19 17:00:00,-999.0
2025-07-19 18:00:00,-999.0
2025-07-19 19:00:00,-999.0
2025-07-19 20:00:00,-999.0
2025-07-19 21:00:00,-999.0
2025-07-19 22:00:00,-999.0
2025-07-19 23:00:00,-999.0
2025-07-20 00:00:00,-999.0
2025-07-20 01:00:00,-999.0
2025-07-20 02:00:00,-999.0
2025-07-20 03:00:00,-999.0
2025-07-20 04:00:00,-999.0
2025-07-20 05:00:00,-999.0
2025-07-20 06:00:00,-999.0
2025-07-20 07:00:00,-999.0
2025-07-20 08:00:00,-999.0
2025-07-20 09:00:00,-999.0
2025-07-20 10:00:00,-999.0
2025-07-20 11:00:00,-999.0
2025-07-20 12:00:00,-999.0
2025-07-20 13:00:00,-999.0
2025-07-20 14:00:00,-999.0
2025-07-20 15:00:00,-999.0
2025-07-20 16:00:00,-999.0
2025-07-20 17:00:00,-999.0
2025-07-20 18:00:00,-999.0
2025-07-20 19:00:00,-999.0
2025-07-20 20:00:00,-999.0
2025-07-20 21:00:00,-999.0
2025-07-20 22:00:00,-999.0
2025-07-20 23:00:00,-999.0
2025-07-21 00:00:00,-999.0
2025-07-21 01:00:00,-999.0
2025-07-21 02:00:00,-999.0
2025-07-21 03:00:00,-999.0
2025-07-21 04:00:00,-999.0
2025-07-21 05:00:00,-999.0
2025-07-21 06:00:00,-999.0
2025-07-21 07:00:00,-999.0
2025-07-21 08:00:00,-999.0
2025-07-21 09:00:00,-999.0
2025-07-21 10:00:00,-999.0
2025-07-21 11:00:00,-999.0
2025-07-21 12:00:00,-999.0
2025-07-21 13:00:00,-999.0
2025-07-21 14:00:00,-999.0
2025-07-21 15:00:00,-999.0
2025-07-21 16:00:00,-999.0
2025-07-21 17:00:00,-999.0
2025-07-21 18:00:00,-999.0
2025-07-21 19:00:00,-999.0
2025-07-21 20:00:00,-999.0
2025-07-21 21:00:00,-999.0
2025-07-21 22:00:00,-999.0
2025-07-21 23:00:00,-999.0
2025-07-22 00:00:00,-999.0
2025-07-22 01:00:00,-999.0
2025-07-22 02:00:00,-999.0
2025-07-22 03:00:00,-999.0
2025-07-22 04:00:00,-999.0
2025-07-22 05:00:00,-999.0
2025-07-22 06:00:00,-999.0
2025-07-22 07:00:00,-999.0
2025-07-22 08:00:00,-999.0
2025-07-22 09:00:00,-999.0
2025-07-22 10:00:00,-999.0
2025-07-22 11:00:00,-999.0
2025-07-22 12:00:00,-999.0
2025-07-22 13:00:00,-999.0
2025-07-22 14:00:00,-999.0
2025-07-22 15:00:00,-999.0
2025-07-22 16:00:00,-999.0
2025-07-22 17:00:00,-999.0
2025-07-22 18:00:00,-999.0
2025-07-22 19:00:00,-999.0
2025-07-22 20:00:00,-999.0
2025-07-22 21:00:00,-999.0
2025-07-22 22:00:00,-999.0
2025-07-22 23:00:00,-999.0
2025-07-23 00:00:00,-999.0
2025-07-23 01:00:00,-999.0
2025-07-23 02:00:00,-999.0
2025-07-23 03:00:00,-999.0
2025-07-23 04:00:00,-999.0
2025-07-23 05:00:00,-999.0
2025-07-23 06:00:00,-999.0
2025-07-23 07:00:00,-999.0
2025-07-23 08:00:00,-999.0
2025-07-23 09:00:00,-999.0
2025-07-23 10:00:00,-999.0
2025-07-23 11:00:00,-999.0
2025-07-23 12:00:00,-999.0
2025-07-23 13:00:00,-999.0
2025-07-23 14:00:00,-999.0
2025-07-23 15:00:00,-999.0
2025-07-23 16:00:00,-999.0
2025-07-23 17:00:00,-999.0
2025-07-23 18:00:00,-999.0
2025-07-23 19:00:00,-999.0
2025-07-23 20:00:00,-999.0
2025-07-23 21:00:00,-999.0
2025-07-23 22:00:00,-999.0
2025-07-23 23:00:00,-999.0
2025-07-24 00:00:00,-999.0
2025-07-24 01:00:00,-999.0
2025-07-24 02:00:00,-999.0
2025-07-24 03:00:00,-999.0
2025-07-24 04:00:00,-999.0
2025-07-24 05:00:00,-999.0
2025-07-24 06:00:00,-999.0
2025-07-24 07:00:00,-999.0
2025-07-24 08:00:00,-999.0
2025-07-24 09:00:00,-999.0
2025-07-24 10:00:00,-999.0
2025-07-24 11:00:00,-999.0
2025-07-24 12:00:00,-999.0
2025-07-24 13:00:00,-999.0
2025-07-24 14:00:00,-999.0
2025-07-24 15:00:00,-999.0
2025-07-24 16:00:00,-999.0
2025-07-24 17:00:00,-999.0
2025-07-24 18:00:00,-999.0
2025-07-24 19:00:00,-999.0
2025-07-24 20:00:00,-999.0
2025-07-24 21:00:00,-999.0
2025-07-24 22:00:00,-999.0
2025-07-24 23:00:00,-999.0
2025-07-25 00:00:00,-999.0
2025-07-25 01:00:00,-999.0
2025-07-25 02:00:00,-999.0
2025-07-25 03:00:00,-999.0
2025-07-25 04:00:00,-999.0
2025-07-25 05:00:00,-999.0
2025-07-25 06:00:00,-999.0
2025-07-25 07:00:00,-999.0
2025-07-25 08:00:00,-999.0
2025-07-25 09:00:00,-999.0
2025-07-25 10:00:00,-999.0
2025-07-25 11:00:00,-999.0
2025-07-25 12:00:00,-999.0
2025-07-25 13:00:00,-999.0
2025-07-25 14:00:00,-999.0
2025-07-25 15:00:00,-999.0
2025-07-25 16:00:00,-999.0
2025-07-25 17:00:00,-999.0
2025-07-25 18:00:00,-999.0
2025-07-25 19:00:00,-999.0
2025-07-25 20:00:00,-999.0
2025-07-25 21:00:00,-999.0
2025-07-25 22:00:00,-999.0
2025-07-25 23:00:00,-999.0
2025-07-26 00:00:00,-999.0
2025-07-26 01:00:00,-999.0
2025-07-26 02:00:00,-999.0
2025-07-26 03:00:00,-999.0
2025-07-26 04:00:00,-999.0
2025-07-26 05:00:00,-999.0
2025-07-26 06:00:00,-999.0
2025-07-26 07:00:00,-999.0
2025-07-26 08:00:00,-999.0
2025-07-26 09:00:00,-999.0
2025-07-26 10:00:00,-999.0
2025-07-26 11:00:00,-999.0
2025-07-26 12:00:00,-999.0
2025-07-26 13:00:00,-999.0
2025-07-26 14:00:00,-999.0
2025-07-26 15:00:00,-999.0
2025-07-26 16:00:00,-999.0
2025-07-26 17:00:00,-999.0
2025-07-26 18:00:00,-999.0
2025-07-26 19:00:00,-999.0
2025-07-26 20:00:00,-999.0
2025-07-26 21:00:00,-999.0
2025-07-26 22:00:00,-999.0
2025-07-26 23:00:00,-999.0
2025-07-27 00:00:00,-999.0
2025-07-27 01:00:00,-999.0
2025-07-27 02:00:00,-999.0
2025-07-27 03:00:00,-999.0
2025-07-27 04:00:00,-999.0
2025-07-27 05:00:00,-999.0
2025-07-27 06:00:00,-999.0
2025-07-27 07:00:00,-999.0
2025-07-27 08:00:00,-999.0
2025-07-27 09:00:00,-999.0
2025-07-27 10:00:00,-999.0
2025-07-27 11:00:00,-999.0
2025-07-27 12:00:00,-999.0
2025-07-27 13:00:00,-999.0
2025-07-27 14:00:00,-999.0
2025-07-27 15:00:00,-999.0
2025-07-27 16:00:00,-999.0
2025-07-27 17:00:00,-999.0
2025-07-27 18:00:00,-999.0
2025-07-27 19:00:00,-999.0
2025-07-27 20:00:00,-999.0
2025-07-27 21:00:00,-999.0
2025-07-27 22:00:00,-999.0
2025-07-27 23:00:00,-999.0
2025-07-28 00:00:00,-999.0
2025-07-28 01:00:00,-999.0
2025-07-28 02:00:00,-999.0
2025-07-28 03:00:00,-999.0
2025-07-28 04:00:00,-999.0
2025-07-28 05:00:00,-999.0
2025-07-28 06:00:00,-999.0
2025-07-28 07:00:00,-999.0
2025-07-28 08:00:00,-999.0
2025-07-28 09:00:00,-999.0
2025-07-28 10:00:00,-999.0
2025-07-28 11:00:00,-999.0
2025-07-28 12:00:00,-999.0
2025-07-28 13:00:00,-999.0
2025-07-28 14:00:00,-999.0
2025-07-28 15:00:00,-999.0
2025-07-28 16:00:00,-999.0
2025-07-28 17:00:00,-999.0
2025-07-28 18:00:00,-999.0
2025-07-28 19:00:00,-999.0
2025-07-28 20:00:00,-999.0
2025-07-28 21:00:00,-999.0
2025-07-28 22:00:00,-999.0
2025-07-28 23:00:00,-999.0
2025-07-29 00:00:00,-999.0
2025-07-29 01:00:00,-999.0
2025-07-29 02:00:00,-999.0
2025-07-29 03:00:00,-999.0
2025-07-29 04:00:00,-999.0
2025-07-29 05:00:00,-999.0
2025-07-29 06:00:00,-999.0
2025-07-29 07:00:00,-999.0
2025-07-29 08:00:00,-999.0
2025-07-29 09:00:00,-999.0
2025-07-29 10:00:00,-999.0
2025-07-29 11:00:00,-999.0
2025-07-29 12:00:00,-999.0
2025-07-29 13:00:00,-999.0
2025-07-29 14:00:00,-999.0
2025-07-29 15:00:00,-999.0
2025-07-29 16:00:00,-999.0
2025-07-29 17:00:00,-999.0
2025-07-29 18:00:00,-999.0
2025-07-29 19:00:00,-999.0
2025-07-29 20:00:00,-999.0
2025-07-29 21:00:00,-999.0
2025-07-29 22:00:00,-999.0
2025-07-29 23:00:00,-999.0
2025-07-30 00:00:00,-999.0
2025-07-30 01:00:00,-999.0
2025-07-30 02:00:00,-999.0
2025-07-30 03:00:00,-999.0
2025-07-30 04:00:00,-999.0
2025-07-30 05:00:00,-999.0
2025-07-30 06:00:00,-999.0
2025-07-30 07:00:00,-999.0
2025-07-30 08:00:00,-999.0
2025-07-30 09:00:00,-999.0
2025-07-30 10:00:00,-999.0
2025-07-30 11:00:00,-999.0
2025-07-30 12:00:00,-999.0
2025-07-30 13:00:00,-999.0
2025-07-30 14:00:00,-999.0
2025-07-30 15:00:00,-999.0
2025-07-30 16:00:00,-999.0
2025-07-30 17:00:00,-999.0
2025-07-30 18:00:00,-999.0
2025-07-30 19:00:00,-999.0
2025-07-30 20:00:00,-999.0
2025-07-30 21:00:00,-999.0
2025-07-30 22:00:00,-999.0
2025-07-30 23:00:00,-999.0
2025-07-31 00:00:00,-999.0
2025-07-31 01:00:00,-999.0
2025-07-31 02:00:00,-999.0
2025-07-31 03:00:00,-999.0
2025-07-31 04:00:00,-999.0
2025-07-31 05:00:00,-999.0
2025-07-31 06:00:00,-999.0
2025-07-31 07:00:00,-999.0
2025-07-31 08:00:00,-999.0
2025-07-31 09:00:00,-999.0
2025-07-31 10:00:00,-999.0
2025-07-31 11:00:00,-999.0
2025-07-31 12:00:00,-999.0
2025-07-31 13:00:00,-999.0
2025-07-31 14:00:00,-999.0
2025-07-31 15:00:00,-999.0
2025-07-31 16:00:00,-999.0
2025-07-31 17:00:00,-999.0
2025-07-31 18:00:00,-999.0
2025-07-31 19:00:00,-999.0
2025-07-31 20:00:00,-999.0
2025-07-31 21:00:00,-999.0
2025-07-31 22:00:00,-999.0
2025-07-31 23:00:00,-999.0
2025-08-01 00:00:00,-999.0
2025-08-01 01:00:00,-999.0
2025-08-01 02:00:00,-999.0
2025-08-01 03:00:00,-999.0
2025-08-01 04:00:00,-999.0
2025-08-01 05:00:00,-999.0
2025-08-01 06:00:00,-999.0
2025-08-01 07:00:00,-999.0
2025-08-01 08:00:00,-999.0
2025-08-01 09:00:00,-999.0
2025-08-01 10:00:00,-999.0
2025-08-01 11:00:00,-999.0
2025-08-01 12:00:00,-999.0
2025-08-01 13:00:00,-999.0
2025-08-01 14:00:00,-999.0
2025-08-01 15:00:00,-999.0
2025-08-01 16:00:00,-999.0
2025-08-01 17:00:00,-999.0
2025-08-01 18:00:00,-999.0
2025-08-01 19:00:00,-999.0
2025-08-01 20:00:00,-999.0
2025-08-01 21:00:00,-999.0
2025-08-01 22:00:00,-999.0
2025-08-01 23:00:00,-999.0
2025-08-02 00:00:00,-999.0
2025-08-02 01:00:00,-999.0
2025-08-02 02:00:00,-999.0
2025-08-02 03:00:00,-999.0
2025-08-02 04:00:00,-999.0
2025-08-02 05:00:00,-999.0
2025-08-02 06:00:00,-999.0
2025-08-02 07:00:00,-999.0
2025-08-02 08:00:00,-999.0
2025-08-02 09:00:00,-999.0
2025-08-02 10:00:00,-999.0
2025-08-02 11:00:00,-999.0
2025-08-02 12:00:00,-999.0
2025-08-02 13:00:00,-999.0
2025-08-02 14:00:00,-999.0
2025-08-02 15:00:00,-999.0
2025-08-02 16:00:00,-999.0
2025-08-02 17:00:00,-999.0
2025-08-02 18:00:00,-999.0
2025-08-02 19:00:00,-999.0
2025-08-02 20:00:00,-999.0
2025-08-02 21:00:00,-999.0
2025-08-02 22:00:00,-999.0
2025-08-02 23:00:00,-999.0
