datetime,TOA_SW_DWN
2024-08-02 00:00:00,0.0
2024-08-02 01:00:00,0.0
2024-08-02 02:00:00,0.0
2024-08-02 03:00:00,0.0
2024-08-02 04:00:00,0.0
2024-08-02 05:00:00,42.4
2024-08-02 06:00:00,304.85
2024-08-02 07:00:00,589.62
2024-08-02 08:00:00,846.42
2024-08-02 09:00:00,1057.78
2024-08-02 10:00:00,1209.22
2024-08-02 11:00:00,1290.43
2024-08-02 12:00:00,1295.88
2024-08-02 13:00:00,1225.15
2024-08-02 14:00:00,1083.05
2024-08-02 15:00:00,879.28
2024-08-02 16:00:00,627.65
2024-08-02 17:00:00,345.38
2024-08-02 18:00:00,66.95
2024-08-02 19:00:00,0.0
2024-08-02 20:00:00,0.0
2024-08-02 21:00:00,0.0
2024-08-02 22:00:00,0.0
2024-08-02 23:00:00,0.0
2024-08-03 00:00:00,0.0
2024-08-03 01:00:00,0.0
2024-08-03 02:00:00,0.0
2024-08-03 03:00:00,0.0
2024-08-03 04:00:00,0.0
2024-08-03 05:00:00,41.17
2024-08-03 06:00:00,302.95
2024-08-03 07:00:00,588.22
2024-08-03 08:00:00,845.45
2024-08-03 09:00:00,1057.1
2024-08-03 10:00:00,1208.72
2024-08-03 11:00:00,1290.0
2024-08-03 12:00:00,1295.32
2024-08-03 13:00:00,1224.38
2024-08-03 14:00:00,1081.93
2024-08-03 15:00:00,877.7
2024-08-03 16:00:00,625.58
2024-08-03 17:00:00,342.75
2024-08-03 18:00:00,64.88
2024-08-03 19:00:00,0.0
2024-08-03 20:00:00,0.0
2024-08-03 21:00:00,0.0
2024-08-03 22:00:00,0.0
2024-08-03 23:00:00,0.0
2024-08-04 00:00:00,0.0
2024-08-04 01:00:00,0.0
2024-08-04 02:00:00,0.0
2024-08-04 03:00:00,0.0
2024-08-04 04:00:00,0.0
2024-08-04 05:00:00,39.97
2024-08-04 06:00:00,301.02
2024-08-04 07:00:00,586.7
2024-08-04 08:00:00,844.3
2024-08-04 09:00:00,1056.2
2024-08-04 10:00:00,1207.97
2024-08-04 11:00:00,1289.25
2024-08-04 12:00:00,1294.47
2024-08-04 13:00:00,1223.28
2024-08-04 14:00:00,1080.5
2024-08-04 15:00:00,875.85
2024-08-04 16:00:00,623.28
2024-08-04 17:00:00,339.95
2024-08-04 18:00:00,62.78
2024-08-04 19:00:00,0.0
2024-08-04 20:00:00,0.0
2024-08-04 21:00:00,0.0
2024-08-04 22:00:00,0.0
2024-08-04 23:00:00,0.0
2024-08-05 00:00:00,0.0
2024-08-05 01:00:00,0.0
2024-08-05 02:00:00,0.0
2024-08-05 03:00:00,0.0
2024-08-05 04:00:00,0.0
2024-08-05 05:00:00,38.8
2024-08-05 06:00:00,299.08
2024-08-05 07:00:00,585.17
2024-08-05 08:00:00,843.12
2024-08-05 09:00:00,1055.28
2024-08-05 10:00:00,1207.18
2024-08-05 11:00:00,1288.45
2024-08-05 12:00:00,1293.55
2024-08-05 13:00:00,1222.12
2024-08-05 14:00:00,1079.0
2024-08-05 15:00:00,873.92
2024-08-05 16:00:00,620.88
2024-08-05 17:00:00,337.05
2024-08-05 18:00:00,60.65
2024-08-05 19:00:00,0.0
2024-08-05 20:00:00,0.0
2024-08-05 21:00:00,0.0
2024-08-05 22:00:00,0.0
2024-08-05 23:00:00,0.0
2024-08-06 00:00:00,0.0
2024-08-06 01:00:00,0.0
2024-08-06 02:00:00,0.0
2024-08-06 03:00:00,0.0
2024-08-06 04:00:00,0.0
2024-08-06 05:00:00,37.62
2024-08-06 06:00:00,297.15
2024-08-06 07:00:00,583.67
2024-08-06 08:00:00,841.97
2024-08-06 09:00:00,1054.35
2024-08-06 10:00:00,1206.38
2024-08-06 11:00:00,1287.65
2024-08-06 12:00:00,1292.62
2024-08-06 13:00:00,1220.93
2024-08-06 14:00:00,1077.45
2024-08-06 15:00:00,871.92
2024-08-06 16:00:00,618.38
2024-08-06 17:00:00,334.08
2024-08-06 18:00:00,58.5
2024-08-06 19:00:00,0.0
2024-08-06 20:00:00,0.0
2024-08-06 21:00:00,0.0
2024-08-06 22:00:00,0.0
2024-08-06 23:00:00,0.0
2024-08-07 00:00:00,0.0
2024-08-07 01:00:00,0.0
2024-08-07 02:00:00,0.0
2024-08-07 03:00:00,0.0
2024-08-07 04:00:00,0.0
2024-08-07 05:00:00,36.47
2024-08-07 06:00:00,295.15
2024-08-07 07:00:00,582.08
2024-08-07 08:00:00,840.62
2024-08-07 09:00:00,1053.22
2024-08-07 10:00:00,1205.32
2024-08-07 11:00:00,1286.57
2024-08-07 12:00:00,1291.38
2024-08-07 13:00:00,1219.43
2024-08-07 14:00:00,1075.6
2024-08-07 15:00:00,869.67
2024-08-07 16:00:00,615.67
2024-08-07 17:00:00,330.92
2024-08-07 18:00:00,56.33
2024-08-07 19:00:00,0.0
2024-08-07 20:00:00,0.0
2024-08-07 21:00:00,0.0
2024-08-07 22:00:00,0.0
2024-08-07 23:00:00,0.0
2024-08-08 00:00:00,0.0
2024-08-08 01:00:00,0.0
2024-08-08 02:00:00,0.0
2024-08-08 03:00:00,0.0
2024-08-08 04:00:00,0.0
2024-08-08 05:00:00,35.35
2024-08-08 06:00:00,293.25
2024-08-08 07:00:00,580.62
2024-08-08 08:00:00,839.58
2024-08-08 09:00:00,1052.4
2024-08-08 10:00:00,1204.62
2024-08-08 11:00:00,1285.85
2024-08-08 12:00:00,1290.5
2024-08-08 13:00:00,1218.25
2024-08-08 14:00:00,1074.0
2024-08-08 15:00:00,867.6
2024-08-08 16:00:00,613.08
2024-08-08 17:00:00,327.77
2024-08-08 18:00:00,54.15
2024-08-08 19:00:00,0.0
2024-08-08 20:00:00,0.0
2024-08-08 21:00:00,0.0
2024-08-08 22:00:00,0.0
2024-08-08 23:00:00,0.0
2024-08-09 00:00:00,0.0
2024-08-09 01:00:00,0.0
2024-08-09 02:00:00,0.0
2024-08-09 03:00:00,0.0
2024-08-09 04:00:00,0.0
2024-08-09 05:00:00,34.28
2024-08-09 06:00:00,291.45
2024-08-09 07:00:00,579.38
2024-08-09 08:00:00,838.75
2024-08-09 09:00:00,1051.9
2024-08-09 10:00:00,1204.28
2024-08-09 11:00:00,1285.47
2024-08-09 12:00:00,1289.95
2024-08-09 13:00:00,1217.38
2024-08-09 14:00:00,1072.68
2024-08-09 15:00:00,865.72
2024-08-09 16:00:00,610.58
2024-08-09 17:00:00,324.62
2024-08-09 18:00:00,51.97
2024-08-09 19:00:00,0.0
2024-08-09 20:00:00,0.0
2024-08-09 21:00:00,0.0
2024-08-09 22:00:00,0.0
2024-08-09 23:00:00,0.0
2024-08-10 00:00:00,0.0
2024-08-10 01:00:00,0.0
2024-08-10 02:00:00,0.0
2024-08-10 03:00:00,0.0
2024-08-10 04:00:00,0.0
2024-08-10 05:00:00,33.2
2024-08-10 06:00:00,289.65
2024-08-10 07:00:00,578.08
2024-08-10 08:00:00,837.85
2024-08-10 09:00:00,1051.28
2024-08-10 10:00:00,1203.78
2024-08-10 11:00:00,1284.95
2024-08-10 12:00:00,1289.25
2024-08-10 13:00:00,1216.32
2024-08-10 14:00:00,1071.18
2024-08-10 15:00:00,863.67
2024-08-10 16:00:00,607.92
2024-08-10 17:00:00,321.35
2024-08-10 18:00:00,49.78
2024-08-10 19:00:00,0.0
2024-08-10 20:00:00,0.0
2024-08-10 21:00:00,0.0
2024-08-10 22:00:00,0.0
2024-08-10 23:00:00,0.0
2024-08-11 00:00:00,0.0
2024-08-11 01:00:00,0.0
2024-08-11 02:00:00,0.0
2024-08-11 03:00:00,0.0
2024-08-11 04:00:00,0.0
2024-08-11 05:00:00,32.15
2024-08-11 06:00:00,287.8
2024-08-11 07:00:00,576.72
2024-08-11 08:00:00,836.9
2024-08-11 09:00:00,1050.57
2024-08-11 10:00:00,1203.18
2024-08-11 11:00:00,1284.3
2024-08-11 12:00:00,1288.38
2024-08-11 13:00:00,1215.12
2024-08-11 14:00:00,1069.53
2024-08-11 15:00:00,861.47
2024-08-11 16:00:00,605.12
2024-08-11 17:00:00,317.98
2024-08-11 18:00:00,47.58
2024-08-11 19:00:00,0.0
2024-08-11 20:00:00,0.0
2024-08-11 21:00:00,0.0
2024-08-11 22:00:00,0.0
2024-08-11 23:00:00,0.0
2024-08-12 00:00:00,0.0
2024-08-12 01:00:00,0.0
2024-08-12 02:00:00,0.0
2024-08-12 03:00:00,0.0
2024-08-12 04:00:00,0.0
2024-08-12 05:00:00,31.1
2024-08-12 06:00:00,285.9
2024-08-12 07:00:00,575.25
2024-08-12 08:00:00,835.75
2024-08-12 09:00:00,1049.65
2024-08-12 10:00:00,1202.32
2024-08-12 11:00:00,1283.35
2024-08-12 12:00:00,1287.22
2024-08-12 13:00:00,1213.62
2024-08-12 14:00:00,1067.57
2024-08-12 15:00:00,859.03
2024-08-12 16:00:00,602.12
2024-08-12 17:00:00,314.42
2024-08-12 18:00:00,45.38
2024-08-12 19:00:00,0.0
2024-08-12 20:00:00,0.0
2024-08-12 21:00:00,0.0
2024-08-12 22:00:00,0.0
2024-08-12 23:00:00,0.0
2024-08-13 00:00:00,0.0
2024-08-13 01:00:00,0.0
2024-08-13 02:00:00,0.0
2024-08-13 03:00:00,0.0
2024-08-13 04:00:00,0.0
2024-08-13 05:00:00,30.1
2024-08-13 06:00:00,284.02
2024-08-13 07:00:00,573.83
2024-08-13 08:00:00,834.65
2024-08-13 09:00:00,1048.75
2024-08-13 10:00:00,1201.5
2024-08-13 11:00:00,1282.45
2024-08-13 12:00:00,1286.07
2024-08-13 13:00:00,1212.12
2024-08-13 14:00:00,1065.62
2024-08-13 15:00:00,856.53
2024-08-13 16:00:00,599.08
2024-08-13 17:00:00,310.8
2024-08-13 18:00:00,43.2
2024-08-13 19:00:00,0.0
2024-08-13 20:00:00,0.0
2024-08-13 21:00:00,0.0
2024-08-13 22:00:00,0.0
2024-08-13 23:00:00,0.0
2024-08-14 00:00:00,0.0
2024-08-14 01:00:00,0.0
2024-08-14 02:00:00,0.0
2024-08-14 03:00:00,0.0
2024-08-14 04:00:00,0.0
2024-08-14 05:00:00,29.1
2024-08-14 06:00:00,282.25
2024-08-14 07:00:00,572.58
2024-08-14 08:00:00,833.83
2024-08-14 09:00:00,1048.18
2024-08-14 10:00:00,1201.03
2024-08-14 11:00:00,1281.9
2024-08-14 12:00:00,1285.3
2024-08-14 13:00:00,1210.95
2024-08-14 14:00:00,1063.93
2024-08-14 15:00:00,854.22
2024-08-14 16:00:00,596.1
2024-08-14 17:00:00,307.17
2024-08-14 18:00:00,41.03
2024-08-14 19:00:00,0.0
2024-08-14 20:00:00,0.0
2024-08-14 21:00:00,0.0
2024-08-14 22:00:00,0.0
2024-08-14 23:00:00,0.0
2024-08-15 00:00:00,0.0
2024-08-15 01:00:00,0.0
2024-08-15 02:00:00,0.0
2024-08-15 03:00:00,0.0
2024-08-15 04:00:00,0.0
2024-08-15 05:00:00,28.15
2024-08-15 06:00:00,280.45
2024-08-15 07:00:00,571.25
2024-08-15 08:00:00,832.88
2024-08-15 09:00:00,1047.45
2024-08-15 10:00:00,1200.35
2024-08-15 11:00:00,1281.12
2024-08-15 12:00:00,1284.28
2024-08-15 13:00:00,1209.53
2024-08-15 14:00:00,1062.0
2024-08-15 15:00:00,851.7
2024-08-15 16:00:00,592.97
2024-08-15 17:00:00,303.42
2024-08-15 18:00:00,38.85
2024-08-15 19:00:00,0.0
2024-08-15 20:00:00,0.0
2024-08-15 21:00:00,0.0
2024-08-15 22:00:00,0.0
2024-08-15 23:00:00,0.0
2024-08-16 00:00:00,0.0
2024-08-16 01:00:00,0.0
2024-08-16 02:00:00,0.0
2024-08-16 03:00:00,0.0
2024-08-16 04:00:00,0.0
2024-08-16 05:00:00,27.2
2024-08-16 06:00:00,278.6
2024-08-16 07:00:00,569.85
2024-08-16 08:00:00,831.83
2024-08-16 09:00:00,1046.6
2024-08-16 10:00:00,1199.53
2024-08-16 11:00:00,1280.2
2024-08-16 12:00:00,1283.07
2024-08-16 13:00:00,1207.93
2024-08-16 14:00:00,1059.9
2024-08-16 15:00:00,849.03
2024-08-16 16:00:00,589.7
2024-08-16 17:00:00,299.55
2024-08-16 18:00:00,36.72
2024-08-16 19:00:00,0.0
2024-08-16 20:00:00,0.0
2024-08-16 21:00:00,0.0
2024-08-16 22:00:00,0.0
2024-08-16 23:00:00,0.0
2024-08-17 00:00:00,0.0
2024-08-17 01:00:00,0.0
2024-08-17 02:00:00,0.0
2024-08-17 03:00:00,0.0
2024-08-17 04:00:00,0.0
2024-08-17 05:00:00,26.25
2024-08-17 06:00:00,276.75
2024-08-17 07:00:00,568.42
2024-08-17 08:00:00,830.67
2024-08-17 09:00:00,1045.62
2024-08-17 10:00:00,1198.57
2024-08-17 11:00:00,1279.1
2024-08-17 12:00:00,1281.7
2024-08-17 13:00:00,1206.15
2024-08-17 14:00:00,1057.62
2024-08-17 15:00:00,846.2
2024-08-17 16:00:00,586.28
2024-08-17 17:00:00,295.58
2024-08-17 18:00:00,34.58
2024-08-17 19:00:00,0.0
2024-08-17 20:00:00,0.0
2024-08-17 21:00:00,0.0
2024-08-17 22:00:00,0.0
2024-08-17 23:00:00,0.0
2024-08-18 00:00:00,0.0
2024-08-18 01:00:00,0.0
2024-08-18 02:00:00,0.0
2024-08-18 03:00:00,0.0
2024-08-18 04:00:00,0.0
2024-08-18 05:00:00,25.35
2024-08-18 06:00:00,274.85
2024-08-18 07:00:00,566.92
2024-08-18 08:00:00,829.45
2024-08-18 09:00:00,1044.5
2024-08-18 10:00:00,1197.45
2024-08-18 11:00:00,1277.8
2024-08-18 12:00:00,1280.1
2024-08-18 13:00:00,1204.18
2024-08-18 14:00:00,1055.12
2024-08-18 15:00:00,843.17
2024-08-18 16:00:00,582.7
2024-08-18 17:00:00,291.45
2024-08-18 18:00:00,32.47
2024-08-18 19:00:00,0.0
2024-08-18 20:00:00,0.0
2024-08-18 21:00:00,0.0
2024-08-18 22:00:00,0.0
2024-08-18 23:00:00,0.0
2024-08-19 00:00:00,0.0
2024-08-19 01:00:00,0.0
2024-08-19 02:00:00,0.0
2024-08-19 03:00:00,0.0
2024-08-19 04:00:00,0.0
2024-08-19 05:00:00,24.45
2024-08-19 06:00:00,272.98
2024-08-19 07:00:00,565.4
2024-08-19 08:00:00,828.17
2024-08-19 09:00:00,1043.38
2024-08-19 10:00:00,1196.28
2024-08-19 11:00:00,1276.47
2024-08-19 12:00:00,1278.47
2024-08-19 13:00:00,1202.1
2024-08-19 14:00:00,1052.57
2024-08-19 15:00:00,840.05
2024-08-19 16:00:00,579.03
2024-08-19 17:00:00,287.25
2024-08-19 18:00:00,30.4
2024-08-19 19:00:00,0.0
2024-08-19 20:00:00,0.0
2024-08-19 21:00:00,0.0
2024-08-19 22:00:00,0.0
2024-08-19 23:00:00,0.0
2024-08-20 00:00:00,0.0
2024-08-20 01:00:00,0.0
2024-08-20 02:00:00,0.0
2024-08-20 03:00:00,0.0
2024-08-20 04:00:00,0.0
2024-08-20 05:00:00,23.58
2024-08-20 06:00:00,271.08
2024-08-20 07:00:00,563.85
2024-08-20 08:00:00,826.85
2024-08-20 09:00:00,1042.12
2024-08-20 10:00:00,1194.97
2024-08-20 11:00:00,1274.97
2024-08-20 12:00:00,1276.65
2024-08-20 13:00:00,1199.88
2024-08-20 14:00:00,1049.85
2024-08-20 15:00:00,836.8
2024-08-20 16:00:00,575.22
2024-08-20 17:00:00,282.95
2024-08-20 18:00:00,28.38
2024-08-20 19:00:00,0.0
2024-08-20 20:00:00,0.0
2024-08-20 21:00:00,0.0
2024-08-20 22:00:00,0.0
2024-08-20 23:00:00,0.0
2024-08-21 00:00:00,0.0
2024-08-21 01:00:00,0.0
2024-08-21 02:00:00,0.0
2024-08-21 03:00:00,0.0
2024-08-21 04:00:00,0.0
2024-08-21 05:00:00,22.73
2024-08-21 06:00:00,269.12
2024-08-21 07:00:00,562.22
2024-08-21 08:00:00,825.4
2024-08-21 09:00:00,1040.72
2024-08-21 10:00:00,1193.47
2024-08-21 11:00:00,1273.28
2024-08-21 12:00:00,1274.62
2024-08-21 13:00:00,1197.43
2024-08-21 14:00:00,1046.93
2024-08-21 15:00:00,833.35
2024-08-21 16:00:00,571.28
2024-08-21 17:00:00,278.52
2024-08-21 18:00:00,26.38
2024-08-21 19:00:00,0.0
2024-08-21 20:00:00,0.0
2024-08-21 21:00:00,0.0
2024-08-21 22:00:00,0.0
2024-08-21 23:00:00,0.0
2024-08-22 00:00:00,0.0
2024-08-22 01:00:00,0.0
2024-08-22 02:00:00,0.0
2024-08-22 03:00:00,0.0
2024-08-22 04:00:00,0.0
2024-08-22 05:00:00,21.88
2024-08-22 06:00:00,267.25
2024-08-22 07:00:00,560.67
2024-08-22 08:00:00,824.08
2024-08-22 09:00:00,1039.47
2024-08-22 10:00:00,1192.18
2024-08-22 11:00:00,1271.75
2024-08-22 12:00:00,1272.75
2024-08-22 13:00:00,1195.1
2024-08-22 14:00:00,1044.1
2024-08-22 15:00:00,829.97
2024-08-22 16:00:00,567.33
2024-08-22 17:00:00,274.08
2024-08-22 18:00:00,24.42
2024-08-22 19:00:00,0.0
2024-08-22 20:00:00,0.0
2024-08-22 21:00:00,0.0
2024-08-22 22:00:00,0.0
2024-08-22 23:00:00,0.0
2024-08-23 00:00:00,0.0
2024-08-23 01:00:00,0.0
2024-08-23 02:00:00,0.0
2024-08-23 03:00:00,0.0
2024-08-23 04:00:00,0.0
2024-08-23 05:00:00,21.08
2024-08-23 06:00:00,265.42
2024-08-23 07:00:00,559.22
2024-08-23 08:00:00,822.88
2024-08-23 09:00:00,1038.38
2024-08-23 10:00:00,1191.0
2024-08-23 11:00:00,1270.38
2024-08-23 12:00:00,1271.03
2024-08-23 13:00:00,1192.93
2024-08-23 14:00:00,1041.35
2024-08-23 15:00:00,826.65
2024-08-23 16:00:00,563.4
2024-08-23 17:00:00,269.58
2024-08-23 18:00:00,22.52
2024-08-23 19:00:00,0.0
2024-08-23 20:00:00,0.0
2024-08-23 21:00:00,0.0
2024-08-23 22:00:00,0.0
2024-08-23 23:00:00,0.0
2024-08-24 00:00:00,0.0
2024-08-24 01:00:00,0.0
2024-08-24 02:00:00,0.0
2024-08-24 03:00:00,0.0
2024-08-24 04:00:00,0.0
2024-08-24 05:00:00,20.27
2024-08-24 06:00:00,263.58
2024-08-24 07:00:00,557.75
2024-08-24 08:00:00,821.65
2024-08-24 09:00:00,1037.22
2024-08-24 10:00:00,1189.8
2024-08-24 11:00:00,1268.95
2024-08-24 12:00:00,1269.25
2024-08-24 13:00:00,1190.68
2024-08-24 14:00:00,1038.55
2024-08-24 15:00:00,823.22
2024-08-24 16:00:00,559.4
2024-08-24 17:00:00,265.02
2024-08-24 18:00:00,20.67
2024-08-24 19:00:00,0.0
2024-08-24 20:00:00,0.0
2024-08-24 21:00:00,0.0
2024-08-24 22:00:00,0.0
2024-08-24 23:00:00,0.0
2024-08-25 00:00:00,0.0
2024-08-25 01:00:00,0.0
2024-08-25 02:00:00,0.0
2024-08-25 03:00:00,0.0
2024-08-25 04:00:00,0.0
2024-08-25 05:00:00,19.5
2024-08-25 06:00:00,261.8
2024-08-25 07:00:00,556.4
2024-08-25 08:00:00,820.58
2024-08-25 09:00:00,1036.3
2024-08-25 10:00:00,1188.82
2024-08-25 11:00:00,1267.75
2024-08-25 12:00:00,1267.68
2024-08-25 13:00:00,1188.6
2024-08-25 14:00:00,1035.88
2024-08-25 15:00:00,819.92
2024-08-25 16:00:00,555.42
2024-08-25 17:00:00,260.42
2024-08-25 18:00:00,18.88
2024-08-25 19:00:00,0.0
2024-08-25 20:00:00,0.0
2024-08-25 21:00:00,0.0
2024-08-25 22:00:00,0.0
2024-08-25 23:00:00,0.0
2024-08-26 00:00:00,0.0
2024-08-26 01:00:00,0.0
2024-08-26 02:00:00,0.0
2024-08-26 03:00:00,0.0
2024-08-26 04:00:00,0.0
2024-08-26 05:00:00,18.75
2024-08-26 06:00:00,260.02
2024-08-26 07:00:00,555.08
2024-08-26 08:00:00,819.53
2024-08-26 09:00:00,1035.35
2024-08-26 10:00:00,1187.82
2024-08-26 11:00:00,1266.53
2024-08-26 12:00:00,1266.07
2024-08-26 13:00:00,1186.5
2024-08-26 14:00:00,1033.18
2024-08-26 15:00:00,816.55
2024-08-26 16:00:00,551.4
2024-08-26 17:00:00,255.77
2024-08-26 18:00:00,17.15
2024-08-26 19:00:00,0.0
2024-08-26 20:00:00,0.0
2024-08-26 21:00:00,0.0
2024-08-26 22:00:00,0.0
2024-08-26 23:00:00,0.0
2024-08-27 00:00:00,0.0
2024-08-27 01:00:00,0.0
2024-08-27 02:00:00,0.0
2024-08-27 03:00:00,0.0
2024-08-27 04:00:00,0.0
2024-08-27 05:00:00,18.02
2024-08-27 06:00:00,258.27
2024-08-27 07:00:00,553.78
2024-08-27 08:00:00,818.53
2024-08-27 09:00:00,1034.47
2024-08-27 10:00:00,1186.9
2024-08-27 11:00:00,1265.38
2024-08-27 12:00:00,1264.53
2024-08-27 13:00:00,1184.4
2024-08-27 14:00:00,1030.47
2024-08-27 15:00:00,813.17
2024-08-27 16:00:00,547.33
2024-08-27 17:00:00,251.05
2024-08-27 18:00:00,15.48
2024-08-27 19:00:00,0.0
2024-08-27 20:00:00,0.0
2024-08-27 21:00:00,0.0
2024-08-27 22:00:00,0.0
2024-08-27 23:00:00,0.0
2024-08-28 00:00:00,0.0
2024-08-28 01:00:00,0.0
2024-08-28 02:00:00,0.0
2024-08-28 03:00:00,0.0
2024-08-28 04:00:00,0.0
2024-08-28 05:00:00,17.3
2024-08-28 06:00:00,256.5
2024-08-28 07:00:00,552.4
2024-08-28 08:00:00,817.42
2024-08-28 09:00:00,1033.47
2024-08-28 10:00:00,1185.8
2024-08-28 11:00:00,1264.03
2024-08-28 12:00:00,1262.78
2024-08-28 13:00:00,1182.15
2024-08-28 14:00:00,1027.6
2024-08-28 15:00:00,809.65
2024-08-28 16:00:00,543.15
2024-08-28 17:00:00,246.25
2024-08-28 18:00:00,13.9
2024-08-28 19:00:00,0.0
2024-08-28 20:00:00,0.0
2024-08-28 21:00:00,0.0
2024-08-28 22:00:00,0.0
2024-08-28 23:00:00,0.0
2024-08-29 00:00:00,0.0
2024-08-29 01:00:00,0.0
2024-08-29 02:00:00,0.0
2024-08-29 03:00:00,0.0
2024-08-29 04:00:00,0.0
2024-08-29 05:00:00,16.6
2024-08-29 06:00:00,254.75
2024-08-29 07:00:00,551.05
2024-08-29 08:00:00,816.33
2024-08-29 09:00:00,1032.47
2024-08-29 10:00:00,1184.72
2024-08-29 11:00:00,1262.68
2024-08-29 12:00:00,1261.03
2024-08-29 13:00:00,1179.85
2024-08-29 14:00:00,1024.68
2024-08-29 15:00:00,806.05
2024-08-29 16:00:00,538.9
2024-08-29 17:00:00,253.73
2024-08-29 18:00:00,0.0
2024-08-29 19:00:00,0.0
2024-08-29 20:00:00,0.0
2024-08-29 21:00:00,0.0
2024-08-29 22:00:00,0.0
2024-08-29 23:00:00,0.0
2024-08-30 00:00:00,0.0
2024-08-30 01:00:00,0.0
2024-08-30 02:00:00,0.0
2024-08-30 03:00:00,0.0
2024-08-30 04:00:00,0.0
2024-08-30 05:00:00,15.93
2024-08-30 06:00:00,252.9
2024-08-30 07:00:00,549.53
2024-08-30 08:00:00,814.97
2024-08-30 09:00:00,1031.12
2024-08-30 10:00:00,1183.22
2024-08-30 11:00:00,1260.9
2024-08-30 12:00:00,1258.82
2024-08-30 13:00:00,1177.15
2024-08-30 14:00:00,1021.38
2024-08-30 15:00:00,802.17
2024-08-30 16:00:00,534.4
2024-08-30 17:00:00,247.25
2024-08-30 18:00:00,0.0
2024-08-30 19:00:00,0.0
2024-08-30 20:00:00,0.0
2024-08-30 21:00:00,0.0
2024-08-30 22:00:00,0.0
2024-08-30 23:00:00,0.0
2024-08-31 00:00:00,0.0
2024-08-31 01:00:00,0.0
2024-08-31 02:00:00,0.0
2024-08-31 03:00:00,0.0
2024-08-31 04:00:00,0.0
2024-08-31 05:00:00,15.25
2024-08-31 06:00:00,251.02
2024-08-31 07:00:00,547.95
2024-08-31 08:00:00,813.53
2024-08-31 09:00:00,1029.68
2024-08-31 10:00:00,1181.62
2024-08-31 11:00:00,1259.0
2024-08-31 12:00:00,1256.5
2024-08-31 13:00:00,1174.28
2024-08-31 14:00:00,1017.95
2024-08-31 15:00:00,798.15
2024-08-31 16:00:00,529.83
2024-08-31 17:00:00,240.77
2024-08-31 18:00:00,0.0
2024-08-31 19:00:00,0.0
2024-08-31 20:00:00,0.0
2024-08-31 21:00:00,0.0
2024-08-31 22:00:00,0.0
2024-08-31 23:00:00,0.0
2024-09-01 00:00:00,0.0
2024-09-01 01:00:00,0.0
2024-09-01 02:00:00,0.0
2024-09-01 03:00:00,0.0
2024-09-01 04:00:00,0.0
2024-09-01 05:00:00,14.6
2024-09-01 06:00:00,249.18
2024-09-01 07:00:00,546.4
2024-09-01 08:00:00,812.15
2024-09-01 09:00:00,1028.3
2024-09-01 10:00:00,1180.07
2024-09-01 11:00:00,1257.15
2024-09-01 12:00:00,1254.2
2024-09-01 13:00:00,1171.47
2024-09-01 14:00:00,1014.55
2024-09-01 15:00:00,794.12
2024-09-01 16:00:00,525.2
2024-09-01 17:00:00,234.35
2024-09-01 18:00:00,0.0
2024-09-01 19:00:00,0.0
2024-09-01 20:00:00,0.0
2024-09-01 21:00:00,0.0
2024-09-01 22:00:00,0.0
2024-09-01 23:00:00,0.0
2024-09-02 00:00:00,0.0
2024-09-02 01:00:00,0.0
2024-09-02 02:00:00,0.0
2024-09-02 03:00:00,0.0
2024-09-02 04:00:00,0.0
2024-09-02 05:00:00,13.95
2024-09-02 06:00:00,247.32
2024-09-02 07:00:00,544.83
2024-09-02 08:00:00,810.7
2024-09-02 09:00:00,1026.82
2024-09-02 10:00:00,1178.43
2024-09-02 11:00:00,1255.18
2024-09-02 12:00:00,1251.8
2024-09-02 13:00:00,1168.53
2024-09-02 14:00:00,1011.0
2024-09-02 15:00:00,790.0
2024-09-02 16:00:00,520.5
2024-09-02 17:00:00,227.93
2024-09-02 18:00:00,0.0
2024-09-02 19:00:00,0.0
2024-09-02 20:00:00,0.0
2024-09-02 21:00:00,0.0
2024-09-02 22:00:00,0.0
2024-09-02 23:00:00,0.0
2024-09-03 00:00:00,0.0
2024-09-03 01:00:00,0.0
2024-09-03 02:00:00,0.0
2024-09-03 03:00:00,0.0
2024-09-03 04:00:00,0.0
2024-09-03 05:00:00,0.0
2024-09-03 06:00:00,258.8
2024-09-03 07:00:00,543.25
2024-09-03 08:00:00,809.25
2024-09-03 09:00:00,1025.32
2024-09-03 10:00:00,1176.75
2024-09-03 11:00:00,1253.15
2024-09-03 12:00:00,1249.32
2024-09-03 13:00:00,1165.53
2024-09-03 14:00:00,1007.42
2024-09-03 15:00:00,785.8
2024-09-03 16:00:00,515.75
2024-09-03 17:00:00,221.55
2024-09-03 18:00:00,0.0
2024-09-03 19:00:00,0.0
2024-09-03 20:00:00,0.0
2024-09-03 21:00:00,0.0
2024-09-03 22:00:00,0.0
2024-09-03 23:00:00,0.0
2024-09-04 00:00:00,0.0
2024-09-04 01:00:00,0.0
2024-09-04 02:00:00,0.0
2024-09-04 03:00:00,0.0
2024-09-04 04:00:00,0.0
2024-09-04 05:00:00,0.0
2024-09-04 06:00:00,256.3
2024-09-04 07:00:00,541.62
2024-09-04 08:00:00,807.72
2024-09-04 09:00:00,1023.75
2024-09-04 10:00:00,1174.97
2024-09-04 11:00:00,1251.05
2024-09-04 12:00:00,1246.78
2024-09-04 13:00:00,1162.43
2024-09-04 14:00:00,1003.72
2024-09-04 15:00:00,781.53
2024-09-04 16:00:00,510.9
2024-09-04 17:00:00,215.2
2024-09-04 18:00:00,0.0
2024-09-04 19:00:00,0.0
2024-09-04 20:00:00,0.0
2024-09-04 21:00:00,0.0
2024-09-04 22:00:00,0.0
2024-09-04 23:00:00,0.0
2024-09-05 00:00:00,0.0
2024-09-05 01:00:00,0.0
2024-09-05 02:00:00,0.0
2024-09-05 03:00:00,0.0
2024-09-05 04:00:00,0.0
2024-09-05 05:00:00,0.0
2024-09-05 06:00:00,253.88
2024-09-05 07:00:00,540.08
2024-09-05 08:00:00,806.35
2024-09-05 09:00:00,1022.35
2024-09-05 10:00:00,1173.4
2024-09-05 11:00:00,1249.12
2024-09-05 12:00:00,1244.4
2024-09-05 13:00:00,1159.47
2024-09-05 14:00:00,1000.17
2024-09-05 15:00:00,777.33
2024-09-05 16:00:00,506.1
2024-09-05 17:00:00,208.93
2024-09-05 18:00:00,0.0
2024-09-05 19:00:00,0.0
2024-09-05 20:00:00,0.0
2024-09-05 21:00:00,0.0
2024-09-05 22:00:00,0.0
2024-09-05 23:00:00,0.0
2024-09-06 00:00:00,0.0
2024-09-06 01:00:00,0.0
2024-09-06 02:00:00,0.0
2024-09-06 03:00:00,0.0
2024-09-06 04:00:00,0.0
2024-09-06 05:00:00,0.0
2024-09-06 06:00:00,251.45
2024-09-06 07:00:00,538.5
2024-09-06 08:00:00,804.88
2024-09-06 09:00:00,1020.85
2024-09-06 10:00:00,1171.68
2024-09-06 11:00:00,1247.05
2024-09-06 12:00:00,1241.85
2024-09-06 13:00:00,1156.38
2024-09-06 14:00:00,996.47
2024-09-06 15:00:00,773.03
2024-09-06 16:00:00,501.23
2024-09-06 17:00:00,202.68
2024-09-06 18:00:00,0.0
2024-09-06 19:00:00,0.0
2024-09-06 20:00:00,0.0
2024-09-06 21:00:00,0.0
2024-09-06 22:00:00,0.0
2024-09-06 23:00:00,0.0
2024-09-07 00:00:00,0.0
2024-09-07 01:00:00,0.0
2024-09-07 02:00:00,0.0
2024-09-07 03:00:00,0.0
2024-09-07 04:00:00,0.0
2024-09-07 05:00:00,0.0
2024-09-07 06:00:00,249.02
2024-09-07 07:00:00,536.9
2024-09-07 08:00:00,803.38
2024-09-07 09:00:00,1019.28
2024-09-07 10:00:00,1169.9
2024-09-07 11:00:00,1244.93
2024-09-07 12:00:00,1239.25
2024-09-07 13:00:00,1153.22
2024-09-07 14:00:00,992.7
2024-09-07 15:00:00,768.62
2024-09-07 16:00:00,496.25
2024-09-07 17:00:00,196.48
2024-09-07 18:00:00,0.0
2024-09-07 19:00:00,0.0
2024-09-07 20:00:00,0.0
2024-09-07 21:00:00,0.0
2024-09-07 22:00:00,0.0
2024-09-07 23:00:00,0.0
2024-09-08 00:00:00,0.0
2024-09-08 01:00:00,0.0
2024-09-08 02:00:00,0.0
2024-09-08 03:00:00,0.0
2024-09-08 04:00:00,0.0
2024-09-08 05:00:00,0.0
2024-09-08 06:00:00,246.57
2024-09-08 07:00:00,535.2
2024-09-08 08:00:00,801.72
2024-09-08 09:00:00,1017.55
2024-09-08 10:00:00,1167.93
2024-09-08 11:00:00,1242.6
2024-09-08 12:00:00,1236.43
2024-09-08 13:00:00,1149.85
2024-09-08 14:00:00,988.75
2024-09-08 15:00:00,764.1
2024-09-08 16:00:00,491.2
2024-09-08 17:00:00,190.3
2024-09-08 18:00:00,0.0
2024-09-08 19:00:00,0.0
2024-09-08 20:00:00,0.0
2024-09-08 21:00:00,0.0
2024-09-08 22:00:00,0.0
2024-09-08 23:00:00,0.0
2024-09-09 00:00:00,0.0
2024-09-09 01:00:00,0.0
2024-09-09 02:00:00,0.0
2024-09-09 03:00:00,0.0
2024-09-09 04:00:00,0.0
2024-09-09 05:00:00,0.0
2024-09-09 06:00:00,244.07
2024-09-09 07:00:00,533.42
2024-09-09 08:00:00,799.97
2024-09-09 09:00:00,1015.67
2024-09-09 10:00:00,1165.78
2024-09-09 11:00:00,1240.05
2024-09-09 12:00:00,1233.4
2024-09-09 13:00:00,1146.3
2024-09-09 14:00:00,984.62
2024-09-09 15:00:00,759.42
2024-09-09 16:00:00,486.02
2024-09-09 17:00:00,184.18
2024-09-09 18:00:00,0.0
2024-09-09 19:00:00,0.0
2024-09-09 20:00:00,0.0
2024-09-09 21:00:00,0.0
2024-09-09 22:00:00,0.0
2024-09-09 23:00:00,0.0
2024-09-10 00:00:00,0.0
2024-09-10 01:00:00,0.0
2024-09-10 02:00:00,0.0
2024-09-10 03:00:00,0.0
2024-09-10 04:00:00,0.0
2024-09-10 05:00:00,0.0
2024-09-10 06:00:00,241.6
2024-09-10 07:00:00,531.6
2024-09-10 08:00:00,798.15
2024-09-10 09:00:00,1013.7
2024-09-10 10:00:00,1163.53
2024-09-10 11:00:00,1237.4
2024-09-10 12:00:00,1230.28
2024-09-10 13:00:00,1142.62
2024-09-10 14:00:00,980.4
2024-09-10 15:00:00,754.65
2024-09-10 16:00:00,480.77
2024-09-10 17:00:00,178.1
2024-09-10 18:00:00,0.0
2024-09-10 19:00:00,0.0
2024-09-10 20:00:00,0.0
2024-09-10 21:00:00,0.0
2024-09-10 22:00:00,0.0
2024-09-10 23:00:00,0.0
2024-09-11 00:00:00,0.0
2024-09-11 01:00:00,0.0
2024-09-11 02:00:00,0.0
2024-09-11 03:00:00,0.0
2024-09-11 04:00:00,0.0
2024-09-11 05:00:00,0.0
2024-09-11 06:00:00,239.18
2024-09-11 07:00:00,529.88
2024-09-11 08:00:00,796.45
2024-09-11 09:00:00,1011.9
2024-09-11 10:00:00,1161.45
2024-09-11 11:00:00,1234.95
2024-09-11 12:00:00,1227.32
2024-09-11 13:00:00,1139.12
2024-09-11 14:00:00,976.3
2024-09-11 15:00:00,749.97
2024-09-11 16:00:00,475.58
2024-09-11 17:00:00,172.12
2024-09-11 18:00:00,0.0
2024-09-11 19:00:00,0.0
2024-09-11 20:00:00,0.0
2024-09-11 21:00:00,0.0
2024-09-11 22:00:00,0.0
2024-09-11 23:00:00,0.0
2024-09-12 00:00:00,0.0
2024-09-12 01:00:00,0.0
2024-09-12 02:00:00,0.0
2024-09-12 03:00:00,0.0
2024-09-12 04:00:00,0.0
2024-09-12 05:00:00,0.0
2024-09-12 06:00:00,236.75
2024-09-12 07:00:00,528.15
2024-09-12 08:00:00,794.8
2024-09-12 09:00:00,1010.12
2024-09-12 10:00:00,1159.43
2024-09-12 11:00:00,1232.53
2024-09-12 12:00:00,1224.43
2024-09-12 13:00:00,1135.65
2024-09-12 14:00:00,972.25
2024-09-12 15:00:00,745.33
2024-09-12 16:00:00,470.38
2024-09-12 17:00:00,166.23
2024-09-12 18:00:00,0.0
2024-09-12 19:00:00,0.0
2024-09-12 20:00:00,0.0
2024-09-12 21:00:00,0.0
2024-09-12 22:00:00,0.0
2024-09-12 23:00:00,0.0
2024-09-13 00:00:00,0.0
2024-09-13 01:00:00,0.0
2024-09-13 02:00:00,0.0
2024-09-13 03:00:00,0.0
2024-09-13 04:00:00,0.0
2024-09-13 05:00:00,0.0
2024-09-13 06:00:00,234.35
2024-09-13 07:00:00,526.42
2024-09-13 08:00:00,793.1
2024-09-13 09:00:00,1008.3
2024-09-13 10:00:00,1157.05
2024-09-13 11:00:00,1230.05
2024-09-13 12:00:00,1221.45
2024-09-13 13:00:00,1132.1
2024-09-13 14:00:00,968.1
2024-09-13 15:00:00,740.6
2024-09-13 16:00:00,465.12
2024-09-13 17:00:00,160.43
2024-09-13 18:00:00,0.0
2024-09-13 19:00:00,0.0
2024-09-13 20:00:00,0.0
2024-09-13 21:00:00,0.0
2024-09-13 22:00:00,0.0
2024-09-13 23:00:00,0.0
2024-09-14 00:00:00,0.0
2024-09-14 01:00:00,0.0
2024-09-14 02:00:00,0.0
2024-09-14 03:00:00,0.0
2024-09-14 04:00:00,0.0
2024-09-14 05:00:00,0.0
2024-09-14 06:00:00,231.88
2024-09-14 07:00:00,524.55
2024-09-14 08:00:00,791.2
2024-09-14 09:00:00,1006.25
2024-09-14 10:00:00,1155.0
2024-09-14 11:00:00,1227.3
2024-09-14 12:00:00,1218.18
2024-09-14 13:00:00,1128.3
2024-09-14 14:00:00,963.72
2024-09-14 15:00:00,735.7
2024-09-14 16:00:00,459.75
2024-09-14 17:00:00,154.68
2024-09-14 18:00:00,0.0
2024-09-14 19:00:00,0.0
2024-09-14 20:00:00,0.0
2024-09-14 21:00:00,0.0
2024-09-14 22:00:00,0.0
2024-09-14 23:00:00,0.0
2024-09-15 00:00:00,0.0
2024-09-15 01:00:00,0.0
2024-09-15 02:00:00,0.0
2024-09-15 03:00:00,0.0
2024-09-15 04:00:00,0.0
2024-09-15 05:00:00,0.0
2024-09-15 06:00:00,229.43
2024-09-15 07:00:00,522.65
2024-09-15 08:00:00,789.3
2024-09-15 09:00:00,1004.15
2024-09-15 10:00:00,1152.6
2024-09-15 11:00:00,1224.47
2024-09-15 12:00:00,1214.88
2024-09-15 13:00:00,1124.45
2024-09-15 14:00:00,959.33
2024-09-15 15:00:00,730.78
2024-09-15 16:00:00,454.35
2024-09-15 17:00:00,149.0
2024-09-15 18:00:00,0.0
2024-09-15 19:00:00,0.0
2024-09-15 20:00:00,0.0
2024-09-15 21:00:00,0.0
2024-09-15 22:00:00,0.0
2024-09-15 23:00:00,0.0
2024-09-16 00:00:00,0.0
2024-09-16 01:00:00,0.0
2024-09-16 02:00:00,0.0
2024-09-16 03:00:00,0.0
2024-09-16 04:00:00,0.0
2024-09-16 05:00:00,0.0
2024-09-16 06:00:00,226.95
2024-09-16 07:00:00,520.7
2024-09-16 08:00:00,787.28
2024-09-16 09:00:00,1001.95
2024-09-16 10:00:00,1150.07
2024-09-16 11:00:00,1221.53
2024-09-16 12:00:00,1211.43
2024-09-16 13:00:00,1120.45
2024-09-16 14:00:00,954.8
2024-09-16 15:00:00,725.72
2024-09-16 16:00:00,448.88
2024-09-16 17:00:00,143.4
2024-09-16 18:00:00,0.0
2024-09-16 19:00:00,0.0
2024-09-16 20:00:00,0.0
2024-09-16 21:00:00,0.0
2024-09-16 22:00:00,0.0
2024-09-16 23:00:00,0.0
2024-09-17 00:00:00,0.0
2024-09-17 01:00:00,0.0
2024-09-17 02:00:00,0.0
2024-09-17 03:00:00,0.0
2024-09-17 04:00:00,0.0
2024-09-17 05:00:00,0.0
2024-09-17 06:00:00,224.45
2024-09-17 07:00:00,518.72
2024-09-17 08:00:00,785.25
2024-09-17 09:00:00,999.72
2024-09-17 10:00:00,1147.5
2024-09-17 11:00:00,1218.53
2024-09-17 12:00:00,1207.93
2024-09-17 13:00:00,1116.43
2024-09-17 14:00:00,950.22
2024-09-17 15:00:00,720.67
2024-09-17 16:00:00,443.38
2024-09-17 17:00:00,137.9
2024-09-17 18:00:00,0.0
2024-09-17 19:00:00,0.0
2024-09-17 20:00:00,0.0
2024-09-17 21:00:00,0.0
2024-09-17 22:00:00,0.0
2024-09-17 23:00:00,0.0
2024-09-18 00:00:00,0.0
2024-09-18 01:00:00,0.0
2024-09-18 02:00:00,0.0
2024-09-18 03:00:00,0.0
2024-09-18 04:00:00,0.0
2024-09-18 05:00:00,0.0
2024-09-18 06:00:00,222.0
2024-09-18 07:00:00,516.78
2024-09-18 08:00:00,783.25
2024-09-18 09:00:00,997.53
2024-09-18 10:00:00,1145.0
2024-09-18 11:00:00,1215.6
2024-09-18 12:00:00,1204.5
2024-09-18 13:00:00,1112.45
2024-09-18 14:00:00,945.7
2024-09-18 15:00:00,715.62
2024-09-18 16:00:00,437.9
2024-09-18 17:00:00,132.5
2024-09-18 18:00:00,0.0
2024-09-18 19:00:00,0.0
2024-09-18 20:00:00,0.0
2024-09-18 21:00:00,0.0
2024-09-18 22:00:00,0.0
2024-09-18 23:00:00,0.0
2024-09-19 00:00:00,0.0
2024-09-19 01:00:00,0.0
2024-09-19 02:00:00,0.0
2024-09-19 03:00:00,0.0
2024-09-19 04:00:00,0.0
2024-09-19 05:00:00,0.0
2024-09-19 06:00:00,219.5
2024-09-19 07:00:00,514.78
2024-09-19 08:00:00,781.15
2024-09-19 09:00:00,995.2
2024-09-19 10:00:00,1142.35
2024-09-19 11:00:00,1212.53
2024-09-19 12:00:00,1200.93
2024-09-19 13:00:00,1108.32
2024-09-19 14:00:00,941.08
2024-09-19 15:00:00,710.5
2024-09-19 16:00:00,432.35
2024-09-19 17:00:00,127.18
2024-09-19 18:00:00,0.0
2024-09-19 19:00:00,0.0
2024-09-19 20:00:00,0.0
2024-09-19 21:00:00,0.0
2024-09-19 22:00:00,0.0
2024-09-19 23:00:00,0.0
2024-09-20 00:00:00,0.0
2024-09-20 01:00:00,0.0
2024-09-20 02:00:00,0.0
2024-09-20 03:00:00,0.0
2024-09-20 04:00:00,0.0
2024-09-20 05:00:00,0.0
2024-09-20 06:00:00,217.0
2024-09-20 07:00:00,512.67
2024-09-20 08:00:00,778.95
2024-09-20 09:00:00,992.78
2024-09-20 10:00:00,1139.57
2024-09-20 11:00:00,1209.3
2024-09-20 12:00:00,1197.2
2024-09-20 13:00:00,1104.1
2024-09-20 14:00:00,936.33
2024-09-20 15:00:00,705.3
2024-09-20 16:00:00,426.75
2024-09-20 17:00:00,121.97
2024-09-20 18:00:00,0.0
2024-09-20 19:00:00,0.0
2024-09-20 20:00:00,0.0
2024-09-20 21:00:00,0.0
2024-09-20 22:00:00,0.0
2024-09-20 23:00:00,0.0
2024-09-21 00:00:00,0.0
2024-09-21 01:00:00,0.0
2024-09-21 02:00:00,0.0
2024-09-21 03:00:00,0.0
2024-09-21 04:00:00,0.0
2024-09-21 05:00:00,0.0
2024-09-21 06:00:00,214.5
2024-09-21 07:00:00,510.62
2024-09-21 08:00:00,776.8
2024-09-21 09:00:00,990.42
2024-09-21 10:00:00,1136.88
2024-09-21 11:00:00,1206.18
2024-09-21 12:00:00,1193.57
2024-09-21 13:00:00,1099.95
2024-09-21 14:00:00,931.65
2024-09-21 15:00:00,700.12
2024-09-21 16:00:00,421.17
2024-09-21 17:00:00,116.88
2024-09-21 18:00:00,0.0
2024-09-21 19:00:00,0.0
2024-09-21 20:00:00,0.0
2024-09-21 21:00:00,0.0
2024-09-21 22:00:00,0.0
2024-09-21 23:00:00,0.0
2024-09-22 00:00:00,0.0
2024-09-22 01:00:00,0.0
2024-09-22 02:00:00,0.0
2024-09-22 03:00:00,0.0
2024-09-22 04:00:00,0.0
2024-09-22 05:00:00,0.0
2024-09-22 06:00:00,212.02
2024-09-22 07:00:00,508.58
2024-09-22 08:00:00,774.7
2024-09-22 09:00:00,988.1
2024-09-22 10:00:00,1134.2
2024-09-22 11:00:00,1203.07
2024-09-22 12:00:00,1190.0
2024-09-22 13:00:00,1095.82
2024-09-22 14:00:00,927.0
2024-09-22 15:00:00,695.0
2024-09-22 16:00:00,415.65
2024-09-22 17:00:00,111.9
2024-09-22 18:00:00,0.0
2024-09-22 19:00:00,0.0
2024-09-22 20:00:00,0.0
2024-09-22 21:00:00,0.0
2024-09-22 22:00:00,0.0
2024-09-22 23:00:00,0.0
2024-09-23 00:00:00,0.0
2024-09-23 01:00:00,0.0
2024-09-23 02:00:00,0.0
2024-09-23 03:00:00,0.0
2024-09-23 04:00:00,0.0
2024-09-23 05:00:00,0.0
2024-09-23 06:00:00,209.52
2024-09-23 07:00:00,506.48
2024-09-23 08:00:00,772.5
2024-09-23 09:00:00,985.67
2024-09-23 10:00:00,1131.45
2024-09-23 11:00:00,1199.9
2024-09-23 12:00:00,1186.32
2024-09-23 13:00:00,1091.65
2024-09-23 14:00:00,922.3
2024-09-23 15:00:00,689.83
2024-09-23 16:00:00,410.05
2024-09-23 17:00:00,107.03
2024-09-23 18:00:00,0.0
2024-09-23 19:00:00,0.0
2024-09-23 20:00:00,0.0
2024-09-23 21:00:00,0.0
2024-09-23 22:00:00,0.0
2024-09-23 23:00:00,0.0
2024-09-24 00:00:00,0.0
2024-09-24 01:00:00,0.0
2024-09-24 02:00:00,0.0
2024-09-24 03:00:00,0.0
2024-09-24 04:00:00,0.0
2024-09-24 05:00:00,0.0
2024-09-24 06:00:00,207.05
2024-09-24 07:00:00,504.42
2024-09-24 08:00:00,770.38
2024-09-24 09:00:00,983.35
2024-09-24 10:00:00,1128.82
2024-09-24 11:00:00,1196.85
2024-09-24 12:00:00,1182.78
2024-09-24 13:00:00,1087.57
2024-09-24 14:00:00,917.67
2024-09-24 15:00:00,684.72
2024-09-24 16:00:00,404.52
2024-09-24 17:00:00,102.28
2024-09-24 18:00:00,0.0
2024-09-24 19:00:00,0.0
2024-09-24 20:00:00,0.0
2024-09-24 21:00:00,0.0
2024-09-24 22:00:00,0.0
2024-09-24 23:00:00,0.0
2024-09-25 00:00:00,0.0
2024-09-25 01:00:00,0.0
2024-09-25 02:00:00,0.0
2024-09-25 03:00:00,0.0
2024-09-25 04:00:00,0.0
2024-09-25 05:00:00,0.0
2024-09-25 06:00:00,204.52
2024-09-25 07:00:00,502.23
2024-09-25 08:00:00,768.08
2024-09-25 09:00:00,980.83
2024-09-25 10:00:00,1125.93
2024-09-25 11:00:00,1193.53
2024-09-25 12:00:00,1178.97
2024-09-25 13:00:00,1083.25
2024-09-25 14:00:00,912.88
2024-09-25 15:00:00,679.47
2024-09-25 16:00:00,398.92
2024-09-25 17:00:00,97.62
2024-09-25 18:00:00,0.0
2024-09-25 19:00:00,0.0
2024-09-25 20:00:00,0.0
2024-09-25 21:00:00,0.0
2024-09-25 22:00:00,0.0
2024-09-25 23:00:00,0.0
2024-09-26 00:00:00,0.0
2024-09-26 01:00:00,0.0
2024-09-26 02:00:00,0.0
2024-09-26 03:00:00,0.0
2024-09-26 04:00:00,0.0
2024-09-26 05:00:00,0.0
2024-09-26 06:00:00,201.98
2024-09-26 07:00:00,500.0
2024-09-26 08:00:00,765.7
2024-09-26 09:00:00,978.2
2024-09-26 10:00:00,1122.97
2024-09-26 11:00:00,1190.12
2024-09-26 12:00:00,1175.1
2024-09-26 13:00:00,1078.88
2024-09-26 14:00:00,908.03
2024-09-26 15:00:00,674.17
2024-09-26 16:00:00,393.3
2024-09-26 17:00:00,93.07
2024-09-26 18:00:00,0.0
2024-09-26 19:00:00,0.0
2024-09-26 20:00:00,0.0
2024-09-26 21:00:00,0.0
2024-09-26 22:00:00,0.0
2024-09-26 23:00:00,0.0
2024-09-27 00:00:00,0.0
2024-09-27 01:00:00,0.0
2024-09-27 02:00:00,0.0
2024-09-27 03:00:00,0.0
2024-09-27 04:00:00,0.0
2024-09-27 05:00:00,0.0
2024-09-27 06:00:00,199.43
2024-09-27 07:00:00,497.73
2024-09-27 08:00:00,763.28
2024-09-27 09:00:00,975.5
2024-09-27 10:00:00,1119.93
2024-09-27 11:00:00,1186.65
2024-09-27 12:00:00,1171.12
2024-09-27 13:00:00,1074.43
2024-09-27 14:00:00,903.12
2024-09-27 15:00:00,668.88
2024-09-27 16:00:00,387.65
2024-09-27 17:00:00,88.65
2024-09-27 18:00:00,0.0
2024-09-27 19:00:00,0.0
2024-09-27 20:00:00,0.0
2024-09-27 21:00:00,0.0
2024-09-27 22:00:00,0.0
2024-09-27 23:00:00,0.0
2024-09-28 00:00:00,0.0
2024-09-28 01:00:00,0.0
2024-09-28 02:00:00,0.0
2024-09-28 03:00:00,0.0
2024-09-28 04:00:00,0.0
2024-09-28 05:00:00,0.0
2024-09-28 06:00:00,196.82
2024-09-28 07:00:00,495.3
2024-09-28 08:00:00,760.67
2024-09-28 09:00:00,972.6
2024-09-28 10:00:00,1116.6
2024-09-28 11:00:00,1182.9
2024-09-28 12:00:00,1166.93
2024-09-28 13:00:00,1069.75
2024-09-28 14:00:00,898.03
2024-09-28 15:00:00,663.42
2024-09-28 16:00:00,381.92
2024-09-28 17:00:00,84.32
2024-09-28 18:00:00,0.0
2024-09-28 19:00:00,0.0
2024-09-28 20:00:00,0.0
2024-09-28 21:00:00,0.0
2024-09-28 22:00:00,0.0
2024-09-28 23:00:00,0.0
2024-09-29 00:00:00,0.0
2024-09-29 01:00:00,0.0
2024-09-29 02:00:00,0.0
2024-09-29 03:00:00,0.0
2024-09-29 04:00:00,0.0
2024-09-29 05:00:00,0.0
2024-09-29 06:00:00,194.2
2024-09-29 07:00:00,492.88
2024-09-29 08:00:00,758.05
2024-09-29 09:00:00,969.67
2024-09-29 10:00:00,1113.3
2024-09-29 11:00:00,1179.15
2024-09-29 12:00:00,1162.7
2024-09-29 13:00:00,1065.07
2024-09-29 14:00:00,892.92
2024-09-29 15:00:00,657.97
2024-09-29 16:00:00,376.25
2024-09-29 17:00:00,80.1
2024-09-29 18:00:00,0.0
2024-09-29 19:00:00,0.0
2024-09-29 20:00:00,0.0
2024-09-29 21:00:00,0.0
2024-09-29 22:00:00,0.0
2024-09-29 23:00:00,0.0
2024-09-30 00:00:00,0.0
2024-09-30 01:00:00,0.0
2024-09-30 02:00:00,0.0
2024-09-30 03:00:00,0.0
2024-09-30 04:00:00,0.0
2024-09-30 05:00:00,0.0
2024-09-30 06:00:00,191.55
2024-09-30 07:00:00,490.35
2024-09-30 08:00:00,755.28
2024-09-30 09:00:00,966.55
2024-09-30 10:00:00,1109.8
2024-09-30 11:00:00,1175.2
2024-09-30 12:00:00,1158.3
2024-09-30 13:00:00,1060.25
2024-09-30 14:00:00,887.72
2024-09-30 15:00:00,652.45
2024-09-30 16:00:00,370.5
2024-09-30 17:00:00,76.03
2024-09-30 18:00:00,0.0
2024-09-30 19:00:00,0.0
2024-09-30 20:00:00,0.0
2024-09-30 21:00:00,0.0
2024-09-30 22:00:00,0.0
2024-09-30 23:00:00,0.0
2024-10-01 00:00:00,0.0
2024-10-01 01:00:00,0.0
2024-10-01 02:00:00,0.0
2024-10-01 03:00:00,0.0
2024-10-01 04:00:00,0.0
2024-10-01 05:00:00,0.0
2024-10-01 06:00:00,188.9
2024-10-01 07:00:00,487.8
2024-10-01 08:00:00,752.5
2024-10-01 09:00:00,963.47
2024-10-01 10:00:00,1106.32
2024-10-01 11:00:00,1171.28
2024-10-01 12:00:00,1153.95
2024-10-01 13:00:00,1055.45
2024-10-01 14:00:00,882.55
2024-10-01 15:00:00,646.97
2024-10-01 16:00:00,364.8
2024-10-01 17:00:00,72.05
2024-10-01 18:00:00,0.0
2024-10-01 19:00:00,0.0
2024-10-01 20:00:00,0.0
2024-10-01 21:00:00,0.0
2024-10-01 22:00:00,0.0
2024-10-01 23:00:00,0.0
2024-10-02 00:00:00,0.0
2024-10-02 01:00:00,0.0
2024-10-02 02:00:00,0.0
2024-10-02 03:00:00,0.0
2024-10-02 04:00:00,0.0
2024-10-02 05:00:00,0.0
2024-10-02 06:00:00,186.2
2024-10-02 07:00:00,485.12
2024-10-02 08:00:00,749.53
2024-10-02 09:00:00,960.1
2024-10-02 10:00:00,1102.53
2024-10-02 11:00:00,1167.05
2024-10-02 12:00:00,1149.28
2024-10-02 13:00:00,1050.4
2024-10-02 14:00:00,877.15
2024-10-02 15:00:00,641.35
2024-10-02 16:00:00,359.05
2024-10-02 17:00:00,68.2
2024-10-02 18:00:00,0.0
2024-10-02 19:00:00,0.0
2024-10-02 20:00:00,0.0
2024-10-02 21:00:00,0.0
2024-10-02 22:00:00,0.0
2024-10-02 23:00:00,0.0
2024-10-03 00:00:00,0.0
2024-10-03 01:00:00,0.0
2024-10-03 02:00:00,0.0
2024-10-03 03:00:00,0.0
2024-10-03 04:00:00,0.0
2024-10-03 05:00:00,0.0
2024-10-03 06:00:00,183.48
2024-10-03 07:00:00,482.42
2024-10-03 08:00:00,746.55
2024-10-03 09:00:00,956.78
2024-10-03 10:00:00,1098.78
2024-10-03 11:00:00,1162.85
2024-10-03 12:00:00,1144.65
2024-10-03 13:00:00,1045.38
2024-10-03 14:00:00,871.8
2024-10-03 15:00:00,635.75
2024-10-03 16:00:00,353.33
2024-10-03 17:00:00,64.47
2024-10-03 18:00:00,0.0
2024-10-03 19:00:00,0.0
2024-10-03 20:00:00,0.0
2024-10-03 21:00:00,0.0
2024-10-03 22:00:00,0.0
2024-10-03 23:00:00,0.0
2024-10-04 00:00:00,0.0
2024-10-04 01:00:00,0.0
2024-10-04 02:00:00,0.0
2024-10-04 03:00:00,0.0
2024-10-04 04:00:00,0.0
2024-10-04 05:00:00,0.0
2024-10-04 06:00:00,180.75
2024-10-04 07:00:00,479.67
2024-10-04 08:00:00,743.5
2024-10-04 09:00:00,953.35
2024-10-04 10:00:00,1094.93
2024-10-04 11:00:00,1158.57
2024-10-04 12:00:00,1139.95
2024-10-04 13:00:00,1040.3
2024-10-04 14:00:00,866.42
2024-10-04 15:00:00,630.15
2024-10-04 16:00:00,347.6
2024-10-04 17:00:00,60.88
2024-10-04 18:00:00,0.0
2024-10-04 19:00:00,0.0
2024-10-04 20:00:00,0.0
2024-10-04 21:00:00,0.0
2024-10-04 22:00:00,0.0
2024-10-04 23:00:00,0.0
2024-10-05 00:00:00,0.0
2024-10-05 01:00:00,0.0
2024-10-05 02:00:00,0.0
2024-10-05 03:00:00,0.0
2024-10-05 04:00:00,0.0
2024-10-05 05:00:00,0.0
2024-10-05 06:00:00,178.07
2024-10-05 07:00:00,477.1
2024-10-05 08:00:00,740.72
2024-10-05 09:00:00,950.3
2024-10-05 10:00:00,1091.53
2024-10-05 11:00:00,1154.78
2024-10-05 12:00:00,1135.72
2024-10-05 13:00:00,1035.68
2024-10-05 14:00:00,861.42
2024-10-05 15:00:00,624.85
2024-10-05 16:00:00,342.08
2024-10-05 17:00:00,57.4
2024-10-05 18:00:00,0.0
2024-10-05 19:00:00,0.0
2024-10-05 20:00:00,0.0
2024-10-05 21:00:00,0.0
2024-10-05 22:00:00,0.0
2024-10-05 23:00:00,0.0
2024-10-06 00:00:00,0.0
2024-10-06 01:00:00,0.0
2024-10-06 02:00:00,0.0
2024-10-06 03:00:00,0.0
2024-10-06 04:00:00,0.0
2024-10-06 05:00:00,0.0
2024-10-06 06:00:00,175.4
2024-10-06 07:00:00,474.48
2024-10-06 08:00:00,737.92
2024-10-06 09:00:00,947.2
2024-10-06 10:00:00,1088.1
2024-10-06 11:00:00,1150.95
2024-10-06 12:00:00,1131.5
2024-10-06 13:00:00,1031.03
2024-10-06 14:00:00,856.42
2024-10-06 15:00:00,619.55
2024-10-06 16:00:00,336.55
2024-10-06 17:00:00,54.08
2024-10-06 18:00:00,0.0
2024-10-06 19:00:00,0.0
2024-10-06 20:00:00,0.0
2024-10-06 21:00:00,0.0
2024-10-06 22:00:00,0.0
2024-10-06 23:00:00,0.0
2024-10-07 00:00:00,0.0
2024-10-07 01:00:00,0.0
2024-10-07 02:00:00,0.0
2024-10-07 03:00:00,0.0
2024-10-07 04:00:00,0.0
2024-10-07 05:00:00,0.0
2024-10-07 06:00:00,172.7
2024-10-07 07:00:00,471.77
2024-10-07 08:00:00,735.0
2024-10-07 09:00:00,943.97
2024-10-07 10:00:00,1084.5
2024-10-07 11:00:00,1146.97
2024-10-07 12:00:00,1127.12
2024-10-07 13:00:00,1026.28
2024-10-07 14:00:00,851.35
2024-10-07 15:00:00,614.2
2024-10-07 16:00:00,331.05
2024-10-07 17:00:00,50.85
2024-10-07 18:00:00,0.0
2024-10-07 19:00:00,0.0
2024-10-07 20:00:00,0.0
2024-10-07 21:00:00,0.0
2024-10-07 22:00:00,0.0
2024-10-07 23:00:00,0.0
2024-10-08 00:00:00,0.0
2024-10-08 01:00:00,0.0
2024-10-08 02:00:00,0.0
2024-10-08 03:00:00,0.0
2024-10-08 04:00:00,0.0
2024-10-08 05:00:00,0.0
2024-10-08 06:00:00,169.95
2024-10-08 07:00:00,468.98
2024-10-08 08:00:00,731.92
2024-10-08 09:00:00,940.58
2024-10-08 10:00:00,1080.72
2024-10-08 11:00:00,1142.8
2024-10-08 12:00:00,1122.55
2024-10-08 13:00:00,1021.38
2024-10-08 14:00:00,846.15
2024-10-08 15:00:00,608.8
2024-10-08 16:00:00,325.52
2024-10-08 17:00:00,47.75
2024-10-08 18:00:00,0.0
2024-10-08 19:00:00,0.0
2024-10-08 20:00:00,0.0
2024-10-08 21:00:00,0.0
2024-10-08 22:00:00,0.0
2024-10-08 23:00:00,0.0
2024-10-09 00:00:00,0.0
2024-10-09 01:00:00,0.0
2024-10-09 02:00:00,0.0
2024-10-09 03:00:00,0.0
2024-10-09 04:00:00,0.0
2024-10-09 05:00:00,0.0
2024-10-09 06:00:00,167.18
2024-10-09 07:00:00,466.1
2024-10-09 08:00:00,728.75
2024-10-09 09:00:00,937.08
2024-10-09 10:00:00,1076.85
2024-10-09 11:00:00,1138.53
2024-10-09 12:00:00,1117.93
2024-10-09 13:00:00,1016.4
2024-10-09 14:00:00,840.9
2024-10-09 15:00:00,603.38
2024-10-09 16:00:00,320.0
2024-10-09 17:00:00,44.78
2024-10-09 18:00:00,0.0
2024-10-09 19:00:00,0.0
2024-10-09 20:00:00,0.0
2024-10-09 21:00:00,0.0
2024-10-09 22:00:00,0.0
2024-10-09 23:00:00,0.0
2024-10-10 00:00:00,0.0
2024-10-10 01:00:00,0.0
2024-10-10 02:00:00,0.0
2024-10-10 03:00:00,0.0
2024-10-10 04:00:00,0.0
2024-10-10 05:00:00,0.0
2024-10-10 06:00:00,164.4
2024-10-10 07:00:00,463.23
2024-10-10 08:00:00,725.62
2024-10-10 09:00:00,933.62
2024-10-10 10:00:00,1073.05
2024-10-10 11:00:00,1134.35
2024-10-10 12:00:00,1113.38
2024-10-10 13:00:00,1011.53
2024-10-10 14:00:00,835.75
2024-10-10 15:00:00,598.05
2024-10-10 16:00:00,314.58
2024-10-10 17:00:00,41.92
2024-10-10 18:00:00,0.0
2024-10-10 19:00:00,0.0
2024-10-10 20:00:00,0.0
2024-10-10 21:00:00,0.0
2024-10-10 22:00:00,0.0
2024-10-10 23:00:00,0.0
2024-10-11 00:00:00,0.0
2024-10-11 01:00:00,0.0
2024-10-11 02:00:00,0.0
2024-10-11 03:00:00,0.0
2024-10-11 04:00:00,0.0
2024-10-11 05:00:00,0.0
2024-10-11 06:00:00,161.62
2024-10-11 07:00:00,460.35
2024-10-11 08:00:00,722.53
2024-10-11 09:00:00,930.22
2024-10-11 10:00:00,1069.28
2024-10-11 11:00:00,1130.22
2024-10-11 12:00:00,1108.9
2024-10-11 13:00:00,1006.72
2024-10-11 14:00:00,830.7
2024-10-11 15:00:00,592.78
2024-10-11 16:00:00,309.2
2024-10-11 17:00:00,39.17
2024-10-11 18:00:00,0.0
2024-10-11 19:00:00,0.0
2024-10-11 20:00:00,0.0
2024-10-11 21:00:00,0.0
2024-10-11 22:00:00,0.0
2024-10-11 23:00:00,0.0
2024-10-12 00:00:00,0.0
2024-10-12 01:00:00,0.0
2024-10-12 02:00:00,0.0
2024-10-12 03:00:00,0.0
2024-10-12 04:00:00,0.0
2024-10-12 05:00:00,0.0
2024-10-12 06:00:00,158.82
2024-10-12 07:00:00,457.4
2024-10-12 08:00:00,719.3
2024-10-12 09:00:00,926.7
2024-10-12 10:00:00,1065.4
2024-10-12 11:00:00,1126.0
2024-10-12 12:00:00,1104.32
2024-10-12 13:00:00,1001.85
2024-10-12 14:00:00,825.58
2024-10-12 15:00:00,587.5
2024-10-12 16:00:00,303.85
2024-10-12 17:00:00,36.55
2024-10-12 18:00:00,0.0
2024-10-12 19:00:00,0.0
2024-10-12 20:00:00,0.0
2024-10-12 21:00:00,0.0
2024-10-12 22:00:00,0.0
2024-10-12 23:00:00,0.0
2024-10-13 00:00:00,0.0
2024-10-13 01:00:00,0.0
2024-10-13 02:00:00,0.0
2024-10-13 03:00:00,0.0
2024-10-13 04:00:00,0.0
2024-10-13 05:00:00,0.0
2024-10-13 06:00:00,156.07
2024-10-13 07:00:00,454.52
2024-10-13 08:00:00,716.22
2024-10-13 09:00:00,923.35
2024-10-13 10:00:00,1061.75
2024-10-13 11:00:00,1122.03
2024-10-13 12:00:00,1100.0
2024-10-13 13:00:00,997.22
2024-10-13 14:00:00,820.7
2024-10-13 15:00:00,582.4
2024-10-13 16:00:00,298.62
2024-10-13 17:00:00,34.08
2024-10-13 18:00:00,0.0
2024-10-13 19:00:00,0.0
2024-10-13 20:00:00,0.0
2024-10-13 21:00:00,0.0
2024-10-13 22:00:00,0.0
2024-10-13 23:00:00,0.0
2024-10-14 00:00:00,0.0
2024-10-14 01:00:00,0.0
2024-10-14 02:00:00,0.0
2024-10-14 03:00:00,0.0
2024-10-14 04:00:00,0.0
2024-10-14 05:00:00,0.0
2024-10-14 06:00:00,153.27
2024-10-14 07:00:00,451.58
2024-10-14 08:00:00,713.1
2024-10-14 09:00:00,919.95
2024-10-14 10:00:00,1058.05
2024-10-14 11:00:00,1118.0
2024-10-14 12:00:00,1095.68
2024-10-14 13:00:00,992.6
2024-10-14 14:00:00,815.8
2024-10-14 15:00:00,577.33
2024-10-14 16:00:00,293.42
2024-10-14 17:00:00,31.67
2024-10-14 18:00:00,0.0
2024-10-14 19:00:00,0.0
2024-10-14 20:00:00,0.0
2024-10-14 21:00:00,0.0
2024-10-14 22:00:00,0.0
2024-10-14 23:00:00,0.0
2024-10-15 00:00:00,0.0
2024-10-15 01:00:00,0.0
2024-10-15 02:00:00,0.0
2024-10-15 03:00:00,0.0
2024-10-15 04:00:00,0.0
2024-10-15 05:00:00,0.0
2024-10-15 06:00:00,150.45
2024-10-15 07:00:00,448.52
2024-10-15 08:00:00,709.78
2024-10-15 09:00:00,916.35
2024-10-15 10:00:00,1054.12
2024-10-15 11:00:00,1113.75
2024-10-15 12:00:00,1091.12
2024-10-15 13:00:00,987.78
2024-10-15 14:00:00,810.8
2024-10-15 15:00:00,572.2
2024-10-15 16:00:00,288.25
2024-10-15 17:00:00,29.4
2024-10-15 18:00:00,0.0
2024-10-15 19:00:00,0.0
2024-10-15 20:00:00,0.0
2024-10-15 21:00:00,0.0
2024-10-15 22:00:00,0.0
2024-10-15 23:00:00,0.0
2024-10-16 00:00:00,0.0
2024-10-16 01:00:00,0.0
2024-10-16 02:00:00,0.0
2024-10-16 03:00:00,0.0
2024-10-16 04:00:00,0.0
2024-10-16 05:00:00,0.0
2024-10-16 06:00:00,147.6
2024-10-16 07:00:00,445.4
2024-10-16 08:00:00,706.38
2024-10-16 09:00:00,912.62
2024-10-16 10:00:00,1050.1
2024-10-16 11:00:00,1109.4
2024-10-16 12:00:00,1086.47
2024-10-16 13:00:00,982.9
2024-10-16 14:00:00,805.75
2024-10-16 15:00:00,567.05
2024-10-16 16:00:00,283.1
2024-10-16 17:00:00,27.25
2024-10-16 18:00:00,0.0
2024-10-16 19:00:00,0.0
2024-10-16 20:00:00,0.0
2024-10-16 21:00:00,0.0
2024-10-16 22:00:00,0.0
2024-10-16 23:00:00,0.0
2024-10-17 00:00:00,0.0
2024-10-17 01:00:00,0.0
2024-10-17 02:00:00,0.0
2024-10-17 03:00:00,0.0
2024-10-17 04:00:00,0.0
2024-10-17 05:00:00,0.0
2024-10-17 06:00:00,144.73
2024-10-17 07:00:00,442.17
2024-10-17 08:00:00,702.85
2024-10-17 09:00:00,908.78
2024-10-17 10:00:00,1045.9
2024-10-17 11:00:00,1104.88
2024-10-17 12:00:00,1081.7
2024-10-17 13:00:00,977.92
2024-10-17 14:00:00,800.62
2024-10-17 15:00:00,561.88
2024-10-17 16:00:00,277.98
2024-10-17 17:00:00,25.17
2024-10-17 18:00:00,0.0
2024-10-17 19:00:00,0.0
2024-10-17 20:00:00,0.0
2024-10-17 21:00:00,0.0
2024-10-17 22:00:00,0.0
2024-10-17 23:00:00,0.0
2024-10-18 00:00:00,0.0
2024-10-18 01:00:00,0.0
2024-10-18 02:00:00,0.0
2024-10-18 03:00:00,0.0
2024-10-18 04:00:00,0.0
2024-10-18 05:00:00,0.0
2024-10-18 06:00:00,141.88
2024-10-18 07:00:00,438.95
2024-10-18 08:00:00,699.35
2024-10-18 09:00:00,904.97
2024-10-18 10:00:00,1041.82
2024-10-18 11:00:00,1100.5
2024-10-18 12:00:00,1077.07
2024-10-18 13:00:00,973.08
2024-10-18 14:00:00,795.65
2024-10-18 15:00:00,556.85
2024-10-18 16:00:00,272.95
2024-10-18 17:00:00,23.23
2024-10-18 18:00:00,0.0
2024-10-18 19:00:00,0.0
2024-10-18 20:00:00,0.0
2024-10-18 21:00:00,0.0
2024-10-18 22:00:00,0.0
2024-10-18 23:00:00,0.0
2024-10-19 00:00:00,0.0
2024-10-19 01:00:00,0.0
2024-10-19 02:00:00,0.0
2024-10-19 03:00:00,0.0
2024-10-19 04:00:00,0.0
2024-10-19 05:00:00,0.0
2024-10-19 06:00:00,139.0
2024-10-19 07:00:00,435.73
2024-10-19 08:00:00,695.85
2024-10-19 09:00:00,901.2
2024-10-19 10:00:00,1037.72
2024-10-19 11:00:00,1096.15
2024-10-19 12:00:00,1072.47
2024-10-19 13:00:00,968.3
2024-10-19 14:00:00,790.72
2024-10-19 15:00:00,551.88
2024-10-19 16:00:00,268.0
2024-10-19 17:00:00,21.4
2024-10-19 18:00:00,0.0
2024-10-19 19:00:00,0.0
2024-10-19 20:00:00,0.0
2024-10-19 21:00:00,0.0
2024-10-19 22:00:00,0.0
2024-10-19 23:00:00,0.0
2024-10-20 00:00:00,0.0
2024-10-20 01:00:00,0.0
2024-10-20 02:00:00,0.0
2024-10-20 03:00:00,0.0
2024-10-20 04:00:00,0.0
2024-10-20 05:00:00,0.0
2024-10-20 06:00:00,136.12
2024-10-20 07:00:00,432.5
2024-10-20 08:00:00,692.4
2024-10-20 09:00:00,897.5
2024-10-20 10:00:00,1033.75
2024-10-20 11:00:00,1091.93
2024-10-20 12:00:00,1068.0
2024-10-20 13:00:00,963.65
2024-10-20 14:00:00,785.95
2024-10-20 15:00:00,547.03
2024-10-20 16:00:00,263.15
2024-10-20 17:00:00,19.65
2024-10-20 18:00:00,0.0
2024-10-20 19:00:00,0.0
2024-10-20 20:00:00,0.0
2024-10-20 21:00:00,0.0
2024-10-20 22:00:00,0.0
2024-10-20 23:00:00,0.0
2024-10-21 00:00:00,0.0
2024-10-21 01:00:00,0.0
2024-10-21 02:00:00,0.0
2024-10-21 03:00:00,0.0
2024-10-21 04:00:00,0.0
2024-10-21 05:00:00,0.0
2024-10-21 06:00:00,133.25
2024-10-21 07:00:00,429.17
2024-10-21 08:00:00,688.83
2024-10-21 09:00:00,893.62
2024-10-21 10:00:00,1029.62
2024-10-21 11:00:00,1087.53
2024-10-21 12:00:00,1063.4
2024-10-21 13:00:00,958.9
2024-10-21 14:00:00,781.1
2024-10-21 15:00:00,542.15
2024-10-21 16:00:00,258.33
2024-10-21 17:00:00,18.02
2024-10-21 18:00:00,0.0
2024-10-21 19:00:00,0.0
2024-10-21 20:00:00,0.0
2024-10-21 21:00:00,0.0
2024-10-21 22:00:00,0.0
2024-10-21 23:00:00,0.0
2024-10-22 00:00:00,0.0
2024-10-22 01:00:00,0.0
2024-10-22 02:00:00,0.0
2024-10-22 03:00:00,0.0
2024-10-22 04:00:00,0.0
2024-10-22 05:00:00,0.0
2024-10-22 06:00:00,130.35
2024-10-22 07:00:00,425.8
2024-10-22 08:00:00,685.17
2024-10-22 09:00:00,889.72
2024-10-22 10:00:00,1025.45
2024-10-22 11:00:00,1083.1
2024-10-22 12:00:00,1058.8
2024-10-22 13:00:00,954.15
2024-10-22 14:00:00,776.28
2024-10-22 15:00:00,537.33
2024-10-22 16:00:00,253.6
2024-10-22 17:00:00,16.48
2024-10-22 18:00:00,0.0
2024-10-22 19:00:00,0.0
2024-10-22 20:00:00,0.0
2024-10-22 21:00:00,0.0
2024-10-22 22:00:00,0.0
2024-10-22 23:00:00,0.0
2024-10-23 00:00:00,0.0
2024-10-23 01:00:00,0.0
2024-10-23 02:00:00,0.0
2024-10-23 03:00:00,0.0
2024-10-23 04:00:00,0.0
2024-10-23 05:00:00,0.0
2024-10-23 06:00:00,127.43
2024-10-23 07:00:00,422.33
2024-10-23 08:00:00,681.4
2024-10-23 09:00:00,885.62
2024-10-23 10:00:00,1021.1
2024-10-23 11:00:00,1078.53
2024-10-23 12:00:00,1054.03
2024-10-23 13:00:00,949.28
2024-10-23 14:00:00,771.4
2024-10-23 15:00:00,532.5
2024-10-23 16:00:00,248.88
2024-10-23 17:00:00,15.02
2024-10-23 18:00:00,0.0
2024-10-23 19:00:00,0.0
2024-10-23 20:00:00,0.0
2024-10-23 21:00:00,0.0
2024-10-23 22:00:00,0.0
2024-10-23 23:00:00,0.0
2024-10-24 00:00:00,0.0
2024-10-24 01:00:00,0.0
2024-10-24 02:00:00,0.0
2024-10-24 03:00:00,0.0
2024-10-24 04:00:00,0.0
2024-10-24 05:00:00,0.0
2024-10-24 06:00:00,124.5
2024-10-24 07:00:00,418.8
2024-10-24 08:00:00,677.58
2024-10-24 09:00:00,881.5
2024-10-24 10:00:00,1016.7
2024-10-24 11:00:00,1073.9
2024-10-24 12:00:00,1049.25
2024-10-24 13:00:00,944.42
2024-10-24 14:00:00,766.53
2024-10-24 15:00:00,527.72
2024-10-24 16:00:00,257.92
2024-10-24 17:00:00,0.0
2024-10-24 18:00:00,0.0
2024-10-24 19:00:00,0.0
2024-10-24 20:00:00,0.0
2024-10-24 21:00:00,0.0
2024-10-24 22:00:00,0.0
2024-10-24 23:00:00,0.0
2024-10-25 00:00:00,0.0
2024-10-25 01:00:00,0.0
2024-10-25 02:00:00,0.0
2024-10-25 03:00:00,0.0
2024-10-25 04:00:00,0.0
2024-10-25 05:00:00,0.0
2024-10-25 06:00:00,121.57
2024-10-25 07:00:00,415.2
2024-10-25 08:00:00,673.65
2024-10-25 09:00:00,877.28
2024-10-25 10:00:00,1012.17
2024-10-25 11:00:00,1069.18
2024-10-25 12:00:00,1044.4
2024-10-25 13:00:00,939.5
2024-10-25 14:00:00,761.65
2024-10-25 15:00:00,522.95
2024-10-25 16:00:00,252.07
2024-10-25 17:00:00,0.0
2024-10-25 18:00:00,0.0
2024-10-25 19:00:00,0.0
2024-10-25 20:00:00,0.0
2024-10-25 21:00:00,0.0
2024-10-25 22:00:00,0.0
2024-10-25 23:00:00,0.0
2024-10-26 00:00:00,0.0
2024-10-26 01:00:00,0.0
2024-10-26 02:00:00,0.0
2024-10-26 03:00:00,0.0
2024-10-26 04:00:00,0.0
2024-10-26 05:00:00,0.0
2024-10-26 06:00:00,118.62
2024-10-26 07:00:00,411.48
2024-10-26 08:00:00,669.58
2024-10-26 09:00:00,872.85
2024-10-26 10:00:00,1007.5
2024-10-26 11:00:00,1064.3
2024-10-26 12:00:00,1039.4
2024-10-26 13:00:00,934.47
2024-10-26 14:00:00,756.7
2024-10-26 15:00:00,518.17
2024-10-26 16:00:00,246.38
2024-10-26 17:00:00,0.0
2024-10-26 18:00:00,0.0
2024-10-26 19:00:00,0.0
2024-10-26 20:00:00,0.0
2024-10-26 21:00:00,0.0
2024-10-26 22:00:00,0.0
2024-10-26 23:00:00,0.0
2024-10-27 00:00:00,0.0
2024-10-27 01:00:00,0.0
2024-10-27 02:00:00,0.0
2024-10-27 03:00:00,0.0
2024-10-27 04:00:00,0.0
2024-10-27 05:00:00,0.0
2024-10-27 06:00:00,115.68
2024-10-27 07:00:00,407.77
2024-10-27 08:00:00,665.53
2024-10-27 09:00:00,868.53
2024-10-27 10:00:00,1002.9
2024-10-27 11:00:00,1059.53
2024-10-27 12:00:00,1034.53
2024-10-27 13:00:00,929.6
2024-10-27 14:00:00,751.9
2024-10-27 15:00:00,513.55
2024-10-27 16:00:00,240.88
2024-10-27 17:00:00,0.0
2024-10-27 18:00:00,0.0
2024-10-27 19:00:00,0.0
2024-10-27 20:00:00,0.0
2024-10-27 21:00:00,0.0
2024-10-27 22:00:00,0.0
2024-10-27 23:00:00,0.0
2024-10-28 00:00:00,0.0
2024-10-28 01:00:00,0.0
2024-10-28 02:00:00,0.0
2024-10-28 03:00:00,0.0
2024-10-28 04:00:00,0.0
2024-10-28 05:00:00,0.0
2024-10-28 06:00:00,112.75
2024-10-28 07:00:00,404.12
2024-10-28 08:00:00,661.58
2024-10-28 09:00:00,864.3
2024-10-28 10:00:00,998.45
2024-10-28 11:00:00,1054.93
2024-10-28 12:00:00,1029.82
2024-10-28 13:00:00,924.9
2024-10-28 14:00:00,747.28
2024-10-28 15:00:00,509.08
2024-10-28 16:00:00,235.57
2024-10-28 17:00:00,0.0
2024-10-28 18:00:00,0.0
2024-10-28 19:00:00,0.0
2024-10-28 20:00:00,0.0
2024-10-28 21:00:00,0.0
2024-10-28 22:00:00,0.0
2024-10-28 23:00:00,0.0
2024-10-29 00:00:00,0.0
2024-10-29 01:00:00,0.0
2024-10-29 02:00:00,0.0
2024-10-29 03:00:00,0.0
2024-10-29 04:00:00,0.0
2024-10-29 05:00:00,0.0
2024-10-29 06:00:00,109.82
2024-10-29 07:00:00,400.38
2024-10-29 08:00:00,657.5
2024-10-29 09:00:00,859.95
2024-10-29 10:00:00,993.88
2024-10-29 11:00:00,1050.2
2024-10-29 12:00:00,1025.05
2024-10-29 13:00:00,920.12
2024-10-29 14:00:00,742.62
2024-10-29 15:00:00,504.6
2024-10-29 16:00:00,230.43
2024-10-29 17:00:00,0.0
2024-10-29 18:00:00,0.0
2024-10-29 19:00:00,0.0
2024-10-29 20:00:00,0.0
2024-10-29 21:00:00,0.0
2024-10-29 22:00:00,0.0
2024-10-29 23:00:00,0.0
2024-10-30 00:00:00,0.0
2024-10-30 01:00:00,0.0
2024-10-30 02:00:00,0.0
2024-10-30 03:00:00,0.0
2024-10-30 04:00:00,0.0
2024-10-30 05:00:00,0.0
2024-10-30 06:00:00,106.95
2024-10-30 07:00:00,396.7
2024-10-30 08:00:00,653.58
2024-10-30 09:00:00,855.8
2024-10-30 10:00:00,989.58
2024-10-30 11:00:00,1045.78
2024-10-30 12:00:00,1020.55
2024-10-30 13:00:00,915.65
2024-10-30 14:00:00,738.22
2024-10-30 15:00:00,500.35
2024-10-30 16:00:00,225.5
2024-10-30 17:00:00,0.0
2024-10-30 18:00:00,0.0
2024-10-30 19:00:00,0.0
2024-10-30 20:00:00,0.0
2024-10-30 21:00:00,0.0
2024-10-30 22:00:00,0.0
2024-10-30 23:00:00,0.0
2024-10-31 00:00:00,0.0
2024-10-31 01:00:00,0.0
2024-10-31 02:00:00,0.0
2024-10-31 03:00:00,0.0
2024-10-31 04:00:00,0.0
2024-10-31 05:00:00,0.0
2024-10-31 06:00:00,104.07
2024-10-31 07:00:00,392.98
2024-10-31 08:00:00,649.6
2024-10-31 09:00:00,851.62
2024-10-31 10:00:00,985.22
2024-10-31 11:00:00,1041.32
2024-10-31 12:00:00,1016.08
2024-10-31 13:00:00,911.22
2024-10-31 14:00:00,733.9
2024-10-31 15:00:00,496.17
2024-10-31 16:00:00,220.75
2024-10-31 17:00:00,0.0
2024-10-31 18:00:00,0.0
2024-10-31 19:00:00,0.0
2024-10-31 20:00:00,0.0
2024-10-31 21:00:00,0.0
2024-10-31 22:00:00,0.0
2024-10-31 23:00:00,0.0
2024-11-01 00:00:00,0.0
2024-11-01 01:00:00,0.0
2024-11-01 02:00:00,0.0
2024-11-01 03:00:00,0.0
2024-11-01 04:00:00,0.0
2024-11-01 05:00:00,0.0
2024-11-01 06:00:00,101.2
2024-11-01 07:00:00,389.2
2024-11-01 08:00:00,645.62
2024-11-01 09:00:00,847.42
2024-11-01 10:00:00,980.88
2024-11-01 11:00:00,1036.88
2024-11-01 12:00:00,1011.62
2024-11-01 13:00:00,906.83
2024-11-01 14:00:00,729.62
2024-11-01 15:00:00,492.1
2024-11-01 16:00:00,216.15
2024-11-01 17:00:00,0.0
2024-11-01 18:00:00,0.0
2024-11-01 19:00:00,0.0
2024-11-01 20:00:00,0.0
2024-11-01 21:00:00,0.0
2024-11-01 22:00:00,0.0
2024-11-01 23:00:00,0.0
2024-11-02 00:00:00,0.0
2024-11-02 01:00:00,0.0
2024-11-02 02:00:00,0.0
2024-11-02 03:00:00,0.0
2024-11-02 04:00:00,0.0
2024-11-02 05:00:00,0.0
2024-11-02 06:00:00,98.32
2024-11-02 07:00:00,385.4
2024-11-02 08:00:00,641.55
2024-11-02 09:00:00,843.15
2024-11-02 10:00:00,976.45
2024-11-02 11:00:00,1032.4
2024-11-02 12:00:00,1007.12
2024-11-02 13:00:00,902.42
2024-11-02 14:00:00,725.38
2024-11-02 15:00:00,488.05
2024-11-02 16:00:00,211.73
2024-11-02 17:00:00,0.0
2024-11-02 18:00:00,0.0
2024-11-02 19:00:00,0.0
2024-11-02 20:00:00,0.0
2024-11-02 21:00:00,0.0
2024-11-02 22:00:00,0.0
2024-11-02 23:00:00,0.0
2024-11-03 00:00:00,0.0
2024-11-03 01:00:00,0.0
2024-11-03 02:00:00,0.0
2024-11-03 03:00:00,0.0
2024-11-03 04:00:00,0.0
2024-11-03 05:00:00,0.0
2024-11-03 06:00:00,95.47
2024-11-03 07:00:00,381.58
2024-11-03 08:00:00,637.47
2024-11-03 09:00:00,838.88
2024-11-03 10:00:00,972.05
2024-11-03 11:00:00,1027.93
2024-11-03 12:00:00,1002.7
2024-11-03 13:00:00,898.08
2024-11-03 14:00:00,721.2
2024-11-03 15:00:00,484.12
2024-11-03 16:00:00,207.45
2024-11-03 17:00:00,0.0
2024-11-03 18:00:00,0.0
2024-11-03 19:00:00,0.0
2024-11-03 20:00:00,0.0
2024-11-03 21:00:00,0.0
2024-11-03 22:00:00,0.0
2024-11-03 23:00:00,0.0
2024-11-04 00:00:00,0.0
2024-11-04 01:00:00,0.0
2024-11-04 02:00:00,0.0
2024-11-04 03:00:00,0.0
2024-11-04 04:00:00,0.0
2024-11-04 05:00:00,0.0
2024-11-04 06:00:00,92.62
2024-11-04 07:00:00,377.65
2024-11-04 08:00:00,633.28
2024-11-04 09:00:00,834.45
2024-11-04 10:00:00,967.5
2024-11-04 11:00:00,1023.35
2024-11-04 12:00:00,998.15
2024-11-04 13:00:00,893.67
2024-11-04 14:00:00,717.03
2024-11-04 15:00:00,480.23
2024-11-04 16:00:00,203.3
2024-11-04 17:00:00,0.0
2024-11-04 18:00:00,0.0
2024-11-04 19:00:00,0.0
2024-11-04 20:00:00,0.0
2024-11-04 21:00:00,0.0
2024-11-04 22:00:00,0.0
2024-11-04 23:00:00,0.0
2024-11-05 00:00:00,0.0
2024-11-05 01:00:00,0.0
2024-11-05 02:00:00,0.0
2024-11-05 03:00:00,0.0
2024-11-05 04:00:00,0.0
2024-11-05 05:00:00,0.0
2024-11-05 06:00:00,89.8
2024-11-05 07:00:00,373.75
2024-11-05 08:00:00,629.12
2024-11-05 09:00:00,830.15
2024-11-05 10:00:00,963.08
2024-11-05 11:00:00,1018.9
2024-11-05 12:00:00,993.78
2024-11-05 13:00:00,889.42
2024-11-05 14:00:00,712.97
2024-11-05 15:00:00,476.45
2024-11-05 16:00:00,199.35
2024-11-05 17:00:00,0.0
2024-11-05 18:00:00,0.0
2024-11-05 19:00:00,0.0
2024-11-05 20:00:00,0.0
2024-11-05 21:00:00,0.0
2024-11-05 22:00:00,0.0
2024-11-05 23:00:00,0.0
2024-11-06 00:00:00,0.0
2024-11-06 01:00:00,0.0
2024-11-06 02:00:00,0.0
2024-11-06 03:00:00,0.0
2024-11-06 04:00:00,0.0
2024-11-06 05:00:00,0.0
2024-11-06 06:00:00,87.03
2024-11-06 07:00:00,369.85
2024-11-06 08:00:00,625.03
2024-11-06 09:00:00,825.88
2024-11-06 10:00:00,958.75
2024-11-06 11:00:00,1014.55
2024-11-06 12:00:00,989.53
2024-11-06 13:00:00,885.33
2024-11-06 14:00:00,709.1
2024-11-06 15:00:00,472.85
2024-11-06 16:00:00,195.57
2024-11-06 17:00:00,0.0
2024-11-06 18:00:00,0.0
2024-11-06 19:00:00,0.0
2024-11-06 20:00:00,0.0
2024-11-06 21:00:00,0.0
2024-11-06 22:00:00,0.0
2024-11-06 23:00:00,0.0
2024-11-07 00:00:00,0.0
2024-11-07 01:00:00,0.0
2024-11-07 02:00:00,0.0
2024-11-07 03:00:00,0.0
2024-11-07 04:00:00,0.0
2024-11-07 05:00:00,0.0
2024-11-07 06:00:00,84.25
2024-11-07 07:00:00,365.95
2024-11-07 08:00:00,620.9
2024-11-07 09:00:00,821.62
2024-11-07 10:00:00,954.42
2024-11-07 11:00:00,1010.25
2024-11-07 12:00:00,985.33
2024-11-07 13:00:00,881.3
2024-11-07 14:00:00,705.3
2024-11-07 15:00:00,469.33
2024-11-07 16:00:00,191.98
2024-11-07 17:00:00,0.0
2024-11-07 18:00:00,0.0
2024-11-07 19:00:00,0.0
2024-11-07 20:00:00,0.0
2024-11-07 21:00:00,0.0
2024-11-07 22:00:00,0.0
2024-11-07 23:00:00,0.0
2024-11-08 00:00:00,0.0
2024-11-08 01:00:00,0.0
2024-11-08 02:00:00,0.0
2024-11-08 03:00:00,0.0
2024-11-08 04:00:00,0.0
2024-11-08 05:00:00,0.0
2024-11-08 06:00:00,81.5
2024-11-08 07:00:00,362.0
2024-11-08 08:00:00,616.78
2024-11-08 09:00:00,817.38
2024-11-08 10:00:00,950.12
2024-11-08 11:00:00,1006.0
2024-11-08 12:00:00,981.17
2024-11-08 13:00:00,877.35
2024-11-08 14:00:00,701.6
2024-11-08 15:00:00,465.92
2024-11-08 16:00:00,188.52
2024-11-08 17:00:00,0.0
2024-11-08 18:00:00,0.0
2024-11-08 19:00:00,0.0
2024-11-08 20:00:00,0.0
2024-11-08 21:00:00,0.0
2024-11-08 22:00:00,0.0
2024-11-08 23:00:00,0.0
2024-11-09 00:00:00,0.0
2024-11-09 01:00:00,0.0
2024-11-09 02:00:00,0.0
2024-11-09 03:00:00,0.0
2024-11-09 04:00:00,0.0
2024-11-09 05:00:00,0.0
2024-11-09 06:00:00,78.8
2024-11-09 07:00:00,358.05
2024-11-09 08:00:00,612.62
2024-11-09 09:00:00,813.12
2024-11-09 10:00:00,945.85
2024-11-09 11:00:00,1001.78
2024-11-09 12:00:00,977.08
2024-11-09 13:00:00,873.47
2024-11-09 14:00:00,698.0
2024-11-09 15:00:00,462.62
2024-11-09 16:00:00,185.23
2024-11-09 17:00:00,0.0
2024-11-09 18:00:00,0.0
2024-11-09 19:00:00,0.0
2024-11-09 20:00:00,0.0
2024-11-09 21:00:00,0.0
2024-11-09 22:00:00,0.0
2024-11-09 23:00:00,0.0
2024-11-10 00:00:00,0.0
2024-11-10 01:00:00,0.0
2024-11-10 02:00:00,0.0
2024-11-10 03:00:00,0.0
2024-11-10 04:00:00,0.0
2024-11-10 05:00:00,0.0
2024-11-10 06:00:00,76.1
2024-11-10 07:00:00,354.08
2024-11-10 08:00:00,608.47
2024-11-10 09:00:00,808.88
2024-11-10 10:00:00,941.58
2024-11-10 11:00:00,997.58
2024-11-10 12:00:00,973.05
2024-11-10 13:00:00,869.67
2024-11-10 14:00:00,694.47
2024-11-10 15:00:00,459.42
2024-11-10 16:00:00,182.1
2024-11-10 17:00:00,0.0
2024-11-10 18:00:00,0.0
2024-11-10 19:00:00,0.0
2024-11-10 20:00:00,0.0
2024-11-10 21:00:00,0.0
2024-11-10 22:00:00,0.0
2024-11-10 23:00:00,0.0
2024-11-11 00:00:00,0.0
2024-11-11 01:00:00,0.0
2024-11-11 02:00:00,0.0
2024-11-11 03:00:00,0.0
2024-11-11 04:00:00,0.0
2024-11-11 05:00:00,0.0
2024-11-11 06:00:00,73.45
2024-11-11 07:00:00,350.1
2024-11-11 08:00:00,604.33
2024-11-11 09:00:00,804.62
2024-11-11 10:00:00,937.35
2024-11-11 11:00:00,993.45
2024-11-11 12:00:00,969.1
2024-11-11 13:00:00,865.95
2024-11-11 14:00:00,691.08
2024-11-11 15:00:00,456.35
2024-11-11 16:00:00,179.1
2024-11-11 17:00:00,0.0
2024-11-11 18:00:00,0.0
2024-11-11 19:00:00,0.0
2024-11-11 20:00:00,0.0
2024-11-11 21:00:00,0.0
2024-11-11 22:00:00,0.0
2024-11-11 23:00:00,0.0
2024-11-12 00:00:00,0.0
2024-11-12 01:00:00,0.0
2024-11-12 02:00:00,0.0
2024-11-12 03:00:00,0.0
2024-11-12 04:00:00,0.0
2024-11-12 05:00:00,0.0
2024-11-12 06:00:00,70.82
2024-11-12 07:00:00,346.1
2024-11-12 08:00:00,600.17
2024-11-12 09:00:00,800.4
2024-11-12 10:00:00,933.15
2024-11-12 11:00:00,989.35
2024-11-12 12:00:00,965.2
2024-11-12 13:00:00,862.33
2024-11-12 14:00:00,687.75
2024-11-12 15:00:00,453.38
2024-11-12 16:00:00,176.27
2024-11-12 17:00:00,0.0
2024-11-12 18:00:00,0.0
2024-11-12 19:00:00,0.0
2024-11-12 20:00:00,0.0
2024-11-12 21:00:00,0.0
2024-11-12 22:00:00,0.0
2024-11-12 23:00:00,0.0
2024-11-13 00:00:00,0.0
2024-11-13 01:00:00,0.0
2024-11-13 02:00:00,0.0
2024-11-13 03:00:00,0.0
2024-11-13 04:00:00,0.0
2024-11-13 05:00:00,0.0
2024-11-13 06:00:00,68.22
2024-11-13 07:00:00,342.1
2024-11-13 08:00:00,596.03
2024-11-13 09:00:00,796.2
2024-11-13 10:00:00,928.97
2024-11-13 11:00:00,985.3
2024-11-13 12:00:00,961.35
2024-11-13 13:00:00,858.78
2024-11-13 14:00:00,684.55
2024-11-13 15:00:00,450.52
2024-11-13 16:00:00,173.6
2024-11-13 17:00:00,0.0
2024-11-13 18:00:00,0.0
2024-11-13 19:00:00,0.0
2024-11-13 20:00:00,0.0
2024-11-13 21:00:00,0.0
2024-11-13 22:00:00,0.0
2024-11-13 23:00:00,0.0
2024-11-14 00:00:00,0.0
2024-11-14 01:00:00,0.0
2024-11-14 02:00:00,0.0
2024-11-14 03:00:00,0.0
2024-11-14 04:00:00,0.0
2024-11-14 05:00:00,0.0
2024-11-14 06:00:00,65.68
2024-11-14 07:00:00,338.1
2024-11-14 08:00:00,591.88
2024-11-14 09:00:00,792.0
2024-11-14 10:00:00,924.83
2024-11-14 11:00:00,981.3
2024-11-14 12:00:00,957.6
2024-11-14 13:00:00,855.33
2024-11-14 14:00:00,681.42
2024-11-14 15:00:00,447.8
2024-11-14 16:00:00,171.07
2024-11-14 17:00:00,0.0
2024-11-14 18:00:00,0.0
2024-11-14 19:00:00,0.0
2024-11-14 20:00:00,0.0
2024-11-14 21:00:00,0.0
2024-11-14 22:00:00,0.0
2024-11-14 23:00:00,0.0
2024-11-15 00:00:00,0.0
2024-11-15 01:00:00,0.0
2024-11-15 02:00:00,0.0
2024-11-15 03:00:00,0.0
2024-11-15 04:00:00,0.0
2024-11-15 05:00:00,0.0
2024-11-15 06:00:00,63.17
2024-11-15 07:00:00,334.08
2024-11-15 08:00:00,587.72
2024-11-15 09:00:00,787.83
2024-11-15 10:00:00,920.72
2024-11-15 11:00:00,977.38
2024-11-15 12:00:00,953.9
2024-11-15 13:00:00,851.95
2024-11-15 14:00:00,678.42
2024-11-15 15:00:00,445.17
2024-11-15 16:00:00,168.7
2024-11-15 17:00:00,0.0
2024-11-15 18:00:00,0.0
2024-11-15 19:00:00,0.0
2024-11-15 20:00:00,0.0
2024-11-15 21:00:00,0.0
2024-11-15 22:00:00,0.0
2024-11-15 23:00:00,0.0
2024-11-16 00:00:00,0.0
2024-11-16 01:00:00,0.0
2024-11-16 02:00:00,0.0
2024-11-16 03:00:00,0.0
2024-11-16 04:00:00,0.0
2024-11-16 05:00:00,0.0
2024-11-16 06:00:00,60.7
2024-11-16 07:00:00,330.08
2024-11-16 08:00:00,583.65
2024-11-16 09:00:00,783.75
2024-11-16 10:00:00,916.75
2024-11-16 11:00:00,973.58
2024-11-16 12:00:00,950.38
2024-11-16 13:00:00,848.75
2024-11-16 14:00:00,675.6
2024-11-16 15:00:00,442.73
2024-11-16 16:00:00,166.5
2024-11-16 17:00:00,0.0
2024-11-16 18:00:00,0.0
2024-11-16 19:00:00,0.0
2024-11-16 20:00:00,0.0
2024-11-16 21:00:00,0.0
2024-11-16 22:00:00,0.0
2024-11-16 23:00:00,0.0
2024-11-17 00:00:00,0.0
2024-11-17 01:00:00,0.0
2024-11-17 02:00:00,0.0
2024-11-17 03:00:00,0.0
2024-11-17 04:00:00,0.0
2024-11-17 05:00:00,0.0
2024-11-17 06:00:00,58.28
2024-11-17 07:00:00,326.08
2024-11-17 08:00:00,579.53
2024-11-17 09:00:00,779.62
2024-11-17 10:00:00,912.72
2024-11-17 11:00:00,969.78
2024-11-17 12:00:00,946.88
2024-11-17 13:00:00,845.6
2024-11-17 14:00:00,672.83
2024-11-17 15:00:00,440.35
2024-11-17 16:00:00,164.43
2024-11-17 17:00:00,0.0
2024-11-17 18:00:00,0.0
2024-11-17 19:00:00,0.0
2024-11-17 20:00:00,0.0
2024-11-17 21:00:00,0.0
2024-11-17 22:00:00,0.0
2024-11-17 23:00:00,0.0
2024-11-18 00:00:00,0.0
2024-11-18 01:00:00,0.0
2024-11-18 02:00:00,0.0
2024-11-18 03:00:00,0.0
2024-11-18 04:00:00,0.0
2024-11-18 05:00:00,0.0
2024-11-18 06:00:00,55.9
2024-11-18 07:00:00,322.08
2024-11-18 08:00:00,575.45
2024-11-18 09:00:00,775.58
2024-11-18 10:00:00,908.8
2024-11-18 11:00:00,966.08
2024-11-18 12:00:00,943.47
2024-11-18 13:00:00,842.55
2024-11-18 14:00:00,670.17
2024-11-18 15:00:00,438.12
2024-11-18 16:00:00,162.5
2024-11-18 17:00:00,0.0
2024-11-18 18:00:00,0.0
2024-11-18 19:00:00,0.0
2024-11-18 20:00:00,0.0
2024-11-18 21:00:00,0.0
2024-11-18 22:00:00,0.0
2024-11-18 23:00:00,0.0
2024-11-19 00:00:00,0.0
2024-11-19 01:00:00,0.0
2024-11-19 02:00:00,0.0
2024-11-19 03:00:00,0.0
2024-11-19 04:00:00,0.0
2024-11-19 05:00:00,0.0
2024-11-19 06:00:00,53.55
2024-11-19 07:00:00,318.05
2024-11-19 08:00:00,571.35
2024-11-19 09:00:00,771.53
2024-11-19 10:00:00,904.88
2024-11-19 11:00:00,962.4
2024-11-19 12:00:00,940.12
2024-11-19 13:00:00,839.58
2024-11-19 14:00:00,667.62
2024-11-19 15:00:00,436.0
2024-11-19 16:00:00,160.7
2024-11-19 17:00:00,0.0
2024-11-19 18:00:00,0.0
2024-11-19 19:00:00,0.0
2024-11-19 20:00:00,0.0
2024-11-19 21:00:00,0.0
2024-11-19 22:00:00,0.0
2024-11-19 23:00:00,0.0
2024-11-20 00:00:00,0.0
2024-11-20 01:00:00,0.0
2024-11-20 02:00:00,0.0
2024-11-20 03:00:00,0.0
2024-11-20 04:00:00,0.0
2024-11-20 05:00:00,0.0
2024-11-20 06:00:00,51.28
2024-11-20 07:00:00,314.08
2024-11-20 08:00:00,567.33
2024-11-20 09:00:00,767.55
2024-11-20 10:00:00,901.1
2024-11-20 11:00:00,958.85
2024-11-20 12:00:00,936.92
2024-11-20 13:00:00,836.78
2024-11-20 14:00:00,665.25
2024-11-20 15:00:00,434.02
2024-11-20 16:00:00,159.07
2024-11-20 17:00:00,0.0
2024-11-20 18:00:00,0.0
2024-11-20 19:00:00,0.0
2024-11-20 20:00:00,0.0
2024-11-20 21:00:00,0.0
2024-11-20 22:00:00,0.0
2024-11-20 23:00:00,0.0
2024-11-21 00:00:00,0.0
2024-11-21 01:00:00,0.0
2024-11-21 02:00:00,0.0
2024-11-21 03:00:00,0.0
2024-11-21 04:00:00,0.0
2024-11-21 05:00:00,0.0
2024-11-21 06:00:00,49.03
2024-11-21 07:00:00,310.08
2024-11-21 08:00:00,563.25
2024-11-21 09:00:00,763.53
2024-11-21 10:00:00,897.22
2024-11-21 11:00:00,955.25
2024-11-21 12:00:00,933.67
2024-11-21 13:00:00,833.97
2024-11-21 14:00:00,662.9
2024-11-21 15:00:00,432.12
2024-11-21 16:00:00,157.57
2024-11-21 17:00:00,0.0
2024-11-21 18:00:00,0.0
2024-11-21 19:00:00,0.0
2024-11-21 20:00:00,0.0
2024-11-21 21:00:00,0.0
2024-11-21 22:00:00,0.0
2024-11-21 23:00:00,0.0
2024-11-22 00:00:00,0.0
2024-11-22 01:00:00,0.0
2024-11-22 02:00:00,0.0
2024-11-22 03:00:00,0.0
2024-11-22 04:00:00,0.0
2024-11-22 05:00:00,0.0
2024-11-22 06:00:00,46.83
2024-11-22 07:00:00,306.05
2024-11-22 08:00:00,559.15
2024-11-22 09:00:00,759.45
2024-11-22 10:00:00,893.33
2024-11-22 11:00:00,951.65
2024-11-22 12:00:00,930.45
2024-11-22 13:00:00,831.2
2024-11-22 14:00:00,660.6
2024-11-22 15:00:00,430.33
2024-11-22 16:00:00,156.2
2024-11-22 17:00:00,0.0
2024-11-22 18:00:00,0.0
2024-11-22 19:00:00,0.0
2024-11-22 20:00:00,0.0
2024-11-22 21:00:00,0.0
2024-11-22 22:00:00,0.0
2024-11-22 23:00:00,0.0
2024-11-23 00:00:00,0.0
2024-11-23 01:00:00,0.0
2024-11-23 02:00:00,0.0
2024-11-23 03:00:00,0.0
2024-11-23 04:00:00,0.0
2024-11-23 05:00:00,0.0
2024-11-23 06:00:00,44.67
2024-11-23 07:00:00,302.02
2024-11-23 08:00:00,555.05
2024-11-23 09:00:00,755.42
2024-11-23 10:00:00,889.5
2024-11-23 11:00:00,948.12
2024-11-23 12:00:00,927.33
2024-11-23 13:00:00,828.5
2024-11-23 14:00:00,658.42
2024-11-23 15:00:00,428.65
2024-11-23 16:00:00,154.95
2024-11-23 17:00:00,0.0
2024-11-23 18:00:00,0.0
2024-11-23 19:00:00,0.0
2024-11-23 20:00:00,0.0
2024-11-23 21:00:00,0.0
2024-11-23 22:00:00,0.0
2024-11-23 23:00:00,0.0
2024-11-24 00:00:00,0.0
2024-11-24 01:00:00,0.0
2024-11-24 02:00:00,0.0
2024-11-24 03:00:00,0.0
2024-11-24 04:00:00,0.0
2024-11-24 05:00:00,0.0
2024-11-24 06:00:00,42.58
2024-11-24 07:00:00,298.02
2024-11-24 08:00:00,550.97
2024-11-24 09:00:00,751.42
2024-11-24 10:00:00,885.67
2024-11-24 11:00:00,944.62
2024-11-24 12:00:00,924.22
2024-11-24 13:00:00,825.9
2024-11-24 14:00:00,656.33
2024-11-24 15:00:00,427.08
2024-11-24 16:00:00,153.82
2024-11-24 17:00:00,0.0
2024-11-24 18:00:00,0.0
2024-11-24 19:00:00,0.0
2024-11-24 20:00:00,0.0
2024-11-24 21:00:00,0.0
2024-11-24 22:00:00,0.0
2024-11-24 23:00:00,0.0
2024-11-25 00:00:00,0.0
2024-11-25 01:00:00,0.0
2024-11-25 02:00:00,0.0
2024-11-25 03:00:00,0.0
2024-11-25 04:00:00,0.0
2024-11-25 05:00:00,0.0
2024-11-25 06:00:00,40.55
2024-11-25 07:00:00,294.05
2024-11-25 08:00:00,546.95
2024-11-25 09:00:00,747.47
2024-11-25 10:00:00,881.95
2024-11-25 11:00:00,941.22
2024-11-25 12:00:00,921.25
2024-11-25 13:00:00,823.42
2024-11-25 14:00:00,654.38
2024-11-25 15:00:00,425.62
2024-11-25 16:00:00,152.88
2024-11-25 17:00:00,0.0
2024-11-25 18:00:00,0.0
2024-11-25 19:00:00,0.0
2024-11-25 20:00:00,0.0
2024-11-25 21:00:00,0.0
2024-11-25 22:00:00,0.0
2024-11-25 23:00:00,0.0
2024-11-26 00:00:00,0.0
2024-11-26 01:00:00,0.0
2024-11-26 02:00:00,0.0
2024-11-26 03:00:00,0.0
2024-11-26 04:00:00,0.0
2024-11-26 05:00:00,0.0
2024-11-26 06:00:00,38.58
2024-11-26 07:00:00,290.1
2024-11-26 08:00:00,542.97
2024-11-26 09:00:00,743.6
2024-11-26 10:00:00,878.33
2024-11-26 11:00:00,937.95
2024-11-26 12:00:00,918.42
2024-11-26 13:00:00,821.08
2024-11-26 14:00:00,652.58
2024-11-26 15:00:00,424.35
2024-11-26 16:00:00,152.02
2024-11-26 17:00:00,0.0
2024-11-26 18:00:00,0.0
2024-11-26 19:00:00,0.0
2024-11-26 20:00:00,0.0
2024-11-26 21:00:00,0.0
2024-11-26 22:00:00,0.0
2024-11-26 23:00:00,0.0
2024-11-27 00:00:00,0.0
2024-11-27 01:00:00,0.0
2024-11-27 02:00:00,0.0
2024-11-27 03:00:00,0.0
2024-11-27 04:00:00,0.0
2024-11-27 05:00:00,0.0
2024-11-27 06:00:00,36.65
2024-11-27 07:00:00,286.23
2024-11-27 08:00:00,539.12
2024-11-27 09:00:00,739.92
2024-11-27 10:00:00,874.92
2024-11-27 11:00:00,934.92
2024-11-27 12:00:00,915.85
2024-11-27 13:00:00,819.03
2024-11-27 14:00:00,651.0
2024-11-27 15:00:00,423.27
2024-11-27 16:00:00,151.38
2024-11-27 17:00:00,0.0
2024-11-27 18:00:00,0.0
2024-11-27 19:00:00,0.0
2024-11-27 20:00:00,0.0
2024-11-27 21:00:00,0.0
2024-11-27 22:00:00,0.0
2024-11-27 23:00:00,0.0
2024-11-28 00:00:00,0.0
2024-11-28 01:00:00,0.0
2024-11-28 02:00:00,0.0
2024-11-28 03:00:00,0.0
2024-11-28 04:00:00,0.0
2024-11-28 05:00:00,0.0
2024-11-28 06:00:00,34.8
2024-11-28 07:00:00,282.4
2024-11-28 08:00:00,535.35
2024-11-28 09:00:00,736.3
2024-11-28 10:00:00,871.6
2024-11-28 11:00:00,932.0
2024-11-28 12:00:00,913.4
2024-11-28 13:00:00,817.05
2024-11-28 14:00:00,649.58
2024-11-28 15:00:00,422.33
2024-11-28 16:00:00,150.85
2024-11-28 17:00:00,0.0
2024-11-28 18:00:00,0.0
2024-11-28 19:00:00,0.0
2024-11-28 20:00:00,0.0
2024-11-28 21:00:00,0.0
2024-11-28 22:00:00,0.0
2024-11-28 23:00:00,0.0
2024-11-29 00:00:00,0.0
2024-11-29 01:00:00,0.0
2024-11-29 02:00:00,0.0
2024-11-29 03:00:00,0.0
2024-11-29 04:00:00,0.0
2024-11-29 05:00:00,0.0
2024-11-29 06:00:00,33.0
2024-11-29 07:00:00,278.58
2024-11-29 08:00:00,531.58
2024-11-29 09:00:00,732.72
2024-11-29 10:00:00,868.33
2024-11-29 11:00:00,929.15
2024-11-29 12:00:00,911.03
2024-11-29 13:00:00,815.22
2024-11-29 14:00:00,648.25
2024-11-29 15:00:00,421.5
2024-11-29 16:00:00,150.45
2024-11-29 17:00:00,0.0
2024-11-29 18:00:00,0.0
2024-11-29 19:00:00,0.0
2024-11-29 20:00:00,0.0
2024-11-29 21:00:00,0.0
2024-11-29 22:00:00,0.0
2024-11-29 23:00:00,0.0
2024-11-30 00:00:00,0.0
2024-11-30 01:00:00,0.0
2024-11-30 02:00:00,0.0
2024-11-30 03:00:00,0.0
2024-11-30 04:00:00,0.0
2024-11-30 05:00:00,0.0
2024-11-30 06:00:00,31.25
2024-11-30 07:00:00,274.83
2024-11-30 08:00:00,527.9
2024-11-30 09:00:00,729.25
2024-11-30 10:00:00,865.17
2024-11-30 11:00:00,926.42
2024-11-30 12:00:00,908.8
2024-11-30 13:00:00,813.53
2024-11-30 14:00:00,647.1
2024-11-30 15:00:00,420.83
2024-11-30 16:00:00,150.2
2024-11-30 17:00:00,0.0
2024-11-30 18:00:00,0.0
2024-11-30 19:00:00,0.0
2024-11-30 20:00:00,0.0
2024-11-30 21:00:00,0.0
2024-11-30 22:00:00,0.0
2024-11-30 23:00:00,0.0
2024-12-01 00:00:00,0.0
2024-12-01 01:00:00,0.0
2024-12-01 02:00:00,0.0
2024-12-01 03:00:00,0.0
2024-12-01 04:00:00,0.0
2024-12-01 05:00:00,0.0
2024-12-01 06:00:00,29.58
2024-12-01 07:00:00,271.1
2024-12-01 08:00:00,524.28
2024-12-01 09:00:00,725.88
2024-12-01 10:00:00,862.15
2024-12-01 11:00:00,923.83
2024-12-01 12:00:00,906.72
2024-12-01 13:00:00,811.97
2024-12-01 14:00:00,646.08
2024-12-01 15:00:00,420.3
2024-12-01 16:00:00,150.07
2024-12-01 17:00:00,0.0
2024-12-01 18:00:00,0.0
2024-12-01 19:00:00,0.0
2024-12-01 20:00:00,0.0
2024-12-01 21:00:00,0.0
2024-12-01 22:00:00,0.0
2024-12-01 23:00:00,0.0
2024-12-02 00:00:00,0.0
2024-12-02 01:00:00,0.0
2024-12-02 02:00:00,0.0
2024-12-02 03:00:00,0.0
2024-12-02 04:00:00,0.0
2024-12-02 05:00:00,0.0
2024-12-02 06:00:00,27.98
2024-12-02 07:00:00,267.45
2024-12-02 08:00:00,520.72
2024-12-02 09:00:00,722.58
2024-12-02 10:00:00,859.22
2024-12-02 11:00:00,921.38
2024-12-02 12:00:00,904.78
2024-12-02 13:00:00,810.58
2024-12-02 14:00:00,645.2
2024-12-02 15:00:00,419.92
2024-12-02 16:00:00,150.1
2024-12-02 17:00:00,0.0
2024-12-02 18:00:00,0.0
2024-12-02 19:00:00,0.0
2024-12-02 20:00:00,0.0
2024-12-02 21:00:00,0.0
2024-12-02 22:00:00,0.0
2024-12-02 23:00:00,0.0
2024-12-03 00:00:00,0.0
2024-12-03 01:00:00,0.0
2024-12-03 02:00:00,0.0
2024-12-03 03:00:00,0.0
2024-12-03 04:00:00,0.0
2024-12-03 05:00:00,0.0
2024-12-03 06:00:00,26.4
2024-12-03 07:00:00,263.83
2024-12-03 08:00:00,517.28
2024-12-03 09:00:00,719.4
2024-12-03 10:00:00,856.42
2024-12-03 11:00:00,919.05
2024-12-03 12:00:00,903.0
2024-12-03 13:00:00,809.35
2024-12-03 14:00:00,644.5
2024-12-03 15:00:00,419.7
2024-12-03 16:00:00,150.27
2024-12-03 17:00:00,0.0
2024-12-03 18:00:00,0.0
2024-12-03 19:00:00,0.0
2024-12-03 20:00:00,0.0
2024-12-03 21:00:00,0.0
2024-12-03 22:00:00,0.0
2024-12-03 23:00:00,0.0
2024-12-04 00:00:00,0.0
2024-12-04 01:00:00,0.0
2024-12-04 02:00:00,0.0
2024-12-04 03:00:00,0.0
2024-12-04 04:00:00,0.0
2024-12-04 05:00:00,0.0
2024-12-04 06:00:00,24.9
2024-12-04 07:00:00,260.25
2024-12-04 08:00:00,513.85
2024-12-04 09:00:00,716.25
2024-12-04 10:00:00,853.67
2024-12-04 11:00:00,916.8
2024-12-04 12:00:00,901.28
2024-12-04 13:00:00,808.2
2024-12-04 14:00:00,643.9
2024-12-04 15:00:00,419.58
2024-12-04 16:00:00,150.57
2024-12-04 17:00:00,0.0
2024-12-04 18:00:00,0.0
2024-12-04 19:00:00,0.0
2024-12-04 20:00:00,0.0
2024-12-04 21:00:00,0.0
2024-12-04 22:00:00,0.0
2024-12-04 23:00:00,0.0
2024-12-05 00:00:00,0.0
2024-12-05 01:00:00,0.0
2024-12-05 02:00:00,0.0
2024-12-05 03:00:00,0.0
2024-12-05 04:00:00,0.0
2024-12-05 05:00:00,0.0
2024-12-05 06:00:00,23.48
2024-12-05 07:00:00,256.73
2024-12-05 08:00:00,510.48
2024-12-05 09:00:00,713.17
2024-12-05 10:00:00,851.03
2024-12-05 11:00:00,914.65
2024-12-05 12:00:00,899.7
2024-12-05 13:00:00,807.2
2024-12-05 14:00:00,643.45
2024-12-05 15:00:00,419.6
2024-12-05 16:00:00,151.0
2024-12-05 17:00:00,0.0
2024-12-05 18:00:00,0.0
2024-12-05 19:00:00,0.0
2024-12-05 20:00:00,0.0
2024-12-05 21:00:00,0.0
2024-12-05 22:00:00,0.0
2024-12-05 23:00:00,0.0
2024-12-06 00:00:00,0.0
2024-12-06 01:00:00,0.0
2024-12-06 02:00:00,0.0
2024-12-06 03:00:00,0.0
2024-12-06 04:00:00,0.0
2024-12-06 05:00:00,0.0
2024-12-06 06:00:00,22.08
2024-12-06 07:00:00,253.23
2024-12-06 08:00:00,507.12
2024-12-06 09:00:00,710.12
2024-12-06 10:00:00,848.38
2024-12-06 11:00:00,912.5
2024-12-06 12:00:00,898.12
2024-12-06 13:00:00,806.2
2024-12-06 14:00:00,643.03
2024-12-06 15:00:00,419.7
2024-12-06 16:00:00,151.52
2024-12-06 17:00:00,0.0
2024-12-06 18:00:00,0.0
2024-12-06 19:00:00,0.0
2024-12-06 20:00:00,0.0
2024-12-06 21:00:00,0.0
2024-12-06 22:00:00,0.0
2024-12-06 23:00:00,0.0
2024-12-07 00:00:00,0.0
2024-12-07 01:00:00,0.0
2024-12-07 02:00:00,0.0
2024-12-07 03:00:00,0.0
2024-12-07 04:00:00,0.0
2024-12-07 05:00:00,0.0
2024-12-07 06:00:00,20.75
2024-12-07 07:00:00,249.77
2024-12-07 08:00:00,503.85
2024-12-07 09:00:00,707.15
2024-12-07 10:00:00,845.83
2024-12-07 11:00:00,910.47
2024-12-07 12:00:00,896.67
2024-12-07 13:00:00,805.35
2024-12-07 14:00:00,642.75
2024-12-07 15:00:00,419.95
2024-12-07 16:00:00,152.2
2024-12-07 17:00:00,0.0
2024-12-07 18:00:00,0.0
2024-12-07 19:00:00,0.0
2024-12-07 20:00:00,0.0
2024-12-07 21:00:00,0.0
2024-12-07 22:00:00,0.0
2024-12-07 23:00:00,0.0
2024-12-08 00:00:00,0.0
2024-12-08 01:00:00,0.0
2024-12-08 02:00:00,0.0
2024-12-08 03:00:00,0.0
2024-12-08 04:00:00,0.0
2024-12-08 05:00:00,0.0
2024-12-08 06:00:00,19.5
2024-12-08 07:00:00,246.4
2024-12-08 08:00:00,500.62
2024-12-08 09:00:00,704.25
2024-12-08 10:00:00,843.4
2024-12-08 11:00:00,908.58
2024-12-08 12:00:00,895.35
2024-12-08 13:00:00,804.65
2024-12-08 14:00:00,642.62
2024-12-08 15:00:00,420.3
2024-12-08 16:00:00,153.0
2024-12-08 17:00:00,0.0
2024-12-08 18:00:00,0.0
2024-12-08 19:00:00,0.0
2024-12-08 20:00:00,0.0
2024-12-08 21:00:00,0.0
2024-12-08 22:00:00,0.0
2024-12-08 23:00:00,0.0
2024-12-09 00:00:00,0.0
2024-12-09 01:00:00,0.0
2024-12-09 02:00:00,0.0
2024-12-09 03:00:00,0.0
2024-12-09 04:00:00,0.0
2024-12-09 05:00:00,0.0
2024-12-09 06:00:00,18.3
2024-12-09 07:00:00,243.07
2024-12-09 08:00:00,497.5
2024-12-09 09:00:00,701.45
2024-12-09 10:00:00,841.05
2024-12-09 11:00:00,906.78
2024-12-09 12:00:00,894.15
2024-12-09 13:00:00,804.05
2024-12-09 14:00:00,642.6
2024-12-09 15:00:00,420.83
2024-12-09 16:00:00,153.95
2024-12-09 17:00:00,0.0
2024-12-09 18:00:00,0.0
2024-12-09 19:00:00,0.0
2024-12-09 20:00:00,0.0
2024-12-09 21:00:00,0.0
2024-12-09 22:00:00,0.0
2024-12-09 23:00:00,0.0
2024-12-10 00:00:00,0.0
2024-12-10 01:00:00,0.0
2024-12-10 02:00:00,0.0
2024-12-10 03:00:00,0.0
2024-12-10 04:00:00,0.0
2024-12-10 05:00:00,0.0
2024-12-10 06:00:00,17.15
2024-12-10 07:00:00,239.82
2024-12-10 08:00:00,494.45
2024-12-10 09:00:00,698.78
2024-12-10 10:00:00,838.83
2024-12-10 11:00:00,905.1
2024-12-10 12:00:00,893.1
2024-12-10 13:00:00,803.6
2024-12-10 14:00:00,642.72
2024-12-10 15:00:00,421.45
2024-12-10 16:00:00,155.02
2024-12-10 17:00:00,0.0
2024-12-10 18:00:00,0.0
2024-12-10 19:00:00,0.0
2024-12-10 20:00:00,0.0
2024-12-10 21:00:00,0.0
2024-12-10 22:00:00,0.0
2024-12-10 23:00:00,0.0
2024-12-11 00:00:00,0.0
2024-12-11 01:00:00,0.0
2024-12-11 02:00:00,0.0
2024-12-11 03:00:00,0.0
2024-12-11 04:00:00,0.0
2024-12-11 05:00:00,0.0
2024-12-11 06:00:00,16.05
2024-12-11 07:00:00,236.65
2024-12-11 08:00:00,491.5
2024-12-11 09:00:00,696.17
2024-12-11 10:00:00,836.7
2024-12-11 11:00:00,903.55
2024-12-11 12:00:00,892.15
2024-12-11 13:00:00,803.28
2024-12-11 14:00:00,643.0
2024-12-11 15:00:00,422.23
2024-12-11 16:00:00,156.23
2024-12-11 17:00:00,0.0
2024-12-11 18:00:00,0.0
2024-12-11 19:00:00,0.0
2024-12-11 20:00:00,0.0
2024-12-11 21:00:00,0.0
2024-12-11 22:00:00,0.0
2024-12-11 23:00:00,0.0
2024-12-12 00:00:00,0.0
2024-12-12 01:00:00,0.0
2024-12-12 02:00:00,0.0
2024-12-12 03:00:00,0.0
2024-12-12 04:00:00,0.0
2024-12-12 05:00:00,0.0
2024-12-12 06:00:00,15.02
2024-12-12 07:00:00,233.52
2024-12-12 08:00:00,488.62
2024-12-12 09:00:00,693.67
2024-12-12 10:00:00,834.7
2024-12-12 11:00:00,902.12
2024-12-12 12:00:00,891.35
2024-12-12 13:00:00,803.1
2024-12-12 14:00:00,643.4
2024-12-12 15:00:00,423.1
2024-12-12 16:00:00,157.57
2024-12-12 17:00:00,0.0
2024-12-12 18:00:00,0.0
2024-12-12 19:00:00,0.0
2024-12-12 20:00:00,0.0
2024-12-12 21:00:00,0.0
2024-12-12 22:00:00,0.0
2024-12-12 23:00:00,0.0
2024-12-13 00:00:00,0.0
2024-12-13 01:00:00,0.0
2024-12-13 02:00:00,0.0
2024-12-13 03:00:00,0.0
2024-12-13 04:00:00,0.0
2024-12-13 05:00:00,0.0
2024-12-13 06:00:00,0.0
2024-12-13 07:00:00,244.52
2024-12-13 08:00:00,485.83
2024-12-13 09:00:00,691.28
2024-12-13 10:00:00,832.8
2024-12-13 11:00:00,900.83
2024-12-13 12:00:00,890.65
2024-12-13 13:00:00,803.05
2024-12-13 14:00:00,643.92
2024-12-13 15:00:00,424.12
2024-12-13 16:00:00,159.05
2024-12-13 17:00:00,0.0
2024-12-13 18:00:00,0.0
2024-12-13 19:00:00,0.0
2024-12-13 20:00:00,0.0
2024-12-13 21:00:00,0.0
2024-12-13 22:00:00,0.0
2024-12-13 23:00:00,0.0
2024-12-14 00:00:00,0.0
2024-12-14 01:00:00,0.0
2024-12-14 02:00:00,0.0
2024-12-14 03:00:00,0.0
2024-12-14 04:00:00,0.0
2024-12-14 05:00:00,0.0
2024-12-14 06:00:00,0.0
2024-12-14 07:00:00,240.65
2024-12-14 08:00:00,483.15
2024-12-14 09:00:00,689.0
2024-12-14 10:00:00,831.05
2024-12-14 11:00:00,899.67
2024-12-14 12:00:00,890.15
2024-12-14 13:00:00,803.15
2024-12-14 14:00:00,644.6
2024-12-14 15:00:00,425.3
2024-12-14 16:00:00,160.65
2024-12-14 17:00:00,0.0
2024-12-14 18:00:00,0.0
2024-12-14 19:00:00,0.0
2024-12-14 20:00:00,0.0
2024-12-14 21:00:00,0.0
2024-12-14 22:00:00,0.0
2024-12-14 23:00:00,0.0
2024-12-15 00:00:00,0.0
2024-12-15 01:00:00,0.0
2024-12-15 02:00:00,0.0
2024-12-15 03:00:00,0.0
2024-12-15 04:00:00,0.0
2024-12-15 05:00:00,0.0
2024-12-15 06:00:00,0.0
2024-12-15 07:00:00,236.88
2024-12-15 08:00:00,480.52
2024-12-15 09:00:00,686.78
2024-12-15 10:00:00,829.35
2024-12-15 11:00:00,898.55
2024-12-15 12:00:00,889.67
2024-12-15 13:00:00,803.33
2024-12-15 14:00:00,645.35
2024-12-15 15:00:00,426.55
2024-12-15 16:00:00,162.38
2024-12-15 17:00:00,0.0
2024-12-15 18:00:00,0.0
2024-12-15 19:00:00,0.0
2024-12-15 20:00:00,0.0
2024-12-15 21:00:00,0.0
2024-12-15 22:00:00,0.0
2024-12-15 23:00:00,0.0
2024-12-16 00:00:00,0.0
2024-12-16 01:00:00,0.0
2024-12-16 02:00:00,0.0
2024-12-16 03:00:00,0.0
2024-12-16 04:00:00,0.0
2024-12-16 05:00:00,0.0
2024-12-16 06:00:00,0.0
2024-12-16 07:00:00,233.25
2024-12-16 08:00:00,478.0
2024-12-16 09:00:00,684.7
2024-12-16 10:00:00,827.83
2024-12-16 11:00:00,897.65
2024-12-16 12:00:00,889.4
2024-12-16 13:00:00,803.67
2024-12-16 14:00:00,646.28
2024-12-16 15:00:00,427.95
2024-12-16 16:00:00,164.25
2024-12-16 17:00:00,0.0
2024-12-16 18:00:00,0.0
2024-12-16 19:00:00,0.0
2024-12-16 20:00:00,0.0
2024-12-16 21:00:00,0.0
2024-12-16 22:00:00,0.0
2024-12-16 23:00:00,0.0
2024-12-17 00:00:00,0.0
2024-12-17 01:00:00,0.0
2024-12-17 02:00:00,0.0
2024-12-17 03:00:00,0.0
2024-12-17 04:00:00,0.0
2024-12-17 05:00:00,0.0
2024-12-17 06:00:00,0.0
2024-12-17 07:00:00,229.77
2024-12-17 08:00:00,475.6
2024-12-17 09:00:00,682.75
2024-12-17 10:00:00,826.42
2024-12-17 11:00:00,896.85
2024-12-17 12:00:00,889.28
2024-12-17 13:00:00,804.15
2024-12-17 14:00:00,647.33
2024-12-17 15:00:00,429.48
2024-12-17 16:00:00,166.27
2024-12-17 17:00:00,0.0
2024-12-17 18:00:00,0.0
2024-12-17 19:00:00,0.0
2024-12-17 20:00:00,0.0
2024-12-17 21:00:00,0.0
2024-12-17 22:00:00,0.0
2024-12-17 23:00:00,0.0
2024-12-18 00:00:00,0.0
2024-12-18 01:00:00,0.0
2024-12-18 02:00:00,0.0
2024-12-18 03:00:00,0.0
2024-12-18 04:00:00,0.0
2024-12-18 05:00:00,0.0
2024-12-18 06:00:00,0.0
2024-12-18 07:00:00,226.43
2024-12-18 08:00:00,473.33
2024-12-18 09:00:00,680.92
2024-12-18 10:00:00,825.17
2024-12-18 11:00:00,896.25
2024-12-18 12:00:00,889.3
2024-12-18 13:00:00,804.83
2024-12-18 14:00:00,648.55
2024-12-18 15:00:00,431.15
2024-12-18 16:00:00,168.43
2024-12-18 17:00:00,0.0
2024-12-18 18:00:00,0.0
2024-12-18 19:00:00,0.0
2024-12-18 20:00:00,0.0
2024-12-18 21:00:00,0.0
2024-12-18 22:00:00,0.0
2024-12-18 23:00:00,0.0
2024-12-19 00:00:00,0.0
2024-12-19 01:00:00,0.0
2024-12-19 02:00:00,0.0
2024-12-19 03:00:00,0.0
2024-12-19 04:00:00,0.0
2024-12-19 05:00:00,0.0
2024-12-19 06:00:00,0.0
2024-12-19 07:00:00,223.25
2024-12-19 08:00:00,471.2
2024-12-19 09:00:00,679.3
2024-12-19 10:00:00,824.12
2024-12-19 11:00:00,895.83
2024-12-19 12:00:00,889.55
2024-12-19 13:00:00,805.67
2024-12-19 14:00:00,649.95
2024-12-19 15:00:00,432.98
2024-12-19 16:00:00,170.73
2024-12-19 17:00:00,0.0
2024-12-19 18:00:00,0.0
2024-12-19 19:00:00,0.0
2024-12-19 20:00:00,0.0
2024-12-19 21:00:00,0.0
2024-12-19 22:00:00,0.0
2024-12-19 23:00:00,0.0
2024-12-20 00:00:00,0.0
2024-12-20 01:00:00,0.0
2024-12-20 02:00:00,0.0
2024-12-20 03:00:00,0.0
2024-12-20 04:00:00,0.0
2024-12-20 05:00:00,0.0
2024-12-20 06:00:00,0.0
2024-12-20 07:00:00,220.18
2024-12-20 08:00:00,469.12
2024-12-20 09:00:00,677.7
2024-12-20 10:00:00,823.12
2024-12-20 11:00:00,895.5
2024-12-20 12:00:00,889.85
2024-12-20 13:00:00,806.62
2024-12-20 14:00:00,651.42
2024-12-20 15:00:00,434.88
2024-12-20 16:00:00,173.15
2024-12-20 17:00:00,0.0
2024-12-20 18:00:00,0.0
2024-12-20 19:00:00,0.0
2024-12-20 20:00:00,0.0
2024-12-20 21:00:00,0.0
2024-12-20 22:00:00,0.0
2024-12-20 23:00:00,0.0
2024-12-21 00:00:00,0.0
2024-12-21 01:00:00,0.0
2024-12-21 02:00:00,0.0
2024-12-21 03:00:00,0.0
2024-12-21 04:00:00,0.0
2024-12-21 05:00:00,0.0
2024-12-21 06:00:00,0.0
2024-12-21 07:00:00,217.23
2024-12-21 08:00:00,467.1
2024-12-21 09:00:00,676.12
2024-12-21 10:00:00,822.12
2024-12-21 11:00:00,895.12
2024-12-21 12:00:00,890.15
2024-12-21 13:00:00,807.53
2024-12-21 14:00:00,652.92
2024-12-21 15:00:00,436.83
2024-12-21 16:00:00,175.68
2024-12-21 17:00:00,0.0
2024-12-21 18:00:00,0.0
2024-12-21 19:00:00,0.0
2024-12-21 20:00:00,0.0
2024-12-21 21:00:00,0.0
2024-12-21 22:00:00,0.0
2024-12-21 23:00:00,0.0
2024-12-22 00:00:00,0.0
2024-12-22 01:00:00,0.0
2024-12-22 02:00:00,0.0
2024-12-22 03:00:00,0.0
2024-12-22 04:00:00,0.0
2024-12-22 05:00:00,0.0
2024-12-22 06:00:00,0.0
2024-12-22 07:00:00,214.38
2024-12-22 08:00:00,465.12
2024-12-22 09:00:00,674.65
2024-12-22 10:00:00,821.2
2024-12-22 11:00:00,894.83
2024-12-22 12:00:00,890.53
2024-12-22 13:00:00,808.55
2024-12-22 14:00:00,654.5
2024-12-22 15:00:00,438.88
2024-12-22 16:00:00,178.32
2024-12-22 17:00:00,0.0
2024-12-22 18:00:00,0.0
2024-12-22 19:00:00,0.0
2024-12-22 20:00:00,0.0
2024-12-22 21:00:00,0.0
2024-12-22 22:00:00,0.0
2024-12-22 23:00:00,0.0
2024-12-23 00:00:00,0.0
2024-12-23 01:00:00,0.0
2024-12-23 02:00:00,0.0
2024-12-23 03:00:00,0.0
2024-12-23 04:00:00,0.0
2024-12-23 05:00:00,0.0
2024-12-23 06:00:00,0.0
2024-12-23 07:00:00,211.7
2024-12-23 08:00:00,463.3
2024-12-23 09:00:00,673.28
2024-12-23 10:00:00,820.42
2024-12-23 11:00:00,894.67
2024-12-23 12:00:00,891.03
2024-12-23 13:00:00,809.67
2024-12-23 14:00:00,656.2
2024-12-23 15:00:00,441.02
2024-12-23 16:00:00,181.1
2024-12-23 17:00:00,0.0
2024-12-23 18:00:00,0.0
2024-12-23 19:00:00,0.0
2024-12-23 20:00:00,0.0
2024-12-23 21:00:00,0.0
2024-12-23 22:00:00,0.0
2024-12-23 23:00:00,0.0
2024-12-24 00:00:00,0.0
2024-12-24 01:00:00,0.0
2024-12-24 02:00:00,0.0
2024-12-24 03:00:00,0.0
2024-12-24 04:00:00,0.0
2024-12-24 05:00:00,0.0
2024-12-24 06:00:00,0.0
2024-12-24 07:00:00,209.1
2024-12-24 08:00:00,461.5
2024-12-24 09:00:00,671.95
2024-12-24 10:00:00,819.65
2024-12-24 11:00:00,894.55
2024-12-24 12:00:00,891.53
2024-12-24 13:00:00,810.83
2024-12-24 14:00:00,657.92
2024-12-24 15:00:00,443.25
2024-12-24 16:00:00,184.0
2024-12-24 17:00:00,0.0
2024-12-24 18:00:00,0.0
2024-12-24 19:00:00,0.0
2024-12-24 20:00:00,0.0
2024-12-24 21:00:00,0.0
2024-12-24 22:00:00,0.0
2024-12-24 23:00:00,0.0
2024-12-25 00:00:00,0.0
2024-12-25 01:00:00,0.0
2024-12-25 02:00:00,0.0
2024-12-25 03:00:00,0.0
2024-12-25 04:00:00,0.0
2024-12-25 05:00:00,0.0
2024-12-25 06:00:00,0.0
2024-12-25 07:00:00,206.73
2024-12-25 08:00:00,459.95
2024-12-25 09:00:00,670.92
2024-12-25 10:00:00,819.22
2024-12-25 11:00:00,894.78
2024-12-25 12:00:00,892.42
2024-12-25 13:00:00,812.33
2024-12-25 14:00:00,659.95
2024-12-25 15:00:00,445.67
2024-12-25 16:00:00,187.07
2024-12-25 17:00:00,0.0
2024-12-25 18:00:00,0.0
2024-12-25 19:00:00,0.0
2024-12-25 20:00:00,0.0
2024-12-25 21:00:00,0.0
2024-12-25 22:00:00,0.0
2024-12-25 23:00:00,0.0
2024-12-26 00:00:00,0.0
2024-12-26 01:00:00,0.0
2024-12-26 02:00:00,0.0
2024-12-26 03:00:00,0.0
2024-12-26 04:00:00,0.0
2024-12-26 05:00:00,0.0
2024-12-26 06:00:00,0.0
2024-12-26 07:00:00,204.52
2024-12-26 08:00:00,458.62
2024-12-26 09:00:00,670.15
2024-12-26 10:00:00,819.08
2024-12-26 11:00:00,895.3
2024-12-26 12:00:00,893.6
2024-12-26 13:00:00,814.12
2024-12-26 14:00:00,662.22
2024-12-26 15:00:00,448.3
2024-12-26 16:00:00,190.32
2024-12-26 17:00:00,0.0
2024-12-26 18:00:00,0.0
2024-12-26 19:00:00,0.0
2024-12-26 20:00:00,0.0
2024-12-26 21:00:00,0.0
2024-12-26 22:00:00,0.0
2024-12-26 23:00:00,0.0
2024-12-27 00:00:00,0.0
2024-12-27 01:00:00,0.0
2024-12-27 02:00:00,0.0
2024-12-27 03:00:00,0.0
2024-12-27 04:00:00,0.0
2024-12-27 05:00:00,0.0
2024-12-27 06:00:00,0.0
2024-12-27 07:00:00,202.45
2024-12-27 08:00:00,457.35
2024-12-27 09:00:00,669.42
2024-12-27 10:00:00,819.0
2024-12-27 11:00:00,895.88
2024-12-27 12:00:00,894.83
2024-12-27 13:00:00,815.92
2024-12-27 14:00:00,664.55
2024-12-27 15:00:00,450.98
2024-12-27 16:00:00,193.68
2024-12-27 17:00:00,0.0
2024-12-27 18:00:00,0.0
2024-12-27 19:00:00,0.0
2024-12-27 20:00:00,0.0
2024-12-27 21:00:00,0.0
2024-12-27 22:00:00,0.0
2024-12-27 23:00:00,0.0
2024-12-28 00:00:00,0.0
2024-12-28 01:00:00,0.0
2024-12-28 02:00:00,0.0
2024-12-28 03:00:00,0.0
2024-12-28 04:00:00,0.0
2024-12-28 05:00:00,0.0
2024-12-28 06:00:00,0.0
2024-12-28 07:00:00,200.55
2024-12-28 08:00:00,456.25
2024-12-28 09:00:00,668.92
2024-12-28 10:00:00,819.15
2024-12-28 11:00:00,896.72
2024-12-28 12:00:00,896.33
2024-12-28 13:00:00,818.0
2024-12-28 14:00:00,667.08
2024-12-28 15:00:00,453.83
2024-12-28 16:00:00,197.2
2024-12-28 17:00:00,0.0
2024-12-28 18:00:00,0.0
2024-12-28 19:00:00,0.0
2024-12-28 20:00:00,0.0
2024-12-28 21:00:00,0.0
2024-12-28 22:00:00,0.0
2024-12-28 23:00:00,0.0
2024-12-29 00:00:00,0.0
2024-12-29 01:00:00,0.0
2024-12-29 02:00:00,0.0
2024-12-29 03:00:00,0.0
2024-12-29 04:00:00,0.0
2024-12-29 05:00:00,0.0
2024-12-29 06:00:00,0.0
2024-12-29 07:00:00,198.77
2024-12-29 08:00:00,455.27
2024-12-29 09:00:00,668.55
2024-12-29 10:00:00,819.45
2024-12-29 11:00:00,897.67
2024-12-29 12:00:00,897.92
2024-12-29 13:00:00,820.17
2024-12-29 14:00:00,669.7
2024-12-29 15:00:00,456.77
2024-12-29 16:00:00,200.85
2024-12-29 17:00:00,0.0
2024-12-29 18:00:00,0.0
2024-12-29 19:00:00,0.0
2024-12-29 20:00:00,0.0
2024-12-29 21:00:00,0.0
2024-12-29 22:00:00,0.0
2024-12-29 23:00:00,0.0
2024-12-30 00:00:00,0.0
2024-12-30 01:00:00,0.0
2024-12-30 02:00:00,0.0
2024-12-30 03:00:00,0.0
2024-12-30 04:00:00,0.0
2024-12-30 05:00:00,0.0
2024-12-30 06:00:00,0.0
2024-12-30 07:00:00,197.15
2024-12-30 08:00:00,454.45
2024-12-30 09:00:00,668.33
2024-12-30 10:00:00,819.9
2024-12-30 11:00:00,898.8
2024-12-30 12:00:00,899.7
2024-12-30 13:00:00,822.5
2024-12-30 14:00:00,672.47
2024-12-30 15:00:00,459.85
2024-12-30 16:00:00,204.62
2024-12-30 17:00:00,0.0
2024-12-30 18:00:00,0.0
2024-12-30 19:00:00,0.0
2024-12-30 20:00:00,0.0
2024-12-30 21:00:00,0.0
2024-12-30 22:00:00,0.0
2024-12-30 23:00:00,0.0
2024-12-31 00:00:00,0.0
2024-12-31 01:00:00,0.0
2024-12-31 02:00:00,0.0
2024-12-31 03:00:00,0.0
2024-12-31 04:00:00,0.0
2024-12-31 05:00:00,0.0
2024-12-31 06:00:00,0.0
2024-12-31 07:00:00,195.65
2024-12-31 08:00:00,453.7
2024-12-31 09:00:00,668.17
2024-12-31 10:00:00,820.38
2024-12-31 11:00:00,899.95
2024-12-31 12:00:00,901.47
2024-12-31 13:00:00,824.85
2024-12-31 14:00:00,675.28
2024-12-31 15:00:00,462.95
2024-12-31 16:00:00,208.52
2024-12-31 17:00:00,0.0
2024-12-31 18:00:00,0.0
2024-12-31 19:00:00,0.0
2024-12-31 20:00:00,0.0
2024-12-31 21:00:00,0.0
2024-12-31 22:00:00,0.0
2024-12-31 23:00:00,0.0
2025-01-01 00:00:00,0.0
2025-01-01 01:00:00,0.0
2025-01-01 02:00:00,0.0
2025-01-01 03:00:00,0.0
2025-01-01 04:00:00,0.0
2025-01-01 05:00:00,0.0
2025-01-01 06:00:00,0.0
2025-01-01 07:00:00,194.27
2025-01-01 08:00:00,453.0
2025-01-01 09:00:00,668.05
2025-01-01 10:00:00,820.88
2025-01-01 11:00:00,901.1
2025-01-01 12:00:00,903.25
2025-01-01 13:00:00,827.17
2025-01-01 14:00:00,678.08
2025-01-01 15:00:00,466.08
2025-01-01 16:00:00,212.52
2025-01-01 17:00:00,0.0
2025-01-01 18:00:00,0.0
2025-01-01 19:00:00,0.0
2025-01-01 20:00:00,0.0
2025-01-01 21:00:00,0.0
2025-01-01 22:00:00,0.0
2025-01-01 23:00:00,0.0
2025-01-02 00:00:00,0.0
2025-01-02 01:00:00,0.0
2025-01-02 02:00:00,0.0
2025-01-02 03:00:00,0.0
2025-01-02 04:00:00,0.0
2025-01-02 05:00:00,0.0
2025-01-02 06:00:00,0.0
2025-01-02 07:00:00,193.05
2025-01-02 08:00:00,452.42
2025-01-02 09:00:00,668.03
2025-01-02 10:00:00,821.5
2025-01-02 11:00:00,902.38
2025-01-02 12:00:00,905.15
2025-01-02 13:00:00,829.65
2025-01-02 14:00:00,680.97
2025-01-02 15:00:00,469.3
2025-01-02 16:00:00,216.62
2025-01-02 17:00:00,0.0
2025-01-02 18:00:00,0.0
2025-01-02 19:00:00,0.0
2025-01-02 20:00:00,0.0
2025-01-02 21:00:00,0.0
2025-01-02 22:00:00,0.0
2025-01-02 23:00:00,0.0
2025-01-03 00:00:00,0.0
2025-01-03 01:00:00,0.0
2025-01-03 02:00:00,0.0
2025-01-03 03:00:00,0.0
2025-01-03 04:00:00,0.0
2025-01-03 05:00:00,0.0
2025-01-03 06:00:00,0.0
2025-01-03 07:00:00,191.95
2025-01-03 08:00:00,452.0
2025-01-03 09:00:00,668.2
2025-01-03 10:00:00,822.3
2025-01-03 11:00:00,903.83
2025-01-03 12:00:00,907.2
2025-01-03 13:00:00,832.25
2025-01-03 14:00:00,684.0
2025-01-03 15:00:00,472.62
2025-01-03 16:00:00,220.9
2025-01-03 17:00:00,0.0
2025-01-03 18:00:00,0.0
2025-01-03 19:00:00,0.0
2025-01-03 20:00:00,0.0
2025-01-03 21:00:00,0.0
2025-01-03 22:00:00,0.0
2025-01-03 23:00:00,0.0
2025-01-04 00:00:00,0.0
2025-01-04 01:00:00,0.0
2025-01-04 02:00:00,0.0
2025-01-04 03:00:00,0.0
2025-01-04 04:00:00,0.0
2025-01-04 05:00:00,0.0
2025-01-04 06:00:00,0.0
2025-01-04 07:00:00,191.02
2025-01-04 08:00:00,451.73
2025-01-04 09:00:00,668.5
2025-01-04 10:00:00,823.25
2025-01-04 11:00:00,905.42
2025-01-04 12:00:00,909.42
2025-01-04 13:00:00,834.97
2025-01-04 14:00:00,687.17
2025-01-04 15:00:00,476.05
2025-01-04 16:00:00,225.27
2025-01-04 17:00:00,0.0
2025-01-04 18:00:00,0.0
2025-01-04 19:00:00,0.0
2025-01-04 20:00:00,0.0
2025-01-04 21:00:00,0.0
2025-01-04 22:00:00,0.0
2025-01-04 23:00:00,0.0
2025-01-05 00:00:00,0.0
2025-01-05 01:00:00,0.0
2025-01-05 02:00:00,0.0
2025-01-05 03:00:00,0.0
2025-01-05 04:00:00,0.0
2025-01-05 05:00:00,0.0
2025-01-05 06:00:00,0.0
2025-01-05 07:00:00,190.23
2025-01-05 08:00:00,451.58
2025-01-05 09:00:00,668.92
2025-01-05 10:00:00,824.33
2025-01-05 11:00:00,907.12
2025-01-05 12:00:00,911.72
2025-01-05 13:00:00,837.8
2025-01-05 14:00:00,690.4
2025-01-05 15:00:00,479.52
2025-01-05 16:00:00,229.8
2025-01-05 17:00:00,0.0
2025-01-05 18:00:00,0.0
2025-01-05 19:00:00,0.0
2025-01-05 20:00:00,0.0
2025-01-05 21:00:00,0.0
2025-01-05 22:00:00,0.0
2025-01-05 23:00:00,0.0
2025-01-06 00:00:00,0.0
2025-01-06 01:00:00,0.0
2025-01-06 02:00:00,0.0
2025-01-06 03:00:00,0.0
2025-01-06 04:00:00,0.0
2025-01-06 05:00:00,0.0
2025-01-06 06:00:00,0.0
2025-01-06 07:00:00,189.57
2025-01-06 08:00:00,451.55
2025-01-06 09:00:00,669.53
2025-01-06 10:00:00,825.53
2025-01-06 11:00:00,908.97
2025-01-06 12:00:00,914.17
2025-01-06 13:00:00,840.78
2025-01-06 14:00:00,693.75
2025-01-06 15:00:00,483.12
2025-01-06 16:00:00,234.43
2025-01-06 17:00:00,0.0
2025-01-06 18:00:00,0.0
2025-01-06 19:00:00,0.0
2025-01-06 20:00:00,0.0
2025-01-06 21:00:00,0.0
2025-01-06 22:00:00,0.0
2025-01-06 23:00:00,0.0
2025-01-07 00:00:00,0.0
2025-01-07 01:00:00,0.0
2025-01-07 02:00:00,0.0
2025-01-07 03:00:00,0.0
2025-01-07 04:00:00,0.0
2025-01-07 05:00:00,0.0
2025-01-07 06:00:00,0.0
2025-01-07 07:00:00,189.07
2025-01-07 08:00:00,451.67
2025-01-07 09:00:00,670.22
2025-01-07 10:00:00,826.88
2025-01-07 11:00:00,910.97
2025-01-07 12:00:00,916.75
2025-01-07 13:00:00,843.83
2025-01-07 14:00:00,697.17
2025-01-07 15:00:00,486.77
2025-01-07 16:00:00,239.18
2025-01-07 17:00:00,0.0
2025-01-07 18:00:00,0.0
2025-01-07 19:00:00,0.0
2025-01-07 20:00:00,0.0
2025-01-07 21:00:00,0.0
2025-01-07 22:00:00,0.0
2025-01-07 23:00:00,0.0
2025-01-08 00:00:00,0.0
2025-01-08 01:00:00,0.0
2025-01-08 02:00:00,0.0
2025-01-08 03:00:00,0.0
2025-01-08 04:00:00,0.0
2025-01-08 05:00:00,0.0
2025-01-08 06:00:00,0.0
2025-01-08 07:00:00,188.73
2025-01-08 08:00:00,451.92
2025-01-08 09:00:00,671.08
2025-01-08 10:00:00,828.38
2025-01-08 11:00:00,913.08
2025-01-08 12:00:00,919.42
2025-01-08 13:00:00,847.0
2025-01-08 14:00:00,700.7
2025-01-08 15:00:00,490.5
2025-01-08 16:00:00,244.05
2025-01-08 17:00:00,0.0
2025-01-08 18:00:00,0.0
2025-01-08 19:00:00,0.0
2025-01-08 20:00:00,0.0
2025-01-08 21:00:00,0.0
2025-01-08 22:00:00,0.0
2025-01-08 23:00:00,0.0
2025-01-09 00:00:00,0.0
2025-01-09 01:00:00,0.0
2025-01-09 02:00:00,0.0
2025-01-09 03:00:00,0.0
2025-01-09 04:00:00,0.0
2025-01-09 05:00:00,0.0
2025-01-09 06:00:00,0.0
2025-01-09 07:00:00,188.52
2025-01-09 08:00:00,452.3
2025-01-09 09:00:00,672.05
2025-01-09 10:00:00,829.97
2025-01-09 11:00:00,915.3
2025-01-09 12:00:00,922.22
2025-01-09 13:00:00,850.25
2025-01-09 14:00:00,704.3
2025-01-09 15:00:00,494.3
2025-01-09 16:00:00,234.57
2025-01-09 17:00:00,14.48
2025-01-09 18:00:00,0.0
2025-01-09 19:00:00,0.0
2025-01-09 20:00:00,0.0
2025-01-09 21:00:00,0.0
2025-01-09 22:00:00,0.0
2025-01-09 23:00:00,0.0
2025-01-10 00:00:00,0.0
2025-01-10 01:00:00,0.0
2025-01-10 02:00:00,0.0
2025-01-10 03:00:00,0.0
2025-01-10 04:00:00,0.0
2025-01-10 05:00:00,0.0
2025-01-10 06:00:00,0.0
2025-01-10 07:00:00,188.48
2025-01-10 08:00:00,452.8
2025-01-10 09:00:00,673.17
2025-01-10 10:00:00,831.72
2025-01-10 11:00:00,917.65
2025-01-10 12:00:00,925.12
2025-01-10 13:00:00,853.6
2025-01-10 14:00:00,708.0
2025-01-10 15:00:00,498.17
2025-01-10 16:00:00,238.45
2025-01-10 17:00:00,15.68
2025-01-10 18:00:00,0.0
2025-01-10 19:00:00,0.0
2025-01-10 20:00:00,0.0
2025-01-10 21:00:00,0.0
2025-01-10 22:00:00,0.0
2025-01-10 23:00:00,0.0
2025-01-11 00:00:00,0.0
2025-01-11 01:00:00,0.0
2025-01-11 02:00:00,0.0
2025-01-11 03:00:00,0.0
2025-01-11 04:00:00,0.0
2025-01-11 05:00:00,0.0
2025-01-11 06:00:00,0.0
2025-01-11 07:00:00,188.55
2025-01-11 08:00:00,453.45
2025-01-11 09:00:00,674.4
2025-01-11 10:00:00,833.58
2025-01-11 11:00:00,920.1
2025-01-11 12:00:00,928.12
2025-01-11 13:00:00,857.05
2025-01-11 14:00:00,711.75
2025-01-11 15:00:00,502.1
2025-01-11 16:00:00,242.4
2025-01-11 17:00:00,16.98
2025-01-11 18:00:00,0.0
2025-01-11 19:00:00,0.0
2025-01-11 20:00:00,0.0
2025-01-11 21:00:00,0.0
2025-01-11 22:00:00,0.0
2025-01-11 23:00:00,0.0
2025-01-12 00:00:00,0.0
2025-01-12 01:00:00,0.0
2025-01-12 02:00:00,0.0
2025-01-12 03:00:00,0.0
2025-01-12 04:00:00,0.0
2025-01-12 05:00:00,0.0
2025-01-12 06:00:00,0.0
2025-01-12 07:00:00,188.8
2025-01-12 08:00:00,454.23
2025-01-12 09:00:00,675.78
2025-01-12 10:00:00,835.55
2025-01-12 11:00:00,922.67
2025-01-12 12:00:00,931.22
2025-01-12 13:00:00,860.58
2025-01-12 14:00:00,715.58
2025-01-12 15:00:00,506.1
2025-01-12 16:00:00,246.38
2025-01-12 17:00:00,18.3
2025-01-12 18:00:00,0.0
2025-01-12 19:00:00,0.0
2025-01-12 20:00:00,0.0
2025-01-12 21:00:00,0.0
2025-01-12 22:00:00,0.0
2025-01-12 23:00:00,0.0
2025-01-13 00:00:00,0.0
2025-01-13 01:00:00,0.0
2025-01-13 02:00:00,0.0
2025-01-13 03:00:00,0.0
2025-01-13 04:00:00,0.0
2025-01-13 05:00:00,0.0
2025-01-13 06:00:00,0.0
2025-01-13 07:00:00,189.18
2025-01-13 08:00:00,455.12
2025-01-13 09:00:00,677.28
2025-01-13 10:00:00,837.65
2025-01-13 11:00:00,925.35
2025-01-13 12:00:00,934.42
2025-01-13 13:00:00,864.2
2025-01-13 14:00:00,719.47
2025-01-13 15:00:00,510.12
2025-01-13 16:00:00,250.4
2025-01-13 17:00:00,19.7
2025-01-13 18:00:00,0.0
2025-01-13 19:00:00,0.0
2025-01-13 20:00:00,0.0
2025-01-13 21:00:00,0.0
2025-01-13 22:00:00,0.0
2025-01-13 23:00:00,0.0
2025-01-14 00:00:00,0.0
2025-01-14 01:00:00,0.0
2025-01-14 02:00:00,0.0
2025-01-14 03:00:00,0.0
2025-01-14 04:00:00,0.0
2025-01-14 05:00:00,0.0
2025-01-14 06:00:00,0.0
2025-01-14 07:00:00,189.7
2025-01-14 08:00:00,456.15
2025-01-14 09:00:00,678.88
2025-01-14 10:00:00,839.85
2025-01-14 11:00:00,928.12
2025-01-14 12:00:00,937.7
2025-01-14 13:00:00,867.88
2025-01-14 14:00:00,723.45
2025-01-14 15:00:00,514.22
2025-01-14 16:00:00,254.48
2025-01-14 17:00:00,21.17
2025-01-14 18:00:00,0.0
2025-01-14 19:00:00,0.0
2025-01-14 20:00:00,0.0
2025-01-14 21:00:00,0.0
2025-01-14 22:00:00,0.0
2025-01-14 23:00:00,0.0
2025-01-15 00:00:00,0.0
2025-01-15 01:00:00,0.0
2025-01-15 02:00:00,0.0
2025-01-15 03:00:00,0.0
2025-01-15 04:00:00,0.0
2025-01-15 05:00:00,0.0
2025-01-15 06:00:00,0.0
2025-01-15 07:00:00,190.38
2025-01-15 08:00:00,457.3
2025-01-15 09:00:00,680.6
2025-01-15 10:00:00,842.17
2025-01-15 11:00:00,931.0
2025-01-15 12:00:00,941.05
2025-01-15 13:00:00,871.62
2025-01-15 14:00:00,727.45
2025-01-15 15:00:00,518.35
2025-01-15 16:00:00,258.55
2025-01-15 17:00:00,22.67
2025-01-15 18:00:00,0.0
2025-01-15 19:00:00,0.0
2025-01-15 20:00:00,0.0
2025-01-15 21:00:00,0.0
2025-01-15 22:00:00,0.0
2025-01-15 23:00:00,0.0
2025-01-16 00:00:00,0.0
2025-01-16 01:00:00,0.0
2025-01-16 02:00:00,0.0
2025-01-16 03:00:00,0.0
2025-01-16 04:00:00,0.0
2025-01-16 05:00:00,0.0
2025-01-16 06:00:00,0.0
2025-01-16 07:00:00,191.15
2025-01-16 08:00:00,458.45
2025-01-16 09:00:00,682.25
2025-01-16 10:00:00,844.35
2025-01-16 11:00:00,933.7
2025-01-16 12:00:00,944.22
2025-01-16 13:00:00,875.2
2025-01-16 14:00:00,731.33
2025-01-16 15:00:00,522.38
2025-01-16 16:00:00,262.6
2025-01-16 17:00:00,24.27
2025-01-16 18:00:00,0.0
2025-01-16 19:00:00,0.0
2025-01-16 20:00:00,0.0
2025-01-16 21:00:00,0.0
2025-01-16 22:00:00,0.0
2025-01-16 23:00:00,0.0
2025-01-17 00:00:00,0.0
2025-01-17 01:00:00,0.0
2025-01-17 02:00:00,0.0
2025-01-17 03:00:00,0.0
2025-01-17 04:00:00,0.0
2025-01-17 05:00:00,0.0
2025-01-17 06:00:00,0.0
2025-01-17 07:00:00,192.02
2025-01-17 08:00:00,459.65
2025-01-17 09:00:00,683.9
2025-01-17 10:00:00,846.5
2025-01-17 11:00:00,936.35
2025-01-17 12:00:00,947.33
2025-01-17 13:00:00,878.67
2025-01-17 14:00:00,735.1
2025-01-17 15:00:00,526.35
2025-01-17 16:00:00,266.65
2025-01-17 17:00:00,25.9
2025-01-17 18:00:00,0.0
2025-01-17 19:00:00,0.0
2025-01-17 20:00:00,0.0
2025-01-17 21:00:00,0.0
2025-01-17 22:00:00,0.0
2025-01-17 23:00:00,0.0
2025-01-18 00:00:00,0.0
2025-01-18 01:00:00,0.0
2025-01-18 02:00:00,0.0
2025-01-18 03:00:00,0.0
2025-01-18 04:00:00,0.0
2025-01-18 05:00:00,0.0
2025-01-18 06:00:00,0.0
2025-01-18 07:00:00,193.12
2025-01-18 08:00:00,461.12
2025-01-18 09:00:00,685.92
2025-01-18 10:00:00,849.05
2025-01-18 11:00:00,939.4
2025-01-18 12:00:00,950.83
2025-01-18 13:00:00,882.55
2025-01-18 14:00:00,739.2
2025-01-18 15:00:00,530.55
2025-01-18 16:00:00,270.8
2025-01-18 17:00:00,27.6
2025-01-18 18:00:00,0.0
2025-01-18 19:00:00,0.0
2025-01-18 20:00:00,0.0
2025-01-18 21:00:00,0.0
2025-01-18 22:00:00,0.0
2025-01-18 23:00:00,0.0
2025-01-19 00:00:00,0.0
2025-01-19 01:00:00,0.0
2025-01-19 02:00:00,0.0
2025-01-19 03:00:00,0.0
2025-01-19 04:00:00,0.0
2025-01-19 05:00:00,0.0
2025-01-19 06:00:00,0.0
2025-01-19 07:00:00,194.4
2025-01-19 08:00:00,462.77
2025-01-19 09:00:00,688.12
2025-01-19 10:00:00,851.8
2025-01-19 11:00:00,942.65
2025-01-19 12:00:00,954.5
2025-01-19 13:00:00,886.55
2025-01-19 14:00:00,743.4
2025-01-19 15:00:00,534.83
2025-01-19 16:00:00,275.0
2025-01-19 17:00:00,29.38
2025-01-19 18:00:00,0.0
2025-01-19 19:00:00,0.0
2025-01-19 20:00:00,0.0
2025-01-19 21:00:00,0.0
2025-01-19 22:00:00,0.0
2025-01-19 23:00:00,0.0
2025-01-20 00:00:00,0.0
2025-01-20 01:00:00,0.0
2025-01-20 02:00:00,0.0
2025-01-20 03:00:00,0.0
2025-01-20 04:00:00,0.0
2025-01-20 05:00:00,0.0
2025-01-20 06:00:00,0.0
2025-01-20 07:00:00,195.85
2025-01-20 08:00:00,464.62
2025-01-20 09:00:00,690.5
2025-01-20 10:00:00,854.72
2025-01-20 11:00:00,946.1
2025-01-20 12:00:00,958.38
2025-01-20 13:00:00,890.7
2025-01-20 14:00:00,747.72
2025-01-20 15:00:00,539.17
2025-01-20 16:00:00,279.25
2025-01-20 17:00:00,31.2
2025-01-20 18:00:00,0.0
2025-01-20 19:00:00,0.0
2025-01-20 20:00:00,0.0
2025-01-20 21:00:00,0.0
2025-01-20 22:00:00,0.0
2025-01-20 23:00:00,0.0
2025-01-21 00:00:00,0.0
2025-01-21 01:00:00,0.0
2025-01-21 02:00:00,0.0
2025-01-21 03:00:00,0.0
2025-01-21 04:00:00,0.0
2025-01-21 05:00:00,0.0
2025-01-21 06:00:00,0.0
2025-01-21 07:00:00,197.48
2025-01-21 08:00:00,466.62
2025-01-21 09:00:00,693.1
2025-01-21 10:00:00,857.9
2025-01-21 11:00:00,949.75
2025-01-21 12:00:00,962.42
2025-01-21 13:00:00,895.05
2025-01-21 14:00:00,752.22
2025-01-21 15:00:00,543.65
2025-01-21 16:00:00,283.55
2025-01-21 17:00:00,33.1
2025-01-21 18:00:00,0.0
2025-01-21 19:00:00,0.0
2025-01-21 20:00:00,0.0
2025-01-21 21:00:00,0.0
2025-01-21 22:00:00,0.0
2025-01-21 23:00:00,0.0
2025-01-22 00:00:00,0.0
2025-01-22 01:00:00,0.0
2025-01-22 02:00:00,0.0
2025-01-22 03:00:00,0.0
2025-01-22 04:00:00,0.0
2025-01-22 05:00:00,0.0
2025-01-22 06:00:00,0.0
2025-01-22 07:00:00,199.27
2025-01-22 08:00:00,468.83
2025-01-22 09:00:00,695.92
2025-01-22 10:00:00,861.28
2025-01-22 11:00:00,953.62
2025-01-22 12:00:00,966.67
2025-01-22 13:00:00,899.58
2025-01-22 14:00:00,756.83
2025-01-22 15:00:00,548.2
2025-01-22 16:00:00,287.9
2025-01-22 17:00:00,35.05
2025-01-22 18:00:00,0.0
2025-01-22 19:00:00,0.0
2025-01-22 20:00:00,0.0
2025-01-22 21:00:00,0.0
2025-01-22 22:00:00,0.0
2025-01-22 23:00:00,0.0
2025-01-23 00:00:00,0.0
2025-01-23 01:00:00,0.0
2025-01-23 02:00:00,0.0
2025-01-23 03:00:00,0.0
2025-01-23 04:00:00,0.0
2025-01-23 05:00:00,0.0
2025-01-23 06:00:00,0.0
2025-01-23 07:00:00,201.25
2025-01-23 08:00:00,471.15
2025-01-23 09:00:00,698.83
2025-01-23 10:00:00,864.72
2025-01-23 11:00:00,957.55
2025-01-23 12:00:00,971.0
2025-01-23 13:00:00,904.12
2025-01-23 14:00:00,761.47
2025-01-23 15:00:00,552.8
2025-01-23 16:00:00,292.27
2025-01-23 17:00:00,37.08
2025-01-23 18:00:00,0.0
2025-01-23 19:00:00,0.0
2025-01-23 20:00:00,0.0
2025-01-23 21:00:00,0.0
2025-01-23 22:00:00,0.0
2025-01-23 23:00:00,0.0
2025-01-24 00:00:00,0.0
2025-01-24 01:00:00,0.0
2025-01-24 02:00:00,0.0
2025-01-24 03:00:00,0.0
2025-01-24 04:00:00,0.0
2025-01-24 05:00:00,0.0
2025-01-24 06:00:00,0.0
2025-01-24 07:00:00,203.38
2025-01-24 08:00:00,473.6
2025-01-24 09:00:00,701.88
2025-01-24 10:00:00,868.3
2025-01-24 11:00:00,961.6
2025-01-24 12:00:00,975.4
2025-01-24 13:00:00,908.75
2025-01-24 14:00:00,766.17
2025-01-24 15:00:00,557.42
2025-01-24 16:00:00,296.67
2025-01-24 17:00:00,39.15
2025-01-24 18:00:00,0.0
2025-01-24 19:00:00,0.0
2025-01-24 20:00:00,0.0
2025-01-24 21:00:00,0.0
2025-01-24 22:00:00,0.0
2025-01-24 23:00:00,0.0
2025-01-25 00:00:00,0.0
2025-01-25 01:00:00,0.0
2025-01-25 02:00:00,0.0
2025-01-25 03:00:00,0.0
2025-01-25 04:00:00,0.0
2025-01-25 05:00:00,0.0
2025-01-25 06:00:00,0.0
2025-01-25 07:00:00,205.62
2025-01-25 08:00:00,476.15
2025-01-25 09:00:00,704.95
2025-01-25 10:00:00,871.9
2025-01-25 11:00:00,965.65
2025-01-25 12:00:00,979.78
2025-01-25 13:00:00,913.33
2025-01-25 14:00:00,770.83
2025-01-25 15:00:00,562.0
2025-01-25 16:00:00,301.05
2025-01-25 17:00:00,41.25
2025-01-25 18:00:00,0.0
2025-01-25 19:00:00,0.0
2025-01-25 20:00:00,0.0
2025-01-25 21:00:00,0.0
2025-01-25 22:00:00,0.0
2025-01-25 23:00:00,0.0
2025-01-26 00:00:00,0.0
2025-01-26 01:00:00,0.0
2025-01-26 02:00:00,0.0
2025-01-26 03:00:00,0.0
2025-01-26 04:00:00,0.0
2025-01-26 05:00:00,0.0
2025-01-26 06:00:00,0.0
2025-01-26 07:00:00,208.02
2025-01-26 08:00:00,478.75
2025-01-26 09:00:00,708.05
2025-01-26 10:00:00,875.5
2025-01-26 11:00:00,969.65
2025-01-26 12:00:00,984.1
2025-01-26 13:00:00,917.85
2025-01-26 14:00:00,775.42
2025-01-26 15:00:00,566.53
2025-01-26 16:00:00,305.38
2025-01-26 17:00:00,43.42
2025-01-26 18:00:00,0.0
2025-01-26 19:00:00,0.0
2025-01-26 20:00:00,0.0
2025-01-26 21:00:00,0.0
2025-01-26 22:00:00,0.0
2025-01-26 23:00:00,0.0
2025-01-27 00:00:00,0.0
2025-01-27 01:00:00,0.0
2025-01-27 02:00:00,0.0
2025-01-27 03:00:00,0.0
2025-01-27 04:00:00,0.0
2025-01-27 05:00:00,0.0
2025-01-27 06:00:00,0.0
2025-01-27 07:00:00,210.57
2025-01-27 08:00:00,481.4
2025-01-27 09:00:00,711.2
2025-01-27 10:00:00,879.1
2025-01-27 11:00:00,973.62
2025-01-27 12:00:00,988.38
2025-01-27 13:00:00,922.33
2025-01-27 14:00:00,779.97
2025-01-27 15:00:00,571.03
2025-01-27 16:00:00,309.7
2025-01-27 17:00:00,45.65
2025-01-27 18:00:00,0.0
2025-01-27 19:00:00,0.0
2025-01-27 20:00:00,0.0
2025-01-27 21:00:00,0.0
2025-01-27 22:00:00,0.0
2025-01-27 23:00:00,0.0
2025-01-28 00:00:00,0.0
2025-01-28 01:00:00,0.0
2025-01-28 02:00:00,0.0
2025-01-28 03:00:00,0.0
2025-01-28 04:00:00,0.0
2025-01-28 05:00:00,0.0
2025-01-28 06:00:00,0.0
2025-01-28 07:00:00,213.27
2025-01-28 08:00:00,484.23
2025-01-28 09:00:00,714.47
2025-01-28 10:00:00,882.8
2025-01-28 11:00:00,977.72
2025-01-28 12:00:00,992.75
2025-01-28 13:00:00,926.88
2025-01-28 14:00:00,784.58
2025-01-28 15:00:00,575.55
2025-01-28 16:00:00,314.02
2025-01-28 17:00:00,47.92
2025-01-28 18:00:00,0.0
2025-01-28 19:00:00,0.0
2025-01-28 20:00:00,0.0
2025-01-28 21:00:00,0.0
2025-01-28 22:00:00,0.0
2025-01-28 23:00:00,0.0
2025-01-29 00:00:00,0.0
2025-01-29 01:00:00,0.0
2025-01-29 02:00:00,0.0
2025-01-29 03:00:00,0.0
2025-01-29 04:00:00,0.0
2025-01-29 05:00:00,0.0
2025-01-29 06:00:00,0.0
2025-01-29 07:00:00,216.12
2025-01-29 08:00:00,487.05
2025-01-29 09:00:00,717.75
2025-01-29 10:00:00,886.47
2025-01-29 11:00:00,981.75
2025-01-29 12:00:00,997.03
2025-01-29 13:00:00,931.33
2025-01-29 14:00:00,789.08
2025-01-29 15:00:00,580.0
2025-01-29 16:00:00,318.3
2025-01-29 17:00:00,50.22
2025-01-29 18:00:00,0.0
2025-01-29 19:00:00,0.0
2025-01-29 20:00:00,0.0
2025-01-29 21:00:00,0.0
2025-01-29 22:00:00,0.0
2025-01-29 23:00:00,0.0
2025-01-30 00:00:00,0.0
2025-01-30 01:00:00,0.0
2025-01-30 02:00:00,0.0
2025-01-30 03:00:00,0.0
2025-01-30 04:00:00,0.0
2025-01-30 05:00:00,0.0
2025-01-30 06:00:00,0.0
2025-01-30 07:00:00,219.12
2025-01-30 08:00:00,490.05
2025-01-30 09:00:00,721.17
2025-01-30 10:00:00,890.28
2025-01-30 11:00:00,985.88
2025-01-30 12:00:00,1001.4
2025-01-30 13:00:00,935.83
2025-01-30 14:00:00,793.62
2025-01-30 15:00:00,584.45
2025-01-30 16:00:00,322.6
2025-01-30 17:00:00,52.6
2025-01-30 18:00:00,0.0
2025-01-30 19:00:00,0.0
2025-01-30 20:00:00,0.0
2025-01-30 21:00:00,0.0
2025-01-30 22:00:00,0.0
2025-01-30 23:00:00,0.0
2025-01-31 00:00:00,0.0
2025-01-31 01:00:00,0.0
2025-01-31 02:00:00,0.0
2025-01-31 03:00:00,0.0
2025-01-31 04:00:00,0.0
2025-01-31 05:00:00,0.0
2025-01-31 06:00:00,0.0
2025-01-31 07:00:00,222.27
2025-01-31 08:00:00,493.08
2025-01-31 09:00:00,724.6
2025-01-31 10:00:00,894.08
2025-01-31 11:00:00,989.95
2025-01-31 12:00:00,1005.72
2025-01-31 13:00:00,940.28
2025-01-31 14:00:00,798.1
2025-01-31 15:00:00,588.88
2025-01-31 16:00:00,326.85
2025-01-31 17:00:00,55.0
2025-01-31 18:00:00,0.0
2025-01-31 19:00:00,0.0
2025-01-31 20:00:00,0.0
2025-01-31 21:00:00,0.0
2025-01-31 22:00:00,0.0
2025-01-31 23:00:00,0.0
2025-02-01 00:00:00,0.0
2025-02-01 01:00:00,0.0
2025-02-01 02:00:00,0.0
2025-02-01 03:00:00,0.0
2025-02-01 04:00:00,0.0
2025-02-01 05:00:00,0.0
2025-02-01 06:00:00,0.0
2025-02-01 07:00:00,225.62
2025-02-01 08:00:00,496.27
2025-02-01 09:00:00,728.2
2025-02-01 10:00:00,898.03
2025-02-01 11:00:00,994.2
2025-02-01 12:00:00,1010.17
2025-02-01 13:00:00,944.85
2025-02-01 14:00:00,802.67
2025-02-01 15:00:00,593.33
2025-02-01 16:00:00,331.08
2025-02-01 17:00:00,57.45
2025-02-01 18:00:00,0.0
2025-02-01 19:00:00,0.0
2025-02-01 20:00:00,0.0
2025-02-01 21:00:00,0.0
2025-02-01 22:00:00,0.0
2025-02-01 23:00:00,0.0
2025-02-02 00:00:00,0.0
2025-02-02 01:00:00,0.0
2025-02-02 02:00:00,0.0
2025-02-02 03:00:00,0.0
2025-02-02 04:00:00,0.0
2025-02-02 05:00:00,0.0
2025-02-02 06:00:00,0.0
2025-02-02 07:00:00,229.07
2025-02-02 08:00:00,499.45
2025-02-02 09:00:00,731.7
2025-02-02 10:00:00,901.83
2025-02-02 11:00:00,998.25
2025-02-02 12:00:00,1014.4
2025-02-02 13:00:00,949.17
2025-02-02 14:00:00,807.03
2025-02-02 15:00:00,597.65
2025-02-02 16:00:00,335.27
2025-02-02 17:00:00,59.92
2025-02-02 18:00:00,0.0
2025-02-02 19:00:00,0.0
2025-02-02 20:00:00,0.0
2025-02-02 21:00:00,0.0
2025-02-02 22:00:00,0.0
2025-02-02 23:00:00,0.0
2025-02-03 00:00:00,0.0
2025-02-03 01:00:00,0.0
2025-02-03 02:00:00,0.0
2025-02-03 03:00:00,0.0
2025-02-03 04:00:00,0.0
2025-02-03 05:00:00,0.0
2025-02-03 06:00:00,0.0
2025-02-03 07:00:00,232.75
2025-02-03 08:00:00,502.85
2025-02-03 09:00:00,735.42
2025-02-03 10:00:00,905.88
2025-02-03 11:00:00,1002.55
2025-02-03 12:00:00,1018.88
2025-02-03 13:00:00,953.72
2025-02-03 14:00:00,811.58
2025-02-03 15:00:00,602.08
2025-02-03 16:00:00,339.5
2025-02-03 17:00:00,62.45
2025-02-03 18:00:00,0.0
2025-02-03 19:00:00,0.0
2025-02-03 20:00:00,0.0
2025-02-03 21:00:00,0.0
2025-02-03 22:00:00,0.0
2025-02-03 23:00:00,0.0
2025-02-04 00:00:00,0.0
2025-02-04 01:00:00,0.0
2025-02-04 02:00:00,0.0
2025-02-04 03:00:00,0.0
2025-02-04 04:00:00,0.0
2025-02-04 05:00:00,0.0
2025-02-04 06:00:00,0.0
2025-02-04 07:00:00,236.6
2025-02-04 08:00:00,506.4
2025-02-04 09:00:00,739.35
2025-02-04 10:00:00,910.12
2025-02-04 11:00:00,1007.05
2025-02-04 12:00:00,1023.53
2025-02-04 13:00:00,958.42
2025-02-04 14:00:00,816.22
2025-02-04 15:00:00,606.55
2025-02-04 16:00:00,343.75
2025-02-04 17:00:00,65.0
2025-02-04 18:00:00,0.0
2025-02-04 19:00:00,0.0
2025-02-04 20:00:00,0.0
2025-02-04 21:00:00,0.0
2025-02-04 22:00:00,0.0
2025-02-04 23:00:00,0.0
2025-02-05 00:00:00,0.0
2025-02-05 01:00:00,0.0
2025-02-05 02:00:00,0.0
2025-02-05 03:00:00,0.0
2025-02-05 04:00:00,0.0
2025-02-05 05:00:00,0.0
2025-02-05 06:00:00,0.0
2025-02-05 07:00:00,240.68
2025-02-05 08:00:00,510.17
2025-02-05 09:00:00,743.53
2025-02-05 10:00:00,914.62
2025-02-05 11:00:00,1011.8
2025-02-05 12:00:00,1028.43
2025-02-05 13:00:00,963.35
2025-02-05 14:00:00,821.05
2025-02-05 15:00:00,611.17
2025-02-05 16:00:00,348.05
2025-02-05 17:00:00,67.62
2025-02-05 18:00:00,0.0
2025-02-05 19:00:00,0.0
2025-02-05 20:00:00,0.0
2025-02-05 21:00:00,0.0
2025-02-05 22:00:00,0.0
2025-02-05 23:00:00,0.0
2025-02-06 00:00:00,0.0
2025-02-06 01:00:00,0.0
2025-02-06 02:00:00,0.0
2025-02-06 03:00:00,0.0
2025-02-06 04:00:00,0.0
2025-02-06 05:00:00,0.0
2025-02-06 06:00:00,0.0
2025-02-06 07:00:00,244.98
2025-02-06 08:00:00,514.1
2025-02-06 09:00:00,747.9
2025-02-06 10:00:00,919.33
2025-02-06 11:00:00,1016.72
2025-02-06 12:00:00,1033.47
2025-02-06 13:00:00,968.4
2025-02-06 14:00:00,825.97
2025-02-06 15:00:00,615.85
2025-02-06 16:00:00,352.38
2025-02-06 17:00:00,70.28
2025-02-06 18:00:00,0.0
2025-02-06 19:00:00,0.0
2025-02-06 20:00:00,0.0
2025-02-06 21:00:00,0.0
2025-02-06 22:00:00,0.0
2025-02-06 23:00:00,0.0
2025-02-07 00:00:00,0.0
2025-02-07 01:00:00,0.0
2025-02-07 02:00:00,0.0
2025-02-07 03:00:00,0.0
2025-02-07 04:00:00,0.0
2025-02-07 05:00:00,0.0
2025-02-07 06:00:00,0.0
2025-02-07 07:00:00,249.4
2025-02-07 08:00:00,518.03
2025-02-07 09:00:00,752.17
2025-02-07 10:00:00,923.9
2025-02-07 11:00:00,1021.5
2025-02-07 12:00:00,1038.35
2025-02-07 13:00:00,973.28
2025-02-07 14:00:00,830.72
2025-02-07 15:00:00,620.4
2025-02-07 16:00:00,356.62
2025-02-07 17:00:00,72.97
2025-02-07 18:00:00,0.0
2025-02-07 19:00:00,0.0
2025-02-07 20:00:00,0.0
2025-02-07 21:00:00,0.0
2025-02-07 22:00:00,0.0
2025-02-07 23:00:00,0.0
2025-02-08 00:00:00,0.0
2025-02-08 01:00:00,0.0
2025-02-08 02:00:00,0.0
2025-02-08 03:00:00,0.0
2025-02-08 04:00:00,0.0
2025-02-08 05:00:00,0.0
2025-02-08 06:00:00,0.0
2025-02-08 07:00:00,253.95
2025-02-08 08:00:00,522.0
2025-02-08 09:00:00,756.47
2025-02-08 10:00:00,928.45
2025-02-08 11:00:00,1026.22
2025-02-08 12:00:00,1043.15
2025-02-08 13:00:00,978.05
2025-02-08 14:00:00,835.38
2025-02-08 15:00:00,624.85
2025-02-08 16:00:00,360.83
2025-02-08 17:00:00,75.68
2025-02-08 18:00:00,0.0
2025-02-08 19:00:00,0.0
2025-02-08 20:00:00,0.0
2025-02-08 21:00:00,0.0
2025-02-08 22:00:00,0.0
2025-02-08 23:00:00,0.0
2025-02-09 00:00:00,0.0
2025-02-09 01:00:00,0.0
2025-02-09 02:00:00,0.0
2025-02-09 03:00:00,0.0
2025-02-09 04:00:00,0.0
2025-02-09 05:00:00,0.0
2025-02-09 06:00:00,0.0
2025-02-09 07:00:00,258.65
2025-02-09 08:00:00,526.03
2025-02-09 09:00:00,760.75
2025-02-09 10:00:00,932.95
2025-02-09 11:00:00,1030.88
2025-02-09 12:00:00,1047.85
2025-02-09 13:00:00,982.72
2025-02-09 14:00:00,839.95
2025-02-09 15:00:00,629.22
2025-02-09 16:00:00,364.92
2025-02-09 17:00:00,78.4
2025-02-09 18:00:00,0.0
2025-02-09 19:00:00,0.0
2025-02-09 20:00:00,0.0
2025-02-09 21:00:00,0.0
2025-02-09 22:00:00,0.0
2025-02-09 23:00:00,0.0
2025-02-10 00:00:00,0.0
2025-02-10 01:00:00,0.0
2025-02-10 02:00:00,0.0
2025-02-10 03:00:00,0.0
2025-02-10 04:00:00,0.0
2025-02-10 05:00:00,0.0
2025-02-10 06:00:00,15.02
2025-02-10 07:00:00,248.55
2025-02-10 08:00:00,530.17
2025-02-10 09:00:00,765.17
2025-02-10 10:00:00,937.6
2025-02-10 11:00:00,1035.65
2025-02-10 12:00:00,1052.68
2025-02-10 13:00:00,987.53
2025-02-10 14:00:00,844.58
2025-02-10 15:00:00,633.65
2025-02-10 16:00:00,369.08
2025-02-10 17:00:00,81.15
2025-02-10 18:00:00,0.0
2025-02-10 19:00:00,0.0
2025-02-10 20:00:00,0.0
2025-02-10 21:00:00,0.0
2025-02-10 22:00:00,0.0
2025-02-10 23:00:00,0.0
2025-02-11 00:00:00,0.0
2025-02-11 01:00:00,0.0
2025-02-11 02:00:00,0.0
2025-02-11 03:00:00,0.0
2025-02-11 04:00:00,0.0
2025-02-11 05:00:00,0.0
2025-02-11 06:00:00,16.17
2025-02-11 07:00:00,252.48
2025-02-11 08:00:00,534.38
2025-02-11 09:00:00,769.67
2025-02-11 10:00:00,942.28
2025-02-11 11:00:00,1040.45
2025-02-11 12:00:00,1057.5
2025-02-11 13:00:00,992.25
2025-02-11 14:00:00,849.17
2025-02-11 15:00:00,638.03
2025-02-11 16:00:00,373.17
2025-02-11 17:00:00,83.93
2025-02-11 18:00:00,0.0
2025-02-11 19:00:00,0.0
2025-02-11 20:00:00,0.0
2025-02-11 21:00:00,0.0
2025-02-11 22:00:00,0.0
2025-02-11 23:00:00,0.0
2025-02-12 00:00:00,0.0
2025-02-12 01:00:00,0.0
2025-02-12 02:00:00,0.0
2025-02-12 03:00:00,0.0
2025-02-12 04:00:00,0.0
2025-02-12 05:00:00,0.0
2025-02-12 06:00:00,17.42
2025-02-12 07:00:00,256.45
2025-02-12 08:00:00,538.65
2025-02-12 09:00:00,774.15
2025-02-12 10:00:00,946.92
2025-02-12 11:00:00,1045.18
2025-02-12 12:00:00,1062.22
2025-02-12 13:00:00,996.92
2025-02-12 14:00:00,853.7
2025-02-12 15:00:00,642.33
2025-02-12 16:00:00,377.2
2025-02-12 17:00:00,86.72
2025-02-12 18:00:00,0.0
2025-02-12 19:00:00,0.0
2025-02-12 20:00:00,0.0
2025-02-12 21:00:00,0.0
2025-02-12 22:00:00,0.0
2025-02-12 23:00:00,0.0
2025-02-13 00:00:00,0.0
2025-02-13 01:00:00,0.0
2025-02-13 02:00:00,0.0
2025-02-13 03:00:00,0.0
2025-02-13 04:00:00,0.0
2025-02-13 05:00:00,0.0
2025-02-13 06:00:00,18.75
2025-02-13 07:00:00,260.55
2025-02-13 08:00:00,543.0
2025-02-13 09:00:00,778.72
2025-02-13 10:00:00,951.62
2025-02-13 11:00:00,1049.95
2025-02-13 12:00:00,1067.0
2025-02-13 13:00:00,1001.6
2025-02-13 14:00:00,858.2
2025-02-13 15:00:00,646.6
2025-02-13 16:00:00,381.2
2025-02-13 17:00:00,89.55
2025-02-13 18:00:00,0.0
2025-02-13 19:00:00,0.0
2025-02-13 20:00:00,0.0
2025-02-13 21:00:00,0.0
2025-02-13 22:00:00,0.0
2025-02-13 23:00:00,0.0
2025-02-14 00:00:00,0.0
2025-02-14 01:00:00,0.0
2025-02-14 02:00:00,0.0
2025-02-14 03:00:00,0.0
2025-02-14 04:00:00,0.0
2025-02-14 05:00:00,0.0
2025-02-14 06:00:00,20.15
2025-02-14 07:00:00,264.75
2025-02-14 08:00:00,547.47
2025-02-14 09:00:00,783.4
2025-02-14 10:00:00,956.45
2025-02-14 11:00:00,1054.82
2025-02-14 12:00:00,1071.85
2025-02-14 13:00:00,1006.33
2025-02-14 14:00:00,862.75
2025-02-14 15:00:00,650.9
2025-02-14 16:00:00,385.23
2025-02-14 17:00:00,92.38
2025-02-14 18:00:00,0.0
2025-02-14 19:00:00,0.0
2025-02-14 20:00:00,0.0
2025-02-14 21:00:00,0.0
2025-02-14 22:00:00,0.0
2025-02-14 23:00:00,0.0
2025-02-15 00:00:00,0.0
2025-02-15 01:00:00,0.0
2025-02-15 02:00:00,0.0
2025-02-15 03:00:00,0.0
2025-02-15 04:00:00,0.0
2025-02-15 05:00:00,0.0
2025-02-15 06:00:00,21.62
2025-02-15 07:00:00,269.08
2025-02-15 08:00:00,552.05
2025-02-15 09:00:00,788.17
2025-02-15 10:00:00,961.35
2025-02-15 11:00:00,1059.78
2025-02-15 12:00:00,1076.75
2025-02-15 13:00:00,1011.1
2025-02-15 14:00:00,867.33
2025-02-15 15:00:00,655.2
2025-02-15 16:00:00,389.2
2025-02-15 17:00:00,95.25
2025-02-15 18:00:00,0.0
2025-02-15 19:00:00,0.0
2025-02-15 20:00:00,0.0
2025-02-15 21:00:00,0.0
2025-02-15 22:00:00,0.0
2025-02-15 23:00:00,0.0
2025-02-16 00:00:00,0.0
2025-02-16 01:00:00,0.0
2025-02-16 02:00:00,0.0
2025-02-16 03:00:00,0.0
2025-02-16 04:00:00,0.0
2025-02-16 05:00:00,0.0
2025-02-16 06:00:00,23.23
2025-02-16 07:00:00,273.45
2025-02-16 08:00:00,556.7
2025-02-16 09:00:00,793.0
2025-02-16 10:00:00,966.28
2025-02-16 11:00:00,1064.72
2025-02-16 12:00:00,1081.62
2025-02-16 13:00:00,1015.85
2025-02-16 14:00:00,871.85
2025-02-16 15:00:00,659.45
2025-02-16 16:00:00,393.15
2025-02-16 17:00:00,98.12
2025-02-16 18:00:00,0.0
2025-02-16 19:00:00,0.0
2025-02-16 20:00:00,0.0
2025-02-16 21:00:00,0.0
2025-02-16 22:00:00,0.0
2025-02-16 23:00:00,0.0
2025-02-17 00:00:00,0.0
2025-02-17 01:00:00,0.0
2025-02-17 02:00:00,0.0
2025-02-17 03:00:00,0.0
2025-02-17 04:00:00,0.0
2025-02-17 05:00:00,0.0
2025-02-17 06:00:00,24.9
2025-02-17 07:00:00,277.92
2025-02-17 08:00:00,561.38
2025-02-17 09:00:00,797.85
2025-02-17 10:00:00,971.2
2025-02-17 11:00:00,1069.65
2025-02-17 12:00:00,1086.47
2025-02-17 13:00:00,1020.53
2025-02-17 14:00:00,876.3
2025-02-17 15:00:00,663.65
2025-02-17 16:00:00,397.05
2025-02-17 17:00:00,101.0
2025-02-17 18:00:00,0.0
2025-02-17 19:00:00,0.0
2025-02-17 20:00:00,0.0
2025-02-17 21:00:00,0.0
2025-02-17 22:00:00,0.0
2025-02-17 23:00:00,0.0
2025-02-18 00:00:00,0.0
2025-02-18 01:00:00,0.0
2025-02-18 02:00:00,0.0
2025-02-18 03:00:00,0.0
2025-02-18 04:00:00,0.0
2025-02-18 05:00:00,0.0
2025-02-18 06:00:00,26.65
2025-02-18 07:00:00,282.45
2025-02-18 08:00:00,566.08
2025-02-18 09:00:00,802.65
2025-02-18 10:00:00,976.05
2025-02-18 11:00:00,1074.45
2025-02-18 12:00:00,1091.18
2025-02-18 13:00:00,1025.07
2025-02-18 14:00:00,880.65
2025-02-18 15:00:00,667.75
2025-02-18 16:00:00,400.88
2025-02-18 17:00:00,103.88
2025-02-18 18:00:00,0.0
2025-02-18 19:00:00,0.0
2025-02-18 20:00:00,0.0
2025-02-18 21:00:00,0.0
2025-02-18 22:00:00,0.0
2025-02-18 23:00:00,0.0
2025-02-19 00:00:00,0.0
2025-02-19 01:00:00,0.0
2025-02-19 02:00:00,0.0
2025-02-19 03:00:00,0.0
2025-02-19 04:00:00,0.0
2025-02-19 05:00:00,0.0
2025-02-19 06:00:00,28.5
2025-02-19 07:00:00,287.05
2025-02-19 08:00:00,570.85
2025-02-19 09:00:00,807.5
2025-02-19 10:00:00,980.92
2025-02-19 11:00:00,1079.3
2025-02-19 12:00:00,1095.9
2025-02-19 13:00:00,1029.62
2025-02-19 14:00:00,884.97
2025-02-19 15:00:00,671.8
2025-02-19 16:00:00,404.67
2025-02-19 17:00:00,106.78
2025-02-19 18:00:00,0.0
2025-02-19 19:00:00,0.0
2025-02-19 20:00:00,0.0
2025-02-19 21:00:00,0.0
2025-02-19 22:00:00,0.0
2025-02-19 23:00:00,0.0
2025-02-20 00:00:00,0.0
2025-02-20 01:00:00,0.0
2025-02-20 02:00:00,0.0
2025-02-20 03:00:00,0.0
2025-02-20 04:00:00,0.0
2025-02-20 05:00:00,0.0
2025-02-20 06:00:00,30.48
2025-02-20 07:00:00,291.73
2025-02-20 08:00:00,575.62
2025-02-20 09:00:00,812.38
2025-02-20 10:00:00,985.8
2025-02-20 11:00:00,1084.1
2025-02-20 12:00:00,1100.57
2025-02-20 13:00:00,1034.1
2025-02-20 14:00:00,889.2
2025-02-20 15:00:00,675.8
2025-02-20 16:00:00,408.4
2025-02-20 17:00:00,109.68
2025-02-20 18:00:00,0.0
2025-02-20 19:00:00,0.0
2025-02-20 20:00:00,0.0
2025-02-20 21:00:00,0.0
2025-02-20 22:00:00,0.0
2025-02-20 23:00:00,0.0
2025-02-21 00:00:00,0.0
2025-02-21 01:00:00,0.0
2025-02-21 02:00:00,0.0
2025-02-21 03:00:00,0.0
2025-02-21 04:00:00,0.0
2025-02-21 05:00:00,0.0
2025-02-21 06:00:00,32.53
2025-02-21 07:00:00,296.45
2025-02-21 08:00:00,580.47
2025-02-21 09:00:00,817.25
2025-02-21 10:00:00,990.65
2025-02-21 11:00:00,1088.88
2025-02-21 12:00:00,1105.2
2025-02-21 13:00:00,1038.53
2025-02-21 14:00:00,893.4
2025-02-21 15:00:00,679.72
2025-02-21 16:00:00,412.08
2025-02-21 17:00:00,112.57
2025-02-21 18:00:00,0.0
2025-02-21 19:00:00,0.0
2025-02-21 20:00:00,0.0
2025-02-21 21:00:00,0.0
2025-02-21 22:00:00,0.0
2025-02-21 23:00:00,0.0
2025-02-22 00:00:00,0.0
2025-02-22 01:00:00,0.0
2025-02-22 02:00:00,0.0
2025-02-22 03:00:00,0.0
2025-02-22 04:00:00,0.0
2025-02-22 05:00:00,0.0
2025-02-22 06:00:00,34.67
2025-02-22 07:00:00,301.27
2025-02-22 08:00:00,585.4
2025-02-22 09:00:00,822.22
2025-02-22 10:00:00,995.6
2025-02-22 11:00:00,1093.7
2025-02-22 12:00:00,1109.85
2025-02-22 13:00:00,1042.97
2025-02-22 14:00:00,897.6
2025-02-22 15:00:00,683.67
2025-02-22 16:00:00,415.75
2025-02-22 17:00:00,115.5
2025-02-22 18:00:00,0.0
2025-02-22 19:00:00,0.0
2025-02-22 20:00:00,0.0
2025-02-22 21:00:00,0.0
2025-02-22 22:00:00,0.0
2025-02-22 23:00:00,0.0
2025-02-23 00:00:00,0.0
2025-02-23 01:00:00,0.0
2025-02-23 02:00:00,0.0
2025-02-23 03:00:00,0.0
2025-02-23 04:00:00,0.0
2025-02-23 05:00:00,0.0
2025-02-23 06:00:00,36.95
2025-02-23 07:00:00,306.23
2025-02-23 08:00:00,590.5
2025-02-23 09:00:00,827.4
2025-02-23 10:00:00,1000.78
2025-02-23 11:00:00,1098.78
2025-02-23 12:00:00,1114.75
2025-02-23 13:00:00,1047.62
2025-02-23 14:00:00,901.97
2025-02-23 15:00:00,687.7
2025-02-23 16:00:00,419.48
2025-02-23 17:00:00,118.45
2025-02-23 18:00:00,0.0
2025-02-23 19:00:00,0.0
2025-02-23 20:00:00,0.0
2025-02-23 21:00:00,0.0
2025-02-23 22:00:00,0.0
2025-02-23 23:00:00,0.0
2025-02-24 00:00:00,0.0
2025-02-24 01:00:00,0.0
2025-02-24 02:00:00,0.0
2025-02-24 03:00:00,0.0
2025-02-24 04:00:00,0.0
2025-02-24 05:00:00,0.0
2025-02-24 06:00:00,39.33
2025-02-24 07:00:00,311.23
2025-02-24 08:00:00,595.65
2025-02-24 09:00:00,832.6
2025-02-24 10:00:00,1005.9
2025-02-24 11:00:00,1103.8
2025-02-24 12:00:00,1119.6
2025-02-24 13:00:00,1052.22
2025-02-24 14:00:00,906.28
2025-02-24 15:00:00,691.7
2025-02-24 16:00:00,423.12
2025-02-24 17:00:00,121.4
2025-02-24 18:00:00,0.0
2025-02-24 19:00:00,0.0
2025-02-24 20:00:00,0.0
2025-02-24 21:00:00,0.0
2025-02-24 22:00:00,0.0
2025-02-24 23:00:00,0.0
2025-02-25 00:00:00,0.0
2025-02-25 01:00:00,0.0
2025-02-25 02:00:00,0.0
2025-02-25 03:00:00,0.0
2025-02-25 04:00:00,0.0
2025-02-25 05:00:00,0.0
2025-02-25 06:00:00,41.83
2025-02-25 07:00:00,316.3
2025-02-25 08:00:00,600.85
2025-02-25 09:00:00,837.83
2025-02-25 10:00:00,1011.1
2025-02-25 11:00:00,1108.85
2025-02-25 12:00:00,1124.45
2025-02-25 13:00:00,1056.8
2025-02-25 14:00:00,910.55
2025-02-25 15:00:00,695.65
2025-02-25 16:00:00,426.75
2025-02-25 17:00:00,124.35
2025-02-25 18:00:00,0.0
2025-02-25 19:00:00,0.0
2025-02-25 20:00:00,0.0
2025-02-25 21:00:00,0.0
2025-02-25 22:00:00,0.0
2025-02-25 23:00:00,0.0
2025-02-26 00:00:00,0.0
2025-02-26 01:00:00,0.0
2025-02-26 02:00:00,0.0
2025-02-26 03:00:00,0.0
2025-02-26 04:00:00,0.0
2025-02-26 05:00:00,0.0
2025-02-26 06:00:00,44.42
2025-02-26 07:00:00,321.48
2025-02-26 08:00:00,606.12
2025-02-26 09:00:00,843.15
2025-02-26 10:00:00,1016.35
2025-02-26 11:00:00,1113.97
2025-02-26 12:00:00,1129.35
2025-02-26 13:00:00,1061.43
2025-02-26 14:00:00,914.85
2025-02-26 15:00:00,699.6
2025-02-26 16:00:00,430.38
2025-02-26 17:00:00,127.3
2025-02-26 18:00:00,0.0
2025-02-26 19:00:00,0.0
2025-02-26 20:00:00,0.0
2025-02-26 21:00:00,0.0
2025-02-26 22:00:00,0.0
2025-02-26 23:00:00,0.0
2025-02-27 00:00:00,0.0
2025-02-27 01:00:00,0.0
2025-02-27 02:00:00,0.0
2025-02-27 03:00:00,0.0
2025-02-27 04:00:00,0.0
2025-02-27 05:00:00,0.0
2025-02-27 06:00:00,47.15
2025-02-27 07:00:00,326.58
2025-02-27 08:00:00,611.25
2025-02-27 09:00:00,848.22
2025-02-27 10:00:00,1021.3
2025-02-27 11:00:00,1118.72
2025-02-27 12:00:00,1133.85
2025-02-27 13:00:00,1065.68
2025-02-27 14:00:00,918.8
2025-02-27 15:00:00,703.3
2025-02-27 16:00:00,433.83
2025-02-27 17:00:00,130.23
2025-02-27 18:00:00,0.0
2025-02-27 19:00:00,0.0
2025-02-27 20:00:00,0.0
2025-02-27 21:00:00,0.0
2025-02-27 22:00:00,0.0
2025-02-27 23:00:00,0.0
2025-02-28 00:00:00,0.0
2025-02-28 01:00:00,0.0
2025-02-28 02:00:00,0.0
2025-02-28 03:00:00,0.0
2025-02-28 04:00:00,0.0
2025-02-28 05:00:00,0.0
2025-02-28 06:00:00,49.95
2025-02-28 07:00:00,331.73
2025-02-28 08:00:00,616.38
2025-02-28 09:00:00,853.22
2025-02-28 10:00:00,1026.15
2025-02-28 11:00:00,1123.38
2025-02-28 12:00:00,1138.25
2025-02-28 13:00:00,1069.78
2025-02-28 14:00:00,922.65
2025-02-28 15:00:00,706.88
2025-02-28 16:00:00,437.2
2025-02-28 17:00:00,133.15
2025-02-28 18:00:00,0.0
2025-02-28 19:00:00,0.0
2025-02-28 20:00:00,0.0
2025-02-28 21:00:00,0.0
2025-02-28 22:00:00,0.0
2025-02-28 23:00:00,0.0
2025-03-01 00:00:00,0.0
2025-03-01 01:00:00,0.0
2025-03-01 02:00:00,0.0
2025-03-01 03:00:00,0.0
2025-03-01 04:00:00,0.0
2025-03-01 05:00:00,0.0
2025-03-01 06:00:00,52.9
2025-03-01 07:00:00,336.9
2025-03-01 08:00:00,621.53
2025-03-01 09:00:00,858.28
2025-03-01 10:00:00,1031.03
2025-03-01 11:00:00,1128.0
2025-03-01 12:00:00,1142.62
2025-03-01 13:00:00,1073.88
2025-03-01 14:00:00,926.47
2025-03-01 15:00:00,710.42
2025-03-01 16:00:00,440.52
2025-03-01 17:00:00,136.05
2025-03-01 18:00:00,0.0
2025-03-01 19:00:00,0.0
2025-03-01 20:00:00,0.0
2025-03-01 21:00:00,0.0
2025-03-01 22:00:00,0.0
2025-03-01 23:00:00,0.0
2025-03-02 00:00:00,0.0
2025-03-02 01:00:00,0.0
2025-03-02 02:00:00,0.0
2025-03-02 03:00:00,0.0
2025-03-02 04:00:00,0.0
2025-03-02 05:00:00,0.0
2025-03-02 06:00:00,55.95
2025-03-02 07:00:00,342.17
2025-03-02 08:00:00,626.78
2025-03-02 09:00:00,863.42
2025-03-02 10:00:00,1036.0
2025-03-02 11:00:00,1132.75
2025-03-02 12:00:00,1147.07
2025-03-02 13:00:00,1078.05
2025-03-02 14:00:00,930.33
2025-03-02 15:00:00,714.0
2025-03-02 16:00:00,443.85
2025-03-02 17:00:00,138.98
2025-03-02 18:00:00,0.0
2025-03-02 19:00:00,0.0
2025-03-02 20:00:00,0.0
2025-03-02 21:00:00,0.0
2025-03-02 22:00:00,0.0
2025-03-02 23:00:00,0.0
2025-03-03 00:00:00,0.0
2025-03-03 01:00:00,0.0
2025-03-03 02:00:00,0.0
2025-03-03 03:00:00,0.0
2025-03-03 04:00:00,0.0
2025-03-03 05:00:00,0.0
2025-03-03 06:00:00,59.1
2025-03-03 07:00:00,347.5
2025-03-03 08:00:00,632.05
2025-03-03 09:00:00,868.55
2025-03-03 10:00:00,1040.95
2025-03-03 11:00:00,1137.45
2025-03-03 12:00:00,1151.5
2025-03-03 13:00:00,1082.15
2025-03-03 14:00:00,934.12
2025-03-03 15:00:00,717.53
2025-03-03 16:00:00,447.12
2025-03-03 17:00:00,141.9
2025-03-03 18:00:00,0.0
2025-03-03 19:00:00,0.0
2025-03-03 20:00:00,0.0
2025-03-03 21:00:00,0.0
2025-03-03 22:00:00,0.0
2025-03-03 23:00:00,0.0
2025-03-04 00:00:00,0.0
2025-03-04 01:00:00,0.0
2025-03-04 02:00:00,0.0
2025-03-04 03:00:00,0.0
2025-03-04 04:00:00,0.0
2025-03-04 05:00:00,0.0
2025-03-04 06:00:00,62.4
2025-03-04 07:00:00,352.85
2025-03-04 08:00:00,637.33
2025-03-04 09:00:00,873.7
2025-03-04 10:00:00,1045.88
2025-03-04 11:00:00,1142.12
2025-03-04 12:00:00,1155.88
2025-03-04 13:00:00,1086.2
2025-03-04 14:00:00,937.88
2025-03-04 15:00:00,721.0
2025-03-04 16:00:00,450.38
2025-03-04 17:00:00,144.8
2025-03-04 18:00:00,0.0
2025-03-04 19:00:00,0.0
2025-03-04 20:00:00,0.0
2025-03-04 21:00:00,0.0
2025-03-04 22:00:00,0.0
2025-03-04 23:00:00,0.0
2025-03-05 00:00:00,0.0
2025-03-05 01:00:00,0.0
2025-03-05 02:00:00,0.0
2025-03-05 03:00:00,0.0
2025-03-05 04:00:00,0.0
2025-03-05 05:00:00,0.0
2025-03-05 06:00:00,65.8
2025-03-05 07:00:00,358.23
2025-03-05 08:00:00,642.62
2025-03-05 09:00:00,878.85
2025-03-05 10:00:00,1050.8
2025-03-05 11:00:00,1146.78
2025-03-05 12:00:00,1160.2
2025-03-05 13:00:00,1090.22
2025-03-05 14:00:00,941.58
2025-03-05 15:00:00,724.42
2025-03-05 16:00:00,453.58
2025-03-05 17:00:00,147.7
2025-03-05 18:00:00,0.0
2025-03-05 19:00:00,0.0
2025-03-05 20:00:00,0.0
2025-03-05 21:00:00,0.0
2025-03-05 22:00:00,0.0
2025-03-05 23:00:00,0.0
2025-03-06 00:00:00,0.0
2025-03-06 01:00:00,0.0
2025-03-06 02:00:00,0.0
2025-03-06 03:00:00,0.0
2025-03-06 04:00:00,0.0
2025-03-06 05:00:00,0.0
2025-03-06 06:00:00,69.32
2025-03-06 07:00:00,363.62
2025-03-06 08:00:00,647.92
2025-03-06 09:00:00,883.97
2025-03-06 10:00:00,1055.7
2025-03-06 11:00:00,1151.38
2025-03-06 12:00:00,1164.47
2025-03-06 13:00:00,1094.18
2025-03-06 14:00:00,945.22
2025-03-06 15:00:00,727.78
2025-03-06 16:00:00,456.7
2025-03-06 17:00:00,150.62
2025-03-06 18:00:00,0.0
2025-03-06 19:00:00,0.0
2025-03-06 20:00:00,0.0
2025-03-06 21:00:00,0.0
2025-03-06 22:00:00,0.0
2025-03-06 23:00:00,0.0
2025-03-07 00:00:00,0.0
2025-03-07 01:00:00,0.0
2025-03-07 02:00:00,0.0
2025-03-07 03:00:00,0.0
2025-03-07 04:00:00,0.0
2025-03-07 05:00:00,0.0
2025-03-07 06:00:00,72.97
2025-03-07 07:00:00,369.05
2025-03-07 08:00:00,653.22
2025-03-07 09:00:00,889.08
2025-03-07 10:00:00,1060.53
2025-03-07 11:00:00,1155.9
2025-03-07 12:00:00,1168.68
2025-03-07 13:00:00,1098.03
2025-03-07 14:00:00,948.78
2025-03-07 15:00:00,731.08
2025-03-07 16:00:00,459.8
2025-03-07 17:00:00,153.5
2025-03-07 18:00:00,0.0
2025-03-07 19:00:00,0.0
2025-03-07 20:00:00,0.0
2025-03-07 21:00:00,0.0
2025-03-07 22:00:00,0.0
2025-03-07 23:00:00,0.0
2025-03-08 00:00:00,0.0
2025-03-08 01:00:00,0.0
2025-03-08 02:00:00,0.0
2025-03-08 03:00:00,0.0
2025-03-08 04:00:00,0.0
2025-03-08 05:00:00,0.0
2025-03-08 06:00:00,76.72
2025-03-08 07:00:00,374.5
2025-03-08 08:00:00,658.53
2025-03-08 09:00:00,894.15
2025-03-08 10:00:00,1065.32
2025-03-08 11:00:00,1160.35
2025-03-08 12:00:00,1172.8
2025-03-08 13:00:00,1101.82
2025-03-08 14:00:00,952.25
2025-03-08 15:00:00,734.3
2025-03-08 16:00:00,462.83
2025-03-08 17:00:00,156.38
2025-03-08 18:00:00,0.0
2025-03-08 19:00:00,0.0
2025-03-08 20:00:00,0.0
2025-03-08 21:00:00,0.0
2025-03-08 22:00:00,0.0
2025-03-08 23:00:00,0.0
2025-03-09 00:00:00,0.0
2025-03-09 01:00:00,0.0
2025-03-09 02:00:00,0.0
2025-03-09 03:00:00,0.0
2025-03-09 04:00:00,0.0
2025-03-09 05:00:00,0.0
2025-03-09 06:00:00,80.6
2025-03-09 07:00:00,379.98
2025-03-09 08:00:00,663.88
2025-03-09 09:00:00,899.28
2025-03-09 10:00:00,1070.15
2025-03-09 11:00:00,1164.85
2025-03-09 12:00:00,1176.95
2025-03-09 13:00:00,1105.62
2025-03-09 14:00:00,955.72
2025-03-09 15:00:00,737.53
2025-03-09 16:00:00,465.85
2025-03-09 17:00:00,159.27
2025-03-09 18:00:00,0.0
2025-03-09 19:00:00,0.0
2025-03-09 20:00:00,0.0
2025-03-09 21:00:00,0.0
2025-03-09 22:00:00,0.0
2025-03-09 23:00:00,0.0
2025-03-10 00:00:00,0.0
2025-03-10 01:00:00,0.0
2025-03-10 02:00:00,0.0
2025-03-10 03:00:00,0.0
2025-03-10 04:00:00,0.0
2025-03-10 05:00:00,0.0
2025-03-10 06:00:00,84.6
2025-03-10 07:00:00,385.5
2025-03-10 08:00:00,669.22
2025-03-10 09:00:00,904.38
2025-03-10 10:00:00,1074.95
2025-03-10 11:00:00,1169.32
2025-03-10 12:00:00,1181.07
2025-03-10 13:00:00,1109.38
2025-03-10 14:00:00,959.17
2025-03-10 15:00:00,740.7
2025-03-10 16:00:00,468.83
2025-03-10 17:00:00,162.15
2025-03-10 18:00:00,0.0
2025-03-10 19:00:00,0.0
2025-03-10 20:00:00,0.0
2025-03-10 21:00:00,0.0
2025-03-10 22:00:00,0.0
2025-03-10 23:00:00,0.0
2025-03-11 00:00:00,0.0
2025-03-11 01:00:00,0.0
2025-03-11 02:00:00,0.0
2025-03-11 03:00:00,0.0
2025-03-11 04:00:00,0.0
2025-03-11 05:00:00,0.0
2025-03-11 06:00:00,88.72
2025-03-11 07:00:00,391.0
2025-03-11 08:00:00,674.55
2025-03-11 09:00:00,909.47
2025-03-11 10:00:00,1079.72
2025-03-11 11:00:00,1173.75
2025-03-11 12:00:00,1185.12
2025-03-11 13:00:00,1113.1
2025-03-11 14:00:00,962.55
2025-03-11 15:00:00,743.83
2025-03-11 16:00:00,471.77
2025-03-11 17:00:00,165.02
2025-03-11 18:00:00,0.0
2025-03-11 19:00:00,0.0
2025-03-11 20:00:00,0.0
2025-03-11 21:00:00,0.0
2025-03-11 22:00:00,0.0
2025-03-11 23:00:00,0.0
2025-03-12 00:00:00,0.0
2025-03-12 01:00:00,0.0
2025-03-12 02:00:00,0.0
2025-03-12 03:00:00,0.0
2025-03-12 04:00:00,0.0
2025-03-12 05:00:00,0.0
2025-03-12 06:00:00,92.97
2025-03-12 07:00:00,396.52
2025-03-12 08:00:00,679.88
2025-03-12 09:00:00,914.5
2025-03-12 10:00:00,1084.43
2025-03-12 11:00:00,1178.07
2025-03-12 12:00:00,1189.07
2025-03-12 13:00:00,1116.7
2025-03-12 14:00:00,965.85
2025-03-12 15:00:00,746.85
2025-03-12 16:00:00,474.65
2025-03-12 17:00:00,167.9
2025-03-12 18:00:00,0.0
2025-03-12 19:00:00,0.0
2025-03-12 20:00:00,0.0
2025-03-12 21:00:00,0.0
2025-03-12 22:00:00,0.0
2025-03-12 23:00:00,0.0
2025-03-13 00:00:00,0.0
2025-03-13 01:00:00,0.0
2025-03-13 02:00:00,0.0
2025-03-13 03:00:00,0.0
2025-03-13 04:00:00,0.0
2025-03-13 05:00:00,0.0
2025-03-13 06:00:00,97.32
2025-03-13 07:00:00,402.05
2025-03-13 08:00:00,685.15
2025-03-13 09:00:00,919.47
2025-03-13 10:00:00,1089.05
2025-03-13 11:00:00,1182.32
2025-03-13 12:00:00,1192.95
2025-03-13 13:00:00,1120.2
2025-03-13 14:00:00,969.05
2025-03-13 15:00:00,749.83
2025-03-13 16:00:00,477.45
2025-03-13 17:00:00,170.75
2025-03-13 18:00:00,0.0
2025-03-13 19:00:00,0.0
2025-03-13 20:00:00,0.0
2025-03-13 21:00:00,0.0
2025-03-13 22:00:00,0.0
2025-03-13 23:00:00,0.0
2025-03-14 00:00:00,0.0
2025-03-14 01:00:00,0.0
2025-03-14 02:00:00,0.0
2025-03-14 03:00:00,0.0
2025-03-14 04:00:00,0.0
2025-03-14 05:00:00,0.0
2025-03-14 06:00:00,101.78
2025-03-14 07:00:00,407.58
2025-03-14 08:00:00,690.45
2025-03-14 09:00:00,924.47
2025-03-14 10:00:00,1093.7
2025-03-14 11:00:00,1186.57
2025-03-14 12:00:00,1196.8
2025-03-14 13:00:00,1123.7
2025-03-14 14:00:00,972.22
2025-03-14 15:00:00,752.78
2025-03-14 16:00:00,480.25
2025-03-14 17:00:00,173.6
2025-03-14 18:00:00,0.0
2025-03-14 19:00:00,0.0
2025-03-14 20:00:00,0.0
2025-03-14 21:00:00,0.0
2025-03-14 22:00:00,0.0
2025-03-14 23:00:00,0.0
2025-03-15 00:00:00,0.0
2025-03-15 01:00:00,0.0
2025-03-15 02:00:00,0.0
2025-03-15 03:00:00,0.0
2025-03-15 04:00:00,0.0
2025-03-15 05:00:00,0.0
2025-03-15 06:00:00,106.35
2025-03-15 07:00:00,413.12
2025-03-15 08:00:00,695.75
2025-03-15 09:00:00,929.45
2025-03-15 10:00:00,1098.28
2025-03-15 11:00:00,1190.78
2025-03-15 12:00:00,1200.6
2025-03-15 13:00:00,1127.12
2025-03-15 14:00:00,975.35
2025-03-15 15:00:00,755.65
2025-03-15 16:00:00,483.02
2025-03-15 17:00:00,176.43
2025-03-15 18:00:00,0.0
2025-03-15 19:00:00,0.0
2025-03-15 20:00:00,0.0
2025-03-15 21:00:00,0.0
2025-03-15 22:00:00,0.0
2025-03-15 23:00:00,0.0
2025-03-16 00:00:00,0.0
2025-03-16 01:00:00,0.0
2025-03-16 02:00:00,0.0
2025-03-16 03:00:00,0.0
2025-03-16 04:00:00,0.0
2025-03-16 05:00:00,0.0
2025-03-16 06:00:00,111.05
2025-03-16 07:00:00,418.65
2025-03-16 08:00:00,701.0
2025-03-16 09:00:00,934.38
2025-03-16 10:00:00,1102.82
2025-03-16 11:00:00,1194.9
2025-03-16 12:00:00,1204.32
2025-03-16 13:00:00,1130.5
2025-03-16 14:00:00,978.42
2025-03-16 15:00:00,758.5
2025-03-16 16:00:00,485.73
2025-03-16 17:00:00,179.27
2025-03-16 18:00:00,0.0
2025-03-16 19:00:00,0.0
2025-03-16 20:00:00,0.0
2025-03-16 21:00:00,0.0
2025-03-16 22:00:00,0.0
2025-03-16 23:00:00,0.0
2025-03-17 00:00:00,0.0
2025-03-17 01:00:00,0.0
2025-03-17 02:00:00,0.0
2025-03-17 03:00:00,0.0
2025-03-17 04:00:00,0.0
2025-03-17 05:00:00,0.0
2025-03-17 06:00:00,115.85
2025-03-17 07:00:00,424.1
2025-03-17 08:00:00,706.15
2025-03-17 09:00:00,939.12
2025-03-17 10:00:00,1107.15
2025-03-17 11:00:00,1198.8
2025-03-17 12:00:00,1207.82
2025-03-17 13:00:00,1133.65
2025-03-17 14:00:00,981.28
2025-03-17 15:00:00,761.17
2025-03-17 16:00:00,488.33
2025-03-17 17:00:00,182.07
2025-03-17 18:00:00,0.0
2025-03-17 19:00:00,0.0
2025-03-17 20:00:00,0.0
2025-03-17 21:00:00,0.0
2025-03-17 22:00:00,0.0
2025-03-17 23:00:00,0.0
2025-03-18 00:00:00,0.0
2025-03-18 01:00:00,0.0
2025-03-18 02:00:00,0.0
2025-03-18 03:00:00,0.0
2025-03-18 04:00:00,0.0
2025-03-18 05:00:00,0.0
2025-03-18 06:00:00,120.75
2025-03-18 07:00:00,429.65
2025-03-18 08:00:00,711.4
2025-03-18 09:00:00,944.0
2025-03-18 10:00:00,1111.65
2025-03-18 11:00:00,1202.88
2025-03-18 12:00:00,1211.5
2025-03-18 13:00:00,1136.93
2025-03-18 14:00:00,984.28
2025-03-18 15:00:00,763.95
2025-03-18 16:00:00,490.98
2025-03-18 17:00:00,184.9
2025-03-18 18:00:00,0.0
2025-03-18 19:00:00,0.0
2025-03-18 20:00:00,0.0
2025-03-18 21:00:00,0.0
2025-03-18 22:00:00,0.0
2025-03-18 23:00:00,0.0
2025-03-19 00:00:00,0.0
2025-03-19 01:00:00,0.0
2025-03-19 02:00:00,0.0
2025-03-19 03:00:00,0.0
2025-03-19 04:00:00,0.0
2025-03-19 05:00:00,0.0
2025-03-19 06:00:00,125.78
2025-03-19 07:00:00,435.17
2025-03-19 08:00:00,716.6
2025-03-19 09:00:00,948.85
2025-03-19 10:00:00,1116.07
2025-03-19 11:00:00,1206.88
2025-03-19 12:00:00,1215.07
2025-03-19 13:00:00,1140.15
2025-03-19 14:00:00,987.17
2025-03-19 15:00:00,766.65
2025-03-19 16:00:00,493.58
2025-03-19 17:00:00,187.73
2025-03-19 18:00:00,0.0
2025-03-19 19:00:00,0.0
2025-03-19 20:00:00,0.0
2025-03-19 21:00:00,0.0
2025-03-19 22:00:00,0.0
2025-03-19 23:00:00,0.0
2025-03-20 00:00:00,0.0
2025-03-20 01:00:00,0.0
2025-03-20 02:00:00,0.0
2025-03-20 03:00:00,0.0
2025-03-20 04:00:00,0.0
2025-03-20 05:00:00,0.0
2025-03-20 06:00:00,130.9
2025-03-20 07:00:00,440.65
2025-03-20 08:00:00,721.75
2025-03-20 09:00:00,953.6
2025-03-20 10:00:00,1120.4
2025-03-20 11:00:00,1210.75
2025-03-20 12:00:00,1218.53
2025-03-20 13:00:00,1143.22
2025-03-20 14:00:00,990.0
2025-03-20 15:00:00,769.28
2025-03-20 16:00:00,496.12
2025-03-20 17:00:00,190.55
2025-03-20 18:00:00,0.0
2025-03-20 19:00:00,0.0
2025-03-20 20:00:00,0.0
2025-03-20 21:00:00,0.0
2025-03-20 22:00:00,0.0
2025-03-20 23:00:00,0.0
2025-03-21 00:00:00,0.0
2025-03-21 01:00:00,0.0
2025-03-21 02:00:00,0.0
2025-03-21 03:00:00,0.0
2025-03-21 04:00:00,0.0
2025-03-21 05:00:00,0.0
2025-03-21 06:00:00,136.12
2025-03-21 07:00:00,446.12
2025-03-21 08:00:00,726.88
2025-03-21 09:00:00,958.33
2025-03-21 10:00:00,1124.68
2025-03-21 11:00:00,1214.57
2025-03-21 12:00:00,1221.95
2025-03-21 13:00:00,1146.28
2025-03-21 14:00:00,992.75
2025-03-21 15:00:00,771.85
2025-03-21 16:00:00,498.62
2025-03-21 17:00:00,193.35
2025-03-21 18:00:00,0.0
2025-03-21 19:00:00,0.0
2025-03-21 20:00:00,0.0
2025-03-21 21:00:00,0.0
2025-03-21 22:00:00,0.0
2025-03-21 23:00:00,0.0
2025-03-22 00:00:00,0.0
2025-03-22 01:00:00,0.0
2025-03-22 02:00:00,0.0
2025-03-22 03:00:00,0.0
2025-03-22 04:00:00,0.0
2025-03-22 05:00:00,0.0
2025-03-22 06:00:00,141.43
2025-03-22 07:00:00,451.52
2025-03-22 08:00:00,731.92
2025-03-22 09:00:00,962.92
2025-03-22 10:00:00,1128.8
2025-03-22 11:00:00,1218.25
2025-03-22 12:00:00,1225.2
2025-03-22 13:00:00,1149.18
2025-03-22 14:00:00,995.38
2025-03-22 15:00:00,774.3
2025-03-22 16:00:00,501.05
2025-03-22 17:00:00,196.15
2025-03-22 18:00:00,0.0
2025-03-22 19:00:00,0.0
2025-03-22 20:00:00,0.0
2025-03-22 21:00:00,0.0
2025-03-22 22:00:00,0.0
2025-03-22 23:00:00,0.0
2025-03-23 00:00:00,0.0
2025-03-23 01:00:00,0.0
2025-03-23 02:00:00,0.0
2025-03-23 03:00:00,0.0
2025-03-23 04:00:00,0.0
2025-03-23 05:00:00,0.0
2025-03-23 06:00:00,146.85
2025-03-23 07:00:00,456.95
2025-03-23 08:00:00,736.97
2025-03-23 09:00:00,967.53
2025-03-23 10:00:00,1132.95
2025-03-23 11:00:00,1221.95
2025-03-23 12:00:00,1228.47
2025-03-23 13:00:00,1152.07
2025-03-23 14:00:00,998.03
2025-03-23 15:00:00,776.78
2025-03-23 16:00:00,503.48
2025-03-23 17:00:00,198.95
2025-03-23 18:00:00,0.0
2025-03-23 19:00:00,0.0
2025-03-23 20:00:00,0.0
2025-03-23 21:00:00,0.0
2025-03-23 22:00:00,0.0
2025-03-23 23:00:00,0.0
2025-03-24 00:00:00,0.0
2025-03-24 01:00:00,0.0
2025-03-24 02:00:00,0.0
2025-03-24 03:00:00,0.0
2025-03-24 04:00:00,0.0
2025-03-24 05:00:00,0.0
2025-03-24 06:00:00,152.38
2025-03-24 07:00:00,462.38
2025-03-24 08:00:00,742.0
2025-03-24 09:00:00,972.15
2025-03-24 10:00:00,1137.1
2025-03-24 11:00:00,1225.62
2025-03-24 12:00:00,1231.72
2025-03-24 13:00:00,1154.97
2025-03-24 14:00:00,1000.65
2025-03-24 15:00:00,779.25
2025-03-24 16:00:00,505.9
2025-03-24 17:00:00,201.75
2025-03-24 18:00:00,0.0
2025-03-24 19:00:00,0.0
2025-03-24 20:00:00,0.0
2025-03-24 21:00:00,0.0
2025-03-24 22:00:00,0.0
2025-03-24 23:00:00,0.0
2025-03-25 00:00:00,0.0
2025-03-25 01:00:00,0.0
2025-03-25 02:00:00,0.0
2025-03-25 03:00:00,0.0
2025-03-25 04:00:00,0.0
2025-03-25 05:00:00,0.0
2025-03-25 06:00:00,157.98
2025-03-25 07:00:00,467.73
2025-03-25 08:00:00,746.95
2025-03-25 09:00:00,976.62
2025-03-25 10:00:00,1141.07
2025-03-25 11:00:00,1229.15
2025-03-25 12:00:00,1234.82
2025-03-25 13:00:00,1157.72
2025-03-25 14:00:00,1003.12
2025-03-25 15:00:00,781.6
2025-03-25 16:00:00,508.25
2025-03-25 17:00:00,204.52
2025-03-25 18:00:00,0.0
2025-03-25 19:00:00,0.0
2025-03-25 20:00:00,0.0
2025-03-25 21:00:00,0.0
2025-03-25 22:00:00,0.0
2025-03-25 23:00:00,0.0
2025-03-26 00:00:00,0.0
2025-03-26 01:00:00,0.0
2025-03-26 02:00:00,0.0
2025-03-26 03:00:00,0.0
2025-03-26 04:00:00,0.0
2025-03-26 05:00:00,0.0
2025-03-26 06:00:00,163.62
2025-03-26 07:00:00,472.98
2025-03-26 08:00:00,751.72
2025-03-26 09:00:00,980.88
2025-03-26 10:00:00,1144.82
2025-03-26 11:00:00,1232.4
2025-03-26 12:00:00,1237.65
2025-03-26 13:00:00,1160.22
2025-03-26 14:00:00,1005.42
2025-03-26 15:00:00,783.78
2025-03-26 16:00:00,510.48
2025-03-26 17:00:00,207.27
2025-03-26 18:00:00,0.0
2025-03-26 19:00:00,0.0
2025-03-26 20:00:00,0.0
2025-03-26 21:00:00,0.0
2025-03-26 22:00:00,0.0
2025-03-26 23:00:00,0.0
2025-03-27 00:00:00,0.0
2025-03-27 01:00:00,0.0
2025-03-27 02:00:00,0.0
2025-03-27 03:00:00,0.0
2025-03-27 04:00:00,0.0
2025-03-27 05:00:00,0.0
2025-03-27 06:00:00,169.35
2025-03-27 07:00:00,478.17
2025-03-27 08:00:00,756.45
2025-03-27 09:00:00,985.08
2025-03-27 10:00:00,1148.5
2025-03-27 11:00:00,1235.6
2025-03-27 12:00:00,1240.4
2025-03-27 13:00:00,1162.65
2025-03-27 14:00:00,1007.62
2025-03-27 15:00:00,785.92
2025-03-27 16:00:00,512.65
2025-03-27 17:00:00,210.02
2025-03-27 18:00:00,0.0
2025-03-27 19:00:00,0.0
2025-03-27 20:00:00,0.0
2025-03-27 21:00:00,0.0
2025-03-27 22:00:00,0.0
2025-03-27 23:00:00,0.0
2025-03-28 00:00:00,0.0
2025-03-28 01:00:00,0.0
2025-03-28 02:00:00,0.0
2025-03-28 03:00:00,0.0
2025-03-28 04:00:00,0.0
2025-03-28 05:00:00,0.0
2025-03-28 06:00:00,175.18
2025-03-28 07:00:00,483.35
2025-03-28 08:00:00,761.17
2025-03-28 09:00:00,989.3
2025-03-28 10:00:00,1152.2
2025-03-28 11:00:00,1238.8
2025-03-28 12:00:00,1243.18
2025-03-28 13:00:00,1165.1
2025-03-28 14:00:00,1009.85
2025-03-28 15:00:00,788.05
2025-03-28 16:00:00,514.85
2025-03-28 17:00:00,212.8
2025-03-28 18:00:00,0.0
2025-03-28 19:00:00,0.0
2025-03-28 20:00:00,0.0
2025-03-28 21:00:00,0.0
2025-03-28 22:00:00,0.0
2025-03-28 23:00:00,0.0
2025-03-29 00:00:00,0.0
2025-03-29 01:00:00,0.0
2025-03-29 02:00:00,0.0
2025-03-29 03:00:00,0.0
2025-03-29 04:00:00,0.0
2025-03-29 05:00:00,0.0
2025-03-29 06:00:00,181.07
2025-03-29 07:00:00,488.52
2025-03-29 08:00:00,765.85
2025-03-29 09:00:00,993.45
2025-03-29 10:00:00,1155.82
2025-03-29 11:00:00,1241.93
2025-03-29 12:00:00,1245.9
2025-03-29 13:00:00,1167.47
2025-03-29 14:00:00,1012.03
2025-03-29 15:00:00,790.15
2025-03-29 16:00:00,517.03
2025-03-29 17:00:00,215.57
2025-03-29 18:00:00,0.0
2025-03-29 19:00:00,0.0
2025-03-29 20:00:00,0.0
2025-03-29 21:00:00,0.0
2025-03-29 22:00:00,0.0
2025-03-29 23:00:00,0.0
2025-03-30 00:00:00,0.0
2025-03-30 01:00:00,0.0
2025-03-30 02:00:00,0.0
2025-03-30 03:00:00,0.0
2025-03-30 04:00:00,0.0
2025-03-30 05:00:00,0.0
2025-03-30 06:00:00,187.02
2025-03-30 07:00:00,493.58
2025-03-30 08:00:00,770.35
2025-03-30 09:00:00,997.4
2025-03-30 10:00:00,1159.22
2025-03-30 11:00:00,1244.82
2025-03-30 12:00:00,1248.38
2025-03-30 13:00:00,1169.65
2025-03-30 14:00:00,1014.03
2025-03-30 15:00:00,792.1
2025-03-30 16:00:00,519.08
2025-03-30 17:00:00,218.3
2025-03-30 18:00:00,0.0
2025-03-30 19:00:00,0.0
2025-03-30 20:00:00,0.0
2025-03-30 21:00:00,0.0
2025-03-30 22:00:00,0.0
2025-03-30 23:00:00,0.0
2025-03-31 00:00:00,0.0
2025-03-31 01:00:00,0.0
2025-03-31 02:00:00,0.0
2025-03-31 03:00:00,0.0
2025-03-31 04:00:00,0.0
2025-03-31 05:00:00,0.0
2025-03-31 06:00:00,193.02
2025-03-31 07:00:00,498.58
2025-03-31 08:00:00,774.83
2025-03-31 09:00:00,1001.33
2025-03-31 10:00:00,1162.6
2025-03-31 11:00:00,1247.7
2025-03-31 12:00:00,1250.82
2025-03-31 13:00:00,1171.78
2025-03-31 14:00:00,1015.97
2025-03-31 15:00:00,794.03
2025-03-31 16:00:00,521.12
2025-03-31 17:00:00,221.05
2025-03-31 18:00:00,0.0
2025-03-31 19:00:00,0.0
2025-03-31 20:00:00,0.0
2025-03-31 21:00:00,0.0
2025-03-31 22:00:00,0.0
2025-03-31 23:00:00,0.0
2025-04-01 00:00:00,0.0
2025-04-01 01:00:00,0.0
2025-04-01 02:00:00,0.0
2025-04-01 03:00:00,0.0
2025-04-01 04:00:00,0.0
2025-04-01 05:00:00,0.0
2025-04-01 06:00:00,199.07
2025-04-01 07:00:00,503.5
2025-04-01 08:00:00,779.2
2025-04-01 09:00:00,1005.1
2025-04-01 10:00:00,1165.82
2025-04-01 11:00:00,1250.43
2025-04-01 12:00:00,1253.12
2025-04-01 13:00:00,1173.78
2025-04-01 14:00:00,1017.83
2025-04-01 15:00:00,795.88
2025-04-01 16:00:00,523.1
2025-04-01 17:00:00,223.8
2025-04-01 18:00:00,0.0
2025-04-01 19:00:00,0.0
2025-04-01 20:00:00,0.0
2025-04-01 21:00:00,0.0
2025-04-01 22:00:00,0.0
2025-04-01 23:00:00,0.0
2025-04-02 00:00:00,0.0
2025-04-02 01:00:00,0.0
2025-04-02 02:00:00,0.0
2025-04-02 03:00:00,0.0
2025-04-02 04:00:00,0.0
2025-04-02 05:00:00,0.0
2025-04-02 06:00:00,205.23
2025-04-02 07:00:00,508.42
2025-04-02 08:00:00,783.58
2025-04-02 09:00:00,1008.9
2025-04-02 10:00:00,1169.05
2025-04-02 11:00:00,1253.12
2025-04-02 12:00:00,1255.43
2025-04-02 13:00:00,1175.8
2025-04-02 14:00:00,1019.67
2025-04-02 15:00:00,797.72
2025-04-02 16:00:00,525.1
2025-04-02 17:00:00,226.55
2025-04-02 18:00:00,0.0
2025-04-02 19:00:00,0.0
2025-04-02 20:00:00,0.0
2025-04-02 21:00:00,0.0
2025-04-02 22:00:00,0.0
2025-04-02 23:00:00,0.0
2025-04-03 00:00:00,0.0
2025-04-03 01:00:00,0.0
2025-04-03 02:00:00,0.0
2025-04-03 03:00:00,0.0
2025-04-03 04:00:00,0.0
2025-04-03 05:00:00,0.0
2025-04-03 06:00:00,211.4
2025-04-03 07:00:00,513.28
2025-04-03 08:00:00,787.85
2025-04-03 09:00:00,1012.6
2025-04-03 10:00:00,1172.2
2025-04-03 11:00:00,1255.78
2025-04-03 12:00:00,1257.68
2025-04-03 13:00:00,1177.75
2025-04-03 14:00:00,1021.47
2025-04-03 15:00:00,799.53
2025-04-03 16:00:00,527.05
2025-04-03 17:00:00,229.3
2025-04-03 18:00:00,0.0
2025-04-03 19:00:00,0.0
2025-04-03 20:00:00,0.0
2025-04-03 21:00:00,0.0
2025-04-03 22:00:00,0.0
2025-04-03 23:00:00,0.0
2025-04-04 00:00:00,0.0
2025-04-04 01:00:00,0.0
2025-04-04 02:00:00,0.0
2025-04-04 03:00:00,0.0
2025-04-04 04:00:00,0.0
2025-04-04 05:00:00,0.0
2025-04-04 06:00:00,217.65
2025-04-04 07:00:00,518.15
2025-04-04 08:00:00,792.2
2025-04-04 09:00:00,1016.4
2025-04-04 10:00:00,1175.45
2025-04-04 11:00:00,1258.55
2025-04-04 12:00:00,1260.03
2025-04-04 13:00:00,1179.82
2025-04-04 14:00:00,1023.38
2025-04-04 15:00:00,801.42
2025-04-04 16:00:00,529.08
2025-04-04 17:00:00,232.1
2025-04-04 18:00:00,0.0
2025-04-04 19:00:00,0.0
2025-04-04 20:00:00,0.0
2025-04-04 21:00:00,0.0
2025-04-04 22:00:00,0.0
2025-04-04 23:00:00,0.0
2025-04-05 00:00:00,0.0
2025-04-05 01:00:00,0.0
2025-04-05 02:00:00,0.0
2025-04-05 03:00:00,0.0
2025-04-05 04:00:00,0.0
2025-04-05 05:00:00,0.0
2025-04-05 06:00:00,223.98
2025-04-05 07:00:00,523.0
2025-04-05 08:00:00,796.55
2025-04-05 09:00:00,1020.2
2025-04-05 10:00:00,1178.72
2025-04-05 11:00:00,1261.35
2025-04-05 12:00:00,1262.43
2025-04-05 13:00:00,1181.93
2025-04-05 14:00:00,1025.32
2025-04-05 15:00:00,803.35
2025-04-05 16:00:00,531.1
2025-04-05 17:00:00,234.93
2025-04-05 18:00:00,0.0
2025-04-05 19:00:00,0.0
2025-04-05 20:00:00,0.0
2025-04-05 21:00:00,0.0
2025-04-05 22:00:00,0.0
2025-04-05 23:00:00,0.0
2025-04-06 00:00:00,0.0
2025-04-06 01:00:00,0.0
2025-04-06 02:00:00,0.0
2025-04-06 03:00:00,0.0
2025-04-06 04:00:00,0.0
2025-04-06 05:00:00,0.0
2025-04-06 06:00:00,230.35
2025-04-06 07:00:00,527.83
2025-04-06 08:00:00,800.85
2025-04-06 09:00:00,1023.97
2025-04-06 10:00:00,1181.97
2025-04-06 11:00:00,1264.1
2025-04-06 12:00:00,1264.8
2025-04-06 13:00:00,1184.0
2025-04-06 14:00:00,1027.25
2025-04-06 15:00:00,805.25
2025-04-06 16:00:00,533.12
2025-04-06 17:00:00,237.75
2025-04-06 18:00:00,0.0
2025-04-06 19:00:00,0.0
2025-04-06 20:00:00,0.0
2025-04-06 21:00:00,0.0
2025-04-06 22:00:00,0.0
2025-04-06 23:00:00,0.0
2025-04-07 00:00:00,0.0
2025-04-07 01:00:00,0.0
2025-04-07 02:00:00,0.0
2025-04-07 03:00:00,0.0
2025-04-07 04:00:00,0.0
2025-04-07 05:00:00,0.0
2025-04-07 06:00:00,236.73
2025-04-07 07:00:00,532.55
2025-04-07 08:00:00,805.05
2025-04-07 09:00:00,1027.62
2025-04-07 10:00:00,1185.1
2025-04-07 11:00:00,1266.75
2025-04-07 12:00:00,1267.05
2025-04-07 13:00:00,1185.97
2025-04-07 14:00:00,1029.1
2025-04-07 15:00:00,807.08
2025-04-07 16:00:00,535.12
2025-04-07 17:00:00,240.6
2025-04-07 18:00:00,0.0
2025-04-07 19:00:00,0.0
2025-04-07 20:00:00,0.0
2025-04-07 21:00:00,0.0
2025-04-07 22:00:00,0.0
2025-04-07 23:00:00,0.0
2025-04-08 00:00:00,0.0
2025-04-08 01:00:00,0.0
2025-04-08 02:00:00,0.0
2025-04-08 03:00:00,0.0
2025-04-08 04:00:00,0.0
2025-04-08 05:00:00,0.0
2025-04-08 06:00:00,243.18
2025-04-08 07:00:00,537.25
2025-04-08 08:00:00,809.22
2025-04-08 09:00:00,1031.25
2025-04-08 10:00:00,1188.2
2025-04-08 11:00:00,1269.38
2025-04-08 12:00:00,1269.3
2025-04-08 13:00:00,1187.95
2025-04-08 14:00:00,1030.93
2025-04-08 15:00:00,808.92
2025-04-08 16:00:00,537.1
2025-04-08 17:00:00,243.45
2025-04-08 18:00:00,0.0
2025-04-08 19:00:00,0.0
2025-04-08 20:00:00,0.0
2025-04-08 21:00:00,0.0
2025-04-08 22:00:00,0.0
2025-04-08 23:00:00,0.0
2025-04-09 00:00:00,0.0
2025-04-09 01:00:00,0.0
2025-04-09 02:00:00,0.0
2025-04-09 03:00:00,0.0
2025-04-09 04:00:00,0.0
2025-04-09 05:00:00,0.0
2025-04-09 06:00:00,249.62
2025-04-09 07:00:00,541.88
2025-04-09 08:00:00,813.33
2025-04-09 09:00:00,1034.8
2025-04-09 10:00:00,1191.22
2025-04-09 11:00:00,1271.95
2025-04-09 12:00:00,1271.47
2025-04-09 13:00:00,1189.88
2025-04-09 14:00:00,1032.72
2025-04-09 15:00:00,810.72
2025-04-09 16:00:00,539.08
2025-04-09 17:00:00,246.32
2025-04-09 18:00:00,0.0
2025-04-09 19:00:00,0.0
2025-04-09 20:00:00,0.0
2025-04-09 21:00:00,0.0
2025-04-09 22:00:00,0.0
2025-04-09 23:00:00,0.0
2025-04-10 00:00:00,0.0
2025-04-10 01:00:00,0.0
2025-04-10 02:00:00,0.0
2025-04-10 03:00:00,0.0
2025-04-10 04:00:00,0.0
2025-04-10 05:00:00,0.0
2025-04-10 06:00:00,256.05
2025-04-10 07:00:00,546.33
2025-04-10 08:00:00,817.17
2025-04-10 09:00:00,1038.05
2025-04-10 10:00:00,1193.9
2025-04-10 11:00:00,1274.15
2025-04-10 12:00:00,1273.32
2025-04-10 13:00:00,1191.47
2025-04-10 14:00:00,1034.25
2025-04-10 15:00:00,812.33
2025-04-10 16:00:00,540.9
2025-04-10 17:00:00,249.15
2025-04-10 18:00:00,0.0
2025-04-10 19:00:00,0.0
2025-04-10 20:00:00,0.0
2025-04-10 21:00:00,0.0
2025-04-10 22:00:00,0.0
2025-04-10 23:00:00,0.0
2025-04-11 00:00:00,0.0
2025-04-11 01:00:00,0.0
2025-04-11 02:00:00,0.0
2025-04-11 03:00:00,0.0
2025-04-11 04:00:00,0.0
2025-04-11 05:00:00,13.6
2025-04-11 06:00:00,248.88
2025-04-11 07:00:00,550.67
2025-04-11 08:00:00,820.9
2025-04-11 09:00:00,1041.18
2025-04-11 10:00:00,1196.47
2025-04-11 11:00:00,1276.22
2025-04-11 12:00:00,1275.03
2025-04-11 13:00:00,1192.97
2025-04-11 14:00:00,1035.68
2025-04-11 15:00:00,813.85
2025-04-11 16:00:00,542.67
2025-04-11 17:00:00,251.98
2025-04-11 18:00:00,0.0
2025-04-11 19:00:00,0.0
2025-04-11 20:00:00,0.0
2025-04-11 21:00:00,0.0
2025-04-11 22:00:00,0.0
2025-04-11 23:00:00,0.0
2025-04-12 00:00:00,0.0
2025-04-12 01:00:00,0.0
2025-04-12 02:00:00,0.0
2025-04-12 03:00:00,0.0
2025-04-12 04:00:00,0.0
2025-04-12 05:00:00,15.18
2025-04-12 06:00:00,253.73
2025-04-12 07:00:00,554.95
2025-04-12 08:00:00,824.58
2025-04-12 09:00:00,1044.22
2025-04-12 10:00:00,1198.97
2025-04-12 11:00:00,1278.25
2025-04-12 12:00:00,1276.7
2025-04-12 13:00:00,1194.43
2025-04-12 14:00:00,1037.07
2025-04-12 15:00:00,815.38
2025-04-12 16:00:00,544.45
2025-04-12 17:00:00,254.82
2025-04-12 18:00:00,0.0
2025-04-12 19:00:00,0.0
2025-04-12 20:00:00,0.0
2025-04-12 21:00:00,0.0
2025-04-12 22:00:00,0.0
2025-04-12 23:00:00,0.0
2025-04-13 00:00:00,0.0
2025-04-13 01:00:00,0.0
2025-04-13 02:00:00,0.0
2025-04-13 03:00:00,0.0
2025-04-13 04:00:00,0.0
2025-04-13 05:00:00,16.83
2025-04-13 06:00:00,258.55
2025-04-13 07:00:00,559.22
2025-04-13 08:00:00,828.28
2025-04-13 09:00:00,1047.35
2025-04-13 10:00:00,1201.55
2025-04-13 11:00:00,1280.38
2025-04-13 12:00:00,1278.47
2025-04-13 13:00:00,1196.0
2025-04-13 14:00:00,1038.57
2025-04-13 15:00:00,816.95
2025-04-13 16:00:00,546.28
2025-04-13 17:00:00,257.73
2025-04-13 18:00:00,0.0
2025-04-13 19:00:00,0.0
2025-04-13 20:00:00,0.0
2025-04-13 21:00:00,0.0
2025-04-13 22:00:00,0.0
2025-04-13 23:00:00,0.0
2025-04-14 00:00:00,0.0
2025-04-14 01:00:00,0.0
2025-04-14 02:00:00,0.0
2025-04-14 03:00:00,0.0
2025-04-14 04:00:00,0.0
2025-04-14 05:00:00,18.52
2025-04-14 06:00:00,263.33
2025-04-14 07:00:00,563.45
2025-04-14 08:00:00,831.9
2025-04-14 09:00:00,1050.4
2025-04-14 10:00:00,1204.07
2025-04-14 11:00:00,1282.45
2025-04-14 12:00:00,1280.22
2025-04-14 13:00:00,1197.53
2025-04-14 14:00:00,1040.05
2025-04-14 15:00:00,818.55
2025-04-14 16:00:00,548.1
2025-04-14 17:00:00,260.62
2025-04-14 18:00:00,0.0
2025-04-14 19:00:00,0.0
2025-04-14 20:00:00,0.0
2025-04-14 21:00:00,0.0
2025-04-14 22:00:00,0.0
2025-04-14 23:00:00,0.0
2025-04-15 00:00:00,0.0
2025-04-15 01:00:00,0.0
2025-04-15 02:00:00,0.0
2025-04-15 03:00:00,0.0
2025-04-15 04:00:00,0.0
2025-04-15 05:00:00,20.3
2025-04-15 06:00:00,267.98
2025-04-15 07:00:00,567.53
2025-04-15 08:00:00,835.4
2025-04-15 09:00:00,1053.3
2025-04-15 10:00:00,1206.45
2025-04-15 11:00:00,1284.38
2025-04-15 12:00:00,1281.8
2025-04-15 13:00:00,1198.93
2025-04-15 14:00:00,1041.43
2025-04-15 15:00:00,820.03
2025-04-15 16:00:00,549.88
2025-04-15 17:00:00,249.35
2025-04-15 18:00:00,14.2
2025-04-15 19:00:00,0.0
2025-04-15 20:00:00,0.0
2025-04-15 21:00:00,0.0
2025-04-15 22:00:00,0.0
2025-04-15 23:00:00,0.0
2025-04-16 00:00:00,0.0
2025-04-16 01:00:00,0.0
2025-04-16 02:00:00,0.0
2025-04-16 03:00:00,0.0
2025-04-16 04:00:00,0.0
2025-04-16 05:00:00,22.12
2025-04-16 06:00:00,272.58
2025-04-16 07:00:00,571.53
2025-04-16 08:00:00,838.78
2025-04-16 09:00:00,1056.1
2025-04-16 10:00:00,1208.68
2025-04-16 11:00:00,1286.18
2025-04-16 12:00:00,1283.28
2025-04-16 13:00:00,1200.25
2025-04-16 14:00:00,1042.72
2025-04-16 15:00:00,821.47
2025-04-16 16:00:00,551.6
2025-04-16 17:00:00,251.5
2025-04-16 18:00:00,14.95
2025-04-16 19:00:00,0.0
2025-04-16 20:00:00,0.0
2025-04-16 21:00:00,0.0
2025-04-16 22:00:00,0.0
2025-04-16 23:00:00,0.0
2025-04-17 00:00:00,0.0
2025-04-17 01:00:00,0.0
2025-04-17 02:00:00,0.0
2025-04-17 03:00:00,0.0
2025-04-17 04:00:00,0.0
2025-04-17 05:00:00,24.0
2025-04-17 06:00:00,277.05
2025-04-17 07:00:00,575.38
2025-04-17 08:00:00,841.97
2025-04-17 09:00:00,1058.68
2025-04-17 10:00:00,1210.72
2025-04-17 11:00:00,1287.78
2025-04-17 12:00:00,1284.57
2025-04-17 13:00:00,1201.38
2025-04-17 14:00:00,1043.88
2025-04-17 15:00:00,822.8
2025-04-17 16:00:00,553.25
2025-04-17 17:00:00,253.62
2025-04-17 18:00:00,15.73
2025-04-17 19:00:00,0.0
2025-04-17 20:00:00,0.0
2025-04-17 21:00:00,0.0
2025-04-17 22:00:00,0.0
2025-04-17 23:00:00,0.0
2025-04-18 00:00:00,0.0
2025-04-18 01:00:00,0.0
2025-04-18 02:00:00,0.0
2025-04-18 03:00:00,0.0
2025-04-18 04:00:00,0.0
2025-04-18 05:00:00,25.92
2025-04-18 06:00:00,281.42
2025-04-18 07:00:00,579.15
2025-04-18 08:00:00,845.08
2025-04-18 09:00:00,1061.18
2025-04-18 10:00:00,1212.65
2025-04-18 11:00:00,1289.28
2025-04-18 12:00:00,1285.78
2025-04-18 13:00:00,1202.43
2025-04-18 14:00:00,1044.95
2025-04-18 15:00:00,824.08
2025-04-18 16:00:00,554.9
2025-04-18 17:00:00,255.75
2025-04-18 18:00:00,16.52
2025-04-18 19:00:00,0.0
2025-04-18 20:00:00,0.0
2025-04-18 21:00:00,0.0
2025-04-18 22:00:00,0.0
2025-04-18 23:00:00,0.0
2025-04-19 00:00:00,0.0
2025-04-19 01:00:00,0.0
2025-04-19 02:00:00,0.0
2025-04-19 03:00:00,0.0
2025-04-19 04:00:00,0.0
2025-04-19 05:00:00,27.9
2025-04-19 06:00:00,285.77
2025-04-19 07:00:00,582.88
2025-04-19 08:00:00,848.2
2025-04-19 09:00:00,1063.7
2025-04-19 10:00:00,1214.65
2025-04-19 11:00:00,1290.82
2025-04-19 12:00:00,1287.05
2025-04-19 13:00:00,1203.57
2025-04-19 14:00:00,1046.12
2025-04-19 15:00:00,825.42
2025-04-19 16:00:00,556.58
2025-04-19 17:00:00,257.9
2025-04-19 18:00:00,17.38
2025-04-19 19:00:00,0.0
2025-04-19 20:00:00,0.0
2025-04-19 21:00:00,0.0
2025-04-19 22:00:00,0.0
2025-04-19 23:00:00,0.0
2025-04-20 00:00:00,0.0
2025-04-20 01:00:00,0.0
2025-04-20 02:00:00,0.0
2025-04-20 03:00:00,0.0
2025-04-20 04:00:00,0.0
2025-04-20 05:00:00,29.92
2025-04-20 06:00:00,290.08
2025-04-20 07:00:00,586.62
2025-04-20 08:00:00,851.35
2025-04-20 09:00:00,1066.28
2025-04-20 10:00:00,1216.75
2025-04-20 11:00:00,1292.53
2025-04-20 12:00:00,1288.47
2025-04-20 13:00:00,1204.85
2025-04-20 14:00:00,1047.4
2025-04-20 15:00:00,826.88
2025-04-20 16:00:00,558.33
2025-04-20 17:00:00,260.08
2025-04-20 18:00:00,18.23
2025-04-20 19:00:00,0.0
2025-04-20 20:00:00,0.0
2025-04-20 21:00:00,0.0
2025-04-20 22:00:00,0.0
2025-04-20 23:00:00,0.0
2025-04-21 00:00:00,0.0
2025-04-21 01:00:00,0.0
2025-04-21 02:00:00,0.0
2025-04-21 03:00:00,0.0
2025-04-21 04:00:00,0.0
2025-04-21 05:00:00,32.0
2025-04-21 06:00:00,294.3
2025-04-21 07:00:00,590.25
2025-04-21 08:00:00,854.4
2025-04-21 09:00:00,1068.78
2025-04-21 10:00:00,1218.72
2025-04-21 11:00:00,1294.1
2025-04-21 12:00:00,1289.78
2025-04-21 13:00:00,1206.03
2025-04-21 14:00:00,1048.62
2025-04-21 15:00:00,828.28
2025-04-21 16:00:00,560.05
2025-04-21 17:00:00,262.23
2025-04-21 18:00:00,19.08
2025-04-21 19:00:00,0.0
2025-04-21 20:00:00,0.0
2025-04-21 21:00:00,0.0
2025-04-21 22:00:00,0.0
2025-04-21 23:00:00,0.0
2025-04-22 00:00:00,0.0
2025-04-22 01:00:00,0.0
2025-04-22 02:00:00,0.0
2025-04-22 03:00:00,0.0
2025-04-22 04:00:00,0.0
2025-04-22 05:00:00,34.08
2025-04-22 06:00:00,298.4
2025-04-22 07:00:00,593.72
2025-04-22 08:00:00,857.28
2025-04-22 09:00:00,1071.05
2025-04-22 10:00:00,1220.5
2025-04-22 11:00:00,1295.5
2025-04-22 12:00:00,1290.9
2025-04-22 13:00:00,1207.05
2025-04-22 14:00:00,1049.7
2025-04-22 15:00:00,829.58
2025-04-22 16:00:00,561.7
2025-04-22 17:00:00,264.35
2025-04-22 18:00:00,19.98
2025-04-22 19:00:00,0.0
2025-04-22 20:00:00,0.0
2025-04-22 21:00:00,0.0
2025-04-22 22:00:00,0.0
2025-04-22 23:00:00,0.0
2025-04-23 00:00:00,0.0
2025-04-23 01:00:00,0.0
2025-04-23 02:00:00,0.0
2025-04-23 03:00:00,0.0
2025-04-23 04:00:00,0.0
2025-04-23 05:00:00,36.2
2025-04-23 06:00:00,302.4
2025-04-23 07:00:00,597.12
2025-04-23 08:00:00,860.05
2025-04-23 09:00:00,1073.22
2025-04-23 10:00:00,1222.2
2025-04-23 11:00:00,1296.8
2025-04-23 12:00:00,1291.95
2025-04-23 13:00:00,1208.03
2025-04-23 14:00:00,1050.75
2025-04-23 15:00:00,830.85
2025-04-23 16:00:00,563.35
2025-04-23 17:00:00,266.5
2025-04-23 18:00:00,20.9
2025-04-23 19:00:00,0.0
2025-04-23 20:00:00,0.0
2025-04-23 21:00:00,0.0
2025-04-23 22:00:00,0.0
2025-04-23 23:00:00,0.0
2025-04-24 00:00:00,0.0
2025-04-24 01:00:00,0.0
2025-04-24 02:00:00,0.0
2025-04-24 03:00:00,0.0
2025-04-24 04:00:00,0.0
2025-04-24 05:00:00,38.35
2025-04-24 06:00:00,306.35
2025-04-24 07:00:00,600.47
2025-04-24 08:00:00,862.8
2025-04-24 09:00:00,1075.45
2025-04-24 10:00:00,1223.93
2025-04-24 11:00:00,1298.15
2025-04-24 12:00:00,1293.07
2025-04-24 13:00:00,1209.05
2025-04-24 14:00:00,1051.85
2025-04-24 15:00:00,832.17
2025-04-24 16:00:00,565.03
2025-04-24 17:00:00,268.65
2025-04-24 18:00:00,21.83
2025-04-24 19:00:00,0.0
2025-04-24 20:00:00,0.0
2025-04-24 21:00:00,0.0
2025-04-24 22:00:00,0.0
2025-04-24 23:00:00,0.0
2025-04-25 00:00:00,0.0
2025-04-25 01:00:00,0.0
2025-04-25 02:00:00,0.0
2025-04-25 03:00:00,0.0
2025-04-25 04:00:00,0.0
2025-04-25 05:00:00,40.53
2025-04-25 06:00:00,310.2
2025-04-25 07:00:00,603.75
2025-04-25 08:00:00,865.47
2025-04-25 09:00:00,1077.55
2025-04-25 10:00:00,1225.57
2025-04-25 11:00:00,1299.45
2025-04-25 12:00:00,1294.12
2025-04-25 13:00:00,1210.05
2025-04-25 14:00:00,1052.93
2025-04-25 15:00:00,833.47
2025-04-25 16:00:00,566.7
2025-04-25 17:00:00,270.8
2025-04-25 18:00:00,22.8
2025-04-25 19:00:00,0.0
2025-04-25 20:00:00,0.0
2025-04-25 21:00:00,0.0
2025-04-25 22:00:00,0.0
2025-04-25 23:00:00,0.0
2025-04-26 00:00:00,0.0
2025-04-26 01:00:00,0.0
2025-04-26 02:00:00,0.0
2025-04-26 03:00:00,0.0
2025-04-26 04:00:00,0.0
2025-04-26 05:00:00,42.72
2025-04-26 06:00:00,314.0
2025-04-26 07:00:00,607.0
2025-04-26 08:00:00,868.15
2025-04-26 09:00:00,1079.72
2025-04-26 10:00:00,1227.3
2025-04-26 11:00:00,1300.82
2025-04-26 12:00:00,1295.3
2025-04-26 13:00:00,1211.15
2025-04-26 14:00:00,1054.07
2025-04-26 15:00:00,834.88
2025-04-26 16:00:00,568.45
2025-04-26 17:00:00,272.98
2025-04-26 18:00:00,23.8
2025-04-26 19:00:00,0.0
2025-04-26 20:00:00,0.0
2025-04-26 21:00:00,0.0
2025-04-26 22:00:00,0.0
2025-04-26 23:00:00,0.0
2025-04-27 00:00:00,0.0
2025-04-27 01:00:00,0.0
2025-04-27 02:00:00,0.0
2025-04-27 03:00:00,0.0
2025-04-27 04:00:00,0.0
2025-04-27 05:00:00,44.92
2025-04-27 06:00:00,317.67
2025-04-27 07:00:00,610.05
2025-04-27 08:00:00,870.6
2025-04-27 09:00:00,1081.62
2025-04-27 10:00:00,1228.72
2025-04-27 11:00:00,1301.9
2025-04-27 12:00:00,1296.2
2025-04-27 13:00:00,1211.97
2025-04-27 14:00:00,1055.05
2025-04-27 15:00:00,836.1
2025-04-27 16:00:00,570.08
2025-04-27 17:00:00,275.1
2025-04-27 18:00:00,24.8
2025-04-27 19:00:00,0.0
2025-04-27 20:00:00,0.0
2025-04-27 21:00:00,0.0
2025-04-27 22:00:00,0.0
2025-04-27 23:00:00,0.0
2025-04-28 00:00:00,0.0
2025-04-28 01:00:00,0.0
2025-04-28 02:00:00,0.0
2025-04-28 03:00:00,0.0
2025-04-28 04:00:00,0.0
2025-04-28 05:00:00,47.15
2025-04-28 06:00:00,321.2
2025-04-28 07:00:00,612.92
2025-04-28 08:00:00,872.88
2025-04-28 09:00:00,1083.32
2025-04-28 10:00:00,1229.97
2025-04-28 11:00:00,1302.8
2025-04-28 12:00:00,1296.9
2025-04-28 13:00:00,1212.68
2025-04-28 14:00:00,1055.88
2025-04-28 15:00:00,837.22
2025-04-28 16:00:00,571.62
2025-04-28 17:00:00,277.2
2025-04-28 18:00:00,25.83
2025-04-28 19:00:00,0.0
2025-04-28 20:00:00,0.0
2025-04-28 21:00:00,0.0
2025-04-28 22:00:00,0.0
2025-04-28 23:00:00,0.0
2025-04-29 00:00:00,0.0
2025-04-29 01:00:00,0.0
2025-04-29 02:00:00,0.0
2025-04-29 03:00:00,0.0
2025-04-29 04:00:00,0.0
2025-04-29 05:00:00,49.35
2025-04-29 06:00:00,324.65
2025-04-29 07:00:00,615.75
2025-04-29 08:00:00,875.08
2025-04-29 09:00:00,1084.97
2025-04-29 10:00:00,1231.15
2025-04-29 11:00:00,1303.65
2025-04-29 12:00:00,1297.57
2025-04-29 13:00:00,1213.32
2025-04-29 14:00:00,1056.7
2025-04-29 15:00:00,838.35
2025-04-29 16:00:00,573.2
2025-04-29 17:00:00,279.33
2025-04-29 18:00:00,26.88
2025-04-29 19:00:00,0.0
2025-04-29 20:00:00,0.0
2025-04-29 21:00:00,0.0
2025-04-29 22:00:00,0.0
2025-04-29 23:00:00,0.0
2025-04-30 00:00:00,-999.0
2025-04-30 01:00:00,-999.0
2025-04-30 02:00:00,-999.0
2025-04-30 03:00:00,-999.0
2025-04-30 04:00:00,-999.0
2025-04-30 05:00:00,-999.0
2025-04-30 06:00:00,-999.0
2025-04-30 07:00:00,-999.0
2025-04-30 08:00:00,-999.0
2025-04-30 09:00:00,-999.0
2025-04-30 10:00:00,-999.0
2025-04-30 11:00:00,-999.0
2025-04-30 12:00:00,-999.0
2025-04-30 13:00:00,-999.0
2025-04-30 14:00:00,-999.0
2025-04-30 15:00:00,-999.0
2025-04-30 16:00:00,-999.0
2025-04-30 17:00:00,-999.0
2025-04-30 18:00:00,-999.0
2025-04-30 19:00:00,-999.0
2025-04-30 20:00:00,-999.0
2025-04-30 21:00:00,-999.0
2025-04-30 22:00:00,-999.0
2025-04-30 23:00:00,-999.0
2025-05-01 00:00:00,-999.0
2025-05-01 01:00:00,-999.0
2025-05-01 02:00:00,-999.0
2025-05-01 03:00:00,-999.0
2025-05-01 04:00:00,-999.0
2025-05-01 05:00:00,-999.0
2025-05-01 06:00:00,-999.0
2025-05-01 07:00:00,-999.0
2025-05-01 08:00:00,-999.0
2025-05-01 09:00:00,-999.0
2025-05-01 10:00:00,-999.0
2025-05-01 11:00:00,-999.0
2025-05-01 12:00:00,-999.0
2025-05-01 13:00:00,-999.0
2025-05-01 14:00:00,-999.0
2025-05-01 15:00:00,-999.0
2025-05-01 16:00:00,-999.0
2025-05-01 17:00:00,-999.0
2025-05-01 18:00:00,-999.0
2025-05-01 19:00:00,-999.0
2025-05-01 20:00:00,-999.0
2025-05-01 21:00:00,-999.0
2025-05-01 22:00:00,-999.0
2025-05-01 23:00:00,-999.0
2025-05-02 00:00:00,-999.0
2025-05-02 01:00:00,-999.0
2025-05-02 02:00:00,-999.0
2025-05-02 03:00:00,-999.0
2025-05-02 04:00:00,-999.0
2025-05-02 05:00:00,-999.0
2025-05-02 06:00:00,-999.0
2025-05-02 07:00:00,-999.0
2025-05-02 08:00:00,-999.0
2025-05-02 09:00:00,-999.0
2025-05-02 10:00:00,-999.0
2025-05-02 11:00:00,-999.0
2025-05-02 12:00:00,-999.0
2025-05-02 13:00:00,-999.0
2025-05-02 14:00:00,-999.0
2025-05-02 15:00:00,-999.0
2025-05-02 16:00:00,-999.0
2025-05-02 17:00:00,-999.0
2025-05-02 18:00:00,-999.0
2025-05-02 19:00:00,-999.0
2025-05-02 20:00:00,-999.0
2025-05-02 21:00:00,-999.0
2025-05-02 22:00:00,-999.0
2025-05-02 23:00:00,-999.0
2025-05-03 00:00:00,-999.0
2025-05-03 01:00:00,-999.0
2025-05-03 02:00:00,-999.0
2025-05-03 03:00:00,-999.0
2025-05-03 04:00:00,-999.0
2025-05-03 05:00:00,-999.0
2025-05-03 06:00:00,-999.0
2025-05-03 07:00:00,-999.0
2025-05-03 08:00:00,-999.0
2025-05-03 09:00:00,-999.0
2025-05-03 10:00:00,-999.0
2025-05-03 11:00:00,-999.0
2025-05-03 12:00:00,-999.0
2025-05-03 13:00:00,-999.0
2025-05-03 14:00:00,-999.0
2025-05-03 15:00:00,-999.0
2025-05-03 16:00:00,-999.0
2025-05-03 17:00:00,-999.0
2025-05-03 18:00:00,-999.0
2025-05-03 19:00:00,-999.0
2025-05-03 20:00:00,-999.0
2025-05-03 21:00:00,-999.0
2025-05-03 22:00:00,-999.0
2025-05-03 23:00:00,-999.0
2025-05-04 00:00:00,-999.0
2025-05-04 01:00:00,-999.0
2025-05-04 02:00:00,-999.0
2025-05-04 03:00:00,-999.0
2025-05-04 04:00:00,-999.0
2025-05-04 05:00:00,-999.0
2025-05-04 06:00:00,-999.0
2025-05-04 07:00:00,-999.0
2025-05-04 08:00:00,-999.0
2025-05-04 09:00:00,-999.0
2025-05-04 10:00:00,-999.0
2025-05-04 11:00:00,-999.0
2025-05-04 12:00:00,-999.0
2025-05-04 13:00:00,-999.0
2025-05-04 14:00:00,-999.0
2025-05-04 15:00:00,-999.0
2025-05-04 16:00:00,-999.0
2025-05-04 17:00:00,-999.0
2025-05-04 18:00:00,-999.0
2025-05-04 19:00:00,-999.0
2025-05-04 20:00:00,-999.0
2025-05-04 21:00:00,-999.0
2025-05-04 22:00:00,-999.0
2025-05-04 23:00:00,-999.0
2025-05-05 00:00:00,-999.0
2025-05-05 01:00:00,-999.0
2025-05-05 02:00:00,-999.0
2025-05-05 03:00:00,-999.0
2025-05-05 04:00:00,-999.0
2025-05-05 05:00:00,-999.0
2025-05-05 06:00:00,-999.0
2025-05-05 07:00:00,-999.0
2025-05-05 08:00:00,-999.0
2025-05-05 09:00:00,-999.0
2025-05-05 10:00:00,-999.0
2025-05-05 11:00:00,-999.0
2025-05-05 12:00:00,-999.0
2025-05-05 13:00:00,-999.0
2025-05-05 14:00:00,-999.0
2025-05-05 15:00:00,-999.0
2025-05-05 16:00:00,-999.0
2025-05-05 17:00:00,-999.0
2025-05-05 18:00:00,-999.0
2025-05-05 19:00:00,-999.0
2025-05-05 20:00:00,-999.0
2025-05-05 21:00:00,-999.0
2025-05-05 22:00:00,-999.0
2025-05-05 23:00:00,-999.0
2025-05-06 00:00:00,-999.0
2025-05-06 01:00:00,-999.0
2025-05-06 02:00:00,-999.0
2025-05-06 03:00:00,-999.0
2025-05-06 04:00:00,-999.0
2025-05-06 05:00:00,-999.0
2025-05-06 06:00:00,-999.0
2025-05-06 07:00:00,-999.0
2025-05-06 08:00:00,-999.0
2025-05-06 09:00:00,-999.0
2025-05-06 10:00:00,-999.0
2025-05-06 11:00:00,-999.0
2025-05-06 12:00:00,-999.0
2025-05-06 13:00:00,-999.0
2025-05-06 14:00:00,-999.0
2025-05-06 15:00:00,-999.0
2025-05-06 16:00:00,-999.0
2025-05-06 17:00:00,-999.0
2025-05-06 18:00:00,-999.0
2025-05-06 19:00:00,-999.0
2025-05-06 20:00:00,-999.0
2025-05-06 21:00:00,-999.0
2025-05-06 22:00:00,-999.0
2025-05-06 23:00:00,-999.0
2025-05-07 00:00:00,-999.0
2025-05-07 01:00:00,-999.0
2025-05-07 02:00:00,-999.0
2025-05-07 03:00:00,-999.0
2025-05-07 04:00:00,-999.0
2025-05-07 05:00:00,-999.0
2025-05-07 06:00:00,-999.0
2025-05-07 07:00:00,-999.0
2025-05-07 08:00:00,-999.0
2025-05-07 09:00:00,-999.0
2025-05-07 10:00:00,-999.0
2025-05-07 11:00:00,-999.0
2025-05-07 12:00:00,-999.0
2025-05-07 13:00:00,-999.0
2025-05-07 14:00:00,-999.0
2025-05-07 15:00:00,-999.0
2025-05-07 16:00:00,-999.0
2025-05-07 17:00:00,-999.0
2025-05-07 18:00:00,-999.0
2025-05-07 19:00:00,-999.0
2025-05-07 20:00:00,-999.0
2025-05-07 21:00:00,-999.0
2025-05-07 22:00:00,-999.0
2025-05-07 23:00:00,-999.0
2025-05-08 00:00:00,-999.0
2025-05-08 01:00:00,-999.0
2025-05-08 02:00:00,-999.0
2025-05-08 03:00:00,-999.0
2025-05-08 04:00:00,-999.0
2025-05-08 05:00:00,-999.0
2025-05-08 06:00:00,-999.0
2025-05-08 07:00:00,-999.0
2025-05-08 08:00:00,-999.0
2025-05-08 09:00:00,-999.0
2025-05-08 10:00:00,-999.0
2025-05-08 11:00:00,-999.0
2025-05-08 12:00:00,-999.0
2025-05-08 13:00:00,-999.0
2025-05-08 14:00:00,-999.0
2025-05-08 15:00:00,-999.0
2025-05-08 16:00:00,-999.0
2025-05-08 17:00:00,-999.0
2025-05-08 18:00:00,-999.0
2025-05-08 19:00:00,-999.0
2025-05-08 20:00:00,-999.0
2025-05-08 21:00:00,-999.0
2025-05-08 22:00:00,-999.0
2025-05-08 23:00:00,-999.0
2025-05-09 00:00:00,-999.0
2025-05-09 01:00:00,-999.0
2025-05-09 02:00:00,-999.0
2025-05-09 03:00:00,-999.0
2025-05-09 04:00:00,-999.0
2025-05-09 05:00:00,-999.0
2025-05-09 06:00:00,-999.0
2025-05-09 07:00:00,-999.0
2025-05-09 08:00:00,-999.0
2025-05-09 09:00:00,-999.0
2025-05-09 10:00:00,-999.0
2025-05-09 11:00:00,-999.0
2025-05-09 12:00:00,-999.0
2025-05-09 13:00:00,-999.0
2025-05-09 14:00:00,-999.0
2025-05-09 15:00:00,-999.0
2025-05-09 16:00:00,-999.0
2025-05-09 17:00:00,-999.0
2025-05-09 18:00:00,-999.0
2025-05-09 19:00:00,-999.0
2025-05-09 20:00:00,-999.0
2025-05-09 21:00:00,-999.0
2025-05-09 22:00:00,-999.0
2025-05-09 23:00:00,-999.0
2025-05-10 00:00:00,-999.0
2025-05-10 01:00:00,-999.0
2025-05-10 02:00:00,-999.0
2025-05-10 03:00:00,-999.0
2025-05-10 04:00:00,-999.0
2025-05-10 05:00:00,-999.0
2025-05-10 06:00:00,-999.0
2025-05-10 07:00:00,-999.0
2025-05-10 08:00:00,-999.0
2025-05-10 09:00:00,-999.0
2025-05-10 10:00:00,-999.0
2025-05-10 11:00:00,-999.0
2025-05-10 12:00:00,-999.0
2025-05-10 13:00:00,-999.0
2025-05-10 14:00:00,-999.0
2025-05-10 15:00:00,-999.0
2025-05-10 16:00:00,-999.0
2025-05-10 17:00:00,-999.0
2025-05-10 18:00:00,-999.0
2025-05-10 19:00:00,-999.0
2025-05-10 20:00:00,-999.0
2025-05-10 21:00:00,-999.0
2025-05-10 22:00:00,-999.0
2025-05-10 23:00:00,-999.0
2025-05-11 00:00:00,-999.0
2025-05-11 01:00:00,-999.0
2025-05-11 02:00:00,-999.0
2025-05-11 03:00:00,-999.0
2025-05-11 04:00:00,-999.0
2025-05-11 05:00:00,-999.0
2025-05-11 06:00:00,-999.0
2025-05-11 07:00:00,-999.0
2025-05-11 08:00:00,-999.0
2025-05-11 09:00:00,-999.0
2025-05-11 10:00:00,-999.0
2025-05-11 11:00:00,-999.0
2025-05-11 12:00:00,-999.0
2025-05-11 13:00:00,-999.0
2025-05-11 14:00:00,-999.0
2025-05-11 15:00:00,-999.0
2025-05-11 16:00:00,-999.0
2025-05-11 17:00:00,-999.0
2025-05-11 18:00:00,-999.0
2025-05-11 19:00:00,-999.0
2025-05-11 20:00:00,-999.0
2025-05-11 21:00:00,-999.0
2025-05-11 22:00:00,-999.0
2025-05-11 23:00:00,-999.0
2025-05-12 00:00:00,-999.0
2025-05-12 01:00:00,-999.0
2025-05-12 02:00:00,-999.0
2025-05-12 03:00:00,-999.0
2025-05-12 04:00:00,-999.0
2025-05-12 05:00:00,-999.0
2025-05-12 06:00:00,-999.0
2025-05-12 07:00:00,-999.0
2025-05-12 08:00:00,-999.0
2025-05-12 09:00:00,-999.0
2025-05-12 10:00:00,-999.0
2025-05-12 11:00:00,-999.0
2025-05-12 12:00:00,-999.0
2025-05-12 13:00:00,-999.0
2025-05-12 14:00:00,-999.0
2025-05-12 15:00:00,-999.0
2025-05-12 16:00:00,-999.0
2025-05-12 17:00:00,-999.0
2025-05-12 18:00:00,-999.0
2025-05-12 19:00:00,-999.0
2025-05-12 20:00:00,-999.0
2025-05-12 21:00:00,-999.0
2025-05-12 22:00:00,-999.0
2025-05-12 23:00:00,-999.0
2025-05-13 00:00:00,-999.0
2025-05-13 01:00:00,-999.0
2025-05-13 02:00:00,-999.0
2025-05-13 03:00:00,-999.0
2025-05-13 04:00:00,-999.0
2025-05-13 05:00:00,-999.0
2025-05-13 06:00:00,-999.0
2025-05-13 07:00:00,-999.0
2025-05-13 08:00:00,-999.0
2025-05-13 09:00:00,-999.0
2025-05-13 10:00:00,-999.0
2025-05-13 11:00:00,-999.0
2025-05-13 12:00:00,-999.0
2025-05-13 13:00:00,-999.0
2025-05-13 14:00:00,-999.0
2025-05-13 15:00:00,-999.0
2025-05-13 16:00:00,-999.0
2025-05-13 17:00:00,-999.0
2025-05-13 18:00:00,-999.0
2025-05-13 19:00:00,-999.0
2025-05-13 20:00:00,-999.0
2025-05-13 21:00:00,-999.0
2025-05-13 22:00:00,-999.0
2025-05-13 23:00:00,-999.0
2025-05-14 00:00:00,-999.0
2025-05-14 01:00:00,-999.0
2025-05-14 02:00:00,-999.0
2025-05-14 03:00:00,-999.0
2025-05-14 04:00:00,-999.0
2025-05-14 05:00:00,-999.0
2025-05-14 06:00:00,-999.0
2025-05-14 07:00:00,-999.0
2025-05-14 08:00:00,-999.0
2025-05-14 09:00:00,-999.0
2025-05-14 10:00:00,-999.0
2025-05-14 11:00:00,-999.0
2025-05-14 12:00:00,-999.0
2025-05-14 13:00:00,-999.0
2025-05-14 14:00:00,-999.0
2025-05-14 15:00:00,-999.0
2025-05-14 16:00:00,-999.0
2025-05-14 17:00:00,-999.0
2025-05-14 18:00:00,-999.0
2025-05-14 19:00:00,-999.0
2025-05-14 20:00:00,-999.0
2025-05-14 21:00:00,-999.0
2025-05-14 22:00:00,-999.0
2025-05-14 23:00:00,-999.0
2025-05-15 00:00:00,-999.0
2025-05-15 01:00:00,-999.0
2025-05-15 02:00:00,-999.0
2025-05-15 03:00:00,-999.0
2025-05-15 04:00:00,-999.0
2025-05-15 05:00:00,-999.0
2025-05-15 06:00:00,-999.0
2025-05-15 07:00:00,-999.0
2025-05-15 08:00:00,-999.0
2025-05-15 09:00:00,-999.0
2025-05-15 10:00:00,-999.0
2025-05-15 11:00:00,-999.0
2025-05-15 12:00:00,-999.0
2025-05-15 13:00:00,-999.0
2025-05-15 14:00:00,-999.0
2025-05-15 15:00:00,-999.0
2025-05-15 16:00:00,-999.0
2025-05-15 17:00:00,-999.0
2025-05-15 18:00:00,-999.0
2025-05-15 19:00:00,-999.0
2025-05-15 20:00:00,-999.0
2025-05-15 21:00:00,-999.0
2025-05-15 22:00:00,-999.0
2025-05-15 23:00:00,-999.0
2025-05-16 00:00:00,-999.0
2025-05-16 01:00:00,-999.0
2025-05-16 02:00:00,-999.0
2025-05-16 03:00:00,-999.0
2025-05-16 04:00:00,-999.0
2025-05-16 05:00:00,-999.0
2025-05-16 06:00:00,-999.0
2025-05-16 07:00:00,-999.0
2025-05-16 08:00:00,-999.0
2025-05-16 09:00:00,-999.0
2025-05-16 10:00:00,-999.0
2025-05-16 11:00:00,-999.0
2025-05-16 12:00:00,-999.0
2025-05-16 13:00:00,-999.0
2025-05-16 14:00:00,-999.0
2025-05-16 15:00:00,-999.0
2025-05-16 16:00:00,-999.0
2025-05-16 17:00:00,-999.0
2025-05-16 18:00:00,-999.0
2025-05-16 19:00:00,-999.0
2025-05-16 20:00:00,-999.0
2025-05-16 21:00:00,-999.0
2025-05-16 22:00:00,-999.0
2025-05-16 23:00:00,-999.0
2025-05-17 00:00:00,-999.0
2025-05-17 01:00:00,-999.0
2025-05-17 02:00:00,-999.0
2025-05-17 03:00:00,-999.0
2025-05-17 04:00:00,-999.0
2025-05-17 05:00:00,-999.0
2025-05-17 06:00:00,-999.0
2025-05-17 07:00:00,-999.0
2025-05-17 08:00:00,-999.0
2025-05-17 09:00:00,-999.0
2025-05-17 10:00:00,-999.0
2025-05-17 11:00:00,-999.0
2025-05-17 12:00:00,-999.0
2025-05-17 13:00:00,-999.0
2025-05-17 14:00:00,-999.0
2025-05-17 15:00:00,-999.0
2025-05-17 16:00:00,-999.0
2025-05-17 17:00:00,-999.0
2025-05-17 18:00:00,-999.0
2025-05-17 19:00:00,-999.0
2025-05-17 20:00:00,-999.0
2025-05-17 21:00:00,-999.0
2025-05-17 22:00:00,-999.0
2025-05-17 23:00:00,-999.0
2025-05-18 00:00:00,-999.0
2025-05-18 01:00:00,-999.0
2025-05-18 02:00:00,-999.0
2025-05-18 03:00:00,-999.0
2025-05-18 04:00:00,-999.0
2025-05-18 05:00:00,-999.0
2025-05-18 06:00:00,-999.0
2025-05-18 07:00:00,-999.0
2025-05-18 08:00:00,-999.0
2025-05-18 09:00:00,-999.0
2025-05-18 10:00:00,-999.0
2025-05-18 11:00:00,-999.0
2025-05-18 12:00:00,-999.0
2025-05-18 13:00:00,-999.0
2025-05-18 14:00:00,-999.0
2025-05-18 15:00:00,-999.0
2025-05-18 16:00:00,-999.0
2025-05-18 17:00:00,-999.0
2025-05-18 18:00:00,-999.0
2025-05-18 19:00:00,-999.0
2025-05-18 20:00:00,-999.0
2025-05-18 21:00:00,-999.0
2025-05-18 22:00:00,-999.0
2025-05-18 23:00:00,-999.0
2025-05-19 00:00:00,-999.0
2025-05-19 01:00:00,-999.0
2025-05-19 02:00:00,-999.0
2025-05-19 03:00:00,-999.0
2025-05-19 04:00:00,-999.0
2025-05-19 05:00:00,-999.0
2025-05-19 06:00:00,-999.0
2025-05-19 07:00:00,-999.0
2025-05-19 08:00:00,-999.0
2025-05-19 09:00:00,-999.0
2025-05-19 10:00:00,-999.0
2025-05-19 11:00:00,-999.0
2025-05-19 12:00:00,-999.0
2025-05-19 13:00:00,-999.0
2025-05-19 14:00:00,-999.0
2025-05-19 15:00:00,-999.0
2025-05-19 16:00:00,-999.0
2025-05-19 17:00:00,-999.0
2025-05-19 18:00:00,-999.0
2025-05-19 19:00:00,-999.0
2025-05-19 20:00:00,-999.0
2025-05-19 21:00:00,-999.0
2025-05-19 22:00:00,-999.0
2025-05-19 23:00:00,-999.0
2025-05-20 00:00:00,-999.0
2025-05-20 01:00:00,-999.0
2025-05-20 02:00:00,-999.0
2025-05-20 03:00:00,-999.0
2025-05-20 04:00:00,-999.0
2025-05-20 05:00:00,-999.0
2025-05-20 06:00:00,-999.0
2025-05-20 07:00:00,-999.0
2025-05-20 08:00:00,-999.0
2025-05-20 09:00:00,-999.0
2025-05-20 10:00:00,-999.0
2025-05-20 11:00:00,-999.0
2025-05-20 12:00:00,-999.0
2025-05-20 13:00:00,-999.0
2025-05-20 14:00:00,-999.0
2025-05-20 15:00:00,-999.0
2025-05-20 16:00:00,-999.0
2025-05-20 17:00:00,-999.0
2025-05-20 18:00:00,-999.0
2025-05-20 19:00:00,-999.0
2025-05-20 20:00:00,-999.0
2025-05-20 21:00:00,-999.0
2025-05-20 22:00:00,-999.0
2025-05-20 23:00:00,-999.0
2025-05-21 00:00:00,-999.0
2025-05-21 01:00:00,-999.0
2025-05-21 02:00:00,-999.0
2025-05-21 03:00:00,-999.0
2025-05-21 04:00:00,-999.0
2025-05-21 05:00:00,-999.0
2025-05-21 06:00:00,-999.0
2025-05-21 07:00:00,-999.0
2025-05-21 08:00:00,-999.0
2025-05-21 09:00:00,-999.0
2025-05-21 10:00:00,-999.0
2025-05-21 11:00:00,-999.0
2025-05-21 12:00:00,-999.0
2025-05-21 13:00:00,-999.0
2025-05-21 14:00:00,-999.0
2025-05-21 15:00:00,-999.0
2025-05-21 16:00:00,-999.0
2025-05-21 17:00:00,-999.0
2025-05-21 18:00:00,-999.0
2025-05-21 19:00:00,-999.0
2025-05-21 20:00:00,-999.0
2025-05-21 21:00:00,-999.0
2025-05-21 22:00:00,-999.0
2025-05-21 23:00:00,-999.0
2025-05-22 00:00:00,-999.0
2025-05-22 01:00:00,-999.0
2025-05-22 02:00:00,-999.0
2025-05-22 03:00:00,-999.0
2025-05-22 04:00:00,-999.0
2025-05-22 05:00:00,-999.0
2025-05-22 06:00:00,-999.0
2025-05-22 07:00:00,-999.0
2025-05-22 08:00:00,-999.0
2025-05-22 09:00:00,-999.0
2025-05-22 10:00:00,-999.0
2025-05-22 11:00:00,-999.0
2025-05-22 12:00:00,-999.0
2025-05-22 13:00:00,-999.0
2025-05-22 14:00:00,-999.0
2025-05-22 15:00:00,-999.0
2025-05-22 16:00:00,-999.0
2025-05-22 17:00:00,-999.0
2025-05-22 18:00:00,-999.0
2025-05-22 19:00:00,-999.0
2025-05-22 20:00:00,-999.0
2025-05-22 21:00:00,-999.0
2025-05-22 22:00:00,-999.0
2025-05-22 23:00:00,-999.0
2025-05-23 00:00:00,-999.0
2025-05-23 01:00:00,-999.0
2025-05-23 02:00:00,-999.0
2025-05-23 03:00:00,-999.0
2025-05-23 04:00:00,-999.0
2025-05-23 05:00:00,-999.0
2025-05-23 06:00:00,-999.0
2025-05-23 07:00:00,-999.0
2025-05-23 08:00:00,-999.0
2025-05-23 09:00:00,-999.0
2025-05-23 10:00:00,-999.0
2025-05-23 11:00:00,-999.0
2025-05-23 12:00:00,-999.0
2025-05-23 13:00:00,-999.0
2025-05-23 14:00:00,-999.0
2025-05-23 15:00:00,-999.0
2025-05-23 16:00:00,-999.0
2025-05-23 17:00:00,-999.0
2025-05-23 18:00:00,-999.0
2025-05-23 19:00:00,-999.0
2025-05-23 20:00:00,-999.0
2025-05-23 21:00:00,-999.0
2025-05-23 22:00:00,-999.0
2025-05-23 23:00:00,-999.0
2025-05-24 00:00:00,-999.0
2025-05-24 01:00:00,-999.0
2025-05-24 02:00:00,-999.0
2025-05-24 03:00:00,-999.0
2025-05-24 04:00:00,-999.0
2025-05-24 05:00:00,-999.0
2025-05-24 06:00:00,-999.0
2025-05-24 07:00:00,-999.0
2025-05-24 08:00:00,-999.0
2025-05-24 09:00:00,-999.0
2025-05-24 10:00:00,-999.0
2025-05-24 11:00:00,-999.0
2025-05-24 12:00:00,-999.0
2025-05-24 13:00:00,-999.0
2025-05-24 14:00:00,-999.0
2025-05-24 15:00:00,-999.0
2025-05-24 16:00:00,-999.0
2025-05-24 17:00:00,-999.0
2025-05-24 18:00:00,-999.0
2025-05-24 19:00:00,-999.0
2025-05-24 20:00:00,-999.0
2025-05-24 21:00:00,-999.0
2025-05-24 22:00:00,-999.0
2025-05-24 23:00:00,-999.0
2025-05-25 00:00:00,-999.0
2025-05-25 01:00:00,-999.0
2025-05-25 02:00:00,-999.0
2025-05-25 03:00:00,-999.0
2025-05-25 04:00:00,-999.0
2025-05-25 05:00:00,-999.0
2025-05-25 06:00:00,-999.0
2025-05-25 07:00:00,-999.0
2025-05-25 08:00:00,-999.0
2025-05-25 09:00:00,-999.0
2025-05-25 10:00:00,-999.0
2025-05-25 11:00:00,-999.0
2025-05-25 12:00:00,-999.0
2025-05-25 13:00:00,-999.0
2025-05-25 14:00:00,-999.0
2025-05-25 15:00:00,-999.0
2025-05-25 16:00:00,-999.0
2025-05-25 17:00:00,-999.0
2025-05-25 18:00:00,-999.0
2025-05-25 19:00:00,-999.0
2025-05-25 20:00:00,-999.0
2025-05-25 21:00:00,-999.0
2025-05-25 22:00:00,-999.0
2025-05-25 23:00:00,-999.0
2025-05-26 00:00:00,-999.0
2025-05-26 01:00:00,-999.0
2025-05-26 02:00:00,-999.0
2025-05-26 03:00:00,-999.0
2025-05-26 04:00:00,-999.0
2025-05-26 05:00:00,-999.0
2025-05-26 06:00:00,-999.0
2025-05-26 07:00:00,-999.0
2025-05-26 08:00:00,-999.0
2025-05-26 09:00:00,-999.0
2025-05-26 10:00:00,-999.0
2025-05-26 11:00:00,-999.0
2025-05-26 12:00:00,-999.0
2025-05-26 13:00:00,-999.0
2025-05-26 14:00:00,-999.0
2025-05-26 15:00:00,-999.0
2025-05-26 16:00:00,-999.0
2025-05-26 17:00:00,-999.0
2025-05-26 18:00:00,-999.0
2025-05-26 19:00:00,-999.0
2025-05-26 20:00:00,-999.0
2025-05-26 21:00:00,-999.0
2025-05-26 22:00:00,-999.0
2025-05-26 23:00:00,-999.0
2025-05-27 00:00:00,-999.0
2025-05-27 01:00:00,-999.0
2025-05-27 02:00:00,-999.0
2025-05-27 03:00:00,-999.0
2025-05-27 04:00:00,-999.0
2025-05-27 05:00:00,-999.0
2025-05-27 06:00:00,-999.0
2025-05-27 07:00:00,-999.0
2025-05-27 08:00:00,-999.0
2025-05-27 09:00:00,-999.0
2025-05-27 10:00:00,-999.0
2025-05-27 11:00:00,-999.0
2025-05-27 12:00:00,-999.0
2025-05-27 13:00:00,-999.0
2025-05-27 14:00:00,-999.0
2025-05-27 15:00:00,-999.0
2025-05-27 16:00:00,-999.0
2025-05-27 17:00:00,-999.0
2025-05-27 18:00:00,-999.0
2025-05-27 19:00:00,-999.0
2025-05-27 20:00:00,-999.0
2025-05-27 21:00:00,-999.0
2025-05-27 22:00:00,-999.0
2025-05-27 23:00:00,-999.0
2025-05-28 00:00:00,-999.0
2025-05-28 01:00:00,-999.0
2025-05-28 02:00:00,-999.0
2025-05-28 03:00:00,-999.0
2025-05-28 04:00:00,-999.0
2025-05-28 05:00:00,-999.0
2025-05-28 06:00:00,-999.0
2025-05-28 07:00:00,-999.0
2025-05-28 08:00:00,-999.0
2025-05-28 09:00:00,-999.0
2025-05-28 10:00:00,-999.0
2025-05-28 11:00:00,-999.0
2025-05-28 12:00:00,-999.0
2025-05-28 13:00:00,-999.0
2025-05-28 14:00:00,-999.0
2025-05-28 15:00:00,-999.0
2025-05-28 16:00:00,-999.0
2025-05-28 17:00:00,-999.0
2025-05-28 18:00:00,-999.0
2025-05-28 19:00:00,-999.0
2025-05-28 20:00:00,-999.0
2025-05-28 21:00:00,-999.0
2025-05-28 22:00:00,-999.0
2025-05-28 23:00:00,-999.0
2025-05-29 00:00:00,-999.0
2025-05-29 01:00:00,-999.0
2025-05-29 02:00:00,-999.0
2025-05-29 03:00:00,-999.0
2025-05-29 04:00:00,-999.0
2025-05-29 05:00:00,-999.0
2025-05-29 06:00:00,-999.0
2025-05-29 07:00:00,-999.0
2025-05-29 08:00:00,-999.0
2025-05-29 09:00:00,-999.0
2025-05-29 10:00:00,-999.0
2025-05-29 11:00:00,-999.0
2025-05-29 12:00:00,-999.0
2025-05-29 13:00:00,-999.0
2025-05-29 14:00:00,-999.0
2025-05-29 15:00:00,-999.0
2025-05-29 16:00:00,-999.0
2025-05-29 17:00:00,-999.0
2025-05-29 18:00:00,-999.0
2025-05-29 19:00:00,-999.0
2025-05-29 20:00:00,-999.0
2025-05-29 21:00:00,-999.0
2025-05-29 22:00:00,-999.0
2025-05-29 23:00:00,-999.0
2025-05-30 00:00:00,-999.0
2025-05-30 01:00:00,-999.0
2025-05-30 02:00:00,-999.0
2025-05-30 03:00:00,-999.0
2025-05-30 04:00:00,-999.0
2025-05-30 05:00:00,-999.0
2025-05-30 06:00:00,-999.0
2025-05-30 07:00:00,-999.0
2025-05-30 08:00:00,-999.0
2025-05-30 09:00:00,-999.0
2025-05-30 10:00:00,-999.0
2025-05-30 11:00:00,-999.0
2025-05-30 12:00:00,-999.0
2025-05-30 13:00:00,-999.0
2025-05-30 14:00:00,-999.0
2025-05-30 15:00:00,-999.0
2025-05-30 16:00:00,-999.0
2025-05-30 17:00:00,-999.0
2025-05-30 18:00:00,-999.0
2025-05-30 19:00:00,-999.0
2025-05-30 20:00:00,-999.0
2025-05-30 21:00:00,-999.0
2025-05-30 22:00:00,-999.0
2025-05-30 23:00:00,-999.0
2025-05-31 00:00:00,-999.0
2025-05-31 01:00:00,-999.0
2025-05-31 02:00:00,-999.0
2025-05-31 03:00:00,-999.0
2025-05-31 04:00:00,-999.0
2025-05-31 05:00:00,-999.0
2025-05-31 06:00:00,-999.0
2025-05-31 07:00:00,-999.0
2025-05-31 08:00:00,-999.0
2025-05-31 09:00:00,-999.0
2025-05-31 10:00:00,-999.0
2025-05-31 11:00:00,-999.0
2025-05-31 12:00:00,-999.0
2025-05-31 13:00:00,-999.0
2025-05-31 14:00:00,-999.0
2025-05-31 15:00:00,-999.0
2025-05-31 16:00:00,-999.0
2025-05-31 17:00:00,-999.0
2025-05-31 18:00:00,-999.0
2025-05-31 19:00:00,-999.0
2025-05-31 20:00:00,-999.0
2025-05-31 21:00:00,-999.0
2025-05-31 22:00:00,-999.0
2025-05-31 23:00:00,-999.0
2025-06-01 00:00:00,-999.0
2025-06-01 01:00:00,-999.0
2025-06-01 02:00:00,-999.0
2025-06-01 03:00:00,-999.0
2025-06-01 04:00:00,-999.0
2025-06-01 05:00:00,-999.0
2025-06-01 06:00:00,-999.0
2025-06-01 07:00:00,-999.0
2025-06-01 08:00:00,-999.0
2025-06-01 09:00:00,-999.0
2025-06-01 10:00:00,-999.0
2025-06-01 11:00:00,-999.0
2025-06-01 12:00:00,-999.0
2025-06-01 13:00:00,-999.0
2025-06-01 14:00:00,-999.0
2025-06-01 15:00:00,-999.0
2025-06-01 16:00:00,-999.0
2025-06-01 17:00:00,-999.0
2025-06-01 18:00:00,-999.0
2025-06-01 19:00:00,-999.0
2025-06-01 20:00:00,-999.0
2025-06-01 21:00:00,-999.0
2025-06-01 22:00:00,-999.0
2025-06-01 23:00:00,-999.0
2025-06-02 00:00:00,-999.0
2025-06-02 01:00:00,-999.0
2025-06-02 02:00:00,-999.0
2025-06-02 03:00:00,-999.0
2025-06-02 04:00:00,-999.0
2025-06-02 05:00:00,-999.0
2025-06-02 06:00:00,-999.0
2025-06-02 07:00:00,-999.0
2025-06-02 08:00:00,-999.0
2025-06-02 09:00:00,-999.0
2025-06-02 10:00:00,-999.0
2025-06-02 11:00:00,-999.0
2025-06-02 12:00:00,-999.0
2025-06-02 13:00:00,-999.0
2025-06-02 14:00:00,-999.0
2025-06-02 15:00:00,-999.0
2025-06-02 16:00:00,-999.0
2025-06-02 17:00:00,-999.0
2025-06-02 18:00:00,-999.0
2025-06-02 19:00:00,-999.0
2025-06-02 20:00:00,-999.0
2025-06-02 21:00:00,-999.0
2025-06-02 22:00:00,-999.0
2025-06-02 23:00:00,-999.0
2025-06-03 00:00:00,-999.0
2025-06-03 01:00:00,-999.0
2025-06-03 02:00:00,-999.0
2025-06-03 03:00:00,-999.0
2025-06-03 04:00:00,-999.0
2025-06-03 05:00:00,-999.0
2025-06-03 06:00:00,-999.0
2025-06-03 07:00:00,-999.0
2025-06-03 08:00:00,-999.0
2025-06-03 09:00:00,-999.0
2025-06-03 10:00:00,-999.0
2025-06-03 11:00:00,-999.0
2025-06-03 12:00:00,-999.0
2025-06-03 13:00:00,-999.0
2025-06-03 14:00:00,-999.0
2025-06-03 15:00:00,-999.0
2025-06-03 16:00:00,-999.0
2025-06-03 17:00:00,-999.0
2025-06-03 18:00:00,-999.0
2025-06-03 19:00:00,-999.0
2025-06-03 20:00:00,-999.0
2025-06-03 21:00:00,-999.0
2025-06-03 22:00:00,-999.0
2025-06-03 23:00:00,-999.0
2025-06-04 00:00:00,-999.0
2025-06-04 01:00:00,-999.0
2025-06-04 02:00:00,-999.0
2025-06-04 03:00:00,-999.0
2025-06-04 04:00:00,-999.0
2025-06-04 05:00:00,-999.0
2025-06-04 06:00:00,-999.0
2025-06-04 07:00:00,-999.0
2025-06-04 08:00:00,-999.0
2025-06-04 09:00:00,-999.0
2025-06-04 10:00:00,-999.0
2025-06-04 11:00:00,-999.0
2025-06-04 12:00:00,-999.0
2025-06-04 13:00:00,-999.0
2025-06-04 14:00:00,-999.0
2025-06-04 15:00:00,-999.0
2025-06-04 16:00:00,-999.0
2025-06-04 17:00:00,-999.0
2025-06-04 18:00:00,-999.0
2025-06-04 19:00:00,-999.0
2025-06-04 20:00:00,-999.0
2025-06-04 21:00:00,-999.0
2025-06-04 22:00:00,-999.0
2025-06-04 23:00:00,-999.0
2025-06-05 00:00:00,-999.0
2025-06-05 01:00:00,-999.0
2025-06-05 02:00:00,-999.0
2025-06-05 03:00:00,-999.0
2025-06-05 04:00:00,-999.0
2025-06-05 05:00:00,-999.0
2025-06-05 06:00:00,-999.0
2025-06-05 07:00:00,-999.0
2025-06-05 08:00:00,-999.0
2025-06-05 09:00:00,-999.0
2025-06-05 10:00:00,-999.0
2025-06-05 11:00:00,-999.0
2025-06-05 12:00:00,-999.0
2025-06-05 13:00:00,-999.0
2025-06-05 14:00:00,-999.0
2025-06-05 15:00:00,-999.0
2025-06-05 16:00:00,-999.0
2025-06-05 17:00:00,-999.0
2025-06-05 18:00:00,-999.0
2025-06-05 19:00:00,-999.0
2025-06-05 20:00:00,-999.0
2025-06-05 21:00:00,-999.0
2025-06-05 22:00:00,-999.0
2025-06-05 23:00:00,-999.0
2025-06-06 00:00:00,-999.0
2025-06-06 01:00:00,-999.0
2025-06-06 02:00:00,-999.0
2025-06-06 03:00:00,-999.0
2025-06-06 04:00:00,-999.0
2025-06-06 05:00:00,-999.0
2025-06-06 06:00:00,-999.0
2025-06-06 07:00:00,-999.0
2025-06-06 08:00:00,-999.0
2025-06-06 09:00:00,-999.0
2025-06-06 10:00:00,-999.0
2025-06-06 11:00:00,-999.0
2025-06-06 12:00:00,-999.0
2025-06-06 13:00:00,-999.0
2025-06-06 14:00:00,-999.0
2025-06-06 15:00:00,-999.0
2025-06-06 16:00:00,-999.0
2025-06-06 17:00:00,-999.0
2025-06-06 18:00:00,-999.0
2025-06-06 19:00:00,-999.0
2025-06-06 20:00:00,-999.0
2025-06-06 21:00:00,-999.0
2025-06-06 22:00:00,-999.0
2025-06-06 23:00:00,-999.0
2025-06-07 00:00:00,-999.0
2025-06-07 01:00:00,-999.0
2025-06-07 02:00:00,-999.0
2025-06-07 03:00:00,-999.0
2025-06-07 04:00:00,-999.0
2025-06-07 05:00:00,-999.0
2025-06-07 06:00:00,-999.0
2025-06-07 07:00:00,-999.0
2025-06-07 08:00:00,-999.0
2025-06-07 09:00:00,-999.0
2025-06-07 10:00:00,-999.0
2025-06-07 11:00:00,-999.0
2025-06-07 12:00:00,-999.0
2025-06-07 13:00:00,-999.0
2025-06-07 14:00:00,-999.0
2025-06-07 15:00:00,-999.0
2025-06-07 16:00:00,-999.0
2025-06-07 17:00:00,-999.0
2025-06-07 18:00:00,-999.0
2025-06-07 19:00:00,-999.0
2025-06-07 20:00:00,-999.0
2025-06-07 21:00:00,-999.0
2025-06-07 22:00:00,-999.0
2025-06-07 23:00:00,-999.0
2025-06-08 00:00:00,-999.0
2025-06-08 01:00:00,-999.0
2025-06-08 02:00:00,-999.0
2025-06-08 03:00:00,-999.0
2025-06-08 04:00:00,-999.0
2025-06-08 05:00:00,-999.0
2025-06-08 06:00:00,-999.0
2025-06-08 07:00:00,-999.0
2025-06-08 08:00:00,-999.0
2025-06-08 09:00:00,-999.0
2025-06-08 10:00:00,-999.0
2025-06-08 11:00:00,-999.0
2025-06-08 12:00:00,-999.0
2025-06-08 13:00:00,-999.0
2025-06-08 14:00:00,-999.0
2025-06-08 15:00:00,-999.0
2025-06-08 16:00:00,-999.0
2025-06-08 17:00:00,-999.0
2025-06-08 18:00:00,-999.0
2025-06-08 19:00:00,-999.0
2025-06-08 20:00:00,-999.0
2025-06-08 21:00:00,-999.0
2025-06-08 22:00:00,-999.0
2025-06-08 23:00:00,-999.0
2025-06-09 00:00:00,-999.0
2025-06-09 01:00:00,-999.0
2025-06-09 02:00:00,-999.0
2025-06-09 03:00:00,-999.0
2025-06-09 04:00:00,-999.0
2025-06-09 05:00:00,-999.0
2025-06-09 06:00:00,-999.0
2025-06-09 07:00:00,-999.0
2025-06-09 08:00:00,-999.0
2025-06-09 09:00:00,-999.0
2025-06-09 10:00:00,-999.0
2025-06-09 11:00:00,-999.0
2025-06-09 12:00:00,-999.0
2025-06-09 13:00:00,-999.0
2025-06-09 14:00:00,-999.0
2025-06-09 15:00:00,-999.0
2025-06-09 16:00:00,-999.0
2025-06-09 17:00:00,-999.0
2025-06-09 18:00:00,-999.0
2025-06-09 19:00:00,-999.0
2025-06-09 20:00:00,-999.0
2025-06-09 21:00:00,-999.0
2025-06-09 22:00:00,-999.0
2025-06-09 23:00:00,-999.0
2025-06-10 00:00:00,-999.0
2025-06-10 01:00:00,-999.0
2025-06-10 02:00:00,-999.0
2025-06-10 03:00:00,-999.0
2025-06-10 04:00:00,-999.0
2025-06-10 05:00:00,-999.0
2025-06-10 06:00:00,-999.0
2025-06-10 07:00:00,-999.0
2025-06-10 08:00:00,-999.0
2025-06-10 09:00:00,-999.0
2025-06-10 10:00:00,-999.0
2025-06-10 11:00:00,-999.0
2025-06-10 12:00:00,-999.0
2025-06-10 13:00:00,-999.0
2025-06-10 14:00:00,-999.0
2025-06-10 15:00:00,-999.0
2025-06-10 16:00:00,-999.0
2025-06-10 17:00:00,-999.0
2025-06-10 18:00:00,-999.0
2025-06-10 19:00:00,-999.0
2025-06-10 20:00:00,-999.0
2025-06-10 21:00:00,-999.0
2025-06-10 22:00:00,-999.0
2025-06-10 23:00:00,-999.0
2025-06-11 00:00:00,-999.0
2025-06-11 01:00:00,-999.0
2025-06-11 02:00:00,-999.0
2025-06-11 03:00:00,-999.0
2025-06-11 04:00:00,-999.0
2025-06-11 05:00:00,-999.0
2025-06-11 06:00:00,-999.0
2025-06-11 07:00:00,-999.0
2025-06-11 08:00:00,-999.0
2025-06-11 09:00:00,-999.0
2025-06-11 10:00:00,-999.0
2025-06-11 11:00:00,-999.0
2025-06-11 12:00:00,-999.0
2025-06-11 13:00:00,-999.0
2025-06-11 14:00:00,-999.0
2025-06-11 15:00:00,-999.0
2025-06-11 16:00:00,-999.0
2025-06-11 17:00:00,-999.0
2025-06-11 18:00:00,-999.0
2025-06-11 19:00:00,-999.0
2025-06-11 20:00:00,-999.0
2025-06-11 21:00:00,-999.0
2025-06-11 22:00:00,-999.0
2025-06-11 23:00:00,-999.0
2025-06-12 00:00:00,-999.0
2025-06-12 01:00:00,-999.0
2025-06-12 02:00:00,-999.0
2025-06-12 03:00:00,-999.0
2025-06-12 04:00:00,-999.0
2025-06-12 05:00:00,-999.0
2025-06-12 06:00:00,-999.0
2025-06-12 07:00:00,-999.0
2025-06-12 08:00:00,-999.0
2025-06-12 09:00:00,-999.0
2025-06-12 10:00:00,-999.0
2025-06-12 11:00:00,-999.0
2025-06-12 12:00:00,-999.0
2025-06-12 13:00:00,-999.0
2025-06-12 14:00:00,-999.0
2025-06-12 15:00:00,-999.0
2025-06-12 16:00:00,-999.0
2025-06-12 17:00:00,-999.0
2025-06-12 18:00:00,-999.0
2025-06-12 19:00:00,-999.0
2025-06-12 20:00:00,-999.0
2025-06-12 21:00:00,-999.0
2025-06-12 22:00:00,-999.0
2025-06-12 23:00:00,-999.0
2025-06-13 00:00:00,-999.0
2025-06-13 01:00:00,-999.0
2025-06-13 02:00:00,-999.0
2025-06-13 03:00:00,-999.0
2025-06-13 04:00:00,-999.0
2025-06-13 05:00:00,-999.0
2025-06-13 06:00:00,-999.0
2025-06-13 07:00:00,-999.0
2025-06-13 08:00:00,-999.0
2025-06-13 09:00:00,-999.0
2025-06-13 10:00:00,-999.0
2025-06-13 11:00:00,-999.0
2025-06-13 12:00:00,-999.0
2025-06-13 13:00:00,-999.0
2025-06-13 14:00:00,-999.0
2025-06-13 15:00:00,-999.0
2025-06-13 16:00:00,-999.0
2025-06-13 17:00:00,-999.0
2025-06-13 18:00:00,-999.0
2025-06-13 19:00:00,-999.0
2025-06-13 20:00:00,-999.0
2025-06-13 21:00:00,-999.0
2025-06-13 22:00:00,-999.0
2025-06-13 23:00:00,-999.0
2025-06-14 00:00:00,-999.0
2025-06-14 01:00:00,-999.0
2025-06-14 02:00:00,-999.0
2025-06-14 03:00:00,-999.0
2025-06-14 04:00:00,-999.0
2025-06-14 05:00:00,-999.0
2025-06-14 06:00:00,-999.0
2025-06-14 07:00:00,-999.0
2025-06-14 08:00:00,-999.0
2025-06-14 09:00:00,-999.0
2025-06-14 10:00:00,-999.0
2025-06-14 11:00:00,-999.0
2025-06-14 12:00:00,-999.0
2025-06-14 13:00:00,-999.0
2025-06-14 14:00:00,-999.0
2025-06-14 15:00:00,-999.0
2025-06-14 16:00:00,-999.0
2025-06-14 17:00:00,-999.0
2025-06-14 18:00:00,-999.0
2025-06-14 19:00:00,-999.0
2025-06-14 20:00:00,-999.0
2025-06-14 21:00:00,-999.0
2025-06-14 22:00:00,-999.0
2025-06-14 23:00:00,-999.0
2025-06-15 00:00:00,-999.0
2025-06-15 01:00:00,-999.0
2025-06-15 02:00:00,-999.0
2025-06-15 03:00:00,-999.0
2025-06-15 04:00:00,-999.0
2025-06-15 05:00:00,-999.0
2025-06-15 06:00:00,-999.0
2025-06-15 07:00:00,-999.0
2025-06-15 08:00:00,-999.0
2025-06-15 09:00:00,-999.0
2025-06-15 10:00:00,-999.0
2025-06-15 11:00:00,-999.0
2025-06-15 12:00:00,-999.0
2025-06-15 13:00:00,-999.0
2025-06-15 14:00:00,-999.0
2025-06-15 15:00:00,-999.0
2025-06-15 16:00:00,-999.0
2025-06-15 17:00:00,-999.0
2025-06-15 18:00:00,-999.0
2025-06-15 19:00:00,-999.0
2025-06-15 20:00:00,-999.0
2025-06-15 21:00:00,-999.0
2025-06-15 22:00:00,-999.0
2025-06-15 23:00:00,-999.0
2025-06-16 00:00:00,-999.0
2025-06-16 01:00:00,-999.0
2025-06-16 02:00:00,-999.0
2025-06-16 03:00:00,-999.0
2025-06-16 04:00:00,-999.0
2025-06-16 05:00:00,-999.0
2025-06-16 06:00:00,-999.0
2025-06-16 07:00:00,-999.0
2025-06-16 08:00:00,-999.0
2025-06-16 09:00:00,-999.0
2025-06-16 10:00:00,-999.0
2025-06-16 11:00:00,-999.0
2025-06-16 12:00:00,-999.0
2025-06-16 13:00:00,-999.0
2025-06-16 14:00:00,-999.0
2025-06-16 15:00:00,-999.0
2025-06-16 16:00:00,-999.0
2025-06-16 17:00:00,-999.0
2025-06-16 18:00:00,-999.0
2025-06-16 19:00:00,-999.0
2025-06-16 20:00:00,-999.0
2025-06-16 21:00:00,-999.0
2025-06-16 22:00:00,-999.0
2025-06-16 23:00:00,-999.0
2025-06-17 00:00:00,-999.0
2025-06-17 01:00:00,-999.0
2025-06-17 02:00:00,-999.0
2025-06-17 03:00:00,-999.0
2025-06-17 04:00:00,-999.0
2025-06-17 05:00:00,-999.0
2025-06-17 06:00:00,-999.0
2025-06-17 07:00:00,-999.0
2025-06-17 08:00:00,-999.0
2025-06-17 09:00:00,-999.0
2025-06-17 10:00:00,-999.0
2025-06-17 11:00:00,-999.0
2025-06-17 12:00:00,-999.0
2025-06-17 13:00:00,-999.0
2025-06-17 14:00:00,-999.0
2025-06-17 15:00:00,-999.0
2025-06-17 16:00:00,-999.0
2025-06-17 17:00:00,-999.0
2025-06-17 18:00:00,-999.0
2025-06-17 19:00:00,-999.0
2025-06-17 20:00:00,-999.0
2025-06-17 21:00:00,-999.0
2025-06-17 22:00:00,-999.0
2025-06-17 23:00:00,-999.0
2025-06-18 00:00:00,-999.0
2025-06-18 01:00:00,-999.0
2025-06-18 02:00:00,-999.0
2025-06-18 03:00:00,-999.0
2025-06-18 04:00:00,-999.0
2025-06-18 05:00:00,-999.0
2025-06-18 06:00:00,-999.0
2025-06-18 07:00:00,-999.0
2025-06-18 08:00:00,-999.0
2025-06-18 09:00:00,-999.0
2025-06-18 10:00:00,-999.0
2025-06-18 11:00:00,-999.0
2025-06-18 12:00:00,-999.0
2025-06-18 13:00:00,-999.0
2025-06-18 14:00:00,-999.0
2025-06-18 15:00:00,-999.0
2025-06-18 16:00:00,-999.0
2025-06-18 17:00:00,-999.0
2025-06-18 18:00:00,-999.0
2025-06-18 19:00:00,-999.0
2025-06-18 20:00:00,-999.0
2025-06-18 21:00:00,-999.0
2025-06-18 22:00:00,-999.0
2025-06-18 23:00:00,-999.0
2025-06-19 00:00:00,-999.0
2025-06-19 01:00:00,-999.0
2025-06-19 02:00:00,-999.0
2025-06-19 03:00:00,-999.0
2025-06-19 04:00:00,-999.0
2025-06-19 05:00:00,-999.0
2025-06-19 06:00:00,-999.0
2025-06-19 07:00:00,-999.0
2025-06-19 08:00:00,-999.0
2025-06-19 09:00:00,-999.0
2025-06-19 10:00:00,-999.0
2025-06-19 11:00:00,-999.0
2025-06-19 12:00:00,-999.0
2025-06-19 13:00:00,-999.0
2025-06-19 14:00:00,-999.0
2025-06-19 15:00:00,-999.0
2025-06-19 16:00:00,-999.0
2025-06-19 17:00:00,-999.0
2025-06-19 18:00:00,-999.0
2025-06-19 19:00:00,-999.0
2025-06-19 20:00:00,-999.0
2025-06-19 21:00:00,-999.0
2025-06-19 22:00:00,-999.0
2025-06-19 23:00:00,-999.0
2025-06-20 00:00:00,-999.0
2025-06-20 01:00:00,-999.0
2025-06-20 02:00:00,-999.0
2025-06-20 03:00:00,-999.0
2025-06-20 04:00:00,-999.0
2025-06-20 05:00:00,-999.0
2025-06-20 06:00:00,-999.0
2025-06-20 07:00:00,-999.0
2025-06-20 08:00:00,-999.0
2025-06-20 09:00:00,-999.0
2025-06-20 10:00:00,-999.0
2025-06-20 11:00:00,-999.0
2025-06-20 12:00:00,-999.0
2025-06-20 13:00:00,-999.0
2025-06-20 14:00:00,-999.0
2025-06-20 15:00:00,-999.0
2025-06-20 16:00:00,-999.0
2025-06-20 17:00:00,-999.0
2025-06-20 18:00:00,-999.0
2025-06-20 19:00:00,-999.0
2025-06-20 20:00:00,-999.0
2025-06-20 21:00:00,-999.0
2025-06-20 22:00:00,-999.0
2025-06-20 23:00:00,-999.0
2025-06-21 00:00:00,-999.0
2025-06-21 01:00:00,-999.0
2025-06-21 02:00:00,-999.0
2025-06-21 03:00:00,-999.0
2025-06-21 04:00:00,-999.0
2025-06-21 05:00:00,-999.0
2025-06-21 06:00:00,-999.0
2025-06-21 07:00:00,-999.0
2025-06-21 08:00:00,-999.0
2025-06-21 09:00:00,-999.0
2025-06-21 10:00:00,-999.0
2025-06-21 11:00:00,-999.0
2025-06-21 12:00:00,-999.0
2025-06-21 13:00:00,-999.0
2025-06-21 14:00:00,-999.0
2025-06-21 15:00:00,-999.0
2025-06-21 16:00:00,-999.0
2025-06-21 17:00:00,-999.0
2025-06-21 18:00:00,-999.0
2025-06-21 19:00:00,-999.0
2025-06-21 20:00:00,-999.0
2025-06-21 21:00:00,-999.0
2025-06-21 22:00:00,-999.0
2025-06-21 23:00:00,-999.0
2025-06-22 00:00:00,-999.0
2025-06-22 01:00:00,-999.0
2025-06-22 02:00:00,-999.0
2025-06-22 03:00:00,-999.0
2025-06-22 04:00:00,-999.0
2025-06-22 05:00:00,-999.0
2025-06-22 06:00:00,-999.0
2025-06-22 07:00:00,-999.0
2025-06-22 08:00:00,-999.0
2025-06-22 09:00:00,-999.0
2025-06-22 10:00:00,-999.0
2025-06-22 11:00:00,-999.0
2025-06-22 12:00:00,-999.0
2025-06-22 13:00:00,-999.0
2025-06-22 14:00:00,-999.0
2025-06-22 15:00:00,-999.0
2025-06-22 16:00:00,-999.0
2025-06-22 17:00:00,-999.0
2025-06-22 18:00:00,-999.0
2025-06-22 19:00:00,-999.0
2025-06-22 20:00:00,-999.0
2025-06-22 21:00:00,-999.0
2025-06-22 22:00:00,-999.0
2025-06-22 23:00:00,-999.0
2025-06-23 00:00:00,-999.0
2025-06-23 01:00:00,-999.0
2025-06-23 02:00:00,-999.0
2025-06-23 03:00:00,-999.0
2025-06-23 04:00:00,-999.0
2025-06-23 05:00:00,-999.0
2025-06-23 06:00:00,-999.0
2025-06-23 07:00:00,-999.0
2025-06-23 08:00:00,-999.0
2025-06-23 09:00:00,-999.0
2025-06-23 10:00:00,-999.0
2025-06-23 11:00:00,-999.0
2025-06-23 12:00:00,-999.0
2025-06-23 13:00:00,-999.0
2025-06-23 14:00:00,-999.0
2025-06-23 15:00:00,-999.0
2025-06-23 16:00:00,-999.0
2025-06-23 17:00:00,-999.0
2025-06-23 18:00:00,-999.0
2025-06-23 19:00:00,-999.0
2025-06-23 20:00:00,-999.0
2025-06-23 21:00:00,-999.0
2025-06-23 22:00:00,-999.0
2025-06-23 23:00:00,-999.0
2025-06-24 00:00:00,-999.0
2025-06-24 01:00:00,-999.0
2025-06-24 02:00:00,-999.0
2025-06-24 03:00:00,-999.0
2025-06-24 04:00:00,-999.0
2025-06-24 05:00:00,-999.0
2025-06-24 06:00:00,-999.0
2025-06-24 07:00:00,-999.0
2025-06-24 08:00:00,-999.0
2025-06-24 09:00:00,-999.0
2025-06-24 10:00:00,-999.0
2025-06-24 11:00:00,-999.0
2025-06-24 12:00:00,-999.0
2025-06-24 13:00:00,-999.0
2025-06-24 14:00:00,-999.0
2025-06-24 15:00:00,-999.0
2025-06-24 16:00:00,-999.0
2025-06-24 17:00:00,-999.0
2025-06-24 18:00:00,-999.0
2025-06-24 19:00:00,-999.0
2025-06-24 20:00:00,-999.0
2025-06-24 21:00:00,-999.0
2025-06-24 22:00:00,-999.0
2025-06-24 23:00:00,-999.0
2025-06-25 00:00:00,-999.0
2025-06-25 01:00:00,-999.0
2025-06-25 02:00:00,-999.0
2025-06-25 03:00:00,-999.0
2025-06-25 04:00:00,-999.0
2025-06-25 05:00:00,-999.0
2025-06-25 06:00:00,-999.0
2025-06-25 07:00:00,-999.0
2025-06-25 08:00:00,-999.0
2025-06-25 09:00:00,-999.0
2025-06-25 10:00:00,-999.0
2025-06-25 11:00:00,-999.0
2025-06-25 12:00:00,-999.0
2025-06-25 13:00:00,-999.0
2025-06-25 14:00:00,-999.0
2025-06-25 15:00:00,-999.0
2025-06-25 16:00:00,-999.0
2025-06-25 17:00:00,-999.0
2025-06-25 18:00:00,-999.0
2025-06-25 19:00:00,-999.0
2025-06-25 20:00:00,-999.0
2025-06-25 21:00:00,-999.0
2025-06-25 22:00:00,-999.0
2025-06-25 23:00:00,-999.0
2025-06-26 00:00:00,-999.0
2025-06-26 01:00:00,-999.0
2025-06-26 02:00:00,-999.0
2025-06-26 03:00:00,-999.0
2025-06-26 04:00:00,-999.0
2025-06-26 05:00:00,-999.0
2025-06-26 06:00:00,-999.0
2025-06-26 07:00:00,-999.0
2025-06-26 08:00:00,-999.0
2025-06-26 09:00:00,-999.0
2025-06-26 10:00:00,-999.0
2025-06-26 11:00:00,-999.0
2025-06-26 12:00:00,-999.0
2025-06-26 13:00:00,-999.0
2025-06-26 14:00:00,-999.0
2025-06-26 15:00:00,-999.0
2025-06-26 16:00:00,-999.0
2025-06-26 17:00:00,-999.0
2025-06-26 18:00:00,-999.0
2025-06-26 19:00:00,-999.0
2025-06-26 20:00:00,-999.0
2025-06-26 21:00:00,-999.0
2025-06-26 22:00:00,-999.0
2025-06-26 23:00:00,-999.0
2025-06-27 00:00:00,-999.0
2025-06-27 01:00:00,-999.0
2025-06-27 02:00:00,-999.0
2025-06-27 03:00:00,-999.0
2025-06-27 04:00:00,-999.0
2025-06-27 05:00:00,-999.0
2025-06-27 06:00:00,-999.0
2025-06-27 07:00:00,-999.0
2025-06-27 08:00:00,-999.0
2025-06-27 09:00:00,-999.0
2025-06-27 10:00:00,-999.0
2025-06-27 11:00:00,-999.0
2025-06-27 12:00:00,-999.0
2025-06-27 13:00:00,-999.0
2025-06-27 14:00:00,-999.0
2025-06-27 15:00:00,-999.0
2025-06-27 16:00:00,-999.0
2025-06-27 17:00:00,-999.0
2025-06-27 18:00:00,-999.0
2025-06-27 19:00:00,-999.0
2025-06-27 20:00:00,-999.0
2025-06-27 21:00:00,-999.0
2025-06-27 22:00:00,-999.0
2025-06-27 23:00:00,-999.0
2025-06-28 00:00:00,-999.0
2025-06-28 01:00:00,-999.0
2025-06-28 02:00:00,-999.0
2025-06-28 03:00:00,-999.0
2025-06-28 04:00:00,-999.0
2025-06-28 05:00:00,-999.0
2025-06-28 06:00:00,-999.0
2025-06-28 07:00:00,-999.0
2025-06-28 08:00:00,-999.0
2025-06-28 09:00:00,-999.0
2025-06-28 10:00:00,-999.0
2025-06-28 11:00:00,-999.0
2025-06-28 12:00:00,-999.0
2025-06-28 13:00:00,-999.0
2025-06-28 14:00:00,-999.0
2025-06-28 15:00:00,-999.0
2025-06-28 16:00:00,-999.0
2025-06-28 17:00:00,-999.0
2025-06-28 18:00:00,-999.0
2025-06-28 19:00:00,-999.0
2025-06-28 20:00:00,-999.0
2025-06-28 21:00:00,-999.0
2025-06-28 22:00:00,-999.0
2025-06-28 23:00:00,-999.0
2025-06-29 00:00:00,-999.0
2025-06-29 01:00:00,-999.0
2025-06-29 02:00:00,-999.0
2025-06-29 03:00:00,-999.0
2025-06-29 04:00:00,-999.0
2025-06-29 05:00:00,-999.0
2025-06-29 06:00:00,-999.0
2025-06-29 07:00:00,-999.0
2025-06-29 08:00:00,-999.0
2025-06-29 09:00:00,-999.0
2025-06-29 10:00:00,-999.0
2025-06-29 11:00:00,-999.0
2025-06-29 12:00:00,-999.0
2025-06-29 13:00:00,-999.0
2025-06-29 14:00:00,-999.0
2025-06-29 15:00:00,-999.0
2025-06-29 16:00:00,-999.0
2025-06-29 17:00:00,-999.0
2025-06-29 18:00:00,-999.0
2025-06-29 19:00:00,-999.0
2025-06-29 20:00:00,-999.0
2025-06-29 21:00:00,-999.0
2025-06-29 22:00:00,-999.0
2025-06-29 23:00:00,-999.0
2025-06-30 00:00:00,-999.0
2025-06-30 01:00:00,-999.0
2025-06-30 02:00:00,-999.0
2025-06-30 03:00:00,-999.0
2025-06-30 04:00:00,-999.0
2025-06-30 05:00:00,-999.0
2025-06-30 06:00:00,-999.0
2025-06-30 07:00:00,-999.0
2025-06-30 08:00:00,-999.0
2025-06-30 09:00:00,-999.0
2025-06-30 10:00:00,-999.0
2025-06-30 11:00:00,-999.0
2025-06-30 12:00:00,-999.0
2025-06-30 13:00:00,-999.0
2025-06-30 14:00:00,-999.0
2025-06-30 15:00:00,-999.0
2025-06-30 16:00:00,-999.0
2025-06-30 17:00:00,-999.0
2025-06-30 18:00:00,-999.0
2025-06-30 19:00:00,-999.0
2025-06-30 20:00:00,-999.0
2025-06-30 21:00:00,-999.0
2025-06-30 22:00:00,-999.0
2025-06-30 23:00:00,-999.0
2025-07-01 00:00:00,-999.0
2025-07-01 01:00:00,-999.0
2025-07-01 02:00:00,-999.0
2025-07-01 03:00:00,-999.0
2025-07-01 04:00:00,-999.0
2025-07-01 05:00:00,-999.0
2025-07-01 06:00:00,-999.0
2025-07-01 07:00:00,-999.0
2025-07-01 08:00:00,-999.0
2025-07-01 09:00:00,-999.0
2025-07-01 10:00:00,-999.0
2025-07-01 11:00:00,-999.0
2025-07-01 12:00:00,-999.0
2025-07-01 13:00:00,-999.0
2025-07-01 14:00:00,-999.0
2025-07-01 15:00:00,-999.0
2025-07-01 16:00:00,-999.0
2025-07-01 17:00:00,-999.0
2025-07-01 18:00:00,-999.0
2025-07-01 19:00:00,-999.0
2025-07-01 20:00:00,-999.0
2025-07-01 21:00:00,-999.0
2025-07-01 22:00:00,-999.0
2025-07-01 23:00:00,-999.0
2025-07-02 00:00:00,-999.0
2025-07-02 01:00:00,-999.0
2025-07-02 02:00:00,-999.0
2025-07-02 03:00:00,-999.0
2025-07-02 04:00:00,-999.0
2025-07-02 05:00:00,-999.0
2025-07-02 06:00:00,-999.0
2025-07-02 07:00:00,-999.0
2025-07-02 08:00:00,-999.0
2025-07-02 09:00:00,-999.0
2025-07-02 10:00:00,-999.0
2025-07-02 11:00:00,-999.0
2025-07-02 12:00:00,-999.0
2025-07-02 13:00:00,-999.0
2025-07-02 14:00:00,-999.0
2025-07-02 15:00:00,-999.0
2025-07-02 16:00:00,-999.0
2025-07-02 17:00:00,-999.0
2025-07-02 18:00:00,-999.0
2025-07-02 19:00:00,-999.0
2025-07-02 20:00:00,-999.0
2025-07-02 21:00:00,-999.0
2025-07-02 22:00:00,-999.0
2025-07-02 23:00:00,-999.0
2025-07-03 00:00:00,-999.0
2025-07-03 01:00:00,-999.0
2025-07-03 02:00:00,-999.0
2025-07-03 03:00:00,-999.0
2025-07-03 04:00:00,-999.0
2025-07-03 05:00:00,-999.0
2025-07-03 06:00:00,-999.0
2025-07-03 07:00:00,-999.0
2025-07-03 08:00:00,-999.0
2025-07-03 09:00:00,-999.0
2025-07-03 10:00:00,-999.0
2025-07-03 11:00:00,-999.0
2025-07-03 12:00:00,-999.0
2025-07-03 13:00:00,-999.0
2025-07-03 14:00:00,-999.0
2025-07-03 15:00:00,-999.0
2025-07-03 16:00:00,-999.0
2025-07-03 17:00:00,-999.0
2025-07-03 18:00:00,-999.0
2025-07-03 19:00:00,-999.0
2025-07-03 20:00:00,-999.0
2025-07-03 21:00:00,-999.0
2025-07-03 22:00:00,-999.0
2025-07-03 23:00:00,-999.0
2025-07-04 00:00:00,-999.0
2025-07-04 01:00:00,-999.0
2025-07-04 02:00:00,-999.0
2025-07-04 03:00:00,-999.0
2025-07-04 04:00:00,-999.0
2025-07-04 05:00:00,-999.0
2025-07-04 06:00:00,-999.0
2025-07-04 07:00:00,-999.0
2025-07-04 08:00:00,-999.0
2025-07-04 09:00:00,-999.0
2025-07-04 10:00:00,-999.0
2025-07-04 11:00:00,-999.0
2025-07-04 12:00:00,-999.0
2025-07-04 13:00:00,-999.0
2025-07-04 14:00:00,-999.0
2025-07-04 15:00:00,-999.0
2025-07-04 16:00:00,-999.0
2025-07-04 17:00:00,-999.0
2025-07-04 18:00:00,-999.0
2025-07-04 19:00:00,-999.0
2025-07-04 20:00:00,-999.0
2025-07-04 21:00:00,-999.0
2025-07-04 22:00:00,-999.0
2025-07-04 23:00:00,-999.0
2025-07-05 00:00:00,-999.0
2025-07-05 01:00:00,-999.0
2025-07-05 02:00:00,-999.0
2025-07-05 03:00:00,-999.0
2025-07-05 04:00:00,-999.0
2025-07-05 05:00:00,-999.0
2025-07-05 06:00:00,-999.0
2025-07-05 07:00:00,-999.0
2025-07-05 08:00:00,-999.0
2025-07-05 09:00:00,-999.0
2025-07-05 10:00:00,-999.0
2025-07-05 11:00:00,-999.0
2025-07-05 12:00:00,-999.0
2025-07-05 13:00:00,-999.0
2025-07-05 14:00:00,-999.0
2025-07-05 15:00:00,-999.0
2025-07-05 16:00:00,-999.0
2025-07-05 17:00:00,-999.0
2025-07-05 18:00:00,-999.0
2025-07-05 19:00:00,-999.0
2025-07-05 20:00:00,-999.0
2025-07-05 21:00:00,-999.0
2025-07-05 22:00:00,-999.0
2025-07-05 23:00:00,-999.0
2025-07-06 00:00:00,-999.0
2025-07-06 01:00:00,-999.0
2025-07-06 02:00:00,-999.0
2025-07-06 03:00:00,-999.0
2025-07-06 04:00:00,-999.0
2025-07-06 05:00:00,-999.0
2025-07-06 06:00:00,-999.0
2025-07-06 07:00:00,-999.0
2025-07-06 08:00:00,-999.0
2025-07-06 09:00:00,-999.0
2025-07-06 10:00:00,-999.0
2025-07-06 11:00:00,-999.0
2025-07-06 12:00:00,-999.0
2025-07-06 13:00:00,-999.0
2025-07-06 14:00:00,-999.0
2025-07-06 15:00:00,-999.0
2025-07-06 16:00:00,-999.0
2025-07-06 17:00:00,-999.0
2025-07-06 18:00:00,-999.0
2025-07-06 19:00:00,-999.0
2025-07-06 20:00:00,-999.0
2025-07-06 21:00:00,-999.0
2025-07-06 22:00:00,-999.0
2025-07-06 23:00:00,-999.0
2025-07-07 00:00:00,-999.0
2025-07-07 01:00:00,-999.0
2025-07-07 02:00:00,-999.0
2025-07-07 03:00:00,-999.0
2025-07-07 04:00:00,-999.0
2025-07-07 05:00:00,-999.0
2025-07-07 06:00:00,-999.0
2025-07-07 07:00:00,-999.0
2025-07-07 08:00:00,-999.0
2025-07-07 09:00:00,-999.0
2025-07-07 10:00:00,-999.0
2025-07-07 11:00:00,-999.0
2025-07-07 12:00:00,-999.0
2025-07-07 13:00:00,-999.0
2025-07-07 14:00:00,-999.0
2025-07-07 15:00:00,-999.0
2025-07-07 16:00:00,-999.0
2025-07-07 17:00:00,-999.0
2025-07-07 18:00:00,-999.0
2025-07-07 19:00:00,-999.0
2025-07-07 20:00:00,-999.0
2025-07-07 21:00:00,-999.0
2025-07-07 22:00:00,-999.0
2025-07-07 23:00:00,-999.0
2025-07-08 00:00:00,-999.0
2025-07-08 01:00:00,-999.0
2025-07-08 02:00:00,-999.0
2025-07-08 03:00:00,-999.0
2025-07-08 04:00:00,-999.0
2025-07-08 05:00:00,-999.0
2025-07-08 06:00:00,-999.0
2025-07-08 07:00:00,-999.0
2025-07-08 08:00:00,-999.0
2025-07-08 09:00:00,-999.0
2025-07-08 10:00:00,-999.0
2025-07-08 11:00:00,-999.0
2025-07-08 12:00:00,-999.0
2025-07-08 13:00:00,-999.0
2025-07-08 14:00:00,-999.0
2025-07-08 15:00:00,-999.0
2025-07-08 16:00:00,-999.0
2025-07-08 17:00:00,-999.0
2025-07-08 18:00:00,-999.0
2025-07-08 19:00:00,-999.0
2025-07-08 20:00:00,-999.0
2025-07-08 21:00:00,-999.0
2025-07-08 22:00:00,-999.0
2025-07-08 23:00:00,-999.0
2025-07-09 00:00:00,-999.0
2025-07-09 01:00:00,-999.0
2025-07-09 02:00:00,-999.0
2025-07-09 03:00:00,-999.0
2025-07-09 04:00:00,-999.0
2025-07-09 05:00:00,-999.0
2025-07-09 06:00:00,-999.0
2025-07-09 07:00:00,-999.0
2025-07-09 08:00:00,-999.0
2025-07-09 09:00:00,-999.0
2025-07-09 10:00:00,-999.0
2025-07-09 11:00:00,-999.0
2025-07-09 12:00:00,-999.0
2025-07-09 13:00:00,-999.0
2025-07-09 14:00:00,-999.0
2025-07-09 15:00:00,-999.0
2025-07-09 16:00:00,-999.0
2025-07-09 17:00:00,-999.0
2025-07-09 18:00:00,-999.0
2025-07-09 19:00:00,-999.0
2025-07-09 20:00:00,-999.0
2025-07-09 21:00:00,-999.0
2025-07-09 22:00:00,-999.0
2025-07-09 23:00:00,-999.0
2025-07-10 00:00:00,-999.0
2025-07-10 01:00:00,-999.0
2025-07-10 02:00:00,-999.0
2025-07-10 03:00:00,-999.0
2025-07-10 04:00:00,-999.0
2025-07-10 05:00:00,-999.0
2025-07-10 06:00:00,-999.0
2025-07-10 07:00:00,-999.0
2025-07-10 08:00:00,-999.0
2025-07-10 09:00:00,-999.0
2025-07-10 10:00:00,-999.0
2025-07-10 11:00:00,-999.0
2025-07-10 12:00:00,-999.0
2025-07-10 13:00:00,-999.0
2025-07-10 14:00:00,-999.0
2025-07-10 15:00:00,-999.0
2025-07-10 16:00:00,-999.0
2025-07-10 17:00:00,-999.0
2025-07-10 18:00:00,-999.0
2025-07-10 19:00:00,-999.0
2025-07-10 20:00:00,-999.0
2025-07-10 21:00:00,-999.0
2025-07-10 22:00:00,-999.0
2025-07-10 23:00:00,-999.0
2025-07-11 00:00:00,-999.0
2025-07-11 01:00:00,-999.0
2025-07-11 02:00:00,-999.0
2025-07-11 03:00:00,-999.0
2025-07-11 04:00:00,-999.0
2025-07-11 05:00:00,-999.0
2025-07-11 06:00:00,-999.0
2025-07-11 07:00:00,-999.0
2025-07-11 08:00:00,-999.0
2025-07-11 09:00:00,-999.0
2025-07-11 10:00:00,-999.0
2025-07-11 11:00:00,-999.0
2025-07-11 12:00:00,-999.0
2025-07-11 13:00:00,-999.0
2025-07-11 14:00:00,-999.0
2025-07-11 15:00:00,-999.0
2025-07-11 16:00:00,-999.0
2025-07-11 17:00:00,-999.0
2025-07-11 18:00:00,-999.0
2025-07-11 19:00:00,-999.0
2025-07-11 20:00:00,-999.0
2025-07-11 21:00:00,-999.0
2025-07-11 22:00:00,-999.0
2025-07-11 23:00:00,-999.0
2025-07-12 00:00:00,-999.0
2025-07-12 01:00:00,-999.0
2025-07-12 02:00:00,-999.0
2025-07-12 03:00:00,-999.0
2025-07-12 04:00:00,-999.0
2025-07-12 05:00:00,-999.0
2025-07-12 06:00:00,-999.0
2025-07-12 07:00:00,-999.0
2025-07-12 08:00:00,-999.0
2025-07-12 09:00:00,-999.0
2025-07-12 10:00:00,-999.0
2025-07-12 11:00:00,-999.0
2025-07-12 12:00:00,-999.0
2025-07-12 13:00:00,-999.0
2025-07-12 14:00:00,-999.0
2025-07-12 15:00:00,-999.0
2025-07-12 16:00:00,-999.0
2025-07-12 17:00:00,-999.0
2025-07-12 18:00:00,-999.0
2025-07-12 19:00:00,-999.0
2025-07-12 20:00:00,-999.0
2025-07-12 21:00:00,-999.0
2025-07-12 22:00:00,-999.0
2025-07-12 23:00:00,-999.0
2025-07-13 00:00:00,-999.0
2025-07-13 01:00:00,-999.0
2025-07-13 02:00:00,-999.0
2025-07-13 03:00:00,-999.0
2025-07-13 04:00:00,-999.0
2025-07-13 05:00:00,-999.0
2025-07-13 06:00:00,-999.0
2025-07-13 07:00:00,-999.0
2025-07-13 08:00:00,-999.0
2025-07-13 09:00:00,-999.0
2025-07-13 10:00:00,-999.0
2025-07-13 11:00:00,-999.0
2025-07-13 12:00:00,-999.0
2025-07-13 13:00:00,-999.0
2025-07-13 14:00:00,-999.0
2025-07-13 15:00:00,-999.0
2025-07-13 16:00:00,-999.0
2025-07-13 17:00:00,-999.0
2025-07-13 18:00:00,-999.0
2025-07-13 19:00:00,-999.0
2025-07-13 20:00:00,-999.0
2025-07-13 21:00:00,-999.0
2025-07-13 22:00:00,-999.0
2025-07-13 23:00:00,-999.0
2025-07-14 00:00:00,-999.0
2025-07-14 01:00:00,-999.0
2025-07-14 02:00:00,-999.0
2025-07-14 03:00:00,-999.0
2025-07-14 04:00:00,-999.0
2025-07-14 05:00:00,-999.0
2025-07-14 06:00:00,-999.0
2025-07-14 07:00:00,-999.0
2025-07-14 08:00:00,-999.0
2025-07-14 09:00:00,-999.0
2025-07-14 10:00:00,-999.0
2025-07-14 11:00:00,-999.0
2025-07-14 12:00:00,-999.0
2025-07-14 13:00:00,-999.0
2025-07-14 14:00:00,-999.0
2025-07-14 15:00:00,-999.0
2025-07-14 16:00:00,-999.0
2025-07-14 17:00:00,-999.0
2025-07-14 18:00:00,-999.0
2025-07-14 19:00:00,-999.0
2025-07-14 20:00:00,-999.0
2025-07-14 21:00:00,-999.0
2025-07-14 22:00:00,-999.0
2025-07-14 23:00:00,-999.0
2025-07-15 00:00:00,-999.0
2025-07-15 01:00:00,-999.0
2025-07-15 02:00:00,-999.0
2025-07-15 03:00:00,-999.0
2025-07-15 04:00:00,-999.0
2025-07-15 05:00:00,-999.0
2025-07-15 06:00:00,-999.0
2025-07-15 07:00:00,-999.0
2025-07-15 08:00:00,-999.0
2025-07-15 09:00:00,-999.0
2025-07-15 10:00:00,-999.0
2025-07-15 11:00:00,-999.0
2025-07-15 12:00:00,-999.0
2025-07-15 13:00:00,-999.0
2025-07-15 14:00:00,-999.0
2025-07-15 15:00:00,-999.0
2025-07-15 16:00:00,-999.0
2025-07-15 17:00:00,-999.0
2025-07-15 18:00:00,-999.0
2025-07-15 19:00:00,-999.0
2025-07-15 20:00:00,-999.0
2025-07-15 21:00:00,-999.0
2025-07-15 22:00:00,-999.0
2025-07-15 23:00:00,-999.0
2025-07-16 00:00:00,-999.0
2025-07-16 01:00:00,-999.0
2025-07-16 02:00:00,-999.0
2025-07-16 03:00:00,-999.0
2025-07-16 04:00:00,-999.0
2025-07-16 05:00:00,-999.0
2025-07-16 06:00:00,-999.0
2025-07-16 07:00:00,-999.0
2025-07-16 08:00:00,-999.0
2025-07-16 09:00:00,-999.0
2025-07-16 10:00:00,-999.0
2025-07-16 11:00:00,-999.0
2025-07-16 12:00:00,-999.0
2025-07-16 13:00:00,-999.0
2025-07-16 14:00:00,-999.0
2025-07-16 15:00:00,-999.0
2025-07-16 16:00:00,-999.0
2025-07-16 17:00:00,-999.0
2025-07-16 18:00:00,-999.0
2025-07-16 19:00:00,-999.0
2025-07-16 20:00:00,-999.0
2025-07-16 21:00:00,-999.0
2025-07-16 22:00:00,-999.0
2025-07-16 23:00:00,-999.0
2025-07-17 00:00:00,-999.0
2025-07-17 01:00:00,-999.0
2025-07-17 02:00:00,-999.0
2025-07-17 03:00:00,-999.0
2025-07-17 04:00:00,-999.0
2025-07-17 05:00:00,-999.0
2025-07-17 06:00:00,-999.0
2025-07-17 07:00:00,-999.0
2025-07-17 08:00:00,-999.0
2025-07-17 09:00:00,-999.0
2025-07-17 10:00:00,-999.0
2025-07-17 11:00:00,-999.0
2025-07-17 12:00:00,-999.0
2025-07-17 13:00:00,-999.0
2025-07-17 14:00:00,-999.0
2025-07-17 15:00:00,-999.0
2025-07-17 16:00:00,-999.0
2025-07-17 17:00:00,-999.0
2025-07-17 18:00:00,-999.0
2025-07-17 19:00:00,-999.0
2025-07-17 20:00:00,-999.0
2025-07-17 21:00:00,-999.0
2025-07-17 22:00:00,-999.0
2025-07-17 23:00:00,-999.0
2025-07-18 00:00:00,-999.0
2025-07-18 01:00:00,-999.0
2025-07-18 02:00:00,-999.0
2025-07-18 03:00:00,-999.0
2025-07-18 04:00:00,-999.0
2025-07-18 05:00:00,-999.0
2025-07-18 06:00:00,-999.0
2025-07-18 07:00:00,-999.0
2025-07-18 08:00:00,-999.0
2025-07-18 09:00:00,-999.0
2025-07-18 10:00:00,-999.0
2025-07-18 11:00:00,-999.0
2025-07-18 12:00:00,-999.0
2025-07-18 13:00:00,-999.0
2025-07-18 14:00:00,-999.0
2025-07-18 15:00:00,-999.0
2025-07-18 16:00:00,-999.0
2025-07-18 17:00:00,-999.0
2025-07-18 18:00:00,-999.0
2025-07-18 19:00:00,-999.0
2025-07-18 20:00:00,-999.0
2025-07-18 21:00:00,-999.0
2025-07-18 22:00:00,-999.0
2025-07-18 23:00:00,-999.0
2025-07-19 00:00:00,-999.0
2025-07-19 01:00:00,-999.0
2025-07-19 02:00:00,-999.0
2025-07-19 03:00:00,-999.0
2025-07-19 04:00:00,-999.0
2025-07-19 05:00:00,-999.0
2025-07-19 06:00:00,-999.0
2025-07-19 07:00:00,-999.0
2025-07-19 08:00:00,-999.0
2025-07-19 09:00:00,-999.0
2025-07-19 10:00:00,-999.0
2025-07-19 11:00:00,-999.0
2025-07-19 12:00:00,-999.0
2025-07-19 13:00:00,-999.0
2025-07-19 14:00:00,-999.0
2025-07-19 15:00:00,-999.0
2025-07-19 16:00:00,-999.0
2025-07-19 17:00:00,-999.0
2025-07-19 18:00:00,-999.0
2025-07-19 19:00:00,-999.0
2025-07-19 20:00:00,-999.0
2025-07-19 21:00:00,-999.0
2025-07-19 22:00:00,-999.0
2025-07-19 23:00:00,-999.0
2025-07-20 00:00:00,-999.0
2025-07-20 01:00:00,-999.0
2025-07-20 02:00:00,-999.0
2025-07-20 03:00:00,-999.0
2025-07-20 04:00:00,-999.0
2025-07-20 05:00:00,-999.0
2025-07-20 06:00:00,-999.0
2025-07-20 07:00:00,-999.0
2025-07-20 08:00:00,-999.0
2025-07-20 09:00:00,-999.0
2025-07-20 10:00:00,-999.0
2025-07-20 11:00:00,-999.0
2025-07-20 12:00:00,-999.0
2025-07-20 13:00:00,-999.0
2025-07-20 14:00:00,-999.0
2025-07-20 15:00:00,-999.0
2025-07-20 16:00:00,-999.0
2025-07-20 17:00:00,-999.0
2025-07-20 18:00:00,-999.0
2025-07-20 19:00:00,-999.0
2025-07-20 20:00:00,-999.0
2025-07-20 21:00:00,-999.0
2025-07-20 22:00:00,-999.0
2025-07-20 23:00:00,-999.0
2025-07-21 00:00:00,-999.0
2025-07-21 01:00:00,-999.0
2025-07-21 02:00:00,-999.0
2025-07-21 03:00:00,-999.0
2025-07-21 04:00:00,-999.0
2025-07-21 05:00:00,-999.0
2025-07-21 06:00:00,-999.0
2025-07-21 07:00:00,-999.0
2025-07-21 08:00:00,-999.0
2025-07-21 09:00:00,-999.0
2025-07-21 10:00:00,-999.0
2025-07-21 11:00:00,-999.0
2025-07-21 12:00:00,-999.0
2025-07-21 13:00:00,-999.0
2025-07-21 14:00:00,-999.0
2025-07-21 15:00:00,-999.0
2025-07-21 16:00:00,-999.0
2025-07-21 17:00:00,-999.0
2025-07-21 18:00:00,-999.0
2025-07-21 19:00:00,-999.0
2025-07-21 20:00:00,-999.0
2025-07-21 21:00:00,-999.0
2025-07-21 22:00:00,-999.0
2025-07-21 23:00:00,-999.0
2025-07-22 00:00:00,-999.0
2025-07-22 01:00:00,-999.0
2025-07-22 02:00:00,-999.0
2025-07-22 03:00:00,-999.0
2025-07-22 04:00:00,-999.0
2025-07-22 05:00:00,-999.0
2025-07-22 06:00:00,-999.0
2025-07-22 07:00:00,-999.0
2025-07-22 08:00:00,-999.0
2025-07-22 09:00:00,-999.0
2025-07-22 10:00:00,-999.0
2025-07-22 11:00:00,-999.0
2025-07-22 12:00:00,-999.0
2025-07-22 13:00:00,-999.0
2025-07-22 14:00:00,-999.0
2025-07-22 15:00:00,-999.0
2025-07-22 16:00:00,-999.0
2025-07-22 17:00:00,-999.0
2025-07-22 18:00:00,-999.0
2025-07-22 19:00:00,-999.0
2025-07-22 20:00:00,-999.0
2025-07-22 21:00:00,-999.0
2025-07-22 22:00:00,-999.0
2025-07-22 23:00:00,-999.0
2025-07-23 00:00:00,-999.0
2025-07-23 01:00:00,-999.0
2025-07-23 02:00:00,-999.0
2025-07-23 03:00:00,-999.0
2025-07-23 04:00:00,-999.0
2025-07-23 05:00:00,-999.0
2025-07-23 06:00:00,-999.0
2025-07-23 07:00:00,-999.0
2025-07-23 08:00:00,-999.0
2025-07-23 09:00:00,-999.0
2025-07-23 10:00:00,-999.0
2025-07-23 11:00:00,-999.0
2025-07-23 12:00:00,-999.0
2025-07-23 13:00:00,-999.0
2025-07-23 14:00:00,-999.0
2025-07-23 15:00:00,-999.0
2025-07-23 16:00:00,-999.0
2025-07-23 17:00:00,-999.0
2025-07-23 18:00:00,-999.0
2025-07-23 19:00:00,-999.0
2025-07-23 20:00:00,-999.0
2025-07-23 21:00:00,-999.0
2025-07-23 22:00:00,-999.0
2025-07-23 23:00:00,-999.0
2025-07-24 00:00:00,-999.0
2025-07-24 01:00:00,-999.0
2025-07-24 02:00:00,-999.0
2025-07-24 03:00:00,-999.0
2025-07-24 04:00:00,-999.0
2025-07-24 05:00:00,-999.0
2025-07-24 06:00:00,-999.0
2025-07-24 07:00:00,-999.0
2025-07-24 08:00:00,-999.0
2025-07-24 09:00:00,-999.0
2025-07-24 10:00:00,-999.0
2025-07-24 11:00:00,-999.0
2025-07-24 12:00:00,-999.0
2025-07-24 13:00:00,-999.0
2025-07-24 14:00:00,-999.0
2025-07-24 15:00:00,-999.0
2025-07-24 16:00:00,-999.0
2025-07-24 17:00:00,-999.0
2025-07-24 18:00:00,-999.0
2025-07-24 19:00:00,-999.0
2025-07-24 20:00:00,-999.0
2025-07-24 21:00:00,-999.0
2025-07-24 22:00:00,-999.0
2025-07-24 23:00:00,-999.0
2025-07-25 00:00:00,-999.0
2025-07-25 01:00:00,-999.0
2025-07-25 02:00:00,-999.0
2025-07-25 03:00:00,-999.0
2025-07-25 04:00:00,-999.0
2025-07-25 05:00:00,-999.0
2025-07-25 06:00:00,-999.0
2025-07-25 07:00:00,-999.0
2025-07-25 08:00:00,-999.0
2025-07-25 09:00:00,-999.0
2025-07-25 10:00:00,-999.0
2025-07-25 11:00:00,-999.0
2025-07-25 12:00:00,-999.0
2025-07-25 13:00:00,-999.0
2025-07-25 14:00:00,-999.0
2025-07-25 15:00:00,-999.0
2025-07-25 16:00:00,-999.0
2025-07-25 17:00:00,-999.0
2025-07-25 18:00:00,-999.0
2025-07-25 19:00:00,-999.0
2025-07-25 20:00:00,-999.0
2025-07-25 21:00:00,-999.0
2025-07-25 22:00:00,-999.0
2025-07-25 23:00:00,-999.0
2025-07-26 00:00:00,-999.0
2025-07-26 01:00:00,-999.0
2025-07-26 02:00:00,-999.0
2025-07-26 03:00:00,-999.0
2025-07-26 04:00:00,-999.0
2025-07-26 05:00:00,-999.0
2025-07-26 06:00:00,-999.0
2025-07-26 07:00:00,-999.0
2025-07-26 08:00:00,-999.0
2025-07-26 09:00:00,-999.0
2025-07-26 10:00:00,-999.0
2025-07-26 11:00:00,-999.0
2025-07-26 12:00:00,-999.0
2025-07-26 13:00:00,-999.0
2025-07-26 14:00:00,-999.0
2025-07-26 15:00:00,-999.0
2025-07-26 16:00:00,-999.0
2025-07-26 17:00:00,-999.0
2025-07-26 18:00:00,-999.0
2025-07-26 19:00:00,-999.0
2025-07-26 20:00:00,-999.0
2025-07-26 21:00:00,-999.0
2025-07-26 22:00:00,-999.0
2025-07-26 23:00:00,-999.0
2025-07-27 00:00:00,-999.0
2025-07-27 01:00:00,-999.0
2025-07-27 02:00:00,-999.0
2025-07-27 03:00:00,-999.0
2025-07-27 04:00:00,-999.0
2025-07-27 05:00:00,-999.0
2025-07-27 06:00:00,-999.0
2025-07-27 07:00:00,-999.0
2025-07-27 08:00:00,-999.0
2025-07-27 09:00:00,-999.0
2025-07-27 10:00:00,-999.0
2025-07-27 11:00:00,-999.0
2025-07-27 12:00:00,-999.0
2025-07-27 13:00:00,-999.0
2025-07-27 14:00:00,-999.0
2025-07-27 15:00:00,-999.0
2025-07-27 16:00:00,-999.0
2025-07-27 17:00:00,-999.0
2025-07-27 18:00:00,-999.0
2025-07-27 19:00:00,-999.0
2025-07-27 20:00:00,-999.0
2025-07-27 21:00:00,-999.0
2025-07-27 22:00:00,-999.0
2025-07-27 23:00:00,-999.0
2025-07-28 00:00:00,-999.0
2025-07-28 01:00:00,-999.0
2025-07-28 02:00:00,-999.0
2025-07-28 03:00:00,-999.0
2025-07-28 04:00:00,-999.0
2025-07-28 05:00:00,-999.0
2025-07-28 06:00:00,-999.0
2025-07-28 07:00:00,-999.0
2025-07-28 08:00:00,-999.0
2025-07-28 09:00:00,-999.0
2025-07-28 10:00:00,-999.0
2025-07-28 11:00:00,-999.0
2025-07-28 12:00:00,-999.0
2025-07-28 13:00:00,-999.0
2025-07-28 14:00:00,-999.0
2025-07-28 15:00:00,-999.0
2025-07-28 16:00:00,-999.0
2025-07-28 17:00:00,-999.0
2025-07-28 18:00:00,-999.0
2025-07-28 19:00:00,-999.0
2025-07-28 20:00:00,-999.0
2025-07-28 21:00:00,-999.0
2025-07-28 22:00:00,-999.0
2025-07-28 23:00:00,-999.0
2025-07-29 00:00:00,-999.0
2025-07-29 01:00:00,-999.0
2025-07-29 02:00:00,-999.0
2025-07-29 03:00:00,-999.0
2025-07-29 04:00:00,-999.0
2025-07-29 05:00:00,-999.0
2025-07-29 06:00:00,-999.0
2025-07-29 07:00:00,-999.0
2025-07-29 08:00:00,-999.0
2025-07-29 09:00:00,-999.0
2025-07-29 10:00:00,-999.0
2025-07-29 11:00:00,-999.0
2025-07-29 12:00:00,-999.0
2025-07-29 13:00:00,-999.0
2025-07-29 14:00:00,-999.0
2025-07-29 15:00:00,-999.0
2025-07-29 16:00:00,-999.0
2025-07-29 17:00:00,-999.0
2025-07-29 18:00:00,-999.0
2025-07-29 19:00:00,-999.0
2025-07-29 20:00:00,-999.0
2025-07-29 21:00:00,-999.0
2025-07-29 22:00:00,-999.0
2025-07-29 23:00:00,-999.0
2025-07-30 00:00:00,-999.0
2025-07-30 01:00:00,-999.0
2025-07-30 02:00:00,-999.0
2025-07-30 03:00:00,-999.0
2025-07-30 04:00:00,-999.0
2025-07-30 05:00:00,-999.0
2025-07-30 06:00:00,-999.0
2025-07-30 07:00:00,-999.0
2025-07-30 08:00:00,-999.0
2025-07-30 09:00:00,-999.0
2025-07-30 10:00:00,-999.0
2025-07-30 11:00:00,-999.0
2025-07-30 12:00:00,-999.0
2025-07-30 13:00:00,-999.0
2025-07-30 14:00:00,-999.0
2025-07-30 15:00:00,-999.0
2025-07-30 16:00:00,-999.0
2025-07-30 17:00:00,-999.0
2025-07-30 18:00:00,-999.0
2025-07-30 19:00:00,-999.0
2025-07-30 20:00:00,-999.0
2025-07-30 21:00:00,-999.0
2025-07-30 22:00:00,-999.0
2025-07-30 23:00:00,-999.0
2025-07-31 00:00:00,-999.0
2025-07-31 01:00:00,-999.0
2025-07-31 02:00:00,-999.0
2025-07-31 03:00:00,-999.0
2025-07-31 04:00:00,-999.0
2025-07-31 05:00:00,-999.0
2025-07-31 06:00:00,-999.0
2025-07-31 07:00:00,-999.0
2025-07-31 08:00:00,-999.0
2025-07-31 09:00:00,-999.0
2025-07-31 10:00:00,-999.0
2025-07-31 11:00:00,-999.0
2025-07-31 12:00:00,-999.0
2025-07-31 13:00:00,-999.0
2025-07-31 14:00:00,-999.0
2025-07-31 15:00:00,-999.0
2025-07-31 16:00:00,-999.0
2025-07-31 17:00:00,-999.0
2025-07-31 18:00:00,-999.0
2025-07-31 19:00:00,-999.0
2025-07-31 20:00:00,-999.0
2025-07-31 21:00:00,-999.0
2025-07-31 22:00:00,-999.0
2025-07-31 23:00:00,-999.0
2025-08-01 00:00:00,-999.0
2025-08-01 01:00:00,-999.0
2025-08-01 02:00:00,-999.0
2025-08-01 03:00:00,-999.0
2025-08-01 04:00:00,-999.0
2025-08-01 05:00:00,-999.0
2025-08-01 06:00:00,-999.0
2025-08-01 07:00:00,-999.0
2025-08-01 08:00:00,-999.0
2025-08-01 09:00:00,-999.0
2025-08-01 10:00:00,-999.0
2025-08-01 11:00:00,-999.0
2025-08-01 12:00:00,-999.0
2025-08-01 13:00:00,-999.0
2025-08-01 14:00:00,-999.0
2025-08-01 15:00:00,-999.0
2025-08-01 16:00:00,-999.0
2025-08-01 17:00:00,-999.0
2025-08-01 18:00:00,-999.0
2025-08-01 19:00:00,-999.0
2025-08-01 20:00:00,-999.0
2025-08-01 21:00:00,-999.0
2025-08-01 22:00:00,-999.0
2025-08-01 23:00:00,-999.0
2025-08-02 00:00:00,-999.0
2025-08-02 01:00:00,-999.0
2025-08-02 02:00:00,-999.0
2025-08-02 03:00:00,-999.0
2025-08-02 04:00:00,-999.0
2025-08-02 05:00:00,-999.0
2025-08-02 06:00:00,-999.0
2025-08-02 07:00:00,-999.0
2025-08-02 08:00:00,-999.0
2025-08-02 09:00:00,-999.0
2025-08-02 10:00:00,-999.0
2025-08-02 11:00:00,-999.0
2025-08-02 12:00:00,-999.0
2025-08-02 13:00:00,-999.0
2025-08-02 14:00:00,-999.0
2025-08-02 15:00:00,-999.0
2025-08-02 16:00:00,-999.0
2025-08-02 17:00:00,-999.0
2025-08-02 18:00:00,-999.0
2025-08-02 19:00:00,-999.0
2025-08-02 20:00:00,-999.0
2025-08-02 21:00:00,-999.0
2025-08-02 22:00:00,-999.0
2025-08-02 23:00:00,-999.0
