datetime,ALLSKY_SFC_SW_DWN
2024-08-02 00:00:00,0.0
2024-08-02 01:00:00,0.0
2024-08-02 02:00:00,0.0
2024-08-02 03:00:00,0.0
2024-08-02 04:00:00,0.0
2024-08-02 05:00:00,22.25
2024-08-02 06:00:00,137.2
2024-08-02 07:00:00,276.98
2024-08-02 08:00:00,431.27
2024-08-02 09:00:00,400.75
2024-08-02 10:00:00,492.62
2024-08-02 11:00:00,524.47
2024-08-02 12:00:00,471.08
2024-08-02 13:00:00,322.5
2024-08-02 14:00:00,297.5
2024-08-02 15:00:00,194.75
2024-08-02 16:00:00,115.0
2024-08-02 17:00:00,46.17
2024-08-02 18:00:00,2.6
2024-08-02 19:00:00,0.0
2024-08-02 20:00:00,0.0
2024-08-02 21:00:00,0.0
2024-08-02 22:00:00,0.0
2024-08-02 23:00:00,0.0
2024-08-03 00:00:00,0.0
2024-08-03 01:00:00,0.0
2024-08-03 02:00:00,0.0
2024-08-03 03:00:00,0.0
2024-08-03 04:00:00,0.0
2024-08-03 05:00:00,16.83
2024-08-03 06:00:00,108.43
2024-08-03 07:00:00,232.48
2024-08-03 08:00:00,328.42
2024-08-03 09:00:00,445.88
2024-08-03 10:00:00,466.75
2024-08-03 11:00:00,530.95
2024-08-03 12:00:00,430.85
2024-08-03 13:00:00,439.27
2024-08-03 14:00:00,425.12
2024-08-03 15:00:00,340.08
2024-08-03 16:00:00,188.95
2024-08-03 17:00:00,69.88
2024-08-03 18:00:00,3.35
2024-08-03 19:00:00,0.0
2024-08-03 20:00:00,0.0
2024-08-03 21:00:00,0.0
2024-08-03 22:00:00,0.0
2024-08-03 23:00:00,0.0
2024-08-04 00:00:00,0.0
2024-08-04 01:00:00,0.0
2024-08-04 02:00:00,0.0
2024-08-04 03:00:00,0.0
2024-08-04 04:00:00,0.0
2024-08-04 05:00:00,18.88
2024-08-04 06:00:00,120.72
2024-08-04 07:00:00,251.95
2024-08-04 08:00:00,378.15
2024-08-04 09:00:00,502.38
2024-08-04 10:00:00,546.35
2024-08-04 11:00:00,588.58
2024-08-04 12:00:00,531.75
2024-08-04 13:00:00,554.65
2024-08-04 14:00:00,486.12
2024-08-04 15:00:00,363.75
2024-08-04 16:00:00,194.4
2024-08-04 17:00:00,69.72
2024-08-04 18:00:00,1.92
2024-08-04 19:00:00,0.0
2024-08-04 20:00:00,0.0
2024-08-04 21:00:00,0.0
2024-08-04 22:00:00,0.0
2024-08-04 23:00:00,0.0
2024-08-05 00:00:00,0.0
2024-08-05 01:00:00,0.0
2024-08-05 02:00:00,0.0
2024-08-05 03:00:00,0.0
2024-08-05 04:00:00,0.0
2024-08-05 05:00:00,7.65
2024-08-05 06:00:00,62.3
2024-08-05 07:00:00,146.52
2024-08-05 08:00:00,278.8
2024-08-05 09:00:00,416.73
2024-08-05 10:00:00,434.6
2024-08-05 11:00:00,445.38
2024-08-05 12:00:00,441.9
2024-08-05 13:00:00,250.68
2024-08-05 14:00:00,154.05
2024-08-05 15:00:00,138.85
2024-08-05 16:00:00,70.32
2024-08-05 17:00:00,28.48
2024-08-05 18:00:00,2.53
2024-08-05 19:00:00,0.0
2024-08-05 20:00:00,0.0
2024-08-05 21:00:00,0.0
2024-08-05 22:00:00,0.0
2024-08-05 23:00:00,0.0
2024-08-06 00:00:00,0.0
2024-08-06 01:00:00,0.0
2024-08-06 02:00:00,0.0
2024-08-06 03:00:00,0.0
2024-08-06 04:00:00,0.0
2024-08-06 05:00:00,13.23
2024-08-06 06:00:00,79.78
2024-08-06 07:00:00,159.4
2024-08-06 08:00:00,242.85
2024-08-06 09:00:00,334.83
2024-08-06 10:00:00,410.48
2024-08-06 11:00:00,484.17
2024-08-06 12:00:00,550.22
2024-08-06 13:00:00,462.33
2024-08-06 14:00:00,464.35
2024-08-06 15:00:00,343.05
2024-08-06 16:00:00,200.88
2024-08-06 17:00:00,73.95
2024-08-06 18:00:00,3.47
2024-08-06 19:00:00,0.0
2024-08-06 20:00:00,0.0
2024-08-06 21:00:00,0.0
2024-08-06 22:00:00,0.0
2024-08-06 23:00:00,0.0
2024-08-07 00:00:00,0.0
2024-08-07 01:00:00,0.0
2024-08-07 02:00:00,0.0
2024-08-07 03:00:00,0.0
2024-08-07 04:00:00,0.0
2024-08-07 05:00:00,20.0
2024-08-07 06:00:00,140.68
2024-08-07 07:00:00,279.1
2024-08-07 08:00:00,445.4
2024-08-07 09:00:00,515.45
2024-08-07 10:00:00,516.8
2024-08-07 11:00:00,483.7
2024-08-07 12:00:00,463.12
2024-08-07 13:00:00,363.52
2024-08-07 14:00:00,282.3
2024-08-07 15:00:00,276.35
2024-08-07 16:00:00,159.95
2024-08-07 17:00:00,65.1
2024-08-07 18:00:00,3.22
2024-08-07 19:00:00,0.0
2024-08-07 20:00:00,0.0
2024-08-07 21:00:00,0.0
2024-08-07 22:00:00,0.0
2024-08-07 23:00:00,0.0
2024-08-08 00:00:00,0.0
2024-08-08 01:00:00,0.0
2024-08-08 02:00:00,0.0
2024-08-08 03:00:00,0.0
2024-08-08 04:00:00,0.0
2024-08-08 05:00:00,10.23
2024-08-08 06:00:00,74.97
2024-08-08 07:00:00,169.12
2024-08-08 08:00:00,267.67
2024-08-08 09:00:00,320.33
2024-08-08 10:00:00,359.33
2024-08-08 11:00:00,260.8
2024-08-08 12:00:00,235.2
2024-08-08 13:00:00,195.8
2024-08-08 14:00:00,344.38
2024-08-08 15:00:00,248.3
2024-08-08 16:00:00,143.27
2024-08-08 17:00:00,59.9
2024-08-08 18:00:00,2.8
2024-08-08 19:00:00,0.0
2024-08-08 20:00:00,0.0
2024-08-08 21:00:00,0.0
2024-08-08 22:00:00,0.0
2024-08-08 23:00:00,0.0
2024-08-09 00:00:00,0.0
2024-08-09 01:00:00,0.0
2024-08-09 02:00:00,0.0
2024-08-09 03:00:00,0.0
2024-08-09 04:00:00,0.0
2024-08-09 05:00:00,19.1
2024-08-09 06:00:00,139.7
2024-08-09 07:00:00,292.73
2024-08-09 08:00:00,475.77
2024-08-09 09:00:00,624.53
2024-08-09 10:00:00,493.67
2024-08-09 11:00:00,625.75
2024-08-09 12:00:00,597.28
2024-08-09 13:00:00,617.15
2024-08-09 14:00:00,536.35
2024-08-09 15:00:00,384.73
2024-08-09 16:00:00,215.57
2024-08-09 17:00:00,77.6
2024-08-09 18:00:00,2.75
2024-08-09 19:00:00,0.0
2024-08-09 20:00:00,0.0
2024-08-09 21:00:00,0.0
2024-08-09 22:00:00,0.0
2024-08-09 23:00:00,0.0
2024-08-10 00:00:00,0.0
2024-08-10 01:00:00,0.0
2024-08-10 02:00:00,0.0
2024-08-10 03:00:00,0.0
2024-08-10 04:00:00,0.0
2024-08-10 05:00:00,17.2
2024-08-10 06:00:00,117.65
2024-08-10 07:00:00,257.42
2024-08-10 08:00:00,397.9
2024-08-10 09:00:00,536.7
2024-08-10 10:00:00,545.08
2024-08-10 11:00:00,577.8
2024-08-10 12:00:00,571.9
2024-08-10 13:00:00,492.27
2024-08-10 14:00:00,329.98
2024-08-10 15:00:00,188.7
2024-08-10 16:00:00,115.68
2024-08-10 17:00:00,45.95
2024-08-10 18:00:00,0.0
2024-08-10 19:00:00,0.0
2024-08-10 20:00:00,0.0
2024-08-10 21:00:00,0.0
2024-08-10 22:00:00,0.0
2024-08-10 23:00:00,0.0
2024-08-11 00:00:00,0.0
2024-08-11 01:00:00,0.0
2024-08-11 02:00:00,0.0
2024-08-11 03:00:00,0.0
2024-08-11 04:00:00,0.0
2024-08-11 05:00:00,7.05
2024-08-11 06:00:00,47.7
2024-08-11 07:00:00,102.15
2024-08-11 08:00:00,147.98
2024-08-11 09:00:00,202.05
2024-08-11 10:00:00,181.98
2024-08-11 11:00:00,266.05
2024-08-11 12:00:00,249.05
2024-08-11 13:00:00,276.2
2024-08-11 14:00:00,259.27
2024-08-11 15:00:00,185.82
2024-08-11 16:00:00,108.22
2024-08-11 17:00:00,41.92
2024-08-11 18:00:00,0.0
2024-08-11 19:00:00,0.0
2024-08-11 20:00:00,0.0
2024-08-11 21:00:00,0.0
2024-08-11 22:00:00,0.0
2024-08-11 23:00:00,0.0
2024-08-12 00:00:00,0.0
2024-08-12 01:00:00,0.0
2024-08-12 02:00:00,0.0
2024-08-12 03:00:00,0.0
2024-08-12 04:00:00,0.0
2024-08-12 05:00:00,10.18
2024-08-12 06:00:00,68.32
2024-08-12 07:00:00,129.3
2024-08-12 08:00:00,201.0
2024-08-12 09:00:00,313.58
2024-08-12 10:00:00,321.23
2024-08-12 11:00:00,458.17
2024-08-12 12:00:00,447.15
2024-08-12 13:00:00,414.25
2024-08-12 14:00:00,402.85
2024-08-12 15:00:00,302.08
2024-08-12 16:00:00,169.18
2024-08-12 17:00:00,68.47
2024-08-12 18:00:00,0.0
2024-08-12 19:00:00,0.0
2024-08-12 20:00:00,0.0
2024-08-12 21:00:00,0.0
2024-08-12 22:00:00,0.0
2024-08-12 23:00:00,0.0
2024-08-13 00:00:00,0.0
2024-08-13 01:00:00,0.0
2024-08-13 02:00:00,0.0
2024-08-13 03:00:00,0.0
2024-08-13 04:00:00,0.0
2024-08-13 05:00:00,16.27
2024-08-13 06:00:00,143.38
2024-08-13 07:00:00,315.75
2024-08-13 08:00:00,514.62
2024-08-13 09:00:00,592.38
2024-08-13 10:00:00,668.88
2024-08-13 11:00:00,814.12
2024-08-13 12:00:00,793.72
2024-08-13 13:00:00,724.83
2024-08-13 14:00:00,619.83
2024-08-13 15:00:00,471.02
2024-08-13 16:00:00,269.33
2024-08-13 17:00:00,97.72
2024-08-13 18:00:00,0.0
2024-08-13 19:00:00,0.0
2024-08-13 20:00:00,0.0
2024-08-13 21:00:00,0.0
2024-08-13 22:00:00,0.0
2024-08-13 23:00:00,0.0
2024-08-14 00:00:00,0.0
2024-08-14 01:00:00,0.0
2024-08-14 02:00:00,0.0
2024-08-14 03:00:00,0.0
2024-08-14 04:00:00,0.0
2024-08-14 05:00:00,16.98
2024-08-14 06:00:00,126.0
2024-08-14 07:00:00,279.12
2024-08-14 08:00:00,446.42
2024-08-14 09:00:00,573.8
2024-08-14 10:00:00,725.88
2024-08-14 11:00:00,804.58
2024-08-14 12:00:00,783.05
2024-08-14 13:00:00,655.22
2024-08-14 14:00:00,483.58
2024-08-14 15:00:00,350.08
2024-08-14 16:00:00,201.55
2024-08-14 17:00:00,67.3
2024-08-14 18:00:00,0.0
2024-08-14 19:00:00,0.0
2024-08-14 20:00:00,0.0
2024-08-14 21:00:00,0.0
2024-08-14 22:00:00,0.0
2024-08-14 23:00:00,0.0
2024-08-15 00:00:00,0.0
2024-08-15 01:00:00,0.0
2024-08-15 02:00:00,0.0
2024-08-15 03:00:00,0.0
2024-08-15 04:00:00,0.0
2024-08-15 05:00:00,16.08
2024-08-15 06:00:00,119.2
2024-08-15 07:00:00,265.38
2024-08-15 08:00:00,420.4
2024-08-15 09:00:00,588.47
2024-08-15 10:00:00,686.67
2024-08-15 11:00:00,717.05
2024-08-15 12:00:00,755.62
2024-08-15 13:00:00,657.55
2024-08-15 14:00:00,528.72
2024-08-15 15:00:00,363.2
2024-08-15 16:00:00,197.35
2024-08-15 17:00:00,63.08
2024-08-15 18:00:00,0.0
2024-08-15 19:00:00,0.0
2024-08-15 20:00:00,0.0
2024-08-15 21:00:00,0.0
2024-08-15 22:00:00,0.0
2024-08-15 23:00:00,0.0
2024-08-16 00:00:00,0.0
2024-08-16 01:00:00,0.0
2024-08-16 02:00:00,0.0
2024-08-16 03:00:00,0.0
2024-08-16 04:00:00,0.0
2024-08-16 05:00:00,11.82
2024-08-16 06:00:00,106.22
2024-08-16 07:00:00,247.27
2024-08-16 08:00:00,418.33
2024-08-16 09:00:00,549.17
2024-08-16 10:00:00,617.78
2024-08-16 11:00:00,653.05
2024-08-16 12:00:00,624.03
2024-08-16 13:00:00,457.35
2024-08-16 14:00:00,470.27
2024-08-16 15:00:00,313.55
2024-08-16 16:00:00,176.0
2024-08-16 17:00:00,61.55
2024-08-16 18:00:00,0.0
2024-08-16 19:00:00,0.0
2024-08-16 20:00:00,0.0
2024-08-16 21:00:00,0.0
2024-08-16 22:00:00,0.0
2024-08-16 23:00:00,0.0
2024-08-17 00:00:00,0.0
2024-08-17 01:00:00,0.0
2024-08-17 02:00:00,0.0
2024-08-17 03:00:00,0.0
2024-08-17 04:00:00,0.0
2024-08-17 05:00:00,9.05
2024-08-17 06:00:00,67.95
2024-08-17 07:00:00,136.32
2024-08-17 08:00:00,219.5
2024-08-17 09:00:00,354.85
2024-08-17 10:00:00,401.8
2024-08-17 11:00:00,302.02
2024-08-17 12:00:00,329.08
2024-08-17 13:00:00,217.62
2024-08-17 14:00:00,255.9
2024-08-17 15:00:00,226.55
2024-08-17 16:00:00,142.18
2024-08-17 17:00:00,52.65
2024-08-17 18:00:00,0.0
2024-08-17 19:00:00,0.0
2024-08-17 20:00:00,0.0
2024-08-17 21:00:00,0.0
2024-08-17 22:00:00,0.0
2024-08-17 23:00:00,0.0
2024-08-18 00:00:00,0.0
2024-08-18 01:00:00,0.0
2024-08-18 02:00:00,0.0
2024-08-18 03:00:00,0.0
2024-08-18 04:00:00,0.0
2024-08-18 05:00:00,8.88
2024-08-18 06:00:00,76.57
2024-08-18 07:00:00,185.65
2024-08-18 08:00:00,279.62
2024-08-18 09:00:00,399.8
2024-08-18 10:00:00,403.9
2024-08-18 11:00:00,439.8
2024-08-18 12:00:00,410.02
2024-08-18 13:00:00,311.42
2024-08-18 14:00:00,276.52
2024-08-18 15:00:00,141.88
2024-08-18 16:00:00,75.35
2024-08-18 17:00:00,25.1
2024-08-18 18:00:00,0.0
2024-08-18 19:00:00,0.0
2024-08-18 20:00:00,0.0
2024-08-18 21:00:00,0.0
2024-08-18 22:00:00,0.0
2024-08-18 23:00:00,0.0
2024-08-19 00:00:00,0.0
2024-08-19 01:00:00,0.0
2024-08-19 02:00:00,0.0
2024-08-19 03:00:00,0.0
2024-08-19 04:00:00,0.0
2024-08-19 05:00:00,9.23
2024-08-19 06:00:00,71.7
2024-08-19 07:00:00,164.9
2024-08-19 08:00:00,260.98
2024-08-19 09:00:00,330.4
2024-08-19 10:00:00,250.0
2024-08-19 11:00:00,318.75
2024-08-19 12:00:00,277.92
2024-08-19 13:00:00,274.8
2024-08-19 14:00:00,228.8
2024-08-19 15:00:00,173.32
2024-08-19 16:00:00,107.3
2024-08-19 17:00:00,40.42
2024-08-19 18:00:00,0.0
2024-08-19 19:00:00,0.0
2024-08-19 20:00:00,0.0
2024-08-19 21:00:00,0.0
2024-08-19 22:00:00,0.0
2024-08-19 23:00:00,0.0
2024-08-20 00:00:00,0.0
2024-08-20 01:00:00,0.0
2024-08-20 02:00:00,0.0
2024-08-20 03:00:00,0.0
2024-08-20 04:00:00,0.0
2024-08-20 05:00:00,8.27
2024-08-20 06:00:00,70.18
2024-08-20 07:00:00,136.3
2024-08-20 08:00:00,189.2
2024-08-20 09:00:00,336.02
2024-08-20 10:00:00,378.75
2024-08-20 11:00:00,416.52
2024-08-20 12:00:00,359.52
2024-08-20 13:00:00,425.0
2024-08-20 14:00:00,239.2
2024-08-20 15:00:00,184.3
2024-08-20 16:00:00,98.7
2024-08-20 17:00:00,33.9
2024-08-20 18:00:00,0.0
2024-08-20 19:00:00,0.0
2024-08-20 20:00:00,0.0
2024-08-20 21:00:00,0.0
2024-08-20 22:00:00,0.0
2024-08-20 23:00:00,0.0
2024-08-21 00:00:00,0.0
2024-08-21 01:00:00,0.0
2024-08-21 02:00:00,0.0
2024-08-21 03:00:00,0.0
2024-08-21 04:00:00,0.0
2024-08-21 05:00:00,9.27
2024-08-21 06:00:00,105.05
2024-08-21 07:00:00,231.52
2024-08-21 08:00:00,389.4
2024-08-21 09:00:00,446.9
2024-08-21 10:00:00,454.7
2024-08-21 11:00:00,514.55
2024-08-21 12:00:00,578.58
2024-08-21 13:00:00,487.45
2024-08-21 14:00:00,455.62
2024-08-21 15:00:00,342.12
2024-08-21 16:00:00,179.43
2024-08-21 17:00:00,51.2
2024-08-21 18:00:00,0.0
2024-08-21 19:00:00,0.0
2024-08-21 20:00:00,0.0
2024-08-21 21:00:00,0.0
2024-08-21 22:00:00,0.0
2024-08-21 23:00:00,0.0
2024-08-22 00:00:00,0.0
2024-08-22 01:00:00,0.0
2024-08-22 02:00:00,0.0
2024-08-22 03:00:00,0.0
2024-08-22 04:00:00,0.0
2024-08-22 05:00:00,13.32
2024-08-22 06:00:00,135.7
2024-08-22 07:00:00,280.83
2024-08-22 08:00:00,461.12
2024-08-22 09:00:00,505.58
2024-08-22 10:00:00,554.6
2024-08-22 11:00:00,630.03
2024-08-22 12:00:00,603.8
2024-08-22 13:00:00,450.58
2024-08-22 14:00:00,262.48
2024-08-22 15:00:00,165.6
2024-08-22 16:00:00,87.03
2024-08-22 17:00:00,19.92
2024-08-22 18:00:00,0.0
2024-08-22 19:00:00,0.0
2024-08-22 20:00:00,0.0
2024-08-22 21:00:00,0.0
2024-08-22 22:00:00,0.0
2024-08-22 23:00:00,0.0
2024-08-23 00:00:00,0.0
2024-08-23 01:00:00,0.0
2024-08-23 02:00:00,0.0
2024-08-23 03:00:00,0.0
2024-08-23 04:00:00,0.0
2024-08-23 05:00:00,13.3
2024-08-23 06:00:00,119.25
2024-08-23 07:00:00,263.33
2024-08-23 08:00:00,413.62
2024-08-23 09:00:00,606.83
2024-08-23 10:00:00,750.78
2024-08-23 11:00:00,811.47
2024-08-23 12:00:00,709.4
2024-08-23 13:00:00,611.53
2024-08-23 14:00:00,471.92
2024-08-23 15:00:00,341.58
2024-08-23 16:00:00,188.57
2024-08-23 17:00:00,47.15
2024-08-23 18:00:00,0.0
2024-08-23 19:00:00,0.0
2024-08-23 20:00:00,0.0
2024-08-23 21:00:00,0.0
2024-08-23 22:00:00,0.0
2024-08-23 23:00:00,0.0
2024-08-24 00:00:00,0.0
2024-08-24 01:00:00,0.0
2024-08-24 02:00:00,0.0
2024-08-24 03:00:00,0.0
2024-08-24 04:00:00,0.0
2024-08-24 05:00:00,5.05
2024-08-24 06:00:00,38.65
2024-08-24 07:00:00,80.45
2024-08-24 08:00:00,134.18
2024-08-24 09:00:00,304.33
2024-08-24 10:00:00,378.85
2024-08-24 11:00:00,539.0
2024-08-24 12:00:00,575.1
2024-08-24 13:00:00,409.67
2024-08-24 14:00:00,448.88
2024-08-24 15:00:00,423.5
2024-08-24 16:00:00,218.23
2024-08-24 17:00:00,57.65
2024-08-24 18:00:00,0.0
2024-08-24 19:00:00,0.0
2024-08-24 20:00:00,0.0
2024-08-24 21:00:00,0.0
2024-08-24 22:00:00,0.0
2024-08-24 23:00:00,0.0
2024-08-25 00:00:00,0.0
2024-08-25 01:00:00,0.0
2024-08-25 02:00:00,0.0
2024-08-25 03:00:00,0.0
2024-08-25 04:00:00,0.0
2024-08-25 05:00:00,12.75
2024-08-25 06:00:00,118.95
2024-08-25 07:00:00,253.02
2024-08-25 08:00:00,431.75
2024-08-25 09:00:00,570.75
2024-08-25 10:00:00,599.45
2024-08-25 11:00:00,709.42
2024-08-25 12:00:00,622.58
2024-08-25 13:00:00,626.3
2024-08-25 14:00:00,552.28
2024-08-25 15:00:00,418.0
2024-08-25 16:00:00,219.85
2024-08-25 17:00:00,60.28
2024-08-25 18:00:00,0.0
2024-08-25 19:00:00,0.0
2024-08-25 20:00:00,0.0
2024-08-25 21:00:00,0.0
2024-08-25 22:00:00,0.0
2024-08-25 23:00:00,0.0
2024-08-26 00:00:00,0.0
2024-08-26 01:00:00,0.0
2024-08-26 02:00:00,0.0
2024-08-26 03:00:00,0.0
2024-08-26 04:00:00,0.0
2024-08-26 05:00:00,13.1
2024-08-26 06:00:00,109.68
2024-08-26 07:00:00,242.02
2024-08-26 08:00:00,383.92
2024-08-26 09:00:00,583.4
2024-08-26 10:00:00,578.17
2024-08-26 11:00:00,610.45
2024-08-26 12:00:00,608.22
2024-08-26 13:00:00,564.58
2024-08-26 14:00:00,527.42
2024-08-26 15:00:00,405.9
2024-08-26 16:00:00,215.45
2024-08-26 17:00:00,59.3
2024-08-26 18:00:00,0.0
2024-08-26 19:00:00,0.0
2024-08-26 20:00:00,0.0
2024-08-26 21:00:00,0.0
2024-08-26 22:00:00,0.0
2024-08-26 23:00:00,0.0
2024-08-27 00:00:00,0.0
2024-08-27 01:00:00,0.0
2024-08-27 02:00:00,0.0
2024-08-27 03:00:00,0.0
2024-08-27 04:00:00,0.0
2024-08-27 05:00:00,13.15
2024-08-27 06:00:00,141.45
2024-08-27 07:00:00,316.7
2024-08-27 08:00:00,509.75
2024-08-27 09:00:00,630.38
2024-08-27 10:00:00,699.03
2024-08-27 11:00:00,756.97
2024-08-27 12:00:00,792.38
2024-08-27 13:00:00,620.42
2024-08-27 14:00:00,452.08
2024-08-27 15:00:00,335.52
2024-08-27 16:00:00,177.07
2024-08-27 17:00:00,45.4
2024-08-27 18:00:00,0.0
2024-08-27 19:00:00,0.0
2024-08-27 20:00:00,0.0
2024-08-27 21:00:00,0.0
2024-08-27 22:00:00,0.0
2024-08-27 23:00:00,0.0
2024-08-28 00:00:00,0.0
2024-08-28 01:00:00,0.0
2024-08-28 02:00:00,0.0
2024-08-28 03:00:00,0.0
2024-08-28 04:00:00,0.0
2024-08-28 05:00:00,8.4
2024-08-28 06:00:00,81.47
2024-08-28 07:00:00,189.75
2024-08-28 08:00:00,305.02
2024-08-28 09:00:00,336.48
2024-08-28 10:00:00,437.25
2024-08-28 11:00:00,499.9
2024-08-28 12:00:00,574.28
2024-08-28 13:00:00,582.12
2024-08-28 14:00:00,505.17
2024-08-28 15:00:00,371.33
2024-08-28 16:00:00,213.02
2024-08-28 17:00:00,48.97
2024-08-28 18:00:00,0.0
2024-08-28 19:00:00,0.0
2024-08-28 20:00:00,0.0
2024-08-28 21:00:00,0.0
2024-08-28 22:00:00,0.0
2024-08-28 23:00:00,0.0
2024-08-29 00:00:00,0.0
2024-08-29 01:00:00,0.0
2024-08-29 02:00:00,0.0
2024-08-29 03:00:00,0.0
2024-08-29 04:00:00,0.0
2024-08-29 05:00:00,11.8
2024-08-29 06:00:00,129.02
2024-08-29 07:00:00,289.38
2024-08-29 08:00:00,465.55
2024-08-29 09:00:00,586.65
2024-08-29 10:00:00,661.22
2024-08-29 11:00:00,697.88
2024-08-29 12:00:00,615.92
2024-08-29 13:00:00,571.4
2024-08-29 14:00:00,506.5
2024-08-29 15:00:00,309.8
2024-08-29 16:00:00,189.07
2024-08-29 17:00:00,44.05
2024-08-29 18:00:00,0.0
2024-08-29 19:00:00,0.0
2024-08-29 20:00:00,0.0
2024-08-29 21:00:00,0.0
2024-08-29 22:00:00,0.0
2024-08-29 23:00:00,0.0
2024-08-30 00:00:00,0.0
2024-08-30 01:00:00,0.0
2024-08-30 02:00:00,0.0
2024-08-30 03:00:00,0.0
2024-08-30 04:00:00,0.0
2024-08-30 05:00:00,12.45
2024-08-30 06:00:00,157.43
2024-08-30 07:00:00,343.08
2024-08-30 08:00:00,578.25
2024-08-30 09:00:00,746.1
2024-08-30 10:00:00,832.42
2024-08-30 11:00:00,864.33
2024-08-30 12:00:00,753.88
2024-08-30 13:00:00,681.9
2024-08-30 14:00:00,609.15
2024-08-30 15:00:00,383.8
2024-08-30 16:00:00,206.02
2024-08-30 17:00:00,50.67
2024-08-30 18:00:00,0.0
2024-08-30 19:00:00,0.0
2024-08-30 20:00:00,0.0
2024-08-30 21:00:00,0.0
2024-08-30 22:00:00,0.0
2024-08-30 23:00:00,0.0
2024-08-31 00:00:00,0.0
2024-08-31 01:00:00,0.0
2024-08-31 02:00:00,0.0
2024-08-31 03:00:00,0.0
2024-08-31 04:00:00,0.0
2024-08-31 05:00:00,5.6
2024-08-31 06:00:00,57.28
2024-08-31 07:00:00,143.95
2024-08-31 08:00:00,243.62
2024-08-31 09:00:00,387.7
2024-08-31 10:00:00,451.65
2024-08-31 11:00:00,449.5
2024-08-31 12:00:00,391.02
2024-08-31 13:00:00,323.9
2024-08-31 14:00:00,315.42
2024-08-31 15:00:00,223.93
2024-08-31 16:00:00,108.1
2024-08-31 17:00:00,30.02
2024-08-31 18:00:00,0.0
2024-08-31 19:00:00,0.0
2024-08-31 20:00:00,0.0
2024-08-31 21:00:00,0.0
2024-08-31 22:00:00,0.0
2024-08-31 23:00:00,0.0
2024-09-01 00:00:00,0.0
2024-09-01 01:00:00,0.0
2024-09-01 02:00:00,0.0
2024-09-01 03:00:00,0.0
2024-09-01 04:00:00,0.0
2024-09-01 05:00:00,11.62
2024-09-01 06:00:00,99.5
2024-09-01 07:00:00,231.8
2024-09-01 08:00:00,402.3
2024-09-01 09:00:00,539.58
2024-09-01 10:00:00,662.05
2024-09-01 11:00:00,728.83
2024-09-01 12:00:00,753.0
2024-09-01 13:00:00,619.38
2024-09-01 14:00:00,501.2
2024-09-01 15:00:00,363.92
2024-09-01 16:00:00,184.45
2024-09-01 17:00:00,44.72
2024-09-01 18:00:00,0.0
2024-09-01 19:00:00,0.0
2024-09-01 20:00:00,0.0
2024-09-01 21:00:00,0.0
2024-09-01 22:00:00,0.0
2024-09-01 23:00:00,0.0
2024-09-02 00:00:00,0.0
2024-09-02 01:00:00,0.0
2024-09-02 02:00:00,0.0
2024-09-02 03:00:00,0.0
2024-09-02 04:00:00,0.0
2024-09-02 05:00:00,11.15
2024-09-02 06:00:00,125.05
2024-09-02 07:00:00,297.4
2024-09-02 08:00:00,518.0
2024-09-02 09:00:00,625.22
2024-09-02 10:00:00,678.12
2024-09-02 11:00:00,632.5
2024-09-02 12:00:00,562.88
2024-09-02 13:00:00,436.45
2024-09-02 14:00:00,383.73
2024-09-02 15:00:00,167.77
2024-09-02 16:00:00,86.43
2024-09-02 17:00:00,15.45
2024-09-02 18:00:00,0.0
2024-09-02 19:00:00,0.0
2024-09-02 20:00:00,0.0
2024-09-02 21:00:00,0.0
2024-09-02 22:00:00,0.0
2024-09-02 23:00:00,0.0
2024-09-03 00:00:00,0.0
2024-09-03 01:00:00,0.0
2024-09-03 02:00:00,0.0
2024-09-03 03:00:00,0.0
2024-09-03 04:00:00,0.0
2024-09-03 05:00:00,9.7
2024-09-03 06:00:00,110.3
2024-09-03 07:00:00,244.9
2024-09-03 08:00:00,416.08
2024-09-03 09:00:00,652.47
2024-09-03 10:00:00,776.85
2024-09-03 11:00:00,843.33
2024-09-03 12:00:00,782.1
2024-09-03 13:00:00,621.53
2024-09-03 14:00:00,421.1
2024-09-03 15:00:00,210.6
2024-09-03 16:00:00,104.35
2024-09-03 17:00:00,19.05
2024-09-03 18:00:00,0.0
2024-09-03 19:00:00,0.0
2024-09-03 20:00:00,0.0
2024-09-03 21:00:00,0.0
2024-09-03 22:00:00,0.0
2024-09-03 23:00:00,0.0
2024-09-04 00:00:00,0.0
2024-09-04 01:00:00,0.0
2024-09-04 02:00:00,0.0
2024-09-04 03:00:00,0.0
2024-09-04 04:00:00,0.0
2024-09-04 05:00:00,8.07
2024-09-04 06:00:00,113.1
2024-09-04 07:00:00,255.55
2024-09-04 08:00:00,413.83
2024-09-04 09:00:00,563.28
2024-09-04 10:00:00,641.15
2024-09-04 11:00:00,730.15
2024-09-04 12:00:00,761.9
2024-09-04 13:00:00,610.65
2024-09-04 14:00:00,357.15
2024-09-04 15:00:00,228.82
2024-09-04 16:00:00,133.62
2024-09-04 17:00:00,29.02
2024-09-04 18:00:00,0.0
2024-09-04 19:00:00,0.0
2024-09-04 20:00:00,0.0
2024-09-04 21:00:00,0.0
2024-09-04 22:00:00,0.0
2024-09-04 23:00:00,0.0
2024-09-05 00:00:00,0.0
2024-09-05 01:00:00,0.0
2024-09-05 02:00:00,0.0
2024-09-05 03:00:00,0.0
2024-09-05 04:00:00,0.0
2024-09-05 05:00:00,10.12
2024-09-05 06:00:00,95.07
2024-09-05 07:00:00,213.82
2024-09-05 08:00:00,369.5
2024-09-05 09:00:00,464.1
2024-09-05 10:00:00,524.35
2024-09-05 11:00:00,512.53
2024-09-05 12:00:00,479.77
2024-09-05 13:00:00,468.17
2024-09-05 14:00:00,452.55
2024-09-05 15:00:00,319.62
2024-09-05 16:00:00,165.6
2024-09-05 17:00:00,32.12
2024-09-05 18:00:00,0.0
2024-09-05 19:00:00,0.0
2024-09-05 20:00:00,0.0
2024-09-05 21:00:00,0.0
2024-09-05 22:00:00,0.0
2024-09-05 23:00:00,0.0
2024-09-06 00:00:00,0.0
2024-09-06 01:00:00,0.0
2024-09-06 02:00:00,0.0
2024-09-06 03:00:00,0.0
2024-09-06 04:00:00,0.0
2024-09-06 05:00:00,9.52
2024-09-06 06:00:00,124.0
2024-09-06 07:00:00,324.1
2024-09-06 08:00:00,489.0
2024-09-06 09:00:00,655.83
2024-09-06 10:00:00,733.4
2024-09-06 11:00:00,802.83
2024-09-06 12:00:00,792.75
2024-09-06 13:00:00,714.5
2024-09-06 14:00:00,612.83
2024-09-06 15:00:00,438.67
2024-09-06 16:00:00,212.0
2024-09-06 17:00:00,37.65
2024-09-06 18:00:00,0.0
2024-09-06 19:00:00,0.0
2024-09-06 20:00:00,0.0
2024-09-06 21:00:00,0.0
2024-09-06 22:00:00,0.0
2024-09-06 23:00:00,0.0
2024-09-07 00:00:00,0.0
2024-09-07 01:00:00,0.0
2024-09-07 02:00:00,0.0
2024-09-07 03:00:00,0.0
2024-09-07 04:00:00,0.0
2024-09-07 05:00:00,10.3
2024-09-07 06:00:00,151.68
2024-09-07 07:00:00,363.58
2024-09-07 08:00:00,595.62
2024-09-07 09:00:00,745.42
2024-09-07 10:00:00,851.2
2024-09-07 11:00:00,838.4
2024-09-07 12:00:00,819.45
2024-09-07 13:00:00,739.05
2024-09-07 14:00:00,557.08
2024-09-07 15:00:00,396.67
2024-09-07 16:00:00,181.0
2024-09-07 17:00:00,27.92
2024-09-07 18:00:00,0.0
2024-09-07 19:00:00,0.0
2024-09-07 20:00:00,0.0
2024-09-07 21:00:00,0.0
2024-09-07 22:00:00,0.0
2024-09-07 23:00:00,0.0
2024-09-08 00:00:00,0.0
2024-09-08 01:00:00,0.0
2024-09-08 02:00:00,0.0
2024-09-08 03:00:00,0.0
2024-09-08 04:00:00,0.0
2024-09-08 05:00:00,9.23
2024-09-08 06:00:00,146.43
2024-09-08 07:00:00,358.58
2024-09-08 08:00:00,575.5
2024-09-08 09:00:00,729.45
2024-09-08 10:00:00,781.08
2024-09-08 11:00:00,771.6
2024-09-08 12:00:00,733.53
2024-09-08 13:00:00,662.8
2024-09-08 14:00:00,499.23
2024-09-08 15:00:00,317.17
2024-09-08 16:00:00,161.85
2024-09-08 17:00:00,26.9
2024-09-08 18:00:00,0.0
2024-09-08 19:00:00,0.0
2024-09-08 20:00:00,0.0
2024-09-08 21:00:00,0.0
2024-09-08 22:00:00,0.0
2024-09-08 23:00:00,0.0
2024-09-09 00:00:00,0.0
2024-09-09 01:00:00,0.0
2024-09-09 02:00:00,0.0
2024-09-09 03:00:00,0.0
2024-09-09 04:00:00,0.0
2024-09-09 05:00:00,6.97
2024-09-09 06:00:00,111.12
2024-09-09 07:00:00,268.2
2024-09-09 08:00:00,442.23
2024-09-09 09:00:00,553.33
2024-09-09 10:00:00,571.8
2024-09-09 11:00:00,343.1
2024-09-09 12:00:00,182.15
2024-09-09 13:00:00,224.05
2024-09-09 14:00:00,158.45
2024-09-09 15:00:00,97.28
2024-09-09 16:00:00,74.47
2024-09-09 17:00:00,15.27
2024-09-09 18:00:00,0.0
2024-09-09 19:00:00,0.0
2024-09-09 20:00:00,0.0
2024-09-09 21:00:00,0.0
2024-09-09 22:00:00,0.0
2024-09-09 23:00:00,0.0
2024-09-10 00:00:00,0.0
2024-09-10 01:00:00,0.0
2024-09-10 02:00:00,0.0
2024-09-10 03:00:00,0.0
2024-09-10 04:00:00,0.0
2024-09-10 05:00:00,7.72
2024-09-10 06:00:00,114.47
2024-09-10 07:00:00,296.23
2024-09-10 08:00:00,493.0
2024-09-10 09:00:00,553.22
2024-09-10 10:00:00,626.92
2024-09-10 11:00:00,729.38
2024-09-10 12:00:00,719.3
2024-09-10 13:00:00,643.58
2024-09-10 14:00:00,539.85
2024-09-10 15:00:00,372.75
2024-09-10 16:00:00,176.12
2024-09-10 17:00:00,26.7
2024-09-10 18:00:00,0.0
2024-09-10 19:00:00,0.0
2024-09-10 20:00:00,0.0
2024-09-10 21:00:00,0.0
2024-09-10 22:00:00,0.0
2024-09-10 23:00:00,0.0
2024-09-11 00:00:00,0.0
2024-09-11 01:00:00,0.0
2024-09-11 02:00:00,0.0
2024-09-11 03:00:00,0.0
2024-09-11 04:00:00,0.0
2024-09-11 05:00:00,1.55
2024-09-11 06:00:00,41.9
2024-09-11 07:00:00,117.55
2024-09-11 08:00:00,241.6
2024-09-11 09:00:00,405.8
2024-09-11 10:00:00,599.6
2024-09-11 11:00:00,689.67
2024-09-11 12:00:00,705.45
2024-09-11 13:00:00,616.9
2024-09-11 14:00:00,497.7
2024-09-11 15:00:00,365.73
2024-09-11 16:00:00,182.3
2024-09-11 17:00:00,24.85
2024-09-11 18:00:00,0.0
2024-09-11 19:00:00,0.0
2024-09-11 20:00:00,0.0
2024-09-11 21:00:00,0.0
2024-09-11 22:00:00,0.0
2024-09-11 23:00:00,0.0
2024-09-12 00:00:00,0.0
2024-09-12 01:00:00,0.0
2024-09-12 02:00:00,0.0
2024-09-12 03:00:00,0.0
2024-09-12 04:00:00,0.0
2024-09-12 05:00:00,5.53
2024-09-12 06:00:00,61.22
2024-09-12 07:00:00,178.3
2024-09-12 08:00:00,307.55
2024-09-12 09:00:00,485.45
2024-09-12 10:00:00,534.88
2024-09-12 11:00:00,665.62
2024-09-12 12:00:00,623.58
2024-09-12 13:00:00,497.4
2024-09-12 14:00:00,410.0
2024-09-12 15:00:00,276.12
2024-09-12 16:00:00,134.6
2024-09-12 17:00:00,22.4
2024-09-12 18:00:00,0.0
2024-09-12 19:00:00,0.0
2024-09-12 20:00:00,0.0
2024-09-12 21:00:00,0.0
2024-09-12 22:00:00,0.0
2024-09-12 23:00:00,0.0
2024-09-13 00:00:00,0.0
2024-09-13 01:00:00,0.0
2024-09-13 02:00:00,0.0
2024-09-13 03:00:00,0.0
2024-09-13 04:00:00,0.0
2024-09-13 05:00:00,7.57
2024-09-13 06:00:00,82.07
2024-09-13 07:00:00,217.7
2024-09-13 08:00:00,319.85
2024-09-13 09:00:00,462.83
2024-09-13 10:00:00,542.9
2024-09-13 11:00:00,532.38
2024-09-13 12:00:00,478.73
2024-09-13 13:00:00,416.75
2024-09-13 14:00:00,399.17
2024-09-13 15:00:00,272.9
2024-09-13 16:00:00,121.6
2024-09-13 17:00:00,14.85
2024-09-13 18:00:00,0.0
2024-09-13 19:00:00,0.0
2024-09-13 20:00:00,0.0
2024-09-13 21:00:00,0.0
2024-09-13 22:00:00,0.0
2024-09-13 23:00:00,0.0
2024-09-14 00:00:00,0.0
2024-09-14 01:00:00,0.0
2024-09-14 02:00:00,0.0
2024-09-14 03:00:00,0.0
2024-09-14 04:00:00,0.0
2024-09-14 05:00:00,6.2
2024-09-14 06:00:00,81.22
2024-09-14 07:00:00,203.1
2024-09-14 08:00:00,305.4
2024-09-14 09:00:00,389.4
2024-09-14 10:00:00,391.58
2024-09-14 11:00:00,397.88
2024-09-14 12:00:00,466.42
2024-09-14 13:00:00,403.83
2024-09-14 14:00:00,388.33
2024-09-14 15:00:00,241.82
2024-09-14 16:00:00,111.72
2024-09-14 17:00:00,14.52
2024-09-14 18:00:00,0.0
2024-09-14 19:00:00,0.0
2024-09-14 20:00:00,0.0
2024-09-14 21:00:00,0.0
2024-09-14 22:00:00,0.0
2024-09-14 23:00:00,0.0
2024-09-15 00:00:00,0.0
2024-09-15 01:00:00,0.0
2024-09-15 02:00:00,0.0
2024-09-15 03:00:00,0.0
2024-09-15 04:00:00,0.0
2024-09-15 05:00:00,7.78
2024-09-15 06:00:00,108.78
2024-09-15 07:00:00,275.5
2024-09-15 08:00:00,442.05
2024-09-15 09:00:00,497.55
2024-09-15 10:00:00,481.65
2024-09-15 11:00:00,517.5
2024-09-15 12:00:00,543.17
2024-09-15 13:00:00,486.9
2024-09-15 14:00:00,397.62
2024-09-15 15:00:00,264.9
2024-09-15 16:00:00,124.03
2024-09-15 17:00:00,17.67
2024-09-15 18:00:00,0.0
2024-09-15 19:00:00,0.0
2024-09-15 20:00:00,0.0
2024-09-15 21:00:00,0.0
2024-09-15 22:00:00,0.0
2024-09-15 23:00:00,0.0
2024-09-16 00:00:00,0.0
2024-09-16 01:00:00,0.0
2024-09-16 02:00:00,0.0
2024-09-16 03:00:00,0.0
2024-09-16 04:00:00,0.0
2024-09-16 05:00:00,8.18
2024-09-16 06:00:00,132.62
2024-09-16 07:00:00,325.85
2024-09-16 08:00:00,532.55
2024-09-16 09:00:00,670.78
2024-09-16 10:00:00,756.83
2024-09-16 11:00:00,747.92
2024-09-16 12:00:00,683.2
2024-09-16 13:00:00,648.85
2024-09-16 14:00:00,516.4
2024-09-16 15:00:00,326.02
2024-09-16 16:00:00,156.3
2024-09-16 17:00:00,18.23
2024-09-16 18:00:00,0.0
2024-09-16 19:00:00,0.0
2024-09-16 20:00:00,0.0
2024-09-16 21:00:00,0.0
2024-09-16 22:00:00,0.0
2024-09-16 23:00:00,0.0
2024-09-17 00:00:00,0.0
2024-09-17 01:00:00,0.0
2024-09-17 02:00:00,0.0
2024-09-17 03:00:00,0.0
2024-09-17 04:00:00,0.0
2024-09-17 05:00:00,7.88
2024-09-17 06:00:00,130.25
2024-09-17 07:00:00,325.9
2024-09-17 08:00:00,527.33
2024-09-17 09:00:00,669.78
2024-09-17 10:00:00,730.65
2024-09-17 11:00:00,777.22
2024-09-17 12:00:00,739.33
2024-09-17 13:00:00,599.2
2024-09-17 14:00:00,501.8
2024-09-17 15:00:00,315.15
2024-09-17 16:00:00,145.02
2024-09-17 17:00:00,16.23
2024-09-17 18:00:00,0.0
2024-09-17 19:00:00,0.0
2024-09-17 20:00:00,0.0
2024-09-17 21:00:00,0.0
2024-09-17 22:00:00,0.0
2024-09-17 23:00:00,0.0
2024-09-18 00:00:00,0.0
2024-09-18 01:00:00,0.0
2024-09-18 02:00:00,0.0
2024-09-18 03:00:00,0.0
2024-09-18 04:00:00,0.0
2024-09-18 05:00:00,7.65
2024-09-18 06:00:00,135.5
2024-09-18 07:00:00,325.88
2024-09-18 08:00:00,544.6
2024-09-18 09:00:00,729.92
2024-09-18 10:00:00,818.7
2024-09-18 11:00:00,843.17
2024-09-18 12:00:00,745.45
2024-09-18 13:00:00,622.03
2024-09-18 14:00:00,410.45
2024-09-18 15:00:00,266.3
2024-09-18 16:00:00,125.53
2024-09-18 17:00:00,15.48
2024-09-18 18:00:00,0.0
2024-09-18 19:00:00,0.0
2024-09-18 20:00:00,0.0
2024-09-18 21:00:00,0.0
2024-09-18 22:00:00,0.0
2024-09-18 23:00:00,0.0
2024-09-19 00:00:00,0.0
2024-09-19 01:00:00,0.0
2024-09-19 02:00:00,0.0
2024-09-19 03:00:00,0.0
2024-09-19 04:00:00,0.0
2024-09-19 05:00:00,7.3
2024-09-19 06:00:00,142.52
2024-09-19 07:00:00,353.6
2024-09-19 08:00:00,579.0
2024-09-19 09:00:00,748.2
2024-09-19 10:00:00,820.97
2024-09-19 11:00:00,845.4
2024-09-19 12:00:00,771.95
2024-09-19 13:00:00,678.8
2024-09-19 14:00:00,550.92
2024-09-19 15:00:00,360.58
2024-09-19 16:00:00,167.23
2024-09-19 17:00:00,17.2
2024-09-19 18:00:00,0.0
2024-09-19 19:00:00,0.0
2024-09-19 20:00:00,0.0
2024-09-19 21:00:00,0.0
2024-09-19 22:00:00,0.0
2024-09-19 23:00:00,0.0
2024-09-20 00:00:00,0.0
2024-09-20 01:00:00,0.0
2024-09-20 02:00:00,0.0
2024-09-20 03:00:00,0.0
2024-09-20 04:00:00,0.0
2024-09-20 05:00:00,7.53
2024-09-20 06:00:00,132.98
2024-09-20 07:00:00,349.62
2024-09-20 08:00:00,576.2
2024-09-20 09:00:00,719.95
2024-09-20 10:00:00,783.9
2024-09-20 11:00:00,790.47
2024-09-20 12:00:00,758.08
2024-09-20 13:00:00,648.88
2024-09-20 14:00:00,536.6
2024-09-20 15:00:00,347.6
2024-09-20 16:00:00,161.12
2024-09-20 17:00:00,16.48
2024-09-20 18:00:00,0.0
2024-09-20 19:00:00,0.0
2024-09-20 20:00:00,0.0
2024-09-20 21:00:00,0.0
2024-09-20 22:00:00,0.0
2024-09-20 23:00:00,0.0
2024-09-21 00:00:00,0.0
2024-09-21 01:00:00,0.0
2024-09-21 02:00:00,0.0
2024-09-21 03:00:00,0.0
2024-09-21 04:00:00,0.0
2024-09-21 05:00:00,7.03
2024-09-21 06:00:00,117.0
2024-09-21 07:00:00,280.15
2024-09-21 08:00:00,477.88
2024-09-21 09:00:00,511.4
2024-09-21 10:00:00,97.6
2024-09-21 11:00:00,77.95
2024-09-21 12:00:00,66.2
2024-09-21 13:00:00,169.65
2024-09-21 14:00:00,284.85
2024-09-21 15:00:00,176.5
2024-09-21 16:00:00,79.57
2024-09-21 17:00:00,9.68
2024-09-21 18:00:00,0.0
2024-09-21 19:00:00,0.0
2024-09-21 20:00:00,0.0
2024-09-21 21:00:00,0.0
2024-09-21 22:00:00,0.0
2024-09-21 23:00:00,0.0
2024-09-22 00:00:00,0.0
2024-09-22 01:00:00,0.0
2024-09-22 02:00:00,0.0
2024-09-22 03:00:00,0.0
2024-09-22 04:00:00,0.0
2024-09-22 05:00:00,4.82
2024-09-22 06:00:00,113.97
2024-09-22 07:00:00,298.4
2024-09-22 08:00:00,526.22
2024-09-22 09:00:00,701.03
2024-09-22 10:00:00,801.15
2024-09-22 11:00:00,830.08
2024-09-22 12:00:00,783.78
2024-09-22 13:00:00,650.42
2024-09-22 14:00:00,496.45
2024-09-22 15:00:00,318.08
2024-09-22 16:00:00,143.93
2024-09-22 17:00:00,13.23
2024-09-22 18:00:00,0.0
2024-09-22 19:00:00,0.0
2024-09-22 20:00:00,0.0
2024-09-22 21:00:00,0.0
2024-09-22 22:00:00,0.0
2024-09-22 23:00:00,0.0
2024-09-23 00:00:00,0.0
2024-09-23 01:00:00,0.0
2024-09-23 02:00:00,0.0
2024-09-23 03:00:00,0.0
2024-09-23 04:00:00,0.0
2024-09-23 05:00:00,6.07
2024-09-23 06:00:00,104.45
2024-09-23 07:00:00,283.4
2024-09-23 08:00:00,438.45
2024-09-23 09:00:00,565.97
2024-09-23 10:00:00,669.85
2024-09-23 11:00:00,790.08
2024-09-23 12:00:00,716.45
2024-09-23 13:00:00,620.03
2024-09-23 14:00:00,390.7
2024-09-23 15:00:00,226.5
2024-09-23 16:00:00,96.03
2024-09-23 17:00:00,7.65
2024-09-23 18:00:00,0.0
2024-09-23 19:00:00,0.0
2024-09-23 20:00:00,0.0
2024-09-23 21:00:00,0.0
2024-09-23 22:00:00,0.0
2024-09-23 23:00:00,0.0
2024-09-24 00:00:00,0.0
2024-09-24 01:00:00,0.0
2024-09-24 02:00:00,0.0
2024-09-24 03:00:00,0.0
2024-09-24 04:00:00,0.0
2024-09-24 05:00:00,3.95
2024-09-24 06:00:00,72.62
2024-09-24 07:00:00,200.3
2024-09-24 08:00:00,319.77
2024-09-24 09:00:00,337.98
2024-09-24 10:00:00,458.33
2024-09-24 11:00:00,533.0
2024-09-24 12:00:00,577.42
2024-09-24 13:00:00,499.25
2024-09-24 14:00:00,444.52
2024-09-24 15:00:00,271.77
2024-09-24 16:00:00,118.0
2024-09-24 17:00:00,11.07
2024-09-24 18:00:00,0.0
2024-09-24 19:00:00,0.0
2024-09-24 20:00:00,0.0
2024-09-24 21:00:00,0.0
2024-09-24 22:00:00,0.0
2024-09-24 23:00:00,0.0
2024-09-25 00:00:00,0.0
2024-09-25 01:00:00,0.0
2024-09-25 02:00:00,0.0
2024-09-25 03:00:00,0.0
2024-09-25 04:00:00,0.0
2024-09-25 05:00:00,4.47
2024-09-25 06:00:00,61.25
2024-09-25 07:00:00,149.55
2024-09-25 08:00:00,237.05
2024-09-25 09:00:00,407.5
2024-09-25 10:00:00,347.77
2024-09-25 11:00:00,340.15
2024-09-25 12:00:00,336.2
2024-09-25 13:00:00,291.42
2024-09-25 14:00:00,246.9
2024-09-25 15:00:00,140.93
2024-09-25 16:00:00,61.7
2024-09-25 17:00:00,3.35
2024-09-25 18:00:00,0.0
2024-09-25 19:00:00,0.0
2024-09-25 20:00:00,0.0
2024-09-25 21:00:00,0.0
2024-09-25 22:00:00,0.0
2024-09-25 23:00:00,0.0
2024-09-26 00:00:00,0.0
2024-09-26 01:00:00,0.0
2024-09-26 02:00:00,0.0
2024-09-26 03:00:00,0.0
2024-09-26 04:00:00,0.0
2024-09-26 05:00:00,3.58
2024-09-26 06:00:00,58.85
2024-09-26 07:00:00,163.95
2024-09-26 08:00:00,282.35
2024-09-26 09:00:00,410.55
2024-09-26 10:00:00,441.52
2024-09-26 11:00:00,491.6
2024-09-26 12:00:00,343.2
2024-09-26 13:00:00,312.35
2024-09-26 14:00:00,237.32
2024-09-26 15:00:00,154.0
2024-09-26 16:00:00,72.1
2024-09-26 17:00:00,5.68
2024-09-26 18:00:00,0.0
2024-09-26 19:00:00,0.0
2024-09-26 20:00:00,0.0
2024-09-26 21:00:00,0.0
2024-09-26 22:00:00,0.0
2024-09-26 23:00:00,0.0
2024-09-27 00:00:00,0.0
2024-09-27 01:00:00,0.0
2024-09-27 02:00:00,0.0
2024-09-27 03:00:00,0.0
2024-09-27 04:00:00,0.0
2024-09-27 05:00:00,4.72
2024-09-27 06:00:00,112.0
2024-09-27 07:00:00,297.05
2024-09-27 08:00:00,487.05
2024-09-27 09:00:00,495.3
2024-09-27 10:00:00,613.1
2024-09-27 11:00:00,727.78
2024-09-27 12:00:00,706.62
2024-09-27 13:00:00,577.58
2024-09-27 14:00:00,449.02
2024-09-27 15:00:00,273.27
2024-09-27 16:00:00,122.07
2024-09-27 17:00:00,9.18
2024-09-27 18:00:00,0.0
2024-09-27 19:00:00,0.0
2024-09-27 20:00:00,0.0
2024-09-27 21:00:00,0.0
2024-09-27 22:00:00,0.0
2024-09-27 23:00:00,0.0
2024-09-28 00:00:00,0.0
2024-09-28 01:00:00,0.0
2024-09-28 02:00:00,0.0
2024-09-28 03:00:00,0.0
2024-09-28 04:00:00,0.0
2024-09-28 05:00:00,4.62
2024-09-28 06:00:00,66.25
2024-09-28 07:00:00,194.2
2024-09-28 08:00:00,310.17
2024-09-28 09:00:00,427.75
2024-09-28 10:00:00,500.48
2024-09-28 11:00:00,517.45
2024-09-28 12:00:00,509.4
2024-09-28 13:00:00,415.55
2024-09-28 14:00:00,339.4
2024-09-28 15:00:00,208.6
2024-09-28 16:00:00,83.05
2024-09-28 17:00:00,6.9
2024-09-28 18:00:00,0.0
2024-09-28 19:00:00,0.0
2024-09-28 20:00:00,0.0
2024-09-28 21:00:00,0.0
2024-09-28 22:00:00,0.0
2024-09-28 23:00:00,0.0
2024-09-29 00:00:00,0.0
2024-09-29 01:00:00,0.0
2024-09-29 02:00:00,0.0
2024-09-29 03:00:00,0.0
2024-09-29 04:00:00,0.0
2024-09-29 05:00:00,2.72
2024-09-29 06:00:00,45.12
2024-09-29 07:00:00,143.1
2024-09-29 08:00:00,214.52
2024-09-29 09:00:00,275.7
2024-09-29 10:00:00,362.52
2024-09-29 11:00:00,297.65
2024-09-29 12:00:00,228.9
2024-09-29 13:00:00,191.05
2024-09-29 14:00:00,247.93
2024-09-29 15:00:00,142.1
2024-09-29 16:00:00,64.5
2024-09-29 17:00:00,5.6
2024-09-29 18:00:00,0.0
2024-09-29 19:00:00,0.0
2024-09-29 20:00:00,0.0
2024-09-29 21:00:00,0.0
2024-09-29 22:00:00,0.0
2024-09-29 23:00:00,0.0
2024-09-30 00:00:00,0.0
2024-09-30 01:00:00,0.0
2024-09-30 02:00:00,0.0
2024-09-30 03:00:00,0.0
2024-09-30 04:00:00,0.0
2024-09-30 05:00:00,4.03
2024-09-30 06:00:00,57.6
2024-09-30 07:00:00,153.43
2024-09-30 08:00:00,270.3
2024-09-30 09:00:00,421.08
2024-09-30 10:00:00,494.95
2024-09-30 11:00:00,503.02
2024-09-30 12:00:00,430.1
2024-09-30 13:00:00,311.05
2024-09-30 14:00:00,229.52
2024-09-30 15:00:00,132.93
2024-09-30 16:00:00,54.2
2024-09-30 17:00:00,4.62
2024-09-30 18:00:00,0.0
2024-09-30 19:00:00,0.0
2024-09-30 20:00:00,0.0
2024-09-30 21:00:00,0.0
2024-09-30 22:00:00,0.0
2024-09-30 23:00:00,0.0
2024-10-01 00:00:00,0.0
2024-10-01 01:00:00,0.0
2024-10-01 02:00:00,0.0
2024-10-01 03:00:00,0.0
2024-10-01 04:00:00,0.0
2024-10-01 05:00:00,4.97
2024-10-01 06:00:00,56.67
2024-10-01 07:00:00,166.75
2024-10-01 08:00:00,283.77
2024-10-01 09:00:00,353.4
2024-10-01 10:00:00,328.45
2024-10-01 11:00:00,485.25
2024-10-01 12:00:00,452.42
2024-10-01 13:00:00,359.1
2024-10-01 14:00:00,307.75
2024-10-01 15:00:00,180.32
2024-10-01 16:00:00,71.85
2024-10-01 17:00:00,4.7
2024-10-01 18:00:00,0.0
2024-10-01 19:00:00,0.0
2024-10-01 20:00:00,0.0
2024-10-01 21:00:00,0.0
2024-10-01 22:00:00,0.0
2024-10-01 23:00:00,0.0
2024-10-02 00:00:00,0.0
2024-10-02 01:00:00,0.0
2024-10-02 02:00:00,0.0
2024-10-02 03:00:00,0.0
2024-10-02 04:00:00,0.0
2024-10-02 05:00:00,3.12
2024-10-02 06:00:00,60.47
2024-10-02 07:00:00,180.8
2024-10-02 08:00:00,310.02
2024-10-02 09:00:00,378.02
2024-10-02 10:00:00,353.8
2024-10-02 11:00:00,464.42
2024-10-02 12:00:00,353.62
2024-10-02 13:00:00,275.73
2024-10-02 14:00:00,216.45
2024-10-02 15:00:00,133.65
2024-10-02 16:00:00,49.55
2024-10-02 17:00:00,2.92
2024-10-02 18:00:00,0.0
2024-10-02 19:00:00,0.0
2024-10-02 20:00:00,0.0
2024-10-02 21:00:00,0.0
2024-10-02 22:00:00,0.0
2024-10-02 23:00:00,0.0
2024-10-03 00:00:00,0.0
2024-10-03 01:00:00,0.0
2024-10-03 02:00:00,0.0
2024-10-03 03:00:00,0.0
2024-10-03 04:00:00,0.0
2024-10-03 05:00:00,2.03
2024-10-03 06:00:00,36.6
2024-10-03 07:00:00,105.72
2024-10-03 08:00:00,149.82
2024-10-03 09:00:00,193.2
2024-10-03 10:00:00,247.12
2024-10-03 11:00:00,284.23
2024-10-03 12:00:00,242.55
2024-10-03 13:00:00,255.38
2024-10-03 14:00:00,216.02
2024-10-03 15:00:00,130.82
2024-10-03 16:00:00,57.58
2024-10-03 17:00:00,3.65
2024-10-03 18:00:00,0.0
2024-10-03 19:00:00,0.0
2024-10-03 20:00:00,0.0
2024-10-03 21:00:00,0.0
2024-10-03 22:00:00,0.0
2024-10-03 23:00:00,0.0
2024-10-04 00:00:00,0.0
2024-10-04 01:00:00,0.0
2024-10-04 02:00:00,0.0
2024-10-04 03:00:00,0.0
2024-10-04 04:00:00,0.0
2024-10-04 05:00:00,3.05
2024-10-04 06:00:00,58.62
2024-10-04 07:00:00,151.52
2024-10-04 08:00:00,240.85
2024-10-04 09:00:00,274.92
2024-10-04 10:00:00,277.52
2024-10-04 11:00:00,333.75
2024-10-04 12:00:00,267.98
2024-10-04 13:00:00,199.98
2024-10-04 14:00:00,156.75
2024-10-04 15:00:00,95.4
2024-10-04 16:00:00,36.25
2024-10-04 17:00:00,2.28
2024-10-04 18:00:00,0.0
2024-10-04 19:00:00,0.0
2024-10-04 20:00:00,0.0
2024-10-04 21:00:00,0.0
2024-10-04 22:00:00,0.0
2024-10-04 23:00:00,0.0
2024-10-05 00:00:00,0.0
2024-10-05 01:00:00,0.0
2024-10-05 02:00:00,0.0
2024-10-05 03:00:00,0.0
2024-10-05 04:00:00,0.0
2024-10-05 05:00:00,2.55
2024-10-05 06:00:00,55.72
2024-10-05 07:00:00,127.75
2024-10-05 08:00:00,205.6
2024-10-05 09:00:00,257.45
2024-10-05 10:00:00,341.73
2024-10-05 11:00:00,358.17
2024-10-05 12:00:00,389.15
2024-10-05 13:00:00,342.58
2024-10-05 14:00:00,326.8
2024-10-05 15:00:00,188.45
2024-10-05 16:00:00,84.18
2024-10-05 17:00:00,3.92
2024-10-05 18:00:00,0.0
2024-10-05 19:00:00,0.0
2024-10-05 20:00:00,0.0
2024-10-05 21:00:00,0.0
2024-10-05 22:00:00,0.0
2024-10-05 23:00:00,0.0
2024-10-06 00:00:00,0.0
2024-10-06 01:00:00,0.0
2024-10-06 02:00:00,0.0
2024-10-06 03:00:00,0.0
2024-10-06 04:00:00,0.0
2024-10-06 05:00:00,3.72
2024-10-06 06:00:00,86.78
2024-10-06 07:00:00,254.2
2024-10-06 08:00:00,388.38
2024-10-06 09:00:00,442.3
2024-10-06 10:00:00,516.0
2024-10-06 11:00:00,552.35
2024-10-06 12:00:00,551.08
2024-10-06 13:00:00,517.2
2024-10-06 14:00:00,419.25
2024-10-06 15:00:00,235.07
2024-10-06 16:00:00,93.47
2024-10-06 17:00:00,3.8
2024-10-06 18:00:00,0.0
2024-10-06 19:00:00,0.0
2024-10-06 20:00:00,0.0
2024-10-06 21:00:00,0.0
2024-10-06 22:00:00,0.0
2024-10-06 23:00:00,0.0
2024-10-07 00:00:00,0.0
2024-10-07 01:00:00,0.0
2024-10-07 02:00:00,0.0
2024-10-07 03:00:00,0.0
2024-10-07 04:00:00,0.0
2024-10-07 05:00:00,3.47
2024-10-07 06:00:00,79.55
2024-10-07 07:00:00,200.65
2024-10-07 08:00:00,333.65
2024-10-07 09:00:00,470.05
2024-10-07 10:00:00,521.03
2024-10-07 11:00:00,514.7
2024-10-07 12:00:00,367.62
2024-10-07 13:00:00,257.52
2024-10-07 14:00:00,177.45
2024-10-07 15:00:00,159.12
2024-10-07 16:00:00,64.82
2024-10-07 17:00:00,2.88
2024-10-07 18:00:00,0.0
2024-10-07 19:00:00,0.0
2024-10-07 20:00:00,0.0
2024-10-07 21:00:00,0.0
2024-10-07 22:00:00,0.0
2024-10-07 23:00:00,0.0
2024-10-08 00:00:00,0.0
2024-10-08 01:00:00,0.0
2024-10-08 02:00:00,0.0
2024-10-08 03:00:00,0.0
2024-10-08 04:00:00,0.0
2024-10-08 05:00:00,2.9
2024-10-08 06:00:00,77.3
2024-10-08 07:00:00,206.5
2024-10-08 08:00:00,371.2
2024-10-08 09:00:00,473.65
2024-10-08 10:00:00,525.12
2024-10-08 11:00:00,594.88
2024-10-08 12:00:00,619.72
2024-10-08 13:00:00,528.97
2024-10-08 14:00:00,398.17
2024-10-08 15:00:00,211.1
2024-10-08 16:00:00,78.55
2024-10-08 17:00:00,2.65
2024-10-08 18:00:00,0.0
2024-10-08 19:00:00,0.0
2024-10-08 20:00:00,0.0
2024-10-08 21:00:00,0.0
2024-10-08 22:00:00,0.0
2024-10-08 23:00:00,0.0
2024-10-09 00:00:00,0.0
2024-10-09 01:00:00,0.0
2024-10-09 02:00:00,0.0
2024-10-09 03:00:00,0.0
2024-10-09 04:00:00,0.0
2024-10-09 05:00:00,2.95
2024-10-09 06:00:00,76.32
2024-10-09 07:00:00,219.4
2024-10-09 08:00:00,385.17
2024-10-09 09:00:00,546.05
2024-10-09 10:00:00,603.88
2024-10-09 11:00:00,648.75
2024-10-09 12:00:00,557.7
2024-10-09 13:00:00,414.12
2024-10-09 14:00:00,374.25
2024-10-09 15:00:00,214.9
2024-10-09 16:00:00,71.38
2024-10-09 17:00:00,0.0
2024-10-09 18:00:00,0.0
2024-10-09 19:00:00,0.0
2024-10-09 20:00:00,0.0
2024-10-09 21:00:00,0.0
2024-10-09 22:00:00,0.0
2024-10-09 23:00:00,0.0
2024-10-10 00:00:00,0.0
2024-10-10 01:00:00,0.0
2024-10-10 02:00:00,0.0
2024-10-10 03:00:00,0.0
2024-10-10 04:00:00,0.0
2024-10-10 05:00:00,1.83
2024-10-10 06:00:00,56.58
2024-10-10 07:00:00,171.7
2024-10-10 08:00:00,311.1
2024-10-10 09:00:00,373.55
2024-10-10 10:00:00,519.95
2024-10-10 11:00:00,457.3
2024-10-10 12:00:00,422.42
2024-10-10 13:00:00,324.45
2024-10-10 14:00:00,325.6
2024-10-10 15:00:00,178.6
2024-10-10 16:00:00,61.47
2024-10-10 17:00:00,0.0
2024-10-10 18:00:00,0.0
2024-10-10 19:00:00,0.0
2024-10-10 20:00:00,0.0
2024-10-10 21:00:00,0.0
2024-10-10 22:00:00,0.0
2024-10-10 23:00:00,0.0
2024-10-11 00:00:00,0.0
2024-10-11 01:00:00,0.0
2024-10-11 02:00:00,0.0
2024-10-11 03:00:00,0.0
2024-10-11 04:00:00,0.0
2024-10-11 05:00:00,1.95
2024-10-11 06:00:00,43.88
2024-10-11 07:00:00,105.47
2024-10-11 08:00:00,168.0
2024-10-11 09:00:00,245.5
2024-10-11 10:00:00,285.67
2024-10-11 11:00:00,342.6
2024-10-11 12:00:00,376.17
2024-10-11 13:00:00,290.1
2024-10-11 14:00:00,240.85
2024-10-11 15:00:00,146.7
2024-10-11 16:00:00,59.2
2024-10-11 17:00:00,0.0
2024-10-11 18:00:00,0.0
2024-10-11 19:00:00,0.0
2024-10-11 20:00:00,0.0
2024-10-11 21:00:00,0.0
2024-10-11 22:00:00,0.0
2024-10-11 23:00:00,0.0
2024-10-12 00:00:00,0.0
2024-10-12 01:00:00,0.0
2024-10-12 02:00:00,0.0
2024-10-12 03:00:00,0.0
2024-10-12 04:00:00,0.0
2024-10-12 05:00:00,0.0
2024-10-12 06:00:00,69.28
2024-10-12 07:00:00,181.85
2024-10-12 08:00:00,340.83
2024-10-12 09:00:00,366.73
2024-10-12 10:00:00,442.83
2024-10-12 11:00:00,489.73
2024-10-12 12:00:00,482.15
2024-10-12 13:00:00,421.75
2024-10-12 14:00:00,306.15
2024-10-12 15:00:00,186.12
2024-10-12 16:00:00,59.75
2024-10-12 17:00:00,0.0
2024-10-12 18:00:00,0.0
2024-10-12 19:00:00,0.0
2024-10-12 20:00:00,0.0
2024-10-12 21:00:00,0.0
2024-10-12 22:00:00,0.0
2024-10-12 23:00:00,0.0
2024-10-13 00:00:00,0.0
2024-10-13 01:00:00,0.0
2024-10-13 02:00:00,0.0
2024-10-13 03:00:00,0.0
2024-10-13 04:00:00,0.0
2024-10-13 05:00:00,0.0
2024-10-13 06:00:00,75.0
2024-10-13 07:00:00,211.1
2024-10-13 08:00:00,370.88
2024-10-13 09:00:00,446.27
2024-10-13 10:00:00,430.17
2024-10-13 11:00:00,477.65
2024-10-13 12:00:00,549.5
2024-10-13 13:00:00,550.38
2024-10-13 14:00:00,385.83
2024-10-13 15:00:00,239.77
2024-10-13 16:00:00,69.15
2024-10-13 17:00:00,0.0
2024-10-13 18:00:00,0.0
2024-10-13 19:00:00,0.0
2024-10-13 20:00:00,0.0
2024-10-13 21:00:00,0.0
2024-10-13 22:00:00,0.0
2024-10-13 23:00:00,0.0
2024-10-14 00:00:00,0.0
2024-10-14 01:00:00,0.0
2024-10-14 02:00:00,0.0
2024-10-14 03:00:00,0.0
2024-10-14 04:00:00,0.0
2024-10-14 05:00:00,0.0
2024-10-14 06:00:00,92.8
2024-10-14 07:00:00,233.88
2024-10-14 08:00:00,418.73
2024-10-14 09:00:00,566.25
2024-10-14 10:00:00,690.88
2024-10-14 11:00:00,661.83
2024-10-14 12:00:00,509.98
2024-10-14 13:00:00,531.22
2024-10-14 14:00:00,409.3
2024-10-14 15:00:00,194.23
2024-10-14 16:00:00,63.83
2024-10-14 17:00:00,0.0
2024-10-14 18:00:00,0.0
2024-10-14 19:00:00,0.0
2024-10-14 20:00:00,0.0
2024-10-14 21:00:00,0.0
2024-10-14 22:00:00,0.0
2024-10-14 23:00:00,0.0
2024-10-15 00:00:00,0.0
2024-10-15 01:00:00,0.0
2024-10-15 02:00:00,0.0
2024-10-15 03:00:00,0.0
2024-10-15 04:00:00,0.0
2024-10-15 05:00:00,0.0
2024-10-15 06:00:00,75.8
2024-10-15 07:00:00,214.38
2024-10-15 08:00:00,375.15
2024-10-15 09:00:00,461.55
2024-10-15 10:00:00,532.72
2024-10-15 11:00:00,493.15
2024-10-15 12:00:00,464.48
2024-10-15 13:00:00,389.05
2024-10-15 14:00:00,277.95
2024-10-15 15:00:00,150.2
2024-10-15 16:00:00,47.3
2024-10-15 17:00:00,0.0
2024-10-15 18:00:00,0.0
2024-10-15 19:00:00,0.0
2024-10-15 20:00:00,0.0
2024-10-15 21:00:00,0.0
2024-10-15 22:00:00,0.0
2024-10-15 23:00:00,0.0
2024-10-16 00:00:00,0.0
2024-10-16 01:00:00,0.0
2024-10-16 02:00:00,0.0
2024-10-16 03:00:00,0.0
2024-10-16 04:00:00,0.0
2024-10-16 05:00:00,0.0
2024-10-16 06:00:00,80.53
2024-10-16 07:00:00,252.48
2024-10-16 08:00:00,443.0
2024-10-16 09:00:00,580.62
2024-10-16 10:00:00,648.95
2024-10-16 11:00:00,630.45
2024-10-16 12:00:00,535.33
2024-10-16 13:00:00,410.4
2024-10-16 14:00:00,338.3
2024-10-16 15:00:00,170.88
2024-10-16 16:00:00,52.1
2024-10-16 17:00:00,0.0
2024-10-16 18:00:00,0.0
2024-10-16 19:00:00,0.0
2024-10-16 20:00:00,0.0
2024-10-16 21:00:00,0.0
2024-10-16 22:00:00,0.0
2024-10-16 23:00:00,0.0
2024-10-17 00:00:00,0.0
2024-10-17 01:00:00,0.0
2024-10-17 02:00:00,0.0
2024-10-17 03:00:00,0.0
2024-10-17 04:00:00,0.0
2024-10-17 05:00:00,0.0
2024-10-17 06:00:00,93.4
2024-10-17 07:00:00,286.8
2024-10-17 08:00:00,461.75
2024-10-17 09:00:00,633.15
2024-10-17 10:00:00,722.38
2024-10-17 11:00:00,740.12
2024-10-17 12:00:00,662.7
2024-10-17 13:00:00,610.9
2024-10-17 14:00:00,440.35
2024-10-17 15:00:00,252.88
2024-10-17 16:00:00,70.25
2024-10-17 17:00:00,0.0
2024-10-17 18:00:00,0.0
2024-10-17 19:00:00,0.0
2024-10-17 20:00:00,0.0
2024-10-17 21:00:00,0.0
2024-10-17 22:00:00,0.0
2024-10-17 23:00:00,0.0
2024-10-18 00:00:00,0.0
2024-10-18 01:00:00,0.0
2024-10-18 02:00:00,0.0
2024-10-18 03:00:00,0.0
2024-10-18 04:00:00,0.0
2024-10-18 05:00:00,0.0
2024-10-18 06:00:00,75.7
2024-10-18 07:00:00,246.6
2024-10-18 08:00:00,417.98
2024-10-18 09:00:00,551.83
2024-10-18 10:00:00,595.9
2024-10-18 11:00:00,492.98
2024-10-18 12:00:00,361.98
2024-10-18 13:00:00,229.82
2024-10-18 14:00:00,173.55
2024-10-18 15:00:00,90.65
2024-10-18 16:00:00,24.9
2024-10-18 17:00:00,0.0
2024-10-18 18:00:00,0.0
2024-10-18 19:00:00,0.0
2024-10-18 20:00:00,0.0
2024-10-18 21:00:00,0.0
2024-10-18 22:00:00,0.0
2024-10-18 23:00:00,0.0
2024-10-19 00:00:00,0.0
2024-10-19 01:00:00,0.0
2024-10-19 02:00:00,0.0
2024-10-19 03:00:00,0.0
2024-10-19 04:00:00,0.0
2024-10-19 05:00:00,0.0
2024-10-19 06:00:00,35.83
2024-10-19 07:00:00,97.5
2024-10-19 08:00:00,171.27
2024-10-19 09:00:00,217.05
2024-10-19 10:00:00,321.05
2024-10-19 11:00:00,225.62
2024-10-19 12:00:00,286.67
2024-10-19 13:00:00,322.7
2024-10-19 14:00:00,291.25
2024-10-19 15:00:00,145.25
2024-10-19 16:00:00,42.85
2024-10-19 17:00:00,0.0
2024-10-19 18:00:00,0.0
2024-10-19 19:00:00,0.0
2024-10-19 20:00:00,0.0
2024-10-19 21:00:00,0.0
2024-10-19 22:00:00,0.0
2024-10-19 23:00:00,0.0
2024-10-20 00:00:00,0.0
2024-10-20 01:00:00,0.0
2024-10-20 02:00:00,0.0
2024-10-20 03:00:00,0.0
2024-10-20 04:00:00,0.0
2024-10-20 05:00:00,0.0
2024-10-20 06:00:00,64.68
2024-10-20 07:00:00,216.23
2024-10-20 08:00:00,405.17
2024-10-20 09:00:00,519.83
2024-10-20 10:00:00,535.33
2024-10-20 11:00:00,610.92
2024-10-20 12:00:00,552.95
2024-10-20 13:00:00,422.1
2024-10-20 14:00:00,360.95
2024-10-20 15:00:00,234.48
2024-10-20 16:00:00,66.35
2024-10-20 17:00:00,0.0
2024-10-20 18:00:00,0.0
2024-10-20 19:00:00,0.0
2024-10-20 20:00:00,0.0
2024-10-20 21:00:00,0.0
2024-10-20 22:00:00,0.0
2024-10-20 23:00:00,0.0
2024-10-21 00:00:00,0.0
2024-10-21 01:00:00,0.0
2024-10-21 02:00:00,0.0
2024-10-21 03:00:00,0.0
2024-10-21 04:00:00,0.0
2024-10-21 05:00:00,0.0
2024-10-21 06:00:00,87.22
2024-10-21 07:00:00,234.5
2024-10-21 08:00:00,421.9
2024-10-21 09:00:00,560.05
2024-10-21 10:00:00,662.05
2024-10-21 11:00:00,621.22
2024-10-21 12:00:00,597.15
2024-10-21 13:00:00,448.23
2024-10-21 14:00:00,362.98
2024-10-21 15:00:00,203.5
2024-10-21 16:00:00,60.03
2024-10-21 17:00:00,0.0
2024-10-21 18:00:00,0.0
2024-10-21 19:00:00,0.0
2024-10-21 20:00:00,0.0
2024-10-21 21:00:00,0.0
2024-10-21 22:00:00,0.0
2024-10-21 23:00:00,0.0
2024-10-22 00:00:00,0.0
2024-10-22 01:00:00,0.0
2024-10-22 02:00:00,0.0
2024-10-22 03:00:00,0.0
2024-10-22 04:00:00,0.0
2024-10-22 05:00:00,0.0
2024-10-22 06:00:00,89.7
2024-10-22 07:00:00,262.77
2024-10-22 08:00:00,445.48
2024-10-22 09:00:00,593.0
2024-10-22 10:00:00,615.15
2024-10-22 11:00:00,731.15
2024-10-22 12:00:00,652.95
2024-10-22 13:00:00,530.17
2024-10-22 14:00:00,420.55
2024-10-22 15:00:00,225.45
2024-10-22 16:00:00,61.83
2024-10-22 17:00:00,0.0
2024-10-22 18:00:00,0.0
2024-10-22 19:00:00,0.0
2024-10-22 20:00:00,0.0
2024-10-22 21:00:00,0.0
2024-10-22 22:00:00,0.0
2024-10-22 23:00:00,0.0
2024-10-23 00:00:00,0.0
2024-10-23 01:00:00,0.0
2024-10-23 02:00:00,0.0
2024-10-23 03:00:00,0.0
2024-10-23 04:00:00,0.0
2024-10-23 05:00:00,0.0
2024-10-23 06:00:00,33.47
2024-10-23 07:00:00,86.05
2024-10-23 08:00:00,167.6
2024-10-23 09:00:00,202.95
2024-10-23 10:00:00,152.9
2024-10-23 11:00:00,238.12
2024-10-23 12:00:00,143.77
2024-10-23 13:00:00,227.48
2024-10-23 14:00:00,173.38
2024-10-23 15:00:00,99.65
2024-10-23 16:00:00,24.83
2024-10-23 17:00:00,0.0
2024-10-23 18:00:00,0.0
2024-10-23 19:00:00,0.0
2024-10-23 20:00:00,0.0
2024-10-23 21:00:00,0.0
2024-10-23 22:00:00,0.0
2024-10-23 23:00:00,0.0
2024-10-24 00:00:00,0.0
2024-10-24 01:00:00,0.0
2024-10-24 02:00:00,0.0
2024-10-24 03:00:00,0.0
2024-10-24 04:00:00,0.0
2024-10-24 05:00:00,0.0
2024-10-24 06:00:00,34.88
2024-10-24 07:00:00,88.88
2024-10-24 08:00:00,166.95
2024-10-24 09:00:00,193.0
2024-10-24 10:00:00,228.82
2024-10-24 11:00:00,280.38
2024-10-24 12:00:00,272.85
2024-10-24 13:00:00,198.15
2024-10-24 14:00:00,132.45
2024-10-24 15:00:00,76.03
2024-10-24 16:00:00,18.73
2024-10-24 17:00:00,0.0
2024-10-24 18:00:00,0.0
2024-10-24 19:00:00,0.0
2024-10-24 20:00:00,0.0
2024-10-24 21:00:00,0.0
2024-10-24 22:00:00,0.0
2024-10-24 23:00:00,0.0
2024-10-25 00:00:00,0.0
2024-10-25 01:00:00,0.0
2024-10-25 02:00:00,0.0
2024-10-25 03:00:00,0.0
2024-10-25 04:00:00,0.0
2024-10-25 05:00:00,0.0
2024-10-25 06:00:00,47.55
2024-10-25 07:00:00,138.12
2024-10-25 08:00:00,253.75
2024-10-25 09:00:00,385.02
2024-10-25 10:00:00,502.1
2024-10-25 11:00:00,589.22
2024-10-25 12:00:00,465.55
2024-10-25 13:00:00,384.0
2024-10-25 14:00:00,328.58
2024-10-25 15:00:00,170.23
2024-10-25 16:00:00,49.72
2024-10-25 17:00:00,0.0
2024-10-25 18:00:00,0.0
2024-10-25 19:00:00,0.0
2024-10-25 20:00:00,0.0
2024-10-25 21:00:00,0.0
2024-10-25 22:00:00,0.0
2024-10-25 23:00:00,0.0
2024-10-26 00:00:00,0.0
2024-10-26 01:00:00,0.0
2024-10-26 02:00:00,0.0
2024-10-26 03:00:00,0.0
2024-10-26 04:00:00,0.0
2024-10-26 05:00:00,0.0
2024-10-26 06:00:00,64.75
2024-10-26 07:00:00,223.05
2024-10-26 08:00:00,361.88
2024-10-26 09:00:00,508.83
2024-10-26 10:00:00,543.25
2024-10-26 11:00:00,516.42
2024-10-26 12:00:00,423.75
2024-10-26 13:00:00,339.95
2024-10-26 14:00:00,238.62
2024-10-26 15:00:00,131.5
2024-10-26 16:00:00,32.83
2024-10-26 17:00:00,0.0
2024-10-26 18:00:00,0.0
2024-10-26 19:00:00,0.0
2024-10-26 20:00:00,0.0
2024-10-26 21:00:00,0.0
2024-10-26 22:00:00,0.0
2024-10-26 23:00:00,0.0
2024-10-27 00:00:00,0.0
2024-10-27 01:00:00,0.0
2024-10-27 02:00:00,0.0
2024-10-27 03:00:00,0.0
2024-10-27 04:00:00,0.0
2024-10-27 05:00:00,0.0
2024-10-27 06:00:00,67.6
2024-10-27 07:00:00,204.2
2024-10-27 08:00:00,392.15
2024-10-27 09:00:00,597.83
2024-10-27 10:00:00,651.47
2024-10-27 11:00:00,527.6
2024-10-27 12:00:00,531.12
2024-10-27 13:00:00,506.27
2024-10-27 14:00:00,393.67
2024-10-27 15:00:00,210.52
2024-10-27 16:00:00,49.05
2024-10-27 17:00:00,0.0
2024-10-27 18:00:00,0.0
2024-10-27 19:00:00,0.0
2024-10-27 20:00:00,0.0
2024-10-27 21:00:00,0.0
2024-10-27 22:00:00,0.0
2024-10-27 23:00:00,0.0
2024-10-28 00:00:00,0.0
2024-10-28 01:00:00,0.0
2024-10-28 02:00:00,0.0
2024-10-28 03:00:00,0.0
2024-10-28 04:00:00,0.0
2024-10-28 05:00:00,0.0
2024-10-28 06:00:00,87.1
2024-10-28 07:00:00,283.02
2024-10-28 08:00:00,482.5
2024-10-28 09:00:00,655.72
2024-10-28 10:00:00,769.8
2024-10-28 11:00:00,784.72
2024-10-28 12:00:00,714.15
2024-10-28 13:00:00,620.58
2024-10-28 14:00:00,452.92
2024-10-28 15:00:00,262.62
2024-10-28 16:00:00,64.8
2024-10-28 17:00:00,0.0
2024-10-28 18:00:00,0.0
2024-10-28 19:00:00,0.0
2024-10-28 20:00:00,0.0
2024-10-28 21:00:00,0.0
2024-10-28 22:00:00,0.0
2024-10-28 23:00:00,0.0
2024-10-29 00:00:00,0.0
2024-10-29 01:00:00,0.0
2024-10-29 02:00:00,0.0
2024-10-29 03:00:00,0.0
2024-10-29 04:00:00,0.0
2024-10-29 05:00:00,0.0
2024-10-29 06:00:00,79.72
2024-10-29 07:00:00,268.08
2024-10-29 08:00:00,466.45
2024-10-29 09:00:00,621.72
2024-10-29 10:00:00,721.08
2024-10-29 11:00:00,725.2
2024-10-29 12:00:00,645.83
2024-10-29 13:00:00,542.35
2024-10-29 14:00:00,379.23
2024-10-29 15:00:00,204.35
2024-10-29 16:00:00,49.38
2024-10-29 17:00:00,0.0
2024-10-29 18:00:00,0.0
2024-10-29 19:00:00,0.0
2024-10-29 20:00:00,0.0
2024-10-29 21:00:00,0.0
2024-10-29 22:00:00,0.0
2024-10-29 23:00:00,0.0
2024-10-30 00:00:00,0.0
2024-10-30 01:00:00,0.0
2024-10-30 02:00:00,0.0
2024-10-30 03:00:00,0.0
2024-10-30 04:00:00,0.0
2024-10-30 05:00:00,0.0
2024-10-30 06:00:00,61.83
2024-10-30 07:00:00,188.62
2024-10-30 08:00:00,363.35
2024-10-30 09:00:00,521.12
2024-10-30 10:00:00,589.38
2024-10-30 11:00:00,601.7
2024-10-30 12:00:00,467.5
2024-10-30 13:00:00,428.02
2024-10-30 14:00:00,297.58
2024-10-30 15:00:00,143.75
2024-10-30 16:00:00,41.5
2024-10-30 17:00:00,0.0
2024-10-30 18:00:00,0.0
2024-10-30 19:00:00,0.0
2024-10-30 20:00:00,0.0
2024-10-30 21:00:00,0.0
2024-10-30 22:00:00,0.0
2024-10-30 23:00:00,0.0
2024-10-31 00:00:00,0.0
2024-10-31 01:00:00,0.0
2024-10-31 02:00:00,0.0
2024-10-31 03:00:00,0.0
2024-10-31 04:00:00,0.0
2024-10-31 05:00:00,0.0
2024-10-31 06:00:00,56.15
2024-10-31 07:00:00,189.6
2024-10-31 08:00:00,357.25
2024-10-31 09:00:00,504.6
2024-10-31 10:00:00,580.92
2024-10-31 11:00:00,594.28
2024-10-31 12:00:00,524.8
2024-10-31 13:00:00,424.85
2024-10-31 14:00:00,305.23
2024-10-31 15:00:00,185.75
2024-10-31 16:00:00,43.83
2024-10-31 17:00:00,0.0
2024-10-31 18:00:00,0.0
2024-10-31 19:00:00,0.0
2024-10-31 20:00:00,0.0
2024-10-31 21:00:00,0.0
2024-10-31 22:00:00,0.0
2024-10-31 23:00:00,0.0
2024-11-01 00:00:00,0.0
2024-11-01 01:00:00,0.0
2024-11-01 02:00:00,0.0
2024-11-01 03:00:00,0.0
2024-11-01 04:00:00,0.0
2024-11-01 05:00:00,0.32
2024-11-01 06:00:00,50.0
2024-11-01 07:00:00,199.48
2024-11-01 08:00:00,369.98
2024-11-01 09:00:00,494.55
2024-11-01 10:00:00,594.42
2024-11-01 11:00:00,705.33
2024-11-01 12:00:00,635.28
2024-11-01 13:00:00,512.2
2024-11-01 14:00:00,371.67
2024-11-01 15:00:00,199.45
2024-11-01 16:00:00,43.53
2024-11-01 17:00:00,0.0
2024-11-01 18:00:00,0.0
2024-11-01 19:00:00,0.0
2024-11-01 20:00:00,0.0
2024-11-01 21:00:00,0.0
2024-11-01 22:00:00,0.0
2024-11-01 23:00:00,0.0
2024-11-02 00:00:00,0.0
2024-11-02 01:00:00,0.0
2024-11-02 02:00:00,0.0
2024-11-02 03:00:00,0.0
2024-11-02 04:00:00,0.0
2024-11-02 05:00:00,0.0
2024-11-02 06:00:00,62.25
2024-11-02 07:00:00,238.12
2024-11-02 08:00:00,425.3
2024-11-02 09:00:00,585.53
2024-11-02 10:00:00,685.72
2024-11-02 11:00:00,720.67
2024-11-02 12:00:00,633.35
2024-11-02 13:00:00,544.8
2024-11-02 14:00:00,370.7
2024-11-02 15:00:00,203.82
2024-11-02 16:00:00,43.83
2024-11-02 17:00:00,0.0
2024-11-02 18:00:00,0.0
2024-11-02 19:00:00,0.0
2024-11-02 20:00:00,0.0
2024-11-02 21:00:00,0.0
2024-11-02 22:00:00,0.0
2024-11-02 23:00:00,0.0
2024-11-03 00:00:00,0.0
2024-11-03 01:00:00,0.0
2024-11-03 02:00:00,0.0
2024-11-03 03:00:00,0.0
2024-11-03 04:00:00,0.0
2024-11-03 05:00:00,0.0
2024-11-03 06:00:00,65.68
2024-11-03 07:00:00,235.52
2024-11-03 08:00:00,426.9
2024-11-03 09:00:00,587.0
2024-11-03 10:00:00,668.9
2024-11-03 11:00:00,765.47
2024-11-03 12:00:00,723.22
2024-11-03 13:00:00,616.85
2024-11-03 14:00:00,451.52
2024-11-03 15:00:00,249.93
2024-11-03 16:00:00,52.75
2024-11-03 17:00:00,0.0
2024-11-03 18:00:00,0.0
2024-11-03 19:00:00,0.0
2024-11-03 20:00:00,0.0
2024-11-03 21:00:00,0.0
2024-11-03 22:00:00,0.0
2024-11-03 23:00:00,0.0
2024-11-04 00:00:00,0.0
2024-11-04 01:00:00,0.0
2024-11-04 02:00:00,0.0
2024-11-04 03:00:00,0.0
2024-11-04 04:00:00,0.0
2024-11-04 05:00:00,0.0
2024-11-04 06:00:00,70.9
2024-11-04 07:00:00,264.73
2024-11-04 08:00:00,464.23
2024-11-04 09:00:00,615.9
2024-11-04 10:00:00,739.8
2024-11-04 11:00:00,779.95
2024-11-04 12:00:00,724.67
2024-11-04 13:00:00,614.88
2024-11-04 14:00:00,440.05
2024-11-04 15:00:00,240.1
2024-11-04 16:00:00,47.65
2024-11-04 17:00:00,0.0
2024-11-04 18:00:00,0.0
2024-11-04 19:00:00,0.0
2024-11-04 20:00:00,0.0
2024-11-04 21:00:00,0.0
2024-11-04 22:00:00,0.0
2024-11-04 23:00:00,0.0
2024-11-05 00:00:00,0.0
2024-11-05 01:00:00,0.0
2024-11-05 02:00:00,0.0
2024-11-05 03:00:00,0.0
2024-11-05 04:00:00,0.0
2024-11-05 05:00:00,0.0
2024-11-05 06:00:00,58.92
2024-11-05 07:00:00,222.95
2024-11-05 08:00:00,406.3
2024-11-05 09:00:00,523.7
2024-11-05 10:00:00,625.2
2024-11-05 11:00:00,709.05
2024-11-05 12:00:00,586.95
2024-11-05 13:00:00,367.17
2024-11-05 14:00:00,241.25
2024-11-05 15:00:00,121.65
2024-11-05 16:00:00,22.83
2024-11-05 17:00:00,0.0
2024-11-05 18:00:00,0.0
2024-11-05 19:00:00,0.0
2024-11-05 20:00:00,0.0
2024-11-05 21:00:00,0.0
2024-11-05 22:00:00,0.0
2024-11-05 23:00:00,0.0
2024-11-06 00:00:00,0.0
2024-11-06 01:00:00,0.0
2024-11-06 02:00:00,0.0
2024-11-06 03:00:00,0.0
2024-11-06 04:00:00,0.0
2024-11-06 05:00:00,0.0
2024-11-06 06:00:00,55.45
2024-11-06 07:00:00,212.57
2024-11-06 08:00:00,384.27
2024-11-06 09:00:00,539.55
2024-11-06 10:00:00,510.95
2024-11-06 11:00:00,365.6
2024-11-06 12:00:00,228.98
2024-11-06 13:00:00,276.7
2024-11-06 14:00:00,190.52
2024-11-06 15:00:00,106.82
2024-11-06 16:00:00,20.52
2024-11-06 17:00:00,0.0
2024-11-06 18:00:00,0.0
2024-11-06 19:00:00,0.0
2024-11-06 20:00:00,0.0
2024-11-06 21:00:00,0.0
2024-11-06 22:00:00,0.0
2024-11-06 23:00:00,0.0
2024-11-07 00:00:00,0.0
2024-11-07 01:00:00,0.0
2024-11-07 02:00:00,0.0
2024-11-07 03:00:00,0.0
2024-11-07 04:00:00,0.0
2024-11-07 05:00:00,0.0
2024-11-07 06:00:00,21.98
2024-11-07 07:00:00,101.32
2024-11-07 08:00:00,171.43
2024-11-07 09:00:00,270.38
2024-11-07 10:00:00,321.65
2024-11-07 11:00:00,438.52
2024-11-07 12:00:00,259.15
2024-11-07 13:00:00,186.68
2024-11-07 14:00:00,135.25
2024-11-07 15:00:00,69.95
2024-11-07 16:00:00,15.6
2024-11-07 17:00:00,0.0
2024-11-07 18:00:00,0.0
2024-11-07 19:00:00,0.0
2024-11-07 20:00:00,0.0
2024-11-07 21:00:00,0.0
2024-11-07 22:00:00,0.0
2024-11-07 23:00:00,0.0
2024-11-08 00:00:00,0.0
2024-11-08 01:00:00,0.0
2024-11-08 02:00:00,0.0
2024-11-08 03:00:00,0.0
2024-11-08 04:00:00,0.0
2024-11-08 05:00:00,0.0
2024-11-08 06:00:00,52.67
2024-11-08 07:00:00,202.73
2024-11-08 08:00:00,346.38
2024-11-08 09:00:00,465.85
2024-11-08 10:00:00,642.7
2024-11-08 11:00:00,688.45
2024-11-08 12:00:00,581.8
2024-11-08 13:00:00,525.4
2024-11-08 14:00:00,376.0
2024-11-08 15:00:00,202.0
2024-11-08 16:00:00,40.62
2024-11-08 17:00:00,0.0
2024-11-08 18:00:00,0.0
2024-11-08 19:00:00,0.0
2024-11-08 20:00:00,0.0
2024-11-08 21:00:00,0.0
2024-11-08 22:00:00,0.0
2024-11-08 23:00:00,0.0
2024-11-09 00:00:00,0.0
2024-11-09 01:00:00,0.0
2024-11-09 02:00:00,0.0
2024-11-09 03:00:00,0.0
2024-11-09 04:00:00,0.0
2024-11-09 05:00:00,0.0
2024-11-09 06:00:00,62.67
2024-11-09 07:00:00,256.58
2024-11-09 08:00:00,449.23
2024-11-09 09:00:00,615.83
2024-11-09 10:00:00,719.55
2024-11-09 11:00:00,744.33
2024-11-09 12:00:00,698.22
2024-11-09 13:00:00,585.95
2024-11-09 14:00:00,426.2
2024-11-09 15:00:00,234.0
2024-11-09 16:00:00,46.97
2024-11-09 17:00:00,0.0
2024-11-09 18:00:00,0.0
2024-11-09 19:00:00,0.0
2024-11-09 20:00:00,0.0
2024-11-09 21:00:00,0.0
2024-11-09 22:00:00,0.0
2024-11-09 23:00:00,0.0
2024-11-10 00:00:00,0.0
2024-11-10 01:00:00,0.0
2024-11-10 02:00:00,0.0
2024-11-10 03:00:00,0.0
2024-11-10 04:00:00,0.0
2024-11-10 05:00:00,0.0
2024-11-10 06:00:00,60.78
2024-11-10 07:00:00,259.15
2024-11-10 08:00:00,455.88
2024-11-10 09:00:00,612.0
2024-11-10 10:00:00,723.7
2024-11-10 11:00:00,750.35
2024-11-10 12:00:00,699.9
2024-11-10 13:00:00,545.78
2024-11-10 14:00:00,406.58
2024-11-10 15:00:00,226.88
2024-11-10 16:00:00,44.3
2024-11-10 17:00:00,0.0
2024-11-10 18:00:00,0.0
2024-11-10 19:00:00,0.0
2024-11-10 20:00:00,0.0
2024-11-10 21:00:00,0.0
2024-11-10 22:00:00,0.0
2024-11-10 23:00:00,0.0
2024-11-11 00:00:00,0.0
2024-11-11 01:00:00,0.0
2024-11-11 02:00:00,0.0
2024-11-11 03:00:00,0.0
2024-11-11 04:00:00,0.0
2024-11-11 05:00:00,0.0
2024-11-11 06:00:00,54.62
2024-11-11 07:00:00,238.82
2024-11-11 08:00:00,434.45
2024-11-11 09:00:00,600.12
2024-11-11 10:00:00,689.1
2024-11-11 11:00:00,730.38
2024-11-11 12:00:00,705.62
2024-11-11 13:00:00,576.58
2024-11-11 14:00:00,425.17
2024-11-11 15:00:00,234.77
2024-11-11 16:00:00,46.15
2024-11-11 17:00:00,0.0
2024-11-11 18:00:00,0.0
2024-11-11 19:00:00,0.0
2024-11-11 20:00:00,0.0
2024-11-11 21:00:00,0.0
2024-11-11 22:00:00,0.0
2024-11-11 23:00:00,0.0
2024-11-12 00:00:00,0.0
2024-11-12 01:00:00,0.0
2024-11-12 02:00:00,0.0
2024-11-12 03:00:00,0.0
2024-11-12 04:00:00,0.0
2024-11-12 05:00:00,0.0
2024-11-12 06:00:00,58.42
2024-11-12 07:00:00,249.45
2024-11-12 08:00:00,431.2
2024-11-12 09:00:00,565.97
2024-11-12 10:00:00,690.75
2024-11-12 11:00:00,615.0
2024-11-12 12:00:00,571.53
2024-11-12 13:00:00,532.72
2024-11-12 14:00:00,387.55
2024-11-12 15:00:00,206.88
2024-11-12 16:00:00,36.72
2024-11-12 17:00:00,0.0
2024-11-12 18:00:00,0.0
2024-11-12 19:00:00,0.0
2024-11-12 20:00:00,0.0
2024-11-12 21:00:00,0.0
2024-11-12 22:00:00,0.0
2024-11-12 23:00:00,0.0
2024-11-13 00:00:00,0.0
2024-11-13 01:00:00,0.0
2024-11-13 02:00:00,0.0
2024-11-13 03:00:00,0.0
2024-11-13 04:00:00,0.0
2024-11-13 05:00:00,0.0
2024-11-13 06:00:00,45.12
2024-11-13 07:00:00,228.27
2024-11-13 08:00:00,423.85
2024-11-13 09:00:00,586.65
2024-11-13 10:00:00,698.62
2024-11-13 11:00:00,768.22
2024-11-13 12:00:00,709.03
2024-11-13 13:00:00,607.05
2024-11-13 14:00:00,426.85
2024-11-13 15:00:00,232.8
2024-11-13 16:00:00,40.7
2024-11-13 17:00:00,0.0
2024-11-13 18:00:00,0.0
2024-11-13 19:00:00,0.0
2024-11-13 20:00:00,0.0
2024-11-13 21:00:00,0.0
2024-11-13 22:00:00,0.0
2024-11-13 23:00:00,0.0
2024-11-14 00:00:00,0.0
2024-11-14 01:00:00,0.0
2024-11-14 02:00:00,0.0
2024-11-14 03:00:00,0.0
2024-11-14 04:00:00,0.0
2024-11-14 05:00:00,0.0
2024-11-14 06:00:00,54.47
2024-11-14 07:00:00,253.52
2024-11-14 08:00:00,456.48
2024-11-14 09:00:00,617.15
2024-11-14 10:00:00,723.03
2024-11-14 11:00:00,766.8
2024-11-14 12:00:00,717.05
2024-11-14 13:00:00,607.7
2024-11-14 14:00:00,435.08
2024-11-14 15:00:00,238.12
2024-11-14 16:00:00,41.83
2024-11-14 17:00:00,0.0
2024-11-14 18:00:00,0.0
2024-11-14 19:00:00,0.0
2024-11-14 20:00:00,0.0
2024-11-14 21:00:00,0.0
2024-11-14 22:00:00,0.0
2024-11-14 23:00:00,0.0
2024-11-15 00:00:00,0.0
2024-11-15 01:00:00,0.0
2024-11-15 02:00:00,0.0
2024-11-15 03:00:00,0.0
2024-11-15 04:00:00,0.0
2024-11-15 05:00:00,0.0
2024-11-15 06:00:00,51.28
2024-11-15 07:00:00,247.85
2024-11-15 08:00:00,451.67
2024-11-15 09:00:00,614.25
2024-11-15 10:00:00,724.5
2024-11-15 11:00:00,779.22
2024-11-15 12:00:00,731.42
2024-11-15 13:00:00,619.45
2024-11-15 14:00:00,452.05
2024-11-15 15:00:00,246.77
2024-11-15 16:00:00,43.65
2024-11-15 17:00:00,0.0
2024-11-15 18:00:00,0.0
2024-11-15 19:00:00,0.0
2024-11-15 20:00:00,0.0
2024-11-15 21:00:00,0.0
2024-11-15 22:00:00,0.0
2024-11-15 23:00:00,0.0
2024-11-16 00:00:00,0.0
2024-11-16 01:00:00,0.0
2024-11-16 02:00:00,0.0
2024-11-16 03:00:00,0.0
2024-11-16 04:00:00,0.0
2024-11-16 05:00:00,0.0
2024-11-16 06:00:00,49.4
2024-11-16 07:00:00,248.23
2024-11-16 08:00:00,439.7
2024-11-16 09:00:00,599.58
2024-11-16 10:00:00,711.92
2024-11-16 11:00:00,746.53
2024-11-16 12:00:00,693.92
2024-11-16 13:00:00,572.85
2024-11-16 14:00:00,413.38
2024-11-16 15:00:00,224.32
2024-11-16 16:00:00,38.7
2024-11-16 17:00:00,0.0
2024-11-16 18:00:00,0.0
2024-11-16 19:00:00,0.0
2024-11-16 20:00:00,0.0
2024-11-16 21:00:00,0.0
2024-11-16 22:00:00,0.0
2024-11-16 23:00:00,0.0
2024-11-17 00:00:00,0.0
2024-11-17 01:00:00,0.0
2024-11-17 02:00:00,0.0
2024-11-17 03:00:00,0.0
2024-11-17 04:00:00,0.0
2024-11-17 05:00:00,0.0
2024-11-17 06:00:00,45.83
2024-11-17 07:00:00,238.38
2024-11-17 08:00:00,420.55
2024-11-17 09:00:00,576.12
2024-11-17 10:00:00,684.53
2024-11-17 11:00:00,726.53
2024-11-17 12:00:00,692.38
2024-11-17 13:00:00,561.6
2024-11-17 14:00:00,406.23
2024-11-17 15:00:00,221.05
2024-11-17 16:00:00,38.15
2024-11-17 17:00:00,0.0
2024-11-17 18:00:00,0.0
2024-11-17 19:00:00,0.0
2024-11-17 20:00:00,0.0
2024-11-17 21:00:00,0.0
2024-11-17 22:00:00,0.0
2024-11-17 23:00:00,0.0
2024-11-18 00:00:00,0.0
2024-11-18 01:00:00,0.0
2024-11-18 02:00:00,0.0
2024-11-18 03:00:00,0.0
2024-11-18 04:00:00,0.0
2024-11-18 05:00:00,0.0
2024-11-18 06:00:00,43.92
2024-11-18 07:00:00,232.8
2024-11-18 08:00:00,419.23
2024-11-18 09:00:00,578.85
2024-11-18 10:00:00,694.45
2024-11-18 11:00:00,762.4
2024-11-18 12:00:00,719.97
2024-11-18 13:00:00,612.55
2024-11-18 14:00:00,437.58
2024-11-18 15:00:00,236.73
2024-11-18 16:00:00,40.97
2024-11-18 17:00:00,0.0
2024-11-18 18:00:00,0.0
2024-11-18 19:00:00,0.0
2024-11-18 20:00:00,0.0
2024-11-18 21:00:00,0.0
2024-11-18 22:00:00,0.0
2024-11-18 23:00:00,0.0
2024-11-19 00:00:00,0.0
2024-11-19 01:00:00,0.0
2024-11-19 02:00:00,0.0
2024-11-19 03:00:00,0.0
2024-11-19 04:00:00,0.0
2024-11-19 05:00:00,0.0
2024-11-19 06:00:00,46.38
2024-11-19 07:00:00,240.1
2024-11-19 08:00:00,427.35
2024-11-19 09:00:00,583.72
2024-11-19 10:00:00,701.28
2024-11-19 11:00:00,764.7
2024-11-19 12:00:00,721.75
2024-11-19 13:00:00,612.12
2024-11-19 14:00:00,441.25
2024-11-19 15:00:00,236.27
2024-11-19 16:00:00,39.75
2024-11-19 17:00:00,0.0
2024-11-19 18:00:00,0.0
2024-11-19 19:00:00,0.0
2024-11-19 20:00:00,0.0
2024-11-19 21:00:00,0.0
2024-11-19 22:00:00,0.0
2024-11-19 23:00:00,0.0
2024-11-20 00:00:00,0.0
2024-11-20 01:00:00,0.0
2024-11-20 02:00:00,0.0
2024-11-20 03:00:00,0.0
2024-11-20 04:00:00,0.0
2024-11-20 05:00:00,0.0
2024-11-20 06:00:00,27.8
2024-11-20 07:00:00,133.38
2024-11-20 08:00:00,247.25
2024-11-20 09:00:00,364.25
2024-11-20 10:00:00,439.75
2024-11-20 11:00:00,451.67
2024-11-20 12:00:00,511.8
2024-11-20 13:00:00,368.12
2024-11-20 14:00:00,253.93
2024-11-20 15:00:00,134.93
2024-11-20 16:00:00,24.02
2024-11-20 17:00:00,0.0
2024-11-20 18:00:00,0.0
2024-11-20 19:00:00,0.0
2024-11-20 20:00:00,0.0
2024-11-20 21:00:00,0.0
2024-11-20 22:00:00,0.0
2024-11-20 23:00:00,0.0
2024-11-21 00:00:00,0.0
2024-11-21 01:00:00,0.0
2024-11-21 02:00:00,0.0
2024-11-21 03:00:00,0.0
2024-11-21 04:00:00,0.0
2024-11-21 05:00:00,0.0
2024-11-21 06:00:00,22.8
2024-11-21 07:00:00,115.22
2024-11-21 08:00:00,196.35
2024-11-21 09:00:00,348.2
2024-11-21 10:00:00,381.58
2024-11-21 11:00:00,508.23
2024-11-21 12:00:00,414.45
2024-11-21 13:00:00,343.2
2024-11-21 14:00:00,253.77
2024-11-21 15:00:00,139.52
2024-11-21 16:00:00,24.9
2024-11-21 17:00:00,0.0
2024-11-21 18:00:00,0.0
2024-11-21 19:00:00,0.0
2024-11-21 20:00:00,0.0
2024-11-21 21:00:00,0.0
2024-11-21 22:00:00,0.0
2024-11-21 23:00:00,0.0
2024-11-22 00:00:00,0.0
2024-11-22 01:00:00,0.0
2024-11-22 02:00:00,0.0
2024-11-22 03:00:00,0.0
2024-11-22 04:00:00,0.0
2024-11-22 05:00:00,0.0
2024-11-22 06:00:00,28.27
2024-11-22 07:00:00,147.52
2024-11-22 08:00:00,262.02
2024-11-22 09:00:00,427.83
2024-11-22 10:00:00,511.38
2024-11-22 11:00:00,617.67
2024-11-22 12:00:00,593.12
2024-11-22 13:00:00,439.7
2024-11-22 14:00:00,303.02
2024-11-22 15:00:00,155.75
2024-11-22 16:00:00,25.98
2024-11-22 17:00:00,0.0
2024-11-22 18:00:00,0.0
2024-11-22 19:00:00,0.0
2024-11-22 20:00:00,0.0
2024-11-22 21:00:00,0.0
2024-11-22 22:00:00,0.0
2024-11-22 23:00:00,0.0
2024-11-23 00:00:00,0.0
2024-11-23 01:00:00,0.0
2024-11-23 02:00:00,0.0
2024-11-23 03:00:00,0.0
2024-11-23 04:00:00,0.0
2024-11-23 05:00:00,0.0
2024-11-23 06:00:00,26.6
2024-11-23 07:00:00,154.85
2024-11-23 08:00:00,283.23
2024-11-23 09:00:00,403.12
2024-11-23 10:00:00,575.5
2024-11-23 11:00:00,613.12
2024-11-23 12:00:00,524.05
2024-11-23 13:00:00,401.52
2024-11-23 14:00:00,302.0
2024-11-23 15:00:00,169.7
2024-11-23 16:00:00,28.85
2024-11-23 17:00:00,0.0
2024-11-23 18:00:00,0.0
2024-11-23 19:00:00,0.0
2024-11-23 20:00:00,0.0
2024-11-23 21:00:00,0.0
2024-11-23 22:00:00,0.0
2024-11-23 23:00:00,0.0
2024-11-24 00:00:00,0.0
2024-11-24 01:00:00,0.0
2024-11-24 02:00:00,0.0
2024-11-24 03:00:00,0.0
2024-11-24 04:00:00,0.0
2024-11-24 05:00:00,0.0
2024-11-24 06:00:00,32.08
2024-11-24 07:00:00,194.05
2024-11-24 08:00:00,357.2
2024-11-24 09:00:00,522.6
2024-11-24 10:00:00,599.85
2024-11-24 11:00:00,614.8
2024-11-24 12:00:00,575.92
2024-11-24 13:00:00,427.1
2024-11-24 14:00:00,319.52
2024-11-24 15:00:00,178.9
2024-11-24 16:00:00,29.17
2024-11-24 17:00:00,0.0
2024-11-24 18:00:00,0.0
2024-11-24 19:00:00,0.0
2024-11-24 20:00:00,0.0
2024-11-24 21:00:00,0.0
2024-11-24 22:00:00,0.0
2024-11-24 23:00:00,0.0
2024-11-25 00:00:00,0.0
2024-11-25 01:00:00,0.0
2024-11-25 02:00:00,0.0
2024-11-25 03:00:00,0.0
2024-11-25 04:00:00,0.0
2024-11-25 05:00:00,0.0
2024-11-25 06:00:00,29.55
2024-11-25 07:00:00,186.88
2024-11-25 08:00:00,344.33
2024-11-25 09:00:00,510.95
2024-11-25 10:00:00,595.8
2024-11-25 11:00:00,611.72
2024-11-25 12:00:00,622.88
2024-11-25 13:00:00,503.1
2024-11-25 14:00:00,323.7
2024-11-25 15:00:00,181.25
2024-11-25 16:00:00,29.48
2024-11-25 17:00:00,0.0
2024-11-25 18:00:00,0.0
2024-11-25 19:00:00,0.0
2024-11-25 20:00:00,0.0
2024-11-25 21:00:00,0.0
2024-11-25 22:00:00,0.0
2024-11-25 23:00:00,0.0
2024-11-26 00:00:00,0.0
2024-11-26 01:00:00,0.0
2024-11-26 02:00:00,0.0
2024-11-26 03:00:00,0.0
2024-11-26 04:00:00,0.0
2024-11-26 05:00:00,0.0
2024-11-26 06:00:00,31.5
2024-11-26 07:00:00,197.9
2024-11-26 08:00:00,368.08
2024-11-26 09:00:00,525.22
2024-11-26 10:00:00,596.45
2024-11-26 11:00:00,693.58
2024-11-26 12:00:00,562.65
2024-11-26 13:00:00,511.05
2024-11-26 14:00:00,359.25
2024-11-26 15:00:00,197.77
2024-11-26 16:00:00,32.4
2024-11-26 17:00:00,0.0
2024-11-26 18:00:00,0.0
2024-11-26 19:00:00,0.0
2024-11-26 20:00:00,0.0
2024-11-26 21:00:00,0.0
2024-11-26 22:00:00,0.0
2024-11-26 23:00:00,0.0
2024-11-27 00:00:00,0.0
2024-11-27 01:00:00,0.0
2024-11-27 02:00:00,0.0
2024-11-27 03:00:00,0.0
2024-11-27 04:00:00,0.0
2024-11-27 05:00:00,0.0
2024-11-27 06:00:00,31.7
2024-11-27 07:00:00,200.12
2024-11-27 08:00:00,363.05
2024-11-27 09:00:00,510.92
2024-11-27 10:00:00,622.15
2024-11-27 11:00:00,714.25
2024-11-27 12:00:00,676.97
2024-11-27 13:00:00,565.47
2024-11-27 14:00:00,406.95
2024-11-27 15:00:00,221.45
2024-11-27 16:00:00,35.45
2024-11-27 17:00:00,0.0
2024-11-27 18:00:00,0.0
2024-11-27 19:00:00,0.0
2024-11-27 20:00:00,0.0
2024-11-27 21:00:00,0.0
2024-11-27 22:00:00,0.0
2024-11-27 23:00:00,0.0
2024-11-28 00:00:00,0.0
2024-11-28 01:00:00,0.0
2024-11-28 02:00:00,0.0
2024-11-28 03:00:00,0.0
2024-11-28 04:00:00,0.0
2024-11-28 05:00:00,0.0
2024-11-28 06:00:00,26.08
2024-11-28 07:00:00,179.98
2024-11-28 08:00:00,335.42
2024-11-28 09:00:00,502.5
2024-11-28 10:00:00,640.1
2024-11-28 11:00:00,645.03
2024-11-28 12:00:00,571.38
2024-11-28 13:00:00,509.12
2024-11-28 14:00:00,356.38
2024-11-28 15:00:00,188.45
2024-11-28 16:00:00,27.3
2024-11-28 17:00:00,0.0
2024-11-28 18:00:00,0.0
2024-11-28 19:00:00,0.0
2024-11-28 20:00:00,0.0
2024-11-28 21:00:00,0.0
2024-11-28 22:00:00,0.0
2024-11-28 23:00:00,0.0
2024-11-29 00:00:00,0.0
2024-11-29 01:00:00,0.0
2024-11-29 02:00:00,0.0
2024-11-29 03:00:00,0.0
2024-11-29 04:00:00,0.0
2024-11-29 05:00:00,0.0
2024-11-29 06:00:00,26.65
2024-11-29 07:00:00,174.65
2024-11-29 08:00:00,319.8
2024-11-29 09:00:00,433.88
2024-11-29 10:00:00,624.22
2024-11-29 11:00:00,663.88
2024-11-29 12:00:00,636.42
2024-11-29 13:00:00,483.27
2024-11-29 14:00:00,364.12
2024-11-29 15:00:00,207.62
2024-11-29 16:00:00,34.7
2024-11-29 17:00:00,0.0
2024-11-29 18:00:00,0.0
2024-11-29 19:00:00,0.0
2024-11-29 20:00:00,0.0
2024-11-29 21:00:00,0.0
2024-11-29 22:00:00,0.0
2024-11-29 23:00:00,0.0
2024-11-30 00:00:00,0.0
2024-11-30 01:00:00,0.0
2024-11-30 02:00:00,0.0
2024-11-30 03:00:00,0.0
2024-11-30 04:00:00,0.0
2024-11-30 05:00:00,0.0
2024-11-30 06:00:00,30.8
2024-11-30 07:00:00,215.57
2024-11-30 08:00:00,396.5
2024-11-30 09:00:00,554.65
2024-11-30 10:00:00,668.47
2024-11-30 11:00:00,695.42
2024-11-30 12:00:00,669.15
2024-11-30 13:00:00,548.8
2024-11-30 14:00:00,374.77
2024-11-30 15:00:00,206.85
2024-11-30 16:00:00,32.55
2024-11-30 17:00:00,0.0
2024-11-30 18:00:00,0.0
2024-11-30 19:00:00,0.0
2024-11-30 20:00:00,0.0
2024-11-30 21:00:00,0.0
2024-11-30 22:00:00,0.0
2024-11-30 23:00:00,0.0
2024-12-01 00:00:00,0.0
2024-12-01 01:00:00,0.0
2024-12-01 02:00:00,0.0
2024-12-01 03:00:00,0.0
2024-12-01 04:00:00,0.0
2024-12-01 05:00:00,0.0
2024-12-01 06:00:00,26.02
2024-12-01 07:00:00,185.68
2024-12-01 08:00:00,355.1
2024-12-01 09:00:00,496.23
2024-12-01 10:00:00,655.28
2024-12-01 11:00:00,700.78
2024-12-01 12:00:00,655.35
2024-12-01 13:00:00,525.25
2024-12-01 14:00:00,388.5
2024-12-01 15:00:00,208.5
2024-12-01 16:00:00,32.08
2024-12-01 17:00:00,0.0
2024-12-01 18:00:00,0.0
2024-12-01 19:00:00,0.0
2024-12-01 20:00:00,0.0
2024-12-01 21:00:00,0.0
2024-12-01 22:00:00,0.0
2024-12-01 23:00:00,0.0
2024-12-02 00:00:00,0.0
2024-12-02 01:00:00,0.0
2024-12-02 02:00:00,0.0
2024-12-02 03:00:00,0.0
2024-12-02 04:00:00,0.0
2024-12-02 05:00:00,0.0
2024-12-02 06:00:00,24.58
2024-12-02 07:00:00,180.65
2024-12-02 08:00:00,359.25
2024-12-02 09:00:00,505.6
2024-12-02 10:00:00,620.25
2024-12-02 11:00:00,706.85
2024-12-02 12:00:00,661.35
2024-12-02 13:00:00,518.88
2024-12-02 14:00:00,382.88
2024-12-02 15:00:00,205.57
2024-12-02 16:00:00,32.95
2024-12-02 17:00:00,0.0
2024-12-02 18:00:00,0.0
2024-12-02 19:00:00,0.0
2024-12-02 20:00:00,0.0
2024-12-02 21:00:00,0.0
2024-12-02 22:00:00,0.0
2024-12-02 23:00:00,0.0
2024-12-03 00:00:00,0.0
2024-12-03 01:00:00,0.0
2024-12-03 02:00:00,0.0
2024-12-03 03:00:00,0.0
2024-12-03 04:00:00,0.0
2024-12-03 05:00:00,0.0
2024-12-03 06:00:00,23.52
2024-12-03 07:00:00,184.23
2024-12-03 08:00:00,363.5
2024-12-03 09:00:00,521.08
2024-12-03 10:00:00,634.53
2024-12-03 11:00:00,727.67
2024-12-03 12:00:00,689.47
2024-12-03 13:00:00,573.45
2024-12-03 14:00:00,417.38
2024-12-03 15:00:00,224.23
2024-12-03 16:00:00,36.2
2024-12-03 17:00:00,0.0
2024-12-03 18:00:00,0.0
2024-12-03 19:00:00,0.0
2024-12-03 20:00:00,0.0
2024-12-03 21:00:00,0.0
2024-12-03 22:00:00,0.0
2024-12-03 23:00:00,0.0
2024-12-04 00:00:00,0.0
2024-12-04 01:00:00,0.0
2024-12-04 02:00:00,0.0
2024-12-04 03:00:00,0.0
2024-12-04 04:00:00,0.0
2024-12-04 05:00:00,0.0
2024-12-04 06:00:00,24.05
2024-12-04 07:00:00,187.25
2024-12-04 08:00:00,374.6
2024-12-04 09:00:00,532.42
2024-12-04 10:00:00,650.42
2024-12-04 11:00:00,719.42
2024-12-04 12:00:00,654.62
2024-12-04 13:00:00,573.53
2024-12-04 14:00:00,413.15
2024-12-04 15:00:00,216.75
2024-12-04 16:00:00,33.9
2024-12-04 17:00:00,0.0
2024-12-04 18:00:00,0.0
2024-12-04 19:00:00,0.0
2024-12-04 20:00:00,0.0
2024-12-04 21:00:00,0.0
2024-12-04 22:00:00,0.0
2024-12-04 23:00:00,0.0
2024-12-05 00:00:00,0.0
2024-12-05 01:00:00,0.0
2024-12-05 02:00:00,0.0
2024-12-05 03:00:00,0.0
2024-12-05 04:00:00,0.0
2024-12-05 05:00:00,0.0
2024-12-05 06:00:00,19.5
2024-12-05 07:00:00,161.15
2024-12-05 08:00:00,319.9
2024-12-05 09:00:00,467.9
2024-12-05 10:00:00,554.1
2024-12-05 11:00:00,603.35
2024-12-05 12:00:00,595.83
2024-12-05 13:00:00,429.4
2024-12-05 14:00:00,316.83
2024-12-05 15:00:00,175.68
2024-12-05 16:00:00,28.05
2024-12-05 17:00:00,0.0
2024-12-05 18:00:00,0.0
2024-12-05 19:00:00,0.0
2024-12-05 20:00:00,0.0
2024-12-05 21:00:00,0.0
2024-12-05 22:00:00,0.0
2024-12-05 23:00:00,0.0
2024-12-06 00:00:00,0.0
2024-12-06 01:00:00,0.0
2024-12-06 02:00:00,0.0
2024-12-06 03:00:00,0.0
2024-12-06 04:00:00,0.0
2024-12-06 05:00:00,0.0
2024-12-06 06:00:00,14.32
2024-12-06 07:00:00,119.88
2024-12-06 08:00:00,277.25
2024-12-06 09:00:00,426.58
2024-12-06 10:00:00,501.85
2024-12-06 11:00:00,523.72
2024-12-06 12:00:00,536.95
2024-12-06 13:00:00,362.27
2024-12-06 14:00:00,288.17
2024-12-06 15:00:00,139.52
2024-12-06 16:00:00,22.15
2024-12-06 17:00:00,0.0
2024-12-06 18:00:00,0.0
2024-12-06 19:00:00,0.0
2024-12-06 20:00:00,0.0
2024-12-06 21:00:00,0.0
2024-12-06 22:00:00,0.0
2024-12-06 23:00:00,0.0
2024-12-07 00:00:00,0.0
2024-12-07 01:00:00,0.0
2024-12-07 02:00:00,0.0
2024-12-07 03:00:00,0.0
2024-12-07 04:00:00,0.0
2024-12-07 05:00:00,0.0
2024-12-07 06:00:00,16.9
2024-12-07 07:00:00,152.18
2024-12-07 08:00:00,328.9
2024-12-07 09:00:00,493.92
2024-12-07 10:00:00,612.72
2024-12-07 11:00:00,621.2
2024-12-07 12:00:00,600.15
2024-12-07 13:00:00,500.35
2024-12-07 14:00:00,359.6
2024-12-07 15:00:00,192.85
2024-12-07 16:00:00,30.33
2024-12-07 17:00:00,0.0
2024-12-07 18:00:00,0.0
2024-12-07 19:00:00,0.0
2024-12-07 20:00:00,0.0
2024-12-07 21:00:00,0.0
2024-12-07 22:00:00,0.0
2024-12-07 23:00:00,0.0
2024-12-08 00:00:00,0.0
2024-12-08 01:00:00,0.0
2024-12-08 02:00:00,0.0
2024-12-08 03:00:00,0.0
2024-12-08 04:00:00,0.0
2024-12-08 05:00:00,0.0
2024-12-08 06:00:00,21.0
2024-12-08 07:00:00,182.48
2024-12-08 08:00:00,375.6
2024-12-08 09:00:00,534.22
2024-12-08 10:00:00,664.42
2024-12-08 11:00:00,716.53
2024-12-08 12:00:00,687.4
2024-12-08 13:00:00,588.38
2024-12-08 14:00:00,429.62
2024-12-08 15:00:00,230.48
2024-12-08 16:00:00,38.17
2024-12-08 17:00:00,0.0
2024-12-08 18:00:00,0.0
2024-12-08 19:00:00,0.0
2024-12-08 20:00:00,0.0
2024-12-08 21:00:00,0.0
2024-12-08 22:00:00,0.0
2024-12-08 23:00:00,0.0
2024-12-09 00:00:00,0.0
2024-12-09 01:00:00,0.0
2024-12-09 02:00:00,0.0
2024-12-09 03:00:00,0.0
2024-12-09 04:00:00,0.0
2024-12-09 05:00:00,0.0
2024-12-09 06:00:00,19.95
2024-12-09 07:00:00,177.5
2024-12-09 08:00:00,345.9
2024-12-09 09:00:00,478.45
2024-12-09 10:00:00,624.08
2024-12-09 11:00:00,706.17
2024-12-09 12:00:00,655.92
2024-12-09 13:00:00,568.72
2024-12-09 14:00:00,409.38
2024-12-09 15:00:00,209.02
2024-12-09 16:00:00,32.03
2024-12-09 17:00:00,0.0
2024-12-09 18:00:00,0.0
2024-12-09 19:00:00,0.0
2024-12-09 20:00:00,0.0
2024-12-09 21:00:00,0.0
2024-12-09 22:00:00,0.0
2024-12-09 23:00:00,0.0
2024-12-10 00:00:00,0.0
2024-12-10 01:00:00,0.0
2024-12-10 02:00:00,0.0
2024-12-10 03:00:00,0.0
2024-12-10 04:00:00,0.0
2024-12-10 05:00:00,0.0
2024-12-10 06:00:00,13.07
2024-12-10 07:00:00,118.93
2024-12-10 08:00:00,256.75
2024-12-10 09:00:00,394.62
2024-12-10 10:00:00,501.95
2024-12-10 11:00:00,586.6
2024-12-10 12:00:00,539.38
2024-12-10 13:00:00,379.15
2024-12-10 14:00:00,281.48
2024-12-10 15:00:00,155.62
2024-12-10 16:00:00,25.88
2024-12-10 17:00:00,0.0
2024-12-10 18:00:00,0.0
2024-12-10 19:00:00,0.0
2024-12-10 20:00:00,0.0
2024-12-10 21:00:00,0.0
2024-12-10 22:00:00,0.0
2024-12-10 23:00:00,0.0
2024-12-11 00:00:00,0.0
2024-12-11 01:00:00,0.0
2024-12-11 02:00:00,0.0
2024-12-11 03:00:00,0.0
2024-12-11 04:00:00,0.0
2024-12-11 05:00:00,0.0
2024-12-11 06:00:00,14.65
2024-12-11 07:00:00,143.88
2024-12-11 08:00:00,307.05
2024-12-11 09:00:00,469.77
2024-12-11 10:00:00,581.4
2024-12-11 11:00:00,645.78
2024-12-11 12:00:00,607.88
2024-12-11 13:00:00,505.85
2024-12-11 14:00:00,358.67
2024-12-11 15:00:00,188.93
2024-12-11 16:00:00,29.42
2024-12-11 17:00:00,0.0
2024-12-11 18:00:00,0.0
2024-12-11 19:00:00,0.0
2024-12-11 20:00:00,0.0
2024-12-11 21:00:00,0.0
2024-12-11 22:00:00,0.0
2024-12-11 23:00:00,0.0
2024-12-12 00:00:00,0.0
2024-12-12 01:00:00,0.0
2024-12-12 02:00:00,0.0
2024-12-12 03:00:00,0.0
2024-12-12 04:00:00,0.0
2024-12-12 05:00:00,0.0
2024-12-12 06:00:00,14.38
2024-12-12 07:00:00,144.0
2024-12-12 08:00:00,306.08
2024-12-12 09:00:00,455.98
2024-12-12 10:00:00,575.12
2024-12-12 11:00:00,644.65
2024-12-12 12:00:00,597.4
2024-12-12 13:00:00,496.05
2024-12-12 14:00:00,351.98
2024-12-12 15:00:00,179.98
2024-12-12 16:00:00,29.67
2024-12-12 17:00:00,0.0
2024-12-12 18:00:00,0.0
2024-12-12 19:00:00,0.0
2024-12-12 20:00:00,0.0
2024-12-12 21:00:00,0.0
2024-12-12 22:00:00,0.0
2024-12-12 23:00:00,0.0
2024-12-13 00:00:00,0.0
2024-12-13 01:00:00,0.0
2024-12-13 02:00:00,0.0
2024-12-13 03:00:00,0.0
2024-12-13 04:00:00,0.0
2024-12-13 05:00:00,0.0
2024-12-13 06:00:00,14.4
2024-12-13 07:00:00,144.77
2024-12-13 08:00:00,296.5
2024-12-13 09:00:00,431.15
2024-12-13 10:00:00,545.42
2024-12-13 11:00:00,674.67
2024-12-13 12:00:00,647.9
2024-12-13 13:00:00,535.1
2024-12-13 14:00:00,388.55
2024-12-13 15:00:00,212.1
2024-12-13 16:00:00,33.38
2024-12-13 17:00:00,0.0
2024-12-13 18:00:00,0.0
2024-12-13 19:00:00,0.0
2024-12-13 20:00:00,0.0
2024-12-13 21:00:00,0.0
2024-12-13 22:00:00,0.0
2024-12-13 23:00:00,0.0
2024-12-14 00:00:00,0.0
2024-12-14 01:00:00,0.0
2024-12-14 02:00:00,0.0
2024-12-14 03:00:00,0.0
2024-12-14 04:00:00,0.0
2024-12-14 05:00:00,0.0
2024-12-14 06:00:00,14.73
2024-12-14 07:00:00,157.35
2024-12-14 08:00:00,338.8
2024-12-14 09:00:00,492.1
2024-12-14 10:00:00,619.3
2024-12-14 11:00:00,717.15
2024-12-14 12:00:00,686.95
2024-12-14 13:00:00,587.92
2024-12-14 14:00:00,431.15
2024-12-14 15:00:00,233.38
2024-12-14 16:00:00,40.9
2024-12-14 17:00:00,0.0
2024-12-14 18:00:00,0.0
2024-12-14 19:00:00,0.0
2024-12-14 20:00:00,0.0
2024-12-14 21:00:00,0.0
2024-12-14 22:00:00,0.0
2024-12-14 23:00:00,0.0
2024-12-15 00:00:00,0.0
2024-12-15 01:00:00,0.0
2024-12-15 02:00:00,0.0
2024-12-15 03:00:00,0.0
2024-12-15 04:00:00,0.0
2024-12-15 05:00:00,0.0
2024-12-15 06:00:00,16.95
2024-12-15 07:00:00,179.07
2024-12-15 08:00:00,381.25
2024-12-15 09:00:00,548.3
2024-12-15 10:00:00,673.95
2024-12-15 11:00:00,725.95
2024-12-15 12:00:00,700.1
2024-12-15 13:00:00,604.55
2024-12-15 14:00:00,447.38
2024-12-15 15:00:00,247.65
2024-12-15 16:00:00,46.2
2024-12-15 17:00:00,0.0
2024-12-15 18:00:00,0.0
2024-12-15 19:00:00,0.0
2024-12-15 20:00:00,0.0
2024-12-15 21:00:00,0.0
2024-12-15 22:00:00,0.0
2024-12-15 23:00:00,0.0
2024-12-16 00:00:00,0.0
2024-12-16 01:00:00,0.0
2024-12-16 02:00:00,0.0
2024-12-16 03:00:00,0.0
2024-12-16 04:00:00,0.0
2024-12-16 05:00:00,0.0
2024-12-16 06:00:00,17.02
2024-12-16 07:00:00,187.38
2024-12-16 08:00:00,379.67
2024-12-16 09:00:00,548.38
2024-12-16 10:00:00,665.25
2024-12-16 11:00:00,723.12
2024-12-16 12:00:00,697.17
2024-12-16 13:00:00,600.3
2024-12-16 14:00:00,443.0
2024-12-16 15:00:00,243.7
2024-12-16 16:00:00,45.03
2024-12-16 17:00:00,0.0
2024-12-16 18:00:00,0.0
2024-12-16 19:00:00,0.0
2024-12-16 20:00:00,0.0
2024-12-16 21:00:00,0.0
2024-12-16 22:00:00,0.0
2024-12-16 23:00:00,0.0
2024-12-17 00:00:00,0.0
2024-12-17 01:00:00,0.0
2024-12-17 02:00:00,0.0
2024-12-17 03:00:00,0.0
2024-12-17 04:00:00,0.0
2024-12-17 05:00:00,0.0
2024-12-17 06:00:00,14.98
2024-12-17 07:00:00,168.02
2024-12-17 08:00:00,358.9
2024-12-17 09:00:00,516.17
2024-12-17 10:00:00,645.58
2024-12-17 11:00:00,721.3
2024-12-17 12:00:00,694.12
2024-12-17 13:00:00,599.6
2024-12-17 14:00:00,443.6
2024-12-17 15:00:00,245.05
2024-12-17 16:00:00,45.97
2024-12-17 17:00:00,0.0
2024-12-17 18:00:00,0.0
2024-12-17 19:00:00,0.0
2024-12-17 20:00:00,0.0
2024-12-17 21:00:00,0.0
2024-12-17 22:00:00,0.0
2024-12-17 23:00:00,0.0
2024-12-18 00:00:00,0.0
2024-12-18 01:00:00,0.0
2024-12-18 02:00:00,0.0
2024-12-18 03:00:00,0.0
2024-12-18 04:00:00,0.0
2024-12-18 05:00:00,0.0
2024-12-18 06:00:00,12.75
2024-12-18 07:00:00,142.62
2024-12-18 08:00:00,282.45
2024-12-18 09:00:00,396.65
2024-12-18 10:00:00,411.9
2024-12-18 11:00:00,426.62
2024-12-18 12:00:00,461.3
2024-12-18 13:00:00,431.55
2024-12-18 14:00:00,306.85
2024-12-18 15:00:00,171.48
2024-12-18 16:00:00,33.38
2024-12-18 17:00:00,0.0
2024-12-18 18:00:00,0.0
2024-12-18 19:00:00,0.0
2024-12-18 20:00:00,0.0
2024-12-18 21:00:00,0.0
2024-12-18 22:00:00,0.0
2024-12-18 23:00:00,0.0
2024-12-19 00:00:00,0.0
2024-12-19 01:00:00,0.0
2024-12-19 02:00:00,0.0
2024-12-19 03:00:00,0.0
2024-12-19 04:00:00,0.0
2024-12-19 05:00:00,0.0
2024-12-19 06:00:00,12.95
2024-12-19 07:00:00,149.23
2024-12-19 08:00:00,317.5
2024-12-19 09:00:00,463.0
2024-12-19 10:00:00,590.4
2024-12-19 11:00:00,617.22
2024-12-19 12:00:00,588.72
2024-12-19 13:00:00,504.33
2024-12-19 14:00:00,371.35
2024-12-19 15:00:00,209.12
2024-12-19 16:00:00,39.67
2024-12-19 17:00:00,0.0
2024-12-19 18:00:00,0.0
2024-12-19 19:00:00,0.0
2024-12-19 20:00:00,0.0
2024-12-19 21:00:00,0.0
2024-12-19 22:00:00,0.0
2024-12-19 23:00:00,0.0
2024-12-20 00:00:00,0.0
2024-12-20 01:00:00,0.0
2024-12-20 02:00:00,0.0
2024-12-20 03:00:00,0.0
2024-12-20 04:00:00,0.0
2024-12-20 05:00:00,0.0
2024-12-20 06:00:00,10.82
2024-12-20 07:00:00,121.28
2024-12-20 08:00:00,272.88
2024-12-20 09:00:00,391.52
2024-12-20 10:00:00,550.62
2024-12-20 11:00:00,595.78
2024-12-20 12:00:00,598.5
2024-12-20 13:00:00,466.8
2024-12-20 14:00:00,353.98
2024-12-20 15:00:00,196.73
2024-12-20 16:00:00,35.78
2024-12-20 17:00:00,0.0
2024-12-20 18:00:00,0.0
2024-12-20 19:00:00,0.0
2024-12-20 20:00:00,0.0
2024-12-20 21:00:00,0.0
2024-12-20 22:00:00,0.0
2024-12-20 23:00:00,0.0
2024-12-21 00:00:00,0.0
2024-12-21 01:00:00,0.0
2024-12-21 02:00:00,0.0
2024-12-21 03:00:00,0.0
2024-12-21 04:00:00,0.0
2024-12-21 05:00:00,0.0
2024-12-21 06:00:00,4.97
2024-12-21 07:00:00,43.4
2024-12-21 08:00:00,92.6
2024-12-21 09:00:00,175.88
2024-12-21 10:00:00,177.93
2024-12-21 11:00:00,265.58
2024-12-21 12:00:00,236.65
2024-12-21 13:00:00,262.2
2024-12-21 14:00:00,179.5
2024-12-21 15:00:00,96.72
2024-12-21 16:00:00,18.83
2024-12-21 17:00:00,0.0
2024-12-21 18:00:00,0.0
2024-12-21 19:00:00,0.0
2024-12-21 20:00:00,0.0
2024-12-21 21:00:00,0.0
2024-12-21 22:00:00,0.0
2024-12-21 23:00:00,0.0
2024-12-22 00:00:00,0.0
2024-12-22 01:00:00,0.0
2024-12-22 02:00:00,0.0
2024-12-22 03:00:00,0.0
2024-12-22 04:00:00,0.0
2024-12-22 05:00:00,0.0
2024-12-22 06:00:00,11.35
2024-12-22 07:00:00,144.82
2024-12-22 08:00:00,319.5
2024-12-22 09:00:00,475.12
2024-12-22 10:00:00,594.47
2024-12-22 11:00:00,682.33
2024-12-22 12:00:00,664.72
2024-12-22 13:00:00,569.2
2024-12-22 14:00:00,419.4
2024-12-22 15:00:00,230.6
2024-12-22 16:00:00,45.65
2024-12-22 17:00:00,0.0
2024-12-22 18:00:00,0.0
2024-12-22 19:00:00,0.0
2024-12-22 20:00:00,0.0
2024-12-22 21:00:00,0.0
2024-12-22 22:00:00,0.0
2024-12-22 23:00:00,0.0
2024-12-23 00:00:00,0.0
2024-12-23 01:00:00,0.0
2024-12-23 02:00:00,0.0
2024-12-23 03:00:00,0.0
2024-12-23 04:00:00,0.0
2024-12-23 05:00:00,0.0
2024-12-23 06:00:00,11.27
2024-12-23 07:00:00,148.48
2024-12-23 08:00:00,339.73
2024-12-23 09:00:00,509.25
2024-12-23 10:00:00,632.97
2024-12-23 11:00:00,694.45
2024-12-23 12:00:00,675.62
2024-12-23 13:00:00,580.58
2024-12-23 14:00:00,431.67
2024-12-23 15:00:00,240.88
2024-12-23 16:00:00,48.83
2024-12-23 17:00:00,0.0
2024-12-23 18:00:00,0.0
2024-12-23 19:00:00,0.0
2024-12-23 20:00:00,0.0
2024-12-23 21:00:00,0.0
2024-12-23 22:00:00,0.0
2024-12-23 23:00:00,0.0
2024-12-24 00:00:00,0.0
2024-12-24 01:00:00,0.0
2024-12-24 02:00:00,0.0
2024-12-24 03:00:00,0.0
2024-12-24 04:00:00,0.0
2024-12-24 05:00:00,0.0
2024-12-24 06:00:00,12.02
2024-12-24 07:00:00,158.55
2024-12-24 08:00:00,354.38
2024-12-24 09:00:00,516.05
2024-12-24 10:00:00,638.6
2024-12-24 11:00:00,694.0
2024-12-24 12:00:00,664.3
2024-12-24 13:00:00,571.58
2024-12-24 14:00:00,421.8
2024-12-24 15:00:00,237.02
2024-12-24 16:00:00,47.25
2024-12-24 17:00:00,0.0
2024-12-24 18:00:00,0.0
2024-12-24 19:00:00,0.0
2024-12-24 20:00:00,0.0
2024-12-24 21:00:00,0.0
2024-12-24 22:00:00,0.0
2024-12-24 23:00:00,0.0
2024-12-25 00:00:00,0.0
2024-12-25 01:00:00,0.0
2024-12-25 02:00:00,0.0
2024-12-25 03:00:00,0.0
2024-12-25 04:00:00,0.0
2024-12-25 05:00:00,0.0
2024-12-25 06:00:00,10.5
2024-12-25 07:00:00,139.73
2024-12-25 08:00:00,305.95
2024-12-25 09:00:00,446.83
2024-12-25 10:00:00,571.72
2024-12-25 11:00:00,511.35
2024-12-25 12:00:00,549.85
2024-12-25 13:00:00,477.1
2024-12-25 14:00:00,333.83
2024-12-25 15:00:00,189.05
2024-12-25 16:00:00,40.08
2024-12-25 17:00:00,0.0
2024-12-25 18:00:00,0.0
2024-12-25 19:00:00,0.0
2024-12-25 20:00:00,0.0
2024-12-25 21:00:00,0.0
2024-12-25 22:00:00,0.0
2024-12-25 23:00:00,0.0
2024-12-26 00:00:00,0.0
2024-12-26 01:00:00,0.0
2024-12-26 02:00:00,0.0
2024-12-26 03:00:00,0.0
2024-12-26 04:00:00,0.0
2024-12-26 05:00:00,0.0
2024-12-26 06:00:00,9.73
2024-12-26 07:00:00,139.0
2024-12-26 08:00:00,314.83
2024-12-26 09:00:00,487.62
2024-12-26 10:00:00,615.28
2024-12-26 11:00:00,687.55
2024-12-26 12:00:00,662.28
2024-12-26 13:00:00,574.22
2024-12-26 14:00:00,427.55
2024-12-26 15:00:00,241.62
2024-12-26 16:00:00,51.42
2024-12-26 17:00:00,0.0
2024-12-26 18:00:00,0.0
2024-12-26 19:00:00,0.0
2024-12-26 20:00:00,0.0
2024-12-26 21:00:00,0.0
2024-12-26 22:00:00,0.0
2024-12-26 23:00:00,0.0
2024-12-27 00:00:00,0.0
2024-12-27 01:00:00,0.0
2024-12-27 02:00:00,0.0
2024-12-27 03:00:00,0.0
2024-12-27 04:00:00,0.0
2024-12-27 05:00:00,0.0
2024-12-27 06:00:00,10.43
2024-12-27 07:00:00,150.82
2024-12-27 08:00:00,350.38
2024-12-27 09:00:00,519.78
2024-12-27 10:00:00,646.0
2024-12-27 11:00:00,693.1
2024-12-27 12:00:00,670.7
2024-12-27 13:00:00,580.83
2024-12-27 14:00:00,433.6
2024-12-27 15:00:00,246.27
2024-12-27 16:00:00,53.8
2024-12-27 17:00:00,0.0
2024-12-27 18:00:00,0.0
2024-12-27 19:00:00,0.0
2024-12-27 20:00:00,0.0
2024-12-27 21:00:00,0.0
2024-12-27 22:00:00,0.0
2024-12-27 23:00:00,0.0
2024-12-28 00:00:00,0.0
2024-12-28 01:00:00,0.0
2024-12-28 02:00:00,0.0
2024-12-28 03:00:00,0.0
2024-12-28 04:00:00,0.0
2024-12-28 05:00:00,0.0
2024-12-28 06:00:00,10.77
2024-12-28 07:00:00,158.6
2024-12-28 08:00:00,349.92
2024-12-28 09:00:00,515.5
2024-12-28 10:00:00,646.85
2024-12-28 11:00:00,701.03
2024-12-28 12:00:00,677.9
2024-12-28 13:00:00,587.55
2024-12-28 14:00:00,439.25
2024-12-28 15:00:00,249.0
2024-12-28 16:00:00,55.3
2024-12-28 17:00:00,0.0
2024-12-28 18:00:00,0.0
2024-12-28 19:00:00,0.0
2024-12-28 20:00:00,0.0
2024-12-28 21:00:00,0.0
2024-12-28 22:00:00,0.0
2024-12-28 23:00:00,0.0
2024-12-29 00:00:00,0.0
2024-12-29 01:00:00,0.0
2024-12-29 02:00:00,0.0
2024-12-29 03:00:00,0.0
2024-12-29 04:00:00,0.0
2024-12-29 05:00:00,0.0
2024-12-29 06:00:00,9.62
2024-12-29 07:00:00,143.77
2024-12-29 08:00:00,324.95
2024-12-29 09:00:00,486.35
2024-12-29 10:00:00,612.6
2024-12-29 11:00:00,670.75
2024-12-29 12:00:00,637.88
2024-12-29 13:00:00,527.65
2024-12-29 14:00:00,371.02
2024-12-29 15:00:00,199.48
2024-12-29 16:00:00,37.67
2024-12-29 17:00:00,0.0
2024-12-29 18:00:00,0.0
2024-12-29 19:00:00,0.0
2024-12-29 20:00:00,0.0
2024-12-29 21:00:00,0.0
2024-12-29 22:00:00,0.0
2024-12-29 23:00:00,0.0
2024-12-30 00:00:00,0.0
2024-12-30 01:00:00,0.0
2024-12-30 02:00:00,0.0
2024-12-30 03:00:00,0.0
2024-12-30 04:00:00,0.0
2024-12-30 05:00:00,0.0
2024-12-30 06:00:00,8.62
2024-12-30 07:00:00,137.82
2024-12-30 08:00:00,321.08
2024-12-30 09:00:00,489.33
2024-12-30 10:00:00,617.8
2024-12-30 11:00:00,659.0
2024-12-30 12:00:00,598.22
2024-12-30 13:00:00,522.03
2024-12-30 14:00:00,393.12
2024-12-30 15:00:00,223.85
2024-12-30 16:00:00,49.22
2024-12-30 17:00:00,0.0
2024-12-30 18:00:00,0.0
2024-12-30 19:00:00,0.0
2024-12-30 20:00:00,0.0
2024-12-30 21:00:00,0.0
2024-12-30 22:00:00,0.0
2024-12-30 23:00:00,0.0
2024-12-31 00:00:00,0.0
2024-12-31 01:00:00,0.0
2024-12-31 02:00:00,0.0
2024-12-31 03:00:00,0.0
2024-12-31 04:00:00,0.0
2024-12-31 05:00:00,0.0
2024-12-31 06:00:00,8.07
2024-12-31 07:00:00,131.38
2024-12-31 08:00:00,314.9
2024-12-31 09:00:00,486.33
2024-12-31 10:00:00,612.65
2024-12-31 11:00:00,660.08
2024-12-31 12:00:00,626.92
2024-12-31 13:00:00,549.67
2024-12-31 14:00:00,405.45
2024-12-31 15:00:00,236.88
2024-12-31 16:00:00,52.03
2024-12-31 17:00:00,0.0
2024-12-31 18:00:00,0.0
2024-12-31 19:00:00,0.0
2024-12-31 20:00:00,0.0
2024-12-31 21:00:00,0.0
2024-12-31 22:00:00,0.0
2024-12-31 23:00:00,0.0
2025-01-01 00:00:00,0.0
2025-01-01 01:00:00,0.0
2025-01-01 02:00:00,0.0
2025-01-01 03:00:00,0.0
2025-01-01 04:00:00,0.0
2025-01-01 05:00:00,0.0
2025-01-01 06:00:00,8.48
2025-01-01 07:00:00,137.85
2025-01-01 08:00:00,316.88
2025-01-01 09:00:00,473.52
2025-01-01 10:00:00,622.55
2025-01-01 11:00:00,666.22
2025-01-01 12:00:00,637.38
2025-01-01 13:00:00,516.8
2025-01-01 14:00:00,391.1
2025-01-01 15:00:00,231.75
2025-01-01 16:00:00,53.95
2025-01-01 17:00:00,0.0
2025-01-01 18:00:00,0.0
2025-01-01 19:00:00,0.0
2025-01-01 20:00:00,0.0
2025-01-01 21:00:00,0.0
2025-01-01 22:00:00,0.0
2025-01-01 23:00:00,0.0
2025-01-02 00:00:00,0.0
2025-01-02 01:00:00,0.0
2025-01-02 02:00:00,0.0
2025-01-02 03:00:00,0.0
2025-01-02 04:00:00,0.0
2025-01-02 05:00:00,0.0
2025-01-02 06:00:00,8.73
2025-01-02 07:00:00,146.5
2025-01-02 08:00:00,340.27
2025-01-02 09:00:00,512.3
2025-01-02 10:00:00,641.83
2025-01-02 11:00:00,692.97
2025-01-02 12:00:00,676.58
2025-01-02 13:00:00,558.67
2025-01-02 14:00:00,421.42
2025-01-02 15:00:00,239.02
2025-01-02 16:00:00,58.25
2025-01-02 17:00:00,0.0
2025-01-02 18:00:00,0.0
2025-01-02 19:00:00,0.0
2025-01-02 20:00:00,0.0
2025-01-02 21:00:00,0.0
2025-01-02 22:00:00,0.0
2025-01-02 23:00:00,0.0
2025-01-03 00:00:00,0.0
2025-01-03 01:00:00,0.0
2025-01-03 02:00:00,0.0
2025-01-03 03:00:00,0.0
2025-01-03 04:00:00,0.0
2025-01-03 05:00:00,0.0
2025-01-03 06:00:00,9.02
2025-01-03 07:00:00,146.15
2025-01-03 08:00:00,343.73
2025-01-03 09:00:00,512.6
2025-01-03 10:00:00,644.58
2025-01-03 11:00:00,700.03
2025-01-03 12:00:00,669.4
2025-01-03 13:00:00,583.62
2025-01-03 14:00:00,432.67
2025-01-03 15:00:00,256.92
2025-01-03 16:00:00,62.65
2025-01-03 17:00:00,0.0
2025-01-03 18:00:00,0.0
2025-01-03 19:00:00,0.0
2025-01-03 20:00:00,0.0
2025-01-03 21:00:00,0.0
2025-01-03 22:00:00,0.0
2025-01-03 23:00:00,0.0
2025-01-04 00:00:00,0.0
2025-01-04 01:00:00,0.0
2025-01-04 02:00:00,0.0
2025-01-04 03:00:00,0.0
2025-01-04 04:00:00,0.0
2025-01-04 05:00:00,0.0
2025-01-04 06:00:00,8.38
2025-01-04 07:00:00,138.95
2025-01-04 08:00:00,330.92
2025-01-04 09:00:00,501.55
2025-01-04 10:00:00,638.33
2025-01-04 11:00:00,710.55
2025-01-04 12:00:00,692.33
2025-01-04 13:00:00,608.5
2025-01-04 14:00:00,452.8
2025-01-04 15:00:00,263.12
2025-01-04 16:00:00,67.07
2025-01-04 17:00:00,0.0
2025-01-04 18:00:00,0.0
2025-01-04 19:00:00,0.0
2025-01-04 20:00:00,0.0
2025-01-04 21:00:00,0.0
2025-01-04 22:00:00,0.0
2025-01-04 23:00:00,0.0
2025-01-05 00:00:00,0.0
2025-01-05 01:00:00,0.0
2025-01-05 02:00:00,0.0
2025-01-05 03:00:00,0.0
2025-01-05 04:00:00,0.0
2025-01-05 05:00:00,0.0
2025-01-05 06:00:00,8.98
2025-01-05 07:00:00,146.6
2025-01-05 08:00:00,343.62
2025-01-05 09:00:00,507.62
2025-01-05 10:00:00,646.17
2025-01-05 11:00:00,696.0
2025-01-05 12:00:00,652.2
2025-01-05 13:00:00,567.78
2025-01-05 14:00:00,395.42
2025-01-05 15:00:00,228.73
2025-01-05 16:00:00,56.85
2025-01-05 17:00:00,0.0
2025-01-05 18:00:00,0.0
2025-01-05 19:00:00,0.0
2025-01-05 20:00:00,0.0
2025-01-05 21:00:00,0.0
2025-01-05 22:00:00,0.0
2025-01-05 23:00:00,0.0
2025-01-06 00:00:00,0.0
2025-01-06 01:00:00,0.0
2025-01-06 02:00:00,0.0
2025-01-06 03:00:00,0.0
2025-01-06 04:00:00,0.0
2025-01-06 05:00:00,0.0
2025-01-06 06:00:00,7.95
2025-01-06 07:00:00,136.3
2025-01-06 08:00:00,328.33
2025-01-06 09:00:00,499.0
2025-01-06 10:00:00,617.62
2025-01-06 11:00:00,618.7
2025-01-06 12:00:00,616.55
2025-01-06 13:00:00,532.28
2025-01-06 14:00:00,357.58
2025-01-06 15:00:00,206.05
2025-01-06 16:00:00,53.22
2025-01-06 17:00:00,0.0
2025-01-06 18:00:00,0.0
2025-01-06 19:00:00,0.0
2025-01-06 20:00:00,0.0
2025-01-06 21:00:00,0.0
2025-01-06 22:00:00,0.0
2025-01-06 23:00:00,0.0
2025-01-07 00:00:00,0.0
2025-01-07 01:00:00,0.0
2025-01-07 02:00:00,0.0
2025-01-07 03:00:00,0.0
2025-01-07 04:00:00,0.0
2025-01-07 05:00:00,0.0
2025-01-07 06:00:00,5.8
2025-01-07 07:00:00,77.47
2025-01-07 08:00:00,195.48
2025-01-07 09:00:00,289.15
2025-01-07 10:00:00,464.75
2025-01-07 11:00:00,504.42
2025-01-07 12:00:00,472.48
2025-01-07 13:00:00,433.67
2025-01-07 14:00:00,278.73
2025-01-07 15:00:00,170.6
2025-01-07 16:00:00,49.67
2025-01-07 17:00:00,0.0
2025-01-07 18:00:00,0.0
2025-01-07 19:00:00,0.0
2025-01-07 20:00:00,0.0
2025-01-07 21:00:00,0.0
2025-01-07 22:00:00,0.0
2025-01-07 23:00:00,0.0
2025-01-08 00:00:00,0.0
2025-01-08 01:00:00,0.0
2025-01-08 02:00:00,0.0
2025-01-08 03:00:00,0.0
2025-01-08 04:00:00,0.0
2025-01-08 05:00:00,0.0
2025-01-08 06:00:00,4.53
2025-01-08 07:00:00,75.7
2025-01-08 08:00:00,206.18
2025-01-08 09:00:00,361.45
2025-01-08 10:00:00,470.42
2025-01-08 11:00:00,463.38
2025-01-08 12:00:00,455.12
2025-01-08 13:00:00,335.38
2025-01-08 14:00:00,249.98
2025-01-08 15:00:00,135.48
2025-01-08 16:00:00,35.15
2025-01-08 17:00:00,0.0
2025-01-08 18:00:00,0.0
2025-01-08 19:00:00,0.0
2025-01-08 20:00:00,0.0
2025-01-08 21:00:00,0.0
2025-01-08 22:00:00,0.0
2025-01-08 23:00:00,0.0
2025-01-09 00:00:00,0.0
2025-01-09 01:00:00,0.0
2025-01-09 02:00:00,0.0
2025-01-09 03:00:00,0.0
2025-01-09 04:00:00,0.0
2025-01-09 05:00:00,0.0
2025-01-09 06:00:00,4.68
2025-01-09 07:00:00,76.47
2025-01-09 08:00:00,225.2
2025-01-09 09:00:00,417.5
2025-01-09 10:00:00,544.9
2025-01-09 11:00:00,617.88
2025-01-09 12:00:00,484.35
2025-01-09 13:00:00,463.83
2025-01-09 14:00:00,356.08
2025-01-09 15:00:00,208.48
2025-01-09 16:00:00,60.95
2025-01-09 17:00:00,0.0
2025-01-09 18:00:00,0.0
2025-01-09 19:00:00,0.0
2025-01-09 20:00:00,0.0
2025-01-09 21:00:00,0.0
2025-01-09 22:00:00,0.0
2025-01-09 23:00:00,0.0
2025-01-10 00:00:00,0.0
2025-01-10 01:00:00,0.0
2025-01-10 02:00:00,0.0
2025-01-10 03:00:00,0.0
2025-01-10 04:00:00,0.0
2025-01-10 05:00:00,0.0
2025-01-10 06:00:00,6.9
2025-01-10 07:00:00,118.6
2025-01-10 08:00:00,293.12
2025-01-10 09:00:00,475.5
2025-01-10 10:00:00,618.28
2025-01-10 11:00:00,697.8
2025-01-10 12:00:00,656.2
2025-01-10 13:00:00,585.85
2025-01-10 14:00:00,443.9
2025-01-10 15:00:00,260.2
2025-01-10 16:00:00,76.05
2025-01-10 17:00:00,0.0
2025-01-10 18:00:00,0.0
2025-01-10 19:00:00,0.0
2025-01-10 20:00:00,0.0
2025-01-10 21:00:00,0.0
2025-01-10 22:00:00,0.0
2025-01-10 23:00:00,0.0
2025-01-11 00:00:00,0.0
2025-01-11 01:00:00,0.0
2025-01-11 02:00:00,0.0
2025-01-11 03:00:00,0.0
2025-01-11 04:00:00,0.0
2025-01-11 05:00:00,0.0
2025-01-11 06:00:00,8.02
2025-01-11 07:00:00,146.95
2025-01-11 08:00:00,344.33
2025-01-11 09:00:00,517.38
2025-01-11 10:00:00,649.35
2025-01-11 11:00:00,707.72
2025-01-11 12:00:00,662.88
2025-01-11 13:00:00,559.72
2025-01-11 14:00:00,434.58
2025-01-11 15:00:00,263.55
2025-01-11 16:00:00,78.7
2025-01-11 17:00:00,0.0
2025-01-11 18:00:00,0.0
2025-01-11 19:00:00,0.0
2025-01-11 20:00:00,0.0
2025-01-11 21:00:00,0.0
2025-01-11 22:00:00,0.0
2025-01-11 23:00:00,0.0
2025-01-12 00:00:00,0.0
2025-01-12 01:00:00,0.0
2025-01-12 02:00:00,0.0
2025-01-12 03:00:00,0.0
2025-01-12 04:00:00,0.0
2025-01-12 05:00:00,0.0
2025-01-12 06:00:00,8.15
2025-01-12 07:00:00,147.15
2025-01-12 08:00:00,346.17
2025-01-12 09:00:00,519.92
2025-01-12 10:00:00,649.35
2025-01-12 11:00:00,713.78
2025-01-12 12:00:00,693.83
2025-01-12 13:00:00,597.83
2025-01-12 14:00:00,428.65
2025-01-12 15:00:00,254.07
2025-01-12 16:00:00,72.9
2025-01-12 17:00:00,0.0
2025-01-12 18:00:00,0.0
2025-01-12 19:00:00,0.0
2025-01-12 20:00:00,0.0
2025-01-12 21:00:00,0.0
2025-01-12 22:00:00,0.0
2025-01-12 23:00:00,0.0
2025-01-13 00:00:00,0.0
2025-01-13 01:00:00,0.0
2025-01-13 02:00:00,0.0
2025-01-13 03:00:00,0.0
2025-01-13 04:00:00,0.0
2025-01-13 05:00:00,0.0
2025-01-13 06:00:00,6.5
2025-01-13 07:00:00,113.2
2025-01-13 08:00:00,272.62
2025-01-13 09:00:00,449.8
2025-01-13 10:00:00,589.9
2025-01-13 11:00:00,670.97
2025-01-13 12:00:00,586.08
2025-01-13 13:00:00,510.62
2025-01-13 14:00:00,386.27
2025-01-13 15:00:00,223.05
2025-01-13 16:00:00,67.25
2025-01-13 17:00:00,0.0
2025-01-13 18:00:00,0.0
2025-01-13 19:00:00,0.0
2025-01-13 20:00:00,0.0
2025-01-13 21:00:00,0.0
2025-01-13 22:00:00,0.0
2025-01-13 23:00:00,0.0
2025-01-14 00:00:00,0.0
2025-01-14 01:00:00,0.0
2025-01-14 02:00:00,0.0
2025-01-14 03:00:00,0.0
2025-01-14 04:00:00,0.0
2025-01-14 05:00:00,0.0
2025-01-14 06:00:00,7.15
2025-01-14 07:00:00,126.25
2025-01-14 08:00:00,310.52
2025-01-14 09:00:00,484.05
2025-01-14 10:00:00,604.3
2025-01-14 11:00:00,662.42
2025-01-14 12:00:00,620.08
2025-01-14 13:00:00,530.85
2025-01-14 14:00:00,407.9
2025-01-14 15:00:00,244.23
2025-01-14 16:00:00,77.97
2025-01-14 17:00:00,0.0
2025-01-14 18:00:00,0.0
2025-01-14 19:00:00,0.0
2025-01-14 20:00:00,0.0
2025-01-14 21:00:00,0.0
2025-01-14 22:00:00,0.0
2025-01-14 23:00:00,0.0
2025-01-15 00:00:00,0.0
2025-01-15 01:00:00,0.0
2025-01-15 02:00:00,0.0
2025-01-15 03:00:00,0.0
2025-01-15 04:00:00,0.0
2025-01-15 05:00:00,0.0
2025-01-15 06:00:00,7.5
2025-01-15 07:00:00,137.45
2025-01-15 08:00:00,326.15
2025-01-15 09:00:00,500.3
2025-01-15 10:00:00,645.25
2025-01-15 11:00:00,720.62
2025-01-15 12:00:00,705.5
2025-01-15 13:00:00,618.03
2025-01-15 14:00:00,473.7
2025-01-15 15:00:00,285.65
2025-01-15 16:00:00,90.5
2025-01-15 17:00:00,0.0
2025-01-15 18:00:00,0.0
2025-01-15 19:00:00,0.0
2025-01-15 20:00:00,0.0
2025-01-15 21:00:00,0.0
2025-01-15 22:00:00,0.0
2025-01-15 23:00:00,0.0
2025-01-16 00:00:00,0.0
2025-01-16 01:00:00,0.0
2025-01-16 02:00:00,0.0
2025-01-16 03:00:00,0.0
2025-01-16 04:00:00,0.0
2025-01-16 05:00:00,0.0
2025-01-16 06:00:00,8.02
2025-01-16 07:00:00,141.65
2025-01-16 08:00:00,344.8
2025-01-16 09:00:00,524.25
2025-01-16 10:00:00,653.3
2025-01-16 11:00:00,729.45
2025-01-16 12:00:00,717.42
2025-01-16 13:00:00,635.88
2025-01-16 14:00:00,491.55
2025-01-16 15:00:00,300.0
2025-01-16 16:00:00,99.75
2025-01-16 17:00:00,0.0
2025-01-16 18:00:00,0.0
2025-01-16 19:00:00,0.0
2025-01-16 20:00:00,0.0
2025-01-16 21:00:00,0.0
2025-01-16 22:00:00,0.0
2025-01-16 23:00:00,0.0
2025-01-17 00:00:00,0.0
2025-01-17 01:00:00,0.0
2025-01-17 02:00:00,0.0
2025-01-17 03:00:00,0.0
2025-01-17 04:00:00,0.0
2025-01-17 05:00:00,0.0
2025-01-17 06:00:00,7.85
2025-01-17 07:00:00,140.25
2025-01-17 08:00:00,341.42
2025-01-17 09:00:00,518.53
2025-01-17 10:00:00,648.28
2025-01-17 11:00:00,722.92
2025-01-17 12:00:00,710.1
2025-01-17 13:00:00,629.92
2025-01-17 14:00:00,485.35
2025-01-17 15:00:00,294.3
2025-01-17 16:00:00,98.55
2025-01-17 17:00:00,0.0
2025-01-17 18:00:00,0.0
2025-01-17 19:00:00,0.0
2025-01-17 20:00:00,0.0
2025-01-17 21:00:00,0.0
2025-01-17 22:00:00,0.0
2025-01-17 23:00:00,0.0
2025-01-18 00:00:00,0.0
2025-01-18 01:00:00,0.0
2025-01-18 02:00:00,0.0
2025-01-18 03:00:00,0.0
2025-01-18 04:00:00,0.0
2025-01-18 05:00:00,0.0
2025-01-18 06:00:00,7.32
2025-01-18 07:00:00,138.5
2025-01-18 08:00:00,324.83
2025-01-18 09:00:00,500.38
2025-01-18 10:00:00,630.62
2025-01-18 11:00:00,719.55
2025-01-18 12:00:00,707.4
2025-01-18 13:00:00,626.7
2025-01-18 14:00:00,482.92
2025-01-18 15:00:00,295.23
2025-01-18 16:00:00,96.5
2025-01-18 17:00:00,0.0
2025-01-18 18:00:00,0.0
2025-01-18 19:00:00,0.0
2025-01-18 20:00:00,0.0
2025-01-18 21:00:00,0.0
2025-01-18 22:00:00,0.0
2025-01-18 23:00:00,0.0
2025-01-19 00:00:00,0.0
2025-01-19 01:00:00,0.0
2025-01-19 02:00:00,0.0
2025-01-19 03:00:00,0.0
2025-01-19 04:00:00,0.0
2025-01-19 05:00:00,0.0
2025-01-19 06:00:00,7.93
2025-01-19 07:00:00,138.48
2025-01-19 08:00:00,333.88
2025-01-19 09:00:00,526.47
2025-01-19 10:00:00,661.05
2025-01-19 11:00:00,731.62
2025-01-19 12:00:00,718.95
2025-01-19 13:00:00,622.0
2025-01-19 14:00:00,490.8
2025-01-19 15:00:00,299.0
2025-01-19 16:00:00,97.1
2025-01-19 17:00:00,0.0
2025-01-19 18:00:00,0.0
2025-01-19 19:00:00,0.0
2025-01-19 20:00:00,0.0
2025-01-19 21:00:00,0.0
2025-01-19 22:00:00,0.0
2025-01-19 23:00:00,0.0
2025-01-20 00:00:00,0.0
2025-01-20 01:00:00,0.0
2025-01-20 02:00:00,0.0
2025-01-20 03:00:00,0.0
2025-01-20 04:00:00,0.0
2025-01-20 05:00:00,0.0
2025-01-20 06:00:00,7.82
2025-01-20 07:00:00,133.23
2025-01-20 08:00:00,325.35
2025-01-20 09:00:00,503.9
2025-01-20 10:00:00,623.47
2025-01-20 11:00:00,664.92
2025-01-20 12:00:00,585.55
2025-01-20 13:00:00,546.28
2025-01-20 14:00:00,413.95
2025-01-20 15:00:00,258.58
2025-01-20 16:00:00,91.57
2025-01-20 17:00:00,0.0
2025-01-20 18:00:00,0.0
2025-01-20 19:00:00,0.0
2025-01-20 20:00:00,0.0
2025-01-20 21:00:00,0.0
2025-01-20 22:00:00,0.0
2025-01-20 23:00:00,0.0
2025-01-21 00:00:00,0.0
2025-01-21 01:00:00,0.0
2025-01-21 02:00:00,0.0
2025-01-21 03:00:00,0.0
2025-01-21 04:00:00,0.0
2025-01-21 05:00:00,0.0
2025-01-21 06:00:00,7.5
2025-01-21 07:00:00,140.57
2025-01-21 08:00:00,323.9
2025-01-21 09:00:00,501.0
2025-01-21 10:00:00,625.65
2025-01-21 11:00:00,704.75
2025-01-21 12:00:00,661.85
2025-01-21 13:00:00,585.75
2025-01-21 14:00:00,450.35
2025-01-21 15:00:00,267.9
2025-01-21 16:00:00,91.3
2025-01-21 17:00:00,0.0
2025-01-21 18:00:00,0.0
2025-01-21 19:00:00,0.0
2025-01-21 20:00:00,0.0
2025-01-21 21:00:00,0.0
2025-01-21 22:00:00,0.0
2025-01-21 23:00:00,0.0
2025-01-22 00:00:00,0.0
2025-01-22 01:00:00,0.0
2025-01-22 02:00:00,0.0
2025-01-22 03:00:00,0.0
2025-01-22 04:00:00,0.0
2025-01-22 05:00:00,0.0
2025-01-22 06:00:00,6.7
2025-01-22 07:00:00,109.62
2025-01-22 08:00:00,292.92
2025-01-22 09:00:00,459.88
2025-01-22 10:00:00,586.97
2025-01-22 11:00:00,687.65
2025-01-22 12:00:00,646.7
2025-01-22 13:00:00,578.67
2025-01-22 14:00:00,431.25
2025-01-22 15:00:00,259.67
2025-01-22 16:00:00,92.9
2025-01-22 17:00:00,0.0
2025-01-22 18:00:00,0.0
2025-01-22 19:00:00,0.0
2025-01-22 20:00:00,0.0
2025-01-22 21:00:00,0.0
2025-01-22 22:00:00,0.0
2025-01-22 23:00:00,0.0
2025-01-23 00:00:00,0.0
2025-01-23 01:00:00,0.0
2025-01-23 02:00:00,0.0
2025-01-23 03:00:00,0.0
2025-01-23 04:00:00,0.0
2025-01-23 05:00:00,0.0
2025-01-23 06:00:00,6.88
2025-01-23 07:00:00,109.78
2025-01-23 08:00:00,293.6
2025-01-23 09:00:00,469.08
2025-01-23 10:00:00,583.38
2025-01-23 11:00:00,697.42
2025-01-23 12:00:00,677.3
2025-01-23 13:00:00,601.8
2025-01-23 14:00:00,465.12
2025-01-23 15:00:00,282.4
2025-01-23 16:00:00,99.2
2025-01-23 17:00:00,0.0
2025-01-23 18:00:00,0.0
2025-01-23 19:00:00,0.0
2025-01-23 20:00:00,0.0
2025-01-23 21:00:00,0.0
2025-01-23 22:00:00,0.0
2025-01-23 23:00:00,0.0
2025-01-24 00:00:00,0.0
2025-01-24 01:00:00,0.0
2025-01-24 02:00:00,0.0
2025-01-24 03:00:00,0.0
2025-01-24 04:00:00,0.0
2025-01-24 05:00:00,0.0
2025-01-24 06:00:00,6.45
2025-01-24 07:00:00,96.55
2025-01-24 08:00:00,259.7
2025-01-24 09:00:00,421.6
2025-01-24 10:00:00,586.53
2025-01-24 11:00:00,733.35
2025-01-24 12:00:00,735.92
2025-01-24 13:00:00,629.25
2025-01-24 14:00:00,499.0
2025-01-24 15:00:00,302.12
2025-01-24 16:00:00,113.25
2025-01-24 17:00:00,0.0
2025-01-24 18:00:00,0.0
2025-01-24 19:00:00,0.0
2025-01-24 20:00:00,0.0
2025-01-24 21:00:00,0.0
2025-01-24 22:00:00,0.0
2025-01-24 23:00:00,0.0
2025-01-25 00:00:00,0.0
2025-01-25 01:00:00,0.0
2025-01-25 02:00:00,0.0
2025-01-25 03:00:00,0.0
2025-01-25 04:00:00,0.0
2025-01-25 05:00:00,0.0
2025-01-25 06:00:00,5.05
2025-01-25 07:00:00,76.47
2025-01-25 08:00:00,211.88
2025-01-25 09:00:00,362.38
2025-01-25 10:00:00,490.65
2025-01-25 11:00:00,585.22
2025-01-25 12:00:00,539.33
2025-01-25 13:00:00,502.02
2025-01-25 14:00:00,391.1
2025-01-25 15:00:00,219.95
2025-01-25 16:00:00,73.0
2025-01-25 17:00:00,0.0
2025-01-25 18:00:00,0.0
2025-01-25 19:00:00,0.0
2025-01-25 20:00:00,0.0
2025-01-25 21:00:00,0.0
2025-01-25 22:00:00,0.0
2025-01-25 23:00:00,0.0
2025-01-26 00:00:00,0.0
2025-01-26 01:00:00,0.0
2025-01-26 02:00:00,0.0
2025-01-26 03:00:00,0.0
2025-01-26 04:00:00,0.0
2025-01-26 05:00:00,0.0
2025-01-26 06:00:00,8.02
2025-01-26 07:00:00,126.97
2025-01-26 08:00:00,329.02
2025-01-26 09:00:00,510.95
2025-01-26 10:00:00,635.62
2025-01-26 11:00:00,644.38
2025-01-26 12:00:00,567.25
2025-01-26 13:00:00,446.58
2025-01-26 14:00:00,373.2
2025-01-26 15:00:00,218.07
2025-01-26 16:00:00,84.05
2025-01-26 17:00:00,0.0
2025-01-26 18:00:00,0.0
2025-01-26 19:00:00,0.0
2025-01-26 20:00:00,0.0
2025-01-26 21:00:00,0.0
2025-01-26 22:00:00,0.0
2025-01-26 23:00:00,0.0
2025-01-27 00:00:00,0.0
2025-01-27 01:00:00,0.0
2025-01-27 02:00:00,0.0
2025-01-27 03:00:00,0.0
2025-01-27 04:00:00,0.0
2025-01-27 05:00:00,0.0
2025-01-27 06:00:00,7.38
2025-01-27 07:00:00,106.9
2025-01-27 08:00:00,276.4
2025-01-27 09:00:00,434.6
2025-01-27 10:00:00,513.38
2025-01-27 11:00:00,473.83
2025-01-27 12:00:00,518.08
2025-01-27 13:00:00,444.12
2025-01-27 14:00:00,314.05
2025-01-27 15:00:00,213.05
2025-01-27 16:00:00,71.12
2025-01-27 17:00:00,2.7
2025-01-27 18:00:00,0.0
2025-01-27 19:00:00,0.0
2025-01-27 20:00:00,0.0
2025-01-27 21:00:00,0.0
2025-01-27 22:00:00,0.0
2025-01-27 23:00:00,0.0
2025-01-28 00:00:00,0.0
2025-01-28 01:00:00,0.0
2025-01-28 02:00:00,0.0
2025-01-28 03:00:00,0.0
2025-01-28 04:00:00,0.0
2025-01-28 05:00:00,0.0
2025-01-28 06:00:00,6.7
2025-01-28 07:00:00,95.53
2025-01-28 08:00:00,250.8
2025-01-28 09:00:00,364.1
2025-01-28 10:00:00,514.45
2025-01-28 11:00:00,533.55
2025-01-28 12:00:00,488.17
2025-01-28 13:00:00,354.42
2025-01-28 14:00:00,271.5
2025-01-28 15:00:00,160.9
2025-01-28 16:00:00,54.22
2025-01-28 17:00:00,2.47
2025-01-28 18:00:00,0.0
2025-01-28 19:00:00,0.0
2025-01-28 20:00:00,0.0
2025-01-28 21:00:00,0.0
2025-01-28 22:00:00,0.0
2025-01-28 23:00:00,0.0
2025-01-29 00:00:00,0.0
2025-01-29 01:00:00,0.0
2025-01-29 02:00:00,0.0
2025-01-29 03:00:00,0.0
2025-01-29 04:00:00,0.0
2025-01-29 05:00:00,0.0
2025-01-29 06:00:00,5.82
2025-01-29 07:00:00,78.38
2025-01-29 08:00:00,203.15
2025-01-29 09:00:00,406.3
2025-01-29 10:00:00,427.48
2025-01-29 11:00:00,390.38
2025-01-29 12:00:00,329.25
2025-01-29 13:00:00,225.9
2025-01-29 14:00:00,230.43
2025-01-29 15:00:00,134.32
2025-01-29 16:00:00,47.83
2025-01-29 17:00:00,2.35
2025-01-29 18:00:00,0.0
2025-01-29 19:00:00,0.0
2025-01-29 20:00:00,0.0
2025-01-29 21:00:00,0.0
2025-01-29 22:00:00,0.0
2025-01-29 23:00:00,0.0
2025-01-30 00:00:00,0.0
2025-01-30 01:00:00,0.0
2025-01-30 02:00:00,0.0
2025-01-30 03:00:00,0.0
2025-01-30 04:00:00,0.0
2025-01-30 05:00:00,0.0
2025-01-30 06:00:00,6.6
2025-01-30 07:00:00,91.15
2025-01-30 08:00:00,250.02
2025-01-30 09:00:00,415.83
2025-01-30 10:00:00,517.83
2025-01-30 11:00:00,604.05
2025-01-30 12:00:00,504.67
2025-01-30 13:00:00,420.73
2025-01-30 14:00:00,321.67
2025-01-30 15:00:00,176.6
2025-01-30 16:00:00,57.53
2025-01-30 17:00:00,2.62
2025-01-30 18:00:00,0.0
2025-01-30 19:00:00,0.0
2025-01-30 20:00:00,0.0
2025-01-30 21:00:00,0.0
2025-01-30 22:00:00,0.0
2025-01-30 23:00:00,0.0
2025-01-31 00:00:00,0.0
2025-01-31 01:00:00,0.0
2025-01-31 02:00:00,0.0
2025-01-31 03:00:00,0.0
2025-01-31 04:00:00,0.0
2025-01-31 05:00:00,0.0
2025-01-31 06:00:00,5.72
2025-01-31 07:00:00,74.32
2025-01-31 08:00:00,203.7
2025-01-31 09:00:00,348.65
2025-01-31 10:00:00,428.33
2025-01-31 11:00:00,561.38
2025-01-31 12:00:00,512.75
2025-01-31 13:00:00,403.8
2025-01-31 14:00:00,336.77
2025-01-31 15:00:00,193.68
2025-01-31 16:00:00,64.82
2025-01-31 17:00:00,3.12
2025-01-31 18:00:00,0.0
2025-01-31 19:00:00,0.0
2025-01-31 20:00:00,0.0
2025-01-31 21:00:00,0.0
2025-01-31 22:00:00,0.0
2025-01-31 23:00:00,0.0
2025-02-01 00:00:00,0.0
2025-02-01 01:00:00,0.0
2025-02-01 02:00:00,0.0
2025-02-01 03:00:00,0.0
2025-02-01 04:00:00,0.0
2025-02-01 05:00:00,0.0
2025-02-01 06:00:00,5.5
2025-02-01 07:00:00,70.9
2025-02-01 08:00:00,197.15
2025-02-01 09:00:00,335.45
2025-02-01 10:00:00,464.88
2025-02-01 11:00:00,576.53
2025-02-01 12:00:00,544.88
2025-02-01 13:00:00,505.4
2025-02-01 14:00:00,407.42
2025-02-01 15:00:00,254.6
2025-02-01 16:00:00,90.18
2025-02-01 17:00:00,4.3
2025-02-01 18:00:00,0.0
2025-02-01 19:00:00,0.0
2025-02-01 20:00:00,0.0
2025-02-01 21:00:00,0.0
2025-02-01 22:00:00,0.0
2025-02-01 23:00:00,0.0
2025-02-02 00:00:00,0.0
2025-02-02 01:00:00,0.0
2025-02-02 02:00:00,0.0
2025-02-02 03:00:00,0.0
2025-02-02 04:00:00,0.0
2025-02-02 05:00:00,0.0
2025-02-02 06:00:00,8.73
2025-02-02 07:00:00,146.05
2025-02-02 08:00:00,347.6
2025-02-02 09:00:00,514.35
2025-02-02 10:00:00,629.3
2025-02-02 11:00:00,708.33
2025-02-02 12:00:00,687.53
2025-02-02 13:00:00,605.38
2025-02-02 14:00:00,498.9
2025-02-02 15:00:00,317.9
2025-02-02 16:00:00,115.0
2025-02-02 17:00:00,4.65
2025-02-02 18:00:00,0.0
2025-02-02 19:00:00,0.0
2025-02-02 20:00:00,0.0
2025-02-02 21:00:00,0.0
2025-02-02 22:00:00,0.0
2025-02-02 23:00:00,0.0
2025-02-03 00:00:00,0.0
2025-02-03 01:00:00,0.0
2025-02-03 02:00:00,0.0
2025-02-03 03:00:00,0.0
2025-02-03 04:00:00,0.0
2025-02-03 05:00:00,0.0
2025-02-03 06:00:00,7.78
2025-02-03 07:00:00,94.25
2025-02-03 08:00:00,252.25
2025-02-03 09:00:00,418.42
2025-02-03 10:00:00,542.12
2025-02-03 11:00:00,568.6
2025-02-03 12:00:00,542.92
2025-02-03 13:00:00,459.2
2025-02-03 14:00:00,325.42
2025-02-03 15:00:00,176.23
2025-02-03 16:00:00,65.93
2025-02-03 17:00:00,3.92
2025-02-03 18:00:00,0.0
2025-02-03 19:00:00,0.0
2025-02-03 20:00:00,0.0
2025-02-03 21:00:00,0.0
2025-02-03 22:00:00,0.0
2025-02-03 23:00:00,0.0
2025-02-04 00:00:00,0.0
2025-02-04 01:00:00,0.0
2025-02-04 02:00:00,0.0
2025-02-04 03:00:00,0.0
2025-02-04 04:00:00,0.0
2025-02-04 05:00:00,0.0
2025-02-04 06:00:00,9.38
2025-02-04 07:00:00,145.5
2025-02-04 08:00:00,342.7
2025-02-04 09:00:00,511.88
2025-02-04 10:00:00,600.03
2025-02-04 11:00:00,662.4
2025-02-04 12:00:00,650.47
2025-02-04 13:00:00,567.08
2025-02-04 14:00:00,430.5
2025-02-04 15:00:00,283.17
2025-02-04 16:00:00,103.25
2025-02-04 17:00:00,5.5
2025-02-04 18:00:00,0.0
2025-02-04 19:00:00,0.0
2025-02-04 20:00:00,0.0
2025-02-04 21:00:00,0.0
2025-02-04 22:00:00,0.0
2025-02-04 23:00:00,0.0
2025-02-05 00:00:00,0.0
2025-02-05 01:00:00,0.0
2025-02-05 02:00:00,0.0
2025-02-05 03:00:00,0.0
2025-02-05 04:00:00,0.0
2025-02-05 05:00:00,0.0
2025-02-05 06:00:00,10.57
2025-02-05 07:00:00,127.3
2025-02-05 08:00:00,317.92
2025-02-05 09:00:00,486.58
2025-02-05 10:00:00,617.05
2025-02-05 11:00:00,640.62
2025-02-05 12:00:00,609.53
2025-02-05 13:00:00,547.2
2025-02-05 14:00:00,409.48
2025-02-05 15:00:00,277.27
2025-02-05 16:00:00,100.28
2025-02-05 17:00:00,5.65
2025-02-05 18:00:00,0.0
2025-02-05 19:00:00,0.0
2025-02-05 20:00:00,0.0
2025-02-05 21:00:00,0.0
2025-02-05 22:00:00,0.0
2025-02-05 23:00:00,0.0
2025-02-06 00:00:00,0.0
2025-02-06 01:00:00,0.0
2025-02-06 02:00:00,0.0
2025-02-06 03:00:00,0.0
2025-02-06 04:00:00,0.0
2025-02-06 05:00:00,0.0
2025-02-06 06:00:00,10.0
2025-02-06 07:00:00,115.07
2025-02-06 08:00:00,294.62
2025-02-06 09:00:00,470.7
2025-02-06 10:00:00,590.25
2025-02-06 11:00:00,666.12
2025-02-06 12:00:00,656.67
2025-02-06 13:00:00,566.25
2025-02-06 14:00:00,444.08
2025-02-06 15:00:00,266.77
2025-02-06 16:00:00,92.72
2025-02-06 17:00:00,5.55
2025-02-06 18:00:00,0.0
2025-02-06 19:00:00,0.0
2025-02-06 20:00:00,0.0
2025-02-06 21:00:00,0.0
2025-02-06 22:00:00,0.0
2025-02-06 23:00:00,0.0
2025-02-07 00:00:00,0.0
2025-02-07 01:00:00,0.0
2025-02-07 02:00:00,0.0
2025-02-07 03:00:00,0.0
2025-02-07 04:00:00,0.0
2025-02-07 05:00:00,0.0
2025-02-07 06:00:00,10.8
2025-02-07 07:00:00,160.48
2025-02-07 08:00:00,360.88
2025-02-07 09:00:00,534.15
2025-02-07 10:00:00,614.08
2025-02-07 11:00:00,763.12
2025-02-07 12:00:00,755.1
2025-02-07 13:00:00,678.97
2025-02-07 14:00:00,532.88
2025-02-07 15:00:00,338.52
2025-02-07 16:00:00,140.45
2025-02-07 17:00:00,7.6
2025-02-07 18:00:00,0.0
2025-02-07 19:00:00,0.0
2025-02-07 20:00:00,0.0
2025-02-07 21:00:00,0.0
2025-02-07 22:00:00,0.0
2025-02-07 23:00:00,0.0
2025-02-08 00:00:00,0.0
2025-02-08 01:00:00,0.0
2025-02-08 02:00:00,0.0
2025-02-08 03:00:00,0.0
2025-02-08 04:00:00,0.0
2025-02-08 05:00:00,0.0
2025-02-08 06:00:00,12.45
2025-02-08 07:00:00,144.85
2025-02-08 08:00:00,379.35
2025-02-08 09:00:00,535.53
2025-02-08 10:00:00,671.62
2025-02-08 11:00:00,785.78
2025-02-08 12:00:00,778.0
2025-02-08 13:00:00,697.45
2025-02-08 14:00:00,551.75
2025-02-08 15:00:00,356.12
2025-02-08 16:00:00,149.9
2025-02-08 17:00:00,8.32
2025-02-08 18:00:00,0.0
2025-02-08 19:00:00,0.0
2025-02-08 20:00:00,0.0
2025-02-08 21:00:00,0.0
2025-02-08 22:00:00,0.0
2025-02-08 23:00:00,0.0
2025-02-09 00:00:00,0.0
2025-02-09 01:00:00,0.0
2025-02-09 02:00:00,0.0
2025-02-09 03:00:00,0.0
2025-02-09 04:00:00,0.0
2025-02-09 05:00:00,0.0
2025-02-09 06:00:00,15.4
2025-02-09 07:00:00,184.93
2025-02-09 08:00:00,392.27
2025-02-09 09:00:00,585.38
2025-02-09 10:00:00,719.25
2025-02-09 11:00:00,749.17
2025-02-09 12:00:00,774.72
2025-02-09 13:00:00,689.2
2025-02-09 14:00:00,559.72
2025-02-09 15:00:00,363.23
2025-02-09 16:00:00,146.5
2025-02-09 17:00:00,8.88
2025-02-09 18:00:00,0.0
2025-02-09 19:00:00,0.0
2025-02-09 20:00:00,0.0
2025-02-09 21:00:00,0.0
2025-02-09 22:00:00,0.0
2025-02-09 23:00:00,0.0
2025-02-10 00:00:00,0.0
2025-02-10 01:00:00,0.0
2025-02-10 02:00:00,0.0
2025-02-10 03:00:00,0.0
2025-02-10 04:00:00,0.0
2025-02-10 05:00:00,0.0
2025-02-10 06:00:00,15.15
2025-02-10 07:00:00,180.4
2025-02-10 08:00:00,378.75
2025-02-10 09:00:00,567.4
2025-02-10 10:00:00,703.88
2025-02-10 11:00:00,784.92
2025-02-10 12:00:00,774.6
2025-02-10 13:00:00,691.25
2025-02-10 14:00:00,542.9
2025-02-10 15:00:00,344.73
2025-02-10 16:00:00,149.23
2025-02-10 17:00:00,8.4
2025-02-10 18:00:00,0.0
2025-02-10 19:00:00,0.0
2025-02-10 20:00:00,0.0
2025-02-10 21:00:00,0.0
2025-02-10 22:00:00,0.0
2025-02-10 23:00:00,0.0
2025-02-11 00:00:00,0.0
2025-02-11 01:00:00,0.0
2025-02-11 02:00:00,0.0
2025-02-11 03:00:00,0.0
2025-02-11 04:00:00,0.0
2025-02-11 05:00:00,0.0
2025-02-11 06:00:00,11.88
2025-02-11 07:00:00,160.07
2025-02-11 08:00:00,344.08
2025-02-11 09:00:00,525.58
2025-02-11 10:00:00,642.83
2025-02-11 11:00:00,751.88
2025-02-11 12:00:00,703.95
2025-02-11 13:00:00,594.75
2025-02-11 14:00:00,455.65
2025-02-11 15:00:00,265.73
2025-02-11 16:00:00,93.75
2025-02-11 17:00:00,6.93
2025-02-11 18:00:00,0.0
2025-02-11 19:00:00,0.0
2025-02-11 20:00:00,0.0
2025-02-11 21:00:00,0.0
2025-02-11 22:00:00,0.0
2025-02-11 23:00:00,0.0
2025-02-12 00:00:00,0.0
2025-02-12 01:00:00,0.0
2025-02-12 02:00:00,0.0
2025-02-12 03:00:00,0.0
2025-02-12 04:00:00,0.0
2025-02-12 05:00:00,0.0
2025-02-12 06:00:00,12.12
2025-02-12 07:00:00,121.97
2025-02-12 08:00:00,308.5
2025-02-12 09:00:00,492.77
2025-02-12 10:00:00,606.65
2025-02-12 11:00:00,719.88
2025-02-12 12:00:00,633.45
2025-02-12 13:00:00,546.15
2025-02-12 14:00:00,406.85
2025-02-12 15:00:00,277.85
2025-02-12 16:00:00,102.12
2025-02-12 17:00:00,7.82
2025-02-12 18:00:00,0.0
2025-02-12 19:00:00,0.0
2025-02-12 20:00:00,0.0
2025-02-12 21:00:00,0.0
2025-02-12 22:00:00,0.0
2025-02-12 23:00:00,0.0
2025-02-13 00:00:00,0.0
2025-02-13 01:00:00,0.0
2025-02-13 02:00:00,0.0
2025-02-13 03:00:00,0.0
2025-02-13 04:00:00,0.0
2025-02-13 05:00:00,0.0
2025-02-13 06:00:00,12.23
2025-02-13 07:00:00,124.3
2025-02-13 08:00:00,284.12
2025-02-13 09:00:00,459.35
2025-02-13 10:00:00,558.95
2025-02-13 11:00:00,581.1
2025-02-13 12:00:00,551.4
2025-02-13 13:00:00,473.08
2025-02-13 14:00:00,413.08
2025-02-13 15:00:00,228.32
2025-02-13 16:00:00,91.38
2025-02-13 17:00:00,7.85
2025-02-13 18:00:00,0.0
2025-02-13 19:00:00,0.0
2025-02-13 20:00:00,0.0
2025-02-13 21:00:00,0.0
2025-02-13 22:00:00,0.0
2025-02-13 23:00:00,0.0
2025-02-14 00:00:00,0.0
2025-02-14 01:00:00,0.0
2025-02-14 02:00:00,0.0
2025-02-14 03:00:00,0.0
2025-02-14 04:00:00,0.0
2025-02-14 05:00:00,0.0
2025-02-14 06:00:00,12.12
2025-02-14 07:00:00,120.97
2025-02-14 08:00:00,299.0
2025-02-14 09:00:00,467.12
2025-02-14 10:00:00,556.83
2025-02-14 11:00:00,724.05
2025-02-14 12:00:00,697.08
2025-02-14 13:00:00,601.17
2025-02-14 14:00:00,497.1
2025-02-14 15:00:00,323.25
2025-02-14 16:00:00,123.85
2025-02-14 17:00:00,9.45
2025-02-14 18:00:00,0.0
2025-02-14 19:00:00,0.0
2025-02-14 20:00:00,0.0
2025-02-14 21:00:00,0.0
2025-02-14 22:00:00,0.0
2025-02-14 23:00:00,0.0
2025-02-15 00:00:00,0.0
2025-02-15 01:00:00,0.0
2025-02-15 02:00:00,0.0
2025-02-15 03:00:00,0.0
2025-02-15 04:00:00,0.0
2025-02-15 05:00:00,0.0
2025-02-15 06:00:00,16.27
2025-02-15 07:00:00,153.27
2025-02-15 08:00:00,402.05
2025-02-15 09:00:00,547.38
2025-02-15 10:00:00,678.95
2025-02-15 11:00:00,814.33
2025-02-15 12:00:00,801.08
2025-02-15 13:00:00,709.5
2025-02-15 14:00:00,570.97
2025-02-15 15:00:00,367.35
2025-02-15 16:00:00,165.43
2025-02-15 17:00:00,11.25
2025-02-15 18:00:00,0.0
2025-02-15 19:00:00,0.0
2025-02-15 20:00:00,0.0
2025-02-15 21:00:00,0.0
2025-02-15 22:00:00,0.0
2025-02-15 23:00:00,0.0
2025-02-16 00:00:00,0.0
2025-02-16 01:00:00,0.0
2025-02-16 02:00:00,0.0
2025-02-16 03:00:00,0.0
2025-02-16 04:00:00,0.0
2025-02-16 05:00:00,0.0
2025-02-16 06:00:00,19.4
2025-02-16 07:00:00,181.5
2025-02-16 08:00:00,393.1
2025-02-16 09:00:00,591.45
2025-02-16 10:00:00,703.33
2025-02-16 11:00:00,568.33
2025-02-16 12:00:00,460.98
2025-02-16 13:00:00,360.17
2025-02-16 14:00:00,269.77
2025-02-16 15:00:00,161.3
2025-02-16 16:00:00,72.97
2025-02-16 17:00:00,7.3
2025-02-16 18:00:00,0.0
2025-02-16 19:00:00,0.0
2025-02-16 20:00:00,0.0
2025-02-16 21:00:00,0.0
2025-02-16 22:00:00,0.0
2025-02-16 23:00:00,0.0
2025-02-17 00:00:00,0.0
2025-02-17 01:00:00,0.0
2025-02-17 02:00:00,0.0
2025-02-17 03:00:00,0.0
2025-02-17 04:00:00,0.0
2025-02-17 05:00:00,0.0
2025-02-17 06:00:00,17.4
2025-02-17 07:00:00,157.15
2025-02-17 08:00:00,367.83
2025-02-17 09:00:00,536.08
2025-02-17 10:00:00,635.8
2025-02-17 11:00:00,639.65
2025-02-17 12:00:00,642.28
2025-02-17 13:00:00,569.6
2025-02-17 14:00:00,445.77
2025-02-17 15:00:00,280.7
2025-02-17 16:00:00,107.6
2025-02-17 17:00:00,8.6
2025-02-17 18:00:00,0.0
2025-02-17 19:00:00,0.0
2025-02-17 20:00:00,0.0
2025-02-17 21:00:00,0.0
2025-02-17 22:00:00,0.0
2025-02-17 23:00:00,0.0
2025-02-18 00:00:00,0.0
2025-02-18 01:00:00,0.0
2025-02-18 02:00:00,0.0
2025-02-18 03:00:00,0.0
2025-02-18 04:00:00,0.0
2025-02-18 05:00:00,0.0
2025-02-18 06:00:00,12.62
2025-02-18 07:00:00,111.75
2025-02-18 08:00:00,250.0
2025-02-18 09:00:00,413.4
2025-02-18 10:00:00,590.55
2025-02-18 11:00:00,507.95
2025-02-18 12:00:00,426.38
2025-02-18 13:00:00,437.83
2025-02-18 14:00:00,363.27
2025-02-18 15:00:00,230.88
2025-02-18 16:00:00,90.2
2025-02-18 17:00:00,9.12
2025-02-18 18:00:00,0.0
2025-02-18 19:00:00,0.0
2025-02-18 20:00:00,0.0
2025-02-18 21:00:00,0.0
2025-02-18 22:00:00,0.0
2025-02-18 23:00:00,0.0
2025-02-19 00:00:00,0.0
2025-02-19 01:00:00,0.0
2025-02-19 02:00:00,0.0
2025-02-19 03:00:00,0.0
2025-02-19 04:00:00,0.0
2025-02-19 05:00:00,0.0
2025-02-19 06:00:00,15.25
2025-02-19 07:00:00,131.9
2025-02-19 08:00:00,314.38
2025-02-19 09:00:00,520.75
2025-02-19 10:00:00,603.8
2025-02-19 11:00:00,704.97
2025-02-19 12:00:00,674.75
2025-02-19 13:00:00,498.0
2025-02-19 14:00:00,426.1
2025-02-19 15:00:00,300.25
2025-02-19 16:00:00,121.47
2025-02-19 17:00:00,11.32
2025-02-19 18:00:00,0.0
2025-02-19 19:00:00,0.0
2025-02-19 20:00:00,0.0
2025-02-19 21:00:00,0.0
2025-02-19 22:00:00,0.0
2025-02-19 23:00:00,0.0
2025-02-20 00:00:00,0.0
2025-02-20 01:00:00,0.0
2025-02-20 02:00:00,0.0
2025-02-20 03:00:00,0.0
2025-02-20 04:00:00,0.0
2025-02-20 05:00:00,0.0
2025-02-20 06:00:00,21.6
2025-02-20 07:00:00,199.4
2025-02-20 08:00:00,407.67
2025-02-20 09:00:00,557.28
2025-02-20 10:00:00,690.65
2025-02-20 11:00:00,795.15
2025-02-20 12:00:00,762.45
2025-02-20 13:00:00,648.17
2025-02-20 14:00:00,547.72
2025-02-20 15:00:00,334.73
2025-02-20 16:00:00,147.48
2025-02-20 17:00:00,12.85
2025-02-20 18:00:00,0.0
2025-02-20 19:00:00,0.0
2025-02-20 20:00:00,0.0
2025-02-20 21:00:00,0.0
2025-02-20 22:00:00,0.0
2025-02-20 23:00:00,0.0
2025-02-21 00:00:00,0.0
2025-02-21 01:00:00,0.0
2025-02-21 02:00:00,0.0
2025-02-21 03:00:00,0.0
2025-02-21 04:00:00,0.0
2025-02-21 05:00:00,0.0
2025-02-21 06:00:00,18.6
2025-02-21 07:00:00,124.45
2025-02-21 08:00:00,253.1
2025-02-21 09:00:00,432.98
2025-02-21 10:00:00,602.95
2025-02-21 11:00:00,639.25
2025-02-21 12:00:00,571.58
2025-02-21 13:00:00,449.38
2025-02-21 14:00:00,440.27
2025-02-21 15:00:00,287.33
2025-02-21 16:00:00,132.77
2025-02-21 17:00:00,12.77
2025-02-21 18:00:00,0.0
2025-02-21 19:00:00,0.0
2025-02-21 20:00:00,0.0
2025-02-21 21:00:00,0.0
2025-02-21 22:00:00,0.0
2025-02-21 23:00:00,0.0
2025-02-22 00:00:00,0.0
2025-02-22 01:00:00,0.0
2025-02-22 02:00:00,0.0
2025-02-22 03:00:00,0.0
2025-02-22 04:00:00,0.0
2025-02-22 05:00:00,0.0
2025-02-22 06:00:00,21.15
2025-02-22 07:00:00,159.02
2025-02-22 08:00:00,352.17
2025-02-22 09:00:00,545.45
2025-02-22 10:00:00,639.53
2025-02-22 11:00:00,761.28
2025-02-22 12:00:00,705.65
2025-02-22 13:00:00,560.55
2025-02-22 14:00:00,446.48
2025-02-22 15:00:00,304.08
2025-02-22 16:00:00,121.0
2025-02-22 17:00:00,11.7
2025-02-22 18:00:00,0.0
2025-02-22 19:00:00,0.0
2025-02-22 20:00:00,0.0
2025-02-22 21:00:00,0.0
2025-02-22 22:00:00,0.0
2025-02-22 23:00:00,0.0
2025-02-23 00:00:00,0.0
2025-02-23 01:00:00,0.0
2025-02-23 02:00:00,0.0
2025-02-23 03:00:00,0.0
2025-02-23 04:00:00,0.0
2025-02-23 05:00:00,0.0
2025-02-23 06:00:00,11.65
2025-02-23 07:00:00,81.15
2025-02-23 08:00:00,164.98
2025-02-23 09:00:00,245.93
2025-02-23 10:00:00,338.1
2025-02-23 11:00:00,352.08
2025-02-23 12:00:00,248.6
2025-02-23 13:00:00,277.38
2025-02-23 14:00:00,277.38
2025-02-23 15:00:00,164.85
2025-02-23 16:00:00,72.45
2025-02-23 17:00:00,7.3
2025-02-23 18:00:00,0.0
2025-02-23 19:00:00,0.0
2025-02-23 20:00:00,0.0
2025-02-23 21:00:00,0.0
2025-02-23 22:00:00,0.0
2025-02-23 23:00:00,0.0
2025-02-24 00:00:00,0.0
2025-02-24 01:00:00,0.0
2025-02-24 02:00:00,0.0
2025-02-24 03:00:00,0.0
2025-02-24 04:00:00,0.0
2025-02-24 05:00:00,0.0
2025-02-24 06:00:00,21.77
2025-02-24 07:00:00,152.75
2025-02-24 08:00:00,337.0
2025-02-24 09:00:00,497.2
2025-02-24 10:00:00,635.78
2025-02-24 11:00:00,740.22
2025-02-24 12:00:00,706.03
2025-02-24 13:00:00,662.47
2025-02-24 14:00:00,516.75
2025-02-24 15:00:00,339.67
2025-02-24 16:00:00,160.68
2025-02-24 17:00:00,16.67
2025-02-24 18:00:00,0.0
2025-02-24 19:00:00,0.0
2025-02-24 20:00:00,0.0
2025-02-24 21:00:00,0.0
2025-02-24 22:00:00,0.0
2025-02-24 23:00:00,0.0
2025-02-25 00:00:00,0.0
2025-02-25 01:00:00,0.0
2025-02-25 02:00:00,0.0
2025-02-25 03:00:00,0.0
2025-02-25 04:00:00,0.0
2025-02-25 05:00:00,0.0
2025-02-25 06:00:00,30.15
2025-02-25 07:00:00,226.48
2025-02-25 08:00:00,431.8
2025-02-25 09:00:00,625.33
2025-02-25 10:00:00,754.92
2025-02-25 11:00:00,767.83
2025-02-25 12:00:00,729.0
2025-02-25 13:00:00,636.97
2025-02-25 14:00:00,545.9
2025-02-25 15:00:00,332.67
2025-02-25 16:00:00,156.95
2025-02-25 17:00:00,15.88
2025-02-25 18:00:00,0.0
2025-02-25 19:00:00,0.0
2025-02-25 20:00:00,0.0
2025-02-25 21:00:00,0.0
2025-02-25 22:00:00,0.0
2025-02-25 23:00:00,0.0
2025-02-26 00:00:00,0.0
2025-02-26 01:00:00,0.0
2025-02-26 02:00:00,0.0
2025-02-26 03:00:00,0.0
2025-02-26 04:00:00,0.0
2025-02-26 05:00:00,0.0
2025-02-26 06:00:00,31.88
2025-02-26 07:00:00,222.9
2025-02-26 08:00:00,418.02
2025-02-26 09:00:00,614.12
2025-02-26 10:00:00,757.7
2025-02-26 11:00:00,892.6
2025-02-26 12:00:00,886.65
2025-02-26 13:00:00,805.55
2025-02-26 14:00:00,653.12
2025-02-26 15:00:00,447.52
2025-02-26 16:00:00,215.8
2025-02-26 17:00:00,22.3
2025-02-26 18:00:00,0.0
2025-02-26 19:00:00,0.0
2025-02-26 20:00:00,0.0
2025-02-26 21:00:00,0.0
2025-02-26 22:00:00,0.0
2025-02-26 23:00:00,0.0
2025-02-27 00:00:00,0.0
2025-02-27 01:00:00,0.0
2025-02-27 02:00:00,0.0
2025-02-27 03:00:00,0.0
2025-02-27 04:00:00,0.0
2025-02-27 05:00:00,0.0
2025-02-27 06:00:00,34.28
2025-02-27 07:00:00,221.02
2025-02-27 08:00:00,430.42
2025-02-27 09:00:00,612.55
2025-02-27 10:00:00,751.28
2025-02-27 11:00:00,862.88
2025-02-27 12:00:00,805.7
2025-02-27 13:00:00,750.67
2025-02-27 14:00:00,610.42
2025-02-27 15:00:00,393.17
2025-02-27 16:00:00,189.45
2025-02-27 17:00:00,19.7
2025-02-27 18:00:00,0.0
2025-02-27 19:00:00,0.0
2025-02-27 20:00:00,0.0
2025-02-27 21:00:00,0.0
2025-02-27 22:00:00,0.0
2025-02-27 23:00:00,0.0
2025-02-28 00:00:00,0.0
2025-02-28 01:00:00,0.0
2025-02-28 02:00:00,0.0
2025-02-28 03:00:00,0.0
2025-02-28 04:00:00,0.0
2025-02-28 05:00:00,0.0
2025-02-28 06:00:00,33.28
2025-02-28 07:00:00,213.93
2025-02-28 08:00:00,423.88
2025-02-28 09:00:00,599.5
2025-02-28 10:00:00,719.58
2025-02-28 11:00:00,779.1
2025-02-28 12:00:00,729.1
2025-02-28 13:00:00,661.55
2025-02-28 14:00:00,485.25
2025-02-28 15:00:00,301.65
2025-02-28 16:00:00,145.73
2025-02-28 17:00:00,15.32
2025-02-28 18:00:00,0.0
2025-02-28 19:00:00,0.0
2025-02-28 20:00:00,0.0
2025-02-28 21:00:00,0.0
2025-02-28 22:00:00,0.0
2025-02-28 23:00:00,0.0
2025-03-01 00:00:00,0.0
2025-03-01 01:00:00,0.0
2025-03-01 02:00:00,0.0
2025-03-01 03:00:00,0.0
2025-03-01 04:00:00,0.0
2025-03-01 05:00:00,0.0
2025-03-01 06:00:00,20.23
2025-03-01 07:00:00,134.48
2025-03-01 08:00:00,295.58
2025-03-01 09:00:00,400.88
2025-03-01 10:00:00,505.25
2025-03-01 11:00:00,547.05
2025-03-01 12:00:00,487.8
2025-03-01 13:00:00,367.48
2025-03-01 14:00:00,302.23
2025-03-01 15:00:00,197.98
2025-03-01 16:00:00,80.75
2025-03-01 17:00:00,10.23
2025-03-01 18:00:00,0.0
2025-03-01 19:00:00,0.0
2025-03-01 20:00:00,0.0
2025-03-01 21:00:00,0.0
2025-03-01 22:00:00,0.0
2025-03-01 23:00:00,0.0
2025-03-02 00:00:00,0.0
2025-03-02 01:00:00,0.0
2025-03-02 02:00:00,0.0
2025-03-02 03:00:00,0.0
2025-03-02 04:00:00,0.0
2025-03-02 05:00:00,0.0
2025-03-02 06:00:00,25.05
2025-03-02 07:00:00,159.98
2025-03-02 08:00:00,341.5
2025-03-02 09:00:00,478.73
2025-03-02 10:00:00,560.38
2025-03-02 11:00:00,535.97
2025-03-02 12:00:00,577.38
2025-03-02 13:00:00,480.5
2025-03-02 14:00:00,426.33
2025-03-02 15:00:00,292.8
2025-03-02 16:00:00,128.6
2025-03-02 17:00:00,16.25
2025-03-02 18:00:00,0.0
2025-03-02 19:00:00,0.0
2025-03-02 20:00:00,0.0
2025-03-02 21:00:00,0.0
2025-03-02 22:00:00,0.0
2025-03-02 23:00:00,0.0
2025-03-03 00:00:00,0.0
2025-03-03 01:00:00,0.0
2025-03-03 02:00:00,0.0
2025-03-03 03:00:00,0.0
2025-03-03 04:00:00,0.0
2025-03-03 05:00:00,0.0
2025-03-03 06:00:00,44.08
2025-03-03 07:00:00,248.8
2025-03-03 08:00:00,469.17
2025-03-03 09:00:00,661.75
2025-03-03 10:00:00,801.17
2025-03-03 11:00:00,860.95
2025-03-03 12:00:00,806.47
2025-03-03 13:00:00,673.45
2025-03-03 14:00:00,541.25
2025-03-03 15:00:00,322.83
2025-03-03 16:00:00,150.5
2025-03-03 17:00:00,16.98
2025-03-03 18:00:00,0.0
2025-03-03 19:00:00,0.0
2025-03-03 20:00:00,0.0
2025-03-03 21:00:00,0.0
2025-03-03 22:00:00,0.0
2025-03-03 23:00:00,0.0
2025-03-04 00:00:00,0.0
2025-03-04 01:00:00,0.0
2025-03-04 02:00:00,0.0
2025-03-04 03:00:00,0.0
2025-03-04 04:00:00,0.0
2025-03-04 05:00:00,0.0
2025-03-04 06:00:00,43.7
2025-03-04 07:00:00,241.0
2025-03-04 08:00:00,472.23
2025-03-04 09:00:00,676.55
2025-03-04 10:00:00,820.58
2025-03-04 11:00:00,900.7
2025-03-04 12:00:00,888.22
2025-03-04 13:00:00,801.0
2025-03-04 14:00:00,650.22
2025-03-04 15:00:00,439.42
2025-03-04 16:00:00,205.12
2025-03-04 17:00:00,23.8
2025-03-04 18:00:00,0.0
2025-03-04 19:00:00,0.0
2025-03-04 20:00:00,0.0
2025-03-04 21:00:00,0.0
2025-03-04 22:00:00,0.0
2025-03-04 23:00:00,0.0
2025-03-05 00:00:00,0.0
2025-03-05 01:00:00,0.0
2025-03-05 02:00:00,0.0
2025-03-05 03:00:00,0.0
2025-03-05 04:00:00,0.0
2025-03-05 05:00:00,0.0
2025-03-05 06:00:00,42.97
2025-03-05 07:00:00,233.15
2025-03-05 08:00:00,464.42
2025-03-05 09:00:00,658.45
2025-03-05 10:00:00,776.15
2025-03-05 11:00:00,795.42
2025-03-05 12:00:00,796.62
2025-03-05 13:00:00,714.1
2025-03-05 14:00:00,523.72
2025-03-05 15:00:00,313.05
2025-03-05 16:00:00,153.85
2025-03-05 17:00:00,19.58
2025-03-05 18:00:00,0.0
2025-03-05 19:00:00,0.0
2025-03-05 20:00:00,0.0
2025-03-05 21:00:00,0.0
2025-03-05 22:00:00,0.0
2025-03-05 23:00:00,0.0
2025-03-06 00:00:00,0.0
2025-03-06 01:00:00,0.0
2025-03-06 02:00:00,0.0
2025-03-06 03:00:00,0.0
2025-03-06 04:00:00,0.0
2025-03-06 05:00:00,0.0
2025-03-06 06:00:00,42.15
2025-03-06 07:00:00,222.68
2025-03-06 08:00:00,465.42
2025-03-06 09:00:00,662.95
2025-03-06 10:00:00,806.12
2025-03-06 11:00:00,876.35
2025-03-06 12:00:00,842.55
2025-03-06 13:00:00,772.62
2025-03-06 14:00:00,614.95
2025-03-06 15:00:00,405.48
2025-03-06 16:00:00,185.05
2025-03-06 17:00:00,22.3
2025-03-06 18:00:00,0.0
2025-03-06 19:00:00,0.0
2025-03-06 20:00:00,0.0
2025-03-06 21:00:00,0.0
2025-03-06 22:00:00,0.0
2025-03-06 23:00:00,0.0
2025-03-07 00:00:00,0.0
2025-03-07 01:00:00,0.0
2025-03-07 02:00:00,0.0
2025-03-07 03:00:00,0.0
2025-03-07 04:00:00,0.0
2025-03-07 05:00:00,0.0
2025-03-07 06:00:00,54.33
2025-03-07 07:00:00,257.98
2025-03-07 08:00:00,484.33
2025-03-07 09:00:00,674.33
2025-03-07 10:00:00,803.47
2025-03-07 11:00:00,815.53
2025-03-07 12:00:00,753.9
2025-03-07 13:00:00,674.15
2025-03-07 14:00:00,558.15
2025-03-07 15:00:00,346.48
2025-03-07 16:00:00,170.27
2025-03-07 17:00:00,21.23
2025-03-07 18:00:00,0.0
2025-03-07 19:00:00,0.0
2025-03-07 20:00:00,0.0
2025-03-07 21:00:00,0.0
2025-03-07 22:00:00,0.0
2025-03-07 23:00:00,0.0
2025-03-08 00:00:00,0.0
2025-03-08 01:00:00,0.0
2025-03-08 02:00:00,0.0
2025-03-08 03:00:00,0.0
2025-03-08 04:00:00,0.0
2025-03-08 05:00:00,0.0
2025-03-08 06:00:00,50.95
2025-03-08 07:00:00,252.9
2025-03-08 08:00:00,447.23
2025-03-08 09:00:00,640.55
2025-03-08 10:00:00,781.03
2025-03-08 11:00:00,882.2
2025-03-08 12:00:00,849.6
2025-03-08 13:00:00,751.67
2025-03-08 14:00:00,564.53
2025-03-08 15:00:00,372.83
2025-03-08 16:00:00,178.07
2025-03-08 17:00:00,22.38
2025-03-08 18:00:00,0.0
2025-03-08 19:00:00,0.0
2025-03-08 20:00:00,0.0
2025-03-08 21:00:00,0.0
2025-03-08 22:00:00,0.0
2025-03-08 23:00:00,0.0
2025-03-09 00:00:00,0.0
2025-03-09 01:00:00,0.0
2025-03-09 02:00:00,0.0
2025-03-09 03:00:00,0.0
2025-03-09 04:00:00,0.0
2025-03-09 05:00:00,0.0
2025-03-09 06:00:00,52.2
2025-03-09 07:00:00,270.02
2025-03-09 08:00:00,475.88
2025-03-09 09:00:00,611.55
2025-03-09 10:00:00,726.88
2025-03-09 11:00:00,791.75
2025-03-09 12:00:00,722.45
2025-03-09 13:00:00,576.33
2025-03-09 14:00:00,453.38
2025-03-09 15:00:00,268.95
2025-03-09 16:00:00,131.75
2025-03-09 17:00:00,16.55
2025-03-09 18:00:00,0.0
2025-03-09 19:00:00,0.0
2025-03-09 20:00:00,0.0
2025-03-09 21:00:00,0.0
2025-03-09 22:00:00,0.0
2025-03-09 23:00:00,0.0
2025-03-10 00:00:00,0.0
2025-03-10 01:00:00,0.0
2025-03-10 02:00:00,0.0
2025-03-10 03:00:00,0.0
2025-03-10 04:00:00,0.0
2025-03-10 05:00:00,0.0
2025-03-10 06:00:00,58.88
2025-03-10 07:00:00,266.38
2025-03-10 08:00:00,470.62
2025-03-10 09:00:00,667.25
2025-03-10 10:00:00,804.47
2025-03-10 11:00:00,864.83
2025-03-10 12:00:00,839.95
2025-03-10 13:00:00,756.55
2025-03-10 14:00:00,601.85
2025-03-10 15:00:00,393.58
2025-03-10 16:00:00,189.62
2025-03-10 17:00:00,24.8
2025-03-10 18:00:00,0.0
2025-03-10 19:00:00,0.0
2025-03-10 20:00:00,0.0
2025-03-10 21:00:00,0.0
2025-03-10 22:00:00,0.0
2025-03-10 23:00:00,0.0
2025-03-11 00:00:00,0.0
2025-03-11 01:00:00,0.0
2025-03-11 02:00:00,0.0
2025-03-11 03:00:00,0.0
2025-03-11 04:00:00,0.0
2025-03-11 05:00:00,0.0
2025-03-11 06:00:00,59.95
2025-03-11 07:00:00,267.85
2025-03-11 08:00:00,462.58
2025-03-11 09:00:00,654.45
2025-03-11 10:00:00,781.38
2025-03-11 11:00:00,830.12
2025-03-11 12:00:00,801.9
2025-03-11 13:00:00,636.75
2025-03-11 14:00:00,432.3
2025-03-11 15:00:00,278.83
2025-03-11 16:00:00,115.22
2025-03-11 17:00:00,15.65
2025-03-11 18:00:00,0.0
2025-03-11 19:00:00,0.0
2025-03-11 20:00:00,0.0
2025-03-11 21:00:00,0.0
2025-03-11 22:00:00,0.0
2025-03-11 23:00:00,0.0
2025-03-12 00:00:00,0.0
2025-03-12 01:00:00,0.0
2025-03-12 02:00:00,0.0
2025-03-12 03:00:00,0.0
2025-03-12 04:00:00,0.0
2025-03-12 05:00:00,0.0
2025-03-12 06:00:00,34.47
2025-03-12 07:00:00,152.98
2025-03-12 08:00:00,322.02
2025-03-12 09:00:00,436.73
2025-03-12 10:00:00,423.42
2025-03-12 11:00:00,434.33
2025-03-12 12:00:00,360.9
2025-03-12 13:00:00,269.25
2025-03-12 14:00:00,255.93
2025-03-12 15:00:00,155.57
2025-03-12 16:00:00,68.8
2025-03-12 17:00:00,10.68
2025-03-12 18:00:00,0.0
2025-03-12 19:00:00,0.0
2025-03-12 20:00:00,0.0
2025-03-12 21:00:00,0.0
2025-03-12 22:00:00,0.0
2025-03-12 23:00:00,0.0
2025-03-13 00:00:00,0.0
2025-03-13 01:00:00,0.0
2025-03-13 02:00:00,0.0
2025-03-13 03:00:00,0.0
2025-03-13 04:00:00,0.0
2025-03-13 05:00:00,0.0
2025-03-13 06:00:00,25.08
2025-03-13 07:00:00,116.85
2025-03-13 08:00:00,243.07
2025-03-13 09:00:00,392.67
2025-03-13 10:00:00,479.02
2025-03-13 11:00:00,612.97
2025-03-13 12:00:00,659.17
2025-03-13 13:00:00,500.0
2025-03-13 14:00:00,489.2
2025-03-13 15:00:00,343.23
2025-03-13 16:00:00,145.88
2025-03-13 17:00:00,21.15
2025-03-13 18:00:00,0.0
2025-03-13 19:00:00,0.0
2025-03-13 20:00:00,0.0
2025-03-13 21:00:00,0.0
2025-03-13 22:00:00,0.0
2025-03-13 23:00:00,0.0
2025-03-14 00:00:00,0.0
2025-03-14 01:00:00,0.0
2025-03-14 02:00:00,0.0
2025-03-14 03:00:00,0.0
2025-03-14 04:00:00,0.0
2025-03-14 05:00:00,0.0
2025-03-14 06:00:00,44.1
2025-03-14 07:00:00,184.25
2025-03-14 08:00:00,357.05
2025-03-14 09:00:00,572.12
2025-03-14 10:00:00,685.2
2025-03-14 11:00:00,705.95
2025-03-14 12:00:00,669.7
2025-03-14 13:00:00,491.42
2025-03-14 14:00:00,403.8
2025-03-14 15:00:00,279.27
2025-03-14 16:00:00,126.43
2025-03-14 17:00:00,21.12
2025-03-14 18:00:00,0.0
2025-03-14 19:00:00,0.0
2025-03-14 20:00:00,0.0
2025-03-14 21:00:00,0.0
2025-03-14 22:00:00,0.0
2025-03-14 23:00:00,0.0
2025-03-15 00:00:00,0.0
2025-03-15 01:00:00,0.0
2025-03-15 02:00:00,0.0
2025-03-15 03:00:00,0.0
2025-03-15 04:00:00,0.0
2025-03-15 05:00:00,0.0
2025-03-15 06:00:00,58.7
2025-03-15 07:00:00,248.48
2025-03-15 08:00:00,464.92
2025-03-15 09:00:00,632.17
2025-03-15 10:00:00,744.62
2025-03-15 11:00:00,758.15
2025-03-15 12:00:00,662.62
2025-03-15 13:00:00,619.58
2025-03-15 14:00:00,456.0
2025-03-15 15:00:00,295.48
2025-03-15 16:00:00,141.82
2025-03-15 17:00:00,21.73
2025-03-15 18:00:00,0.0
2025-03-15 19:00:00,0.0
2025-03-15 20:00:00,0.0
2025-03-15 21:00:00,0.0
2025-03-15 22:00:00,0.0
2025-03-15 23:00:00,0.0
2025-03-16 00:00:00,0.0
2025-03-16 01:00:00,0.0
2025-03-16 02:00:00,0.0
2025-03-16 03:00:00,0.0
2025-03-16 04:00:00,0.0
2025-03-16 05:00:00,0.0
2025-03-16 06:00:00,57.55
2025-03-16 07:00:00,227.65
2025-03-16 08:00:00,398.35
2025-03-16 09:00:00,588.65
2025-03-16 10:00:00,714.92
2025-03-16 11:00:00,817.08
2025-03-16 12:00:00,765.88
2025-03-16 13:00:00,708.45
2025-03-16 14:00:00,489.88
2025-03-16 15:00:00,318.65
2025-03-16 16:00:00,148.93
2025-03-16 17:00:00,22.65
2025-03-16 18:00:00,0.0
2025-03-16 19:00:00,0.0
2025-03-16 20:00:00,0.0
2025-03-16 21:00:00,0.0
2025-03-16 22:00:00,0.0
2025-03-16 23:00:00,0.0
2025-03-17 00:00:00,0.0
2025-03-17 01:00:00,0.0
2025-03-17 02:00:00,0.0
2025-03-17 03:00:00,0.0
2025-03-17 04:00:00,0.0
2025-03-17 05:00:00,0.0
2025-03-17 06:00:00,68.03
2025-03-17 07:00:00,259.98
2025-03-17 08:00:00,487.95
2025-03-17 09:00:00,678.75
2025-03-17 10:00:00,772.83
2025-03-17 11:00:00,818.25
2025-03-17 12:00:00,715.35
2025-03-17 13:00:00,600.9
2025-03-17 14:00:00,518.55
2025-03-17 15:00:00,328.0
2025-03-17 16:00:00,169.38
2025-03-17 17:00:00,26.48
2025-03-17 18:00:00,0.0
2025-03-17 19:00:00,0.0
2025-03-17 20:00:00,0.0
2025-03-17 21:00:00,0.0
2025-03-17 22:00:00,0.0
2025-03-17 23:00:00,0.0
2025-03-18 00:00:00,0.0
2025-03-18 01:00:00,0.0
2025-03-18 02:00:00,0.0
2025-03-18 03:00:00,0.0
2025-03-18 04:00:00,0.0
2025-03-18 05:00:00,0.0
2025-03-18 06:00:00,40.5
2025-03-18 07:00:00,125.62
2025-03-18 08:00:00,236.98
2025-03-18 09:00:00,367.1
2025-03-18 10:00:00,417.6
2025-03-18 11:00:00,441.3
2025-03-18 12:00:00,463.58
2025-03-18 13:00:00,368.15
2025-03-18 14:00:00,405.45
2025-03-18 15:00:00,299.2
2025-03-18 16:00:00,150.45
2025-03-18 17:00:00,25.92
2025-03-18 18:00:00,0.0
2025-03-18 19:00:00,0.0
2025-03-18 20:00:00,0.0
2025-03-18 21:00:00,0.0
2025-03-18 22:00:00,0.0
2025-03-18 23:00:00,0.0
2025-03-19 00:00:00,0.0
2025-03-19 01:00:00,0.0
2025-03-19 02:00:00,0.0
2025-03-19 03:00:00,0.0
2025-03-19 04:00:00,0.0
2025-03-19 05:00:00,0.0
2025-03-19 06:00:00,79.62
2025-03-19 07:00:00,284.5
2025-03-19 08:00:00,510.77
2025-03-19 09:00:00,704.15
2025-03-19 10:00:00,829.17
2025-03-19 11:00:00,862.58
2025-03-19 12:00:00,850.15
2025-03-19 13:00:00,726.42
2025-03-19 14:00:00,587.28
2025-03-19 15:00:00,389.33
2025-03-19 16:00:00,187.85
2025-03-19 17:00:00,28.17
2025-03-19 18:00:00,0.0
2025-03-19 19:00:00,0.0
2025-03-19 20:00:00,0.0
2025-03-19 21:00:00,0.0
2025-03-19 22:00:00,0.0
2025-03-19 23:00:00,0.0
2025-03-20 00:00:00,0.0
2025-03-20 01:00:00,0.0
2025-03-20 02:00:00,0.0
2025-03-20 03:00:00,0.0
2025-03-20 04:00:00,0.0
2025-03-20 05:00:00,0.0
2025-03-20 06:00:00,81.3
2025-03-20 07:00:00,278.0
2025-03-20 08:00:00,498.9
2025-03-20 09:00:00,684.0
2025-03-20 10:00:00,814.25
2025-03-20 11:00:00,780.8
2025-03-20 12:00:00,720.7
2025-03-20 13:00:00,577.67
2025-03-20 14:00:00,361.73
2025-03-20 15:00:00,254.2
2025-03-20 16:00:00,119.9
2025-03-20 17:00:00,19.98
2025-03-20 18:00:00,0.0
2025-03-20 19:00:00,0.0
2025-03-20 20:00:00,0.0
2025-03-20 21:00:00,0.0
2025-03-20 22:00:00,0.0
2025-03-20 23:00:00,0.0
2025-03-21 00:00:00,0.0
2025-03-21 01:00:00,0.0
2025-03-21 02:00:00,0.0
2025-03-21 03:00:00,0.0
2025-03-21 04:00:00,0.0
2025-03-21 05:00:00,0.0
2025-03-21 06:00:00,62.7
2025-03-21 07:00:00,223.52
2025-03-21 08:00:00,419.15
2025-03-21 09:00:00,537.0
2025-03-21 10:00:00,571.25
2025-03-21 11:00:00,580.2
2025-03-21 12:00:00,418.27
2025-03-21 13:00:00,226.57
2025-03-21 14:00:00,127.57
2025-03-21 15:00:00,102.97
2025-03-21 16:00:00,85.35
2025-03-21 17:00:00,15.6
2025-03-21 18:00:00,0.0
2025-03-21 19:00:00,0.0
2025-03-21 20:00:00,0.0
2025-03-21 21:00:00,0.0
2025-03-21 22:00:00,0.0
2025-03-21 23:00:00,0.0
2025-03-22 00:00:00,0.0
2025-03-22 01:00:00,0.0
2025-03-22 02:00:00,0.0
2025-03-22 03:00:00,0.0
2025-03-22 04:00:00,0.0
2025-03-22 05:00:00,0.0
2025-03-22 06:00:00,48.6
2025-03-22 07:00:00,155.98
2025-03-22 08:00:00,301.62
2025-03-22 09:00:00,390.17
2025-03-22 10:00:00,360.85
2025-03-22 11:00:00,330.0
2025-03-22 12:00:00,367.02
2025-03-22 13:00:00,166.12
2025-03-22 14:00:00,288.08
2025-03-22 15:00:00,196.4
2025-03-22 16:00:00,94.53
2025-03-22 17:00:00,15.27
2025-03-22 18:00:00,0.0
2025-03-22 19:00:00,0.0
2025-03-22 20:00:00,0.0
2025-03-22 21:00:00,0.0
2025-03-22 22:00:00,0.0
2025-03-22 23:00:00,0.0
2025-03-23 00:00:00,0.0
2025-03-23 01:00:00,0.0
2025-03-23 02:00:00,0.0
2025-03-23 03:00:00,0.0
2025-03-23 04:00:00,0.0
2025-03-23 05:00:00,0.0
2025-03-23 06:00:00,73.85
2025-03-23 07:00:00,242.5
2025-03-23 08:00:00,402.75
2025-03-23 09:00:00,606.22
2025-03-23 10:00:00,786.83
2025-03-23 11:00:00,846.12
2025-03-23 12:00:00,777.8
2025-03-23 13:00:00,636.72
2025-03-23 14:00:00,439.2
2025-03-23 15:00:00,220.57
2025-03-23 16:00:00,134.57
2025-03-23 17:00:00,25.67
2025-03-23 18:00:00,0.0
2025-03-23 19:00:00,0.0
2025-03-23 20:00:00,0.0
2025-03-23 21:00:00,0.0
2025-03-23 22:00:00,0.0
2025-03-23 23:00:00,0.0
2025-03-24 00:00:00,0.0
2025-03-24 01:00:00,0.0
2025-03-24 02:00:00,0.0
2025-03-24 03:00:00,0.0
2025-03-24 04:00:00,0.0
2025-03-24 05:00:00,0.0
2025-03-24 06:00:00,83.8
2025-03-24 07:00:00,272.17
2025-03-24 08:00:00,476.92
2025-03-24 09:00:00,668.4
2025-03-24 10:00:00,805.22
2025-03-24 11:00:00,908.58
2025-03-24 12:00:00,852.67
2025-03-24 13:00:00,708.95
2025-03-24 14:00:00,565.53
2025-03-24 15:00:00,423.0
2025-03-24 16:00:00,211.6
2025-03-24 17:00:00,37.08
2025-03-24 18:00:00,0.0
2025-03-24 19:00:00,0.0
2025-03-24 20:00:00,0.0
2025-03-24 21:00:00,0.0
2025-03-24 22:00:00,0.0
2025-03-24 23:00:00,0.0
2025-03-25 00:00:00,0.0
2025-03-25 01:00:00,0.0
2025-03-25 02:00:00,0.0
2025-03-25 03:00:00,0.0
2025-03-25 04:00:00,0.0
2025-03-25 05:00:00,0.0
2025-03-25 06:00:00,129.18
2025-03-25 07:00:00,353.5
2025-03-25 08:00:00,586.1
2025-03-25 09:00:00,778.62
2025-03-25 10:00:00,913.25
2025-03-25 11:00:00,963.97
2025-03-25 12:00:00,932.58
2025-03-25 13:00:00,847.3
2025-03-25 14:00:00,685.9
2025-03-25 15:00:00,482.95
2025-03-25 16:00:00,247.65
2025-03-25 17:00:00,45.25
2025-03-25 18:00:00,0.0
2025-03-25 19:00:00,0.0
2025-03-25 20:00:00,0.0
2025-03-25 21:00:00,0.0
2025-03-25 22:00:00,0.0
2025-03-25 23:00:00,0.0
2025-03-26 00:00:00,0.0
2025-03-26 01:00:00,0.0
2025-03-26 02:00:00,0.0
2025-03-26 03:00:00,0.0
2025-03-26 04:00:00,0.0
2025-03-26 05:00:00,0.0
2025-03-26 06:00:00,134.12
2025-03-26 07:00:00,358.08
2025-03-26 08:00:00,587.9
2025-03-26 09:00:00,779.83
2025-03-26 10:00:00,913.22
2025-03-26 11:00:00,936.35
2025-03-26 12:00:00,907.47
2025-03-26 13:00:00,815.47
2025-03-26 14:00:00,646.83
2025-03-26 15:00:00,418.65
2025-03-26 16:00:00,215.07
2025-03-26 17:00:00,34.17
2025-03-26 18:00:00,0.0
2025-03-26 19:00:00,0.0
2025-03-26 20:00:00,0.0
2025-03-26 21:00:00,0.0
2025-03-26 22:00:00,0.0
2025-03-26 23:00:00,0.0
2025-03-27 00:00:00,0.0
2025-03-27 01:00:00,0.0
2025-03-27 02:00:00,0.0
2025-03-27 03:00:00,0.0
2025-03-27 04:00:00,0.0
2025-03-27 05:00:00,2.8
2025-03-27 06:00:00,100.93
2025-03-27 07:00:00,313.02
2025-03-27 08:00:00,503.6
2025-03-27 09:00:00,693.35
2025-03-27 10:00:00,827.92
2025-03-27 11:00:00,845.58
2025-03-27 12:00:00,808.55
2025-03-27 13:00:00,646.28
2025-03-27 14:00:00,479.62
2025-03-27 15:00:00,344.23
2025-03-27 16:00:00,150.55
2025-03-27 17:00:00,24.9
2025-03-27 18:00:00,0.0
2025-03-27 19:00:00,0.0
2025-03-27 20:00:00,0.0
2025-03-27 21:00:00,0.0
2025-03-27 22:00:00,0.0
2025-03-27 23:00:00,0.0
2025-03-28 00:00:00,0.0
2025-03-28 01:00:00,0.0
2025-03-28 02:00:00,0.0
2025-03-28 03:00:00,0.0
2025-03-28 04:00:00,0.0
2025-03-28 05:00:00,2.55
2025-03-28 06:00:00,71.03
2025-03-28 07:00:00,239.07
2025-03-28 08:00:00,438.42
2025-03-28 09:00:00,595.3
2025-03-28 10:00:00,719.2
2025-03-28 11:00:00,664.62
2025-03-28 12:00:00,574.17
2025-03-28 13:00:00,438.9
2025-03-28 14:00:00,344.58
2025-03-28 15:00:00,260.55
2025-03-28 16:00:00,121.68
2025-03-28 17:00:00,22.77
2025-03-28 18:00:00,0.0
2025-03-28 19:00:00,0.0
2025-03-28 20:00:00,0.0
2025-03-28 21:00:00,0.0
2025-03-28 22:00:00,0.0
2025-03-28 23:00:00,0.0
2025-03-29 00:00:00,0.0
2025-03-29 01:00:00,0.0
2025-03-29 02:00:00,0.0
2025-03-29 03:00:00,0.0
2025-03-29 04:00:00,0.0
2025-03-29 05:00:00,2.95
2025-03-29 06:00:00,79.35
2025-03-29 07:00:00,264.98
2025-03-29 08:00:00,461.38
2025-03-29 09:00:00,615.8
2025-03-29 10:00:00,749.17
2025-03-29 11:00:00,733.42
2025-03-29 12:00:00,820.38
2025-03-29 13:00:00,719.72
2025-03-29 14:00:00,603.38
2025-03-29 15:00:00,394.12
2025-03-29 16:00:00,222.75
2025-03-29 17:00:00,39.15
2025-03-29 18:00:00,0.0
2025-03-29 19:00:00,0.0
2025-03-29 20:00:00,0.0
2025-03-29 21:00:00,0.0
2025-03-29 22:00:00,0.0
2025-03-29 23:00:00,0.0
2025-03-30 00:00:00,0.0
2025-03-30 01:00:00,0.0
2025-03-30 02:00:00,0.0
2025-03-30 03:00:00,0.0
2025-03-30 04:00:00,0.0
2025-03-30 05:00:00,4.35
2025-03-30 06:00:00,116.2
2025-03-30 07:00:00,340.4
2025-03-30 08:00:00,577.5
2025-03-30 09:00:00,765.8
2025-03-30 10:00:00,904.88
2025-03-30 11:00:00,922.78
2025-03-30 12:00:00,902.35
2025-03-30 13:00:00,782.5
2025-03-30 14:00:00,631.5
2025-03-30 15:00:00,429.8
2025-03-30 16:00:00,223.68
2025-03-30 17:00:00,38.55
2025-03-30 18:00:00,0.0
2025-03-30 19:00:00,0.0
2025-03-30 20:00:00,0.0
2025-03-30 21:00:00,0.0
2025-03-30 22:00:00,0.0
2025-03-30 23:00:00,0.0
2025-03-31 00:00:00,0.0
2025-03-31 01:00:00,0.0
2025-03-31 02:00:00,0.0
2025-03-31 03:00:00,0.0
2025-03-31 04:00:00,0.0
2025-03-31 05:00:00,4.55
2025-03-31 06:00:00,127.95
2025-03-31 07:00:00,348.0
2025-03-31 08:00:00,549.22
2025-03-31 09:00:00,741.2
2025-03-31 10:00:00,868.38
2025-03-31 11:00:00,923.33
2025-03-31 12:00:00,909.88
2025-03-31 13:00:00,793.42
2025-03-31 14:00:00,580.2
2025-03-31 15:00:00,400.0
2025-03-31 16:00:00,188.8
2025-03-31 17:00:00,36.53
2025-03-31 18:00:00,0.0
2025-03-31 19:00:00,0.0
2025-03-31 20:00:00,0.0
2025-03-31 21:00:00,0.0
2025-03-31 22:00:00,0.0
2025-03-31 23:00:00,0.0
2025-04-01 00:00:00,0.0
2025-04-01 01:00:00,0.0
2025-04-01 02:00:00,0.0
2025-04-01 03:00:00,0.0
2025-04-01 04:00:00,0.0
2025-04-01 05:00:00,4.28
2025-04-01 06:00:00,66.85
2025-04-01 07:00:00,185.95
2025-04-01 08:00:00,315.42
2025-04-01 09:00:00,531.88
2025-04-01 10:00:00,765.22
2025-04-01 11:00:00,788.92
2025-04-01 12:00:00,688.33
2025-04-01 13:00:00,581.05
2025-04-01 14:00:00,464.73
2025-04-01 15:00:00,354.05
2025-04-01 16:00:00,154.8
2025-04-01 17:00:00,28.5
2025-04-01 18:00:00,0.0
2025-04-01 19:00:00,0.0
2025-04-01 20:00:00,0.0
2025-04-01 21:00:00,0.0
2025-04-01 22:00:00,0.0
2025-04-01 23:00:00,0.0
2025-04-02 00:00:00,0.0
2025-04-02 01:00:00,0.0
2025-04-02 02:00:00,0.0
2025-04-02 03:00:00,0.0
2025-04-02 04:00:00,0.0
2025-04-02 05:00:00,3.88
2025-04-02 06:00:00,62.95
2025-04-02 07:00:00,164.25
2025-04-02 08:00:00,274.62
2025-04-02 09:00:00,388.7
2025-04-02 10:00:00,487.1
2025-04-02 11:00:00,629.1
2025-04-02 12:00:00,637.03
2025-04-02 13:00:00,627.95
2025-04-02 14:00:00,520.62
2025-04-02 15:00:00,373.95
2025-04-02 16:00:00,168.6
2025-04-02 17:00:00,29.67
2025-04-02 18:00:00,0.0
2025-04-02 19:00:00,0.0
2025-04-02 20:00:00,0.0
2025-04-02 21:00:00,0.0
2025-04-02 22:00:00,0.0
2025-04-02 23:00:00,0.0
2025-04-03 00:00:00,0.0
2025-04-03 01:00:00,0.0
2025-04-03 02:00:00,0.0
2025-04-03 03:00:00,0.0
2025-04-03 04:00:00,0.0
2025-04-03 05:00:00,4.7
2025-04-03 06:00:00,78.25
2025-04-03 07:00:00,210.48
2025-04-03 08:00:00,353.15
2025-04-03 09:00:00,464.65
2025-04-03 10:00:00,617.55
2025-04-03 11:00:00,709.17
2025-04-03 12:00:00,771.92
2025-04-03 13:00:00,649.95
2025-04-03 14:00:00,442.62
2025-04-03 15:00:00,321.2
2025-04-03 16:00:00,144.95
2025-04-03 17:00:00,30.02
2025-04-03 18:00:00,0.0
2025-04-03 19:00:00,0.0
2025-04-03 20:00:00,0.0
2025-04-03 21:00:00,0.0
2025-04-03 22:00:00,0.0
2025-04-03 23:00:00,0.0
2025-04-04 00:00:00,0.0
2025-04-04 01:00:00,0.0
2025-04-04 02:00:00,0.0
2025-04-04 03:00:00,0.0
2025-04-04 04:00:00,0.0
2025-04-04 05:00:00,5.65
2025-04-04 06:00:00,96.15
2025-04-04 07:00:00,252.35
2025-04-04 08:00:00,423.48
2025-04-04 09:00:00,583.38
2025-04-04 10:00:00,697.17
2025-04-04 11:00:00,707.38
2025-04-04 12:00:00,427.55
2025-04-04 13:00:00,327.62
2025-04-04 14:00:00,271.1
2025-04-04 15:00:00,200.57
2025-04-04 16:00:00,101.8
2025-04-04 17:00:00,19.5
2025-04-04 18:00:00,0.0
2025-04-04 19:00:00,0.0
2025-04-04 20:00:00,0.0
2025-04-04 21:00:00,0.0
2025-04-04 22:00:00,0.0
2025-04-04 23:00:00,0.0
2025-04-05 00:00:00,0.0
2025-04-05 01:00:00,0.0
2025-04-05 02:00:00,0.0
2025-04-05 03:00:00,0.0
2025-04-05 04:00:00,0.0
2025-04-05 05:00:00,4.82
2025-04-05 06:00:00,101.15
2025-04-05 07:00:00,298.62
2025-04-05 08:00:00,497.2
2025-04-05 09:00:00,692.1
2025-04-05 10:00:00,814.5
2025-04-05 11:00:00,793.75
2025-04-05 12:00:00,601.65
2025-04-05 13:00:00,510.2
2025-04-05 14:00:00,406.0
2025-04-05 15:00:00,286.7
2025-04-05 16:00:00,141.85
2025-04-05 17:00:00,29.2
2025-04-05 18:00:00,0.0
2025-04-05 19:00:00,0.0
2025-04-05 20:00:00,0.0
2025-04-05 21:00:00,0.0
2025-04-05 22:00:00,0.0
2025-04-05 23:00:00,0.0
2025-04-06 00:00:00,0.0
2025-04-06 01:00:00,0.0
2025-04-06 02:00:00,0.0
2025-04-06 03:00:00,0.0
2025-04-06 04:00:00,0.0
2025-04-06 05:00:00,6.62
2025-04-06 06:00:00,134.23
2025-04-06 07:00:00,350.55
2025-04-06 08:00:00,510.88
2025-04-06 09:00:00,693.83
2025-04-06 10:00:00,821.08
2025-04-06 11:00:00,872.05
2025-04-06 12:00:00,760.72
2025-04-06 13:00:00,609.75
2025-04-06 14:00:00,384.88
2025-04-06 15:00:00,226.77
2025-04-06 16:00:00,119.25
2025-04-06 17:00:00,24.7
2025-04-06 18:00:00,0.0
2025-04-06 19:00:00,0.0
2025-04-06 20:00:00,0.0
2025-04-06 21:00:00,0.0
2025-04-06 22:00:00,0.0
2025-04-06 23:00:00,0.0
2025-04-07 00:00:00,0.0
2025-04-07 01:00:00,0.0
2025-04-07 02:00:00,0.0
2025-04-07 03:00:00,0.0
2025-04-07 04:00:00,0.0
2025-04-07 05:00:00,4.43
2025-04-07 06:00:00,65.78
2025-04-07 07:00:00,160.82
2025-04-07 08:00:00,267.98
2025-04-07 09:00:00,444.75
2025-04-07 10:00:00,719.92
2025-04-07 11:00:00,816.05
2025-04-07 12:00:00,736.7
2025-04-07 13:00:00,649.45
2025-04-07 14:00:00,466.08
2025-04-07 15:00:00,325.98
2025-04-07 16:00:00,178.0
2025-04-07 17:00:00,36.1
2025-04-07 18:00:00,0.0
2025-04-07 19:00:00,0.0
2025-04-07 20:00:00,0.0
2025-04-07 21:00:00,0.0
2025-04-07 22:00:00,0.0
2025-04-07 23:00:00,0.0
2025-04-08 00:00:00,0.0
2025-04-08 01:00:00,0.0
2025-04-08 02:00:00,0.0
2025-04-08 03:00:00,0.0
2025-04-08 04:00:00,0.0
2025-04-08 05:00:00,8.38
2025-04-08 06:00:00,115.35
2025-04-08 07:00:00,313.65
2025-04-08 08:00:00,493.9
2025-04-08 09:00:00,637.33
2025-04-08 10:00:00,723.3
2025-04-08 11:00:00,706.85
2025-04-08 12:00:00,708.7
2025-04-08 13:00:00,608.1
2025-04-08 14:00:00,465.02
2025-04-08 15:00:00,362.05
2025-04-08 16:00:00,179.15
2025-04-08 17:00:00,37.4
2025-04-08 18:00:00,0.0
2025-04-08 19:00:00,0.0
2025-04-08 20:00:00,0.0
2025-04-08 21:00:00,0.0
2025-04-08 22:00:00,0.0
2025-04-08 23:00:00,0.0
2025-04-09 00:00:00,0.0
2025-04-09 01:00:00,0.0
2025-04-09 02:00:00,0.0
2025-04-09 03:00:00,0.0
2025-04-09 04:00:00,0.0
2025-04-09 05:00:00,7.5
2025-04-09 06:00:00,98.5
2025-04-09 07:00:00,275.25
2025-04-09 08:00:00,462.88
2025-04-09 09:00:00,610.38
2025-04-09 10:00:00,681.28
2025-04-09 11:00:00,673.8
2025-04-09 12:00:00,620.35
2025-04-09 13:00:00,580.35
2025-04-09 14:00:00,464.35
2025-04-09 15:00:00,369.23
2025-04-09 16:00:00,177.62
2025-04-09 17:00:00,34.42
2025-04-09 18:00:00,0.0
2025-04-09 19:00:00,0.0
2025-04-09 20:00:00,0.0
2025-04-09 21:00:00,0.0
2025-04-09 22:00:00,0.0
2025-04-09 23:00:00,0.0
2025-04-10 00:00:00,0.0
2025-04-10 01:00:00,0.0
2025-04-10 02:00:00,0.0
2025-04-10 03:00:00,0.0
2025-04-10 04:00:00,0.0
2025-04-10 05:00:00,9.65
2025-04-10 06:00:00,128.48
2025-04-10 07:00:00,341.58
2025-04-10 08:00:00,555.9
2025-04-10 09:00:00,722.9
2025-04-10 10:00:00,812.83
2025-04-10 11:00:00,719.3
2025-04-10 12:00:00,652.1
2025-04-10 13:00:00,515.25
2025-04-10 14:00:00,370.4
2025-04-10 15:00:00,244.15
2025-04-10 16:00:00,131.25
2025-04-10 17:00:00,32.85
2025-04-10 18:00:00,0.0
2025-04-10 19:00:00,0.0
2025-04-10 20:00:00,0.0
2025-04-10 21:00:00,0.0
2025-04-10 22:00:00,0.0
2025-04-10 23:00:00,0.0
2025-04-11 00:00:00,0.0
2025-04-11 01:00:00,0.0
2025-04-11 02:00:00,0.0
2025-04-11 03:00:00,0.0
2025-04-11 04:00:00,0.0
2025-04-11 05:00:00,8.52
2025-04-11 06:00:00,93.57
2025-04-11 07:00:00,246.93
2025-04-11 08:00:00,392.85
2025-04-11 09:00:00,560.47
2025-04-11 10:00:00,572.5
2025-04-11 11:00:00,619.35
2025-04-11 12:00:00,401.12
2025-04-11 13:00:00,273.17
2025-04-11 14:00:00,218.8
2025-04-11 15:00:00,173.18
2025-04-11 16:00:00,84.47
2025-04-11 17:00:00,18.7
2025-04-11 18:00:00,0.0
2025-04-11 19:00:00,0.0
2025-04-11 20:00:00,0.0
2025-04-11 21:00:00,0.0
2025-04-11 22:00:00,0.0
2025-04-11 23:00:00,0.0
2025-04-12 00:00:00,0.0
2025-04-12 01:00:00,0.0
2025-04-12 02:00:00,0.0
2025-04-12 03:00:00,0.0
2025-04-12 04:00:00,0.0
2025-04-12 05:00:00,7.75
2025-04-12 06:00:00,100.43
2025-04-12 07:00:00,244.27
2025-04-12 08:00:00,427.1
2025-04-12 09:00:00,472.9
2025-04-12 10:00:00,402.48
2025-04-12 11:00:00,359.88
2025-04-12 12:00:00,372.48
2025-04-12 13:00:00,481.67
2025-04-12 14:00:00,498.9
2025-04-12 15:00:00,397.95
2025-04-12 16:00:00,200.35
2025-04-12 17:00:00,48.17
2025-04-12 18:00:00,0.0
2025-04-12 19:00:00,0.0
2025-04-12 20:00:00,0.0
2025-04-12 21:00:00,0.0
2025-04-12 22:00:00,0.0
2025-04-12 23:00:00,0.0
2025-04-13 00:00:00,0.0
2025-04-13 01:00:00,0.0
2025-04-13 02:00:00,0.0
2025-04-13 03:00:00,0.0
2025-04-13 04:00:00,0.0
2025-04-13 05:00:00,11.52
2025-04-13 06:00:00,128.5
2025-04-13 07:00:00,322.9
2025-04-13 08:00:00,506.27
2025-04-13 09:00:00,640.4
2025-04-13 10:00:00,729.35
2025-04-13 11:00:00,747.58
2025-04-13 12:00:00,698.12
2025-04-13 13:00:00,616.22
2025-04-13 14:00:00,487.45
2025-04-13 15:00:00,365.52
2025-04-13 16:00:00,181.23
2025-04-13 17:00:00,45.95
2025-04-13 18:00:00,0.0
2025-04-13 19:00:00,0.0
2025-04-13 20:00:00,0.0
2025-04-13 21:00:00,0.0
2025-04-13 22:00:00,0.0
2025-04-13 23:00:00,0.0
2025-04-14 00:00:00,0.0
2025-04-14 01:00:00,0.0
2025-04-14 02:00:00,0.0
2025-04-14 03:00:00,0.0
2025-04-14 04:00:00,0.0
2025-04-14 05:00:00,12.7
2025-04-14 06:00:00,144.35
2025-04-14 07:00:00,349.42
2025-04-14 08:00:00,566.62
2025-04-14 09:00:00,725.5
2025-04-14 10:00:00,766.15
2025-04-14 11:00:00,653.78
2025-04-14 12:00:00,387.98
2025-04-14 13:00:00,488.23
2025-04-14 14:00:00,391.2
2025-04-14 15:00:00,134.6
2025-04-14 16:00:00,63.05
2025-04-14 17:00:00,15.6
2025-04-14 18:00:00,0.0
2025-04-14 19:00:00,0.0
2025-04-14 20:00:00,0.0
2025-04-14 21:00:00,0.0
2025-04-14 22:00:00,0.0
2025-04-14 23:00:00,0.0
2025-04-15 00:00:00,0.0
2025-04-15 01:00:00,0.0
2025-04-15 02:00:00,0.0
2025-04-15 03:00:00,0.0
2025-04-15 04:00:00,0.0
2025-04-15 05:00:00,11.7
2025-04-15 06:00:00,118.5
2025-04-15 07:00:00,288.27
2025-04-15 08:00:00,457.33
2025-04-15 09:00:00,443.05
2025-04-15 10:00:00,404.4
2025-04-15 11:00:00,448.08
2025-04-15 12:00:00,471.15
2025-04-15 13:00:00,395.15
2025-04-15 14:00:00,464.88
2025-04-15 15:00:00,346.73
2025-04-15 16:00:00,186.93
2025-04-15 17:00:00,37.03
2025-04-15 18:00:00,0.0
2025-04-15 19:00:00,0.0
2025-04-15 20:00:00,0.0
2025-04-15 21:00:00,0.0
2025-04-15 22:00:00,0.0
2025-04-15 23:00:00,0.0
2025-04-16 00:00:00,0.0
2025-04-16 01:00:00,0.0
2025-04-16 02:00:00,0.0
2025-04-16 03:00:00,0.0
2025-04-16 04:00:00,0.0
2025-04-16 05:00:00,13.3
2025-04-16 06:00:00,125.95
2025-04-16 07:00:00,278.42
2025-04-16 08:00:00,459.92
2025-04-16 09:00:00,616.12
2025-04-16 10:00:00,697.85
2025-04-16 11:00:00,605.72
2025-04-16 12:00:00,400.6
2025-04-16 13:00:00,227.45
2025-04-16 14:00:00,154.5
2025-04-16 15:00:00,132.98
2025-04-16 16:00:00,70.47
2025-04-16 17:00:00,17.42
2025-04-16 18:00:00,0.0
2025-04-16 19:00:00,0.0
2025-04-16 20:00:00,0.0
2025-04-16 21:00:00,0.0
2025-04-16 22:00:00,0.0
2025-04-16 23:00:00,0.0
2025-04-17 00:00:00,0.0
2025-04-17 01:00:00,0.0
2025-04-17 02:00:00,0.0
2025-04-17 03:00:00,0.0
2025-04-17 04:00:00,0.0
2025-04-17 05:00:00,9.27
2025-04-17 06:00:00,77.82
2025-04-17 07:00:00,196.12
2025-04-17 08:00:00,320.33
2025-04-17 09:00:00,462.98
2025-04-17 10:00:00,590.15
2025-04-17 11:00:00,654.0
2025-04-17 12:00:00,601.55
2025-04-17 13:00:00,487.92
2025-04-17 14:00:00,328.62
2025-04-17 15:00:00,226.8
2025-04-17 16:00:00,109.9
2025-04-17 17:00:00,29.05
2025-04-17 18:00:00,0.0
2025-04-17 19:00:00,0.0
2025-04-17 20:00:00,0.0
2025-04-17 21:00:00,0.0
2025-04-17 22:00:00,0.0
2025-04-17 23:00:00,0.0
2025-04-18 00:00:00,0.0
2025-04-18 01:00:00,0.0
2025-04-18 02:00:00,0.0
2025-04-18 03:00:00,0.0
2025-04-18 04:00:00,0.0
2025-04-18 05:00:00,13.38
2025-04-18 06:00:00,114.28
2025-04-18 07:00:00,259.25
2025-04-18 08:00:00,429.3
2025-04-18 09:00:00,561.3
2025-04-18 10:00:00,465.0
2025-04-18 11:00:00,477.12
2025-04-18 12:00:00,413.73
2025-04-18 13:00:00,429.3
2025-04-18 14:00:00,426.55
2025-04-18 15:00:00,353.67
2025-04-18 16:00:00,177.8
2025-04-18 17:00:00,42.67
2025-04-18 18:00:00,0.0
2025-04-18 19:00:00,0.0
2025-04-18 20:00:00,0.0
2025-04-18 21:00:00,0.0
2025-04-18 22:00:00,0.0
2025-04-18 23:00:00,0.0
2025-04-19 00:00:00,0.0
2025-04-19 01:00:00,0.0
2025-04-19 02:00:00,0.0
2025-04-19 03:00:00,0.0
2025-04-19 04:00:00,0.0
2025-04-19 05:00:00,14.15
2025-04-19 06:00:00,135.73
2025-04-19 07:00:00,329.35
2025-04-19 08:00:00,520.97
2025-04-19 09:00:00,630.22
2025-04-19 10:00:00,590.97
2025-04-19 11:00:00,552.3
2025-04-19 12:00:00,521.88
2025-04-19 13:00:00,339.42
2025-04-19 14:00:00,401.12
2025-04-19 15:00:00,270.5
2025-04-19 16:00:00,141.6
2025-04-19 17:00:00,34.75
2025-04-19 18:00:00,0.0
2025-04-19 19:00:00,0.0
2025-04-19 20:00:00,0.0
2025-04-19 21:00:00,0.0
2025-04-19 22:00:00,0.0
2025-04-19 23:00:00,0.0
2025-04-20 00:00:00,0.0
2025-04-20 01:00:00,0.0
2025-04-20 02:00:00,0.0
2025-04-20 03:00:00,0.0
2025-04-20 04:00:00,0.0
2025-04-20 05:00:00,16.23
2025-04-20 06:00:00,133.2
2025-04-20 07:00:00,323.45
2025-04-20 08:00:00,445.1
2025-04-20 09:00:00,395.2
2025-04-20 10:00:00,491.52
2025-04-20 11:00:00,593.15
2025-04-20 12:00:00,538.42
2025-04-20 13:00:00,354.3
2025-04-20 14:00:00,376.33
2025-04-20 15:00:00,293.58
2025-04-20 16:00:00,147.45
2025-04-20 17:00:00,36.17
2025-04-20 18:00:00,0.0
2025-04-20 19:00:00,0.0
2025-04-20 20:00:00,0.0
2025-04-20 21:00:00,0.0
2025-04-20 22:00:00,0.0
2025-04-20 23:00:00,0.0
2025-04-21 00:00:00,0.0
2025-04-21 01:00:00,0.0
2025-04-21 02:00:00,0.0
2025-04-21 03:00:00,0.0
2025-04-21 04:00:00,0.0
2025-04-21 05:00:00,12.0
2025-04-21 06:00:00,97.0
2025-04-21 07:00:00,246.88
2025-04-21 08:00:00,417.5
2025-04-21 09:00:00,621.8
2025-04-21 10:00:00,655.55
2025-04-21 11:00:00,705.0
2025-04-21 12:00:00,619.9
2025-04-21 13:00:00,432.15
2025-04-21 14:00:00,326.73
2025-04-21 15:00:00,261.02
2025-04-21 16:00:00,145.7
2025-04-21 17:00:00,36.67
2025-04-21 18:00:00,0.0
2025-04-21 19:00:00,0.0
2025-04-21 20:00:00,0.0
2025-04-21 21:00:00,0.0
2025-04-21 22:00:00,0.0
2025-04-21 23:00:00,0.0
2025-04-22 00:00:00,0.0
2025-04-22 01:00:00,0.0
2025-04-22 02:00:00,0.0
2025-04-22 03:00:00,0.0
2025-04-22 04:00:00,0.0
2025-04-22 05:00:00,8.18
2025-04-22 06:00:00,64.03
2025-04-22 07:00:00,156.62
2025-04-22 08:00:00,247.57
2025-04-22 09:00:00,310.88
2025-04-22 10:00:00,237.88
2025-04-22 11:00:00,292.75
2025-04-22 12:00:00,243.88
2025-04-22 13:00:00,321.2
2025-04-22 14:00:00,224.07
2025-04-22 15:00:00,144.62
2025-04-22 16:00:00,69.32
2025-04-22 17:00:00,19.62
2025-04-22 18:00:00,0.0
2025-04-22 19:00:00,0.0
2025-04-22 20:00:00,0.0
2025-04-22 21:00:00,0.0
2025-04-22 22:00:00,0.0
2025-04-22 23:00:00,0.0
2025-04-23 00:00:00,0.0
2025-04-23 01:00:00,0.0
2025-04-23 02:00:00,0.0
2025-04-23 03:00:00,0.0
2025-04-23 04:00:00,0.0
2025-04-23 05:00:00,7.03
2025-04-23 06:00:00,60.05
2025-04-23 07:00:00,157.6
2025-04-23 08:00:00,226.4
2025-04-23 09:00:00,261.6
2025-04-23 10:00:00,336.67
2025-04-23 11:00:00,571.33
2025-04-23 12:00:00,676.67
2025-04-23 13:00:00,667.95
2025-04-23 14:00:00,567.3
2025-04-23 15:00:00,378.9
2025-04-23 16:00:00,201.85
2025-04-23 17:00:00,53.4
2025-04-23 18:00:00,0.0
2025-04-23 19:00:00,0.0
2025-04-23 20:00:00,0.0
2025-04-23 21:00:00,0.0
2025-04-23 22:00:00,0.0
2025-04-23 23:00:00,0.0
2025-04-24 00:00:00,0.0
2025-04-24 01:00:00,0.0
2025-04-24 02:00:00,0.0
2025-04-24 03:00:00,0.0
2025-04-24 04:00:00,0.0
2025-04-24 05:00:00,18.73
2025-04-24 06:00:00,148.95
2025-04-24 07:00:00,342.38
2025-04-24 08:00:00,550.03
2025-04-24 09:00:00,704.62
2025-04-24 10:00:00,747.47
2025-04-24 11:00:00,748.28
2025-04-24 12:00:00,767.9
2025-04-24 13:00:00,723.8
2025-04-24 14:00:00,599.6
2025-04-24 15:00:00,421.6
2025-04-24 16:00:00,225.93
2025-04-24 17:00:00,54.15
2025-04-24 18:00:00,0.0
2025-04-24 19:00:00,0.0
2025-04-24 20:00:00,0.0
2025-04-24 21:00:00,0.0
2025-04-24 22:00:00,0.0
2025-04-24 23:00:00,0.0
2025-04-25 00:00:00,0.0
2025-04-25 01:00:00,0.0
2025-04-25 02:00:00,0.0
2025-04-25 03:00:00,0.0
2025-04-25 04:00:00,0.0
2025-04-25 05:00:00,19.33
2025-04-25 06:00:00,151.57
2025-04-25 07:00:00,373.25
2025-04-25 08:00:00,567.4
2025-04-25 09:00:00,721.3
2025-04-25 10:00:00,786.62
2025-04-25 11:00:00,772.83
2025-04-25 12:00:00,690.8
2025-04-25 13:00:00,626.47
2025-04-25 14:00:00,539.8
2025-04-25 15:00:00,332.6
2025-04-25 16:00:00,184.1
2025-04-25 17:00:00,46.88
2025-04-25 18:00:00,0.0
2025-04-25 19:00:00,0.0
2025-04-25 20:00:00,0.0
2025-04-25 21:00:00,0.0
2025-04-25 22:00:00,0.0
2025-04-25 23:00:00,0.0
2025-04-26 00:00:00,0.0
2025-04-26 01:00:00,0.0
2025-04-26 02:00:00,0.0
2025-04-26 03:00:00,0.0
2025-04-26 04:00:00,0.0
2025-04-26 05:00:00,22.52
2025-04-26 06:00:00,172.85
2025-04-26 07:00:00,400.42
2025-04-26 08:00:00,618.7
2025-04-26 09:00:00,799.75
2025-04-26 10:00:00,918.0
2025-04-26 11:00:00,934.67
2025-04-26 12:00:00,900.65
2025-04-26 13:00:00,777.45
2025-04-26 14:00:00,651.38
2025-04-26 15:00:00,464.27
2025-04-26 16:00:00,257.85
2025-04-26 17:00:00,64.72
2025-04-26 18:00:00,0.0
2025-04-26 19:00:00,0.0
2025-04-26 20:00:00,0.0
2025-04-26 21:00:00,0.0
2025-04-26 22:00:00,0.0
2025-04-26 23:00:00,0.0
2025-04-27 00:00:00,0.0
2025-04-27 01:00:00,0.0
2025-04-27 02:00:00,0.0
2025-04-27 03:00:00,0.0
2025-04-27 04:00:00,0.0
2025-04-27 05:00:00,6.7
2025-04-27 06:00:00,49.62
2025-04-27 07:00:00,110.7
2025-04-27 08:00:00,385.58
2025-04-27 09:00:00,590.88
2025-04-27 10:00:00,699.78
2025-04-27 11:00:00,686.78
2025-04-27 12:00:00,846.35
2025-04-27 13:00:00,701.55
2025-04-27 14:00:00,498.17
2025-04-27 15:00:00,338.15
2025-04-27 16:00:00,176.02
2025-04-27 17:00:00,46.75
2025-04-27 18:00:00,0.0
2025-04-27 19:00:00,0.0
2025-04-27 20:00:00,0.0
2025-04-27 21:00:00,0.0
2025-04-27 22:00:00,0.0
2025-04-27 23:00:00,0.0
2025-04-28 00:00:00,0.0
2025-04-28 01:00:00,0.0
2025-04-28 02:00:00,0.0
2025-04-28 03:00:00,0.0
2025-04-28 04:00:00,0.0
2025-04-28 05:00:00,16.27
2025-04-28 06:00:00,109.68
2025-04-28 07:00:00,239.38
2025-04-28 08:00:00,238.02
2025-04-28 09:00:00,168.73
2025-04-28 10:00:00,192.7
2025-04-28 11:00:00,88.15
2025-04-28 12:00:00,82.5
2025-04-28 13:00:00,62.17
2025-04-28 14:00:00,66.12
2025-04-28 15:00:00,87.65
2025-04-28 16:00:00,53.53
2025-04-28 17:00:00,17.88
2025-04-28 18:00:00,0.0
2025-04-28 19:00:00,0.0
2025-04-28 20:00:00,0.0
2025-04-28 21:00:00,0.0
2025-04-28 22:00:00,0.0
2025-04-28 23:00:00,0.0
2025-04-29 00:00:00,0.0
2025-04-29 01:00:00,0.0
2025-04-29 02:00:00,0.0
2025-04-29 03:00:00,0.0
2025-04-29 04:00:00,0.0
2025-04-29 05:00:00,20.67
2025-04-29 06:00:00,132.88
2025-04-29 07:00:00,311.3
2025-04-29 08:00:00,464.55
2025-04-29 09:00:00,481.88
2025-04-29 10:00:00,425.98
2025-04-29 11:00:00,249.57
2025-04-29 12:00:00,262.92
2025-04-29 13:00:00,110.0
2025-04-29 14:00:00,103.8
2025-04-29 15:00:00,178.62
2025-04-29 16:00:00,104.68
2025-04-29 17:00:00,31.58
2025-04-29 18:00:00,0.0
2025-04-29 19:00:00,0.0
2025-04-29 20:00:00,0.0
2025-04-29 21:00:00,0.0
2025-04-29 22:00:00,0.0
2025-04-29 23:00:00,0.0
2025-04-30 00:00:00,-999.0
2025-04-30 01:00:00,-999.0
2025-04-30 02:00:00,-999.0
2025-04-30 03:00:00,-999.0
2025-04-30 04:00:00,-999.0
2025-04-30 05:00:00,-999.0
2025-04-30 06:00:00,-999.0
2025-04-30 07:00:00,-999.0
2025-04-30 08:00:00,-999.0
2025-04-30 09:00:00,-999.0
2025-04-30 10:00:00,-999.0
2025-04-30 11:00:00,-999.0
2025-04-30 12:00:00,-999.0
2025-04-30 13:00:00,-999.0
2025-04-30 14:00:00,-999.0
2025-04-30 15:00:00,-999.0
2025-04-30 16:00:00,-999.0
2025-04-30 17:00:00,-999.0
2025-04-30 18:00:00,-999.0
2025-04-30 19:00:00,-999.0
2025-04-30 20:00:00,-999.0
2025-04-30 21:00:00,-999.0
2025-04-30 22:00:00,-999.0
2025-04-30 23:00:00,-999.0
2025-05-01 00:00:00,-999.0
2025-05-01 01:00:00,-999.0
2025-05-01 02:00:00,-999.0
2025-05-01 03:00:00,-999.0
2025-05-01 04:00:00,-999.0
2025-05-01 05:00:00,-999.0
2025-05-01 06:00:00,-999.0
2025-05-01 07:00:00,-999.0
2025-05-01 08:00:00,-999.0
2025-05-01 09:00:00,-999.0
2025-05-01 10:00:00,-999.0
2025-05-01 11:00:00,-999.0
2025-05-01 12:00:00,-999.0
2025-05-01 13:00:00,-999.0
2025-05-01 14:00:00,-999.0
2025-05-01 15:00:00,-999.0
2025-05-01 16:00:00,-999.0
2025-05-01 17:00:00,-999.0
2025-05-01 18:00:00,-999.0
2025-05-01 19:00:00,-999.0
2025-05-01 20:00:00,-999.0
2025-05-01 21:00:00,-999.0
2025-05-01 22:00:00,-999.0
2025-05-01 23:00:00,-999.0
2025-05-02 00:00:00,-999.0
2025-05-02 01:00:00,-999.0
2025-05-02 02:00:00,-999.0
2025-05-02 03:00:00,-999.0
2025-05-02 04:00:00,-999.0
2025-05-02 05:00:00,-999.0
2025-05-02 06:00:00,-999.0
2025-05-02 07:00:00,-999.0
2025-05-02 08:00:00,-999.0
2025-05-02 09:00:00,-999.0
2025-05-02 10:00:00,-999.0
2025-05-02 11:00:00,-999.0
2025-05-02 12:00:00,-999.0
2025-05-02 13:00:00,-999.0
2025-05-02 14:00:00,-999.0
2025-05-02 15:00:00,-999.0
2025-05-02 16:00:00,-999.0
2025-05-02 17:00:00,-999.0
2025-05-02 18:00:00,-999.0
2025-05-02 19:00:00,-999.0
2025-05-02 20:00:00,-999.0
2025-05-02 21:00:00,-999.0
2025-05-02 22:00:00,-999.0
2025-05-02 23:00:00,-999.0
2025-05-03 00:00:00,-999.0
2025-05-03 01:00:00,-999.0
2025-05-03 02:00:00,-999.0
2025-05-03 03:00:00,-999.0
2025-05-03 04:00:00,-999.0
2025-05-03 05:00:00,-999.0
2025-05-03 06:00:00,-999.0
2025-05-03 07:00:00,-999.0
2025-05-03 08:00:00,-999.0
2025-05-03 09:00:00,-999.0
2025-05-03 10:00:00,-999.0
2025-05-03 11:00:00,-999.0
2025-05-03 12:00:00,-999.0
2025-05-03 13:00:00,-999.0
2025-05-03 14:00:00,-999.0
2025-05-03 15:00:00,-999.0
2025-05-03 16:00:00,-999.0
2025-05-03 17:00:00,-999.0
2025-05-03 18:00:00,-999.0
2025-05-03 19:00:00,-999.0
2025-05-03 20:00:00,-999.0
2025-05-03 21:00:00,-999.0
2025-05-03 22:00:00,-999.0
2025-05-03 23:00:00,-999.0
2025-05-04 00:00:00,-999.0
2025-05-04 01:00:00,-999.0
2025-05-04 02:00:00,-999.0
2025-05-04 03:00:00,-999.0
2025-05-04 04:00:00,-999.0
2025-05-04 05:00:00,-999.0
2025-05-04 06:00:00,-999.0
2025-05-04 07:00:00,-999.0
2025-05-04 08:00:00,-999.0
2025-05-04 09:00:00,-999.0
2025-05-04 10:00:00,-999.0
2025-05-04 11:00:00,-999.0
2025-05-04 12:00:00,-999.0
2025-05-04 13:00:00,-999.0
2025-05-04 14:00:00,-999.0
2025-05-04 15:00:00,-999.0
2025-05-04 16:00:00,-999.0
2025-05-04 17:00:00,-999.0
2025-05-04 18:00:00,-999.0
2025-05-04 19:00:00,-999.0
2025-05-04 20:00:00,-999.0
2025-05-04 21:00:00,-999.0
2025-05-04 22:00:00,-999.0
2025-05-04 23:00:00,-999.0
2025-05-05 00:00:00,-999.0
2025-05-05 01:00:00,-999.0
2025-05-05 02:00:00,-999.0
2025-05-05 03:00:00,-999.0
2025-05-05 04:00:00,-999.0
2025-05-05 05:00:00,-999.0
2025-05-05 06:00:00,-999.0
2025-05-05 07:00:00,-999.0
2025-05-05 08:00:00,-999.0
2025-05-05 09:00:00,-999.0
2025-05-05 10:00:00,-999.0
2025-05-05 11:00:00,-999.0
2025-05-05 12:00:00,-999.0
2025-05-05 13:00:00,-999.0
2025-05-05 14:00:00,-999.0
2025-05-05 15:00:00,-999.0
2025-05-05 16:00:00,-999.0
2025-05-05 17:00:00,-999.0
2025-05-05 18:00:00,-999.0
2025-05-05 19:00:00,-999.0
2025-05-05 20:00:00,-999.0
2025-05-05 21:00:00,-999.0
2025-05-05 22:00:00,-999.0
2025-05-05 23:00:00,-999.0
2025-05-06 00:00:00,-999.0
2025-05-06 01:00:00,-999.0
2025-05-06 02:00:00,-999.0
2025-05-06 03:00:00,-999.0
2025-05-06 04:00:00,-999.0
2025-05-06 05:00:00,-999.0
2025-05-06 06:00:00,-999.0
2025-05-06 07:00:00,-999.0
2025-05-06 08:00:00,-999.0
2025-05-06 09:00:00,-999.0
2025-05-06 10:00:00,-999.0
2025-05-06 11:00:00,-999.0
2025-05-06 12:00:00,-999.0
2025-05-06 13:00:00,-999.0
2025-05-06 14:00:00,-999.0
2025-05-06 15:00:00,-999.0
2025-05-06 16:00:00,-999.0
2025-05-06 17:00:00,-999.0
2025-05-06 18:00:00,-999.0
2025-05-06 19:00:00,-999.0
2025-05-06 20:00:00,-999.0
2025-05-06 21:00:00,-999.0
2025-05-06 22:00:00,-999.0
2025-05-06 23:00:00,-999.0
2025-05-07 00:00:00,-999.0
2025-05-07 01:00:00,-999.0
2025-05-07 02:00:00,-999.0
2025-05-07 03:00:00,-999.0
2025-05-07 04:00:00,-999.0
2025-05-07 05:00:00,-999.0
2025-05-07 06:00:00,-999.0
2025-05-07 07:00:00,-999.0
2025-05-07 08:00:00,-999.0
2025-05-07 09:00:00,-999.0
2025-05-07 10:00:00,-999.0
2025-05-07 11:00:00,-999.0
2025-05-07 12:00:00,-999.0
2025-05-07 13:00:00,-999.0
2025-05-07 14:00:00,-999.0
2025-05-07 15:00:00,-999.0
2025-05-07 16:00:00,-999.0
2025-05-07 17:00:00,-999.0
2025-05-07 18:00:00,-999.0
2025-05-07 19:00:00,-999.0
2025-05-07 20:00:00,-999.0
2025-05-07 21:00:00,-999.0
2025-05-07 22:00:00,-999.0
2025-05-07 23:00:00,-999.0
2025-05-08 00:00:00,-999.0
2025-05-08 01:00:00,-999.0
2025-05-08 02:00:00,-999.0
2025-05-08 03:00:00,-999.0
2025-05-08 04:00:00,-999.0
2025-05-08 05:00:00,-999.0
2025-05-08 06:00:00,-999.0
2025-05-08 07:00:00,-999.0
2025-05-08 08:00:00,-999.0
2025-05-08 09:00:00,-999.0
2025-05-08 10:00:00,-999.0
2025-05-08 11:00:00,-999.0
2025-05-08 12:00:00,-999.0
2025-05-08 13:00:00,-999.0
2025-05-08 14:00:00,-999.0
2025-05-08 15:00:00,-999.0
2025-05-08 16:00:00,-999.0
2025-05-08 17:00:00,-999.0
2025-05-08 18:00:00,-999.0
2025-05-08 19:00:00,-999.0
2025-05-08 20:00:00,-999.0
2025-05-08 21:00:00,-999.0
2025-05-08 22:00:00,-999.0
2025-05-08 23:00:00,-999.0
2025-05-09 00:00:00,-999.0
2025-05-09 01:00:00,-999.0
2025-05-09 02:00:00,-999.0
2025-05-09 03:00:00,-999.0
2025-05-09 04:00:00,-999.0
2025-05-09 05:00:00,-999.0
2025-05-09 06:00:00,-999.0
2025-05-09 07:00:00,-999.0
2025-05-09 08:00:00,-999.0
2025-05-09 09:00:00,-999.0
2025-05-09 10:00:00,-999.0
2025-05-09 11:00:00,-999.0
2025-05-09 12:00:00,-999.0
2025-05-09 13:00:00,-999.0
2025-05-09 14:00:00,-999.0
2025-05-09 15:00:00,-999.0
2025-05-09 16:00:00,-999.0
2025-05-09 17:00:00,-999.0
2025-05-09 18:00:00,-999.0
2025-05-09 19:00:00,-999.0
2025-05-09 20:00:00,-999.0
2025-05-09 21:00:00,-999.0
2025-05-09 22:00:00,-999.0
2025-05-09 23:00:00,-999.0
2025-05-10 00:00:00,-999.0
2025-05-10 01:00:00,-999.0
2025-05-10 02:00:00,-999.0
2025-05-10 03:00:00,-999.0
2025-05-10 04:00:00,-999.0
2025-05-10 05:00:00,-999.0
2025-05-10 06:00:00,-999.0
2025-05-10 07:00:00,-999.0
2025-05-10 08:00:00,-999.0
2025-05-10 09:00:00,-999.0
2025-05-10 10:00:00,-999.0
2025-05-10 11:00:00,-999.0
2025-05-10 12:00:00,-999.0
2025-05-10 13:00:00,-999.0
2025-05-10 14:00:00,-999.0
2025-05-10 15:00:00,-999.0
2025-05-10 16:00:00,-999.0
2025-05-10 17:00:00,-999.0
2025-05-10 18:00:00,-999.0
2025-05-10 19:00:00,-999.0
2025-05-10 20:00:00,-999.0
2025-05-10 21:00:00,-999.0
2025-05-10 22:00:00,-999.0
2025-05-10 23:00:00,-999.0
2025-05-11 00:00:00,-999.0
2025-05-11 01:00:00,-999.0
2025-05-11 02:00:00,-999.0
2025-05-11 03:00:00,-999.0
2025-05-11 04:00:00,-999.0
2025-05-11 05:00:00,-999.0
2025-05-11 06:00:00,-999.0
2025-05-11 07:00:00,-999.0
2025-05-11 08:00:00,-999.0
2025-05-11 09:00:00,-999.0
2025-05-11 10:00:00,-999.0
2025-05-11 11:00:00,-999.0
2025-05-11 12:00:00,-999.0
2025-05-11 13:00:00,-999.0
2025-05-11 14:00:00,-999.0
2025-05-11 15:00:00,-999.0
2025-05-11 16:00:00,-999.0
2025-05-11 17:00:00,-999.0
2025-05-11 18:00:00,-999.0
2025-05-11 19:00:00,-999.0
2025-05-11 20:00:00,-999.0
2025-05-11 21:00:00,-999.0
2025-05-11 22:00:00,-999.0
2025-05-11 23:00:00,-999.0
2025-05-12 00:00:00,-999.0
2025-05-12 01:00:00,-999.0
2025-05-12 02:00:00,-999.0
2025-05-12 03:00:00,-999.0
2025-05-12 04:00:00,-999.0
2025-05-12 05:00:00,-999.0
2025-05-12 06:00:00,-999.0
2025-05-12 07:00:00,-999.0
2025-05-12 08:00:00,-999.0
2025-05-12 09:00:00,-999.0
2025-05-12 10:00:00,-999.0
2025-05-12 11:00:00,-999.0
2025-05-12 12:00:00,-999.0
2025-05-12 13:00:00,-999.0
2025-05-12 14:00:00,-999.0
2025-05-12 15:00:00,-999.0
2025-05-12 16:00:00,-999.0
2025-05-12 17:00:00,-999.0
2025-05-12 18:00:00,-999.0
2025-05-12 19:00:00,-999.0
2025-05-12 20:00:00,-999.0
2025-05-12 21:00:00,-999.0
2025-05-12 22:00:00,-999.0
2025-05-12 23:00:00,-999.0
2025-05-13 00:00:00,-999.0
2025-05-13 01:00:00,-999.0
2025-05-13 02:00:00,-999.0
2025-05-13 03:00:00,-999.0
2025-05-13 04:00:00,-999.0
2025-05-13 05:00:00,-999.0
2025-05-13 06:00:00,-999.0
2025-05-13 07:00:00,-999.0
2025-05-13 08:00:00,-999.0
2025-05-13 09:00:00,-999.0
2025-05-13 10:00:00,-999.0
2025-05-13 11:00:00,-999.0
2025-05-13 12:00:00,-999.0
2025-05-13 13:00:00,-999.0
2025-05-13 14:00:00,-999.0
2025-05-13 15:00:00,-999.0
2025-05-13 16:00:00,-999.0
2025-05-13 17:00:00,-999.0
2025-05-13 18:00:00,-999.0
2025-05-13 19:00:00,-999.0
2025-05-13 20:00:00,-999.0
2025-05-13 21:00:00,-999.0
2025-05-13 22:00:00,-999.0
2025-05-13 23:00:00,-999.0
2025-05-14 00:00:00,-999.0
2025-05-14 01:00:00,-999.0
2025-05-14 02:00:00,-999.0
2025-05-14 03:00:00,-999.0
2025-05-14 04:00:00,-999.0
2025-05-14 05:00:00,-999.0
2025-05-14 06:00:00,-999.0
2025-05-14 07:00:00,-999.0
2025-05-14 08:00:00,-999.0
2025-05-14 09:00:00,-999.0
2025-05-14 10:00:00,-999.0
2025-05-14 11:00:00,-999.0
2025-05-14 12:00:00,-999.0
2025-05-14 13:00:00,-999.0
2025-05-14 14:00:00,-999.0
2025-05-14 15:00:00,-999.0
2025-05-14 16:00:00,-999.0
2025-05-14 17:00:00,-999.0
2025-05-14 18:00:00,-999.0
2025-05-14 19:00:00,-999.0
2025-05-14 20:00:00,-999.0
2025-05-14 21:00:00,-999.0
2025-05-14 22:00:00,-999.0
2025-05-14 23:00:00,-999.0
2025-05-15 00:00:00,-999.0
2025-05-15 01:00:00,-999.0
2025-05-15 02:00:00,-999.0
2025-05-15 03:00:00,-999.0
2025-05-15 04:00:00,-999.0
2025-05-15 05:00:00,-999.0
2025-05-15 06:00:00,-999.0
2025-05-15 07:00:00,-999.0
2025-05-15 08:00:00,-999.0
2025-05-15 09:00:00,-999.0
2025-05-15 10:00:00,-999.0
2025-05-15 11:00:00,-999.0
2025-05-15 12:00:00,-999.0
2025-05-15 13:00:00,-999.0
2025-05-15 14:00:00,-999.0
2025-05-15 15:00:00,-999.0
2025-05-15 16:00:00,-999.0
2025-05-15 17:00:00,-999.0
2025-05-15 18:00:00,-999.0
2025-05-15 19:00:00,-999.0
2025-05-15 20:00:00,-999.0
2025-05-15 21:00:00,-999.0
2025-05-15 22:00:00,-999.0
2025-05-15 23:00:00,-999.0
2025-05-16 00:00:00,-999.0
2025-05-16 01:00:00,-999.0
2025-05-16 02:00:00,-999.0
2025-05-16 03:00:00,-999.0
2025-05-16 04:00:00,-999.0
2025-05-16 05:00:00,-999.0
2025-05-16 06:00:00,-999.0
2025-05-16 07:00:00,-999.0
2025-05-16 08:00:00,-999.0
2025-05-16 09:00:00,-999.0
2025-05-16 10:00:00,-999.0
2025-05-16 11:00:00,-999.0
2025-05-16 12:00:00,-999.0
2025-05-16 13:00:00,-999.0
2025-05-16 14:00:00,-999.0
2025-05-16 15:00:00,-999.0
2025-05-16 16:00:00,-999.0
2025-05-16 17:00:00,-999.0
2025-05-16 18:00:00,-999.0
2025-05-16 19:00:00,-999.0
2025-05-16 20:00:00,-999.0
2025-05-16 21:00:00,-999.0
2025-05-16 22:00:00,-999.0
2025-05-16 23:00:00,-999.0
2025-05-17 00:00:00,-999.0
2025-05-17 01:00:00,-999.0
2025-05-17 02:00:00,-999.0
2025-05-17 03:00:00,-999.0
2025-05-17 04:00:00,-999.0
2025-05-17 05:00:00,-999.0
2025-05-17 06:00:00,-999.0
2025-05-17 07:00:00,-999.0
2025-05-17 08:00:00,-999.0
2025-05-17 09:00:00,-999.0
2025-05-17 10:00:00,-999.0
2025-05-17 11:00:00,-999.0
2025-05-17 12:00:00,-999.0
2025-05-17 13:00:00,-999.0
2025-05-17 14:00:00,-999.0
2025-05-17 15:00:00,-999.0
2025-05-17 16:00:00,-999.0
2025-05-17 17:00:00,-999.0
2025-05-17 18:00:00,-999.0
2025-05-17 19:00:00,-999.0
2025-05-17 20:00:00,-999.0
2025-05-17 21:00:00,-999.0
2025-05-17 22:00:00,-999.0
2025-05-17 23:00:00,-999.0
2025-05-18 00:00:00,-999.0
2025-05-18 01:00:00,-999.0
2025-05-18 02:00:00,-999.0
2025-05-18 03:00:00,-999.0
2025-05-18 04:00:00,-999.0
2025-05-18 05:00:00,-999.0
2025-05-18 06:00:00,-999.0
2025-05-18 07:00:00,-999.0
2025-05-18 08:00:00,-999.0
2025-05-18 09:00:00,-999.0
2025-05-18 10:00:00,-999.0
2025-05-18 11:00:00,-999.0
2025-05-18 12:00:00,-999.0
2025-05-18 13:00:00,-999.0
2025-05-18 14:00:00,-999.0
2025-05-18 15:00:00,-999.0
2025-05-18 16:00:00,-999.0
2025-05-18 17:00:00,-999.0
2025-05-18 18:00:00,-999.0
2025-05-18 19:00:00,-999.0
2025-05-18 20:00:00,-999.0
2025-05-18 21:00:00,-999.0
2025-05-18 22:00:00,-999.0
2025-05-18 23:00:00,-999.0
2025-05-19 00:00:00,-999.0
2025-05-19 01:00:00,-999.0
2025-05-19 02:00:00,-999.0
2025-05-19 03:00:00,-999.0
2025-05-19 04:00:00,-999.0
2025-05-19 05:00:00,-999.0
2025-05-19 06:00:00,-999.0
2025-05-19 07:00:00,-999.0
2025-05-19 08:00:00,-999.0
2025-05-19 09:00:00,-999.0
2025-05-19 10:00:00,-999.0
2025-05-19 11:00:00,-999.0
2025-05-19 12:00:00,-999.0
2025-05-19 13:00:00,-999.0
2025-05-19 14:00:00,-999.0
2025-05-19 15:00:00,-999.0
2025-05-19 16:00:00,-999.0
2025-05-19 17:00:00,-999.0
2025-05-19 18:00:00,-999.0
2025-05-19 19:00:00,-999.0
2025-05-19 20:00:00,-999.0
2025-05-19 21:00:00,-999.0
2025-05-19 22:00:00,-999.0
2025-05-19 23:00:00,-999.0
2025-05-20 00:00:00,-999.0
2025-05-20 01:00:00,-999.0
2025-05-20 02:00:00,-999.0
2025-05-20 03:00:00,-999.0
2025-05-20 04:00:00,-999.0
2025-05-20 05:00:00,-999.0
2025-05-20 06:00:00,-999.0
2025-05-20 07:00:00,-999.0
2025-05-20 08:00:00,-999.0
2025-05-20 09:00:00,-999.0
2025-05-20 10:00:00,-999.0
2025-05-20 11:00:00,-999.0
2025-05-20 12:00:00,-999.0
2025-05-20 13:00:00,-999.0
2025-05-20 14:00:00,-999.0
2025-05-20 15:00:00,-999.0
2025-05-20 16:00:00,-999.0
2025-05-20 17:00:00,-999.0
2025-05-20 18:00:00,-999.0
2025-05-20 19:00:00,-999.0
2025-05-20 20:00:00,-999.0
2025-05-20 21:00:00,-999.0
2025-05-20 22:00:00,-999.0
2025-05-20 23:00:00,-999.0
2025-05-21 00:00:00,-999.0
2025-05-21 01:00:00,-999.0
2025-05-21 02:00:00,-999.0
2025-05-21 03:00:00,-999.0
2025-05-21 04:00:00,-999.0
2025-05-21 05:00:00,-999.0
2025-05-21 06:00:00,-999.0
2025-05-21 07:00:00,-999.0
2025-05-21 08:00:00,-999.0
2025-05-21 09:00:00,-999.0
2025-05-21 10:00:00,-999.0
2025-05-21 11:00:00,-999.0
2025-05-21 12:00:00,-999.0
2025-05-21 13:00:00,-999.0
2025-05-21 14:00:00,-999.0
2025-05-21 15:00:00,-999.0
2025-05-21 16:00:00,-999.0
2025-05-21 17:00:00,-999.0
2025-05-21 18:00:00,-999.0
2025-05-21 19:00:00,-999.0
2025-05-21 20:00:00,-999.0
2025-05-21 21:00:00,-999.0
2025-05-21 22:00:00,-999.0
2025-05-21 23:00:00,-999.0
2025-05-22 00:00:00,-999.0
2025-05-22 01:00:00,-999.0
2025-05-22 02:00:00,-999.0
2025-05-22 03:00:00,-999.0
2025-05-22 04:00:00,-999.0
2025-05-22 05:00:00,-999.0
2025-05-22 06:00:00,-999.0
2025-05-22 07:00:00,-999.0
2025-05-22 08:00:00,-999.0
2025-05-22 09:00:00,-999.0
2025-05-22 10:00:00,-999.0
2025-05-22 11:00:00,-999.0
2025-05-22 12:00:00,-999.0
2025-05-22 13:00:00,-999.0
2025-05-22 14:00:00,-999.0
2025-05-22 15:00:00,-999.0
2025-05-22 16:00:00,-999.0
2025-05-22 17:00:00,-999.0
2025-05-22 18:00:00,-999.0
2025-05-22 19:00:00,-999.0
2025-05-22 20:00:00,-999.0
2025-05-22 21:00:00,-999.0
2025-05-22 22:00:00,-999.0
2025-05-22 23:00:00,-999.0
2025-05-23 00:00:00,-999.0
2025-05-23 01:00:00,-999.0
2025-05-23 02:00:00,-999.0
2025-05-23 03:00:00,-999.0
2025-05-23 04:00:00,-999.0
2025-05-23 05:00:00,-999.0
2025-05-23 06:00:00,-999.0
2025-05-23 07:00:00,-999.0
2025-05-23 08:00:00,-999.0
2025-05-23 09:00:00,-999.0
2025-05-23 10:00:00,-999.0
2025-05-23 11:00:00,-999.0
2025-05-23 12:00:00,-999.0
2025-05-23 13:00:00,-999.0
2025-05-23 14:00:00,-999.0
2025-05-23 15:00:00,-999.0
2025-05-23 16:00:00,-999.0
2025-05-23 17:00:00,-999.0
2025-05-23 18:00:00,-999.0
2025-05-23 19:00:00,-999.0
2025-05-23 20:00:00,-999.0
2025-05-23 21:00:00,-999.0
2025-05-23 22:00:00,-999.0
2025-05-23 23:00:00,-999.0
2025-05-24 00:00:00,-999.0
2025-05-24 01:00:00,-999.0
2025-05-24 02:00:00,-999.0
2025-05-24 03:00:00,-999.0
2025-05-24 04:00:00,-999.0
2025-05-24 05:00:00,-999.0
2025-05-24 06:00:00,-999.0
2025-05-24 07:00:00,-999.0
2025-05-24 08:00:00,-999.0
2025-05-24 09:00:00,-999.0
2025-05-24 10:00:00,-999.0
2025-05-24 11:00:00,-999.0
2025-05-24 12:00:00,-999.0
2025-05-24 13:00:00,-999.0
2025-05-24 14:00:00,-999.0
2025-05-24 15:00:00,-999.0
2025-05-24 16:00:00,-999.0
2025-05-24 17:00:00,-999.0
2025-05-24 18:00:00,-999.0
2025-05-24 19:00:00,-999.0
2025-05-24 20:00:00,-999.0
2025-05-24 21:00:00,-999.0
2025-05-24 22:00:00,-999.0
2025-05-24 23:00:00,-999.0
2025-05-25 00:00:00,-999.0
2025-05-25 01:00:00,-999.0
2025-05-25 02:00:00,-999.0
2025-05-25 03:00:00,-999.0
2025-05-25 04:00:00,-999.0
2025-05-25 05:00:00,-999.0
2025-05-25 06:00:00,-999.0
2025-05-25 07:00:00,-999.0
2025-05-25 08:00:00,-999.0
2025-05-25 09:00:00,-999.0
2025-05-25 10:00:00,-999.0
2025-05-25 11:00:00,-999.0
2025-05-25 12:00:00,-999.0
2025-05-25 13:00:00,-999.0
2025-05-25 14:00:00,-999.0
2025-05-25 15:00:00,-999.0
2025-05-25 16:00:00,-999.0
2025-05-25 17:00:00,-999.0
2025-05-25 18:00:00,-999.0
2025-05-25 19:00:00,-999.0
2025-05-25 20:00:00,-999.0
2025-05-25 21:00:00,-999.0
2025-05-25 22:00:00,-999.0
2025-05-25 23:00:00,-999.0
2025-05-26 00:00:00,-999.0
2025-05-26 01:00:00,-999.0
2025-05-26 02:00:00,-999.0
2025-05-26 03:00:00,-999.0
2025-05-26 04:00:00,-999.0
2025-05-26 05:00:00,-999.0
2025-05-26 06:00:00,-999.0
2025-05-26 07:00:00,-999.0
2025-05-26 08:00:00,-999.0
2025-05-26 09:00:00,-999.0
2025-05-26 10:00:00,-999.0
2025-05-26 11:00:00,-999.0
2025-05-26 12:00:00,-999.0
2025-05-26 13:00:00,-999.0
2025-05-26 14:00:00,-999.0
2025-05-26 15:00:00,-999.0
2025-05-26 16:00:00,-999.0
2025-05-26 17:00:00,-999.0
2025-05-26 18:00:00,-999.0
2025-05-26 19:00:00,-999.0
2025-05-26 20:00:00,-999.0
2025-05-26 21:00:00,-999.0
2025-05-26 22:00:00,-999.0
2025-05-26 23:00:00,-999.0
2025-05-27 00:00:00,-999.0
2025-05-27 01:00:00,-999.0
2025-05-27 02:00:00,-999.0
2025-05-27 03:00:00,-999.0
2025-05-27 04:00:00,-999.0
2025-05-27 05:00:00,-999.0
2025-05-27 06:00:00,-999.0
2025-05-27 07:00:00,-999.0
2025-05-27 08:00:00,-999.0
2025-05-27 09:00:00,-999.0
2025-05-27 10:00:00,-999.0
2025-05-27 11:00:00,-999.0
2025-05-27 12:00:00,-999.0
2025-05-27 13:00:00,-999.0
2025-05-27 14:00:00,-999.0
2025-05-27 15:00:00,-999.0
2025-05-27 16:00:00,-999.0
2025-05-27 17:00:00,-999.0
2025-05-27 18:00:00,-999.0
2025-05-27 19:00:00,-999.0
2025-05-27 20:00:00,-999.0
2025-05-27 21:00:00,-999.0
2025-05-27 22:00:00,-999.0
2025-05-27 23:00:00,-999.0
2025-05-28 00:00:00,-999.0
2025-05-28 01:00:00,-999.0
2025-05-28 02:00:00,-999.0
2025-05-28 03:00:00,-999.0
2025-05-28 04:00:00,-999.0
2025-05-28 05:00:00,-999.0
2025-05-28 06:00:00,-999.0
2025-05-28 07:00:00,-999.0
2025-05-28 08:00:00,-999.0
2025-05-28 09:00:00,-999.0
2025-05-28 10:00:00,-999.0
2025-05-28 11:00:00,-999.0
2025-05-28 12:00:00,-999.0
2025-05-28 13:00:00,-999.0
2025-05-28 14:00:00,-999.0
2025-05-28 15:00:00,-999.0
2025-05-28 16:00:00,-999.0
2025-05-28 17:00:00,-999.0
2025-05-28 18:00:00,-999.0
2025-05-28 19:00:00,-999.0
2025-05-28 20:00:00,-999.0
2025-05-28 21:00:00,-999.0
2025-05-28 22:00:00,-999.0
2025-05-28 23:00:00,-999.0
2025-05-29 00:00:00,-999.0
2025-05-29 01:00:00,-999.0
2025-05-29 02:00:00,-999.0
2025-05-29 03:00:00,-999.0
2025-05-29 04:00:00,-999.0
2025-05-29 05:00:00,-999.0
2025-05-29 06:00:00,-999.0
2025-05-29 07:00:00,-999.0
2025-05-29 08:00:00,-999.0
2025-05-29 09:00:00,-999.0
2025-05-29 10:00:00,-999.0
2025-05-29 11:00:00,-999.0
2025-05-29 12:00:00,-999.0
2025-05-29 13:00:00,-999.0
2025-05-29 14:00:00,-999.0
2025-05-29 15:00:00,-999.0
2025-05-29 16:00:00,-999.0
2025-05-29 17:00:00,-999.0
2025-05-29 18:00:00,-999.0
2025-05-29 19:00:00,-999.0
2025-05-29 20:00:00,-999.0
2025-05-29 21:00:00,-999.0
2025-05-29 22:00:00,-999.0
2025-05-29 23:00:00,-999.0
2025-05-30 00:00:00,-999.0
2025-05-30 01:00:00,-999.0
2025-05-30 02:00:00,-999.0
2025-05-30 03:00:00,-999.0
2025-05-30 04:00:00,-999.0
2025-05-30 05:00:00,-999.0
2025-05-30 06:00:00,-999.0
2025-05-30 07:00:00,-999.0
2025-05-30 08:00:00,-999.0
2025-05-30 09:00:00,-999.0
2025-05-30 10:00:00,-999.0
2025-05-30 11:00:00,-999.0
2025-05-30 12:00:00,-999.0
2025-05-30 13:00:00,-999.0
2025-05-30 14:00:00,-999.0
2025-05-30 15:00:00,-999.0
2025-05-30 16:00:00,-999.0
2025-05-30 17:00:00,-999.0
2025-05-30 18:00:00,-999.0
2025-05-30 19:00:00,-999.0
2025-05-30 20:00:00,-999.0
2025-05-30 21:00:00,-999.0
2025-05-30 22:00:00,-999.0
2025-05-30 23:00:00,-999.0
2025-05-31 00:00:00,-999.0
2025-05-31 01:00:00,-999.0
2025-05-31 02:00:00,-999.0
2025-05-31 03:00:00,-999.0
2025-05-31 04:00:00,-999.0
2025-05-31 05:00:00,-999.0
2025-05-31 06:00:00,-999.0
2025-05-31 07:00:00,-999.0
2025-05-31 08:00:00,-999.0
2025-05-31 09:00:00,-999.0
2025-05-31 10:00:00,-999.0
2025-05-31 11:00:00,-999.0
2025-05-31 12:00:00,-999.0
2025-05-31 13:00:00,-999.0
2025-05-31 14:00:00,-999.0
2025-05-31 15:00:00,-999.0
2025-05-31 16:00:00,-999.0
2025-05-31 17:00:00,-999.0
2025-05-31 18:00:00,-999.0
2025-05-31 19:00:00,-999.0
2025-05-31 20:00:00,-999.0
2025-05-31 21:00:00,-999.0
2025-05-31 22:00:00,-999.0
2025-05-31 23:00:00,-999.0
2025-06-01 00:00:00,-999.0
2025-06-01 01:00:00,-999.0
2025-06-01 02:00:00,-999.0
2025-06-01 03:00:00,-999.0
2025-06-01 04:00:00,-999.0
2025-06-01 05:00:00,-999.0
2025-06-01 06:00:00,-999.0
2025-06-01 07:00:00,-999.0
2025-06-01 08:00:00,-999.0
2025-06-01 09:00:00,-999.0
2025-06-01 10:00:00,-999.0
2025-06-01 11:00:00,-999.0
2025-06-01 12:00:00,-999.0
2025-06-01 13:00:00,-999.0
2025-06-01 14:00:00,-999.0
2025-06-01 15:00:00,-999.0
2025-06-01 16:00:00,-999.0
2025-06-01 17:00:00,-999.0
2025-06-01 18:00:00,-999.0
2025-06-01 19:00:00,-999.0
2025-06-01 20:00:00,-999.0
2025-06-01 21:00:00,-999.0
2025-06-01 22:00:00,-999.0
2025-06-01 23:00:00,-999.0
2025-06-02 00:00:00,-999.0
2025-06-02 01:00:00,-999.0
2025-06-02 02:00:00,-999.0
2025-06-02 03:00:00,-999.0
2025-06-02 04:00:00,-999.0
2025-06-02 05:00:00,-999.0
2025-06-02 06:00:00,-999.0
2025-06-02 07:00:00,-999.0
2025-06-02 08:00:00,-999.0
2025-06-02 09:00:00,-999.0
2025-06-02 10:00:00,-999.0
2025-06-02 11:00:00,-999.0
2025-06-02 12:00:00,-999.0
2025-06-02 13:00:00,-999.0
2025-06-02 14:00:00,-999.0
2025-06-02 15:00:00,-999.0
2025-06-02 16:00:00,-999.0
2025-06-02 17:00:00,-999.0
2025-06-02 18:00:00,-999.0
2025-06-02 19:00:00,-999.0
2025-06-02 20:00:00,-999.0
2025-06-02 21:00:00,-999.0
2025-06-02 22:00:00,-999.0
2025-06-02 23:00:00,-999.0
2025-06-03 00:00:00,-999.0
2025-06-03 01:00:00,-999.0
2025-06-03 02:00:00,-999.0
2025-06-03 03:00:00,-999.0
2025-06-03 04:00:00,-999.0
2025-06-03 05:00:00,-999.0
2025-06-03 06:00:00,-999.0
2025-06-03 07:00:00,-999.0
2025-06-03 08:00:00,-999.0
2025-06-03 09:00:00,-999.0
2025-06-03 10:00:00,-999.0
2025-06-03 11:00:00,-999.0
2025-06-03 12:00:00,-999.0
2025-06-03 13:00:00,-999.0
2025-06-03 14:00:00,-999.0
2025-06-03 15:00:00,-999.0
2025-06-03 16:00:00,-999.0
2025-06-03 17:00:00,-999.0
2025-06-03 18:00:00,-999.0
2025-06-03 19:00:00,-999.0
2025-06-03 20:00:00,-999.0
2025-06-03 21:00:00,-999.0
2025-06-03 22:00:00,-999.0
2025-06-03 23:00:00,-999.0
2025-06-04 00:00:00,-999.0
2025-06-04 01:00:00,-999.0
2025-06-04 02:00:00,-999.0
2025-06-04 03:00:00,-999.0
2025-06-04 04:00:00,-999.0
2025-06-04 05:00:00,-999.0
2025-06-04 06:00:00,-999.0
2025-06-04 07:00:00,-999.0
2025-06-04 08:00:00,-999.0
2025-06-04 09:00:00,-999.0
2025-06-04 10:00:00,-999.0
2025-06-04 11:00:00,-999.0
2025-06-04 12:00:00,-999.0
2025-06-04 13:00:00,-999.0
2025-06-04 14:00:00,-999.0
2025-06-04 15:00:00,-999.0
2025-06-04 16:00:00,-999.0
2025-06-04 17:00:00,-999.0
2025-06-04 18:00:00,-999.0
2025-06-04 19:00:00,-999.0
2025-06-04 20:00:00,-999.0
2025-06-04 21:00:00,-999.0
2025-06-04 22:00:00,-999.0
2025-06-04 23:00:00,-999.0
2025-06-05 00:00:00,-999.0
2025-06-05 01:00:00,-999.0
2025-06-05 02:00:00,-999.0
2025-06-05 03:00:00,-999.0
2025-06-05 04:00:00,-999.0
2025-06-05 05:00:00,-999.0
2025-06-05 06:00:00,-999.0
2025-06-05 07:00:00,-999.0
2025-06-05 08:00:00,-999.0
2025-06-05 09:00:00,-999.0
2025-06-05 10:00:00,-999.0
2025-06-05 11:00:00,-999.0
2025-06-05 12:00:00,-999.0
2025-06-05 13:00:00,-999.0
2025-06-05 14:00:00,-999.0
2025-06-05 15:00:00,-999.0
2025-06-05 16:00:00,-999.0
2025-06-05 17:00:00,-999.0
2025-06-05 18:00:00,-999.0
2025-06-05 19:00:00,-999.0
2025-06-05 20:00:00,-999.0
2025-06-05 21:00:00,-999.0
2025-06-05 22:00:00,-999.0
2025-06-05 23:00:00,-999.0
2025-06-06 00:00:00,-999.0
2025-06-06 01:00:00,-999.0
2025-06-06 02:00:00,-999.0
2025-06-06 03:00:00,-999.0
2025-06-06 04:00:00,-999.0
2025-06-06 05:00:00,-999.0
2025-06-06 06:00:00,-999.0
2025-06-06 07:00:00,-999.0
2025-06-06 08:00:00,-999.0
2025-06-06 09:00:00,-999.0
2025-06-06 10:00:00,-999.0
2025-06-06 11:00:00,-999.0
2025-06-06 12:00:00,-999.0
2025-06-06 13:00:00,-999.0
2025-06-06 14:00:00,-999.0
2025-06-06 15:00:00,-999.0
2025-06-06 16:00:00,-999.0
2025-06-06 17:00:00,-999.0
2025-06-06 18:00:00,-999.0
2025-06-06 19:00:00,-999.0
2025-06-06 20:00:00,-999.0
2025-06-06 21:00:00,-999.0
2025-06-06 22:00:00,-999.0
2025-06-06 23:00:00,-999.0
2025-06-07 00:00:00,-999.0
2025-06-07 01:00:00,-999.0
2025-06-07 02:00:00,-999.0
2025-06-07 03:00:00,-999.0
2025-06-07 04:00:00,-999.0
2025-06-07 05:00:00,-999.0
2025-06-07 06:00:00,-999.0
2025-06-07 07:00:00,-999.0
2025-06-07 08:00:00,-999.0
2025-06-07 09:00:00,-999.0
2025-06-07 10:00:00,-999.0
2025-06-07 11:00:00,-999.0
2025-06-07 12:00:00,-999.0
2025-06-07 13:00:00,-999.0
2025-06-07 14:00:00,-999.0
2025-06-07 15:00:00,-999.0
2025-06-07 16:00:00,-999.0
2025-06-07 17:00:00,-999.0
2025-06-07 18:00:00,-999.0
2025-06-07 19:00:00,-999.0
2025-06-07 20:00:00,-999.0
2025-06-07 21:00:00,-999.0
2025-06-07 22:00:00,-999.0
2025-06-07 23:00:00,-999.0
2025-06-08 00:00:00,-999.0
2025-06-08 01:00:00,-999.0
2025-06-08 02:00:00,-999.0
2025-06-08 03:00:00,-999.0
2025-06-08 04:00:00,-999.0
2025-06-08 05:00:00,-999.0
2025-06-08 06:00:00,-999.0
2025-06-08 07:00:00,-999.0
2025-06-08 08:00:00,-999.0
2025-06-08 09:00:00,-999.0
2025-06-08 10:00:00,-999.0
2025-06-08 11:00:00,-999.0
2025-06-08 12:00:00,-999.0
2025-06-08 13:00:00,-999.0
2025-06-08 14:00:00,-999.0
2025-06-08 15:00:00,-999.0
2025-06-08 16:00:00,-999.0
2025-06-08 17:00:00,-999.0
2025-06-08 18:00:00,-999.0
2025-06-08 19:00:00,-999.0
2025-06-08 20:00:00,-999.0
2025-06-08 21:00:00,-999.0
2025-06-08 22:00:00,-999.0
2025-06-08 23:00:00,-999.0
2025-06-09 00:00:00,-999.0
2025-06-09 01:00:00,-999.0
2025-06-09 02:00:00,-999.0
2025-06-09 03:00:00,-999.0
2025-06-09 04:00:00,-999.0
2025-06-09 05:00:00,-999.0
2025-06-09 06:00:00,-999.0
2025-06-09 07:00:00,-999.0
2025-06-09 08:00:00,-999.0
2025-06-09 09:00:00,-999.0
2025-06-09 10:00:00,-999.0
2025-06-09 11:00:00,-999.0
2025-06-09 12:00:00,-999.0
2025-06-09 13:00:00,-999.0
2025-06-09 14:00:00,-999.0
2025-06-09 15:00:00,-999.0
2025-06-09 16:00:00,-999.0
2025-06-09 17:00:00,-999.0
2025-06-09 18:00:00,-999.0
2025-06-09 19:00:00,-999.0
2025-06-09 20:00:00,-999.0
2025-06-09 21:00:00,-999.0
2025-06-09 22:00:00,-999.0
2025-06-09 23:00:00,-999.0
2025-06-10 00:00:00,-999.0
2025-06-10 01:00:00,-999.0
2025-06-10 02:00:00,-999.0
2025-06-10 03:00:00,-999.0
2025-06-10 04:00:00,-999.0
2025-06-10 05:00:00,-999.0
2025-06-10 06:00:00,-999.0
2025-06-10 07:00:00,-999.0
2025-06-10 08:00:00,-999.0
2025-06-10 09:00:00,-999.0
2025-06-10 10:00:00,-999.0
2025-06-10 11:00:00,-999.0
2025-06-10 12:00:00,-999.0
2025-06-10 13:00:00,-999.0
2025-06-10 14:00:00,-999.0
2025-06-10 15:00:00,-999.0
2025-06-10 16:00:00,-999.0
2025-06-10 17:00:00,-999.0
2025-06-10 18:00:00,-999.0
2025-06-10 19:00:00,-999.0
2025-06-10 20:00:00,-999.0
2025-06-10 21:00:00,-999.0
2025-06-10 22:00:00,-999.0
2025-06-10 23:00:00,-999.0
2025-06-11 00:00:00,-999.0
2025-06-11 01:00:00,-999.0
2025-06-11 02:00:00,-999.0
2025-06-11 03:00:00,-999.0
2025-06-11 04:00:00,-999.0
2025-06-11 05:00:00,-999.0
2025-06-11 06:00:00,-999.0
2025-06-11 07:00:00,-999.0
2025-06-11 08:00:00,-999.0
2025-06-11 09:00:00,-999.0
2025-06-11 10:00:00,-999.0
2025-06-11 11:00:00,-999.0
2025-06-11 12:00:00,-999.0
2025-06-11 13:00:00,-999.0
2025-06-11 14:00:00,-999.0
2025-06-11 15:00:00,-999.0
2025-06-11 16:00:00,-999.0
2025-06-11 17:00:00,-999.0
2025-06-11 18:00:00,-999.0
2025-06-11 19:00:00,-999.0
2025-06-11 20:00:00,-999.0
2025-06-11 21:00:00,-999.0
2025-06-11 22:00:00,-999.0
2025-06-11 23:00:00,-999.0
2025-06-12 00:00:00,-999.0
2025-06-12 01:00:00,-999.0
2025-06-12 02:00:00,-999.0
2025-06-12 03:00:00,-999.0
2025-06-12 04:00:00,-999.0
2025-06-12 05:00:00,-999.0
2025-06-12 06:00:00,-999.0
2025-06-12 07:00:00,-999.0
2025-06-12 08:00:00,-999.0
2025-06-12 09:00:00,-999.0
2025-06-12 10:00:00,-999.0
2025-06-12 11:00:00,-999.0
2025-06-12 12:00:00,-999.0
2025-06-12 13:00:00,-999.0
2025-06-12 14:00:00,-999.0
2025-06-12 15:00:00,-999.0
2025-06-12 16:00:00,-999.0
2025-06-12 17:00:00,-999.0
2025-06-12 18:00:00,-999.0
2025-06-12 19:00:00,-999.0
2025-06-12 20:00:00,-999.0
2025-06-12 21:00:00,-999.0
2025-06-12 22:00:00,-999.0
2025-06-12 23:00:00,-999.0
2025-06-13 00:00:00,-999.0
2025-06-13 01:00:00,-999.0
2025-06-13 02:00:00,-999.0
2025-06-13 03:00:00,-999.0
2025-06-13 04:00:00,-999.0
2025-06-13 05:00:00,-999.0
2025-06-13 06:00:00,-999.0
2025-06-13 07:00:00,-999.0
2025-06-13 08:00:00,-999.0
2025-06-13 09:00:00,-999.0
2025-06-13 10:00:00,-999.0
2025-06-13 11:00:00,-999.0
2025-06-13 12:00:00,-999.0
2025-06-13 13:00:00,-999.0
2025-06-13 14:00:00,-999.0
2025-06-13 15:00:00,-999.0
2025-06-13 16:00:00,-999.0
2025-06-13 17:00:00,-999.0
2025-06-13 18:00:00,-999.0
2025-06-13 19:00:00,-999.0
2025-06-13 20:00:00,-999.0
2025-06-13 21:00:00,-999.0
2025-06-13 22:00:00,-999.0
2025-06-13 23:00:00,-999.0
2025-06-14 00:00:00,-999.0
2025-06-14 01:00:00,-999.0
2025-06-14 02:00:00,-999.0
2025-06-14 03:00:00,-999.0
2025-06-14 04:00:00,-999.0
2025-06-14 05:00:00,-999.0
2025-06-14 06:00:00,-999.0
2025-06-14 07:00:00,-999.0
2025-06-14 08:00:00,-999.0
2025-06-14 09:00:00,-999.0
2025-06-14 10:00:00,-999.0
2025-06-14 11:00:00,-999.0
2025-06-14 12:00:00,-999.0
2025-06-14 13:00:00,-999.0
2025-06-14 14:00:00,-999.0
2025-06-14 15:00:00,-999.0
2025-06-14 16:00:00,-999.0
2025-06-14 17:00:00,-999.0
2025-06-14 18:00:00,-999.0
2025-06-14 19:00:00,-999.0
2025-06-14 20:00:00,-999.0
2025-06-14 21:00:00,-999.0
2025-06-14 22:00:00,-999.0
2025-06-14 23:00:00,-999.0
2025-06-15 00:00:00,-999.0
2025-06-15 01:00:00,-999.0
2025-06-15 02:00:00,-999.0
2025-06-15 03:00:00,-999.0
2025-06-15 04:00:00,-999.0
2025-06-15 05:00:00,-999.0
2025-06-15 06:00:00,-999.0
2025-06-15 07:00:00,-999.0
2025-06-15 08:00:00,-999.0
2025-06-15 09:00:00,-999.0
2025-06-15 10:00:00,-999.0
2025-06-15 11:00:00,-999.0
2025-06-15 12:00:00,-999.0
2025-06-15 13:00:00,-999.0
2025-06-15 14:00:00,-999.0
2025-06-15 15:00:00,-999.0
2025-06-15 16:00:00,-999.0
2025-06-15 17:00:00,-999.0
2025-06-15 18:00:00,-999.0
2025-06-15 19:00:00,-999.0
2025-06-15 20:00:00,-999.0
2025-06-15 21:00:00,-999.0
2025-06-15 22:00:00,-999.0
2025-06-15 23:00:00,-999.0
2025-06-16 00:00:00,-999.0
2025-06-16 01:00:00,-999.0
2025-06-16 02:00:00,-999.0
2025-06-16 03:00:00,-999.0
2025-06-16 04:00:00,-999.0
2025-06-16 05:00:00,-999.0
2025-06-16 06:00:00,-999.0
2025-06-16 07:00:00,-999.0
2025-06-16 08:00:00,-999.0
2025-06-16 09:00:00,-999.0
2025-06-16 10:00:00,-999.0
2025-06-16 11:00:00,-999.0
2025-06-16 12:00:00,-999.0
2025-06-16 13:00:00,-999.0
2025-06-16 14:00:00,-999.0
2025-06-16 15:00:00,-999.0
2025-06-16 16:00:00,-999.0
2025-06-16 17:00:00,-999.0
2025-06-16 18:00:00,-999.0
2025-06-16 19:00:00,-999.0
2025-06-16 20:00:00,-999.0
2025-06-16 21:00:00,-999.0
2025-06-16 22:00:00,-999.0
2025-06-16 23:00:00,-999.0
2025-06-17 00:00:00,-999.0
2025-06-17 01:00:00,-999.0
2025-06-17 02:00:00,-999.0
2025-06-17 03:00:00,-999.0
2025-06-17 04:00:00,-999.0
2025-06-17 05:00:00,-999.0
2025-06-17 06:00:00,-999.0
2025-06-17 07:00:00,-999.0
2025-06-17 08:00:00,-999.0
2025-06-17 09:00:00,-999.0
2025-06-17 10:00:00,-999.0
2025-06-17 11:00:00,-999.0
2025-06-17 12:00:00,-999.0
2025-06-17 13:00:00,-999.0
2025-06-17 14:00:00,-999.0
2025-06-17 15:00:00,-999.0
2025-06-17 16:00:00,-999.0
2025-06-17 17:00:00,-999.0
2025-06-17 18:00:00,-999.0
2025-06-17 19:00:00,-999.0
2025-06-17 20:00:00,-999.0
2025-06-17 21:00:00,-999.0
2025-06-17 22:00:00,-999.0
2025-06-17 23:00:00,-999.0
2025-06-18 00:00:00,-999.0
2025-06-18 01:00:00,-999.0
2025-06-18 02:00:00,-999.0
2025-06-18 03:00:00,-999.0
2025-06-18 04:00:00,-999.0
2025-06-18 05:00:00,-999.0
2025-06-18 06:00:00,-999.0
2025-06-18 07:00:00,-999.0
2025-06-18 08:00:00,-999.0
2025-06-18 09:00:00,-999.0
2025-06-18 10:00:00,-999.0
2025-06-18 11:00:00,-999.0
2025-06-18 12:00:00,-999.0
2025-06-18 13:00:00,-999.0
2025-06-18 14:00:00,-999.0
2025-06-18 15:00:00,-999.0
2025-06-18 16:00:00,-999.0
2025-06-18 17:00:00,-999.0
2025-06-18 18:00:00,-999.0
2025-06-18 19:00:00,-999.0
2025-06-18 20:00:00,-999.0
2025-06-18 21:00:00,-999.0
2025-06-18 22:00:00,-999.0
2025-06-18 23:00:00,-999.0
2025-06-19 00:00:00,-999.0
2025-06-19 01:00:00,-999.0
2025-06-19 02:00:00,-999.0
2025-06-19 03:00:00,-999.0
2025-06-19 04:00:00,-999.0
2025-06-19 05:00:00,-999.0
2025-06-19 06:00:00,-999.0
2025-06-19 07:00:00,-999.0
2025-06-19 08:00:00,-999.0
2025-06-19 09:00:00,-999.0
2025-06-19 10:00:00,-999.0
2025-06-19 11:00:00,-999.0
2025-06-19 12:00:00,-999.0
2025-06-19 13:00:00,-999.0
2025-06-19 14:00:00,-999.0
2025-06-19 15:00:00,-999.0
2025-06-19 16:00:00,-999.0
2025-06-19 17:00:00,-999.0
2025-06-19 18:00:00,-999.0
2025-06-19 19:00:00,-999.0
2025-06-19 20:00:00,-999.0
2025-06-19 21:00:00,-999.0
2025-06-19 22:00:00,-999.0
2025-06-19 23:00:00,-999.0
2025-06-20 00:00:00,-999.0
2025-06-20 01:00:00,-999.0
2025-06-20 02:00:00,-999.0
2025-06-20 03:00:00,-999.0
2025-06-20 04:00:00,-999.0
2025-06-20 05:00:00,-999.0
2025-06-20 06:00:00,-999.0
2025-06-20 07:00:00,-999.0
2025-06-20 08:00:00,-999.0
2025-06-20 09:00:00,-999.0
2025-06-20 10:00:00,-999.0
2025-06-20 11:00:00,-999.0
2025-06-20 12:00:00,-999.0
2025-06-20 13:00:00,-999.0
2025-06-20 14:00:00,-999.0
2025-06-20 15:00:00,-999.0
2025-06-20 16:00:00,-999.0
2025-06-20 17:00:00,-999.0
2025-06-20 18:00:00,-999.0
2025-06-20 19:00:00,-999.0
2025-06-20 20:00:00,-999.0
2025-06-20 21:00:00,-999.0
2025-06-20 22:00:00,-999.0
2025-06-20 23:00:00,-999.0
2025-06-21 00:00:00,-999.0
2025-06-21 01:00:00,-999.0
2025-06-21 02:00:00,-999.0
2025-06-21 03:00:00,-999.0
2025-06-21 04:00:00,-999.0
2025-06-21 05:00:00,-999.0
2025-06-21 06:00:00,-999.0
2025-06-21 07:00:00,-999.0
2025-06-21 08:00:00,-999.0
2025-06-21 09:00:00,-999.0
2025-06-21 10:00:00,-999.0
2025-06-21 11:00:00,-999.0
2025-06-21 12:00:00,-999.0
2025-06-21 13:00:00,-999.0
2025-06-21 14:00:00,-999.0
2025-06-21 15:00:00,-999.0
2025-06-21 16:00:00,-999.0
2025-06-21 17:00:00,-999.0
2025-06-21 18:00:00,-999.0
2025-06-21 19:00:00,-999.0
2025-06-21 20:00:00,-999.0
2025-06-21 21:00:00,-999.0
2025-06-21 22:00:00,-999.0
2025-06-21 23:00:00,-999.0
2025-06-22 00:00:00,-999.0
2025-06-22 01:00:00,-999.0
2025-06-22 02:00:00,-999.0
2025-06-22 03:00:00,-999.0
2025-06-22 04:00:00,-999.0
2025-06-22 05:00:00,-999.0
2025-06-22 06:00:00,-999.0
2025-06-22 07:00:00,-999.0
2025-06-22 08:00:00,-999.0
2025-06-22 09:00:00,-999.0
2025-06-22 10:00:00,-999.0
2025-06-22 11:00:00,-999.0
2025-06-22 12:00:00,-999.0
2025-06-22 13:00:00,-999.0
2025-06-22 14:00:00,-999.0
2025-06-22 15:00:00,-999.0
2025-06-22 16:00:00,-999.0
2025-06-22 17:00:00,-999.0
2025-06-22 18:00:00,-999.0
2025-06-22 19:00:00,-999.0
2025-06-22 20:00:00,-999.0
2025-06-22 21:00:00,-999.0
2025-06-22 22:00:00,-999.0
2025-06-22 23:00:00,-999.0
2025-06-23 00:00:00,-999.0
2025-06-23 01:00:00,-999.0
2025-06-23 02:00:00,-999.0
2025-06-23 03:00:00,-999.0
2025-06-23 04:00:00,-999.0
2025-06-23 05:00:00,-999.0
2025-06-23 06:00:00,-999.0
2025-06-23 07:00:00,-999.0
2025-06-23 08:00:00,-999.0
2025-06-23 09:00:00,-999.0
2025-06-23 10:00:00,-999.0
2025-06-23 11:00:00,-999.0
2025-06-23 12:00:00,-999.0
2025-06-23 13:00:00,-999.0
2025-06-23 14:00:00,-999.0
2025-06-23 15:00:00,-999.0
2025-06-23 16:00:00,-999.0
2025-06-23 17:00:00,-999.0
2025-06-23 18:00:00,-999.0
2025-06-23 19:00:00,-999.0
2025-06-23 20:00:00,-999.0
2025-06-23 21:00:00,-999.0
2025-06-23 22:00:00,-999.0
2025-06-23 23:00:00,-999.0
2025-06-24 00:00:00,-999.0
2025-06-24 01:00:00,-999.0
2025-06-24 02:00:00,-999.0
2025-06-24 03:00:00,-999.0
2025-06-24 04:00:00,-999.0
2025-06-24 05:00:00,-999.0
2025-06-24 06:00:00,-999.0
2025-06-24 07:00:00,-999.0
2025-06-24 08:00:00,-999.0
2025-06-24 09:00:00,-999.0
2025-06-24 10:00:00,-999.0
2025-06-24 11:00:00,-999.0
2025-06-24 12:00:00,-999.0
2025-06-24 13:00:00,-999.0
2025-06-24 14:00:00,-999.0
2025-06-24 15:00:00,-999.0
2025-06-24 16:00:00,-999.0
2025-06-24 17:00:00,-999.0
2025-06-24 18:00:00,-999.0
2025-06-24 19:00:00,-999.0
2025-06-24 20:00:00,-999.0
2025-06-24 21:00:00,-999.0
2025-06-24 22:00:00,-999.0
2025-06-24 23:00:00,-999.0
2025-06-25 00:00:00,-999.0
2025-06-25 01:00:00,-999.0
2025-06-25 02:00:00,-999.0
2025-06-25 03:00:00,-999.0
2025-06-25 04:00:00,-999.0
2025-06-25 05:00:00,-999.0
2025-06-25 06:00:00,-999.0
2025-06-25 07:00:00,-999.0
2025-06-25 08:00:00,-999.0
2025-06-25 09:00:00,-999.0
2025-06-25 10:00:00,-999.0
2025-06-25 11:00:00,-999.0
2025-06-25 12:00:00,-999.0
2025-06-25 13:00:00,-999.0
2025-06-25 14:00:00,-999.0
2025-06-25 15:00:00,-999.0
2025-06-25 16:00:00,-999.0
2025-06-25 17:00:00,-999.0
2025-06-25 18:00:00,-999.0
2025-06-25 19:00:00,-999.0
2025-06-25 20:00:00,-999.0
2025-06-25 21:00:00,-999.0
2025-06-25 22:00:00,-999.0
2025-06-25 23:00:00,-999.0
2025-06-26 00:00:00,-999.0
2025-06-26 01:00:00,-999.0
2025-06-26 02:00:00,-999.0
2025-06-26 03:00:00,-999.0
2025-06-26 04:00:00,-999.0
2025-06-26 05:00:00,-999.0
2025-06-26 06:00:00,-999.0
2025-06-26 07:00:00,-999.0
2025-06-26 08:00:00,-999.0
2025-06-26 09:00:00,-999.0
2025-06-26 10:00:00,-999.0
2025-06-26 11:00:00,-999.0
2025-06-26 12:00:00,-999.0
2025-06-26 13:00:00,-999.0
2025-06-26 14:00:00,-999.0
2025-06-26 15:00:00,-999.0
2025-06-26 16:00:00,-999.0
2025-06-26 17:00:00,-999.0
2025-06-26 18:00:00,-999.0
2025-06-26 19:00:00,-999.0
2025-06-26 20:00:00,-999.0
2025-06-26 21:00:00,-999.0
2025-06-26 22:00:00,-999.0
2025-06-26 23:00:00,-999.0
2025-06-27 00:00:00,-999.0
2025-06-27 01:00:00,-999.0
2025-06-27 02:00:00,-999.0
2025-06-27 03:00:00,-999.0
2025-06-27 04:00:00,-999.0
2025-06-27 05:00:00,-999.0
2025-06-27 06:00:00,-999.0
2025-06-27 07:00:00,-999.0
2025-06-27 08:00:00,-999.0
2025-06-27 09:00:00,-999.0
2025-06-27 10:00:00,-999.0
2025-06-27 11:00:00,-999.0
2025-06-27 12:00:00,-999.0
2025-06-27 13:00:00,-999.0
2025-06-27 14:00:00,-999.0
2025-06-27 15:00:00,-999.0
2025-06-27 16:00:00,-999.0
2025-06-27 17:00:00,-999.0
2025-06-27 18:00:00,-999.0
2025-06-27 19:00:00,-999.0
2025-06-27 20:00:00,-999.0
2025-06-27 21:00:00,-999.0
2025-06-27 22:00:00,-999.0
2025-06-27 23:00:00,-999.0
2025-06-28 00:00:00,-999.0
2025-06-28 01:00:00,-999.0
2025-06-28 02:00:00,-999.0
2025-06-28 03:00:00,-999.0
2025-06-28 04:00:00,-999.0
2025-06-28 05:00:00,-999.0
2025-06-28 06:00:00,-999.0
2025-06-28 07:00:00,-999.0
2025-06-28 08:00:00,-999.0
2025-06-28 09:00:00,-999.0
2025-06-28 10:00:00,-999.0
2025-06-28 11:00:00,-999.0
2025-06-28 12:00:00,-999.0
2025-06-28 13:00:00,-999.0
2025-06-28 14:00:00,-999.0
2025-06-28 15:00:00,-999.0
2025-06-28 16:00:00,-999.0
2025-06-28 17:00:00,-999.0
2025-06-28 18:00:00,-999.0
2025-06-28 19:00:00,-999.0
2025-06-28 20:00:00,-999.0
2025-06-28 21:00:00,-999.0
2025-06-28 22:00:00,-999.0
2025-06-28 23:00:00,-999.0
2025-06-29 00:00:00,-999.0
2025-06-29 01:00:00,-999.0
2025-06-29 02:00:00,-999.0
2025-06-29 03:00:00,-999.0
2025-06-29 04:00:00,-999.0
2025-06-29 05:00:00,-999.0
2025-06-29 06:00:00,-999.0
2025-06-29 07:00:00,-999.0
2025-06-29 08:00:00,-999.0
2025-06-29 09:00:00,-999.0
2025-06-29 10:00:00,-999.0
2025-06-29 11:00:00,-999.0
2025-06-29 12:00:00,-999.0
2025-06-29 13:00:00,-999.0
2025-06-29 14:00:00,-999.0
2025-06-29 15:00:00,-999.0
2025-06-29 16:00:00,-999.0
2025-06-29 17:00:00,-999.0
2025-06-29 18:00:00,-999.0
2025-06-29 19:00:00,-999.0
2025-06-29 20:00:00,-999.0
2025-06-29 21:00:00,-999.0
2025-06-29 22:00:00,-999.0
2025-06-29 23:00:00,-999.0
2025-06-30 00:00:00,-999.0
2025-06-30 01:00:00,-999.0
2025-06-30 02:00:00,-999.0
2025-06-30 03:00:00,-999.0
2025-06-30 04:00:00,-999.0
2025-06-30 05:00:00,-999.0
2025-06-30 06:00:00,-999.0
2025-06-30 07:00:00,-999.0
2025-06-30 08:00:00,-999.0
2025-06-30 09:00:00,-999.0
2025-06-30 10:00:00,-999.0
2025-06-30 11:00:00,-999.0
2025-06-30 12:00:00,-999.0
2025-06-30 13:00:00,-999.0
2025-06-30 14:00:00,-999.0
2025-06-30 15:00:00,-999.0
2025-06-30 16:00:00,-999.0
2025-06-30 17:00:00,-999.0
2025-06-30 18:00:00,-999.0
2025-06-30 19:00:00,-999.0
2025-06-30 20:00:00,-999.0
2025-06-30 21:00:00,-999.0
2025-06-30 22:00:00,-999.0
2025-06-30 23:00:00,-999.0
2025-07-01 00:00:00,-999.0
2025-07-01 01:00:00,-999.0
2025-07-01 02:00:00,-999.0
2025-07-01 03:00:00,-999.0
2025-07-01 04:00:00,-999.0
2025-07-01 05:00:00,-999.0
2025-07-01 06:00:00,-999.0
2025-07-01 07:00:00,-999.0
2025-07-01 08:00:00,-999.0
2025-07-01 09:00:00,-999.0
2025-07-01 10:00:00,-999.0
2025-07-01 11:00:00,-999.0
2025-07-01 12:00:00,-999.0
2025-07-01 13:00:00,-999.0
2025-07-01 14:00:00,-999.0
2025-07-01 15:00:00,-999.0
2025-07-01 16:00:00,-999.0
2025-07-01 17:00:00,-999.0
2025-07-01 18:00:00,-999.0
2025-07-01 19:00:00,-999.0
2025-07-01 20:00:00,-999.0
2025-07-01 21:00:00,-999.0
2025-07-01 22:00:00,-999.0
2025-07-01 23:00:00,-999.0
2025-07-02 00:00:00,-999.0
2025-07-02 01:00:00,-999.0
2025-07-02 02:00:00,-999.0
2025-07-02 03:00:00,-999.0
2025-07-02 04:00:00,-999.0
2025-07-02 05:00:00,-999.0
2025-07-02 06:00:00,-999.0
2025-07-02 07:00:00,-999.0
2025-07-02 08:00:00,-999.0
2025-07-02 09:00:00,-999.0
2025-07-02 10:00:00,-999.0
2025-07-02 11:00:00,-999.0
2025-07-02 12:00:00,-999.0
2025-07-02 13:00:00,-999.0
2025-07-02 14:00:00,-999.0
2025-07-02 15:00:00,-999.0
2025-07-02 16:00:00,-999.0
2025-07-02 17:00:00,-999.0
2025-07-02 18:00:00,-999.0
2025-07-02 19:00:00,-999.0
2025-07-02 20:00:00,-999.0
2025-07-02 21:00:00,-999.0
2025-07-02 22:00:00,-999.0
2025-07-02 23:00:00,-999.0
2025-07-03 00:00:00,-999.0
2025-07-03 01:00:00,-999.0
2025-07-03 02:00:00,-999.0
2025-07-03 03:00:00,-999.0
2025-07-03 04:00:00,-999.0
2025-07-03 05:00:00,-999.0
2025-07-03 06:00:00,-999.0
2025-07-03 07:00:00,-999.0
2025-07-03 08:00:00,-999.0
2025-07-03 09:00:00,-999.0
2025-07-03 10:00:00,-999.0
2025-07-03 11:00:00,-999.0
2025-07-03 12:00:00,-999.0
2025-07-03 13:00:00,-999.0
2025-07-03 14:00:00,-999.0
2025-07-03 15:00:00,-999.0
2025-07-03 16:00:00,-999.0
2025-07-03 17:00:00,-999.0
2025-07-03 18:00:00,-999.0
2025-07-03 19:00:00,-999.0
2025-07-03 20:00:00,-999.0
2025-07-03 21:00:00,-999.0
2025-07-03 22:00:00,-999.0
2025-07-03 23:00:00,-999.0
2025-07-04 00:00:00,-999.0
2025-07-04 01:00:00,-999.0
2025-07-04 02:00:00,-999.0
2025-07-04 03:00:00,-999.0
2025-07-04 04:00:00,-999.0
2025-07-04 05:00:00,-999.0
2025-07-04 06:00:00,-999.0
2025-07-04 07:00:00,-999.0
2025-07-04 08:00:00,-999.0
2025-07-04 09:00:00,-999.0
2025-07-04 10:00:00,-999.0
2025-07-04 11:00:00,-999.0
2025-07-04 12:00:00,-999.0
2025-07-04 13:00:00,-999.0
2025-07-04 14:00:00,-999.0
2025-07-04 15:00:00,-999.0
2025-07-04 16:00:00,-999.0
2025-07-04 17:00:00,-999.0
2025-07-04 18:00:00,-999.0
2025-07-04 19:00:00,-999.0
2025-07-04 20:00:00,-999.0
2025-07-04 21:00:00,-999.0
2025-07-04 22:00:00,-999.0
2025-07-04 23:00:00,-999.0
2025-07-05 00:00:00,-999.0
2025-07-05 01:00:00,-999.0
2025-07-05 02:00:00,-999.0
2025-07-05 03:00:00,-999.0
2025-07-05 04:00:00,-999.0
2025-07-05 05:00:00,-999.0
2025-07-05 06:00:00,-999.0
2025-07-05 07:00:00,-999.0
2025-07-05 08:00:00,-999.0
2025-07-05 09:00:00,-999.0
2025-07-05 10:00:00,-999.0
2025-07-05 11:00:00,-999.0
2025-07-05 12:00:00,-999.0
2025-07-05 13:00:00,-999.0
2025-07-05 14:00:00,-999.0
2025-07-05 15:00:00,-999.0
2025-07-05 16:00:00,-999.0
2025-07-05 17:00:00,-999.0
2025-07-05 18:00:00,-999.0
2025-07-05 19:00:00,-999.0
2025-07-05 20:00:00,-999.0
2025-07-05 21:00:00,-999.0
2025-07-05 22:00:00,-999.0
2025-07-05 23:00:00,-999.0
2025-07-06 00:00:00,-999.0
2025-07-06 01:00:00,-999.0
2025-07-06 02:00:00,-999.0
2025-07-06 03:00:00,-999.0
2025-07-06 04:00:00,-999.0
2025-07-06 05:00:00,-999.0
2025-07-06 06:00:00,-999.0
2025-07-06 07:00:00,-999.0
2025-07-06 08:00:00,-999.0
2025-07-06 09:00:00,-999.0
2025-07-06 10:00:00,-999.0
2025-07-06 11:00:00,-999.0
2025-07-06 12:00:00,-999.0
2025-07-06 13:00:00,-999.0
2025-07-06 14:00:00,-999.0
2025-07-06 15:00:00,-999.0
2025-07-06 16:00:00,-999.0
2025-07-06 17:00:00,-999.0
2025-07-06 18:00:00,-999.0
2025-07-06 19:00:00,-999.0
2025-07-06 20:00:00,-999.0
2025-07-06 21:00:00,-999.0
2025-07-06 22:00:00,-999.0
2025-07-06 23:00:00,-999.0
2025-07-07 00:00:00,-999.0
2025-07-07 01:00:00,-999.0
2025-07-07 02:00:00,-999.0
2025-07-07 03:00:00,-999.0
2025-07-07 04:00:00,-999.0
2025-07-07 05:00:00,-999.0
2025-07-07 06:00:00,-999.0
2025-07-07 07:00:00,-999.0
2025-07-07 08:00:00,-999.0
2025-07-07 09:00:00,-999.0
2025-07-07 10:00:00,-999.0
2025-07-07 11:00:00,-999.0
2025-07-07 12:00:00,-999.0
2025-07-07 13:00:00,-999.0
2025-07-07 14:00:00,-999.0
2025-07-07 15:00:00,-999.0
2025-07-07 16:00:00,-999.0
2025-07-07 17:00:00,-999.0
2025-07-07 18:00:00,-999.0
2025-07-07 19:00:00,-999.0
2025-07-07 20:00:00,-999.0
2025-07-07 21:00:00,-999.0
2025-07-07 22:00:00,-999.0
2025-07-07 23:00:00,-999.0
2025-07-08 00:00:00,-999.0
2025-07-08 01:00:00,-999.0
2025-07-08 02:00:00,-999.0
2025-07-08 03:00:00,-999.0
2025-07-08 04:00:00,-999.0
2025-07-08 05:00:00,-999.0
2025-07-08 06:00:00,-999.0
2025-07-08 07:00:00,-999.0
2025-07-08 08:00:00,-999.0
2025-07-08 09:00:00,-999.0
2025-07-08 10:00:00,-999.0
2025-07-08 11:00:00,-999.0
2025-07-08 12:00:00,-999.0
2025-07-08 13:00:00,-999.0
2025-07-08 14:00:00,-999.0
2025-07-08 15:00:00,-999.0
2025-07-08 16:00:00,-999.0
2025-07-08 17:00:00,-999.0
2025-07-08 18:00:00,-999.0
2025-07-08 19:00:00,-999.0
2025-07-08 20:00:00,-999.0
2025-07-08 21:00:00,-999.0
2025-07-08 22:00:00,-999.0
2025-07-08 23:00:00,-999.0
2025-07-09 00:00:00,-999.0
2025-07-09 01:00:00,-999.0
2025-07-09 02:00:00,-999.0
2025-07-09 03:00:00,-999.0
2025-07-09 04:00:00,-999.0
2025-07-09 05:00:00,-999.0
2025-07-09 06:00:00,-999.0
2025-07-09 07:00:00,-999.0
2025-07-09 08:00:00,-999.0
2025-07-09 09:00:00,-999.0
2025-07-09 10:00:00,-999.0
2025-07-09 11:00:00,-999.0
2025-07-09 12:00:00,-999.0
2025-07-09 13:00:00,-999.0
2025-07-09 14:00:00,-999.0
2025-07-09 15:00:00,-999.0
2025-07-09 16:00:00,-999.0
2025-07-09 17:00:00,-999.0
2025-07-09 18:00:00,-999.0
2025-07-09 19:00:00,-999.0
2025-07-09 20:00:00,-999.0
2025-07-09 21:00:00,-999.0
2025-07-09 22:00:00,-999.0
2025-07-09 23:00:00,-999.0
2025-07-10 00:00:00,-999.0
2025-07-10 01:00:00,-999.0
2025-07-10 02:00:00,-999.0
2025-07-10 03:00:00,-999.0
2025-07-10 04:00:00,-999.0
2025-07-10 05:00:00,-999.0
2025-07-10 06:00:00,-999.0
2025-07-10 07:00:00,-999.0
2025-07-10 08:00:00,-999.0
2025-07-10 09:00:00,-999.0
2025-07-10 10:00:00,-999.0
2025-07-10 11:00:00,-999.0
2025-07-10 12:00:00,-999.0
2025-07-10 13:00:00,-999.0
2025-07-10 14:00:00,-999.0
2025-07-10 15:00:00,-999.0
2025-07-10 16:00:00,-999.0
2025-07-10 17:00:00,-999.0
2025-07-10 18:00:00,-999.0
2025-07-10 19:00:00,-999.0
2025-07-10 20:00:00,-999.0
2025-07-10 21:00:00,-999.0
2025-07-10 22:00:00,-999.0
2025-07-10 23:00:00,-999.0
2025-07-11 00:00:00,-999.0
2025-07-11 01:00:00,-999.0
2025-07-11 02:00:00,-999.0
2025-07-11 03:00:00,-999.0
2025-07-11 04:00:00,-999.0
2025-07-11 05:00:00,-999.0
2025-07-11 06:00:00,-999.0
2025-07-11 07:00:00,-999.0
2025-07-11 08:00:00,-999.0
2025-07-11 09:00:00,-999.0
2025-07-11 10:00:00,-999.0
2025-07-11 11:00:00,-999.0
2025-07-11 12:00:00,-999.0
2025-07-11 13:00:00,-999.0
2025-07-11 14:00:00,-999.0
2025-07-11 15:00:00,-999.0
2025-07-11 16:00:00,-999.0
2025-07-11 17:00:00,-999.0
2025-07-11 18:00:00,-999.0
2025-07-11 19:00:00,-999.0
2025-07-11 20:00:00,-999.0
2025-07-11 21:00:00,-999.0
2025-07-11 22:00:00,-999.0
2025-07-11 23:00:00,-999.0
2025-07-12 00:00:00,-999.0
2025-07-12 01:00:00,-999.0
2025-07-12 02:00:00,-999.0
2025-07-12 03:00:00,-999.0
2025-07-12 04:00:00,-999.0
2025-07-12 05:00:00,-999.0
2025-07-12 06:00:00,-999.0
2025-07-12 07:00:00,-999.0
2025-07-12 08:00:00,-999.0
2025-07-12 09:00:00,-999.0
2025-07-12 10:00:00,-999.0
2025-07-12 11:00:00,-999.0
2025-07-12 12:00:00,-999.0
2025-07-12 13:00:00,-999.0
2025-07-12 14:00:00,-999.0
2025-07-12 15:00:00,-999.0
2025-07-12 16:00:00,-999.0
2025-07-12 17:00:00,-999.0
2025-07-12 18:00:00,-999.0
2025-07-12 19:00:00,-999.0
2025-07-12 20:00:00,-999.0
2025-07-12 21:00:00,-999.0
2025-07-12 22:00:00,-999.0
2025-07-12 23:00:00,-999.0
2025-07-13 00:00:00,-999.0
2025-07-13 01:00:00,-999.0
2025-07-13 02:00:00,-999.0
2025-07-13 03:00:00,-999.0
2025-07-13 04:00:00,-999.0
2025-07-13 05:00:00,-999.0
2025-07-13 06:00:00,-999.0
2025-07-13 07:00:00,-999.0
2025-07-13 08:00:00,-999.0
2025-07-13 09:00:00,-999.0
2025-07-13 10:00:00,-999.0
2025-07-13 11:00:00,-999.0
2025-07-13 12:00:00,-999.0
2025-07-13 13:00:00,-999.0
2025-07-13 14:00:00,-999.0
2025-07-13 15:00:00,-999.0
2025-07-13 16:00:00,-999.0
2025-07-13 17:00:00,-999.0
2025-07-13 18:00:00,-999.0
2025-07-13 19:00:00,-999.0
2025-07-13 20:00:00,-999.0
2025-07-13 21:00:00,-999.0
2025-07-13 22:00:00,-999.0
2025-07-13 23:00:00,-999.0
2025-07-14 00:00:00,-999.0
2025-07-14 01:00:00,-999.0
2025-07-14 02:00:00,-999.0
2025-07-14 03:00:00,-999.0
2025-07-14 04:00:00,-999.0
2025-07-14 05:00:00,-999.0
2025-07-14 06:00:00,-999.0
2025-07-14 07:00:00,-999.0
2025-07-14 08:00:00,-999.0
2025-07-14 09:00:00,-999.0
2025-07-14 10:00:00,-999.0
2025-07-14 11:00:00,-999.0
2025-07-14 12:00:00,-999.0
2025-07-14 13:00:00,-999.0
2025-07-14 14:00:00,-999.0
2025-07-14 15:00:00,-999.0
2025-07-14 16:00:00,-999.0
2025-07-14 17:00:00,-999.0
2025-07-14 18:00:00,-999.0
2025-07-14 19:00:00,-999.0
2025-07-14 20:00:00,-999.0
2025-07-14 21:00:00,-999.0
2025-07-14 22:00:00,-999.0
2025-07-14 23:00:00,-999.0
2025-07-15 00:00:00,-999.0
2025-07-15 01:00:00,-999.0
2025-07-15 02:00:00,-999.0
2025-07-15 03:00:00,-999.0
2025-07-15 04:00:00,-999.0
2025-07-15 05:00:00,-999.0
2025-07-15 06:00:00,-999.0
2025-07-15 07:00:00,-999.0
2025-07-15 08:00:00,-999.0
2025-07-15 09:00:00,-999.0
2025-07-15 10:00:00,-999.0
2025-07-15 11:00:00,-999.0
2025-07-15 12:00:00,-999.0
2025-07-15 13:00:00,-999.0
2025-07-15 14:00:00,-999.0
2025-07-15 15:00:00,-999.0
2025-07-15 16:00:00,-999.0
2025-07-15 17:00:00,-999.0
2025-07-15 18:00:00,-999.0
2025-07-15 19:00:00,-999.0
2025-07-15 20:00:00,-999.0
2025-07-15 21:00:00,-999.0
2025-07-15 22:00:00,-999.0
2025-07-15 23:00:00,-999.0
2025-07-16 00:00:00,-999.0
2025-07-16 01:00:00,-999.0
2025-07-16 02:00:00,-999.0
2025-07-16 03:00:00,-999.0
2025-07-16 04:00:00,-999.0
2025-07-16 05:00:00,-999.0
2025-07-16 06:00:00,-999.0
2025-07-16 07:00:00,-999.0
2025-07-16 08:00:00,-999.0
2025-07-16 09:00:00,-999.0
2025-07-16 10:00:00,-999.0
2025-07-16 11:00:00,-999.0
2025-07-16 12:00:00,-999.0
2025-07-16 13:00:00,-999.0
2025-07-16 14:00:00,-999.0
2025-07-16 15:00:00,-999.0
2025-07-16 16:00:00,-999.0
2025-07-16 17:00:00,-999.0
2025-07-16 18:00:00,-999.0
2025-07-16 19:00:00,-999.0
2025-07-16 20:00:00,-999.0
2025-07-16 21:00:00,-999.0
2025-07-16 22:00:00,-999.0
2025-07-16 23:00:00,-999.0
2025-07-17 00:00:00,-999.0
2025-07-17 01:00:00,-999.0
2025-07-17 02:00:00,-999.0
2025-07-17 03:00:00,-999.0
2025-07-17 04:00:00,-999.0
2025-07-17 05:00:00,-999.0
2025-07-17 06:00:00,-999.0
2025-07-17 07:00:00,-999.0
2025-07-17 08:00:00,-999.0
2025-07-17 09:00:00,-999.0
2025-07-17 10:00:00,-999.0
2025-07-17 11:00:00,-999.0
2025-07-17 12:00:00,-999.0
2025-07-17 13:00:00,-999.0
2025-07-17 14:00:00,-999.0
2025-07-17 15:00:00,-999.0
2025-07-17 16:00:00,-999.0
2025-07-17 17:00:00,-999.0
2025-07-17 18:00:00,-999.0
2025-07-17 19:00:00,-999.0
2025-07-17 20:00:00,-999.0
2025-07-17 21:00:00,-999.0
2025-07-17 22:00:00,-999.0
2025-07-17 23:00:00,-999.0
2025-07-18 00:00:00,-999.0
2025-07-18 01:00:00,-999.0
2025-07-18 02:00:00,-999.0
2025-07-18 03:00:00,-999.0
2025-07-18 04:00:00,-999.0
2025-07-18 05:00:00,-999.0
2025-07-18 06:00:00,-999.0
2025-07-18 07:00:00,-999.0
2025-07-18 08:00:00,-999.0
2025-07-18 09:00:00,-999.0
2025-07-18 10:00:00,-999.0
2025-07-18 11:00:00,-999.0
2025-07-18 12:00:00,-999.0
2025-07-18 13:00:00,-999.0
2025-07-18 14:00:00,-999.0
2025-07-18 15:00:00,-999.0
2025-07-18 16:00:00,-999.0
2025-07-18 17:00:00,-999.0
2025-07-18 18:00:00,-999.0
2025-07-18 19:00:00,-999.0
2025-07-18 20:00:00,-999.0
2025-07-18 21:00:00,-999.0
2025-07-18 22:00:00,-999.0
2025-07-18 23:00:00,-999.0
2025-07-19 00:00:00,-999.0
2025-07-19 01:00:00,-999.0
2025-07-19 02:00:00,-999.0
2025-07-19 03:00:00,-999.0
2025-07-19 04:00:00,-999.0
2025-07-19 05:00:00,-999.0
2025-07-19 06:00:00,-999.0
2025-07-19 07:00:00,-999.0
2025-07-19 08:00:00,-999.0
2025-07-19 09:00:00,-999.0
2025-07-19 10:00:00,-999.0
2025-07-19 11:00:00,-999.0
2025-07-19 12:00:00,-999.0
2025-07-19 13:00:00,-999.0
2025-07-19 14:00:00,-999.0
2025-07-19 15:00:00,-999.0
2025-07-19 16:00:00,-999.0
2025-07-19 17:00:00,-999.0
2025-07-19 18:00:00,-999.0
2025-07-19 19:00:00,-999.0
2025-07-19 20:00:00,-999.0
2025-07-19 21:00:00,-999.0
2025-07-19 22:00:00,-999.0
2025-07-19 23:00:00,-999.0
2025-07-20 00:00:00,-999.0
2025-07-20 01:00:00,-999.0
2025-07-20 02:00:00,-999.0
2025-07-20 03:00:00,-999.0
2025-07-20 04:00:00,-999.0
2025-07-20 05:00:00,-999.0
2025-07-20 06:00:00,-999.0
2025-07-20 07:00:00,-999.0
2025-07-20 08:00:00,-999.0
2025-07-20 09:00:00,-999.0
2025-07-20 10:00:00,-999.0
2025-07-20 11:00:00,-999.0
2025-07-20 12:00:00,-999.0
2025-07-20 13:00:00,-999.0
2025-07-20 14:00:00,-999.0
2025-07-20 15:00:00,-999.0
2025-07-20 16:00:00,-999.0
2025-07-20 17:00:00,-999.0
2025-07-20 18:00:00,-999.0
2025-07-20 19:00:00,-999.0
2025-07-20 20:00:00,-999.0
2025-07-20 21:00:00,-999.0
2025-07-20 22:00:00,-999.0
2025-07-20 23:00:00,-999.0
2025-07-21 00:00:00,-999.0
2025-07-21 01:00:00,-999.0
2025-07-21 02:00:00,-999.0
2025-07-21 03:00:00,-999.0
2025-07-21 04:00:00,-999.0
2025-07-21 05:00:00,-999.0
2025-07-21 06:00:00,-999.0
2025-07-21 07:00:00,-999.0
2025-07-21 08:00:00,-999.0
2025-07-21 09:00:00,-999.0
2025-07-21 10:00:00,-999.0
2025-07-21 11:00:00,-999.0
2025-07-21 12:00:00,-999.0
2025-07-21 13:00:00,-999.0
2025-07-21 14:00:00,-999.0
2025-07-21 15:00:00,-999.0
2025-07-21 16:00:00,-999.0
2025-07-21 17:00:00,-999.0
2025-07-21 18:00:00,-999.0
2025-07-21 19:00:00,-999.0
2025-07-21 20:00:00,-999.0
2025-07-21 21:00:00,-999.0
2025-07-21 22:00:00,-999.0
2025-07-21 23:00:00,-999.0
2025-07-22 00:00:00,-999.0
2025-07-22 01:00:00,-999.0
2025-07-22 02:00:00,-999.0
2025-07-22 03:00:00,-999.0
2025-07-22 04:00:00,-999.0
2025-07-22 05:00:00,-999.0
2025-07-22 06:00:00,-999.0
2025-07-22 07:00:00,-999.0
2025-07-22 08:00:00,-999.0
2025-07-22 09:00:00,-999.0
2025-07-22 10:00:00,-999.0
2025-07-22 11:00:00,-999.0
2025-07-22 12:00:00,-999.0
2025-07-22 13:00:00,-999.0
2025-07-22 14:00:00,-999.0
2025-07-22 15:00:00,-999.0
2025-07-22 16:00:00,-999.0
2025-07-22 17:00:00,-999.0
2025-07-22 18:00:00,-999.0
2025-07-22 19:00:00,-999.0
2025-07-22 20:00:00,-999.0
2025-07-22 21:00:00,-999.0
2025-07-22 22:00:00,-999.0
2025-07-22 23:00:00,-999.0
2025-07-23 00:00:00,-999.0
2025-07-23 01:00:00,-999.0
2025-07-23 02:00:00,-999.0
2025-07-23 03:00:00,-999.0
2025-07-23 04:00:00,-999.0
2025-07-23 05:00:00,-999.0
2025-07-23 06:00:00,-999.0
2025-07-23 07:00:00,-999.0
2025-07-23 08:00:00,-999.0
2025-07-23 09:00:00,-999.0
2025-07-23 10:00:00,-999.0
2025-07-23 11:00:00,-999.0
2025-07-23 12:00:00,-999.0
2025-07-23 13:00:00,-999.0
2025-07-23 14:00:00,-999.0
2025-07-23 15:00:00,-999.0
2025-07-23 16:00:00,-999.0
2025-07-23 17:00:00,-999.0
2025-07-23 18:00:00,-999.0
2025-07-23 19:00:00,-999.0
2025-07-23 20:00:00,-999.0
2025-07-23 21:00:00,-999.0
2025-07-23 22:00:00,-999.0
2025-07-23 23:00:00,-999.0
2025-07-24 00:00:00,-999.0
2025-07-24 01:00:00,-999.0
2025-07-24 02:00:00,-999.0
2025-07-24 03:00:00,-999.0
2025-07-24 04:00:00,-999.0
2025-07-24 05:00:00,-999.0
2025-07-24 06:00:00,-999.0
2025-07-24 07:00:00,-999.0
2025-07-24 08:00:00,-999.0
2025-07-24 09:00:00,-999.0
2025-07-24 10:00:00,-999.0
2025-07-24 11:00:00,-999.0
2025-07-24 12:00:00,-999.0
2025-07-24 13:00:00,-999.0
2025-07-24 14:00:00,-999.0
2025-07-24 15:00:00,-999.0
2025-07-24 16:00:00,-999.0
2025-07-24 17:00:00,-999.0
2025-07-24 18:00:00,-999.0
2025-07-24 19:00:00,-999.0
2025-07-24 20:00:00,-999.0
2025-07-24 21:00:00,-999.0
2025-07-24 22:00:00,-999.0
2025-07-24 23:00:00,-999.0
2025-07-25 00:00:00,-999.0
2025-07-25 01:00:00,-999.0
2025-07-25 02:00:00,-999.0
2025-07-25 03:00:00,-999.0
2025-07-25 04:00:00,-999.0
2025-07-25 05:00:00,-999.0
2025-07-25 06:00:00,-999.0
2025-07-25 07:00:00,-999.0
2025-07-25 08:00:00,-999.0
2025-07-25 09:00:00,-999.0
2025-07-25 10:00:00,-999.0
2025-07-25 11:00:00,-999.0
2025-07-25 12:00:00,-999.0
2025-07-25 13:00:00,-999.0
2025-07-25 14:00:00,-999.0
2025-07-25 15:00:00,-999.0
2025-07-25 16:00:00,-999.0
2025-07-25 17:00:00,-999.0
2025-07-25 18:00:00,-999.0
2025-07-25 19:00:00,-999.0
2025-07-25 20:00:00,-999.0
2025-07-25 21:00:00,-999.0
2025-07-25 22:00:00,-999.0
2025-07-25 23:00:00,-999.0
2025-07-26 00:00:00,-999.0
2025-07-26 01:00:00,-999.0
2025-07-26 02:00:00,-999.0
2025-07-26 03:00:00,-999.0
2025-07-26 04:00:00,-999.0
2025-07-26 05:00:00,-999.0
2025-07-26 06:00:00,-999.0
2025-07-26 07:00:00,-999.0
2025-07-26 08:00:00,-999.0
2025-07-26 09:00:00,-999.0
2025-07-26 10:00:00,-999.0
2025-07-26 11:00:00,-999.0
2025-07-26 12:00:00,-999.0
2025-07-26 13:00:00,-999.0
2025-07-26 14:00:00,-999.0
2025-07-26 15:00:00,-999.0
2025-07-26 16:00:00,-999.0
2025-07-26 17:00:00,-999.0
2025-07-26 18:00:00,-999.0
2025-07-26 19:00:00,-999.0
2025-07-26 20:00:00,-999.0
2025-07-26 21:00:00,-999.0
2025-07-26 22:00:00,-999.0
2025-07-26 23:00:00,-999.0
2025-07-27 00:00:00,-999.0
2025-07-27 01:00:00,-999.0
2025-07-27 02:00:00,-999.0
2025-07-27 03:00:00,-999.0
2025-07-27 04:00:00,-999.0
2025-07-27 05:00:00,-999.0
2025-07-27 06:00:00,-999.0
2025-07-27 07:00:00,-999.0
2025-07-27 08:00:00,-999.0
2025-07-27 09:00:00,-999.0
2025-07-27 10:00:00,-999.0
2025-07-27 11:00:00,-999.0
2025-07-27 12:00:00,-999.0
2025-07-27 13:00:00,-999.0
2025-07-27 14:00:00,-999.0
2025-07-27 15:00:00,-999.0
2025-07-27 16:00:00,-999.0
2025-07-27 17:00:00,-999.0
2025-07-27 18:00:00,-999.0
2025-07-27 19:00:00,-999.0
2025-07-27 20:00:00,-999.0
2025-07-27 21:00:00,-999.0
2025-07-27 22:00:00,-999.0
2025-07-27 23:00:00,-999.0
2025-07-28 00:00:00,-999.0
2025-07-28 01:00:00,-999.0
2025-07-28 02:00:00,-999.0
2025-07-28 03:00:00,-999.0
2025-07-28 04:00:00,-999.0
2025-07-28 05:00:00,-999.0
2025-07-28 06:00:00,-999.0
2025-07-28 07:00:00,-999.0
2025-07-28 08:00:00,-999.0
2025-07-28 09:00:00,-999.0
2025-07-28 10:00:00,-999.0
2025-07-28 11:00:00,-999.0
2025-07-28 12:00:00,-999.0
2025-07-28 13:00:00,-999.0
2025-07-28 14:00:00,-999.0
2025-07-28 15:00:00,-999.0
2025-07-28 16:00:00,-999.0
2025-07-28 17:00:00,-999.0
2025-07-28 18:00:00,-999.0
2025-07-28 19:00:00,-999.0
2025-07-28 20:00:00,-999.0
2025-07-28 21:00:00,-999.0
2025-07-28 22:00:00,-999.0
2025-07-28 23:00:00,-999.0
2025-07-29 00:00:00,-999.0
2025-07-29 01:00:00,-999.0
2025-07-29 02:00:00,-999.0
2025-07-29 03:00:00,-999.0
2025-07-29 04:00:00,-999.0
2025-07-29 05:00:00,-999.0
2025-07-29 06:00:00,-999.0
2025-07-29 07:00:00,-999.0
2025-07-29 08:00:00,-999.0
2025-07-29 09:00:00,-999.0
2025-07-29 10:00:00,-999.0
2025-07-29 11:00:00,-999.0
2025-07-29 12:00:00,-999.0
2025-07-29 13:00:00,-999.0
2025-07-29 14:00:00,-999.0
2025-07-29 15:00:00,-999.0
2025-07-29 16:00:00,-999.0
2025-07-29 17:00:00,-999.0
2025-07-29 18:00:00,-999.0
2025-07-29 19:00:00,-999.0
2025-07-29 20:00:00,-999.0
2025-07-29 21:00:00,-999.0
2025-07-29 22:00:00,-999.0
2025-07-29 23:00:00,-999.0
2025-07-30 00:00:00,-999.0
2025-07-30 01:00:00,-999.0
2025-07-30 02:00:00,-999.0
2025-07-30 03:00:00,-999.0
2025-07-30 04:00:00,-999.0
2025-07-30 05:00:00,-999.0
2025-07-30 06:00:00,-999.0
2025-07-30 07:00:00,-999.0
2025-07-30 08:00:00,-999.0
2025-07-30 09:00:00,-999.0
2025-07-30 10:00:00,-999.0
2025-07-30 11:00:00,-999.0
2025-07-30 12:00:00,-999.0
2025-07-30 13:00:00,-999.0
2025-07-30 14:00:00,-999.0
2025-07-30 15:00:00,-999.0
2025-07-30 16:00:00,-999.0
2025-07-30 17:00:00,-999.0
2025-07-30 18:00:00,-999.0
2025-07-30 19:00:00,-999.0
2025-07-30 20:00:00,-999.0
2025-07-30 21:00:00,-999.0
2025-07-30 22:00:00,-999.0
2025-07-30 23:00:00,-999.0
2025-07-31 00:00:00,-999.0
2025-07-31 01:00:00,-999.0
2025-07-31 02:00:00,-999.0
2025-07-31 03:00:00,-999.0
2025-07-31 04:00:00,-999.0
2025-07-31 05:00:00,-999.0
2025-07-31 06:00:00,-999.0
2025-07-31 07:00:00,-999.0
2025-07-31 08:00:00,-999.0
2025-07-31 09:00:00,-999.0
2025-07-31 10:00:00,-999.0
2025-07-31 11:00:00,-999.0
2025-07-31 12:00:00,-999.0
2025-07-31 13:00:00,-999.0
2025-07-31 14:00:00,-999.0
2025-07-31 15:00:00,-999.0
2025-07-31 16:00:00,-999.0
2025-07-31 17:00:00,-999.0
2025-07-31 18:00:00,-999.0
2025-07-31 19:00:00,-999.0
2025-07-31 20:00:00,-999.0
2025-07-31 21:00:00,-999.0
2025-07-31 22:00:00,-999.0
2025-07-31 23:00:00,-999.0
2025-08-01 00:00:00,-999.0
2025-08-01 01:00:00,-999.0
2025-08-01 02:00:00,-999.0
2025-08-01 03:00:00,-999.0
2025-08-01 04:00:00,-999.0
2025-08-01 05:00:00,-999.0
2025-08-01 06:00:00,-999.0
2025-08-01 07:00:00,-999.0
2025-08-01 08:00:00,-999.0
2025-08-01 09:00:00,-999.0
2025-08-01 10:00:00,-999.0
2025-08-01 11:00:00,-999.0
2025-08-01 12:00:00,-999.0
2025-08-01 13:00:00,-999.0
2025-08-01 14:00:00,-999.0
2025-08-01 15:00:00,-999.0
2025-08-01 16:00:00,-999.0
2025-08-01 17:00:00,-999.0
2025-08-01 18:00:00,-999.0
2025-08-01 19:00:00,-999.0
2025-08-01 20:00:00,-999.0
2025-08-01 21:00:00,-999.0
2025-08-01 22:00:00,-999.0
2025-08-01 23:00:00,-999.0
2025-08-02 00:00:00,-999.0
2025-08-02 01:00:00,-999.0
2025-08-02 02:00:00,-999.0
2025-08-02 03:00:00,-999.0
2025-08-02 04:00:00,-999.0
2025-08-02 05:00:00,-999.0
2025-08-02 06:00:00,-999.0
2025-08-02 07:00:00,-999.0
2025-08-02 08:00:00,-999.0
2025-08-02 09:00:00,-999.0
2025-08-02 10:00:00,-999.0
2025-08-02 11:00:00,-999.0
2025-08-02 12:00:00,-999.0
2025-08-02 13:00:00,-999.0
2025-08-02 14:00:00,-999.0
2025-08-02 15:00:00,-999.0
2025-08-02 16:00:00,-999.0
2025-08-02 17:00:00,-999.0
2025-08-02 18:00:00,-999.0
2025-08-02 19:00:00,-999.0
2025-08-02 20:00:00,-999.0
2025-08-02 21:00:00,-999.0
2025-08-02 22:00:00,-999.0
2025-08-02 23:00:00,-999.0
