datetime,CLOUD_AMT
2024-08-02 00:00:00,95.48
2024-08-02 01:00:00,90.08
2024-08-02 02:00:00,90.75
2024-08-02 03:00:00,94.33
2024-08-02 04:00:00,98.45
2024-08-02 05:00:00,98.45
2024-08-02 06:00:00,97.21
2024-08-02 07:00:00,97.38
2024-08-02 08:00:00,99.66
2024-08-02 09:00:00,96.74
2024-08-02 10:00:00,99.88
2024-08-02 11:00:00,96.75
2024-08-02 12:00:00,94.14
2024-08-02 13:00:00,89.96
2024-08-02 14:00:00,70.02
2024-08-02 15:00:00,71.99
2024-08-02 16:00:00,78.87
2024-08-02 17:00:00,84.93
2024-08-02 18:00:00,92.66
2024-08-02 19:00:00,99.52
2024-08-02 20:00:00,99.67
2024-08-02 21:00:00,99.08
2024-08-02 22:00:00,99.12
2024-08-02 23:00:00,99.72
2024-08-03 00:00:00,99.63
2024-08-03 01:00:00,99.31
2024-08-03 02:00:00,99.7
2024-08-03 03:00:00,99.65
2024-08-03 04:00:00,99.65
2024-08-03 05:00:00,100.0
2024-08-03 06:00:00,100.0
2024-08-03 07:00:00,99.9
2024-08-03 08:00:00,99.67
2024-08-03 09:00:00,98.65
2024-08-03 10:00:00,99.93
2024-08-03 11:00:00,87.76
2024-08-03 12:00:00,88.44
2024-08-03 13:00:00,89.08
2024-08-03 14:00:00,70.33
2024-08-03 15:00:00,62.91
2024-08-03 16:00:00,71.76
2024-08-03 17:00:00,81.43
2024-08-03 18:00:00,88.7
2024-08-03 19:00:00,95.69
2024-08-03 20:00:00,66.73
2024-08-03 21:00:00,71.89
2024-08-03 22:00:00,68.9
2024-08-03 23:00:00,83.36
2024-08-04 00:00:00,86.19
2024-08-04 01:00:00,46.85
2024-08-04 02:00:00,91.46
2024-08-04 03:00:00,58.89
2024-08-04 04:00:00,21.16
2024-08-04 05:00:00,45.25
2024-08-04 06:00:00,69.3
2024-08-04 07:00:00,90.17
2024-08-04 08:00:00,89.55
2024-08-04 09:00:00,76.12
2024-08-04 10:00:00,78.54
2024-08-04 11:00:00,80.63
2024-08-04 12:00:00,79.71
2024-08-04 13:00:00,80.68
2024-08-04 14:00:00,83.99
2024-08-04 15:00:00,82.41
2024-08-04 16:00:00,86.71
2024-08-04 17:00:00,90.99
2024-08-04 18:00:00,93.98
2024-08-04 19:00:00,98.36
2024-08-04 20:00:00,96.73
2024-08-04 21:00:00,99.31
2024-08-04 22:00:00,99.24
2024-08-04 23:00:00,98.72
2024-08-05 00:00:00,97.59
2024-08-05 01:00:00,63.51
2024-08-05 02:00:00,69.86
2024-08-05 03:00:00,28.04
2024-08-05 04:00:00,24.06
2024-08-05 05:00:00,26.25
2024-08-05 06:00:00,27.85
2024-08-05 07:00:00,33.72
2024-08-05 08:00:00,34.07
2024-08-05 09:00:00,27.82
2024-08-05 10:00:00,34.06
2024-08-05 11:00:00,80.97
2024-08-05 12:00:00,84.33
2024-08-05 13:00:00,80.85
2024-08-05 14:00:00,73.83
2024-08-05 15:00:00,58.97
2024-08-05 16:00:00,68.28
2024-08-05 17:00:00,78.07
2024-08-05 18:00:00,89.04
2024-08-05 19:00:00,99.77
2024-08-05 20:00:00,96.96
2024-08-05 21:00:00,99.78
2024-08-05 22:00:00,99.65
2024-08-05 23:00:00,99.51
2024-08-06 00:00:00,99.42
2024-08-06 01:00:00,99.99
2024-08-06 02:00:00,99.33
2024-08-06 03:00:00,99.66
2024-08-06 04:00:00,99.65
2024-08-06 05:00:00,98.18
2024-08-06 06:00:00,96.31
2024-08-06 07:00:00,95.11
2024-08-06 08:00:00,98.69
2024-08-06 09:00:00,99.27
2024-08-06 10:00:00,99.55
2024-08-06 11:00:00,96.5
2024-08-06 12:00:00,98.41
2024-08-06 13:00:00,94.11
2024-08-06 14:00:00,99.24
2024-08-06 15:00:00,99.33
2024-08-06 16:00:00,98.51
2024-08-06 17:00:00,97.25
2024-08-06 18:00:00,98.9
2024-08-06 19:00:00,98.87
2024-08-06 20:00:00,98.73
2024-08-06 21:00:00,99.06
2024-08-06 22:00:00,99.25
2024-08-06 23:00:00,99.34
2024-08-07 00:00:00,99.59
2024-08-07 01:00:00,99.99
2024-08-07 02:00:00,100.0
2024-08-07 03:00:00,99.85
2024-08-07 04:00:00,99.81
2024-08-07 05:00:00,99.91
2024-08-07 06:00:00,99.78
2024-08-07 07:00:00,100.0
2024-08-07 08:00:00,100.0
2024-08-07 09:00:00,99.82
2024-08-07 10:00:00,99.46
2024-08-07 11:00:00,99.76
2024-08-07 12:00:00,95.55
2024-08-07 13:00:00,99.57
2024-08-07 14:00:00,94.17
2024-08-07 15:00:00,94.1
2024-08-07 16:00:00,95.39
2024-08-07 17:00:00,97.02
2024-08-07 18:00:00,99.32
2024-08-07 19:00:00,99.14
2024-08-07 20:00:00,98.9
2024-08-07 21:00:00,98.75
2024-08-07 22:00:00,99.39
2024-08-07 23:00:00,99.78
2024-08-08 00:00:00,99.7
2024-08-08 01:00:00,99.66
2024-08-08 02:00:00,98.61
2024-08-08 03:00:00,99.83
2024-08-08 04:00:00,97.03
2024-08-08 05:00:00,96.83
2024-08-08 06:00:00,97.8
2024-08-08 07:00:00,98.5
2024-08-08 08:00:00,98.1
2024-08-08 09:00:00,88.14
2024-08-08 10:00:00,74.32
2024-08-08 11:00:00,60.76
2024-08-08 12:00:00,83.51
2024-08-08 13:00:00,77.5
2024-08-08 14:00:00,98.53
2024-08-08 15:00:00,98.5
2024-08-08 16:00:00,100.0
2024-08-08 17:00:00,100.0
2024-08-08 18:00:00,98.03
2024-08-08 19:00:00,96.76
2024-08-08 20:00:00,98.2
2024-08-08 21:00:00,98.85
2024-08-08 22:00:00,98.89
2024-08-08 23:00:00,99.18
2024-08-09 00:00:00,99.59
2024-08-09 01:00:00,97.76
2024-08-09 02:00:00,99.23
2024-08-09 03:00:00,99.38
2024-08-09 04:00:00,99.44
2024-08-09 05:00:00,99.81
2024-08-09 06:00:00,99.62
2024-08-09 07:00:00,99.89
2024-08-09 08:00:00,99.81
2024-08-09 09:00:00,99.32
2024-08-09 10:00:00,93.89
2024-08-09 11:00:00,93.37
2024-08-09 12:00:00,88.56
2024-08-09 13:00:00,93.02
2024-08-09 14:00:00,97.8
2024-08-09 15:00:00,97.94
2024-08-09 16:00:00,98.58
2024-08-09 17:00:00,100.0
2024-08-09 18:00:00,98.01
2024-08-09 19:00:00,98.51
2024-08-09 20:00:00,99.39
2024-08-09 21:00:00,99.02
2024-08-09 22:00:00,98.87
2024-08-09 23:00:00,99.04
2024-08-10 00:00:00,96.34
2024-08-10 01:00:00,99.63
2024-08-10 02:00:00,99.25
2024-08-10 03:00:00,98.97
2024-08-10 04:00:00,99.35
2024-08-10 05:00:00,100.0
2024-08-10 06:00:00,98.9
2024-08-10 07:00:00,99.87
2024-08-10 08:00:00,99.49
2024-08-10 09:00:00,99.83
2024-08-10 10:00:00,99.82
2024-08-10 11:00:00,98.27
2024-08-10 12:00:00,96.25
2024-08-10 13:00:00,99.3
2024-08-10 14:00:00,96.5
2024-08-10 15:00:00,98.63
2024-08-10 16:00:00,99.96
2024-08-10 17:00:00,100.0
2024-08-10 18:00:00,98.44
2024-08-10 19:00:00,98.32
2024-08-10 20:00:00,98.59
2024-08-10 21:00:00,98.07
2024-08-10 22:00:00,98.17
2024-08-10 23:00:00,98.72
2024-08-11 00:00:00,99.75
2024-08-11 01:00:00,100.0
2024-08-11 02:00:00,100.0
2024-08-11 03:00:00,99.83
2024-08-11 04:00:00,99.83
2024-08-11 05:00:00,98.5
2024-08-11 06:00:00,100.0
2024-08-11 07:00:00,100.0
2024-08-11 08:00:00,99.96
2024-08-11 09:00:00,98.68
2024-08-11 10:00:00,95.16
2024-08-11 11:00:00,89.56
2024-08-11 12:00:00,93.11
2024-08-11 13:00:00,96.74
2024-08-11 14:00:00,99.31
2024-08-11 15:00:00,99.5
2024-08-11 16:00:00,100.0
2024-08-11 17:00:00,100.0
2024-08-11 18:00:00,98.73
2024-08-11 19:00:00,98.33
2024-08-11 20:00:00,99.11
2024-08-11 21:00:00,99.41
2024-08-11 22:00:00,99.1
2024-08-11 23:00:00,99.14
2024-08-12 00:00:00,98.89
2024-08-12 01:00:00,99.85
2024-08-12 02:00:00,99.48
2024-08-12 03:00:00,99.35
2024-08-12 04:00:00,99.7
2024-08-12 05:00:00,97.8
2024-08-12 06:00:00,98.89
2024-08-12 07:00:00,98.98
2024-08-12 08:00:00,97.11
2024-08-12 09:00:00,97.32
2024-08-12 10:00:00,86.63
2024-08-12 11:00:00,94.55
2024-08-12 12:00:00,97.26
2024-08-12 13:00:00,97.91
2024-08-12 14:00:00,98.95
2024-08-12 15:00:00,99.17
2024-08-12 16:00:00,99.17
2024-08-12 17:00:00,99.78
2024-08-12 18:00:00,97.06
2024-08-12 19:00:00,98.46
2024-08-12 20:00:00,97.14
2024-08-12 21:00:00,98.01
2024-08-12 22:00:00,98.97
2024-08-12 23:00:00,98.17
2024-08-13 00:00:00,100.0
2024-08-13 01:00:00,98.75
2024-08-13 02:00:00,99.48
2024-08-13 03:00:00,99.59
2024-08-13 04:00:00,98.09
2024-08-13 05:00:00,96.7
2024-08-13 06:00:00,92.9
2024-08-13 07:00:00,90.12
2024-08-13 08:00:00,72.97
2024-08-13 09:00:00,38.0
2024-08-13 10:00:00,37.07
2024-08-13 11:00:00,45.02
2024-08-13 12:00:00,52.98
2024-08-13 13:00:00,58.51
2024-08-13 14:00:00,76.59
2024-08-13 15:00:00,87.0
2024-08-13 16:00:00,90.47
2024-08-13 17:00:00,94.75
2024-08-13 18:00:00,96.1
2024-08-13 19:00:00,96.93
2024-08-13 20:00:00,96.52
2024-08-13 21:00:00,97.0
2024-08-13 22:00:00,97.49
2024-08-13 23:00:00,97.02
2024-08-14 00:00:00,99.95
2024-08-14 01:00:00,98.69
2024-08-14 02:00:00,99.98
2024-08-14 03:00:00,99.74
2024-08-14 04:00:00,99.75
2024-08-14 05:00:00,97.99
2024-08-14 06:00:00,96.28
2024-08-14 07:00:00,94.79
2024-08-14 08:00:00,99.18
2024-08-14 09:00:00,96.14
2024-08-14 10:00:00,90.35
2024-08-14 11:00:00,99.95
2024-08-14 12:00:00,98.69
2024-08-14 13:00:00,99.74
2024-08-14 14:00:00,99.17
2024-08-14 15:00:00,99.0
2024-08-14 16:00:00,98.61
2024-08-14 17:00:00,99.55
2024-08-14 18:00:00,99.1
2024-08-14 19:00:00,99.46
2024-08-14 20:00:00,98.92
2024-08-14 21:00:00,98.7
2024-08-14 22:00:00,98.92
2024-08-14 23:00:00,99.91
2024-08-15 00:00:00,98.94
2024-08-15 01:00:00,100.0
2024-08-15 02:00:00,100.0
2024-08-15 03:00:00,99.83
2024-08-15 04:00:00,99.54
2024-08-15 05:00:00,100.0
2024-08-15 06:00:00,100.0
2024-08-15 07:00:00,100.0
2024-08-15 08:00:00,100.0
2024-08-15 09:00:00,90.34
2024-08-15 10:00:00,78.28
2024-08-15 11:00:00,80.78
2024-08-15 12:00:00,72.12
2024-08-15 13:00:00,95.2
2024-08-15 14:00:00,46.28
2024-08-15 15:00:00,25.13
2024-08-15 16:00:00,44.18
2024-08-15 17:00:00,70.16
2024-08-15 18:00:00,98.38
2024-08-15 19:00:00,98.17
2024-08-15 20:00:00,98.3
2024-08-15 21:00:00,98.42
2024-08-15 22:00:00,98.47
2024-08-15 23:00:00,99.08
2024-08-16 00:00:00,99.78
2024-08-16 01:00:00,99.2
2024-08-16 02:00:00,98.17
2024-08-16 03:00:00,99.27
2024-08-16 04:00:00,99.82
2024-08-16 05:00:00,95.53
2024-08-16 06:00:00,90.64
2024-08-16 07:00:00,86.48
2024-08-16 08:00:00,82.78
2024-08-16 09:00:00,75.8
2024-08-16 10:00:00,81.57
2024-08-16 11:00:00,91.44
2024-08-16 12:00:00,90.2
2024-08-16 13:00:00,75.97
2024-08-16 14:00:00,73.4
2024-08-16 15:00:00,90.67
2024-08-16 16:00:00,93.09
2024-08-16 17:00:00,94.17
2024-08-16 18:00:00,96.62
2024-08-16 19:00:00,97.38
2024-08-16 20:00:00,98.31
2024-08-16 21:00:00,97.54
2024-08-16 22:00:00,96.81
2024-08-16 23:00:00,96.74
2024-08-17 00:00:00,97.65
2024-08-17 01:00:00,99.87
2024-08-17 02:00:00,98.64
2024-08-17 03:00:00,99.23
2024-08-17 04:00:00,98.95
2024-08-17 05:00:00,95.74
2024-08-17 06:00:00,93.13
2024-08-17 07:00:00,90.62
2024-08-17 08:00:00,88.97
2024-08-17 09:00:00,89.81
2024-08-17 10:00:00,59.04
2024-08-17 11:00:00,40.83
2024-08-17 12:00:00,41.37
2024-08-17 13:00:00,52.99
2024-08-17 14:00:00,80.29
2024-08-17 15:00:00,82.52
2024-08-17 16:00:00,86.53
2024-08-17 17:00:00,92.9
2024-08-17 18:00:00,98.04
2024-08-17 19:00:00,98.58
2024-08-17 20:00:00,98.83
2024-08-17 21:00:00,99.66
2024-08-17 22:00:00,99.52
2024-08-17 23:00:00,99.32
2024-08-18 00:00:00,98.47
2024-08-18 01:00:00,99.96
2024-08-18 02:00:00,99.34
2024-08-18 03:00:00,97.22
2024-08-18 04:00:00,97.2
2024-08-18 05:00:00,99.0
2024-08-18 06:00:00,97.32
2024-08-18 07:00:00,97.57
2024-08-18 08:00:00,99.17
2024-08-18 09:00:00,99.37
2024-08-18 10:00:00,100.0
2024-08-18 11:00:00,99.55
2024-08-18 12:00:00,99.4
2024-08-18 13:00:00,97.9
2024-08-18 14:00:00,96.07
2024-08-18 15:00:00,97.62
2024-08-18 16:00:00,99.32
2024-08-18 17:00:00,98.53
2024-08-18 18:00:00,99.62
2024-08-18 19:00:00,99.13
2024-08-18 20:00:00,99.68
2024-08-18 21:00:00,99.67
2024-08-18 22:00:00,99.22
2024-08-18 23:00:00,99.71
2024-08-19 00:00:00,97.74
2024-08-19 01:00:00,99.8
2024-08-19 02:00:00,92.81
2024-08-19 03:00:00,93.4
2024-08-19 04:00:00,82.28
2024-08-19 05:00:00,82.78
2024-08-19 06:00:00,83.27
2024-08-19 07:00:00,83.31
2024-08-19 08:00:00,83.77
2024-08-19 09:00:00,49.91
2024-08-19 10:00:00,24.95
2024-08-19 11:00:00,68.68
2024-08-19 12:00:00,61.5
2024-08-19 13:00:00,84.04
2024-08-19 14:00:00,91.45
2024-08-19 15:00:00,96.64
2024-08-19 16:00:00,97.03
2024-08-19 17:00:00,97.93
2024-08-19 18:00:00,96.22
2024-08-19 19:00:00,97.74
2024-08-19 20:00:00,97.77
2024-08-19 21:00:00,98.55
2024-08-19 22:00:00,99.46
2024-08-19 23:00:00,99.56
2024-08-20 00:00:00,99.78
2024-08-20 01:00:00,99.73
2024-08-20 02:00:00,98.47
2024-08-20 03:00:00,99.13
2024-08-20 04:00:00,98.7
2024-08-20 05:00:00,98.27
2024-08-20 06:00:00,98.68
2024-08-20 07:00:00,98.5
2024-08-20 08:00:00,98.76
2024-08-20 09:00:00,98.71
2024-08-20 10:00:00,98.63
2024-08-20 11:00:00,99.33
2024-08-20 12:00:00,97.81
2024-08-20 13:00:00,99.19
2024-08-20 14:00:00,99.22
2024-08-20 15:00:00,98.84
2024-08-20 16:00:00,100.0
2024-08-20 17:00:00,100.0
2024-08-20 18:00:00,99.11
2024-08-20 19:00:00,99.24
2024-08-20 20:00:00,99.45
2024-08-20 21:00:00,98.41
2024-08-20 22:00:00,98.84
2024-08-20 23:00:00,99.14
2024-08-21 00:00:00,99.45
2024-08-21 01:00:00,99.81
2024-08-21 02:00:00,98.87
2024-08-21 03:00:00,99.58
2024-08-21 04:00:00,99.26
2024-08-21 05:00:00,98.12
2024-08-21 06:00:00,99.71
2024-08-21 07:00:00,99.86
2024-08-21 08:00:00,99.0
2024-08-21 09:00:00,98.5
2024-08-21 10:00:00,99.86
2024-08-21 11:00:00,98.94
2024-08-21 12:00:00,83.29
2024-08-21 13:00:00,89.17
2024-08-21 14:00:00,82.73
2024-08-21 15:00:00,85.89
2024-08-21 16:00:00,87.89
2024-08-21 17:00:00,90.87
2024-08-21 18:00:00,95.19
2024-08-21 19:00:00,96.16
2024-08-21 20:00:00,97.44
2024-08-21 21:00:00,98.33
2024-08-21 22:00:00,99.15
2024-08-21 23:00:00,99.42
2024-08-22 00:00:00,99.44
2024-08-22 01:00:00,99.71
2024-08-22 02:00:00,97.65
2024-08-22 03:00:00,93.97
2024-08-22 04:00:00,97.22
2024-08-22 05:00:00,94.15
2024-08-22 06:00:00,89.16
2024-08-22 07:00:00,86.44
2024-08-22 08:00:00,83.2
2024-08-22 09:00:00,89.09
2024-08-22 10:00:00,98.39
2024-08-22 11:00:00,97.24
2024-08-22 12:00:00,97.7
2024-08-22 13:00:00,97.57
2024-08-22 14:00:00,98.28
2024-08-22 15:00:00,94.0
2024-08-22 16:00:00,94.65
2024-08-22 17:00:00,96.47
2024-08-22 18:00:00,96.68
2024-08-22 19:00:00,97.62
2024-08-22 20:00:00,98.17
2024-08-22 21:00:00,98.21
2024-08-22 22:00:00,98.48
2024-08-22 23:00:00,99.24
2024-08-23 00:00:00,99.45
2024-08-23 01:00:00,99.96
2024-08-23 02:00:00,99.64
2024-08-23 03:00:00,99.76
2024-08-23 04:00:00,99.73
2024-08-23 05:00:00,94.11
2024-08-23 06:00:00,88.78
2024-08-23 07:00:00,84.22
2024-08-23 08:00:00,80.73
2024-08-23 09:00:00,76.55
2024-08-23 10:00:00,41.14
2024-08-23 11:00:00,41.95
2024-08-23 12:00:00,44.72
2024-08-23 13:00:00,54.93
2024-08-23 14:00:00,79.75
2024-08-23 15:00:00,90.14
2024-08-23 16:00:00,94.3
2024-08-23 17:00:00,97.56
2024-08-23 18:00:00,96.67
2024-08-23 19:00:00,97.32
2024-08-23 20:00:00,98.74
2024-08-23 21:00:00,99.46
2024-08-23 22:00:00,99.5
2024-08-23 23:00:00,99.64
2024-08-24 00:00:00,100.0
2024-08-24 01:00:00,99.67
2024-08-24 02:00:00,99.72
2024-08-24 03:00:00,99.65
2024-08-24 04:00:00,99.58
2024-08-24 05:00:00,94.77
2024-08-24 06:00:00,89.59
2024-08-24 07:00:00,85.92
2024-08-24 08:00:00,82.85
2024-08-24 09:00:00,66.83
2024-08-24 10:00:00,59.68
2024-08-24 11:00:00,70.69
2024-08-24 12:00:00,61.1
2024-08-24 13:00:00,71.54
2024-08-24 14:00:00,64.44
2024-08-24 15:00:00,78.89
2024-08-24 16:00:00,85.72
2024-08-24 17:00:00,93.2
2024-08-24 18:00:00,97.96
2024-08-24 19:00:00,98.64
2024-08-24 20:00:00,97.91
2024-08-24 21:00:00,96.19
2024-08-24 22:00:00,96.6
2024-08-24 23:00:00,97.61
2024-08-25 00:00:00,94.04
2024-08-25 01:00:00,99.55
2024-08-25 02:00:00,95.44
2024-08-25 03:00:00,99.71
2024-08-25 04:00:00,96.78
2024-08-25 05:00:00,95.98
2024-08-25 06:00:00,95.71
2024-08-25 07:00:00,94.94
2024-08-25 08:00:00,94.41
2024-08-25 09:00:00,79.14
2024-08-25 10:00:00,67.17
2024-08-25 11:00:00,66.62
2024-08-25 12:00:00,66.59
2024-08-25 13:00:00,56.1
2024-08-25 14:00:00,65.08
2024-08-25 15:00:00,44.73
2024-08-25 16:00:00,60.45
2024-08-25 17:00:00,80.14
2024-08-25 18:00:00,98.59
2024-08-25 19:00:00,98.44
2024-08-25 20:00:00,98.88
2024-08-25 21:00:00,97.34
2024-08-25 22:00:00,99.51
2024-08-25 23:00:00,91.76
2024-08-26 00:00:00,84.65
2024-08-26 01:00:00,96.04
2024-08-26 02:00:00,97.62
2024-08-26 03:00:00,88.54
2024-08-26 04:00:00,97.52
2024-08-26 05:00:00,93.95
2024-08-26 06:00:00,90.42
2024-08-26 07:00:00,87.04
2024-08-26 08:00:00,84.58
2024-08-26 09:00:00,86.2
2024-08-26 10:00:00,72.74
2024-08-26 11:00:00,68.73
2024-08-26 12:00:00,62.97
2024-08-26 13:00:00,61.31
2024-08-26 14:00:00,77.5
2024-08-26 15:00:00,78.91
2024-08-26 16:00:00,85.19
2024-08-26 17:00:00,92.22
2024-08-26 18:00:00,98.71
2024-08-26 19:00:00,98.88
2024-08-26 20:00:00,99.36
2024-08-26 21:00:00,99.73
2024-08-26 22:00:00,99.26
2024-08-26 23:00:00,99.09
2024-08-27 00:00:00,98.97
2024-08-27 01:00:00,99.17
2024-08-27 02:00:00,97.23
2024-08-27 03:00:00,98.56
2024-08-27 04:00:00,99.53
2024-08-27 05:00:00,95.93
2024-08-27 06:00:00,92.65
2024-08-27 07:00:00,90.22
2024-08-27 08:00:00,90.72
2024-08-27 09:00:00,93.38
2024-08-27 10:00:00,77.02
2024-08-27 11:00:00,69.77
2024-08-27 12:00:00,51.95
2024-08-27 13:00:00,70.82
2024-08-27 14:00:00,75.12
2024-08-27 15:00:00,85.29
2024-08-27 16:00:00,89.69
2024-08-27 17:00:00,95.62
2024-08-27 18:00:00,98.19
2024-08-27 19:00:00,98.07
2024-08-27 20:00:00,99.5
2024-08-27 21:00:00,99.6
2024-08-27 22:00:00,98.91
2024-08-27 23:00:00,99.67
2024-08-28 00:00:00,99.84
2024-08-28 01:00:00,100.0
2024-08-28 02:00:00,99.84
2024-08-28 03:00:00,99.59
2024-08-28 04:00:00,99.69
2024-08-28 05:00:00,99.86
2024-08-28 06:00:00,99.73
2024-08-28 07:00:00,99.57
2024-08-28 08:00:00,99.56
2024-08-28 09:00:00,99.36
2024-08-28 10:00:00,100.0
2024-08-28 11:00:00,98.26
2024-08-28 12:00:00,99.97
2024-08-28 13:00:00,98.25
2024-08-28 14:00:00,98.18
2024-08-28 15:00:00,100.0
2024-08-28 16:00:00,99.81
2024-08-28 17:00:00,100.0
2024-08-28 18:00:00,99.69
2024-08-28 19:00:00,99.75
2024-08-28 20:00:00,99.74
2024-08-28 21:00:00,99.64
2024-08-28 22:00:00,99.63
2024-08-28 23:00:00,99.73
2024-08-29 00:00:00,98.73
2024-08-29 01:00:00,99.76
2024-08-29 02:00:00,99.16
2024-08-29 03:00:00,99.78
2024-08-29 04:00:00,99.79
2024-08-29 05:00:00,82.2
2024-08-29 06:00:00,63.1
2024-08-29 07:00:00,45.21
2024-08-29 08:00:00,31.78
2024-08-29 09:00:00,23.03
2024-08-29 10:00:00,20.53
2024-08-29 11:00:00,26.03
2024-08-29 12:00:00,26.44
2024-08-29 13:00:00,44.27
2024-08-29 14:00:00,41.6
2024-08-29 15:00:00,29.17
2024-08-29 16:00:00,50.52
2024-08-29 17:00:00,74.25
2024-08-29 18:00:00,99.56
2024-08-29 19:00:00,99.72
2024-08-29 20:00:00,99.13
2024-08-29 21:00:00,95.71
2024-08-29 22:00:00,97.48
2024-08-29 23:00:00,98.91
2024-08-30 00:00:00,99.83
2024-08-30 01:00:00,98.99
2024-08-30 02:00:00,99.96
2024-08-30 03:00:00,99.67
2024-08-30 04:00:00,99.66
2024-08-30 05:00:00,80.31
2024-08-30 06:00:00,60.33
2024-08-30 07:00:00,41.11
2024-08-30 08:00:00,23.84
2024-08-30 09:00:00,4.0
2024-08-30 10:00:00,17.83
2024-08-30 11:00:00,41.87
2024-08-30 12:00:00,38.73
2024-08-30 13:00:00,44.99
2024-08-30 14:00:00,59.29
2024-08-30 15:00:00,63.35
2024-08-30 16:00:00,74.87
2024-08-30 17:00:00,86.53
2024-08-30 18:00:00,99.17
2024-08-30 19:00:00,99.63
2024-08-30 20:00:00,99.71
2024-08-30 21:00:00,99.98
2024-08-30 22:00:00,99.88
2024-08-30 23:00:00,100.0
2024-08-31 00:00:00,100.0
2024-08-31 01:00:00,99.98
2024-08-31 02:00:00,100.0
2024-08-31 03:00:00,100.0
2024-08-31 04:00:00,99.98
2024-08-31 05:00:00,80.6
2024-08-31 06:00:00,59.65
2024-08-31 07:00:00,42.73
2024-08-31 08:00:00,22.7
2024-08-31 09:00:00,2.29
2024-08-31 10:00:00,13.49
2024-08-31 11:00:00,24.7
2024-08-31 12:00:00,30.74
2024-08-31 13:00:00,29.41
2024-08-31 14:00:00,62.7
2024-08-31 15:00:00,81.87
2024-08-31 16:00:00,87.2
2024-08-31 17:00:00,92.88
2024-08-31 18:00:00,99.02
2024-08-31 19:00:00,99.12
2024-08-31 20:00:00,99.11
2024-08-31 21:00:00,99.46
2024-08-31 22:00:00,99.67
2024-08-31 23:00:00,99.8
2024-09-01 00:00:00,99.92
2024-09-01 01:00:00,99.81
2024-09-01 02:00:00,99.04
2024-09-01 03:00:00,99.16
2024-09-01 04:00:00,99.46
2024-09-01 05:00:00,28.43
2024-09-01 06:00:00,25.71
2024-09-01 07:00:00,26.18
2024-09-01 08:00:00,26.46
2024-09-01 09:00:00,65.72
2024-09-01 10:00:00,40.96
2024-09-01 11:00:00,60.97
2024-09-01 12:00:00,97.71
2024-09-01 13:00:00,96.64
2024-09-01 14:00:00,99.21
2024-09-01 15:00:00,99.34
2024-09-01 16:00:00,100.0
2024-09-01 17:00:00,99.91
2024-09-01 18:00:00,97.43
2024-09-01 19:00:00,93.2
2024-09-01 20:00:00,79.26
2024-09-01 21:00:00,75.96
2024-09-01 22:00:00,67.26
2024-09-01 23:00:00,67.42
2024-09-02 00:00:00,74.71
2024-09-02 01:00:00,73.72
2024-09-02 02:00:00,92.95
2024-09-02 03:00:00,99.1
2024-09-02 04:00:00,99.7
2024-09-02 05:00:00,100.0
2024-09-02 06:00:00,100.0
2024-09-02 07:00:00,100.0
2024-09-02 08:00:00,99.28
2024-09-02 09:00:00,99.9
2024-09-02 10:00:00,85.53
2024-09-02 11:00:00,53.27
2024-09-02 12:00:00,47.29
2024-09-02 13:00:00,63.6
2024-09-02 14:00:00,55.68
2024-09-02 15:00:00,54.52
2024-09-02 16:00:00,44.76
2024-09-02 17:00:00,35.75
2024-09-02 18:00:00,23.81
2024-09-02 19:00:00,14.19
2024-09-02 20:00:00,25.67
2024-09-02 21:00:00,54.81
2024-09-02 22:00:00,50.21
2024-09-02 23:00:00,40.45
2024-09-03 00:00:00,65.09
2024-09-03 01:00:00,51.42
2024-09-03 02:00:00,76.43
2024-09-03 03:00:00,51.96
2024-09-03 04:00:00,4.0
2024-09-03 05:00:00,5.23
2024-09-03 06:00:00,5.31
2024-09-03 07:00:00,8.95
2024-09-03 08:00:00,10.4
2024-09-03 09:00:00,1.71
2024-09-03 10:00:00,13.48
2024-09-03 11:00:00,22.37
2024-09-03 12:00:00,17.83
2024-09-03 13:00:00,28.07
2024-09-03 14:00:00,24.43
2024-09-03 15:00:00,18.43
2024-09-03 16:00:00,18.58
2024-09-03 17:00:00,17.95
2024-09-03 18:00:00,19.71
2024-09-03 19:00:00,17.5
2024-09-03 20:00:00,17.59
2024-09-03 21:00:00,34.19
2024-09-03 22:00:00,28.53
2024-09-03 23:00:00,29.68
2024-09-04 00:00:00,68.18
2024-09-04 01:00:00,83.88
2024-09-04 02:00:00,91.79
2024-09-04 03:00:00,75.33
2024-09-04 04:00:00,9.17
2024-09-04 05:00:00,9.11
2024-09-04 06:00:00,9.34
2024-09-04 07:00:00,11.51
2024-09-04 08:00:00,11.47
2024-09-04 09:00:00,16.45
2024-09-04 10:00:00,37.16
2024-09-04 11:00:00,46.37
2024-09-04 12:00:00,73.57
2024-09-04 13:00:00,87.53
2024-09-04 14:00:00,96.51
2024-09-04 15:00:00,96.05
2024-09-04 16:00:00,96.95
2024-09-04 17:00:00,99.25
2024-09-04 18:00:00,98.46
2024-09-04 19:00:00,98.85
2024-09-04 20:00:00,98.52
2024-09-04 21:00:00,98.83
2024-09-04 22:00:00,97.89
2024-09-04 23:00:00,98.23
2024-09-05 00:00:00,99.17
2024-09-05 01:00:00,99.34
2024-09-05 02:00:00,99.97
2024-09-05 03:00:00,99.91
2024-09-05 04:00:00,95.76
2024-09-05 05:00:00,87.97
2024-09-05 06:00:00,80.36
2024-09-05 07:00:00,73.05
2024-09-05 08:00:00,65.72
2024-09-05 09:00:00,65.56
2024-09-05 10:00:00,70.7
2024-09-05 11:00:00,88.47
2024-09-05 12:00:00,91.45
2024-09-05 13:00:00,90.02
2024-09-05 14:00:00,82.81
2024-09-05 15:00:00,80.3
2024-09-05 16:00:00,85.99
2024-09-05 17:00:00,93.22
2024-09-05 18:00:00,97.42
2024-09-05 19:00:00,97.63
2024-09-05 20:00:00,98.37
2024-09-05 21:00:00,98.33
2024-09-05 22:00:00,99.28
2024-09-05 23:00:00,99.78
2024-09-06 00:00:00,99.75
2024-09-06 01:00:00,100.0
2024-09-06 02:00:00,99.75
2024-09-06 03:00:00,99.79
2024-09-06 04:00:00,99.84
2024-09-06 05:00:00,96.62
2024-09-06 06:00:00,93.15
2024-09-06 07:00:00,89.78
2024-09-06 08:00:00,87.15
2024-09-06 09:00:00,99.01
2024-09-06 10:00:00,92.08
2024-09-06 11:00:00,87.66
2024-09-06 12:00:00,61.57
2024-09-06 13:00:00,69.09
2024-09-06 14:00:00,52.7
2024-09-06 15:00:00,41.89
2024-09-06 16:00:00,59.67
2024-09-06 17:00:00,78.45
2024-09-06 18:00:00,99.18
2024-09-06 19:00:00,99.66
2024-09-06 20:00:00,99.65
2024-09-06 21:00:00,98.54
2024-09-06 22:00:00,99.6
2024-09-06 23:00:00,99.66
2024-09-07 00:00:00,99.23
2024-09-07 01:00:00,99.7
2024-09-07 02:00:00,98.08
2024-09-07 03:00:00,87.9
2024-09-07 04:00:00,98.83
2024-09-07 05:00:00,80.49
2024-09-07 06:00:00,62.03
2024-09-07 07:00:00,44.21
2024-09-07 08:00:00,26.41
2024-09-07 09:00:00,59.55
2024-09-07 10:00:00,28.58
2024-09-07 11:00:00,38.2
2024-09-07 12:00:00,29.57
2024-09-07 13:00:00,36.66
2024-09-07 14:00:00,33.56
2024-09-07 15:00:00,38.73
2024-09-07 16:00:00,52.65
2024-09-07 17:00:00,71.98
2024-09-07 18:00:00,89.04
2024-09-07 19:00:00,91.89
2024-09-07 20:00:00,99.62
2024-09-07 21:00:00,99.44
2024-09-07 22:00:00,99.44
2024-09-07 23:00:00,99.47
2024-09-08 00:00:00,99.47
2024-09-08 01:00:00,99.62
2024-09-08 02:00:00,99.65
2024-09-08 03:00:00,99.81
2024-09-08 04:00:00,96.14
2024-09-08 05:00:00,72.57
2024-09-08 06:00:00,48.61
2024-09-08 07:00:00,26.41
2024-09-08 08:00:00,2.29
2024-09-08 09:00:00,0.57
2024-09-08 10:00:00,7.6
2024-09-08 11:00:00,31.29
2024-09-08 12:00:00,36.29
2024-09-08 13:00:00,72.61
2024-09-08 14:00:00,79.4
2024-09-08 15:00:00,87.26
2024-09-08 16:00:00,89.42
2024-09-08 17:00:00,92.39
2024-09-08 18:00:00,97.99
2024-09-08 19:00:00,99.4
2024-09-08 20:00:00,99.47
2024-09-08 21:00:00,99.51
2024-09-08 22:00:00,99.55
2024-09-08 23:00:00,99.59
2024-09-09 00:00:00,93.48
2024-09-09 01:00:00,96.26
2024-09-09 02:00:00,98.18
2024-09-09 03:00:00,94.42
2024-09-09 04:00:00,96.57
2024-09-09 05:00:00,97.37
2024-09-09 06:00:00,94.92
2024-09-09 07:00:00,93.11
2024-09-09 08:00:00,91.76
2024-09-09 09:00:00,69.26
2024-09-09 10:00:00,49.3
2024-09-09 11:00:00,77.75
2024-09-09 12:00:00,90.64
2024-09-09 13:00:00,98.86
2024-09-09 14:00:00,98.99
2024-09-09 15:00:00,99.64
2024-09-09 16:00:00,100.0
2024-09-09 17:00:00,100.0
2024-09-09 18:00:00,98.22
2024-09-09 19:00:00,99.34
2024-09-09 20:00:00,99.87
2024-09-09 21:00:00,97.67
2024-09-09 22:00:00,98.22
2024-09-09 23:00:00,99.93
2024-09-10 00:00:00,99.77
2024-09-10 01:00:00,98.77
2024-09-10 02:00:00,96.13
2024-09-10 03:00:00,99.78
2024-09-10 04:00:00,93.48
2024-09-10 05:00:00,71.71
2024-09-10 06:00:00,47.49
2024-09-10 07:00:00,28.08
2024-09-10 08:00:00,7.64
2024-09-10 09:00:00,16.26
2024-09-10 10:00:00,40.36
2024-09-10 11:00:00,62.81
2024-09-10 12:00:00,57.65
2024-09-10 13:00:00,65.21
2024-09-10 14:00:00,48.39
2024-09-10 15:00:00,59.48
2024-09-10 16:00:00,70.7
2024-09-10 17:00:00,85.29
2024-09-10 18:00:00,96.17
2024-09-10 19:00:00,98.5
2024-09-10 20:00:00,98.49
2024-09-10 21:00:00,98.79
2024-09-10 22:00:00,99.18
2024-09-10 23:00:00,98.8
2024-09-11 00:00:00,98.72
2024-09-11 01:00:00,100.0
2024-09-11 02:00:00,99.77
2024-09-11 03:00:00,99.29
2024-09-11 04:00:00,99.46
2024-09-11 05:00:00,99.93
2024-09-11 06:00:00,92.52
2024-09-11 07:00:00,94.16
2024-09-11 08:00:00,98.02
2024-09-11 09:00:00,98.6
2024-09-11 10:00:00,99.26
2024-09-11 11:00:00,98.23
2024-09-11 12:00:00,98.29
2024-09-11 13:00:00,99.32
2024-09-11 14:00:00,98.04
2024-09-11 15:00:00,91.89
2024-09-11 16:00:00,84.76
2024-09-11 17:00:00,99.98
2024-09-11 18:00:00,99.44
2024-09-11 19:00:00,99.48
2024-09-11 20:00:00,99.23
2024-09-11 21:00:00,98.23
2024-09-11 22:00:00,98.19
2024-09-11 23:00:00,98.45
2024-09-12 00:00:00,98.32
2024-09-12 01:00:00,100.0
2024-09-12 02:00:00,99.3
2024-09-12 03:00:00,99.42
2024-09-12 04:00:00,99.71
2024-09-12 05:00:00,99.21
2024-09-12 06:00:00,99.93
2024-09-12 07:00:00,100.0
2024-09-12 08:00:00,100.0
2024-09-12 09:00:00,100.0
2024-09-12 10:00:00,100.0
2024-09-12 11:00:00,99.91
2024-09-12 12:00:00,100.0
2024-09-12 13:00:00,97.58
2024-09-12 14:00:00,99.01
2024-09-12 15:00:00,99.56
2024-09-12 16:00:00,100.0
2024-09-12 17:00:00,100.0
2024-09-12 18:00:00,99.63
2024-09-12 19:00:00,99.77
2024-09-12 20:00:00,99.87
2024-09-12 21:00:00,99.88
2024-09-12 22:00:00,99.86
2024-09-12 23:00:00,99.86
2024-09-13 00:00:00,99.38
2024-09-13 01:00:00,97.16
2024-09-13 02:00:00,99.65
2024-09-13 03:00:00,99.16
2024-09-13 04:00:00,92.67
2024-09-13 05:00:00,93.51
2024-09-13 06:00:00,91.73
2024-09-13 07:00:00,93.22
2024-09-13 08:00:00,95.75
2024-09-13 09:00:00,96.15
2024-09-13 10:00:00,89.55
2024-09-13 11:00:00,89.13
2024-09-13 12:00:00,73.95
2024-09-13 13:00:00,71.91
2024-09-13 14:00:00,81.5
2024-09-13 15:00:00,83.57
2024-09-13 16:00:00,84.84
2024-09-13 17:00:00,89.55
2024-09-13 18:00:00,92.7
2024-09-13 19:00:00,90.18
2024-09-13 20:00:00,95.58
2024-09-13 21:00:00,96.19
2024-09-13 22:00:00,99.23
2024-09-13 23:00:00,98.72
2024-09-14 00:00:00,85.12
2024-09-14 01:00:00,93.78
2024-09-14 02:00:00,51.65
2024-09-14 03:00:00,28.19
2024-09-14 04:00:00,14.93
2024-09-14 05:00:00,18.23
2024-09-14 06:00:00,20.24
2024-09-14 07:00:00,28.88
2024-09-14 08:00:00,31.74
2024-09-14 09:00:00,30.38
2024-09-14 10:00:00,23.32
2024-09-14 11:00:00,54.74
2024-09-14 12:00:00,90.18
2024-09-14 13:00:00,53.28
2024-09-14 14:00:00,68.77
2024-09-14 15:00:00,76.39
2024-09-14 16:00:00,82.65
2024-09-14 17:00:00,91.77
2024-09-14 18:00:00,99.8
2024-09-14 19:00:00,96.91
2024-09-14 20:00:00,92.24
2024-09-14 21:00:00,86.31
2024-09-14 22:00:00,50.05
2024-09-14 23:00:00,20.07
2024-09-15 00:00:00,39.41
2024-09-15 01:00:00,0.57
2024-09-15 02:00:00,12.55
2024-09-15 03:00:00,0.57
2024-09-15 04:00:00,0.57
2024-09-15 05:00:00,0.57
2024-09-15 06:00:00,0.57
2024-09-15 07:00:00,0.57
2024-09-15 08:00:00,0.57
2024-09-15 09:00:00,13.23
2024-09-15 10:00:00,33.64
2024-09-15 11:00:00,85.28
2024-09-15 12:00:00,42.13
2024-09-15 13:00:00,67.68
2024-09-15 14:00:00,45.16
2024-09-15 15:00:00,51.26
2024-09-15 16:00:00,55.22
2024-09-15 17:00:00,64.29
2024-09-15 18:00:00,71.28
2024-09-15 19:00:00,79.75
2024-09-15 20:00:00,77.63
2024-09-15 21:00:00,94.08
2024-09-15 22:00:00,99.8
2024-09-15 23:00:00,99.28
2024-09-16 00:00:00,99.9
2024-09-16 01:00:00,99.9
2024-09-16 02:00:00,100.0
2024-09-16 03:00:00,99.9
2024-09-16 04:00:00,99.3
2024-09-16 05:00:00,99.24
2024-09-16 06:00:00,97.97
2024-09-16 07:00:00,97.79
2024-09-16 08:00:00,97.37
2024-09-16 09:00:00,94.91
2024-09-16 10:00:00,66.75
2024-09-16 11:00:00,75.42
2024-09-16 12:00:00,82.61
2024-09-16 13:00:00,89.76
2024-09-16 14:00:00,78.46
2024-09-16 15:00:00,83.85
2024-09-16 16:00:00,88.03
2024-09-16 17:00:00,94.36
2024-09-16 18:00:00,99.58
2024-09-16 19:00:00,99.58
2024-09-16 20:00:00,99.56
2024-09-16 21:00:00,99.63
2024-09-16 22:00:00,99.96
2024-09-16 23:00:00,99.94
2024-09-17 00:00:00,99.68
2024-09-17 01:00:00,99.99
2024-09-17 02:00:00,99.55
2024-09-17 03:00:00,99.84
2024-09-17 04:00:00,99.74
2024-09-17 05:00:00,99.28
2024-09-17 06:00:00,99.37
2024-09-17 07:00:00,99.14
2024-09-17 08:00:00,98.71
2024-09-17 09:00:00,98.93
2024-09-17 10:00:00,99.67
2024-09-17 11:00:00,98.99
2024-09-17 12:00:00,100.0
2024-09-17 13:00:00,98.91
2024-09-17 14:00:00,99.49
2024-09-17 15:00:00,98.56
2024-09-17 16:00:00,98.09
2024-09-17 17:00:00,99.09
2024-09-17 18:00:00,99.73
2024-09-17 19:00:00,99.65
2024-09-17 20:00:00,99.57
2024-09-17 21:00:00,99.7
2024-09-17 22:00:00,99.73
2024-09-17 23:00:00,99.3
2024-09-18 00:00:00,99.99
2024-09-18 01:00:00,99.72
2024-09-18 02:00:00,99.83
2024-09-18 03:00:00,99.76
2024-09-18 04:00:00,99.78
2024-09-18 05:00:00,99.37
2024-09-18 06:00:00,95.38
2024-09-18 07:00:00,94.56
2024-09-18 08:00:00,94.79
2024-09-18 09:00:00,94.12
2024-09-18 10:00:00,95.9
2024-09-18 11:00:00,93.1
2024-09-18 12:00:00,91.29
2024-09-18 13:00:00,78.8
2024-09-18 14:00:00,54.03
2024-09-18 15:00:00,56.72
2024-09-18 16:00:00,62.17
2024-09-18 17:00:00,68.15
2024-09-18 18:00:00,73.86
2024-09-18 19:00:00,89.85
2024-09-18 20:00:00,95.05
2024-09-18 21:00:00,82.56
2024-09-18 22:00:00,82.57
2024-09-18 23:00:00,92.91
2024-09-19 00:00:00,71.48
2024-09-19 01:00:00,47.89
2024-09-19 02:00:00,22.79
2024-09-19 03:00:00,5.13
2024-09-19 04:00:00,6.28
2024-09-19 05:00:00,5.84
2024-09-19 06:00:00,4.57
2024-09-19 07:00:00,5.0
2024-09-19 08:00:00,4.57
2024-09-19 09:00:00,16.04
2024-09-19 10:00:00,9.73
2024-09-19 11:00:00,13.03
2024-09-19 12:00:00,18.18
2024-09-19 13:00:00,33.72
2024-09-19 14:00:00,20.4
2024-09-19 15:00:00,18.1
2024-09-19 16:00:00,13.92
2024-09-19 17:00:00,10.84
2024-09-19 18:00:00,8.21
2024-09-19 19:00:00,5.67
2024-09-19 20:00:00,3.12
2024-09-19 21:00:00,0.57
2024-09-19 22:00:00,1.85
2024-09-19 23:00:00,3.12
2024-09-20 00:00:00,4.4
2024-09-20 01:00:00,5.06
2024-09-20 02:00:00,5.71
2024-09-20 03:00:00,6.36
2024-09-20 04:00:00,7.02
2024-09-20 05:00:00,7.67
2024-09-20 06:00:00,8.4
2024-09-20 07:00:00,12.53
2024-09-20 08:00:00,10.67
2024-09-20 09:00:00,13.37
2024-09-20 10:00:00,12.1
2024-09-20 11:00:00,24.58
2024-09-20 12:00:00,14.68
2024-09-20 13:00:00,20.82
2024-09-20 14:00:00,11.18
2024-09-20 15:00:00,10.12
2024-09-20 16:00:00,6.15
2024-09-20 17:00:00,7.4
2024-09-20 18:00:00,6.47
2024-09-20 19:00:00,5.52
2024-09-20 20:00:00,4.57
2024-09-20 21:00:00,3.62
2024-09-20 22:00:00,2.67
2024-09-20 23:00:00,1.71
2024-09-21 00:00:00,14.21
2024-09-21 01:00:00,21.63
2024-09-21 02:00:00,33.15
2024-09-21 03:00:00,14.15
2024-09-21 04:00:00,29.54
2024-09-21 05:00:00,37.13
2024-09-21 06:00:00,46.88
2024-09-21 07:00:00,54.86
2024-09-21 08:00:00,61.34
2024-09-21 09:00:00,68.17
2024-09-21 10:00:00,66.44
2024-09-21 11:00:00,65.83
2024-09-21 12:00:00,75.33
2024-09-21 13:00:00,45.94
2024-09-21 14:00:00,19.29
2024-09-21 15:00:00,17.31
2024-09-21 16:00:00,14.38
2024-09-21 17:00:00,12.93
2024-09-21 18:00:00,10.97
2024-09-21 19:00:00,9.01
2024-09-21 20:00:00,7.04
2024-09-21 21:00:00,5.08
2024-09-21 22:00:00,3.11
2024-09-21 23:00:00,1.14
2024-09-22 00:00:00,20.48
2024-09-22 01:00:00,39.83
2024-09-22 02:00:00,11.37
2024-09-22 03:00:00,5.69
2024-09-22 04:00:00,4.57
2024-09-22 05:00:00,21.08
2024-09-22 06:00:00,40.17
2024-09-22 07:00:00,56.61
2024-09-22 08:00:00,71.6
2024-09-22 09:00:00,63.4
2024-09-22 10:00:00,17.16
2024-09-22 11:00:00,15.49
2024-09-22 12:00:00,33.51
2024-09-22 13:00:00,22.8
2024-09-22 14:00:00,8.45
2024-09-22 15:00:00,10.77
2024-09-22 16:00:00,11.95
2024-09-22 17:00:00,15.74
2024-09-22 18:00:00,18.26
2024-09-22 19:00:00,24.37
2024-09-22 20:00:00,23.04
2024-09-22 21:00:00,20.19
2024-09-22 22:00:00,26.22
2024-09-22 23:00:00,42.75
2024-09-23 00:00:00,43.84
2024-09-23 01:00:00,61.08
2024-09-23 02:00:00,73.0
2024-09-23 03:00:00,45.02
2024-09-23 04:00:00,10.87
2024-09-23 05:00:00,9.88
2024-09-23 06:00:00,7.13
2024-09-23 07:00:00,9.54
2024-09-23 08:00:00,9.13
2024-09-23 09:00:00,8.88
2024-09-23 10:00:00,20.32
2024-09-23 11:00:00,31.06
2024-09-23 12:00:00,43.62
2024-09-23 13:00:00,33.33
2024-09-23 14:00:00,27.12
2024-09-23 15:00:00,21.32
2024-09-23 16:00:00,11.78
2024-09-23 17:00:00,7.54
2024-09-23 18:00:00,1.14
2024-09-23 19:00:00,22.7
2024-09-23 20:00:00,25.59
2024-09-23 21:00:00,8.51
2024-09-23 22:00:00,21.63
2024-09-23 23:00:00,29.78
2024-09-24 00:00:00,35.97
2024-09-24 01:00:00,82.09
2024-09-24 02:00:00,71.94
2024-09-24 03:00:00,63.94
2024-09-24 04:00:00,42.78
2024-09-24 05:00:00,37.88
2024-09-24 06:00:00,33.21
2024-09-24 07:00:00,28.6
2024-09-24 08:00:00,26.68
2024-09-24 09:00:00,20.96
2024-09-24 10:00:00,13.61
2024-09-24 11:00:00,15.26
2024-09-24 12:00:00,18.63
2024-09-24 13:00:00,14.08
2024-09-24 14:00:00,26.91
2024-09-24 15:00:00,28.05
2024-09-24 16:00:00,27.6
2024-09-24 17:00:00,28.84
2024-09-24 18:00:00,29.66
2024-09-24 19:00:00,24.07
2024-09-24 20:00:00,27.93
2024-09-24 21:00:00,40.52
2024-09-24 22:00:00,44.07
2024-09-24 23:00:00,63.4
2024-09-25 00:00:00,73.04
2024-09-25 01:00:00,36.49
2024-09-25 02:00:00,10.24
2024-09-25 03:00:00,20.61
2024-09-25 04:00:00,19.28
2024-09-25 05:00:00,29.24
2024-09-25 06:00:00,39.34
2024-09-25 07:00:00,50.21
2024-09-25 08:00:00,60.01
2024-09-25 09:00:00,88.21
2024-09-25 10:00:00,90.07
2024-09-25 11:00:00,80.5
2024-09-25 12:00:00,93.93
2024-09-25 13:00:00,75.47
2024-09-25 14:00:00,89.09
2024-09-25 15:00:00,90.89
2024-09-25 16:00:00,92.65
2024-09-25 17:00:00,95.46
2024-09-25 18:00:00,98.26
2024-09-25 19:00:00,98.91
2024-09-25 20:00:00,98.77
2024-09-25 21:00:00,99.23
2024-09-25 22:00:00,99.61
2024-09-25 23:00:00,99.61
2024-09-26 00:00:00,99.56
2024-09-26 01:00:00,99.62
2024-09-26 02:00:00,99.99
2024-09-26 03:00:00,99.74
2024-09-26 04:00:00,99.65
2024-09-26 05:00:00,98.83
2024-09-26 06:00:00,100.0
2024-09-26 07:00:00,100.0
2024-09-26 08:00:00,99.6
2024-09-26 09:00:00,99.35
2024-09-26 10:00:00,99.19
2024-09-26 11:00:00,100.0
2024-09-26 12:00:00,99.78
2024-09-26 13:00:00,97.22
2024-09-26 14:00:00,96.66
2024-09-26 15:00:00,94.81
2024-09-26 16:00:00,94.34
2024-09-26 17:00:00,92.06
2024-09-26 18:00:00,91.83
2024-09-26 19:00:00,98.69
2024-09-26 20:00:00,99.79
2024-09-26 21:00:00,99.83
2024-09-26 22:00:00,99.98
2024-09-26 23:00:00,99.82
2024-09-27 00:00:00,99.57
2024-09-27 01:00:00,100.0
2024-09-27 02:00:00,98.79
2024-09-27 03:00:00,98.95
2024-09-27 04:00:00,99.17
2024-09-27 05:00:00,99.94
2024-09-27 06:00:00,100.0
2024-09-27 07:00:00,100.0
2024-09-27 08:00:00,100.0
2024-09-27 09:00:00,99.95
2024-09-27 10:00:00,99.53
2024-09-27 11:00:00,98.36
2024-09-27 12:00:00,98.07
2024-09-27 13:00:00,98.72
2024-09-27 14:00:00,99.91
2024-09-27 15:00:00,99.97
2024-09-27 16:00:00,100.0
2024-09-27 17:00:00,100.0
2024-09-27 18:00:00,99.32
2024-09-27 19:00:00,99.4
2024-09-27 20:00:00,99.61
2024-09-27 21:00:00,99.45
2024-09-27 22:00:00,99.53
2024-09-27 23:00:00,99.59
2024-09-28 00:00:00,99.67
2024-09-28 01:00:00,100.0
2024-09-28 02:00:00,99.53
2024-09-28 03:00:00,99.5
2024-09-28 04:00:00,99.62
2024-09-28 05:00:00,99.57
2024-09-28 06:00:00,99.14
2024-09-28 07:00:00,99.36
2024-09-28 08:00:00,98.08
2024-09-28 09:00:00,97.6
2024-09-28 10:00:00,99.62
2024-09-28 11:00:00,99.81
2024-09-28 12:00:00,99.89
2024-09-28 13:00:00,97.97
2024-09-28 14:00:00,99.05
2024-09-28 15:00:00,99.52
2024-09-28 16:00:00,99.57
2024-09-28 17:00:00,98.94
2024-09-28 18:00:00,99.87
2024-09-28 19:00:00,99.65
2024-09-28 20:00:00,99.27
2024-09-28 21:00:00,99.31
2024-09-28 22:00:00,99.36
2024-09-28 23:00:00,99.59
2024-09-29 00:00:00,99.75
2024-09-29 01:00:00,100.0
2024-09-29 02:00:00,99.65
2024-09-29 03:00:00,99.17
2024-09-29 04:00:00,98.56
2024-09-29 05:00:00,98.32
2024-09-29 06:00:00,98.28
2024-09-29 07:00:00,99.33
2024-09-29 08:00:00,99.44
2024-09-29 09:00:00,99.53
2024-09-29 10:00:00,99.58
2024-09-29 11:00:00,99.34
2024-09-29 12:00:00,99.74
2024-09-29 13:00:00,99.7
2024-09-29 14:00:00,100.0
2024-09-29 15:00:00,98.72
2024-09-29 16:00:00,99.18
2024-09-29 17:00:00,98.33
2024-09-29 18:00:00,96.31
2024-09-29 19:00:00,97.76
2024-09-29 20:00:00,98.06
2024-09-29 21:00:00,99.08
2024-09-29 22:00:00,99.66
2024-09-29 23:00:00,99.64
2024-09-30 00:00:00,99.99
2024-09-30 01:00:00,99.55
2024-09-30 02:00:00,99.5
2024-09-30 03:00:00,99.73
2024-09-30 04:00:00,97.01
2024-09-30 05:00:00,86.54
2024-09-30 06:00:00,76.57
2024-09-30 07:00:00,67.11
2024-09-30 08:00:00,57.3
2024-09-30 09:00:00,31.41
2024-09-30 10:00:00,23.98
2024-09-30 11:00:00,32.13
2024-09-30 12:00:00,16.89
2024-09-30 13:00:00,28.29
2024-09-30 14:00:00,23.91
2024-09-30 15:00:00,40.41
2024-09-30 16:00:00,56.97
2024-09-30 17:00:00,76.03
2024-09-30 18:00:00,92.88
2024-09-30 19:00:00,49.5
2024-09-30 20:00:00,6.36
2024-09-30 21:00:00,4.0
2024-09-30 22:00:00,2.86
2024-09-30 23:00:00,8.06
2024-10-01 00:00:00,14.17
2024-10-01 01:00:00,8.8
2024-10-01 02:00:00,3.42
2024-10-01 03:00:00,2.28
2024-10-01 04:00:00,1.14
2024-10-01 05:00:00,9.14
2024-10-01 06:00:00,9.91
2024-10-01 07:00:00,13.23
2024-10-01 08:00:00,13.15
2024-10-01 09:00:00,2.29
2024-10-01 10:00:00,0.57
2024-10-01 11:00:00,19.27
2024-10-01 12:00:00,20.16
2024-10-01 13:00:00,33.16
2024-10-01 14:00:00,21.96
2024-10-01 15:00:00,17.27
2024-10-01 16:00:00,17.8
2024-10-01 17:00:00,19.26
2024-10-01 18:00:00,18.62
2024-10-01 19:00:00,17.99
2024-10-01 20:00:00,17.36
2024-10-01 21:00:00,16.73
2024-10-01 22:00:00,16.1
2024-10-01 23:00:00,15.47
2024-10-02 00:00:00,14.84
2024-10-02 01:00:00,14.2
2024-10-02 02:00:00,0.57
2024-10-02 03:00:00,0.57
2024-10-02 04:00:00,1.14
2024-10-02 05:00:00,1.14
2024-10-02 06:00:00,1.14
2024-10-02 07:00:00,1.14
2024-10-02 08:00:00,1.14
2024-10-02 09:00:00,1.14
2024-10-02 10:00:00,1.14
2024-10-02 11:00:00,1.14
2024-10-02 12:00:00,4.02
2024-10-02 13:00:00,6.8
2024-10-02 14:00:00,6.59
2024-10-02 15:00:00,5.86
2024-10-02 16:00:00,5.74
2024-10-02 17:00:00,6.17
2024-10-02 18:00:00,6.3
2024-10-02 19:00:00,39.04
2024-10-02 20:00:00,31.71
2024-10-02 21:00:00,8.82
2024-10-02 22:00:00,2.37
2024-10-02 23:00:00,4.94
2024-10-03 00:00:00,7.54
2024-10-03 01:00:00,8.45
2024-10-03 02:00:00,13.55
2024-10-03 03:00:00,1.16
2024-10-03 04:00:00,0.57
2024-10-03 05:00:00,0.57
2024-10-03 06:00:00,0.57
2024-10-03 07:00:00,0.57
2024-10-03 08:00:00,0.57
2024-10-03 09:00:00,0.57
2024-10-03 10:00:00,0.57
2024-10-03 11:00:00,0.29
2024-10-03 12:00:00,0.0
2024-10-03 13:00:00,0.57
2024-10-03 14:00:00,0.57
2024-10-03 15:00:00,0.57
2024-10-03 16:00:00,0.57
2024-10-03 17:00:00,0.57
2024-10-03 18:00:00,0.57
2024-10-03 19:00:00,0.57
2024-10-03 20:00:00,0.57
2024-10-03 21:00:00,2.29
2024-10-03 22:00:00,1.78
2024-10-03 23:00:00,1.18
2024-10-04 00:00:00,0.59
2024-10-04 01:00:00,0.0
2024-10-04 02:00:00,16.28
2024-10-04 03:00:00,49.72
2024-10-04 04:00:00,82.49
2024-10-04 05:00:00,64.08
2024-10-04 06:00:00,43.43
2024-10-04 07:00:00,27.24
2024-10-04 08:00:00,10.3
2024-10-04 09:00:00,6.85
2024-10-04 10:00:00,6.35
2024-10-04 11:00:00,12.88
2024-10-04 12:00:00,22.3
2024-10-04 13:00:00,32.79
2024-10-04 14:00:00,47.87
2024-10-04 15:00:00,53.44
2024-10-04 16:00:00,58.17
2024-10-04 17:00:00,65.42
2024-10-04 18:00:00,36.96
2024-10-04 19:00:00,16.63
2024-10-04 20:00:00,5.7
2024-10-04 21:00:00,8.22
2024-10-04 22:00:00,17.23
2024-10-04 23:00:00,20.97
2024-10-05 00:00:00,8.61
2024-10-05 01:00:00,4.96
2024-10-05 02:00:00,2.92
2024-10-05 03:00:00,0.57
2024-10-05 04:00:00,1.14
2024-10-05 05:00:00,1.14
2024-10-05 06:00:00,1.14
2024-10-05 07:00:00,1.14
2024-10-05 08:00:00,1.14
2024-10-05 09:00:00,1.71
2024-10-05 10:00:00,2.86
2024-10-05 11:00:00,6.57
2024-10-05 12:00:00,10.01
2024-10-05 13:00:00,20.24
2024-10-05 14:00:00,24.98
2024-10-05 15:00:00,20.94
2024-10-05 16:00:00,15.86
2024-10-05 17:00:00,11.17
2024-10-05 18:00:00,7.83
2024-10-05 19:00:00,0.57
2024-10-05 20:00:00,1.14
2024-10-05 21:00:00,2.29
2024-10-05 22:00:00,5.76
2024-10-05 23:00:00,17.7
2024-10-06 00:00:00,11.85
2024-10-06 01:00:00,31.01
2024-10-06 02:00:00,33.55
2024-10-06 03:00:00,28.83
2024-10-06 04:00:00,23.18
2024-10-06 05:00:00,17.22
2024-10-06 06:00:00,10.29
2024-10-06 07:00:00,10.94
2024-10-06 08:00:00,1.14
2024-10-06 09:00:00,0.57
2024-10-06 10:00:00,11.55
2024-10-06 11:00:00,20.99
2024-10-06 12:00:00,25.44
2024-10-06 13:00:00,49.63
2024-10-06 14:00:00,48.41
2024-10-06 15:00:00,41.2
2024-10-06 16:00:00,33.42
2024-10-06 17:00:00,23.64
2024-10-06 18:00:00,12.39
2024-10-06 19:00:00,0.57
2024-10-06 20:00:00,0.57
2024-10-06 21:00:00,0.57
2024-10-06 22:00:00,0.57
2024-10-06 23:00:00,0.86
2024-10-07 00:00:00,1.14
2024-10-07 01:00:00,3.43
2024-10-07 02:00:00,14.63
2024-10-07 03:00:00,15.91
2024-10-07 04:00:00,13.69
2024-10-07 05:00:00,14.64
2024-10-07 06:00:00,15.33
2024-10-07 07:00:00,17.69
2024-10-07 08:00:00,22.7
2024-10-07 09:00:00,26.95
2024-10-07 10:00:00,26.87
2024-10-07 11:00:00,35.97
2024-10-07 12:00:00,36.3
2024-10-07 13:00:00,47.9
2024-10-07 14:00:00,43.38
2024-10-07 15:00:00,36.27
2024-10-07 16:00:00,26.43
2024-10-07 17:00:00,17.22
2024-10-07 18:00:00,12.7
2024-10-07 19:00:00,4.57
2024-10-07 20:00:00,2.86
2024-10-07 21:00:00,2.0
2024-10-07 22:00:00,1.14
2024-10-07 23:00:00,6.84
2024-10-08 00:00:00,10.81
2024-10-08 01:00:00,23.6
2024-10-08 02:00:00,14.25
2024-10-08 03:00:00,5.11
2024-10-08 04:00:00,9.71
2024-10-08 05:00:00,14.29
2024-10-08 06:00:00,18.93
2024-10-08 07:00:00,24.38
2024-10-08 08:00:00,28.97
2024-10-08 09:00:00,35.1
2024-10-08 10:00:00,37.52
2024-10-08 11:00:00,37.38
2024-10-08 12:00:00,31.56
2024-10-08 13:00:00,41.68
2024-10-08 14:00:00,38.61
2024-10-08 15:00:00,34.82
2024-10-08 16:00:00,28.9
2024-10-08 17:00:00,24.5
2024-10-08 18:00:00,19.71
2024-10-08 19:00:00,14.93
2024-10-08 20:00:00,10.14
2024-10-08 21:00:00,5.36
2024-10-08 22:00:00,0.57
2024-10-08 23:00:00,2.65
2024-10-09 00:00:00,4.74
2024-10-09 01:00:00,6.82
2024-10-09 02:00:00,7.14
2024-10-09 03:00:00,7.46
2024-10-09 04:00:00,7.78
2024-10-09 05:00:00,8.1
2024-10-09 06:00:00,7.94
2024-10-09 07:00:00,9.68
2024-10-09 08:00:00,10.17
2024-10-09 09:00:00,10.4
2024-10-09 10:00:00,12.75
2024-10-09 11:00:00,19.09
2024-10-09 12:00:00,18.0
2024-10-09 13:00:00,21.27
2024-10-09 14:00:00,9.39
2024-10-09 15:00:00,8.01
2024-10-09 16:00:00,4.39
2024-10-09 17:00:00,6.85
2024-10-09 18:00:00,5.71
2024-10-09 19:00:00,4.57
2024-10-09 20:00:00,3.43
2024-10-09 21:00:00,2.29
2024-10-09 22:00:00,1.14
2024-10-09 23:00:00,2.86
2024-10-10 00:00:00,4.57
2024-10-10 01:00:00,6.35
2024-10-10 02:00:00,92.56
2024-10-10 03:00:00,93.28
2024-10-10 04:00:00,83.99
2024-10-10 05:00:00,83.97
2024-10-10 06:00:00,85.6
2024-10-10 07:00:00,87.55
2024-10-10 08:00:00,89.37
2024-10-10 09:00:00,66.1
2024-10-10 10:00:00,60.18
2024-10-10 11:00:00,99.35
2024-10-10 12:00:00,98.4
2024-10-10 13:00:00,99.1
2024-10-10 14:00:00,99.66
2024-10-10 15:00:00,98.48
2024-10-10 16:00:00,99.1
2024-10-10 17:00:00,99.52
2024-10-10 18:00:00,99.51
2024-10-10 19:00:00,99.4
2024-10-10 20:00:00,99.61
2024-10-10 21:00:00,99.34
2024-10-10 22:00:00,83.02
2024-10-10 23:00:00,74.45
2024-10-11 00:00:00,67.94
2024-10-11 01:00:00,44.47
2024-10-11 02:00:00,79.9
2024-10-11 03:00:00,85.05
2024-10-11 04:00:00,53.28
2024-10-11 05:00:00,54.88
2024-10-11 06:00:00,55.71
2024-10-11 07:00:00,57.7
2024-10-11 08:00:00,59.22
2024-10-11 09:00:00,64.29
2024-10-11 10:00:00,34.43
2024-10-11 11:00:00,17.15
2024-10-11 12:00:00,23.03
2024-10-11 13:00:00,49.06
2024-10-11 14:00:00,44.51
2024-10-11 15:00:00,60.15
2024-10-11 16:00:00,76.48
2024-10-11 17:00:00,96.4
2024-10-11 18:00:00,99.42
2024-10-11 19:00:00,98.75
2024-10-11 20:00:00,99.26
2024-10-11 21:00:00,99.23
2024-10-11 22:00:00,99.51
2024-10-11 23:00:00,99.43
2024-10-12 00:00:00,99.87
2024-10-12 01:00:00,99.41
2024-10-12 02:00:00,99.95
2024-10-12 03:00:00,99.46
2024-10-12 04:00:00,98.35
2024-10-12 05:00:00,95.15
2024-10-12 06:00:00,91.21
2024-10-12 07:00:00,88.56
2024-10-12 08:00:00,85.19
2024-10-12 09:00:00,60.33
2024-10-12 10:00:00,38.79
2024-10-12 11:00:00,60.2
2024-10-12 12:00:00,54.23
2024-10-12 13:00:00,72.84
2024-10-12 14:00:00,90.07
2024-10-12 15:00:00,89.27
2024-10-12 16:00:00,89.28
2024-10-12 17:00:00,88.27
2024-10-12 18:00:00,81.22
2024-10-12 19:00:00,84.62
2024-10-12 20:00:00,87.55
2024-10-12 21:00:00,69.99
2024-10-12 22:00:00,55.58
2024-10-12 23:00:00,37.44
2024-10-13 00:00:00,80.85
2024-10-13 01:00:00,64.37
2024-10-13 02:00:00,91.22
2024-10-13 03:00:00,95.34
2024-10-13 04:00:00,98.28
2024-10-13 05:00:00,98.24
2024-10-13 06:00:00,98.22
2024-10-13 07:00:00,98.94
2024-10-13 08:00:00,99.02
2024-10-13 09:00:00,99.11
2024-10-13 10:00:00,90.28
2024-10-13 11:00:00,87.56
2024-10-13 12:00:00,96.51
2024-10-13 13:00:00,99.65
2024-10-13 14:00:00,98.69
2024-10-13 15:00:00,98.42
2024-10-13 16:00:00,97.53
2024-10-13 17:00:00,99.53
2024-10-13 18:00:00,99.33
2024-10-13 19:00:00,99.51
2024-10-13 20:00:00,99.95
2024-10-13 21:00:00,99.9
2024-10-13 22:00:00,99.23
2024-10-13 23:00:00,99.3
2024-10-14 00:00:00,99.7
2024-10-14 01:00:00,99.23
2024-10-14 02:00:00,99.81
2024-10-14 03:00:00,99.91
2024-10-14 04:00:00,99.85
2024-10-14 05:00:00,99.6
2024-10-14 06:00:00,99.78
2024-10-14 07:00:00,99.87
2024-10-14 08:00:00,99.95
2024-10-14 09:00:00,99.81
2024-10-14 10:00:00,97.61
2024-10-14 11:00:00,90.03
2024-10-14 12:00:00,90.57
2024-10-14 13:00:00,64.75
2024-10-14 14:00:00,37.66
2024-10-14 15:00:00,46.23
2024-10-14 16:00:00,54.18
2024-10-14 17:00:00,65.81
2024-10-14 18:00:00,35.09
2024-10-14 19:00:00,24.7
2024-10-14 20:00:00,28.94
2024-10-14 21:00:00,9.62
2024-10-14 22:00:00,10.79
2024-10-14 23:00:00,12.49
2024-10-15 00:00:00,29.67
2024-10-15 01:00:00,5.05
2024-10-15 02:00:00,7.42
2024-10-15 03:00:00,2.86
2024-10-15 04:00:00,2.57
2024-10-15 05:00:00,2.29
2024-10-15 06:00:00,2.0
2024-10-15 07:00:00,1.72
2024-10-15 08:00:00,1.43
2024-10-15 09:00:00,1.15
2024-10-15 10:00:00,0.86
2024-10-15 11:00:00,0.57
2024-10-15 12:00:00,7.41
2024-10-15 13:00:00,12.52
2024-10-15 14:00:00,6.68
2024-10-15 15:00:00,3.7
2024-10-15 16:00:00,2.14
2024-10-15 17:00:00,0.57
2024-10-15 18:00:00,0.58
2024-10-15 19:00:00,0.58
2024-10-15 20:00:00,0.59
2024-10-15 21:00:00,0.59
2024-10-15 22:00:00,0.6
2024-10-15 23:00:00,0.6
2024-10-16 00:00:00,0.61
2024-10-16 01:00:00,0.6
2024-10-16 02:00:00,0.6
2024-10-16 03:00:00,0.59
2024-10-16 04:00:00,0.59
2024-10-16 05:00:00,0.59
2024-10-16 06:00:00,0.58
2024-10-16 07:00:00,0.58
2024-10-16 08:00:00,0.58
2024-10-16 09:00:00,0.57
2024-10-16 10:00:00,0.57
2024-10-16 11:00:00,0.57
2024-10-16 12:00:00,0.01
2024-10-16 13:00:00,2.87
2024-10-16 14:00:00,2.87
2024-10-16 15:00:00,2.53
2024-10-16 16:00:00,2.18
2024-10-16 17:00:00,1.84
2024-10-16 18:00:00,1.49
2024-10-16 19:00:00,1.14
2024-10-16 20:00:00,9.67
2024-10-16 21:00:00,17.95
2024-10-16 22:00:00,54.28
2024-10-16 23:00:00,33.41
2024-10-17 00:00:00,29.52
2024-10-17 01:00:00,14.24
2024-10-17 02:00:00,41.06
2024-10-17 03:00:00,54.69
2024-10-17 04:00:00,54.45
2024-10-17 05:00:00,46.24
2024-10-17 06:00:00,28.88
2024-10-17 07:00:00,20.75
2024-10-17 08:00:00,12.11
2024-10-17 09:00:00,1.71
2024-10-17 10:00:00,6.3
2024-10-17 11:00:00,0.74
2024-10-17 12:00:00,0.57
2024-10-17 13:00:00,7.31
2024-10-17 14:00:00,32.59
2024-10-17 15:00:00,30.64
2024-10-17 16:00:00,28.29
2024-10-17 17:00:00,29.28
2024-10-17 18:00:00,7.81
2024-10-17 19:00:00,37.02
2024-10-17 20:00:00,43.23
2024-10-17 21:00:00,66.08
2024-10-17 22:00:00,19.22
2024-10-17 23:00:00,5.54
2024-10-18 00:00:00,0.57
2024-10-18 01:00:00,1.95
2024-10-18 02:00:00,8.67
2024-10-18 03:00:00,15.32
2024-10-18 04:00:00,21.16
2024-10-18 05:00:00,27.14
2024-10-18 06:00:00,15.91
2024-10-18 07:00:00,10.62
2024-10-18 08:00:00,0.57
2024-10-18 09:00:00,1.15
2024-10-18 10:00:00,0.86
2024-10-18 11:00:00,0.57
2024-10-18 12:00:00,1.71
2024-10-18 13:00:00,0.01
2024-10-18 14:00:00,0.57
2024-10-18 15:00:00,0.65
2024-10-18 16:00:00,0.72
2024-10-18 17:00:00,0.79
2024-10-18 18:00:00,0.87
2024-10-18 19:00:00,0.94
2024-10-18 20:00:00,1.02
2024-10-18 21:00:00,1.09
2024-10-18 22:00:00,1.16
2024-10-18 23:00:00,1.24
2024-10-19 00:00:00,1.31
2024-10-19 01:00:00,1.39
2024-10-19 02:00:00,9.26
2024-10-19 03:00:00,7.0
2024-10-19 04:00:00,0.57
2024-10-19 05:00:00,3.47
2024-10-19 06:00:00,2.74
2024-10-19 07:00:00,2.02
2024-10-19 08:00:00,1.3
2024-10-19 09:00:00,0.57
2024-10-19 10:00:00,0.57
2024-10-19 11:00:00,0.57
2024-10-19 12:00:00,0.0
2024-10-19 13:00:00,0.57
2024-10-19 14:00:00,0.61
2024-10-19 15:00:00,0.64
2024-10-19 16:00:00,0.68
2024-10-19 17:00:00,0.72
2024-10-19 18:00:00,0.75
2024-10-19 19:00:00,0.79
2024-10-19 20:00:00,0.82
2024-10-19 21:00:00,0.86
2024-10-19 22:00:00,0.89
2024-10-19 23:00:00,0.93
2024-10-20 00:00:00,0.97
2024-10-20 01:00:00,1.0
2024-10-20 02:00:00,1.02
2024-10-20 03:00:00,1.04
2024-10-20 04:00:00,1.06
2024-10-20 05:00:00,1.07
2024-10-20 06:00:00,1.09
2024-10-20 07:00:00,1.11
2024-10-20 08:00:00,1.13
2024-10-20 09:00:00,1.14
2024-10-20 10:00:00,1.14
2024-10-20 11:00:00,1.71
2024-10-20 12:00:00,0.0
2024-10-20 13:00:00,1.14
2024-10-20 14:00:00,5.3
2024-10-20 15:00:00,3.97
2024-10-20 16:00:00,2.73
2024-10-20 17:00:00,5.0
2024-10-20 18:00:00,4.75
2024-10-20 19:00:00,4.5
2024-10-20 20:00:00,4.25
2024-10-20 21:00:00,4.0
2024-10-20 22:00:00,14.69
2024-10-20 23:00:00,11.2
2024-10-21 00:00:00,5.44
2024-10-21 01:00:00,1.12
2024-10-21 02:00:00,1.7
2024-10-21 03:00:00,2.29
2024-10-21 04:00:00,2.07
2024-10-21 05:00:00,1.86
2024-10-21 06:00:00,1.64
2024-10-21 07:00:00,1.43
2024-10-21 08:00:00,1.21
2024-10-21 09:00:00,1.0
2024-10-21 10:00:00,0.79
2024-10-21 11:00:00,0.57
2024-10-21 12:00:00,0.4
2024-10-21 13:00:00,1.72
2024-10-21 14:00:00,2.29
2024-10-21 15:00:00,2.4
2024-10-21 16:00:00,2.52
2024-10-21 17:00:00,2.64
2024-10-21 18:00:00,2.75
2024-10-21 19:00:00,2.87
2024-10-21 20:00:00,2.99
2024-10-21 21:00:00,3.11
2024-10-21 22:00:00,3.22
2024-10-21 23:00:00,3.34
2024-10-22 00:00:00,3.46
2024-10-22 01:00:00,3.23
2024-10-22 02:00:00,2.99
2024-10-22 03:00:00,2.76
2024-10-22 04:00:00,2.53
2024-10-22 05:00:00,2.3
2024-10-22 06:00:00,2.07
2024-10-22 07:00:00,1.84
2024-10-22 08:00:00,1.61
2024-10-22 09:00:00,1.37
2024-10-22 10:00:00,1.14
2024-10-22 11:00:00,8.59
2024-10-22 12:00:00,7.12
2024-10-22 13:00:00,13.36
2024-10-22 14:00:00,2.29
2024-10-22 15:00:00,1.86
2024-10-22 16:00:00,1.43
2024-10-22 17:00:00,1.0
2024-10-22 18:00:00,0.57
2024-10-22 19:00:00,0.57
2024-10-22 20:00:00,0.57
2024-10-22 21:00:00,0.57
2024-10-22 22:00:00,0.57
2024-10-22 23:00:00,0.57
2024-10-23 00:00:00,9.49
2024-10-23 01:00:00,18.42
2024-10-23 02:00:00,27.34
2024-10-23 03:00:00,23.51
2024-10-23 04:00:00,19.69
2024-10-23 05:00:00,15.87
2024-10-23 06:00:00,11.96
2024-10-23 07:00:00,8.73
2024-10-23 08:00:00,4.4
2024-10-23 09:00:00,0.57
2024-10-23 10:00:00,0.57
2024-10-23 11:00:00,1.14
2024-10-23 12:00:00,0.57
2024-10-23 13:00:00,4.77
2024-10-23 14:00:00,0.57
2024-10-23 15:00:00,0.57
2024-10-23 16:00:00,0.57
2024-10-23 17:00:00,0.57
2024-10-23 18:00:00,0.57
2024-10-23 19:00:00,0.57
2024-10-23 20:00:00,1.71
2024-10-23 21:00:00,1.14
2024-10-23 22:00:00,4.0
2024-10-23 23:00:00,7.89
2024-10-24 00:00:00,4.66
2024-10-24 01:00:00,1.33
2024-10-24 02:00:00,10.22
2024-10-24 03:00:00,4.57
2024-10-24 04:00:00,28.48
2024-10-24 05:00:00,29.06
2024-10-24 06:00:00,21.14
2024-10-24 07:00:00,16.74
2024-10-24 08:00:00,10.27
2024-10-24 09:00:00,0.57
2024-10-24 10:00:00,0.57
2024-10-24 11:00:00,6.56
2024-10-24 12:00:00,15.18
2024-10-24 13:00:00,11.36
2024-10-24 14:00:00,11.33
2024-10-24 15:00:00,7.41
2024-10-24 16:00:00,4.0
2024-10-24 17:00:00,0.57
2024-10-24 18:00:00,0.57
2024-10-24 19:00:00,0.57
2024-10-24 20:00:00,0.57
2024-10-24 21:00:00,0.57
2024-10-24 22:00:00,0.57
2024-10-24 23:00:00,0.4
2024-10-25 00:00:00,0.22
2024-10-25 01:00:00,0.04
2024-10-25 02:00:00,0.18
2024-10-25 03:00:00,0.32
2024-10-25 04:00:00,0.46
2024-10-25 05:00:00,0.59
2024-10-25 06:00:00,0.73
2024-10-25 07:00:00,0.87
2024-10-25 08:00:00,1.01
2024-10-25 09:00:00,1.14
2024-10-25 10:00:00,4.57
2024-10-25 11:00:00,11.99
2024-10-25 12:00:00,14.56
2024-10-25 13:00:00,7.81
2024-10-25 14:00:00,6.84
2024-10-25 15:00:00,4.09
2024-10-25 16:00:00,2.9
2024-10-25 17:00:00,1.71
2024-10-25 18:00:00,2.86
2024-10-25 19:00:00,4.57
2024-10-25 20:00:00,5.78
2024-10-25 21:00:00,3.45
2024-10-25 22:00:00,0.57
2024-10-25 23:00:00,0.87
2024-10-26 00:00:00,1.18
2024-10-26 01:00:00,1.48
2024-10-26 02:00:00,2.37
2024-10-26 03:00:00,3.26
2024-10-26 04:00:00,4.16
2024-10-26 05:00:00,5.05
2024-10-26 06:00:00,5.85
2024-10-26 07:00:00,7.27
2024-10-26 08:00:00,8.25
2024-10-26 09:00:00,9.11
2024-10-26 10:00:00,9.93
2024-10-26 11:00:00,11.62
2024-10-26 12:00:00,12.14
2024-10-26 13:00:00,11.39
2024-10-26 14:00:00,9.98
2024-10-26 15:00:00,8.04
2024-10-26 16:00:00,5.81
2024-10-26 17:00:00,4.76
2024-10-26 18:00:00,3.36
2024-10-26 19:00:00,1.97
2024-10-26 20:00:00,0.57
2024-10-26 21:00:00,0.57
2024-10-26 22:00:00,0.57
2024-10-26 23:00:00,0.57
2024-10-27 00:00:00,0.22
2024-10-27 01:00:00,0.57
2024-10-27 02:00:00,0.57
2024-10-27 03:00:00,0.57
2024-10-27 04:00:00,0.57
2024-10-27 05:00:00,0.57
2024-10-27 06:00:00,0.57
2024-10-27 07:00:00,0.57
2024-10-27 08:00:00,0.57
2024-10-27 09:00:00,1.71
2024-10-27 10:00:00,8.61
2024-10-27 11:00:00,30.92
2024-10-27 12:00:00,48.09
2024-10-27 13:00:00,24.79
2024-10-27 14:00:00,21.55
2024-10-27 15:00:00,18.59
2024-10-27 16:00:00,10.37
2024-10-27 17:00:00,6.98
2024-10-27 18:00:00,8.13
2024-10-27 19:00:00,6.37
2024-10-27 20:00:00,5.3
2024-10-27 21:00:00,2.86
2024-10-27 22:00:00,0.57
2024-10-27 23:00:00,0.57
2024-10-28 00:00:00,0.75
2024-10-28 01:00:00,0.92
2024-10-28 02:00:00,1.09
2024-10-28 03:00:00,1.1
2024-10-28 04:00:00,1.11
2024-10-28 05:00:00,1.12
2024-10-28 06:00:00,1.12
2024-10-28 07:00:00,1.13
2024-10-28 08:00:00,1.14
2024-10-28 09:00:00,1.14
2024-10-28 10:00:00,36.35
2024-10-28 11:00:00,54.48
2024-10-28 12:00:00,47.46
2024-10-28 13:00:00,41.14
2024-10-28 14:00:00,32.11
2024-10-28 15:00:00,25.13
2024-10-28 16:00:00,13.43
2024-10-28 17:00:00,0.57
2024-10-28 18:00:00,0.57
2024-10-28 19:00:00,0.57
2024-10-28 20:00:00,0.57
2024-10-28 21:00:00,1.71
2024-10-28 22:00:00,0.57
2024-10-28 23:00:00,1.14
2024-10-29 00:00:00,1.71
2024-10-29 01:00:00,0.67
2024-10-29 02:00:00,1.05
2024-10-29 03:00:00,1.43
2024-10-29 04:00:00,1.81
2024-10-29 05:00:00,2.19
2024-10-29 06:00:00,2.57
2024-10-29 07:00:00,2.95
2024-10-29 08:00:00,3.33
2024-10-29 09:00:00,3.71
2024-10-29 10:00:00,4.09
2024-10-29 11:00:00,20.11
2024-10-29 12:00:00,19.84
2024-10-29 13:00:00,26.6
2024-10-29 14:00:00,23.24
2024-10-29 15:00:00,19.37
2024-10-29 16:00:00,11.56
2024-10-29 17:00:00,6.34
2024-10-29 18:00:00,7.45
2024-10-29 19:00:00,4.0
2024-10-29 20:00:00,5.15
2024-10-29 21:00:00,2.29
2024-10-29 22:00:00,2.29
2024-10-29 23:00:00,1.71
2024-10-30 00:00:00,0.57
2024-10-30 01:00:00,7.58
2024-10-30 02:00:00,6.88
2024-10-30 03:00:00,6.18
2024-10-30 04:00:00,5.48
2024-10-30 05:00:00,4.78
2024-10-30 06:00:00,4.08
2024-10-30 07:00:00,3.38
2024-10-30 08:00:00,2.68
2024-10-30 09:00:00,1.97
2024-10-30 10:00:00,1.27
2024-10-30 11:00:00,0.57
2024-10-30 12:00:00,0.82
2024-10-30 13:00:00,0.57
2024-10-30 14:00:00,0.57
2024-10-30 15:00:00,0.57
2024-10-30 16:00:00,0.57
2024-10-30 17:00:00,0.57
2024-10-30 18:00:00,0.57
2024-10-30 19:00:00,0.57
2024-10-30 20:00:00,1.71
2024-10-30 21:00:00,1.14
2024-10-30 22:00:00,0.57
2024-10-30 23:00:00,0.57
2024-10-31 00:00:00,3.22
2024-10-31 01:00:00,5.87
2024-10-31 02:00:00,5.34
2024-10-31 03:00:00,4.8
2024-10-31 04:00:00,4.27
2024-10-31 05:00:00,3.73
2024-10-31 06:00:00,3.2
2024-10-31 07:00:00,2.67
2024-10-31 08:00:00,2.13
2024-10-31 09:00:00,1.6
2024-10-31 10:00:00,1.07
2024-10-31 11:00:00,0.53
2024-10-31 12:00:00,0.0
2024-10-31 13:00:00,1.14
2024-10-31 14:00:00,1.26
2024-10-31 15:00:00,1.37
2024-10-31 16:00:00,1.49
2024-10-31 17:00:00,1.6
2024-10-31 18:00:00,1.71
2024-10-31 19:00:00,1.14
2024-10-31 20:00:00,0.86
2024-10-31 21:00:00,0.57
2024-10-31 22:00:00,1.14
2024-10-31 23:00:00,2.91
2024-11-01 00:00:00,4.68
2024-11-01 01:00:00,4.68
2024-11-01 02:00:00,4.68
2024-11-01 03:00:00,4.68
2024-11-01 04:00:00,4.68
2024-11-01 05:00:00,0.57
2024-11-01 06:00:00,0.57
2024-11-01 07:00:00,0.57
2024-11-01 08:00:00,0.57
2024-11-01 09:00:00,0.57
2024-11-01 10:00:00,0.48
2024-11-01 11:00:00,0.38
2024-11-01 12:00:00,0.28
2024-11-01 13:00:00,1.14
2024-11-01 14:00:00,1.0
2024-11-01 15:00:00,0.86
2024-11-01 16:00:00,0.71
2024-11-01 17:00:00,0.57
2024-11-01 18:00:00,0.57
2024-11-01 19:00:00,1.14
2024-11-01 20:00:00,0.57
2024-11-01 21:00:00,0.57
2024-11-01 22:00:00,1.14
2024-11-01 23:00:00,1.63
2024-11-02 00:00:00,2.11
2024-11-02 01:00:00,4.62
2024-11-02 02:00:00,7.12
2024-11-02 03:00:00,0.57
2024-11-02 04:00:00,0.57
2024-11-02 05:00:00,0.57
2024-11-02 06:00:00,0.57
2024-11-02 07:00:00,0.57
2024-11-02 08:00:00,0.57
2024-11-02 09:00:00,0.57
2024-11-02 10:00:00,0.91
2024-11-02 11:00:00,1.25
2024-11-02 12:00:00,0.66
2024-11-02 13:00:00,0.06
2024-11-02 14:00:00,0.33
2024-11-02 15:00:00,0.6
2024-11-02 16:00:00,0.87
2024-11-02 17:00:00,1.14
2024-11-02 18:00:00,1.14
2024-11-02 19:00:00,0.57
2024-11-02 20:00:00,1.14
2024-11-02 21:00:00,2.86
2024-11-02 22:00:00,4.57
2024-11-02 23:00:00,4.57
2024-11-03 00:00:00,1.14
2024-11-03 01:00:00,7.73
2024-11-03 02:00:00,1.14
2024-11-03 03:00:00,1.06
2024-11-03 04:00:00,0.98
2024-11-03 05:00:00,0.9
2024-11-03 06:00:00,0.82
2024-11-03 07:00:00,0.73
2024-11-03 08:00:00,0.65
2024-11-03 09:00:00,0.57
2024-11-03 10:00:00,0.57
2024-11-03 11:00:00,0.57
2024-11-03 12:00:00,0.57
2024-11-03 13:00:00,0.0
2024-11-03 14:00:00,0.29
2024-11-03 15:00:00,0.57
2024-11-03 16:00:00,0.86
2024-11-03 17:00:00,1.14
2024-11-03 18:00:00,2.86
2024-11-03 19:00:00,1.14
2024-11-03 20:00:00,2.29
2024-11-03 21:00:00,1.14
2024-11-03 22:00:00,0.57
2024-11-03 23:00:00,0.57
2024-11-04 00:00:00,1.46
2024-11-04 01:00:00,2.35
2024-11-04 02:00:00,2.15
2024-11-04 03:00:00,1.95
2024-11-04 04:00:00,1.76
2024-11-04 05:00:00,1.56
2024-11-04 06:00:00,1.36
2024-11-04 07:00:00,1.16
2024-11-04 08:00:00,0.97
2024-11-04 09:00:00,0.77
2024-11-04 10:00:00,0.57
2024-11-04 11:00:00,1.72
2024-11-04 12:00:00,0.58
2024-11-04 13:00:00,3.43
2024-11-04 14:00:00,2.86
2024-11-04 15:00:00,2.29
2024-11-04 16:00:00,1.71
2024-11-04 17:00:00,1.14
2024-11-04 18:00:00,1.14
2024-11-04 19:00:00,1.71
2024-11-04 20:00:00,2.29
2024-11-04 21:00:00,1.14
2024-11-04 22:00:00,0.57
2024-11-04 23:00:00,0.86
2024-11-05 00:00:00,1.14
2024-11-05 01:00:00,3.73
2024-11-05 02:00:00,2.15
2024-11-05 03:00:00,0.57
2024-11-05 04:00:00,1.03
2024-11-05 05:00:00,1.49
2024-11-05 06:00:00,1.94
2024-11-05 07:00:00,2.4
2024-11-05 08:00:00,2.86
2024-11-05 09:00:00,11.25
2024-11-05 10:00:00,18.83
2024-11-05 11:00:00,26.03
2024-11-05 12:00:00,33.19
2024-11-05 13:00:00,4.0
2024-11-05 14:00:00,3.59
2024-11-05 15:00:00,3.18
2024-11-05 16:00:00,2.78
2024-11-05 17:00:00,2.37
2024-11-05 18:00:00,1.96
2024-11-05 19:00:00,1.55
2024-11-05 20:00:00,1.14
2024-11-05 21:00:00,1.14
2024-11-05 22:00:00,0.86
2024-11-05 23:00:00,0.57
2024-11-06 00:00:00,0.37
2024-11-06 01:00:00,0.18
2024-11-06 02:00:00,0.28
2024-11-06 03:00:00,0.39
2024-11-06 04:00:00,0.5
2024-11-06 05:00:00,0.61
2024-11-06 06:00:00,0.71
2024-11-06 07:00:00,0.82
2024-11-06 08:00:00,0.93
2024-11-06 09:00:00,1.04
2024-11-06 10:00:00,1.14
2024-11-06 11:00:00,4.27
2024-11-06 12:00:00,23.98
2024-11-06 13:00:00,4.02
2024-11-06 14:00:00,3.56
2024-11-06 15:00:00,3.1
2024-11-06 16:00:00,2.64
2024-11-06 17:00:00,2.18
2024-11-06 18:00:00,1.71
2024-11-06 19:00:00,1.14
2024-11-06 20:00:00,0.57
2024-11-06 21:00:00,1.14
2024-11-06 22:00:00,2.86
2024-11-06 23:00:00,0.57
2024-11-07 00:00:00,1.63
2024-11-07 01:00:00,1.51
2024-11-07 02:00:00,1.39
2024-11-07 03:00:00,1.26
2024-11-07 04:00:00,1.14
2024-11-07 05:00:00,1.14
2024-11-07 06:00:00,1.72
2024-11-07 07:00:00,2.3
2024-11-07 08:00:00,2.87
2024-11-07 09:00:00,23.49
2024-11-07 10:00:00,42.92
2024-11-07 11:00:00,62.34
2024-11-07 12:00:00,7.43
2024-11-07 13:00:00,42.87
2024-11-07 14:00:00,38.74
2024-11-07 15:00:00,36.54
2024-11-07 16:00:00,33.71
2024-11-07 17:00:00,30.58
2024-11-07 18:00:00,27.21
2024-11-07 19:00:00,23.84
2024-11-07 20:00:00,20.47
2024-11-07 21:00:00,17.1
2024-11-07 22:00:00,13.72
2024-11-07 23:00:00,10.35
2024-11-08 00:00:00,6.98
2024-11-08 01:00:00,3.6
2024-11-08 02:00:00,0.23
2024-11-08 03:00:00,0.68
2024-11-08 04:00:00,1.13
2024-11-08 05:00:00,1.58
2024-11-08 06:00:00,2.04
2024-11-08 07:00:00,2.49
2024-11-08 08:00:00,2.94
2024-11-08 09:00:00,3.39
2024-11-08 10:00:00,3.84
2024-11-08 11:00:00,4.29
2024-11-08 12:00:00,3.59
2024-11-08 13:00:00,27.98
2024-11-08 14:00:00,23.05
2024-11-08 15:00:00,16.77
2024-11-08 16:00:00,14.25
2024-11-08 17:00:00,9.75
2024-11-08 18:00:00,5.16
2024-11-08 19:00:00,0.57
2024-11-08 20:00:00,0.51
2024-11-08 21:00:00,0.45
2024-11-08 22:00:00,0.39
2024-11-08 23:00:00,0.33
2024-11-09 00:00:00,0.26
2024-11-09 01:00:00,0.2
2024-11-09 02:00:00,0.7
2024-11-09 03:00:00,1.19
2024-11-09 04:00:00,1.69
2024-11-09 05:00:00,2.18
2024-11-09 06:00:00,2.67
2024-11-09 07:00:00,3.17
2024-11-09 08:00:00,3.66
2024-11-09 09:00:00,4.15
2024-11-09 10:00:00,4.65
2024-11-09 11:00:00,6.38
2024-11-09 12:00:00,19.69
2024-11-09 13:00:00,3.43
2024-11-09 14:00:00,3.14
2024-11-09 15:00:00,2.86
2024-11-09 16:00:00,2.57
2024-11-09 17:00:00,2.29
2024-11-09 18:00:00,2.0
2024-11-09 19:00:00,1.71
2024-11-09 20:00:00,4.57
2024-11-09 21:00:00,1.71
2024-11-09 22:00:00,1.71
2024-11-09 23:00:00,0.57
2024-11-10 00:00:00,0.57
2024-11-10 01:00:00,0.38
2024-11-10 02:00:00,0.53
2024-11-10 03:00:00,0.68
2024-11-10 04:00:00,0.83
2024-11-10 05:00:00,0.98
2024-11-10 06:00:00,1.13
2024-11-10 07:00:00,1.28
2024-11-10 08:00:00,1.43
2024-11-10 09:00:00,1.58
2024-11-10 10:00:00,1.73
2024-11-10 11:00:00,1.88
2024-11-10 12:00:00,2.03
2024-11-10 13:00:00,1.74
2024-11-10 14:00:00,1.45
2024-11-10 15:00:00,1.16
2024-11-10 16:00:00,0.86
2024-11-10 17:00:00,0.57
2024-11-10 18:00:00,3.43
2024-11-10 19:00:00,6.27
2024-11-10 20:00:00,1.71
2024-11-10 21:00:00,1.52
2024-11-10 22:00:00,1.32
2024-11-10 23:00:00,1.12
2024-11-11 00:00:00,0.93
2024-11-11 01:00:00,0.73
2024-11-11 02:00:00,0.7
2024-11-11 03:00:00,0.67
2024-11-11 04:00:00,0.63
2024-11-11 05:00:00,0.6
2024-11-11 06:00:00,0.57
2024-11-11 07:00:00,0.53
2024-11-11 08:00:00,0.5
2024-11-11 09:00:00,0.47
2024-11-11 10:00:00,0.44
2024-11-11 11:00:00,0.4
2024-11-11 12:00:00,0.37
2024-11-11 13:00:00,1.09
2024-11-11 14:00:00,1.81
2024-11-11 15:00:00,2.54
2024-11-11 16:00:00,3.26
2024-11-11 17:00:00,3.98
2024-11-11 18:00:00,4.7
2024-11-11 19:00:00,5.42
2024-11-11 20:00:00,6.14
2024-11-11 21:00:00,6.86
2024-11-11 22:00:00,7.58
2024-11-11 23:00:00,8.31
2024-11-12 00:00:00,9.03
2024-11-12 01:00:00,9.68
2024-11-12 02:00:00,10.34
2024-11-12 03:00:00,10.99
2024-11-12 04:00:00,11.65
2024-11-12 05:00:00,12.3
2024-11-12 06:00:00,12.97
2024-11-12 07:00:00,13.4
2024-11-12 08:00:00,14.37
2024-11-12 09:00:00,15.14
2024-11-12 10:00:00,15.85
2024-11-12 11:00:00,16.42
2024-11-12 12:00:00,17.03
2024-11-12 13:00:00,16.2
2024-11-12 14:00:00,15.33
2024-11-12 15:00:00,14.4
2024-11-12 16:00:00,13.87
2024-11-12 17:00:00,13.07
2024-11-12 18:00:00,12.31
2024-11-12 19:00:00,11.55
2024-11-12 20:00:00,10.78
2024-11-12 21:00:00,10.02
2024-11-12 22:00:00,9.26
2024-11-12 23:00:00,8.49
2024-11-13 00:00:00,7.73
2024-11-13 01:00:00,10.22
2024-11-13 02:00:00,12.72
2024-11-13 03:00:00,11.56
2024-11-13 04:00:00,10.41
2024-11-13 05:00:00,9.26
2024-11-13 06:00:00,8.03
2024-11-13 07:00:00,6.3
2024-11-13 08:00:00,5.61
2024-11-13 09:00:00,4.66
2024-11-13 10:00:00,3.51
2024-11-13 11:00:00,2.35
2024-11-13 12:00:00,1.2
2024-11-13 13:00:00,0.05
2024-11-13 14:00:00,0.18
2024-11-13 15:00:00,0.31
2024-11-13 16:00:00,0.44
2024-11-13 17:00:00,0.57
2024-11-13 18:00:00,1.09
2024-11-13 19:00:00,1.14
2024-11-13 20:00:00,1.14
2024-11-13 21:00:00,1.71
2024-11-13 22:00:00,2.27
2024-11-13 23:00:00,2.83
2024-11-14 00:00:00,3.39
2024-11-14 01:00:00,3.95
2024-11-14 02:00:00,2.26
2024-11-14 03:00:00,0.57
2024-11-14 04:00:00,11.41
2024-11-14 05:00:00,34.83
2024-11-14 06:00:00,38.38
2024-11-14 07:00:00,43.19
2024-11-14 08:00:00,47.75
2024-11-14 09:00:00,50.18
2024-11-14 10:00:00,36.69
2024-11-14 11:00:00,10.35
2024-11-14 12:00:00,4.0
2024-11-14 13:00:00,0.0
2024-11-14 14:00:00,0.07
2024-11-14 15:00:00,0.14
2024-11-14 16:00:00,0.21
2024-11-14 17:00:00,0.29
2024-11-14 18:00:00,0.36
2024-11-14 19:00:00,0.43
2024-11-14 20:00:00,0.5
2024-11-14 21:00:00,0.57
2024-11-14 22:00:00,1.71
2024-11-14 23:00:00,4.0
2024-11-15 00:00:00,5.14
2024-11-15 01:00:00,3.92
2024-11-15 02:00:00,9.7
2024-11-15 03:00:00,18.26
2024-11-15 04:00:00,26.25
2024-11-15 05:00:00,33.67
2024-11-15 06:00:00,29.29
2024-11-15 07:00:00,25.2
2024-11-15 08:00:00,24.69
2024-11-15 09:00:00,20.64
2024-11-15 10:00:00,11.81
2024-11-15 11:00:00,6.22
2024-11-15 12:00:00,0.05
2024-11-15 13:00:00,0.05
2024-11-15 14:00:00,0.04
2024-11-15 15:00:00,0.04
2024-11-15 16:00:00,0.04
2024-11-15 17:00:00,0.04
2024-11-15 18:00:00,0.03
2024-11-15 19:00:00,0.03
2024-11-15 20:00:00,0.03
2024-11-15 21:00:00,0.03
2024-11-15 22:00:00,0.02
2024-11-15 23:00:00,0.02
2024-11-16 00:00:00,0.02
2024-11-16 01:00:00,0.01
2024-11-16 02:00:00,0.04
2024-11-16 03:00:00,0.06
2024-11-16 04:00:00,0.08
2024-11-16 05:00:00,0.11
2024-11-16 06:00:00,0.13
2024-11-16 07:00:00,0.15
2024-11-16 08:00:00,0.18
2024-11-16 09:00:00,0.2
2024-11-16 10:00:00,0.22
2024-11-16 11:00:00,0.25
2024-11-16 12:00:00,0.27
2024-11-16 13:00:00,0.32
2024-11-16 14:00:00,0.37
2024-11-16 15:00:00,0.42
2024-11-16 16:00:00,0.47
2024-11-16 17:00:00,0.52
2024-11-16 18:00:00,0.57
2024-11-16 19:00:00,0.51
2024-11-16 20:00:00,0.45
2024-11-16 21:00:00,0.38
2024-11-16 22:00:00,0.32
2024-11-16 23:00:00,0.26
2024-11-17 00:00:00,0.19
2024-11-17 01:00:00,0.23
2024-11-17 02:00:00,0.26
2024-11-17 03:00:00,0.3
2024-11-17 04:00:00,0.33
2024-11-17 05:00:00,0.36
2024-11-17 06:00:00,0.4
2024-11-17 07:00:00,0.43
2024-11-17 08:00:00,0.47
2024-11-17 09:00:00,0.5
2024-11-17 10:00:00,0.54
2024-11-17 11:00:00,0.57
2024-11-17 12:00:00,0.6
2024-11-17 13:00:00,0.56
2024-11-17 14:00:00,0.52
2024-11-17 15:00:00,0.48
2024-11-17 16:00:00,0.44
2024-11-17 17:00:00,0.4
2024-11-17 18:00:00,0.36
2024-11-17 19:00:00,0.32
2024-11-17 20:00:00,0.28
2024-11-17 21:00:00,0.24
2024-11-17 22:00:00,0.2
2024-11-17 23:00:00,0.16
2024-11-18 00:00:00,0.12
2024-11-18 01:00:00,0.09
2024-11-18 02:00:00,0.06
2024-11-18 03:00:00,3.17
2024-11-18 04:00:00,6.27
2024-11-18 05:00:00,9.38
2024-11-18 06:00:00,12.47
2024-11-18 07:00:00,14.15
2024-11-18 08:00:00,18.7
2024-11-18 09:00:00,21.88
2024-11-18 10:00:00,25.02
2024-11-18 11:00:00,28.11
2024-11-18 12:00:00,15.9
2024-11-18 13:00:00,3.66
2024-11-18 14:00:00,3.35
2024-11-18 15:00:00,3.04
2024-11-18 16:00:00,2.73
2024-11-18 17:00:00,2.42
2024-11-18 18:00:00,2.11
2024-11-18 19:00:00,1.81
2024-11-18 20:00:00,1.5
2024-11-18 21:00:00,1.19
2024-11-18 22:00:00,0.88
2024-11-18 23:00:00,0.57
2024-11-19 00:00:00,9.05
2024-11-19 01:00:00,17.54
2024-11-19 02:00:00,8.57
2024-11-19 03:00:00,20.57
2024-11-19 04:00:00,32.57
2024-11-19 05:00:00,46.28
2024-11-19 06:00:00,39.92
2024-11-19 07:00:00,34.12
2024-11-19 08:00:00,29.16
2024-11-19 09:00:00,23.71
2024-11-19 10:00:00,7.11
2024-11-19 11:00:00,0.57
2024-11-19 12:00:00,7.04
2024-11-19 13:00:00,13.38
2024-11-19 14:00:00,10.45
2024-11-19 15:00:00,7.7
2024-11-19 16:00:00,5.13
2024-11-19 17:00:00,2.29
2024-11-19 18:00:00,4.0
2024-11-19 19:00:00,6.28
2024-11-19 20:00:00,10.28
2024-11-19 21:00:00,21.71
2024-11-19 22:00:00,32.0
2024-11-19 23:00:00,46.84
2024-11-20 00:00:00,58.26
2024-11-20 01:00:00,47.71
2024-11-20 02:00:00,80.55
2024-11-20 03:00:00,83.4
2024-11-20 04:00:00,89.11
2024-11-20 05:00:00,90.26
2024-11-20 06:00:00,84.07
2024-11-20 07:00:00,78.69
2024-11-20 08:00:00,73.42
2024-11-20 09:00:00,67.92
2024-11-20 10:00:00,30.71
2024-11-20 11:00:00,14.78
2024-11-20 12:00:00,0.75
2024-11-20 13:00:00,0.94
2024-11-20 14:00:00,1.14
2024-11-20 15:00:00,1.33
2024-11-20 16:00:00,1.52
2024-11-20 17:00:00,1.71
2024-11-20 18:00:00,6.84
2024-11-20 19:00:00,3.43
2024-11-20 20:00:00,3.43
2024-11-20 21:00:00,2.86
2024-11-20 22:00:00,1.71
2024-11-20 23:00:00,1.71
2024-11-21 00:00:00,2.29
2024-11-21 01:00:00,1.72
2024-11-21 02:00:00,1.71
2024-11-21 03:00:00,3.43
2024-11-21 04:00:00,1.14
2024-11-21 05:00:00,1.71
2024-11-21 06:00:00,1.59
2024-11-21 07:00:00,1.47
2024-11-21 08:00:00,1.35
2024-11-21 09:00:00,1.22
2024-11-21 10:00:00,1.1
2024-11-21 11:00:00,0.98
2024-11-21 12:00:00,0.86
2024-11-21 13:00:00,0.79
2024-11-21 14:00:00,0.73
2024-11-21 15:00:00,0.67
2024-11-21 16:00:00,0.61
2024-11-21 17:00:00,0.55
2024-11-21 18:00:00,0.55
2024-11-21 19:00:00,0.56
2024-11-21 20:00:00,0.57
2024-11-21 21:00:00,0.57
2024-11-21 22:00:00,0.57
2024-11-21 23:00:00,0.57
2024-11-22 00:00:00,0.4
2024-11-22 01:00:00,0.22
2024-11-22 02:00:00,0.34
2024-11-22 03:00:00,0.46
2024-11-22 04:00:00,0.57
2024-11-22 05:00:00,0.55
2024-11-22 06:00:00,0.53
2024-11-22 07:00:00,0.52
2024-11-22 08:00:00,0.5
2024-11-22 09:00:00,0.48
2024-11-22 10:00:00,0.46
2024-11-22 11:00:00,0.44
2024-11-22 12:00:00,0.42
2024-11-22 13:00:00,0.45
2024-11-22 14:00:00,0.48
2024-11-22 15:00:00,0.51
2024-11-22 16:00:00,0.54
2024-11-22 17:00:00,0.57
2024-11-22 18:00:00,0.57
2024-11-22 19:00:00,1.14
2024-11-22 20:00:00,0.57
2024-11-22 21:00:00,1.71
2024-11-22 22:00:00,2.29
2024-11-22 23:00:00,2.6
2024-11-23 00:00:00,2.92
2024-11-23 01:00:00,2.81
2024-11-23 02:00:00,2.7
2024-11-23 03:00:00,2.59
2024-11-23 04:00:00,2.47
2024-11-23 05:00:00,2.36
2024-11-23 06:00:00,2.25
2024-11-23 07:00:00,2.13
2024-11-23 08:00:00,2.02
2024-11-23 09:00:00,1.91
2024-11-23 10:00:00,1.79
2024-11-23 11:00:00,1.68
2024-11-23 12:00:00,0.93
2024-11-23 13:00:00,0.18
2024-11-23 14:00:00,0.26
2024-11-23 15:00:00,0.34
2024-11-23 16:00:00,0.41
2024-11-23 17:00:00,0.49
2024-11-23 18:00:00,0.57
2024-11-23 19:00:00,1.65
2024-11-23 20:00:00,2.73
2024-11-23 21:00:00,3.81
2024-11-23 22:00:00,4.89
2024-11-23 23:00:00,5.97
2024-11-24 00:00:00,7.05
2024-11-24 01:00:00,8.13
2024-11-24 02:00:00,9.2
2024-11-24 03:00:00,8.37
2024-11-24 04:00:00,7.53
2024-11-24 05:00:00,6.69
2024-11-24 06:00:00,5.8
2024-11-24 07:00:00,2.63
2024-11-24 08:00:00,4.18
2024-11-24 09:00:00,3.35
2024-11-24 10:00:00,2.51
2024-11-24 11:00:00,1.67
2024-11-24 12:00:00,0.84
2024-11-24 13:00:00,0.0
2024-11-24 14:00:00,0.08
2024-11-24 15:00:00,0.16
2024-11-24 16:00:00,0.24
2024-11-24 17:00:00,0.33
2024-11-24 18:00:00,0.41
2024-11-24 19:00:00,0.49
2024-11-24 20:00:00,0.57
2024-11-24 21:00:00,0.54
2024-11-24 22:00:00,0.5
2024-11-24 23:00:00,0.46
2024-11-25 00:00:00,0.43
2024-11-25 01:00:00,0.39
2024-11-25 02:00:00,0.36
2024-11-25 03:00:00,0.32
2024-11-25 04:00:00,0.28
2024-11-25 05:00:00,0.25
2024-11-25 06:00:00,0.21
2024-11-25 07:00:00,0.18
2024-11-25 08:00:00,0.14
2024-11-25 09:00:00,0.11
2024-11-25 10:00:00,0.07
2024-11-25 11:00:00,0.04
2024-11-25 12:00:00,0.0
2024-11-25 13:00:00,0.57
2024-11-25 14:00:00,1.14
2024-11-25 15:00:00,1.71
2024-11-25 16:00:00,2.29
2024-11-25 17:00:00,2.86
2024-11-25 18:00:00,3.43
2024-11-25 19:00:00,5.7
2024-11-25 20:00:00,5.66
2024-11-25 21:00:00,10.81
2024-11-25 22:00:00,7.39
2024-11-25 23:00:00,4.0
2024-11-26 00:00:00,7.94
2024-11-26 01:00:00,0.95
2024-11-26 02:00:00,2.86
2024-11-26 03:00:00,4.0
2024-11-26 04:00:00,2.29
2024-11-26 05:00:00,2.86
2024-11-26 06:00:00,2.56
2024-11-26 07:00:00,2.26
2024-11-26 08:00:00,1.96
2024-11-26 09:00:00,1.66
2024-11-26 10:00:00,1.37
2024-11-26 11:00:00,1.07
2024-11-26 12:00:00,0.77
2024-11-26 13:00:00,0.73
2024-11-26 14:00:00,0.69
2024-11-26 15:00:00,0.65
2024-11-26 16:00:00,0.61
2024-11-26 17:00:00,0.57
2024-11-26 18:00:00,3.43
2024-11-26 19:00:00,1.71
2024-11-26 20:00:00,3.43
2024-11-26 21:00:00,2.29
2024-11-26 22:00:00,0.57
2024-11-26 23:00:00,0.51
2024-11-27 00:00:00,0.45
2024-11-27 01:00:00,0.39
2024-11-27 02:00:00,0.39
2024-11-27 03:00:00,0.4
2024-11-27 04:00:00,0.4
2024-11-27 05:00:00,0.41
2024-11-27 06:00:00,0.41
2024-11-27 07:00:00,0.42
2024-11-27 08:00:00,0.42
2024-11-27 09:00:00,0.43
2024-11-27 10:00:00,0.43
2024-11-27 11:00:00,0.44
2024-11-27 12:00:00,0.44
2024-11-27 13:00:00,0.58
2024-11-27 14:00:00,0.72
2024-11-27 15:00:00,0.86
2024-11-27 16:00:00,1.0
2024-11-27 17:00:00,1.14
2024-11-27 18:00:00,2.29
2024-11-27 19:00:00,0.57
2024-11-27 20:00:00,1.14
2024-11-27 21:00:00,1.14
2024-11-27 22:00:00,2.86
2024-11-27 23:00:00,0.57
2024-11-28 00:00:00,0.69
2024-11-28 01:00:00,1.14
2024-11-28 02:00:00,0.86
2024-11-28 03:00:00,0.57
2024-11-28 04:00:00,0.57
2024-11-28 05:00:00,0.52
2024-11-28 06:00:00,0.48
2024-11-28 07:00:00,0.43
2024-11-28 08:00:00,0.38
2024-11-28 09:00:00,0.34
2024-11-28 10:00:00,0.29
2024-11-28 11:00:00,0.24
2024-11-28 12:00:00,0.2
2024-11-28 13:00:00,0.61
2024-11-28 14:00:00,1.03
2024-11-28 15:00:00,1.45
2024-11-28 16:00:00,1.87
2024-11-28 17:00:00,2.29
2024-11-28 18:00:00,4.0
2024-11-28 19:00:00,4.0
2024-11-28 20:00:00,4.0
2024-11-28 21:00:00,2.86
2024-11-28 22:00:00,2.86
2024-11-28 23:00:00,2.86
2024-11-29 00:00:00,3.64
2024-11-29 01:00:00,0.57
2024-11-29 02:00:00,4.31
2024-11-29 03:00:00,0.57
2024-11-29 04:00:00,0.56
2024-11-29 05:00:00,0.56
2024-11-29 06:00:00,0.55
2024-11-29 07:00:00,0.54
2024-11-29 08:00:00,0.54
2024-11-29 09:00:00,0.53
2024-11-29 10:00:00,0.52
2024-11-29 11:00:00,0.51
2024-11-29 12:00:00,0.51
2024-11-29 13:00:00,0.5
2024-11-29 14:00:00,1.23
2024-11-29 15:00:00,1.96
2024-11-29 16:00:00,2.7
2024-11-29 17:00:00,3.43
2024-11-29 18:00:00,2.86
2024-11-29 19:00:00,5.15
2024-11-29 20:00:00,1.14
2024-11-29 21:00:00,3.43
2024-11-29 22:00:00,1.14
2024-11-29 23:00:00,0.57
2024-11-30 00:00:00,0.57
2024-11-30 01:00:00,1.34
2024-11-30 02:00:00,1.23
2024-11-30 03:00:00,1.11
2024-11-30 04:00:00,1.0
2024-11-30 05:00:00,0.89
2024-11-30 06:00:00,0.78
2024-11-30 07:00:00,0.67
2024-11-30 08:00:00,0.56
2024-11-30 09:00:00,0.45
2024-11-30 10:00:00,0.33
2024-11-30 11:00:00,0.22
2024-11-30 12:00:00,0.11
2024-11-30 13:00:00,0.0
2024-11-30 14:00:00,1.71
2024-11-30 15:00:00,3.43
2024-11-30 16:00:00,5.19
2024-11-30 17:00:00,6.85
2024-11-30 18:00:00,10.86
2024-11-30 19:00:00,7.99
2024-11-30 20:00:00,9.71
2024-11-30 21:00:00,13.71
2024-11-30 22:00:00,9.71
2024-11-30 23:00:00,10.85
2024-12-01 00:00:00,2.29
2024-12-01 01:00:00,0.7
2024-12-01 02:00:00,0.7
2024-12-01 03:00:00,0.7
2024-12-01 04:00:00,0.7
2024-12-01 05:00:00,0.09
2024-12-01 06:00:00,0.09
2024-12-01 07:00:00,0.09
2024-12-01 08:00:00,0.09
2024-12-01 09:00:00,0.09
2024-12-01 10:00:00,0.09
2024-12-01 11:00:00,0.09
2024-12-01 12:00:00,0.09
2024-12-01 13:00:00,0.87
2024-12-01 14:00:00,1.65
2024-12-01 15:00:00,2.43
2024-12-01 16:00:00,3.22
2024-12-01 17:00:00,4.0
2024-12-01 18:00:00,8.19
2024-12-01 19:00:00,6.86
2024-12-01 20:00:00,5.14
2024-12-01 21:00:00,8.0
2024-12-01 22:00:00,2.86
2024-12-01 23:00:00,1.71
2024-12-02 00:00:00,1.14
2024-12-02 01:00:00,2.04
2024-12-02 02:00:00,2.02
2024-12-02 03:00:00,1.99
2024-12-02 04:00:00,1.97
2024-12-02 05:00:00,1.95
2024-12-02 06:00:00,1.92
2024-12-02 07:00:00,1.9
2024-12-02 08:00:00,1.88
2024-12-02 09:00:00,1.85
2024-12-02 10:00:00,1.83
2024-12-02 11:00:00,1.81
2024-12-02 12:00:00,1.78
2024-12-02 13:00:00,5.58
2024-12-02 14:00:00,7.71
2024-12-02 15:00:00,11.06
2024-12-02 16:00:00,14.97
2024-12-02 17:00:00,18.28
2024-12-02 18:00:00,22.85
2024-12-02 19:00:00,19.98
2024-12-02 20:00:00,14.84
2024-12-02 21:00:00,14.84
2024-12-02 22:00:00,9.12
2024-12-02 23:00:00,6.27
2024-12-03 00:00:00,13.8
2024-12-03 01:00:00,5.12
2024-12-03 02:00:00,4.57
2024-12-03 03:00:00,6.27
2024-12-03 04:00:00,7.97
2024-12-03 05:00:00,4.57
2024-12-03 06:00:00,4.01
2024-12-03 07:00:00,3.46
2024-12-03 08:00:00,2.9
2024-12-03 09:00:00,2.34
2024-12-03 10:00:00,1.78
2024-12-03 11:00:00,1.22
2024-12-03 12:00:00,0.67
2024-12-03 13:00:00,1.33
2024-12-03 14:00:00,2.0
2024-12-03 15:00:00,2.67
2024-12-03 16:00:00,3.33
2024-12-03 17:00:00,4.0
2024-12-03 18:00:00,1.14
2024-12-03 19:00:00,1.14
2024-12-03 20:00:00,0.86
2024-12-03 21:00:00,0.57
2024-12-03 22:00:00,0.57
2024-12-03 23:00:00,0.57
2024-12-04 00:00:00,14.66
2024-12-04 01:00:00,19.2
2024-12-04 02:00:00,23.75
2024-12-04 03:00:00,1.71
2024-12-04 04:00:00,1.51
2024-12-04 05:00:00,1.3
2024-12-04 06:00:00,1.09
2024-12-04 07:00:00,0.88
2024-12-04 08:00:00,0.67
2024-12-04 09:00:00,0.47
2024-12-04 10:00:00,0.26
2024-12-04 11:00:00,0.05
2024-12-04 12:00:00,0.03
2024-12-04 13:00:00,0.0
2024-12-04 14:00:00,1.0
2024-12-04 15:00:00,2.0
2024-12-04 16:00:00,3.0
2024-12-04 17:00:00,4.0
2024-12-04 18:00:00,0.57
2024-12-04 19:00:00,1.14
2024-12-04 20:00:00,0.57
2024-12-04 21:00:00,1.2
2024-12-04 22:00:00,1.84
2024-12-04 23:00:00,2.47
2024-12-05 00:00:00,3.1
2024-12-05 01:00:00,3.73
2024-12-05 02:00:00,3.42
2024-12-05 03:00:00,3.11
2024-12-05 04:00:00,2.8
2024-12-05 05:00:00,2.49
2024-12-05 06:00:00,2.18
2024-12-05 07:00:00,1.87
2024-12-05 08:00:00,1.56
2024-12-05 09:00:00,1.24
2024-12-05 10:00:00,0.93
2024-12-05 11:00:00,0.62
2024-12-05 12:00:00,0.31
2024-12-05 13:00:00,0.0
2024-12-05 14:00:00,0.03
2024-12-05 15:00:00,0.05
2024-12-05 16:00:00,0.08
2024-12-05 17:00:00,0.1
2024-12-05 18:00:00,0.13
2024-12-05 19:00:00,0.16
2024-12-05 20:00:00,0.18
2024-12-05 21:00:00,0.21
2024-12-05 22:00:00,0.23
2024-12-05 23:00:00,0.26
2024-12-06 00:00:00,0.29
2024-12-06 01:00:00,0.31
2024-12-06 02:00:00,2.86
2024-12-06 03:00:00,2.1
2024-12-06 04:00:00,1.33
2024-12-06 05:00:00,0.57
2024-12-06 06:00:00,0.71
2024-12-06 07:00:00,0.86
2024-12-06 08:00:00,1.0
2024-12-06 09:00:00,1.14
2024-12-06 10:00:00,1.16
2024-12-06 11:00:00,0.9
2024-12-06 12:00:00,0.64
2024-12-06 13:00:00,1.11
2024-12-06 14:00:00,1.58
2024-12-06 15:00:00,2.06
2024-12-06 16:00:00,2.53
2024-12-06 17:00:00,3.0
2024-12-06 18:00:00,3.47
2024-12-06 19:00:00,0.57
2024-12-06 20:00:00,0.57
2024-12-06 21:00:00,0.57
2024-12-06 22:00:00,0.9
2024-12-06 23:00:00,1.23
2024-12-07 00:00:00,1.56
2024-12-07 01:00:00,1.89
2024-12-07 02:00:00,1.77
2024-12-07 03:00:00,1.64
2024-12-07 04:00:00,1.52
2024-12-07 05:00:00,1.4
2024-12-07 06:00:00,1.28
2024-12-07 07:00:00,1.16
2024-12-07 08:00:00,1.04
2024-12-07 09:00:00,0.92
2024-12-07 10:00:00,0.8
2024-12-07 11:00:00,0.68
2024-12-07 12:00:00,0.56
2024-12-07 13:00:00,0.56
2024-12-07 14:00:00,0.56
2024-12-07 15:00:00,0.57
2024-12-07 16:00:00,0.57
2024-12-07 17:00:00,0.57
2024-12-07 18:00:00,2.29
2024-12-07 19:00:00,2.29
2024-12-07 20:00:00,0.57
2024-12-07 21:00:00,2.86
2024-12-07 22:00:00,0.57
2024-12-07 23:00:00,1.14
2024-12-08 00:00:00,1.13
2024-12-08 01:00:00,0.98
2024-12-08 02:00:00,0.94
2024-12-08 03:00:00,0.91
2024-12-08 04:00:00,0.87
2024-12-08 05:00:00,0.84
2024-12-08 06:00:00,0.8
2024-12-08 07:00:00,0.77
2024-12-08 08:00:00,0.74
2024-12-08 09:00:00,0.7
2024-12-08 10:00:00,0.67
2024-12-08 11:00:00,0.63
2024-12-08 12:00:00,0.6
2024-12-08 13:00:00,0.59
2024-12-08 14:00:00,0.59
2024-12-08 15:00:00,0.58
2024-12-08 16:00:00,0.58
2024-12-08 17:00:00,0.57
2024-12-08 18:00:00,0.57
2024-12-08 19:00:00,0.57
2024-12-08 20:00:00,1.71
2024-12-08 21:00:00,3.43
2024-12-08 22:00:00,1.14
2024-12-08 23:00:00,3.72
2024-12-09 00:00:00,6.29
2024-12-09 01:00:00,1.14
2024-12-09 02:00:00,3.43
2024-12-09 03:00:00,23.65
2024-12-09 04:00:00,41.97
2024-12-09 05:00:00,54.46
2024-12-09 06:00:00,51.56
2024-12-09 07:00:00,48.02
2024-12-09 08:00:00,46.08
2024-12-09 09:00:00,45.29
2024-12-09 10:00:00,32.16
2024-12-09 11:00:00,48.48
2024-12-09 12:00:00,7.7
2024-12-09 13:00:00,16.58
2024-12-09 14:00:00,11.92
2024-12-09 15:00:00,6.73
2024-12-09 16:00:00,5.44
2024-12-09 17:00:00,1.71
2024-12-09 18:00:00,4.0
2024-12-09 19:00:00,5.14
2024-12-09 20:00:00,7.43
2024-12-09 21:00:00,11.42
2024-12-09 22:00:00,17.71
2024-12-09 23:00:00,10.27
2024-12-10 00:00:00,7.42
2024-12-10 01:00:00,14.83
2024-12-10 02:00:00,11.0
2024-12-10 03:00:00,5.09
2024-12-10 04:00:00,0.57
2024-12-10 05:00:00,0.51
2024-12-10 06:00:00,0.44
2024-12-10 07:00:00,0.38
2024-12-10 08:00:00,0.32
2024-12-10 09:00:00,0.25
2024-12-10 10:00:00,0.19
2024-12-10 11:00:00,0.13
2024-12-10 12:00:00,0.06
2024-12-10 13:00:00,0.0
2024-12-10 14:00:00,0.86
2024-12-10 15:00:00,1.72
2024-12-10 16:00:00,2.57
2024-12-10 17:00:00,3.43
2024-12-10 18:00:00,4.0
2024-12-10 19:00:00,6.28
2024-12-10 20:00:00,6.85
2024-12-10 21:00:00,5.7
2024-12-10 22:00:00,2.86
2024-12-10 23:00:00,0.57
2024-12-11 00:00:00,0.41
2024-12-11 01:00:00,0.26
2024-12-11 02:00:00,0.36
2024-12-11 03:00:00,0.47
2024-12-11 04:00:00,0.57
2024-12-11 05:00:00,0.5
2024-12-11 06:00:00,0.43
2024-12-11 07:00:00,0.36
2024-12-11 08:00:00,0.29
2024-12-11 09:00:00,0.21
2024-12-11 10:00:00,0.14
2024-12-11 11:00:00,0.07
2024-12-11 12:00:00,0.0
2024-12-11 13:00:00,2.06
2024-12-11 14:00:00,4.11
2024-12-11 15:00:00,5.73
2024-12-11 16:00:00,8.21
2024-12-11 17:00:00,10.27
2024-12-11 18:00:00,5.71
2024-12-11 19:00:00,2.29
2024-12-11 20:00:00,4.57
2024-12-11 21:00:00,3.43
2024-12-11 22:00:00,4.0
2024-12-11 23:00:00,4.57
2024-12-12 00:00:00,5.15
2024-12-12 01:00:00,0.13
2024-12-12 02:00:00,2.86
2024-12-12 03:00:00,9.71
2024-12-12 04:00:00,12.0
2024-12-12 05:00:00,13.71
2024-12-12 06:00:00,11.98
2024-12-12 07:00:00,9.76
2024-12-12 08:00:00,8.95
2024-12-12 09:00:00,7.37
2024-12-12 10:00:00,5.65
2024-12-12 11:00:00,3.7
2024-12-12 12:00:00,0.14
2024-12-12 13:00:00,0.22
2024-12-12 14:00:00,0.31
2024-12-12 15:00:00,0.4
2024-12-12 16:00:00,0.48
2024-12-12 17:00:00,0.57
2024-12-12 18:00:00,4.57
2024-12-12 19:00:00,16.14
2024-12-12 20:00:00,45.76
2024-12-12 21:00:00,13.74
2024-12-12 22:00:00,9.75
2024-12-12 23:00:00,27.61
2024-12-13 00:00:00,25.15
2024-12-13 01:00:00,7.33
2024-12-13 02:00:00,38.39
2024-12-13 03:00:00,29.08
2024-12-13 04:00:00,60.65
2024-12-13 05:00:00,11.97
2024-12-13 06:00:00,9.58
2024-12-13 07:00:00,6.12
2024-12-13 08:00:00,7.08
2024-12-13 09:00:00,2.91
2024-12-13 10:00:00,2.01
2024-12-13 11:00:00,1.12
2024-12-13 12:00:00,0.22
2024-12-13 13:00:00,0.41
2024-12-13 14:00:00,0.59
2024-12-13 15:00:00,0.78
2024-12-13 16:00:00,0.96
2024-12-13 17:00:00,1.14
2024-12-13 18:00:00,0.57
2024-12-13 19:00:00,2.29
2024-12-13 20:00:00,8.56
2024-12-13 21:00:00,8.55
2024-12-13 22:00:00,11.41
2024-12-13 23:00:00,13.11
2024-12-14 00:00:00,0.31
2024-12-14 01:00:00,5.09
2024-12-14 02:00:00,5.65
2024-12-14 03:00:00,13.07
2024-12-14 04:00:00,13.65
2024-12-14 05:00:00,7.97
2024-12-14 06:00:00,6.89
2024-12-14 07:00:00,5.31
2024-12-14 08:00:00,4.98
2024-12-14 09:00:00,3.97
2024-12-14 10:00:00,2.96
2024-12-14 11:00:00,1.96
2024-12-14 12:00:00,0.95
2024-12-14 13:00:00,6.53
2024-12-14 14:00:00,11.69
2024-12-14 15:00:00,16.21
2024-12-14 16:00:00,22.07
2024-12-14 17:00:00,27.42
2024-12-14 18:00:00,32.0
2024-12-14 19:00:00,45.14
2024-12-14 20:00:00,45.14
2024-12-14 21:00:00,43.43
2024-12-14 22:00:00,49.15
2024-12-14 23:00:00,38.86
2024-12-15 00:00:00,0.97
2024-12-15 01:00:00,41.14
2024-12-15 02:00:00,1.6
2024-12-15 03:00:00,57.14
2024-12-15 04:00:00,47.99
2024-12-15 05:00:00,48.57
2024-12-15 06:00:00,36.56
2024-12-15 07:00:00,24.4
2024-12-15 08:00:00,13.0
2024-12-15 09:00:00,0.57
2024-12-15 10:00:00,0.57
2024-12-15 11:00:00,0.49
2024-12-15 12:00:00,0.41
2024-12-15 13:00:00,0.33
2024-12-15 14:00:00,14.96
2024-12-15 15:00:00,28.75
2024-12-15 16:00:00,43.4
2024-12-15 17:00:00,57.72
2024-12-15 18:00:00,57.15
2024-12-15 19:00:00,54.29
2024-12-15 20:00:00,55.43
2024-12-15 21:00:00,44.58
2024-12-15 22:00:00,43.44
2024-12-15 23:00:00,49.14
2024-12-16 00:00:00,42.3
2024-12-16 01:00:00,9.62
2024-12-16 02:00:00,38.29
2024-12-16 03:00:00,57.72
2024-12-16 04:00:00,57.71
2024-12-16 05:00:00,69.71
2024-12-16 06:00:00,60.94
2024-12-16 07:00:00,48.93
2024-12-16 08:00:00,41.73
2024-12-16 09:00:00,34.35
2024-12-16 10:00:00,26.01
2024-12-16 11:00:00,17.98
2024-12-16 12:00:00,9.63
2024-12-16 13:00:00,0.0
2024-12-16 14:00:00,4.54
2024-12-16 15:00:00,9.69
2024-12-16 16:00:00,15.79
2024-12-16 17:00:00,21.13
2024-12-16 18:00:00,26.28
2024-12-16 19:00:00,25.14
2024-12-16 20:00:00,23.43
2024-12-16 21:00:00,26.86
2024-12-16 22:00:00,25.72
2024-12-16 23:00:00,26.86
2024-12-17 00:00:00,20.58
2024-12-17 01:00:00,2.62
2024-12-17 02:00:00,21.7
2024-12-17 03:00:00,31.4
2024-12-17 04:00:00,31.96
2024-12-17 05:00:00,30.8
2024-12-17 06:00:00,26.55
2024-12-17 07:00:00,18.07
2024-12-17 08:00:00,16.91
2024-12-17 09:00:00,14.5
2024-12-17 10:00:00,10.45
2024-12-17 11:00:00,6.14
2024-12-17 12:00:00,1.23
2024-12-17 13:00:00,8.17
2024-12-17 14:00:00,13.56
2024-12-17 15:00:00,19.88
2024-12-17 16:00:00,26.73
2024-12-17 17:00:00,33.1
2024-12-17 18:00:00,36.53
2024-12-17 19:00:00,33.14
2024-12-17 20:00:00,38.25
2024-12-17 21:00:00,52.55
2024-12-17 22:00:00,50.81
2024-12-17 23:00:00,51.4
2024-12-18 00:00:00,49.67
2024-12-18 01:00:00,3.98
2024-12-18 02:00:00,40.56
2024-12-18 03:00:00,50.28
2024-12-18 04:00:00,57.71
2024-12-18 05:00:00,59.43
2024-12-18 06:00:00,51.13
2024-12-18 07:00:00,41.57
2024-12-18 08:00:00,33.99
2024-12-18 09:00:00,26.69
2024-12-18 10:00:00,18.55
2024-12-18 11:00:00,10.28
2024-12-18 12:00:00,1.39
2024-12-18 13:00:00,19.38
2024-12-18 14:00:00,22.72
2024-12-18 15:00:00,31.1
2024-12-18 16:00:00,38.42
2024-12-18 17:00:00,45.15
2024-12-18 18:00:00,38.87
2024-12-18 19:00:00,61.72
2024-12-18 20:00:00,74.86
2024-12-18 21:00:00,73.72
2024-12-18 22:00:00,62.3
2024-12-18 23:00:00,60.58
2024-12-19 00:00:00,5.81
2024-12-19 01:00:00,76.0
2024-12-19 02:00:00,61.14
2024-12-19 03:00:00,79.41
2024-12-19 04:00:00,67.99
2024-12-19 05:00:00,65.13
2024-12-19 06:00:00,55.93
2024-12-19 07:00:00,46.01
2024-12-19 08:00:00,37.25
2024-12-19 09:00:00,28.76
2024-12-19 10:00:00,19.67
2024-12-19 11:00:00,10.28
2024-12-19 12:00:00,0.6
2024-12-19 13:00:00,5.62
2024-12-19 14:00:00,9.67
2024-12-19 15:00:00,14.19
2024-12-19 16:00:00,18.89
2024-12-19 17:00:00,23.43
2024-12-19 18:00:00,30.29
2024-12-19 19:00:00,31.99
2024-12-19 20:00:00,23.42
2024-12-19 21:00:00,24.55
2024-12-19 22:00:00,17.13
2024-12-19 23:00:00,10.27
2024-12-20 00:00:00,12.63
2024-12-20 01:00:00,4.57
2024-12-20 02:00:00,18.96
2024-12-20 03:00:00,11.19
2024-12-20 04:00:00,3.43
2024-12-20 05:00:00,4.0
2024-12-20 06:00:00,4.22
2024-12-20 07:00:00,4.45
2024-12-20 08:00:00,4.67
2024-12-20 09:00:00,4.9
2024-12-20 10:00:00,5.86
2024-12-20 11:00:00,5.58
2024-12-20 12:00:00,2.67
2024-12-20 13:00:00,0.0
2024-12-20 14:00:00,1.71
2024-12-20 15:00:00,3.43
2024-12-20 16:00:00,5.21
2024-12-20 17:00:00,6.85
2024-12-20 18:00:00,5.13
2024-12-20 19:00:00,2.29
2024-12-20 20:00:00,7.39
2024-12-20 21:00:00,2.86
2024-12-20 22:00:00,3.43
2024-12-20 23:00:00,1.71
2024-12-21 00:00:00,1.14
2024-12-21 01:00:00,24.14
2024-12-21 02:00:00,1.71
2024-12-21 03:00:00,2.86
2024-12-21 04:00:00,4.57
2024-12-21 05:00:00,10.2
2024-12-21 06:00:00,8.89
2024-12-21 07:00:00,3.08
2024-12-21 08:00:00,4.97
2024-12-21 09:00:00,6.02
2024-12-21 10:00:00,3.86
2024-12-21 11:00:00,2.57
2024-12-21 12:00:00,1.29
2024-12-21 13:00:00,0.0
2024-12-21 14:00:00,0.57
2024-12-21 15:00:00,1.14
2024-12-21 16:00:00,1.71
2024-12-21 17:00:00,2.29
2024-12-21 18:00:00,2.29
2024-12-21 19:00:00,5.72
2024-12-21 20:00:00,2.29
2024-12-21 21:00:00,0.57
2024-12-21 22:00:00,1.71
2024-12-21 23:00:00,1.71
2024-12-22 00:00:00,0.57
2024-12-22 01:00:00,3.66
2024-12-22 02:00:00,1.71
2024-12-22 03:00:00,5.72
2024-12-22 04:00:00,2.86
2024-12-22 05:00:00,5.05
2024-12-22 06:00:00,7.02
2024-12-22 07:00:00,6.88
2024-12-22 08:00:00,15.05
2024-12-22 09:00:00,16.07
2024-12-22 10:00:00,4.0
2024-12-22 11:00:00,11.59
2024-12-22 12:00:00,0.09
2024-12-22 13:00:00,0.16
2024-12-22 14:00:00,0.23
2024-12-22 15:00:00,0.3
2024-12-22 16:00:00,0.37
2024-12-22 17:00:00,0.43
2024-12-22 18:00:00,0.5
2024-12-22 19:00:00,0.57
2024-12-22 20:00:00,0.76
2024-12-22 21:00:00,0.95
2024-12-22 22:00:00,1.14
2024-12-22 23:00:00,0.86
2024-12-23 00:00:00,0.57
2024-12-23 01:00:00,0.0
2024-12-23 02:00:00,0.06
2024-12-23 03:00:00,0.11
2024-12-23 04:00:00,0.17
2024-12-23 05:00:00,0.23
2024-12-23 06:00:00,0.29
2024-12-23 07:00:00,0.34
2024-12-23 08:00:00,0.4
2024-12-23 09:00:00,0.46
2024-12-23 10:00:00,0.51
2024-12-23 11:00:00,0.57
2024-12-23 12:00:00,15.92
2024-12-23 13:00:00,4.88
2024-12-23 14:00:00,14.76
2024-12-23 15:00:00,19.89
2024-12-23 16:00:00,34.07
2024-12-23 17:00:00,44.51
2024-12-23 18:00:00,81.98
2024-12-23 19:00:00,99.48
2024-12-23 20:00:00,99.47
2024-12-23 21:00:00,99.56
2024-12-23 22:00:00,99.57
2024-12-23 23:00:00,96.73
2024-12-24 00:00:00,99.47
2024-12-24 01:00:00,98.91
2024-12-24 02:00:00,96.28
2024-12-24 03:00:00,93.39
2024-12-24 04:00:00,94.52
2024-12-24 05:00:00,98.41
2024-12-24 06:00:00,99.66
2024-12-24 07:00:00,99.43
2024-12-24 08:00:00,98.44
2024-12-24 09:00:00,95.02
2024-12-24 10:00:00,98.81
2024-12-24 11:00:00,98.37
2024-12-24 12:00:00,99.64
2024-12-24 13:00:00,94.77
2024-12-24 14:00:00,94.12
2024-12-24 15:00:00,94.05
2024-12-24 16:00:00,94.3
2024-12-24 17:00:00,92.47
2024-12-24 18:00:00,95.06
2024-12-24 19:00:00,99.42
2024-12-24 20:00:00,99.58
2024-12-24 21:00:00,93.3
2024-12-24 22:00:00,96.06
2024-12-24 23:00:00,99.39
2024-12-25 00:00:00,94.8
2024-12-25 01:00:00,99.66
2024-12-25 02:00:00,94.56
2024-12-25 03:00:00,79.56
2024-12-25 04:00:00,72.24
2024-12-25 05:00:00,36.28
2024-12-25 06:00:00,31.34
2024-12-25 07:00:00,25.84
2024-12-25 08:00:00,23.26
2024-12-25 09:00:00,18.84
2024-12-25 10:00:00,28.09
2024-12-25 11:00:00,66.24
2024-12-25 12:00:00,31.35
2024-12-25 13:00:00,47.26
2024-12-25 14:00:00,48.96
2024-12-25 15:00:00,50.41
2024-12-25 16:00:00,55.4
2024-12-25 17:00:00,58.67
2024-12-25 18:00:00,59.96
2024-12-25 19:00:00,39.76
2024-12-25 20:00:00,7.34
2024-12-25 21:00:00,1.71
2024-12-25 22:00:00,3.43
2024-12-25 23:00:00,3.43
2024-12-26 00:00:00,3.43
2024-12-26 01:00:00,3.43
2024-12-26 02:00:00,30.89
2024-12-26 03:00:00,12.53
2024-12-26 04:00:00,4.0
2024-12-26 05:00:00,1.71
2024-12-26 06:00:00,15.44
2024-12-26 07:00:00,29.22
2024-12-26 08:00:00,43.23
2024-12-26 09:00:00,57.06
2024-12-26 10:00:00,42.65
2024-12-26 11:00:00,28.41
2024-12-26 12:00:00,14.26
2024-12-26 13:00:00,0.14
2024-12-26 14:00:00,0.44
2024-12-26 15:00:00,0.75
2024-12-26 16:00:00,1.06
2024-12-26 17:00:00,1.36
2024-12-26 18:00:00,1.67
2024-12-26 19:00:00,1.98
2024-12-26 20:00:00,2.29
2024-12-26 21:00:00,1.71
2024-12-26 22:00:00,6.21
2024-12-26 23:00:00,4.57
2024-12-27 00:00:00,19.31
2024-12-27 01:00:00,37.83
2024-12-27 02:00:00,18.12
2024-12-27 03:00:00,16.83
2024-12-27 04:00:00,15.42
2024-12-27 05:00:00,14.01
2024-12-27 06:00:00,12.56
2024-12-27 07:00:00,11.1
2024-12-27 08:00:00,9.39
2024-12-27 09:00:00,8.23
2024-12-27 10:00:00,6.95
2024-12-27 11:00:00,5.51
2024-12-27 12:00:00,4.11
2024-12-27 13:00:00,12.48
2024-12-27 14:00:00,19.91
2024-12-27 15:00:00,26.99
2024-12-27 16:00:00,36.94
2024-12-27 17:00:00,46.34
2024-12-27 18:00:00,54.89
2024-12-27 19:00:00,56.62
2024-12-27 20:00:00,63.22
2024-12-27 21:00:00,90.45
2024-12-27 22:00:00,97.72
2024-12-27 23:00:00,98.41
2024-12-28 00:00:00,99.56
2024-12-28 01:00:00,100.0
2024-12-28 02:00:00,99.69
2024-12-28 03:00:00,99.89
2024-12-28 04:00:00,99.92
2024-12-28 05:00:00,99.87
2024-12-28 06:00:00,98.91
2024-12-28 07:00:00,95.3
2024-12-28 08:00:00,96.83
2024-12-28 09:00:00,97.83
2024-12-28 10:00:00,73.7
2024-12-28 11:00:00,78.73
2024-12-28 12:00:00,89.78
2024-12-28 13:00:00,67.08
2024-12-28 14:00:00,63.07
2024-12-28 15:00:00,57.96
2024-12-28 16:00:00,55.33
2024-12-28 17:00:00,48.35
2024-12-28 18:00:00,80.76
2024-12-28 19:00:00,86.13
2024-12-28 20:00:00,69.8
2024-12-28 21:00:00,60.25
2024-12-28 22:00:00,60.89
2024-12-28 23:00:00,46.76
2024-12-29 00:00:00,25.07
2024-12-29 01:00:00,19.01
2024-12-29 02:00:00,29.68
2024-12-29 03:00:00,46.22
2024-12-29 04:00:00,46.82
2024-12-29 05:00:00,52.54
2024-12-29 06:00:00,64.39
2024-12-29 07:00:00,78.27
2024-12-29 08:00:00,89.38
2024-12-29 09:00:00,99.15
2024-12-29 10:00:00,100.0
2024-12-29 11:00:00,98.86
2024-12-29 12:00:00,99.75
2024-12-29 13:00:00,99.43
2024-12-29 14:00:00,98.67
2024-12-29 15:00:00,97.1
2024-12-29 16:00:00,95.2
2024-12-29 17:00:00,93.15
2024-12-29 18:00:00,65.18
2024-12-29 19:00:00,34.89
2024-12-29 20:00:00,14.89
2024-12-29 21:00:00,5.76
2024-12-29 22:00:00,44.58
2024-12-29 23:00:00,79.42
2024-12-30 00:00:00,84.85
2024-12-30 01:00:00,91.98
2024-12-30 02:00:00,96.57
2024-12-30 03:00:00,99.93
2024-12-30 04:00:00,99.94
2024-12-30 05:00:00,99.96
2024-12-30 06:00:00,100.0
2024-12-30 07:00:00,100.0
2024-12-30 08:00:00,100.0
2024-12-30 09:00:00,99.79
2024-12-30 10:00:00,99.7
2024-12-30 11:00:00,99.82
2024-12-30 12:00:00,100.0
2024-12-30 13:00:00,99.57
2024-12-30 14:00:00,99.9
2024-12-30 15:00:00,100.0
2024-12-30 16:00:00,100.0
2024-12-30 17:00:00,99.98
2024-12-30 18:00:00,100.0
2024-12-30 19:00:00,100.0
2024-12-30 20:00:00,99.99
2024-12-30 21:00:00,100.0
2024-12-30 22:00:00,99.99
2024-12-30 23:00:00,100.0
2024-12-31 00:00:00,100.0
2024-12-31 01:00:00,100.0
2024-12-31 02:00:00,100.0
2024-12-31 03:00:00,99.99
2024-12-31 04:00:00,99.95
2024-12-31 05:00:00,99.96
2024-12-31 06:00:00,100.0
2024-12-31 07:00:00,100.0
2024-12-31 08:00:00,99.83
2024-12-31 09:00:00,99.29
2024-12-31 10:00:00,99.38
2024-12-31 11:00:00,99.25
2024-12-31 12:00:00,99.15
2024-12-31 13:00:00,100.0
2024-12-31 14:00:00,100.0
2024-12-31 15:00:00,100.0
2024-12-31 16:00:00,100.0
2024-12-31 17:00:00,99.92
2024-12-31 18:00:00,99.92
2024-12-31 19:00:00,99.94
2024-12-31 20:00:00,99.94
2024-12-31 21:00:00,99.95
2024-12-31 22:00:00,99.96
2024-12-31 23:00:00,99.96
2025-01-01 00:00:00,100.0
2025-01-01 01:00:00,95.26
2025-01-01 02:00:00,99.35
2025-01-01 03:00:00,99.92
2025-01-01 04:00:00,99.9
2025-01-01 05:00:00,100.0
2025-01-01 06:00:00,100.0
2025-01-01 07:00:00,100.0
2025-01-01 08:00:00,100.0
2025-01-01 09:00:00,99.83
2025-01-01 10:00:00,100.0
2025-01-01 11:00:00,100.0
2025-01-01 12:00:00,92.15
2025-01-01 13:00:00,51.84
2025-01-01 14:00:00,44.94
2025-01-01 15:00:00,37.48
2025-01-01 16:00:00,30.68
2025-01-01 17:00:00,23.72
2025-01-01 18:00:00,14.12
2025-01-01 19:00:00,4.57
2025-01-01 20:00:00,9.14
2025-01-01 21:00:00,12.0
2025-01-01 22:00:00,26.29
2025-01-01 23:00:00,20.0
2025-01-02 00:00:00,24.04
2025-01-02 01:00:00,12.31
2025-01-02 02:00:00,31.45
2025-01-02 03:00:00,75.99
2025-01-02 04:00:00,74.85
2025-01-02 05:00:00,90.83
2025-01-02 06:00:00,93.49
2025-01-02 07:00:00,96.18
2025-01-02 08:00:00,98.16
2025-01-02 09:00:00,100.0
2025-01-02 10:00:00,100.0
2025-01-02 11:00:00,100.0
2025-01-02 12:00:00,91.51
2025-01-02 13:00:00,92.43
2025-01-02 14:00:00,77.85
2025-01-02 15:00:00,62.13
2025-01-02 16:00:00,46.26
2025-01-02 17:00:00,30.26
2025-01-02 18:00:00,50.5
2025-01-02 19:00:00,16.37
2025-01-02 20:00:00,36.94
2025-01-02 21:00:00,5.42
2025-01-02 22:00:00,28.25
2025-01-02 23:00:00,36.11
2025-01-03 00:00:00,41.15
2025-01-03 01:00:00,37.18
2025-01-03 02:00:00,57.71
2025-01-03 03:00:00,79.87
2025-01-03 04:00:00,92.56
2025-01-03 05:00:00,97.7
2025-01-03 06:00:00,98.81
2025-01-03 07:00:00,99.11
2025-01-03 08:00:00,99.05
2025-01-03 09:00:00,98.6
2025-01-03 10:00:00,98.77
2025-01-03 11:00:00,100.0
2025-01-03 12:00:00,99.66
2025-01-03 13:00:00,90.31
2025-01-03 14:00:00,73.91
2025-01-03 15:00:00,56.23
2025-01-03 16:00:00,38.58
2025-01-03 17:00:00,20.41
2025-01-03 18:00:00,2.87
2025-01-03 19:00:00,20.58
2025-01-03 20:00:00,38.3
2025-01-03 21:00:00,84.57
2025-01-03 22:00:00,97.14
2025-01-03 23:00:00,99.99
2025-01-04 00:00:00,99.99
2025-01-04 01:00:00,99.98
2025-01-04 02:00:00,99.98
2025-01-04 03:00:00,99.98
2025-01-04 04:00:00,99.98
2025-01-04 05:00:00,99.97
2025-01-04 06:00:00,100.0
2025-01-04 07:00:00,98.9
2025-01-04 08:00:00,98.69
2025-01-04 09:00:00,97.92
2025-01-04 10:00:00,98.69
2025-01-04 11:00:00,99.67
2025-01-04 12:00:00,99.6
2025-01-04 13:00:00,31.78
2025-01-04 14:00:00,30.41
2025-01-04 15:00:00,25.44
2025-01-04 16:00:00,23.11
2025-01-04 17:00:00,20.87
2025-01-04 18:00:00,24.22
2025-01-04 19:00:00,23.48
2025-01-04 20:00:00,48.09
2025-01-04 21:00:00,85.72
2025-01-04 22:00:00,97.15
2025-01-04 23:00:00,96.54
2025-01-05 00:00:00,96.62
2025-01-05 01:00:00,93.99
2025-01-05 02:00:00,99.06
2025-01-05 03:00:00,99.33
2025-01-05 04:00:00,99.98
2025-01-05 05:00:00,98.23
2025-01-05 06:00:00,99.06
2025-01-05 07:00:00,99.14
2025-01-05 08:00:00,99.77
2025-01-05 09:00:00,99.42
2025-01-05 10:00:00,100.0
2025-01-05 11:00:00,99.75
2025-01-05 12:00:00,99.77
2025-01-05 13:00:00,99.81
2025-01-05 14:00:00,99.93
2025-01-05 15:00:00,100.0
2025-01-05 16:00:00,100.0
2025-01-05 17:00:00,99.68
2025-01-05 18:00:00,99.62
2025-01-05 19:00:00,98.89
2025-01-05 20:00:00,84.86
2025-01-05 21:00:00,38.81
2025-01-05 22:00:00,47.38
2025-01-05 23:00:00,94.2
2025-01-06 00:00:00,99.92
2025-01-06 01:00:00,99.52
2025-01-06 02:00:00,99.42
2025-01-06 03:00:00,99.97
2025-01-06 04:00:00,99.98
2025-01-06 05:00:00,100.0
2025-01-06 06:00:00,100.0
2025-01-06 07:00:00,100.0
2025-01-06 08:00:00,100.0
2025-01-06 09:00:00,100.0
2025-01-06 10:00:00,100.0
2025-01-06 11:00:00,100.0
2025-01-06 12:00:00,100.0
2025-01-06 13:00:00,93.61
2025-01-06 14:00:00,94.49
2025-01-06 15:00:00,94.64
2025-01-06 16:00:00,94.18
2025-01-06 17:00:00,93.65
2025-01-06 18:00:00,99.38
2025-01-06 19:00:00,99.96
2025-01-06 20:00:00,99.96
2025-01-06 21:00:00,99.97
2025-01-06 22:00:00,99.99
2025-01-06 23:00:00,100.0
2025-01-07 00:00:00,98.28
2025-01-07 01:00:00,99.84
2025-01-07 02:00:00,99.96
2025-01-07 03:00:00,99.95
2025-01-07 04:00:00,99.95
2025-01-07 05:00:00,99.97
2025-01-07 06:00:00,100.0
2025-01-07 07:00:00,100.0
2025-01-07 08:00:00,100.0
2025-01-07 09:00:00,100.0
2025-01-07 10:00:00,100.0
2025-01-07 11:00:00,100.0
2025-01-07 12:00:00,100.0
2025-01-07 13:00:00,100.0
2025-01-07 14:00:00,100.0
2025-01-07 15:00:00,100.0
2025-01-07 16:00:00,100.0
2025-01-07 17:00:00,99.94
2025-01-07 18:00:00,99.92
2025-01-07 19:00:00,99.95
2025-01-07 20:00:00,99.94
2025-01-07 21:00:00,99.91
2025-01-07 22:00:00,99.94
2025-01-07 23:00:00,100.0
2025-01-08 00:00:00,100.0
2025-01-08 01:00:00,100.0
2025-01-08 02:00:00,100.0
2025-01-08 03:00:00,99.98
2025-01-08 04:00:00,99.97
2025-01-08 05:00:00,99.96
2025-01-08 06:00:00,100.0
2025-01-08 07:00:00,99.34
2025-01-08 08:00:00,99.17
2025-01-08 09:00:00,99.07
2025-01-08 10:00:00,99.16
2025-01-08 11:00:00,99.63
2025-01-08 12:00:00,99.0
2025-01-08 13:00:00,95.69
2025-01-08 14:00:00,74.51
2025-01-08 15:00:00,51.67
2025-01-08 16:00:00,26.25
2025-01-08 17:00:00,2.73
2025-01-08 18:00:00,8.57
2025-01-08 19:00:00,26.28
2025-01-08 20:00:00,47.42
2025-01-08 21:00:00,50.28
2025-01-08 22:00:00,54.27
2025-01-08 23:00:00,67.41
2025-01-09 00:00:00,69.68
2025-01-09 01:00:00,15.83
2025-01-09 02:00:00,62.24
2025-01-09 03:00:00,83.39
2025-01-09 04:00:00,89.67
2025-01-09 05:00:00,89.09
2025-01-09 06:00:00,91.74
2025-01-09 07:00:00,93.32
2025-01-09 08:00:00,96.41
2025-01-09 09:00:00,99.41
2025-01-09 10:00:00,78.51
2025-01-09 11:00:00,9.13
2025-01-09 12:00:00,39.18
2025-01-09 13:00:00,31.8
2025-01-09 14:00:00,23.73
2025-01-09 15:00:00,16.06
2025-01-09 16:00:00,8.64
2025-01-09 17:00:00,1.14
2025-01-09 18:00:00,5.12
2025-01-09 19:00:00,9.14
2025-01-09 20:00:00,20.0
2025-01-09 21:00:00,37.14
2025-01-09 22:00:00,50.27
2025-01-09 23:00:00,64.55
2025-01-10 00:00:00,59.83
2025-01-10 01:00:00,89.71
2025-01-10 02:00:00,91.43
2025-01-10 03:00:00,98.85
2025-01-10 04:00:00,98.85
2025-01-10 05:00:00,100.0
2025-01-10 06:00:00,100.0
2025-01-10 07:00:00,99.74
2025-01-10 08:00:00,100.0
2025-01-10 09:00:00,100.0
2025-01-10 10:00:00,33.88
2025-01-10 11:00:00,26.45
2025-01-10 12:00:00,0.57
2025-01-10 13:00:00,1.74
2025-01-10 14:00:00,1.59
2025-01-10 15:00:00,1.44
2025-01-10 16:00:00,1.29
2025-01-10 17:00:00,1.14
2025-01-10 18:00:00,2.29
2025-01-10 19:00:00,6.86
2025-01-10 20:00:00,15.43
2025-01-10 21:00:00,29.13
2025-01-10 22:00:00,47.42
2025-01-10 23:00:00,49.13
2025-01-11 00:00:00,54.81
2025-01-11 01:00:00,69.11
2025-01-11 02:00:00,72.26
2025-01-11 03:00:00,76.51
2025-01-11 04:00:00,72.51
2025-01-11 05:00:00,73.65
2025-01-11 06:00:00,64.46
2025-01-11 07:00:00,49.79
2025-01-11 08:00:00,41.08
2025-01-11 09:00:00,35.65
2025-01-11 10:00:00,26.95
2025-01-11 11:00:00,18.38
2025-01-11 12:00:00,10.06
2025-01-11 13:00:00,0.0
2025-01-11 14:00:00,0.1
2025-01-11 15:00:00,0.19
2025-01-11 16:00:00,0.29
2025-01-11 17:00:00,0.38
2025-01-11 18:00:00,0.48
2025-01-11 19:00:00,0.57
2025-01-11 20:00:00,0.57
2025-01-11 21:00:00,0.57
2025-01-11 22:00:00,6.51
2025-01-11 23:00:00,12.16
2025-01-12 00:00:00,74.23
2025-01-12 01:00:00,91.96
2025-01-12 02:00:00,99.0
2025-01-12 03:00:00,99.43
2025-01-12 04:00:00,99.47
2025-01-12 05:00:00,98.97
2025-01-12 06:00:00,96.38
2025-01-12 07:00:00,93.83
2025-01-12 08:00:00,90.75
2025-01-12 09:00:00,89.17
2025-01-12 10:00:00,67.2
2025-01-12 11:00:00,11.37
2025-01-12 12:00:00,2.89
2025-01-12 13:00:00,13.59
2025-01-12 14:00:00,15.09
2025-01-12 15:00:00,14.65
2025-01-12 16:00:00,19.54
2025-01-12 17:00:00,22.68
2025-01-12 18:00:00,10.66
2025-01-12 19:00:00,2.29
2025-01-12 20:00:00,1.86
2025-01-12 21:00:00,1.43
2025-01-12 22:00:00,1.0
2025-01-12 23:00:00,0.57
2025-01-13 00:00:00,15.42
2025-01-13 01:00:00,38.42
2025-01-13 02:00:00,42.28
2025-01-13 03:00:00,48.54
2025-01-13 04:00:00,57.66
2025-01-13 05:00:00,57.11
2025-01-13 06:00:00,67.87
2025-01-13 07:00:00,79.84
2025-01-13 08:00:00,90.7
2025-01-13 09:00:00,100.0
2025-01-13 10:00:00,97.15
2025-01-13 11:00:00,93.57
2025-01-13 12:00:00,87.2
2025-01-13 13:00:00,84.99
2025-01-13 14:00:00,68.66
2025-01-13 15:00:00,52.19
2025-01-13 16:00:00,34.24
2025-01-13 17:00:00,17.14
2025-01-13 18:00:00,6.85
2025-01-13 19:00:00,5.14
2025-01-13 20:00:00,21.71
2025-01-13 21:00:00,63.99
2025-01-13 22:00:00,86.83
2025-01-13 23:00:00,89.12
2025-01-14 00:00:00,89.69
2025-01-14 01:00:00,97.33
2025-01-14 02:00:00,94.26
2025-01-14 03:00:00,99.41
2025-01-14 04:00:00,99.98
2025-01-14 05:00:00,99.98
2025-01-14 06:00:00,100.0
2025-01-14 07:00:00,100.0
2025-01-14 08:00:00,100.0
2025-01-14 09:00:00,100.0
2025-01-14 10:00:00,100.0
2025-01-14 11:00:00,99.43
2025-01-14 12:00:00,91.53
2025-01-14 13:00:00,61.77
2025-01-14 14:00:00,58.29
2025-01-14 15:00:00,55.43
2025-01-14 16:00:00,51.76
2025-01-14 17:00:00,48.57
2025-01-14 18:00:00,74.28
2025-01-14 19:00:00,92.56
2025-01-14 20:00:00,99.42
2025-01-14 21:00:00,99.98
2025-01-14 22:00:00,99.98
2025-01-14 23:00:00,99.99
2025-01-15 00:00:00,100.0
2025-01-15 01:00:00,99.99
2025-01-15 02:00:00,100.0
2025-01-15 03:00:00,100.0
2025-01-15 04:00:00,100.0
2025-01-15 05:00:00,100.0
2025-01-15 06:00:00,100.0
2025-01-15 07:00:00,100.0
2025-01-15 08:00:00,100.0
2025-01-15 09:00:00,100.0
2025-01-15 10:00:00,100.0
2025-01-15 11:00:00,88.79
2025-01-15 12:00:00,90.52
2025-01-15 13:00:00,89.38
2025-01-15 14:00:00,84.4
2025-01-15 15:00:00,80.12
2025-01-15 16:00:00,75.36
2025-01-15 17:00:00,69.88
2025-01-15 18:00:00,41.18
2025-01-15 19:00:00,31.45
2025-01-15 20:00:00,18.88
2025-01-15 21:00:00,20.01
2025-01-15 22:00:00,36.01
2025-01-15 23:00:00,59.45
2025-01-16 00:00:00,85.33
2025-01-16 01:00:00,96.49
2025-01-16 02:00:00,99.19
2025-01-16 03:00:00,98.26
2025-01-16 04:00:00,91.31
2025-01-16 05:00:00,96.46
2025-01-16 06:00:00,97.63
2025-01-16 07:00:00,99.83
2025-01-16 08:00:00,99.98
2025-01-16 09:00:00,99.63
2025-01-16 10:00:00,99.21
2025-01-16 11:00:00,99.05
2025-01-16 12:00:00,95.36
2025-01-16 13:00:00,75.65
2025-01-16 14:00:00,78.48
2025-01-16 15:00:00,80.59
2025-01-16 16:00:00,85.25
2025-01-16 17:00:00,88.3
2025-01-16 18:00:00,75.7
2025-01-16 19:00:00,48.58
2025-01-16 20:00:00,5.22
2025-01-16 21:00:00,0.57
2025-01-16 22:00:00,3.71
2025-01-16 23:00:00,6.68
2025-01-17 00:00:00,1.14
2025-01-17 01:00:00,22.07
2025-01-17 02:00:00,10.82
2025-01-17 03:00:00,44.54
2025-01-17 04:00:00,52.53
2025-01-17 05:00:00,61.1
2025-01-17 06:00:00,53.94
2025-01-17 07:00:00,45.49
2025-01-17 08:00:00,38.85
2025-01-17 09:00:00,32.21
2025-01-17 10:00:00,4.0
2025-01-17 11:00:00,2.67
2025-01-17 12:00:00,1.35
2025-01-17 13:00:00,0.02
2025-01-17 14:00:00,0.13
2025-01-17 15:00:00,0.25
2025-01-17 16:00:00,0.36
2025-01-17 17:00:00,0.47
2025-01-17 18:00:00,0.58
2025-01-17 19:00:00,0.69
2025-01-17 20:00:00,0.81
2025-01-17 21:00:00,0.92
2025-01-17 22:00:00,1.03
2025-01-17 23:00:00,1.14
2025-01-18 00:00:00,29.13
2025-01-18 01:00:00,69.63
2025-01-18 02:00:00,99.41
2025-01-18 03:00:00,99.96
2025-01-18 04:00:00,99.97
2025-01-18 05:00:00,99.98
2025-01-18 06:00:00,100.0
2025-01-18 07:00:00,100.0
2025-01-18 08:00:00,99.58
2025-01-18 09:00:00,99.09
2025-01-18 10:00:00,99.11
2025-01-18 11:00:00,99.8
2025-01-18 12:00:00,71.8
2025-01-18 13:00:00,39.01
2025-01-18 14:00:00,32.59
2025-01-18 15:00:00,26.88
2025-01-18 16:00:00,20.87
2025-01-18 17:00:00,14.09
2025-01-18 18:00:00,8.19
2025-01-18 19:00:00,2.29
2025-01-18 20:00:00,16.49
2025-01-18 21:00:00,37.65
2025-01-18 22:00:00,63.91
2025-01-18 23:00:00,88.52
2025-01-19 00:00:00,98.27
2025-01-19 01:00:00,94.15
2025-01-19 02:00:00,99.93
2025-01-19 03:00:00,99.95
2025-01-19 04:00:00,99.98
2025-01-19 05:00:00,99.99
2025-01-19 06:00:00,100.0
2025-01-19 07:00:00,99.82
2025-01-19 08:00:00,99.82
2025-01-19 09:00:00,99.88
2025-01-19 10:00:00,52.28
2025-01-19 11:00:00,10.89
2025-01-19 12:00:00,0.0
2025-01-19 13:00:00,0.1
2025-01-19 14:00:00,0.19
2025-01-19 15:00:00,0.29
2025-01-19 16:00:00,0.38
2025-01-19 17:00:00,0.48
2025-01-19 18:00:00,0.57
2025-01-19 19:00:00,0.51
2025-01-19 20:00:00,0.46
2025-01-19 21:00:00,0.4
2025-01-19 22:00:00,0.34
2025-01-19 23:00:00,0.28
2025-01-20 00:00:00,0.23
2025-01-20 01:00:00,0.23
2025-01-20 02:00:00,0.23
2025-01-20 03:00:00,0.23
2025-01-20 04:00:00,0.23
2025-01-20 05:00:00,0.23
2025-01-20 06:00:00,0.23
2025-01-20 07:00:00,0.23
2025-01-20 08:00:00,0.23
2025-01-20 09:00:00,0.24
2025-01-20 10:00:00,0.24
2025-01-20 11:00:00,0.24
2025-01-20 12:00:00,0.24
2025-01-20 13:00:00,0.6
2025-01-20 14:00:00,0.96
2025-01-20 15:00:00,1.32
2025-01-20 16:00:00,1.68
2025-01-20 17:00:00,2.04
2025-01-20 18:00:00,2.4
2025-01-20 19:00:00,2.76
2025-01-20 20:00:00,3.12
2025-01-20 21:00:00,3.48
2025-01-20 22:00:00,3.83
2025-01-20 23:00:00,4.19
2025-01-21 00:00:00,4.55
2025-01-21 01:00:00,2.29
2025-01-21 02:00:00,1.14
2025-01-21 03:00:00,1.14
2025-01-21 04:00:00,1.14
2025-01-21 05:00:00,1.71
2025-01-21 06:00:00,1.48
2025-01-21 07:00:00,1.24
2025-01-21 08:00:00,1.0
2025-01-21 09:00:00,0.76
2025-01-21 10:00:00,0.52
2025-01-21 11:00:00,0.29
2025-01-21 12:00:00,0.16
2025-01-21 13:00:00,0.04
2025-01-21 14:00:00,0.11
2025-01-21 15:00:00,0.18
2025-01-21 16:00:00,0.25
2025-01-21 17:00:00,0.32
2025-01-21 18:00:00,0.39
2025-01-21 19:00:00,0.47
2025-01-21 20:00:00,0.54
2025-01-21 21:00:00,0.61
2025-01-21 22:00:00,0.68
2025-01-21 23:00:00,0.75
2025-01-22 00:00:00,0.82
2025-01-22 01:00:00,0.9
2025-01-22 02:00:00,0.82
2025-01-22 03:00:00,0.75
2025-01-22 04:00:00,0.67
2025-01-22 05:00:00,0.6
2025-01-22 06:00:00,0.52
2025-01-22 07:00:00,0.45
2025-01-22 08:00:00,0.37
2025-01-22 09:00:00,0.3
2025-01-22 10:00:00,0.22
2025-01-22 11:00:00,0.15
2025-01-22 12:00:00,0.07
2025-01-22 13:00:00,0.0
2025-01-22 14:00:00,0.29
2025-01-22 15:00:00,0.57
2025-01-22 16:00:00,0.86
2025-01-22 17:00:00,1.14
2025-01-22 18:00:00,1.43
2025-01-22 19:00:00,1.71
2025-01-22 20:00:00,2.0
2025-01-22 21:00:00,2.29
2025-01-22 22:00:00,7.38
2025-01-22 23:00:00,14.23
2025-01-23 00:00:00,19.36
2025-01-23 01:00:00,24.76
2025-01-23 02:00:00,31.93
2025-01-23 03:00:00,38.78
2025-01-23 04:00:00,42.79
2025-01-23 05:00:00,48.49
2025-01-23 06:00:00,49.9
2025-01-23 07:00:00,51.59
2025-01-23 08:00:00,54.79
2025-01-23 09:00:00,55.48
2025-01-23 10:00:00,35.39
2025-01-23 11:00:00,1.14
2025-01-23 12:00:00,0.0
2025-01-23 13:00:00,0.23
2025-01-23 14:00:00,0.46
2025-01-23 15:00:00,0.69
2025-01-23 16:00:00,0.91
2025-01-23 17:00:00,1.14
2025-01-23 18:00:00,4.0
2025-01-23 19:00:00,1.71
2025-01-23 20:00:00,3.43
2025-01-23 21:00:00,2.0
2025-01-23 22:00:00,0.57
2025-01-23 23:00:00,1.14
2025-01-24 00:00:00,1.71
2025-01-24 01:00:00,6.32
2025-01-24 02:00:00,2.29
2025-01-24 03:00:00,4.0
2025-01-24 04:00:00,1.14
2025-01-24 05:00:00,1.71
2025-01-24 06:00:00,1.47
2025-01-24 07:00:00,1.22
2025-01-24 08:00:00,0.98
2025-01-24 09:00:00,0.73
2025-01-24 10:00:00,0.49
2025-01-24 11:00:00,0.24
2025-01-24 12:00:00,0.0
2025-01-24 13:00:00,0.01
2025-01-24 14:00:00,0.02
2025-01-24 15:00:00,0.03
2025-01-24 16:00:00,0.04
2025-01-24 17:00:00,0.05
2025-01-24 18:00:00,0.06
2025-01-24 19:00:00,0.07
2025-01-24 20:00:00,0.08
2025-01-24 21:00:00,0.09
2025-01-24 22:00:00,0.1
2025-01-24 23:00:00,0.11
2025-01-25 00:00:00,0.12
2025-01-25 01:00:00,0.13
2025-01-25 02:00:00,0.24
2025-01-25 03:00:00,0.35
2025-01-25 04:00:00,0.46
2025-01-25 05:00:00,0.57
2025-01-25 06:00:00,0.49
2025-01-25 07:00:00,0.41
2025-01-25 08:00:00,0.33
2025-01-25 09:00:00,0.24
2025-01-25 10:00:00,0.16
2025-01-25 11:00:00,0.08
2025-01-25 12:00:00,0.0
2025-01-25 13:00:00,0.07
2025-01-25 14:00:00,0.14
2025-01-25 15:00:00,0.21
2025-01-25 16:00:00,0.29
2025-01-25 17:00:00,0.36
2025-01-25 18:00:00,0.43
2025-01-25 19:00:00,0.5
2025-01-25 20:00:00,0.57
2025-01-25 21:00:00,0.57
2025-01-25 22:00:00,0.57
2025-01-25 23:00:00,0.3
2025-01-26 00:00:00,0.02
2025-01-26 01:00:00,1.73
2025-01-26 02:00:00,3.44
2025-01-26 03:00:00,5.06
2025-01-26 04:00:00,2.86
2025-01-26 05:00:00,2.29
2025-01-26 06:00:00,2.05
2025-01-26 07:00:00,1.81
2025-01-26 08:00:00,1.58
2025-01-26 09:00:00,1.34
2025-01-26 10:00:00,1.11
2025-01-26 11:00:00,0.87
2025-01-26 12:00:00,0.43
2025-01-26 13:00:00,0.0
2025-01-26 14:00:00,0.57
2025-01-26 15:00:00,1.71
2025-01-26 16:00:00,2.86
2025-01-26 17:00:00,4.0
2025-01-26 18:00:00,4.0
2025-01-26 19:00:00,11.38
2025-01-26 20:00:00,14.82
2025-01-26 21:00:00,19.95
2025-01-26 22:00:00,29.65
2025-01-26 23:00:00,22.22
2025-01-27 00:00:00,33.05
2025-01-27 01:00:00,40.47
2025-01-27 02:00:00,1.17
2025-01-27 03:00:00,59.9
2025-01-27 04:00:00,70.19
2025-01-27 05:00:00,45.61
2025-01-27 06:00:00,39.9
2025-01-27 07:00:00,32.45
2025-01-27 08:00:00,27.42
2025-01-27 09:00:00,22.32
2025-01-27 10:00:00,17.03
2025-01-27 11:00:00,11.62
2025-01-27 12:00:00,5.95
2025-01-27 13:00:00,0.0
2025-01-27 14:00:00,4.29
2025-01-27 15:00:00,8.86
2025-01-27 16:00:00,9.47
2025-01-27 17:00:00,17.11
2025-01-27 18:00:00,11.97
2025-01-27 19:00:00,14.81
2025-01-27 20:00:00,11.38
2025-01-27 21:00:00,11.94
2025-01-27 22:00:00,15.93
2025-01-27 23:00:00,14.19
2025-01-28 00:00:00,16.48
2025-01-28 01:00:00,0.02
2025-01-28 02:00:00,5.07
2025-01-28 03:00:00,39.36
2025-01-28 04:00:00,46.78
2025-01-28 05:00:00,32.48
2025-01-28 06:00:00,27.76
2025-01-28 07:00:00,16.05
2025-01-28 08:00:00,16.14
2025-01-28 09:00:00,13.52
2025-01-28 10:00:00,9.33
2025-01-28 11:00:00,4.65
2025-01-28 12:00:00,0.0
2025-01-28 13:00:00,1.83
2025-01-28 14:00:00,3.66
2025-01-28 15:00:00,6.32
2025-01-28 16:00:00,2.39
2025-01-28 17:00:00,9.12
2025-01-28 18:00:00,17.68
2025-01-28 19:00:00,21.09
2025-01-28 20:00:00,26.79
2025-01-28 21:00:00,34.18
2025-01-28 22:00:00,41.62
2025-01-28 23:00:00,44.47
2025-01-29 00:00:00,62.54
2025-01-29 01:00:00,40.67
2025-01-29 02:00:00,19.31
2025-01-29 03:00:00,61.47
2025-01-29 04:00:00,70.28
2025-01-29 05:00:00,77.94
2025-01-29 06:00:00,69.19
2025-01-29 07:00:00,58.3
2025-01-29 08:00:00,52.63
2025-01-29 09:00:00,45.16
2025-01-29 10:00:00,16.52
2025-01-29 11:00:00,23.42
2025-01-29 12:00:00,12.9
2025-01-29 13:00:00,1.71
2025-01-29 14:00:00,8.26
2025-01-29 15:00:00,5.65
2025-01-29 16:00:00,5.09
2025-01-29 17:00:00,4.57
2025-01-29 18:00:00,2.57
2025-01-29 19:00:00,0.57
2025-01-29 20:00:00,0.76
2025-01-29 21:00:00,0.95
2025-01-29 22:00:00,1.14
2025-01-29 23:00:00,4.57
2025-01-30 00:00:00,5.7
2025-01-30 01:00:00,1.98
2025-01-30 02:00:00,2.29
2025-01-30 03:00:00,21.12
2025-01-30 04:00:00,25.67
2025-01-30 05:00:00,21.68
2025-01-30 06:00:00,18.74
2025-01-30 07:00:00,12.53
2025-01-30 08:00:00,14.87
2025-01-30 09:00:00,10.77
2025-01-30 10:00:00,7.82
2025-01-30 11:00:00,3.96
2025-01-30 12:00:00,1.0
2025-01-30 13:00:00,0.79
2025-01-30 14:00:00,0.57
2025-01-30 15:00:00,0.63
2025-01-30 16:00:00,0.69
2025-01-30 17:00:00,0.76
2025-01-30 18:00:00,0.82
2025-01-30 19:00:00,0.88
2025-01-30 20:00:00,0.94
2025-01-30 21:00:00,1.0
2025-01-30 22:00:00,1.06
2025-01-30 23:00:00,1.12
2025-01-31 00:00:00,1.18
2025-01-31 01:00:00,0.98
2025-01-31 02:00:00,0.78
2025-01-31 03:00:00,0.57
2025-01-31 04:00:00,2.86
2025-01-31 05:00:00,2.73
2025-01-31 06:00:00,2.59
2025-01-31 07:00:00,2.44
2025-01-31 08:00:00,2.3
2025-01-31 09:00:00,2.16
2025-01-31 10:00:00,2.01
2025-01-31 11:00:00,1.87
2025-01-31 12:00:00,1.73
2025-01-31 13:00:00,1.84
2025-01-31 14:00:00,1.96
2025-01-31 15:00:00,2.08
2025-01-31 16:00:00,2.19
2025-01-31 17:00:00,2.31
2025-01-31 18:00:00,2.43
2025-01-31 19:00:00,2.55
2025-01-31 20:00:00,2.66
2025-01-31 21:00:00,2.78
2025-01-31 22:00:00,2.9
2025-01-31 23:00:00,3.01
2025-02-01 00:00:00,3.13
2025-02-01 01:00:00,2.98
2025-02-01 02:00:00,2.83
2025-02-01 03:00:00,1.99
2025-02-01 04:00:00,1.14
2025-02-01 05:00:00,0.0
2025-02-01 06:00:00,0.0
2025-02-01 07:00:00,0.0
2025-02-01 08:00:00,0.0
2025-02-01 09:00:00,0.0
2025-02-01 10:00:00,0.0
2025-02-01 11:00:00,0.0
2025-02-01 12:00:00,0.0
2025-02-01 13:00:00,0.0
2025-02-01 14:00:00,0.14
2025-02-01 15:00:00,0.27
2025-02-01 16:00:00,0.41
2025-02-01 17:00:00,0.55
2025-02-01 18:00:00,0.57
2025-02-01 19:00:00,0.76
2025-02-01 20:00:00,0.95
2025-02-01 21:00:00,1.14
2025-02-01 22:00:00,1.33
2025-02-01 23:00:00,1.52
2025-02-02 00:00:00,1.71
2025-02-02 01:00:00,1.9
2025-02-02 02:00:00,1.65
2025-02-02 03:00:00,1.4
2025-02-02 04:00:00,1.14
2025-02-02 05:00:00,3.43
2025-02-02 06:00:00,14.74
2025-02-02 07:00:00,24.45
2025-02-02 08:00:00,38.09
2025-02-02 09:00:00,49.21
2025-02-02 10:00:00,0.57
2025-02-02 11:00:00,0.38
2025-02-02 12:00:00,0.19
2025-02-02 13:00:00,0.0
2025-02-02 14:00:00,1.14
2025-02-02 15:00:00,1.14
2025-02-02 16:00:00,1.14
2025-02-02 17:00:00,1.14
2025-02-02 18:00:00,1.14
2025-02-02 19:00:00,1.14
2025-02-02 20:00:00,0.57
2025-02-02 21:00:00,0.57
2025-02-02 22:00:00,0.57
2025-02-02 23:00:00,0.57
2025-02-03 00:00:00,0.57
2025-02-03 01:00:00,0.0
2025-02-03 02:00:00,0.07
2025-02-03 03:00:00,0.14
2025-02-03 04:00:00,0.21
2025-02-03 05:00:00,0.29
2025-02-03 06:00:00,0.36
2025-02-03 07:00:00,0.43
2025-02-03 08:00:00,0.5
2025-02-03 09:00:00,0.57
2025-02-03 10:00:00,0.38
2025-02-03 11:00:00,0.19
2025-02-03 12:00:00,0.0
2025-02-03 13:00:00,0.57
2025-02-03 14:00:00,1.74
2025-02-03 15:00:00,7.06
2025-02-03 16:00:00,8.02
2025-02-03 17:00:00,16.86
2025-02-03 18:00:00,22.18
2025-02-03 19:00:00,22.91
2025-02-03 20:00:00,22.86
2025-02-03 21:00:00,22.78
2025-02-03 22:00:00,22.69
2025-02-03 23:00:00,22.58
2025-02-04 00:00:00,43.19
2025-02-04 01:00:00,26.02
2025-02-04 02:00:00,85.24
2025-02-04 03:00:00,85.11
2025-02-04 04:00:00,66.81
2025-02-04 05:00:00,76.45
2025-02-04 06:00:00,70.86
2025-02-04 07:00:00,64.12
2025-02-04 08:00:00,59.96
2025-02-04 09:00:00,55.1
2025-02-04 10:00:00,34.63
2025-02-04 11:00:00,78.47
2025-02-04 12:00:00,34.09
2025-02-04 13:00:00,57.5
2025-02-04 14:00:00,55.56
2025-02-04 15:00:00,45.37
2025-02-04 16:00:00,31.88
2025-02-04 17:00:00,21.6
2025-02-04 18:00:00,10.79
2025-02-04 19:00:00,43.39
2025-02-04 20:00:00,38.83
2025-02-04 21:00:00,16.71
2025-02-04 22:00:00,4.02
2025-02-04 23:00:00,11.82
2025-02-05 00:00:00,38.02
2025-02-05 01:00:00,8.67
2025-02-05 02:00:00,37.98
2025-02-05 03:00:00,37.3
2025-02-05 04:00:00,14.82
2025-02-05 05:00:00,19.97
2025-02-05 06:00:00,32.72
2025-02-05 07:00:00,45.55
2025-02-05 08:00:00,59.08
2025-02-05 09:00:00,71.68
2025-02-05 10:00:00,39.96
2025-02-05 11:00:00,10.91
2025-02-05 12:00:00,11.11
2025-02-05 13:00:00,1.71
2025-02-05 14:00:00,1.71
2025-02-05 15:00:00,1.56
2025-02-05 16:00:00,1.4
2025-02-05 17:00:00,1.24
2025-02-05 18:00:00,1.09
2025-02-05 19:00:00,0.93
2025-02-05 20:00:00,0.77
2025-02-05 21:00:00,0.61
2025-02-05 22:00:00,0.46
2025-02-05 23:00:00,0.3
2025-02-06 00:00:00,0.14
2025-02-06 01:00:00,0.16
2025-02-06 02:00:00,0.18
2025-02-06 03:00:00,0.17
2025-02-06 04:00:00,0.16
2025-02-06 05:00:00,0.14
2025-02-06 06:00:00,0.13
2025-02-06 07:00:00,0.12
2025-02-06 08:00:00,0.11
2025-02-06 09:00:00,0.09
2025-02-06 10:00:00,0.08
2025-02-06 11:00:00,0.07
2025-02-06 12:00:00,0.07
2025-02-06 13:00:00,0.08
2025-02-06 14:00:00,0.13
2025-02-06 15:00:00,0.18
2025-02-06 16:00:00,0.23
2025-02-06 17:00:00,0.28
2025-02-06 18:00:00,0.33
2025-02-06 19:00:00,0.38
2025-02-06 20:00:00,0.42
2025-02-06 21:00:00,0.47
2025-02-06 22:00:00,0.52
2025-02-06 23:00:00,0.57
2025-02-07 00:00:00,0.54
2025-02-07 01:00:00,0.5
2025-02-07 02:00:00,0.46
2025-02-07 03:00:00,0.42
2025-02-07 04:00:00,0.38
2025-02-07 05:00:00,0.35
2025-02-07 06:00:00,0.31
2025-02-07 07:00:00,0.27
2025-02-07 08:00:00,0.23
2025-02-07 09:00:00,0.19
2025-02-07 10:00:00,0.15
2025-02-07 11:00:00,0.11
2025-02-07 12:00:00,0.07
2025-02-07 13:00:00,0.03
2025-02-07 14:00:00,0.76
2025-02-07 15:00:00,1.49
2025-02-07 16:00:00,2.22
2025-02-07 17:00:00,2.95
2025-02-07 18:00:00,3.68
2025-02-07 19:00:00,4.41
2025-02-07 20:00:00,5.15
2025-02-07 21:00:00,9.91
2025-02-07 22:00:00,1.71
2025-02-07 23:00:00,16.74
2025-02-08 00:00:00,2.86
2025-02-08 01:00:00,8.27
2025-02-08 02:00:00,16.85
2025-02-08 03:00:00,36.66
2025-02-08 04:00:00,20.72
2025-02-08 05:00:00,48.12
2025-02-08 06:00:00,36.97
2025-02-08 07:00:00,24.93
2025-02-08 08:00:00,15.88
2025-02-08 09:00:00,4.73
2025-02-08 10:00:00,0.58
2025-02-08 11:00:00,7.92
2025-02-08 12:00:00,15.3
2025-02-08 13:00:00,2.96
2025-02-08 14:00:00,3.53
2025-02-08 15:00:00,14.71
2025-02-08 16:00:00,24.58
2025-02-08 17:00:00,41.37
2025-02-08 18:00:00,54.18
2025-02-08 19:00:00,30.67
2025-02-08 20:00:00,35.1
2025-02-08 21:00:00,20.52
2025-02-08 22:00:00,25.28
2025-02-08 23:00:00,22.98
2025-02-09 00:00:00,5.13
2025-02-09 01:00:00,1.31
2025-02-09 02:00:00,0.94
2025-02-09 03:00:00,0.57
2025-02-09 04:00:00,0.51
2025-02-09 05:00:00,0.44
2025-02-09 06:00:00,0.38
2025-02-09 07:00:00,0.32
2025-02-09 08:00:00,0.25
2025-02-09 09:00:00,0.19
2025-02-09 10:00:00,0.13
2025-02-09 11:00:00,0.06
2025-02-09 12:00:00,0.0
2025-02-09 13:00:00,0.57
2025-02-09 14:00:00,1.15
2025-02-09 15:00:00,1.72
2025-02-09 16:00:00,2.3
2025-02-09 17:00:00,2.87
2025-02-09 18:00:00,3.45
2025-02-09 19:00:00,5.61
2025-02-09 20:00:00,26.74
2025-02-09 21:00:00,8.46
2025-02-09 22:00:00,0.57
2025-02-09 23:00:00,1.71
2025-02-10 00:00:00,0.57
2025-02-10 01:00:00,0.32
2025-02-10 02:00:00,2.73
2025-02-10 03:00:00,5.2
2025-02-10 04:00:00,22.92
2025-02-10 05:00:00,12.61
2025-02-10 06:00:00,28.57
2025-02-10 07:00:00,44.22
2025-02-10 08:00:00,60.45
2025-02-10 09:00:00,76.22
2025-02-10 10:00:00,56.88
2025-02-10 11:00:00,63.64
2025-02-10 12:00:00,39.31
2025-02-10 13:00:00,22.9
2025-02-10 14:00:00,4.14
2025-02-10 15:00:00,3.78
2025-02-10 16:00:00,3.42
2025-02-10 17:00:00,3.06
2025-02-10 18:00:00,2.7
2025-02-10 19:00:00,2.34
2025-02-10 20:00:00,1.98
2025-02-10 21:00:00,1.63
2025-02-10 22:00:00,1.27
2025-02-10 23:00:00,0.91
2025-02-11 00:00:00,0.55
2025-02-11 01:00:00,0.53
2025-02-11 02:00:00,0.52
2025-02-11 03:00:00,0.51
2025-02-11 04:00:00,0.49
2025-02-11 05:00:00,0.48
2025-02-11 06:00:00,0.47
2025-02-11 07:00:00,0.45
2025-02-11 08:00:00,0.44
2025-02-11 09:00:00,0.43
2025-02-11 10:00:00,0.42
2025-02-11 11:00:00,0.4
2025-02-11 12:00:00,0.2
2025-02-11 13:00:00,0.0
2025-02-11 14:00:00,3.43
2025-02-11 15:00:00,3.22
2025-02-11 16:00:00,3.02
2025-02-11 17:00:00,2.81
2025-02-11 18:00:00,2.61
2025-02-11 19:00:00,2.4
2025-02-11 20:00:00,2.2
2025-02-11 21:00:00,1.99
2025-02-11 22:00:00,1.79
2025-02-11 23:00:00,1.58
2025-02-12 00:00:00,1.38
2025-02-12 01:00:00,1.17
2025-02-12 02:00:00,0.97
2025-02-12 03:00:00,2.29
2025-02-12 04:00:00,2.06
2025-02-12 05:00:00,1.83
2025-02-12 06:00:00,1.6
2025-02-12 07:00:00,1.37
2025-02-12 08:00:00,1.14
2025-02-12 09:00:00,0.92
2025-02-12 10:00:00,0.69
2025-02-12 11:00:00,0.46
2025-02-12 12:00:00,0.23
2025-02-12 13:00:00,0.0
2025-02-12 14:00:00,0.57
2025-02-12 15:00:00,0.57
2025-02-12 16:00:00,0.57
2025-02-12 17:00:00,0.57
2025-02-12 18:00:00,0.57
2025-02-12 19:00:00,0.57
2025-02-12 20:00:00,0.57
2025-02-12 21:00:00,1.14
2025-02-12 22:00:00,0.88
2025-02-12 23:00:00,0.61
2025-02-13 00:00:00,0.35
2025-02-13 01:00:00,0.08
2025-02-13 02:00:00,0.07
2025-02-13 03:00:00,0.07
2025-02-13 04:00:00,0.06
2025-02-13 05:00:00,0.05
2025-02-13 06:00:00,0.04
2025-02-13 07:00:00,0.04
2025-02-13 08:00:00,0.03
2025-02-13 09:00:00,0.02
2025-02-13 10:00:00,0.01
2025-02-13 11:00:00,0.01
2025-02-13 12:00:00,0.0
2025-02-13 13:00:00,0.0
2025-02-13 14:00:00,0.0
2025-02-13 15:00:00,0.0
2025-02-13 16:00:00,0.0
2025-02-13 17:00:00,0.0
2025-02-13 18:00:00,0.0
2025-02-13 19:00:00,0.0
2025-02-13 20:00:00,0.0
2025-02-13 21:00:00,0.0
2025-02-13 22:00:00,0.0
2025-02-13 23:00:00,0.0
2025-02-14 00:00:00,0.0
2025-02-14 01:00:00,0.0
2025-02-14 02:00:00,0.01
2025-02-14 03:00:00,0.03
2025-02-14 04:00:00,0.04
2025-02-14 05:00:00,0.05
2025-02-14 06:00:00,0.06
2025-02-14 07:00:00,0.07
2025-02-14 08:00:00,0.08
2025-02-14 09:00:00,0.09
2025-02-14 10:00:00,0.1
2025-02-14 11:00:00,0.11
2025-02-14 12:00:00,0.12
2025-02-14 13:00:00,0.37
2025-02-14 14:00:00,0.62
2025-02-14 15:00:00,0.87
2025-02-14 16:00:00,1.12
2025-02-14 17:00:00,1.36
2025-02-14 18:00:00,1.61
2025-02-14 19:00:00,1.86
2025-02-14 20:00:00,2.11
2025-02-14 21:00:00,2.36
2025-02-14 22:00:00,2.61
2025-02-14 23:00:00,2.86
2025-02-15 00:00:00,1.49
2025-02-15 01:00:00,0.12
2025-02-15 02:00:00,0.63
2025-02-15 03:00:00,1.14
2025-02-15 04:00:00,5.14
2025-02-15 05:00:00,9.65
2025-02-15 06:00:00,7.22
2025-02-15 07:00:00,4.59
2025-02-15 08:00:00,2.86
2025-02-15 09:00:00,0.57
2025-02-15 10:00:00,9.8
2025-02-15 11:00:00,19.28
2025-02-15 12:00:00,38.22
2025-02-15 13:00:00,14.91
2025-02-15 14:00:00,13.93
2025-02-15 15:00:00,12.44
2025-02-15 16:00:00,10.74
2025-02-15 17:00:00,10.09
2025-02-15 18:00:00,8.76
2025-02-15 19:00:00,7.42
2025-02-15 20:00:00,6.09
2025-02-15 21:00:00,4.74
2025-02-15 22:00:00,3.39
2025-02-15 23:00:00,2.05
2025-02-16 00:00:00,0.7
2025-02-16 01:00:00,0.68
2025-02-16 02:00:00,0.65
2025-02-16 03:00:00,0.63
2025-02-16 04:00:00,0.6
2025-02-16 05:00:00,0.58
2025-02-16 06:00:00,0.55
2025-02-16 07:00:00,0.53
2025-02-16 08:00:00,0.51
2025-02-16 09:00:00,0.48
2025-02-16 10:00:00,0.46
2025-02-16 11:00:00,0.43
2025-02-16 12:00:00,0.41
2025-02-16 13:00:00,1.71
2025-02-16 14:00:00,19.21
2025-02-16 15:00:00,17.6
2025-02-16 16:00:00,16.51
2025-02-16 17:00:00,16.54
2025-02-16 18:00:00,15.86
2025-02-16 19:00:00,7.91
2025-02-16 20:00:00,14.65
2025-02-16 21:00:00,39.05
2025-02-16 22:00:00,31.73
2025-02-16 23:00:00,49.43
2025-02-17 00:00:00,54.23
2025-02-17 01:00:00,10.69
2025-02-17 02:00:00,9.4
2025-02-17 03:00:00,12.53
2025-02-17 04:00:00,15.68
2025-02-17 05:00:00,18.83
2025-02-17 06:00:00,21.95
2025-02-17 07:00:00,24.06
2025-02-17 08:00:00,29.53
2025-02-17 09:00:00,32.52
2025-02-17 10:00:00,21.62
2025-02-17 11:00:00,11.49
2025-02-17 12:00:00,1.14
2025-02-17 13:00:00,0.0
2025-02-17 14:00:00,1.14
2025-02-17 15:00:00,1.37
2025-02-17 16:00:00,1.6
2025-02-17 17:00:00,1.83
2025-02-17 18:00:00,2.06
2025-02-17 19:00:00,2.29
2025-02-17 20:00:00,2.51
2025-02-17 21:00:00,2.74
2025-02-17 22:00:00,2.97
2025-02-17 23:00:00,3.2
2025-02-18 00:00:00,3.43
2025-02-18 01:00:00,18.26
2025-02-18 02:00:00,31.66
2025-02-18 03:00:00,23.01
2025-02-18 04:00:00,89.37
2025-02-18 05:00:00,73.73
2025-02-18 06:00:00,75.21
2025-02-18 07:00:00,77.04
2025-02-18 08:00:00,79.63
2025-02-18 09:00:00,82.16
2025-02-18 10:00:00,88.58
2025-02-18 11:00:00,78.57
2025-02-18 12:00:00,87.17
2025-02-18 13:00:00,80.18
2025-02-18 14:00:00,89.38
2025-02-18 15:00:00,70.11
2025-02-18 16:00:00,48.47
2025-02-18 17:00:00,24.2
2025-02-18 18:00:00,2.86
2025-02-18 19:00:00,4.57
2025-02-18 20:00:00,2.86
2025-02-18 21:00:00,0.57
2025-02-18 22:00:00,0.52
2025-02-18 23:00:00,0.47
2025-02-19 00:00:00,0.42
2025-02-19 01:00:00,0.36
2025-02-19 02:00:00,0.38
2025-02-19 03:00:00,0.41
2025-02-19 04:00:00,0.43
2025-02-19 05:00:00,0.45
2025-02-19 06:00:00,0.47
2025-02-19 07:00:00,0.49
2025-02-19 08:00:00,0.51
2025-02-19 09:00:00,0.53
2025-02-19 10:00:00,0.55
2025-02-19 11:00:00,0.57
2025-02-19 12:00:00,3.59
2025-02-19 13:00:00,19.91
2025-02-19 14:00:00,72.27
2025-02-19 15:00:00,78.0
2025-02-19 16:00:00,82.54
2025-02-19 17:00:00,93.11
2025-02-19 18:00:00,99.55
2025-02-19 19:00:00,99.49
2025-02-19 20:00:00,99.52
2025-02-19 21:00:00,98.63
2025-02-19 22:00:00,73.87
2025-02-19 23:00:00,41.89
2025-02-20 00:00:00,26.81
2025-02-20 01:00:00,29.79
2025-02-20 02:00:00,47.05
2025-02-20 03:00:00,55.47
2025-02-20 04:00:00,59.77
2025-02-20 05:00:00,12.43
2025-02-20 06:00:00,36.76
2025-02-20 07:00:00,57.81
2025-02-20 08:00:00,75.9
2025-02-20 09:00:00,98.57
2025-02-20 10:00:00,94.2
2025-02-20 11:00:00,89.76
2025-02-20 12:00:00,66.8
2025-02-20 13:00:00,28.09
2025-02-20 14:00:00,11.13
2025-02-20 15:00:00,8.26
2025-02-20 16:00:00,6.55
2025-02-20 17:00:00,3.87
2025-02-20 18:00:00,1.14
2025-02-20 19:00:00,1.29
2025-02-20 20:00:00,1.43
2025-02-20 21:00:00,1.57
2025-02-20 22:00:00,1.71
2025-02-20 23:00:00,17.63
2025-02-21 00:00:00,9.92
2025-02-21 01:00:00,55.05
2025-02-21 02:00:00,59.47
2025-02-21 03:00:00,56.94
2025-02-21 04:00:00,43.8
2025-02-21 05:00:00,46.04
2025-02-21 06:00:00,34.63
2025-02-21 07:00:00,20.48
2025-02-21 08:00:00,14.99
2025-02-21 09:00:00,1.71
2025-02-21 10:00:00,1.4
2025-02-21 11:00:00,1.1
2025-02-21 12:00:00,0.79
2025-02-21 13:00:00,2.29
2025-02-21 14:00:00,2.29
2025-02-21 15:00:00,2.09
2025-02-21 16:00:00,1.9
2025-02-21 17:00:00,1.7
2025-02-21 18:00:00,1.51
2025-02-21 19:00:00,1.31
2025-02-21 20:00:00,1.12
2025-02-21 21:00:00,0.92
2025-02-21 22:00:00,0.73
2025-02-21 23:00:00,0.53
2025-02-22 00:00:00,0.34
2025-02-22 01:00:00,3.8
2025-02-22 02:00:00,7.26
2025-02-22 03:00:00,2.19
2025-02-22 04:00:00,0.57
2025-02-22 05:00:00,1.77
2025-02-22 06:00:00,2.96
2025-02-22 07:00:00,4.15
2025-02-22 08:00:00,6.68
2025-02-22 09:00:00,6.86
2025-02-22 10:00:00,7.98
2025-02-22 11:00:00,9.08
2025-02-22 12:00:00,4.6
2025-02-22 13:00:00,3.52
2025-02-22 14:00:00,6.74
2025-02-22 15:00:00,6.81
2025-02-22 16:00:00,3.53
2025-02-22 17:00:00,5.89
2025-02-22 18:00:00,5.15
2025-02-22 19:00:00,4.44
2025-02-22 20:00:00,3.73
2025-02-22 21:00:00,3.02
2025-02-22 22:00:00,2.31
2025-02-22 23:00:00,1.6
2025-02-23 00:00:00,0.89
2025-02-23 01:00:00,0.17
2025-02-23 02:00:00,0.27
2025-02-23 03:00:00,0.37
2025-02-23 04:00:00,0.47
2025-02-23 05:00:00,0.56
2025-02-23 06:00:00,0.66
2025-02-23 07:00:00,0.76
2025-02-23 08:00:00,0.85
2025-02-23 09:00:00,0.95
2025-02-23 10:00:00,1.05
2025-02-23 11:00:00,1.14
2025-02-23 12:00:00,2.19
2025-02-23 13:00:00,0.09
2025-02-23 14:00:00,2.29
2025-02-23 15:00:00,2.12
2025-02-23 16:00:00,1.95
2025-02-23 17:00:00,1.78
2025-02-23 18:00:00,1.62
2025-02-23 19:00:00,1.45
2025-02-23 20:00:00,1.28
2025-02-23 21:00:00,1.11
2025-02-23 22:00:00,0.95
2025-02-23 23:00:00,0.78
2025-02-24 00:00:00,0.61
2025-02-24 01:00:00,0.45
2025-02-24 02:00:00,0.46
2025-02-24 03:00:00,0.47
2025-02-24 04:00:00,0.48
2025-02-24 05:00:00,0.5
2025-02-24 06:00:00,0.51
2025-02-24 07:00:00,0.52
2025-02-24 08:00:00,0.53
2025-02-24 09:00:00,0.55
2025-02-24 10:00:00,0.56
2025-02-24 11:00:00,0.57
2025-02-24 12:00:00,0.22
2025-02-24 13:00:00,2.87
2025-02-24 14:00:00,1.14
2025-02-24 15:00:00,2.63
2025-02-24 16:00:00,4.11
2025-02-24 17:00:00,5.52
2025-02-24 18:00:00,7.07
2025-02-24 19:00:00,8.6
2025-02-24 20:00:00,13.2
2025-02-24 21:00:00,19.01
2025-02-24 22:00:00,10.28
2025-02-24 23:00:00,6.91
2025-02-25 00:00:00,3.53
2025-02-25 01:00:00,0.15
2025-02-25 02:00:00,1.79
2025-02-25 03:00:00,3.43
2025-02-25 04:00:00,76.6
2025-02-25 05:00:00,86.87
2025-02-25 06:00:00,66.08
2025-02-25 07:00:00,44.29
2025-02-25 08:00:00,27.31
2025-02-25 09:00:00,8.62
2025-02-25 10:00:00,0.58
2025-02-25 11:00:00,0.57
2025-02-25 12:00:00,0.0
2025-02-25 13:00:00,2.3
2025-02-25 14:00:00,85.63
2025-02-25 15:00:00,90.62
2025-02-25 16:00:00,90.52
2025-02-25 17:00:00,94.11
2025-02-25 18:00:00,95.1
2025-02-25 19:00:00,92.82
2025-02-25 20:00:00,93.69
2025-02-25 21:00:00,91.5
2025-02-25 22:00:00,94.32
2025-02-25 23:00:00,86.16
2025-02-26 00:00:00,90.69
2025-02-26 01:00:00,98.54
2025-02-26 02:00:00,99.06
2025-02-26 03:00:00,99.59
2025-02-26 04:00:00,99.73
2025-02-26 05:00:00,99.69
2025-02-26 06:00:00,95.75
2025-02-26 07:00:00,92.58
2025-02-26 08:00:00,89.42
2025-02-26 09:00:00,88.87
2025-02-26 10:00:00,82.67
2025-02-26 11:00:00,93.37
2025-02-26 12:00:00,76.75
2025-02-26 13:00:00,51.01
2025-02-26 14:00:00,20.45
2025-02-26 15:00:00,16.19
2025-02-26 16:00:00,9.39
2025-02-26 17:00:00,8.77
2025-02-26 18:00:00,4.57
2025-02-26 19:00:00,2.29
2025-02-26 20:00:00,2.48
2025-02-26 21:00:00,2.67
2025-02-26 22:00:00,2.86
2025-02-26 23:00:00,3.05
2025-02-27 00:00:00,3.23
2025-02-27 01:00:00,5.58
2025-02-27 02:00:00,7.93
2025-02-27 03:00:00,10.29
2025-02-27 04:00:00,12.66
2025-02-27 05:00:00,14.99
2025-02-27 06:00:00,44.48
2025-02-27 07:00:00,72.74
2025-02-27 08:00:00,99.43
2025-02-27 09:00:00,93.41
2025-02-27 10:00:00,67.39
2025-02-27 11:00:00,75.82
2025-02-27 12:00:00,83.33
2025-02-27 13:00:00,97.81
2025-02-27 14:00:00,97.01
2025-02-27 15:00:00,96.59
2025-02-27 16:00:00,97.97
2025-02-27 17:00:00,97.43
2025-02-27 18:00:00,98.46
2025-02-27 19:00:00,83.7
2025-02-27 20:00:00,98.96
2025-02-27 21:00:00,99.62
2025-02-27 22:00:00,99.54
2025-02-27 23:00:00,99.59
2025-02-28 00:00:00,99.62
2025-02-28 01:00:00,99.83
2025-02-28 02:00:00,99.83
2025-02-28 03:00:00,100.0
2025-02-28 04:00:00,100.0
2025-02-28 05:00:00,100.0
2025-02-28 06:00:00,98.35
2025-02-28 07:00:00,96.48
2025-02-28 08:00:00,95.27
2025-02-28 09:00:00,98.89
2025-02-28 10:00:00,98.85
2025-02-28 11:00:00,98.76
2025-02-28 12:00:00,71.26
2025-02-28 13:00:00,65.58
2025-02-28 14:00:00,59.77
2025-02-28 15:00:00,67.06
2025-02-28 16:00:00,76.02
2025-02-28 17:00:00,88.42
2025-02-28 18:00:00,98.05
2025-02-28 19:00:00,58.03
2025-02-28 20:00:00,35.14
2025-02-28 21:00:00,20.72
2025-02-28 22:00:00,36.12
2025-02-28 23:00:00,45.5
2025-03-01 00:00:00,49.84
2025-03-01 01:00:00,45.6
2025-03-01 02:00:00,60.34
2025-03-01 03:00:00,93.2
2025-03-01 04:00:00,99.37
2025-03-01 05:00:00,99.02
2025-03-01 06:00:00,98.39
2025-03-01 07:00:00,98.83
2025-03-01 08:00:00,99.62
2025-03-01 09:00:00,98.94
2025-03-01 10:00:00,93.87
2025-03-01 11:00:00,94.12
2025-03-01 12:00:00,74.63
2025-03-01 13:00:00,61.77
2025-03-01 14:00:00,33.52
2025-03-01 15:00:00,25.83
2025-03-01 16:00:00,17.63
2025-03-01 17:00:00,9.28
2025-03-01 18:00:00,1.14
2025-03-01 19:00:00,1.14
2025-03-01 20:00:00,2.86
2025-03-01 21:00:00,2.29
2025-03-01 22:00:00,1.71
2025-03-01 23:00:00,1.14
2025-03-02 00:00:00,0.57
2025-03-02 01:00:00,0.0
2025-03-02 02:00:00,0.07
2025-03-02 03:00:00,0.14
2025-03-02 04:00:00,0.21
2025-03-02 05:00:00,0.29
2025-03-02 06:00:00,0.36
2025-03-02 07:00:00,0.43
2025-03-02 08:00:00,0.5
2025-03-02 09:00:00,0.57
2025-03-02 10:00:00,0.86
2025-03-02 11:00:00,1.14
2025-03-02 12:00:00,0.0
2025-03-02 13:00:00,2.38
2025-03-02 14:00:00,2.2
2025-03-02 15:00:00,2.03
2025-03-02 16:00:00,1.85
2025-03-02 17:00:00,1.67
2025-03-02 18:00:00,1.49
2025-03-02 19:00:00,1.31
2025-03-02 20:00:00,1.14
2025-03-02 21:00:00,0.96
2025-03-02 22:00:00,0.78
2025-03-02 23:00:00,0.6
2025-03-03 00:00:00,0.43
2025-03-03 01:00:00,0.25
2025-03-03 02:00:00,5.26
2025-03-03 03:00:00,10.26
2025-03-03 04:00:00,15.27
2025-03-03 05:00:00,20.28
2025-03-03 06:00:00,22.42
2025-03-03 07:00:00,28.83
2025-03-03 08:00:00,33.5
2025-03-03 09:00:00,23.9
2025-03-03 10:00:00,12.88
2025-03-03 11:00:00,1.71
2025-03-03 12:00:00,0.0
2025-03-03 13:00:00,0.57
2025-03-03 14:00:00,0.55
2025-03-03 15:00:00,0.53
2025-03-03 16:00:00,0.5
2025-03-03 17:00:00,0.48
2025-03-03 18:00:00,0.46
2025-03-03 19:00:00,0.43
2025-03-03 20:00:00,0.41
2025-03-03 21:00:00,0.39
2025-03-03 22:00:00,0.36
2025-03-03 23:00:00,0.34
2025-03-04 00:00:00,0.32
2025-03-04 01:00:00,1.14
2025-03-04 02:00:00,1.71
2025-03-04 03:00:00,1.14
2025-03-04 04:00:00,0.57
2025-03-04 05:00:00,0.57
2025-03-04 06:00:00,30.43
2025-03-04 07:00:00,62.14
2025-03-04 08:00:00,93.89
2025-03-04 09:00:00,1.14
2025-03-04 10:00:00,1.71
2025-03-04 11:00:00,2.29
2025-03-04 12:00:00,0.01
2025-03-04 13:00:00,1.14
2025-03-04 14:00:00,1.05
2025-03-04 15:00:00,0.95
2025-03-04 16:00:00,0.86
2025-03-04 17:00:00,0.76
2025-03-04 18:00:00,0.67
2025-03-04 19:00:00,0.57
2025-03-04 20:00:00,0.46
2025-03-04 21:00:00,0.35
2025-03-04 22:00:00,0.23
2025-03-04 23:00:00,0.12
2025-03-05 00:00:00,0.01
2025-03-05 01:00:00,0.02
2025-03-05 02:00:00,0.04
2025-03-05 03:00:00,0.22
2025-03-05 04:00:00,0.41
2025-03-05 05:00:00,0.59
2025-03-05 06:00:00,0.77
2025-03-05 07:00:00,0.96
2025-03-05 08:00:00,1.14
2025-03-05 09:00:00,1.71
2025-03-05 10:00:00,0.57
2025-03-05 11:00:00,1.14
2025-03-05 12:00:00,1.14
2025-03-05 13:00:00,0.0
2025-03-05 14:00:00,0.57
2025-03-05 15:00:00,0.57
2025-03-05 16:00:00,0.57
2025-03-05 17:00:00,0.57
2025-03-05 18:00:00,0.57
2025-03-05 19:00:00,0.57
2025-03-05 20:00:00,0.57
2025-03-05 21:00:00,0.57
2025-03-05 22:00:00,0.57
2025-03-05 23:00:00,0.57
2025-03-06 00:00:00,0.57
2025-03-06 01:00:00,0.11
2025-03-06 02:00:00,0.57
2025-03-06 03:00:00,0.86
2025-03-06 04:00:00,1.14
2025-03-06 05:00:00,1.05
2025-03-06 06:00:00,0.95
2025-03-06 07:00:00,0.86
2025-03-06 08:00:00,0.76
2025-03-06 09:00:00,0.67
2025-03-06 10:00:00,0.57
2025-03-06 11:00:00,0.57
2025-03-06 12:00:00,1.14
2025-03-06 13:00:00,0.0
2025-03-06 14:00:00,0.1
2025-03-06 15:00:00,0.19
2025-03-06 16:00:00,0.29
2025-03-06 17:00:00,0.38
2025-03-06 18:00:00,0.48
2025-03-06 19:00:00,0.57
2025-03-06 20:00:00,2.57
2025-03-06 21:00:00,4.57
2025-03-06 22:00:00,4.0
2025-03-06 23:00:00,7.41
2025-03-07 00:00:00,4.0
2025-03-07 01:00:00,0.0
2025-03-07 02:00:00,4.0
2025-03-07 03:00:00,9.16
2025-03-07 04:00:00,13.18
2025-03-07 05:00:00,11.24
2025-03-07 06:00:00,7.46
2025-03-07 07:00:00,7.04
2025-03-07 08:00:00,5.45
2025-03-07 09:00:00,3.62
2025-03-07 10:00:00,1.71
2025-03-07 11:00:00,0.57
2025-03-07 12:00:00,0.0
2025-03-07 13:00:00,0.57
2025-03-07 14:00:00,0.57
2025-03-07 15:00:00,0.63
2025-03-07 16:00:00,0.7
2025-03-07 17:00:00,0.76
2025-03-07 18:00:00,0.83
2025-03-07 19:00:00,0.89
2025-03-07 20:00:00,0.95
2025-03-07 21:00:00,1.02
2025-03-07 22:00:00,1.08
2025-03-07 23:00:00,1.14
2025-03-08 00:00:00,0.57
2025-03-08 01:00:00,0.0
2025-03-08 02:00:00,4.57
2025-03-08 03:00:00,1.14
2025-03-08 04:00:00,0.57
2025-03-08 05:00:00,12.23
2025-03-08 06:00:00,21.45
2025-03-08 07:00:00,33.14
2025-03-08 08:00:00,46.26
2025-03-08 09:00:00,31.75
2025-03-08 10:00:00,16.53
2025-03-08 11:00:00,1.14
2025-03-08 12:00:00,0.0
2025-03-08 13:00:00,1.71
2025-03-08 14:00:00,0.57
2025-03-08 15:00:00,0.67
2025-03-08 16:00:00,0.76
2025-03-08 17:00:00,0.86
2025-03-08 18:00:00,0.95
2025-03-08 19:00:00,1.05
2025-03-08 20:00:00,1.14
2025-03-08 21:00:00,1.71
2025-03-08 22:00:00,2.29
2025-03-08 23:00:00,2.86
2025-03-09 00:00:00,0.0
2025-03-09 01:00:00,5.08
2025-03-09 02:00:00,69.68
2025-03-09 03:00:00,15.97
2025-03-09 04:00:00,23.42
2025-03-09 05:00:00,1.71
2025-03-09 06:00:00,1.71
2025-03-09 07:00:00,1.71
2025-03-09 08:00:00,1.71
2025-03-09 09:00:00,1.71
2025-03-09 10:00:00,1.71
2025-03-09 11:00:00,1.71
2025-03-09 12:00:00,0.04
2025-03-09 13:00:00,1.14
2025-03-09 14:00:00,0.57
2025-03-09 15:00:00,0.57
2025-03-09 16:00:00,0.57
2025-03-09 17:00:00,0.57
2025-03-09 18:00:00,0.57
2025-03-09 19:00:00,2.29
2025-03-09 20:00:00,1.99
2025-03-09 21:00:00,1.69
2025-03-09 22:00:00,1.39
2025-03-09 23:00:00,1.09
2025-03-10 00:00:00,0.23
2025-03-10 01:00:00,0.12
2025-03-10 02:00:00,0.01
2025-03-10 03:00:00,1.14
2025-03-10 04:00:00,1.14
2025-03-10 05:00:00,1.14
2025-03-10 06:00:00,1.71
2025-03-10 07:00:00,2.29
2025-03-10 08:00:00,2.86
2025-03-10 09:00:00,1.14
2025-03-10 10:00:00,1.93
2025-03-10 11:00:00,2.71
2025-03-10 12:00:00,2.29
2025-03-10 13:00:00,9.34
2025-03-10 14:00:00,4.77
2025-03-10 15:00:00,5.17
2025-03-10 16:00:00,5.36
2025-03-10 17:00:00,4.9
2025-03-10 18:00:00,4.99
2025-03-10 19:00:00,4.78
2025-03-10 20:00:00,4.57
2025-03-10 21:00:00,21.09
2025-03-10 22:00:00,0.57
2025-03-10 23:00:00,1.14
2025-03-11 00:00:00,0.84
2025-03-11 01:00:00,0.54
2025-03-11 02:00:00,0.84
2025-03-11 03:00:00,1.14
2025-03-11 04:00:00,0.57
2025-03-11 05:00:00,0.69
2025-03-11 06:00:00,0.8
2025-03-11 07:00:00,0.91
2025-03-11 08:00:00,1.03
2025-03-11 09:00:00,1.14
2025-03-11 10:00:00,1.14
2025-03-11 11:00:00,1.14
2025-03-11 12:00:00,4.05
2025-03-11 13:00:00,0.7
2025-03-11 14:00:00,29.0
2025-03-11 15:00:00,22.79
2025-03-11 16:00:00,12.65
2025-03-11 17:00:00,9.98
2025-03-11 18:00:00,2.86
2025-03-11 19:00:00,5.11
2025-03-11 20:00:00,6.25
2025-03-11 21:00:00,6.24
2025-03-11 22:00:00,6.27
2025-03-11 23:00:00,2.86
2025-03-12 00:00:00,1.14
2025-03-12 01:00:00,0.0
2025-03-12 02:00:00,0.57
2025-03-12 03:00:00,1.14
2025-03-12 04:00:00,1.02
2025-03-12 05:00:00,0.89
2025-03-12 06:00:00,0.76
2025-03-12 07:00:00,0.63
2025-03-12 08:00:00,0.51
2025-03-12 09:00:00,0.38
2025-03-12 10:00:00,0.25
2025-03-12 11:00:00,0.13
2025-03-12 12:00:00,0.0
2025-03-12 13:00:00,2.29
2025-03-12 14:00:00,1.71
2025-03-12 15:00:00,1.6
2025-03-12 16:00:00,1.49
2025-03-12 17:00:00,1.37
2025-03-12 18:00:00,1.26
2025-03-12 19:00:00,1.14
2025-03-12 20:00:00,0.86
2025-03-12 21:00:00,0.57
2025-03-12 22:00:00,1.14
2025-03-12 23:00:00,14.15
2025-03-13 00:00:00,2.3
2025-03-13 01:00:00,4.97
2025-03-13 02:00:00,5.71
2025-03-13 03:00:00,2.29
2025-03-13 04:00:00,37.73
2025-03-13 05:00:00,56.25
2025-03-13 06:00:00,69.41
2025-03-13 07:00:00,82.38
2025-03-13 08:00:00,95.11
2025-03-13 09:00:00,73.36
2025-03-13 10:00:00,55.27
2025-03-13 11:00:00,48.28
2025-03-13 12:00:00,44.92
2025-03-13 13:00:00,28.15
2025-03-13 14:00:00,7.56
2025-03-13 15:00:00,18.75
2025-03-13 16:00:00,28.32
2025-03-13 17:00:00,40.91
2025-03-13 18:00:00,52.91
2025-03-13 19:00:00,97.59
2025-03-13 20:00:00,99.14
2025-03-13 21:00:00,99.67
2025-03-13 22:00:00,70.94
2025-03-13 23:00:00,80.05
2025-03-14 00:00:00,54.84
2025-03-14 01:00:00,47.64
2025-03-14 02:00:00,50.71
2025-03-14 03:00:00,24.04
2025-03-14 04:00:00,50.22
2025-03-14 05:00:00,88.25
2025-03-14 06:00:00,69.81
2025-03-14 07:00:00,55.15
2025-03-14 08:00:00,42.67
2025-03-14 09:00:00,11.71
2025-03-14 10:00:00,16.27
2025-03-14 11:00:00,6.11
2025-03-14 12:00:00,0.6
2025-03-14 13:00:00,27.58
2025-03-14 14:00:00,1.16
2025-03-14 15:00:00,1.16
2025-03-14 16:00:00,1.15
2025-03-14 17:00:00,1.15
2025-03-14 18:00:00,1.14
2025-03-14 19:00:00,0.57
2025-03-14 20:00:00,41.52
2025-03-14 21:00:00,74.88
2025-03-14 22:00:00,71.78
2025-03-14 23:00:00,27.06
2025-03-15 00:00:00,21.85
2025-03-15 01:00:00,0.57
2025-03-15 02:00:00,0.57
2025-03-15 03:00:00,0.73
2025-03-15 04:00:00,0.9
2025-03-15 05:00:00,1.06
2025-03-15 06:00:00,1.22
2025-03-15 07:00:00,1.39
2025-03-15 08:00:00,1.55
2025-03-15 09:00:00,1.71
2025-03-15 10:00:00,13.76
2025-03-15 11:00:00,25.58
2025-03-15 12:00:00,25.55
2025-03-15 13:00:00,23.3
2025-03-15 14:00:00,11.56
2025-03-15 15:00:00,16.6
2025-03-15 16:00:00,25.6
2025-03-15 17:00:00,33.07
2025-03-15 18:00:00,39.25
2025-03-15 19:00:00,16.24
2025-03-15 20:00:00,10.1
2025-03-15 21:00:00,5.57
2025-03-15 22:00:00,5.45
2025-03-15 23:00:00,12.88
2025-03-16 00:00:00,43.46
2025-03-16 01:00:00,72.53
2025-03-16 02:00:00,74.94
2025-03-16 03:00:00,90.69
2025-03-16 04:00:00,98.18
2025-03-16 05:00:00,85.89
2025-03-16 06:00:00,74.45
2025-03-16 07:00:00,63.04
2025-03-16 08:00:00,54.97
2025-03-16 09:00:00,1.71
2025-03-16 10:00:00,1.71
2025-03-16 11:00:00,1.71
2025-03-16 12:00:00,2.29
2025-03-16 13:00:00,1.23
2025-03-16 14:00:00,2.86
2025-03-16 15:00:00,2.53
2025-03-16 16:00:00,2.2
2025-03-16 17:00:00,1.88
2025-03-16 18:00:00,1.55
2025-03-16 19:00:00,1.22
2025-03-16 20:00:00,0.9
2025-03-16 21:00:00,0.57
2025-03-16 22:00:00,9.54
2025-03-16 23:00:00,49.25
2025-03-17 00:00:00,47.59
2025-03-17 01:00:00,31.91
2025-03-17 02:00:00,38.15
2025-03-17 03:00:00,30.37
2025-03-17 04:00:00,38.36
2025-03-17 05:00:00,46.89
2025-03-17 06:00:00,57.05
2025-03-17 07:00:00,65.82
2025-03-17 08:00:00,74.01
2025-03-17 09:00:00,60.7
2025-03-17 10:00:00,42.04
2025-03-17 11:00:00,30.11
2025-03-17 12:00:00,11.41
2025-03-17 13:00:00,12.82
2025-03-17 14:00:00,3.43
2025-03-17 15:00:00,5.48
2025-03-17 16:00:00,11.44
2025-03-17 17:00:00,15.51
2025-03-17 18:00:00,19.6
2025-03-17 19:00:00,29.9
2025-03-17 20:00:00,34.09
2025-03-17 21:00:00,59.21
2025-03-17 22:00:00,65.96
2025-03-17 23:00:00,59.41
2025-03-18 00:00:00,69.24
2025-03-18 01:00:00,52.53
2025-03-18 02:00:00,71.03
2025-03-18 03:00:00,68.63
2025-03-18 04:00:00,76.53
2025-03-18 05:00:00,83.17
2025-03-18 06:00:00,65.19
2025-03-18 07:00:00,51.02
2025-03-18 08:00:00,37.65
2025-03-18 09:00:00,38.39
2025-03-18 10:00:00,24.99
2025-03-18 11:00:00,4.88
2025-03-18 12:00:00,0.1
2025-03-18 13:00:00,0.57
2025-03-18 14:00:00,0.57
2025-03-18 15:00:00,0.52
2025-03-18 16:00:00,0.48
2025-03-18 17:00:00,0.43
2025-03-18 18:00:00,0.38
2025-03-18 19:00:00,0.33
2025-03-18 20:00:00,0.29
2025-03-18 21:00:00,0.24
2025-03-18 22:00:00,0.19
2025-03-18 23:00:00,0.14
2025-03-19 00:00:00,0.1
2025-03-19 01:00:00,0.05
2025-03-19 02:00:00,8.56
2025-03-19 03:00:00,7.71
2025-03-19 04:00:00,6.86
2025-03-19 05:00:00,6.01
2025-03-19 06:00:00,5.0
2025-03-19 07:00:00,4.29
2025-03-19 08:00:00,3.43
2025-03-19 09:00:00,2.57
2025-03-19 10:00:00,1.71
2025-03-19 11:00:00,0.86
2025-03-19 12:00:00,0.0
2025-03-19 13:00:00,0.29
2025-03-19 14:00:00,0.57
2025-03-19 15:00:00,1.14
2025-03-19 16:00:00,1.71
2025-03-19 17:00:00,2.29
2025-03-19 18:00:00,2.86
2025-03-19 19:00:00,3.43
2025-03-19 20:00:00,4.0
2025-03-19 21:00:00,4.57
2025-03-19 22:00:00,5.03
2025-03-19 23:00:00,7.28
2025-03-20 00:00:00,9.46
2025-03-20 01:00:00,2.86
2025-03-20 02:00:00,63.32
2025-03-20 03:00:00,7.4
2025-03-20 04:00:00,7.96
2025-03-20 05:00:00,1.14
2025-03-20 06:00:00,25.59
2025-03-20 07:00:00,50.88
2025-03-20 08:00:00,74.43
2025-03-20 09:00:00,44.7
2025-03-20 10:00:00,41.69
2025-03-20 11:00:00,47.09
2025-03-20 12:00:00,40.68
2025-03-20 13:00:00,28.85
2025-03-20 14:00:00,2.29
2025-03-20 15:00:00,2.0
2025-03-20 16:00:00,1.71
2025-03-20 17:00:00,1.43
2025-03-20 18:00:00,1.14
2025-03-20 19:00:00,0.86
2025-03-20 20:00:00,0.57
2025-03-20 21:00:00,3.43
2025-03-20 22:00:00,7.4
2025-03-20 23:00:00,13.1
2025-03-21 00:00:00,28.34
2025-03-21 01:00:00,13.6
2025-03-21 02:00:00,19.58
2025-03-21 03:00:00,27.4
2025-03-21 04:00:00,31.21
2025-03-21 05:00:00,23.8
2025-03-21 06:00:00,19.05
2025-03-21 07:00:00,15.65
2025-03-21 08:00:00,17.35
2025-03-21 09:00:00,1.14
2025-03-21 10:00:00,0.57
2025-03-21 11:00:00,0.57
2025-03-21 12:00:00,2.86
2025-03-21 13:00:00,3.32
2025-03-21 14:00:00,2.86
2025-03-21 15:00:00,2.66
2025-03-21 16:00:00,2.47
2025-03-21 17:00:00,2.27
2025-03-21 18:00:00,2.08
2025-03-21 19:00:00,1.88
2025-03-21 20:00:00,1.68
2025-03-21 21:00:00,1.49
2025-03-21 22:00:00,1.29
2025-03-21 23:00:00,1.1
2025-03-22 00:00:00,0.9
2025-03-22 01:00:00,0.71
2025-03-22 02:00:00,37.11
2025-03-22 03:00:00,28.56
2025-03-22 04:00:00,19.98
2025-03-22 05:00:00,11.28
2025-03-22 06:00:00,10.29
2025-03-22 07:00:00,15.2
2025-03-22 08:00:00,17.25
2025-03-22 09:00:00,8.31
2025-03-22 10:00:00,11.1
2025-03-22 11:00:00,28.96
2025-03-22 12:00:00,64.85
2025-03-22 13:00:00,55.23
2025-03-22 14:00:00,59.32
2025-03-22 15:00:00,81.04
2025-03-22 16:00:00,78.45
2025-03-22 17:00:00,93.53
2025-03-22 18:00:00,99.91
2025-03-22 19:00:00,95.73
2025-03-22 20:00:00,93.97
2025-03-22 21:00:00,81.88
2025-03-22 22:00:00,63.07
2025-03-22 23:00:00,41.6
2025-03-23 00:00:00,23.77
2025-03-23 01:00:00,9.58
2025-03-23 02:00:00,10.83
2025-03-23 03:00:00,11.62
2025-03-23 04:00:00,12.38
2025-03-23 05:00:00,13.16
2025-03-23 06:00:00,9.49
2025-03-23 07:00:00,11.42
2025-03-23 08:00:00,8.09
2025-03-23 09:00:00,6.1
2025-03-23 10:00:00,3.62
2025-03-23 11:00:00,1.71
2025-03-23 12:00:00,0.0
2025-03-23 13:00:00,2.29
2025-03-23 14:00:00,1.71
2025-03-23 15:00:00,0.57
2025-03-23 16:00:00,0.57
2025-03-23 17:00:00,0.57
2025-03-23 18:00:00,0.57
2025-03-23 19:00:00,0.57
2025-03-23 20:00:00,0.57
2025-03-23 21:00:00,0.57
2025-03-23 22:00:00,1.14
2025-03-23 23:00:00,1.71
2025-03-24 00:00:00,0.57
2025-03-24 01:00:00,0.07
2025-03-24 02:00:00,88.55
2025-03-24 03:00:00,2.86
2025-03-24 04:00:00,11.41
2025-03-24 05:00:00,21.73
2025-03-24 06:00:00,30.58
2025-03-24 07:00:00,42.42
2025-03-24 08:00:00,53.33
2025-03-24 09:00:00,35.63
2025-03-24 10:00:00,18.26
2025-03-24 11:00:00,0.57
2025-03-24 12:00:00,0.0
2025-03-24 13:00:00,0.57
2025-03-24 14:00:00,0.57
2025-03-24 15:00:00,0.57
2025-03-24 16:00:00,0.57
2025-03-24 17:00:00,0.57
2025-03-24 18:00:00,0.57
2025-03-24 19:00:00,1.14
2025-03-24 20:00:00,1.71
2025-03-24 21:00:00,2.29
2025-03-24 22:00:00,6.32
2025-03-24 23:00:00,9.73
2025-03-25 00:00:00,0.17
2025-03-25 01:00:00,9.72
2025-03-25 02:00:00,99.38
2025-03-25 03:00:00,51.99
2025-03-25 04:00:00,60.57
2025-03-25 05:00:00,62.71
2025-03-25 06:00:00,64.56
2025-03-25 07:00:00,67.11
2025-03-25 08:00:00,69.42
2025-03-25 09:00:00,46.57
2025-03-25 10:00:00,23.73
2025-03-25 11:00:00,0.57
2025-03-25 12:00:00,0.0
2025-03-25 13:00:00,0.57
2025-03-25 14:00:00,0.57
2025-03-25 15:00:00,0.57
2025-03-25 16:00:00,0.57
2025-03-25 17:00:00,0.57
2025-03-25 18:00:00,0.57
2025-03-25 19:00:00,0.57
2025-03-25 20:00:00,0.57
2025-03-25 21:00:00,0.57
2025-03-25 22:00:00,0.41
2025-03-25 23:00:00,0.25
2025-03-26 00:00:00,0.09
2025-03-26 01:00:00,0.05
2025-03-26 02:00:00,0.0
2025-03-26 03:00:00,0.0
2025-03-26 04:00:00,0.0
2025-03-26 05:00:00,0.01
2025-03-26 06:00:00,0.01
2025-03-26 07:00:00,0.01
2025-03-26 08:00:00,0.01
2025-03-26 09:00:00,0.01
2025-03-26 10:00:00,0.02
2025-03-26 11:00:00,0.02
2025-03-26 12:00:00,0.57
2025-03-26 13:00:00,0.17
2025-03-26 14:00:00,0.57
2025-03-26 15:00:00,0.52
2025-03-26 16:00:00,0.47
2025-03-26 17:00:00,0.42
2025-03-26 18:00:00,0.36
2025-03-26 19:00:00,0.31
2025-03-26 20:00:00,0.26
2025-03-26 21:00:00,0.21
2025-03-26 22:00:00,0.16
2025-03-26 23:00:00,0.1
2025-03-27 00:00:00,0.05
2025-03-27 01:00:00,0.0
2025-03-27 02:00:00,7.44
2025-03-27 03:00:00,4.57
2025-03-27 04:00:00,1.71
2025-03-27 05:00:00,1.55
2025-03-27 06:00:00,1.39
2025-03-27 07:00:00,1.22
2025-03-27 08:00:00,1.06
2025-03-27 09:00:00,0.9
2025-03-27 10:00:00,0.73
2025-03-27 11:00:00,0.57
2025-03-27 12:00:00,0.57
2025-03-27 13:00:00,0.0
2025-03-27 14:00:00,0.57
2025-03-27 15:00:00,0.57
2025-03-27 16:00:00,0.57
2025-03-27 17:00:00,0.57
2025-03-27 18:00:00,0.57
2025-03-27 19:00:00,0.57
2025-03-27 20:00:00,0.57
2025-03-27 21:00:00,0.57
2025-03-27 22:00:00,0.57
2025-03-27 23:00:00,0.57
2025-03-28 00:00:00,0.57
2025-03-28 01:00:00,0.13
2025-03-28 02:00:00,6.85
2025-03-28 03:00:00,0.57
2025-03-28 04:00:00,1.64
2025-03-28 05:00:00,15.33
2025-03-28 06:00:00,28.36
2025-03-28 07:00:00,43.25
2025-03-28 08:00:00,56.85
2025-03-28 09:00:00,0.57
2025-03-28 10:00:00,0.57
2025-03-28 11:00:00,0.57
2025-03-28 12:00:00,0.0
2025-03-28 13:00:00,0.06
2025-03-28 14:00:00,0.11
2025-03-28 15:00:00,0.17
2025-03-28 16:00:00,0.23
2025-03-28 17:00:00,0.29
2025-03-28 18:00:00,0.34
2025-03-28 19:00:00,0.4
2025-03-28 20:00:00,0.46
2025-03-28 21:00:00,0.51
2025-03-28 22:00:00,0.57
2025-03-28 23:00:00,1.14
2025-03-29 00:00:00,0.57
2025-03-29 01:00:00,0.11
2025-03-29 02:00:00,1.14
2025-03-29 03:00:00,1.08
2025-03-29 04:00:00,1.02
2025-03-29 05:00:00,0.95
2025-03-29 06:00:00,0.89
2025-03-29 07:00:00,0.83
2025-03-29 08:00:00,0.76
2025-03-29 09:00:00,0.7
2025-03-29 10:00:00,0.63
2025-03-29 11:00:00,0.57
2025-03-29 12:00:00,0.1
2025-03-29 13:00:00,0.57
2025-03-29 14:00:00,1.14
2025-03-29 15:00:00,2.57
2025-03-29 16:00:00,4.0
2025-03-29 17:00:00,4.38
2025-03-29 18:00:00,6.88
2025-03-29 19:00:00,5.29
2025-03-29 20:00:00,3.71
2025-03-29 21:00:00,2.14
2025-03-29 22:00:00,0.57
2025-03-29 23:00:00,4.09
2025-03-30 00:00:00,0.14
2025-03-30 01:00:00,0.0
2025-03-30 02:00:00,12.53
2025-03-30 03:00:00,13.73
2025-03-30 04:00:00,4.57
2025-03-30 05:00:00,4.0
2025-03-30 06:00:00,3.43
2025-03-30 07:00:00,2.86
2025-03-30 08:00:00,2.29
2025-03-30 09:00:00,1.71
2025-03-30 10:00:00,1.14
2025-03-30 11:00:00,0.57
2025-03-30 12:00:00,0.0
2025-03-30 13:00:00,0.57
2025-03-30 14:00:00,0.57
2025-03-30 15:00:00,0.57
2025-03-30 16:00:00,0.57
2025-03-30 17:00:00,0.57
2025-03-30 18:00:00,0.57
2025-03-30 19:00:00,0.57
2025-03-30 20:00:00,0.57
2025-03-30 21:00:00,0.57
2025-03-30 22:00:00,0.57
2025-03-30 23:00:00,0.38
2025-03-31 00:00:00,0.18
2025-03-31 01:00:00,0.57
2025-03-31 02:00:00,15.98
2025-03-31 03:00:00,8.29
2025-03-31 04:00:00,0.57
2025-03-31 05:00:00,0.49
2025-03-31 06:00:00,0.41
2025-03-31 07:00:00,0.33
2025-03-31 08:00:00,0.25
2025-03-31 09:00:00,0.17
2025-03-31 10:00:00,0.08
2025-03-31 11:00:00,0.0
2025-03-31 12:00:00,0.02
2025-03-31 13:00:00,0.03
2025-03-31 14:00:00,0.1
2025-03-31 15:00:00,0.17
2025-03-31 16:00:00,0.23
2025-03-31 17:00:00,0.3
2025-03-31 18:00:00,0.37
2025-03-31 19:00:00,0.44
2025-03-31 20:00:00,0.5
2025-03-31 21:00:00,0.57
2025-03-31 22:00:00,0.57
2025-03-31 23:00:00,0.57
2025-04-01 00:00:00,0.57
2025-04-01 01:00:00,0.57
2025-04-01 02:00:00,0.12
2025-04-01 03:00:00,0.57
2025-04-01 04:00:00,0.57
2025-04-01 05:00:00,0.0
2025-04-01 06:00:00,0.0
2025-04-01 07:00:00,0.0
2025-04-01 08:00:00,0.0
2025-04-01 09:00:00,0.0
2025-04-01 10:00:00,0.0
2025-04-01 11:00:00,0.0
2025-04-01 12:00:00,0.0
2025-04-01 13:00:00,0.0
2025-04-01 14:00:00,8.88
2025-04-01 15:00:00,17.63
2025-04-01 16:00:00,26.09
2025-04-01 17:00:00,34.94
2025-04-01 18:00:00,43.95
2025-04-01 19:00:00,48.79
2025-04-01 20:00:00,39.06
2025-04-01 21:00:00,31.61
2025-04-01 22:00:00,33.5
2025-04-01 23:00:00,39.85
2025-04-02 00:00:00,77.04
2025-04-02 01:00:00,54.95
2025-04-02 02:00:00,76.71
2025-04-02 03:00:00,81.46
2025-04-02 04:00:00,86.27
2025-04-02 05:00:00,81.35
2025-04-02 06:00:00,74.56
2025-04-02 07:00:00,70.91
2025-04-02 08:00:00,66.93
2025-04-02 09:00:00,95.61
2025-04-02 10:00:00,89.45
2025-04-02 11:00:00,81.44
2025-04-02 12:00:00,85.5
2025-04-02 13:00:00,58.09
2025-04-02 14:00:00,37.96
2025-04-02 15:00:00,40.67
2025-04-02 16:00:00,32.96
2025-04-02 17:00:00,24.86
2025-04-02 18:00:00,18.29
2025-04-02 19:00:00,10.58
2025-04-02 20:00:00,2.87
2025-04-02 21:00:00,19.75
2025-04-02 22:00:00,39.67
2025-04-02 23:00:00,80.82
2025-04-03 00:00:00,85.73
2025-04-03 01:00:00,61.66
2025-04-03 02:00:00,84.81
2025-04-03 03:00:00,96.92
2025-04-03 04:00:00,94.12
2025-04-03 05:00:00,78.97
2025-04-03 06:00:00,60.24
2025-04-03 07:00:00,44.87
2025-04-03 08:00:00,33.03
2025-04-03 09:00:00,19.48
2025-04-03 10:00:00,1.72
2025-04-03 11:00:00,0.57
2025-04-03 12:00:00,0.82
2025-04-03 13:00:00,0.98
2025-04-03 14:00:00,1.14
2025-04-03 15:00:00,3.59
2025-04-03 16:00:00,5.19
2025-04-03 17:00:00,7.46
2025-04-03 18:00:00,10.91
2025-04-03 19:00:00,13.36
2025-04-03 20:00:00,15.81
2025-04-03 21:00:00,18.24
2025-04-03 22:00:00,48.01
2025-04-03 23:00:00,31.78
2025-04-04 00:00:00,10.7
2025-04-04 01:00:00,4.95
2025-04-04 02:00:00,43.6
2025-04-04 03:00:00,75.51
2025-04-04 04:00:00,86.69
2025-04-04 05:00:00,69.38
2025-04-04 06:00:00,43.53
2025-04-04 07:00:00,26.42
2025-04-04 08:00:00,7.74
2025-04-04 09:00:00,3.88
2025-04-04 10:00:00,2.59
2025-04-04 11:00:00,1.29
2025-04-04 12:00:00,0.0
2025-04-04 13:00:00,4.6
2025-04-04 14:00:00,7.24
2025-04-04 15:00:00,2.86
2025-04-04 16:00:00,2.54
2025-04-04 17:00:00,2.22
2025-04-04 18:00:00,1.9
2025-04-04 19:00:00,1.59
2025-04-04 20:00:00,1.27
2025-04-04 21:00:00,0.95
2025-04-04 22:00:00,0.63
2025-04-04 23:00:00,0.32
2025-04-05 00:00:00,0.0
2025-04-05 01:00:00,5.29
2025-04-05 02:00:00,10.57
2025-04-05 03:00:00,15.86
2025-04-05 04:00:00,21.14
2025-04-05 05:00:00,26.38
2025-04-05 06:00:00,30.6
2025-04-05 07:00:00,37.62
2025-04-05 08:00:00,42.98
2025-04-05 09:00:00,31.91
2025-04-05 10:00:00,21.29
2025-04-05 11:00:00,10.73
2025-04-05 12:00:00,0.0
2025-04-05 13:00:00,0.01
2025-04-05 14:00:00,0.01
2025-04-05 15:00:00,0.02
2025-04-05 16:00:00,0.03
2025-04-05 17:00:00,0.03
2025-04-05 18:00:00,0.04
2025-04-05 19:00:00,0.05
2025-04-05 20:00:00,0.05
2025-04-05 21:00:00,0.06
2025-04-05 22:00:00,0.07
2025-04-05 23:00:00,0.07
2025-04-06 00:00:00,0.08
2025-04-06 01:00:00,0.1
2025-04-06 02:00:00,0.11
2025-04-06 03:00:00,0.57
2025-04-06 04:00:00,1.14
2025-04-06 05:00:00,1.02
2025-04-06 06:00:00,0.89
2025-04-06 07:00:00,0.76
2025-04-06 08:00:00,0.64
2025-04-06 09:00:00,0.51
2025-04-06 10:00:00,0.39
2025-04-06 11:00:00,0.26
2025-04-06 12:00:00,0.13
2025-04-06 13:00:00,0.01
2025-04-06 14:00:00,0.05
2025-04-06 15:00:00,0.08
2025-04-06 16:00:00,0.12
2025-04-06 17:00:00,0.16
2025-04-06 18:00:00,0.2
2025-04-06 19:00:00,0.23
2025-04-06 20:00:00,0.27
2025-04-06 21:00:00,0.31
2025-04-06 22:00:00,0.35
2025-04-06 23:00:00,0.38
2025-04-07 00:00:00,0.42
2025-04-07 01:00:00,0.46
2025-04-07 02:00:00,0.5
2025-04-07 03:00:00,0.53
2025-04-07 04:00:00,0.57
2025-04-07 05:00:00,0.51
2025-04-07 06:00:00,0.44
2025-04-07 07:00:00,0.38
2025-04-07 08:00:00,0.32
2025-04-07 09:00:00,0.25
2025-04-07 10:00:00,0.19
2025-04-07 11:00:00,0.13
2025-04-07 12:00:00,0.06
2025-04-07 13:00:00,0.0
2025-04-07 14:00:00,0.21
2025-04-07 15:00:00,0.42
2025-04-07 16:00:00,0.62
2025-04-07 17:00:00,0.83
2025-04-07 18:00:00,1.04
2025-04-07 19:00:00,1.25
2025-04-07 20:00:00,1.45
2025-04-07 21:00:00,1.66
2025-04-07 22:00:00,1.87
2025-04-07 23:00:00,2.08
2025-04-08 00:00:00,2.29
2025-04-08 01:00:00,0.23
2025-04-08 02:00:00,14.83
2025-04-08 03:00:00,15.4
2025-04-08 04:00:00,34.85
2025-04-08 05:00:00,31.16
2025-04-08 06:00:00,27.22
2025-04-08 07:00:00,24.5
2025-04-08 08:00:00,23.17
2025-04-08 09:00:00,15.7
2025-04-08 10:00:00,10.51
2025-04-08 11:00:00,5.0
2025-04-08 12:00:00,0.0
2025-04-08 13:00:00,0.19
2025-04-08 14:00:00,0.38
2025-04-08 15:00:00,0.57
2025-04-08 16:00:00,0.76
2025-04-08 17:00:00,0.95
2025-04-08 18:00:00,1.14
2025-04-08 19:00:00,0.57
2025-04-08 20:00:00,2.2
2025-04-08 21:00:00,3.83
2025-04-08 22:00:00,5.37
2025-04-08 23:00:00,10.26
2025-04-09 00:00:00,26.83
2025-04-09 01:00:00,1.12
2025-04-09 02:00:00,35.95
2025-04-09 03:00:00,35.94
2025-04-09 04:00:00,36.47
2025-04-09 05:00:00,37.65
2025-04-09 06:00:00,38.7
2025-04-09 07:00:00,41.59
2025-04-09 08:00:00,43.0
2025-04-09 09:00:00,31.65
2025-04-09 10:00:00,21.44
2025-04-09 11:00:00,11.19
2025-04-09 12:00:00,0.32
2025-04-09 13:00:00,2.57
2025-04-09 14:00:00,4.83
2025-04-09 15:00:00,6.85
2025-04-09 16:00:00,7.94
2025-04-09 17:00:00,10.64
2025-04-09 18:00:00,13.71
2025-04-09 19:00:00,15.96
2025-04-09 20:00:00,18.2
2025-04-09 21:00:00,20.46
2025-04-09 22:00:00,22.38
2025-04-09 23:00:00,33.95
2025-04-10 00:00:00,35.12
2025-04-10 01:00:00,37.31
2025-04-10 02:00:00,23.0
2025-04-10 03:00:00,13.55
2025-04-10 04:00:00,18.63
2025-04-10 05:00:00,39.91
2025-04-10 06:00:00,67.73
2025-04-10 07:00:00,88.03
2025-04-10 08:00:00,100.0
2025-04-10 09:00:00,100.0
2025-04-10 10:00:00,100.0
2025-04-10 11:00:00,100.0
2025-04-10 12:00:00,100.0
2025-04-10 13:00:00,100.0
2025-04-10 14:00:00,97.9
2025-04-10 15:00:00,90.04
2025-04-10 16:00:00,70.7
2025-04-10 17:00:00,52.12
2025-04-10 18:00:00,34.59
2025-04-10 19:00:00,51.5
2025-04-10 20:00:00,24.47
2025-04-10 21:00:00,52.32
2025-04-10 22:00:00,68.32
2025-04-10 23:00:00,77.74
2025-04-11 00:00:00,79.02
2025-04-11 01:00:00,88.36
2025-04-11 02:00:00,13.68
2025-04-11 03:00:00,5.83
2025-04-11 04:00:00,11.99
2025-04-11 05:00:00,27.59
2025-04-11 06:00:00,42.49
2025-04-11 07:00:00,59.03
2025-04-11 08:00:00,74.63
2025-04-11 09:00:00,49.96
2025-04-11 10:00:00,25.33
2025-04-11 11:00:00,0.59
2025-04-11 12:00:00,0.35
2025-04-11 13:00:00,0.12
2025-04-11 14:00:00,7.63
2025-04-11 15:00:00,14.93
2025-04-11 16:00:00,22.11
2025-04-11 17:00:00,29.01
2025-04-11 18:00:00,36.74
2025-04-11 19:00:00,65.14
2025-04-11 20:00:00,59.4
2025-04-11 21:00:00,35.05
2025-04-11 22:00:00,44.56
2025-04-11 23:00:00,81.04
2025-04-12 00:00:00,95.91
2025-04-12 01:00:00,50.89
2025-04-12 02:00:00,36.26
2025-04-12 03:00:00,14.1
2025-04-12 04:00:00,12.86
2025-04-12 05:00:00,34.27
2025-04-12 06:00:00,56.35
2025-04-12 07:00:00,78.69
2025-04-12 08:00:00,98.94
2025-04-12 09:00:00,91.75
2025-04-12 10:00:00,13.01
2025-04-12 11:00:00,18.72
2025-04-12 12:00:00,8.67
2025-04-12 13:00:00,8.49
2025-04-12 14:00:00,1.23
2025-04-12 15:00:00,6.18
2025-04-12 16:00:00,13.64
2025-04-12 17:00:00,18.01
2025-04-12 18:00:00,26.1
2025-04-12 19:00:00,32.36
2025-04-12 20:00:00,38.63
2025-04-12 21:00:00,44.42
2025-04-12 22:00:00,69.86
2025-04-12 23:00:00,65.13
2025-04-13 00:00:00,70.87
2025-04-13 01:00:00,80.64
2025-04-13 02:00:00,100.0
2025-04-13 03:00:00,100.0
2025-04-13 04:00:00,100.0
2025-04-13 05:00:00,75.92
2025-04-13 06:00:00,38.42
2025-04-13 07:00:00,26.39
2025-04-13 08:00:00,10.91
2025-04-13 09:00:00,1.14
2025-04-13 10:00:00,0.84
2025-04-13 11:00:00,0.55
2025-04-13 12:00:00,0.25
2025-04-13 13:00:00,1.83
2025-04-13 14:00:00,3.4
2025-04-13 15:00:00,4.98
2025-04-13 16:00:00,3.91
2025-04-13 17:00:00,7.31
2025-04-13 18:00:00,9.41
2025-04-13 19:00:00,7.78
2025-04-13 20:00:00,6.28
2025-04-13 21:00:00,4.6
2025-04-13 22:00:00,2.29
2025-04-13 23:00:00,0.57
2025-04-14 00:00:00,0.29
2025-04-14 01:00:00,0.0
2025-04-14 02:00:00,0.29
2025-04-14 03:00:00,0.57
2025-04-14 04:00:00,0.57
2025-04-14 05:00:00,0.5
2025-04-14 06:00:00,0.43
2025-04-14 07:00:00,0.36
2025-04-14 08:00:00,0.29
2025-04-14 09:00:00,0.22
2025-04-14 10:00:00,0.15
2025-04-14 11:00:00,0.08
2025-04-14 12:00:00,0.01
2025-04-14 13:00:00,0.29
2025-04-14 14:00:00,0.57
2025-04-14 15:00:00,0.57
2025-04-14 16:00:00,0.57
2025-04-14 17:00:00,0.57
2025-04-14 18:00:00,0.57
2025-04-14 19:00:00,0.57
2025-04-14 20:00:00,0.57
2025-04-14 21:00:00,0.46
2025-04-14 22:00:00,0.34
2025-04-14 23:00:00,0.23
2025-04-15 00:00:00,0.11
2025-04-15 01:00:00,0.0
2025-04-15 02:00:00,0.38
2025-04-15 03:00:00,0.76
2025-04-15 04:00:00,1.14
2025-04-15 05:00:00,1.86
2025-04-15 06:00:00,2.57
2025-04-15 07:00:00,3.29
2025-04-15 08:00:00,4.0
2025-04-15 09:00:00,3.53
2025-04-15 10:00:00,3.06
2025-04-15 11:00:00,2.59
2025-04-15 12:00:00,2.12
2025-04-15 13:00:00,3.38
2025-04-15 14:00:00,4.65
2025-04-15 15:00:00,6.27
2025-04-15 16:00:00,7.23
2025-04-15 17:00:00,7.69
2025-04-15 18:00:00,9.64
2025-04-15 19:00:00,17.1
2025-04-15 20:00:00,25.14
2025-04-15 21:00:00,12.51
2025-04-15 22:00:00,3.43
2025-04-15 23:00:00,2.86
2025-04-16 00:00:00,0.0
2025-04-16 01:00:00,0.29
2025-04-16 02:00:00,0.57
2025-04-16 03:00:00,0.86
2025-04-16 04:00:00,1.14
2025-04-16 05:00:00,1.0
2025-04-16 06:00:00,0.85
2025-04-16 07:00:00,0.71
2025-04-16 08:00:00,0.56
2025-04-16 09:00:00,0.41
2025-04-16 10:00:00,0.27
2025-04-16 11:00:00,0.12
2025-04-16 12:00:00,0.26
2025-04-16 13:00:00,0.4
2025-04-16 14:00:00,0.42
2025-04-16 15:00:00,0.45
2025-04-16 16:00:00,0.47
2025-04-16 17:00:00,0.5
2025-04-16 18:00:00,0.52
2025-04-16 19:00:00,0.55
2025-04-16 20:00:00,0.57
2025-04-16 21:00:00,1.14
2025-04-16 22:00:00,0.91
2025-04-16 23:00:00,0.69
2025-04-17 00:00:00,0.46
2025-04-17 01:00:00,0.23
2025-04-17 02:00:00,0.0
2025-04-17 03:00:00,2.86
2025-04-17 04:00:00,6.27
2025-04-17 05:00:00,19.01
2025-04-17 06:00:00,32.4
2025-04-17 07:00:00,46.32
2025-04-17 08:00:00,59.38
2025-04-17 09:00:00,95.98
2025-04-17 10:00:00,67.11
2025-04-17 11:00:00,37.95
2025-04-17 12:00:00,9.4
2025-04-17 13:00:00,12.63
2025-04-17 14:00:00,8.46
2025-04-17 15:00:00,10.2
2025-04-17 16:00:00,1.88
2025-04-17 17:00:00,4.64
2025-04-17 18:00:00,5.13
2025-04-17 19:00:00,3.44
2025-04-17 20:00:00,1.71
2025-04-17 21:00:00,1.71
2025-04-17 22:00:00,1.29
2025-04-17 23:00:00,0.86
2025-04-18 00:00:00,0.43
2025-04-18 01:00:00,0.0
2025-04-18 02:00:00,6.57
2025-04-18 03:00:00,13.13
2025-04-18 04:00:00,29.83
2025-04-18 05:00:00,46.45
2025-04-18 06:00:00,62.09
2025-04-18 07:00:00,79.83
2025-04-18 08:00:00,96.16
2025-04-18 09:00:00,79.26
2025-04-18 10:00:00,52.65
2025-04-18 11:00:00,26.4
2025-04-18 12:00:00,0.0
2025-04-18 13:00:00,0.14
2025-04-18 14:00:00,0.29
2025-04-18 15:00:00,0.43
2025-04-18 16:00:00,0.57
2025-04-18 17:00:00,0.72
2025-04-18 18:00:00,0.86
2025-04-18 19:00:00,1.0
2025-04-18 20:00:00,1.14
2025-04-18 21:00:00,1.29
2025-04-18 22:00:00,1.43
2025-04-18 23:00:00,1.57
2025-04-19 00:00:00,1.71
2025-04-19 01:00:00,25.83
2025-04-19 02:00:00,71.57
2025-04-19 03:00:00,24.69
2025-04-19 04:00:00,1.14
2025-04-19 05:00:00,14.19
2025-04-19 06:00:00,26.57
2025-04-19 07:00:00,41.34
2025-04-19 08:00:00,64.34
2025-04-19 09:00:00,79.62
2025-04-19 10:00:00,53.12
2025-04-19 11:00:00,26.79
2025-04-19 12:00:00,0.3
2025-04-19 13:00:00,0.41
2025-04-19 14:00:00,0.51
2025-04-19 15:00:00,0.62
2025-04-19 16:00:00,0.72
2025-04-19 17:00:00,0.83
2025-04-19 18:00:00,0.93
2025-04-19 19:00:00,1.04
2025-04-19 20:00:00,1.14
2025-04-19 21:00:00,1.14
2025-04-19 22:00:00,0.86
2025-04-19 23:00:00,0.57
2025-04-20 00:00:00,0.29
2025-04-20 01:00:00,0.0
2025-04-20 02:00:00,0.19
2025-04-20 03:00:00,0.38
2025-04-20 04:00:00,0.57
2025-04-20 05:00:00,6.43
2025-04-20 06:00:00,13.68
2025-04-20 07:00:00,22.1
2025-04-20 08:00:00,36.71
2025-04-20 09:00:00,26.64
2025-04-20 10:00:00,17.84
2025-04-20 11:00:00,9.17
2025-04-20 12:00:00,0.19
2025-04-20 13:00:00,0.5
2025-04-20 14:00:00,0.81
2025-04-20 15:00:00,1.12
2025-04-20 16:00:00,1.37
2025-04-20 17:00:00,1.62
2025-04-20 18:00:00,1.87
2025-04-20 19:00:00,2.11
2025-04-20 20:00:00,2.36
2025-04-20 21:00:00,2.61
2025-04-20 22:00:00,2.86
2025-04-20 23:00:00,1.14
2025-04-21 00:00:00,0.0
2025-04-21 01:00:00,0.76
2025-04-21 02:00:00,1.52
2025-04-21 03:00:00,2.29
2025-04-21 04:00:00,0.57
2025-04-21 05:00:00,17.25
2025-04-21 06:00:00,31.74
2025-04-21 07:00:00,50.64
2025-04-21 08:00:00,93.92
2025-04-21 09:00:00,87.37
2025-04-21 10:00:00,46.79
2025-04-21 11:00:00,6.84
2025-04-21 12:00:00,42.65
2025-04-21 13:00:00,14.08
2025-04-21 14:00:00,6.81
2025-04-21 15:00:00,1.47
2025-04-21 16:00:00,1.17
2025-04-21 17:00:00,0.87
2025-04-21 18:00:00,0.57
2025-04-21 19:00:00,0.52
2025-04-21 20:00:00,0.46
2025-04-21 21:00:00,0.41
2025-04-21 22:00:00,0.36
2025-04-21 23:00:00,0.3
2025-04-22 00:00:00,0.25
2025-04-22 01:00:00,0.13
2025-04-22 02:00:00,0.01
2025-04-22 03:00:00,2.58
2025-04-22 04:00:00,5.15
2025-04-22 05:00:00,18.34
2025-04-22 06:00:00,29.14
2025-04-22 07:00:00,44.32
2025-04-22 08:00:00,37.51
2025-04-22 09:00:00,30.05
2025-04-22 10:00:00,22.55
2025-04-22 11:00:00,15.04
2025-04-22 12:00:00,7.54
2025-04-22 13:00:00,0.0
2025-04-22 14:00:00,0.05
2025-04-22 15:00:00,0.1
2025-04-22 16:00:00,0.16
2025-04-22 17:00:00,0.21
2025-04-22 18:00:00,0.26
2025-04-22 19:00:00,0.31
2025-04-22 20:00:00,0.36
2025-04-22 21:00:00,0.42
2025-04-22 22:00:00,0.47
2025-04-22 23:00:00,0.52
2025-04-23 00:00:00,0.57
2025-04-23 01:00:00,0.0
2025-04-23 02:00:00,0.57
2025-04-23 03:00:00,0.57
2025-04-23 04:00:00,0.72
2025-04-23 05:00:00,0.87
2025-04-23 06:00:00,1.01
2025-04-23 07:00:00,1.16
2025-04-23 08:00:00,0.97
2025-04-23 09:00:00,0.78
2025-04-23 10:00:00,0.58
2025-04-23 11:00:00,0.39
2025-04-23 12:00:00,0.19
2025-04-23 13:00:00,0.0
2025-04-23 14:00:00,0.0
2025-04-23 15:00:00,0.0
2025-04-23 16:00:00,0.0
2025-04-23 17:00:00,0.0
2025-04-23 18:00:00,0.0
2025-04-23 19:00:00,0.0
2025-04-23 20:00:00,0.0
2025-04-23 21:00:00,0.0
2025-04-23 22:00:00,0.0
2025-04-23 23:00:00,0.0
2025-04-24 00:00:00,0.0
2025-04-24 01:00:00,0.0
2025-04-24 02:00:00,0.29
2025-04-24 03:00:00,0.57
2025-04-24 04:00:00,0.51
2025-04-24 05:00:00,0.44
2025-04-24 06:00:00,0.38
2025-04-24 07:00:00,0.32
2025-04-24 08:00:00,0.25
2025-04-24 09:00:00,0.19
2025-04-24 10:00:00,0.13
2025-04-24 11:00:00,0.06
2025-04-24 12:00:00,0.0
2025-04-24 13:00:00,0.0
2025-04-24 14:00:00,0.0
2025-04-24 15:00:00,0.0
2025-04-24 16:00:00,0.0
2025-04-24 17:00:00,0.0
2025-04-24 18:00:00,0.0
2025-04-24 19:00:00,0.0
2025-04-24 20:00:00,0.0
2025-04-24 21:00:00,0.0
2025-04-24 22:00:00,0.0
2025-04-24 23:00:00,0.0
2025-04-25 00:00:00,0.0
2025-04-25 01:00:00,0.0
2025-04-25 02:00:00,14.33
2025-04-25 03:00:00,28.66
2025-04-25 04:00:00,42.98
2025-04-25 05:00:00,56.25
2025-04-25 06:00:00,69.52
2025-04-25 07:00:00,85.32
2025-04-25 08:00:00,66.03
2025-04-25 09:00:00,49.52
2025-04-25 10:00:00,33.04
2025-04-25 11:00:00,16.57
2025-04-25 12:00:00,0.0
2025-04-25 13:00:00,1.39
2025-04-25 14:00:00,2.78
2025-04-25 15:00:00,4.16
2025-04-25 16:00:00,5.57
2025-04-25 17:00:00,7.01
2025-04-25 18:00:00,8.33
2025-04-25 19:00:00,9.72
2025-04-25 20:00:00,4.57
2025-04-25 21:00:00,4.57
2025-04-25 22:00:00,2.86
2025-04-25 23:00:00,3.43
2025-04-26 00:00:00,2.13
2025-04-26 01:00:00,19.47
2025-04-26 02:00:00,10.35
2025-04-26 03:00:00,9.79
2025-04-26 04:00:00,15.1
2025-04-26 05:00:00,42.25
2025-04-26 06:00:00,69.39
2025-04-26 07:00:00,96.83
2025-04-26 08:00:00,91.22
2025-04-26 09:00:00,83.33
2025-04-26 10:00:00,13.9
2025-04-26 11:00:00,23.94
2025-04-26 12:00:00,30.41
2025-04-26 13:00:00,2.3
2025-04-26 14:00:00,1.71
2025-04-26 15:00:00,6.14
2025-04-26 16:00:00,25.07
2025-04-26 17:00:00,41.32
2025-04-26 18:00:00,61.32
2025-04-26 19:00:00,87.94
2025-04-26 20:00:00,83.64
2025-04-26 21:00:00,81.44
2025-04-26 22:00:00,97.76
2025-04-26 23:00:00,97.01
2025-04-27 00:00:00,78.19
2025-04-27 01:00:00,97.96
2025-04-27 02:00:00,97.59
2025-04-27 03:00:00,99.43
2025-04-27 04:00:00,99.59
2025-04-27 05:00:00,99.62
2025-04-27 06:00:00,99.24
2025-04-27 07:00:00,99.57
2025-04-27 08:00:00,98.45
2025-04-27 09:00:00,97.51
2025-04-27 10:00:00,94.49
2025-04-27 11:00:00,96.19
2025-04-27 12:00:00,97.41
2025-04-27 13:00:00,78.04
2025-04-27 14:00:00,47.44
2025-04-27 15:00:00,16.48
2025-04-27 16:00:00,26.71
2025-04-27 17:00:00,36.27
2025-04-27 18:00:00,48.06
2025-04-27 19:00:00,7.26
2025-04-27 20:00:00,4.0
2025-04-27 21:00:00,28.09
2025-04-27 22:00:00,50.64
2025-04-27 23:00:00,16.79
2025-04-28 00:00:00,17.79
2025-04-28 01:00:00,15.96
2025-04-28 02:00:00,9.65
2025-04-28 03:00:00,3.45
2025-04-28 04:00:00,12.86
2025-04-28 05:00:00,41.11
2025-04-28 06:00:00,68.73
2025-04-28 07:00:00,96.62
2025-04-28 08:00:00,99.66
2025-04-28 09:00:00,75.57
2025-04-28 10:00:00,56.74
2025-04-28 11:00:00,38.11
2025-04-28 12:00:00,19.49
2025-04-28 13:00:00,0.85
2025-04-28 14:00:00,0.9
2025-04-28 15:00:00,0.95
2025-04-28 16:00:00,1.0
2025-04-28 17:00:00,1.05
2025-04-28 18:00:00,1.09
2025-04-28 19:00:00,1.14
2025-04-28 20:00:00,2.29
2025-04-28 21:00:00,0.57
2025-04-28 22:00:00,6.27
2025-04-28 23:00:00,11.92
2025-04-29 00:00:00,31.39
2025-04-29 01:00:00,3.2
2025-04-29 02:00:00,30.97
2025-04-29 03:00:00,31.16
2025-04-29 04:00:00,44.17
2025-04-29 05:00:00,61.09
2025-04-29 06:00:00,77.83
2025-04-29 07:00:00,93.58
2025-04-29 08:00:00,99.05
2025-04-29 09:00:00,87.79
2025-04-29 10:00:00,4.02
2025-04-29 11:00:00,0.57
2025-04-29 12:00:00,2.81
2025-04-29 13:00:00,0.57
2025-04-29 14:00:00,0.57
2025-04-29 15:00:00,0.55
2025-04-29 16:00:00,0.53
2025-04-29 17:00:00,0.5
2025-04-29 18:00:00,0.48
2025-04-29 19:00:00,0.46
2025-04-29 20:00:00,0.43
2025-04-29 21:00:00,0.41
2025-04-29 22:00:00,0.39
2025-04-29 23:00:00,0.37
2025-04-30 00:00:00,-999.0
2025-04-30 01:00:00,-999.0
2025-04-30 02:00:00,-999.0
2025-04-30 03:00:00,-999.0
2025-04-30 04:00:00,-999.0
2025-04-30 05:00:00,-999.0
2025-04-30 06:00:00,-999.0
2025-04-30 07:00:00,-999.0
2025-04-30 08:00:00,-999.0
2025-04-30 09:00:00,-999.0
2025-04-30 10:00:00,-999.0
2025-04-30 11:00:00,-999.0
2025-04-30 12:00:00,-999.0
2025-04-30 13:00:00,-999.0
2025-04-30 14:00:00,-999.0
2025-04-30 15:00:00,-999.0
2025-04-30 16:00:00,-999.0
2025-04-30 17:00:00,-999.0
2025-04-30 18:00:00,-999.0
2025-04-30 19:00:00,-999.0
2025-04-30 20:00:00,-999.0
2025-04-30 21:00:00,-999.0
2025-04-30 22:00:00,-999.0
2025-04-30 23:00:00,-999.0
2025-05-01 00:00:00,-999.0
2025-05-01 01:00:00,-999.0
2025-05-01 02:00:00,-999.0
2025-05-01 03:00:00,-999.0
2025-05-01 04:00:00,-999.0
2025-05-01 05:00:00,-999.0
2025-05-01 06:00:00,-999.0
2025-05-01 07:00:00,-999.0
2025-05-01 08:00:00,-999.0
2025-05-01 09:00:00,-999.0
2025-05-01 10:00:00,-999.0
2025-05-01 11:00:00,-999.0
2025-05-01 12:00:00,-999.0
2025-05-01 13:00:00,-999.0
2025-05-01 14:00:00,-999.0
2025-05-01 15:00:00,-999.0
2025-05-01 16:00:00,-999.0
2025-05-01 17:00:00,-999.0
2025-05-01 18:00:00,-999.0
2025-05-01 19:00:00,-999.0
2025-05-01 20:00:00,-999.0
2025-05-01 21:00:00,-999.0
2025-05-01 22:00:00,-999.0
2025-05-01 23:00:00,-999.0
2025-05-02 00:00:00,-999.0
2025-05-02 01:00:00,-999.0
2025-05-02 02:00:00,-999.0
2025-05-02 03:00:00,-999.0
2025-05-02 04:00:00,-999.0
2025-05-02 05:00:00,-999.0
2025-05-02 06:00:00,-999.0
2025-05-02 07:00:00,-999.0
2025-05-02 08:00:00,-999.0
2025-05-02 09:00:00,-999.0
2025-05-02 10:00:00,-999.0
2025-05-02 11:00:00,-999.0
2025-05-02 12:00:00,-999.0
2025-05-02 13:00:00,-999.0
2025-05-02 14:00:00,-999.0
2025-05-02 15:00:00,-999.0
2025-05-02 16:00:00,-999.0
2025-05-02 17:00:00,-999.0
2025-05-02 18:00:00,-999.0
2025-05-02 19:00:00,-999.0
2025-05-02 20:00:00,-999.0
2025-05-02 21:00:00,-999.0
2025-05-02 22:00:00,-999.0
2025-05-02 23:00:00,-999.0
2025-05-03 00:00:00,-999.0
2025-05-03 01:00:00,-999.0
2025-05-03 02:00:00,-999.0
2025-05-03 03:00:00,-999.0
2025-05-03 04:00:00,-999.0
2025-05-03 05:00:00,-999.0
2025-05-03 06:00:00,-999.0
2025-05-03 07:00:00,-999.0
2025-05-03 08:00:00,-999.0
2025-05-03 09:00:00,-999.0
2025-05-03 10:00:00,-999.0
2025-05-03 11:00:00,-999.0
2025-05-03 12:00:00,-999.0
2025-05-03 13:00:00,-999.0
2025-05-03 14:00:00,-999.0
2025-05-03 15:00:00,-999.0
2025-05-03 16:00:00,-999.0
2025-05-03 17:00:00,-999.0
2025-05-03 18:00:00,-999.0
2025-05-03 19:00:00,-999.0
2025-05-03 20:00:00,-999.0
2025-05-03 21:00:00,-999.0
2025-05-03 22:00:00,-999.0
2025-05-03 23:00:00,-999.0
2025-05-04 00:00:00,-999.0
2025-05-04 01:00:00,-999.0
2025-05-04 02:00:00,-999.0
2025-05-04 03:00:00,-999.0
2025-05-04 04:00:00,-999.0
2025-05-04 05:00:00,-999.0
2025-05-04 06:00:00,-999.0
2025-05-04 07:00:00,-999.0
2025-05-04 08:00:00,-999.0
2025-05-04 09:00:00,-999.0
2025-05-04 10:00:00,-999.0
2025-05-04 11:00:00,-999.0
2025-05-04 12:00:00,-999.0
2025-05-04 13:00:00,-999.0
2025-05-04 14:00:00,-999.0
2025-05-04 15:00:00,-999.0
2025-05-04 16:00:00,-999.0
2025-05-04 17:00:00,-999.0
2025-05-04 18:00:00,-999.0
2025-05-04 19:00:00,-999.0
2025-05-04 20:00:00,-999.0
2025-05-04 21:00:00,-999.0
2025-05-04 22:00:00,-999.0
2025-05-04 23:00:00,-999.0
2025-05-05 00:00:00,-999.0
2025-05-05 01:00:00,-999.0
2025-05-05 02:00:00,-999.0
2025-05-05 03:00:00,-999.0
2025-05-05 04:00:00,-999.0
2025-05-05 05:00:00,-999.0
2025-05-05 06:00:00,-999.0
2025-05-05 07:00:00,-999.0
2025-05-05 08:00:00,-999.0
2025-05-05 09:00:00,-999.0
2025-05-05 10:00:00,-999.0
2025-05-05 11:00:00,-999.0
2025-05-05 12:00:00,-999.0
2025-05-05 13:00:00,-999.0
2025-05-05 14:00:00,-999.0
2025-05-05 15:00:00,-999.0
2025-05-05 16:00:00,-999.0
2025-05-05 17:00:00,-999.0
2025-05-05 18:00:00,-999.0
2025-05-05 19:00:00,-999.0
2025-05-05 20:00:00,-999.0
2025-05-05 21:00:00,-999.0
2025-05-05 22:00:00,-999.0
2025-05-05 23:00:00,-999.0
2025-05-06 00:00:00,-999.0
2025-05-06 01:00:00,-999.0
2025-05-06 02:00:00,-999.0
2025-05-06 03:00:00,-999.0
2025-05-06 04:00:00,-999.0
2025-05-06 05:00:00,-999.0
2025-05-06 06:00:00,-999.0
2025-05-06 07:00:00,-999.0
2025-05-06 08:00:00,-999.0
2025-05-06 09:00:00,-999.0
2025-05-06 10:00:00,-999.0
2025-05-06 11:00:00,-999.0
2025-05-06 12:00:00,-999.0
2025-05-06 13:00:00,-999.0
2025-05-06 14:00:00,-999.0
2025-05-06 15:00:00,-999.0
2025-05-06 16:00:00,-999.0
2025-05-06 17:00:00,-999.0
2025-05-06 18:00:00,-999.0
2025-05-06 19:00:00,-999.0
2025-05-06 20:00:00,-999.0
2025-05-06 21:00:00,-999.0
2025-05-06 22:00:00,-999.0
2025-05-06 23:00:00,-999.0
2025-05-07 00:00:00,-999.0
2025-05-07 01:00:00,-999.0
2025-05-07 02:00:00,-999.0
2025-05-07 03:00:00,-999.0
2025-05-07 04:00:00,-999.0
2025-05-07 05:00:00,-999.0
2025-05-07 06:00:00,-999.0
2025-05-07 07:00:00,-999.0
2025-05-07 08:00:00,-999.0
2025-05-07 09:00:00,-999.0
2025-05-07 10:00:00,-999.0
2025-05-07 11:00:00,-999.0
2025-05-07 12:00:00,-999.0
2025-05-07 13:00:00,-999.0
2025-05-07 14:00:00,-999.0
2025-05-07 15:00:00,-999.0
2025-05-07 16:00:00,-999.0
2025-05-07 17:00:00,-999.0
2025-05-07 18:00:00,-999.0
2025-05-07 19:00:00,-999.0
2025-05-07 20:00:00,-999.0
2025-05-07 21:00:00,-999.0
2025-05-07 22:00:00,-999.0
2025-05-07 23:00:00,-999.0
2025-05-08 00:00:00,-999.0
2025-05-08 01:00:00,-999.0
2025-05-08 02:00:00,-999.0
2025-05-08 03:00:00,-999.0
2025-05-08 04:00:00,-999.0
2025-05-08 05:00:00,-999.0
2025-05-08 06:00:00,-999.0
2025-05-08 07:00:00,-999.0
2025-05-08 08:00:00,-999.0
2025-05-08 09:00:00,-999.0
2025-05-08 10:00:00,-999.0
2025-05-08 11:00:00,-999.0
2025-05-08 12:00:00,-999.0
2025-05-08 13:00:00,-999.0
2025-05-08 14:00:00,-999.0
2025-05-08 15:00:00,-999.0
2025-05-08 16:00:00,-999.0
2025-05-08 17:00:00,-999.0
2025-05-08 18:00:00,-999.0
2025-05-08 19:00:00,-999.0
2025-05-08 20:00:00,-999.0
2025-05-08 21:00:00,-999.0
2025-05-08 22:00:00,-999.0
2025-05-08 23:00:00,-999.0
2025-05-09 00:00:00,-999.0
2025-05-09 01:00:00,-999.0
2025-05-09 02:00:00,-999.0
2025-05-09 03:00:00,-999.0
2025-05-09 04:00:00,-999.0
2025-05-09 05:00:00,-999.0
2025-05-09 06:00:00,-999.0
2025-05-09 07:00:00,-999.0
2025-05-09 08:00:00,-999.0
2025-05-09 09:00:00,-999.0
2025-05-09 10:00:00,-999.0
2025-05-09 11:00:00,-999.0
2025-05-09 12:00:00,-999.0
2025-05-09 13:00:00,-999.0
2025-05-09 14:00:00,-999.0
2025-05-09 15:00:00,-999.0
2025-05-09 16:00:00,-999.0
2025-05-09 17:00:00,-999.0
2025-05-09 18:00:00,-999.0
2025-05-09 19:00:00,-999.0
2025-05-09 20:00:00,-999.0
2025-05-09 21:00:00,-999.0
2025-05-09 22:00:00,-999.0
2025-05-09 23:00:00,-999.0
2025-05-10 00:00:00,-999.0
2025-05-10 01:00:00,-999.0
2025-05-10 02:00:00,-999.0
2025-05-10 03:00:00,-999.0
2025-05-10 04:00:00,-999.0
2025-05-10 05:00:00,-999.0
2025-05-10 06:00:00,-999.0
2025-05-10 07:00:00,-999.0
2025-05-10 08:00:00,-999.0
2025-05-10 09:00:00,-999.0
2025-05-10 10:00:00,-999.0
2025-05-10 11:00:00,-999.0
2025-05-10 12:00:00,-999.0
2025-05-10 13:00:00,-999.0
2025-05-10 14:00:00,-999.0
2025-05-10 15:00:00,-999.0
2025-05-10 16:00:00,-999.0
2025-05-10 17:00:00,-999.0
2025-05-10 18:00:00,-999.0
2025-05-10 19:00:00,-999.0
2025-05-10 20:00:00,-999.0
2025-05-10 21:00:00,-999.0
2025-05-10 22:00:00,-999.0
2025-05-10 23:00:00,-999.0
2025-05-11 00:00:00,-999.0
2025-05-11 01:00:00,-999.0
2025-05-11 02:00:00,-999.0
2025-05-11 03:00:00,-999.0
2025-05-11 04:00:00,-999.0
2025-05-11 05:00:00,-999.0
2025-05-11 06:00:00,-999.0
2025-05-11 07:00:00,-999.0
2025-05-11 08:00:00,-999.0
2025-05-11 09:00:00,-999.0
2025-05-11 10:00:00,-999.0
2025-05-11 11:00:00,-999.0
2025-05-11 12:00:00,-999.0
2025-05-11 13:00:00,-999.0
2025-05-11 14:00:00,-999.0
2025-05-11 15:00:00,-999.0
2025-05-11 16:00:00,-999.0
2025-05-11 17:00:00,-999.0
2025-05-11 18:00:00,-999.0
2025-05-11 19:00:00,-999.0
2025-05-11 20:00:00,-999.0
2025-05-11 21:00:00,-999.0
2025-05-11 22:00:00,-999.0
2025-05-11 23:00:00,-999.0
2025-05-12 00:00:00,-999.0
2025-05-12 01:00:00,-999.0
2025-05-12 02:00:00,-999.0
2025-05-12 03:00:00,-999.0
2025-05-12 04:00:00,-999.0
2025-05-12 05:00:00,-999.0
2025-05-12 06:00:00,-999.0
2025-05-12 07:00:00,-999.0
2025-05-12 08:00:00,-999.0
2025-05-12 09:00:00,-999.0
2025-05-12 10:00:00,-999.0
2025-05-12 11:00:00,-999.0
2025-05-12 12:00:00,-999.0
2025-05-12 13:00:00,-999.0
2025-05-12 14:00:00,-999.0
2025-05-12 15:00:00,-999.0
2025-05-12 16:00:00,-999.0
2025-05-12 17:00:00,-999.0
2025-05-12 18:00:00,-999.0
2025-05-12 19:00:00,-999.0
2025-05-12 20:00:00,-999.0
2025-05-12 21:00:00,-999.0
2025-05-12 22:00:00,-999.0
2025-05-12 23:00:00,-999.0
2025-05-13 00:00:00,-999.0
2025-05-13 01:00:00,-999.0
2025-05-13 02:00:00,-999.0
2025-05-13 03:00:00,-999.0
2025-05-13 04:00:00,-999.0
2025-05-13 05:00:00,-999.0
2025-05-13 06:00:00,-999.0
2025-05-13 07:00:00,-999.0
2025-05-13 08:00:00,-999.0
2025-05-13 09:00:00,-999.0
2025-05-13 10:00:00,-999.0
2025-05-13 11:00:00,-999.0
2025-05-13 12:00:00,-999.0
2025-05-13 13:00:00,-999.0
2025-05-13 14:00:00,-999.0
2025-05-13 15:00:00,-999.0
2025-05-13 16:00:00,-999.0
2025-05-13 17:00:00,-999.0
2025-05-13 18:00:00,-999.0
2025-05-13 19:00:00,-999.0
2025-05-13 20:00:00,-999.0
2025-05-13 21:00:00,-999.0
2025-05-13 22:00:00,-999.0
2025-05-13 23:00:00,-999.0
2025-05-14 00:00:00,-999.0
2025-05-14 01:00:00,-999.0
2025-05-14 02:00:00,-999.0
2025-05-14 03:00:00,-999.0
2025-05-14 04:00:00,-999.0
2025-05-14 05:00:00,-999.0
2025-05-14 06:00:00,-999.0
2025-05-14 07:00:00,-999.0
2025-05-14 08:00:00,-999.0
2025-05-14 09:00:00,-999.0
2025-05-14 10:00:00,-999.0
2025-05-14 11:00:00,-999.0
2025-05-14 12:00:00,-999.0
2025-05-14 13:00:00,-999.0
2025-05-14 14:00:00,-999.0
2025-05-14 15:00:00,-999.0
2025-05-14 16:00:00,-999.0
2025-05-14 17:00:00,-999.0
2025-05-14 18:00:00,-999.0
2025-05-14 19:00:00,-999.0
2025-05-14 20:00:00,-999.0
2025-05-14 21:00:00,-999.0
2025-05-14 22:00:00,-999.0
2025-05-14 23:00:00,-999.0
2025-05-15 00:00:00,-999.0
2025-05-15 01:00:00,-999.0
2025-05-15 02:00:00,-999.0
2025-05-15 03:00:00,-999.0
2025-05-15 04:00:00,-999.0
2025-05-15 05:00:00,-999.0
2025-05-15 06:00:00,-999.0
2025-05-15 07:00:00,-999.0
2025-05-15 08:00:00,-999.0
2025-05-15 09:00:00,-999.0
2025-05-15 10:00:00,-999.0
2025-05-15 11:00:00,-999.0
2025-05-15 12:00:00,-999.0
2025-05-15 13:00:00,-999.0
2025-05-15 14:00:00,-999.0
2025-05-15 15:00:00,-999.0
2025-05-15 16:00:00,-999.0
2025-05-15 17:00:00,-999.0
2025-05-15 18:00:00,-999.0
2025-05-15 19:00:00,-999.0
2025-05-15 20:00:00,-999.0
2025-05-15 21:00:00,-999.0
2025-05-15 22:00:00,-999.0
2025-05-15 23:00:00,-999.0
2025-05-16 00:00:00,-999.0
2025-05-16 01:00:00,-999.0
2025-05-16 02:00:00,-999.0
2025-05-16 03:00:00,-999.0
2025-05-16 04:00:00,-999.0
2025-05-16 05:00:00,-999.0
2025-05-16 06:00:00,-999.0
2025-05-16 07:00:00,-999.0
2025-05-16 08:00:00,-999.0
2025-05-16 09:00:00,-999.0
2025-05-16 10:00:00,-999.0
2025-05-16 11:00:00,-999.0
2025-05-16 12:00:00,-999.0
2025-05-16 13:00:00,-999.0
2025-05-16 14:00:00,-999.0
2025-05-16 15:00:00,-999.0
2025-05-16 16:00:00,-999.0
2025-05-16 17:00:00,-999.0
2025-05-16 18:00:00,-999.0
2025-05-16 19:00:00,-999.0
2025-05-16 20:00:00,-999.0
2025-05-16 21:00:00,-999.0
2025-05-16 22:00:00,-999.0
2025-05-16 23:00:00,-999.0
2025-05-17 00:00:00,-999.0
2025-05-17 01:00:00,-999.0
2025-05-17 02:00:00,-999.0
2025-05-17 03:00:00,-999.0
2025-05-17 04:00:00,-999.0
2025-05-17 05:00:00,-999.0
2025-05-17 06:00:00,-999.0
2025-05-17 07:00:00,-999.0
2025-05-17 08:00:00,-999.0
2025-05-17 09:00:00,-999.0
2025-05-17 10:00:00,-999.0
2025-05-17 11:00:00,-999.0
2025-05-17 12:00:00,-999.0
2025-05-17 13:00:00,-999.0
2025-05-17 14:00:00,-999.0
2025-05-17 15:00:00,-999.0
2025-05-17 16:00:00,-999.0
2025-05-17 17:00:00,-999.0
2025-05-17 18:00:00,-999.0
2025-05-17 19:00:00,-999.0
2025-05-17 20:00:00,-999.0
2025-05-17 21:00:00,-999.0
2025-05-17 22:00:00,-999.0
2025-05-17 23:00:00,-999.0
2025-05-18 00:00:00,-999.0
2025-05-18 01:00:00,-999.0
2025-05-18 02:00:00,-999.0
2025-05-18 03:00:00,-999.0
2025-05-18 04:00:00,-999.0
2025-05-18 05:00:00,-999.0
2025-05-18 06:00:00,-999.0
2025-05-18 07:00:00,-999.0
2025-05-18 08:00:00,-999.0
2025-05-18 09:00:00,-999.0
2025-05-18 10:00:00,-999.0
2025-05-18 11:00:00,-999.0
2025-05-18 12:00:00,-999.0
2025-05-18 13:00:00,-999.0
2025-05-18 14:00:00,-999.0
2025-05-18 15:00:00,-999.0
2025-05-18 16:00:00,-999.0
2025-05-18 17:00:00,-999.0
2025-05-18 18:00:00,-999.0
2025-05-18 19:00:00,-999.0
2025-05-18 20:00:00,-999.0
2025-05-18 21:00:00,-999.0
2025-05-18 22:00:00,-999.0
2025-05-18 23:00:00,-999.0
2025-05-19 00:00:00,-999.0
2025-05-19 01:00:00,-999.0
2025-05-19 02:00:00,-999.0
2025-05-19 03:00:00,-999.0
2025-05-19 04:00:00,-999.0
2025-05-19 05:00:00,-999.0
2025-05-19 06:00:00,-999.0
2025-05-19 07:00:00,-999.0
2025-05-19 08:00:00,-999.0
2025-05-19 09:00:00,-999.0
2025-05-19 10:00:00,-999.0
2025-05-19 11:00:00,-999.0
2025-05-19 12:00:00,-999.0
2025-05-19 13:00:00,-999.0
2025-05-19 14:00:00,-999.0
2025-05-19 15:00:00,-999.0
2025-05-19 16:00:00,-999.0
2025-05-19 17:00:00,-999.0
2025-05-19 18:00:00,-999.0
2025-05-19 19:00:00,-999.0
2025-05-19 20:00:00,-999.0
2025-05-19 21:00:00,-999.0
2025-05-19 22:00:00,-999.0
2025-05-19 23:00:00,-999.0
2025-05-20 00:00:00,-999.0
2025-05-20 01:00:00,-999.0
2025-05-20 02:00:00,-999.0
2025-05-20 03:00:00,-999.0
2025-05-20 04:00:00,-999.0
2025-05-20 05:00:00,-999.0
2025-05-20 06:00:00,-999.0
2025-05-20 07:00:00,-999.0
2025-05-20 08:00:00,-999.0
2025-05-20 09:00:00,-999.0
2025-05-20 10:00:00,-999.0
2025-05-20 11:00:00,-999.0
2025-05-20 12:00:00,-999.0
2025-05-20 13:00:00,-999.0
2025-05-20 14:00:00,-999.0
2025-05-20 15:00:00,-999.0
2025-05-20 16:00:00,-999.0
2025-05-20 17:00:00,-999.0
2025-05-20 18:00:00,-999.0
2025-05-20 19:00:00,-999.0
2025-05-20 20:00:00,-999.0
2025-05-20 21:00:00,-999.0
2025-05-20 22:00:00,-999.0
2025-05-20 23:00:00,-999.0
2025-05-21 00:00:00,-999.0
2025-05-21 01:00:00,-999.0
2025-05-21 02:00:00,-999.0
2025-05-21 03:00:00,-999.0
2025-05-21 04:00:00,-999.0
2025-05-21 05:00:00,-999.0
2025-05-21 06:00:00,-999.0
2025-05-21 07:00:00,-999.0
2025-05-21 08:00:00,-999.0
2025-05-21 09:00:00,-999.0
2025-05-21 10:00:00,-999.0
2025-05-21 11:00:00,-999.0
2025-05-21 12:00:00,-999.0
2025-05-21 13:00:00,-999.0
2025-05-21 14:00:00,-999.0
2025-05-21 15:00:00,-999.0
2025-05-21 16:00:00,-999.0
2025-05-21 17:00:00,-999.0
2025-05-21 18:00:00,-999.0
2025-05-21 19:00:00,-999.0
2025-05-21 20:00:00,-999.0
2025-05-21 21:00:00,-999.0
2025-05-21 22:00:00,-999.0
2025-05-21 23:00:00,-999.0
2025-05-22 00:00:00,-999.0
2025-05-22 01:00:00,-999.0
2025-05-22 02:00:00,-999.0
2025-05-22 03:00:00,-999.0
2025-05-22 04:00:00,-999.0
2025-05-22 05:00:00,-999.0
2025-05-22 06:00:00,-999.0
2025-05-22 07:00:00,-999.0
2025-05-22 08:00:00,-999.0
2025-05-22 09:00:00,-999.0
2025-05-22 10:00:00,-999.0
2025-05-22 11:00:00,-999.0
2025-05-22 12:00:00,-999.0
2025-05-22 13:00:00,-999.0
2025-05-22 14:00:00,-999.0
2025-05-22 15:00:00,-999.0
2025-05-22 16:00:00,-999.0
2025-05-22 17:00:00,-999.0
2025-05-22 18:00:00,-999.0
2025-05-22 19:00:00,-999.0
2025-05-22 20:00:00,-999.0
2025-05-22 21:00:00,-999.0
2025-05-22 22:00:00,-999.0
2025-05-22 23:00:00,-999.0
2025-05-23 00:00:00,-999.0
2025-05-23 01:00:00,-999.0
2025-05-23 02:00:00,-999.0
2025-05-23 03:00:00,-999.0
2025-05-23 04:00:00,-999.0
2025-05-23 05:00:00,-999.0
2025-05-23 06:00:00,-999.0
2025-05-23 07:00:00,-999.0
2025-05-23 08:00:00,-999.0
2025-05-23 09:00:00,-999.0
2025-05-23 10:00:00,-999.0
2025-05-23 11:00:00,-999.0
2025-05-23 12:00:00,-999.0
2025-05-23 13:00:00,-999.0
2025-05-23 14:00:00,-999.0
2025-05-23 15:00:00,-999.0
2025-05-23 16:00:00,-999.0
2025-05-23 17:00:00,-999.0
2025-05-23 18:00:00,-999.0
2025-05-23 19:00:00,-999.0
2025-05-23 20:00:00,-999.0
2025-05-23 21:00:00,-999.0
2025-05-23 22:00:00,-999.0
2025-05-23 23:00:00,-999.0
2025-05-24 00:00:00,-999.0
2025-05-24 01:00:00,-999.0
2025-05-24 02:00:00,-999.0
2025-05-24 03:00:00,-999.0
2025-05-24 04:00:00,-999.0
2025-05-24 05:00:00,-999.0
2025-05-24 06:00:00,-999.0
2025-05-24 07:00:00,-999.0
2025-05-24 08:00:00,-999.0
2025-05-24 09:00:00,-999.0
2025-05-24 10:00:00,-999.0
2025-05-24 11:00:00,-999.0
2025-05-24 12:00:00,-999.0
2025-05-24 13:00:00,-999.0
2025-05-24 14:00:00,-999.0
2025-05-24 15:00:00,-999.0
2025-05-24 16:00:00,-999.0
2025-05-24 17:00:00,-999.0
2025-05-24 18:00:00,-999.0
2025-05-24 19:00:00,-999.0
2025-05-24 20:00:00,-999.0
2025-05-24 21:00:00,-999.0
2025-05-24 22:00:00,-999.0
2025-05-24 23:00:00,-999.0
2025-05-25 00:00:00,-999.0
2025-05-25 01:00:00,-999.0
2025-05-25 02:00:00,-999.0
2025-05-25 03:00:00,-999.0
2025-05-25 04:00:00,-999.0
2025-05-25 05:00:00,-999.0
2025-05-25 06:00:00,-999.0
2025-05-25 07:00:00,-999.0
2025-05-25 08:00:00,-999.0
2025-05-25 09:00:00,-999.0
2025-05-25 10:00:00,-999.0
2025-05-25 11:00:00,-999.0
2025-05-25 12:00:00,-999.0
2025-05-25 13:00:00,-999.0
2025-05-25 14:00:00,-999.0
2025-05-25 15:00:00,-999.0
2025-05-25 16:00:00,-999.0
2025-05-25 17:00:00,-999.0
2025-05-25 18:00:00,-999.0
2025-05-25 19:00:00,-999.0
2025-05-25 20:00:00,-999.0
2025-05-25 21:00:00,-999.0
2025-05-25 22:00:00,-999.0
2025-05-25 23:00:00,-999.0
2025-05-26 00:00:00,-999.0
2025-05-26 01:00:00,-999.0
2025-05-26 02:00:00,-999.0
2025-05-26 03:00:00,-999.0
2025-05-26 04:00:00,-999.0
2025-05-26 05:00:00,-999.0
2025-05-26 06:00:00,-999.0
2025-05-26 07:00:00,-999.0
2025-05-26 08:00:00,-999.0
2025-05-26 09:00:00,-999.0
2025-05-26 10:00:00,-999.0
2025-05-26 11:00:00,-999.0
2025-05-26 12:00:00,-999.0
2025-05-26 13:00:00,-999.0
2025-05-26 14:00:00,-999.0
2025-05-26 15:00:00,-999.0
2025-05-26 16:00:00,-999.0
2025-05-26 17:00:00,-999.0
2025-05-26 18:00:00,-999.0
2025-05-26 19:00:00,-999.0
2025-05-26 20:00:00,-999.0
2025-05-26 21:00:00,-999.0
2025-05-26 22:00:00,-999.0
2025-05-26 23:00:00,-999.0
2025-05-27 00:00:00,-999.0
2025-05-27 01:00:00,-999.0
2025-05-27 02:00:00,-999.0
2025-05-27 03:00:00,-999.0
2025-05-27 04:00:00,-999.0
2025-05-27 05:00:00,-999.0
2025-05-27 06:00:00,-999.0
2025-05-27 07:00:00,-999.0
2025-05-27 08:00:00,-999.0
2025-05-27 09:00:00,-999.0
2025-05-27 10:00:00,-999.0
2025-05-27 11:00:00,-999.0
2025-05-27 12:00:00,-999.0
2025-05-27 13:00:00,-999.0
2025-05-27 14:00:00,-999.0
2025-05-27 15:00:00,-999.0
2025-05-27 16:00:00,-999.0
2025-05-27 17:00:00,-999.0
2025-05-27 18:00:00,-999.0
2025-05-27 19:00:00,-999.0
2025-05-27 20:00:00,-999.0
2025-05-27 21:00:00,-999.0
2025-05-27 22:00:00,-999.0
2025-05-27 23:00:00,-999.0
2025-05-28 00:00:00,-999.0
2025-05-28 01:00:00,-999.0
2025-05-28 02:00:00,-999.0
2025-05-28 03:00:00,-999.0
2025-05-28 04:00:00,-999.0
2025-05-28 05:00:00,-999.0
2025-05-28 06:00:00,-999.0
2025-05-28 07:00:00,-999.0
2025-05-28 08:00:00,-999.0
2025-05-28 09:00:00,-999.0
2025-05-28 10:00:00,-999.0
2025-05-28 11:00:00,-999.0
2025-05-28 12:00:00,-999.0
2025-05-28 13:00:00,-999.0
2025-05-28 14:00:00,-999.0
2025-05-28 15:00:00,-999.0
2025-05-28 16:00:00,-999.0
2025-05-28 17:00:00,-999.0
2025-05-28 18:00:00,-999.0
2025-05-28 19:00:00,-999.0
2025-05-28 20:00:00,-999.0
2025-05-28 21:00:00,-999.0
2025-05-28 22:00:00,-999.0
2025-05-28 23:00:00,-999.0
2025-05-29 00:00:00,-999.0
2025-05-29 01:00:00,-999.0
2025-05-29 02:00:00,-999.0
2025-05-29 03:00:00,-999.0
2025-05-29 04:00:00,-999.0
2025-05-29 05:00:00,-999.0
2025-05-29 06:00:00,-999.0
2025-05-29 07:00:00,-999.0
2025-05-29 08:00:00,-999.0
2025-05-29 09:00:00,-999.0
2025-05-29 10:00:00,-999.0
2025-05-29 11:00:00,-999.0
2025-05-29 12:00:00,-999.0
2025-05-29 13:00:00,-999.0
2025-05-29 14:00:00,-999.0
2025-05-29 15:00:00,-999.0
2025-05-29 16:00:00,-999.0
2025-05-29 17:00:00,-999.0
2025-05-29 18:00:00,-999.0
2025-05-29 19:00:00,-999.0
2025-05-29 20:00:00,-999.0
2025-05-29 21:00:00,-999.0
2025-05-29 22:00:00,-999.0
2025-05-29 23:00:00,-999.0
2025-05-30 00:00:00,-999.0
2025-05-30 01:00:00,-999.0
2025-05-30 02:00:00,-999.0
2025-05-30 03:00:00,-999.0
2025-05-30 04:00:00,-999.0
2025-05-30 05:00:00,-999.0
2025-05-30 06:00:00,-999.0
2025-05-30 07:00:00,-999.0
2025-05-30 08:00:00,-999.0
2025-05-30 09:00:00,-999.0
2025-05-30 10:00:00,-999.0
2025-05-30 11:00:00,-999.0
2025-05-30 12:00:00,-999.0
2025-05-30 13:00:00,-999.0
2025-05-30 14:00:00,-999.0
2025-05-30 15:00:00,-999.0
2025-05-30 16:00:00,-999.0
2025-05-30 17:00:00,-999.0
2025-05-30 18:00:00,-999.0
2025-05-30 19:00:00,-999.0
2025-05-30 20:00:00,-999.0
2025-05-30 21:00:00,-999.0
2025-05-30 22:00:00,-999.0
2025-05-30 23:00:00,-999.0
2025-05-31 00:00:00,-999.0
2025-05-31 01:00:00,-999.0
2025-05-31 02:00:00,-999.0
2025-05-31 03:00:00,-999.0
2025-05-31 04:00:00,-999.0
2025-05-31 05:00:00,-999.0
2025-05-31 06:00:00,-999.0
2025-05-31 07:00:00,-999.0
2025-05-31 08:00:00,-999.0
2025-05-31 09:00:00,-999.0
2025-05-31 10:00:00,-999.0
2025-05-31 11:00:00,-999.0
2025-05-31 12:00:00,-999.0
2025-05-31 13:00:00,-999.0
2025-05-31 14:00:00,-999.0
2025-05-31 15:00:00,-999.0
2025-05-31 16:00:00,-999.0
2025-05-31 17:00:00,-999.0
2025-05-31 18:00:00,-999.0
2025-05-31 19:00:00,-999.0
2025-05-31 20:00:00,-999.0
2025-05-31 21:00:00,-999.0
2025-05-31 22:00:00,-999.0
2025-05-31 23:00:00,-999.0
2025-06-01 00:00:00,-999.0
2025-06-01 01:00:00,-999.0
2025-06-01 02:00:00,-999.0
2025-06-01 03:00:00,-999.0
2025-06-01 04:00:00,-999.0
2025-06-01 05:00:00,-999.0
2025-06-01 06:00:00,-999.0
2025-06-01 07:00:00,-999.0
2025-06-01 08:00:00,-999.0
2025-06-01 09:00:00,-999.0
2025-06-01 10:00:00,-999.0
2025-06-01 11:00:00,-999.0
2025-06-01 12:00:00,-999.0
2025-06-01 13:00:00,-999.0
2025-06-01 14:00:00,-999.0
2025-06-01 15:00:00,-999.0
2025-06-01 16:00:00,-999.0
2025-06-01 17:00:00,-999.0
2025-06-01 18:00:00,-999.0
2025-06-01 19:00:00,-999.0
2025-06-01 20:00:00,-999.0
2025-06-01 21:00:00,-999.0
2025-06-01 22:00:00,-999.0
2025-06-01 23:00:00,-999.0
2025-06-02 00:00:00,-999.0
2025-06-02 01:00:00,-999.0
2025-06-02 02:00:00,-999.0
2025-06-02 03:00:00,-999.0
2025-06-02 04:00:00,-999.0
2025-06-02 05:00:00,-999.0
2025-06-02 06:00:00,-999.0
2025-06-02 07:00:00,-999.0
2025-06-02 08:00:00,-999.0
2025-06-02 09:00:00,-999.0
2025-06-02 10:00:00,-999.0
2025-06-02 11:00:00,-999.0
2025-06-02 12:00:00,-999.0
2025-06-02 13:00:00,-999.0
2025-06-02 14:00:00,-999.0
2025-06-02 15:00:00,-999.0
2025-06-02 16:00:00,-999.0
2025-06-02 17:00:00,-999.0
2025-06-02 18:00:00,-999.0
2025-06-02 19:00:00,-999.0
2025-06-02 20:00:00,-999.0
2025-06-02 21:00:00,-999.0
2025-06-02 22:00:00,-999.0
2025-06-02 23:00:00,-999.0
2025-06-03 00:00:00,-999.0
2025-06-03 01:00:00,-999.0
2025-06-03 02:00:00,-999.0
2025-06-03 03:00:00,-999.0
2025-06-03 04:00:00,-999.0
2025-06-03 05:00:00,-999.0
2025-06-03 06:00:00,-999.0
2025-06-03 07:00:00,-999.0
2025-06-03 08:00:00,-999.0
2025-06-03 09:00:00,-999.0
2025-06-03 10:00:00,-999.0
2025-06-03 11:00:00,-999.0
2025-06-03 12:00:00,-999.0
2025-06-03 13:00:00,-999.0
2025-06-03 14:00:00,-999.0
2025-06-03 15:00:00,-999.0
2025-06-03 16:00:00,-999.0
2025-06-03 17:00:00,-999.0
2025-06-03 18:00:00,-999.0
2025-06-03 19:00:00,-999.0
2025-06-03 20:00:00,-999.0
2025-06-03 21:00:00,-999.0
2025-06-03 22:00:00,-999.0
2025-06-03 23:00:00,-999.0
2025-06-04 00:00:00,-999.0
2025-06-04 01:00:00,-999.0
2025-06-04 02:00:00,-999.0
2025-06-04 03:00:00,-999.0
2025-06-04 04:00:00,-999.0
2025-06-04 05:00:00,-999.0
2025-06-04 06:00:00,-999.0
2025-06-04 07:00:00,-999.0
2025-06-04 08:00:00,-999.0
2025-06-04 09:00:00,-999.0
2025-06-04 10:00:00,-999.0
2025-06-04 11:00:00,-999.0
2025-06-04 12:00:00,-999.0
2025-06-04 13:00:00,-999.0
2025-06-04 14:00:00,-999.0
2025-06-04 15:00:00,-999.0
2025-06-04 16:00:00,-999.0
2025-06-04 17:00:00,-999.0
2025-06-04 18:00:00,-999.0
2025-06-04 19:00:00,-999.0
2025-06-04 20:00:00,-999.0
2025-06-04 21:00:00,-999.0
2025-06-04 22:00:00,-999.0
2025-06-04 23:00:00,-999.0
2025-06-05 00:00:00,-999.0
2025-06-05 01:00:00,-999.0
2025-06-05 02:00:00,-999.0
2025-06-05 03:00:00,-999.0
2025-06-05 04:00:00,-999.0
2025-06-05 05:00:00,-999.0
2025-06-05 06:00:00,-999.0
2025-06-05 07:00:00,-999.0
2025-06-05 08:00:00,-999.0
2025-06-05 09:00:00,-999.0
2025-06-05 10:00:00,-999.0
2025-06-05 11:00:00,-999.0
2025-06-05 12:00:00,-999.0
2025-06-05 13:00:00,-999.0
2025-06-05 14:00:00,-999.0
2025-06-05 15:00:00,-999.0
2025-06-05 16:00:00,-999.0
2025-06-05 17:00:00,-999.0
2025-06-05 18:00:00,-999.0
2025-06-05 19:00:00,-999.0
2025-06-05 20:00:00,-999.0
2025-06-05 21:00:00,-999.0
2025-06-05 22:00:00,-999.0
2025-06-05 23:00:00,-999.0
2025-06-06 00:00:00,-999.0
2025-06-06 01:00:00,-999.0
2025-06-06 02:00:00,-999.0
2025-06-06 03:00:00,-999.0
2025-06-06 04:00:00,-999.0
2025-06-06 05:00:00,-999.0
2025-06-06 06:00:00,-999.0
2025-06-06 07:00:00,-999.0
2025-06-06 08:00:00,-999.0
2025-06-06 09:00:00,-999.0
2025-06-06 10:00:00,-999.0
2025-06-06 11:00:00,-999.0
2025-06-06 12:00:00,-999.0
2025-06-06 13:00:00,-999.0
2025-06-06 14:00:00,-999.0
2025-06-06 15:00:00,-999.0
2025-06-06 16:00:00,-999.0
2025-06-06 17:00:00,-999.0
2025-06-06 18:00:00,-999.0
2025-06-06 19:00:00,-999.0
2025-06-06 20:00:00,-999.0
2025-06-06 21:00:00,-999.0
2025-06-06 22:00:00,-999.0
2025-06-06 23:00:00,-999.0
2025-06-07 00:00:00,-999.0
2025-06-07 01:00:00,-999.0
2025-06-07 02:00:00,-999.0
2025-06-07 03:00:00,-999.0
2025-06-07 04:00:00,-999.0
2025-06-07 05:00:00,-999.0
2025-06-07 06:00:00,-999.0
2025-06-07 07:00:00,-999.0
2025-06-07 08:00:00,-999.0
2025-06-07 09:00:00,-999.0
2025-06-07 10:00:00,-999.0
2025-06-07 11:00:00,-999.0
2025-06-07 12:00:00,-999.0
2025-06-07 13:00:00,-999.0
2025-06-07 14:00:00,-999.0
2025-06-07 15:00:00,-999.0
2025-06-07 16:00:00,-999.0
2025-06-07 17:00:00,-999.0
2025-06-07 18:00:00,-999.0
2025-06-07 19:00:00,-999.0
2025-06-07 20:00:00,-999.0
2025-06-07 21:00:00,-999.0
2025-06-07 22:00:00,-999.0
2025-06-07 23:00:00,-999.0
2025-06-08 00:00:00,-999.0
2025-06-08 01:00:00,-999.0
2025-06-08 02:00:00,-999.0
2025-06-08 03:00:00,-999.0
2025-06-08 04:00:00,-999.0
2025-06-08 05:00:00,-999.0
2025-06-08 06:00:00,-999.0
2025-06-08 07:00:00,-999.0
2025-06-08 08:00:00,-999.0
2025-06-08 09:00:00,-999.0
2025-06-08 10:00:00,-999.0
2025-06-08 11:00:00,-999.0
2025-06-08 12:00:00,-999.0
2025-06-08 13:00:00,-999.0
2025-06-08 14:00:00,-999.0
2025-06-08 15:00:00,-999.0
2025-06-08 16:00:00,-999.0
2025-06-08 17:00:00,-999.0
2025-06-08 18:00:00,-999.0
2025-06-08 19:00:00,-999.0
2025-06-08 20:00:00,-999.0
2025-06-08 21:00:00,-999.0
2025-06-08 22:00:00,-999.0
2025-06-08 23:00:00,-999.0
2025-06-09 00:00:00,-999.0
2025-06-09 01:00:00,-999.0
2025-06-09 02:00:00,-999.0
2025-06-09 03:00:00,-999.0
2025-06-09 04:00:00,-999.0
2025-06-09 05:00:00,-999.0
2025-06-09 06:00:00,-999.0
2025-06-09 07:00:00,-999.0
2025-06-09 08:00:00,-999.0
2025-06-09 09:00:00,-999.0
2025-06-09 10:00:00,-999.0
2025-06-09 11:00:00,-999.0
2025-06-09 12:00:00,-999.0
2025-06-09 13:00:00,-999.0
2025-06-09 14:00:00,-999.0
2025-06-09 15:00:00,-999.0
2025-06-09 16:00:00,-999.0
2025-06-09 17:00:00,-999.0
2025-06-09 18:00:00,-999.0
2025-06-09 19:00:00,-999.0
2025-06-09 20:00:00,-999.0
2025-06-09 21:00:00,-999.0
2025-06-09 22:00:00,-999.0
2025-06-09 23:00:00,-999.0
2025-06-10 00:00:00,-999.0
2025-06-10 01:00:00,-999.0
2025-06-10 02:00:00,-999.0
2025-06-10 03:00:00,-999.0
2025-06-10 04:00:00,-999.0
2025-06-10 05:00:00,-999.0
2025-06-10 06:00:00,-999.0
2025-06-10 07:00:00,-999.0
2025-06-10 08:00:00,-999.0
2025-06-10 09:00:00,-999.0
2025-06-10 10:00:00,-999.0
2025-06-10 11:00:00,-999.0
2025-06-10 12:00:00,-999.0
2025-06-10 13:00:00,-999.0
2025-06-10 14:00:00,-999.0
2025-06-10 15:00:00,-999.0
2025-06-10 16:00:00,-999.0
2025-06-10 17:00:00,-999.0
2025-06-10 18:00:00,-999.0
2025-06-10 19:00:00,-999.0
2025-06-10 20:00:00,-999.0
2025-06-10 21:00:00,-999.0
2025-06-10 22:00:00,-999.0
2025-06-10 23:00:00,-999.0
2025-06-11 00:00:00,-999.0
2025-06-11 01:00:00,-999.0
2025-06-11 02:00:00,-999.0
2025-06-11 03:00:00,-999.0
2025-06-11 04:00:00,-999.0
2025-06-11 05:00:00,-999.0
2025-06-11 06:00:00,-999.0
2025-06-11 07:00:00,-999.0
2025-06-11 08:00:00,-999.0
2025-06-11 09:00:00,-999.0
2025-06-11 10:00:00,-999.0
2025-06-11 11:00:00,-999.0
2025-06-11 12:00:00,-999.0
2025-06-11 13:00:00,-999.0
2025-06-11 14:00:00,-999.0
2025-06-11 15:00:00,-999.0
2025-06-11 16:00:00,-999.0
2025-06-11 17:00:00,-999.0
2025-06-11 18:00:00,-999.0
2025-06-11 19:00:00,-999.0
2025-06-11 20:00:00,-999.0
2025-06-11 21:00:00,-999.0
2025-06-11 22:00:00,-999.0
2025-06-11 23:00:00,-999.0
2025-06-12 00:00:00,-999.0
2025-06-12 01:00:00,-999.0
2025-06-12 02:00:00,-999.0
2025-06-12 03:00:00,-999.0
2025-06-12 04:00:00,-999.0
2025-06-12 05:00:00,-999.0
2025-06-12 06:00:00,-999.0
2025-06-12 07:00:00,-999.0
2025-06-12 08:00:00,-999.0
2025-06-12 09:00:00,-999.0
2025-06-12 10:00:00,-999.0
2025-06-12 11:00:00,-999.0
2025-06-12 12:00:00,-999.0
2025-06-12 13:00:00,-999.0
2025-06-12 14:00:00,-999.0
2025-06-12 15:00:00,-999.0
2025-06-12 16:00:00,-999.0
2025-06-12 17:00:00,-999.0
2025-06-12 18:00:00,-999.0
2025-06-12 19:00:00,-999.0
2025-06-12 20:00:00,-999.0
2025-06-12 21:00:00,-999.0
2025-06-12 22:00:00,-999.0
2025-06-12 23:00:00,-999.0
2025-06-13 00:00:00,-999.0
2025-06-13 01:00:00,-999.0
2025-06-13 02:00:00,-999.0
2025-06-13 03:00:00,-999.0
2025-06-13 04:00:00,-999.0
2025-06-13 05:00:00,-999.0
2025-06-13 06:00:00,-999.0
2025-06-13 07:00:00,-999.0
2025-06-13 08:00:00,-999.0
2025-06-13 09:00:00,-999.0
2025-06-13 10:00:00,-999.0
2025-06-13 11:00:00,-999.0
2025-06-13 12:00:00,-999.0
2025-06-13 13:00:00,-999.0
2025-06-13 14:00:00,-999.0
2025-06-13 15:00:00,-999.0
2025-06-13 16:00:00,-999.0
2025-06-13 17:00:00,-999.0
2025-06-13 18:00:00,-999.0
2025-06-13 19:00:00,-999.0
2025-06-13 20:00:00,-999.0
2025-06-13 21:00:00,-999.0
2025-06-13 22:00:00,-999.0
2025-06-13 23:00:00,-999.0
2025-06-14 00:00:00,-999.0
2025-06-14 01:00:00,-999.0
2025-06-14 02:00:00,-999.0
2025-06-14 03:00:00,-999.0
2025-06-14 04:00:00,-999.0
2025-06-14 05:00:00,-999.0
2025-06-14 06:00:00,-999.0
2025-06-14 07:00:00,-999.0
2025-06-14 08:00:00,-999.0
2025-06-14 09:00:00,-999.0
2025-06-14 10:00:00,-999.0
2025-06-14 11:00:00,-999.0
2025-06-14 12:00:00,-999.0
2025-06-14 13:00:00,-999.0
2025-06-14 14:00:00,-999.0
2025-06-14 15:00:00,-999.0
2025-06-14 16:00:00,-999.0
2025-06-14 17:00:00,-999.0
2025-06-14 18:00:00,-999.0
2025-06-14 19:00:00,-999.0
2025-06-14 20:00:00,-999.0
2025-06-14 21:00:00,-999.0
2025-06-14 22:00:00,-999.0
2025-06-14 23:00:00,-999.0
2025-06-15 00:00:00,-999.0
2025-06-15 01:00:00,-999.0
2025-06-15 02:00:00,-999.0
2025-06-15 03:00:00,-999.0
2025-06-15 04:00:00,-999.0
2025-06-15 05:00:00,-999.0
2025-06-15 06:00:00,-999.0
2025-06-15 07:00:00,-999.0
2025-06-15 08:00:00,-999.0
2025-06-15 09:00:00,-999.0
2025-06-15 10:00:00,-999.0
2025-06-15 11:00:00,-999.0
2025-06-15 12:00:00,-999.0
2025-06-15 13:00:00,-999.0
2025-06-15 14:00:00,-999.0
2025-06-15 15:00:00,-999.0
2025-06-15 16:00:00,-999.0
2025-06-15 17:00:00,-999.0
2025-06-15 18:00:00,-999.0
2025-06-15 19:00:00,-999.0
2025-06-15 20:00:00,-999.0
2025-06-15 21:00:00,-999.0
2025-06-15 22:00:00,-999.0
2025-06-15 23:00:00,-999.0
2025-06-16 00:00:00,-999.0
2025-06-16 01:00:00,-999.0
2025-06-16 02:00:00,-999.0
2025-06-16 03:00:00,-999.0
2025-06-16 04:00:00,-999.0
2025-06-16 05:00:00,-999.0
2025-06-16 06:00:00,-999.0
2025-06-16 07:00:00,-999.0
2025-06-16 08:00:00,-999.0
2025-06-16 09:00:00,-999.0
2025-06-16 10:00:00,-999.0
2025-06-16 11:00:00,-999.0
2025-06-16 12:00:00,-999.0
2025-06-16 13:00:00,-999.0
2025-06-16 14:00:00,-999.0
2025-06-16 15:00:00,-999.0
2025-06-16 16:00:00,-999.0
2025-06-16 17:00:00,-999.0
2025-06-16 18:00:00,-999.0
2025-06-16 19:00:00,-999.0
2025-06-16 20:00:00,-999.0
2025-06-16 21:00:00,-999.0
2025-06-16 22:00:00,-999.0
2025-06-16 23:00:00,-999.0
2025-06-17 00:00:00,-999.0
2025-06-17 01:00:00,-999.0
2025-06-17 02:00:00,-999.0
2025-06-17 03:00:00,-999.0
2025-06-17 04:00:00,-999.0
2025-06-17 05:00:00,-999.0
2025-06-17 06:00:00,-999.0
2025-06-17 07:00:00,-999.0
2025-06-17 08:00:00,-999.0
2025-06-17 09:00:00,-999.0
2025-06-17 10:00:00,-999.0
2025-06-17 11:00:00,-999.0
2025-06-17 12:00:00,-999.0
2025-06-17 13:00:00,-999.0
2025-06-17 14:00:00,-999.0
2025-06-17 15:00:00,-999.0
2025-06-17 16:00:00,-999.0
2025-06-17 17:00:00,-999.0
2025-06-17 18:00:00,-999.0
2025-06-17 19:00:00,-999.0
2025-06-17 20:00:00,-999.0
2025-06-17 21:00:00,-999.0
2025-06-17 22:00:00,-999.0
2025-06-17 23:00:00,-999.0
2025-06-18 00:00:00,-999.0
2025-06-18 01:00:00,-999.0
2025-06-18 02:00:00,-999.0
2025-06-18 03:00:00,-999.0
2025-06-18 04:00:00,-999.0
2025-06-18 05:00:00,-999.0
2025-06-18 06:00:00,-999.0
2025-06-18 07:00:00,-999.0
2025-06-18 08:00:00,-999.0
2025-06-18 09:00:00,-999.0
2025-06-18 10:00:00,-999.0
2025-06-18 11:00:00,-999.0
2025-06-18 12:00:00,-999.0
2025-06-18 13:00:00,-999.0
2025-06-18 14:00:00,-999.0
2025-06-18 15:00:00,-999.0
2025-06-18 16:00:00,-999.0
2025-06-18 17:00:00,-999.0
2025-06-18 18:00:00,-999.0
2025-06-18 19:00:00,-999.0
2025-06-18 20:00:00,-999.0
2025-06-18 21:00:00,-999.0
2025-06-18 22:00:00,-999.0
2025-06-18 23:00:00,-999.0
2025-06-19 00:00:00,-999.0
2025-06-19 01:00:00,-999.0
2025-06-19 02:00:00,-999.0
2025-06-19 03:00:00,-999.0
2025-06-19 04:00:00,-999.0
2025-06-19 05:00:00,-999.0
2025-06-19 06:00:00,-999.0
2025-06-19 07:00:00,-999.0
2025-06-19 08:00:00,-999.0
2025-06-19 09:00:00,-999.0
2025-06-19 10:00:00,-999.0
2025-06-19 11:00:00,-999.0
2025-06-19 12:00:00,-999.0
2025-06-19 13:00:00,-999.0
2025-06-19 14:00:00,-999.0
2025-06-19 15:00:00,-999.0
2025-06-19 16:00:00,-999.0
2025-06-19 17:00:00,-999.0
2025-06-19 18:00:00,-999.0
2025-06-19 19:00:00,-999.0
2025-06-19 20:00:00,-999.0
2025-06-19 21:00:00,-999.0
2025-06-19 22:00:00,-999.0
2025-06-19 23:00:00,-999.0
2025-06-20 00:00:00,-999.0
2025-06-20 01:00:00,-999.0
2025-06-20 02:00:00,-999.0
2025-06-20 03:00:00,-999.0
2025-06-20 04:00:00,-999.0
2025-06-20 05:00:00,-999.0
2025-06-20 06:00:00,-999.0
2025-06-20 07:00:00,-999.0
2025-06-20 08:00:00,-999.0
2025-06-20 09:00:00,-999.0
2025-06-20 10:00:00,-999.0
2025-06-20 11:00:00,-999.0
2025-06-20 12:00:00,-999.0
2025-06-20 13:00:00,-999.0
2025-06-20 14:00:00,-999.0
2025-06-20 15:00:00,-999.0
2025-06-20 16:00:00,-999.0
2025-06-20 17:00:00,-999.0
2025-06-20 18:00:00,-999.0
2025-06-20 19:00:00,-999.0
2025-06-20 20:00:00,-999.0
2025-06-20 21:00:00,-999.0
2025-06-20 22:00:00,-999.0
2025-06-20 23:00:00,-999.0
2025-06-21 00:00:00,-999.0
2025-06-21 01:00:00,-999.0
2025-06-21 02:00:00,-999.0
2025-06-21 03:00:00,-999.0
2025-06-21 04:00:00,-999.0
2025-06-21 05:00:00,-999.0
2025-06-21 06:00:00,-999.0
2025-06-21 07:00:00,-999.0
2025-06-21 08:00:00,-999.0
2025-06-21 09:00:00,-999.0
2025-06-21 10:00:00,-999.0
2025-06-21 11:00:00,-999.0
2025-06-21 12:00:00,-999.0
2025-06-21 13:00:00,-999.0
2025-06-21 14:00:00,-999.0
2025-06-21 15:00:00,-999.0
2025-06-21 16:00:00,-999.0
2025-06-21 17:00:00,-999.0
2025-06-21 18:00:00,-999.0
2025-06-21 19:00:00,-999.0
2025-06-21 20:00:00,-999.0
2025-06-21 21:00:00,-999.0
2025-06-21 22:00:00,-999.0
2025-06-21 23:00:00,-999.0
2025-06-22 00:00:00,-999.0
2025-06-22 01:00:00,-999.0
2025-06-22 02:00:00,-999.0
2025-06-22 03:00:00,-999.0
2025-06-22 04:00:00,-999.0
2025-06-22 05:00:00,-999.0
2025-06-22 06:00:00,-999.0
2025-06-22 07:00:00,-999.0
2025-06-22 08:00:00,-999.0
2025-06-22 09:00:00,-999.0
2025-06-22 10:00:00,-999.0
2025-06-22 11:00:00,-999.0
2025-06-22 12:00:00,-999.0
2025-06-22 13:00:00,-999.0
2025-06-22 14:00:00,-999.0
2025-06-22 15:00:00,-999.0
2025-06-22 16:00:00,-999.0
2025-06-22 17:00:00,-999.0
2025-06-22 18:00:00,-999.0
2025-06-22 19:00:00,-999.0
2025-06-22 20:00:00,-999.0
2025-06-22 21:00:00,-999.0
2025-06-22 22:00:00,-999.0
2025-06-22 23:00:00,-999.0
2025-06-23 00:00:00,-999.0
2025-06-23 01:00:00,-999.0
2025-06-23 02:00:00,-999.0
2025-06-23 03:00:00,-999.0
2025-06-23 04:00:00,-999.0
2025-06-23 05:00:00,-999.0
2025-06-23 06:00:00,-999.0
2025-06-23 07:00:00,-999.0
2025-06-23 08:00:00,-999.0
2025-06-23 09:00:00,-999.0
2025-06-23 10:00:00,-999.0
2025-06-23 11:00:00,-999.0
2025-06-23 12:00:00,-999.0
2025-06-23 13:00:00,-999.0
2025-06-23 14:00:00,-999.0
2025-06-23 15:00:00,-999.0
2025-06-23 16:00:00,-999.0
2025-06-23 17:00:00,-999.0
2025-06-23 18:00:00,-999.0
2025-06-23 19:00:00,-999.0
2025-06-23 20:00:00,-999.0
2025-06-23 21:00:00,-999.0
2025-06-23 22:00:00,-999.0
2025-06-23 23:00:00,-999.0
2025-06-24 00:00:00,-999.0
2025-06-24 01:00:00,-999.0
2025-06-24 02:00:00,-999.0
2025-06-24 03:00:00,-999.0
2025-06-24 04:00:00,-999.0
2025-06-24 05:00:00,-999.0
2025-06-24 06:00:00,-999.0
2025-06-24 07:00:00,-999.0
2025-06-24 08:00:00,-999.0
2025-06-24 09:00:00,-999.0
2025-06-24 10:00:00,-999.0
2025-06-24 11:00:00,-999.0
2025-06-24 12:00:00,-999.0
2025-06-24 13:00:00,-999.0
2025-06-24 14:00:00,-999.0
2025-06-24 15:00:00,-999.0
2025-06-24 16:00:00,-999.0
2025-06-24 17:00:00,-999.0
2025-06-24 18:00:00,-999.0
2025-06-24 19:00:00,-999.0
2025-06-24 20:00:00,-999.0
2025-06-24 21:00:00,-999.0
2025-06-24 22:00:00,-999.0
2025-06-24 23:00:00,-999.0
2025-06-25 00:00:00,-999.0
2025-06-25 01:00:00,-999.0
2025-06-25 02:00:00,-999.0
2025-06-25 03:00:00,-999.0
2025-06-25 04:00:00,-999.0
2025-06-25 05:00:00,-999.0
2025-06-25 06:00:00,-999.0
2025-06-25 07:00:00,-999.0
2025-06-25 08:00:00,-999.0
2025-06-25 09:00:00,-999.0
2025-06-25 10:00:00,-999.0
2025-06-25 11:00:00,-999.0
2025-06-25 12:00:00,-999.0
2025-06-25 13:00:00,-999.0
2025-06-25 14:00:00,-999.0
2025-06-25 15:00:00,-999.0
2025-06-25 16:00:00,-999.0
2025-06-25 17:00:00,-999.0
2025-06-25 18:00:00,-999.0
2025-06-25 19:00:00,-999.0
2025-06-25 20:00:00,-999.0
2025-06-25 21:00:00,-999.0
2025-06-25 22:00:00,-999.0
2025-06-25 23:00:00,-999.0
2025-06-26 00:00:00,-999.0
2025-06-26 01:00:00,-999.0
2025-06-26 02:00:00,-999.0
2025-06-26 03:00:00,-999.0
2025-06-26 04:00:00,-999.0
2025-06-26 05:00:00,-999.0
2025-06-26 06:00:00,-999.0
2025-06-26 07:00:00,-999.0
2025-06-26 08:00:00,-999.0
2025-06-26 09:00:00,-999.0
2025-06-26 10:00:00,-999.0
2025-06-26 11:00:00,-999.0
2025-06-26 12:00:00,-999.0
2025-06-26 13:00:00,-999.0
2025-06-26 14:00:00,-999.0
2025-06-26 15:00:00,-999.0
2025-06-26 16:00:00,-999.0
2025-06-26 17:00:00,-999.0
2025-06-26 18:00:00,-999.0
2025-06-26 19:00:00,-999.0
2025-06-26 20:00:00,-999.0
2025-06-26 21:00:00,-999.0
2025-06-26 22:00:00,-999.0
2025-06-26 23:00:00,-999.0
2025-06-27 00:00:00,-999.0
2025-06-27 01:00:00,-999.0
2025-06-27 02:00:00,-999.0
2025-06-27 03:00:00,-999.0
2025-06-27 04:00:00,-999.0
2025-06-27 05:00:00,-999.0
2025-06-27 06:00:00,-999.0
2025-06-27 07:00:00,-999.0
2025-06-27 08:00:00,-999.0
2025-06-27 09:00:00,-999.0
2025-06-27 10:00:00,-999.0
2025-06-27 11:00:00,-999.0
2025-06-27 12:00:00,-999.0
2025-06-27 13:00:00,-999.0
2025-06-27 14:00:00,-999.0
2025-06-27 15:00:00,-999.0
2025-06-27 16:00:00,-999.0
2025-06-27 17:00:00,-999.0
2025-06-27 18:00:00,-999.0
2025-06-27 19:00:00,-999.0
2025-06-27 20:00:00,-999.0
2025-06-27 21:00:00,-999.0
2025-06-27 22:00:00,-999.0
2025-06-27 23:00:00,-999.0
2025-06-28 00:00:00,-999.0
2025-06-28 01:00:00,-999.0
2025-06-28 02:00:00,-999.0
2025-06-28 03:00:00,-999.0
2025-06-28 04:00:00,-999.0
2025-06-28 05:00:00,-999.0
2025-06-28 06:00:00,-999.0
2025-06-28 07:00:00,-999.0
2025-06-28 08:00:00,-999.0
2025-06-28 09:00:00,-999.0
2025-06-28 10:00:00,-999.0
2025-06-28 11:00:00,-999.0
2025-06-28 12:00:00,-999.0
2025-06-28 13:00:00,-999.0
2025-06-28 14:00:00,-999.0
2025-06-28 15:00:00,-999.0
2025-06-28 16:00:00,-999.0
2025-06-28 17:00:00,-999.0
2025-06-28 18:00:00,-999.0
2025-06-28 19:00:00,-999.0
2025-06-28 20:00:00,-999.0
2025-06-28 21:00:00,-999.0
2025-06-28 22:00:00,-999.0
2025-06-28 23:00:00,-999.0
2025-06-29 00:00:00,-999.0
2025-06-29 01:00:00,-999.0
2025-06-29 02:00:00,-999.0
2025-06-29 03:00:00,-999.0
2025-06-29 04:00:00,-999.0
2025-06-29 05:00:00,-999.0
2025-06-29 06:00:00,-999.0
2025-06-29 07:00:00,-999.0
2025-06-29 08:00:00,-999.0
2025-06-29 09:00:00,-999.0
2025-06-29 10:00:00,-999.0
2025-06-29 11:00:00,-999.0
2025-06-29 12:00:00,-999.0
2025-06-29 13:00:00,-999.0
2025-06-29 14:00:00,-999.0
2025-06-29 15:00:00,-999.0
2025-06-29 16:00:00,-999.0
2025-06-29 17:00:00,-999.0
2025-06-29 18:00:00,-999.0
2025-06-29 19:00:00,-999.0
2025-06-29 20:00:00,-999.0
2025-06-29 21:00:00,-999.0
2025-06-29 22:00:00,-999.0
2025-06-29 23:00:00,-999.0
2025-06-30 00:00:00,-999.0
2025-06-30 01:00:00,-999.0
2025-06-30 02:00:00,-999.0
2025-06-30 03:00:00,-999.0
2025-06-30 04:00:00,-999.0
2025-06-30 05:00:00,-999.0
2025-06-30 06:00:00,-999.0
2025-06-30 07:00:00,-999.0
2025-06-30 08:00:00,-999.0
2025-06-30 09:00:00,-999.0
2025-06-30 10:00:00,-999.0
2025-06-30 11:00:00,-999.0
2025-06-30 12:00:00,-999.0
2025-06-30 13:00:00,-999.0
2025-06-30 14:00:00,-999.0
2025-06-30 15:00:00,-999.0
2025-06-30 16:00:00,-999.0
2025-06-30 17:00:00,-999.0
2025-06-30 18:00:00,-999.0
2025-06-30 19:00:00,-999.0
2025-06-30 20:00:00,-999.0
2025-06-30 21:00:00,-999.0
2025-06-30 22:00:00,-999.0
2025-06-30 23:00:00,-999.0
2025-07-01 00:00:00,-999.0
2025-07-01 01:00:00,-999.0
2025-07-01 02:00:00,-999.0
2025-07-01 03:00:00,-999.0
2025-07-01 04:00:00,-999.0
2025-07-01 05:00:00,-999.0
2025-07-01 06:00:00,-999.0
2025-07-01 07:00:00,-999.0
2025-07-01 08:00:00,-999.0
2025-07-01 09:00:00,-999.0
2025-07-01 10:00:00,-999.0
2025-07-01 11:00:00,-999.0
2025-07-01 12:00:00,-999.0
2025-07-01 13:00:00,-999.0
2025-07-01 14:00:00,-999.0
2025-07-01 15:00:00,-999.0
2025-07-01 16:00:00,-999.0
2025-07-01 17:00:00,-999.0
2025-07-01 18:00:00,-999.0
2025-07-01 19:00:00,-999.0
2025-07-01 20:00:00,-999.0
2025-07-01 21:00:00,-999.0
2025-07-01 22:00:00,-999.0
2025-07-01 23:00:00,-999.0
2025-07-02 00:00:00,-999.0
2025-07-02 01:00:00,-999.0
2025-07-02 02:00:00,-999.0
2025-07-02 03:00:00,-999.0
2025-07-02 04:00:00,-999.0
2025-07-02 05:00:00,-999.0
2025-07-02 06:00:00,-999.0
2025-07-02 07:00:00,-999.0
2025-07-02 08:00:00,-999.0
2025-07-02 09:00:00,-999.0
2025-07-02 10:00:00,-999.0
2025-07-02 11:00:00,-999.0
2025-07-02 12:00:00,-999.0
2025-07-02 13:00:00,-999.0
2025-07-02 14:00:00,-999.0
2025-07-02 15:00:00,-999.0
2025-07-02 16:00:00,-999.0
2025-07-02 17:00:00,-999.0
2025-07-02 18:00:00,-999.0
2025-07-02 19:00:00,-999.0
2025-07-02 20:00:00,-999.0
2025-07-02 21:00:00,-999.0
2025-07-02 22:00:00,-999.0
2025-07-02 23:00:00,-999.0
2025-07-03 00:00:00,-999.0
2025-07-03 01:00:00,-999.0
2025-07-03 02:00:00,-999.0
2025-07-03 03:00:00,-999.0
2025-07-03 04:00:00,-999.0
2025-07-03 05:00:00,-999.0
2025-07-03 06:00:00,-999.0
2025-07-03 07:00:00,-999.0
2025-07-03 08:00:00,-999.0
2025-07-03 09:00:00,-999.0
2025-07-03 10:00:00,-999.0
2025-07-03 11:00:00,-999.0
2025-07-03 12:00:00,-999.0
2025-07-03 13:00:00,-999.0
2025-07-03 14:00:00,-999.0
2025-07-03 15:00:00,-999.0
2025-07-03 16:00:00,-999.0
2025-07-03 17:00:00,-999.0
2025-07-03 18:00:00,-999.0
2025-07-03 19:00:00,-999.0
2025-07-03 20:00:00,-999.0
2025-07-03 21:00:00,-999.0
2025-07-03 22:00:00,-999.0
2025-07-03 23:00:00,-999.0
2025-07-04 00:00:00,-999.0
2025-07-04 01:00:00,-999.0
2025-07-04 02:00:00,-999.0
2025-07-04 03:00:00,-999.0
2025-07-04 04:00:00,-999.0
2025-07-04 05:00:00,-999.0
2025-07-04 06:00:00,-999.0
2025-07-04 07:00:00,-999.0
2025-07-04 08:00:00,-999.0
2025-07-04 09:00:00,-999.0
2025-07-04 10:00:00,-999.0
2025-07-04 11:00:00,-999.0
2025-07-04 12:00:00,-999.0
2025-07-04 13:00:00,-999.0
2025-07-04 14:00:00,-999.0
2025-07-04 15:00:00,-999.0
2025-07-04 16:00:00,-999.0
2025-07-04 17:00:00,-999.0
2025-07-04 18:00:00,-999.0
2025-07-04 19:00:00,-999.0
2025-07-04 20:00:00,-999.0
2025-07-04 21:00:00,-999.0
2025-07-04 22:00:00,-999.0
2025-07-04 23:00:00,-999.0
2025-07-05 00:00:00,-999.0
2025-07-05 01:00:00,-999.0
2025-07-05 02:00:00,-999.0
2025-07-05 03:00:00,-999.0
2025-07-05 04:00:00,-999.0
2025-07-05 05:00:00,-999.0
2025-07-05 06:00:00,-999.0
2025-07-05 07:00:00,-999.0
2025-07-05 08:00:00,-999.0
2025-07-05 09:00:00,-999.0
2025-07-05 10:00:00,-999.0
2025-07-05 11:00:00,-999.0
2025-07-05 12:00:00,-999.0
2025-07-05 13:00:00,-999.0
2025-07-05 14:00:00,-999.0
2025-07-05 15:00:00,-999.0
2025-07-05 16:00:00,-999.0
2025-07-05 17:00:00,-999.0
2025-07-05 18:00:00,-999.0
2025-07-05 19:00:00,-999.0
2025-07-05 20:00:00,-999.0
2025-07-05 21:00:00,-999.0
2025-07-05 22:00:00,-999.0
2025-07-05 23:00:00,-999.0
2025-07-06 00:00:00,-999.0
2025-07-06 01:00:00,-999.0
2025-07-06 02:00:00,-999.0
2025-07-06 03:00:00,-999.0
2025-07-06 04:00:00,-999.0
2025-07-06 05:00:00,-999.0
2025-07-06 06:00:00,-999.0
2025-07-06 07:00:00,-999.0
2025-07-06 08:00:00,-999.0
2025-07-06 09:00:00,-999.0
2025-07-06 10:00:00,-999.0
2025-07-06 11:00:00,-999.0
2025-07-06 12:00:00,-999.0
2025-07-06 13:00:00,-999.0
2025-07-06 14:00:00,-999.0
2025-07-06 15:00:00,-999.0
2025-07-06 16:00:00,-999.0
2025-07-06 17:00:00,-999.0
2025-07-06 18:00:00,-999.0
2025-07-06 19:00:00,-999.0
2025-07-06 20:00:00,-999.0
2025-07-06 21:00:00,-999.0
2025-07-06 22:00:00,-999.0
2025-07-06 23:00:00,-999.0
2025-07-07 00:00:00,-999.0
2025-07-07 01:00:00,-999.0
2025-07-07 02:00:00,-999.0
2025-07-07 03:00:00,-999.0
2025-07-07 04:00:00,-999.0
2025-07-07 05:00:00,-999.0
2025-07-07 06:00:00,-999.0
2025-07-07 07:00:00,-999.0
2025-07-07 08:00:00,-999.0
2025-07-07 09:00:00,-999.0
2025-07-07 10:00:00,-999.0
2025-07-07 11:00:00,-999.0
2025-07-07 12:00:00,-999.0
2025-07-07 13:00:00,-999.0
2025-07-07 14:00:00,-999.0
2025-07-07 15:00:00,-999.0
2025-07-07 16:00:00,-999.0
2025-07-07 17:00:00,-999.0
2025-07-07 18:00:00,-999.0
2025-07-07 19:00:00,-999.0
2025-07-07 20:00:00,-999.0
2025-07-07 21:00:00,-999.0
2025-07-07 22:00:00,-999.0
2025-07-07 23:00:00,-999.0
2025-07-08 00:00:00,-999.0
2025-07-08 01:00:00,-999.0
2025-07-08 02:00:00,-999.0
2025-07-08 03:00:00,-999.0
2025-07-08 04:00:00,-999.0
2025-07-08 05:00:00,-999.0
2025-07-08 06:00:00,-999.0
2025-07-08 07:00:00,-999.0
2025-07-08 08:00:00,-999.0
2025-07-08 09:00:00,-999.0
2025-07-08 10:00:00,-999.0
2025-07-08 11:00:00,-999.0
2025-07-08 12:00:00,-999.0
2025-07-08 13:00:00,-999.0
2025-07-08 14:00:00,-999.0
2025-07-08 15:00:00,-999.0
2025-07-08 16:00:00,-999.0
2025-07-08 17:00:00,-999.0
2025-07-08 18:00:00,-999.0
2025-07-08 19:00:00,-999.0
2025-07-08 20:00:00,-999.0
2025-07-08 21:00:00,-999.0
2025-07-08 22:00:00,-999.0
2025-07-08 23:00:00,-999.0
2025-07-09 00:00:00,-999.0
2025-07-09 01:00:00,-999.0
2025-07-09 02:00:00,-999.0
2025-07-09 03:00:00,-999.0
2025-07-09 04:00:00,-999.0
2025-07-09 05:00:00,-999.0
2025-07-09 06:00:00,-999.0
2025-07-09 07:00:00,-999.0
2025-07-09 08:00:00,-999.0
2025-07-09 09:00:00,-999.0
2025-07-09 10:00:00,-999.0
2025-07-09 11:00:00,-999.0
2025-07-09 12:00:00,-999.0
2025-07-09 13:00:00,-999.0
2025-07-09 14:00:00,-999.0
2025-07-09 15:00:00,-999.0
2025-07-09 16:00:00,-999.0
2025-07-09 17:00:00,-999.0
2025-07-09 18:00:00,-999.0
2025-07-09 19:00:00,-999.0
2025-07-09 20:00:00,-999.0
2025-07-09 21:00:00,-999.0
2025-07-09 22:00:00,-999.0
2025-07-09 23:00:00,-999.0
2025-07-10 00:00:00,-999.0
2025-07-10 01:00:00,-999.0
2025-07-10 02:00:00,-999.0
2025-07-10 03:00:00,-999.0
2025-07-10 04:00:00,-999.0
2025-07-10 05:00:00,-999.0
2025-07-10 06:00:00,-999.0
2025-07-10 07:00:00,-999.0
2025-07-10 08:00:00,-999.0
2025-07-10 09:00:00,-999.0
2025-07-10 10:00:00,-999.0
2025-07-10 11:00:00,-999.0
2025-07-10 12:00:00,-999.0
2025-07-10 13:00:00,-999.0
2025-07-10 14:00:00,-999.0
2025-07-10 15:00:00,-999.0
2025-07-10 16:00:00,-999.0
2025-07-10 17:00:00,-999.0
2025-07-10 18:00:00,-999.0
2025-07-10 19:00:00,-999.0
2025-07-10 20:00:00,-999.0
2025-07-10 21:00:00,-999.0
2025-07-10 22:00:00,-999.0
2025-07-10 23:00:00,-999.0
2025-07-11 00:00:00,-999.0
2025-07-11 01:00:00,-999.0
2025-07-11 02:00:00,-999.0
2025-07-11 03:00:00,-999.0
2025-07-11 04:00:00,-999.0
2025-07-11 05:00:00,-999.0
2025-07-11 06:00:00,-999.0
2025-07-11 07:00:00,-999.0
2025-07-11 08:00:00,-999.0
2025-07-11 09:00:00,-999.0
2025-07-11 10:00:00,-999.0
2025-07-11 11:00:00,-999.0
2025-07-11 12:00:00,-999.0
2025-07-11 13:00:00,-999.0
2025-07-11 14:00:00,-999.0
2025-07-11 15:00:00,-999.0
2025-07-11 16:00:00,-999.0
2025-07-11 17:00:00,-999.0
2025-07-11 18:00:00,-999.0
2025-07-11 19:00:00,-999.0
2025-07-11 20:00:00,-999.0
2025-07-11 21:00:00,-999.0
2025-07-11 22:00:00,-999.0
2025-07-11 23:00:00,-999.0
2025-07-12 00:00:00,-999.0
2025-07-12 01:00:00,-999.0
2025-07-12 02:00:00,-999.0
2025-07-12 03:00:00,-999.0
2025-07-12 04:00:00,-999.0
2025-07-12 05:00:00,-999.0
2025-07-12 06:00:00,-999.0
2025-07-12 07:00:00,-999.0
2025-07-12 08:00:00,-999.0
2025-07-12 09:00:00,-999.0
2025-07-12 10:00:00,-999.0
2025-07-12 11:00:00,-999.0
2025-07-12 12:00:00,-999.0
2025-07-12 13:00:00,-999.0
2025-07-12 14:00:00,-999.0
2025-07-12 15:00:00,-999.0
2025-07-12 16:00:00,-999.0
2025-07-12 17:00:00,-999.0
2025-07-12 18:00:00,-999.0
2025-07-12 19:00:00,-999.0
2025-07-12 20:00:00,-999.0
2025-07-12 21:00:00,-999.0
2025-07-12 22:00:00,-999.0
2025-07-12 23:00:00,-999.0
2025-07-13 00:00:00,-999.0
2025-07-13 01:00:00,-999.0
2025-07-13 02:00:00,-999.0
2025-07-13 03:00:00,-999.0
2025-07-13 04:00:00,-999.0
2025-07-13 05:00:00,-999.0
2025-07-13 06:00:00,-999.0
2025-07-13 07:00:00,-999.0
2025-07-13 08:00:00,-999.0
2025-07-13 09:00:00,-999.0
2025-07-13 10:00:00,-999.0
2025-07-13 11:00:00,-999.0
2025-07-13 12:00:00,-999.0
2025-07-13 13:00:00,-999.0
2025-07-13 14:00:00,-999.0
2025-07-13 15:00:00,-999.0
2025-07-13 16:00:00,-999.0
2025-07-13 17:00:00,-999.0
2025-07-13 18:00:00,-999.0
2025-07-13 19:00:00,-999.0
2025-07-13 20:00:00,-999.0
2025-07-13 21:00:00,-999.0
2025-07-13 22:00:00,-999.0
2025-07-13 23:00:00,-999.0
2025-07-14 00:00:00,-999.0
2025-07-14 01:00:00,-999.0
2025-07-14 02:00:00,-999.0
2025-07-14 03:00:00,-999.0
2025-07-14 04:00:00,-999.0
2025-07-14 05:00:00,-999.0
2025-07-14 06:00:00,-999.0
2025-07-14 07:00:00,-999.0
2025-07-14 08:00:00,-999.0
2025-07-14 09:00:00,-999.0
2025-07-14 10:00:00,-999.0
2025-07-14 11:00:00,-999.0
2025-07-14 12:00:00,-999.0
2025-07-14 13:00:00,-999.0
2025-07-14 14:00:00,-999.0
2025-07-14 15:00:00,-999.0
2025-07-14 16:00:00,-999.0
2025-07-14 17:00:00,-999.0
2025-07-14 18:00:00,-999.0
2025-07-14 19:00:00,-999.0
2025-07-14 20:00:00,-999.0
2025-07-14 21:00:00,-999.0
2025-07-14 22:00:00,-999.0
2025-07-14 23:00:00,-999.0
2025-07-15 00:00:00,-999.0
2025-07-15 01:00:00,-999.0
2025-07-15 02:00:00,-999.0
2025-07-15 03:00:00,-999.0
2025-07-15 04:00:00,-999.0
2025-07-15 05:00:00,-999.0
2025-07-15 06:00:00,-999.0
2025-07-15 07:00:00,-999.0
2025-07-15 08:00:00,-999.0
2025-07-15 09:00:00,-999.0
2025-07-15 10:00:00,-999.0
2025-07-15 11:00:00,-999.0
2025-07-15 12:00:00,-999.0
2025-07-15 13:00:00,-999.0
2025-07-15 14:00:00,-999.0
2025-07-15 15:00:00,-999.0
2025-07-15 16:00:00,-999.0
2025-07-15 17:00:00,-999.0
2025-07-15 18:00:00,-999.0
2025-07-15 19:00:00,-999.0
2025-07-15 20:00:00,-999.0
2025-07-15 21:00:00,-999.0
2025-07-15 22:00:00,-999.0
2025-07-15 23:00:00,-999.0
2025-07-16 00:00:00,-999.0
2025-07-16 01:00:00,-999.0
2025-07-16 02:00:00,-999.0
2025-07-16 03:00:00,-999.0
2025-07-16 04:00:00,-999.0
2025-07-16 05:00:00,-999.0
2025-07-16 06:00:00,-999.0
2025-07-16 07:00:00,-999.0
2025-07-16 08:00:00,-999.0
2025-07-16 09:00:00,-999.0
2025-07-16 10:00:00,-999.0
2025-07-16 11:00:00,-999.0
2025-07-16 12:00:00,-999.0
2025-07-16 13:00:00,-999.0
2025-07-16 14:00:00,-999.0
2025-07-16 15:00:00,-999.0
2025-07-16 16:00:00,-999.0
2025-07-16 17:00:00,-999.0
2025-07-16 18:00:00,-999.0
2025-07-16 19:00:00,-999.0
2025-07-16 20:00:00,-999.0
2025-07-16 21:00:00,-999.0
2025-07-16 22:00:00,-999.0
2025-07-16 23:00:00,-999.0
2025-07-17 00:00:00,-999.0
2025-07-17 01:00:00,-999.0
2025-07-17 02:00:00,-999.0
2025-07-17 03:00:00,-999.0
2025-07-17 04:00:00,-999.0
2025-07-17 05:00:00,-999.0
2025-07-17 06:00:00,-999.0
2025-07-17 07:00:00,-999.0
2025-07-17 08:00:00,-999.0
2025-07-17 09:00:00,-999.0
2025-07-17 10:00:00,-999.0
2025-07-17 11:00:00,-999.0
2025-07-17 12:00:00,-999.0
2025-07-17 13:00:00,-999.0
2025-07-17 14:00:00,-999.0
2025-07-17 15:00:00,-999.0
2025-07-17 16:00:00,-999.0
2025-07-17 17:00:00,-999.0
2025-07-17 18:00:00,-999.0
2025-07-17 19:00:00,-999.0
2025-07-17 20:00:00,-999.0
2025-07-17 21:00:00,-999.0
2025-07-17 22:00:00,-999.0
2025-07-17 23:00:00,-999.0
2025-07-18 00:00:00,-999.0
2025-07-18 01:00:00,-999.0
2025-07-18 02:00:00,-999.0
2025-07-18 03:00:00,-999.0
2025-07-18 04:00:00,-999.0
2025-07-18 05:00:00,-999.0
2025-07-18 06:00:00,-999.0
2025-07-18 07:00:00,-999.0
2025-07-18 08:00:00,-999.0
2025-07-18 09:00:00,-999.0
2025-07-18 10:00:00,-999.0
2025-07-18 11:00:00,-999.0
2025-07-18 12:00:00,-999.0
2025-07-18 13:00:00,-999.0
2025-07-18 14:00:00,-999.0
2025-07-18 15:00:00,-999.0
2025-07-18 16:00:00,-999.0
2025-07-18 17:00:00,-999.0
2025-07-18 18:00:00,-999.0
2025-07-18 19:00:00,-999.0
2025-07-18 20:00:00,-999.0
2025-07-18 21:00:00,-999.0
2025-07-18 22:00:00,-999.0
2025-07-18 23:00:00,-999.0
2025-07-19 00:00:00,-999.0
2025-07-19 01:00:00,-999.0
2025-07-19 02:00:00,-999.0
2025-07-19 03:00:00,-999.0
2025-07-19 04:00:00,-999.0
2025-07-19 05:00:00,-999.0
2025-07-19 06:00:00,-999.0
2025-07-19 07:00:00,-999.0
2025-07-19 08:00:00,-999.0
2025-07-19 09:00:00,-999.0
2025-07-19 10:00:00,-999.0
2025-07-19 11:00:00,-999.0
2025-07-19 12:00:00,-999.0
2025-07-19 13:00:00,-999.0
2025-07-19 14:00:00,-999.0
2025-07-19 15:00:00,-999.0
2025-07-19 16:00:00,-999.0
2025-07-19 17:00:00,-999.0
2025-07-19 18:00:00,-999.0
2025-07-19 19:00:00,-999.0
2025-07-19 20:00:00,-999.0
2025-07-19 21:00:00,-999.0
2025-07-19 22:00:00,-999.0
2025-07-19 23:00:00,-999.0
2025-07-20 00:00:00,-999.0
2025-07-20 01:00:00,-999.0
2025-07-20 02:00:00,-999.0
2025-07-20 03:00:00,-999.0
2025-07-20 04:00:00,-999.0
2025-07-20 05:00:00,-999.0
2025-07-20 06:00:00,-999.0
2025-07-20 07:00:00,-999.0
2025-07-20 08:00:00,-999.0
2025-07-20 09:00:00,-999.0
2025-07-20 10:00:00,-999.0
2025-07-20 11:00:00,-999.0
2025-07-20 12:00:00,-999.0
2025-07-20 13:00:00,-999.0
2025-07-20 14:00:00,-999.0
2025-07-20 15:00:00,-999.0
2025-07-20 16:00:00,-999.0
2025-07-20 17:00:00,-999.0
2025-07-20 18:00:00,-999.0
2025-07-20 19:00:00,-999.0
2025-07-20 20:00:00,-999.0
2025-07-20 21:00:00,-999.0
2025-07-20 22:00:00,-999.0
2025-07-20 23:00:00,-999.0
2025-07-21 00:00:00,-999.0
2025-07-21 01:00:00,-999.0
2025-07-21 02:00:00,-999.0
2025-07-21 03:00:00,-999.0
2025-07-21 04:00:00,-999.0
2025-07-21 05:00:00,-999.0
2025-07-21 06:00:00,-999.0
2025-07-21 07:00:00,-999.0
2025-07-21 08:00:00,-999.0
2025-07-21 09:00:00,-999.0
2025-07-21 10:00:00,-999.0
2025-07-21 11:00:00,-999.0
2025-07-21 12:00:00,-999.0
2025-07-21 13:00:00,-999.0
2025-07-21 14:00:00,-999.0
2025-07-21 15:00:00,-999.0
2025-07-21 16:00:00,-999.0
2025-07-21 17:00:00,-999.0
2025-07-21 18:00:00,-999.0
2025-07-21 19:00:00,-999.0
2025-07-21 20:00:00,-999.0
2025-07-21 21:00:00,-999.0
2025-07-21 22:00:00,-999.0
2025-07-21 23:00:00,-999.0
2025-07-22 00:00:00,-999.0
2025-07-22 01:00:00,-999.0
2025-07-22 02:00:00,-999.0
2025-07-22 03:00:00,-999.0
2025-07-22 04:00:00,-999.0
2025-07-22 05:00:00,-999.0
2025-07-22 06:00:00,-999.0
2025-07-22 07:00:00,-999.0
2025-07-22 08:00:00,-999.0
2025-07-22 09:00:00,-999.0
2025-07-22 10:00:00,-999.0
2025-07-22 11:00:00,-999.0
2025-07-22 12:00:00,-999.0
2025-07-22 13:00:00,-999.0
2025-07-22 14:00:00,-999.0
2025-07-22 15:00:00,-999.0
2025-07-22 16:00:00,-999.0
2025-07-22 17:00:00,-999.0
2025-07-22 18:00:00,-999.0
2025-07-22 19:00:00,-999.0
2025-07-22 20:00:00,-999.0
2025-07-22 21:00:00,-999.0
2025-07-22 22:00:00,-999.0
2025-07-22 23:00:00,-999.0
2025-07-23 00:00:00,-999.0
2025-07-23 01:00:00,-999.0
2025-07-23 02:00:00,-999.0
2025-07-23 03:00:00,-999.0
2025-07-23 04:00:00,-999.0
2025-07-23 05:00:00,-999.0
2025-07-23 06:00:00,-999.0
2025-07-23 07:00:00,-999.0
2025-07-23 08:00:00,-999.0
2025-07-23 09:00:00,-999.0
2025-07-23 10:00:00,-999.0
2025-07-23 11:00:00,-999.0
2025-07-23 12:00:00,-999.0
2025-07-23 13:00:00,-999.0
2025-07-23 14:00:00,-999.0
2025-07-23 15:00:00,-999.0
2025-07-23 16:00:00,-999.0
2025-07-23 17:00:00,-999.0
2025-07-23 18:00:00,-999.0
2025-07-23 19:00:00,-999.0
2025-07-23 20:00:00,-999.0
2025-07-23 21:00:00,-999.0
2025-07-23 22:00:00,-999.0
2025-07-23 23:00:00,-999.0
2025-07-24 00:00:00,-999.0
2025-07-24 01:00:00,-999.0
2025-07-24 02:00:00,-999.0
2025-07-24 03:00:00,-999.0
2025-07-24 04:00:00,-999.0
2025-07-24 05:00:00,-999.0
2025-07-24 06:00:00,-999.0
2025-07-24 07:00:00,-999.0
2025-07-24 08:00:00,-999.0
2025-07-24 09:00:00,-999.0
2025-07-24 10:00:00,-999.0
2025-07-24 11:00:00,-999.0
2025-07-24 12:00:00,-999.0
2025-07-24 13:00:00,-999.0
2025-07-24 14:00:00,-999.0
2025-07-24 15:00:00,-999.0
2025-07-24 16:00:00,-999.0
2025-07-24 17:00:00,-999.0
2025-07-24 18:00:00,-999.0
2025-07-24 19:00:00,-999.0
2025-07-24 20:00:00,-999.0
2025-07-24 21:00:00,-999.0
2025-07-24 22:00:00,-999.0
2025-07-24 23:00:00,-999.0
2025-07-25 00:00:00,-999.0
2025-07-25 01:00:00,-999.0
2025-07-25 02:00:00,-999.0
2025-07-25 03:00:00,-999.0
2025-07-25 04:00:00,-999.0
2025-07-25 05:00:00,-999.0
2025-07-25 06:00:00,-999.0
2025-07-25 07:00:00,-999.0
2025-07-25 08:00:00,-999.0
2025-07-25 09:00:00,-999.0
2025-07-25 10:00:00,-999.0
2025-07-25 11:00:00,-999.0
2025-07-25 12:00:00,-999.0
2025-07-25 13:00:00,-999.0
2025-07-25 14:00:00,-999.0
2025-07-25 15:00:00,-999.0
2025-07-25 16:00:00,-999.0
2025-07-25 17:00:00,-999.0
2025-07-25 18:00:00,-999.0
2025-07-25 19:00:00,-999.0
2025-07-25 20:00:00,-999.0
2025-07-25 21:00:00,-999.0
2025-07-25 22:00:00,-999.0
2025-07-25 23:00:00,-999.0
2025-07-26 00:00:00,-999.0
2025-07-26 01:00:00,-999.0
2025-07-26 02:00:00,-999.0
2025-07-26 03:00:00,-999.0
2025-07-26 04:00:00,-999.0
2025-07-26 05:00:00,-999.0
2025-07-26 06:00:00,-999.0
2025-07-26 07:00:00,-999.0
2025-07-26 08:00:00,-999.0
2025-07-26 09:00:00,-999.0
2025-07-26 10:00:00,-999.0
2025-07-26 11:00:00,-999.0
2025-07-26 12:00:00,-999.0
2025-07-26 13:00:00,-999.0
2025-07-26 14:00:00,-999.0
2025-07-26 15:00:00,-999.0
2025-07-26 16:00:00,-999.0
2025-07-26 17:00:00,-999.0
2025-07-26 18:00:00,-999.0
2025-07-26 19:00:00,-999.0
2025-07-26 20:00:00,-999.0
2025-07-26 21:00:00,-999.0
2025-07-26 22:00:00,-999.0
2025-07-26 23:00:00,-999.0
2025-07-27 00:00:00,-999.0
2025-07-27 01:00:00,-999.0
2025-07-27 02:00:00,-999.0
2025-07-27 03:00:00,-999.0
2025-07-27 04:00:00,-999.0
2025-07-27 05:00:00,-999.0
2025-07-27 06:00:00,-999.0
2025-07-27 07:00:00,-999.0
2025-07-27 08:00:00,-999.0
2025-07-27 09:00:00,-999.0
2025-07-27 10:00:00,-999.0
2025-07-27 11:00:00,-999.0
2025-07-27 12:00:00,-999.0
2025-07-27 13:00:00,-999.0
2025-07-27 14:00:00,-999.0
2025-07-27 15:00:00,-999.0
2025-07-27 16:00:00,-999.0
2025-07-27 17:00:00,-999.0
2025-07-27 18:00:00,-999.0
2025-07-27 19:00:00,-999.0
2025-07-27 20:00:00,-999.0
2025-07-27 21:00:00,-999.0
2025-07-27 22:00:00,-999.0
2025-07-27 23:00:00,-999.0
2025-07-28 00:00:00,-999.0
2025-07-28 01:00:00,-999.0
2025-07-28 02:00:00,-999.0
2025-07-28 03:00:00,-999.0
2025-07-28 04:00:00,-999.0
2025-07-28 05:00:00,-999.0
2025-07-28 06:00:00,-999.0
2025-07-28 07:00:00,-999.0
2025-07-28 08:00:00,-999.0
2025-07-28 09:00:00,-999.0
2025-07-28 10:00:00,-999.0
2025-07-28 11:00:00,-999.0
2025-07-28 12:00:00,-999.0
2025-07-28 13:00:00,-999.0
2025-07-28 14:00:00,-999.0
2025-07-28 15:00:00,-999.0
2025-07-28 16:00:00,-999.0
2025-07-28 17:00:00,-999.0
2025-07-28 18:00:00,-999.0
2025-07-28 19:00:00,-999.0
2025-07-28 20:00:00,-999.0
2025-07-28 21:00:00,-999.0
2025-07-28 22:00:00,-999.0
2025-07-28 23:00:00,-999.0
2025-07-29 00:00:00,-999.0
2025-07-29 01:00:00,-999.0
2025-07-29 02:00:00,-999.0
2025-07-29 03:00:00,-999.0
2025-07-29 04:00:00,-999.0
2025-07-29 05:00:00,-999.0
2025-07-29 06:00:00,-999.0
2025-07-29 07:00:00,-999.0
2025-07-29 08:00:00,-999.0
2025-07-29 09:00:00,-999.0
2025-07-29 10:00:00,-999.0
2025-07-29 11:00:00,-999.0
2025-07-29 12:00:00,-999.0
2025-07-29 13:00:00,-999.0
2025-07-29 14:00:00,-999.0
2025-07-29 15:00:00,-999.0
2025-07-29 16:00:00,-999.0
2025-07-29 17:00:00,-999.0
2025-07-29 18:00:00,-999.0
2025-07-29 19:00:00,-999.0
2025-07-29 20:00:00,-999.0
2025-07-29 21:00:00,-999.0
2025-07-29 22:00:00,-999.0
2025-07-29 23:00:00,-999.0
2025-07-30 00:00:00,-999.0
2025-07-30 01:00:00,-999.0
2025-07-30 02:00:00,-999.0
2025-07-30 03:00:00,-999.0
2025-07-30 04:00:00,-999.0
2025-07-30 05:00:00,-999.0
2025-07-30 06:00:00,-999.0
2025-07-30 07:00:00,-999.0
2025-07-30 08:00:00,-999.0
2025-07-30 09:00:00,-999.0
2025-07-30 10:00:00,-999.0
2025-07-30 11:00:00,-999.0
2025-07-30 12:00:00,-999.0
2025-07-30 13:00:00,-999.0
2025-07-30 14:00:00,-999.0
2025-07-30 15:00:00,-999.0
2025-07-30 16:00:00,-999.0
2025-07-30 17:00:00,-999.0
2025-07-30 18:00:00,-999.0
2025-07-30 19:00:00,-999.0
2025-07-30 20:00:00,-999.0
2025-07-30 21:00:00,-999.0
2025-07-30 22:00:00,-999.0
2025-07-30 23:00:00,-999.0
2025-07-31 00:00:00,-999.0
2025-07-31 01:00:00,-999.0
2025-07-31 02:00:00,-999.0
2025-07-31 03:00:00,-999.0
2025-07-31 04:00:00,-999.0
2025-07-31 05:00:00,-999.0
2025-07-31 06:00:00,-999.0
2025-07-31 07:00:00,-999.0
2025-07-31 08:00:00,-999.0
2025-07-31 09:00:00,-999.0
2025-07-31 10:00:00,-999.0
2025-07-31 11:00:00,-999.0
2025-07-31 12:00:00,-999.0
2025-07-31 13:00:00,-999.0
2025-07-31 14:00:00,-999.0
2025-07-31 15:00:00,-999.0
2025-07-31 16:00:00,-999.0
2025-07-31 17:00:00,-999.0
2025-07-31 18:00:00,-999.0
2025-07-31 19:00:00,-999.0
2025-07-31 20:00:00,-999.0
2025-07-31 21:00:00,-999.0
2025-07-31 22:00:00,-999.0
2025-07-31 23:00:00,-999.0
2025-08-01 00:00:00,-999.0
2025-08-01 01:00:00,-999.0
2025-08-01 02:00:00,-999.0
2025-08-01 03:00:00,-999.0
2025-08-01 04:00:00,-999.0
2025-08-01 05:00:00,-999.0
2025-08-01 06:00:00,-999.0
2025-08-01 07:00:00,-999.0
2025-08-01 08:00:00,-999.0
2025-08-01 09:00:00,-999.0
2025-08-01 10:00:00,-999.0
2025-08-01 11:00:00,-999.0
2025-08-01 12:00:00,-999.0
2025-08-01 13:00:00,-999.0
2025-08-01 14:00:00,-999.0
2025-08-01 15:00:00,-999.0
2025-08-01 16:00:00,-999.0
2025-08-01 17:00:00,-999.0
2025-08-01 18:00:00,-999.0
2025-08-01 19:00:00,-999.0
2025-08-01 20:00:00,-999.0
2025-08-01 21:00:00,-999.0
2025-08-01 22:00:00,-999.0
2025-08-01 23:00:00,-999.0
2025-08-02 00:00:00,-999.0
2025-08-02 01:00:00,-999.0
2025-08-02 02:00:00,-999.0
2025-08-02 03:00:00,-999.0
2025-08-02 04:00:00,-999.0
2025-08-02 05:00:00,-999.0
2025-08-02 06:00:00,-999.0
2025-08-02 07:00:00,-999.0
2025-08-02 08:00:00,-999.0
2025-08-02 09:00:00,-999.0
2025-08-02 10:00:00,-999.0
2025-08-02 11:00:00,-999.0
2025-08-02 12:00:00,-999.0
2025-08-02 13:00:00,-999.0
2025-08-02 14:00:00,-999.0
2025-08-02 15:00:00,-999.0
2025-08-02 16:00:00,-999.0
2025-08-02 17:00:00,-999.0
2025-08-02 18:00:00,-999.0
2025-08-02 19:00:00,-999.0
2025-08-02 20:00:00,-999.0
2025-08-02 21:00:00,-999.0
2025-08-02 22:00:00,-999.0
2025-08-02 23:00:00,-999.0
