datetime,TOA_SW_DWN
2024-08-02 00:00:00,0.0
2024-08-02 01:00:00,0.0
2024-08-02 02:00:00,0.0
2024-08-02 03:00:00,0.0
2024-08-02 04:00:00,0.0
2024-08-02 05:00:00,0.0
2024-08-02 06:00:00,208.68
2024-08-02 07:00:00,508.15
2024-08-02 08:00:00,786.15
2024-08-02 09:00:00,1019.7
2024-08-02 10:00:00,1192.9
2024-08-02 11:00:00,1293.9
2024-08-02 12:00:00,1315.85
2024-08-02 13:00:00,1257.18
2024-08-02 14:00:00,1121.93
2024-08-02 15:00:00,919.25
2024-08-02 16:00:00,663.0
2024-08-02 17:00:00,370.58
2024-08-02 18:00:00,75.88
2024-08-02 19:00:00,0.0
2024-08-02 20:00:00,0.0
2024-08-02 21:00:00,0.0
2024-08-02 22:00:00,0.0
2024-08-02 23:00:00,0.0
2024-08-03 00:00:00,0.0
2024-08-03 01:00:00,0.0
2024-08-03 02:00:00,0.0
2024-08-03 03:00:00,0.0
2024-08-03 04:00:00,0.0
2024-08-03 05:00:00,0.0
2024-08-03 06:00:00,207.1
2024-08-03 07:00:00,507.35
2024-08-03 08:00:00,785.8
2024-08-03 09:00:00,1019.7
2024-08-03 10:00:00,1193.12
2024-08-03 11:00:00,1294.2
2024-08-03 12:00:00,1316.07
2024-08-03 13:00:00,1257.2
2024-08-03 14:00:00,1121.6
2024-08-03 15:00:00,918.47
2024-08-03 16:00:00,661.67
2024-08-03 17:00:00,368.7
2024-08-03 18:00:00,74.25
2024-08-03 19:00:00,0.0
2024-08-03 20:00:00,0.0
2024-08-03 21:00:00,0.0
2024-08-03 22:00:00,0.0
2024-08-03 23:00:00,0.0
2024-08-04 00:00:00,0.0
2024-08-04 01:00:00,0.0
2024-08-04 02:00:00,0.0
2024-08-04 03:00:00,0.0
2024-08-04 04:00:00,0.0
2024-08-04 05:00:00,0.0
2024-08-04 06:00:00,205.48
2024-08-04 07:00:00,506.48
2024-08-04 08:00:00,785.3
2024-08-04 09:00:00,1019.5
2024-08-04 10:00:00,1193.1
2024-08-04 11:00:00,1294.22
2024-08-04 12:00:00,1316.0
2024-08-04 13:00:00,1256.9
2024-08-04 14:00:00,1120.95
2024-08-04 15:00:00,917.42
2024-08-04 16:00:00,660.15
2024-08-04 17:00:00,366.65
2024-08-04 18:00:00,72.55
2024-08-04 19:00:00,0.0
2024-08-04 20:00:00,0.0
2024-08-04 21:00:00,0.0
2024-08-04 22:00:00,0.0
2024-08-04 23:00:00,0.0
2024-08-05 00:00:00,0.0
2024-08-05 01:00:00,0.0
2024-08-05 02:00:00,0.0
2024-08-05 03:00:00,0.0
2024-08-05 04:00:00,0.0
2024-08-05 05:00:00,0.0
2024-08-05 06:00:00,203.9
2024-08-05 07:00:00,505.58
2024-08-05 08:00:00,784.8
2024-08-05 09:00:00,1019.28
2024-08-05 10:00:00,1193.03
2024-08-05 11:00:00,1294.2
2024-08-05 12:00:00,1315.88
2024-08-05 13:00:00,1256.55
2024-08-05 14:00:00,1120.25
2024-08-05 15:00:00,916.3
2024-08-05 16:00:00,658.53
2024-08-05 17:00:00,364.52
2024-08-05 18:00:00,70.8
2024-08-05 19:00:00,0.0
2024-08-05 20:00:00,0.0
2024-08-05 21:00:00,0.0
2024-08-05 22:00:00,0.0
2024-08-05 23:00:00,0.0
2024-08-06 00:00:00,0.0
2024-08-06 01:00:00,0.0
2024-08-06 02:00:00,0.0
2024-08-06 03:00:00,0.0
2024-08-06 04:00:00,0.0
2024-08-06 05:00:00,0.0
2024-08-06 06:00:00,202.35
2024-08-06 07:00:00,504.73
2024-08-06 08:00:00,784.35
2024-08-06 09:00:00,1019.1
2024-08-06 10:00:00,1193.03
2024-08-06 11:00:00,1294.2
2024-08-06 12:00:00,1315.75
2024-08-06 13:00:00,1256.18
2024-08-06 14:00:00,1119.53
2024-08-06 15:00:00,915.1
2024-08-06 16:00:00,656.83
2024-08-06 17:00:00,362.3
2024-08-06 18:00:00,69.03
2024-08-06 19:00:00,0.0
2024-08-06 20:00:00,0.0
2024-08-06 21:00:00,0.0
2024-08-06 22:00:00,0.0
2024-08-06 23:00:00,0.0
2024-08-07 00:00:00,0.0
2024-08-07 01:00:00,0.0
2024-08-07 02:00:00,0.0
2024-08-07 03:00:00,0.0
2024-08-07 04:00:00,0.0
2024-08-07 05:00:00,0.0
2024-08-07 06:00:00,200.8
2024-08-07 07:00:00,503.8
2024-08-07 08:00:00,783.72
2024-08-07 09:00:00,1018.72
2024-08-07 10:00:00,1192.75
2024-08-07 11:00:00,1293.93
2024-08-07 12:00:00,1315.32
2024-08-07 13:00:00,1255.5
2024-08-07 14:00:00,1118.53
2024-08-07 15:00:00,913.67
2024-08-07 16:00:00,654.92
2024-08-07 17:00:00,359.92
2024-08-07 18:00:00,67.2
2024-08-07 19:00:00,0.0
2024-08-07 20:00:00,0.0
2024-08-07 21:00:00,0.0
2024-08-07 22:00:00,0.0
2024-08-07 23:00:00,0.0
2024-08-08 00:00:00,0.0
2024-08-08 01:00:00,0.0
2024-08-08 02:00:00,0.0
2024-08-08 03:00:00,0.0
2024-08-08 04:00:00,0.0
2024-08-08 05:00:00,0.0
2024-08-08 06:00:00,199.35
2024-08-08 07:00:00,503.05
2024-08-08 08:00:00,783.38
2024-08-08 09:00:00,1018.65
2024-08-08 10:00:00,1192.82
2024-08-08 11:00:00,1294.0
2024-08-08 12:00:00,1315.28
2024-08-08 13:00:00,1255.18
2024-08-08 14:00:00,1117.78
2024-08-08 15:00:00,912.45
2024-08-08 16:00:00,653.15
2024-08-08 17:00:00,357.58
2024-08-08 18:00:00,65.38
2024-08-08 19:00:00,0.0
2024-08-08 20:00:00,0.0
2024-08-08 21:00:00,0.0
2024-08-08 22:00:00,0.0
2024-08-08 23:00:00,0.0
2024-08-09 00:00:00,0.0
2024-08-09 01:00:00,0.0
2024-08-09 02:00:00,0.0
2024-08-09 03:00:00,0.0
2024-08-09 04:00:00,0.0
2024-08-09 05:00:00,0.0
2024-08-09 06:00:00,197.98
2024-08-09 07:00:00,502.45
2024-08-09 08:00:00,783.28
2024-08-09 09:00:00,1018.9
2024-08-09 10:00:00,1193.28
2024-08-09 11:00:00,1294.47
2024-08-09 12:00:00,1315.6
2024-08-09 13:00:00,1255.18
2024-08-09 14:00:00,1117.32
2024-08-09 15:00:00,911.42
2024-08-09 16:00:00,651.5
2024-08-09 17:00:00,355.23
2024-08-09 18:00:00,63.53
2024-08-09 19:00:00,0.0
2024-08-09 20:00:00,0.0
2024-08-09 21:00:00,0.0
2024-08-09 22:00:00,0.0
2024-08-09 23:00:00,0.0
2024-08-10 00:00:00,0.0
2024-08-10 01:00:00,0.0
2024-08-10 02:00:00,0.0
2024-08-10 03:00:00,0.0
2024-08-10 04:00:00,0.0
2024-08-10 05:00:00,0.0
2024-08-10 06:00:00,196.6
2024-08-10 07:00:00,501.83
2024-08-10 08:00:00,783.12
2024-08-10 09:00:00,1019.08
2024-08-10 10:00:00,1193.62
2024-08-10 11:00:00,1294.82
2024-08-10 12:00:00,1315.78
2024-08-10 13:00:00,1255.03
2024-08-10 14:00:00,1116.72
2024-08-10 15:00:00,910.25
2024-08-10 16:00:00,649.7
2024-08-10 17:00:00,352.77
2024-08-10 18:00:00,61.65
2024-08-10 19:00:00,0.0
2024-08-10 20:00:00,0.0
2024-08-10 21:00:00,0.0
2024-08-10 22:00:00,0.0
2024-08-10 23:00:00,0.0
2024-08-11 00:00:00,0.0
2024-08-11 01:00:00,0.0
2024-08-11 02:00:00,0.0
2024-08-11 03:00:00,0.0
2024-08-11 04:00:00,0.0
2024-08-11 05:00:00,0.0
2024-08-11 06:00:00,195.25
2024-08-11 07:00:00,501.2
2024-08-11 08:00:00,782.9
2024-08-11 09:00:00,1019.17
2024-08-11 10:00:00,1193.85
2024-08-11 11:00:00,1295.03
2024-08-11 12:00:00,1315.8
2024-08-11 13:00:00,1254.72
2024-08-11 14:00:00,1115.95
2024-08-11 15:00:00,908.92
2024-08-11 16:00:00,647.75
2024-08-11 17:00:00,350.23
2024-08-11 18:00:00,59.75
2024-08-11 19:00:00,0.0
2024-08-11 20:00:00,0.0
2024-08-11 21:00:00,0.0
2024-08-11 22:00:00,0.0
2024-08-11 23:00:00,0.0
2024-08-12 00:00:00,0.0
2024-08-12 01:00:00,0.0
2024-08-12 02:00:00,0.0
2024-08-12 03:00:00,0.0
2024-08-12 04:00:00,0.0
2024-08-12 05:00:00,0.0
2024-08-12 06:00:00,193.9
2024-08-12 07:00:00,500.48
2024-08-12 08:00:00,782.55
2024-08-12 09:00:00,1019.05
2024-08-12 10:00:00,1193.85
2024-08-12 11:00:00,1294.97
2024-08-12 12:00:00,1315.53
2024-08-12 13:00:00,1254.12
2024-08-12 14:00:00,1114.93
2024-08-12 15:00:00,907.38
2024-08-12 16:00:00,645.62
2024-08-12 17:00:00,347.5
2024-08-12 18:00:00,57.83
2024-08-12 19:00:00,0.0
2024-08-12 20:00:00,0.0
2024-08-12 21:00:00,0.0
2024-08-12 22:00:00,0.0
2024-08-12 23:00:00,0.0
2024-08-13 00:00:00,0.0
2024-08-13 01:00:00,0.0
2024-08-13 02:00:00,0.0
2024-08-13 03:00:00,0.0
2024-08-13 04:00:00,0.0
2024-08-13 05:00:00,0.0
2024-08-13 06:00:00,192.57
2024-08-13 07:00:00,499.8
2024-08-13 08:00:00,782.25
2024-08-13 09:00:00,1019.0
2024-08-13 10:00:00,1193.88
2024-08-13 11:00:00,1294.95
2024-08-13 12:00:00,1315.3
2024-08-13 13:00:00,1253.55
2024-08-13 14:00:00,1113.88
2024-08-13 15:00:00,905.78
2024-08-13 16:00:00,643.42
2024-08-13 17:00:00,344.73
2024-08-13 18:00:00,55.9
2024-08-13 19:00:00,0.0
2024-08-13 20:00:00,0.0
2024-08-13 21:00:00,0.0
2024-08-13 22:00:00,0.0
2024-08-13 23:00:00,0.0
2024-08-14 00:00:00,0.0
2024-08-14 01:00:00,0.0
2024-08-14 02:00:00,0.0
2024-08-14 03:00:00,0.0
2024-08-14 04:00:00,0.0
2024-08-14 05:00:00,0.0
2024-08-14 06:00:00,191.35
2024-08-14 07:00:00,499.27
2024-08-14 08:00:00,782.22
2024-08-14 09:00:00,1019.28
2024-08-14 10:00:00,1194.28
2024-08-14 11:00:00,1295.32
2024-08-14 12:00:00,1315.45
2024-08-14 13:00:00,1253.3
2024-08-14 14:00:00,1113.1
2024-08-14 15:00:00,904.4
2024-08-14 16:00:00,641.38
2024-08-14 17:00:00,341.98
2024-08-14 18:00:00,53.95
2024-08-14 19:00:00,0.0
2024-08-14 20:00:00,0.0
2024-08-14 21:00:00,0.0
2024-08-14 22:00:00,0.0
2024-08-14 23:00:00,0.0
2024-08-15 00:00:00,0.0
2024-08-15 01:00:00,0.0
2024-08-15 02:00:00,0.0
2024-08-15 03:00:00,0.0
2024-08-15 04:00:00,0.0
2024-08-15 05:00:00,0.0
2024-08-15 06:00:00,190.1
2024-08-15 07:00:00,498.73
2024-08-15 08:00:00,782.08
2024-08-15 09:00:00,1019.4
2024-08-15 10:00:00,1194.53
2024-08-15 11:00:00,1295.47
2024-08-15 12:00:00,1315.38
2024-08-15 13:00:00,1252.85
2024-08-15 14:00:00,1112.12
2024-08-15 15:00:00,902.8
2024-08-15 16:00:00,639.15
2024-08-15 17:00:00,339.08
2024-08-15 18:00:00,52.0
2024-08-15 19:00:00,0.0
2024-08-15 20:00:00,0.0
2024-08-15 21:00:00,0.0
2024-08-15 22:00:00,0.0
2024-08-15 23:00:00,0.0
2024-08-16 00:00:00,0.0
2024-08-16 01:00:00,0.0
2024-08-16 02:00:00,0.0
2024-08-16 03:00:00,0.0
2024-08-16 04:00:00,0.0
2024-08-16 05:00:00,0.0
2024-08-16 06:00:00,188.88
2024-08-16 07:00:00,498.12
2024-08-16 08:00:00,781.85
2024-08-16 09:00:00,1019.42
2024-08-16 10:00:00,1194.6
2024-08-16 11:00:00,1295.47
2024-08-16 12:00:00,1315.12
2024-08-16 13:00:00,1252.2
2024-08-16 14:00:00,1110.97
2024-08-16 15:00:00,901.08
2024-08-16 16:00:00,636.75
2024-08-16 17:00:00,336.08
2024-08-16 18:00:00,50.03
2024-08-16 19:00:00,0.0
2024-08-16 20:00:00,0.0
2024-08-16 21:00:00,0.0
2024-08-16 22:00:00,0.0
2024-08-16 23:00:00,0.0
2024-08-17 00:00:00,0.0
2024-08-17 01:00:00,0.0
2024-08-17 02:00:00,0.0
2024-08-17 03:00:00,0.0
2024-08-17 04:00:00,0.0
2024-08-17 05:00:00,0.0
2024-08-17 06:00:00,187.68
2024-08-17 07:00:00,497.5
2024-08-17 08:00:00,781.58
2024-08-17 09:00:00,1019.35
2024-08-17 10:00:00,1194.57
2024-08-17 11:00:00,1295.32
2024-08-17 12:00:00,1314.72
2024-08-17 13:00:00,1251.4
2024-08-17 14:00:00,1109.65
2024-08-17 15:00:00,899.17
2024-08-17 16:00:00,634.25
2024-08-17 17:00:00,332.95
2024-08-17 18:00:00,48.05
2024-08-17 19:00:00,0.0
2024-08-17 20:00:00,0.0
2024-08-17 21:00:00,0.0
2024-08-17 22:00:00,0.0
2024-08-17 23:00:00,0.0
2024-08-18 00:00:00,0.0
2024-08-18 01:00:00,0.0
2024-08-18 02:00:00,0.0
2024-08-18 03:00:00,0.0
2024-08-18 04:00:00,0.0
2024-08-18 05:00:00,0.0
2024-08-18 06:00:00,186.45
2024-08-18 07:00:00,496.83
2024-08-18 08:00:00,781.2
2024-08-18 09:00:00,1019.12
2024-08-18 10:00:00,1194.38
2024-08-18 11:00:00,1295.0
2024-08-18 12:00:00,1314.1
2024-08-18 13:00:00,1250.38
2024-08-18 14:00:00,1108.15
2024-08-18 15:00:00,897.08
2024-08-18 16:00:00,631.58
2024-08-18 17:00:00,329.73
2024-08-18 18:00:00,46.08
2024-08-18 19:00:00,0.0
2024-08-18 20:00:00,0.0
2024-08-18 21:00:00,0.0
2024-08-18 22:00:00,0.0
2024-08-18 23:00:00,0.0
2024-08-19 00:00:00,0.0
2024-08-19 01:00:00,0.0
2024-08-19 02:00:00,0.0
2024-08-19 03:00:00,0.0
2024-08-19 04:00:00,0.0
2024-08-19 05:00:00,0.0
2024-08-19 06:00:00,185.27
2024-08-19 07:00:00,496.15
2024-08-19 08:00:00,780.83
2024-08-19 09:00:00,1018.92
2024-08-19 10:00:00,1194.18
2024-08-19 11:00:00,1294.65
2024-08-19 12:00:00,1313.45
2024-08-19 13:00:00,1249.3
2024-08-19 14:00:00,1106.55
2024-08-19 15:00:00,894.92
2024-08-19 16:00:00,628.83
2024-08-19 17:00:00,326.4
2024-08-19 18:00:00,44.1
2024-08-19 19:00:00,0.0
2024-08-19 20:00:00,0.0
2024-08-19 21:00:00,0.0
2024-08-19 22:00:00,0.0
2024-08-19 23:00:00,0.0
2024-08-20 00:00:00,0.0
2024-08-20 01:00:00,0.0
2024-08-20 02:00:00,0.0
2024-08-20 03:00:00,0.0
2024-08-20 04:00:00,0.0
2024-08-20 05:00:00,0.0
2024-08-20 06:00:00,184.07
2024-08-20 07:00:00,495.45
2024-08-20 08:00:00,780.4
2024-08-20 09:00:00,1018.6
2024-08-20 10:00:00,1193.82
2024-08-20 11:00:00,1294.12
2024-08-20 12:00:00,1312.62
2024-08-20 13:00:00,1248.05
2024-08-20 14:00:00,1104.8
2024-08-20 15:00:00,892.62
2024-08-20 16:00:00,625.95
2024-08-20 17:00:00,322.98
2024-08-20 18:00:00,42.15
2024-08-20 19:00:00,0.0
2024-08-20 20:00:00,0.0
2024-08-20 21:00:00,0.0
2024-08-20 22:00:00,0.0
2024-08-20 23:00:00,0.0
2024-08-21 00:00:00,0.0
2024-08-21 01:00:00,0.0
2024-08-21 02:00:00,0.0
2024-08-21 03:00:00,0.0
2024-08-21 04:00:00,0.0
2024-08-21 05:00:00,0.0
2024-08-21 06:00:00,182.9
2024-08-21 07:00:00,494.7
2024-08-21 08:00:00,779.85
2024-08-21 09:00:00,1018.15
2024-08-21 10:00:00,1193.32
2024-08-21 11:00:00,1293.4
2024-08-21 12:00:00,1311.57
2024-08-21 13:00:00,1246.6
2024-08-21 14:00:00,1102.85
2024-08-21 15:00:00,890.12
2024-08-21 16:00:00,622.92
2024-08-21 17:00:00,319.45
2024-08-21 18:00:00,40.17
2024-08-21 19:00:00,0.0
2024-08-21 20:00:00,0.0
2024-08-21 21:00:00,0.0
2024-08-21 22:00:00,0.0
2024-08-21 23:00:00,0.0
2024-08-22 00:00:00,0.0
2024-08-22 01:00:00,0.0
2024-08-22 02:00:00,0.0
2024-08-22 03:00:00,0.0
2024-08-22 04:00:00,0.0
2024-08-22 05:00:00,0.0
2024-08-22 06:00:00,181.77
2024-08-22 07:00:00,494.05
2024-08-22 08:00:00,779.45
2024-08-22 09:00:00,1017.88
2024-08-22 10:00:00,1193.0
2024-08-22 11:00:00,1292.9
2024-08-22 12:00:00,1310.72
2024-08-22 13:00:00,1245.3
2024-08-22 14:00:00,1101.03
2024-08-22 15:00:00,887.72
2024-08-22 16:00:00,619.92
2024-08-22 17:00:00,315.9
2024-08-22 18:00:00,38.22
2024-08-22 19:00:00,0.0
2024-08-22 20:00:00,0.0
2024-08-22 21:00:00,0.0
2024-08-22 22:00:00,0.0
2024-08-22 23:00:00,0.0
2024-08-23 00:00:00,0.0
2024-08-23 01:00:00,0.0
2024-08-23 02:00:00,0.0
2024-08-23 03:00:00,0.0
2024-08-23 04:00:00,0.0
2024-08-23 05:00:00,0.0
2024-08-23 06:00:00,180.7
2024-08-23 07:00:00,493.48
2024-08-23 08:00:00,779.2
2024-08-23 09:00:00,1017.72
2024-08-23 10:00:00,1192.82
2024-08-23 11:00:00,1292.55
2024-08-23 12:00:00,1310.05
2024-08-23 13:00:00,1244.12
2024-08-23 14:00:00,1099.3
2024-08-23 15:00:00,885.38
2024-08-23 16:00:00,616.95
2024-08-23 17:00:00,312.33
2024-08-23 18:00:00,36.33
2024-08-23 19:00:00,0.0
2024-08-23 20:00:00,0.0
2024-08-23 21:00:00,0.0
2024-08-23 22:00:00,0.0
2024-08-23 23:00:00,0.0
2024-08-24 00:00:00,0.0
2024-08-24 01:00:00,0.0
2024-08-24 02:00:00,0.0
2024-08-24 03:00:00,0.0
2024-08-24 04:00:00,0.0
2024-08-24 05:00:00,0.0
2024-08-24 06:00:00,179.65
2024-08-24 07:00:00,492.92
2024-08-24 08:00:00,778.92
2024-08-24 09:00:00,1017.58
2024-08-24 10:00:00,1192.65
2024-08-24 11:00:00,1292.15
2024-08-24 12:00:00,1309.3
2024-08-24 13:00:00,1242.93
2024-08-24 14:00:00,1097.5
2024-08-24 15:00:00,882.95
2024-08-24 16:00:00,613.9
2024-08-24 17:00:00,308.67
2024-08-24 18:00:00,34.42
2024-08-24 19:00:00,0.0
2024-08-24 20:00:00,0.0
2024-08-24 21:00:00,0.0
2024-08-24 22:00:00,0.0
2024-08-24 23:00:00,0.0
2024-08-25 00:00:00,0.0
2024-08-25 01:00:00,0.0
2024-08-25 02:00:00,0.0
2024-08-25 03:00:00,0.0
2024-08-25 04:00:00,0.0
2024-08-25 05:00:00,0.0
2024-08-25 06:00:00,178.65
2024-08-25 07:00:00,492.48
2024-08-25 08:00:00,778.8
2024-08-25 09:00:00,1017.62
2024-08-25 10:00:00,1192.68
2024-08-25 11:00:00,1291.97
2024-08-25 12:00:00,1308.78
2024-08-25 13:00:00,1241.88
2024-08-25 14:00:00,1095.88
2024-08-25 15:00:00,880.65
2024-08-25 16:00:00,610.9
2024-08-25 17:00:00,305.0
2024-08-25 18:00:00,32.55
2024-08-25 19:00:00,0.0
2024-08-25 20:00:00,0.0
2024-08-25 21:00:00,0.0
2024-08-25 22:00:00,0.0
2024-08-25 23:00:00,0.0
2024-08-26 00:00:00,0.0
2024-08-26 01:00:00,0.0
2024-08-26 02:00:00,0.0
2024-08-26 03:00:00,0.0
2024-08-26 04:00:00,0.0
2024-08-26 05:00:00,0.0
2024-08-26 06:00:00,177.68
2024-08-26 07:00:00,492.05
2024-08-26 08:00:00,778.7
2024-08-26 09:00:00,1017.7
2024-08-26 10:00:00,1192.72
2024-08-26 11:00:00,1291.82
2024-08-26 12:00:00,1308.25
2024-08-26 13:00:00,1240.85
2024-08-26 14:00:00,1094.22
2024-08-26 15:00:00,878.33
2024-08-26 16:00:00,607.88
2024-08-26 17:00:00,301.3
2024-08-26 18:00:00,30.73
2024-08-26 19:00:00,0.0
2024-08-26 20:00:00,0.0
2024-08-26 21:00:00,0.0
2024-08-26 22:00:00,0.0
2024-08-26 23:00:00,0.0
2024-08-27 00:00:00,0.0
2024-08-27 01:00:00,0.0
2024-08-27 02:00:00,0.0
2024-08-27 03:00:00,0.0
2024-08-27 04:00:00,0.0
2024-08-27 05:00:00,0.0
2024-08-27 06:00:00,176.73
2024-08-27 07:00:00,491.65
2024-08-27 08:00:00,778.65
2024-08-27 09:00:00,1017.83
2024-08-27 10:00:00,1192.82
2024-08-27 11:00:00,1291.72
2024-08-27 12:00:00,1307.78
2024-08-27 13:00:00,1239.85
2024-08-27 14:00:00,1092.57
2024-08-27 15:00:00,875.97
2024-08-27 16:00:00,604.8
2024-08-27 17:00:00,297.52
2024-08-27 18:00:00,28.9
2024-08-27 19:00:00,0.0
2024-08-27 20:00:00,0.0
2024-08-27 21:00:00,0.0
2024-08-27 22:00:00,0.0
2024-08-27 23:00:00,0.0
2024-08-28 00:00:00,0.0
2024-08-28 01:00:00,0.0
2024-08-28 02:00:00,0.0
2024-08-28 03:00:00,0.0
2024-08-28 04:00:00,0.0
2024-08-28 05:00:00,0.0
2024-08-28 06:00:00,175.8
2024-08-28 07:00:00,491.23
2024-08-28 08:00:00,778.53
2024-08-28 09:00:00,1017.83
2024-08-28 10:00:00,1192.8
2024-08-28 11:00:00,1291.47
2024-08-28 12:00:00,1307.12
2024-08-28 13:00:00,1238.68
2024-08-28 14:00:00,1090.78
2024-08-28 15:00:00,873.47
2024-08-28 16:00:00,601.6
2024-08-28 17:00:00,293.67
2024-08-28 18:00:00,27.12
2024-08-28 19:00:00,0.0
2024-08-28 20:00:00,0.0
2024-08-28 21:00:00,0.0
2024-08-28 22:00:00,0.0
2024-08-28 23:00:00,0.0
2024-08-29 00:00:00,0.0
2024-08-29 01:00:00,0.0
2024-08-29 02:00:00,0.0
2024-08-29 03:00:00,0.0
2024-08-29 04:00:00,0.0
2024-08-29 05:00:00,0.0
2024-08-29 06:00:00,174.88
2024-08-29 07:00:00,490.83
2024-08-29 08:00:00,778.45
2024-08-29 09:00:00,1017.88
2024-08-29 10:00:00,1192.78
2024-08-29 11:00:00,1291.22
2024-08-29 12:00:00,1306.47
2024-08-29 13:00:00,1237.47
2024-08-29 14:00:00,1088.93
2024-08-29 15:00:00,870.95
2024-08-29 16:00:00,598.35
2024-08-29 17:00:00,289.75
2024-08-29 18:00:00,25.38
2024-08-29 19:00:00,0.0
2024-08-29 20:00:00,0.0
2024-08-29 21:00:00,0.0
2024-08-29 22:00:00,0.0
2024-08-29 23:00:00,0.0
2024-08-30 00:00:00,0.0
2024-08-30 01:00:00,0.0
2024-08-30 02:00:00,0.0
2024-08-30 03:00:00,0.0
2024-08-30 04:00:00,0.0
2024-08-30 05:00:00,0.0
2024-08-30 06:00:00,173.9
2024-08-30 07:00:00,490.25
2024-08-30 08:00:00,778.1
2024-08-30 09:00:00,1017.58
2024-08-30 10:00:00,1192.35
2024-08-30 11:00:00,1290.53
2024-08-30 12:00:00,1305.38
2024-08-30 13:00:00,1235.85
2024-08-30 14:00:00,1086.7
2024-08-30 15:00:00,868.08
2024-08-30 16:00:00,594.88
2024-08-30 17:00:00,285.7
2024-08-30 18:00:00,23.67
2024-08-30 19:00:00,0.0
2024-08-30 20:00:00,0.0
2024-08-30 21:00:00,0.0
2024-08-30 22:00:00,0.0
2024-08-30 23:00:00,0.0
2024-08-31 00:00:00,0.0
2024-08-31 01:00:00,0.0
2024-08-31 02:00:00,0.0
2024-08-31 03:00:00,0.0
2024-08-31 04:00:00,0.0
2024-08-31 05:00:00,0.0
2024-08-31 06:00:00,172.95
2024-08-31 07:00:00,489.67
2024-08-31 08:00:00,777.67
2024-08-31 09:00:00,1017.17
2024-08-31 10:00:00,1191.82
2024-08-31 11:00:00,1289.7
2024-08-31 12:00:00,1304.12
2024-08-31 13:00:00,1234.07
2024-08-31 14:00:00,1084.32
2024-08-31 15:00:00,865.08
2024-08-31 16:00:00,591.28
2024-08-31 17:00:00,281.55
2024-08-31 18:00:00,22.0
2024-08-31 19:00:00,0.0
2024-08-31 20:00:00,0.0
2024-08-31 21:00:00,0.0
2024-08-31 22:00:00,0.0
2024-08-31 23:00:00,0.0
2024-09-01 00:00:00,0.0
2024-09-01 01:00:00,0.0
2024-09-01 02:00:00,0.0
2024-09-01 03:00:00,0.0
2024-09-01 04:00:00,0.0
2024-09-01 05:00:00,0.0
2024-09-01 06:00:00,172.02
2024-09-01 07:00:00,489.12
2024-09-01 08:00:00,777.33
2024-09-01 09:00:00,1016.88
2024-09-01 10:00:00,1191.38
2024-09-01 11:00:00,1288.95
2024-09-01 12:00:00,1302.93
2024-09-01 13:00:00,1232.35
2024-09-01 14:00:00,1082.0
2024-09-01 15:00:00,862.1
2024-09-01 16:00:00,587.67
2024-09-01 17:00:00,277.38
2024-09-01 18:00:00,20.38
2024-09-01 19:00:00,0.0
2024-09-01 20:00:00,0.0
2024-09-01 21:00:00,0.0
2024-09-01 22:00:00,0.0
2024-09-01 23:00:00,0.0
2024-09-02 00:00:00,0.0
2024-09-02 01:00:00,0.0
2024-09-02 02:00:00,0.0
2024-09-02 03:00:00,0.0
2024-09-02 04:00:00,0.0
2024-09-02 05:00:00,0.0
2024-09-02 06:00:00,171.1
2024-09-02 07:00:00,488.55
2024-09-02 08:00:00,776.92
2024-09-02 09:00:00,1016.47
2024-09-02 10:00:00,1190.82
2024-09-02 11:00:00,1288.1
2024-09-02 12:00:00,1301.62
2024-09-02 13:00:00,1230.5
2024-09-02 14:00:00,1079.53
2024-09-02 15:00:00,859.03
2024-09-02 16:00:00,583.97
2024-09-02 17:00:00,273.12
2024-09-02 18:00:00,18.8
2024-09-02 19:00:00,0.0
2024-09-02 20:00:00,0.0
2024-09-02 21:00:00,0.0
2024-09-02 22:00:00,0.0
2024-09-02 23:00:00,0.0
2024-09-03 00:00:00,0.0
2024-09-03 01:00:00,0.0
2024-09-03 02:00:00,0.0
2024-09-03 03:00:00,0.0
2024-09-03 04:00:00,0.0
2024-09-03 05:00:00,0.0
2024-09-03 06:00:00,170.18
2024-09-03 07:00:00,487.98
2024-09-03 08:00:00,776.53
2024-09-03 09:00:00,1016.05
2024-09-03 10:00:00,1190.25
2024-09-03 11:00:00,1287.2
2024-09-03 12:00:00,1300.3
2024-09-03 13:00:00,1228.6
2024-09-03 14:00:00,1077.03
2024-09-03 15:00:00,855.88
2024-09-03 16:00:00,580.22
2024-09-03 17:00:00,268.83
2024-09-03 18:00:00,17.25
2024-09-03 19:00:00,0.0
2024-09-03 20:00:00,0.0
2024-09-03 21:00:00,0.0
2024-09-03 22:00:00,0.0
2024-09-03 23:00:00,0.0
2024-09-04 00:00:00,0.0
2024-09-04 01:00:00,0.0
2024-09-04 02:00:00,0.0
2024-09-04 03:00:00,0.0
2024-09-04 04:00:00,0.0
2024-09-04 05:00:00,0.0
2024-09-04 06:00:00,169.27
2024-09-04 07:00:00,487.38
2024-09-04 08:00:00,776.08
2024-09-04 09:00:00,1015.58
2024-09-04 10:00:00,1189.6
2024-09-04 11:00:00,1286.22
2024-09-04 12:00:00,1298.85
2024-09-04 13:00:00,1226.6
2024-09-04 14:00:00,1074.43
2024-09-04 15:00:00,852.65
2024-09-04 16:00:00,576.4
2024-09-04 17:00:00,264.48
2024-09-04 18:00:00,15.77
2024-09-04 19:00:00,0.0
2024-09-04 20:00:00,0.0
2024-09-04 21:00:00,0.0
2024-09-04 22:00:00,0.0
2024-09-04 23:00:00,0.0
2024-09-05 00:00:00,0.0
2024-09-05 01:00:00,0.0
2024-09-05 02:00:00,0.0
2024-09-05 03:00:00,0.0
2024-09-05 04:00:00,0.0
2024-09-05 05:00:00,0.0
2024-09-05 06:00:00,168.4
2024-09-05 07:00:00,486.88
2024-09-05 08:00:00,775.75
2024-09-05 09:00:00,1015.3
2024-09-05 10:00:00,1189.15
2024-09-05 11:00:00,1285.43
2024-09-05 12:00:00,1297.6
2024-09-05 13:00:00,1224.8
2024-09-05 14:00:00,1071.97
2024-09-05 15:00:00,849.53
2024-09-05 16:00:00,572.62
2024-09-05 17:00:00,260.12
2024-09-05 18:00:00,14.35
2024-09-05 19:00:00,0.0
2024-09-05 20:00:00,0.0
2024-09-05 21:00:00,0.0
2024-09-05 22:00:00,0.0
2024-09-05 23:00:00,0.0
2024-09-06 00:00:00,0.0
2024-09-06 01:00:00,0.0
2024-09-06 02:00:00,0.0
2024-09-06 03:00:00,0.0
2024-09-06 04:00:00,0.0
2024-09-06 05:00:00,0.0
2024-09-06 06:00:00,167.52
2024-09-06 07:00:00,486.33
2024-09-06 08:00:00,775.35
2024-09-06 09:00:00,1014.88
2024-09-06 10:00:00,1188.55
2024-09-06 11:00:00,1284.5
2024-09-06 12:00:00,1296.2
2024-09-06 13:00:00,1222.82
2024-09-06 14:00:00,1069.38
2024-09-06 15:00:00,846.28
2024-09-06 16:00:00,568.75
2024-09-06 17:00:00,268.7
2024-09-06 18:00:00,0.0
2024-09-06 19:00:00,0.0
2024-09-06 20:00:00,0.0
2024-09-06 21:00:00,0.0
2024-09-06 22:00:00,0.0
2024-09-06 23:00:00,0.0
2024-09-07 00:00:00,0.0
2024-09-07 01:00:00,0.0
2024-09-07 02:00:00,0.0
2024-09-07 03:00:00,0.0
2024-09-07 04:00:00,0.0
2024-09-07 05:00:00,0.0
2024-09-07 06:00:00,166.62
2024-09-07 07:00:00,485.75
2024-09-07 08:00:00,774.92
2024-09-07 09:00:00,1014.42
2024-09-07 10:00:00,1187.9
2024-09-07 11:00:00,1283.53
2024-09-07 12:00:00,1294.75
2024-09-07 13:00:00,1220.8
2024-09-07 14:00:00,1066.7
2024-09-07 15:00:00,842.97
2024-09-07 16:00:00,564.83
2024-09-07 17:00:00,262.92
2024-09-07 18:00:00,0.0
2024-09-07 19:00:00,0.0
2024-09-07 20:00:00,0.0
2024-09-07 21:00:00,0.0
2024-09-07 22:00:00,0.0
2024-09-07 23:00:00,0.0
2024-09-08 00:00:00,0.0
2024-09-08 01:00:00,0.0
2024-09-08 02:00:00,0.0
2024-09-08 03:00:00,0.0
2024-09-08 04:00:00,0.0
2024-09-08 05:00:00,0.0
2024-09-08 06:00:00,165.75
2024-09-08 07:00:00,485.12
2024-09-08 08:00:00,774.4
2024-09-08 09:00:00,1013.83
2024-09-08 10:00:00,1187.07
2024-09-08 11:00:00,1282.32
2024-09-08 12:00:00,1293.07
2024-09-08 13:00:00,1218.55
2024-09-08 14:00:00,1063.85
2024-09-08 15:00:00,839.5
2024-09-08 16:00:00,560.78
2024-09-08 17:00:00,257.12
2024-09-08 18:00:00,0.0
2024-09-08 19:00:00,0.0
2024-09-08 20:00:00,0.0
2024-09-08 21:00:00,0.0
2024-09-08 22:00:00,0.0
2024-09-08 23:00:00,0.0
2024-09-09 00:00:00,0.0
2024-09-09 01:00:00,0.0
2024-09-09 02:00:00,0.0
2024-09-09 03:00:00,0.0
2024-09-09 04:00:00,0.0
2024-09-09 05:00:00,0.0
2024-09-09 06:00:00,164.85
2024-09-09 07:00:00,484.42
2024-09-09 08:00:00,773.75
2024-09-09 09:00:00,1013.08
2024-09-09 10:00:00,1186.07
2024-09-09 11:00:00,1280.95
2024-09-09 12:00:00,1291.2
2024-09-09 13:00:00,1216.12
2024-09-09 14:00:00,1060.82
2024-09-09 15:00:00,835.88
2024-09-09 16:00:00,556.62
2024-09-09 17:00:00,251.32
2024-09-09 18:00:00,0.0
2024-09-09 19:00:00,0.0
2024-09-09 20:00:00,0.0
2024-09-09 21:00:00,0.0
2024-09-09 22:00:00,0.0
2024-09-09 23:00:00,0.0
2024-09-10 00:00:00,0.0
2024-09-10 01:00:00,0.0
2024-09-10 02:00:00,0.0
2024-09-10 03:00:00,0.0
2024-09-10 04:00:00,0.0
2024-09-10 05:00:00,0.0
2024-09-10 06:00:00,163.93
2024-09-10 07:00:00,483.7
2024-09-10 08:00:00,773.05
2024-09-10 09:00:00,1012.25
2024-09-10 10:00:00,1184.97
2024-09-10 11:00:00,1279.43
2024-09-10 12:00:00,1289.2
2024-09-10 13:00:00,1213.55
2024-09-10 14:00:00,1057.68
2024-09-10 15:00:00,832.15
2024-09-10 16:00:00,552.38
2024-09-10 17:00:00,245.55
2024-09-10 18:00:00,0.0
2024-09-10 19:00:00,0.0
2024-09-10 20:00:00,0.0
2024-09-10 21:00:00,0.0
2024-09-10 22:00:00,0.0
2024-09-10 23:00:00,0.0
2024-09-11 00:00:00,0.0
2024-09-11 01:00:00,0.0
2024-09-11 02:00:00,0.0
2024-09-11 03:00:00,0.0
2024-09-11 04:00:00,0.0
2024-09-11 05:00:00,0.0
2024-09-11 06:00:00,163.05
2024-09-11 07:00:00,483.05
2024-09-11 08:00:00,772.47
2024-09-11 09:00:00,1011.58
2024-09-11 10:00:00,1184.07
2024-09-11 11:00:00,1278.15
2024-09-11 12:00:00,1287.4
2024-09-11 13:00:00,1211.2
2024-09-11 14:00:00,1054.7
2024-09-11 15:00:00,828.58
2024-09-11 16:00:00,548.22
2024-09-11 17:00:00,239.85
2024-09-11 18:00:00,0.0
2024-09-11 19:00:00,0.0
2024-09-11 20:00:00,0.0
2024-09-11 21:00:00,0.0
2024-09-11 22:00:00,0.0
2024-09-11 23:00:00,0.0
2024-09-12 00:00:00,0.0
2024-09-12 01:00:00,0.0
2024-09-12 02:00:00,0.0
2024-09-12 03:00:00,0.0
2024-09-12 04:00:00,0.0
2024-09-12 05:00:00,0.0
2024-09-12 06:00:00,162.18
2024-09-12 07:00:00,482.4
2024-09-12 08:00:00,771.92
2024-09-12 09:00:00,1010.95
2024-09-12 10:00:00,1183.2
2024-09-12 11:00:00,1276.9
2024-09-12 12:00:00,1285.68
2024-09-12 13:00:00,1208.88
2024-09-12 14:00:00,1051.75
2024-09-12 15:00:00,825.0
2024-09-12 16:00:00,544.05
2024-09-12 17:00:00,234.2
2024-09-12 18:00:00,0.0
2024-09-12 19:00:00,0.0
2024-09-12 20:00:00,0.0
2024-09-12 21:00:00,0.0
2024-09-12 22:00:00,0.0
2024-09-12 23:00:00,0.0
2024-09-13 00:00:00,0.0
2024-09-13 01:00:00,0.0
2024-09-13 02:00:00,0.0
2024-09-13 03:00:00,0.0
2024-09-13 04:00:00,0.0
2024-09-13 05:00:00,0.0
2024-09-13 06:00:00,161.3
2024-09-13 07:00:00,481.75
2024-09-13 08:00:00,771.35
2024-09-13 09:00:00,1010.3
2024-09-13 10:00:00,1182.3
2024-09-13 11:00:00,1275.6
2024-09-13 12:00:00,1283.85
2024-09-13 13:00:00,1206.47
2024-09-13 14:00:00,1048.72
2024-09-13 15:00:00,821.35
2024-09-13 16:00:00,539.85
2024-09-13 17:00:00,228.6
2024-09-13 18:00:00,0.0
2024-09-13 19:00:00,0.0
2024-09-13 20:00:00,0.0
2024-09-13 21:00:00,0.0
2024-09-13 22:00:00,0.0
2024-09-13 23:00:00,0.0
2024-09-14 00:00:00,0.0
2024-09-14 01:00:00,0.0
2024-09-14 02:00:00,0.0
2024-09-14 03:00:00,0.0
2024-09-14 04:00:00,0.0
2024-09-14 05:00:00,0.0
2024-09-14 06:00:00,160.4
2024-09-14 07:00:00,481.0
2024-09-14 08:00:00,770.6
2024-09-14 09:00:00,1009.4
2024-09-14 10:00:00,1181.1
2024-09-14 11:00:00,1274.0
2024-09-14 12:00:00,1281.75
2024-09-14 13:00:00,1203.8
2024-09-14 14:00:00,1045.47
2024-09-14 15:00:00,817.53
2024-09-14 16:00:00,535.5
2024-09-14 17:00:00,223.0
2024-09-14 18:00:00,0.0
2024-09-14 19:00:00,0.0
2024-09-14 20:00:00,0.0
2024-09-14 21:00:00,0.0
2024-09-14 22:00:00,0.0
2024-09-14 23:00:00,0.0
2024-09-15 00:00:00,0.0
2024-09-15 01:00:00,0.0
2024-09-15 02:00:00,0.0
2024-09-15 03:00:00,0.0
2024-09-15 04:00:00,0.0
2024-09-15 05:00:00,0.0
2024-09-15 06:00:00,159.48
2024-09-15 07:00:00,480.23
2024-09-15 08:00:00,769.83
2024-09-15 09:00:00,1008.47
2024-09-15 10:00:00,1179.88
2024-09-15 11:00:00,1272.35
2024-09-15 12:00:00,1279.6
2024-09-15 13:00:00,1201.07
2024-09-15 14:00:00,1042.15
2024-09-15 15:00:00,813.65
2024-09-15 16:00:00,531.12
2024-09-15 17:00:00,217.43
2024-09-15 18:00:00,0.0
2024-09-15 19:00:00,0.0
2024-09-15 20:00:00,0.0
2024-09-15 21:00:00,0.0
2024-09-15 22:00:00,0.0
2024-09-15 23:00:00,0.0
2024-09-16 00:00:00,0.0
2024-09-16 01:00:00,0.0
2024-09-16 02:00:00,0.0
2024-09-16 03:00:00,0.0
2024-09-16 04:00:00,0.0
2024-09-16 05:00:00,0.0
2024-09-16 06:00:00,158.55
2024-09-16 07:00:00,479.4
2024-09-16 08:00:00,768.95
2024-09-16 09:00:00,1007.42
2024-09-16 10:00:00,1178.53
2024-09-16 11:00:00,1270.57
2024-09-16 12:00:00,1277.3
2024-09-16 13:00:00,1198.22
2024-09-16 14:00:00,1038.72
2024-09-16 15:00:00,809.67
2024-09-16 16:00:00,526.67
2024-09-16 17:00:00,211.9
2024-09-16 18:00:00,0.0
2024-09-16 19:00:00,0.0
2024-09-16 20:00:00,0.0
2024-09-16 21:00:00,0.0
2024-09-16 22:00:00,0.0
2024-09-16 23:00:00,0.0
2024-09-17 00:00:00,0.0
2024-09-17 01:00:00,0.0
2024-09-17 02:00:00,0.0
2024-09-17 03:00:00,0.0
2024-09-17 04:00:00,0.0
2024-09-17 05:00:00,0.0
2024-09-17 06:00:00,157.62
2024-09-17 07:00:00,478.55
2024-09-17 08:00:00,768.08
2024-09-17 09:00:00,1006.35
2024-09-17 10:00:00,1177.12
2024-09-17 11:00:00,1268.75
2024-09-17 12:00:00,1274.97
2024-09-17 13:00:00,1195.32
2024-09-17 14:00:00,1035.28
2024-09-17 15:00:00,805.67
2024-09-17 16:00:00,522.2
2024-09-17 17:00:00,206.45
2024-09-17 18:00:00,0.0
2024-09-17 19:00:00,0.0
2024-09-17 20:00:00,0.0
2024-09-17 21:00:00,0.0
2024-09-17 22:00:00,0.0
2024-09-17 23:00:00,0.0
2024-09-18 00:00:00,0.0
2024-09-18 01:00:00,0.0
2024-09-18 02:00:00,0.0
2024-09-18 03:00:00,0.0
2024-09-18 04:00:00,0.0
2024-09-18 05:00:00,0.0
2024-09-18 06:00:00,156.7
2024-09-18 07:00:00,477.73
2024-09-18 08:00:00,767.22
2024-09-18 09:00:00,1005.33
2024-09-18 10:00:00,1175.8
2024-09-18 11:00:00,1267.0
2024-09-18 12:00:00,1272.7
2024-09-18 13:00:00,1192.5
2024-09-18 14:00:00,1031.85
2024-09-18 15:00:00,801.7
2024-09-18 16:00:00,517.75
2024-09-18 17:00:00,201.05
2024-09-18 18:00:00,0.0
2024-09-18 19:00:00,0.0
2024-09-18 20:00:00,0.0
2024-09-18 21:00:00,0.0
2024-09-18 22:00:00,0.0
2024-09-18 23:00:00,0.0
2024-09-19 00:00:00,0.0
2024-09-19 01:00:00,0.0
2024-09-19 02:00:00,0.0
2024-09-19 03:00:00,0.0
2024-09-19 04:00:00,0.0
2024-09-19 05:00:00,0.0
2024-09-19 06:00:00,155.75
2024-09-19 07:00:00,476.83
2024-09-19 08:00:00,766.28
2024-09-19 09:00:00,1004.2
2024-09-19 10:00:00,1174.32
2024-09-19 11:00:00,1265.1
2024-09-19 12:00:00,1270.28
2024-09-19 13:00:00,1189.53
2024-09-19 14:00:00,1028.3
2024-09-19 15:00:00,797.65
2024-09-19 16:00:00,513.22
2024-09-19 17:00:00,195.7
2024-09-19 18:00:00,0.0
2024-09-19 19:00:00,0.0
2024-09-19 20:00:00,0.0
2024-09-19 21:00:00,0.0
2024-09-19 22:00:00,0.0
2024-09-19 23:00:00,0.0
2024-09-20 00:00:00,0.0
2024-09-20 01:00:00,0.0
2024-09-20 02:00:00,0.0
2024-09-20 03:00:00,0.0
2024-09-20 04:00:00,0.0
2024-09-20 05:00:00,0.0
2024-09-20 06:00:00,154.77
2024-09-20 07:00:00,475.88
2024-09-20 08:00:00,765.25
2024-09-20 09:00:00,1002.95
2024-09-20 10:00:00,1172.72
2024-09-20 11:00:00,1263.05
2024-09-20 12:00:00,1267.72
2024-09-20 13:00:00,1186.43
2024-09-20 14:00:00,1024.68
2024-09-20 15:00:00,793.5
2024-09-20 16:00:00,508.65
2024-09-20 17:00:00,190.43
2024-09-20 18:00:00,0.0
2024-09-20 19:00:00,0.0
2024-09-20 20:00:00,0.0
2024-09-20 21:00:00,0.0
2024-09-20 22:00:00,0.0
2024-09-20 23:00:00,0.0
2024-09-21 00:00:00,0.0
2024-09-21 01:00:00,0.0
2024-09-21 02:00:00,0.0
2024-09-21 03:00:00,0.0
2024-09-21 04:00:00,0.0
2024-09-21 05:00:00,0.0
2024-09-21 06:00:00,153.8
2024-09-21 07:00:00,474.95
2024-09-21 08:00:00,764.28
2024-09-21 09:00:00,1001.75
2024-09-21 10:00:00,1171.22
2024-09-21 11:00:00,1261.1
2024-09-21 12:00:00,1265.25
2024-09-21 13:00:00,1183.4
2024-09-21 14:00:00,1021.1
2024-09-21 15:00:00,789.4
2024-09-21 16:00:00,504.12
2024-09-21 17:00:00,185.23
2024-09-21 18:00:00,0.0
2024-09-21 19:00:00,0.0
2024-09-21 20:00:00,0.0
2024-09-21 21:00:00,0.0
2024-09-21 22:00:00,0.0
2024-09-21 23:00:00,0.0
2024-09-22 00:00:00,0.0
2024-09-22 01:00:00,0.0
2024-09-22 02:00:00,0.0
2024-09-22 03:00:00,0.0
2024-09-22 04:00:00,0.0
2024-09-22 05:00:00,0.0
2024-09-22 06:00:00,152.82
2024-09-22 07:00:00,474.05
2024-09-22 08:00:00,763.3
2024-09-22 09:00:00,1000.6
2024-09-22 10:00:00,1169.75
2024-09-22 11:00:00,1259.2
2024-09-22 12:00:00,1262.85
2024-09-22 13:00:00,1180.43
2024-09-22 14:00:00,1017.58
2024-09-22 15:00:00,785.35
2024-09-22 16:00:00,499.6
2024-09-22 17:00:00,180.1
2024-09-22 18:00:00,0.0
2024-09-22 19:00:00,0.0
2024-09-22 20:00:00,0.0
2024-09-22 21:00:00,0.0
2024-09-22 22:00:00,0.0
2024-09-22 23:00:00,0.0
2024-09-23 00:00:00,0.0
2024-09-23 01:00:00,0.0
2024-09-23 02:00:00,0.0
2024-09-23 03:00:00,0.0
2024-09-23 04:00:00,0.0
2024-09-23 05:00:00,0.0
2024-09-23 06:00:00,151.85
2024-09-23 07:00:00,473.1
2024-09-23 08:00:00,762.28
2024-09-23 09:00:00,999.38
2024-09-23 10:00:00,1168.18
2024-09-23 11:00:00,1257.18
2024-09-23 12:00:00,1260.32
2024-09-23 13:00:00,1177.38
2024-09-23 14:00:00,1013.95
2024-09-23 15:00:00,781.25
2024-09-23 16:00:00,495.05
2024-09-23 17:00:00,175.05
2024-09-23 18:00:00,0.0
2024-09-23 19:00:00,0.0
2024-09-23 20:00:00,0.0
2024-09-23 21:00:00,0.0
2024-09-23 22:00:00,0.0
2024-09-23 23:00:00,0.0
2024-09-24 00:00:00,0.0
2024-09-24 01:00:00,0.0
2024-09-24 02:00:00,0.0
2024-09-24 03:00:00,0.0
2024-09-24 04:00:00,0.0
2024-09-24 05:00:00,0.0
2024-09-24 06:00:00,150.85
2024-09-24 07:00:00,472.17
2024-09-24 08:00:00,761.33
2024-09-24 09:00:00,998.22
2024-09-24 10:00:00,1166.72
2024-09-24 11:00:00,1255.32
2024-09-24 12:00:00,1257.95
2024-09-24 13:00:00,1174.45
2024-09-24 14:00:00,1010.47
2024-09-24 15:00:00,777.22
2024-09-24 16:00:00,490.58
2024-09-24 17:00:00,170.1
2024-09-24 18:00:00,0.0
2024-09-24 19:00:00,0.0
2024-09-24 20:00:00,0.0
2024-09-24 21:00:00,0.0
2024-09-24 22:00:00,0.0
2024-09-24 23:00:00,0.0
2024-09-25 00:00:00,0.0
2024-09-25 01:00:00,0.0
2024-09-25 02:00:00,0.0
2024-09-25 03:00:00,0.0
2024-09-25 04:00:00,0.0
2024-09-25 05:00:00,0.0
2024-09-25 06:00:00,149.82
2024-09-25 07:00:00,471.12
2024-09-25 08:00:00,760.2
2024-09-25 09:00:00,996.88
2024-09-25 10:00:00,1165.03
2024-09-25 11:00:00,1253.18
2024-09-25 12:00:00,1255.3
2024-09-25 13:00:00,1171.25
2024-09-25 14:00:00,1006.78
2024-09-25 15:00:00,773.03
2024-09-25 16:00:00,485.98
2024-09-25 17:00:00,165.18
2024-09-25 18:00:00,0.0
2024-09-25 19:00:00,0.0
2024-09-25 20:00:00,0.0
2024-09-25 21:00:00,0.0
2024-09-25 22:00:00,0.0
2024-09-25 23:00:00,0.0
2024-09-26 00:00:00,0.0
2024-09-26 01:00:00,0.0
2024-09-26 02:00:00,0.0
2024-09-26 03:00:00,0.0
2024-09-26 04:00:00,0.0
2024-09-26 05:00:00,0.0
2024-09-26 06:00:00,148.77
2024-09-26 07:00:00,470.05
2024-09-26 08:00:00,759.0
2024-09-26 09:00:00,995.42
2024-09-26 10:00:00,1163.22
2024-09-26 11:00:00,1250.95
2024-09-26 12:00:00,1252.57
2024-09-26 13:00:00,1168.0
2024-09-26 14:00:00,1003.0
2024-09-26 15:00:00,768.8
2024-09-26 16:00:00,481.38
2024-09-26 17:00:00,160.35
2024-09-26 18:00:00,0.0
2024-09-26 19:00:00,0.0
2024-09-26 20:00:00,0.0
2024-09-26 21:00:00,0.0
2024-09-26 22:00:00,0.0
2024-09-26 23:00:00,0.0
2024-09-27 00:00:00,0.0
2024-09-27 01:00:00,0.0
2024-09-27 02:00:00,0.0
2024-09-27 03:00:00,0.0
2024-09-27 04:00:00,0.0
2024-09-27 05:00:00,0.0
2024-09-27 06:00:00,147.7
2024-09-27 07:00:00,468.92
2024-09-27 08:00:00,757.75
2024-09-27 09:00:00,993.92
2024-09-27 10:00:00,1161.35
2024-09-27 11:00:00,1248.62
2024-09-27 12:00:00,1249.75
2024-09-27 13:00:00,1164.68
2024-09-27 14:00:00,999.17
2024-09-27 15:00:00,764.55
2024-09-27 16:00:00,476.75
2024-09-27 17:00:00,155.6
2024-09-27 18:00:00,0.0
2024-09-27 19:00:00,0.0
2024-09-27 20:00:00,0.0
2024-09-27 21:00:00,0.0
2024-09-27 22:00:00,0.0
2024-09-27 23:00:00,0.0
2024-09-28 00:00:00,0.0
2024-09-28 01:00:00,0.0
2024-09-28 02:00:00,0.0
2024-09-28 03:00:00,0.0
2024-09-28 04:00:00,0.0
2024-09-28 05:00:00,0.0
2024-09-28 06:00:00,146.6
2024-09-28 07:00:00,467.65
2024-09-28 08:00:00,756.3
2024-09-28 09:00:00,992.17
2024-09-28 10:00:00,1159.22
2024-09-28 11:00:00,1246.03
2024-09-28 12:00:00,1246.68
2024-09-28 13:00:00,1161.1
2024-09-28 14:00:00,995.15
2024-09-28 15:00:00,760.12
2024-09-28 16:00:00,472.05
2024-09-28 17:00:00,150.9
2024-09-28 18:00:00,0.0
2024-09-28 19:00:00,0.0
2024-09-28 20:00:00,0.0
2024-09-28 21:00:00,0.0
2024-09-28 22:00:00,0.0
2024-09-28 23:00:00,0.0
2024-09-29 00:00:00,0.0
2024-09-29 01:00:00,0.0
2024-09-29 02:00:00,0.0
2024-09-29 03:00:00,0.0
2024-09-29 04:00:00,0.0
2024-09-29 05:00:00,0.0
2024-09-29 06:00:00,145.45
2024-09-29 07:00:00,466.4
2024-09-29 08:00:00,754.83
2024-09-29 09:00:00,990.42
2024-09-29 10:00:00,1157.07
2024-09-29 11:00:00,1243.43
2024-09-29 12:00:00,1243.6
2024-09-29 13:00:00,1157.55
2024-09-29 14:00:00,991.15
2024-09-29 15:00:00,755.72
2024-09-29 16:00:00,467.35
2024-09-29 17:00:00,146.3
2024-09-29 18:00:00,0.0
2024-09-29 19:00:00,0.0
2024-09-29 20:00:00,0.0
2024-09-29 21:00:00,0.0
2024-09-29 22:00:00,0.0
2024-09-29 23:00:00,0.0
2024-09-30 00:00:00,0.0
2024-09-30 01:00:00,0.0
2024-09-30 02:00:00,0.0
2024-09-30 03:00:00,0.0
2024-09-30 04:00:00,0.0
2024-09-30 05:00:00,0.0
2024-09-30 06:00:00,144.27
2024-09-30 07:00:00,465.02
2024-09-30 08:00:00,753.22
2024-09-30 09:00:00,988.47
2024-09-30 10:00:00,1154.72
2024-09-30 11:00:00,1240.62
2024-09-30 12:00:00,1240.3
2024-09-30 13:00:00,1153.8
2024-09-30 14:00:00,986.97
2024-09-30 15:00:00,751.22
2024-09-30 16:00:00,462.6
2024-09-30 17:00:00,141.75
2024-09-30 18:00:00,0.0
2024-09-30 19:00:00,0.0
2024-09-30 20:00:00,0.0
2024-09-30 21:00:00,0.0
2024-09-30 22:00:00,0.0
2024-09-30 23:00:00,0.0
2024-10-01 00:00:00,0.0
2024-10-01 01:00:00,0.0
2024-10-01 02:00:00,0.0
2024-10-01 03:00:00,0.0
2024-10-01 04:00:00,0.0
2024-10-01 05:00:00,0.0
2024-10-01 06:00:00,143.1
2024-10-01 07:00:00,463.62
2024-10-01 08:00:00,751.62
2024-10-01 09:00:00,986.55
2024-10-01 10:00:00,1152.4
2024-10-01 11:00:00,1237.85
2024-10-01 12:00:00,1237.05
2024-10-01 13:00:00,1150.07
2024-10-01 14:00:00,982.85
2024-10-01 15:00:00,746.75
2024-10-01 16:00:00,457.88
2024-10-01 17:00:00,137.32
2024-10-01 18:00:00,0.0
2024-10-01 19:00:00,0.0
2024-10-01 20:00:00,0.0
2024-10-01 21:00:00,0.0
2024-10-01 22:00:00,0.0
2024-10-01 23:00:00,0.0
2024-10-02 00:00:00,0.0
2024-10-02 01:00:00,0.0
2024-10-02 02:00:00,0.0
2024-10-02 03:00:00,0.0
2024-10-02 04:00:00,0.0
2024-10-02 05:00:00,0.0
2024-10-02 06:00:00,141.85
2024-10-02 07:00:00,462.1
2024-10-02 08:00:00,749.8
2024-10-02 09:00:00,984.35
2024-10-02 10:00:00,1149.75
2024-10-02 11:00:00,1234.72
2024-10-02 12:00:00,1233.47
2024-10-02 13:00:00,1146.07
2024-10-02 14:00:00,978.47
2024-10-02 15:00:00,742.1
2024-10-02 16:00:00,453.08
2024-10-02 17:00:00,132.95
2024-10-02 18:00:00,0.0
2024-10-02 19:00:00,0.0
2024-10-02 20:00:00,0.0
2024-10-02 21:00:00,0.0
2024-10-02 22:00:00,0.0
2024-10-02 23:00:00,0.0
2024-10-03 00:00:00,0.0
2024-10-03 01:00:00,0.0
2024-10-03 02:00:00,0.0
2024-10-03 03:00:00,0.0
2024-10-03 04:00:00,0.0
2024-10-03 05:00:00,0.0
2024-10-03 06:00:00,140.6
2024-10-03 07:00:00,460.58
2024-10-03 08:00:00,747.97
2024-10-03 09:00:00,982.17
2024-10-03 10:00:00,1147.15
2024-10-03 11:00:00,1231.68
2024-10-03 12:00:00,1229.95
2024-10-03 13:00:00,1142.12
2024-10-03 14:00:00,974.17
2024-10-03 15:00:00,737.53
2024-10-03 16:00:00,448.33
2024-10-03 17:00:00,128.68
2024-10-03 18:00:00,0.0
2024-10-03 19:00:00,0.0
2024-10-03 20:00:00,0.0
2024-10-03 21:00:00,0.0
2024-10-03 22:00:00,0.0
2024-10-03 23:00:00,0.0
2024-10-04 00:00:00,0.0
2024-10-04 01:00:00,0.0
2024-10-04 02:00:00,0.0
2024-10-04 03:00:00,0.0
2024-10-04 04:00:00,0.0
2024-10-04 05:00:00,0.0
2024-10-04 06:00:00,139.3
2024-10-04 07:00:00,458.98
2024-10-04 08:00:00,746.08
2024-10-04 09:00:00,979.9
2024-10-04 10:00:00,1144.43
2024-10-04 11:00:00,1228.5
2024-10-04 12:00:00,1226.35
2024-10-04 13:00:00,1138.1
2024-10-04 14:00:00,969.8
2024-10-04 15:00:00,732.9
2024-10-04 16:00:00,443.55
2024-10-04 17:00:00,124.5
2024-10-04 18:00:00,0.0
2024-10-04 19:00:00,0.0
2024-10-04 20:00:00,0.0
2024-10-04 21:00:00,0.0
2024-10-04 22:00:00,0.0
2024-10-04 23:00:00,0.0
2024-10-05 00:00:00,0.0
2024-10-05 01:00:00,0.0
2024-10-05 02:00:00,0.0
2024-10-05 03:00:00,0.0
2024-10-05 04:00:00,0.0
2024-10-05 05:00:00,0.0
2024-10-05 06:00:00,138.05
2024-10-05 07:00:00,457.52
2024-10-05 08:00:00,744.45
2024-10-05 09:00:00,977.97
2024-10-05 10:00:00,1142.18
2024-10-05 11:00:00,1225.82
2024-10-05 12:00:00,1223.22
2024-10-05 13:00:00,1134.55
2024-10-05 14:00:00,965.85
2024-10-05 15:00:00,728.62
2024-10-05 16:00:00,439.0
2024-10-05 17:00:00,120.47
2024-10-05 18:00:00,0.0
2024-10-05 19:00:00,0.0
2024-10-05 20:00:00,0.0
2024-10-05 21:00:00,0.0
2024-10-05 22:00:00,0.0
2024-10-05 23:00:00,0.0
2024-10-06 00:00:00,0.0
2024-10-06 01:00:00,0.0
2024-10-06 02:00:00,0.0
2024-10-06 03:00:00,0.0
2024-10-06 04:00:00,0.0
2024-10-06 05:00:00,0.0
2024-10-06 06:00:00,136.77
2024-10-06 07:00:00,456.05
2024-10-06 08:00:00,742.8
2024-10-06 09:00:00,976.05
2024-10-06 10:00:00,1139.88
2024-10-06 11:00:00,1223.12
2024-10-06 12:00:00,1220.1
2024-10-06 13:00:00,1131.0
2024-10-06 14:00:00,961.92
2024-10-06 15:00:00,724.35
2024-10-06 16:00:00,434.5
2024-10-06 17:00:00,116.55
2024-10-06 18:00:00,0.0
2024-10-06 19:00:00,0.0
2024-10-06 20:00:00,0.0
2024-10-06 21:00:00,0.0
2024-10-06 22:00:00,0.0
2024-10-06 23:00:00,0.0
2024-10-07 00:00:00,0.0
2024-10-07 01:00:00,0.0
2024-10-07 02:00:00,0.0
2024-10-07 03:00:00,0.0
2024-10-07 04:00:00,0.0
2024-10-07 05:00:00,0.0
2024-10-07 06:00:00,135.45
2024-10-07 07:00:00,454.48
2024-10-07 08:00:00,741.03
2024-10-07 09:00:00,973.97
2024-10-07 10:00:00,1137.43
2024-10-07 11:00:00,1220.28
2024-10-07 12:00:00,1216.82
2024-10-07 13:00:00,1127.32
2024-10-07 14:00:00,957.88
2024-10-07 15:00:00,720.03
2024-10-07 16:00:00,429.98
2024-10-07 17:00:00,112.7
2024-10-07 18:00:00,0.0
2024-10-07 19:00:00,0.0
2024-10-07 20:00:00,0.0
2024-10-07 21:00:00,0.0
2024-10-07 22:00:00,0.0
2024-10-07 23:00:00,0.0
2024-10-08 00:00:00,0.0
2024-10-08 01:00:00,0.0
2024-10-08 02:00:00,0.0
2024-10-08 03:00:00,0.0
2024-10-08 04:00:00,0.0
2024-10-08 05:00:00,0.0
2024-10-08 06:00:00,134.1
2024-10-08 07:00:00,452.8
2024-10-08 08:00:00,739.08
2024-10-08 09:00:00,971.7
2024-10-08 10:00:00,1134.78
2024-10-08 11:00:00,1217.18
2024-10-08 12:00:00,1213.32
2024-10-08 13:00:00,1123.45
2024-10-08 14:00:00,953.67
2024-10-08 15:00:00,715.58
2024-10-08 16:00:00,425.4
2024-10-08 17:00:00,108.93
2024-10-08 18:00:00,0.0
2024-10-08 19:00:00,0.0
2024-10-08 20:00:00,0.0
2024-10-08 21:00:00,0.0
2024-10-08 22:00:00,0.0
2024-10-08 23:00:00,0.0
2024-10-09 00:00:00,0.0
2024-10-09 01:00:00,0.0
2024-10-09 02:00:00,0.0
2024-10-09 03:00:00,0.0
2024-10-09 04:00:00,0.0
2024-10-09 05:00:00,0.0
2024-10-09 06:00:00,132.7
2024-10-09 07:00:00,451.05
2024-10-09 08:00:00,737.05
2024-10-09 09:00:00,969.33
2024-10-09 10:00:00,1132.0
2024-10-09 11:00:00,1214.03
2024-10-09 12:00:00,1209.75
2024-10-09 13:00:00,1119.53
2024-10-09 14:00:00,949.45
2024-10-09 15:00:00,711.15
2024-10-09 16:00:00,420.83
2024-10-09 17:00:00,105.25
2024-10-09 18:00:00,0.0
2024-10-09 19:00:00,0.0
2024-10-09 20:00:00,0.0
2024-10-09 21:00:00,0.0
2024-10-09 22:00:00,0.0
2024-10-09 23:00:00,0.0
2024-10-10 00:00:00,0.0
2024-10-10 01:00:00,0.0
2024-10-10 02:00:00,0.0
2024-10-10 03:00:00,0.0
2024-10-10 04:00:00,0.0
2024-10-10 05:00:00,0.0
2024-10-10 06:00:00,131.27
2024-10-10 07:00:00,449.33
2024-10-10 08:00:00,735.05
2024-10-10 09:00:00,967.0
2024-10-10 10:00:00,1129.3
2024-10-10 11:00:00,1210.93
2024-10-10 12:00:00,1206.28
2024-10-10 13:00:00,1115.68
2024-10-10 14:00:00,945.33
2024-10-10 15:00:00,706.78
2024-10-10 16:00:00,416.35
2024-10-10 17:00:00,101.7
2024-10-10 18:00:00,0.0
2024-10-10 19:00:00,0.0
2024-10-10 20:00:00,0.0
2024-10-10 21:00:00,0.0
2024-10-10 22:00:00,0.0
2024-10-10 23:00:00,0.0
2024-10-11 00:00:00,0.0
2024-10-11 01:00:00,0.0
2024-10-11 02:00:00,0.0
2024-10-11 03:00:00,0.0
2024-10-11 04:00:00,0.0
2024-10-11 05:00:00,0.0
2024-10-11 06:00:00,129.85
2024-10-11 07:00:00,447.55
2024-10-11 08:00:00,733.05
2024-10-11 09:00:00,964.7
2024-10-11 10:00:00,1126.65
2024-10-11 11:00:00,1207.88
2024-10-11 12:00:00,1202.85
2024-10-11 13:00:00,1111.93
2024-10-11 14:00:00,941.25
2024-10-11 15:00:00,702.5
2024-10-11 16:00:00,411.92
2024-10-11 17:00:00,98.25
2024-10-11 18:00:00,0.0
2024-10-11 19:00:00,0.0
2024-10-11 20:00:00,0.0
2024-10-11 21:00:00,0.0
2024-10-11 22:00:00,0.0
2024-10-11 23:00:00,0.0
2024-10-12 00:00:00,0.0
2024-10-12 01:00:00,0.0
2024-10-12 02:00:00,0.0
2024-10-12 03:00:00,0.0
2024-10-12 04:00:00,0.0
2024-10-12 05:00:00,0.0
2024-10-12 06:00:00,128.38
2024-10-12 07:00:00,445.73
2024-10-12 08:00:00,730.95
2024-10-12 09:00:00,962.28
2024-10-12 10:00:00,1123.85
2024-10-12 11:00:00,1204.72
2024-10-12 12:00:00,1199.32
2024-10-12 13:00:00,1108.07
2024-10-12 14:00:00,937.15
2024-10-12 15:00:00,698.2
2024-10-12 16:00:00,407.52
2024-10-12 17:00:00,94.88
2024-10-12 18:00:00,0.0
2024-10-12 19:00:00,0.0
2024-10-12 20:00:00,0.0
2024-10-12 21:00:00,0.0
2024-10-12 22:00:00,0.0
2024-10-12 23:00:00,0.0
2024-10-13 00:00:00,0.0
2024-10-13 01:00:00,0.0
2024-10-13 02:00:00,0.0
2024-10-13 03:00:00,0.0
2024-10-13 04:00:00,0.0
2024-10-13 05:00:00,0.0
2024-10-13 06:00:00,126.9
2024-10-13 07:00:00,443.92
2024-10-13 08:00:00,729.0
2024-10-13 09:00:00,960.03
2024-10-13 10:00:00,1121.3
2024-10-13 11:00:00,1201.82
2024-10-13 12:00:00,1196.07
2024-10-13 13:00:00,1104.47
2024-10-13 14:00:00,933.25
2024-10-13 15:00:00,694.1
2024-10-13 16:00:00,403.27
2024-10-13 17:00:00,91.62
2024-10-13 18:00:00,0.0
2024-10-13 19:00:00,0.0
2024-10-13 20:00:00,0.0
2024-10-13 21:00:00,0.0
2024-10-13 22:00:00,0.0
2024-10-13 23:00:00,0.0
2024-10-14 00:00:00,0.0
2024-10-14 01:00:00,0.0
2024-10-14 02:00:00,0.0
2024-10-14 03:00:00,0.0
2024-10-14 04:00:00,0.0
2024-10-14 05:00:00,0.0
2024-10-14 06:00:00,125.43
2024-10-14 07:00:00,442.1
2024-10-14 08:00:00,726.95
2024-10-14 09:00:00,957.72
2024-10-14 10:00:00,1118.7
2024-10-14 11:00:00,1198.88
2024-10-14 12:00:00,1192.8
2024-10-14 13:00:00,1100.88
2024-10-14 14:00:00,929.38
2024-10-14 15:00:00,690.0
2024-10-14 16:00:00,399.05
2024-10-14 17:00:00,88.47
2024-10-14 18:00:00,0.0
2024-10-14 19:00:00,0.0
2024-10-14 20:00:00,0.0
2024-10-14 21:00:00,0.0
2024-10-14 22:00:00,0.0
2024-10-14 23:00:00,0.0
2024-10-15 00:00:00,0.0
2024-10-15 01:00:00,0.0
2024-10-15 02:00:00,0.0
2024-10-15 03:00:00,0.0
2024-10-15 04:00:00,0.0
2024-10-15 05:00:00,0.0
2024-10-15 06:00:00,123.85
2024-10-15 07:00:00,440.15
2024-10-15 08:00:00,724.75
2024-10-15 09:00:00,955.2
2024-10-15 10:00:00,1115.85
2024-10-15 11:00:00,1195.68
2024-10-15 12:00:00,1189.28
2024-10-15 13:00:00,1097.07
2024-10-15 14:00:00,925.35
2024-10-15 15:00:00,685.83
2024-10-15 16:00:00,394.8
2024-10-15 17:00:00,85.4
2024-10-15 18:00:00,0.0
2024-10-15 19:00:00,0.0
2024-10-15 20:00:00,0.0
2024-10-15 21:00:00,0.0
2024-10-15 22:00:00,0.0
2024-10-15 23:00:00,0.0
2024-10-16 00:00:00,0.0
2024-10-16 01:00:00,0.0
2024-10-16 02:00:00,0.0
2024-10-16 03:00:00,0.0
2024-10-16 04:00:00,0.0
2024-10-16 05:00:00,0.0
2024-10-16 06:00:00,122.28
2024-10-16 07:00:00,438.1
2024-10-16 08:00:00,722.4
2024-10-16 09:00:00,952.55
2024-10-16 10:00:00,1112.85
2024-10-16 11:00:00,1192.35
2024-10-16 12:00:00,1185.65
2024-10-16 13:00:00,1093.18
2024-10-16 14:00:00,921.25
2024-10-16 15:00:00,681.6
2024-10-16 16:00:00,390.55
2024-10-16 17:00:00,82.43
2024-10-16 18:00:00,0.0
2024-10-16 19:00:00,0.0
2024-10-16 20:00:00,0.0
2024-10-16 21:00:00,0.0
2024-10-16 22:00:00,0.0
2024-10-16 23:00:00,0.0
2024-10-17 00:00:00,0.0
2024-10-17 01:00:00,0.0
2024-10-17 02:00:00,0.0
2024-10-17 03:00:00,0.0
2024-10-17 04:00:00,0.0
2024-10-17 05:00:00,0.0
2024-10-17 06:00:00,120.65
2024-10-17 07:00:00,435.95
2024-10-17 08:00:00,719.95
2024-10-17 09:00:00,949.75
2024-10-17 10:00:00,1109.7
2024-10-17 11:00:00,1188.85
2024-10-17 12:00:00,1181.85
2024-10-17 13:00:00,1089.15
2024-10-17 14:00:00,917.08
2024-10-17 15:00:00,677.38
2024-10-17 16:00:00,386.33
2024-10-17 17:00:00,79.55
2024-10-17 18:00:00,0.0
2024-10-17 19:00:00,0.0
2024-10-17 20:00:00,0.0
2024-10-17 21:00:00,0.0
2024-10-17 22:00:00,0.0
2024-10-17 23:00:00,0.0
2024-10-18 00:00:00,0.0
2024-10-18 01:00:00,0.0
2024-10-18 02:00:00,0.0
2024-10-18 03:00:00,0.0
2024-10-18 04:00:00,0.0
2024-10-18 05:00:00,0.0
2024-10-18 06:00:00,119.0
2024-10-18 07:00:00,433.8
2024-10-18 08:00:00,717.53
2024-10-18 09:00:00,947.03
2024-10-18 10:00:00,1106.65
2024-10-18 11:00:00,1185.5
2024-10-18 12:00:00,1178.2
2024-10-18 13:00:00,1085.28
2024-10-18 14:00:00,913.05
2024-10-18 15:00:00,673.25
2024-10-18 16:00:00,382.23
2024-10-18 17:00:00,76.75
2024-10-18 18:00:00,0.0
2024-10-18 19:00:00,0.0
2024-10-18 20:00:00,0.0
2024-10-18 21:00:00,0.0
2024-10-18 22:00:00,0.0
2024-10-18 23:00:00,0.0
2024-10-19 00:00:00,0.0
2024-10-19 01:00:00,0.0
2024-10-19 02:00:00,0.0
2024-10-19 03:00:00,0.0
2024-10-19 04:00:00,0.0
2024-10-19 05:00:00,0.0
2024-10-19 06:00:00,117.32
2024-10-19 07:00:00,431.62
2024-10-19 08:00:00,715.08
2024-10-19 09:00:00,944.28
2024-10-19 10:00:00,1103.6
2024-10-19 11:00:00,1182.15
2024-10-19 12:00:00,1174.6
2024-10-19 13:00:00,1081.45
2024-10-19 14:00:00,909.08
2024-10-19 15:00:00,669.2
2024-10-19 16:00:00,378.17
2024-10-19 17:00:00,74.07
2024-10-19 18:00:00,0.0
2024-10-19 19:00:00,0.0
2024-10-19 20:00:00,0.0
2024-10-19 21:00:00,0.0
2024-10-19 22:00:00,0.0
2024-10-19 23:00:00,0.0
2024-10-20 00:00:00,0.0
2024-10-20 01:00:00,0.0
2024-10-20 02:00:00,0.0
2024-10-20 03:00:00,0.0
2024-10-20 04:00:00,0.0
2024-10-20 05:00:00,0.0
2024-10-20 06:00:00,115.65
2024-10-20 07:00:00,429.45
2024-10-20 08:00:00,712.67
2024-10-20 09:00:00,941.6
2024-10-20 10:00:00,1100.62
2024-10-20 11:00:00,1178.93
2024-10-20 12:00:00,1171.12
2024-10-20 13:00:00,1077.78
2024-10-20 14:00:00,905.22
2024-10-20 15:00:00,665.28
2024-10-20 16:00:00,374.23
2024-10-20 17:00:00,71.5
2024-10-20 18:00:00,0.0
2024-10-20 19:00:00,0.0
2024-10-20 20:00:00,0.0
2024-10-20 21:00:00,0.0
2024-10-20 22:00:00,0.0
2024-10-20 23:00:00,0.0
2024-10-21 00:00:00,0.0
2024-10-21 01:00:00,0.0
2024-10-21 02:00:00,0.0
2024-10-21 03:00:00,0.0
2024-10-21 04:00:00,0.0
2024-10-21 05:00:00,0.0
2024-10-21 06:00:00,113.93
2024-10-21 07:00:00,427.17
2024-10-21 08:00:00,710.12
2024-10-21 09:00:00,938.78
2024-10-21 10:00:00,1097.5
2024-10-21 11:00:00,1175.53
2024-10-21 12:00:00,1167.47
2024-10-21 13:00:00,1073.95
2024-10-21 14:00:00,901.3
2024-10-21 15:00:00,661.3
2024-10-21 16:00:00,370.33
2024-10-21 17:00:00,69.0
2024-10-21 18:00:00,0.0
2024-10-21 19:00:00,0.0
2024-10-21 20:00:00,0.0
2024-10-21 21:00:00,0.0
2024-10-21 22:00:00,0.0
2024-10-21 23:00:00,0.0
2024-10-22 00:00:00,0.0
2024-10-22 01:00:00,0.0
2024-10-22 02:00:00,0.0
2024-10-22 03:00:00,0.0
2024-10-22 04:00:00,0.0
2024-10-22 05:00:00,0.0
2024-10-22 06:00:00,112.15
2024-10-22 07:00:00,424.83
2024-10-22 08:00:00,707.5
2024-10-22 09:00:00,935.85
2024-10-22 10:00:00,1094.3
2024-10-22 11:00:00,1172.05
2024-10-22 12:00:00,1163.8
2024-10-22 13:00:00,1070.12
2024-10-22 14:00:00,897.4
2024-10-22 15:00:00,657.38
2024-10-22 16:00:00,366.45
2024-10-22 17:00:00,66.57
2024-10-22 18:00:00,0.0
2024-10-22 19:00:00,0.0
2024-10-22 20:00:00,0.0
2024-10-22 21:00:00,0.0
2024-10-22 22:00:00,0.0
2024-10-22 23:00:00,0.0
2024-10-23 00:00:00,0.0
2024-10-23 01:00:00,0.0
2024-10-23 02:00:00,0.0
2024-10-23 03:00:00,0.0
2024-10-23 04:00:00,0.0
2024-10-23 05:00:00,0.0
2024-10-23 06:00:00,110.35
2024-10-23 07:00:00,422.38
2024-10-23 08:00:00,704.72
2024-10-23 09:00:00,932.78
2024-10-23 10:00:00,1090.93
2024-10-23 11:00:00,1168.43
2024-10-23 12:00:00,1159.97
2024-10-23 13:00:00,1066.15
2024-10-23 14:00:00,893.38
2024-10-23 15:00:00,653.4
2024-10-23 16:00:00,362.6
2024-10-23 17:00:00,64.25
2024-10-23 18:00:00,0.0
2024-10-23 19:00:00,0.0
2024-10-23 20:00:00,0.0
2024-10-23 21:00:00,0.0
2024-10-23 22:00:00,0.0
2024-10-23 23:00:00,0.0
2024-10-24 00:00:00,0.0
2024-10-24 01:00:00,0.0
2024-10-24 02:00:00,0.0
2024-10-24 03:00:00,0.0
2024-10-24 04:00:00,0.0
2024-10-24 05:00:00,0.0
2024-10-24 06:00:00,108.53
2024-10-24 07:00:00,419.85
2024-10-24 08:00:00,701.9
2024-10-24 09:00:00,929.6
2024-10-24 10:00:00,1087.47
2024-10-24 11:00:00,1164.72
2024-10-24 12:00:00,1156.1
2024-10-24 13:00:00,1062.18
2024-10-24 14:00:00,889.38
2024-10-24 15:00:00,649.47
2024-10-24 16:00:00,358.83
2024-10-24 17:00:00,62.03
2024-10-24 18:00:00,0.0
2024-10-24 19:00:00,0.0
2024-10-24 20:00:00,0.0
2024-10-24 21:00:00,0.0
2024-10-24 22:00:00,0.0
2024-10-24 23:00:00,0.0
2024-10-25 00:00:00,0.0
2024-10-25 01:00:00,0.0
2024-10-25 02:00:00,0.0
2024-10-25 03:00:00,0.0
2024-10-25 04:00:00,0.0
2024-10-25 05:00:00,0.0
2024-10-25 06:00:00,106.68
2024-10-25 07:00:00,417.25
2024-10-25 08:00:00,698.95
2024-10-25 09:00:00,926.33
2024-10-25 10:00:00,1083.9
2024-10-25 11:00:00,1160.9
2024-10-25 12:00:00,1152.12
2024-10-25 13:00:00,1058.12
2024-10-25 14:00:00,885.35
2024-10-25 15:00:00,645.55
2024-10-25 16:00:00,355.08
2024-10-25 17:00:00,59.88
2024-10-25 18:00:00,0.0
2024-10-25 19:00:00,0.0
2024-10-25 20:00:00,0.0
2024-10-25 21:00:00,0.0
2024-10-25 22:00:00,0.0
2024-10-25 23:00:00,0.0
2024-10-26 00:00:00,0.0
2024-10-26 01:00:00,0.0
2024-10-26 02:00:00,0.0
2024-10-26 03:00:00,0.0
2024-10-26 04:00:00,0.0
2024-10-26 05:00:00,0.0
2024-10-26 06:00:00,104.78
2024-10-26 07:00:00,414.52
2024-10-26 08:00:00,695.83
2024-10-26 09:00:00,922.85
2024-10-26 10:00:00,1080.1
2024-10-26 11:00:00,1156.9
2024-10-26 12:00:00,1147.95
2024-10-26 13:00:00,1053.93
2024-10-26 14:00:00,881.2
2024-10-26 15:00:00,641.58
2024-10-26 16:00:00,351.35
2024-10-26 17:00:00,57.8
2024-10-26 18:00:00,0.0
2024-10-26 19:00:00,0.0
2024-10-26 20:00:00,0.0
2024-10-26 21:00:00,0.0
2024-10-26 22:00:00,0.0
2024-10-26 23:00:00,0.0
2024-10-27 00:00:00,0.0
2024-10-27 01:00:00,0.0
2024-10-27 02:00:00,0.0
2024-10-27 03:00:00,0.0
2024-10-27 04:00:00,0.0
2024-10-27 05:00:00,0.0
2024-10-27 06:00:00,102.85
2024-10-27 07:00:00,411.8
2024-10-27 08:00:00,692.75
2024-10-27 09:00:00,919.42
2024-10-27 10:00:00,1076.4
2024-10-27 11:00:00,1152.97
2024-10-27 12:00:00,1143.93
2024-10-27 13:00:00,1049.88
2024-10-27 14:00:00,877.22
2024-10-27 15:00:00,637.75
2024-10-27 16:00:00,347.75
2024-10-27 17:00:00,55.83
2024-10-27 18:00:00,0.0
2024-10-27 19:00:00,0.0
2024-10-27 20:00:00,0.0
2024-10-27 21:00:00,0.0
2024-10-27 22:00:00,0.0
2024-10-27 23:00:00,0.0
2024-10-28 00:00:00,0.0
2024-10-28 01:00:00,0.0
2024-10-28 02:00:00,0.0
2024-10-28 03:00:00,0.0
2024-10-28 04:00:00,0.0
2024-10-28 05:00:00,0.0
2024-10-28 06:00:00,100.95
2024-10-28 07:00:00,409.08
2024-10-28 08:00:00,689.72
2024-10-28 09:00:00,916.12
2024-10-28 10:00:00,1072.88
2024-10-28 11:00:00,1149.25
2024-10-28 12:00:00,1140.1
2024-10-28 13:00:00,1046.0
2024-10-28 14:00:00,873.42
2024-10-28 15:00:00,634.08
2024-10-28 16:00:00,344.3
2024-10-28 17:00:00,53.92
2024-10-28 18:00:00,0.0
2024-10-28 19:00:00,0.0
2024-10-28 20:00:00,0.0
2024-10-28 21:00:00,0.0
2024-10-28 22:00:00,0.0
2024-10-28 23:00:00,0.0
2024-10-29 00:00:00,0.0
2024-10-29 01:00:00,0.0
2024-10-29 02:00:00,0.0
2024-10-29 03:00:00,0.0
2024-10-29 04:00:00,0.0
2024-10-29 05:00:00,0.0
2024-10-29 06:00:00,99.0
2024-10-29 07:00:00,406.27
2024-10-29 08:00:00,686.58
2024-10-29 09:00:00,912.67
2024-10-29 10:00:00,1069.15
2024-10-29 11:00:00,1145.38
2024-10-29 12:00:00,1136.12
2024-10-29 13:00:00,1042.05
2024-10-29 14:00:00,869.55
2024-10-29 15:00:00,630.4
2024-10-29 16:00:00,340.88
2024-10-29 17:00:00,52.12
2024-10-29 18:00:00,0.0
2024-10-29 19:00:00,0.0
2024-10-29 20:00:00,0.0
2024-10-29 21:00:00,0.0
2024-10-29 22:00:00,0.0
2024-10-29 23:00:00,0.0
2024-10-30 00:00:00,0.0
2024-10-30 01:00:00,0.0
2024-10-30 02:00:00,0.0
2024-10-30 03:00:00,0.0
2024-10-30 04:00:00,0.0
2024-10-30 05:00:00,0.0
2024-10-30 06:00:00,97.05
2024-10-30 07:00:00,403.52
2024-10-30 08:00:00,683.55
2024-10-30 09:00:00,909.42
2024-10-30 10:00:00,1065.72
2024-10-30 11:00:00,1141.8
2024-10-30 12:00:00,1132.47
2024-10-30 13:00:00,1038.4
2024-10-30 14:00:00,865.97
2024-10-30 15:00:00,626.95
2024-10-30 16:00:00,337.62
2024-10-30 17:00:00,50.4
2024-10-30 18:00:00,0.0
2024-10-30 19:00:00,0.0
2024-10-30 20:00:00,0.0
2024-10-30 21:00:00,0.0
2024-10-30 22:00:00,0.0
2024-10-30 23:00:00,0.0
2024-10-31 00:00:00,0.0
2024-10-31 01:00:00,0.0
2024-10-31 02:00:00,0.0
2024-10-31 03:00:00,0.0
2024-10-31 04:00:00,0.0
2024-10-31 05:00:00,0.0
2024-10-31 06:00:00,95.1
2024-10-31 07:00:00,400.73
2024-10-31 08:00:00,680.5
2024-10-31 09:00:00,906.12
2024-10-31 10:00:00,1062.22
2024-10-31 11:00:00,1138.2
2024-10-31 12:00:00,1128.82
2024-10-31 13:00:00,1034.78
2024-10-31 14:00:00,862.42
2024-10-31 15:00:00,623.58
2024-10-31 16:00:00,334.48
2024-10-31 17:00:00,48.78
2024-10-31 18:00:00,0.0
2024-10-31 19:00:00,0.0
2024-10-31 20:00:00,0.0
2024-10-31 21:00:00,0.0
2024-10-31 22:00:00,0.0
2024-10-31 23:00:00,0.0
2024-11-01 00:00:00,0.0
2024-11-01 01:00:00,0.0
2024-11-01 02:00:00,0.0
2024-11-01 03:00:00,0.0
2024-11-01 04:00:00,0.0
2024-11-01 05:00:00,0.0
2024-11-01 06:00:00,93.12
2024-11-01 07:00:00,397.88
2024-11-01 08:00:00,677.38
2024-11-01 09:00:00,902.78
2024-11-01 10:00:00,1058.72
2024-11-01 11:00:00,1134.57
2024-11-01 12:00:00,1125.18
2024-11-01 13:00:00,1031.18
2024-11-01 14:00:00,858.95
2024-11-01 15:00:00,620.28
2024-11-01 16:00:00,331.4
2024-11-01 17:00:00,47.22
2024-11-01 18:00:00,0.0
2024-11-01 19:00:00,0.0
2024-11-01 20:00:00,0.0
2024-11-01 21:00:00,0.0
2024-11-01 22:00:00,0.0
2024-11-01 23:00:00,0.0
2024-11-02 00:00:00,0.0
2024-11-02 01:00:00,0.0
2024-11-02 02:00:00,0.0
2024-11-02 03:00:00,0.0
2024-11-02 04:00:00,0.0
2024-11-02 05:00:00,0.0
2024-11-02 06:00:00,91.12
2024-11-02 07:00:00,394.95
2024-11-02 08:00:00,674.17
2024-11-02 09:00:00,899.35
2024-11-02 10:00:00,1055.12
2024-11-02 11:00:00,1130.88
2024-11-02 12:00:00,1121.47
2024-11-02 13:00:00,1027.53
2024-11-02 14:00:00,855.47
2024-11-02 15:00:00,617.0
2024-11-02 16:00:00,328.4
2024-11-02 17:00:00,45.75
2024-11-02 18:00:00,0.0
2024-11-02 19:00:00,0.0
2024-11-02 20:00:00,0.0
2024-11-02 21:00:00,0.0
2024-11-02 22:00:00,0.0
2024-11-02 23:00:00,0.0
2024-11-03 00:00:00,0.0
2024-11-03 01:00:00,0.0
2024-11-03 02:00:00,0.0
2024-11-03 03:00:00,0.0
2024-11-03 04:00:00,0.0
2024-11-03 05:00:00,0.0
2024-11-03 06:00:00,89.1
2024-11-03 07:00:00,391.98
2024-11-03 08:00:00,670.92
2024-11-03 09:00:00,895.9
2024-11-03 10:00:00,1051.5
2024-11-03 11:00:00,1127.2
2024-11-03 12:00:00,1117.8
2024-11-03 13:00:00,1023.95
2024-11-03 14:00:00,852.05
2024-11-03 15:00:00,613.83
2024-11-03 16:00:00,325.5
2024-11-03 17:00:00,44.35
2024-11-03 18:00:00,0.0
2024-11-03 19:00:00,0.0
2024-11-03 20:00:00,0.0
2024-11-03 21:00:00,0.0
2024-11-03 22:00:00,0.0
2024-11-03 23:00:00,0.0
2024-11-04 00:00:00,0.0
2024-11-04 01:00:00,0.0
2024-11-04 02:00:00,0.0
2024-11-04 03:00:00,0.0
2024-11-04 04:00:00,0.0
2024-11-04 05:00:00,0.0
2024-11-04 06:00:00,87.07
2024-11-04 07:00:00,388.92
2024-11-04 08:00:00,667.58
2024-11-04 09:00:00,892.28
2024-11-04 10:00:00,1047.75
2024-11-04 11:00:00,1123.38
2024-11-04 12:00:00,1114.0
2024-11-04 13:00:00,1020.28
2024-11-04 14:00:00,848.58
2024-11-04 15:00:00,610.62
2024-11-04 16:00:00,322.65
2024-11-04 17:00:00,43.0
2024-11-04 18:00:00,0.0
2024-11-04 19:00:00,0.0
2024-11-04 20:00:00,0.0
2024-11-04 21:00:00,0.0
2024-11-04 22:00:00,0.0
2024-11-04 23:00:00,0.0
2024-11-05 00:00:00,0.0
2024-11-05 01:00:00,0.0
2024-11-05 02:00:00,0.0
2024-11-05 03:00:00,0.0
2024-11-05 04:00:00,0.0
2024-11-05 05:00:00,0.0
2024-11-05 06:00:00,85.03
2024-11-05 07:00:00,385.85
2024-11-05 08:00:00,664.25
2024-11-05 09:00:00,888.75
2024-11-05 10:00:00,1044.07
2024-11-05 11:00:00,1119.68
2024-11-05 12:00:00,1110.32
2024-11-05 13:00:00,1016.75
2024-11-05 14:00:00,845.28
2024-11-05 15:00:00,607.6
2024-11-05 16:00:00,319.92
2024-11-05 17:00:00,41.75
2024-11-05 18:00:00,0.0
2024-11-05 19:00:00,0.0
2024-11-05 20:00:00,0.0
2024-11-05 21:00:00,0.0
2024-11-05 22:00:00,0.0
2024-11-05 23:00:00,0.0
2024-11-06 00:00:00,0.0
2024-11-06 01:00:00,0.0
2024-11-06 02:00:00,0.0
2024-11-06 03:00:00,0.0
2024-11-06 04:00:00,0.0
2024-11-06 05:00:00,0.0
2024-11-06 06:00:00,83.0
2024-11-06 07:00:00,382.77
2024-11-06 08:00:00,660.92
2024-11-06 09:00:00,885.28
2024-11-06 10:00:00,1040.5
2024-11-06 11:00:00,1116.07
2024-11-06 12:00:00,1106.8
2024-11-06 13:00:00,1013.38
2024-11-06 14:00:00,842.1
2024-11-06 15:00:00,604.7
2024-11-06 16:00:00,317.33
2024-11-06 17:00:00,40.58
2024-11-06 18:00:00,0.0
2024-11-06 19:00:00,0.0
2024-11-06 20:00:00,0.0
2024-11-06 21:00:00,0.0
2024-11-06 22:00:00,0.0
2024-11-06 23:00:00,0.0
2024-11-07 00:00:00,0.0
2024-11-07 01:00:00,0.0
2024-11-07 02:00:00,0.0
2024-11-07 03:00:00,0.0
2024-11-07 04:00:00,0.0
2024-11-07 05:00:00,0.0
2024-11-07 06:00:00,80.95
2024-11-07 07:00:00,379.67
2024-11-07 08:00:00,657.6
2024-11-07 09:00:00,881.78
2024-11-07 10:00:00,1036.93
2024-11-07 11:00:00,1112.5
2024-11-07 12:00:00,1103.32
2024-11-07 13:00:00,1010.05
2024-11-07 14:00:00,839.03
2024-11-07 15:00:00,601.9
2024-11-07 16:00:00,314.85
2024-11-07 17:00:00,39.47
2024-11-07 18:00:00,0.0
2024-11-07 19:00:00,0.0
2024-11-07 20:00:00,0.0
2024-11-07 21:00:00,0.0
2024-11-07 22:00:00,0.0
2024-11-07 23:00:00,0.0
2024-11-08 00:00:00,0.0
2024-11-08 01:00:00,0.0
2024-11-08 02:00:00,0.0
2024-11-08 03:00:00,0.0
2024-11-08 04:00:00,0.0
2024-11-08 05:00:00,0.0
2024-11-08 06:00:00,78.9
2024-11-08 07:00:00,376.52
2024-11-08 08:00:00,654.22
2024-11-08 09:00:00,878.25
2024-11-08 10:00:00,1033.35
2024-11-08 11:00:00,1108.93
2024-11-08 12:00:00,1099.88
2024-11-08 13:00:00,1006.78
2024-11-08 14:00:00,836.0
2024-11-08 15:00:00,599.17
2024-11-08 16:00:00,312.48
2024-11-08 17:00:00,38.42
2024-11-08 18:00:00,0.0
2024-11-08 19:00:00,0.0
2024-11-08 20:00:00,0.0
2024-11-08 21:00:00,0.0
2024-11-08 22:00:00,0.0
2024-11-08 23:00:00,0.0
2024-11-09 00:00:00,0.0
2024-11-09 01:00:00,0.0
2024-11-09 02:00:00,0.0
2024-11-09 03:00:00,0.0
2024-11-09 04:00:00,0.0
2024-11-09 05:00:00,0.0
2024-11-09 06:00:00,76.85
2024-11-09 07:00:00,373.35
2024-11-09 08:00:00,650.83
2024-11-09 09:00:00,874.72
2024-11-09 10:00:00,1029.78
2024-11-09 11:00:00,1105.4
2024-11-09 12:00:00,1096.45
2024-11-09 13:00:00,1003.58
2024-11-09 14:00:00,833.08
2024-11-09 15:00:00,596.58
2024-11-09 16:00:00,310.2
2024-11-09 17:00:00,37.45
2024-11-09 18:00:00,0.0
2024-11-09 19:00:00,0.0
2024-11-09 20:00:00,0.0
2024-11-09 21:00:00,0.0
2024-11-09 22:00:00,0.0
2024-11-09 23:00:00,0.0
2024-11-10 00:00:00,0.0
2024-11-10 01:00:00,0.0
2024-11-10 02:00:00,0.0
2024-11-10 03:00:00,0.0
2024-11-10 04:00:00,0.0
2024-11-10 05:00:00,0.0
2024-11-10 06:00:00,74.8
2024-11-10 07:00:00,370.12
2024-11-10 08:00:00,647.4
2024-11-10 09:00:00,871.17
2024-11-10 10:00:00,1026.2
2024-11-10 11:00:00,1101.88
2024-11-10 12:00:00,1093.07
2024-11-10 13:00:00,1000.42
2024-11-10 14:00:00,830.22
2024-11-10 15:00:00,594.05
2024-11-10 16:00:00,308.02
2024-11-10 17:00:00,36.53
2024-11-10 18:00:00,0.0
2024-11-10 19:00:00,0.0
2024-11-10 20:00:00,0.0
2024-11-10 21:00:00,0.0
2024-11-10 22:00:00,0.0
2024-11-10 23:00:00,0.0
2024-11-11 00:00:00,0.0
2024-11-11 01:00:00,0.0
2024-11-11 02:00:00,0.0
2024-11-11 03:00:00,0.0
2024-11-11 04:00:00,0.0
2024-11-11 05:00:00,0.0
2024-11-11 06:00:00,72.75
2024-11-11 07:00:00,366.88
2024-11-11 08:00:00,643.97
2024-11-11 09:00:00,867.62
2024-11-11 10:00:00,1022.62
2024-11-11 11:00:00,1098.38
2024-11-11 12:00:00,1089.78
2024-11-11 13:00:00,997.35
2024-11-11 14:00:00,827.45
2024-11-11 15:00:00,591.62
2024-11-11 16:00:00,305.98
2024-11-11 17:00:00,35.67
2024-11-11 18:00:00,0.0
2024-11-11 19:00:00,0.0
2024-11-11 20:00:00,0.0
2024-11-11 21:00:00,0.0
2024-11-11 22:00:00,0.0
2024-11-11 23:00:00,0.0
2024-11-12 00:00:00,0.0
2024-11-12 01:00:00,0.0
2024-11-12 02:00:00,0.0
2024-11-12 03:00:00,0.0
2024-11-12 04:00:00,0.0
2024-11-12 05:00:00,0.0
2024-11-12 06:00:00,70.7
2024-11-12 07:00:00,363.6
2024-11-12 08:00:00,640.5
2024-11-12 09:00:00,864.08
2024-11-12 10:00:00,1019.05
2024-11-12 11:00:00,1094.93
2024-11-12 12:00:00,1086.5
2024-11-12 13:00:00,994.35
2024-11-12 14:00:00,824.78
2024-11-12 15:00:00,589.3
2024-11-12 16:00:00,304.02
2024-11-12 17:00:00,34.9
2024-11-12 18:00:00,0.0
2024-11-12 19:00:00,0.0
2024-11-12 20:00:00,0.0
2024-11-12 21:00:00,0.0
2024-11-12 22:00:00,0.0
2024-11-12 23:00:00,0.0
2024-11-13 00:00:00,0.0
2024-11-13 01:00:00,0.0
2024-11-13 02:00:00,0.0
2024-11-13 03:00:00,0.0
2024-11-13 04:00:00,0.0
2024-11-13 05:00:00,0.0
2024-11-13 06:00:00,68.65
2024-11-13 07:00:00,360.3
2024-11-13 08:00:00,637.03
2024-11-13 09:00:00,860.5
2024-11-13 10:00:00,1015.53
2024-11-13 11:00:00,1091.5
2024-11-13 12:00:00,1083.28
2024-11-13 13:00:00,991.4
2024-11-13 14:00:00,822.17
2024-11-13 15:00:00,587.1
2024-11-13 16:00:00,302.2
2024-11-13 17:00:00,34.17
2024-11-13 18:00:00,0.0
2024-11-13 19:00:00,0.0
2024-11-13 20:00:00,0.0
2024-11-13 21:00:00,0.0
2024-11-13 22:00:00,0.0
2024-11-13 23:00:00,0.0
2024-11-14 00:00:00,0.0
2024-11-14 01:00:00,0.0
2024-11-14 02:00:00,0.0
2024-11-14 03:00:00,0.0
2024-11-14 04:00:00,0.0
2024-11-14 05:00:00,0.0
2024-11-14 06:00:00,66.62
2024-11-14 07:00:00,356.95
2024-11-14 08:00:00,633.53
2024-11-14 09:00:00,856.92
2024-11-14 10:00:00,1011.97
2024-11-14 11:00:00,1088.1
2024-11-14 12:00:00,1080.1
2024-11-14 13:00:00,988.55
2024-11-14 14:00:00,819.67
2024-11-14 15:00:00,584.97
2024-11-14 16:00:00,300.48
2024-11-14 17:00:00,33.53
2024-11-14 18:00:00,0.0
2024-11-14 19:00:00,0.0
2024-11-14 20:00:00,0.0
2024-11-14 21:00:00,0.0
2024-11-14 22:00:00,0.0
2024-11-14 23:00:00,0.0
2024-11-15 00:00:00,0.0
2024-11-15 01:00:00,0.0
2024-11-15 02:00:00,0.0
2024-11-15 03:00:00,0.0
2024-11-15 04:00:00,0.0
2024-11-15 05:00:00,0.0
2024-11-15 06:00:00,64.6
2024-11-15 07:00:00,353.6
2024-11-15 08:00:00,630.0
2024-11-15 09:00:00,853.38
2024-11-15 10:00:00,1008.47
2024-11-15 11:00:00,1084.72
2024-11-15 12:00:00,1076.97
2024-11-15 13:00:00,985.75
2024-11-15 14:00:00,817.25
2024-11-15 15:00:00,582.97
2024-11-15 16:00:00,298.88
2024-11-15 17:00:00,32.92
2024-11-15 18:00:00,0.0
2024-11-15 19:00:00,0.0
2024-11-15 20:00:00,0.0
2024-11-15 21:00:00,0.0
2024-11-15 22:00:00,0.0
2024-11-15 23:00:00,0.0
2024-11-16 00:00:00,0.0
2024-11-16 01:00:00,0.0
2024-11-16 02:00:00,0.0
2024-11-16 03:00:00,0.0
2024-11-16 04:00:00,0.0
2024-11-16 05:00:00,0.0
2024-11-16 06:00:00,62.6
2024-11-16 07:00:00,350.25
2024-11-16 08:00:00,626.53
2024-11-16 09:00:00,849.88
2024-11-16 10:00:00,1005.05
2024-11-16 11:00:00,1081.5
2024-11-16 12:00:00,1074.03
2024-11-16 13:00:00,983.12
2024-11-16 14:00:00,815.0
2024-11-16 15:00:00,581.12
2024-11-16 16:00:00,297.4
2024-11-16 17:00:00,32.38
2024-11-16 18:00:00,0.0
2024-11-16 19:00:00,0.0
2024-11-16 20:00:00,0.0
2024-11-16 21:00:00,0.0
2024-11-16 22:00:00,0.0
2024-11-16 23:00:00,0.0
2024-11-17 00:00:00,0.0
2024-11-17 01:00:00,0.0
2024-11-17 02:00:00,0.0
2024-11-17 03:00:00,0.0
2024-11-17 04:00:00,0.0
2024-11-17 05:00:00,0.0
2024-11-17 06:00:00,60.6
2024-11-17 07:00:00,346.85
2024-11-17 08:00:00,623.0
2024-11-17 09:00:00,846.33
2024-11-17 10:00:00,1001.6
2024-11-17 11:00:00,1078.25
2024-11-17 12:00:00,1071.05
2024-11-17 13:00:00,980.5
2024-11-17 14:00:00,812.8
2024-11-17 15:00:00,579.33
2024-11-17 16:00:00,296.02
2024-11-17 17:00:00,31.88
2024-11-17 18:00:00,0.0
2024-11-17 19:00:00,0.0
2024-11-17 20:00:00,0.0
2024-11-17 21:00:00,0.0
2024-11-17 22:00:00,0.0
2024-11-17 23:00:00,0.0
2024-11-18 00:00:00,0.0
2024-11-18 01:00:00,0.0
2024-11-18 02:00:00,0.0
2024-11-18 03:00:00,0.0
2024-11-18 04:00:00,0.0
2024-11-18 05:00:00,0.0
2024-11-18 06:00:00,58.62
2024-11-18 07:00:00,343.45
2024-11-18 08:00:00,619.5
2024-11-18 09:00:00,842.83
2024-11-18 10:00:00,998.2
2024-11-18 11:00:00,1075.07
2024-11-18 12:00:00,1068.18
2024-11-18 13:00:00,978.0
2024-11-18 14:00:00,810.7
2024-11-18 15:00:00,577.67
2024-11-18 16:00:00,294.77
2024-11-18 17:00:00,31.45
2024-11-18 18:00:00,0.0
2024-11-18 19:00:00,0.0
2024-11-18 20:00:00,0.0
2024-11-18 21:00:00,0.0
2024-11-18 22:00:00,0.0
2024-11-18 23:00:00,0.0
2024-11-19 00:00:00,0.0
2024-11-19 01:00:00,0.0
2024-11-19 02:00:00,0.0
2024-11-19 03:00:00,0.0
2024-11-19 04:00:00,0.0
2024-11-19 05:00:00,0.0
2024-11-19 06:00:00,56.65
2024-11-19 07:00:00,340.0
2024-11-19 08:00:00,615.95
2024-11-19 09:00:00,839.28
2024-11-19 10:00:00,994.8
2024-11-19 11:00:00,1071.9
2024-11-19 12:00:00,1065.32
2024-11-19 13:00:00,975.55
2024-11-19 14:00:00,808.67
2024-11-19 15:00:00,576.1
2024-11-19 16:00:00,293.65
2024-11-19 17:00:00,31.08
2024-11-19 18:00:00,0.0
2024-11-19 19:00:00,0.0
2024-11-19 20:00:00,0.0
2024-11-19 21:00:00,0.0
2024-11-19 22:00:00,0.0
2024-11-19 23:00:00,0.0
2024-11-20 00:00:00,0.0
2024-11-20 01:00:00,0.0
2024-11-20 02:00:00,0.0
2024-11-20 03:00:00,0.0
2024-11-20 04:00:00,0.0
2024-11-20 05:00:00,0.0
2024-11-20 06:00:00,54.7
2024-11-20 07:00:00,336.58
2024-11-20 08:00:00,612.45
2024-11-20 09:00:00,835.83
2024-11-20 10:00:00,991.5
2024-11-20 11:00:00,1068.85
2024-11-20 12:00:00,1062.62
2024-11-20 13:00:00,973.25
2024-11-20 14:00:00,806.83
2024-11-20 15:00:00,574.67
2024-11-20 16:00:00,292.65
2024-11-20 17:00:00,30.75
2024-11-20 18:00:00,0.0
2024-11-20 19:00:00,0.0
2024-11-20 20:00:00,0.0
2024-11-20 21:00:00,0.0
2024-11-20 22:00:00,0.0
2024-11-20 23:00:00,0.0
2024-11-21 00:00:00,0.0
2024-11-21 01:00:00,0.0
2024-11-21 02:00:00,0.0
2024-11-21 03:00:00,0.0
2024-11-21 04:00:00,0.0
2024-11-21 05:00:00,0.0
2024-11-21 06:00:00,52.78
2024-11-21 07:00:00,333.1
2024-11-21 08:00:00,608.88
2024-11-21 09:00:00,832.28
2024-11-21 10:00:00,988.1
2024-11-21 11:00:00,1065.7
2024-11-21 12:00:00,1059.85
2024-11-21 13:00:00,970.9
2024-11-21 14:00:00,804.95
2024-11-21 15:00:00,573.3
2024-11-21 16:00:00,291.73
2024-11-21 17:00:00,30.48
2024-11-21 18:00:00,0.0
2024-11-21 19:00:00,0.0
2024-11-21 20:00:00,0.0
2024-11-21 21:00:00,0.0
2024-11-21 22:00:00,0.0
2024-11-21 23:00:00,0.0
2024-11-22 00:00:00,0.0
2024-11-22 01:00:00,0.0
2024-11-22 02:00:00,0.0
2024-11-22 03:00:00,0.0
2024-11-22 04:00:00,0.0
2024-11-22 05:00:00,0.0
2024-11-22 06:00:00,50.88
2024-11-22 07:00:00,329.58
2024-11-22 08:00:00,605.25
2024-11-22 09:00:00,828.67
2024-11-22 10:00:00,984.65
2024-11-22 11:00:00,1062.53
2024-11-22 12:00:00,1057.05
2024-11-22 13:00:00,968.58
2024-11-22 14:00:00,803.12
2024-11-22 15:00:00,571.97
2024-11-22 16:00:00,290.9
2024-11-22 17:00:00,30.27
2024-11-22 18:00:00,0.0
2024-11-22 19:00:00,0.0
2024-11-22 20:00:00,0.0
2024-11-22 21:00:00,0.0
2024-11-22 22:00:00,0.0
2024-11-22 23:00:00,0.0
2024-11-23 00:00:00,0.0
2024-11-23 01:00:00,0.0
2024-11-23 02:00:00,0.0
2024-11-23 03:00:00,0.0
2024-11-23 04:00:00,0.0
2024-11-23 05:00:00,0.0
2024-11-23 06:00:00,48.97
2024-11-23 07:00:00,326.05
2024-11-23 08:00:00,601.6
2024-11-23 09:00:00,825.08
2024-11-23 10:00:00,981.2
2024-11-23 11:00:00,1059.4
2024-11-23 12:00:00,1054.32
2024-11-23 13:00:00,966.3
2024-11-23 14:00:00,801.38
2024-11-23 15:00:00,570.75
2024-11-23 16:00:00,290.17
2024-11-23 17:00:00,30.1
2024-11-23 18:00:00,0.0
2024-11-23 19:00:00,0.0
2024-11-23 20:00:00,0.0
2024-11-23 21:00:00,0.0
2024-11-23 22:00:00,0.0
2024-11-23 23:00:00,0.0
2024-11-24 00:00:00,0.0
2024-11-24 01:00:00,0.0
2024-11-24 02:00:00,0.0
2024-11-24 03:00:00,0.0
2024-11-24 04:00:00,0.0
2024-11-24 05:00:00,0.0
2024-11-24 06:00:00,47.12
2024-11-24 07:00:00,322.5
2024-11-24 08:00:00,597.97
2024-11-24 09:00:00,821.47
2024-11-24 10:00:00,977.8
2024-11-24 11:00:00,1056.28
2024-11-24 12:00:00,1051.62
2024-11-24 13:00:00,964.1
2024-11-24 14:00:00,799.7
2024-11-24 15:00:00,569.65
2024-11-24 16:00:00,289.58
2024-11-24 17:00:00,29.98
2024-11-24 18:00:00,0.0
2024-11-24 19:00:00,0.0
2024-11-24 20:00:00,0.0
2024-11-24 21:00:00,0.0
2024-11-24 22:00:00,0.0
2024-11-24 23:00:00,0.0
2024-11-25 00:00:00,0.0
2024-11-25 01:00:00,0.0
2024-11-25 02:00:00,0.0
2024-11-25 03:00:00,0.0
2024-11-25 04:00:00,0.0
2024-11-25 05:00:00,0.0
2024-11-25 06:00:00,45.3
2024-11-25 07:00:00,318.98
2024-11-25 08:00:00,594.35
2024-11-25 09:00:00,817.9
2024-11-25 10:00:00,974.42
2024-11-25 11:00:00,1053.25
2024-11-25 12:00:00,1049.0
2024-11-25 13:00:00,962.0
2024-11-25 14:00:00,798.15
2024-11-25 15:00:00,568.62
2024-11-25 16:00:00,289.08
2024-11-25 17:00:00,29.92
2024-11-25 18:00:00,0.0
2024-11-25 19:00:00,0.0
2024-11-25 20:00:00,0.0
2024-11-25 21:00:00,0.0
2024-11-25 22:00:00,0.0
2024-11-25 23:00:00,0.0
2024-11-26 00:00:00,0.0
2024-11-26 01:00:00,0.0
2024-11-26 02:00:00,0.0
2024-11-26 03:00:00,0.0
2024-11-26 04:00:00,0.0
2024-11-26 05:00:00,0.0
2024-11-26 06:00:00,43.5
2024-11-26 07:00:00,315.45
2024-11-26 08:00:00,590.75
2024-11-26 09:00:00,814.4
2024-11-26 10:00:00,971.12
2024-11-26 11:00:00,1050.3
2024-11-26 12:00:00,1046.53
2024-11-26 13:00:00,960.03
2024-11-26 14:00:00,796.75
2024-11-26 15:00:00,567.78
2024-11-26 16:00:00,288.73
2024-11-26 17:00:00,29.9
2024-11-26 18:00:00,0.0
2024-11-26 19:00:00,0.0
2024-11-26 20:00:00,0.0
2024-11-26 21:00:00,0.0
2024-11-26 22:00:00,0.0
2024-11-26 23:00:00,0.0
2024-11-27 00:00:00,0.0
2024-11-27 01:00:00,0.0
2024-11-27 02:00:00,0.0
2024-11-27 03:00:00,0.0
2024-11-27 04:00:00,0.0
2024-11-27 05:00:00,0.0
2024-11-27 06:00:00,41.75
2024-11-27 07:00:00,311.98
2024-11-27 08:00:00,587.28
2024-11-27 09:00:00,811.08
2024-11-27 10:00:00,968.08
2024-11-27 11:00:00,1047.62
2024-11-27 12:00:00,1044.3
2024-11-27 13:00:00,958.33
2024-11-27 14:00:00,795.58
2024-11-27 15:00:00,567.12
2024-11-27 16:00:00,288.55
2024-11-27 17:00:00,29.95
2024-11-27 18:00:00,0.0
2024-11-27 19:00:00,0.0
2024-11-27 20:00:00,0.0
2024-11-27 21:00:00,0.0
2024-11-27 22:00:00,0.0
2024-11-27 23:00:00,0.0
2024-11-28 00:00:00,0.0
2024-11-28 01:00:00,0.0
2024-11-28 02:00:00,0.0
2024-11-28 03:00:00,0.0
2024-11-28 04:00:00,0.0
2024-11-28 05:00:00,0.0
2024-11-28 06:00:00,40.05
2024-11-28 07:00:00,308.52
2024-11-28 08:00:00,583.85
2024-11-28 09:00:00,807.78
2024-11-28 10:00:00,965.08
2024-11-28 11:00:00,1045.03
2024-11-28 12:00:00,1042.18
2024-11-28 13:00:00,956.72
2024-11-28 14:00:00,794.53
2024-11-28 15:00:00,566.6
2024-11-28 16:00:00,288.48
2024-11-28 17:00:00,30.05
2024-11-28 18:00:00,0.0
2024-11-28 19:00:00,0.0
2024-11-28 20:00:00,0.0
2024-11-28 21:00:00,0.0
2024-11-28 22:00:00,0.0
2024-11-28 23:00:00,0.0
2024-11-29 00:00:00,0.0
2024-11-29 01:00:00,0.0
2024-11-29 02:00:00,0.0
2024-11-29 03:00:00,0.0
2024-11-29 04:00:00,0.0
2024-11-29 05:00:00,0.0
2024-11-29 06:00:00,38.35
2024-11-29 07:00:00,305.08
2024-11-29 08:00:00,580.42
2024-11-29 09:00:00,804.53
2024-11-29 10:00:00,962.12
2024-11-29 11:00:00,1042.47
2024-11-29 12:00:00,1040.12
2024-11-29 13:00:00,955.2
2024-11-29 14:00:00,793.58
2024-11-29 15:00:00,566.17
2024-11-29 16:00:00,288.52
2024-11-29 17:00:00,30.17
2024-11-29 18:00:00,0.0
2024-11-29 19:00:00,0.0
2024-11-29 20:00:00,0.0
2024-11-29 21:00:00,0.0
2024-11-29 22:00:00,0.0
2024-11-29 23:00:00,0.0
2024-11-30 00:00:00,0.0
2024-11-30 01:00:00,0.0
2024-11-30 02:00:00,0.0
2024-11-30 03:00:00,0.0
2024-11-30 04:00:00,0.0
2024-11-30 05:00:00,0.0
2024-11-30 06:00:00,36.7
2024-11-30 07:00:00,301.62
2024-11-30 08:00:00,577.05
2024-11-30 09:00:00,801.35
2024-11-30 10:00:00,959.25
2024-11-30 11:00:00,1040.05
2024-11-30 12:00:00,1038.2
2024-11-30 13:00:00,953.88
2024-11-30 14:00:00,792.78
2024-11-30 15:00:00,565.9
2024-11-30 16:00:00,288.7
2024-11-30 17:00:00,30.38
2024-11-30 18:00:00,0.0
2024-11-30 19:00:00,0.0
2024-11-30 20:00:00,0.0
2024-11-30 21:00:00,0.0
2024-11-30 22:00:00,0.0
2024-11-30 23:00:00,0.0
2024-12-01 00:00:00,0.0
2024-12-01 01:00:00,0.0
2024-12-01 02:00:00,0.0
2024-12-01 03:00:00,0.0
2024-12-01 04:00:00,0.0
2024-12-01 05:00:00,0.0
2024-12-01 06:00:00,35.1
2024-12-01 07:00:00,298.23
2024-12-01 08:00:00,573.7
2024-12-01 09:00:00,798.22
2024-12-01 10:00:00,956.5
2024-12-01 11:00:00,1037.72
2024-12-01 12:00:00,1036.4
2024-12-01 13:00:00,952.62
2024-12-01 14:00:00,792.1
2024-12-01 15:00:00,565.75
2024-12-01 16:00:00,289.02
2024-12-01 17:00:00,30.62
2024-12-01 18:00:00,0.0
2024-12-01 19:00:00,0.0
2024-12-01 20:00:00,0.0
2024-12-01 21:00:00,0.0
2024-12-01 22:00:00,0.0
2024-12-01 23:00:00,0.0
2024-12-02 00:00:00,0.0
2024-12-02 01:00:00,0.0
2024-12-02 02:00:00,0.0
2024-12-02 03:00:00,0.0
2024-12-02 04:00:00,0.0
2024-12-02 05:00:00,0.0
2024-12-02 06:00:00,33.53
2024-12-02 07:00:00,294.85
2024-12-02 08:00:00,570.42
2024-12-02 09:00:00,795.17
2024-12-02 10:00:00,953.8
2024-12-02 11:00:00,1035.53
2024-12-02 12:00:00,1034.72
2024-12-02 13:00:00,951.53
2024-12-02 14:00:00,791.58
2024-12-02 15:00:00,565.75
2024-12-02 16:00:00,289.45
2024-12-02 17:00:00,30.95
2024-12-02 18:00:00,0.0
2024-12-02 19:00:00,0.0
2024-12-02 20:00:00,0.0
2024-12-02 21:00:00,0.0
2024-12-02 22:00:00,0.0
2024-12-02 23:00:00,0.0
2024-12-03 00:00:00,0.0
2024-12-03 01:00:00,0.0
2024-12-03 02:00:00,0.0
2024-12-03 03:00:00,0.0
2024-12-03 04:00:00,0.0
2024-12-03 05:00:00,0.0
2024-12-03 06:00:00,32.0
2024-12-03 07:00:00,291.5
2024-12-03 08:00:00,567.2
2024-12-03 09:00:00,792.22
2024-12-03 10:00:00,951.25
2024-12-03 11:00:00,1033.45
2024-12-03 12:00:00,1033.2
2024-12-03 13:00:00,950.58
2024-12-03 14:00:00,791.17
2024-12-03 15:00:00,565.88
2024-12-03 16:00:00,290.0
2024-12-03 17:00:00,31.3
2024-12-03 18:00:00,0.0
2024-12-03 19:00:00,0.0
2024-12-03 20:00:00,0.0
2024-12-03 21:00:00,0.0
2024-12-03 22:00:00,0.0
2024-12-03 23:00:00,0.0
2024-12-04 00:00:00,0.0
2024-12-04 01:00:00,0.0
2024-12-04 02:00:00,0.0
2024-12-04 03:00:00,0.0
2024-12-04 04:00:00,0.0
2024-12-04 05:00:00,0.0
2024-12-04 06:00:00,30.52
2024-12-04 07:00:00,288.17
2024-12-04 08:00:00,564.0
2024-12-04 09:00:00,789.28
2024-12-04 10:00:00,948.7
2024-12-04 11:00:00,1031.4
2024-12-04 12:00:00,1031.72
2024-12-04 13:00:00,949.7
2024-12-04 14:00:00,790.88
2024-12-04 15:00:00,566.1
2024-12-04 16:00:00,290.67
2024-12-04 17:00:00,31.7
2024-12-04 18:00:00,0.0
2024-12-04 19:00:00,0.0
2024-12-04 20:00:00,0.0
2024-12-04 21:00:00,0.0
2024-12-04 22:00:00,0.0
2024-12-04 23:00:00,0.0
2024-12-05 00:00:00,0.0
2024-12-05 01:00:00,0.0
2024-12-05 02:00:00,0.0
2024-12-05 03:00:00,0.0
2024-12-05 04:00:00,0.0
2024-12-05 05:00:00,0.0
2024-12-05 06:00:00,29.08
2024-12-05 07:00:00,284.88
2024-12-05 08:00:00,560.83
2024-12-05 09:00:00,786.4
2024-12-05 10:00:00,946.25
2024-12-05 11:00:00,1029.45
2024-12-05 12:00:00,1030.35
2024-12-05 13:00:00,948.92
2024-12-05 14:00:00,790.7
2024-12-05 15:00:00,566.45
2024-12-05 16:00:00,291.45
2024-12-05 17:00:00,32.17
2024-12-05 18:00:00,0.0
2024-12-05 19:00:00,0.0
2024-12-05 20:00:00,0.0
2024-12-05 21:00:00,0.0
2024-12-05 22:00:00,0.0
2024-12-05 23:00:00,0.0
2024-12-06 00:00:00,0.0
2024-12-06 01:00:00,0.0
2024-12-06 02:00:00,0.0
2024-12-06 03:00:00,0.0
2024-12-06 04:00:00,0.0
2024-12-06 05:00:00,0.0
2024-12-06 06:00:00,27.67
2024-12-06 07:00:00,281.58
2024-12-06 08:00:00,557.65
2024-12-06 09:00:00,783.5
2024-12-06 10:00:00,943.75
2024-12-06 11:00:00,1027.45
2024-12-06 12:00:00,1028.97
2024-12-06 13:00:00,948.15
2024-12-06 14:00:00,790.53
2024-12-06 15:00:00,566.83
2024-12-06 16:00:00,292.3
2024-12-06 17:00:00,32.67
2024-12-06 18:00:00,0.0
2024-12-06 19:00:00,0.0
2024-12-06 20:00:00,0.0
2024-12-06 21:00:00,0.0
2024-12-06 22:00:00,0.0
2024-12-06 23:00:00,0.0
2024-12-07 00:00:00,0.0
2024-12-07 01:00:00,0.0
2024-12-07 02:00:00,0.0
2024-12-07 03:00:00,0.0
2024-12-07 04:00:00,0.0
2024-12-07 05:00:00,0.0
2024-12-07 06:00:00,26.33
2024-12-07 07:00:00,278.3
2024-12-07 08:00:00,554.5
2024-12-07 09:00:00,780.65
2024-12-07 10:00:00,941.33
2024-12-07 11:00:00,1025.57
2024-12-07 12:00:00,1027.68
2024-12-07 13:00:00,947.5
2024-12-07 14:00:00,790.47
2024-12-07 15:00:00,567.35
2024-12-07 16:00:00,293.27
2024-12-07 17:00:00,33.25
2024-12-07 18:00:00,0.0
2024-12-07 19:00:00,0.0
2024-12-07 20:00:00,0.0
2024-12-07 21:00:00,0.0
2024-12-07 22:00:00,0.0
2024-12-07 23:00:00,0.0
2024-12-08 00:00:00,0.0
2024-12-08 01:00:00,0.0
2024-12-08 02:00:00,0.0
2024-12-08 03:00:00,0.0
2024-12-08 04:00:00,0.0
2024-12-08 05:00:00,0.0
2024-12-08 06:00:00,25.0
2024-12-08 07:00:00,275.05
2024-12-08 08:00:00,551.42
2024-12-08 09:00:00,777.88
2024-12-08 10:00:00,938.97
2024-12-08 11:00:00,1023.78
2024-12-08 12:00:00,1026.5
2024-12-08 13:00:00,946.95
2024-12-08 14:00:00,790.55
2024-12-08 15:00:00,567.97
2024-12-08 16:00:00,294.35
2024-12-08 17:00:00,33.88
2024-12-08 18:00:00,0.0
2024-12-08 19:00:00,0.0
2024-12-08 20:00:00,0.0
2024-12-08 21:00:00,0.0
2024-12-08 22:00:00,0.0
2024-12-08 23:00:00,0.0
2024-12-09 00:00:00,0.0
2024-12-09 01:00:00,0.0
2024-12-09 02:00:00,0.0
2024-12-09 03:00:00,0.0
2024-12-09 04:00:00,0.0
2024-12-09 05:00:00,0.0
2024-12-09 06:00:00,23.75
2024-12-09 07:00:00,271.85
2024-12-09 08:00:00,548.4
2024-12-09 09:00:00,775.17
2024-12-09 10:00:00,936.75
2024-12-09 11:00:00,1022.1
2024-12-09 12:00:00,1025.43
2024-12-09 13:00:00,946.53
2024-12-09 14:00:00,790.75
2024-12-09 15:00:00,568.72
2024-12-09 16:00:00,295.55
2024-12-09 17:00:00,34.55
2024-12-09 18:00:00,0.0
2024-12-09 19:00:00,0.0
2024-12-09 20:00:00,0.0
2024-12-09 21:00:00,0.0
2024-12-09 22:00:00,0.0
2024-12-09 23:00:00,0.0
2024-12-10 00:00:00,0.0
2024-12-10 01:00:00,0.0
2024-12-10 02:00:00,0.0
2024-12-10 03:00:00,0.0
2024-12-10 04:00:00,0.0
2024-12-10 05:00:00,0.0
2024-12-10 06:00:00,22.52
2024-12-10 07:00:00,268.7
2024-12-10 08:00:00,545.42
2024-12-10 09:00:00,772.55
2024-12-10 10:00:00,934.58
2024-12-10 11:00:00,1020.5
2024-12-10 12:00:00,1024.47
2024-12-10 13:00:00,946.2
2024-12-10 14:00:00,791.05
2024-12-10 15:00:00,569.58
2024-12-10 16:00:00,296.85
2024-12-10 17:00:00,35.28
2024-12-10 18:00:00,0.0
2024-12-10 19:00:00,0.0
2024-12-10 20:00:00,0.0
2024-12-10 21:00:00,0.0
2024-12-10 22:00:00,0.0
2024-12-10 23:00:00,0.0
2024-12-11 00:00:00,0.0
2024-12-11 01:00:00,0.0
2024-12-11 02:00:00,0.0
2024-12-11 03:00:00,0.0
2024-12-11 04:00:00,0.0
2024-12-11 05:00:00,0.0
2024-12-11 06:00:00,21.33
2024-12-11 07:00:00,265.6
2024-12-11 08:00:00,542.53
2024-12-11 09:00:00,770.0
2024-12-11 10:00:00,932.5
2024-12-11 11:00:00,1019.03
2024-12-11 12:00:00,1023.62
2024-12-11 13:00:00,946.03
2024-12-11 14:00:00,791.47
2024-12-11 15:00:00,570.55
2024-12-11 16:00:00,298.25
2024-12-11 17:00:00,36.05
2024-12-11 18:00:00,0.0
2024-12-11 19:00:00,0.0
2024-12-11 20:00:00,0.0
2024-12-11 21:00:00,0.0
2024-12-11 22:00:00,0.0
2024-12-11 23:00:00,0.0
2024-12-12 00:00:00,0.0
2024-12-12 01:00:00,0.0
2024-12-12 02:00:00,0.0
2024-12-12 03:00:00,0.0
2024-12-12 04:00:00,0.0
2024-12-12 05:00:00,0.0
2024-12-12 06:00:00,20.2
2024-12-12 07:00:00,262.52
2024-12-12 08:00:00,539.67
2024-12-12 09:00:00,767.5
2024-12-12 10:00:00,930.53
2024-12-12 11:00:00,1017.62
2024-12-12 12:00:00,1022.88
2024-12-12 13:00:00,945.92
2024-12-12 14:00:00,792.03
2024-12-12 15:00:00,571.62
2024-12-12 16:00:00,299.77
2024-12-12 17:00:00,36.9
2024-12-12 18:00:00,0.0
2024-12-12 19:00:00,0.0
2024-12-12 20:00:00,0.0
2024-12-12 21:00:00,0.0
2024-12-12 22:00:00,0.0
2024-12-12 23:00:00,0.0
2024-12-13 00:00:00,0.0
2024-12-13 01:00:00,0.0
2024-12-13 02:00:00,0.0
2024-12-13 03:00:00,0.0
2024-12-13 04:00:00,0.0
2024-12-13 05:00:00,0.0
2024-12-13 06:00:00,19.12
2024-12-13 07:00:00,259.52
2024-12-13 08:00:00,536.9
2024-12-13 09:00:00,765.1
2024-12-13 10:00:00,928.65
2024-12-13 11:00:00,1016.35
2024-12-13 12:00:00,1022.25
2024-12-13 13:00:00,945.97
2024-12-13 14:00:00,792.67
2024-12-13 15:00:00,572.83
2024-12-13 16:00:00,301.4
2024-12-13 17:00:00,37.8
2024-12-13 18:00:00,0.0
2024-12-13 19:00:00,0.0
2024-12-13 20:00:00,0.0
2024-12-13 21:00:00,0.0
2024-12-13 22:00:00,0.0
2024-12-13 23:00:00,0.0
2024-12-14 00:00:00,0.0
2024-12-14 01:00:00,0.0
2024-12-14 02:00:00,0.0
2024-12-14 03:00:00,0.0
2024-12-14 04:00:00,0.0
2024-12-14 05:00:00,0.0
2024-12-14 06:00:00,18.08
2024-12-14 07:00:00,256.58
2024-12-14 08:00:00,534.2
2024-12-14 09:00:00,762.83
2024-12-14 10:00:00,926.9
2024-12-14 11:00:00,1015.2
2024-12-14 12:00:00,1021.78
2024-12-14 13:00:00,946.15
2024-12-14 14:00:00,793.47
2024-12-14 15:00:00,574.15
2024-12-14 16:00:00,303.12
2024-12-14 17:00:00,38.78
2024-12-14 18:00:00,0.0
2024-12-14 19:00:00,0.0
2024-12-14 20:00:00,0.0
2024-12-14 21:00:00,0.0
2024-12-14 22:00:00,0.0
2024-12-14 23:00:00,0.0
2024-12-15 00:00:00,0.0
2024-12-15 01:00:00,0.0
2024-12-15 02:00:00,0.0
2024-12-15 03:00:00,0.0
2024-12-15 04:00:00,0.0
2024-12-15 05:00:00,0.0
2024-12-15 06:00:00,17.08
2024-12-15 07:00:00,253.68
2024-12-15 08:00:00,531.53
2024-12-15 09:00:00,760.55
2024-12-15 10:00:00,925.12
2024-12-15 11:00:00,1014.08
2024-12-15 12:00:00,1021.3
2024-12-15 13:00:00,946.33
2024-12-15 14:00:00,794.33
2024-12-15 15:00:00,575.55
2024-12-15 16:00:00,304.92
2024-12-15 17:00:00,39.78
2024-12-15 18:00:00,0.0
2024-12-15 19:00:00,0.0
2024-12-15 20:00:00,0.0
2024-12-15 21:00:00,0.0
2024-12-15 22:00:00,0.0
2024-12-15 23:00:00,0.0
2024-12-16 00:00:00,0.0
2024-12-16 01:00:00,0.0
2024-12-16 02:00:00,0.0
2024-12-16 03:00:00,0.0
2024-12-16 04:00:00,0.0
2024-12-16 05:00:00,0.0
2024-12-16 06:00:00,16.12
2024-12-16 07:00:00,250.82
2024-12-16 08:00:00,528.97
2024-12-16 09:00:00,758.42
2024-12-16 10:00:00,923.55
2024-12-16 11:00:00,1013.12
2024-12-16 12:00:00,1021.03
2024-12-16 13:00:00,946.75
2024-12-16 14:00:00,795.33
2024-12-16 15:00:00,577.08
2024-12-16 16:00:00,306.88
2024-12-16 17:00:00,40.88
2024-12-16 18:00:00,0.0
2024-12-16 19:00:00,0.0
2024-12-16 20:00:00,0.0
2024-12-16 21:00:00,0.0
2024-12-16 22:00:00,0.0
2024-12-16 23:00:00,0.0
2024-12-17 00:00:00,0.0
2024-12-17 01:00:00,0.0
2024-12-17 02:00:00,0.0
2024-12-17 03:00:00,0.0
2024-12-17 04:00:00,0.0
2024-12-17 05:00:00,0.0
2024-12-17 06:00:00,15.2
2024-12-17 07:00:00,248.05
2024-12-17 08:00:00,526.5
2024-12-17 09:00:00,756.38
2024-12-17 10:00:00,922.08
2024-12-17 11:00:00,1012.3
2024-12-17 12:00:00,1020.88
2024-12-17 13:00:00,947.25
2024-12-17 14:00:00,796.45
2024-12-17 15:00:00,578.72
2024-12-17 16:00:00,308.9
2024-12-17 17:00:00,42.0
2024-12-17 18:00:00,0.0
2024-12-17 19:00:00,0.0
2024-12-17 20:00:00,0.0
2024-12-17 21:00:00,0.0
2024-12-17 22:00:00,0.0
2024-12-17 23:00:00,0.0
2024-12-18 00:00:00,0.0
2024-12-18 01:00:00,0.0
2024-12-18 02:00:00,0.0
2024-12-18 03:00:00,0.0
2024-12-18 04:00:00,0.0
2024-12-18 05:00:00,0.0
2024-12-18 06:00:00,14.35
2024-12-18 07:00:00,245.35
2024-12-18 08:00:00,524.12
2024-12-18 09:00:00,754.47
2024-12-18 10:00:00,920.75
2024-12-18 11:00:00,1011.62
2024-12-18 12:00:00,1020.9
2024-12-18 13:00:00,947.92
2024-12-18 14:00:00,797.72
2024-12-18 15:00:00,580.5
2024-12-18 16:00:00,311.02
2024-12-18 17:00:00,43.22
2024-12-18 18:00:00,0.0
2024-12-18 19:00:00,0.0
2024-12-18 20:00:00,0.0
2024-12-18 21:00:00,0.0
2024-12-18 22:00:00,0.0
2024-12-18 23:00:00,0.0
2024-12-19 00:00:00,0.0
2024-12-19 01:00:00,0.0
2024-12-19 02:00:00,0.0
2024-12-19 03:00:00,0.0
2024-12-19 04:00:00,0.0
2024-12-19 05:00:00,0.0
2024-12-19 06:00:00,0.0
2024-12-19 07:00:00,256.27
2024-12-19 08:00:00,521.85
2024-12-19 09:00:00,752.72
2024-12-19 10:00:00,919.6
2024-12-19 11:00:00,1011.12
2024-12-19 12:00:00,1021.1
2024-12-19 13:00:00,948.8
2024-12-19 14:00:00,799.17
2024-12-19 15:00:00,582.42
2024-12-19 16:00:00,313.27
2024-12-19 17:00:00,44.5
2024-12-19 18:00:00,0.0
2024-12-19 19:00:00,0.0
2024-12-19 20:00:00,0.0
2024-12-19 21:00:00,0.0
2024-12-19 22:00:00,0.0
2024-12-19 23:00:00,0.0
2024-12-20 00:00:00,0.0
2024-12-20 01:00:00,0.0
2024-12-20 02:00:00,0.0
2024-12-20 03:00:00,0.0
2024-12-20 04:00:00,0.0
2024-12-20 05:00:00,0.0
2024-12-20 06:00:00,0.0
2024-12-20 07:00:00,252.93
2024-12-20 08:00:00,519.65
2024-12-20 09:00:00,751.0
2024-12-20 10:00:00,918.47
2024-12-20 11:00:00,1010.67
2024-12-20 12:00:00,1021.33
2024-12-20 13:00:00,949.7
2024-12-20 14:00:00,800.67
2024-12-20 15:00:00,584.4
2024-12-20 16:00:00,315.6
2024-12-20 17:00:00,45.83
2024-12-20 18:00:00,0.0
2024-12-20 19:00:00,0.0
2024-12-20 20:00:00,0.0
2024-12-20 21:00:00,0.0
2024-12-20 22:00:00,0.0
2024-12-20 23:00:00,0.0
2024-12-21 00:00:00,0.0
2024-12-21 01:00:00,0.0
2024-12-21 02:00:00,0.0
2024-12-21 03:00:00,0.0
2024-12-21 04:00:00,0.0
2024-12-21 05:00:00,0.0
2024-12-21 06:00:00,0.0
2024-12-21 07:00:00,249.68
2024-12-21 08:00:00,517.45
2024-12-21 09:00:00,749.25
2024-12-21 10:00:00,917.3
2024-12-21 11:00:00,1010.17
2024-12-21 12:00:00,1021.5
2024-12-21 13:00:00,950.55
2024-12-21 14:00:00,802.15
2024-12-21 15:00:00,586.38
2024-12-21 16:00:00,317.95
2024-12-21 17:00:00,47.2
2024-12-21 18:00:00,0.0
2024-12-21 19:00:00,0.0
2024-12-21 20:00:00,0.0
2024-12-21 21:00:00,0.0
2024-12-21 22:00:00,0.0
2024-12-21 23:00:00,0.0
2024-12-22 00:00:00,0.0
2024-12-22 01:00:00,0.0
2024-12-22 02:00:00,0.0
2024-12-22 03:00:00,0.0
2024-12-22 04:00:00,0.0
2024-12-22 05:00:00,0.0
2024-12-22 06:00:00,0.0
2024-12-22 07:00:00,246.5
2024-12-22 08:00:00,515.3
2024-12-22 09:00:00,747.55
2024-12-22 10:00:00,916.2
2024-12-22 11:00:00,1009.72
2024-12-22 12:00:00,1021.75
2024-12-22 13:00:00,951.47
2024-12-22 14:00:00,803.67
2024-12-22 15:00:00,588.42
2024-12-22 16:00:00,320.38
2024-12-22 17:00:00,48.65
2024-12-22 18:00:00,0.0
2024-12-22 19:00:00,0.0
2024-12-22 20:00:00,0.0
2024-12-22 21:00:00,0.0
2024-12-22 22:00:00,0.0
2024-12-22 23:00:00,0.0
2024-12-23 00:00:00,0.0
2024-12-23 01:00:00,0.0
2024-12-23 02:00:00,0.0
2024-12-23 03:00:00,0.0
2024-12-23 04:00:00,0.0
2024-12-23 05:00:00,0.0
2024-12-23 06:00:00,0.0
2024-12-23 07:00:00,243.45
2024-12-23 08:00:00,513.22
2024-12-23 09:00:00,745.97
2024-12-23 10:00:00,915.2
2024-12-23 11:00:00,1009.38
2024-12-23 12:00:00,1022.1
2024-12-23 13:00:00,952.5
2024-12-23 14:00:00,805.33
2024-12-23 15:00:00,590.58
2024-12-23 16:00:00,322.9
2024-12-23 17:00:00,50.17
2024-12-23 18:00:00,0.0
2024-12-23 19:00:00,0.0
2024-12-23 20:00:00,0.0
2024-12-23 21:00:00,0.0
2024-12-23 22:00:00,0.0
2024-12-23 23:00:00,0.0
2024-12-24 00:00:00,0.0
2024-12-24 01:00:00,0.0
2024-12-24 02:00:00,0.0
2024-12-24 03:00:00,0.0
2024-12-24 04:00:00,0.0
2024-12-24 05:00:00,0.0
2024-12-24 06:00:00,0.0
2024-12-24 07:00:00,240.5
2024-12-24 08:00:00,511.2
2024-12-24 09:00:00,744.4
2024-12-24 10:00:00,914.17
2024-12-24 11:00:00,1009.03
2024-12-24 12:00:00,1022.42
2024-12-24 13:00:00,953.53
2024-12-24 14:00:00,806.95
2024-12-24 15:00:00,592.72
2024-12-24 16:00:00,325.45
2024-12-24 17:00:00,51.72
2024-12-24 18:00:00,0.0
2024-12-24 19:00:00,0.0
2024-12-24 20:00:00,0.0
2024-12-24 21:00:00,0.0
2024-12-24 22:00:00,0.0
2024-12-24 23:00:00,0.0
2024-12-25 00:00:00,0.0
2024-12-25 01:00:00,0.0
2024-12-25 02:00:00,0.0
2024-12-25 03:00:00,0.0
2024-12-25 04:00:00,0.0
2024-12-25 05:00:00,0.0
2024-12-25 06:00:00,0.0
2024-12-25 07:00:00,237.73
2024-12-25 08:00:00,509.4
2024-12-25 09:00:00,743.12
2024-12-25 10:00:00,913.53
2024-12-25 11:00:00,1009.05
2024-12-25 12:00:00,1023.15
2024-12-25 13:00:00,954.9
2024-12-25 14:00:00,808.9
2024-12-25 15:00:00,595.15
2024-12-25 16:00:00,328.15
2024-12-25 17:00:00,53.38
2024-12-25 18:00:00,0.0
2024-12-25 19:00:00,0.0
2024-12-25 20:00:00,0.0
2024-12-25 21:00:00,0.0
2024-12-25 22:00:00,0.0
2024-12-25 23:00:00,0.0
2024-12-26 00:00:00,0.0
2024-12-26 01:00:00,0.0
2024-12-26 02:00:00,0.0
2024-12-26 03:00:00,0.0
2024-12-26 04:00:00,0.0
2024-12-26 05:00:00,0.0
2024-12-26 06:00:00,0.0
2024-12-26 07:00:00,235.12
2024-12-26 08:00:00,507.8
2024-12-26 09:00:00,742.08
2024-12-26 10:00:00,913.17
2024-12-26 11:00:00,1009.38
2024-12-26 12:00:00,1024.18
2024-12-26 13:00:00,956.55
2024-12-26 14:00:00,811.12
2024-12-26 15:00:00,597.75
2024-12-26 16:00:00,331.0
2024-12-26 17:00:00,55.1
2024-12-26 18:00:00,0.0
2024-12-26 19:00:00,0.0
2024-12-26 20:00:00,0.0
2024-12-26 21:00:00,0.0
2024-12-26 22:00:00,0.0
2024-12-26 23:00:00,0.0
2024-12-27 00:00:00,0.0
2024-12-27 01:00:00,0.0
2024-12-27 02:00:00,0.0
2024-12-27 03:00:00,0.0
2024-12-27 04:00:00,0.0
2024-12-27 05:00:00,0.0
2024-12-27 06:00:00,0.0
2024-12-27 07:00:00,232.6
2024-12-27 08:00:00,506.23
2024-12-27 09:00:00,741.08
2024-12-27 10:00:00,912.8
2024-12-27 11:00:00,1009.72
2024-12-27 12:00:00,1025.22
2024-12-27 13:00:00,958.22
2024-12-27 14:00:00,813.33
2024-12-27 15:00:00,600.38
2024-12-27 16:00:00,333.9
2024-12-27 17:00:00,56.88
2024-12-27 18:00:00,0.0
2024-12-27 19:00:00,0.0
2024-12-27 20:00:00,0.0
2024-12-27 21:00:00,0.0
2024-12-27 22:00:00,0.0
2024-12-27 23:00:00,0.0
2024-12-28 00:00:00,0.0
2024-12-28 01:00:00,0.0
2024-12-28 02:00:00,0.0
2024-12-28 03:00:00,0.0
2024-12-28 04:00:00,0.0
2024-12-28 05:00:00,0.0
2024-12-28 06:00:00,0.0
2024-12-28 07:00:00,230.25
2024-12-28 08:00:00,504.85
2024-12-28 09:00:00,740.3
2024-12-28 10:00:00,912.7
2024-12-28 11:00:00,1010.33
2024-12-28 12:00:00,1026.5
2024-12-28 13:00:00,960.15
2024-12-28 14:00:00,815.78
2024-12-28 15:00:00,603.2
2024-12-28 16:00:00,336.9
2024-12-28 17:00:00,58.75
2024-12-28 18:00:00,0.0
2024-12-28 19:00:00,0.0
2024-12-28 20:00:00,0.0
2024-12-28 21:00:00,0.0
2024-12-28 22:00:00,0.0
2024-12-28 23:00:00,0.0
2024-12-29 00:00:00,0.0
2024-12-29 01:00:00,0.0
2024-12-29 02:00:00,0.0
2024-12-29 03:00:00,0.0
2024-12-29 04:00:00,0.0
2024-12-29 05:00:00,0.0
2024-12-29 06:00:00,0.0
2024-12-29 07:00:00,228.02
2024-12-29 08:00:00,503.55
2024-12-29 09:00:00,739.62
2024-12-29 10:00:00,912.7
2024-12-29 11:00:00,1011.03
2024-12-29 12:00:00,1027.9
2024-12-29 13:00:00,962.17
2024-12-29 14:00:00,818.3
2024-12-29 15:00:00,606.08
2024-12-29 16:00:00,339.98
2024-12-29 17:00:00,60.65
2024-12-29 18:00:00,0.0
2024-12-29 19:00:00,0.0
2024-12-29 20:00:00,0.0
2024-12-29 21:00:00,0.0
2024-12-29 22:00:00,0.0
2024-12-29 23:00:00,0.0
2024-12-30 00:00:00,0.0
2024-12-30 01:00:00,0.0
2024-12-30 02:00:00,0.0
2024-12-30 03:00:00,0.0
2024-12-30 04:00:00,0.0
2024-12-30 05:00:00,0.0
2024-12-30 06:00:00,0.0
2024-12-30 07:00:00,225.93
2024-12-30 08:00:00,502.38
2024-12-30 09:00:00,739.08
2024-12-30 10:00:00,912.85
2024-12-30 11:00:00,1011.9
2024-12-30 12:00:00,1029.45
2024-12-30 13:00:00,964.33
2024-12-30 14:00:00,820.95
2024-12-30 15:00:00,609.08
2024-12-30 16:00:00,343.15
2024-12-30 17:00:00,62.65
2024-12-30 18:00:00,0.0
2024-12-30 19:00:00,0.0
2024-12-30 20:00:00,0.0
2024-12-30 21:00:00,0.0
2024-12-30 22:00:00,0.0
2024-12-30 23:00:00,0.0
2024-12-31 00:00:00,0.0
2024-12-31 01:00:00,0.0
2024-12-31 02:00:00,0.0
2024-12-31 03:00:00,0.0
2024-12-31 04:00:00,0.0
2024-12-31 05:00:00,0.0
2024-12-31 06:00:00,0.0
2024-12-31 07:00:00,223.93
2024-12-31 08:00:00,501.27
2024-12-31 09:00:00,738.55
2024-12-31 10:00:00,913.03
2024-12-31 11:00:00,1012.75
2024-12-31 12:00:00,1031.0
2024-12-31 13:00:00,966.47
2024-12-31 14:00:00,823.6
2024-12-31 15:00:00,612.08
2024-12-31 16:00:00,346.33
2024-12-31 17:00:00,64.7
2024-12-31 18:00:00,0.0
2024-12-31 19:00:00,0.0
2024-12-31 20:00:00,0.0
2024-12-31 21:00:00,0.0
2024-12-31 22:00:00,0.0
2024-12-31 23:00:00,0.0
2025-01-01 00:00:00,0.0
2025-01-01 01:00:00,0.0
2025-01-01 02:00:00,0.0
2025-01-01 03:00:00,0.0
2025-01-01 04:00:00,0.0
2025-01-01 05:00:00,0.0
2025-01-01 06:00:00,0.0
2025-01-01 07:00:00,222.02
2025-01-01 08:00:00,500.17
2025-01-01 09:00:00,738.05
2025-01-01 10:00:00,913.15
2025-01-01 11:00:00,1013.58
2025-01-01 12:00:00,1032.5
2025-01-01 13:00:00,968.58
2025-01-01 14:00:00,826.2
2025-01-01 15:00:00,615.05
2025-01-01 16:00:00,349.52
2025-01-01 17:00:00,66.8
2025-01-01 18:00:00,0.0
2025-01-01 19:00:00,0.0
2025-01-01 20:00:00,0.0
2025-01-01 21:00:00,0.0
2025-01-01 22:00:00,0.0
2025-01-01 23:00:00,0.0
2025-01-02 00:00:00,0.0
2025-01-02 01:00:00,0.0
2025-01-02 02:00:00,0.0
2025-01-02 03:00:00,0.0
2025-01-02 04:00:00,0.0
2025-01-02 05:00:00,0.0
2025-01-02 06:00:00,0.0
2025-01-02 07:00:00,220.25
2025-01-02 08:00:00,499.2
2025-01-02 09:00:00,737.62
2025-01-02 10:00:00,913.4
2025-01-02 11:00:00,1014.53
2025-01-02 12:00:00,1034.07
2025-01-02 13:00:00,970.78
2025-01-02 14:00:00,828.9
2025-01-02 15:00:00,618.1
2025-01-02 16:00:00,352.77
2025-01-02 17:00:00,68.95
2025-01-02 18:00:00,0.0
2025-01-02 19:00:00,0.0
2025-01-02 20:00:00,0.0
2025-01-02 21:00:00,0.0
2025-01-02 22:00:00,0.0
2025-01-02 23:00:00,0.0
2025-01-03 00:00:00,0.0
2025-01-03 01:00:00,0.0
2025-01-03 02:00:00,0.0
2025-01-03 03:00:00,0.0
2025-01-03 04:00:00,0.0
2025-01-03 05:00:00,0.0
2025-01-03 06:00:00,0.0
2025-01-03 07:00:00,218.62
2025-01-03 08:00:00,498.35
2025-01-03 09:00:00,737.38
2025-01-03 10:00:00,913.8
2025-01-03 11:00:00,1015.6
2025-01-03 12:00:00,1035.82
2025-01-03 13:00:00,973.1
2025-01-03 14:00:00,831.7
2025-01-03 15:00:00,621.25
2025-01-03 16:00:00,356.1
2025-01-03 17:00:00,71.18
2025-01-03 18:00:00,0.0
2025-01-03 19:00:00,0.0
2025-01-03 20:00:00,0.0
2025-01-03 21:00:00,0.0
2025-01-03 22:00:00,0.0
2025-01-03 23:00:00,0.0
2025-01-04 00:00:00,0.0
2025-01-04 01:00:00,0.0
2025-01-04 02:00:00,0.0
2025-01-04 03:00:00,0.0
2025-01-04 04:00:00,0.0
2025-01-04 05:00:00,0.0
2025-01-04 06:00:00,0.0
2025-01-04 07:00:00,217.12
2025-01-04 08:00:00,497.62
2025-01-04 09:00:00,737.28
2025-01-04 10:00:00,914.35
2025-01-04 11:00:00,1016.83
2025-01-04 12:00:00,1037.72
2025-01-04 13:00:00,975.58
2025-01-04 14:00:00,834.65
2025-01-04 15:00:00,624.5
2025-01-04 16:00:00,359.48
2025-01-04 17:00:00,73.47
2025-01-04 18:00:00,0.0
2025-01-04 19:00:00,0.0
2025-01-04 20:00:00,0.0
2025-01-04 21:00:00,0.0
2025-01-04 22:00:00,0.0
2025-01-04 23:00:00,0.0
2025-01-05 00:00:00,0.0
2025-01-05 01:00:00,0.0
2025-01-05 02:00:00,0.0
2025-01-05 03:00:00,0.0
2025-01-05 04:00:00,0.0
2025-01-05 05:00:00,0.0
2025-01-05 06:00:00,0.0
2025-01-05 07:00:00,215.75
2025-01-05 08:00:00,497.0
2025-01-05 09:00:00,737.25
2025-01-05 10:00:00,915.0
2025-01-05 11:00:00,1018.15
2025-01-05 12:00:00,1039.68
2025-01-05 13:00:00,978.1
2025-01-05 14:00:00,837.62
2025-01-05 15:00:00,627.8
2025-01-05 16:00:00,362.9
2025-01-05 17:00:00,75.82
2025-01-05 18:00:00,0.0
2025-01-05 19:00:00,0.0
2025-01-05 20:00:00,0.0
2025-01-05 21:00:00,0.0
2025-01-05 22:00:00,0.0
2025-01-05 23:00:00,0.0
2025-01-06 00:00:00,0.0
2025-01-06 01:00:00,0.0
2025-01-06 02:00:00,0.0
2025-01-06 03:00:00,0.0
2025-01-06 04:00:00,0.0
2025-01-06 05:00:00,0.0
2025-01-06 06:00:00,0.0
2025-01-06 07:00:00,214.5
2025-01-06 08:00:00,496.5
2025-01-06 09:00:00,737.38
2025-01-06 10:00:00,915.8
2025-01-06 11:00:00,1019.62
2025-01-06 12:00:00,1041.78
2025-01-06 13:00:00,980.75
2025-01-06 14:00:00,840.7
2025-01-06 15:00:00,631.15
2025-01-06 16:00:00,366.4
2025-01-06 17:00:00,78.25
2025-01-06 18:00:00,0.0
2025-01-06 19:00:00,0.0
2025-01-06 20:00:00,0.0
2025-01-06 21:00:00,0.0
2025-01-06 22:00:00,0.0
2025-01-06 23:00:00,0.0
2025-01-07 00:00:00,0.0
2025-01-07 01:00:00,0.0
2025-01-07 02:00:00,0.0
2025-01-07 03:00:00,0.0
2025-01-07 04:00:00,0.0
2025-01-07 05:00:00,0.0
2025-01-07 06:00:00,0.0
2025-01-07 07:00:00,213.38
2025-01-07 08:00:00,496.12
2025-01-07 09:00:00,737.6
2025-01-07 10:00:00,916.67
2025-01-07 11:00:00,1021.17
2025-01-07 12:00:00,1043.97
2025-01-07 13:00:00,983.5
2025-01-07 14:00:00,843.85
2025-01-07 15:00:00,634.58
2025-01-07 16:00:00,369.92
2025-01-07 17:00:00,80.7
2025-01-07 18:00:00,0.0
2025-01-07 19:00:00,0.0
2025-01-07 20:00:00,0.0
2025-01-07 21:00:00,0.0
2025-01-07 22:00:00,0.0
2025-01-07 23:00:00,0.0
2025-01-08 00:00:00,0.0
2025-01-08 01:00:00,0.0
2025-01-08 02:00:00,0.0
2025-01-08 03:00:00,0.0
2025-01-08 04:00:00,0.0
2025-01-08 05:00:00,0.0
2025-01-08 06:00:00,0.0
2025-01-08 07:00:00,212.4
2025-01-08 08:00:00,495.85
2025-01-08 09:00:00,737.95
2025-01-08 10:00:00,917.7
2025-01-08 11:00:00,1022.88
2025-01-08 12:00:00,1046.28
2025-01-08 13:00:00,986.33
2025-01-08 14:00:00,847.1
2025-01-08 15:00:00,638.08
2025-01-08 16:00:00,373.48
2025-01-08 17:00:00,83.25
2025-01-08 18:00:00,0.0
2025-01-08 19:00:00,0.0
2025-01-08 20:00:00,0.0
2025-01-08 21:00:00,0.0
2025-01-08 22:00:00,0.0
2025-01-08 23:00:00,0.0
2025-01-09 00:00:00,0.0
2025-01-09 01:00:00,0.0
2025-01-09 02:00:00,0.0
2025-01-09 03:00:00,0.0
2025-01-09 04:00:00,0.0
2025-01-09 05:00:00,0.0
2025-01-09 06:00:00,0.0
2025-01-09 07:00:00,211.55
2025-01-09 08:00:00,495.7
2025-01-09 09:00:00,738.42
2025-01-09 10:00:00,918.83
2025-01-09 11:00:00,1024.65
2025-01-09 12:00:00,1048.68
2025-01-09 13:00:00,989.22
2025-01-09 14:00:00,850.4
2025-01-09 15:00:00,641.6
2025-01-09 16:00:00,377.1
2025-01-09 17:00:00,85.82
2025-01-09 18:00:00,0.0
2025-01-09 19:00:00,0.0
2025-01-09 20:00:00,0.0
2025-01-09 21:00:00,0.0
2025-01-09 22:00:00,0.0
2025-01-09 23:00:00,0.0
2025-01-10 00:00:00,0.0
2025-01-10 01:00:00,0.0
2025-01-10 02:00:00,0.0
2025-01-10 03:00:00,0.0
2025-01-10 04:00:00,0.0
2025-01-10 05:00:00,0.0
2025-01-10 06:00:00,0.0
2025-01-10 07:00:00,210.85
2025-01-10 08:00:00,495.65
2025-01-10 09:00:00,739.0
2025-01-10 10:00:00,920.08
2025-01-10 11:00:00,1026.53
2025-01-10 12:00:00,1051.15
2025-01-10 13:00:00,992.22
2025-01-10 14:00:00,853.75
2025-01-10 15:00:00,645.2
2025-01-10 16:00:00,380.73
2025-01-10 17:00:00,88.47
2025-01-10 18:00:00,0.0
2025-01-10 19:00:00,0.0
2025-01-10 20:00:00,0.0
2025-01-10 21:00:00,0.0
2025-01-10 22:00:00,0.0
2025-01-10 23:00:00,0.0
2025-01-11 00:00:00,0.0
2025-01-11 01:00:00,0.0
2025-01-11 02:00:00,0.0
2025-01-11 03:00:00,0.0
2025-01-11 04:00:00,0.0
2025-01-11 05:00:00,0.0
2025-01-11 06:00:00,0.0
2025-01-11 07:00:00,210.25
2025-01-11 08:00:00,495.73
2025-01-11 09:00:00,739.7
2025-01-11 10:00:00,921.4
2025-01-11 11:00:00,1028.53
2025-01-11 12:00:00,1053.7
2025-01-11 13:00:00,995.28
2025-01-11 14:00:00,857.17
2025-01-11 15:00:00,648.83
2025-01-11 16:00:00,384.4
2025-01-11 17:00:00,91.15
2025-01-11 18:00:00,0.0
2025-01-11 19:00:00,0.0
2025-01-11 20:00:00,0.0
2025-01-11 21:00:00,0.0
2025-01-11 22:00:00,0.0
2025-01-11 23:00:00,0.0
2025-01-12 00:00:00,0.0
2025-01-12 01:00:00,0.0
2025-01-12 02:00:00,0.0
2025-01-12 03:00:00,0.0
2025-01-12 04:00:00,0.0
2025-01-12 05:00:00,0.0
2025-01-12 06:00:00,0.0
2025-01-12 07:00:00,209.8
2025-01-12 08:00:00,495.92
2025-01-12 09:00:00,740.5
2025-01-12 10:00:00,922.85
2025-01-12 11:00:00,1030.6
2025-01-12 12:00:00,1056.35
2025-01-12 13:00:00,998.4
2025-01-12 14:00:00,860.65
2025-01-12 15:00:00,652.47
2025-01-12 16:00:00,388.1
2025-01-12 17:00:00,93.9
2025-01-12 18:00:00,0.0
2025-01-12 19:00:00,0.0
2025-01-12 20:00:00,0.0
2025-01-12 21:00:00,0.0
2025-01-12 22:00:00,0.0
2025-01-12 23:00:00,0.0
2025-01-13 00:00:00,0.0
2025-01-13 01:00:00,0.0
2025-01-13 02:00:00,0.0
2025-01-13 03:00:00,0.0
2025-01-13 04:00:00,0.0
2025-01-13 05:00:00,0.0
2025-01-13 06:00:00,0.0
2025-01-13 07:00:00,209.48
2025-01-13 08:00:00,496.23
2025-01-13 09:00:00,741.4
2025-01-13 10:00:00,924.42
2025-01-13 11:00:00,1032.78
2025-01-13 12:00:00,1059.1
2025-01-13 13:00:00,1001.6
2025-01-13 14:00:00,864.17
2025-01-13 15:00:00,656.2
2025-01-13 16:00:00,391.83
2025-01-13 17:00:00,96.7
2025-01-13 18:00:00,0.0
2025-01-13 19:00:00,0.0
2025-01-13 20:00:00,0.0
2025-01-13 21:00:00,0.0
2025-01-13 22:00:00,0.0
2025-01-13 23:00:00,0.0
2025-01-14 00:00:00,0.0
2025-01-14 01:00:00,0.0
2025-01-14 02:00:00,0.0
2025-01-14 03:00:00,0.0
2025-01-14 04:00:00,0.0
2025-01-14 05:00:00,0.0
2025-01-14 06:00:00,0.0
2025-01-14 07:00:00,209.3
2025-01-14 08:00:00,496.65
2025-01-14 09:00:00,742.42
2025-01-14 10:00:00,926.05
2025-01-14 11:00:00,1035.03
2025-01-14 12:00:00,1061.9
2025-01-14 13:00:00,1004.85
2025-01-14 14:00:00,867.72
2025-01-14 15:00:00,659.92
2025-01-14 16:00:00,395.55
2025-01-14 17:00:00,99.53
2025-01-14 18:00:00,0.0
2025-01-14 19:00:00,0.0
2025-01-14 20:00:00,0.0
2025-01-14 21:00:00,0.0
2025-01-14 22:00:00,0.0
2025-01-14 23:00:00,0.0
2025-01-15 00:00:00,0.0
2025-01-15 01:00:00,0.0
2025-01-15 02:00:00,0.0
2025-01-15 03:00:00,0.0
2025-01-15 04:00:00,0.0
2025-01-15 05:00:00,0.0
2025-01-15 06:00:00,0.0
2025-01-15 07:00:00,209.23
2025-01-15 08:00:00,497.15
2025-01-15 09:00:00,743.55
2025-01-15 10:00:00,927.78
2025-01-15 11:00:00,1037.35
2025-01-15 12:00:00,1064.75
2025-01-15 13:00:00,1008.12
2025-01-15 14:00:00,871.33
2025-01-15 15:00:00,663.67
2025-01-15 16:00:00,399.3
2025-01-15 17:00:00,102.43
2025-01-15 18:00:00,0.0
2025-01-15 19:00:00,0.0
2025-01-15 20:00:00,0.0
2025-01-15 21:00:00,0.0
2025-01-15 22:00:00,0.0
2025-01-15 23:00:00,0.0
2025-01-16 00:00:00,0.0
2025-01-16 01:00:00,0.0
2025-01-16 02:00:00,0.0
2025-01-16 03:00:00,0.0
2025-01-16 04:00:00,0.0
2025-01-16 05:00:00,0.0
2025-01-16 06:00:00,0.0
2025-01-16 07:00:00,209.25
2025-01-16 08:00:00,497.65
2025-01-16 09:00:00,744.55
2025-01-16 10:00:00,929.35
2025-01-16 11:00:00,1039.47
2025-01-16 12:00:00,1067.4
2025-01-16 13:00:00,1011.2
2025-01-16 14:00:00,874.72
2025-01-16 15:00:00,667.28
2025-01-16 16:00:00,402.95
2025-01-16 17:00:00,105.3
2025-01-16 18:00:00,0.0
2025-01-16 19:00:00,0.0
2025-01-16 20:00:00,0.0
2025-01-16 21:00:00,0.0
2025-01-16 22:00:00,0.0
2025-01-16 23:00:00,0.0
2025-01-17 00:00:00,0.0
2025-01-17 01:00:00,0.0
2025-01-17 02:00:00,0.0
2025-01-17 03:00:00,0.0
2025-01-17 04:00:00,0.0
2025-01-17 05:00:00,0.0
2025-01-17 06:00:00,0.0
2025-01-17 07:00:00,209.35
2025-01-17 08:00:00,498.17
2025-01-17 09:00:00,745.55
2025-01-17 10:00:00,930.85
2025-01-17 11:00:00,1041.5
2025-01-17 12:00:00,1069.9
2025-01-17 13:00:00,1014.12
2025-01-17 14:00:00,878.0
2025-01-17 15:00:00,670.75
2025-01-17 16:00:00,406.52
2025-01-17 17:00:00,108.22
2025-01-17 18:00:00,0.0
2025-01-17 19:00:00,0.0
2025-01-17 20:00:00,0.0
2025-01-17 21:00:00,0.0
2025-01-17 22:00:00,0.0
2025-01-17 23:00:00,0.0
2025-01-18 00:00:00,0.0
2025-01-18 01:00:00,0.0
2025-01-18 02:00:00,0.0
2025-01-18 03:00:00,0.0
2025-01-18 04:00:00,0.0
2025-01-18 05:00:00,0.0
2025-01-18 06:00:00,0.0
2025-01-18 07:00:00,209.68
2025-01-18 08:00:00,498.98
2025-01-18 09:00:00,746.9
2025-01-18 10:00:00,932.8
2025-01-18 11:00:00,1043.97
2025-01-18 12:00:00,1072.85
2025-01-18 13:00:00,1017.5
2025-01-18 14:00:00,881.62
2025-01-18 15:00:00,674.53
2025-01-18 16:00:00,410.27
2025-01-18 17:00:00,111.22
2025-01-18 18:00:00,0.0
2025-01-18 19:00:00,0.0
2025-01-18 20:00:00,0.0
2025-01-18 21:00:00,0.0
2025-01-18 22:00:00,0.0
2025-01-18 23:00:00,0.0
2025-01-19 00:00:00,0.0
2025-01-19 01:00:00,0.0
2025-01-19 02:00:00,0.0
2025-01-19 03:00:00,0.0
2025-01-19 04:00:00,0.0
2025-01-19 05:00:00,0.0
2025-01-19 06:00:00,0.0
2025-01-19 07:00:00,210.15
2025-01-19 08:00:00,499.95
2025-01-19 09:00:00,748.45
2025-01-19 10:00:00,934.9
2025-01-19 11:00:00,1046.62
2025-01-19 12:00:00,1075.97
2025-01-19 13:00:00,1020.97
2025-01-19 14:00:00,885.35
2025-01-19 15:00:00,678.35
2025-01-19 16:00:00,414.05
2025-01-19 17:00:00,114.25
2025-01-19 18:00:00,0.0
2025-01-19 19:00:00,0.0
2025-01-19 20:00:00,0.0
2025-01-19 21:00:00,0.0
2025-01-19 22:00:00,0.0
2025-01-19 23:00:00,0.0
2025-01-20 00:00:00,0.0
2025-01-20 01:00:00,0.0
2025-01-20 02:00:00,0.0
2025-01-20 03:00:00,0.0
2025-01-20 04:00:00,0.0
2025-01-20 05:00:00,0.0
2025-01-20 06:00:00,0.0
2025-01-20 07:00:00,210.77
2025-01-20 08:00:00,501.08
2025-01-20 09:00:00,750.15
2025-01-20 10:00:00,937.2
2025-01-20 11:00:00,1049.45
2025-01-20 12:00:00,1079.28
2025-01-20 13:00:00,1024.62
2025-01-20 14:00:00,889.2
2025-01-20 15:00:00,682.25
2025-01-20 16:00:00,417.88
2025-01-20 17:00:00,117.32
2025-01-20 18:00:00,0.0
2025-01-20 19:00:00,0.0
2025-01-20 20:00:00,0.0
2025-01-20 21:00:00,0.0
2025-01-20 22:00:00,0.0
2025-01-20 23:00:00,0.0
2025-01-21 00:00:00,0.0
2025-01-21 01:00:00,0.0
2025-01-21 02:00:00,0.0
2025-01-21 03:00:00,0.0
2025-01-21 04:00:00,0.0
2025-01-21 05:00:00,0.0
2025-01-21 06:00:00,0.0
2025-01-21 07:00:00,211.55
2025-01-21 08:00:00,502.38
2025-01-21 09:00:00,752.08
2025-01-21 10:00:00,939.72
2025-01-21 11:00:00,1052.53
2025-01-21 12:00:00,1082.78
2025-01-21 13:00:00,1028.45
2025-01-21 14:00:00,893.2
2025-01-21 15:00:00,686.28
2025-01-21 16:00:00,421.75
2025-01-21 17:00:00,120.45
2025-01-21 18:00:00,0.0
2025-01-21 19:00:00,0.0
2025-01-21 20:00:00,0.0
2025-01-21 21:00:00,0.0
2025-01-21 22:00:00,0.0
2025-01-21 23:00:00,0.0
2025-01-22 00:00:00,0.0
2025-01-22 01:00:00,0.0
2025-01-22 02:00:00,0.0
2025-01-22 03:00:00,0.0
2025-01-22 04:00:00,0.0
2025-01-22 05:00:00,0.0
2025-01-22 06:00:00,0.0
2025-01-22 07:00:00,212.5
2025-01-22 08:00:00,503.88
2025-01-22 09:00:00,754.2
2025-01-22 10:00:00,942.45
2025-01-22 11:00:00,1055.78
2025-01-22 12:00:00,1086.47
2025-01-22 13:00:00,1032.45
2025-01-22 14:00:00,897.35
2025-01-22 15:00:00,690.4
2025-01-22 16:00:00,425.7
2025-01-22 17:00:00,123.62
2025-01-22 18:00:00,0.0
2025-01-22 19:00:00,0.0
2025-01-22 20:00:00,0.0
2025-01-22 21:00:00,0.0
2025-01-22 22:00:00,0.0
2025-01-22 23:00:00,0.0
2025-01-23 00:00:00,0.0
2025-01-23 01:00:00,0.0
2025-01-23 02:00:00,0.0
2025-01-23 03:00:00,0.0
2025-01-23 04:00:00,0.0
2025-01-23 05:00:00,0.0
2025-01-23 06:00:00,0.0
2025-01-23 07:00:00,213.6
2025-01-23 08:00:00,505.48
2025-01-23 09:00:00,756.42
2025-01-23 10:00:00,945.25
2025-01-23 11:00:00,1059.12
2025-01-23 12:00:00,1090.22
2025-01-23 13:00:00,1036.47
2025-01-23 14:00:00,901.5
2025-01-23 15:00:00,694.53
2025-01-23 16:00:00,429.62
2025-01-23 17:00:00,126.8
2025-01-23 18:00:00,0.0
2025-01-23 19:00:00,0.0
2025-01-23 20:00:00,0.0
2025-01-23 21:00:00,0.0
2025-01-23 22:00:00,0.0
2025-01-23 23:00:00,0.0
2025-01-24 00:00:00,0.0
2025-01-24 01:00:00,0.0
2025-01-24 02:00:00,0.0
2025-01-24 03:00:00,0.0
2025-01-24 04:00:00,0.0
2025-01-24 05:00:00,0.0
2025-01-24 06:00:00,0.0
2025-01-24 07:00:00,214.82
2025-01-24 08:00:00,507.17
2025-01-24 09:00:00,758.75
2025-01-24 10:00:00,948.17
2025-01-24 11:00:00,1062.55
2025-01-24 12:00:00,1094.05
2025-01-24 13:00:00,1040.55
2025-01-24 14:00:00,905.7
2025-01-24 15:00:00,698.67
2025-01-24 16:00:00,433.55
2025-01-24 17:00:00,130.02
2025-01-24 18:00:00,0.0
2025-01-24 19:00:00,0.0
2025-01-24 20:00:00,0.0
2025-01-24 21:00:00,0.0
2025-01-24 22:00:00,0.0
2025-01-24 23:00:00,0.0
2025-01-25 00:00:00,0.0
2025-01-25 01:00:00,0.0
2025-01-25 02:00:00,0.0
2025-01-25 03:00:00,0.0
2025-01-25 04:00:00,0.0
2025-01-25 05:00:00,0.0
2025-01-25 06:00:00,0.0
2025-01-25 07:00:00,216.15
2025-01-25 08:00:00,508.95
2025-01-25 09:00:00,761.1
2025-01-25 10:00:00,951.08
2025-01-25 11:00:00,1065.93
2025-01-25 12:00:00,1097.82
2025-01-25 13:00:00,1044.57
2025-01-25 14:00:00,909.83
2025-01-25 15:00:00,702.75
2025-01-25 16:00:00,437.42
2025-01-25 17:00:00,133.25
2025-01-25 18:00:00,0.0
2025-01-25 19:00:00,0.0
2025-01-25 20:00:00,0.0
2025-01-25 21:00:00,0.0
2025-01-25 22:00:00,0.0
2025-01-25 23:00:00,0.0
2025-01-26 00:00:00,0.0
2025-01-26 01:00:00,0.0
2025-01-26 02:00:00,0.0
2025-01-26 03:00:00,0.0
2025-01-26 04:00:00,0.0
2025-01-26 05:00:00,0.0
2025-01-26 06:00:00,0.0
2025-01-26 07:00:00,217.62
2025-01-26 08:00:00,510.77
2025-01-26 09:00:00,763.47
2025-01-26 10:00:00,953.97
2025-01-26 11:00:00,1069.28
2025-01-26 12:00:00,1101.5
2025-01-26 13:00:00,1048.5
2025-01-26 14:00:00,913.85
2025-01-26 15:00:00,706.72
2025-01-26 16:00:00,441.25
2025-01-26 17:00:00,136.5
2025-01-26 18:00:00,0.0
2025-01-26 19:00:00,0.0
2025-01-26 20:00:00,0.0
2025-01-26 21:00:00,0.0
2025-01-26 22:00:00,0.0
2025-01-26 23:00:00,0.0
2025-01-27 00:00:00,0.0
2025-01-27 01:00:00,0.0
2025-01-27 02:00:00,0.0
2025-01-27 03:00:00,0.0
2025-01-27 04:00:00,0.0
2025-01-27 05:00:00,0.0
2025-01-27 06:00:00,0.0
2025-01-27 07:00:00,219.2
2025-01-27 08:00:00,512.67
2025-01-27 09:00:00,765.88
2025-01-27 10:00:00,956.83
2025-01-27 11:00:00,1072.55
2025-01-27 12:00:00,1105.15
2025-01-27 13:00:00,1052.35
2025-01-27 14:00:00,917.83
2025-01-27 15:00:00,710.65
2025-01-27 16:00:00,445.0
2025-01-27 17:00:00,139.73
2025-01-27 18:00:00,0.0
2025-01-27 19:00:00,0.0
2025-01-27 20:00:00,0.0
2025-01-27 21:00:00,0.0
2025-01-27 22:00:00,0.0
2025-01-27 23:00:00,0.0
2025-01-28 00:00:00,0.0
2025-01-28 01:00:00,0.0
2025-01-28 02:00:00,0.0
2025-01-28 03:00:00,0.0
2025-01-28 04:00:00,0.0
2025-01-28 05:00:00,0.0
2025-01-28 06:00:00,0.0
2025-01-28 07:00:00,220.9
2025-01-28 08:00:00,514.67
2025-01-28 09:00:00,768.38
2025-01-28 10:00:00,959.83
2025-01-28 11:00:00,1075.95
2025-01-28 12:00:00,1108.85
2025-01-28 13:00:00,1056.28
2025-01-28 14:00:00,921.8
2025-01-28 15:00:00,714.6
2025-01-28 16:00:00,448.75
2025-01-28 17:00:00,142.98
2025-01-28 18:00:00,0.0
2025-01-28 19:00:00,0.0
2025-01-28 20:00:00,0.0
2025-01-28 21:00:00,0.0
2025-01-28 22:00:00,0.0
2025-01-28 23:00:00,0.0
2025-01-29 00:00:00,0.0
2025-01-29 01:00:00,0.0
2025-01-29 02:00:00,0.0
2025-01-29 03:00:00,0.0
2025-01-29 04:00:00,0.0
2025-01-29 05:00:00,0.0
2025-01-29 06:00:00,0.0
2025-01-29 07:00:00,222.73
2025-01-29 08:00:00,516.7
2025-01-29 09:00:00,770.88
2025-01-29 10:00:00,962.72
2025-01-29 11:00:00,1079.25
2025-01-29 12:00:00,1112.43
2025-01-29 13:00:00,1060.05
2025-01-29 14:00:00,925.67
2025-01-29 15:00:00,718.42
2025-01-29 16:00:00,452.42
2025-01-29 17:00:00,146.23
2025-01-29 18:00:00,0.0
2025-01-29 19:00:00,0.0
2025-01-29 20:00:00,0.0
2025-01-29 21:00:00,0.0
2025-01-29 22:00:00,0.0
2025-01-29 23:00:00,0.0
2025-01-30 00:00:00,0.0
2025-01-30 01:00:00,0.0
2025-01-30 02:00:00,0.0
2025-01-30 03:00:00,0.0
2025-01-30 04:00:00,0.0
2025-01-30 05:00:00,0.0
2025-01-30 06:00:00,0.0
2025-01-30 07:00:00,224.7
2025-01-30 08:00:00,518.88
2025-01-30 09:00:00,773.47
2025-01-30 10:00:00,965.78
2025-01-30 11:00:00,1082.62
2025-01-30 12:00:00,1116.1
2025-01-30 13:00:00,1063.9
2025-01-30 14:00:00,929.58
2025-01-30 15:00:00,722.25
2025-01-30 16:00:00,456.1
2025-01-30 17:00:00,149.48
2025-01-30 18:00:00,0.0
2025-01-30 19:00:00,0.0
2025-01-30 20:00:00,0.0
2025-01-30 21:00:00,0.0
2025-01-30 22:00:00,0.0
2025-01-30 23:00:00,0.0
2025-01-31 00:00:00,0.0
2025-01-31 01:00:00,0.0
2025-01-31 02:00:00,0.0
2025-01-31 03:00:00,0.0
2025-01-31 04:00:00,0.0
2025-01-31 05:00:00,0.0
2025-01-31 06:00:00,0.0
2025-01-31 07:00:00,226.8
2025-01-31 08:00:00,521.08
2025-01-31 09:00:00,776.1
2025-01-31 10:00:00,968.78
2025-01-31 11:00:00,1085.97
2025-01-31 12:00:00,1119.7
2025-01-31 13:00:00,1067.62
2025-01-31 14:00:00,933.38
2025-01-31 15:00:00,726.03
2025-01-31 16:00:00,459.7
2025-01-31 17:00:00,152.73
2025-01-31 18:00:00,0.0
2025-01-31 19:00:00,0.0
2025-01-31 20:00:00,0.0
2025-01-31 21:00:00,0.0
2025-01-31 22:00:00,0.0
2025-01-31 23:00:00,0.0
2025-02-01 00:00:00,0.0
2025-02-01 01:00:00,0.0
2025-02-01 02:00:00,0.0
2025-02-01 03:00:00,0.0
2025-02-01 04:00:00,0.0
2025-02-01 05:00:00,0.0
2025-02-01 06:00:00,0.0
2025-02-01 07:00:00,229.05
2025-02-01 08:00:00,523.45
2025-02-01 09:00:00,778.9
2025-02-01 10:00:00,971.95
2025-02-01 11:00:00,1089.45
2025-02-01 12:00:00,1123.43
2025-02-01 13:00:00,1071.53
2025-02-01 14:00:00,937.28
2025-02-01 15:00:00,729.83
2025-02-01 16:00:00,463.33
2025-02-01 17:00:00,155.98
2025-02-01 18:00:00,0.0
2025-02-01 19:00:00,0.0
2025-02-01 20:00:00,0.0
2025-02-01 21:00:00,0.0
2025-02-01 22:00:00,0.0
2025-02-01 23:00:00,0.0
2025-02-02 00:00:00,0.0
2025-02-02 01:00:00,0.0
2025-02-02 02:00:00,0.0
2025-02-02 03:00:00,0.0
2025-02-02 04:00:00,0.0
2025-02-02 05:00:00,0.0
2025-02-02 06:00:00,0.0
2025-02-02 07:00:00,231.38
2025-02-02 08:00:00,525.78
2025-02-02 09:00:00,781.55
2025-02-02 10:00:00,974.92
2025-02-02 11:00:00,1092.72
2025-02-02 12:00:00,1126.9
2025-02-02 13:00:00,1075.12
2025-02-02 14:00:00,940.9
2025-02-02 15:00:00,733.42
2025-02-02 16:00:00,466.77
2025-02-02 17:00:00,159.18
2025-02-02 18:00:00,0.0
2025-02-02 19:00:00,0.0
2025-02-02 20:00:00,0.0
2025-02-02 21:00:00,0.0
2025-02-02 22:00:00,0.0
2025-02-02 23:00:00,0.0
2025-02-03 00:00:00,0.0
2025-02-03 01:00:00,0.0
2025-02-03 02:00:00,0.0
2025-02-03 03:00:00,0.0
2025-02-03 04:00:00,0.0
2025-02-03 05:00:00,0.0
2025-02-03 06:00:00,0.0
2025-02-03 07:00:00,233.9
2025-02-03 08:00:00,528.3
2025-02-03 09:00:00,784.47
2025-02-03 10:00:00,978.17
2025-02-03 11:00:00,1096.25
2025-02-03 12:00:00,1130.62
2025-02-03 13:00:00,1078.93
2025-02-03 14:00:00,944.72
2025-02-03 15:00:00,737.15
2025-02-03 16:00:00,470.3
2025-02-03 17:00:00,162.43
2025-02-03 18:00:00,0.0
2025-02-03 19:00:00,0.0
2025-02-03 20:00:00,0.0
2025-02-03 21:00:00,0.0
2025-02-03 22:00:00,0.0
2025-02-03 23:00:00,0.0
2025-02-04 00:00:00,0.0
2025-02-04 01:00:00,0.0
2025-02-04 02:00:00,0.0
2025-02-04 03:00:00,0.0
2025-02-04 04:00:00,0.0
2025-02-04 05:00:00,0.0
2025-02-04 06:00:00,0.0
2025-02-04 07:00:00,236.57
2025-02-04 08:00:00,531.0
2025-02-04 09:00:00,787.55
2025-02-04 10:00:00,981.62
2025-02-04 11:00:00,1099.97
2025-02-04 12:00:00,1134.5
2025-02-04 13:00:00,1082.9
2025-02-04 14:00:00,948.67
2025-02-04 15:00:00,740.95
2025-02-04 16:00:00,473.88
2025-02-04 17:00:00,165.68
2025-02-04 18:00:00,0.0
2025-02-04 19:00:00,0.0
2025-02-04 20:00:00,0.0
2025-02-04 21:00:00,0.0
2025-02-04 22:00:00,0.0
2025-02-04 23:00:00,0.0
2025-02-05 00:00:00,0.0
2025-02-05 01:00:00,0.0
2025-02-05 02:00:00,0.0
2025-02-05 03:00:00,0.0
2025-02-05 04:00:00,0.0
2025-02-05 05:00:00,0.0
2025-02-05 06:00:00,0.0
2025-02-05 07:00:00,239.48
2025-02-05 08:00:00,533.9
2025-02-05 09:00:00,790.9
2025-02-05 10:00:00,985.35
2025-02-05 11:00:00,1103.95
2025-02-05 12:00:00,1138.68
2025-02-05 13:00:00,1087.12
2025-02-05 14:00:00,952.8
2025-02-05 15:00:00,744.88
2025-02-05 16:00:00,477.5
2025-02-05 17:00:00,168.95
2025-02-05 18:00:00,0.0
2025-02-05 19:00:00,0.0
2025-02-05 20:00:00,0.0
2025-02-05 21:00:00,0.0
2025-02-05 22:00:00,0.0
2025-02-05 23:00:00,0.0
2025-02-06 00:00:00,0.0
2025-02-06 01:00:00,0.0
2025-02-06 02:00:00,0.0
2025-02-06 03:00:00,0.0
2025-02-06 04:00:00,0.0
2025-02-06 05:00:00,0.0
2025-02-06 06:00:00,0.0
2025-02-06 07:00:00,242.52
2025-02-06 08:00:00,536.97
2025-02-06 09:00:00,794.42
2025-02-06 10:00:00,989.25
2025-02-06 11:00:00,1108.12
2025-02-06 12:00:00,1143.0
2025-02-06 13:00:00,1091.47
2025-02-06 14:00:00,957.05
2025-02-06 15:00:00,748.88
2025-02-06 16:00:00,481.15
2025-02-06 17:00:00,172.25
2025-02-06 18:00:00,0.0
2025-02-06 19:00:00,0.0
2025-02-06 20:00:00,0.0
2025-02-06 21:00:00,0.0
2025-02-06 22:00:00,0.0
2025-02-06 23:00:00,0.0
2025-02-07 00:00:00,0.0
2025-02-07 01:00:00,0.0
2025-02-07 02:00:00,0.0
2025-02-07 03:00:00,0.0
2025-02-07 04:00:00,0.0
2025-02-07 05:00:00,0.0
2025-02-07 06:00:00,0.0
2025-02-07 07:00:00,245.68
2025-02-07 08:00:00,540.03
2025-02-07 09:00:00,797.85
2025-02-07 10:00:00,993.0
2025-02-07 11:00:00,1112.12
2025-02-07 12:00:00,1147.12
2025-02-07 13:00:00,1095.6
2025-02-07 14:00:00,961.08
2025-02-07 15:00:00,752.7
2025-02-07 16:00:00,484.67
2025-02-07 17:00:00,175.5
2025-02-07 18:00:00,0.0
2025-02-07 19:00:00,0.0
2025-02-07 20:00:00,0.0
2025-02-07 21:00:00,0.0
2025-02-07 22:00:00,0.0
2025-02-07 23:00:00,0.0
2025-02-08 00:00:00,0.0
2025-02-08 01:00:00,0.0
2025-02-08 02:00:00,0.0
2025-02-08 03:00:00,0.0
2025-02-08 04:00:00,0.0
2025-02-08 05:00:00,0.0
2025-02-08 06:00:00,0.0
2025-02-08 07:00:00,248.95
2025-02-08 08:00:00,543.1
2025-02-08 09:00:00,801.28
2025-02-08 10:00:00,996.7
2025-02-08 11:00:00,1116.03
2025-02-08 12:00:00,1151.12
2025-02-08 13:00:00,1099.6
2025-02-08 14:00:00,964.97
2025-02-08 15:00:00,756.4
2025-02-08 16:00:00,488.12
2025-02-08 17:00:00,178.73
2025-02-08 18:00:00,0.0
2025-02-08 19:00:00,0.0
2025-02-08 20:00:00,0.0
2025-02-08 21:00:00,0.0
2025-02-08 22:00:00,0.0
2025-02-08 23:00:00,0.0
2025-02-09 00:00:00,0.0
2025-02-09 01:00:00,0.0
2025-02-09 02:00:00,0.0
2025-02-09 03:00:00,0.0
2025-02-09 04:00:00,0.0
2025-02-09 05:00:00,0.0
2025-02-09 06:00:00,0.0
2025-02-09 07:00:00,252.32
2025-02-09 08:00:00,546.2
2025-02-09 09:00:00,804.7
2025-02-09 10:00:00,1000.35
2025-02-09 11:00:00,1119.85
2025-02-09 12:00:00,1155.03
2025-02-09 13:00:00,1103.5
2025-02-09 14:00:00,968.78
2025-02-09 15:00:00,760.03
2025-02-09 16:00:00,491.48
2025-02-09 17:00:00,181.9
2025-02-09 18:00:00,0.0
2025-02-09 19:00:00,0.0
2025-02-09 20:00:00,0.0
2025-02-09 21:00:00,0.0
2025-02-09 22:00:00,0.0
2025-02-09 23:00:00,0.0
2025-02-10 00:00:00,0.0
2025-02-10 01:00:00,0.0
2025-02-10 02:00:00,0.0
2025-02-10 03:00:00,0.0
2025-02-10 04:00:00,0.0
2025-02-10 05:00:00,0.0
2025-02-10 06:00:00,0.0
2025-02-10 07:00:00,255.88
2025-02-10 08:00:00,549.45
2025-02-10 09:00:00,808.25
2025-02-10 10:00:00,1004.15
2025-02-10 11:00:00,1123.8
2025-02-10 12:00:00,1159.05
2025-02-10 13:00:00,1107.5
2025-02-10 14:00:00,972.62
2025-02-10 15:00:00,763.65
2025-02-10 16:00:00,494.83
2025-02-10 17:00:00,185.07
2025-02-10 18:00:00,0.0
2025-02-10 19:00:00,0.0
2025-02-10 20:00:00,0.0
2025-02-10 21:00:00,0.0
2025-02-10 22:00:00,0.0
2025-02-10 23:00:00,0.0
2025-02-11 00:00:00,0.0
2025-02-11 01:00:00,0.0
2025-02-11 02:00:00,0.0
2025-02-11 03:00:00,0.0
2025-02-11 04:00:00,0.0
2025-02-11 05:00:00,0.0
2025-02-11 06:00:00,0.0
2025-02-11 07:00:00,259.55
2025-02-11 08:00:00,552.78
2025-02-11 09:00:00,811.85
2025-02-11 10:00:00,1007.97
2025-02-11 11:00:00,1127.75
2025-02-11 12:00:00,1163.05
2025-02-11 13:00:00,1111.43
2025-02-11 14:00:00,976.42
2025-02-11 15:00:00,767.25
2025-02-11 16:00:00,498.12
2025-02-11 17:00:00,188.23
2025-02-11 18:00:00,0.0
2025-02-11 19:00:00,0.0
2025-02-11 20:00:00,0.0
2025-02-11 21:00:00,0.0
2025-02-11 22:00:00,0.0
2025-02-11 23:00:00,0.0
2025-02-12 00:00:00,0.0
2025-02-12 01:00:00,0.0
2025-02-12 02:00:00,0.0
2025-02-12 03:00:00,0.0
2025-02-12 04:00:00,0.0
2025-02-12 05:00:00,0.0
2025-02-12 06:00:00,0.0
2025-02-12 07:00:00,263.38
2025-02-12 08:00:00,556.12
2025-02-12 09:00:00,815.45
2025-02-12 10:00:00,1011.75
2025-02-12 11:00:00,1131.62
2025-02-12 12:00:00,1166.95
2025-02-12 13:00:00,1115.28
2025-02-12 14:00:00,980.12
2025-02-12 15:00:00,770.72
2025-02-12 16:00:00,501.33
2025-02-12 17:00:00,191.32
2025-02-12 18:00:00,0.0
2025-02-12 19:00:00,0.0
2025-02-12 20:00:00,0.0
2025-02-12 21:00:00,0.0
2025-02-12 22:00:00,0.0
2025-02-12 23:00:00,0.0
2025-02-13 00:00:00,0.0
2025-02-13 01:00:00,0.0
2025-02-13 02:00:00,0.0
2025-02-13 03:00:00,0.0
2025-02-13 04:00:00,0.0
2025-02-13 05:00:00,0.0
2025-02-13 06:00:00,0.0
2025-02-13 07:00:00,267.33
2025-02-13 08:00:00,559.55
2025-02-13 09:00:00,819.12
2025-02-13 10:00:00,1015.58
2025-02-13 11:00:00,1135.55
2025-02-13 12:00:00,1170.88
2025-02-13 13:00:00,1119.12
2025-02-13 14:00:00,983.83
2025-02-13 15:00:00,774.17
2025-02-13 16:00:00,504.5
2025-02-13 17:00:00,194.43
2025-02-13 18:00:00,0.0
2025-02-13 19:00:00,0.0
2025-02-13 20:00:00,0.0
2025-02-13 21:00:00,0.0
2025-02-13 22:00:00,0.0
2025-02-13 23:00:00,0.0
2025-02-14 00:00:00,0.0
2025-02-14 01:00:00,0.0
2025-02-14 02:00:00,0.0
2025-02-14 03:00:00,0.0
2025-02-14 04:00:00,0.0
2025-02-14 05:00:00,0.0
2025-02-14 06:00:00,0.0
2025-02-14 07:00:00,271.42
2025-02-14 08:00:00,563.1
2025-02-14 09:00:00,822.9
2025-02-14 10:00:00,1019.53
2025-02-14 11:00:00,1139.57
2025-02-14 12:00:00,1174.88
2025-02-14 13:00:00,1123.03
2025-02-14 14:00:00,987.53
2025-02-14 15:00:00,777.65
2025-02-14 16:00:00,507.67
2025-02-14 17:00:00,197.5
2025-02-14 18:00:00,0.0
2025-02-14 19:00:00,0.0
2025-02-14 20:00:00,0.0
2025-02-14 21:00:00,0.0
2025-02-14 22:00:00,0.0
2025-02-14 23:00:00,0.0
2025-02-15 00:00:00,0.0
2025-02-15 01:00:00,0.0
2025-02-15 02:00:00,0.0
2025-02-15 03:00:00,0.0
2025-02-15 04:00:00,0.0
2025-02-15 05:00:00,0.0
2025-02-15 06:00:00,14.5
2025-02-15 07:00:00,261.2
2025-02-15 08:00:00,566.75
2025-02-15 09:00:00,826.78
2025-02-15 10:00:00,1023.55
2025-02-15 11:00:00,1143.68
2025-02-15 12:00:00,1178.95
2025-02-15 13:00:00,1126.95
2025-02-15 14:00:00,991.28
2025-02-15 15:00:00,781.12
2025-02-15 16:00:00,510.83
2025-02-15 17:00:00,200.55
2025-02-15 18:00:00,0.0
2025-02-15 19:00:00,0.0
2025-02-15 20:00:00,0.0
2025-02-15 21:00:00,0.0
2025-02-15 22:00:00,0.0
2025-02-15 23:00:00,0.0
2025-02-16 00:00:00,0.0
2025-02-16 01:00:00,0.0
2025-02-16 02:00:00,0.0
2025-02-16 03:00:00,0.0
2025-02-16 04:00:00,0.0
2025-02-16 05:00:00,0.0
2025-02-16 06:00:00,15.48
2025-02-16 07:00:00,264.62
2025-02-16 08:00:00,570.45
2025-02-16 09:00:00,830.67
2025-02-16 10:00:00,1027.57
2025-02-16 11:00:00,1147.75
2025-02-16 12:00:00,1182.97
2025-02-16 13:00:00,1130.85
2025-02-16 14:00:00,994.95
2025-02-16 15:00:00,784.53
2025-02-16 16:00:00,513.9
2025-02-16 17:00:00,203.57
2025-02-16 18:00:00,0.0
2025-02-16 19:00:00,0.0
2025-02-16 20:00:00,0.0
2025-02-16 21:00:00,0.0
2025-02-16 22:00:00,0.0
2025-02-16 23:00:00,0.0
2025-02-17 00:00:00,0.0
2025-02-17 01:00:00,0.0
2025-02-17 02:00:00,0.0
2025-02-17 03:00:00,0.0
2025-02-17 04:00:00,0.0
2025-02-17 05:00:00,0.0
2025-02-17 06:00:00,16.5
2025-02-17 07:00:00,268.15
2025-02-17 08:00:00,574.2
2025-02-17 09:00:00,834.6
2025-02-17 10:00:00,1031.6
2025-02-17 11:00:00,1151.78
2025-02-17 12:00:00,1186.95
2025-02-17 13:00:00,1134.68
2025-02-17 14:00:00,998.55
2025-02-17 15:00:00,787.85
2025-02-17 16:00:00,516.92
2025-02-17 17:00:00,206.57
2025-02-17 18:00:00,0.0
2025-02-17 19:00:00,0.0
2025-02-17 20:00:00,0.0
2025-02-17 21:00:00,0.0
2025-02-17 22:00:00,0.0
2025-02-17 23:00:00,0.0
2025-02-18 00:00:00,0.0
2025-02-18 01:00:00,0.0
2025-02-18 02:00:00,0.0
2025-02-18 03:00:00,0.0
2025-02-18 04:00:00,0.0
2025-02-18 05:00:00,0.0
2025-02-18 06:00:00,17.58
2025-02-18 07:00:00,271.7
2025-02-18 08:00:00,577.95
2025-02-18 09:00:00,838.47
2025-02-18 10:00:00,1035.55
2025-02-18 11:00:00,1155.7
2025-02-18 12:00:00,1190.78
2025-02-18 13:00:00,1138.35
2025-02-18 14:00:00,1002.0
2025-02-18 15:00:00,791.05
2025-02-18 16:00:00,519.85
2025-02-18 17:00:00,209.5
2025-02-18 18:00:00,0.0
2025-02-18 19:00:00,0.0
2025-02-18 20:00:00,0.0
2025-02-18 21:00:00,0.0
2025-02-18 22:00:00,0.0
2025-02-18 23:00:00,0.0
2025-02-19 00:00:00,0.0
2025-02-19 01:00:00,0.0
2025-02-19 02:00:00,0.0
2025-02-19 03:00:00,0.0
2025-02-19 04:00:00,0.0
2025-02-19 05:00:00,0.0
2025-02-19 06:00:00,18.73
2025-02-19 07:00:00,275.33
2025-02-19 08:00:00,581.78
2025-02-19 09:00:00,842.42
2025-02-19 10:00:00,1039.53
2025-02-19 11:00:00,1159.65
2025-02-19 12:00:00,1194.6
2025-02-19 13:00:00,1142.0
2025-02-19 14:00:00,1005.42
2025-02-19 15:00:00,794.2
2025-02-19 16:00:00,522.72
2025-02-19 17:00:00,212.4
2025-02-19 18:00:00,0.0
2025-02-19 19:00:00,0.0
2025-02-19 20:00:00,0.0
2025-02-19 21:00:00,0.0
2025-02-19 22:00:00,0.0
2025-02-19 23:00:00,0.0
2025-02-20 00:00:00,0.0
2025-02-20 01:00:00,0.0
2025-02-20 02:00:00,0.0
2025-02-20 03:00:00,0.0
2025-02-20 04:00:00,0.0
2025-02-20 05:00:00,0.0
2025-02-20 06:00:00,19.92
2025-02-20 07:00:00,279.02
2025-02-20 08:00:00,585.62
2025-02-20 09:00:00,846.35
2025-02-20 10:00:00,1043.45
2025-02-20 11:00:00,1163.53
2025-02-20 12:00:00,1198.35
2025-02-20 13:00:00,1145.55
2025-02-20 14:00:00,1008.78
2025-02-20 15:00:00,797.28
2025-02-20 16:00:00,525.53
2025-02-20 17:00:00,215.25
2025-02-20 18:00:00,0.0
2025-02-20 19:00:00,0.0
2025-02-20 20:00:00,0.0
2025-02-20 21:00:00,0.0
2025-02-20 22:00:00,0.0
2025-02-20 23:00:00,0.0
2025-02-21 00:00:00,0.0
2025-02-21 01:00:00,0.0
2025-02-21 02:00:00,0.0
2025-02-21 03:00:00,0.0
2025-02-21 04:00:00,0.0
2025-02-21 05:00:00,0.0
2025-02-21 06:00:00,21.2
2025-02-21 07:00:00,282.8
2025-02-21 08:00:00,589.5
2025-02-21 09:00:00,850.3
2025-02-21 10:00:00,1047.4
2025-02-21 11:00:00,1167.38
2025-02-21 12:00:00,1202.07
2025-02-21 13:00:00,1149.07
2025-02-21 14:00:00,1012.05
2025-02-21 15:00:00,800.28
2025-02-21 16:00:00,528.25
2025-02-21 17:00:00,218.05
2025-02-21 18:00:00,0.0
2025-02-21 19:00:00,0.0
2025-02-21 20:00:00,0.0
2025-02-21 21:00:00,0.0
2025-02-21 22:00:00,0.0
2025-02-21 23:00:00,0.0
2025-02-22 00:00:00,0.0
2025-02-22 01:00:00,0.0
2025-02-22 02:00:00,0.0
2025-02-22 03:00:00,0.0
2025-02-22 04:00:00,0.0
2025-02-22 05:00:00,0.0
2025-02-22 06:00:00,22.55
2025-02-22 07:00:00,286.62
2025-02-22 08:00:00,593.47
2025-02-22 09:00:00,854.33
2025-02-22 10:00:00,1051.43
2025-02-22 11:00:00,1171.3
2025-02-22 12:00:00,1205.82
2025-02-22 13:00:00,1152.62
2025-02-22 14:00:00,1015.33
2025-02-22 15:00:00,803.28
2025-02-22 16:00:00,530.97
2025-02-22 17:00:00,220.85
2025-02-22 18:00:00,0.0
2025-02-22 19:00:00,0.0
2025-02-22 20:00:00,0.0
2025-02-22 21:00:00,0.0
2025-02-22 22:00:00,0.0
2025-02-22 23:00:00,0.0
2025-02-23 00:00:00,0.0
2025-02-23 01:00:00,0.0
2025-02-23 02:00:00,0.0
2025-02-23 03:00:00,0.0
2025-02-23 04:00:00,0.0
2025-02-23 05:00:00,0.0
2025-02-23 06:00:00,23.98
2025-02-23 07:00:00,290.6
2025-02-23 08:00:00,597.62
2025-02-23 09:00:00,858.58
2025-02-23 10:00:00,1055.68
2025-02-23 11:00:00,1175.47
2025-02-23 12:00:00,1209.82
2025-02-23 13:00:00,1156.38
2025-02-23 14:00:00,1018.78
2025-02-23 15:00:00,806.4
2025-02-23 16:00:00,533.75
2025-02-23 17:00:00,223.65
2025-02-23 18:00:00,0.0
2025-02-23 19:00:00,0.0
2025-02-23 20:00:00,0.0
2025-02-23 21:00:00,0.0
2025-02-23 22:00:00,0.0
2025-02-23 23:00:00,0.0
2025-02-24 00:00:00,0.0
2025-02-24 01:00:00,0.0
2025-02-24 02:00:00,0.0
2025-02-24 03:00:00,0.0
2025-02-24 04:00:00,0.0
2025-02-24 05:00:00,0.0
2025-02-24 06:00:00,25.45
2025-02-24 07:00:00,294.62
2025-02-24 08:00:00,601.8
2025-02-24 09:00:00,862.83
2025-02-24 10:00:00,1059.9
2025-02-24 11:00:00,1179.57
2025-02-24 12:00:00,1213.75
2025-02-24 13:00:00,1160.05
2025-02-24 14:00:00,1022.15
2025-02-24 15:00:00,809.45
2025-02-24 16:00:00,536.45
2025-02-24 17:00:00,226.4
2025-02-24 18:00:00,0.0
2025-02-24 19:00:00,0.0
2025-02-24 20:00:00,0.0
2025-02-24 21:00:00,0.0
2025-02-24 22:00:00,0.0
2025-02-24 23:00:00,0.0
2025-02-25 00:00:00,0.0
2025-02-25 01:00:00,0.0
2025-02-25 02:00:00,0.0
2025-02-25 03:00:00,0.0
2025-02-25 04:00:00,0.0
2025-02-25 05:00:00,0.0
2025-02-25 06:00:00,27.0
2025-02-25 07:00:00,298.73
2025-02-25 08:00:00,606.05
2025-02-25 09:00:00,867.12
2025-02-25 10:00:00,1064.15
2025-02-25 11:00:00,1183.72
2025-02-25 12:00:00,1217.68
2025-02-25 13:00:00,1163.7
2025-02-25 14:00:00,1025.5
2025-02-25 15:00:00,812.45
2025-02-25 16:00:00,539.12
2025-02-25 17:00:00,229.1
2025-02-25 18:00:00,0.0
2025-02-25 19:00:00,0.0
2025-02-25 20:00:00,0.0
2025-02-25 21:00:00,0.0
2025-02-25 22:00:00,0.0
2025-02-25 23:00:00,0.0
2025-02-26 00:00:00,0.0
2025-02-26 01:00:00,0.0
2025-02-26 02:00:00,0.0
2025-02-26 03:00:00,0.0
2025-02-26 04:00:00,0.0
2025-02-26 05:00:00,0.0
2025-02-26 06:00:00,28.65
2025-02-26 07:00:00,302.9
2025-02-26 08:00:00,610.38
2025-02-26 09:00:00,871.5
2025-02-26 10:00:00,1068.5
2025-02-26 11:00:00,1187.93
2025-02-26 12:00:00,1221.68
2025-02-26 13:00:00,1167.43
2025-02-26 14:00:00,1028.88
2025-02-26 15:00:00,815.47
2025-02-26 16:00:00,541.78
2025-02-26 17:00:00,231.8
2025-02-26 18:00:00,0.0
2025-02-26 19:00:00,0.0
2025-02-26 20:00:00,0.0
2025-02-26 21:00:00,0.0
2025-02-26 22:00:00,0.0
2025-02-26 23:00:00,0.0
2025-02-27 00:00:00,0.0
2025-02-27 01:00:00,0.0
2025-02-27 02:00:00,0.0
2025-02-27 03:00:00,0.0
2025-02-27 04:00:00,0.0
2025-02-27 05:00:00,0.0
2025-02-27 06:00:00,30.35
2025-02-27 07:00:00,307.05
2025-02-27 08:00:00,614.53
2025-02-27 09:00:00,875.62
2025-02-27 10:00:00,1072.47
2025-02-27 11:00:00,1191.72
2025-02-27 12:00:00,1225.22
2025-02-27 13:00:00,1170.7
2025-02-27 14:00:00,1031.88
2025-02-27 15:00:00,818.17
2025-02-27 16:00:00,544.2
2025-02-27 17:00:00,234.4
2025-02-27 18:00:00,0.0
2025-02-27 19:00:00,0.0
2025-02-27 20:00:00,0.0
2025-02-27 21:00:00,0.0
2025-02-27 22:00:00,0.0
2025-02-27 23:00:00,0.0
2025-02-28 00:00:00,0.0
2025-02-28 01:00:00,0.0
2025-02-28 02:00:00,0.0
2025-02-28 03:00:00,0.0
2025-02-28 04:00:00,0.0
2025-02-28 05:00:00,0.0
2025-02-28 06:00:00,32.12
2025-02-28 07:00:00,311.2
2025-02-28 08:00:00,618.67
2025-02-28 09:00:00,879.67
2025-02-28 10:00:00,1076.38
2025-02-28 11:00:00,1195.43
2025-02-28 12:00:00,1228.65
2025-02-28 13:00:00,1173.85
2025-02-28 14:00:00,1034.7
2025-02-28 15:00:00,820.75
2025-02-28 16:00:00,546.55
2025-02-28 17:00:00,236.93
2025-02-28 18:00:00,0.0
2025-02-28 19:00:00,0.0
2025-02-28 20:00:00,0.0
2025-02-28 21:00:00,0.0
2025-02-28 22:00:00,0.0
2025-02-28 23:00:00,0.0
2025-03-01 00:00:00,0.0
2025-03-01 01:00:00,0.0
2025-03-01 02:00:00,0.0
2025-03-01 03:00:00,0.0
2025-03-01 04:00:00,0.0
2025-03-01 05:00:00,0.0
2025-03-01 06:00:00,33.97
2025-03-01 07:00:00,315.42
2025-03-01 08:00:00,622.88
2025-03-01 09:00:00,883.75
2025-03-01 10:00:00,1080.3
2025-03-01 11:00:00,1199.1
2025-03-01 12:00:00,1232.07
2025-03-01 13:00:00,1176.95
2025-03-01 14:00:00,1037.53
2025-03-01 15:00:00,823.28
2025-03-01 16:00:00,548.83
2025-03-01 17:00:00,239.4
2025-03-01 18:00:00,0.0
2025-03-01 19:00:00,0.0
2025-03-01 20:00:00,0.0
2025-03-01 21:00:00,0.0
2025-03-01 22:00:00,0.0
2025-03-01 23:00:00,0.0
2025-03-02 00:00:00,0.0
2025-03-02 01:00:00,0.0
2025-03-02 02:00:00,0.0
2025-03-02 03:00:00,0.0
2025-03-02 04:00:00,0.0
2025-03-02 05:00:00,0.0
2025-03-02 06:00:00,35.9
2025-03-02 07:00:00,319.7
2025-03-02 08:00:00,627.15
2025-03-02 09:00:00,887.95
2025-03-02 10:00:00,1084.32
2025-03-02 11:00:00,1202.88
2025-03-02 12:00:00,1235.57
2025-03-02 13:00:00,1180.15
2025-03-02 14:00:00,1040.4
2025-03-02 15:00:00,825.85
2025-03-02 16:00:00,551.12
2025-03-02 17:00:00,241.88
2025-03-02 18:00:00,0.0
2025-03-02 19:00:00,0.0
2025-03-02 20:00:00,0.0
2025-03-02 21:00:00,0.0
2025-03-02 22:00:00,0.0
2025-03-02 23:00:00,0.0
2025-03-03 00:00:00,0.0
2025-03-03 01:00:00,0.0
2025-03-03 02:00:00,0.0
2025-03-03 03:00:00,0.0
2025-03-03 04:00:00,0.0
2025-03-03 05:00:00,0.0
2025-03-03 06:00:00,37.9
2025-03-03 07:00:00,324.02
2025-03-03 08:00:00,631.45
2025-03-03 09:00:00,892.12
2025-03-03 10:00:00,1088.32
2025-03-03 11:00:00,1206.62
2025-03-03 12:00:00,1239.03
2025-03-03 13:00:00,1183.28
2025-03-03 14:00:00,1043.2
2025-03-03 15:00:00,828.35
2025-03-03 16:00:00,553.38
2025-03-03 17:00:00,244.32
2025-03-03 18:00:00,0.0
2025-03-03 19:00:00,0.0
2025-03-03 20:00:00,0.0
2025-03-03 21:00:00,0.0
2025-03-03 22:00:00,0.0
2025-03-03 23:00:00,0.0
2025-03-04 00:00:00,0.0
2025-03-04 01:00:00,0.0
2025-03-04 02:00:00,0.0
2025-03-04 03:00:00,0.0
2025-03-04 04:00:00,0.0
2025-03-04 05:00:00,0.0
2025-03-04 06:00:00,39.97
2025-03-04 07:00:00,328.4
2025-03-04 08:00:00,635.78
2025-03-04 09:00:00,896.33
2025-03-04 10:00:00,1092.3
2025-03-04 11:00:00,1210.35
2025-03-04 12:00:00,1242.43
2025-03-04 13:00:00,1186.35
2025-03-04 14:00:00,1045.95
2025-03-04 15:00:00,830.8
2025-03-04 16:00:00,555.55
2025-03-04 17:00:00,246.73
2025-03-04 18:00:00,0.0
2025-03-04 19:00:00,0.0
2025-03-04 20:00:00,0.0
2025-03-04 21:00:00,0.0
2025-03-04 22:00:00,0.0
2025-03-04 23:00:00,0.0
2025-03-05 00:00:00,0.0
2025-03-05 01:00:00,0.0
2025-03-05 02:00:00,0.0
2025-03-05 03:00:00,0.0
2025-03-05 04:00:00,0.0
2025-03-05 05:00:00,0.0
2025-03-05 06:00:00,42.15
2025-03-05 07:00:00,332.8
2025-03-05 08:00:00,640.1
2025-03-05 09:00:00,900.5
2025-03-05 10:00:00,1096.25
2025-03-05 11:00:00,1214.03
2025-03-05 12:00:00,1245.78
2025-03-05 13:00:00,1189.38
2025-03-05 14:00:00,1048.62
2025-03-05 15:00:00,833.17
2025-03-05 16:00:00,557.67
2025-03-05 17:00:00,249.07
2025-03-05 18:00:00,0.0
2025-03-05 19:00:00,0.0
2025-03-05 20:00:00,0.0
2025-03-05 21:00:00,0.0
2025-03-05 22:00:00,0.0
2025-03-05 23:00:00,0.0
2025-03-06 00:00:00,0.0
2025-03-06 01:00:00,0.0
2025-03-06 02:00:00,0.0
2025-03-06 03:00:00,0.0
2025-03-06 04:00:00,0.0
2025-03-06 05:00:00,0.0
2025-03-06 06:00:00,44.4
2025-03-06 07:00:00,337.23
2025-03-06 08:00:00,644.45
2025-03-06 09:00:00,904.67
2025-03-06 10:00:00,1100.18
2025-03-06 11:00:00,1217.65
2025-03-06 12:00:00,1249.07
2025-03-06 13:00:00,1192.3
2025-03-06 14:00:00,1051.25
2025-03-06 15:00:00,835.5
2025-03-06 16:00:00,559.75
2025-03-06 17:00:00,251.38
2025-03-06 18:00:00,0.0
2025-03-06 19:00:00,0.0
2025-03-06 20:00:00,0.0
2025-03-06 21:00:00,0.0
2025-03-06 22:00:00,0.0
2025-03-06 23:00:00,0.0
2025-03-07 00:00:00,0.0
2025-03-07 01:00:00,0.0
2025-03-07 02:00:00,0.0
2025-03-07 03:00:00,0.0
2025-03-07 04:00:00,0.0
2025-03-07 05:00:00,0.0
2025-03-07 06:00:00,46.72
2025-03-07 07:00:00,341.67
2025-03-07 08:00:00,648.78
2025-03-07 09:00:00,908.8
2025-03-07 10:00:00,1104.05
2025-03-07 11:00:00,1221.2
2025-03-07 12:00:00,1252.28
2025-03-07 13:00:00,1195.18
2025-03-07 14:00:00,1053.78
2025-03-07 15:00:00,837.72
2025-03-07 16:00:00,561.75
2025-03-07 17:00:00,253.65
2025-03-07 18:00:00,0.0
2025-03-07 19:00:00,0.0
2025-03-07 20:00:00,0.0
2025-03-07 21:00:00,0.0
2025-03-07 22:00:00,0.0
2025-03-07 23:00:00,0.0
2025-03-08 00:00:00,0.0
2025-03-08 01:00:00,0.0
2025-03-08 02:00:00,0.0
2025-03-08 03:00:00,0.0
2025-03-08 04:00:00,0.0
2025-03-08 05:00:00,0.0
2025-03-08 06:00:00,49.12
2025-03-08 07:00:00,346.15
2025-03-08 08:00:00,653.1
2025-03-08 09:00:00,912.92
2025-03-08 10:00:00,1107.88
2025-03-08 11:00:00,1224.7
2025-03-08 12:00:00,1255.43
2025-03-08 13:00:00,1197.95
2025-03-08 14:00:00,1056.22
2025-03-08 15:00:00,839.88
2025-03-08 16:00:00,563.7
2025-03-08 17:00:00,255.88
2025-03-08 18:00:00,0.0
2025-03-08 19:00:00,0.0
2025-03-08 20:00:00,0.0
2025-03-08 21:00:00,0.0
2025-03-08 22:00:00,0.0
2025-03-08 23:00:00,0.0
2025-03-09 00:00:00,0.0
2025-03-09 01:00:00,0.0
2025-03-09 02:00:00,0.0
2025-03-09 03:00:00,0.0
2025-03-09 04:00:00,0.0
2025-03-09 05:00:00,0.0
2025-03-09 06:00:00,51.6
2025-03-09 07:00:00,350.65
2025-03-09 08:00:00,657.47
2025-03-09 09:00:00,917.08
2025-03-09 10:00:00,1111.75
2025-03-09 11:00:00,1228.22
2025-03-09 12:00:00,1258.57
2025-03-09 13:00:00,1200.72
2025-03-09 14:00:00,1058.65
2025-03-09 15:00:00,842.03
2025-03-09 16:00:00,565.62
2025-03-09 17:00:00,258.08
2025-03-09 18:00:00,0.0
2025-03-09 19:00:00,0.0
2025-03-09 20:00:00,0.0
2025-03-09 21:00:00,0.0
2025-03-09 22:00:00,0.0
2025-03-09 23:00:00,0.0
2025-03-10 00:00:00,0.0
2025-03-10 01:00:00,0.0
2025-03-10 02:00:00,0.0
2025-03-10 03:00:00,0.0
2025-03-10 04:00:00,0.0
2025-03-10 05:00:00,0.0
2025-03-10 06:00:00,54.17
2025-03-10 07:00:00,355.2
2025-03-10 08:00:00,661.88
2025-03-10 09:00:00,921.22
2025-03-10 10:00:00,1115.57
2025-03-10 11:00:00,1231.7
2025-03-10 12:00:00,1261.68
2025-03-10 13:00:00,1203.47
2025-03-10 14:00:00,1061.05
2025-03-10 15:00:00,844.12
2025-03-10 16:00:00,567.53
2025-03-10 17:00:00,260.23
2025-03-10 18:00:00,0.0
2025-03-10 19:00:00,0.0
2025-03-10 20:00:00,0.0
2025-03-10 21:00:00,0.0
2025-03-10 22:00:00,0.0
2025-03-10 23:00:00,0.0
2025-03-11 00:00:00,0.0
2025-03-11 01:00:00,0.0
2025-03-11 02:00:00,0.0
2025-03-11 03:00:00,0.0
2025-03-11 04:00:00,0.0
2025-03-11 05:00:00,0.0
2025-03-11 06:00:00,56.83
2025-03-11 07:00:00,359.75
2025-03-11 08:00:00,666.25
2025-03-11 09:00:00,925.35
2025-03-11 10:00:00,1119.4
2025-03-11 11:00:00,1235.15
2025-03-11 12:00:00,1264.75
2025-03-11 13:00:00,1206.12
2025-03-11 14:00:00,1063.4
2025-03-11 15:00:00,846.17
2025-03-11 16:00:00,569.35
2025-03-11 17:00:00,262.35
2025-03-11 18:00:00,0.0
2025-03-11 19:00:00,0.0
2025-03-11 20:00:00,0.0
2025-03-11 21:00:00,0.0
2025-03-11 22:00:00,0.0
2025-03-11 23:00:00,0.0
2025-03-12 00:00:00,0.0
2025-03-12 01:00:00,0.0
2025-03-12 02:00:00,0.0
2025-03-12 03:00:00,0.0
2025-03-12 04:00:00,0.0
2025-03-12 05:00:00,0.0
2025-03-12 06:00:00,59.53
2025-03-12 07:00:00,364.3
2025-03-12 08:00:00,670.6
2025-03-12 09:00:00,929.42
2025-03-12 10:00:00,1123.12
2025-03-12 11:00:00,1238.5
2025-03-12 12:00:00,1267.7
2025-03-12 13:00:00,1208.72
2025-03-12 14:00:00,1065.62
2025-03-12 15:00:00,848.12
2025-03-12 16:00:00,571.1
2025-03-12 17:00:00,264.45
2025-03-12 18:00:00,0.0
2025-03-12 19:00:00,0.0
2025-03-12 20:00:00,0.0
2025-03-12 21:00:00,0.0
2025-03-12 22:00:00,0.0
2025-03-12 23:00:00,0.0
2025-03-13 00:00:00,0.0
2025-03-13 01:00:00,0.0
2025-03-13 02:00:00,0.0
2025-03-13 03:00:00,0.0
2025-03-13 04:00:00,0.0
2025-03-13 05:00:00,0.0
2025-03-13 06:00:00,62.33
2025-03-13 07:00:00,368.85
2025-03-13 08:00:00,674.92
2025-03-13 09:00:00,933.45
2025-03-13 10:00:00,1126.78
2025-03-13 11:00:00,1241.75
2025-03-13 12:00:00,1270.55
2025-03-13 13:00:00,1211.2
2025-03-13 14:00:00,1067.75
2025-03-13 15:00:00,850.0
2025-03-13 16:00:00,572.8
2025-03-13 17:00:00,266.48
2025-03-13 18:00:00,0.0
2025-03-13 19:00:00,0.0
2025-03-13 20:00:00,0.0
2025-03-13 21:00:00,0.0
2025-03-13 22:00:00,0.0
2025-03-13 23:00:00,0.0
2025-03-14 00:00:00,0.0
2025-03-14 01:00:00,0.0
2025-03-14 02:00:00,0.0
2025-03-14 03:00:00,0.0
2025-03-14 04:00:00,0.0
2025-03-14 05:00:00,0.0
2025-03-14 06:00:00,65.2
2025-03-14 07:00:00,373.42
2025-03-14 08:00:00,679.28
2025-03-14 09:00:00,937.47
2025-03-14 10:00:00,1130.45
2025-03-14 11:00:00,1245.03
2025-03-14 12:00:00,1273.4
2025-03-14 13:00:00,1213.65
2025-03-14 14:00:00,1069.88
2025-03-14 15:00:00,851.85
2025-03-14 16:00:00,574.47
2025-03-14 17:00:00,268.5
2025-03-14 18:00:00,0.0
2025-03-14 19:00:00,0.0
2025-03-14 20:00:00,0.0
2025-03-14 21:00:00,0.0
2025-03-14 22:00:00,0.0
2025-03-14 23:00:00,0.0
2025-03-15 00:00:00,0.0
2025-03-15 01:00:00,0.0
2025-03-15 02:00:00,0.0
2025-03-15 03:00:00,0.0
2025-03-15 04:00:00,0.0
2025-03-15 05:00:00,0.0
2025-03-15 06:00:00,68.18
2025-03-15 07:00:00,378.0
2025-03-15 08:00:00,683.6
2025-03-15 09:00:00,941.5
2025-03-15 10:00:00,1134.07
2025-03-15 11:00:00,1248.22
2025-03-15 12:00:00,1276.2
2025-03-15 13:00:00,1216.05
2025-03-15 14:00:00,1071.93
2025-03-15 15:00:00,853.65
2025-03-15 16:00:00,576.1
2025-03-15 17:00:00,270.5
2025-03-15 18:00:00,0.0
2025-03-15 19:00:00,0.0
2025-03-15 20:00:00,0.0
2025-03-15 21:00:00,0.0
2025-03-15 22:00:00,0.0
2025-03-15 23:00:00,0.0
2025-03-16 00:00:00,0.0
2025-03-16 01:00:00,0.0
2025-03-16 02:00:00,0.0
2025-03-16 03:00:00,0.0
2025-03-16 04:00:00,0.0
2025-03-16 05:00:00,0.0
2025-03-16 06:00:00,71.2
2025-03-16 07:00:00,382.58
2025-03-16 08:00:00,687.92
2025-03-16 09:00:00,945.45
2025-03-16 10:00:00,1137.62
2025-03-16 11:00:00,1251.38
2025-03-16 12:00:00,1278.9
2025-03-16 13:00:00,1218.38
2025-03-16 14:00:00,1073.93
2025-03-16 15:00:00,855.38
2025-03-16 16:00:00,577.67
2025-03-16 17:00:00,272.45
2025-03-16 18:00:00,0.0
2025-03-16 19:00:00,0.0
2025-03-16 20:00:00,0.0
2025-03-16 21:00:00,0.0
2025-03-16 22:00:00,0.0
2025-03-16 23:00:00,0.0
2025-03-17 00:00:00,0.0
2025-03-17 01:00:00,0.0
2025-03-17 02:00:00,0.0
2025-03-17 03:00:00,0.0
2025-03-17 04:00:00,0.0
2025-03-17 05:00:00,0.0
2025-03-17 06:00:00,74.3
2025-03-17 07:00:00,387.1
2025-03-17 08:00:00,692.1
2025-03-17 09:00:00,949.25
2025-03-17 10:00:00,1141.0
2025-03-17 11:00:00,1254.28
2025-03-17 12:00:00,1281.38
2025-03-17 13:00:00,1220.45
2025-03-17 14:00:00,1075.7
2025-03-17 15:00:00,856.95
2025-03-17 16:00:00,579.12
2025-03-17 17:00:00,274.33
2025-03-17 18:00:00,0.0
2025-03-17 19:00:00,0.0
2025-03-17 20:00:00,0.0
2025-03-17 21:00:00,0.0
2025-03-17 22:00:00,0.0
2025-03-17 23:00:00,0.0
2025-03-18 00:00:00,0.0
2025-03-18 01:00:00,0.0
2025-03-18 02:00:00,0.0
2025-03-18 03:00:00,0.0
2025-03-18 04:00:00,0.0
2025-03-18 05:00:00,0.0
2025-03-18 06:00:00,77.47
2025-03-18 07:00:00,391.67
2025-03-18 08:00:00,696.4
2025-03-18 09:00:00,953.2
2025-03-18 10:00:00,1144.53
2025-03-18 11:00:00,1257.35
2025-03-18 12:00:00,1284.03
2025-03-18 13:00:00,1222.7
2025-03-18 14:00:00,1077.6
2025-03-18 15:00:00,858.6
2025-03-18 16:00:00,580.65
2025-03-18 17:00:00,276.23
2025-03-18 18:00:00,0.0
2025-03-18 19:00:00,0.0
2025-03-18 20:00:00,0.0
2025-03-18 21:00:00,0.0
2025-03-18 22:00:00,0.0
2025-03-18 23:00:00,0.0
2025-03-19 00:00:00,0.0
2025-03-19 01:00:00,0.0
2025-03-19 02:00:00,0.0
2025-03-19 03:00:00,0.0
2025-03-19 04:00:00,0.0
2025-03-19 05:00:00,0.0
2025-03-19 06:00:00,80.72
2025-03-19 07:00:00,396.25
2025-03-19 08:00:00,700.67
2025-03-19 09:00:00,957.08
2025-03-19 10:00:00,1147.97
2025-03-19 11:00:00,1260.35
2025-03-19 12:00:00,1286.57
2025-03-19 13:00:00,1224.88
2025-03-19 14:00:00,1079.43
2025-03-19 15:00:00,860.2
2025-03-19 16:00:00,582.1
2025-03-19 17:00:00,264.15
2025-03-19 18:00:00,13.95
2025-03-19 19:00:00,0.0
2025-03-19 20:00:00,0.0
2025-03-19 21:00:00,0.0
2025-03-19 22:00:00,0.0
2025-03-19 23:00:00,0.0
2025-03-20 00:00:00,0.0
2025-03-20 01:00:00,0.0
2025-03-20 02:00:00,0.0
2025-03-20 03:00:00,0.0
2025-03-20 04:00:00,0.0
2025-03-20 05:00:00,0.0
2025-03-20 06:00:00,84.05
2025-03-20 07:00:00,400.8
2025-03-20 08:00:00,704.9
2025-03-20 09:00:00,960.88
2025-03-20 10:00:00,1151.32
2025-03-20 11:00:00,1263.25
2025-03-20 12:00:00,1289.03
2025-03-20 13:00:00,1226.9
2025-03-20 14:00:00,1081.15
2025-03-20 15:00:00,861.67
2025-03-20 16:00:00,583.5
2025-03-20 17:00:00,265.55
2025-03-20 18:00:00,14.38
2025-03-20 19:00:00,0.0
2025-03-20 20:00:00,0.0
2025-03-20 21:00:00,0.0
2025-03-20 22:00:00,0.0
2025-03-20 23:00:00,0.0
2025-03-21 00:00:00,0.0
2025-03-21 01:00:00,0.0
2025-03-21 02:00:00,0.0
2025-03-21 03:00:00,0.0
2025-03-21 04:00:00,0.0
2025-03-21 05:00:00,0.0
2025-03-21 06:00:00,87.45
2025-03-21 07:00:00,405.33
2025-03-21 08:00:00,709.08
2025-03-21 09:00:00,964.65
2025-03-21 10:00:00,1154.62
2025-03-21 11:00:00,1266.07
2025-03-21 12:00:00,1291.4
2025-03-21 13:00:00,1228.9
2025-03-21 14:00:00,1082.82
2025-03-21 15:00:00,863.15
2025-03-21 16:00:00,584.85
2025-03-21 17:00:00,266.92
2025-03-21 18:00:00,14.82
2025-03-21 19:00:00,0.0
2025-03-21 20:00:00,0.0
2025-03-21 21:00:00,0.0
2025-03-21 22:00:00,0.0
2025-03-21 23:00:00,0.0
2025-03-22 00:00:00,0.0
2025-03-22 01:00:00,0.0
2025-03-22 02:00:00,0.0
2025-03-22 03:00:00,0.0
2025-03-22 04:00:00,0.0
2025-03-22 05:00:00,0.0
2025-03-22 06:00:00,90.9
2025-03-22 07:00:00,409.83
2025-03-22 08:00:00,713.17
2025-03-22 09:00:00,968.3
2025-03-22 10:00:00,1157.8
2025-03-22 11:00:00,1268.75
2025-03-22 12:00:00,1293.62
2025-03-22 13:00:00,1230.7
2025-03-22 14:00:00,1084.35
2025-03-22 15:00:00,864.47
2025-03-22 16:00:00,586.12
2025-03-22 17:00:00,268.27
2025-03-22 18:00:00,15.25
2025-03-22 19:00:00,0.0
2025-03-22 20:00:00,0.0
2025-03-22 21:00:00,0.0
2025-03-22 22:00:00,0.0
2025-03-22 23:00:00,0.0
2025-03-23 00:00:00,0.0
2025-03-23 01:00:00,0.0
2025-03-23 02:00:00,0.0
2025-03-23 03:00:00,0.0
2025-03-23 04:00:00,0.0
2025-03-23 05:00:00,0.0
2025-03-23 06:00:00,94.4
2025-03-23 07:00:00,414.33
2025-03-23 08:00:00,717.3
2025-03-23 09:00:00,971.97
2025-03-23 10:00:00,1160.97
2025-03-23 11:00:00,1271.45
2025-03-23 12:00:00,1295.88
2025-03-23 13:00:00,1232.57
2025-03-23 14:00:00,1085.9
2025-03-23 15:00:00,865.83
2025-03-23 16:00:00,587.4
2025-03-23 17:00:00,269.6
2025-03-23 18:00:00,15.68
2025-03-23 19:00:00,0.0
2025-03-23 20:00:00,0.0
2025-03-23 21:00:00,0.0
2025-03-23 22:00:00,0.0
2025-03-23 23:00:00,0.0
2025-03-24 00:00:00,0.0
2025-03-24 01:00:00,0.0
2025-03-24 02:00:00,0.0
2025-03-24 03:00:00,0.0
2025-03-24 04:00:00,0.0
2025-03-24 05:00:00,0.0
2025-03-24 06:00:00,98.0
2025-03-24 07:00:00,418.8
2025-03-24 08:00:00,721.4
2025-03-24 09:00:00,975.62
2025-03-24 10:00:00,1164.18
2025-03-24 11:00:00,1274.15
2025-03-24 12:00:00,1298.1
2025-03-24 13:00:00,1234.43
2025-03-24 14:00:00,1087.43
2025-03-24 15:00:00,867.17
2025-03-24 16:00:00,588.67
2025-03-24 17:00:00,270.92
2025-03-24 18:00:00,16.1
2025-03-24 19:00:00,0.0
2025-03-24 20:00:00,0.0
2025-03-24 21:00:00,0.0
2025-03-24 22:00:00,0.0
2025-03-24 23:00:00,0.0
2025-03-25 00:00:00,0.0
2025-03-25 01:00:00,0.0
2025-03-25 02:00:00,0.0
2025-03-25 03:00:00,0.0
2025-03-25 04:00:00,0.0
2025-03-25 05:00:00,0.0
2025-03-25 06:00:00,101.65
2025-03-25 07:00:00,423.25
2025-03-25 08:00:00,725.42
2025-03-25 09:00:00,979.17
2025-03-25 10:00:00,1167.18
2025-03-25 11:00:00,1276.68
2025-03-25 12:00:00,1300.18
2025-03-25 13:00:00,1236.1
2025-03-25 14:00:00,1088.8
2025-03-25 15:00:00,868.38
2025-03-25 16:00:00,589.85
2025-03-25 17:00:00,272.2
2025-03-25 18:00:00,16.55
2025-03-25 19:00:00,0.0
2025-03-25 20:00:00,0.0
2025-03-25 21:00:00,0.0
2025-03-25 22:00:00,0.0
2025-03-25 23:00:00,0.0
2025-03-26 00:00:00,0.0
2025-03-26 01:00:00,0.0
2025-03-26 02:00:00,0.0
2025-03-26 03:00:00,0.0
2025-03-26 04:00:00,0.0
2025-03-26 05:00:00,0.0
2025-03-26 06:00:00,105.32
2025-03-26 07:00:00,427.58
2025-03-26 08:00:00,729.28
2025-03-26 09:00:00,982.5
2025-03-26 10:00:00,1169.97
2025-03-26 11:00:00,1278.95
2025-03-26 12:00:00,1301.97
2025-03-26 13:00:00,1237.53
2025-03-26 14:00:00,1089.97
2025-03-26 15:00:00,869.42
2025-03-26 16:00:00,590.9
2025-03-26 17:00:00,273.4
2025-03-26 18:00:00,16.98
2025-03-26 19:00:00,0.0
2025-03-26 20:00:00,0.0
2025-03-26 21:00:00,0.0
2025-03-26 22:00:00,0.0
2025-03-26 23:00:00,0.0
2025-03-27 00:00:00,0.0
2025-03-27 01:00:00,0.0
2025-03-27 02:00:00,0.0
2025-03-27 03:00:00,0.0
2025-03-27 04:00:00,0.0
2025-03-27 05:00:00,0.0
2025-03-27 06:00:00,109.05
2025-03-27 07:00:00,431.88
2025-03-27 08:00:00,733.1
2025-03-27 09:00:00,985.78
2025-03-27 10:00:00,1172.68
2025-03-27 11:00:00,1281.12
2025-03-27 12:00:00,1303.7
2025-03-27 13:00:00,1238.85
2025-03-27 14:00:00,1091.07
2025-03-27 15:00:00,870.4
2025-03-27 16:00:00,591.92
2025-03-27 17:00:00,274.6
2025-03-27 18:00:00,17.42
2025-03-27 19:00:00,0.0
2025-03-27 20:00:00,0.0
2025-03-27 21:00:00,0.0
2025-03-27 22:00:00,0.0
2025-03-27 23:00:00,0.0
2025-03-28 00:00:00,0.0
2025-03-28 01:00:00,0.0
2025-03-28 02:00:00,0.0
2025-03-28 03:00:00,0.0
2025-03-28 04:00:00,0.0
2025-03-28 05:00:00,0.0
2025-03-28 06:00:00,112.85
2025-03-28 07:00:00,436.2
2025-03-28 08:00:00,736.92
2025-03-28 09:00:00,989.05
2025-03-28 10:00:00,1175.43
2025-03-28 11:00:00,1283.32
2025-03-28 12:00:00,1305.43
2025-03-28 13:00:00,1240.22
2025-03-28 14:00:00,1092.18
2025-03-28 15:00:00,871.4
2025-03-28 16:00:00,592.92
2025-03-28 17:00:00,275.8
2025-03-28 18:00:00,17.88
2025-03-28 19:00:00,0.0
2025-03-28 20:00:00,0.0
2025-03-28 21:00:00,0.0
2025-03-28 22:00:00,0.0
2025-03-28 23:00:00,0.0
2025-03-29 00:00:00,0.0
2025-03-29 01:00:00,0.0
2025-03-29 02:00:00,0.0
2025-03-29 03:00:00,0.0
2025-03-29 04:00:00,0.0
2025-03-29 05:00:00,0.0
2025-03-29 06:00:00,116.7
2025-03-29 07:00:00,440.45
2025-03-29 08:00:00,740.67
2025-03-29 09:00:00,992.28
2025-03-29 10:00:00,1178.1
2025-03-29 11:00:00,1285.47
2025-03-29 12:00:00,1307.1
2025-03-29 13:00:00,1241.55
2025-03-29 14:00:00,1093.25
2025-03-29 15:00:00,872.35
2025-03-29 16:00:00,593.92
2025-03-29 17:00:00,276.98
2025-03-29 18:00:00,18.33
2025-03-29 19:00:00,0.0
2025-03-29 20:00:00,0.0
2025-03-29 21:00:00,0.0
2025-03-29 22:00:00,0.0
2025-03-29 23:00:00,0.0
2025-03-30 00:00:00,0.0
2025-03-30 01:00:00,0.0
2025-03-30 02:00:00,0.0
2025-03-30 03:00:00,0.0
2025-03-30 04:00:00,0.0
2025-03-30 05:00:00,0.0
2025-03-30 06:00:00,120.57
2025-03-30 07:00:00,444.62
2025-03-30 08:00:00,744.3
2025-03-30 09:00:00,995.3
2025-03-30 10:00:00,1180.55
2025-03-30 11:00:00,1287.38
2025-03-30 12:00:00,1308.55
2025-03-30 13:00:00,1242.62
2025-03-30 14:00:00,1094.12
2025-03-30 15:00:00,873.15
2025-03-30 16:00:00,594.83
2025-03-30 17:00:00,278.1
2025-03-30 18:00:00,18.77
2025-03-30 19:00:00,0.0
2025-03-30 20:00:00,0.0
2025-03-30 21:00:00,0.0
2025-03-30 22:00:00,0.0
2025-03-30 23:00:00,0.0
2025-03-31 00:00:00,0.0
2025-03-31 01:00:00,0.0
2025-03-31 02:00:00,0.0
2025-03-31 03:00:00,0.0
2025-03-31 04:00:00,0.0
2025-03-31 05:00:00,0.0
2025-03-31 06:00:00,124.5
2025-03-31 07:00:00,448.77
2025-03-31 08:00:00,747.9
2025-03-31 09:00:00,998.3
2025-03-31 10:00:00,1182.95
2025-03-31 11:00:00,1289.25
2025-03-31 12:00:00,1309.95
2025-03-31 13:00:00,1243.68
2025-03-31 14:00:00,1094.97
2025-03-31 15:00:00,873.95
2025-03-31 16:00:00,595.7
2025-03-31 17:00:00,279.2
2025-03-31 18:00:00,19.23
2025-03-31 19:00:00,0.0
2025-03-31 20:00:00,0.0
2025-03-31 21:00:00,0.0
2025-03-31 22:00:00,0.0
2025-03-31 23:00:00,0.0
2025-04-01 00:00:00,0.0
2025-04-01 01:00:00,0.0
2025-04-01 02:00:00,0.0
2025-04-01 03:00:00,0.0
2025-04-01 04:00:00,0.0
2025-04-01 05:00:00,0.0
2025-04-01 06:00:00,128.45
2025-04-01 07:00:00,452.83
2025-04-01 08:00:00,751.38
2025-04-01 09:00:00,1001.17
2025-04-01 10:00:00,1185.22
2025-04-01 11:00:00,1290.97
2025-04-01 12:00:00,1311.22
2025-04-01 13:00:00,1244.62
2025-04-01 14:00:00,1095.7
2025-04-01 15:00:00,874.62
2025-04-01 16:00:00,596.5
2025-04-01 17:00:00,280.3
2025-04-01 18:00:00,19.67
2025-04-01 19:00:00,0.0
2025-04-01 20:00:00,0.0
2025-04-01 21:00:00,0.0
2025-04-01 22:00:00,0.0
2025-04-01 23:00:00,0.0
2025-04-02 00:00:00,0.0
2025-04-02 01:00:00,0.0
2025-04-02 02:00:00,0.0
2025-04-02 03:00:00,0.0
2025-04-02 04:00:00,0.0
2025-04-02 05:00:00,0.0
2025-04-02 06:00:00,132.45
2025-04-02 07:00:00,456.88
2025-04-02 08:00:00,754.85
2025-04-02 09:00:00,1004.05
2025-04-02 10:00:00,1187.5
2025-04-02 11:00:00,1292.7
2025-04-02 12:00:00,1312.5
2025-04-02 13:00:00,1245.55
2025-04-02 14:00:00,1096.45
2025-04-02 15:00:00,875.35
2025-04-02 16:00:00,597.33
2025-04-02 17:00:00,281.4
2025-04-02 18:00:00,20.15
2025-04-02 19:00:00,0.0
2025-04-02 20:00:00,0.0
2025-04-02 21:00:00,0.0
2025-04-02 22:00:00,0.0
2025-04-02 23:00:00,0.0
2025-04-03 00:00:00,0.0
2025-04-03 01:00:00,0.0
2025-04-03 02:00:00,0.0
2025-04-03 03:00:00,0.0
2025-04-03 04:00:00,0.0
2025-04-03 05:00:00,0.0
2025-04-03 06:00:00,136.48
2025-04-03 07:00:00,460.88
2025-04-03 08:00:00,758.28
2025-04-03 09:00:00,1006.88
2025-04-03 10:00:00,1189.72
2025-04-03 11:00:00,1294.38
2025-04-03 12:00:00,1313.72
2025-04-03 13:00:00,1246.43
2025-04-03 14:00:00,1097.12
2025-04-03 15:00:00,876.0
2025-04-03 16:00:00,598.12
2025-04-03 17:00:00,282.48
2025-04-03 18:00:00,20.6
2025-04-03 19:00:00,0.0
2025-04-03 20:00:00,0.0
2025-04-03 21:00:00,0.0
2025-04-03 22:00:00,0.0
2025-04-03 23:00:00,0.0
2025-04-04 00:00:00,0.0
2025-04-04 01:00:00,0.0
2025-04-04 02:00:00,0.0
2025-04-04 03:00:00,0.0
2025-04-04 04:00:00,0.0
2025-04-04 05:00:00,0.0
2025-04-04 06:00:00,140.55
2025-04-04 07:00:00,464.9
2025-04-04 08:00:00,761.75
2025-04-04 09:00:00,1009.75
2025-04-04 10:00:00,1192.05
2025-04-04 11:00:00,1296.18
2025-04-04 12:00:00,1315.07
2025-04-04 13:00:00,1247.45
2025-04-04 14:00:00,1097.95
2025-04-04 15:00:00,876.78
2025-04-04 16:00:00,599.0
2025-04-04 17:00:00,283.58
2025-04-04 18:00:00,21.1
2025-04-04 19:00:00,0.0
2025-04-04 20:00:00,0.0
2025-04-04 21:00:00,0.0
2025-04-04 22:00:00,0.0
2025-04-04 23:00:00,0.0
2025-04-05 00:00:00,0.0
2025-04-05 01:00:00,0.0
2025-04-05 02:00:00,0.0
2025-04-05 03:00:00,0.0
2025-04-05 04:00:00,0.0
2025-04-05 05:00:00,0.0
2025-04-05 06:00:00,144.68
2025-04-05 07:00:00,468.9
2025-04-05 08:00:00,765.22
2025-04-05 09:00:00,1012.67
2025-04-05 10:00:00,1194.38
2025-04-05 11:00:00,1298.0
2025-04-05 12:00:00,1316.45
2025-04-05 13:00:00,1248.5
2025-04-05 14:00:00,1098.8
2025-04-05 15:00:00,877.58
2025-04-05 16:00:00,599.9
2025-04-05 17:00:00,284.73
2025-04-05 18:00:00,21.58
2025-04-05 19:00:00,0.0
2025-04-05 20:00:00,0.0
2025-04-05 21:00:00,0.0
2025-04-05 22:00:00,0.0
2025-04-05 23:00:00,0.0
2025-04-06 00:00:00,0.0
2025-04-06 01:00:00,0.0
2025-04-06 02:00:00,0.0
2025-04-06 03:00:00,0.0
2025-04-06 04:00:00,0.0
2025-04-06 05:00:00,0.0
2025-04-06 06:00:00,148.82
2025-04-06 07:00:00,472.88
2025-04-06 08:00:00,768.65
2025-04-06 09:00:00,1015.53
2025-04-06 10:00:00,1196.7
2025-04-06 11:00:00,1299.78
2025-04-06 12:00:00,1317.8
2025-04-06 13:00:00,1249.53
2025-04-06 14:00:00,1099.65
2025-04-06 15:00:00,878.35
2025-04-06 16:00:00,600.78
2025-04-06 17:00:00,285.85
2025-04-06 18:00:00,22.08
2025-04-06 19:00:00,0.0
2025-04-06 20:00:00,0.0
2025-04-06 21:00:00,0.0
2025-04-06 22:00:00,0.0
2025-04-06 23:00:00,0.0
2025-04-07 00:00:00,0.0
2025-04-07 01:00:00,0.0
2025-04-07 02:00:00,0.0
2025-04-07 03:00:00,0.0
2025-04-07 04:00:00,0.0
2025-04-07 05:00:00,0.0
2025-04-07 06:00:00,152.98
2025-04-07 07:00:00,476.77
2025-04-07 08:00:00,772.0
2025-04-07 09:00:00,1018.3
2025-04-07 10:00:00,1198.9
2025-04-07 11:00:00,1301.47
2025-04-07 12:00:00,1319.07
2025-04-07 13:00:00,1250.47
2025-04-07 14:00:00,1100.4
2025-04-07 15:00:00,879.1
2025-04-07 16:00:00,601.62
2025-04-07 17:00:00,286.98
2025-04-07 18:00:00,22.58
2025-04-07 19:00:00,0.0
2025-04-07 20:00:00,0.0
2025-04-07 21:00:00,0.0
2025-04-07 22:00:00,0.0
2025-04-07 23:00:00,0.0
2025-04-08 00:00:00,0.0
2025-04-08 01:00:00,0.0
2025-04-08 02:00:00,0.0
2025-04-08 03:00:00,0.0
2025-04-08 04:00:00,0.0
2025-04-08 05:00:00,0.0
2025-04-08 06:00:00,157.18
2025-04-08 07:00:00,480.62
2025-04-08 08:00:00,775.33
2025-04-08 09:00:00,1021.05
2025-04-08 10:00:00,1201.07
2025-04-08 11:00:00,1303.15
2025-04-08 12:00:00,1320.3
2025-04-08 13:00:00,1251.43
2025-04-08 14:00:00,1101.18
2025-04-08 15:00:00,879.83
2025-04-08 16:00:00,602.5
2025-04-08 17:00:00,288.08
2025-04-08 18:00:00,23.08
2025-04-08 19:00:00,0.0
2025-04-08 20:00:00,0.0
2025-04-08 21:00:00,0.0
2025-04-08 22:00:00,0.0
2025-04-08 23:00:00,0.0
2025-04-09 00:00:00,0.0
2025-04-09 01:00:00,0.0
2025-04-09 02:00:00,0.0
2025-04-09 03:00:00,0.0
2025-04-09 04:00:00,0.0
2025-04-09 05:00:00,0.0
2025-04-09 06:00:00,161.38
2025-04-09 07:00:00,484.42
2025-04-09 08:00:00,778.55
2025-04-09 09:00:00,1023.7
2025-04-09 10:00:00,1203.18
2025-04-09 11:00:00,1304.75
2025-04-09 12:00:00,1321.5
2025-04-09 13:00:00,1252.3
2025-04-09 14:00:00,1101.88
2025-04-09 15:00:00,880.53
2025-04-09 16:00:00,603.33
2025-04-09 17:00:00,289.2
2025-04-09 18:00:00,23.6
2025-04-09 19:00:00,0.0
2025-04-09 20:00:00,0.0
2025-04-09 21:00:00,0.0
2025-04-09 22:00:00,0.0
2025-04-09 23:00:00,0.0
2025-04-10 00:00:00,0.0
2025-04-10 01:00:00,0.0
2025-04-10 02:00:00,0.0
2025-04-10 03:00:00,0.0
2025-04-10 04:00:00,0.0
2025-04-10 05:00:00,0.0
2025-04-10 06:00:00,165.52
2025-04-10 07:00:00,488.05
2025-04-10 08:00:00,781.58
2025-04-10 09:00:00,1026.1
2025-04-10 10:00:00,1204.95
2025-04-10 11:00:00,1306.0
2025-04-10 12:00:00,1322.32
2025-04-10 13:00:00,1252.85
2025-04-10 14:00:00,1102.32
2025-04-10 15:00:00,881.03
2025-04-10 16:00:00,604.03
2025-04-10 17:00:00,290.27
2025-04-10 18:00:00,24.12
2025-04-10 19:00:00,0.0
2025-04-10 20:00:00,0.0
2025-04-10 21:00:00,0.0
2025-04-10 22:00:00,0.0
2025-04-10 23:00:00,0.0
2025-04-11 00:00:00,0.0
2025-04-11 01:00:00,0.0
2025-04-11 02:00:00,0.0
2025-04-11 03:00:00,0.0
2025-04-11 04:00:00,0.0
2025-04-11 05:00:00,0.0
2025-04-11 06:00:00,169.7
2025-04-11 07:00:00,491.6
2025-04-11 08:00:00,784.47
2025-04-11 09:00:00,1028.35
2025-04-11 10:00:00,1206.6
2025-04-11 11:00:00,1307.12
2025-04-11 12:00:00,1323.05
2025-04-11 13:00:00,1253.3
2025-04-11 14:00:00,1102.68
2025-04-11 15:00:00,881.45
2025-04-11 16:00:00,604.7
2025-04-11 17:00:00,291.3
2025-04-11 18:00:00,24.65
2025-04-11 19:00:00,0.0
2025-04-11 20:00:00,0.0
2025-04-11 21:00:00,0.0
2025-04-11 22:00:00,0.0
2025-04-11 23:00:00,0.0
2025-04-12 00:00:00,0.0
2025-04-12 01:00:00,0.0
2025-04-12 02:00:00,0.0
2025-04-12 03:00:00,0.0
2025-04-12 04:00:00,0.0
2025-04-12 05:00:00,0.0
2025-04-12 06:00:00,173.88
2025-04-12 07:00:00,495.08
2025-04-12 08:00:00,787.3
2025-04-12 09:00:00,1030.55
2025-04-12 10:00:00,1208.2
2025-04-12 11:00:00,1308.2
2025-04-12 12:00:00,1323.72
2025-04-12 13:00:00,1253.72
2025-04-12 14:00:00,1103.0
2025-04-12 15:00:00,881.85
2025-04-12 16:00:00,605.35
2025-04-12 17:00:00,292.35
2025-04-12 18:00:00,25.17
2025-04-12 19:00:00,0.0
2025-04-12 20:00:00,0.0
2025-04-12 21:00:00,0.0
2025-04-12 22:00:00,0.0
2025-04-12 23:00:00,0.0
2025-04-13 00:00:00,0.0
2025-04-13 01:00:00,0.0
2025-04-13 02:00:00,0.0
2025-04-13 03:00:00,0.0
2025-04-13 04:00:00,0.0
2025-04-13 05:00:00,0.0
2025-04-13 06:00:00,178.05
2025-04-13 07:00:00,498.55
2025-04-13 08:00:00,790.17
2025-04-13 09:00:00,1032.8
2025-04-13 10:00:00,1209.9
2025-04-13 11:00:00,1309.38
2025-04-13 12:00:00,1324.53
2025-04-13 13:00:00,1254.28
2025-04-13 14:00:00,1103.45
2025-04-13 15:00:00,882.35
2025-04-13 16:00:00,606.08
2025-04-13 17:00:00,293.45
2025-04-13 18:00:00,25.75
2025-04-13 19:00:00,0.0
2025-04-13 20:00:00,0.0
2025-04-13 21:00:00,0.0
2025-04-13 22:00:00,0.0
2025-04-13 23:00:00,0.0
2025-04-14 00:00:00,0.0
2025-04-14 01:00:00,0.0
2025-04-14 02:00:00,0.0
2025-04-14 03:00:00,0.0
2025-04-14 04:00:00,0.0
2025-04-14 05:00:00,0.0
2025-04-14 06:00:00,182.23
2025-04-14 07:00:00,501.98
2025-04-14 08:00:00,793.0
2025-04-14 09:00:00,1035.0
2025-04-14 10:00:00,1211.53
2025-04-14 11:00:00,1310.53
2025-04-14 12:00:00,1325.28
2025-04-14 13:00:00,1254.8
2025-04-14 14:00:00,1103.88
2025-04-14 15:00:00,882.85
2025-04-14 16:00:00,606.8
2025-04-14 17:00:00,294.52
2025-04-14 18:00:00,26.3
2025-04-14 19:00:00,0.0
2025-04-14 20:00:00,0.0
2025-04-14 21:00:00,0.0
2025-04-14 22:00:00,0.0
2025-04-14 23:00:00,0.0
2025-04-15 00:00:00,0.0
2025-04-15 01:00:00,0.0
2025-04-15 02:00:00,0.0
2025-04-15 03:00:00,0.0
2025-04-15 04:00:00,0.0
2025-04-15 05:00:00,0.0
2025-04-15 06:00:00,186.38
2025-04-15 07:00:00,505.3
2025-04-15 08:00:00,795.7
2025-04-15 09:00:00,1037.07
2025-04-15 10:00:00,1213.0
2025-04-15 11:00:00,1311.53
2025-04-15 12:00:00,1325.9
2025-04-15 13:00:00,1255.18
2025-04-15 14:00:00,1104.2
2025-04-15 15:00:00,883.28
2025-04-15 16:00:00,607.47
2025-04-15 17:00:00,295.6
2025-04-15 18:00:00,26.88
2025-04-15 19:00:00,0.0
2025-04-15 20:00:00,0.0
2025-04-15 21:00:00,0.0
2025-04-15 22:00:00,0.0
2025-04-15 23:00:00,0.0
2025-04-16 00:00:00,0.0
2025-04-16 01:00:00,0.0
2025-04-16 02:00:00,0.0
2025-04-16 03:00:00,0.0
2025-04-16 04:00:00,0.0
2025-04-16 05:00:00,0.0
2025-04-16 06:00:00,190.52
2025-04-16 07:00:00,508.52
2025-04-16 08:00:00,798.28
2025-04-16 09:00:00,1039.03
2025-04-16 10:00:00,1214.38
2025-04-16 11:00:00,1312.38
2025-04-16 12:00:00,1326.4
2025-04-16 13:00:00,1255.47
2025-04-16 14:00:00,1104.45
2025-04-16 15:00:00,883.65
2025-04-16 16:00:00,608.12
2025-04-16 17:00:00,296.67
2025-04-16 18:00:00,27.45
2025-04-16 19:00:00,0.0
2025-04-16 20:00:00,0.0
2025-04-16 21:00:00,0.0
2025-04-16 22:00:00,0.0
2025-04-16 23:00:00,0.0
2025-04-17 00:00:00,0.0
2025-04-17 01:00:00,0.0
2025-04-17 02:00:00,0.0
2025-04-17 03:00:00,0.0
2025-04-17 04:00:00,0.0
2025-04-17 05:00:00,0.0
2025-04-17 06:00:00,194.6
2025-04-17 07:00:00,511.62
2025-04-17 08:00:00,800.7
2025-04-17 09:00:00,1040.8
2025-04-17 10:00:00,1215.55
2025-04-17 11:00:00,1313.07
2025-04-17 12:00:00,1326.72
2025-04-17 13:00:00,1255.6
2025-04-17 14:00:00,1104.55
2025-04-17 15:00:00,883.9
2025-04-17 16:00:00,608.7
2025-04-17 17:00:00,297.73
2025-04-17 18:00:00,28.05
2025-04-17 19:00:00,0.0
2025-04-17 20:00:00,0.0
2025-04-17 21:00:00,0.0
2025-04-17 22:00:00,0.0
2025-04-17 23:00:00,0.0
2025-04-18 00:00:00,0.0
2025-04-18 01:00:00,0.0
2025-04-18 02:00:00,0.0
2025-04-18 03:00:00,0.0
2025-04-18 04:00:00,0.0
2025-04-18 05:00:00,0.0
2025-04-18 06:00:00,198.68
2025-04-18 07:00:00,514.65
2025-04-18 08:00:00,803.03
2025-04-18 09:00:00,1042.45
2025-04-18 10:00:00,1216.6
2025-04-18 11:00:00,1313.62
2025-04-18 12:00:00,1326.95
2025-04-18 13:00:00,1255.62
2025-04-18 14:00:00,1104.57
2025-04-18 15:00:00,884.1
2025-04-18 16:00:00,609.25
2025-04-18 17:00:00,298.77
2025-04-18 18:00:00,28.65
2025-04-18 19:00:00,0.0
2025-04-18 20:00:00,0.0
2025-04-18 21:00:00,0.0
2025-04-18 22:00:00,0.0
2025-04-18 23:00:00,0.0
2025-04-19 00:00:00,0.0
2025-04-19 01:00:00,0.0
2025-04-19 02:00:00,0.0
2025-04-19 03:00:00,0.0
2025-04-19 04:00:00,0.0
2025-04-19 05:00:00,0.0
2025-04-19 06:00:00,202.73
2025-04-19 07:00:00,517.62
2025-04-19 08:00:00,805.38
2025-04-19 09:00:00,1044.15
2025-04-19 10:00:00,1217.72
2025-04-19 11:00:00,1314.3
2025-04-19 12:00:00,1327.28
2025-04-19 13:00:00,1255.78
2025-04-19 14:00:00,1104.72
2025-04-19 15:00:00,884.42
2025-04-19 16:00:00,609.88
2025-04-19 17:00:00,299.85
2025-04-19 18:00:00,29.27
2025-04-19 19:00:00,0.0
2025-04-19 20:00:00,0.0
2025-04-19 21:00:00,0.0
2025-04-19 22:00:00,0.0
2025-04-19 23:00:00,0.0
2025-04-20 00:00:00,0.0
2025-04-20 01:00:00,0.0
2025-04-20 02:00:00,0.0
2025-04-20 03:00:00,0.0
2025-04-20 04:00:00,0.0
2025-04-20 05:00:00,0.0
2025-04-20 06:00:00,206.77
2025-04-20 07:00:00,520.62
2025-04-20 08:00:00,807.75
2025-04-20 09:00:00,1045.95
2025-04-20 10:00:00,1218.97
2025-04-20 11:00:00,1315.1
2025-04-20 12:00:00,1327.75
2025-04-20 13:00:00,1256.07
2025-04-20 14:00:00,1105.0
2025-04-20 15:00:00,884.85
2025-04-20 16:00:00,610.6
2025-04-20 17:00:00,300.98
2025-04-20 18:00:00,29.9
2025-04-20 19:00:00,0.0
2025-04-20 20:00:00,0.0
2025-04-20 21:00:00,0.0
2025-04-20 22:00:00,0.0
2025-04-20 23:00:00,0.0
2025-04-21 00:00:00,0.0
2025-04-21 01:00:00,0.0
2025-04-21 02:00:00,0.0
2025-04-21 03:00:00,0.0
2025-04-21 04:00:00,0.0
2025-04-21 05:00:00,0.0
2025-04-21 06:00:00,210.77
2025-04-21 07:00:00,523.53
2025-04-21 08:00:00,810.03
2025-04-21 09:00:00,1047.6
2025-04-21 10:00:00,1220.1
2025-04-21 11:00:00,1315.78
2025-04-21 12:00:00,1328.12
2025-04-21 13:00:00,1256.3
2025-04-21 14:00:00,1105.22
2025-04-21 15:00:00,885.22
2025-04-21 16:00:00,611.28
2025-04-21 17:00:00,302.1
2025-04-21 18:00:00,30.55
2025-04-21 19:00:00,0.0
2025-04-21 20:00:00,0.0
2025-04-21 21:00:00,0.0
2025-04-21 22:00:00,0.0
2025-04-21 23:00:00,0.0
2025-04-22 00:00:00,0.0
2025-04-22 01:00:00,0.0
2025-04-22 02:00:00,0.0
2025-04-22 03:00:00,0.0
2025-04-22 04:00:00,0.0
2025-04-22 05:00:00,0.0
2025-04-22 06:00:00,214.73
2025-04-22 07:00:00,526.3
2025-04-22 08:00:00,812.12
2025-04-22 09:00:00,1049.1
2025-04-22 10:00:00,1221.05
2025-04-22 11:00:00,1316.28
2025-04-22 12:00:00,1328.3
2025-04-22 13:00:00,1256.35
2025-04-22 14:00:00,1105.3
2025-04-22 15:00:00,885.47
2025-04-22 16:00:00,611.9
2025-04-22 17:00:00,303.23
2025-04-22 18:00:00,31.23
2025-04-22 19:00:00,0.0
2025-04-22 20:00:00,0.0
2025-04-22 21:00:00,0.0
2025-04-22 22:00:00,0.0
2025-04-22 23:00:00,0.0
2025-04-23 00:00:00,0.0
2025-04-23 01:00:00,0.0
2025-04-23 02:00:00,0.0
2025-04-23 03:00:00,0.0
2025-04-23 04:00:00,0.0
2025-04-23 05:00:00,0.0
2025-04-23 06:00:00,218.62
2025-04-23 07:00:00,528.97
2025-04-23 08:00:00,814.15
2025-04-23 09:00:00,1050.5
2025-04-23 10:00:00,1221.9
2025-04-23 11:00:00,1316.7
2025-04-23 12:00:00,1328.45
2025-04-23 13:00:00,1256.35
2025-04-23 14:00:00,1105.35
2025-04-23 15:00:00,885.75
2025-04-23 16:00:00,612.53
2025-04-23 17:00:00,304.33
2025-04-23 18:00:00,31.9
2025-04-23 19:00:00,0.0
2025-04-23 20:00:00,0.0
2025-04-23 21:00:00,0.0
2025-04-23 22:00:00,0.0
2025-04-23 23:00:00,0.0
2025-04-24 00:00:00,0.0
2025-04-24 01:00:00,0.0
2025-04-24 02:00:00,0.0
2025-04-24 03:00:00,0.0
2025-04-24 04:00:00,0.0
2025-04-24 05:00:00,0.0
2025-04-24 06:00:00,222.5
2025-04-24 07:00:00,531.62
2025-04-24 08:00:00,816.17
2025-04-24 09:00:00,1051.93
2025-04-24 10:00:00,1222.8
2025-04-24 11:00:00,1317.18
2025-04-24 12:00:00,1328.65
2025-04-24 13:00:00,1256.43
2025-04-24 14:00:00,1105.47
2025-04-24 15:00:00,886.08
2025-04-24 16:00:00,613.2
2025-04-24 17:00:00,305.48
2025-04-24 18:00:00,32.58
2025-04-24 19:00:00,0.0
2025-04-24 20:00:00,0.0
2025-04-24 21:00:00,0.0
2025-04-24 22:00:00,0.0
2025-04-24 23:00:00,0.0
2025-04-25 00:00:00,0.0
2025-04-25 01:00:00,0.0
2025-04-25 02:00:00,0.0
2025-04-25 03:00:00,0.0
2025-04-25 04:00:00,0.0
2025-04-25 05:00:00,0.0
2025-04-25 06:00:00,226.3
2025-04-25 07:00:00,534.17
2025-04-25 08:00:00,818.1
2025-04-25 09:00:00,1053.25
2025-04-25 10:00:00,1223.62
2025-04-25 11:00:00,1317.6
2025-04-25 12:00:00,1328.8
2025-04-25 13:00:00,1256.47
2025-04-25 14:00:00,1105.57
2025-04-25 15:00:00,886.4
2025-04-25 16:00:00,613.88
2025-04-25 17:00:00,306.65
2025-04-25 18:00:00,33.3
2025-04-25 19:00:00,0.0
2025-04-25 20:00:00,0.0
2025-04-25 21:00:00,0.0
2025-04-25 22:00:00,0.0
2025-04-25 23:00:00,0.0
2025-04-26 00:00:00,0.0
2025-04-26 01:00:00,0.0
2025-04-26 02:00:00,0.0
2025-04-26 03:00:00,0.0
2025-04-26 04:00:00,0.0
2025-04-26 05:00:00,0.0
2025-04-26 06:00:00,230.1
2025-04-26 07:00:00,536.72
2025-04-26 08:00:00,820.05
2025-04-26 09:00:00,1054.65
2025-04-26 10:00:00,1224.53
2025-04-26 11:00:00,1318.12
2025-04-26 12:00:00,1329.07
2025-04-26 13:00:00,1256.65
2025-04-26 14:00:00,1105.78
2025-04-26 15:00:00,886.8
2025-04-26 16:00:00,614.65
2025-04-26 17:00:00,307.85
2025-04-26 18:00:00,34.03
2025-04-26 19:00:00,0.0
2025-04-26 20:00:00,0.0
2025-04-26 21:00:00,0.0
2025-04-26 22:00:00,0.0
2025-04-26 23:00:00,0.0
2025-04-27 00:00:00,0.0
2025-04-27 01:00:00,0.0
2025-04-27 02:00:00,0.0
2025-04-27 03:00:00,0.0
2025-04-27 04:00:00,0.0
2025-04-27 05:00:00,0.0
2025-04-27 06:00:00,233.77
2025-04-27 07:00:00,539.1
2025-04-27 08:00:00,821.8
2025-04-27 09:00:00,1055.8
2025-04-27 10:00:00,1225.15
2025-04-27 11:00:00,1318.38
2025-04-27 12:00:00,1329.07
2025-04-27 13:00:00,1256.55
2025-04-27 14:00:00,1105.8
2025-04-27 15:00:00,887.08
2025-04-27 16:00:00,615.3
2025-04-27 17:00:00,309.02
2025-04-27 18:00:00,34.75
2025-04-27 19:00:00,0.0
2025-04-27 20:00:00,0.0
2025-04-27 21:00:00,0.0
2025-04-27 22:00:00,0.0
2025-04-27 23:00:00,0.0
2025-04-28 00:00:00,0.0
2025-04-28 01:00:00,0.0
2025-04-28 02:00:00,0.0
2025-04-28 03:00:00,0.0
2025-04-28 04:00:00,0.0
2025-04-28 05:00:00,0.0
2025-04-28 06:00:00,237.38
2025-04-28 07:00:00,541.33
2025-04-28 08:00:00,823.35
2025-04-28 09:00:00,1056.75
2025-04-28 10:00:00,1225.6
2025-04-28 11:00:00,1318.43
2025-04-28 12:00:00,1328.9
2025-04-28 13:00:00,1256.32
2025-04-28 14:00:00,1105.68
2025-04-28 15:00:00,887.22
2025-04-28 16:00:00,615.9
2025-04-28 17:00:00,310.17
2025-04-28 18:00:00,35.5
2025-04-28 19:00:00,0.0
2025-04-28 20:00:00,0.0
2025-04-28 21:00:00,0.0
2025-04-28 22:00:00,0.0
2025-04-28 23:00:00,0.0
2025-04-29 00:00:00,0.0
2025-04-29 01:00:00,0.0
2025-04-29 02:00:00,0.0
2025-04-29 03:00:00,0.0
2025-04-29 04:00:00,0.0
2025-04-29 05:00:00,0.0
2025-04-29 06:00:00,240.9
2025-04-29 07:00:00,543.47
2025-04-29 08:00:00,824.85
2025-04-29 09:00:00,1057.65
2025-04-29 10:00:00,1226.0
2025-04-29 11:00:00,1318.43
2025-04-29 12:00:00,1328.7
2025-04-29 13:00:00,1256.07
2025-04-29 14:00:00,1105.55
2025-04-29 15:00:00,887.4
2025-04-29 16:00:00,616.5
2025-04-29 17:00:00,311.33
2025-04-29 18:00:00,36.28
2025-04-29 19:00:00,0.0
2025-04-29 20:00:00,0.0
2025-04-29 21:00:00,0.0
2025-04-29 22:00:00,0.0
2025-04-29 23:00:00,0.0
2025-04-30 00:00:00,-999.0
2025-04-30 01:00:00,-999.0
2025-04-30 02:00:00,-999.0
2025-04-30 03:00:00,-999.0
2025-04-30 04:00:00,-999.0
2025-04-30 05:00:00,-999.0
2025-04-30 06:00:00,-999.0
2025-04-30 07:00:00,-999.0
2025-04-30 08:00:00,-999.0
2025-04-30 09:00:00,-999.0
2025-04-30 10:00:00,-999.0
2025-04-30 11:00:00,-999.0
2025-04-30 12:00:00,-999.0
2025-04-30 13:00:00,-999.0
2025-04-30 14:00:00,-999.0
2025-04-30 15:00:00,-999.0
2025-04-30 16:00:00,-999.0
2025-04-30 17:00:00,-999.0
2025-04-30 18:00:00,-999.0
2025-04-30 19:00:00,-999.0
2025-04-30 20:00:00,-999.0
2025-04-30 21:00:00,-999.0
2025-04-30 22:00:00,-999.0
2025-04-30 23:00:00,-999.0
2025-05-01 00:00:00,-999.0
2025-05-01 01:00:00,-999.0
2025-05-01 02:00:00,-999.0
2025-05-01 03:00:00,-999.0
2025-05-01 04:00:00,-999.0
2025-05-01 05:00:00,-999.0
2025-05-01 06:00:00,-999.0
2025-05-01 07:00:00,-999.0
2025-05-01 08:00:00,-999.0
2025-05-01 09:00:00,-999.0
2025-05-01 10:00:00,-999.0
2025-05-01 11:00:00,-999.0
2025-05-01 12:00:00,-999.0
2025-05-01 13:00:00,-999.0
2025-05-01 14:00:00,-999.0
2025-05-01 15:00:00,-999.0
2025-05-01 16:00:00,-999.0
2025-05-01 17:00:00,-999.0
2025-05-01 18:00:00,-999.0
2025-05-01 19:00:00,-999.0
2025-05-01 20:00:00,-999.0
2025-05-01 21:00:00,-999.0
2025-05-01 22:00:00,-999.0
2025-05-01 23:00:00,-999.0
2025-05-02 00:00:00,-999.0
2025-05-02 01:00:00,-999.0
2025-05-02 02:00:00,-999.0
2025-05-02 03:00:00,-999.0
2025-05-02 04:00:00,-999.0
2025-05-02 05:00:00,-999.0
2025-05-02 06:00:00,-999.0
2025-05-02 07:00:00,-999.0
2025-05-02 08:00:00,-999.0
2025-05-02 09:00:00,-999.0
2025-05-02 10:00:00,-999.0
2025-05-02 11:00:00,-999.0
2025-05-02 12:00:00,-999.0
2025-05-02 13:00:00,-999.0
2025-05-02 14:00:00,-999.0
2025-05-02 15:00:00,-999.0
2025-05-02 16:00:00,-999.0
2025-05-02 17:00:00,-999.0
2025-05-02 18:00:00,-999.0
2025-05-02 19:00:00,-999.0
2025-05-02 20:00:00,-999.0
2025-05-02 21:00:00,-999.0
2025-05-02 22:00:00,-999.0
2025-05-02 23:00:00,-999.0
2025-05-03 00:00:00,-999.0
2025-05-03 01:00:00,-999.0
2025-05-03 02:00:00,-999.0
2025-05-03 03:00:00,-999.0
2025-05-03 04:00:00,-999.0
2025-05-03 05:00:00,-999.0
2025-05-03 06:00:00,-999.0
2025-05-03 07:00:00,-999.0
2025-05-03 08:00:00,-999.0
2025-05-03 09:00:00,-999.0
2025-05-03 10:00:00,-999.0
2025-05-03 11:00:00,-999.0
2025-05-03 12:00:00,-999.0
2025-05-03 13:00:00,-999.0
2025-05-03 14:00:00,-999.0
2025-05-03 15:00:00,-999.0
2025-05-03 16:00:00,-999.0
2025-05-03 17:00:00,-999.0
2025-05-03 18:00:00,-999.0
2025-05-03 19:00:00,-999.0
2025-05-03 20:00:00,-999.0
2025-05-03 21:00:00,-999.0
2025-05-03 22:00:00,-999.0
2025-05-03 23:00:00,-999.0
2025-05-04 00:00:00,-999.0
2025-05-04 01:00:00,-999.0
2025-05-04 02:00:00,-999.0
2025-05-04 03:00:00,-999.0
2025-05-04 04:00:00,-999.0
2025-05-04 05:00:00,-999.0
2025-05-04 06:00:00,-999.0
2025-05-04 07:00:00,-999.0
2025-05-04 08:00:00,-999.0
2025-05-04 09:00:00,-999.0
2025-05-04 10:00:00,-999.0
2025-05-04 11:00:00,-999.0
2025-05-04 12:00:00,-999.0
2025-05-04 13:00:00,-999.0
2025-05-04 14:00:00,-999.0
2025-05-04 15:00:00,-999.0
2025-05-04 16:00:00,-999.0
2025-05-04 17:00:00,-999.0
2025-05-04 18:00:00,-999.0
2025-05-04 19:00:00,-999.0
2025-05-04 20:00:00,-999.0
2025-05-04 21:00:00,-999.0
2025-05-04 22:00:00,-999.0
2025-05-04 23:00:00,-999.0
2025-05-05 00:00:00,-999.0
2025-05-05 01:00:00,-999.0
2025-05-05 02:00:00,-999.0
2025-05-05 03:00:00,-999.0
2025-05-05 04:00:00,-999.0
2025-05-05 05:00:00,-999.0
2025-05-05 06:00:00,-999.0
2025-05-05 07:00:00,-999.0
2025-05-05 08:00:00,-999.0
2025-05-05 09:00:00,-999.0
2025-05-05 10:00:00,-999.0
2025-05-05 11:00:00,-999.0
2025-05-05 12:00:00,-999.0
2025-05-05 13:00:00,-999.0
2025-05-05 14:00:00,-999.0
2025-05-05 15:00:00,-999.0
2025-05-05 16:00:00,-999.0
2025-05-05 17:00:00,-999.0
2025-05-05 18:00:00,-999.0
2025-05-05 19:00:00,-999.0
2025-05-05 20:00:00,-999.0
2025-05-05 21:00:00,-999.0
2025-05-05 22:00:00,-999.0
2025-05-05 23:00:00,-999.0
2025-05-06 00:00:00,-999.0
2025-05-06 01:00:00,-999.0
2025-05-06 02:00:00,-999.0
2025-05-06 03:00:00,-999.0
2025-05-06 04:00:00,-999.0
2025-05-06 05:00:00,-999.0
2025-05-06 06:00:00,-999.0
2025-05-06 07:00:00,-999.0
2025-05-06 08:00:00,-999.0
2025-05-06 09:00:00,-999.0
2025-05-06 10:00:00,-999.0
2025-05-06 11:00:00,-999.0
2025-05-06 12:00:00,-999.0
2025-05-06 13:00:00,-999.0
2025-05-06 14:00:00,-999.0
2025-05-06 15:00:00,-999.0
2025-05-06 16:00:00,-999.0
2025-05-06 17:00:00,-999.0
2025-05-06 18:00:00,-999.0
2025-05-06 19:00:00,-999.0
2025-05-06 20:00:00,-999.0
2025-05-06 21:00:00,-999.0
2025-05-06 22:00:00,-999.0
2025-05-06 23:00:00,-999.0
2025-05-07 00:00:00,-999.0
2025-05-07 01:00:00,-999.0
2025-05-07 02:00:00,-999.0
2025-05-07 03:00:00,-999.0
2025-05-07 04:00:00,-999.0
2025-05-07 05:00:00,-999.0
2025-05-07 06:00:00,-999.0
2025-05-07 07:00:00,-999.0
2025-05-07 08:00:00,-999.0
2025-05-07 09:00:00,-999.0
2025-05-07 10:00:00,-999.0
2025-05-07 11:00:00,-999.0
2025-05-07 12:00:00,-999.0
2025-05-07 13:00:00,-999.0
2025-05-07 14:00:00,-999.0
2025-05-07 15:00:00,-999.0
2025-05-07 16:00:00,-999.0
2025-05-07 17:00:00,-999.0
2025-05-07 18:00:00,-999.0
2025-05-07 19:00:00,-999.0
2025-05-07 20:00:00,-999.0
2025-05-07 21:00:00,-999.0
2025-05-07 22:00:00,-999.0
2025-05-07 23:00:00,-999.0
2025-05-08 00:00:00,-999.0
2025-05-08 01:00:00,-999.0
2025-05-08 02:00:00,-999.0
2025-05-08 03:00:00,-999.0
2025-05-08 04:00:00,-999.0
2025-05-08 05:00:00,-999.0
2025-05-08 06:00:00,-999.0
2025-05-08 07:00:00,-999.0
2025-05-08 08:00:00,-999.0
2025-05-08 09:00:00,-999.0
2025-05-08 10:00:00,-999.0
2025-05-08 11:00:00,-999.0
2025-05-08 12:00:00,-999.0
2025-05-08 13:00:00,-999.0
2025-05-08 14:00:00,-999.0
2025-05-08 15:00:00,-999.0
2025-05-08 16:00:00,-999.0
2025-05-08 17:00:00,-999.0
2025-05-08 18:00:00,-999.0
2025-05-08 19:00:00,-999.0
2025-05-08 20:00:00,-999.0
2025-05-08 21:00:00,-999.0
2025-05-08 22:00:00,-999.0
2025-05-08 23:00:00,-999.0
2025-05-09 00:00:00,-999.0
2025-05-09 01:00:00,-999.0
2025-05-09 02:00:00,-999.0
2025-05-09 03:00:00,-999.0
2025-05-09 04:00:00,-999.0
2025-05-09 05:00:00,-999.0
2025-05-09 06:00:00,-999.0
2025-05-09 07:00:00,-999.0
2025-05-09 08:00:00,-999.0
2025-05-09 09:00:00,-999.0
2025-05-09 10:00:00,-999.0
2025-05-09 11:00:00,-999.0
2025-05-09 12:00:00,-999.0
2025-05-09 13:00:00,-999.0
2025-05-09 14:00:00,-999.0
2025-05-09 15:00:00,-999.0
2025-05-09 16:00:00,-999.0
2025-05-09 17:00:00,-999.0
2025-05-09 18:00:00,-999.0
2025-05-09 19:00:00,-999.0
2025-05-09 20:00:00,-999.0
2025-05-09 21:00:00,-999.0
2025-05-09 22:00:00,-999.0
2025-05-09 23:00:00,-999.0
2025-05-10 00:00:00,-999.0
2025-05-10 01:00:00,-999.0
2025-05-10 02:00:00,-999.0
2025-05-10 03:00:00,-999.0
2025-05-10 04:00:00,-999.0
2025-05-10 05:00:00,-999.0
2025-05-10 06:00:00,-999.0
2025-05-10 07:00:00,-999.0
2025-05-10 08:00:00,-999.0
2025-05-10 09:00:00,-999.0
2025-05-10 10:00:00,-999.0
2025-05-10 11:00:00,-999.0
2025-05-10 12:00:00,-999.0
2025-05-10 13:00:00,-999.0
2025-05-10 14:00:00,-999.0
2025-05-10 15:00:00,-999.0
2025-05-10 16:00:00,-999.0
2025-05-10 17:00:00,-999.0
2025-05-10 18:00:00,-999.0
2025-05-10 19:00:00,-999.0
2025-05-10 20:00:00,-999.0
2025-05-10 21:00:00,-999.0
2025-05-10 22:00:00,-999.0
2025-05-10 23:00:00,-999.0
2025-05-11 00:00:00,-999.0
2025-05-11 01:00:00,-999.0
2025-05-11 02:00:00,-999.0
2025-05-11 03:00:00,-999.0
2025-05-11 04:00:00,-999.0
2025-05-11 05:00:00,-999.0
2025-05-11 06:00:00,-999.0
2025-05-11 07:00:00,-999.0
2025-05-11 08:00:00,-999.0
2025-05-11 09:00:00,-999.0
2025-05-11 10:00:00,-999.0
2025-05-11 11:00:00,-999.0
2025-05-11 12:00:00,-999.0
2025-05-11 13:00:00,-999.0
2025-05-11 14:00:00,-999.0
2025-05-11 15:00:00,-999.0
2025-05-11 16:00:00,-999.0
2025-05-11 17:00:00,-999.0
2025-05-11 18:00:00,-999.0
2025-05-11 19:00:00,-999.0
2025-05-11 20:00:00,-999.0
2025-05-11 21:00:00,-999.0
2025-05-11 22:00:00,-999.0
2025-05-11 23:00:00,-999.0
2025-05-12 00:00:00,-999.0
2025-05-12 01:00:00,-999.0
2025-05-12 02:00:00,-999.0
2025-05-12 03:00:00,-999.0
2025-05-12 04:00:00,-999.0
2025-05-12 05:00:00,-999.0
2025-05-12 06:00:00,-999.0
2025-05-12 07:00:00,-999.0
2025-05-12 08:00:00,-999.0
2025-05-12 09:00:00,-999.0
2025-05-12 10:00:00,-999.0
2025-05-12 11:00:00,-999.0
2025-05-12 12:00:00,-999.0
2025-05-12 13:00:00,-999.0
2025-05-12 14:00:00,-999.0
2025-05-12 15:00:00,-999.0
2025-05-12 16:00:00,-999.0
2025-05-12 17:00:00,-999.0
2025-05-12 18:00:00,-999.0
2025-05-12 19:00:00,-999.0
2025-05-12 20:00:00,-999.0
2025-05-12 21:00:00,-999.0
2025-05-12 22:00:00,-999.0
2025-05-12 23:00:00,-999.0
2025-05-13 00:00:00,-999.0
2025-05-13 01:00:00,-999.0
2025-05-13 02:00:00,-999.0
2025-05-13 03:00:00,-999.0
2025-05-13 04:00:00,-999.0
2025-05-13 05:00:00,-999.0
2025-05-13 06:00:00,-999.0
2025-05-13 07:00:00,-999.0
2025-05-13 08:00:00,-999.0
2025-05-13 09:00:00,-999.0
2025-05-13 10:00:00,-999.0
2025-05-13 11:00:00,-999.0
2025-05-13 12:00:00,-999.0
2025-05-13 13:00:00,-999.0
2025-05-13 14:00:00,-999.0
2025-05-13 15:00:00,-999.0
2025-05-13 16:00:00,-999.0
2025-05-13 17:00:00,-999.0
2025-05-13 18:00:00,-999.0
2025-05-13 19:00:00,-999.0
2025-05-13 20:00:00,-999.0
2025-05-13 21:00:00,-999.0
2025-05-13 22:00:00,-999.0
2025-05-13 23:00:00,-999.0
2025-05-14 00:00:00,-999.0
2025-05-14 01:00:00,-999.0
2025-05-14 02:00:00,-999.0
2025-05-14 03:00:00,-999.0
2025-05-14 04:00:00,-999.0
2025-05-14 05:00:00,-999.0
2025-05-14 06:00:00,-999.0
2025-05-14 07:00:00,-999.0
2025-05-14 08:00:00,-999.0
2025-05-14 09:00:00,-999.0
2025-05-14 10:00:00,-999.0
2025-05-14 11:00:00,-999.0
2025-05-14 12:00:00,-999.0
2025-05-14 13:00:00,-999.0
2025-05-14 14:00:00,-999.0
2025-05-14 15:00:00,-999.0
2025-05-14 16:00:00,-999.0
2025-05-14 17:00:00,-999.0
2025-05-14 18:00:00,-999.0
2025-05-14 19:00:00,-999.0
2025-05-14 20:00:00,-999.0
2025-05-14 21:00:00,-999.0
2025-05-14 22:00:00,-999.0
2025-05-14 23:00:00,-999.0
2025-05-15 00:00:00,-999.0
2025-05-15 01:00:00,-999.0
2025-05-15 02:00:00,-999.0
2025-05-15 03:00:00,-999.0
2025-05-15 04:00:00,-999.0
2025-05-15 05:00:00,-999.0
2025-05-15 06:00:00,-999.0
2025-05-15 07:00:00,-999.0
2025-05-15 08:00:00,-999.0
2025-05-15 09:00:00,-999.0
2025-05-15 10:00:00,-999.0
2025-05-15 11:00:00,-999.0
2025-05-15 12:00:00,-999.0
2025-05-15 13:00:00,-999.0
2025-05-15 14:00:00,-999.0
2025-05-15 15:00:00,-999.0
2025-05-15 16:00:00,-999.0
2025-05-15 17:00:00,-999.0
2025-05-15 18:00:00,-999.0
2025-05-15 19:00:00,-999.0
2025-05-15 20:00:00,-999.0
2025-05-15 21:00:00,-999.0
2025-05-15 22:00:00,-999.0
2025-05-15 23:00:00,-999.0
2025-05-16 00:00:00,-999.0
2025-05-16 01:00:00,-999.0
2025-05-16 02:00:00,-999.0
2025-05-16 03:00:00,-999.0
2025-05-16 04:00:00,-999.0
2025-05-16 05:00:00,-999.0
2025-05-16 06:00:00,-999.0
2025-05-16 07:00:00,-999.0
2025-05-16 08:00:00,-999.0
2025-05-16 09:00:00,-999.0
2025-05-16 10:00:00,-999.0
2025-05-16 11:00:00,-999.0
2025-05-16 12:00:00,-999.0
2025-05-16 13:00:00,-999.0
2025-05-16 14:00:00,-999.0
2025-05-16 15:00:00,-999.0
2025-05-16 16:00:00,-999.0
2025-05-16 17:00:00,-999.0
2025-05-16 18:00:00,-999.0
2025-05-16 19:00:00,-999.0
2025-05-16 20:00:00,-999.0
2025-05-16 21:00:00,-999.0
2025-05-16 22:00:00,-999.0
2025-05-16 23:00:00,-999.0
2025-05-17 00:00:00,-999.0
2025-05-17 01:00:00,-999.0
2025-05-17 02:00:00,-999.0
2025-05-17 03:00:00,-999.0
2025-05-17 04:00:00,-999.0
2025-05-17 05:00:00,-999.0
2025-05-17 06:00:00,-999.0
2025-05-17 07:00:00,-999.0
2025-05-17 08:00:00,-999.0
2025-05-17 09:00:00,-999.0
2025-05-17 10:00:00,-999.0
2025-05-17 11:00:00,-999.0
2025-05-17 12:00:00,-999.0
2025-05-17 13:00:00,-999.0
2025-05-17 14:00:00,-999.0
2025-05-17 15:00:00,-999.0
2025-05-17 16:00:00,-999.0
2025-05-17 17:00:00,-999.0
2025-05-17 18:00:00,-999.0
2025-05-17 19:00:00,-999.0
2025-05-17 20:00:00,-999.0
2025-05-17 21:00:00,-999.0
2025-05-17 22:00:00,-999.0
2025-05-17 23:00:00,-999.0
2025-05-18 00:00:00,-999.0
2025-05-18 01:00:00,-999.0
2025-05-18 02:00:00,-999.0
2025-05-18 03:00:00,-999.0
2025-05-18 04:00:00,-999.0
2025-05-18 05:00:00,-999.0
2025-05-18 06:00:00,-999.0
2025-05-18 07:00:00,-999.0
2025-05-18 08:00:00,-999.0
2025-05-18 09:00:00,-999.0
2025-05-18 10:00:00,-999.0
2025-05-18 11:00:00,-999.0
2025-05-18 12:00:00,-999.0
2025-05-18 13:00:00,-999.0
2025-05-18 14:00:00,-999.0
2025-05-18 15:00:00,-999.0
2025-05-18 16:00:00,-999.0
2025-05-18 17:00:00,-999.0
2025-05-18 18:00:00,-999.0
2025-05-18 19:00:00,-999.0
2025-05-18 20:00:00,-999.0
2025-05-18 21:00:00,-999.0
2025-05-18 22:00:00,-999.0
2025-05-18 23:00:00,-999.0
2025-05-19 00:00:00,-999.0
2025-05-19 01:00:00,-999.0
2025-05-19 02:00:00,-999.0
2025-05-19 03:00:00,-999.0
2025-05-19 04:00:00,-999.0
2025-05-19 05:00:00,-999.0
2025-05-19 06:00:00,-999.0
2025-05-19 07:00:00,-999.0
2025-05-19 08:00:00,-999.0
2025-05-19 09:00:00,-999.0
2025-05-19 10:00:00,-999.0
2025-05-19 11:00:00,-999.0
2025-05-19 12:00:00,-999.0
2025-05-19 13:00:00,-999.0
2025-05-19 14:00:00,-999.0
2025-05-19 15:00:00,-999.0
2025-05-19 16:00:00,-999.0
2025-05-19 17:00:00,-999.0
2025-05-19 18:00:00,-999.0
2025-05-19 19:00:00,-999.0
2025-05-19 20:00:00,-999.0
2025-05-19 21:00:00,-999.0
2025-05-19 22:00:00,-999.0
2025-05-19 23:00:00,-999.0
2025-05-20 00:00:00,-999.0
2025-05-20 01:00:00,-999.0
2025-05-20 02:00:00,-999.0
2025-05-20 03:00:00,-999.0
2025-05-20 04:00:00,-999.0
2025-05-20 05:00:00,-999.0
2025-05-20 06:00:00,-999.0
2025-05-20 07:00:00,-999.0
2025-05-20 08:00:00,-999.0
2025-05-20 09:00:00,-999.0
2025-05-20 10:00:00,-999.0
2025-05-20 11:00:00,-999.0
2025-05-20 12:00:00,-999.0
2025-05-20 13:00:00,-999.0
2025-05-20 14:00:00,-999.0
2025-05-20 15:00:00,-999.0
2025-05-20 16:00:00,-999.0
2025-05-20 17:00:00,-999.0
2025-05-20 18:00:00,-999.0
2025-05-20 19:00:00,-999.0
2025-05-20 20:00:00,-999.0
2025-05-20 21:00:00,-999.0
2025-05-20 22:00:00,-999.0
2025-05-20 23:00:00,-999.0
2025-05-21 00:00:00,-999.0
2025-05-21 01:00:00,-999.0
2025-05-21 02:00:00,-999.0
2025-05-21 03:00:00,-999.0
2025-05-21 04:00:00,-999.0
2025-05-21 05:00:00,-999.0
2025-05-21 06:00:00,-999.0
2025-05-21 07:00:00,-999.0
2025-05-21 08:00:00,-999.0
2025-05-21 09:00:00,-999.0
2025-05-21 10:00:00,-999.0
2025-05-21 11:00:00,-999.0
2025-05-21 12:00:00,-999.0
2025-05-21 13:00:00,-999.0
2025-05-21 14:00:00,-999.0
2025-05-21 15:00:00,-999.0
2025-05-21 16:00:00,-999.0
2025-05-21 17:00:00,-999.0
2025-05-21 18:00:00,-999.0
2025-05-21 19:00:00,-999.0
2025-05-21 20:00:00,-999.0
2025-05-21 21:00:00,-999.0
2025-05-21 22:00:00,-999.0
2025-05-21 23:00:00,-999.0
2025-05-22 00:00:00,-999.0
2025-05-22 01:00:00,-999.0
2025-05-22 02:00:00,-999.0
2025-05-22 03:00:00,-999.0
2025-05-22 04:00:00,-999.0
2025-05-22 05:00:00,-999.0
2025-05-22 06:00:00,-999.0
2025-05-22 07:00:00,-999.0
2025-05-22 08:00:00,-999.0
2025-05-22 09:00:00,-999.0
2025-05-22 10:00:00,-999.0
2025-05-22 11:00:00,-999.0
2025-05-22 12:00:00,-999.0
2025-05-22 13:00:00,-999.0
2025-05-22 14:00:00,-999.0
2025-05-22 15:00:00,-999.0
2025-05-22 16:00:00,-999.0
2025-05-22 17:00:00,-999.0
2025-05-22 18:00:00,-999.0
2025-05-22 19:00:00,-999.0
2025-05-22 20:00:00,-999.0
2025-05-22 21:00:00,-999.0
2025-05-22 22:00:00,-999.0
2025-05-22 23:00:00,-999.0
2025-05-23 00:00:00,-999.0
2025-05-23 01:00:00,-999.0
2025-05-23 02:00:00,-999.0
2025-05-23 03:00:00,-999.0
2025-05-23 04:00:00,-999.0
2025-05-23 05:00:00,-999.0
2025-05-23 06:00:00,-999.0
2025-05-23 07:00:00,-999.0
2025-05-23 08:00:00,-999.0
2025-05-23 09:00:00,-999.0
2025-05-23 10:00:00,-999.0
2025-05-23 11:00:00,-999.0
2025-05-23 12:00:00,-999.0
2025-05-23 13:00:00,-999.0
2025-05-23 14:00:00,-999.0
2025-05-23 15:00:00,-999.0
2025-05-23 16:00:00,-999.0
2025-05-23 17:00:00,-999.0
2025-05-23 18:00:00,-999.0
2025-05-23 19:00:00,-999.0
2025-05-23 20:00:00,-999.0
2025-05-23 21:00:00,-999.0
2025-05-23 22:00:00,-999.0
2025-05-23 23:00:00,-999.0
2025-05-24 00:00:00,-999.0
2025-05-24 01:00:00,-999.0
2025-05-24 02:00:00,-999.0
2025-05-24 03:00:00,-999.0
2025-05-24 04:00:00,-999.0
2025-05-24 05:00:00,-999.0
2025-05-24 06:00:00,-999.0
2025-05-24 07:00:00,-999.0
2025-05-24 08:00:00,-999.0
2025-05-24 09:00:00,-999.0
2025-05-24 10:00:00,-999.0
2025-05-24 11:00:00,-999.0
2025-05-24 12:00:00,-999.0
2025-05-24 13:00:00,-999.0
2025-05-24 14:00:00,-999.0
2025-05-24 15:00:00,-999.0
2025-05-24 16:00:00,-999.0
2025-05-24 17:00:00,-999.0
2025-05-24 18:00:00,-999.0
2025-05-24 19:00:00,-999.0
2025-05-24 20:00:00,-999.0
2025-05-24 21:00:00,-999.0
2025-05-24 22:00:00,-999.0
2025-05-24 23:00:00,-999.0
2025-05-25 00:00:00,-999.0
2025-05-25 01:00:00,-999.0
2025-05-25 02:00:00,-999.0
2025-05-25 03:00:00,-999.0
2025-05-25 04:00:00,-999.0
2025-05-25 05:00:00,-999.0
2025-05-25 06:00:00,-999.0
2025-05-25 07:00:00,-999.0
2025-05-25 08:00:00,-999.0
2025-05-25 09:00:00,-999.0
2025-05-25 10:00:00,-999.0
2025-05-25 11:00:00,-999.0
2025-05-25 12:00:00,-999.0
2025-05-25 13:00:00,-999.0
2025-05-25 14:00:00,-999.0
2025-05-25 15:00:00,-999.0
2025-05-25 16:00:00,-999.0
2025-05-25 17:00:00,-999.0
2025-05-25 18:00:00,-999.0
2025-05-25 19:00:00,-999.0
2025-05-25 20:00:00,-999.0
2025-05-25 21:00:00,-999.0
2025-05-25 22:00:00,-999.0
2025-05-25 23:00:00,-999.0
2025-05-26 00:00:00,-999.0
2025-05-26 01:00:00,-999.0
2025-05-26 02:00:00,-999.0
2025-05-26 03:00:00,-999.0
2025-05-26 04:00:00,-999.0
2025-05-26 05:00:00,-999.0
2025-05-26 06:00:00,-999.0
2025-05-26 07:00:00,-999.0
2025-05-26 08:00:00,-999.0
2025-05-26 09:00:00,-999.0
2025-05-26 10:00:00,-999.0
2025-05-26 11:00:00,-999.0
2025-05-26 12:00:00,-999.0
2025-05-26 13:00:00,-999.0
2025-05-26 14:00:00,-999.0
2025-05-26 15:00:00,-999.0
2025-05-26 16:00:00,-999.0
2025-05-26 17:00:00,-999.0
2025-05-26 18:00:00,-999.0
2025-05-26 19:00:00,-999.0
2025-05-26 20:00:00,-999.0
2025-05-26 21:00:00,-999.0
2025-05-26 22:00:00,-999.0
2025-05-26 23:00:00,-999.0
2025-05-27 00:00:00,-999.0
2025-05-27 01:00:00,-999.0
2025-05-27 02:00:00,-999.0
2025-05-27 03:00:00,-999.0
2025-05-27 04:00:00,-999.0
2025-05-27 05:00:00,-999.0
2025-05-27 06:00:00,-999.0
2025-05-27 07:00:00,-999.0
2025-05-27 08:00:00,-999.0
2025-05-27 09:00:00,-999.0
2025-05-27 10:00:00,-999.0
2025-05-27 11:00:00,-999.0
2025-05-27 12:00:00,-999.0
2025-05-27 13:00:00,-999.0
2025-05-27 14:00:00,-999.0
2025-05-27 15:00:00,-999.0
2025-05-27 16:00:00,-999.0
2025-05-27 17:00:00,-999.0
2025-05-27 18:00:00,-999.0
2025-05-27 19:00:00,-999.0
2025-05-27 20:00:00,-999.0
2025-05-27 21:00:00,-999.0
2025-05-27 22:00:00,-999.0
2025-05-27 23:00:00,-999.0
2025-05-28 00:00:00,-999.0
2025-05-28 01:00:00,-999.0
2025-05-28 02:00:00,-999.0
2025-05-28 03:00:00,-999.0
2025-05-28 04:00:00,-999.0
2025-05-28 05:00:00,-999.0
2025-05-28 06:00:00,-999.0
2025-05-28 07:00:00,-999.0
2025-05-28 08:00:00,-999.0
2025-05-28 09:00:00,-999.0
2025-05-28 10:00:00,-999.0
2025-05-28 11:00:00,-999.0
2025-05-28 12:00:00,-999.0
2025-05-28 13:00:00,-999.0
2025-05-28 14:00:00,-999.0
2025-05-28 15:00:00,-999.0
2025-05-28 16:00:00,-999.0
2025-05-28 17:00:00,-999.0
2025-05-28 18:00:00,-999.0
2025-05-28 19:00:00,-999.0
2025-05-28 20:00:00,-999.0
2025-05-28 21:00:00,-999.0
2025-05-28 22:00:00,-999.0
2025-05-28 23:00:00,-999.0
2025-05-29 00:00:00,-999.0
2025-05-29 01:00:00,-999.0
2025-05-29 02:00:00,-999.0
2025-05-29 03:00:00,-999.0
2025-05-29 04:00:00,-999.0
2025-05-29 05:00:00,-999.0
2025-05-29 06:00:00,-999.0
2025-05-29 07:00:00,-999.0
2025-05-29 08:00:00,-999.0
2025-05-29 09:00:00,-999.0
2025-05-29 10:00:00,-999.0
2025-05-29 11:00:00,-999.0
2025-05-29 12:00:00,-999.0
2025-05-29 13:00:00,-999.0
2025-05-29 14:00:00,-999.0
2025-05-29 15:00:00,-999.0
2025-05-29 16:00:00,-999.0
2025-05-29 17:00:00,-999.0
2025-05-29 18:00:00,-999.0
2025-05-29 19:00:00,-999.0
2025-05-29 20:00:00,-999.0
2025-05-29 21:00:00,-999.0
2025-05-29 22:00:00,-999.0
2025-05-29 23:00:00,-999.0
2025-05-30 00:00:00,-999.0
2025-05-30 01:00:00,-999.0
2025-05-30 02:00:00,-999.0
2025-05-30 03:00:00,-999.0
2025-05-30 04:00:00,-999.0
2025-05-30 05:00:00,-999.0
2025-05-30 06:00:00,-999.0
2025-05-30 07:00:00,-999.0
2025-05-30 08:00:00,-999.0
2025-05-30 09:00:00,-999.0
2025-05-30 10:00:00,-999.0
2025-05-30 11:00:00,-999.0
2025-05-30 12:00:00,-999.0
2025-05-30 13:00:00,-999.0
2025-05-30 14:00:00,-999.0
2025-05-30 15:00:00,-999.0
2025-05-30 16:00:00,-999.0
2025-05-30 17:00:00,-999.0
2025-05-30 18:00:00,-999.0
2025-05-30 19:00:00,-999.0
2025-05-30 20:00:00,-999.0
2025-05-30 21:00:00,-999.0
2025-05-30 22:00:00,-999.0
2025-05-30 23:00:00,-999.0
2025-05-31 00:00:00,-999.0
2025-05-31 01:00:00,-999.0
2025-05-31 02:00:00,-999.0
2025-05-31 03:00:00,-999.0
2025-05-31 04:00:00,-999.0
2025-05-31 05:00:00,-999.0
2025-05-31 06:00:00,-999.0
2025-05-31 07:00:00,-999.0
2025-05-31 08:00:00,-999.0
2025-05-31 09:00:00,-999.0
2025-05-31 10:00:00,-999.0
2025-05-31 11:00:00,-999.0
2025-05-31 12:00:00,-999.0
2025-05-31 13:00:00,-999.0
2025-05-31 14:00:00,-999.0
2025-05-31 15:00:00,-999.0
2025-05-31 16:00:00,-999.0
2025-05-31 17:00:00,-999.0
2025-05-31 18:00:00,-999.0
2025-05-31 19:00:00,-999.0
2025-05-31 20:00:00,-999.0
2025-05-31 21:00:00,-999.0
2025-05-31 22:00:00,-999.0
2025-05-31 23:00:00,-999.0
2025-06-01 00:00:00,-999.0
2025-06-01 01:00:00,-999.0
2025-06-01 02:00:00,-999.0
2025-06-01 03:00:00,-999.0
2025-06-01 04:00:00,-999.0
2025-06-01 05:00:00,-999.0
2025-06-01 06:00:00,-999.0
2025-06-01 07:00:00,-999.0
2025-06-01 08:00:00,-999.0
2025-06-01 09:00:00,-999.0
2025-06-01 10:00:00,-999.0
2025-06-01 11:00:00,-999.0
2025-06-01 12:00:00,-999.0
2025-06-01 13:00:00,-999.0
2025-06-01 14:00:00,-999.0
2025-06-01 15:00:00,-999.0
2025-06-01 16:00:00,-999.0
2025-06-01 17:00:00,-999.0
2025-06-01 18:00:00,-999.0
2025-06-01 19:00:00,-999.0
2025-06-01 20:00:00,-999.0
2025-06-01 21:00:00,-999.0
2025-06-01 22:00:00,-999.0
2025-06-01 23:00:00,-999.0
2025-06-02 00:00:00,-999.0
2025-06-02 01:00:00,-999.0
2025-06-02 02:00:00,-999.0
2025-06-02 03:00:00,-999.0
2025-06-02 04:00:00,-999.0
2025-06-02 05:00:00,-999.0
2025-06-02 06:00:00,-999.0
2025-06-02 07:00:00,-999.0
2025-06-02 08:00:00,-999.0
2025-06-02 09:00:00,-999.0
2025-06-02 10:00:00,-999.0
2025-06-02 11:00:00,-999.0
2025-06-02 12:00:00,-999.0
2025-06-02 13:00:00,-999.0
2025-06-02 14:00:00,-999.0
2025-06-02 15:00:00,-999.0
2025-06-02 16:00:00,-999.0
2025-06-02 17:00:00,-999.0
2025-06-02 18:00:00,-999.0
2025-06-02 19:00:00,-999.0
2025-06-02 20:00:00,-999.0
2025-06-02 21:00:00,-999.0
2025-06-02 22:00:00,-999.0
2025-06-02 23:00:00,-999.0
2025-06-03 00:00:00,-999.0
2025-06-03 01:00:00,-999.0
2025-06-03 02:00:00,-999.0
2025-06-03 03:00:00,-999.0
2025-06-03 04:00:00,-999.0
2025-06-03 05:00:00,-999.0
2025-06-03 06:00:00,-999.0
2025-06-03 07:00:00,-999.0
2025-06-03 08:00:00,-999.0
2025-06-03 09:00:00,-999.0
2025-06-03 10:00:00,-999.0
2025-06-03 11:00:00,-999.0
2025-06-03 12:00:00,-999.0
2025-06-03 13:00:00,-999.0
2025-06-03 14:00:00,-999.0
2025-06-03 15:00:00,-999.0
2025-06-03 16:00:00,-999.0
2025-06-03 17:00:00,-999.0
2025-06-03 18:00:00,-999.0
2025-06-03 19:00:00,-999.0
2025-06-03 20:00:00,-999.0
2025-06-03 21:00:00,-999.0
2025-06-03 22:00:00,-999.0
2025-06-03 23:00:00,-999.0
2025-06-04 00:00:00,-999.0
2025-06-04 01:00:00,-999.0
2025-06-04 02:00:00,-999.0
2025-06-04 03:00:00,-999.0
2025-06-04 04:00:00,-999.0
2025-06-04 05:00:00,-999.0
2025-06-04 06:00:00,-999.0
2025-06-04 07:00:00,-999.0
2025-06-04 08:00:00,-999.0
2025-06-04 09:00:00,-999.0
2025-06-04 10:00:00,-999.0
2025-06-04 11:00:00,-999.0
2025-06-04 12:00:00,-999.0
2025-06-04 13:00:00,-999.0
2025-06-04 14:00:00,-999.0
2025-06-04 15:00:00,-999.0
2025-06-04 16:00:00,-999.0
2025-06-04 17:00:00,-999.0
2025-06-04 18:00:00,-999.0
2025-06-04 19:00:00,-999.0
2025-06-04 20:00:00,-999.0
2025-06-04 21:00:00,-999.0
2025-06-04 22:00:00,-999.0
2025-06-04 23:00:00,-999.0
2025-06-05 00:00:00,-999.0
2025-06-05 01:00:00,-999.0
2025-06-05 02:00:00,-999.0
2025-06-05 03:00:00,-999.0
2025-06-05 04:00:00,-999.0
2025-06-05 05:00:00,-999.0
2025-06-05 06:00:00,-999.0
2025-06-05 07:00:00,-999.0
2025-06-05 08:00:00,-999.0
2025-06-05 09:00:00,-999.0
2025-06-05 10:00:00,-999.0
2025-06-05 11:00:00,-999.0
2025-06-05 12:00:00,-999.0
2025-06-05 13:00:00,-999.0
2025-06-05 14:00:00,-999.0
2025-06-05 15:00:00,-999.0
2025-06-05 16:00:00,-999.0
2025-06-05 17:00:00,-999.0
2025-06-05 18:00:00,-999.0
2025-06-05 19:00:00,-999.0
2025-06-05 20:00:00,-999.0
2025-06-05 21:00:00,-999.0
2025-06-05 22:00:00,-999.0
2025-06-05 23:00:00,-999.0
2025-06-06 00:00:00,-999.0
2025-06-06 01:00:00,-999.0
2025-06-06 02:00:00,-999.0
2025-06-06 03:00:00,-999.0
2025-06-06 04:00:00,-999.0
2025-06-06 05:00:00,-999.0
2025-06-06 06:00:00,-999.0
2025-06-06 07:00:00,-999.0
2025-06-06 08:00:00,-999.0
2025-06-06 09:00:00,-999.0
2025-06-06 10:00:00,-999.0
2025-06-06 11:00:00,-999.0
2025-06-06 12:00:00,-999.0
2025-06-06 13:00:00,-999.0
2025-06-06 14:00:00,-999.0
2025-06-06 15:00:00,-999.0
2025-06-06 16:00:00,-999.0
2025-06-06 17:00:00,-999.0
2025-06-06 18:00:00,-999.0
2025-06-06 19:00:00,-999.0
2025-06-06 20:00:00,-999.0
2025-06-06 21:00:00,-999.0
2025-06-06 22:00:00,-999.0
2025-06-06 23:00:00,-999.0
2025-06-07 00:00:00,-999.0
2025-06-07 01:00:00,-999.0
2025-06-07 02:00:00,-999.0
2025-06-07 03:00:00,-999.0
2025-06-07 04:00:00,-999.0
2025-06-07 05:00:00,-999.0
2025-06-07 06:00:00,-999.0
2025-06-07 07:00:00,-999.0
2025-06-07 08:00:00,-999.0
2025-06-07 09:00:00,-999.0
2025-06-07 10:00:00,-999.0
2025-06-07 11:00:00,-999.0
2025-06-07 12:00:00,-999.0
2025-06-07 13:00:00,-999.0
2025-06-07 14:00:00,-999.0
2025-06-07 15:00:00,-999.0
2025-06-07 16:00:00,-999.0
2025-06-07 17:00:00,-999.0
2025-06-07 18:00:00,-999.0
2025-06-07 19:00:00,-999.0
2025-06-07 20:00:00,-999.0
2025-06-07 21:00:00,-999.0
2025-06-07 22:00:00,-999.0
2025-06-07 23:00:00,-999.0
2025-06-08 00:00:00,-999.0
2025-06-08 01:00:00,-999.0
2025-06-08 02:00:00,-999.0
2025-06-08 03:00:00,-999.0
2025-06-08 04:00:00,-999.0
2025-06-08 05:00:00,-999.0
2025-06-08 06:00:00,-999.0
2025-06-08 07:00:00,-999.0
2025-06-08 08:00:00,-999.0
2025-06-08 09:00:00,-999.0
2025-06-08 10:00:00,-999.0
2025-06-08 11:00:00,-999.0
2025-06-08 12:00:00,-999.0
2025-06-08 13:00:00,-999.0
2025-06-08 14:00:00,-999.0
2025-06-08 15:00:00,-999.0
2025-06-08 16:00:00,-999.0
2025-06-08 17:00:00,-999.0
2025-06-08 18:00:00,-999.0
2025-06-08 19:00:00,-999.0
2025-06-08 20:00:00,-999.0
2025-06-08 21:00:00,-999.0
2025-06-08 22:00:00,-999.0
2025-06-08 23:00:00,-999.0
2025-06-09 00:00:00,-999.0
2025-06-09 01:00:00,-999.0
2025-06-09 02:00:00,-999.0
2025-06-09 03:00:00,-999.0
2025-06-09 04:00:00,-999.0
2025-06-09 05:00:00,-999.0
2025-06-09 06:00:00,-999.0
2025-06-09 07:00:00,-999.0
2025-06-09 08:00:00,-999.0
2025-06-09 09:00:00,-999.0
2025-06-09 10:00:00,-999.0
2025-06-09 11:00:00,-999.0
2025-06-09 12:00:00,-999.0
2025-06-09 13:00:00,-999.0
2025-06-09 14:00:00,-999.0
2025-06-09 15:00:00,-999.0
2025-06-09 16:00:00,-999.0
2025-06-09 17:00:00,-999.0
2025-06-09 18:00:00,-999.0
2025-06-09 19:00:00,-999.0
2025-06-09 20:00:00,-999.0
2025-06-09 21:00:00,-999.0
2025-06-09 22:00:00,-999.0
2025-06-09 23:00:00,-999.0
2025-06-10 00:00:00,-999.0
2025-06-10 01:00:00,-999.0
2025-06-10 02:00:00,-999.0
2025-06-10 03:00:00,-999.0
2025-06-10 04:00:00,-999.0
2025-06-10 05:00:00,-999.0
2025-06-10 06:00:00,-999.0
2025-06-10 07:00:00,-999.0
2025-06-10 08:00:00,-999.0
2025-06-10 09:00:00,-999.0
2025-06-10 10:00:00,-999.0
2025-06-10 11:00:00,-999.0
2025-06-10 12:00:00,-999.0
2025-06-10 13:00:00,-999.0
2025-06-10 14:00:00,-999.0
2025-06-10 15:00:00,-999.0
2025-06-10 16:00:00,-999.0
2025-06-10 17:00:00,-999.0
2025-06-10 18:00:00,-999.0
2025-06-10 19:00:00,-999.0
2025-06-10 20:00:00,-999.0
2025-06-10 21:00:00,-999.0
2025-06-10 22:00:00,-999.0
2025-06-10 23:00:00,-999.0
2025-06-11 00:00:00,-999.0
2025-06-11 01:00:00,-999.0
2025-06-11 02:00:00,-999.0
2025-06-11 03:00:00,-999.0
2025-06-11 04:00:00,-999.0
2025-06-11 05:00:00,-999.0
2025-06-11 06:00:00,-999.0
2025-06-11 07:00:00,-999.0
2025-06-11 08:00:00,-999.0
2025-06-11 09:00:00,-999.0
2025-06-11 10:00:00,-999.0
2025-06-11 11:00:00,-999.0
2025-06-11 12:00:00,-999.0
2025-06-11 13:00:00,-999.0
2025-06-11 14:00:00,-999.0
2025-06-11 15:00:00,-999.0
2025-06-11 16:00:00,-999.0
2025-06-11 17:00:00,-999.0
2025-06-11 18:00:00,-999.0
2025-06-11 19:00:00,-999.0
2025-06-11 20:00:00,-999.0
2025-06-11 21:00:00,-999.0
2025-06-11 22:00:00,-999.0
2025-06-11 23:00:00,-999.0
2025-06-12 00:00:00,-999.0
2025-06-12 01:00:00,-999.0
2025-06-12 02:00:00,-999.0
2025-06-12 03:00:00,-999.0
2025-06-12 04:00:00,-999.0
2025-06-12 05:00:00,-999.0
2025-06-12 06:00:00,-999.0
2025-06-12 07:00:00,-999.0
2025-06-12 08:00:00,-999.0
2025-06-12 09:00:00,-999.0
2025-06-12 10:00:00,-999.0
2025-06-12 11:00:00,-999.0
2025-06-12 12:00:00,-999.0
2025-06-12 13:00:00,-999.0
2025-06-12 14:00:00,-999.0
2025-06-12 15:00:00,-999.0
2025-06-12 16:00:00,-999.0
2025-06-12 17:00:00,-999.0
2025-06-12 18:00:00,-999.0
2025-06-12 19:00:00,-999.0
2025-06-12 20:00:00,-999.0
2025-06-12 21:00:00,-999.0
2025-06-12 22:00:00,-999.0
2025-06-12 23:00:00,-999.0
2025-06-13 00:00:00,-999.0
2025-06-13 01:00:00,-999.0
2025-06-13 02:00:00,-999.0
2025-06-13 03:00:00,-999.0
2025-06-13 04:00:00,-999.0
2025-06-13 05:00:00,-999.0
2025-06-13 06:00:00,-999.0
2025-06-13 07:00:00,-999.0
2025-06-13 08:00:00,-999.0
2025-06-13 09:00:00,-999.0
2025-06-13 10:00:00,-999.0
2025-06-13 11:00:00,-999.0
2025-06-13 12:00:00,-999.0
2025-06-13 13:00:00,-999.0
2025-06-13 14:00:00,-999.0
2025-06-13 15:00:00,-999.0
2025-06-13 16:00:00,-999.0
2025-06-13 17:00:00,-999.0
2025-06-13 18:00:00,-999.0
2025-06-13 19:00:00,-999.0
2025-06-13 20:00:00,-999.0
2025-06-13 21:00:00,-999.0
2025-06-13 22:00:00,-999.0
2025-06-13 23:00:00,-999.0
2025-06-14 00:00:00,-999.0
2025-06-14 01:00:00,-999.0
2025-06-14 02:00:00,-999.0
2025-06-14 03:00:00,-999.0
2025-06-14 04:00:00,-999.0
2025-06-14 05:00:00,-999.0
2025-06-14 06:00:00,-999.0
2025-06-14 07:00:00,-999.0
2025-06-14 08:00:00,-999.0
2025-06-14 09:00:00,-999.0
2025-06-14 10:00:00,-999.0
2025-06-14 11:00:00,-999.0
2025-06-14 12:00:00,-999.0
2025-06-14 13:00:00,-999.0
2025-06-14 14:00:00,-999.0
2025-06-14 15:00:00,-999.0
2025-06-14 16:00:00,-999.0
2025-06-14 17:00:00,-999.0
2025-06-14 18:00:00,-999.0
2025-06-14 19:00:00,-999.0
2025-06-14 20:00:00,-999.0
2025-06-14 21:00:00,-999.0
2025-06-14 22:00:00,-999.0
2025-06-14 23:00:00,-999.0
2025-06-15 00:00:00,-999.0
2025-06-15 01:00:00,-999.0
2025-06-15 02:00:00,-999.0
2025-06-15 03:00:00,-999.0
2025-06-15 04:00:00,-999.0
2025-06-15 05:00:00,-999.0
2025-06-15 06:00:00,-999.0
2025-06-15 07:00:00,-999.0
2025-06-15 08:00:00,-999.0
2025-06-15 09:00:00,-999.0
2025-06-15 10:00:00,-999.0
2025-06-15 11:00:00,-999.0
2025-06-15 12:00:00,-999.0
2025-06-15 13:00:00,-999.0
2025-06-15 14:00:00,-999.0
2025-06-15 15:00:00,-999.0
2025-06-15 16:00:00,-999.0
2025-06-15 17:00:00,-999.0
2025-06-15 18:00:00,-999.0
2025-06-15 19:00:00,-999.0
2025-06-15 20:00:00,-999.0
2025-06-15 21:00:00,-999.0
2025-06-15 22:00:00,-999.0
2025-06-15 23:00:00,-999.0
2025-06-16 00:00:00,-999.0
2025-06-16 01:00:00,-999.0
2025-06-16 02:00:00,-999.0
2025-06-16 03:00:00,-999.0
2025-06-16 04:00:00,-999.0
2025-06-16 05:00:00,-999.0
2025-06-16 06:00:00,-999.0
2025-06-16 07:00:00,-999.0
2025-06-16 08:00:00,-999.0
2025-06-16 09:00:00,-999.0
2025-06-16 10:00:00,-999.0
2025-06-16 11:00:00,-999.0
2025-06-16 12:00:00,-999.0
2025-06-16 13:00:00,-999.0
2025-06-16 14:00:00,-999.0
2025-06-16 15:00:00,-999.0
2025-06-16 16:00:00,-999.0
2025-06-16 17:00:00,-999.0
2025-06-16 18:00:00,-999.0
2025-06-16 19:00:00,-999.0
2025-06-16 20:00:00,-999.0
2025-06-16 21:00:00,-999.0
2025-06-16 22:00:00,-999.0
2025-06-16 23:00:00,-999.0
2025-06-17 00:00:00,-999.0
2025-06-17 01:00:00,-999.0
2025-06-17 02:00:00,-999.0
2025-06-17 03:00:00,-999.0
2025-06-17 04:00:00,-999.0
2025-06-17 05:00:00,-999.0
2025-06-17 06:00:00,-999.0
2025-06-17 07:00:00,-999.0
2025-06-17 08:00:00,-999.0
2025-06-17 09:00:00,-999.0
2025-06-17 10:00:00,-999.0
2025-06-17 11:00:00,-999.0
2025-06-17 12:00:00,-999.0
2025-06-17 13:00:00,-999.0
2025-06-17 14:00:00,-999.0
2025-06-17 15:00:00,-999.0
2025-06-17 16:00:00,-999.0
2025-06-17 17:00:00,-999.0
2025-06-17 18:00:00,-999.0
2025-06-17 19:00:00,-999.0
2025-06-17 20:00:00,-999.0
2025-06-17 21:00:00,-999.0
2025-06-17 22:00:00,-999.0
2025-06-17 23:00:00,-999.0
2025-06-18 00:00:00,-999.0
2025-06-18 01:00:00,-999.0
2025-06-18 02:00:00,-999.0
2025-06-18 03:00:00,-999.0
2025-06-18 04:00:00,-999.0
2025-06-18 05:00:00,-999.0
2025-06-18 06:00:00,-999.0
2025-06-18 07:00:00,-999.0
2025-06-18 08:00:00,-999.0
2025-06-18 09:00:00,-999.0
2025-06-18 10:00:00,-999.0
2025-06-18 11:00:00,-999.0
2025-06-18 12:00:00,-999.0
2025-06-18 13:00:00,-999.0
2025-06-18 14:00:00,-999.0
2025-06-18 15:00:00,-999.0
2025-06-18 16:00:00,-999.0
2025-06-18 17:00:00,-999.0
2025-06-18 18:00:00,-999.0
2025-06-18 19:00:00,-999.0
2025-06-18 20:00:00,-999.0
2025-06-18 21:00:00,-999.0
2025-06-18 22:00:00,-999.0
2025-06-18 23:00:00,-999.0
2025-06-19 00:00:00,-999.0
2025-06-19 01:00:00,-999.0
2025-06-19 02:00:00,-999.0
2025-06-19 03:00:00,-999.0
2025-06-19 04:00:00,-999.0
2025-06-19 05:00:00,-999.0
2025-06-19 06:00:00,-999.0
2025-06-19 07:00:00,-999.0
2025-06-19 08:00:00,-999.0
2025-06-19 09:00:00,-999.0
2025-06-19 10:00:00,-999.0
2025-06-19 11:00:00,-999.0
2025-06-19 12:00:00,-999.0
2025-06-19 13:00:00,-999.0
2025-06-19 14:00:00,-999.0
2025-06-19 15:00:00,-999.0
2025-06-19 16:00:00,-999.0
2025-06-19 17:00:00,-999.0
2025-06-19 18:00:00,-999.0
2025-06-19 19:00:00,-999.0
2025-06-19 20:00:00,-999.0
2025-06-19 21:00:00,-999.0
2025-06-19 22:00:00,-999.0
2025-06-19 23:00:00,-999.0
2025-06-20 00:00:00,-999.0
2025-06-20 01:00:00,-999.0
2025-06-20 02:00:00,-999.0
2025-06-20 03:00:00,-999.0
2025-06-20 04:00:00,-999.0
2025-06-20 05:00:00,-999.0
2025-06-20 06:00:00,-999.0
2025-06-20 07:00:00,-999.0
2025-06-20 08:00:00,-999.0
2025-06-20 09:00:00,-999.0
2025-06-20 10:00:00,-999.0
2025-06-20 11:00:00,-999.0
2025-06-20 12:00:00,-999.0
2025-06-20 13:00:00,-999.0
2025-06-20 14:00:00,-999.0
2025-06-20 15:00:00,-999.0
2025-06-20 16:00:00,-999.0
2025-06-20 17:00:00,-999.0
2025-06-20 18:00:00,-999.0
2025-06-20 19:00:00,-999.0
2025-06-20 20:00:00,-999.0
2025-06-20 21:00:00,-999.0
2025-06-20 22:00:00,-999.0
2025-06-20 23:00:00,-999.0
2025-06-21 00:00:00,-999.0
2025-06-21 01:00:00,-999.0
2025-06-21 02:00:00,-999.0
2025-06-21 03:00:00,-999.0
2025-06-21 04:00:00,-999.0
2025-06-21 05:00:00,-999.0
2025-06-21 06:00:00,-999.0
2025-06-21 07:00:00,-999.0
2025-06-21 08:00:00,-999.0
2025-06-21 09:00:00,-999.0
2025-06-21 10:00:00,-999.0
2025-06-21 11:00:00,-999.0
2025-06-21 12:00:00,-999.0
2025-06-21 13:00:00,-999.0
2025-06-21 14:00:00,-999.0
2025-06-21 15:00:00,-999.0
2025-06-21 16:00:00,-999.0
2025-06-21 17:00:00,-999.0
2025-06-21 18:00:00,-999.0
2025-06-21 19:00:00,-999.0
2025-06-21 20:00:00,-999.0
2025-06-21 21:00:00,-999.0
2025-06-21 22:00:00,-999.0
2025-06-21 23:00:00,-999.0
2025-06-22 00:00:00,-999.0
2025-06-22 01:00:00,-999.0
2025-06-22 02:00:00,-999.0
2025-06-22 03:00:00,-999.0
2025-06-22 04:00:00,-999.0
2025-06-22 05:00:00,-999.0
2025-06-22 06:00:00,-999.0
2025-06-22 07:00:00,-999.0
2025-06-22 08:00:00,-999.0
2025-06-22 09:00:00,-999.0
2025-06-22 10:00:00,-999.0
2025-06-22 11:00:00,-999.0
2025-06-22 12:00:00,-999.0
2025-06-22 13:00:00,-999.0
2025-06-22 14:00:00,-999.0
2025-06-22 15:00:00,-999.0
2025-06-22 16:00:00,-999.0
2025-06-22 17:00:00,-999.0
2025-06-22 18:00:00,-999.0
2025-06-22 19:00:00,-999.0
2025-06-22 20:00:00,-999.0
2025-06-22 21:00:00,-999.0
2025-06-22 22:00:00,-999.0
2025-06-22 23:00:00,-999.0
2025-06-23 00:00:00,-999.0
2025-06-23 01:00:00,-999.0
2025-06-23 02:00:00,-999.0
2025-06-23 03:00:00,-999.0
2025-06-23 04:00:00,-999.0
2025-06-23 05:00:00,-999.0
2025-06-23 06:00:00,-999.0
2025-06-23 07:00:00,-999.0
2025-06-23 08:00:00,-999.0
2025-06-23 09:00:00,-999.0
2025-06-23 10:00:00,-999.0
2025-06-23 11:00:00,-999.0
2025-06-23 12:00:00,-999.0
2025-06-23 13:00:00,-999.0
2025-06-23 14:00:00,-999.0
2025-06-23 15:00:00,-999.0
2025-06-23 16:00:00,-999.0
2025-06-23 17:00:00,-999.0
2025-06-23 18:00:00,-999.0
2025-06-23 19:00:00,-999.0
2025-06-23 20:00:00,-999.0
2025-06-23 21:00:00,-999.0
2025-06-23 22:00:00,-999.0
2025-06-23 23:00:00,-999.0
2025-06-24 00:00:00,-999.0
2025-06-24 01:00:00,-999.0
2025-06-24 02:00:00,-999.0
2025-06-24 03:00:00,-999.0
2025-06-24 04:00:00,-999.0
2025-06-24 05:00:00,-999.0
2025-06-24 06:00:00,-999.0
2025-06-24 07:00:00,-999.0
2025-06-24 08:00:00,-999.0
2025-06-24 09:00:00,-999.0
2025-06-24 10:00:00,-999.0
2025-06-24 11:00:00,-999.0
2025-06-24 12:00:00,-999.0
2025-06-24 13:00:00,-999.0
2025-06-24 14:00:00,-999.0
2025-06-24 15:00:00,-999.0
2025-06-24 16:00:00,-999.0
2025-06-24 17:00:00,-999.0
2025-06-24 18:00:00,-999.0
2025-06-24 19:00:00,-999.0
2025-06-24 20:00:00,-999.0
2025-06-24 21:00:00,-999.0
2025-06-24 22:00:00,-999.0
2025-06-24 23:00:00,-999.0
2025-06-25 00:00:00,-999.0
2025-06-25 01:00:00,-999.0
2025-06-25 02:00:00,-999.0
2025-06-25 03:00:00,-999.0
2025-06-25 04:00:00,-999.0
2025-06-25 05:00:00,-999.0
2025-06-25 06:00:00,-999.0
2025-06-25 07:00:00,-999.0
2025-06-25 08:00:00,-999.0
2025-06-25 09:00:00,-999.0
2025-06-25 10:00:00,-999.0
2025-06-25 11:00:00,-999.0
2025-06-25 12:00:00,-999.0
2025-06-25 13:00:00,-999.0
2025-06-25 14:00:00,-999.0
2025-06-25 15:00:00,-999.0
2025-06-25 16:00:00,-999.0
2025-06-25 17:00:00,-999.0
2025-06-25 18:00:00,-999.0
2025-06-25 19:00:00,-999.0
2025-06-25 20:00:00,-999.0
2025-06-25 21:00:00,-999.0
2025-06-25 22:00:00,-999.0
2025-06-25 23:00:00,-999.0
2025-06-26 00:00:00,-999.0
2025-06-26 01:00:00,-999.0
2025-06-26 02:00:00,-999.0
2025-06-26 03:00:00,-999.0
2025-06-26 04:00:00,-999.0
2025-06-26 05:00:00,-999.0
2025-06-26 06:00:00,-999.0
2025-06-26 07:00:00,-999.0
2025-06-26 08:00:00,-999.0
2025-06-26 09:00:00,-999.0
2025-06-26 10:00:00,-999.0
2025-06-26 11:00:00,-999.0
2025-06-26 12:00:00,-999.0
2025-06-26 13:00:00,-999.0
2025-06-26 14:00:00,-999.0
2025-06-26 15:00:00,-999.0
2025-06-26 16:00:00,-999.0
2025-06-26 17:00:00,-999.0
2025-06-26 18:00:00,-999.0
2025-06-26 19:00:00,-999.0
2025-06-26 20:00:00,-999.0
2025-06-26 21:00:00,-999.0
2025-06-26 22:00:00,-999.0
2025-06-26 23:00:00,-999.0
2025-06-27 00:00:00,-999.0
2025-06-27 01:00:00,-999.0
2025-06-27 02:00:00,-999.0
2025-06-27 03:00:00,-999.0
2025-06-27 04:00:00,-999.0
2025-06-27 05:00:00,-999.0
2025-06-27 06:00:00,-999.0
2025-06-27 07:00:00,-999.0
2025-06-27 08:00:00,-999.0
2025-06-27 09:00:00,-999.0
2025-06-27 10:00:00,-999.0
2025-06-27 11:00:00,-999.0
2025-06-27 12:00:00,-999.0
2025-06-27 13:00:00,-999.0
2025-06-27 14:00:00,-999.0
2025-06-27 15:00:00,-999.0
2025-06-27 16:00:00,-999.0
2025-06-27 17:00:00,-999.0
2025-06-27 18:00:00,-999.0
2025-06-27 19:00:00,-999.0
2025-06-27 20:00:00,-999.0
2025-06-27 21:00:00,-999.0
2025-06-27 22:00:00,-999.0
2025-06-27 23:00:00,-999.0
2025-06-28 00:00:00,-999.0
2025-06-28 01:00:00,-999.0
2025-06-28 02:00:00,-999.0
2025-06-28 03:00:00,-999.0
2025-06-28 04:00:00,-999.0
2025-06-28 05:00:00,-999.0
2025-06-28 06:00:00,-999.0
2025-06-28 07:00:00,-999.0
2025-06-28 08:00:00,-999.0
2025-06-28 09:00:00,-999.0
2025-06-28 10:00:00,-999.0
2025-06-28 11:00:00,-999.0
2025-06-28 12:00:00,-999.0
2025-06-28 13:00:00,-999.0
2025-06-28 14:00:00,-999.0
2025-06-28 15:00:00,-999.0
2025-06-28 16:00:00,-999.0
2025-06-28 17:00:00,-999.0
2025-06-28 18:00:00,-999.0
2025-06-28 19:00:00,-999.0
2025-06-28 20:00:00,-999.0
2025-06-28 21:00:00,-999.0
2025-06-28 22:00:00,-999.0
2025-06-28 23:00:00,-999.0
2025-06-29 00:00:00,-999.0
2025-06-29 01:00:00,-999.0
2025-06-29 02:00:00,-999.0
2025-06-29 03:00:00,-999.0
2025-06-29 04:00:00,-999.0
2025-06-29 05:00:00,-999.0
2025-06-29 06:00:00,-999.0
2025-06-29 07:00:00,-999.0
2025-06-29 08:00:00,-999.0
2025-06-29 09:00:00,-999.0
2025-06-29 10:00:00,-999.0
2025-06-29 11:00:00,-999.0
2025-06-29 12:00:00,-999.0
2025-06-29 13:00:00,-999.0
2025-06-29 14:00:00,-999.0
2025-06-29 15:00:00,-999.0
2025-06-29 16:00:00,-999.0
2025-06-29 17:00:00,-999.0
2025-06-29 18:00:00,-999.0
2025-06-29 19:00:00,-999.0
2025-06-29 20:00:00,-999.0
2025-06-29 21:00:00,-999.0
2025-06-29 22:00:00,-999.0
2025-06-29 23:00:00,-999.0
2025-06-30 00:00:00,-999.0
2025-06-30 01:00:00,-999.0
2025-06-30 02:00:00,-999.0
2025-06-30 03:00:00,-999.0
2025-06-30 04:00:00,-999.0
2025-06-30 05:00:00,-999.0
2025-06-30 06:00:00,-999.0
2025-06-30 07:00:00,-999.0
2025-06-30 08:00:00,-999.0
2025-06-30 09:00:00,-999.0
2025-06-30 10:00:00,-999.0
2025-06-30 11:00:00,-999.0
2025-06-30 12:00:00,-999.0
2025-06-30 13:00:00,-999.0
2025-06-30 14:00:00,-999.0
2025-06-30 15:00:00,-999.0
2025-06-30 16:00:00,-999.0
2025-06-30 17:00:00,-999.0
2025-06-30 18:00:00,-999.0
2025-06-30 19:00:00,-999.0
2025-06-30 20:00:00,-999.0
2025-06-30 21:00:00,-999.0
2025-06-30 22:00:00,-999.0
2025-06-30 23:00:00,-999.0
2025-07-01 00:00:00,-999.0
2025-07-01 01:00:00,-999.0
2025-07-01 02:00:00,-999.0
2025-07-01 03:00:00,-999.0
2025-07-01 04:00:00,-999.0
2025-07-01 05:00:00,-999.0
2025-07-01 06:00:00,-999.0
2025-07-01 07:00:00,-999.0
2025-07-01 08:00:00,-999.0
2025-07-01 09:00:00,-999.0
2025-07-01 10:00:00,-999.0
2025-07-01 11:00:00,-999.0
2025-07-01 12:00:00,-999.0
2025-07-01 13:00:00,-999.0
2025-07-01 14:00:00,-999.0
2025-07-01 15:00:00,-999.0
2025-07-01 16:00:00,-999.0
2025-07-01 17:00:00,-999.0
2025-07-01 18:00:00,-999.0
2025-07-01 19:00:00,-999.0
2025-07-01 20:00:00,-999.0
2025-07-01 21:00:00,-999.0
2025-07-01 22:00:00,-999.0
2025-07-01 23:00:00,-999.0
2025-07-02 00:00:00,-999.0
2025-07-02 01:00:00,-999.0
2025-07-02 02:00:00,-999.0
2025-07-02 03:00:00,-999.0
2025-07-02 04:00:00,-999.0
2025-07-02 05:00:00,-999.0
2025-07-02 06:00:00,-999.0
2025-07-02 07:00:00,-999.0
2025-07-02 08:00:00,-999.0
2025-07-02 09:00:00,-999.0
2025-07-02 10:00:00,-999.0
2025-07-02 11:00:00,-999.0
2025-07-02 12:00:00,-999.0
2025-07-02 13:00:00,-999.0
2025-07-02 14:00:00,-999.0
2025-07-02 15:00:00,-999.0
2025-07-02 16:00:00,-999.0
2025-07-02 17:00:00,-999.0
2025-07-02 18:00:00,-999.0
2025-07-02 19:00:00,-999.0
2025-07-02 20:00:00,-999.0
2025-07-02 21:00:00,-999.0
2025-07-02 22:00:00,-999.0
2025-07-02 23:00:00,-999.0
2025-07-03 00:00:00,-999.0
2025-07-03 01:00:00,-999.0
2025-07-03 02:00:00,-999.0
2025-07-03 03:00:00,-999.0
2025-07-03 04:00:00,-999.0
2025-07-03 05:00:00,-999.0
2025-07-03 06:00:00,-999.0
2025-07-03 07:00:00,-999.0
2025-07-03 08:00:00,-999.0
2025-07-03 09:00:00,-999.0
2025-07-03 10:00:00,-999.0
2025-07-03 11:00:00,-999.0
2025-07-03 12:00:00,-999.0
2025-07-03 13:00:00,-999.0
2025-07-03 14:00:00,-999.0
2025-07-03 15:00:00,-999.0
2025-07-03 16:00:00,-999.0
2025-07-03 17:00:00,-999.0
2025-07-03 18:00:00,-999.0
2025-07-03 19:00:00,-999.0
2025-07-03 20:00:00,-999.0
2025-07-03 21:00:00,-999.0
2025-07-03 22:00:00,-999.0
2025-07-03 23:00:00,-999.0
2025-07-04 00:00:00,-999.0
2025-07-04 01:00:00,-999.0
2025-07-04 02:00:00,-999.0
2025-07-04 03:00:00,-999.0
2025-07-04 04:00:00,-999.0
2025-07-04 05:00:00,-999.0
2025-07-04 06:00:00,-999.0
2025-07-04 07:00:00,-999.0
2025-07-04 08:00:00,-999.0
2025-07-04 09:00:00,-999.0
2025-07-04 10:00:00,-999.0
2025-07-04 11:00:00,-999.0
2025-07-04 12:00:00,-999.0
2025-07-04 13:00:00,-999.0
2025-07-04 14:00:00,-999.0
2025-07-04 15:00:00,-999.0
2025-07-04 16:00:00,-999.0
2025-07-04 17:00:00,-999.0
2025-07-04 18:00:00,-999.0
2025-07-04 19:00:00,-999.0
2025-07-04 20:00:00,-999.0
2025-07-04 21:00:00,-999.0
2025-07-04 22:00:00,-999.0
2025-07-04 23:00:00,-999.0
2025-07-05 00:00:00,-999.0
2025-07-05 01:00:00,-999.0
2025-07-05 02:00:00,-999.0
2025-07-05 03:00:00,-999.0
2025-07-05 04:00:00,-999.0
2025-07-05 05:00:00,-999.0
2025-07-05 06:00:00,-999.0
2025-07-05 07:00:00,-999.0
2025-07-05 08:00:00,-999.0
2025-07-05 09:00:00,-999.0
2025-07-05 10:00:00,-999.0
2025-07-05 11:00:00,-999.0
2025-07-05 12:00:00,-999.0
2025-07-05 13:00:00,-999.0
2025-07-05 14:00:00,-999.0
2025-07-05 15:00:00,-999.0
2025-07-05 16:00:00,-999.0
2025-07-05 17:00:00,-999.0
2025-07-05 18:00:00,-999.0
2025-07-05 19:00:00,-999.0
2025-07-05 20:00:00,-999.0
2025-07-05 21:00:00,-999.0
2025-07-05 22:00:00,-999.0
2025-07-05 23:00:00,-999.0
2025-07-06 00:00:00,-999.0
2025-07-06 01:00:00,-999.0
2025-07-06 02:00:00,-999.0
2025-07-06 03:00:00,-999.0
2025-07-06 04:00:00,-999.0
2025-07-06 05:00:00,-999.0
2025-07-06 06:00:00,-999.0
2025-07-06 07:00:00,-999.0
2025-07-06 08:00:00,-999.0
2025-07-06 09:00:00,-999.0
2025-07-06 10:00:00,-999.0
2025-07-06 11:00:00,-999.0
2025-07-06 12:00:00,-999.0
2025-07-06 13:00:00,-999.0
2025-07-06 14:00:00,-999.0
2025-07-06 15:00:00,-999.0
2025-07-06 16:00:00,-999.0
2025-07-06 17:00:00,-999.0
2025-07-06 18:00:00,-999.0
2025-07-06 19:00:00,-999.0
2025-07-06 20:00:00,-999.0
2025-07-06 21:00:00,-999.0
2025-07-06 22:00:00,-999.0
2025-07-06 23:00:00,-999.0
2025-07-07 00:00:00,-999.0
2025-07-07 01:00:00,-999.0
2025-07-07 02:00:00,-999.0
2025-07-07 03:00:00,-999.0
2025-07-07 04:00:00,-999.0
2025-07-07 05:00:00,-999.0
2025-07-07 06:00:00,-999.0
2025-07-07 07:00:00,-999.0
2025-07-07 08:00:00,-999.0
2025-07-07 09:00:00,-999.0
2025-07-07 10:00:00,-999.0
2025-07-07 11:00:00,-999.0
2025-07-07 12:00:00,-999.0
2025-07-07 13:00:00,-999.0
2025-07-07 14:00:00,-999.0
2025-07-07 15:00:00,-999.0
2025-07-07 16:00:00,-999.0
2025-07-07 17:00:00,-999.0
2025-07-07 18:00:00,-999.0
2025-07-07 19:00:00,-999.0
2025-07-07 20:00:00,-999.0
2025-07-07 21:00:00,-999.0
2025-07-07 22:00:00,-999.0
2025-07-07 23:00:00,-999.0
2025-07-08 00:00:00,-999.0
2025-07-08 01:00:00,-999.0
2025-07-08 02:00:00,-999.0
2025-07-08 03:00:00,-999.0
2025-07-08 04:00:00,-999.0
2025-07-08 05:00:00,-999.0
2025-07-08 06:00:00,-999.0
2025-07-08 07:00:00,-999.0
2025-07-08 08:00:00,-999.0
2025-07-08 09:00:00,-999.0
2025-07-08 10:00:00,-999.0
2025-07-08 11:00:00,-999.0
2025-07-08 12:00:00,-999.0
2025-07-08 13:00:00,-999.0
2025-07-08 14:00:00,-999.0
2025-07-08 15:00:00,-999.0
2025-07-08 16:00:00,-999.0
2025-07-08 17:00:00,-999.0
2025-07-08 18:00:00,-999.0
2025-07-08 19:00:00,-999.0
2025-07-08 20:00:00,-999.0
2025-07-08 21:00:00,-999.0
2025-07-08 22:00:00,-999.0
2025-07-08 23:00:00,-999.0
2025-07-09 00:00:00,-999.0
2025-07-09 01:00:00,-999.0
2025-07-09 02:00:00,-999.0
2025-07-09 03:00:00,-999.0
2025-07-09 04:00:00,-999.0
2025-07-09 05:00:00,-999.0
2025-07-09 06:00:00,-999.0
2025-07-09 07:00:00,-999.0
2025-07-09 08:00:00,-999.0
2025-07-09 09:00:00,-999.0
2025-07-09 10:00:00,-999.0
2025-07-09 11:00:00,-999.0
2025-07-09 12:00:00,-999.0
2025-07-09 13:00:00,-999.0
2025-07-09 14:00:00,-999.0
2025-07-09 15:00:00,-999.0
2025-07-09 16:00:00,-999.0
2025-07-09 17:00:00,-999.0
2025-07-09 18:00:00,-999.0
2025-07-09 19:00:00,-999.0
2025-07-09 20:00:00,-999.0
2025-07-09 21:00:00,-999.0
2025-07-09 22:00:00,-999.0
2025-07-09 23:00:00,-999.0
2025-07-10 00:00:00,-999.0
2025-07-10 01:00:00,-999.0
2025-07-10 02:00:00,-999.0
2025-07-10 03:00:00,-999.0
2025-07-10 04:00:00,-999.0
2025-07-10 05:00:00,-999.0
2025-07-10 06:00:00,-999.0
2025-07-10 07:00:00,-999.0
2025-07-10 08:00:00,-999.0
2025-07-10 09:00:00,-999.0
2025-07-10 10:00:00,-999.0
2025-07-10 11:00:00,-999.0
2025-07-10 12:00:00,-999.0
2025-07-10 13:00:00,-999.0
2025-07-10 14:00:00,-999.0
2025-07-10 15:00:00,-999.0
2025-07-10 16:00:00,-999.0
2025-07-10 17:00:00,-999.0
2025-07-10 18:00:00,-999.0
2025-07-10 19:00:00,-999.0
2025-07-10 20:00:00,-999.0
2025-07-10 21:00:00,-999.0
2025-07-10 22:00:00,-999.0
2025-07-10 23:00:00,-999.0
2025-07-11 00:00:00,-999.0
2025-07-11 01:00:00,-999.0
2025-07-11 02:00:00,-999.0
2025-07-11 03:00:00,-999.0
2025-07-11 04:00:00,-999.0
2025-07-11 05:00:00,-999.0
2025-07-11 06:00:00,-999.0
2025-07-11 07:00:00,-999.0
2025-07-11 08:00:00,-999.0
2025-07-11 09:00:00,-999.0
2025-07-11 10:00:00,-999.0
2025-07-11 11:00:00,-999.0
2025-07-11 12:00:00,-999.0
2025-07-11 13:00:00,-999.0
2025-07-11 14:00:00,-999.0
2025-07-11 15:00:00,-999.0
2025-07-11 16:00:00,-999.0
2025-07-11 17:00:00,-999.0
2025-07-11 18:00:00,-999.0
2025-07-11 19:00:00,-999.0
2025-07-11 20:00:00,-999.0
2025-07-11 21:00:00,-999.0
2025-07-11 22:00:00,-999.0
2025-07-11 23:00:00,-999.0
2025-07-12 00:00:00,-999.0
2025-07-12 01:00:00,-999.0
2025-07-12 02:00:00,-999.0
2025-07-12 03:00:00,-999.0
2025-07-12 04:00:00,-999.0
2025-07-12 05:00:00,-999.0
2025-07-12 06:00:00,-999.0
2025-07-12 07:00:00,-999.0
2025-07-12 08:00:00,-999.0
2025-07-12 09:00:00,-999.0
2025-07-12 10:00:00,-999.0
2025-07-12 11:00:00,-999.0
2025-07-12 12:00:00,-999.0
2025-07-12 13:00:00,-999.0
2025-07-12 14:00:00,-999.0
2025-07-12 15:00:00,-999.0
2025-07-12 16:00:00,-999.0
2025-07-12 17:00:00,-999.0
2025-07-12 18:00:00,-999.0
2025-07-12 19:00:00,-999.0
2025-07-12 20:00:00,-999.0
2025-07-12 21:00:00,-999.0
2025-07-12 22:00:00,-999.0
2025-07-12 23:00:00,-999.0
2025-07-13 00:00:00,-999.0
2025-07-13 01:00:00,-999.0
2025-07-13 02:00:00,-999.0
2025-07-13 03:00:00,-999.0
2025-07-13 04:00:00,-999.0
2025-07-13 05:00:00,-999.0
2025-07-13 06:00:00,-999.0
2025-07-13 07:00:00,-999.0
2025-07-13 08:00:00,-999.0
2025-07-13 09:00:00,-999.0
2025-07-13 10:00:00,-999.0
2025-07-13 11:00:00,-999.0
2025-07-13 12:00:00,-999.0
2025-07-13 13:00:00,-999.0
2025-07-13 14:00:00,-999.0
2025-07-13 15:00:00,-999.0
2025-07-13 16:00:00,-999.0
2025-07-13 17:00:00,-999.0
2025-07-13 18:00:00,-999.0
2025-07-13 19:00:00,-999.0
2025-07-13 20:00:00,-999.0
2025-07-13 21:00:00,-999.0
2025-07-13 22:00:00,-999.0
2025-07-13 23:00:00,-999.0
2025-07-14 00:00:00,-999.0
2025-07-14 01:00:00,-999.0
2025-07-14 02:00:00,-999.0
2025-07-14 03:00:00,-999.0
2025-07-14 04:00:00,-999.0
2025-07-14 05:00:00,-999.0
2025-07-14 06:00:00,-999.0
2025-07-14 07:00:00,-999.0
2025-07-14 08:00:00,-999.0
2025-07-14 09:00:00,-999.0
2025-07-14 10:00:00,-999.0
2025-07-14 11:00:00,-999.0
2025-07-14 12:00:00,-999.0
2025-07-14 13:00:00,-999.0
2025-07-14 14:00:00,-999.0
2025-07-14 15:00:00,-999.0
2025-07-14 16:00:00,-999.0
2025-07-14 17:00:00,-999.0
2025-07-14 18:00:00,-999.0
2025-07-14 19:00:00,-999.0
2025-07-14 20:00:00,-999.0
2025-07-14 21:00:00,-999.0
2025-07-14 22:00:00,-999.0
2025-07-14 23:00:00,-999.0
2025-07-15 00:00:00,-999.0
2025-07-15 01:00:00,-999.0
2025-07-15 02:00:00,-999.0
2025-07-15 03:00:00,-999.0
2025-07-15 04:00:00,-999.0
2025-07-15 05:00:00,-999.0
2025-07-15 06:00:00,-999.0
2025-07-15 07:00:00,-999.0
2025-07-15 08:00:00,-999.0
2025-07-15 09:00:00,-999.0
2025-07-15 10:00:00,-999.0
2025-07-15 11:00:00,-999.0
2025-07-15 12:00:00,-999.0
2025-07-15 13:00:00,-999.0
2025-07-15 14:00:00,-999.0
2025-07-15 15:00:00,-999.0
2025-07-15 16:00:00,-999.0
2025-07-15 17:00:00,-999.0
2025-07-15 18:00:00,-999.0
2025-07-15 19:00:00,-999.0
2025-07-15 20:00:00,-999.0
2025-07-15 21:00:00,-999.0
2025-07-15 22:00:00,-999.0
2025-07-15 23:00:00,-999.0
2025-07-16 00:00:00,-999.0
2025-07-16 01:00:00,-999.0
2025-07-16 02:00:00,-999.0
2025-07-16 03:00:00,-999.0
2025-07-16 04:00:00,-999.0
2025-07-16 05:00:00,-999.0
2025-07-16 06:00:00,-999.0
2025-07-16 07:00:00,-999.0
2025-07-16 08:00:00,-999.0
2025-07-16 09:00:00,-999.0
2025-07-16 10:00:00,-999.0
2025-07-16 11:00:00,-999.0
2025-07-16 12:00:00,-999.0
2025-07-16 13:00:00,-999.0
2025-07-16 14:00:00,-999.0
2025-07-16 15:00:00,-999.0
2025-07-16 16:00:00,-999.0
2025-07-16 17:00:00,-999.0
2025-07-16 18:00:00,-999.0
2025-07-16 19:00:00,-999.0
2025-07-16 20:00:00,-999.0
2025-07-16 21:00:00,-999.0
2025-07-16 22:00:00,-999.0
2025-07-16 23:00:00,-999.0
2025-07-17 00:00:00,-999.0
2025-07-17 01:00:00,-999.0
2025-07-17 02:00:00,-999.0
2025-07-17 03:00:00,-999.0
2025-07-17 04:00:00,-999.0
2025-07-17 05:00:00,-999.0
2025-07-17 06:00:00,-999.0
2025-07-17 07:00:00,-999.0
2025-07-17 08:00:00,-999.0
2025-07-17 09:00:00,-999.0
2025-07-17 10:00:00,-999.0
2025-07-17 11:00:00,-999.0
2025-07-17 12:00:00,-999.0
2025-07-17 13:00:00,-999.0
2025-07-17 14:00:00,-999.0
2025-07-17 15:00:00,-999.0
2025-07-17 16:00:00,-999.0
2025-07-17 17:00:00,-999.0
2025-07-17 18:00:00,-999.0
2025-07-17 19:00:00,-999.0
2025-07-17 20:00:00,-999.0
2025-07-17 21:00:00,-999.0
2025-07-17 22:00:00,-999.0
2025-07-17 23:00:00,-999.0
2025-07-18 00:00:00,-999.0
2025-07-18 01:00:00,-999.0
2025-07-18 02:00:00,-999.0
2025-07-18 03:00:00,-999.0
2025-07-18 04:00:00,-999.0
2025-07-18 05:00:00,-999.0
2025-07-18 06:00:00,-999.0
2025-07-18 07:00:00,-999.0
2025-07-18 08:00:00,-999.0
2025-07-18 09:00:00,-999.0
2025-07-18 10:00:00,-999.0
2025-07-18 11:00:00,-999.0
2025-07-18 12:00:00,-999.0
2025-07-18 13:00:00,-999.0
2025-07-18 14:00:00,-999.0
2025-07-18 15:00:00,-999.0
2025-07-18 16:00:00,-999.0
2025-07-18 17:00:00,-999.0
2025-07-18 18:00:00,-999.0
2025-07-18 19:00:00,-999.0
2025-07-18 20:00:00,-999.0
2025-07-18 21:00:00,-999.0
2025-07-18 22:00:00,-999.0
2025-07-18 23:00:00,-999.0
2025-07-19 00:00:00,-999.0
2025-07-19 01:00:00,-999.0
2025-07-19 02:00:00,-999.0
2025-07-19 03:00:00,-999.0
2025-07-19 04:00:00,-999.0
2025-07-19 05:00:00,-999.0
2025-07-19 06:00:00,-999.0
2025-07-19 07:00:00,-999.0
2025-07-19 08:00:00,-999.0
2025-07-19 09:00:00,-999.0
2025-07-19 10:00:00,-999.0
2025-07-19 11:00:00,-999.0
2025-07-19 12:00:00,-999.0
2025-07-19 13:00:00,-999.0
2025-07-19 14:00:00,-999.0
2025-07-19 15:00:00,-999.0
2025-07-19 16:00:00,-999.0
2025-07-19 17:00:00,-999.0
2025-07-19 18:00:00,-999.0
2025-07-19 19:00:00,-999.0
2025-07-19 20:00:00,-999.0
2025-07-19 21:00:00,-999.0
2025-07-19 22:00:00,-999.0
2025-07-19 23:00:00,-999.0
2025-07-20 00:00:00,-999.0
2025-07-20 01:00:00,-999.0
2025-07-20 02:00:00,-999.0
2025-07-20 03:00:00,-999.0
2025-07-20 04:00:00,-999.0
2025-07-20 05:00:00,-999.0
2025-07-20 06:00:00,-999.0
2025-07-20 07:00:00,-999.0
2025-07-20 08:00:00,-999.0
2025-07-20 09:00:00,-999.0
2025-07-20 10:00:00,-999.0
2025-07-20 11:00:00,-999.0
2025-07-20 12:00:00,-999.0
2025-07-20 13:00:00,-999.0
2025-07-20 14:00:00,-999.0
2025-07-20 15:00:00,-999.0
2025-07-20 16:00:00,-999.0
2025-07-20 17:00:00,-999.0
2025-07-20 18:00:00,-999.0
2025-07-20 19:00:00,-999.0
2025-07-20 20:00:00,-999.0
2025-07-20 21:00:00,-999.0
2025-07-20 22:00:00,-999.0
2025-07-20 23:00:00,-999.0
2025-07-21 00:00:00,-999.0
2025-07-21 01:00:00,-999.0
2025-07-21 02:00:00,-999.0
2025-07-21 03:00:00,-999.0
2025-07-21 04:00:00,-999.0
2025-07-21 05:00:00,-999.0
2025-07-21 06:00:00,-999.0
2025-07-21 07:00:00,-999.0
2025-07-21 08:00:00,-999.0
2025-07-21 09:00:00,-999.0
2025-07-21 10:00:00,-999.0
2025-07-21 11:00:00,-999.0
2025-07-21 12:00:00,-999.0
2025-07-21 13:00:00,-999.0
2025-07-21 14:00:00,-999.0
2025-07-21 15:00:00,-999.0
2025-07-21 16:00:00,-999.0
2025-07-21 17:00:00,-999.0
2025-07-21 18:00:00,-999.0
2025-07-21 19:00:00,-999.0
2025-07-21 20:00:00,-999.0
2025-07-21 21:00:00,-999.0
2025-07-21 22:00:00,-999.0
2025-07-21 23:00:00,-999.0
2025-07-22 00:00:00,-999.0
2025-07-22 01:00:00,-999.0
2025-07-22 02:00:00,-999.0
2025-07-22 03:00:00,-999.0
2025-07-22 04:00:00,-999.0
2025-07-22 05:00:00,-999.0
2025-07-22 06:00:00,-999.0
2025-07-22 07:00:00,-999.0
2025-07-22 08:00:00,-999.0
2025-07-22 09:00:00,-999.0
2025-07-22 10:00:00,-999.0
2025-07-22 11:00:00,-999.0
2025-07-22 12:00:00,-999.0
2025-07-22 13:00:00,-999.0
2025-07-22 14:00:00,-999.0
2025-07-22 15:00:00,-999.0
2025-07-22 16:00:00,-999.0
2025-07-22 17:00:00,-999.0
2025-07-22 18:00:00,-999.0
2025-07-22 19:00:00,-999.0
2025-07-22 20:00:00,-999.0
2025-07-22 21:00:00,-999.0
2025-07-22 22:00:00,-999.0
2025-07-22 23:00:00,-999.0
2025-07-23 00:00:00,-999.0
2025-07-23 01:00:00,-999.0
2025-07-23 02:00:00,-999.0
2025-07-23 03:00:00,-999.0
2025-07-23 04:00:00,-999.0
2025-07-23 05:00:00,-999.0
2025-07-23 06:00:00,-999.0
2025-07-23 07:00:00,-999.0
2025-07-23 08:00:00,-999.0
2025-07-23 09:00:00,-999.0
2025-07-23 10:00:00,-999.0
2025-07-23 11:00:00,-999.0
2025-07-23 12:00:00,-999.0
2025-07-23 13:00:00,-999.0
2025-07-23 14:00:00,-999.0
2025-07-23 15:00:00,-999.0
2025-07-23 16:00:00,-999.0
2025-07-23 17:00:00,-999.0
2025-07-23 18:00:00,-999.0
2025-07-23 19:00:00,-999.0
2025-07-23 20:00:00,-999.0
2025-07-23 21:00:00,-999.0
2025-07-23 22:00:00,-999.0
2025-07-23 23:00:00,-999.0
2025-07-24 00:00:00,-999.0
2025-07-24 01:00:00,-999.0
2025-07-24 02:00:00,-999.0
2025-07-24 03:00:00,-999.0
2025-07-24 04:00:00,-999.0
2025-07-24 05:00:00,-999.0
2025-07-24 06:00:00,-999.0
2025-07-24 07:00:00,-999.0
2025-07-24 08:00:00,-999.0
2025-07-24 09:00:00,-999.0
2025-07-24 10:00:00,-999.0
2025-07-24 11:00:00,-999.0
2025-07-24 12:00:00,-999.0
2025-07-24 13:00:00,-999.0
2025-07-24 14:00:00,-999.0
2025-07-24 15:00:00,-999.0
2025-07-24 16:00:00,-999.0
2025-07-24 17:00:00,-999.0
2025-07-24 18:00:00,-999.0
2025-07-24 19:00:00,-999.0
2025-07-24 20:00:00,-999.0
2025-07-24 21:00:00,-999.0
2025-07-24 22:00:00,-999.0
2025-07-24 23:00:00,-999.0
2025-07-25 00:00:00,-999.0
2025-07-25 01:00:00,-999.0
2025-07-25 02:00:00,-999.0
2025-07-25 03:00:00,-999.0
2025-07-25 04:00:00,-999.0
2025-07-25 05:00:00,-999.0
2025-07-25 06:00:00,-999.0
2025-07-25 07:00:00,-999.0
2025-07-25 08:00:00,-999.0
2025-07-25 09:00:00,-999.0
2025-07-25 10:00:00,-999.0
2025-07-25 11:00:00,-999.0
2025-07-25 12:00:00,-999.0
2025-07-25 13:00:00,-999.0
2025-07-25 14:00:00,-999.0
2025-07-25 15:00:00,-999.0
2025-07-25 16:00:00,-999.0
2025-07-25 17:00:00,-999.0
2025-07-25 18:00:00,-999.0
2025-07-25 19:00:00,-999.0
2025-07-25 20:00:00,-999.0
2025-07-25 21:00:00,-999.0
2025-07-25 22:00:00,-999.0
2025-07-25 23:00:00,-999.0
2025-07-26 00:00:00,-999.0
2025-07-26 01:00:00,-999.0
2025-07-26 02:00:00,-999.0
2025-07-26 03:00:00,-999.0
2025-07-26 04:00:00,-999.0
2025-07-26 05:00:00,-999.0
2025-07-26 06:00:00,-999.0
2025-07-26 07:00:00,-999.0
2025-07-26 08:00:00,-999.0
2025-07-26 09:00:00,-999.0
2025-07-26 10:00:00,-999.0
2025-07-26 11:00:00,-999.0
2025-07-26 12:00:00,-999.0
2025-07-26 13:00:00,-999.0
2025-07-26 14:00:00,-999.0
2025-07-26 15:00:00,-999.0
2025-07-26 16:00:00,-999.0
2025-07-26 17:00:00,-999.0
2025-07-26 18:00:00,-999.0
2025-07-26 19:00:00,-999.0
2025-07-26 20:00:00,-999.0
2025-07-26 21:00:00,-999.0
2025-07-26 22:00:00,-999.0
2025-07-26 23:00:00,-999.0
2025-07-27 00:00:00,-999.0
2025-07-27 01:00:00,-999.0
2025-07-27 02:00:00,-999.0
2025-07-27 03:00:00,-999.0
2025-07-27 04:00:00,-999.0
2025-07-27 05:00:00,-999.0
2025-07-27 06:00:00,-999.0
2025-07-27 07:00:00,-999.0
2025-07-27 08:00:00,-999.0
2025-07-27 09:00:00,-999.0
2025-07-27 10:00:00,-999.0
2025-07-27 11:00:00,-999.0
2025-07-27 12:00:00,-999.0
2025-07-27 13:00:00,-999.0
2025-07-27 14:00:00,-999.0
2025-07-27 15:00:00,-999.0
2025-07-27 16:00:00,-999.0
2025-07-27 17:00:00,-999.0
2025-07-27 18:00:00,-999.0
2025-07-27 19:00:00,-999.0
2025-07-27 20:00:00,-999.0
2025-07-27 21:00:00,-999.0
2025-07-27 22:00:00,-999.0
2025-07-27 23:00:00,-999.0
2025-07-28 00:00:00,-999.0
2025-07-28 01:00:00,-999.0
2025-07-28 02:00:00,-999.0
2025-07-28 03:00:00,-999.0
2025-07-28 04:00:00,-999.0
2025-07-28 05:00:00,-999.0
2025-07-28 06:00:00,-999.0
2025-07-28 07:00:00,-999.0
2025-07-28 08:00:00,-999.0
2025-07-28 09:00:00,-999.0
2025-07-28 10:00:00,-999.0
2025-07-28 11:00:00,-999.0
2025-07-28 12:00:00,-999.0
2025-07-28 13:00:00,-999.0
2025-07-28 14:00:00,-999.0
2025-07-28 15:00:00,-999.0
2025-07-28 16:00:00,-999.0
2025-07-28 17:00:00,-999.0
2025-07-28 18:00:00,-999.0
2025-07-28 19:00:00,-999.0
2025-07-28 20:00:00,-999.0
2025-07-28 21:00:00,-999.0
2025-07-28 22:00:00,-999.0
2025-07-28 23:00:00,-999.0
2025-07-29 00:00:00,-999.0
2025-07-29 01:00:00,-999.0
2025-07-29 02:00:00,-999.0
2025-07-29 03:00:00,-999.0
2025-07-29 04:00:00,-999.0
2025-07-29 05:00:00,-999.0
2025-07-29 06:00:00,-999.0
2025-07-29 07:00:00,-999.0
2025-07-29 08:00:00,-999.0
2025-07-29 09:00:00,-999.0
2025-07-29 10:00:00,-999.0
2025-07-29 11:00:00,-999.0
2025-07-29 12:00:00,-999.0
2025-07-29 13:00:00,-999.0
2025-07-29 14:00:00,-999.0
2025-07-29 15:00:00,-999.0
2025-07-29 16:00:00,-999.0
2025-07-29 17:00:00,-999.0
2025-07-29 18:00:00,-999.0
2025-07-29 19:00:00,-999.0
2025-07-29 20:00:00,-999.0
2025-07-29 21:00:00,-999.0
2025-07-29 22:00:00,-999.0
2025-07-29 23:00:00,-999.0
2025-07-30 00:00:00,-999.0
2025-07-30 01:00:00,-999.0
2025-07-30 02:00:00,-999.0
2025-07-30 03:00:00,-999.0
2025-07-30 04:00:00,-999.0
2025-07-30 05:00:00,-999.0
2025-07-30 06:00:00,-999.0
2025-07-30 07:00:00,-999.0
2025-07-30 08:00:00,-999.0
2025-07-30 09:00:00,-999.0
2025-07-30 10:00:00,-999.0
2025-07-30 11:00:00,-999.0
2025-07-30 12:00:00,-999.0
2025-07-30 13:00:00,-999.0
2025-07-30 14:00:00,-999.0
2025-07-30 15:00:00,-999.0
2025-07-30 16:00:00,-999.0
2025-07-30 17:00:00,-999.0
2025-07-30 18:00:00,-999.0
2025-07-30 19:00:00,-999.0
2025-07-30 20:00:00,-999.0
2025-07-30 21:00:00,-999.0
2025-07-30 22:00:00,-999.0
2025-07-30 23:00:00,-999.0
2025-07-31 00:00:00,-999.0
2025-07-31 01:00:00,-999.0
2025-07-31 02:00:00,-999.0
2025-07-31 03:00:00,-999.0
2025-07-31 04:00:00,-999.0
2025-07-31 05:00:00,-999.0
2025-07-31 06:00:00,-999.0
2025-07-31 07:00:00,-999.0
2025-07-31 08:00:00,-999.0
2025-07-31 09:00:00,-999.0
2025-07-31 10:00:00,-999.0
2025-07-31 11:00:00,-999.0
2025-07-31 12:00:00,-999.0
2025-07-31 13:00:00,-999.0
2025-07-31 14:00:00,-999.0
2025-07-31 15:00:00,-999.0
2025-07-31 16:00:00,-999.0
2025-07-31 17:00:00,-999.0
2025-07-31 18:00:00,-999.0
2025-07-31 19:00:00,-999.0
2025-07-31 20:00:00,-999.0
2025-07-31 21:00:00,-999.0
2025-07-31 22:00:00,-999.0
2025-07-31 23:00:00,-999.0
2025-08-01 00:00:00,-999.0
2025-08-01 01:00:00,-999.0
2025-08-01 02:00:00,-999.0
2025-08-01 03:00:00,-999.0
2025-08-01 04:00:00,-999.0
2025-08-01 05:00:00,-999.0
2025-08-01 06:00:00,-999.0
2025-08-01 07:00:00,-999.0
2025-08-01 08:00:00,-999.0
2025-08-01 09:00:00,-999.0
2025-08-01 10:00:00,-999.0
2025-08-01 11:00:00,-999.0
2025-08-01 12:00:00,-999.0
2025-08-01 13:00:00,-999.0
2025-08-01 14:00:00,-999.0
2025-08-01 15:00:00,-999.0
2025-08-01 16:00:00,-999.0
2025-08-01 17:00:00,-999.0
2025-08-01 18:00:00,-999.0
2025-08-01 19:00:00,-999.0
2025-08-01 20:00:00,-999.0
2025-08-01 21:00:00,-999.0
2025-08-01 22:00:00,-999.0
2025-08-01 23:00:00,-999.0
2025-08-02 00:00:00,-999.0
2025-08-02 01:00:00,-999.0
2025-08-02 02:00:00,-999.0
2025-08-02 03:00:00,-999.0
2025-08-02 04:00:00,-999.0
2025-08-02 05:00:00,-999.0
2025-08-02 06:00:00,-999.0
2025-08-02 07:00:00,-999.0
2025-08-02 08:00:00,-999.0
2025-08-02 09:00:00,-999.0
2025-08-02 10:00:00,-999.0
2025-08-02 11:00:00,-999.0
2025-08-02 12:00:00,-999.0
2025-08-02 13:00:00,-999.0
2025-08-02 14:00:00,-999.0
2025-08-02 15:00:00,-999.0
2025-08-02 16:00:00,-999.0
2025-08-02 17:00:00,-999.0
2025-08-02 18:00:00,-999.0
2025-08-02 19:00:00,-999.0
2025-08-02 20:00:00,-999.0
2025-08-02 21:00:00,-999.0
2025-08-02 22:00:00,-999.0
2025-08-02 23:00:00,-999.0
