datetime,ALLSKY_SFC_SW_DNI
2024-08-02 00:00:00,0.0
2024-08-02 01:00:00,0.0
2024-08-02 02:00:00,0.0
2024-08-02 03:00:00,0.0
2024-08-02 04:00:00,0.0
2024-08-02 05:00:00,0.0
2024-08-02 06:00:00,4.68
2024-08-02 07:00:00,2.47
2024-08-02 08:00:00,0.0
2024-08-02 09:00:00,0.0
2024-08-02 10:00:00,5.57
2024-08-02 11:00:00,65.56
2024-08-02 12:00:00,0.0
2024-08-02 13:00:00,40.04
2024-08-02 14:00:00,30.62
2024-08-02 15:00:00,29.32
2024-08-02 16:00:00,24.28
2024-08-02 17:00:00,12.68
2024-08-02 18:00:00,1.33
2024-08-02 19:00:00,0.0
2024-08-02 20:00:00,0.0
2024-08-02 21:00:00,0.0
2024-08-02 22:00:00,0.0
2024-08-02 23:00:00,0.0
2024-08-03 00:00:00,0.0
2024-08-03 01:00:00,0.0
2024-08-03 02:00:00,0.0
2024-08-03 03:00:00,0.0
2024-08-03 04:00:00,0.0
2024-08-03 05:00:00,0.0
2024-08-03 06:00:00,4.3
2024-08-03 07:00:00,6.1
2024-08-03 08:00:00,11.4
2024-08-03 09:00:00,0.0
2024-08-03 10:00:00,23.15
2024-08-03 11:00:00,44.6
2024-08-03 12:00:00,6.33
2024-08-03 13:00:00,20.35
2024-08-03 14:00:00,31.77
2024-08-03 15:00:00,31.87
2024-08-03 16:00:00,23.32
2024-08-03 17:00:00,3.27
2024-08-03 18:00:00,0.0
2024-08-03 19:00:00,0.0
2024-08-03 20:00:00,0.0
2024-08-03 21:00:00,0.0
2024-08-03 22:00:00,0.0
2024-08-03 23:00:00,0.0
2024-08-04 00:00:00,0.0
2024-08-04 01:00:00,0.0
2024-08-04 02:00:00,0.0
2024-08-04 03:00:00,0.0
2024-08-04 04:00:00,0.0
2024-08-04 05:00:00,0.0
2024-08-04 06:00:00,1.63
2024-08-04 07:00:00,3.25
2024-08-04 08:00:00,5.48
2024-08-04 09:00:00,8.59
2024-08-04 10:00:00,22.84
2024-08-04 11:00:00,13.32
2024-08-04 12:00:00,57.9
2024-08-04 13:00:00,10.6
2024-08-04 14:00:00,41.17
2024-08-04 15:00:00,104.25
2024-08-04 16:00:00,61.18
2024-08-04 17:00:00,18.16
2024-08-04 18:00:00,2.23
2024-08-04 19:00:00,0.0
2024-08-04 20:00:00,0.0
2024-08-04 21:00:00,0.0
2024-08-04 22:00:00,0.0
2024-08-04 23:00:00,0.0
2024-08-05 00:00:00,0.0
2024-08-05 01:00:00,0.0
2024-08-05 02:00:00,0.0
2024-08-05 03:00:00,0.0
2024-08-05 04:00:00,0.0
2024-08-05 05:00:00,0.0
2024-08-05 06:00:00,6.71
2024-08-05 07:00:00,44.95
2024-08-05 08:00:00,103.93
2024-08-05 09:00:00,118.61
2024-08-05 10:00:00,98.72
2024-08-05 11:00:00,103.91
2024-08-05 12:00:00,34.43
2024-08-05 13:00:00,156.16
2024-08-05 14:00:00,60.0
2024-08-05 15:00:00,117.42
2024-08-05 16:00:00,19.57
2024-08-05 17:00:00,8.84
2024-08-05 18:00:00,0.93
2024-08-05 19:00:00,0.0
2024-08-05 20:00:00,0.0
2024-08-05 21:00:00,0.0
2024-08-05 22:00:00,0.0
2024-08-05 23:00:00,0.0
2024-08-06 00:00:00,0.0
2024-08-06 01:00:00,0.0
2024-08-06 02:00:00,0.0
2024-08-06 03:00:00,0.0
2024-08-06 04:00:00,0.0
2024-08-06 05:00:00,0.0
2024-08-06 06:00:00,0.0
2024-08-06 07:00:00,0.38
2024-08-06 08:00:00,0.45
2024-08-06 09:00:00,4.3
2024-08-06 10:00:00,27.91
2024-08-06 11:00:00,17.16
2024-08-06 12:00:00,17.99
2024-08-06 13:00:00,8.57
2024-08-06 14:00:00,24.28
2024-08-06 15:00:00,19.79
2024-08-06 16:00:00,12.05
2024-08-06 17:00:00,0.72
2024-08-06 18:00:00,0.0
2024-08-06 19:00:00,0.0
2024-08-06 20:00:00,0.0
2024-08-06 21:00:00,0.0
2024-08-06 22:00:00,0.0
2024-08-06 23:00:00,0.0
2024-08-07 00:00:00,0.0
2024-08-07 01:00:00,0.0
2024-08-07 02:00:00,0.0
2024-08-07 03:00:00,0.0
2024-08-07 04:00:00,0.0
2024-08-07 05:00:00,0.0
2024-08-07 06:00:00,0.0
2024-08-07 07:00:00,0.96
2024-08-07 08:00:00,0.15
2024-08-07 09:00:00,11.77
2024-08-07 10:00:00,15.25
2024-08-07 11:00:00,27.89
2024-08-07 12:00:00,15.18
2024-08-07 13:00:00,69.84
2024-08-07 14:00:00,59.0
2024-08-07 15:00:00,70.85
2024-08-07 16:00:00,48.7
2024-08-07 17:00:00,14.55
2024-08-07 18:00:00,1.4
2024-08-07 19:00:00,0.0
2024-08-07 20:00:00,0.0
2024-08-07 21:00:00,0.0
2024-08-07 22:00:00,0.0
2024-08-07 23:00:00,0.0
2024-08-08 00:00:00,0.0
2024-08-08 01:00:00,0.0
2024-08-08 02:00:00,0.0
2024-08-08 03:00:00,0.0
2024-08-08 04:00:00,0.0
2024-08-08 05:00:00,0.0
2024-08-08 06:00:00,1.39
2024-08-08 07:00:00,2.9
2024-08-08 08:00:00,3.43
2024-08-08 09:00:00,3.55
2024-08-08 10:00:00,2.58
2024-08-08 11:00:00,13.57
2024-08-08 12:00:00,37.95
2024-08-08 13:00:00,153.0
2024-08-08 14:00:00,117.72
2024-08-08 15:00:00,119.35
2024-08-08 16:00:00,73.72
2024-08-08 17:00:00,28.9
2024-08-08 18:00:00,2.15
2024-08-08 19:00:00,0.0
2024-08-08 20:00:00,0.0
2024-08-08 21:00:00,0.0
2024-08-08 22:00:00,0.0
2024-08-08 23:00:00,0.0
2024-08-09 00:00:00,0.0
2024-08-09 01:00:00,0.0
2024-08-09 02:00:00,0.0
2024-08-09 03:00:00,0.0
2024-08-09 04:00:00,0.0
2024-08-09 05:00:00,0.0
2024-08-09 06:00:00,0.0
2024-08-09 07:00:00,1.38
2024-08-09 08:00:00,8.25
2024-08-09 09:00:00,3.17
2024-08-09 10:00:00,30.44
2024-08-09 11:00:00,16.32
2024-08-09 12:00:00,10.72
2024-08-09 13:00:00,17.78
2024-08-09 14:00:00,34.84
2024-08-09 15:00:00,47.03
2024-08-09 16:00:00,25.93
2024-08-09 17:00:00,10.42
2024-08-09 18:00:00,1.15
2024-08-09 19:00:00,0.0
2024-08-09 20:00:00,0.0
2024-08-09 21:00:00,0.0
2024-08-09 22:00:00,0.0
2024-08-09 23:00:00,0.0
2024-08-10 00:00:00,0.0
2024-08-10 01:00:00,0.0
2024-08-10 02:00:00,0.0
2024-08-10 03:00:00,0.0
2024-08-10 04:00:00,0.0
2024-08-10 05:00:00,0.0
2024-08-10 06:00:00,3.9
2024-08-10 07:00:00,19.63
2024-08-10 08:00:00,46.93
2024-08-10 09:00:00,23.65
2024-08-10 10:00:00,20.34
2024-08-10 11:00:00,71.54
2024-08-10 12:00:00,62.93
2024-08-10 13:00:00,135.69
2024-08-10 14:00:00,121.31
2024-08-10 15:00:00,70.78
2024-08-10 16:00:00,44.28
2024-08-10 17:00:00,21.86
2024-08-10 18:00:00,1.34
2024-08-10 19:00:00,0.0
2024-08-10 20:00:00,0.0
2024-08-10 21:00:00,0.0
2024-08-10 22:00:00,0.0
2024-08-10 23:00:00,0.0
2024-08-11 00:00:00,0.0
2024-08-11 01:00:00,0.0
2024-08-11 02:00:00,0.0
2024-08-11 03:00:00,0.0
2024-08-11 04:00:00,0.0
2024-08-11 05:00:00,0.0
2024-08-11 06:00:00,0.0
2024-08-11 07:00:00,0.0
2024-08-11 08:00:00,0.0
2024-08-11 09:00:00,0.0
2024-08-11 10:00:00,14.0
2024-08-11 11:00:00,17.87
2024-08-11 12:00:00,28.84
2024-08-11 13:00:00,58.04
2024-08-11 14:00:00,70.05
2024-08-11 15:00:00,80.8
2024-08-11 16:00:00,74.07
2024-08-11 17:00:00,21.51
2024-08-11 18:00:00,0.66
2024-08-11 19:00:00,0.0
2024-08-11 20:00:00,0.0
2024-08-11 21:00:00,0.0
2024-08-11 22:00:00,0.0
2024-08-11 23:00:00,0.0
2024-08-12 00:00:00,0.0
2024-08-12 01:00:00,0.0
2024-08-12 02:00:00,0.0
2024-08-12 03:00:00,0.0
2024-08-12 04:00:00,0.0
2024-08-12 05:00:00,0.0
2024-08-12 06:00:00,7.26
2024-08-12 07:00:00,77.14
2024-08-12 08:00:00,10.95
2024-08-12 09:00:00,121.65
2024-08-12 10:00:00,131.14
2024-08-12 11:00:00,169.98
2024-08-12 12:00:00,116.33
2024-08-12 13:00:00,234.32
2024-08-12 14:00:00,53.01
2024-08-12 15:00:00,41.04
2024-08-12 16:00:00,21.73
2024-08-12 17:00:00,3.03
2024-08-12 18:00:00,0.0
2024-08-12 19:00:00,0.0
2024-08-12 20:00:00,0.0
2024-08-12 21:00:00,0.0
2024-08-12 22:00:00,0.0
2024-08-12 23:00:00,0.0
2024-08-13 00:00:00,0.0
2024-08-13 01:00:00,0.0
2024-08-13 02:00:00,0.0
2024-08-13 03:00:00,0.0
2024-08-13 04:00:00,0.0
2024-08-13 05:00:00,0.0
2024-08-13 06:00:00,0.5
2024-08-13 07:00:00,4.19
2024-08-13 08:00:00,36.61
2024-08-13 09:00:00,230.79
2024-08-13 10:00:00,107.6
2024-08-13 11:00:00,114.41
2024-08-13 12:00:00,115.37
2024-08-13 13:00:00,91.15
2024-08-13 14:00:00,38.07
2024-08-13 15:00:00,67.83
2024-08-13 16:00:00,13.64
2024-08-13 17:00:00,3.73
2024-08-13 18:00:00,0.0
2024-08-13 19:00:00,0.0
2024-08-13 20:00:00,0.0
2024-08-13 21:00:00,0.0
2024-08-13 22:00:00,0.0
2024-08-13 23:00:00,0.0
2024-08-14 00:00:00,0.0
2024-08-14 01:00:00,0.0
2024-08-14 02:00:00,0.0
2024-08-14 03:00:00,0.0
2024-08-14 04:00:00,0.0
2024-08-14 05:00:00,0.0
2024-08-14 06:00:00,0.0
2024-08-14 07:00:00,2.2
2024-08-14 08:00:00,14.55
2024-08-14 09:00:00,15.28
2024-08-14 10:00:00,29.16
2024-08-14 11:00:00,33.07
2024-08-14 12:00:00,142.89
2024-08-14 13:00:00,105.08
2024-08-14 14:00:00,98.94
2024-08-14 15:00:00,57.89
2024-08-14 16:00:00,46.45
2024-08-14 17:00:00,28.88
2024-08-14 18:00:00,3.36
2024-08-14 19:00:00,0.0
2024-08-14 20:00:00,0.0
2024-08-14 21:00:00,0.0
2024-08-14 22:00:00,0.0
2024-08-14 23:00:00,0.0
2024-08-15 00:00:00,0.0
2024-08-15 01:00:00,0.0
2024-08-15 02:00:00,0.0
2024-08-15 03:00:00,0.0
2024-08-15 04:00:00,0.0
2024-08-15 05:00:00,0.0
2024-08-15 06:00:00,0.76
2024-08-15 07:00:00,1.8
2024-08-15 08:00:00,3.27
2024-08-15 09:00:00,16.63
2024-08-15 10:00:00,58.34
2024-08-15 11:00:00,116.57
2024-08-15 12:00:00,124.65
2024-08-15 13:00:00,105.96
2024-08-15 14:00:00,100.84
2024-08-15 15:00:00,42.68
2024-08-15 16:00:00,21.96
2024-08-15 17:00:00,10.55
2024-08-15 18:00:00,1.23
2024-08-15 19:00:00,0.0
2024-08-15 20:00:00,0.0
2024-08-15 21:00:00,0.0
2024-08-15 22:00:00,0.0
2024-08-15 23:00:00,0.0
2024-08-16 00:00:00,0.0
2024-08-16 01:00:00,0.0
2024-08-16 02:00:00,0.0
2024-08-16 03:00:00,0.0
2024-08-16 04:00:00,0.0
2024-08-16 05:00:00,0.0
2024-08-16 06:00:00,7.46
2024-08-16 07:00:00,64.32
2024-08-16 08:00:00,3.87
2024-08-16 09:00:00,23.09
2024-08-16 10:00:00,69.67
2024-08-16 11:00:00,218.73
2024-08-16 12:00:00,285.52
2024-08-16 13:00:00,317.8
2024-08-16 14:00:00,193.78
2024-08-16 15:00:00,181.71
2024-08-16 16:00:00,166.72
2024-08-16 17:00:00,54.41
2024-08-16 18:00:00,2.7
2024-08-16 19:00:00,0.0
2024-08-16 20:00:00,0.0
2024-08-16 21:00:00,0.0
2024-08-16 22:00:00,0.0
2024-08-16 23:00:00,0.0
2024-08-17 00:00:00,0.0
2024-08-17 01:00:00,0.0
2024-08-17 02:00:00,0.0
2024-08-17 03:00:00,0.0
2024-08-17 04:00:00,0.0
2024-08-17 05:00:00,0.0
2024-08-17 06:00:00,25.41
2024-08-17 07:00:00,146.13
2024-08-17 08:00:00,224.94
2024-08-17 09:00:00,350.96
2024-08-17 10:00:00,291.0
2024-08-17 11:00:00,297.03
2024-08-17 12:00:00,499.3
2024-08-17 13:00:00,457.16
2024-08-17 14:00:00,350.58
2024-08-17 15:00:00,333.56
2024-08-17 16:00:00,262.7
2024-08-17 17:00:00,122.18
2024-08-17 18:00:00,8.45
2024-08-17 19:00:00,0.0
2024-08-17 20:00:00,0.0
2024-08-17 21:00:00,0.0
2024-08-17 22:00:00,0.0
2024-08-17 23:00:00,0.0
2024-08-18 00:00:00,0.0
2024-08-18 01:00:00,0.0
2024-08-18 02:00:00,0.0
2024-08-18 03:00:00,0.0
2024-08-18 04:00:00,0.0
2024-08-18 05:00:00,0.0
2024-08-18 06:00:00,1.15
2024-08-18 07:00:00,3.35
2024-08-18 08:00:00,4.33
2024-08-18 09:00:00,12.78
2024-08-18 10:00:00,88.24
2024-08-18 11:00:00,59.1
2024-08-18 12:00:00,263.31
2024-08-18 13:00:00,302.08
2024-08-18 14:00:00,257.45
2024-08-18 15:00:00,229.17
2024-08-18 16:00:00,172.61
2024-08-18 17:00:00,50.54
2024-08-18 18:00:00,2.52
2024-08-18 19:00:00,0.0
2024-08-18 20:00:00,0.0
2024-08-18 21:00:00,0.0
2024-08-18 22:00:00,0.0
2024-08-18 23:00:00,0.0
2024-08-19 00:00:00,0.0
2024-08-19 01:00:00,0.0
2024-08-19 02:00:00,0.0
2024-08-19 03:00:00,0.0
2024-08-19 04:00:00,0.0
2024-08-19 05:00:00,0.0
2024-08-19 06:00:00,0.86
2024-08-19 07:00:00,2.43
2024-08-19 08:00:00,12.26
2024-08-19 09:00:00,42.63
2024-08-19 10:00:00,152.45
2024-08-19 11:00:00,350.55
2024-08-19 12:00:00,409.35
2024-08-19 13:00:00,277.27
2024-08-19 14:00:00,189.68
2024-08-19 15:00:00,152.64
2024-08-19 16:00:00,91.62
2024-08-19 17:00:00,51.1
2024-08-19 18:00:00,4.52
2024-08-19 19:00:00,0.0
2024-08-19 20:00:00,0.0
2024-08-19 21:00:00,0.0
2024-08-19 22:00:00,0.0
2024-08-19 23:00:00,0.0
2024-08-20 00:00:00,0.0
2024-08-20 01:00:00,0.0
2024-08-20 02:00:00,0.0
2024-08-20 03:00:00,0.0
2024-08-20 04:00:00,0.0
2024-08-20 05:00:00,0.0
2024-08-20 06:00:00,5.16
2024-08-20 07:00:00,59.7
2024-08-20 08:00:00,164.93
2024-08-20 09:00:00,99.38
2024-08-20 10:00:00,90.35
2024-08-20 11:00:00,120.81
2024-08-20 12:00:00,375.88
2024-08-20 13:00:00,244.03
2024-08-20 14:00:00,232.87
2024-08-20 15:00:00,147.16
2024-08-20 16:00:00,87.01
2024-08-20 17:00:00,32.44
2024-08-20 18:00:00,3.43
2024-08-20 19:00:00,0.0
2024-08-20 20:00:00,0.0
2024-08-20 21:00:00,0.0
2024-08-20 22:00:00,0.0
2024-08-20 23:00:00,0.0
2024-08-21 00:00:00,0.0
2024-08-21 01:00:00,0.0
2024-08-21 02:00:00,0.0
2024-08-21 03:00:00,0.0
2024-08-21 04:00:00,0.0
2024-08-21 05:00:00,0.0
2024-08-21 06:00:00,11.51
2024-08-21 07:00:00,99.22
2024-08-21 08:00:00,87.88
2024-08-21 09:00:00,198.37
2024-08-21 10:00:00,327.13
2024-08-21 11:00:00,350.14
2024-08-21 12:00:00,363.12
2024-08-21 13:00:00,317.78
2024-08-21 14:00:00,207.94
2024-08-21 15:00:00,119.99
2024-08-21 16:00:00,53.56
2024-08-21 17:00:00,16.28
2024-08-21 18:00:00,1.01
2024-08-21 19:00:00,0.0
2024-08-21 20:00:00,0.0
2024-08-21 21:00:00,0.0
2024-08-21 22:00:00,0.0
2024-08-21 23:00:00,0.0
2024-08-22 00:00:00,0.0
2024-08-22 01:00:00,0.0
2024-08-22 02:00:00,0.0
2024-08-22 03:00:00,0.0
2024-08-22 04:00:00,0.0
2024-08-22 05:00:00,0.0
2024-08-22 06:00:00,0.0
2024-08-22 07:00:00,22.34
2024-08-22 08:00:00,114.14
2024-08-22 09:00:00,138.76
2024-08-22 10:00:00,85.81
2024-08-22 11:00:00,24.66
2024-08-22 12:00:00,24.63
2024-08-22 13:00:00,22.34
2024-08-22 14:00:00,21.61
2024-08-22 15:00:00,18.99
2024-08-22 16:00:00,15.86
2024-08-22 17:00:00,14.1
2024-08-22 18:00:00,0.0
2024-08-22 19:00:00,0.0
2024-08-22 20:00:00,0.0
2024-08-22 21:00:00,0.0
2024-08-22 22:00:00,0.0
2024-08-22 23:00:00,0.0
2024-08-23 00:00:00,0.0
2024-08-23 01:00:00,0.0
2024-08-23 02:00:00,0.0
2024-08-23 03:00:00,0.0
2024-08-23 04:00:00,0.0
2024-08-23 05:00:00,0.0
2024-08-23 06:00:00,0.0
2024-08-23 07:00:00,0.0
2024-08-23 08:00:00,0.0
2024-08-23 09:00:00,0.0
2024-08-23 10:00:00,20.86
2024-08-23 11:00:00,4.29
2024-08-23 12:00:00,24.44
2024-08-23 13:00:00,0.45
2024-08-23 14:00:00,30.82
2024-08-23 15:00:00,20.86
2024-08-23 16:00:00,0.0
2024-08-23 17:00:00,0.0
2024-08-23 18:00:00,0.0
2024-08-23 19:00:00,0.0
2024-08-23 20:00:00,0.0
2024-08-23 21:00:00,0.0
2024-08-23 22:00:00,0.0
2024-08-23 23:00:00,0.0
2024-08-24 00:00:00,0.0
2024-08-24 01:00:00,0.0
2024-08-24 02:00:00,0.0
2024-08-24 03:00:00,0.0
2024-08-24 04:00:00,0.0
2024-08-24 05:00:00,0.0
2024-08-24 06:00:00,0.75
2024-08-24 07:00:00,1.85
2024-08-24 08:00:00,3.05
2024-08-24 09:00:00,22.35
2024-08-24 10:00:00,66.68
2024-08-24 11:00:00,79.31
2024-08-24 12:00:00,240.32
2024-08-24 13:00:00,288.15
2024-08-24 14:00:00,129.14
2024-08-24 15:00:00,44.88
2024-08-24 16:00:00,24.53
2024-08-24 17:00:00,7.34
2024-08-24 18:00:00,0.0
2024-08-24 19:00:00,0.0
2024-08-24 20:00:00,0.0
2024-08-24 21:00:00,0.0
2024-08-24 22:00:00,0.0
2024-08-24 23:00:00,0.0
2024-08-25 00:00:00,0.0
2024-08-25 01:00:00,0.0
2024-08-25 02:00:00,0.0
2024-08-25 03:00:00,0.0
2024-08-25 04:00:00,0.0
2024-08-25 05:00:00,0.0
2024-08-25 06:00:00,3.79
2024-08-25 07:00:00,31.89
2024-08-25 08:00:00,40.44
2024-08-25 09:00:00,98.9
2024-08-25 10:00:00,139.39
2024-08-25 11:00:00,222.41
2024-08-25 12:00:00,152.35
2024-08-25 13:00:00,267.25
2024-08-25 14:00:00,285.15
2024-08-25 15:00:00,192.21
2024-08-25 16:00:00,113.96
2024-08-25 17:00:00,49.78
2024-08-25 18:00:00,1.24
2024-08-25 19:00:00,0.0
2024-08-25 20:00:00,0.0
2024-08-25 21:00:00,0.0
2024-08-25 22:00:00,0.0
2024-08-25 23:00:00,0.0
2024-08-26 00:00:00,0.0
2024-08-26 01:00:00,0.0
2024-08-26 02:00:00,0.0
2024-08-26 03:00:00,0.0
2024-08-26 04:00:00,0.0
2024-08-26 05:00:00,0.0
2024-08-26 06:00:00,3.35
2024-08-26 07:00:00,36.73
2024-08-26 08:00:00,70.0
2024-08-26 09:00:00,41.86
2024-08-26 10:00:00,127.97
2024-08-26 11:00:00,231.85
2024-08-26 12:00:00,235.61
2024-08-26 13:00:00,172.2
2024-08-26 14:00:00,109.81
2024-08-26 15:00:00,22.64
2024-08-26 16:00:00,2.37
2024-08-26 17:00:00,0.0
2024-08-26 18:00:00,0.0
2024-08-26 19:00:00,0.0
2024-08-26 20:00:00,0.0
2024-08-26 21:00:00,0.0
2024-08-26 22:00:00,0.0
2024-08-26 23:00:00,0.0
2024-08-27 00:00:00,0.0
2024-08-27 01:00:00,0.0
2024-08-27 02:00:00,0.0
2024-08-27 03:00:00,0.0
2024-08-27 04:00:00,0.0
2024-08-27 05:00:00,0.0
2024-08-27 06:00:00,0.0
2024-08-27 07:00:00,0.0
2024-08-27 08:00:00,0.0
2024-08-27 09:00:00,0.0
2024-08-27 10:00:00,25.53
2024-08-27 11:00:00,8.52
2024-08-27 12:00:00,43.08
2024-08-27 13:00:00,56.39
2024-08-27 14:00:00,49.21
2024-08-27 15:00:00,32.58
2024-08-27 16:00:00,24.25
2024-08-27 17:00:00,10.66
2024-08-27 18:00:00,0.0
2024-08-27 19:00:00,0.0
2024-08-27 20:00:00,0.0
2024-08-27 21:00:00,0.0
2024-08-27 22:00:00,0.0
2024-08-27 23:00:00,0.0
2024-08-28 00:00:00,0.0
2024-08-28 01:00:00,0.0
2024-08-28 02:00:00,0.0
2024-08-28 03:00:00,0.0
2024-08-28 04:00:00,0.0
2024-08-28 05:00:00,0.0
2024-08-28 06:00:00,9.82
2024-08-28 07:00:00,59.61
2024-08-28 08:00:00,52.54
2024-08-28 09:00:00,54.65
2024-08-28 10:00:00,171.8
2024-08-28 11:00:00,387.71
2024-08-28 12:00:00,186.24
2024-08-28 13:00:00,166.01
2024-08-28 14:00:00,96.57
2024-08-28 15:00:00,18.24
2024-08-28 16:00:00,4.13
2024-08-28 17:00:00,0.6
2024-08-28 18:00:00,0.0
2024-08-28 19:00:00,0.0
2024-08-28 20:00:00,0.0
2024-08-28 21:00:00,0.0
2024-08-28 22:00:00,0.0
2024-08-28 23:00:00,0.0
2024-08-29 00:00:00,0.0
2024-08-29 01:00:00,0.0
2024-08-29 02:00:00,0.0
2024-08-29 03:00:00,0.0
2024-08-29 04:00:00,0.0
2024-08-29 05:00:00,0.0
2024-08-29 06:00:00,15.76
2024-08-29 07:00:00,96.7
2024-08-29 08:00:00,37.62
2024-08-29 09:00:00,117.14
2024-08-29 10:00:00,232.12
2024-08-29 11:00:00,366.26
2024-08-29 12:00:00,332.25
2024-08-29 13:00:00,445.71
2024-08-29 14:00:00,264.21
2024-08-29 15:00:00,232.69
2024-08-29 16:00:00,151.21
2024-08-29 17:00:00,68.31
2024-08-29 18:00:00,2.27
2024-08-29 19:00:00,0.0
2024-08-29 20:00:00,0.0
2024-08-29 21:00:00,0.0
2024-08-29 22:00:00,0.0
2024-08-29 23:00:00,0.0
2024-08-30 00:00:00,0.0
2024-08-30 01:00:00,0.0
2024-08-30 02:00:00,0.0
2024-08-30 03:00:00,0.0
2024-08-30 04:00:00,0.0
2024-08-30 05:00:00,0.0
2024-08-30 06:00:00,33.25
2024-08-30 07:00:00,200.07
2024-08-30 08:00:00,316.77
2024-08-30 09:00:00,404.71
2024-08-30 10:00:00,566.82
2024-08-30 11:00:00,533.59
2024-08-30 12:00:00,391.72
2024-08-30 13:00:00,382.95
2024-08-30 14:00:00,363.04
2024-08-30 15:00:00,374.71
2024-08-30 16:00:00,246.95
2024-08-30 17:00:00,100.43
2024-08-30 18:00:00,2.2
2024-08-30 19:00:00,0.0
2024-08-30 20:00:00,0.0
2024-08-30 21:00:00,0.0
2024-08-30 22:00:00,0.0
2024-08-30 23:00:00,0.0
2024-08-31 00:00:00,0.0
2024-08-31 01:00:00,0.0
2024-08-31 02:00:00,0.0
2024-08-31 03:00:00,0.0
2024-08-31 04:00:00,0.0
2024-08-31 05:00:00,0.0
2024-08-31 06:00:00,15.41
2024-08-31 07:00:00,107.31
2024-08-31 08:00:00,175.93
2024-08-31 09:00:00,270.51
2024-08-31 10:00:00,289.09
2024-08-31 11:00:00,353.35
2024-08-31 12:00:00,263.78
2024-08-31 13:00:00,377.85
2024-08-31 14:00:00,372.45
2024-08-31 15:00:00,317.89
2024-08-31 16:00:00,192.63
2024-08-31 17:00:00,65.67
2024-08-31 18:00:00,1.38
2024-08-31 19:00:00,0.0
2024-08-31 20:00:00,0.0
2024-08-31 21:00:00,0.0
2024-08-31 22:00:00,0.0
2024-08-31 23:00:00,0.0
2024-09-01 00:00:00,0.0
2024-09-01 01:00:00,0.0
2024-09-01 02:00:00,0.0
2024-09-01 03:00:00,0.0
2024-09-01 04:00:00,0.0
2024-09-01 05:00:00,0.0
2024-09-01 06:00:00,2.39
2024-09-01 07:00:00,12.44
2024-09-01 08:00:00,37.82
2024-09-01 09:00:00,31.83
2024-09-01 10:00:00,29.96
2024-09-01 11:00:00,26.16
2024-09-01 12:00:00,26.07
2024-09-01 13:00:00,2.92
2024-09-01 14:00:00,21.46
2024-09-01 15:00:00,22.92
2024-09-01 16:00:00,5.0
2024-09-01 17:00:00,0.0
2024-09-01 18:00:00,0.0
2024-09-01 19:00:00,0.0
2024-09-01 20:00:00,0.0
2024-09-01 21:00:00,0.0
2024-09-01 22:00:00,0.0
2024-09-01 23:00:00,0.0
2024-09-02 00:00:00,0.0
2024-09-02 01:00:00,0.0
2024-09-02 02:00:00,0.0
2024-09-02 03:00:00,0.0
2024-09-02 04:00:00,0.0
2024-09-02 05:00:00,0.0
2024-09-02 06:00:00,16.19
2024-09-02 07:00:00,93.82
2024-09-02 08:00:00,78.5
2024-09-02 09:00:00,188.96
2024-09-02 10:00:00,160.78
2024-09-02 11:00:00,174.12
2024-09-02 12:00:00,148.91
2024-09-02 13:00:00,323.65
2024-09-02 14:00:00,151.57
2024-09-02 15:00:00,244.45
2024-09-02 16:00:00,196.12
2024-09-02 17:00:00,133.74
2024-09-02 18:00:00,5.7
2024-09-02 19:00:00,0.0
2024-09-02 20:00:00,0.0
2024-09-02 21:00:00,0.0
2024-09-02 22:00:00,0.0
2024-09-02 23:00:00,0.0
2024-09-03 00:00:00,0.0
2024-09-03 01:00:00,0.0
2024-09-03 02:00:00,0.0
2024-09-03 03:00:00,0.0
2024-09-03 04:00:00,0.0
2024-09-03 05:00:00,0.0
2024-09-03 06:00:00,33.56
2024-09-03 07:00:00,198.21
2024-09-03 08:00:00,302.13
2024-09-03 09:00:00,309.08
2024-09-03 10:00:00,376.71
2024-09-03 11:00:00,457.73
2024-09-03 12:00:00,359.09
2024-09-03 13:00:00,433.55
2024-09-03 14:00:00,299.61
2024-09-03 15:00:00,295.42
2024-09-03 16:00:00,214.09
2024-09-03 17:00:00,73.03
2024-09-03 18:00:00,0.85
2024-09-03 19:00:00,0.0
2024-09-03 20:00:00,0.0
2024-09-03 21:00:00,0.0
2024-09-03 22:00:00,0.0
2024-09-03 23:00:00,0.0
2024-09-04 00:00:00,0.0
2024-09-04 01:00:00,0.0
2024-09-04 02:00:00,0.0
2024-09-04 03:00:00,0.0
2024-09-04 04:00:00,0.0
2024-09-04 05:00:00,0.0
2024-09-04 06:00:00,5.82
2024-09-04 07:00:00,64.51
2024-09-04 08:00:00,156.2
2024-09-04 09:00:00,209.46
2024-09-04 10:00:00,238.43
2024-09-04 11:00:00,407.75
2024-09-04 12:00:00,406.9
2024-09-04 13:00:00,380.36
2024-09-04 14:00:00,344.0
2024-09-04 15:00:00,242.29
2024-09-04 16:00:00,153.33
2024-09-04 17:00:00,56.64
2024-09-04 18:00:00,1.52
2024-09-04 19:00:00,0.0
2024-09-04 20:00:00,0.0
2024-09-04 21:00:00,0.0
2024-09-04 22:00:00,0.0
2024-09-04 23:00:00,0.0
2024-09-05 00:00:00,0.0
2024-09-05 01:00:00,0.0
2024-09-05 02:00:00,0.0
2024-09-05 03:00:00,0.0
2024-09-05 04:00:00,0.0
2024-09-05 05:00:00,0.0
2024-09-05 06:00:00,3.06
2024-09-05 07:00:00,35.17
2024-09-05 08:00:00,119.88
2024-09-05 09:00:00,252.18
2024-09-05 10:00:00,108.14
2024-09-05 11:00:00,103.01
2024-09-05 12:00:00,43.28
2024-09-05 13:00:00,34.97
2024-09-05 14:00:00,6.71
2024-09-05 15:00:00,14.2
2024-09-05 16:00:00,4.46
2024-09-05 17:00:00,2.43
2024-09-05 18:00:00,0.0
2024-09-05 19:00:00,0.0
2024-09-05 20:00:00,0.0
2024-09-05 21:00:00,0.0
2024-09-05 22:00:00,0.0
2024-09-05 23:00:00,0.0
2024-09-06 00:00:00,0.0
2024-09-06 01:00:00,0.0
2024-09-06 02:00:00,0.0
2024-09-06 03:00:00,0.0
2024-09-06 04:00:00,0.0
2024-09-06 05:00:00,0.0
2024-09-06 06:00:00,2.63
2024-09-06 07:00:00,10.17
2024-09-06 08:00:00,15.71
2024-09-06 09:00:00,65.33
2024-09-06 10:00:00,126.32
2024-09-06 11:00:00,323.0
2024-09-06 12:00:00,281.49
2024-09-06 13:00:00,422.14
2024-09-06 14:00:00,240.68
2024-09-06 15:00:00,280.23
2024-09-06 16:00:00,181.23
2024-09-06 17:00:00,64.76
2024-09-06 18:00:00,0.84
2024-09-06 19:00:00,0.0
2024-09-06 20:00:00,0.0
2024-09-06 21:00:00,0.0
2024-09-06 22:00:00,0.0
2024-09-06 23:00:00,0.0
2024-09-07 00:00:00,0.0
2024-09-07 01:00:00,0.0
2024-09-07 02:00:00,0.0
2024-09-07 03:00:00,0.0
2024-09-07 04:00:00,0.0
2024-09-07 05:00:00,0.0
2024-09-07 06:00:00,19.24
2024-09-07 07:00:00,128.54
2024-09-07 08:00:00,85.88
2024-09-07 09:00:00,186.17
2024-09-07 10:00:00,623.24
2024-09-07 11:00:00,602.34
2024-09-07 12:00:00,554.7
2024-09-07 13:00:00,462.02
2024-09-07 14:00:00,376.21
2024-09-07 15:00:00,299.7
2024-09-07 16:00:00,154.27
2024-09-07 17:00:00,45.34
2024-09-07 18:00:00,0.98
2024-09-07 19:00:00,0.0
2024-09-07 20:00:00,0.0
2024-09-07 21:00:00,0.0
2024-09-07 22:00:00,0.0
2024-09-07 23:00:00,0.0
2024-09-08 00:00:00,0.0
2024-09-08 01:00:00,0.0
2024-09-08 02:00:00,0.0
2024-09-08 03:00:00,0.0
2024-09-08 04:00:00,0.0
2024-09-08 05:00:00,0.0
2024-09-08 06:00:00,2.67
2024-09-08 07:00:00,43.06
2024-09-08 08:00:00,141.87
2024-09-08 09:00:00,303.54
2024-09-08 10:00:00,250.39
2024-09-08 11:00:00,356.98
2024-09-08 12:00:00,424.4
2024-09-08 13:00:00,559.59
2024-09-08 14:00:00,482.09
2024-09-08 15:00:00,341.83
2024-09-08 16:00:00,213.06
2024-09-08 17:00:00,87.02
2024-09-08 18:00:00,0.7
2024-09-08 19:00:00,0.0
2024-09-08 20:00:00,0.0
2024-09-08 21:00:00,0.0
2024-09-08 22:00:00,0.0
2024-09-08 23:00:00,0.0
2024-09-09 00:00:00,0.0
2024-09-09 01:00:00,0.0
2024-09-09 02:00:00,0.0
2024-09-09 03:00:00,0.0
2024-09-09 04:00:00,0.0
2024-09-09 05:00:00,0.0
2024-09-09 06:00:00,6.54
2024-09-09 07:00:00,43.69
2024-09-09 08:00:00,69.67
2024-09-09 09:00:00,193.92
2024-09-09 10:00:00,219.09
2024-09-09 11:00:00,82.49
2024-09-09 12:00:00,74.52
2024-09-09 13:00:00,276.56
2024-09-09 14:00:00,173.23
2024-09-09 15:00:00,176.98
2024-09-09 16:00:00,110.17
2024-09-09 17:00:00,51.5
2024-09-09 18:00:00,0.94
2024-09-09 19:00:00,0.0
2024-09-09 20:00:00,0.0
2024-09-09 21:00:00,0.0
2024-09-09 22:00:00,0.0
2024-09-09 23:00:00,0.0
2024-09-10 00:00:00,0.0
2024-09-10 01:00:00,0.0
2024-09-10 02:00:00,0.0
2024-09-10 03:00:00,0.0
2024-09-10 04:00:00,0.0
2024-09-10 05:00:00,0.0
2024-09-10 06:00:00,2.77
2024-09-10 07:00:00,11.21
2024-09-10 08:00:00,24.53
2024-09-10 09:00:00,20.23
2024-09-10 10:00:00,21.27
2024-09-10 11:00:00,24.59
2024-09-10 12:00:00,469.39
2024-09-10 13:00:00,87.21
2024-09-10 14:00:00,89.77
2024-09-10 15:00:00,92.81
2024-09-10 16:00:00,21.38
2024-09-10 17:00:00,2.26
2024-09-10 18:00:00,0.0
2024-09-10 19:00:00,0.0
2024-09-10 20:00:00,0.0
2024-09-10 21:00:00,0.0
2024-09-10 22:00:00,0.0
2024-09-10 23:00:00,0.0
2024-09-11 00:00:00,0.0
2024-09-11 01:00:00,0.0
2024-09-11 02:00:00,0.0
2024-09-11 03:00:00,0.0
2024-09-11 04:00:00,0.0
2024-09-11 05:00:00,0.0
2024-09-11 06:00:00,0.0
2024-09-11 07:00:00,12.0
2024-09-11 08:00:00,20.43
2024-09-11 09:00:00,92.49
2024-09-11 10:00:00,94.05
2024-09-11 11:00:00,84.45
2024-09-11 12:00:00,71.06
2024-09-11 13:00:00,162.5
2024-09-11 14:00:00,268.82
2024-09-11 15:00:00,176.82
2024-09-11 16:00:00,86.45
2024-09-11 17:00:00,15.21
2024-09-11 18:00:00,0.0
2024-09-11 19:00:00,0.0
2024-09-11 20:00:00,0.0
2024-09-11 21:00:00,0.0
2024-09-11 22:00:00,0.0
2024-09-11 23:00:00,0.0
2024-09-12 00:00:00,0.0
2024-09-12 01:00:00,0.0
2024-09-12 02:00:00,0.0
2024-09-12 03:00:00,0.0
2024-09-12 04:00:00,0.0
2024-09-12 05:00:00,0.0
2024-09-12 06:00:00,5.14
2024-09-12 07:00:00,73.16
2024-09-12 08:00:00,226.13
2024-09-12 09:00:00,321.01
2024-09-12 10:00:00,278.92
2024-09-12 11:00:00,118.66
2024-09-12 12:00:00,72.47
2024-09-12 13:00:00,184.51
2024-09-12 14:00:00,78.05
2024-09-12 15:00:00,48.43
2024-09-12 16:00:00,8.12
2024-09-12 17:00:00,2.82
2024-09-12 18:00:00,0.0
2024-09-12 19:00:00,0.0
2024-09-12 20:00:00,0.0
2024-09-12 21:00:00,0.0
2024-09-12 22:00:00,0.0
2024-09-12 23:00:00,0.0
2024-09-13 00:00:00,0.0
2024-09-13 01:00:00,0.0
2024-09-13 02:00:00,0.0
2024-09-13 03:00:00,0.0
2024-09-13 04:00:00,0.0
2024-09-13 05:00:00,0.0
2024-09-13 06:00:00,0.95
2024-09-13 07:00:00,20.39
2024-09-13 08:00:00,81.27
2024-09-13 09:00:00,240.25
2024-09-13 10:00:00,52.92
2024-09-13 11:00:00,100.31
2024-09-13 12:00:00,39.26
2024-09-13 13:00:00,81.28
2024-09-13 14:00:00,155.15
2024-09-13 15:00:00,188.39
2024-09-13 16:00:00,63.21
2024-09-13 17:00:00,15.23
2024-09-13 18:00:00,0.0
2024-09-13 19:00:00,0.0
2024-09-13 20:00:00,0.0
2024-09-13 21:00:00,0.0
2024-09-13 22:00:00,0.0
2024-09-13 23:00:00,0.0
2024-09-14 00:00:00,0.0
2024-09-14 01:00:00,0.0
2024-09-14 02:00:00,0.0
2024-09-14 03:00:00,0.0
2024-09-14 04:00:00,0.0
2024-09-14 05:00:00,0.0
2024-09-14 06:00:00,0.0
2024-09-14 07:00:00,0.0
2024-09-14 08:00:00,7.67
2024-09-14 09:00:00,0.0
2024-09-14 10:00:00,0.0
2024-09-14 11:00:00,0.1
2024-09-14 12:00:00,21.94
2024-09-14 13:00:00,7.62
2024-09-14 14:00:00,35.79
2024-09-14 15:00:00,2.25
2024-09-14 16:00:00,0.15
2024-09-14 17:00:00,0.0
2024-09-14 18:00:00,0.0
2024-09-14 19:00:00,0.0
2024-09-14 20:00:00,0.0
2024-09-14 21:00:00,0.0
2024-09-14 22:00:00,0.0
2024-09-14 23:00:00,0.0
2024-09-15 00:00:00,0.0
2024-09-15 01:00:00,0.0
2024-09-15 02:00:00,0.0
2024-09-15 03:00:00,0.0
2024-09-15 04:00:00,0.0
2024-09-15 05:00:00,0.0
2024-09-15 06:00:00,0.0
2024-09-15 07:00:00,0.0
2024-09-15 08:00:00,6.29
2024-09-15 09:00:00,9.2
2024-09-15 10:00:00,14.89
2024-09-15 11:00:00,32.27
2024-09-15 12:00:00,53.09
2024-09-15 13:00:00,34.38
2024-09-15 14:00:00,41.45
2024-09-15 15:00:00,21.53
2024-09-15 16:00:00,4.22
2024-09-15 17:00:00,5.19
2024-09-15 18:00:00,0.0
2024-09-15 19:00:00,0.0
2024-09-15 20:00:00,0.0
2024-09-15 21:00:00,0.0
2024-09-15 22:00:00,0.0
2024-09-15 23:00:00,0.0
2024-09-16 00:00:00,0.0
2024-09-16 01:00:00,0.0
2024-09-16 02:00:00,0.0
2024-09-16 03:00:00,0.0
2024-09-16 04:00:00,0.0
2024-09-16 05:00:00,0.0
2024-09-16 06:00:00,0.0
2024-09-16 07:00:00,0.0
2024-09-16 08:00:00,0.88
2024-09-16 09:00:00,20.45
2024-09-16 10:00:00,16.17
2024-09-16 11:00:00,18.67
2024-09-16 12:00:00,9.79
2024-09-16 13:00:00,31.85
2024-09-16 14:00:00,2.64
2024-09-16 15:00:00,14.7
2024-09-16 16:00:00,5.8
2024-09-16 17:00:00,2.46
2024-09-16 18:00:00,0.0
2024-09-16 19:00:00,0.0
2024-09-16 20:00:00,0.0
2024-09-16 21:00:00,0.0
2024-09-16 22:00:00,0.0
2024-09-16 23:00:00,0.0
2024-09-17 00:00:00,0.0
2024-09-17 01:00:00,0.0
2024-09-17 02:00:00,0.0
2024-09-17 03:00:00,0.0
2024-09-17 04:00:00,0.0
2024-09-17 05:00:00,0.0
2024-09-17 06:00:00,0.0
2024-09-17 07:00:00,0.0
2024-09-17 08:00:00,0.0
2024-09-17 09:00:00,0.42
2024-09-17 10:00:00,27.51
2024-09-17 11:00:00,16.13
2024-09-17 12:00:00,42.86
2024-09-17 13:00:00,243.48
2024-09-17 14:00:00,179.18
2024-09-17 15:00:00,124.21
2024-09-17 16:00:00,96.35
2024-09-17 17:00:00,44.17
2024-09-17 18:00:00,0.0
2024-09-17 19:00:00,0.0
2024-09-17 20:00:00,0.0
2024-09-17 21:00:00,0.0
2024-09-17 22:00:00,0.0
2024-09-17 23:00:00,0.0
2024-09-18 00:00:00,0.0
2024-09-18 01:00:00,0.0
2024-09-18 02:00:00,0.0
2024-09-18 03:00:00,0.0
2024-09-18 04:00:00,0.0
2024-09-18 05:00:00,0.0
2024-09-18 06:00:00,13.51
2024-09-18 07:00:00,111.96
2024-09-18 08:00:00,168.38
2024-09-18 09:00:00,368.83
2024-09-18 10:00:00,463.85
2024-09-18 11:00:00,576.48
2024-09-18 12:00:00,646.74
2024-09-18 13:00:00,553.1
2024-09-18 14:00:00,550.9
2024-09-18 15:00:00,502.14
2024-09-18 16:00:00,340.85
2024-09-18 17:00:00,116.29
2024-09-18 18:00:00,0.0
2024-09-18 19:00:00,0.0
2024-09-18 20:00:00,0.0
2024-09-18 21:00:00,0.0
2024-09-18 22:00:00,0.0
2024-09-18 23:00:00,0.0
2024-09-19 00:00:00,0.0
2024-09-19 01:00:00,0.0
2024-09-19 02:00:00,0.0
2024-09-19 03:00:00,0.0
2024-09-19 04:00:00,0.0
2024-09-19 05:00:00,0.0
2024-09-19 06:00:00,21.11
2024-09-19 07:00:00,189.68
2024-09-19 08:00:00,382.12
2024-09-19 09:00:00,381.81
2024-09-19 10:00:00,364.88
2024-09-19 11:00:00,593.96
2024-09-19 12:00:00,554.54
2024-09-19 13:00:00,564.9
2024-09-19 14:00:00,456.56
2024-09-19 15:00:00,304.77
2024-09-19 16:00:00,228.79
2024-09-19 17:00:00,91.05
2024-09-19 18:00:00,0.0
2024-09-19 19:00:00,0.0
2024-09-19 20:00:00,0.0
2024-09-19 21:00:00,0.0
2024-09-19 22:00:00,0.0
2024-09-19 23:00:00,0.0
2024-09-20 00:00:00,0.0
2024-09-20 01:00:00,0.0
2024-09-20 02:00:00,0.0
2024-09-20 03:00:00,0.0
2024-09-20 04:00:00,0.0
2024-09-20 05:00:00,0.0
2024-09-20 06:00:00,12.54
2024-09-20 07:00:00,129.73
2024-09-20 08:00:00,232.32
2024-09-20 09:00:00,455.95
2024-09-20 10:00:00,593.94
2024-09-20 11:00:00,580.95
2024-09-20 12:00:00,460.78
2024-09-20 13:00:00,354.6
2024-09-20 14:00:00,356.09
2024-09-20 15:00:00,368.71
2024-09-20 16:00:00,248.31
2024-09-20 17:00:00,83.57
2024-09-20 18:00:00,0.0
2024-09-20 19:00:00,0.0
2024-09-20 20:00:00,0.0
2024-09-20 21:00:00,0.0
2024-09-20 22:00:00,0.0
2024-09-20 23:00:00,0.0
2024-09-21 00:00:00,0.0
2024-09-21 01:00:00,0.0
2024-09-21 02:00:00,0.0
2024-09-21 03:00:00,0.0
2024-09-21 04:00:00,0.0
2024-09-21 05:00:00,0.0
2024-09-21 06:00:00,7.05
2024-09-21 07:00:00,189.38
2024-09-21 08:00:00,479.67
2024-09-21 09:00:00,564.34
2024-09-21 10:00:00,478.07
2024-09-21 11:00:00,349.94
2024-09-21 12:00:00,326.88
2024-09-21 13:00:00,207.15
2024-09-21 14:00:00,447.42
2024-09-21 15:00:00,290.11
2024-09-21 16:00:00,184.5
2024-09-21 17:00:00,50.5
2024-09-21 18:00:00,0.0
2024-09-21 19:00:00,0.0
2024-09-21 20:00:00,0.0
2024-09-21 21:00:00,0.0
2024-09-21 22:00:00,0.0
2024-09-21 23:00:00,0.0
2024-09-22 00:00:00,0.0
2024-09-22 01:00:00,0.0
2024-09-22 02:00:00,0.0
2024-09-22 03:00:00,0.0
2024-09-22 04:00:00,0.0
2024-09-22 05:00:00,0.0
2024-09-22 06:00:00,0.0
2024-09-22 07:00:00,3.2
2024-09-22 08:00:00,7.33
2024-09-22 09:00:00,69.6
2024-09-22 10:00:00,126.87
2024-09-22 11:00:00,220.83
2024-09-22 12:00:00,343.45
2024-09-22 13:00:00,359.89
2024-09-22 14:00:00,332.14
2024-09-22 15:00:00,368.84
2024-09-22 16:00:00,251.13
2024-09-22 17:00:00,92.09
2024-09-22 18:00:00,0.0
2024-09-22 19:00:00,0.0
2024-09-22 20:00:00,0.0
2024-09-22 21:00:00,0.0
2024-09-22 22:00:00,0.0
2024-09-22 23:00:00,0.0
2024-09-23 00:00:00,0.0
2024-09-23 01:00:00,0.0
2024-09-23 02:00:00,0.0
2024-09-23 03:00:00,0.0
2024-09-23 04:00:00,0.0
2024-09-23 05:00:00,0.0
2024-09-23 06:00:00,12.72
2024-09-23 07:00:00,117.41
2024-09-23 08:00:00,183.77
2024-09-23 09:00:00,346.36
2024-09-23 10:00:00,331.77
2024-09-23 11:00:00,273.02
2024-09-23 12:00:00,222.02
2024-09-23 13:00:00,389.55
2024-09-23 14:00:00,282.39
2024-09-23 15:00:00,233.36
2024-09-23 16:00:00,169.71
2024-09-23 17:00:00,43.16
2024-09-23 18:00:00,0.0
2024-09-23 19:00:00,0.0
2024-09-23 20:00:00,0.0
2024-09-23 21:00:00,0.0
2024-09-23 22:00:00,0.0
2024-09-23 23:00:00,0.0
2024-09-24 00:00:00,0.0
2024-09-24 01:00:00,0.0
2024-09-24 02:00:00,0.0
2024-09-24 03:00:00,0.0
2024-09-24 04:00:00,0.0
2024-09-24 05:00:00,0.0
2024-09-24 06:00:00,1.1
2024-09-24 07:00:00,8.64
2024-09-24 08:00:00,8.24
2024-09-24 09:00:00,104.58
2024-09-24 10:00:00,166.82
2024-09-24 11:00:00,167.75
2024-09-24 12:00:00,119.22
2024-09-24 13:00:00,156.96
2024-09-24 14:00:00,143.39
2024-09-24 15:00:00,92.14
2024-09-24 16:00:00,33.19
2024-09-24 17:00:00,6.12
2024-09-24 18:00:00,0.0
2024-09-24 19:00:00,0.0
2024-09-24 20:00:00,0.0
2024-09-24 21:00:00,0.0
2024-09-24 22:00:00,0.0
2024-09-24 23:00:00,0.0
2024-09-25 00:00:00,0.0
2024-09-25 01:00:00,0.0
2024-09-25 02:00:00,0.0
2024-09-25 03:00:00,0.0
2024-09-25 04:00:00,0.0
2024-09-25 05:00:00,0.0
2024-09-25 06:00:00,0.0
2024-09-25 07:00:00,0.0
2024-09-25 08:00:00,0.0
2024-09-25 09:00:00,0.0
2024-09-25 10:00:00,3.63
2024-09-25 11:00:00,18.82
2024-09-25 12:00:00,34.47
2024-09-25 13:00:00,1.41
2024-09-25 14:00:00,7.81
2024-09-25 15:00:00,9.85
2024-09-25 16:00:00,0.38
2024-09-25 17:00:00,0.0
2024-09-25 18:00:00,0.0
2024-09-25 19:00:00,0.0
2024-09-25 20:00:00,0.0
2024-09-25 21:00:00,0.0
2024-09-25 22:00:00,0.0
2024-09-25 23:00:00,0.0
2024-09-26 00:00:00,0.0
2024-09-26 01:00:00,0.0
2024-09-26 02:00:00,0.0
2024-09-26 03:00:00,0.0
2024-09-26 04:00:00,0.0
2024-09-26 05:00:00,0.0
2024-09-26 06:00:00,0.0
2024-09-26 07:00:00,0.0
2024-09-26 08:00:00,0.0
2024-09-26 09:00:00,2.94
2024-09-26 10:00:00,29.74
2024-09-26 11:00:00,13.73
2024-09-26 12:00:00,3.54
2024-09-26 13:00:00,29.49
2024-09-26 14:00:00,19.23
2024-09-26 15:00:00,4.74
2024-09-26 16:00:00,0.19
2024-09-26 17:00:00,0.0
2024-09-26 18:00:00,0.0
2024-09-26 19:00:00,0.0
2024-09-26 20:00:00,0.0
2024-09-26 21:00:00,0.0
2024-09-26 22:00:00,0.0
2024-09-26 23:00:00,0.0
2024-09-27 00:00:00,0.0
2024-09-27 01:00:00,0.0
2024-09-27 02:00:00,0.0
2024-09-27 03:00:00,0.0
2024-09-27 04:00:00,0.0
2024-09-27 05:00:00,0.0
2024-09-27 06:00:00,0.0
2024-09-27 07:00:00,0.0
2024-09-27 08:00:00,2.32
2024-09-27 09:00:00,17.44
2024-09-27 10:00:00,3.62
2024-09-27 11:00:00,19.5
2024-09-27 12:00:00,16.13
2024-09-27 13:00:00,28.81
2024-09-27 14:00:00,22.05
2024-09-27 15:00:00,34.56
2024-09-27 16:00:00,0.38
2024-09-27 17:00:00,0.0
2024-09-27 18:00:00,0.0
2024-09-27 19:00:00,0.0
2024-09-27 20:00:00,0.0
2024-09-27 21:00:00,0.0
2024-09-27 22:00:00,0.0
2024-09-27 23:00:00,0.0
2024-09-28 00:00:00,0.0
2024-09-28 01:00:00,0.0
2024-09-28 02:00:00,0.0
2024-09-28 03:00:00,0.0
2024-09-28 04:00:00,0.0
2024-09-28 05:00:00,0.0
2024-09-28 06:00:00,0.0
2024-09-28 07:00:00,10.94
2024-09-28 08:00:00,71.88
2024-09-28 09:00:00,95.41
2024-09-28 10:00:00,105.86
2024-09-28 11:00:00,120.27
2024-09-28 12:00:00,148.12
2024-09-28 13:00:00,438.65
2024-09-28 14:00:00,133.87
2024-09-28 15:00:00,143.69
2024-09-28 16:00:00,42.29
2024-09-28 17:00:00,2.39
2024-09-28 18:00:00,0.0
2024-09-28 19:00:00,0.0
2024-09-28 20:00:00,0.0
2024-09-28 21:00:00,0.0
2024-09-28 22:00:00,0.0
2024-09-28 23:00:00,0.0
2024-09-29 00:00:00,0.0
2024-09-29 01:00:00,0.0
2024-09-29 02:00:00,0.0
2024-09-29 03:00:00,0.0
2024-09-29 04:00:00,0.0
2024-09-29 05:00:00,0.0
2024-09-29 06:00:00,1.18
2024-09-29 07:00:00,18.5
2024-09-29 08:00:00,116.37
2024-09-29 09:00:00,162.13
2024-09-29 10:00:00,205.65
2024-09-29 11:00:00,211.94
2024-09-29 12:00:00,162.28
2024-09-29 13:00:00,499.94
2024-09-29 14:00:00,189.69
2024-09-29 15:00:00,193.48
2024-09-29 16:00:00,61.72
2024-09-29 17:00:00,2.83
2024-09-29 18:00:00,0.0
2024-09-29 19:00:00,0.0
2024-09-29 20:00:00,0.0
2024-09-29 21:00:00,0.0
2024-09-29 22:00:00,0.0
2024-09-29 23:00:00,0.0
2024-09-30 00:00:00,0.0
2024-09-30 01:00:00,0.0
2024-09-30 02:00:00,0.0
2024-09-30 03:00:00,0.0
2024-09-30 04:00:00,0.0
2024-09-30 05:00:00,0.0
2024-09-30 06:00:00,19.35
2024-09-30 07:00:00,215.91
2024-09-30 08:00:00,361.93
2024-09-30 09:00:00,449.33
2024-09-30 10:00:00,428.96
2024-09-30 11:00:00,359.03
2024-09-30 12:00:00,380.53
2024-09-30 13:00:00,447.94
2024-09-30 14:00:00,296.18
2024-09-30 15:00:00,230.49
2024-09-30 16:00:00,126.99
2024-09-30 17:00:00,26.09
2024-09-30 18:00:00,0.0
2024-09-30 19:00:00,0.0
2024-09-30 20:00:00,0.0
2024-09-30 21:00:00,0.0
2024-09-30 22:00:00,0.0
2024-09-30 23:00:00,0.0
2024-10-01 00:00:00,0.0
2024-10-01 01:00:00,0.0
2024-10-01 02:00:00,0.0
2024-10-01 03:00:00,0.0
2024-10-01 04:00:00,0.0
2024-10-01 05:00:00,0.0
2024-10-01 06:00:00,8.63
2024-10-01 07:00:00,72.59
2024-10-01 08:00:00,148.15
2024-10-01 09:00:00,190.19
2024-10-01 10:00:00,266.1
2024-10-01 11:00:00,387.82
2024-10-01 12:00:00,499.03
2024-10-01 13:00:00,185.88
2024-10-01 14:00:00,227.0
2024-10-01 15:00:00,167.59
2024-10-01 16:00:00,79.6
2024-10-01 17:00:00,12.96
2024-10-01 18:00:00,0.0
2024-10-01 19:00:00,0.0
2024-10-01 20:00:00,0.0
2024-10-01 21:00:00,0.0
2024-10-01 22:00:00,0.0
2024-10-01 23:00:00,0.0
2024-10-02 00:00:00,0.0
2024-10-02 01:00:00,0.0
2024-10-02 02:00:00,0.0
2024-10-02 03:00:00,0.0
2024-10-02 04:00:00,0.0
2024-10-02 05:00:00,0.0
2024-10-02 06:00:00,4.06
2024-10-02 07:00:00,22.1
2024-10-02 08:00:00,27.41
2024-10-02 09:00:00,95.72
2024-10-02 10:00:00,215.65
2024-10-02 11:00:00,117.33
2024-10-02 12:00:00,60.53
2024-10-02 13:00:00,64.51
2024-10-02 14:00:00,12.26
2024-10-02 15:00:00,26.62
2024-10-02 16:00:00,5.27
2024-10-02 17:00:00,0.86
2024-10-02 18:00:00,0.0
2024-10-02 19:00:00,0.0
2024-10-02 20:00:00,0.0
2024-10-02 21:00:00,0.0
2024-10-02 22:00:00,0.0
2024-10-02 23:00:00,0.0
2024-10-03 00:00:00,0.0
2024-10-03 01:00:00,0.0
2024-10-03 02:00:00,0.0
2024-10-03 03:00:00,0.0
2024-10-03 04:00:00,0.0
2024-10-03 05:00:00,0.0
2024-10-03 06:00:00,3.44
2024-10-03 07:00:00,103.25
2024-10-03 08:00:00,46.07
2024-10-03 09:00:00,74.04
2024-10-03 10:00:00,97.19
2024-10-03 11:00:00,319.83
2024-10-03 12:00:00,227.77
2024-10-03 13:00:00,331.98
2024-10-03 14:00:00,153.19
2024-10-03 15:00:00,104.47
2024-10-03 16:00:00,48.82
2024-10-03 17:00:00,4.66
2024-10-03 18:00:00,0.0
2024-10-03 19:00:00,0.0
2024-10-03 20:00:00,0.0
2024-10-03 21:00:00,0.0
2024-10-03 22:00:00,0.0
2024-10-03 23:00:00,0.0
2024-10-04 00:00:00,0.0
2024-10-04 01:00:00,0.0
2024-10-04 02:00:00,0.0
2024-10-04 03:00:00,0.0
2024-10-04 04:00:00,0.0
2024-10-04 05:00:00,0.0
2024-10-04 06:00:00,2.3
2024-10-04 07:00:00,40.35
2024-10-04 08:00:00,61.39
2024-10-04 09:00:00,28.95
2024-10-04 10:00:00,115.09
2024-10-04 11:00:00,262.49
2024-10-04 12:00:00,255.32
2024-10-04 13:00:00,334.27
2024-10-04 14:00:00,255.23
2024-10-04 15:00:00,198.23
2024-10-04 16:00:00,82.05
2024-10-04 17:00:00,7.18
2024-10-04 18:00:00,0.0
2024-10-04 19:00:00,0.0
2024-10-04 20:00:00,0.0
2024-10-04 21:00:00,0.0
2024-10-04 22:00:00,0.0
2024-10-04 23:00:00,0.0
2024-10-05 00:00:00,0.0
2024-10-05 01:00:00,0.0
2024-10-05 02:00:00,0.0
2024-10-05 03:00:00,0.0
2024-10-05 04:00:00,0.0
2024-10-05 05:00:00,0.0
2024-10-05 06:00:00,6.79
2024-10-05 07:00:00,140.26
2024-10-05 08:00:00,247.77
2024-10-05 09:00:00,376.69
2024-10-05 10:00:00,421.51
2024-10-05 11:00:00,462.35
2024-10-05 12:00:00,505.18
2024-10-05 13:00:00,445.09
2024-10-05 14:00:00,350.03
2024-10-05 15:00:00,291.29
2024-10-05 16:00:00,158.51
2024-10-05 17:00:00,17.17
2024-10-05 18:00:00,0.0
2024-10-05 19:00:00,0.0
2024-10-05 20:00:00,0.0
2024-10-05 21:00:00,0.0
2024-10-05 22:00:00,0.0
2024-10-05 23:00:00,0.0
2024-10-06 00:00:00,0.0
2024-10-06 01:00:00,0.0
2024-10-06 02:00:00,0.0
2024-10-06 03:00:00,0.0
2024-10-06 04:00:00,0.0
2024-10-06 05:00:00,0.0
2024-10-06 06:00:00,6.36
2024-10-06 07:00:00,83.46
2024-10-06 08:00:00,167.3
2024-10-06 09:00:00,98.74
2024-10-06 10:00:00,205.38
2024-10-06 11:00:00,339.56
2024-10-06 12:00:00,307.34
2024-10-06 13:00:00,213.99
2024-10-06 14:00:00,198.21
2024-10-06 15:00:00,154.42
2024-10-06 16:00:00,92.23
2024-10-06 17:00:00,10.7
2024-10-06 18:00:00,0.0
2024-10-06 19:00:00,0.0
2024-10-06 20:00:00,0.0
2024-10-06 21:00:00,0.0
2024-10-06 22:00:00,0.0
2024-10-06 23:00:00,0.0
2024-10-07 00:00:00,0.0
2024-10-07 01:00:00,0.0
2024-10-07 02:00:00,0.0
2024-10-07 03:00:00,0.0
2024-10-07 04:00:00,0.0
2024-10-07 05:00:00,0.0
2024-10-07 06:00:00,1.98
2024-10-07 07:00:00,39.95
2024-10-07 08:00:00,137.06
2024-10-07 09:00:00,7.83
2024-10-07 10:00:00,70.23
2024-10-07 11:00:00,137.64
2024-10-07 12:00:00,126.24
2024-10-07 13:00:00,126.54
2024-10-07 14:00:00,133.2
2024-10-07 15:00:00,97.84
2024-10-07 16:00:00,38.24
2024-10-07 17:00:00,2.33
2024-10-07 18:00:00,0.0
2024-10-07 19:00:00,0.0
2024-10-07 20:00:00,0.0
2024-10-07 21:00:00,0.0
2024-10-07 22:00:00,0.0
2024-10-07 23:00:00,0.0
2024-10-08 00:00:00,0.0
2024-10-08 01:00:00,0.0
2024-10-08 02:00:00,0.0
2024-10-08 03:00:00,0.0
2024-10-08 04:00:00,0.0
2024-10-08 05:00:00,0.0
2024-10-08 06:00:00,0.0
2024-10-08 07:00:00,12.66
2024-10-08 08:00:00,44.69
2024-10-08 09:00:00,68.07
2024-10-08 10:00:00,179.97
2024-10-08 11:00:00,138.33
2024-10-08 12:00:00,168.84
2024-10-08 13:00:00,128.18
2024-10-08 14:00:00,88.62
2024-10-08 15:00:00,59.73
2024-10-08 16:00:00,19.08
2024-10-08 17:00:00,0.89
2024-10-08 18:00:00,0.0
2024-10-08 19:00:00,0.0
2024-10-08 20:00:00,0.0
2024-10-08 21:00:00,0.0
2024-10-08 22:00:00,0.0
2024-10-08 23:00:00,0.0
2024-10-09 00:00:00,0.0
2024-10-09 01:00:00,0.0
2024-10-09 02:00:00,0.0
2024-10-09 03:00:00,0.0
2024-10-09 04:00:00,0.0
2024-10-09 05:00:00,0.0
2024-10-09 06:00:00,1.54
2024-10-09 07:00:00,39.44
2024-10-09 08:00:00,111.56
2024-10-09 09:00:00,36.58
2024-10-09 10:00:00,153.94
2024-10-09 11:00:00,299.77
2024-10-09 12:00:00,185.51
2024-10-09 13:00:00,204.24
2024-10-09 14:00:00,149.73
2024-10-09 15:00:00,125.22
2024-10-09 16:00:00,46.62
2024-10-09 17:00:00,2.55
2024-10-09 18:00:00,0.0
2024-10-09 19:00:00,0.0
2024-10-09 20:00:00,0.0
2024-10-09 21:00:00,0.0
2024-10-09 22:00:00,0.0
2024-10-09 23:00:00,0.0
2024-10-10 00:00:00,0.0
2024-10-10 01:00:00,0.0
2024-10-10 02:00:00,0.0
2024-10-10 03:00:00,0.0
2024-10-10 04:00:00,0.0
2024-10-10 05:00:00,0.0
2024-10-10 06:00:00,1.2
2024-10-10 07:00:00,38.71
2024-10-10 08:00:00,103.05
2024-10-10 09:00:00,27.0
2024-10-10 10:00:00,125.57
2024-10-10 11:00:00,160.61
2024-10-10 12:00:00,105.27
2024-10-10 13:00:00,247.27
2024-10-10 14:00:00,122.34
2024-10-10 15:00:00,110.35
2024-10-10 16:00:00,48.12
2024-10-10 17:00:00,3.82
2024-10-10 18:00:00,0.0
2024-10-10 19:00:00,0.0
2024-10-10 20:00:00,0.0
2024-10-10 21:00:00,0.0
2024-10-10 22:00:00,0.0
2024-10-10 23:00:00,0.0
2024-10-11 00:00:00,0.0
2024-10-11 01:00:00,0.0
2024-10-11 02:00:00,0.0
2024-10-11 03:00:00,0.0
2024-10-11 04:00:00,0.0
2024-10-11 05:00:00,0.0
2024-10-11 06:00:00,2.28
2024-10-11 07:00:00,59.73
2024-10-11 08:00:00,169.57
2024-10-11 09:00:00,124.45
2024-10-11 10:00:00,199.4
2024-10-11 11:00:00,290.81
2024-10-11 12:00:00,174.91
2024-10-11 13:00:00,225.46
2024-10-11 14:00:00,190.71
2024-10-11 15:00:00,135.62
2024-10-11 16:00:00,67.04
2024-10-11 17:00:00,4.03
2024-10-11 18:00:00,0.0
2024-10-11 19:00:00,0.0
2024-10-11 20:00:00,0.0
2024-10-11 21:00:00,0.0
2024-10-11 22:00:00,0.0
2024-10-11 23:00:00,0.0
2024-10-12 00:00:00,0.0
2024-10-12 01:00:00,0.0
2024-10-12 02:00:00,0.0
2024-10-12 03:00:00,0.0
2024-10-12 04:00:00,0.0
2024-10-12 05:00:00,0.0
2024-10-12 06:00:00,4.19
2024-10-12 07:00:00,105.29
2024-10-12 08:00:00,202.8
2024-10-12 09:00:00,301.49
2024-10-12 10:00:00,408.88
2024-10-12 11:00:00,434.76
2024-10-12 12:00:00,332.31
2024-10-12 13:00:00,308.14
2024-10-12 14:00:00,235.77
2024-10-12 15:00:00,182.04
2024-10-12 16:00:00,97.11
2024-10-12 17:00:00,7.9
2024-10-12 18:00:00,0.0
2024-10-12 19:00:00,0.0
2024-10-12 20:00:00,0.0
2024-10-12 21:00:00,0.0
2024-10-12 22:00:00,0.0
2024-10-12 23:00:00,0.0
2024-10-13 00:00:00,0.0
2024-10-13 01:00:00,0.0
2024-10-13 02:00:00,0.0
2024-10-13 03:00:00,0.0
2024-10-13 04:00:00,0.0
2024-10-13 05:00:00,0.0
2024-10-13 06:00:00,3.3
2024-10-13 07:00:00,83.66
2024-10-13 08:00:00,173.55
2024-10-13 09:00:00,134.62
2024-10-13 10:00:00,353.25
2024-10-13 11:00:00,371.4
2024-10-13 12:00:00,225.07
2024-10-13 13:00:00,185.69
2024-10-13 14:00:00,169.1
2024-10-13 15:00:00,125.83
2024-10-13 16:00:00,69.42
2024-10-13 17:00:00,4.58
2024-10-13 18:00:00,0.0
2024-10-13 19:00:00,0.0
2024-10-13 20:00:00,0.0
2024-10-13 21:00:00,0.0
2024-10-13 22:00:00,0.0
2024-10-13 23:00:00,0.0
2024-10-14 00:00:00,0.0
2024-10-14 01:00:00,0.0
2024-10-14 02:00:00,0.0
2024-10-14 03:00:00,0.0
2024-10-14 04:00:00,0.0
2024-10-14 05:00:00,0.0
2024-10-14 06:00:00,3.07
2024-10-14 07:00:00,53.39
2024-10-14 08:00:00,123.04
2024-10-14 09:00:00,103.02
2024-10-14 10:00:00,318.47
2024-10-14 11:00:00,285.98
2024-10-14 12:00:00,195.68
2024-10-14 13:00:00,249.86
2024-10-14 14:00:00,194.49
2024-10-14 15:00:00,139.54
2024-10-14 16:00:00,47.7
2024-10-14 17:00:00,2.83
2024-10-14 18:00:00,0.0
2024-10-14 19:00:00,0.0
2024-10-14 20:00:00,0.0
2024-10-14 21:00:00,0.0
2024-10-14 22:00:00,0.0
2024-10-14 23:00:00,0.0
2024-10-15 00:00:00,0.0
2024-10-15 01:00:00,0.0
2024-10-15 02:00:00,0.0
2024-10-15 03:00:00,0.0
2024-10-15 04:00:00,0.0
2024-10-15 05:00:00,0.0
2024-10-15 06:00:00,1.94
2024-10-15 07:00:00,43.24
2024-10-15 08:00:00,110.32
2024-10-15 09:00:00,73.78
2024-10-15 10:00:00,289.37
2024-10-15 11:00:00,372.16
2024-10-15 12:00:00,287.02
2024-10-15 13:00:00,292.79
2024-10-15 14:00:00,232.6
2024-10-15 15:00:00,182.84
2024-10-15 16:00:00,79.4
2024-10-15 17:00:00,4.99
2024-10-15 18:00:00,0.0
2024-10-15 19:00:00,0.0
2024-10-15 20:00:00,0.0
2024-10-15 21:00:00,0.0
2024-10-15 22:00:00,0.0
2024-10-15 23:00:00,0.0
2024-10-16 00:00:00,0.0
2024-10-16 01:00:00,0.0
2024-10-16 02:00:00,0.0
2024-10-16 03:00:00,0.0
2024-10-16 04:00:00,0.0
2024-10-16 05:00:00,0.0
2024-10-16 06:00:00,0.68
2024-10-16 07:00:00,14.69
2024-10-16 08:00:00,20.65
2024-10-16 09:00:00,27.33
2024-10-16 10:00:00,179.2
2024-10-16 11:00:00,183.64
2024-10-16 12:00:00,110.02
2024-10-16 13:00:00,139.88
2024-10-16 14:00:00,91.52
2024-10-16 15:00:00,45.53
2024-10-16 16:00:00,18.52
2024-10-16 17:00:00,1.07
2024-10-16 18:00:00,0.0
2024-10-16 19:00:00,0.0
2024-10-16 20:00:00,0.0
2024-10-16 21:00:00,0.0
2024-10-16 22:00:00,0.0
2024-10-16 23:00:00,0.0
2024-10-17 00:00:00,0.0
2024-10-17 01:00:00,0.0
2024-10-17 02:00:00,0.0
2024-10-17 03:00:00,0.0
2024-10-17 04:00:00,0.0
2024-10-17 05:00:00,0.0
2024-10-17 06:00:00,1.03
2024-10-17 07:00:00,23.08
2024-10-17 08:00:00,42.62
2024-10-17 09:00:00,44.38
2024-10-17 10:00:00,59.98
2024-10-17 11:00:00,80.33
2024-10-17 12:00:00,26.55
2024-10-17 13:00:00,7.03
2024-10-17 14:00:00,20.24
2024-10-17 15:00:00,17.72
2024-10-17 16:00:00,5.88
2024-10-17 17:00:00,0.45
2024-10-17 18:00:00,0.0
2024-10-17 19:00:00,0.0
2024-10-17 20:00:00,0.0
2024-10-17 21:00:00,0.0
2024-10-17 22:00:00,0.0
2024-10-17 23:00:00,0.0
2024-10-18 00:00:00,0.0
2024-10-18 01:00:00,0.0
2024-10-18 02:00:00,0.0
2024-10-18 03:00:00,0.0
2024-10-18 04:00:00,0.0
2024-10-18 05:00:00,0.0
2024-10-18 06:00:00,0.61
2024-10-18 07:00:00,17.42
2024-10-18 08:00:00,46.35
2024-10-18 09:00:00,69.92
2024-10-18 10:00:00,97.04
2024-10-18 11:00:00,150.51
2024-10-18 12:00:00,20.37
2024-10-18 13:00:00,84.24
2024-10-18 14:00:00,71.4
2024-10-18 15:00:00,60.22
2024-10-18 16:00:00,20.04
2024-10-18 17:00:00,0.56
2024-10-18 18:00:00,0.0
2024-10-18 19:00:00,0.0
2024-10-18 20:00:00,0.0
2024-10-18 21:00:00,0.0
2024-10-18 22:00:00,0.0
2024-10-18 23:00:00,0.0
2024-10-19 00:00:00,0.0
2024-10-19 01:00:00,0.0
2024-10-19 02:00:00,0.0
2024-10-19 03:00:00,0.0
2024-10-19 04:00:00,0.0
2024-10-19 05:00:00,0.0
2024-10-19 06:00:00,0.84
2024-10-19 07:00:00,62.06
2024-10-19 08:00:00,176.91
2024-10-19 09:00:00,262.04
2024-10-19 10:00:00,319.46
2024-10-19 11:00:00,415.34
2024-10-19 12:00:00,341.94
2024-10-19 13:00:00,326.26
2024-10-19 14:00:00,228.63
2024-10-19 15:00:00,135.42
2024-10-19 16:00:00,53.67
2024-10-19 17:00:00,1.04
2024-10-19 18:00:00,0.0
2024-10-19 19:00:00,0.0
2024-10-19 20:00:00,0.0
2024-10-19 21:00:00,0.0
2024-10-19 22:00:00,0.0
2024-10-19 23:00:00,0.0
2024-10-20 00:00:00,0.0
2024-10-20 01:00:00,0.0
2024-10-20 02:00:00,0.0
2024-10-20 03:00:00,0.0
2024-10-20 04:00:00,0.0
2024-10-20 05:00:00,0.0
2024-10-20 06:00:00,0.76
2024-10-20 07:00:00,40.28
2024-10-20 08:00:00,115.94
2024-10-20 09:00:00,171.55
2024-10-20 10:00:00,213.24
2024-10-20 11:00:00,203.95
2024-10-20 12:00:00,234.44
2024-10-20 13:00:00,276.85
2024-10-20 14:00:00,128.3
2024-10-20 15:00:00,97.49
2024-10-20 16:00:00,35.45
2024-10-20 17:00:00,1.97
2024-10-20 18:00:00,0.0
2024-10-20 19:00:00,0.0
2024-10-20 20:00:00,0.0
2024-10-20 21:00:00,0.0
2024-10-20 22:00:00,0.0
2024-10-20 23:00:00,0.0
2024-10-21 00:00:00,0.0
2024-10-21 01:00:00,0.0
2024-10-21 02:00:00,0.0
2024-10-21 03:00:00,0.0
2024-10-21 04:00:00,0.0
2024-10-21 05:00:00,0.0
2024-10-21 06:00:00,0.74
2024-10-21 07:00:00,36.26
2024-10-21 08:00:00,119.92
2024-10-21 09:00:00,160.81
2024-10-21 10:00:00,185.27
2024-10-21 11:00:00,263.61
2024-10-21 12:00:00,353.24
2024-10-21 13:00:00,369.03
2024-10-21 14:00:00,340.36
2024-10-21 15:00:00,222.5
2024-10-21 16:00:00,100.3
2024-10-21 17:00:00,7.48
2024-10-21 18:00:00,0.0
2024-10-21 19:00:00,0.0
2024-10-21 20:00:00,0.0
2024-10-21 21:00:00,0.0
2024-10-21 22:00:00,0.0
2024-10-21 23:00:00,0.0
2024-10-22 00:00:00,0.0
2024-10-22 01:00:00,0.0
2024-10-22 02:00:00,0.0
2024-10-22 03:00:00,0.0
2024-10-22 04:00:00,0.0
2024-10-22 05:00:00,0.0
2024-10-22 06:00:00,6.31
2024-10-22 07:00:00,160.98
2024-10-22 08:00:00,237.68
2024-10-22 09:00:00,355.89
2024-10-22 10:00:00,412.36
2024-10-22 11:00:00,440.99
2024-10-22 12:00:00,557.8
2024-10-22 13:00:00,474.34
2024-10-22 14:00:00,397.98
2024-10-22 15:00:00,381.71
2024-10-22 16:00:00,203.67
2024-10-22 17:00:00,13.59
2024-10-22 18:00:00,0.0
2024-10-22 19:00:00,0.0
2024-10-22 20:00:00,0.0
2024-10-22 21:00:00,0.0
2024-10-22 22:00:00,0.0
2024-10-22 23:00:00,0.0
2024-10-23 00:00:00,0.0
2024-10-23 01:00:00,0.0
2024-10-23 02:00:00,0.0
2024-10-23 03:00:00,0.0
2024-10-23 04:00:00,0.0
2024-10-23 05:00:00,0.0
2024-10-23 06:00:00,7.93
2024-10-23 07:00:00,165.96
2024-10-23 08:00:00,324.81
2024-10-23 09:00:00,385.11
2024-10-23 10:00:00,351.29
2024-10-23 11:00:00,277.8
2024-10-23 12:00:00,897.76
2024-10-23 13:00:00,294.22
2024-10-23 14:00:00,264.81
2024-10-23 15:00:00,91.47
2024-10-23 16:00:00,20.69
2024-10-23 17:00:00,1.93
2024-10-23 18:00:00,0.0
2024-10-23 19:00:00,0.0
2024-10-23 20:00:00,0.0
2024-10-23 21:00:00,0.0
2024-10-23 22:00:00,0.0
2024-10-23 23:00:00,0.0
2024-10-24 00:00:00,0.0
2024-10-24 01:00:00,0.0
2024-10-24 02:00:00,0.0
2024-10-24 03:00:00,0.0
2024-10-24 04:00:00,0.0
2024-10-24 05:00:00,0.0
2024-10-24 06:00:00,0.0
2024-10-24 07:00:00,2.14
2024-10-24 08:00:00,6.04
2024-10-24 09:00:00,26.51
2024-10-24 10:00:00,31.29
2024-10-24 11:00:00,41.02
2024-10-24 12:00:00,15.8
2024-10-24 13:00:00,57.87
2024-10-24 14:00:00,37.16
2024-10-24 15:00:00,16.41
2024-10-24 16:00:00,6.09
2024-10-24 17:00:00,0.0
2024-10-24 18:00:00,0.0
2024-10-24 19:00:00,0.0
2024-10-24 20:00:00,0.0
2024-10-24 21:00:00,0.0
2024-10-24 22:00:00,0.0
2024-10-24 23:00:00,0.0
2024-10-25 00:00:00,0.0
2024-10-25 01:00:00,0.0
2024-10-25 02:00:00,0.0
2024-10-25 03:00:00,0.0
2024-10-25 04:00:00,0.0
2024-10-25 05:00:00,0.0
2024-10-25 06:00:00,0.0
2024-10-25 07:00:00,1.23
2024-10-25 08:00:00,2.83
2024-10-25 09:00:00,5.21
2024-10-25 10:00:00,24.22
2024-10-25 11:00:00,34.98
2024-10-25 12:00:00,22.72
2024-10-25 13:00:00,10.33
2024-10-25 14:00:00,24.57
2024-10-25 15:00:00,36.72
2024-10-25 16:00:00,20.53
2024-10-25 17:00:00,2.22
2024-10-25 18:00:00,0.0
2024-10-25 19:00:00,0.0
2024-10-25 20:00:00,0.0
2024-10-25 21:00:00,0.0
2024-10-25 22:00:00,0.0
2024-10-25 23:00:00,0.0
2024-10-26 00:00:00,0.0
2024-10-26 01:00:00,0.0
2024-10-26 02:00:00,0.0
2024-10-26 03:00:00,0.0
2024-10-26 04:00:00,0.0
2024-10-26 05:00:00,0.0
2024-10-26 06:00:00,0.0
2024-10-26 07:00:00,0.0
2024-10-26 08:00:00,0.0
2024-10-26 09:00:00,0.0
2024-10-26 10:00:00,0.0
2024-10-26 11:00:00,0.0
2024-10-26 12:00:00,0.0
2024-10-26 13:00:00,8.95
2024-10-26 14:00:00,2.48
2024-10-26 15:00:00,0.0
2024-10-26 16:00:00,0.0
2024-10-26 17:00:00,0.0
2024-10-26 18:00:00,0.0
2024-10-26 19:00:00,0.0
2024-10-26 20:00:00,0.0
2024-10-26 21:00:00,0.0
2024-10-26 22:00:00,0.0
2024-10-26 23:00:00,0.0
2024-10-27 00:00:00,0.0
2024-10-27 01:00:00,0.0
2024-10-27 02:00:00,0.0
2024-10-27 03:00:00,0.0
2024-10-27 04:00:00,0.0
2024-10-27 05:00:00,0.0
2024-10-27 06:00:00,2.53
2024-10-27 07:00:00,53.69
2024-10-27 08:00:00,82.55
2024-10-27 09:00:00,11.37
2024-10-27 10:00:00,26.06
2024-10-27 11:00:00,73.23
2024-10-27 12:00:00,5.07
2024-10-27 13:00:00,112.2
2024-10-27 14:00:00,58.24
2024-10-27 15:00:00,87.75
2024-10-27 16:00:00,65.47
2024-10-27 17:00:00,8.25
2024-10-27 18:00:00,0.0
2024-10-27 19:00:00,0.0
2024-10-27 20:00:00,0.0
2024-10-27 21:00:00,0.0
2024-10-27 22:00:00,0.0
2024-10-27 23:00:00,0.0
2024-10-28 00:00:00,0.0
2024-10-28 01:00:00,0.0
2024-10-28 02:00:00,0.0
2024-10-28 03:00:00,0.0
2024-10-28 04:00:00,0.0
2024-10-28 05:00:00,0.0
2024-10-28 06:00:00,0.98
2024-10-28 07:00:00,18.24
2024-10-28 08:00:00,38.76
2024-10-28 09:00:00,53.75
2024-10-28 10:00:00,182.28
2024-10-28 11:00:00,334.62
2024-10-28 12:00:00,362.83
2024-10-28 13:00:00,244.73
2024-10-28 14:00:00,299.01
2024-10-28 15:00:00,201.44
2024-10-28 16:00:00,109.64
2024-10-28 17:00:00,6.22
2024-10-28 18:00:00,0.0
2024-10-28 19:00:00,0.0
2024-10-28 20:00:00,0.0
2024-10-28 21:00:00,0.0
2024-10-28 22:00:00,0.0
2024-10-28 23:00:00,0.0
2024-10-29 00:00:00,0.0
2024-10-29 01:00:00,0.0
2024-10-29 02:00:00,0.0
2024-10-29 03:00:00,0.0
2024-10-29 04:00:00,0.0
2024-10-29 05:00:00,0.0
2024-10-29 06:00:00,5.6
2024-10-29 07:00:00,156.02
2024-10-29 08:00:00,270.27
2024-10-29 09:00:00,352.15
2024-10-29 10:00:00,497.99
2024-10-29 11:00:00,396.65
2024-10-29 12:00:00,325.74
2024-10-29 13:00:00,295.69
2024-10-29 14:00:00,326.29
2024-10-29 15:00:00,260.08
2024-10-29 16:00:00,130.27
2024-10-29 17:00:00,7.57
2024-10-29 18:00:00,0.0
2024-10-29 19:00:00,0.0
2024-10-29 20:00:00,0.0
2024-10-29 21:00:00,0.0
2024-10-29 22:00:00,0.0
2024-10-29 23:00:00,0.0
2024-10-30 00:00:00,0.0
2024-10-30 01:00:00,0.0
2024-10-30 02:00:00,0.0
2024-10-30 03:00:00,0.0
2024-10-30 04:00:00,0.0
2024-10-30 05:00:00,0.0
2024-10-30 06:00:00,9.71
2024-10-30 07:00:00,162.28
2024-10-30 08:00:00,165.86
2024-10-30 09:00:00,24.81
2024-10-30 10:00:00,172.54
2024-10-30 11:00:00,310.77
2024-10-30 12:00:00,284.23
2024-10-30 13:00:00,491.18
2024-10-30 14:00:00,276.37
2024-10-30 15:00:00,214.1
2024-10-30 16:00:00,124.05
2024-10-30 17:00:00,7.62
2024-10-30 18:00:00,0.0
2024-10-30 19:00:00,0.0
2024-10-30 20:00:00,0.0
2024-10-30 21:00:00,0.0
2024-10-30 22:00:00,0.0
2024-10-30 23:00:00,0.0
2024-10-31 00:00:00,0.0
2024-10-31 01:00:00,0.0
2024-10-31 02:00:00,0.0
2024-10-31 03:00:00,0.0
2024-10-31 04:00:00,0.0
2024-10-31 05:00:00,0.0
2024-10-31 06:00:00,3.28
2024-10-31 07:00:00,155.35
2024-10-31 08:00:00,368.23
2024-10-31 09:00:00,561.16
2024-10-31 10:00:00,645.44
2024-10-31 11:00:00,664.77
2024-10-31 12:00:00,672.37
2024-10-31 13:00:00,659.76
2024-10-31 14:00:00,577.93
2024-10-31 15:00:00,455.38
2024-10-31 16:00:00,303.51
2024-10-31 17:00:00,8.16
2024-10-31 18:00:00,0.0
2024-10-31 19:00:00,0.0
2024-10-31 20:00:00,0.0
2024-10-31 21:00:00,0.0
2024-10-31 22:00:00,0.0
2024-10-31 23:00:00,0.0
2024-11-01 00:00:00,0.0
2024-11-01 01:00:00,0.0
2024-11-01 02:00:00,0.0
2024-11-01 03:00:00,0.0
2024-11-01 04:00:00,0.0
2024-11-01 05:00:00,0.0
2024-11-01 06:00:00,2.52
2024-11-01 07:00:00,217.24
2024-11-01 08:00:00,381.95
2024-11-01 09:00:00,524.53
2024-11-01 10:00:00,595.02
2024-11-01 11:00:00,620.61
2024-11-01 12:00:00,652.2
2024-11-01 13:00:00,634.54
2024-11-01 14:00:00,549.54
2024-11-01 15:00:00,434.76
2024-11-01 16:00:00,285.47
2024-11-01 17:00:00,4.82
2024-11-01 18:00:00,0.0
2024-11-01 19:00:00,0.0
2024-11-01 20:00:00,0.0
2024-11-01 21:00:00,0.0
2024-11-01 22:00:00,0.0
2024-11-01 23:00:00,0.0
2024-11-02 00:00:00,0.0
2024-11-02 01:00:00,0.0
2024-11-02 02:00:00,0.0
2024-11-02 03:00:00,0.0
2024-11-02 04:00:00,0.0
2024-11-02 05:00:00,0.0
2024-11-02 06:00:00,0.52
2024-11-02 07:00:00,95.57
2024-11-02 08:00:00,234.69
2024-11-02 09:00:00,319.17
2024-11-02 10:00:00,379.59
2024-11-02 11:00:00,384.63
2024-11-02 12:00:00,412.44
2024-11-02 13:00:00,343.41
2024-11-02 14:00:00,329.51
2024-11-02 15:00:00,227.04
2024-11-02 16:00:00,73.69
2024-11-02 17:00:00,0.44
2024-11-02 18:00:00,0.0
2024-11-02 19:00:00,0.0
2024-11-02 20:00:00,0.0
2024-11-02 21:00:00,0.0
2024-11-02 22:00:00,0.0
2024-11-02 23:00:00,0.0
2024-11-03 00:00:00,0.0
2024-11-03 01:00:00,0.0
2024-11-03 02:00:00,0.0
2024-11-03 03:00:00,0.0
2024-11-03 04:00:00,0.0
2024-11-03 05:00:00,0.0
2024-11-03 06:00:00,0.54
2024-11-03 07:00:00,132.92
2024-11-03 08:00:00,254.89
2024-11-03 09:00:00,287.39
2024-11-03 10:00:00,353.88
2024-11-03 11:00:00,365.74
2024-11-03 12:00:00,244.91
2024-11-03 13:00:00,235.3
2024-11-03 14:00:00,201.81
2024-11-03 15:00:00,217.37
2024-11-03 16:00:00,96.94
2024-11-03 17:00:00,0.0
2024-11-03 18:00:00,0.0
2024-11-03 19:00:00,0.0
2024-11-03 20:00:00,0.0
2024-11-03 21:00:00,0.0
2024-11-03 22:00:00,0.0
2024-11-03 23:00:00,0.0
2024-11-04 00:00:00,0.0
2024-11-04 01:00:00,0.0
2024-11-04 02:00:00,0.0
2024-11-04 03:00:00,0.0
2024-11-04 04:00:00,0.0
2024-11-04 05:00:00,0.0
2024-11-04 06:00:00,0.0
2024-11-04 07:00:00,37.55
2024-11-04 08:00:00,133.1
2024-11-04 09:00:00,204.03
2024-11-04 10:00:00,260.11
2024-11-04 11:00:00,294.1
2024-11-04 12:00:00,279.56
2024-11-04 13:00:00,242.9
2024-11-04 14:00:00,175.97
2024-11-04 15:00:00,107.45
2024-11-04 16:00:00,31.81
2024-11-04 17:00:00,0.0
2024-11-04 18:00:00,0.0
2024-11-04 19:00:00,0.0
2024-11-04 20:00:00,0.0
2024-11-04 21:00:00,0.0
2024-11-04 22:00:00,0.0
2024-11-04 23:00:00,0.0
2024-11-05 00:00:00,0.0
2024-11-05 01:00:00,0.0
2024-11-05 02:00:00,0.0
2024-11-05 03:00:00,0.0
2024-11-05 04:00:00,0.0
2024-11-05 05:00:00,0.0
2024-11-05 06:00:00,0.0
2024-11-05 07:00:00,50.08
2024-11-05 08:00:00,166.28
2024-11-05 09:00:00,187.84
2024-11-05 10:00:00,226.24
2024-11-05 11:00:00,211.31
2024-11-05 12:00:00,230.83
2024-11-05 13:00:00,257.2
2024-11-05 14:00:00,166.96
2024-11-05 15:00:00,113.1
2024-11-05 16:00:00,50.66
2024-11-05 17:00:00,0.94
2024-11-05 18:00:00,0.0
2024-11-05 19:00:00,0.0
2024-11-05 20:00:00,0.0
2024-11-05 21:00:00,0.0
2024-11-05 22:00:00,0.0
2024-11-05 23:00:00,0.0
2024-11-06 00:00:00,0.0
2024-11-06 01:00:00,0.0
2024-11-06 02:00:00,0.0
2024-11-06 03:00:00,0.0
2024-11-06 04:00:00,0.0
2024-11-06 05:00:00,0.0
2024-11-06 06:00:00,0.83
2024-11-06 07:00:00,88.61
2024-11-06 08:00:00,251.71
2024-11-06 09:00:00,308.99
2024-11-06 10:00:00,420.36
2024-11-06 11:00:00,346.86
2024-11-06 12:00:00,280.93
2024-11-06 13:00:00,320.85
2024-11-06 14:00:00,188.76
2024-11-06 15:00:00,131.81
2024-11-06 16:00:00,50.84
2024-11-06 17:00:00,0.51
2024-11-06 18:00:00,0.0
2024-11-06 19:00:00,0.0
2024-11-06 20:00:00,0.0
2024-11-06 21:00:00,0.0
2024-11-06 22:00:00,0.0
2024-11-06 23:00:00,0.0
2024-11-07 00:00:00,0.0
2024-11-07 01:00:00,0.0
2024-11-07 02:00:00,0.0
2024-11-07 03:00:00,0.0
2024-11-07 04:00:00,0.0
2024-11-07 05:00:00,0.0
2024-11-07 06:00:00,0.47
2024-11-07 07:00:00,64.49
2024-11-07 08:00:00,191.36
2024-11-07 09:00:00,308.79
2024-11-07 10:00:00,412.67
2024-11-07 11:00:00,343.42
2024-11-07 12:00:00,337.79
2024-11-07 13:00:00,255.35
2024-11-07 14:00:00,207.91
2024-11-07 15:00:00,157.95
2024-11-07 16:00:00,61.2
2024-11-07 17:00:00,0.6
2024-11-07 18:00:00,0.0
2024-11-07 19:00:00,0.0
2024-11-07 20:00:00,0.0
2024-11-07 21:00:00,0.0
2024-11-07 22:00:00,0.0
2024-11-07 23:00:00,0.0
2024-11-08 00:00:00,0.0
2024-11-08 01:00:00,0.0
2024-11-08 02:00:00,0.0
2024-11-08 03:00:00,0.0
2024-11-08 04:00:00,0.0
2024-11-08 05:00:00,0.0
2024-11-08 06:00:00,0.0
2024-11-08 07:00:00,44.01
2024-11-08 08:00:00,144.39
2024-11-08 09:00:00,213.66
2024-11-08 10:00:00,290.32
2024-11-08 11:00:00,268.96
2024-11-08 12:00:00,344.37
2024-11-08 13:00:00,313.9
2024-11-08 14:00:00,354.76
2024-11-08 15:00:00,242.42
2024-11-08 16:00:00,97.87
2024-11-08 17:00:00,1.02
2024-11-08 18:00:00,0.0
2024-11-08 19:00:00,0.0
2024-11-08 20:00:00,0.0
2024-11-08 21:00:00,0.0
2024-11-08 22:00:00,0.0
2024-11-08 23:00:00,0.0
2024-11-09 00:00:00,0.0
2024-11-09 01:00:00,0.0
2024-11-09 02:00:00,0.0
2024-11-09 03:00:00,0.0
2024-11-09 04:00:00,0.0
2024-11-09 05:00:00,0.0
2024-11-09 06:00:00,0.0
2024-11-09 07:00:00,39.55
2024-11-09 08:00:00,119.88
2024-11-09 09:00:00,167.01
2024-11-09 10:00:00,283.39
2024-11-09 11:00:00,221.16
2024-11-09 12:00:00,475.6
2024-11-09 13:00:00,530.39
2024-11-09 14:00:00,386.18
2024-11-09 15:00:00,286.98
2024-11-09 16:00:00,153.89
2024-11-09 17:00:00,3.92
2024-11-09 18:00:00,0.0
2024-11-09 19:00:00,0.0
2024-11-09 20:00:00,0.0
2024-11-09 21:00:00,0.0
2024-11-09 22:00:00,0.0
2024-11-09 23:00:00,0.0
2024-11-10 00:00:00,0.0
2024-11-10 01:00:00,0.0
2024-11-10 02:00:00,0.0
2024-11-10 03:00:00,0.0
2024-11-10 04:00:00,0.0
2024-11-10 05:00:00,0.0
2024-11-10 06:00:00,0.53
2024-11-10 07:00:00,72.42
2024-11-10 08:00:00,206.51
2024-11-10 09:00:00,313.57
2024-11-10 10:00:00,385.3
2024-11-10 11:00:00,308.68
2024-11-10 12:00:00,208.96
2024-11-10 13:00:00,271.03
2024-11-10 14:00:00,100.25
2024-11-10 15:00:00,84.69
2024-11-10 16:00:00,40.23
2024-11-10 17:00:00,0.43
2024-11-10 18:00:00,0.0
2024-11-10 19:00:00,0.0
2024-11-10 20:00:00,0.0
2024-11-10 21:00:00,0.0
2024-11-10 22:00:00,0.0
2024-11-10 23:00:00,0.0
2024-11-11 00:00:00,0.0
2024-11-11 01:00:00,0.0
2024-11-11 02:00:00,0.0
2024-11-11 03:00:00,0.0
2024-11-11 04:00:00,0.0
2024-11-11 05:00:00,0.0
2024-11-11 06:00:00,0.5
2024-11-11 07:00:00,65.84
2024-11-11 08:00:00,193.87
2024-11-11 09:00:00,332.21
2024-11-11 10:00:00,342.36
2024-11-11 11:00:00,317.83
2024-11-11 12:00:00,454.29
2024-11-11 13:00:00,549.07
2024-11-11 14:00:00,329.34
2024-11-11 15:00:00,290.05
2024-11-11 16:00:00,178.17
2024-11-11 17:00:00,4.35
2024-11-11 18:00:00,0.0
2024-11-11 19:00:00,0.0
2024-11-11 20:00:00,0.0
2024-11-11 21:00:00,0.0
2024-11-11 22:00:00,0.0
2024-11-11 23:00:00,0.0
2024-11-12 00:00:00,0.0
2024-11-12 01:00:00,0.0
2024-11-12 02:00:00,0.0
2024-11-12 03:00:00,0.0
2024-11-12 04:00:00,0.0
2024-11-12 05:00:00,0.0
2024-11-12 06:00:00,0.56
2024-11-12 07:00:00,104.56
2024-11-12 08:00:00,256.48
2024-11-12 09:00:00,365.36
2024-11-12 10:00:00,364.62
2024-11-12 11:00:00,411.05
2024-11-12 12:00:00,412.09
2024-11-12 13:00:00,487.76
2024-11-12 14:00:00,355.47
2024-11-12 15:00:00,282.15
2024-11-12 16:00:00,126.14
2024-11-12 17:00:00,0.87
2024-11-12 18:00:00,0.0
2024-11-12 19:00:00,0.0
2024-11-12 20:00:00,0.0
2024-11-12 21:00:00,0.0
2024-11-12 22:00:00,0.0
2024-11-12 23:00:00,0.0
2024-11-13 00:00:00,0.0
2024-11-13 01:00:00,0.0
2024-11-13 02:00:00,0.0
2024-11-13 03:00:00,0.0
2024-11-13 04:00:00,0.0
2024-11-13 05:00:00,0.0
2024-11-13 06:00:00,0.0
2024-11-13 07:00:00,87.13
2024-11-13 08:00:00,267.77
2024-11-13 09:00:00,266.58
2024-11-13 10:00:00,387.65
2024-11-13 11:00:00,411.07
2024-11-13 12:00:00,288.95
2024-11-13 13:00:00,290.4
2024-11-13 14:00:00,210.78
2024-11-13 15:00:00,129.49
2024-11-13 16:00:00,33.93
2024-11-13 17:00:00,0.0
2024-11-13 18:00:00,0.0
2024-11-13 19:00:00,0.0
2024-11-13 20:00:00,0.0
2024-11-13 21:00:00,0.0
2024-11-13 22:00:00,0.0
2024-11-13 23:00:00,0.0
2024-11-14 00:00:00,0.0
2024-11-14 01:00:00,0.0
2024-11-14 02:00:00,0.0
2024-11-14 03:00:00,0.0
2024-11-14 04:00:00,0.0
2024-11-14 05:00:00,0.0
2024-11-14 06:00:00,0.0
2024-11-14 07:00:00,110.1
2024-11-14 08:00:00,292.22
2024-11-14 09:00:00,278.9
2024-11-14 10:00:00,348.84
2024-11-14 11:00:00,380.93
2024-11-14 12:00:00,341.29
2024-11-14 13:00:00,325.11
2024-11-14 14:00:00,263.88
2024-11-14 15:00:00,235.91
2024-11-14 16:00:00,123.84
2024-11-14 17:00:00,0.0
2024-11-14 18:00:00,0.0
2024-11-14 19:00:00,0.0
2024-11-14 20:00:00,0.0
2024-11-14 21:00:00,0.0
2024-11-14 22:00:00,0.0
2024-11-14 23:00:00,0.0
2024-11-15 00:00:00,0.0
2024-11-15 01:00:00,0.0
2024-11-15 02:00:00,0.0
2024-11-15 03:00:00,0.0
2024-11-15 04:00:00,0.0
2024-11-15 05:00:00,0.0
2024-11-15 06:00:00,0.0
2024-11-15 07:00:00,113.58
2024-11-15 08:00:00,372.37
2024-11-15 09:00:00,352.87
2024-11-15 10:00:00,433.87
2024-11-15 11:00:00,467.04
2024-11-15 12:00:00,495.34
2024-11-15 13:00:00,471.99
2024-11-15 14:00:00,392.93
2024-11-15 15:00:00,399.07
2024-11-15 16:00:00,192.32
2024-11-15 17:00:00,0.48
2024-11-15 18:00:00,0.0
2024-11-15 19:00:00,0.0
2024-11-15 20:00:00,0.0
2024-11-15 21:00:00,0.0
2024-11-15 22:00:00,0.0
2024-11-15 23:00:00,0.0
2024-11-16 00:00:00,0.0
2024-11-16 01:00:00,0.0
2024-11-16 02:00:00,0.0
2024-11-16 03:00:00,0.0
2024-11-16 04:00:00,0.0
2024-11-16 05:00:00,0.0
2024-11-16 06:00:00,0.0
2024-11-16 07:00:00,200.75
2024-11-16 08:00:00,330.1
2024-11-16 09:00:00,381.8
2024-11-16 10:00:00,466.42
2024-11-16 11:00:00,501.03
2024-11-16 12:00:00,512.75
2024-11-16 13:00:00,482.8
2024-11-16 14:00:00,378.29
2024-11-16 15:00:00,375.19
2024-11-16 16:00:00,166.74
2024-11-16 17:00:00,0.46
2024-11-16 18:00:00,0.0
2024-11-16 19:00:00,0.0
2024-11-16 20:00:00,0.0
2024-11-16 21:00:00,0.0
2024-11-16 22:00:00,0.0
2024-11-16 23:00:00,0.0
2024-11-17 00:00:00,0.0
2024-11-17 01:00:00,0.0
2024-11-17 02:00:00,0.0
2024-11-17 03:00:00,0.0
2024-11-17 04:00:00,0.0
2024-11-17 05:00:00,0.0
2024-11-17 06:00:00,0.0
2024-11-17 07:00:00,67.98
2024-11-17 08:00:00,240.64
2024-11-17 09:00:00,348.37
2024-11-17 10:00:00,348.29
2024-11-17 11:00:00,387.56
2024-11-17 12:00:00,467.4
2024-11-17 13:00:00,449.96
2024-11-17 14:00:00,385.37
2024-11-17 15:00:00,338.23
2024-11-17 16:00:00,187.14
2024-11-17 17:00:00,0.5
2024-11-17 18:00:00,0.0
2024-11-17 19:00:00,0.0
2024-11-17 20:00:00,0.0
2024-11-17 21:00:00,0.0
2024-11-17 22:00:00,0.0
2024-11-17 23:00:00,0.0
2024-11-18 00:00:00,0.0
2024-11-18 01:00:00,0.0
2024-11-18 02:00:00,0.0
2024-11-18 03:00:00,0.0
2024-11-18 04:00:00,0.0
2024-11-18 05:00:00,0.0
2024-11-18 06:00:00,0.0
2024-11-18 07:00:00,131.75
2024-11-18 08:00:00,319.46
2024-11-18 09:00:00,348.47
2024-11-18 10:00:00,430.66
2024-11-18 11:00:00,464.59
2024-11-18 12:00:00,462.34
2024-11-18 13:00:00,421.55
2024-11-18 14:00:00,355.29
2024-11-18 15:00:00,241.07
2024-11-18 16:00:00,149.84
2024-11-18 17:00:00,0.0
2024-11-18 18:00:00,0.0
2024-11-18 19:00:00,0.0
2024-11-18 20:00:00,0.0
2024-11-18 21:00:00,0.0
2024-11-18 22:00:00,0.0
2024-11-18 23:00:00,0.0
2024-11-19 00:00:00,0.0
2024-11-19 01:00:00,0.0
2024-11-19 02:00:00,0.0
2024-11-19 03:00:00,0.0
2024-11-19 04:00:00,0.0
2024-11-19 05:00:00,0.0
2024-11-19 06:00:00,0.0
2024-11-19 07:00:00,71.87
2024-11-19 08:00:00,251.64
2024-11-19 09:00:00,241.78
2024-11-19 10:00:00,334.15
2024-11-19 11:00:00,382.86
2024-11-19 12:00:00,366.94
2024-11-19 13:00:00,355.54
2024-11-19 14:00:00,306.45
2024-11-19 15:00:00,217.64
2024-11-19 16:00:00,66.37
2024-11-19 17:00:00,0.0
2024-11-19 18:00:00,0.0
2024-11-19 19:00:00,0.0
2024-11-19 20:00:00,0.0
2024-11-19 21:00:00,0.0
2024-11-19 22:00:00,0.0
2024-11-19 23:00:00,0.0
2024-11-20 00:00:00,0.0
2024-11-20 01:00:00,0.0
2024-11-20 02:00:00,0.0
2024-11-20 03:00:00,0.0
2024-11-20 04:00:00,0.0
2024-11-20 05:00:00,0.0
2024-11-20 06:00:00,0.0
2024-11-20 07:00:00,97.1
2024-11-20 08:00:00,256.37
2024-11-20 09:00:00,263.25
2024-11-20 10:00:00,319.21
2024-11-20 11:00:00,348.16
2024-11-20 12:00:00,412.23
2024-11-20 13:00:00,397.08
2024-11-20 14:00:00,266.48
2024-11-20 15:00:00,195.26
2024-11-20 16:00:00,65.29
2024-11-20 17:00:00,0.0
2024-11-20 18:00:00,0.0
2024-11-20 19:00:00,0.0
2024-11-20 20:00:00,0.0
2024-11-20 21:00:00,0.0
2024-11-20 22:00:00,0.0
2024-11-20 23:00:00,0.0
2024-11-21 00:00:00,0.0
2024-11-21 01:00:00,0.0
2024-11-21 02:00:00,0.0
2024-11-21 03:00:00,0.0
2024-11-21 04:00:00,0.0
2024-11-21 05:00:00,0.0
2024-11-21 06:00:00,0.0
2024-11-21 07:00:00,20.05
2024-11-21 08:00:00,108.61
2024-11-21 09:00:00,197.67
2024-11-21 10:00:00,236.18
2024-11-21 11:00:00,288.53
2024-11-21 12:00:00,308.83
2024-11-21 13:00:00,299.82
2024-11-21 14:00:00,164.11
2024-11-21 15:00:00,113.38
2024-11-21 16:00:00,29.53
2024-11-21 17:00:00,0.0
2024-11-21 18:00:00,0.0
2024-11-21 19:00:00,0.0
2024-11-21 20:00:00,0.0
2024-11-21 21:00:00,0.0
2024-11-21 22:00:00,0.0
2024-11-21 23:00:00,0.0
2024-11-22 00:00:00,0.0
2024-11-22 01:00:00,0.0
2024-11-22 02:00:00,0.0
2024-11-22 03:00:00,0.0
2024-11-22 04:00:00,0.0
2024-11-22 05:00:00,0.0
2024-11-22 06:00:00,0.0
2024-11-22 07:00:00,17.28
2024-11-22 08:00:00,100.74
2024-11-22 09:00:00,181.57
2024-11-22 10:00:00,234.3
2024-11-22 11:00:00,294.76
2024-11-22 12:00:00,301.93
2024-11-22 13:00:00,276.98
2024-11-22 14:00:00,231.27
2024-11-22 15:00:00,245.25
2024-11-22 16:00:00,79.34
2024-11-22 17:00:00,0.0
2024-11-22 18:00:00,0.0
2024-11-22 19:00:00,0.0
2024-11-22 20:00:00,0.0
2024-11-22 21:00:00,0.0
2024-11-22 22:00:00,0.0
2024-11-22 23:00:00,0.0
2024-11-23 00:00:00,0.0
2024-11-23 01:00:00,0.0
2024-11-23 02:00:00,0.0
2024-11-23 03:00:00,0.0
2024-11-23 04:00:00,0.0
2024-11-23 05:00:00,0.0
2024-11-23 06:00:00,0.0
2024-11-23 07:00:00,18.94
2024-11-23 08:00:00,110.82
2024-11-23 09:00:00,195.58
2024-11-23 10:00:00,276.05
2024-11-23 11:00:00,284.25
2024-11-23 12:00:00,269.04
2024-11-23 13:00:00,249.83
2024-11-23 14:00:00,193.29
2024-11-23 15:00:00,110.8
2024-11-23 16:00:00,25.48
2024-11-23 17:00:00,0.0
2024-11-23 18:00:00,0.0
2024-11-23 19:00:00,0.0
2024-11-23 20:00:00,0.0
2024-11-23 21:00:00,0.0
2024-11-23 22:00:00,0.0
2024-11-23 23:00:00,0.0
2024-11-24 00:00:00,0.0
2024-11-24 01:00:00,0.0
2024-11-24 02:00:00,0.0
2024-11-24 03:00:00,0.0
2024-11-24 04:00:00,0.0
2024-11-24 05:00:00,0.0
2024-11-24 06:00:00,0.0
2024-11-24 07:00:00,17.86
2024-11-24 08:00:00,96.17
2024-11-24 09:00:00,177.08
2024-11-24 10:00:00,241.78
2024-11-24 11:00:00,267.35
2024-11-24 12:00:00,177.85
2024-11-24 13:00:00,197.98
2024-11-24 14:00:00,157.68
2024-11-24 15:00:00,116.71
2024-11-24 16:00:00,49.9
2024-11-24 17:00:00,0.0
2024-11-24 18:00:00,0.0
2024-11-24 19:00:00,0.0
2024-11-24 20:00:00,0.0
2024-11-24 21:00:00,0.0
2024-11-24 22:00:00,0.0
2024-11-24 23:00:00,0.0
2024-11-25 00:00:00,0.0
2024-11-25 01:00:00,0.0
2024-11-25 02:00:00,0.0
2024-11-25 03:00:00,0.0
2024-11-25 04:00:00,0.0
2024-11-25 05:00:00,0.0
2024-11-25 06:00:00,0.0
2024-11-25 07:00:00,43.16
2024-11-25 08:00:00,112.59
2024-11-25 09:00:00,102.58
2024-11-25 10:00:00,330.64
2024-11-25 11:00:00,224.83
2024-11-25 12:00:00,144.61
2024-11-25 13:00:00,190.01
2024-11-25 14:00:00,141.32
2024-11-25 15:00:00,79.8
2024-11-25 16:00:00,17.68
2024-11-25 17:00:00,0.0
2024-11-25 18:00:00,0.0
2024-11-25 19:00:00,0.0
2024-11-25 20:00:00,0.0
2024-11-25 21:00:00,0.0
2024-11-25 22:00:00,0.0
2024-11-25 23:00:00,0.0
2024-11-26 00:00:00,0.0
2024-11-26 01:00:00,0.0
2024-11-26 02:00:00,0.0
2024-11-26 03:00:00,0.0
2024-11-26 04:00:00,0.0
2024-11-26 05:00:00,0.0
2024-11-26 06:00:00,0.0
2024-11-26 07:00:00,86.12
2024-11-26 08:00:00,257.72
2024-11-26 09:00:00,302.46
2024-11-26 10:00:00,363.32
2024-11-26 11:00:00,410.16
2024-11-26 12:00:00,251.15
2024-11-26 13:00:00,240.41
2024-11-26 14:00:00,182.41
2024-11-26 15:00:00,113.15
2024-11-26 16:00:00,27.17
2024-11-26 17:00:00,0.0
2024-11-26 18:00:00,0.0
2024-11-26 19:00:00,0.0
2024-11-26 20:00:00,0.0
2024-11-26 21:00:00,0.0
2024-11-26 22:00:00,0.0
2024-11-26 23:00:00,0.0
2024-11-27 00:00:00,0.0
2024-11-27 01:00:00,0.0
2024-11-27 02:00:00,0.0
2024-11-27 03:00:00,0.0
2024-11-27 04:00:00,0.0
2024-11-27 05:00:00,0.0
2024-11-27 06:00:00,0.0
2024-11-27 07:00:00,44.86
2024-11-27 08:00:00,133.33
2024-11-27 09:00:00,231.78
2024-11-27 10:00:00,317.89
2024-11-27 11:00:00,320.42
2024-11-27 12:00:00,397.92
2024-11-27 13:00:00,362.11
2024-11-27 14:00:00,265.55
2024-11-27 15:00:00,164.84
2024-11-27 16:00:00,40.23
2024-11-27 17:00:00,0.0
2024-11-27 18:00:00,0.0
2024-11-27 19:00:00,0.0
2024-11-27 20:00:00,0.0
2024-11-27 21:00:00,0.0
2024-11-27 22:00:00,0.0
2024-11-27 23:00:00,0.0
2024-11-28 00:00:00,0.0
2024-11-28 01:00:00,0.0
2024-11-28 02:00:00,0.0
2024-11-28 03:00:00,0.0
2024-11-28 04:00:00,0.0
2024-11-28 05:00:00,0.0
2024-11-28 06:00:00,0.0
2024-11-28 07:00:00,4.79
2024-11-28 08:00:00,25.79
2024-11-28 09:00:00,81.73
2024-11-28 10:00:00,140.45
2024-11-28 11:00:00,233.11
2024-11-28 12:00:00,199.05
2024-11-28 13:00:00,247.85
2024-11-28 14:00:00,155.88
2024-11-28 15:00:00,150.72
2024-11-28 16:00:00,55.22
2024-11-28 17:00:00,0.0
2024-11-28 18:00:00,0.0
2024-11-28 19:00:00,0.0
2024-11-28 20:00:00,0.0
2024-11-28 21:00:00,0.0
2024-11-28 22:00:00,0.0
2024-11-28 23:00:00,0.0
2024-11-29 00:00:00,0.0
2024-11-29 01:00:00,0.0
2024-11-29 02:00:00,0.0
2024-11-29 03:00:00,0.0
2024-11-29 04:00:00,0.0
2024-11-29 05:00:00,0.0
2024-11-29 06:00:00,0.0
2024-11-29 07:00:00,59.39
2024-11-29 08:00:00,251.91
2024-11-29 09:00:00,365.05
2024-11-29 10:00:00,433.33
2024-11-29 11:00:00,472.95
2024-11-29 12:00:00,770.64
2024-11-29 13:00:00,728.02
2024-11-29 14:00:00,634.39
2024-11-29 15:00:00,486.39
2024-11-29 16:00:00,250.04
2024-11-29 17:00:00,2.85
2024-11-29 18:00:00,0.0
2024-11-29 19:00:00,0.0
2024-11-29 20:00:00,0.0
2024-11-29 21:00:00,0.0
2024-11-29 22:00:00,0.0
2024-11-29 23:00:00,0.0
2024-11-30 00:00:00,0.0
2024-11-30 01:00:00,0.0
2024-11-30 02:00:00,0.0
2024-11-30 03:00:00,0.0
2024-11-30 04:00:00,0.0
2024-11-30 05:00:00,0.0
2024-11-30 06:00:00,0.0
2024-11-30 07:00:00,110.86
2024-11-30 08:00:00,236.12
2024-11-30 09:00:00,236.89
2024-11-30 10:00:00,246.04
2024-11-30 11:00:00,236.11
2024-11-30 12:00:00,296.48
2024-11-30 13:00:00,146.06
2024-11-30 14:00:00,114.32
2024-11-30 15:00:00,69.21
2024-11-30 16:00:00,47.98
2024-11-30 17:00:00,0.93
2024-11-30 18:00:00,0.0
2024-11-30 19:00:00,0.0
2024-11-30 20:00:00,0.0
2024-11-30 21:00:00,0.0
2024-11-30 22:00:00,0.0
2024-11-30 23:00:00,0.0
2024-12-01 00:00:00,0.0
2024-12-01 01:00:00,0.0
2024-12-01 02:00:00,0.0
2024-12-01 03:00:00,0.0
2024-12-01 04:00:00,0.0
2024-12-01 05:00:00,0.0
2024-12-01 06:00:00,0.0
2024-12-01 07:00:00,31.84
2024-12-01 08:00:00,78.51
2024-12-01 09:00:00,139.31
2024-12-01 10:00:00,228.62
2024-12-01 11:00:00,210.57
2024-12-01 12:00:00,240.03
2024-12-01 13:00:00,337.95
2024-12-01 14:00:00,97.73
2024-12-01 15:00:00,57.36
2024-12-01 16:00:00,16.48
2024-12-01 17:00:00,0.0
2024-12-01 18:00:00,0.0
2024-12-01 19:00:00,0.0
2024-12-01 20:00:00,0.0
2024-12-01 21:00:00,0.0
2024-12-01 22:00:00,0.0
2024-12-01 23:00:00,0.0
2024-12-02 00:00:00,0.0
2024-12-02 01:00:00,0.0
2024-12-02 02:00:00,0.0
2024-12-02 03:00:00,0.0
2024-12-02 04:00:00,0.0
2024-12-02 05:00:00,0.0
2024-12-02 06:00:00,0.0
2024-12-02 07:00:00,9.08
2024-12-02 08:00:00,55.16
2024-12-02 09:00:00,132.75
2024-12-02 10:00:00,167.08
2024-12-02 11:00:00,205.23
2024-12-02 12:00:00,213.52
2024-12-02 13:00:00,216.11
2024-12-02 14:00:00,155.12
2024-12-02 15:00:00,91.82
2024-12-02 16:00:00,24.56
2024-12-02 17:00:00,0.0
2024-12-02 18:00:00,0.0
2024-12-02 19:00:00,0.0
2024-12-02 20:00:00,0.0
2024-12-02 21:00:00,0.0
2024-12-02 22:00:00,0.0
2024-12-02 23:00:00,0.0
2024-12-03 00:00:00,0.0
2024-12-03 01:00:00,0.0
2024-12-03 02:00:00,0.0
2024-12-03 03:00:00,0.0
2024-12-03 04:00:00,0.0
2024-12-03 05:00:00,0.0
2024-12-03 06:00:00,0.0
2024-12-03 07:00:00,34.84
2024-12-03 08:00:00,156.6
2024-12-03 09:00:00,272.88
2024-12-03 10:00:00,326.88
2024-12-03 11:00:00,390.64
2024-12-03 12:00:00,507.31
2024-12-03 13:00:00,472.21
2024-12-03 14:00:00,402.3
2024-12-03 15:00:00,276.5
2024-12-03 16:00:00,110.05
2024-12-03 17:00:00,0.54
2024-12-03 18:00:00,0.0
2024-12-03 19:00:00,0.0
2024-12-03 20:00:00,0.0
2024-12-03 21:00:00,0.0
2024-12-03 22:00:00,0.0
2024-12-03 23:00:00,0.0
2024-12-04 00:00:00,0.0
2024-12-04 01:00:00,0.0
2024-12-04 02:00:00,0.0
2024-12-04 03:00:00,0.0
2024-12-04 04:00:00,0.0
2024-12-04 05:00:00,0.0
2024-12-04 06:00:00,0.0
2024-12-04 07:00:00,97.15
2024-12-04 08:00:00,307.64
2024-12-04 09:00:00,388.22
2024-12-04 10:00:00,458.29
2024-12-04 11:00:00,510.23
2024-12-04 12:00:00,416.93
2024-12-04 13:00:00,406.5
2024-12-04 14:00:00,360.59
2024-12-04 15:00:00,339.73
2024-12-04 16:00:00,161.28
2024-12-04 17:00:00,1.11
2024-12-04 18:00:00,0.0
2024-12-04 19:00:00,0.0
2024-12-04 20:00:00,0.0
2024-12-04 21:00:00,0.0
2024-12-04 22:00:00,0.0
2024-12-04 23:00:00,0.0
2024-12-05 00:00:00,0.0
2024-12-05 01:00:00,0.0
2024-12-05 02:00:00,0.0
2024-12-05 03:00:00,0.0
2024-12-05 04:00:00,0.0
2024-12-05 05:00:00,0.0
2024-12-05 06:00:00,0.0
2024-12-05 07:00:00,215.75
2024-12-05 08:00:00,492.91
2024-12-05 09:00:00,643.7
2024-12-05 10:00:00,726.14
2024-12-05 11:00:00,765.36
2024-12-05 12:00:00,774.3
2024-12-05 13:00:00,753.84
2024-12-05 14:00:00,699.79
2024-12-05 15:00:00,566.24
2024-12-05 16:00:00,365.11
2024-12-05 17:00:00,6.08
2024-12-05 18:00:00,0.0
2024-12-05 19:00:00,0.0
2024-12-05 20:00:00,0.0
2024-12-05 21:00:00,0.0
2024-12-05 22:00:00,0.0
2024-12-05 23:00:00,0.0
2024-12-06 00:00:00,0.0
2024-12-06 01:00:00,0.0
2024-12-06 02:00:00,0.0
2024-12-06 03:00:00,0.0
2024-12-06 04:00:00,0.0
2024-12-06 05:00:00,0.0
2024-12-06 06:00:00,0.0
2024-12-06 07:00:00,191.18
2024-12-06 08:00:00,429.09
2024-12-06 09:00:00,573.37
2024-12-06 10:00:00,657.95
2024-12-06 11:00:00,706.18
2024-12-06 12:00:00,663.63
2024-12-06 13:00:00,638.31
2024-12-06 14:00:00,578.67
2024-12-06 15:00:00,446.43
2024-12-06 16:00:00,298.86
2024-12-06 17:00:00,2.16
2024-12-06 18:00:00,0.0
2024-12-06 19:00:00,0.0
2024-12-06 20:00:00,0.0
2024-12-06 21:00:00,0.0
2024-12-06 22:00:00,0.0
2024-12-06 23:00:00,0.0
2024-12-07 00:00:00,0.0
2024-12-07 01:00:00,0.0
2024-12-07 02:00:00,0.0
2024-12-07 03:00:00,0.0
2024-12-07 04:00:00,0.0
2024-12-07 05:00:00,0.0
2024-12-07 06:00:00,0.0
2024-12-07 07:00:00,149.6
2024-12-07 08:00:00,370.66
2024-12-07 09:00:00,518.35
2024-12-07 10:00:00,607.23
2024-12-07 11:00:00,625.27
2024-12-07 12:00:00,614.19
2024-12-07 13:00:00,597.56
2024-12-07 14:00:00,528.69
2024-12-07 15:00:00,406.0
2024-12-07 16:00:00,262.76
2024-12-07 17:00:00,1.5
2024-12-07 18:00:00,0.0
2024-12-07 19:00:00,0.0
2024-12-07 20:00:00,0.0
2024-12-07 21:00:00,0.0
2024-12-07 22:00:00,0.0
2024-12-07 23:00:00,0.0
2024-12-08 00:00:00,0.0
2024-12-08 01:00:00,0.0
2024-12-08 02:00:00,0.0
2024-12-08 03:00:00,0.0
2024-12-08 04:00:00,0.0
2024-12-08 05:00:00,0.0
2024-12-08 06:00:00,0.0
2024-12-08 07:00:00,30.51
2024-12-08 08:00:00,173.42
2024-12-08 09:00:00,280.9
2024-12-08 10:00:00,377.68
2024-12-08 11:00:00,338.02
2024-12-08 12:00:00,415.37
2024-12-08 13:00:00,431.23
2024-12-08 14:00:00,314.6
2024-12-08 15:00:00,223.57
2024-12-08 16:00:00,76.56
2024-12-08 17:00:00,0.0
2024-12-08 18:00:00,0.0
2024-12-08 19:00:00,0.0
2024-12-08 20:00:00,0.0
2024-12-08 21:00:00,0.0
2024-12-08 22:00:00,0.0
2024-12-08 23:00:00,0.0
2024-12-09 00:00:00,0.0
2024-12-09 01:00:00,0.0
2024-12-09 02:00:00,0.0
2024-12-09 03:00:00,0.0
2024-12-09 04:00:00,0.0
2024-12-09 05:00:00,0.0
2024-12-09 06:00:00,0.0
2024-12-09 07:00:00,1.54
2024-12-09 08:00:00,9.78
2024-12-09 09:00:00,19.31
2024-12-09 10:00:00,16.6
2024-12-09 11:00:00,21.74
2024-12-09 12:00:00,19.22
2024-12-09 13:00:00,40.73
2024-12-09 14:00:00,32.02
2024-12-09 15:00:00,10.54
2024-12-09 16:00:00,2.72
2024-12-09 17:00:00,0.0
2024-12-09 18:00:00,0.0
2024-12-09 19:00:00,0.0
2024-12-09 20:00:00,0.0
2024-12-09 21:00:00,0.0
2024-12-09 22:00:00,0.0
2024-12-09 23:00:00,0.0
2024-12-10 00:00:00,0.0
2024-12-10 01:00:00,0.0
2024-12-10 02:00:00,0.0
2024-12-10 03:00:00,0.0
2024-12-10 04:00:00,0.0
2024-12-10 05:00:00,0.0
2024-12-10 06:00:00,0.0
2024-12-10 07:00:00,7.65
2024-12-10 08:00:00,70.73
2024-12-10 09:00:00,172.28
2024-12-10 10:00:00,226.77
2024-12-10 11:00:00,286.56
2024-12-10 12:00:00,223.19
2024-12-10 13:00:00,193.32
2024-12-10 14:00:00,152.67
2024-12-10 15:00:00,86.81
2024-12-10 16:00:00,19.29
2024-12-10 17:00:00,0.0
2024-12-10 18:00:00,0.0
2024-12-10 19:00:00,0.0
2024-12-10 20:00:00,0.0
2024-12-10 21:00:00,0.0
2024-12-10 22:00:00,0.0
2024-12-10 23:00:00,0.0
2024-12-11 00:00:00,0.0
2024-12-11 01:00:00,0.0
2024-12-11 02:00:00,0.0
2024-12-11 03:00:00,0.0
2024-12-11 04:00:00,0.0
2024-12-11 05:00:00,0.0
2024-12-11 06:00:00,0.0
2024-12-11 07:00:00,30.33
2024-12-11 08:00:00,200.56
2024-12-11 09:00:00,312.58
2024-12-11 10:00:00,282.41
2024-12-11 11:00:00,373.44
2024-12-11 12:00:00,399.09
2024-12-11 13:00:00,395.97
2024-12-11 14:00:00,336.47
2024-12-11 15:00:00,250.1
2024-12-11 16:00:00,90.19
2024-12-11 17:00:00,0.48
2024-12-11 18:00:00,0.0
2024-12-11 19:00:00,0.0
2024-12-11 20:00:00,0.0
2024-12-11 21:00:00,0.0
2024-12-11 22:00:00,0.0
2024-12-11 23:00:00,0.0
2024-12-12 00:00:00,0.0
2024-12-12 01:00:00,0.0
2024-12-12 02:00:00,0.0
2024-12-12 03:00:00,0.0
2024-12-12 04:00:00,0.0
2024-12-12 05:00:00,0.0
2024-12-12 06:00:00,0.0
2024-12-12 07:00:00,82.08
2024-12-12 08:00:00,353.91
2024-12-12 09:00:00,513.5
2024-12-12 10:00:00,614.2
2024-12-12 11:00:00,660.24
2024-12-12 12:00:00,669.01
2024-12-12 13:00:00,653.02
2024-12-12 14:00:00,583.22
2024-12-12 15:00:00,434.98
2024-12-12 16:00:00,222.43
2024-12-12 17:00:00,2.4
2024-12-12 18:00:00,0.0
2024-12-12 19:00:00,0.0
2024-12-12 20:00:00,0.0
2024-12-12 21:00:00,0.0
2024-12-12 22:00:00,0.0
2024-12-12 23:00:00,0.0
2024-12-13 00:00:00,0.0
2024-12-13 01:00:00,0.0
2024-12-13 02:00:00,0.0
2024-12-13 03:00:00,0.0
2024-12-13 04:00:00,0.0
2024-12-13 05:00:00,0.0
2024-12-13 06:00:00,0.0
2024-12-13 07:00:00,63.68
2024-12-13 08:00:00,314.55
2024-12-13 09:00:00,429.25
2024-12-13 10:00:00,438.31
2024-12-13 11:00:00,543.52
2024-12-13 12:00:00,471.1
2024-12-13 13:00:00,531.81
2024-12-13 14:00:00,260.58
2024-12-13 15:00:00,232.31
2024-12-13 16:00:00,106.21
2024-12-13 17:00:00,0.45
2024-12-13 18:00:00,0.0
2024-12-13 19:00:00,0.0
2024-12-13 20:00:00,0.0
2024-12-13 21:00:00,0.0
2024-12-13 22:00:00,0.0
2024-12-13 23:00:00,0.0
2024-12-14 00:00:00,0.0
2024-12-14 01:00:00,0.0
2024-12-14 02:00:00,0.0
2024-12-14 03:00:00,0.0
2024-12-14 04:00:00,0.0
2024-12-14 05:00:00,0.0
2024-12-14 06:00:00,0.0
2024-12-14 07:00:00,70.77
2024-12-14 08:00:00,339.01
2024-12-14 09:00:00,487.73
2024-12-14 10:00:00,599.78
2024-12-14 11:00:00,666.92
2024-12-14 12:00:00,682.41
2024-12-14 13:00:00,682.06
2024-12-14 14:00:00,624.64
2024-12-14 15:00:00,495.77
2024-12-14 16:00:00,266.93
2024-12-14 17:00:00,3.98
2024-12-14 18:00:00,0.0
2024-12-14 19:00:00,0.0
2024-12-14 20:00:00,0.0
2024-12-14 21:00:00,0.0
2024-12-14 22:00:00,0.0
2024-12-14 23:00:00,0.0
2024-12-15 00:00:00,0.0
2024-12-15 01:00:00,0.0
2024-12-15 02:00:00,0.0
2024-12-15 03:00:00,0.0
2024-12-15 04:00:00,0.0
2024-12-15 05:00:00,0.0
2024-12-15 06:00:00,0.0
2024-12-15 07:00:00,151.91
2024-12-15 08:00:00,424.73
2024-12-15 09:00:00,580.4
2024-12-15 10:00:00,656.5
2024-12-15 11:00:00,694.53
2024-12-15 12:00:00,587.03
2024-12-15 13:00:00,546.0
2024-12-15 14:00:00,472.61
2024-12-15 15:00:00,347.12
2024-12-15 16:00:00,160.49
2024-12-15 17:00:00,1.32
2024-12-15 18:00:00,0.0
2024-12-15 19:00:00,0.0
2024-12-15 20:00:00,0.0
2024-12-15 21:00:00,0.0
2024-12-15 22:00:00,0.0
2024-12-15 23:00:00,0.0
2024-12-16 00:00:00,0.0
2024-12-16 01:00:00,0.0
2024-12-16 02:00:00,0.0
2024-12-16 03:00:00,0.0
2024-12-16 04:00:00,0.0
2024-12-16 05:00:00,0.0
2024-12-16 06:00:00,0.0
2024-12-16 07:00:00,40.38
2024-12-16 08:00:00,246.18
2024-12-16 09:00:00,387.88
2024-12-16 10:00:00,481.93
2024-12-16 11:00:00,511.85
2024-12-16 12:00:00,506.29
2024-12-16 13:00:00,475.27
2024-12-16 14:00:00,316.97
2024-12-16 15:00:00,348.62
2024-12-16 16:00:00,110.19
2024-12-16 17:00:00,0.86
2024-12-16 18:00:00,0.0
2024-12-16 19:00:00,0.0
2024-12-16 20:00:00,0.0
2024-12-16 21:00:00,0.0
2024-12-16 22:00:00,0.0
2024-12-16 23:00:00,0.0
2024-12-17 00:00:00,0.0
2024-12-17 01:00:00,0.0
2024-12-17 02:00:00,0.0
2024-12-17 03:00:00,0.0
2024-12-17 04:00:00,0.0
2024-12-17 05:00:00,0.0
2024-12-17 06:00:00,0.0
2024-12-17 07:00:00,31.58
2024-12-17 08:00:00,218.89
2024-12-17 09:00:00,342.58
2024-12-17 10:00:00,435.8
2024-12-17 11:00:00,490.34
2024-12-17 12:00:00,542.62
2024-12-17 13:00:00,512.8
2024-12-17 14:00:00,438.18
2024-12-17 15:00:00,378.36
2024-12-17 16:00:00,141.2
2024-12-17 17:00:00,1.23
2024-12-17 18:00:00,0.0
2024-12-17 19:00:00,0.0
2024-12-17 20:00:00,0.0
2024-12-17 21:00:00,0.0
2024-12-17 22:00:00,0.0
2024-12-17 23:00:00,0.0
2024-12-18 00:00:00,0.0
2024-12-18 01:00:00,0.0
2024-12-18 02:00:00,0.0
2024-12-18 03:00:00,0.0
2024-12-18 04:00:00,0.0
2024-12-18 05:00:00,0.0
2024-12-18 06:00:00,0.0
2024-12-18 07:00:00,43.21
2024-12-18 08:00:00,298.26
2024-12-18 09:00:00,458.91
2024-12-18 10:00:00,507.75
2024-12-18 11:00:00,587.35
2024-12-18 12:00:00,651.54
2024-12-18 13:00:00,624.31
2024-12-18 14:00:00,546.35
2024-12-18 15:00:00,416.8
2024-12-18 16:00:00,275.69
2024-12-18 17:00:00,3.55
2024-12-18 18:00:00,0.0
2024-12-18 19:00:00,0.0
2024-12-18 20:00:00,0.0
2024-12-18 21:00:00,0.0
2024-12-18 22:00:00,0.0
2024-12-18 23:00:00,0.0
2024-12-19 00:00:00,0.0
2024-12-19 01:00:00,0.0
2024-12-19 02:00:00,0.0
2024-12-19 03:00:00,0.0
2024-12-19 04:00:00,0.0
2024-12-19 05:00:00,0.0
2024-12-19 06:00:00,0.0
2024-12-19 07:00:00,46.04
2024-12-19 08:00:00,279.55
2024-12-19 09:00:00,427.66
2024-12-19 10:00:00,466.44
2024-12-19 11:00:00,537.16
2024-12-19 12:00:00,735.0
2024-12-19 13:00:00,689.4
2024-12-19 14:00:00,618.61
2024-12-19 15:00:00,484.69
2024-12-19 16:00:00,305.12
2024-12-19 17:00:00,7.89
2024-12-19 18:00:00,0.0
2024-12-19 19:00:00,0.0
2024-12-19 20:00:00,0.0
2024-12-19 21:00:00,0.0
2024-12-19 22:00:00,0.0
2024-12-19 23:00:00,0.0
2024-12-20 00:00:00,0.0
2024-12-20 01:00:00,0.0
2024-12-20 02:00:00,0.0
2024-12-20 03:00:00,0.0
2024-12-20 04:00:00,0.0
2024-12-20 05:00:00,0.0
2024-12-20 06:00:00,0.0
2024-12-20 07:00:00,21.04
2024-12-20 08:00:00,237.02
2024-12-20 09:00:00,378.36
2024-12-20 10:00:00,685.52
2024-12-20 11:00:00,342.45
2024-12-20 12:00:00,667.91
2024-12-20 13:00:00,432.48
2024-12-20 14:00:00,385.79
2024-12-20 15:00:00,260.26
2024-12-20 16:00:00,126.83
2024-12-20 17:00:00,1.82
2024-12-20 18:00:00,0.0
2024-12-20 19:00:00,0.0
2024-12-20 20:00:00,0.0
2024-12-20 21:00:00,0.0
2024-12-20 22:00:00,0.0
2024-12-20 23:00:00,0.0
2024-12-21 00:00:00,0.0
2024-12-21 01:00:00,0.0
2024-12-21 02:00:00,0.0
2024-12-21 03:00:00,0.0
2024-12-21 04:00:00,0.0
2024-12-21 05:00:00,0.0
2024-12-21 06:00:00,0.0
2024-12-21 07:00:00,11.57
2024-12-21 08:00:00,59.81
2024-12-21 09:00:00,86.28
2024-12-21 10:00:00,143.44
2024-12-21 11:00:00,147.78
2024-12-21 12:00:00,112.48
2024-12-21 13:00:00,97.51
2024-12-21 14:00:00,93.09
2024-12-21 15:00:00,52.5
2024-12-21 16:00:00,18.05
2024-12-21 17:00:00,0.0
2024-12-21 18:00:00,0.0
2024-12-21 19:00:00,0.0
2024-12-21 20:00:00,0.0
2024-12-21 21:00:00,0.0
2024-12-21 22:00:00,0.0
2024-12-21 23:00:00,0.0
2024-12-22 00:00:00,0.0
2024-12-22 01:00:00,0.0
2024-12-22 02:00:00,0.0
2024-12-22 03:00:00,0.0
2024-12-22 04:00:00,0.0
2024-12-22 05:00:00,0.0
2024-12-22 06:00:00,0.0
2024-12-22 07:00:00,7.66
2024-12-22 08:00:00,80.76
2024-12-22 09:00:00,169.8
2024-12-22 10:00:00,229.58
2024-12-22 11:00:00,254.8
2024-12-22 12:00:00,153.36
2024-12-22 13:00:00,229.13
2024-12-22 14:00:00,113.64
2024-12-22 15:00:00,99.84
2024-12-22 16:00:00,34.71
2024-12-22 17:00:00,0.0
2024-12-22 18:00:00,0.0
2024-12-22 19:00:00,0.0
2024-12-22 20:00:00,0.0
2024-12-22 21:00:00,0.0
2024-12-22 22:00:00,0.0
2024-12-22 23:00:00,0.0
2024-12-23 00:00:00,0.0
2024-12-23 01:00:00,0.0
2024-12-23 02:00:00,0.0
2024-12-23 03:00:00,0.0
2024-12-23 04:00:00,0.0
2024-12-23 05:00:00,0.0
2024-12-23 06:00:00,0.0
2024-12-23 07:00:00,6.64
2024-12-23 08:00:00,72.52
2024-12-23 09:00:00,146.98
2024-12-23 10:00:00,193.98
2024-12-23 11:00:00,249.09
2024-12-23 12:00:00,245.47
2024-12-23 13:00:00,263.18
2024-12-23 14:00:00,183.17
2024-12-23 15:00:00,133.41
2024-12-23 16:00:00,48.4
2024-12-23 17:00:00,0.45
2024-12-23 18:00:00,0.0
2024-12-23 19:00:00,0.0
2024-12-23 20:00:00,0.0
2024-12-23 21:00:00,0.0
2024-12-23 22:00:00,0.0
2024-12-23 23:00:00,0.0
2024-12-24 00:00:00,0.0
2024-12-24 01:00:00,0.0
2024-12-24 02:00:00,0.0
2024-12-24 03:00:00,0.0
2024-12-24 04:00:00,0.0
2024-12-24 05:00:00,0.0
2024-12-24 06:00:00,0.0
2024-12-24 07:00:00,4.99
2024-12-24 08:00:00,44.13
2024-12-24 09:00:00,77.31
2024-12-24 10:00:00,102.36
2024-12-24 11:00:00,254.19
2024-12-24 12:00:00,381.26
2024-12-24 13:00:00,375.7
2024-12-24 14:00:00,237.36
2024-12-24 15:00:00,173.56
2024-12-24 16:00:00,71.77
2024-12-24 17:00:00,1.11
2024-12-24 18:00:00,0.0
2024-12-24 19:00:00,0.0
2024-12-24 20:00:00,0.0
2024-12-24 21:00:00,0.0
2024-12-24 22:00:00,0.0
2024-12-24 23:00:00,0.0
2024-12-25 00:00:00,0.0
2024-12-25 01:00:00,0.0
2024-12-25 02:00:00,0.0
2024-12-25 03:00:00,0.0
2024-12-25 04:00:00,0.0
2024-12-25 05:00:00,0.0
2024-12-25 06:00:00,0.0
2024-12-25 07:00:00,2.93
2024-12-25 08:00:00,45.29
2024-12-25 09:00:00,111.04
2024-12-25 10:00:00,177.41
2024-12-25 11:00:00,249.45
2024-12-25 12:00:00,250.66
2024-12-25 13:00:00,228.89
2024-12-25 14:00:00,189.89
2024-12-25 15:00:00,97.99
2024-12-25 16:00:00,24.14
2024-12-25 17:00:00,0.0
2024-12-25 18:00:00,0.0
2024-12-25 19:00:00,0.0
2024-12-25 20:00:00,0.0
2024-12-25 21:00:00,0.0
2024-12-25 22:00:00,0.0
2024-12-25 23:00:00,0.0
2024-12-26 00:00:00,0.0
2024-12-26 01:00:00,0.0
2024-12-26 02:00:00,0.0
2024-12-26 03:00:00,0.0
2024-12-26 04:00:00,0.0
2024-12-26 05:00:00,0.0
2024-12-26 06:00:00,0.0
2024-12-26 07:00:00,6.29
2024-12-26 08:00:00,77.68
2024-12-26 09:00:00,162.95
2024-12-26 10:00:00,230.14
2024-12-26 11:00:00,258.3
2024-12-26 12:00:00,273.74
2024-12-26 13:00:00,247.63
2024-12-26 14:00:00,206.12
2024-12-26 15:00:00,193.42
2024-12-26 16:00:00,73.41
2024-12-26 17:00:00,0.43
2024-12-26 18:00:00,0.0
2024-12-26 19:00:00,0.0
2024-12-26 20:00:00,0.0
2024-12-26 21:00:00,0.0
2024-12-26 22:00:00,0.0
2024-12-26 23:00:00,0.0
2024-12-27 00:00:00,0.0
2024-12-27 01:00:00,0.0
2024-12-27 02:00:00,0.0
2024-12-27 03:00:00,0.0
2024-12-27 04:00:00,0.0
2024-12-27 05:00:00,0.0
2024-12-27 06:00:00,0.0
2024-12-27 07:00:00,15.68
2024-12-27 08:00:00,157.87
2024-12-27 09:00:00,292.64
2024-12-27 10:00:00,300.39
2024-12-27 11:00:00,346.04
2024-12-27 12:00:00,507.77
2024-12-27 13:00:00,477.56
2024-12-27 14:00:00,404.96
2024-12-27 15:00:00,356.6
2024-12-27 16:00:00,165.69
2024-12-27 17:00:00,2.89
2024-12-27 18:00:00,0.0
2024-12-27 19:00:00,0.0
2024-12-27 20:00:00,0.0
2024-12-27 21:00:00,0.0
2024-12-27 22:00:00,0.0
2024-12-27 23:00:00,0.0
2024-12-28 00:00:00,0.0
2024-12-28 01:00:00,0.0
2024-12-28 02:00:00,0.0
2024-12-28 03:00:00,0.0
2024-12-28 04:00:00,0.0
2024-12-28 05:00:00,0.0
2024-12-28 06:00:00,0.0
2024-12-28 07:00:00,25.95
2024-12-28 08:00:00,218.47
2024-12-28 09:00:00,363.22
2024-12-28 10:00:00,374.68
2024-12-28 11:00:00,414.49
2024-12-28 12:00:00,510.06
2024-12-28 13:00:00,498.55
2024-12-28 14:00:00,397.33
2024-12-28 15:00:00,287.46
2024-12-28 16:00:00,112.52
2024-12-28 17:00:00,1.99
2024-12-28 18:00:00,0.0
2024-12-28 19:00:00,0.0
2024-12-28 20:00:00,0.0
2024-12-28 21:00:00,0.0
2024-12-28 22:00:00,0.0
2024-12-28 23:00:00,0.0
2024-12-29 00:00:00,0.0
2024-12-29 01:00:00,0.0
2024-12-29 02:00:00,0.0
2024-12-29 03:00:00,0.0
2024-12-29 04:00:00,0.0
2024-12-29 05:00:00,0.0
2024-12-29 06:00:00,0.0
2024-12-29 07:00:00,12.85
2024-12-29 08:00:00,118.74
2024-12-29 09:00:00,271.18
2024-12-29 10:00:00,382.15
2024-12-29 11:00:00,317.47
2024-12-29 12:00:00,531.09
2024-12-29 13:00:00,529.95
2024-12-29 14:00:00,446.25
2024-12-29 15:00:00,338.62
2024-12-29 16:00:00,272.32
2024-12-29 17:00:00,10.04
2024-12-29 18:00:00,0.0
2024-12-29 19:00:00,0.0
2024-12-29 20:00:00,0.0
2024-12-29 21:00:00,0.0
2024-12-29 22:00:00,0.0
2024-12-29 23:00:00,0.0
2024-12-30 00:00:00,0.0
2024-12-30 01:00:00,0.0
2024-12-30 02:00:00,0.0
2024-12-30 03:00:00,0.0
2024-12-30 04:00:00,0.0
2024-12-30 05:00:00,0.0
2024-12-30 06:00:00,0.0
2024-12-30 07:00:00,10.07
2024-12-30 08:00:00,104.62
2024-12-30 09:00:00,201.78
2024-12-30 10:00:00,211.19
2024-12-30 11:00:00,362.2
2024-12-30 12:00:00,444.93
2024-12-30 13:00:00,440.24
2024-12-30 14:00:00,375.48
2024-12-30 15:00:00,311.29
2024-12-30 16:00:00,161.46
2024-12-30 17:00:00,6.97
2024-12-30 18:00:00,0.0
2024-12-30 19:00:00,0.0
2024-12-30 20:00:00,0.0
2024-12-30 21:00:00,0.0
2024-12-30 22:00:00,0.0
2024-12-30 23:00:00,0.0
2024-12-31 00:00:00,0.0
2024-12-31 01:00:00,0.0
2024-12-31 02:00:00,0.0
2024-12-31 03:00:00,0.0
2024-12-31 04:00:00,0.0
2024-12-31 05:00:00,0.0
2024-12-31 06:00:00,0.0
2024-12-31 07:00:00,8.04
2024-12-31 08:00:00,59.47
2024-12-31 09:00:00,102.67
2024-12-31 10:00:00,173.87
2024-12-31 11:00:00,448.65
2024-12-31 12:00:00,541.95
2024-12-31 13:00:00,593.17
2024-12-31 14:00:00,523.77
2024-12-31 15:00:00,403.33
2024-12-31 16:00:00,261.29
2024-12-31 17:00:00,9.69
2024-12-31 18:00:00,0.0
2024-12-31 19:00:00,0.0
2024-12-31 20:00:00,0.0
2024-12-31 21:00:00,0.0
2024-12-31 22:00:00,0.0
2024-12-31 23:00:00,0.0
2025-01-01 00:00:00,0.0
2025-01-01 01:00:00,0.0
2025-01-01 02:00:00,0.0
2025-01-01 03:00:00,0.0
2025-01-01 04:00:00,0.0
2025-01-01 05:00:00,0.0
2025-01-01 06:00:00,0.0
2025-01-01 07:00:00,6.15
2025-01-01 08:00:00,94.4
2025-01-01 09:00:00,216.58
2025-01-01 10:00:00,322.29
2025-01-01 11:00:00,356.6
2025-01-01 12:00:00,506.58
2025-01-01 13:00:00,488.0
2025-01-01 14:00:00,483.59
2025-01-01 15:00:00,317.55
2025-01-01 16:00:00,136.47
2025-01-01 17:00:00,4.07
2025-01-01 18:00:00,0.0
2025-01-01 19:00:00,0.0
2025-01-01 20:00:00,0.0
2025-01-01 21:00:00,0.0
2025-01-01 22:00:00,0.0
2025-01-01 23:00:00,0.0
2025-01-02 00:00:00,0.0
2025-01-02 01:00:00,0.0
2025-01-02 02:00:00,0.0
2025-01-02 03:00:00,0.0
2025-01-02 04:00:00,0.0
2025-01-02 05:00:00,0.0
2025-01-02 06:00:00,0.0
2025-01-02 07:00:00,10.58
2025-01-02 08:00:00,140.08
2025-01-02 09:00:00,306.9
2025-01-02 10:00:00,411.45
2025-01-02 11:00:00,480.98
2025-01-02 12:00:00,557.33
2025-01-02 13:00:00,547.63
2025-01-02 14:00:00,469.7
2025-01-02 15:00:00,371.68
2025-01-02 16:00:00,188.72
2025-01-02 17:00:00,5.95
2025-01-02 18:00:00,0.0
2025-01-02 19:00:00,0.0
2025-01-02 20:00:00,0.0
2025-01-02 21:00:00,0.0
2025-01-02 22:00:00,0.0
2025-01-02 23:00:00,0.0
2025-01-03 00:00:00,0.0
2025-01-03 01:00:00,0.0
2025-01-03 02:00:00,0.0
2025-01-03 03:00:00,0.0
2025-01-03 04:00:00,0.0
2025-01-03 05:00:00,0.0
2025-01-03 06:00:00,0.0
2025-01-03 07:00:00,14.23
2025-01-03 08:00:00,164.18
2025-01-03 09:00:00,323.7
2025-01-03 10:00:00,403.24
2025-01-03 11:00:00,463.84
2025-01-03 12:00:00,437.23
2025-01-03 13:00:00,415.73
2025-01-03 14:00:00,438.0
2025-01-03 15:00:00,268.76
2025-01-03 16:00:00,123.4
2025-01-03 17:00:00,2.83
2025-01-03 18:00:00,0.0
2025-01-03 19:00:00,0.0
2025-01-03 20:00:00,0.0
2025-01-03 21:00:00,0.0
2025-01-03 22:00:00,0.0
2025-01-03 23:00:00,0.0
2025-01-04 00:00:00,0.0
2025-01-04 01:00:00,0.0
2025-01-04 02:00:00,0.0
2025-01-04 03:00:00,0.0
2025-01-04 04:00:00,0.0
2025-01-04 05:00:00,0.0
2025-01-04 06:00:00,0.0
2025-01-04 07:00:00,19.31
2025-01-04 08:00:00,205.8
2025-01-04 09:00:00,355.64
2025-01-04 10:00:00,441.76
2025-01-04 11:00:00,532.75
2025-01-04 12:00:00,509.71
2025-01-04 13:00:00,492.59
2025-01-04 14:00:00,436.58
2025-01-04 15:00:00,406.08
2025-01-04 16:00:00,221.28
2025-01-04 17:00:00,8.24
2025-01-04 18:00:00,0.0
2025-01-04 19:00:00,0.0
2025-01-04 20:00:00,0.0
2025-01-04 21:00:00,0.0
2025-01-04 22:00:00,0.0
2025-01-04 23:00:00,0.0
2025-01-05 00:00:00,0.0
2025-01-05 01:00:00,0.0
2025-01-05 02:00:00,0.0
2025-01-05 03:00:00,0.0
2025-01-05 04:00:00,0.0
2025-01-05 05:00:00,0.0
2025-01-05 06:00:00,0.0
2025-01-05 07:00:00,22.57
2025-01-05 08:00:00,226.44
2025-01-05 09:00:00,387.85
2025-01-05 10:00:00,510.66
2025-01-05 11:00:00,567.1
2025-01-05 12:00:00,393.62
2025-01-05 13:00:00,361.56
2025-01-05 14:00:00,409.47
2025-01-05 15:00:00,376.29
2025-01-05 16:00:00,114.72
2025-01-05 17:00:00,2.92
2025-01-05 18:00:00,0.0
2025-01-05 19:00:00,0.0
2025-01-05 20:00:00,0.0
2025-01-05 21:00:00,0.0
2025-01-05 22:00:00,0.0
2025-01-05 23:00:00,0.0
2025-01-06 00:00:00,0.0
2025-01-06 01:00:00,0.0
2025-01-06 02:00:00,0.0
2025-01-06 03:00:00,0.0
2025-01-06 04:00:00,0.0
2025-01-06 05:00:00,0.0
2025-01-06 06:00:00,0.0
2025-01-06 07:00:00,8.39
2025-01-06 08:00:00,118.06
2025-01-06 09:00:00,228.44
2025-01-06 10:00:00,294.52
2025-01-06 11:00:00,313.39
2025-01-06 12:00:00,308.15
2025-01-06 13:00:00,254.45
2025-01-06 14:00:00,226.5
2025-01-06 15:00:00,161.35
2025-01-06 16:00:00,56.76
2025-01-06 17:00:00,1.33
2025-01-06 18:00:00,0.0
2025-01-06 19:00:00,0.0
2025-01-06 20:00:00,0.0
2025-01-06 21:00:00,0.0
2025-01-06 22:00:00,0.0
2025-01-06 23:00:00,0.0
2025-01-07 00:00:00,0.0
2025-01-07 01:00:00,0.0
2025-01-07 02:00:00,0.0
2025-01-07 03:00:00,0.0
2025-01-07 04:00:00,0.0
2025-01-07 05:00:00,0.0
2025-01-07 06:00:00,0.0
2025-01-07 07:00:00,13.68
2025-01-07 08:00:00,138.84
2025-01-07 09:00:00,248.04
2025-01-07 10:00:00,308.15
2025-01-07 11:00:00,307.38
2025-01-07 12:00:00,207.13
2025-01-07 13:00:00,247.44
2025-01-07 14:00:00,222.62
2025-01-07 15:00:00,160.2
2025-01-07 16:00:00,61.88
2025-01-07 17:00:00,1.47
2025-01-07 18:00:00,0.0
2025-01-07 19:00:00,0.0
2025-01-07 20:00:00,0.0
2025-01-07 21:00:00,0.0
2025-01-07 22:00:00,0.0
2025-01-07 23:00:00,0.0
2025-01-08 00:00:00,0.0
2025-01-08 01:00:00,0.0
2025-01-08 02:00:00,0.0
2025-01-08 03:00:00,0.0
2025-01-08 04:00:00,0.0
2025-01-08 05:00:00,0.0
2025-01-08 06:00:00,0.0
2025-01-08 07:00:00,10.96
2025-01-08 08:00:00,182.48
2025-01-08 09:00:00,384.45
2025-01-08 10:00:00,453.66
2025-01-08 11:00:00,543.75
2025-01-08 12:00:00,557.86
2025-01-08 13:00:00,539.67
2025-01-08 14:00:00,466.14
2025-01-08 15:00:00,432.0
2025-01-08 16:00:00,241.25
2025-01-08 17:00:00,7.65
2025-01-08 18:00:00,0.0
2025-01-08 19:00:00,0.0
2025-01-08 20:00:00,0.0
2025-01-08 21:00:00,0.0
2025-01-08 22:00:00,0.0
2025-01-08 23:00:00,0.0
2025-01-09 00:00:00,0.0
2025-01-09 01:00:00,0.0
2025-01-09 02:00:00,0.0
2025-01-09 03:00:00,0.0
2025-01-09 04:00:00,0.0
2025-01-09 05:00:00,0.0
2025-01-09 06:00:00,0.0
2025-01-09 07:00:00,8.37
2025-01-09 08:00:00,120.74
2025-01-09 09:00:00,253.27
2025-01-09 10:00:00,331.88
2025-01-09 11:00:00,440.64
2025-01-09 12:00:00,370.35
2025-01-09 13:00:00,356.21
2025-01-09 14:00:00,386.1
2025-01-09 15:00:00,298.1
2025-01-09 16:00:00,142.15
2025-01-09 17:00:00,2.66
2025-01-09 18:00:00,0.0
2025-01-09 19:00:00,0.0
2025-01-09 20:00:00,0.0
2025-01-09 21:00:00,0.0
2025-01-09 22:00:00,0.0
2025-01-09 23:00:00,0.0
2025-01-10 00:00:00,0.0
2025-01-10 01:00:00,0.0
2025-01-10 02:00:00,0.0
2025-01-10 03:00:00,0.0
2025-01-10 04:00:00,0.0
2025-01-10 05:00:00,0.0
2025-01-10 06:00:00,0.0
2025-01-10 07:00:00,9.3
2025-01-10 08:00:00,156.19
2025-01-10 09:00:00,284.28
2025-01-10 10:00:00,380.28
2025-01-10 11:00:00,430.87
2025-01-10 12:00:00,444.61
2025-01-10 13:00:00,422.03
2025-01-10 14:00:00,378.91
2025-01-10 15:00:00,397.69
2025-01-10 16:00:00,231.95
2025-01-10 17:00:00,5.17
2025-01-10 18:00:00,0.0
2025-01-10 19:00:00,0.0
2025-01-10 20:00:00,0.0
2025-01-10 21:00:00,0.0
2025-01-10 22:00:00,0.0
2025-01-10 23:00:00,0.0
2025-01-11 00:00:00,0.0
2025-01-11 01:00:00,0.0
2025-01-11 02:00:00,0.0
2025-01-11 03:00:00,0.0
2025-01-11 04:00:00,0.0
2025-01-11 05:00:00,0.0
2025-01-11 06:00:00,0.0
2025-01-11 07:00:00,12.91
2025-01-11 08:00:00,212.83
2025-01-11 09:00:00,382.11
2025-01-11 10:00:00,345.9
2025-01-11 11:00:00,397.21
2025-01-11 12:00:00,452.06
2025-01-11 13:00:00,300.3
2025-01-11 14:00:00,356.46
2025-01-11 15:00:00,246.73
2025-01-11 16:00:00,137.42
2025-01-11 17:00:00,5.06
2025-01-11 18:00:00,0.0
2025-01-11 19:00:00,0.0
2025-01-11 20:00:00,0.0
2025-01-11 21:00:00,0.0
2025-01-11 22:00:00,0.0
2025-01-11 23:00:00,0.0
2025-01-12 00:00:00,0.0
2025-01-12 01:00:00,0.0
2025-01-12 02:00:00,0.0
2025-01-12 03:00:00,0.0
2025-01-12 04:00:00,0.0
2025-01-12 05:00:00,0.0
2025-01-12 06:00:00,0.0
2025-01-12 07:00:00,6.14
2025-01-12 08:00:00,90.09
2025-01-12 09:00:00,177.82
2025-01-12 10:00:00,249.01
2025-01-12 11:00:00,233.68
2025-01-12 12:00:00,298.18
2025-01-12 13:00:00,341.51
2025-01-12 14:00:00,191.24
2025-01-12 15:00:00,141.61
2025-01-12 16:00:00,87.19
2025-01-12 17:00:00,4.24
2025-01-12 18:00:00,0.0
2025-01-12 19:00:00,0.0
2025-01-12 20:00:00,0.0
2025-01-12 21:00:00,0.0
2025-01-12 22:00:00,0.0
2025-01-12 23:00:00,0.0
2025-01-13 00:00:00,0.0
2025-01-13 01:00:00,0.0
2025-01-13 02:00:00,0.0
2025-01-13 03:00:00,0.0
2025-01-13 04:00:00,0.0
2025-01-13 05:00:00,0.0
2025-01-13 06:00:00,0.0
2025-01-13 07:00:00,2.34
2025-01-13 08:00:00,51.9
2025-01-13 09:00:00,137.39
2025-01-13 10:00:00,212.42
2025-01-13 11:00:00,261.46
2025-01-13 12:00:00,256.45
2025-01-13 13:00:00,271.64
2025-01-13 14:00:00,239.96
2025-01-13 15:00:00,174.33
2025-01-13 16:00:00,65.32
2025-01-13 17:00:00,2.04
2025-01-13 18:00:00,0.0
2025-01-13 19:00:00,0.0
2025-01-13 20:00:00,0.0
2025-01-13 21:00:00,0.0
2025-01-13 22:00:00,0.0
2025-01-13 23:00:00,0.0
2025-01-14 00:00:00,0.0
2025-01-14 01:00:00,0.0
2025-01-14 02:00:00,0.0
2025-01-14 03:00:00,0.0
2025-01-14 04:00:00,0.0
2025-01-14 05:00:00,0.0
2025-01-14 06:00:00,0.0
2025-01-14 07:00:00,4.22
2025-01-14 08:00:00,79.28
2025-01-14 09:00:00,172.8
2025-01-14 10:00:00,264.19
2025-01-14 11:00:00,299.65
2025-01-14 12:00:00,174.86
2025-01-14 13:00:00,170.93
2025-01-14 14:00:00,114.63
2025-01-14 15:00:00,76.58
2025-01-14 16:00:00,33.2
2025-01-14 17:00:00,0.92
2025-01-14 18:00:00,0.0
2025-01-14 19:00:00,0.0
2025-01-14 20:00:00,0.0
2025-01-14 21:00:00,0.0
2025-01-14 22:00:00,0.0
2025-01-14 23:00:00,0.0
2025-01-15 00:00:00,0.0
2025-01-15 01:00:00,0.0
2025-01-15 02:00:00,0.0
2025-01-15 03:00:00,0.0
2025-01-15 04:00:00,0.0
2025-01-15 05:00:00,0.0
2025-01-15 06:00:00,0.0
2025-01-15 07:00:00,2.01
2025-01-15 08:00:00,42.54
2025-01-15 09:00:00,100.38
2025-01-15 10:00:00,82.65
2025-01-15 11:00:00,178.5
2025-01-15 12:00:00,278.5
2025-01-15 13:00:00,297.83
2025-01-15 14:00:00,276.6
2025-01-15 15:00:00,190.46
2025-01-15 16:00:00,60.07
2025-01-15 17:00:00,2.22
2025-01-15 18:00:00,0.0
2025-01-15 19:00:00,0.0
2025-01-15 20:00:00,0.0
2025-01-15 21:00:00,0.0
2025-01-15 22:00:00,0.0
2025-01-15 23:00:00,0.0
2025-01-16 00:00:00,0.0
2025-01-16 01:00:00,0.0
2025-01-16 02:00:00,0.0
2025-01-16 03:00:00,0.0
2025-01-16 04:00:00,0.0
2025-01-16 05:00:00,0.0
2025-01-16 06:00:00,0.0
2025-01-16 07:00:00,2.89
2025-01-16 08:00:00,30.47
2025-01-16 09:00:00,64.18
2025-01-16 10:00:00,106.1
2025-01-16 11:00:00,344.23
2025-01-16 12:00:00,533.73
2025-01-16 13:00:00,403.17
2025-01-16 14:00:00,276.33
2025-01-16 15:00:00,186.51
2025-01-16 16:00:00,85.65
2025-01-16 17:00:00,7.64
2025-01-16 18:00:00,0.0
2025-01-16 19:00:00,0.0
2025-01-16 20:00:00,0.0
2025-01-16 21:00:00,0.0
2025-01-16 22:00:00,0.0
2025-01-16 23:00:00,0.0
2025-01-17 00:00:00,0.0
2025-01-17 01:00:00,0.0
2025-01-17 02:00:00,0.0
2025-01-17 03:00:00,0.0
2025-01-17 04:00:00,0.0
2025-01-17 05:00:00,0.0
2025-01-17 06:00:00,0.0
2025-01-17 07:00:00,3.87
2025-01-17 08:00:00,53.74
2025-01-17 09:00:00,128.35
2025-01-17 10:00:00,166.52
2025-01-17 11:00:00,331.57
2025-01-17 12:00:00,349.09
2025-01-17 13:00:00,287.79
2025-01-17 14:00:00,259.37
2025-01-17 15:00:00,227.33
2025-01-17 16:00:00,116.24
2025-01-17 17:00:00,7.35
2025-01-17 18:00:00,0.0
2025-01-17 19:00:00,0.0
2025-01-17 20:00:00,0.0
2025-01-17 21:00:00,0.0
2025-01-17 22:00:00,0.0
2025-01-17 23:00:00,0.0
2025-01-18 00:00:00,0.0
2025-01-18 01:00:00,0.0
2025-01-18 02:00:00,0.0
2025-01-18 03:00:00,0.0
2025-01-18 04:00:00,0.0
2025-01-18 05:00:00,0.0
2025-01-18 06:00:00,0.0
2025-01-18 07:00:00,19.48
2025-01-18 08:00:00,209.48
2025-01-18 09:00:00,353.94
2025-01-18 10:00:00,466.43
2025-01-18 11:00:00,545.55
2025-01-18 12:00:00,582.89
2025-01-18 13:00:00,591.14
2025-01-18 14:00:00,534.8
2025-01-18 15:00:00,427.0
2025-01-18 16:00:00,310.87
2025-01-18 17:00:00,44.86
2025-01-18 18:00:00,0.0
2025-01-18 19:00:00,0.0
2025-01-18 20:00:00,0.0
2025-01-18 21:00:00,0.0
2025-01-18 22:00:00,0.0
2025-01-18 23:00:00,0.0
2025-01-19 00:00:00,0.0
2025-01-19 01:00:00,0.0
2025-01-19 02:00:00,0.0
2025-01-19 03:00:00,0.0
2025-01-19 04:00:00,0.0
2025-01-19 05:00:00,0.0
2025-01-19 06:00:00,0.0
2025-01-19 07:00:00,83.45
2025-01-19 08:00:00,451.42
2025-01-19 09:00:00,585.82
2025-01-19 10:00:00,698.87
2025-01-19 11:00:00,765.76
2025-01-19 12:00:00,776.13
2025-01-19 13:00:00,778.69
2025-01-19 14:00:00,712.22
2025-01-19 15:00:00,601.31
2025-01-19 16:00:00,403.15
2025-01-19 17:00:00,68.94
2025-01-19 18:00:00,0.0
2025-01-19 19:00:00,0.0
2025-01-19 20:00:00,0.0
2025-01-19 21:00:00,0.0
2025-01-19 22:00:00,0.0
2025-01-19 23:00:00,0.0
2025-01-20 00:00:00,0.0
2025-01-20 01:00:00,0.0
2025-01-20 02:00:00,0.0
2025-01-20 03:00:00,0.0
2025-01-20 04:00:00,0.0
2025-01-20 05:00:00,0.0
2025-01-20 06:00:00,0.0
2025-01-20 07:00:00,111.61
2025-01-20 08:00:00,513.49
2025-01-20 09:00:00,688.68
2025-01-20 10:00:00,793.58
2025-01-20 11:00:00,842.43
2025-01-20 12:00:00,687.19
2025-01-20 13:00:00,679.21
2025-01-20 14:00:00,616.64
2025-01-20 15:00:00,496.25
2025-01-20 16:00:00,313.12
2025-01-20 17:00:00,36.76
2025-01-20 18:00:00,0.0
2025-01-20 19:00:00,0.0
2025-01-20 20:00:00,0.0
2025-01-20 21:00:00,0.0
2025-01-20 22:00:00,0.0
2025-01-20 23:00:00,0.0
2025-01-21 00:00:00,0.0
2025-01-21 01:00:00,0.0
2025-01-21 02:00:00,0.0
2025-01-21 03:00:00,0.0
2025-01-21 04:00:00,0.0
2025-01-21 05:00:00,0.0
2025-01-21 06:00:00,0.0
2025-01-21 07:00:00,94.58
2025-01-21 08:00:00,431.73
2025-01-21 09:00:00,575.84
2025-01-21 10:00:00,688.68
2025-01-21 11:00:00,744.62
2025-01-21 12:00:00,522.93
2025-01-21 13:00:00,531.59
2025-01-21 14:00:00,490.72
2025-01-21 15:00:00,411.13
2025-01-21 16:00:00,323.72
2025-01-21 17:00:00,46.9
2025-01-21 18:00:00,0.0
2025-01-21 19:00:00,0.0
2025-01-21 20:00:00,0.0
2025-01-21 21:00:00,0.0
2025-01-21 22:00:00,0.0
2025-01-21 23:00:00,0.0
2025-01-22 00:00:00,0.0
2025-01-22 01:00:00,0.0
2025-01-22 02:00:00,0.0
2025-01-22 03:00:00,0.0
2025-01-22 04:00:00,0.0
2025-01-22 05:00:00,0.0
2025-01-22 06:00:00,0.0
2025-01-22 07:00:00,51.78
2025-01-22 08:00:00,328.03
2025-01-22 09:00:00,426.05
2025-01-22 10:00:00,532.82
2025-01-22 11:00:00,588.17
2025-01-22 12:00:00,516.58
2025-01-22 13:00:00,527.15
2025-01-22 14:00:00,489.92
2025-01-22 15:00:00,401.82
2025-01-22 16:00:00,316.89
2025-01-22 17:00:00,55.76
2025-01-22 18:00:00,0.0
2025-01-22 19:00:00,0.0
2025-01-22 20:00:00,0.0
2025-01-22 21:00:00,0.0
2025-01-22 22:00:00,0.0
2025-01-22 23:00:00,0.0
2025-01-23 00:00:00,0.0
2025-01-23 01:00:00,0.0
2025-01-23 02:00:00,0.0
2025-01-23 03:00:00,0.0
2025-01-23 04:00:00,0.0
2025-01-23 05:00:00,0.0
2025-01-23 06:00:00,0.0
2025-01-23 07:00:00,47.59
2025-01-23 08:00:00,347.67
2025-01-23 09:00:00,419.2
2025-01-23 10:00:00,528.31
2025-01-23 11:00:00,583.57
2025-01-23 12:00:00,453.23
2025-01-23 13:00:00,468.74
2025-01-23 14:00:00,432.56
2025-01-23 15:00:00,411.33
2025-01-23 16:00:00,257.7
2025-01-23 17:00:00,36.08
2025-01-23 18:00:00,0.0
2025-01-23 19:00:00,0.0
2025-01-23 20:00:00,0.0
2025-01-23 21:00:00,0.0
2025-01-23 22:00:00,0.0
2025-01-23 23:00:00,0.0
2025-01-24 00:00:00,0.0
2025-01-24 01:00:00,0.0
2025-01-24 02:00:00,0.0
2025-01-24 03:00:00,0.0
2025-01-24 04:00:00,0.0
2025-01-24 05:00:00,0.0
2025-01-24 06:00:00,0.0
2025-01-24 07:00:00,30.43
2025-01-24 08:00:00,315.43
2025-01-24 09:00:00,346.5
2025-01-24 10:00:00,456.55
2025-01-24 11:00:00,520.42
2025-01-24 12:00:00,349.34
2025-01-24 13:00:00,352.46
2025-01-24 14:00:00,299.79
2025-01-24 15:00:00,344.71
2025-01-24 16:00:00,129.83
2025-01-24 17:00:00,12.54
2025-01-24 18:00:00,0.0
2025-01-24 19:00:00,0.0
2025-01-24 20:00:00,0.0
2025-01-24 21:00:00,0.0
2025-01-24 22:00:00,0.0
2025-01-24 23:00:00,0.0
2025-01-25 00:00:00,0.0
2025-01-25 01:00:00,0.0
2025-01-25 02:00:00,0.0
2025-01-25 03:00:00,0.0
2025-01-25 04:00:00,0.0
2025-01-25 05:00:00,0.0
2025-01-25 06:00:00,0.0
2025-01-25 07:00:00,20.4
2025-01-25 08:00:00,221.25
2025-01-25 09:00:00,362.79
2025-01-25 10:00:00,387.46
2025-01-25 11:00:00,455.64
2025-01-25 12:00:00,411.66
2025-01-25 13:00:00,434.15
2025-01-25 14:00:00,426.69
2025-01-25 15:00:00,368.05
2025-01-25 16:00:00,311.81
2025-01-25 17:00:00,41.48
2025-01-25 18:00:00,0.0
2025-01-25 19:00:00,0.0
2025-01-25 20:00:00,0.0
2025-01-25 21:00:00,0.0
2025-01-25 22:00:00,0.0
2025-01-25 23:00:00,0.0
2025-01-26 00:00:00,0.0
2025-01-26 01:00:00,0.0
2025-01-26 02:00:00,0.0
2025-01-26 03:00:00,0.0
2025-01-26 04:00:00,0.0
2025-01-26 05:00:00,0.0
2025-01-26 06:00:00,0.0
2025-01-26 07:00:00,154.01
2025-01-26 08:00:00,509.84
2025-01-26 09:00:00,688.42
2025-01-26 10:00:00,784.23
2025-01-26 11:00:00,832.47
2025-01-26 12:00:00,703.71
2025-01-26 13:00:00,676.62
2025-01-26 14:00:00,620.7
2025-01-26 15:00:00,511.48
2025-01-26 16:00:00,334.71
2025-01-26 17:00:00,61.89
2025-01-26 18:00:00,0.0
2025-01-26 19:00:00,0.0
2025-01-26 20:00:00,0.0
2025-01-26 21:00:00,0.0
2025-01-26 22:00:00,0.0
2025-01-26 23:00:00,0.0
2025-01-27 00:00:00,0.0
2025-01-27 01:00:00,0.0
2025-01-27 02:00:00,0.0
2025-01-27 03:00:00,0.0
2025-01-27 04:00:00,0.0
2025-01-27 05:00:00,0.0
2025-01-27 06:00:00,0.0
2025-01-27 07:00:00,84.29
2025-01-27 08:00:00,472.36
2025-01-27 09:00:00,502.56
2025-01-27 10:00:00,597.82
2025-01-27 11:00:00,648.68
2025-01-27 12:00:00,582.33
2025-01-27 13:00:00,573.77
2025-01-27 14:00:00,517.9
2025-01-27 15:00:00,414.33
2025-01-27 16:00:00,266.27
2025-01-27 17:00:00,34.1
2025-01-27 18:00:00,0.0
2025-01-27 19:00:00,0.0
2025-01-27 20:00:00,0.0
2025-01-27 21:00:00,0.0
2025-01-27 22:00:00,0.0
2025-01-27 23:00:00,0.0
2025-01-28 00:00:00,0.0
2025-01-28 01:00:00,0.0
2025-01-28 02:00:00,0.0
2025-01-28 03:00:00,0.0
2025-01-28 04:00:00,0.0
2025-01-28 05:00:00,0.0
2025-01-28 06:00:00,0.0
2025-01-28 07:00:00,61.12
2025-01-28 08:00:00,414.33
2025-01-28 09:00:00,474.11
2025-01-28 10:00:00,584.62
2025-01-28 11:00:00,646.46
2025-01-28 12:00:00,509.55
2025-01-28 13:00:00,510.56
2025-01-28 14:00:00,464.87
2025-01-28 15:00:00,454.07
2025-01-28 16:00:00,327.64
2025-01-28 17:00:00,66.24
2025-01-28 18:00:00,0.0
2025-01-28 19:00:00,0.0
2025-01-28 20:00:00,0.0
2025-01-28 21:00:00,0.0
2025-01-28 22:00:00,0.0
2025-01-28 23:00:00,0.0
2025-01-29 00:00:00,0.0
2025-01-29 01:00:00,0.0
2025-01-29 02:00:00,0.0
2025-01-29 03:00:00,0.0
2025-01-29 04:00:00,0.0
2025-01-29 05:00:00,0.0
2025-01-29 06:00:00,0.0
2025-01-29 07:00:00,17.77
2025-01-29 08:00:00,189.78
2025-01-29 09:00:00,331.25
2025-01-29 10:00:00,376.19
2025-01-29 11:00:00,384.85
2025-01-29 12:00:00,322.8
2025-01-29 13:00:00,360.22
2025-01-29 14:00:00,297.96
2025-01-29 15:00:00,315.24
2025-01-29 16:00:00,238.67
2025-01-29 17:00:00,30.24
2025-01-29 18:00:00,0.0
2025-01-29 19:00:00,0.0
2025-01-29 20:00:00,0.0
2025-01-29 21:00:00,0.0
2025-01-29 22:00:00,0.0
2025-01-29 23:00:00,0.0
2025-01-30 00:00:00,0.0
2025-01-30 01:00:00,0.0
2025-01-30 02:00:00,0.0
2025-01-30 03:00:00,0.0
2025-01-30 04:00:00,0.0
2025-01-30 05:00:00,0.0
2025-01-30 06:00:00,0.0
2025-01-30 07:00:00,24.34
2025-01-30 08:00:00,216.31
2025-01-30 09:00:00,374.8
2025-01-30 10:00:00,479.06
2025-01-30 11:00:00,551.27
2025-01-30 12:00:00,399.24
2025-01-30 13:00:00,437.1
2025-01-30 14:00:00,406.68
2025-01-30 15:00:00,335.36
2025-01-30 16:00:00,329.67
2025-01-30 17:00:00,69.24
2025-01-30 18:00:00,0.0
2025-01-30 19:00:00,0.0
2025-01-30 20:00:00,0.0
2025-01-30 21:00:00,0.0
2025-01-30 22:00:00,0.0
2025-01-30 23:00:00,0.0
2025-01-31 00:00:00,0.0
2025-01-31 01:00:00,0.0
2025-01-31 02:00:00,0.0
2025-01-31 03:00:00,0.0
2025-01-31 04:00:00,0.0
2025-01-31 05:00:00,0.0
2025-01-31 06:00:00,0.0
2025-01-31 07:00:00,20.58
2025-01-31 08:00:00,213.67
2025-01-31 09:00:00,377.83
2025-01-31 10:00:00,502.51
2025-01-31 11:00:00,565.25
2025-01-31 12:00:00,384.03
2025-01-31 13:00:00,416.31
2025-01-31 14:00:00,362.64
2025-01-31 15:00:00,376.29
2025-01-31 16:00:00,243.73
2025-01-31 17:00:00,35.5
2025-01-31 18:00:00,0.0
2025-01-31 19:00:00,0.0
2025-01-31 20:00:00,0.0
2025-01-31 21:00:00,0.0
2025-01-31 22:00:00,0.0
2025-01-31 23:00:00,0.0
2025-02-01 00:00:00,0.0
2025-02-01 01:00:00,0.0
2025-02-01 02:00:00,0.0
2025-02-01 03:00:00,0.0
2025-02-01 04:00:00,0.0
2025-02-01 05:00:00,0.0
2025-02-01 06:00:00,0.0
2025-02-01 07:00:00,18.86
2025-02-01 08:00:00,247.53
2025-02-01 09:00:00,355.81
2025-02-01 10:00:00,381.67
2025-02-01 11:00:00,448.78
2025-02-01 12:00:00,313.66
2025-02-01 13:00:00,333.89
2025-02-01 14:00:00,298.57
2025-02-01 15:00:00,217.67
2025-02-01 16:00:00,117.96
2025-02-01 17:00:00,12.81
2025-02-01 18:00:00,0.0
2025-02-01 19:00:00,0.0
2025-02-01 20:00:00,0.0
2025-02-01 21:00:00,0.0
2025-02-01 22:00:00,0.0
2025-02-01 23:00:00,0.0
2025-02-02 00:00:00,0.0
2025-02-02 01:00:00,0.0
2025-02-02 02:00:00,0.0
2025-02-02 03:00:00,0.0
2025-02-02 04:00:00,0.0
2025-02-02 05:00:00,0.0
2025-02-02 06:00:00,0.0
2025-02-02 07:00:00,7.48
2025-02-02 08:00:00,108.13
2025-02-02 09:00:00,232.69
2025-02-02 10:00:00,278.05
2025-02-02 11:00:00,359.9
2025-02-02 12:00:00,248.19
2025-02-02 13:00:00,251.73
2025-02-02 14:00:00,263.81
2025-02-02 15:00:00,221.18
2025-02-02 16:00:00,137.98
2025-02-02 17:00:00,16.67
2025-02-02 18:00:00,0.0
2025-02-02 19:00:00,0.0
2025-02-02 20:00:00,0.0
2025-02-02 21:00:00,0.0
2025-02-02 22:00:00,0.0
2025-02-02 23:00:00,0.0
2025-02-03 00:00:00,0.0
2025-02-03 01:00:00,0.0
2025-02-03 02:00:00,0.0
2025-02-03 03:00:00,0.0
2025-02-03 04:00:00,0.0
2025-02-03 05:00:00,0.0
2025-02-03 06:00:00,0.0
2025-02-03 07:00:00,96.37
2025-02-03 08:00:00,398.05
2025-02-03 09:00:00,586.43
2025-02-03 10:00:00,689.9
2025-02-03 11:00:00,753.24
2025-02-03 12:00:00,618.74
2025-02-03 13:00:00,629.77
2025-02-03 14:00:00,598.74
2025-02-03 15:00:00,514.97
2025-02-03 16:00:00,370.99
2025-02-03 17:00:00,123.31
2025-02-03 18:00:00,0.0
2025-02-03 19:00:00,0.0
2025-02-03 20:00:00,0.0
2025-02-03 21:00:00,0.0
2025-02-03 22:00:00,0.0
2025-02-03 23:00:00,0.0
2025-02-04 00:00:00,0.0
2025-02-04 01:00:00,0.0
2025-02-04 02:00:00,0.0
2025-02-04 03:00:00,0.0
2025-02-04 04:00:00,0.0
2025-02-04 05:00:00,0.0
2025-02-04 06:00:00,0.0
2025-02-04 07:00:00,132.32
2025-02-04 08:00:00,443.22
2025-02-04 09:00:00,608.53
2025-02-04 10:00:00,697.72
2025-02-04 11:00:00,741.04
2025-02-04 12:00:00,652.16
2025-02-04 13:00:00,645.99
2025-02-04 14:00:00,592.65
2025-02-04 15:00:00,491.23
2025-02-04 16:00:00,333.85
2025-02-04 17:00:00,101.39
2025-02-04 18:00:00,0.0
2025-02-04 19:00:00,0.0
2025-02-04 20:00:00,0.0
2025-02-04 21:00:00,0.0
2025-02-04 22:00:00,0.0
2025-02-04 23:00:00,0.0
2025-02-05 00:00:00,0.0
2025-02-05 01:00:00,0.0
2025-02-05 02:00:00,0.0
2025-02-05 03:00:00,0.0
2025-02-05 04:00:00,0.0
2025-02-05 05:00:00,0.0
2025-02-05 06:00:00,0.0
2025-02-05 07:00:00,59.92
2025-02-05 08:00:00,289.98
2025-02-05 09:00:00,385.95
2025-02-05 10:00:00,524.76
2025-02-05 11:00:00,587.6
2025-02-05 12:00:00,522.77
2025-02-05 13:00:00,513.83
2025-02-05 14:00:00,417.91
2025-02-05 15:00:00,344.63
2025-02-05 16:00:00,233.45
2025-02-05 17:00:00,41.99
2025-02-05 18:00:00,0.0
2025-02-05 19:00:00,0.0
2025-02-05 20:00:00,0.0
2025-02-05 21:00:00,0.0
2025-02-05 22:00:00,0.0
2025-02-05 23:00:00,0.0
2025-02-06 00:00:00,0.0
2025-02-06 01:00:00,0.0
2025-02-06 02:00:00,0.0
2025-02-06 03:00:00,0.0
2025-02-06 04:00:00,0.0
2025-02-06 05:00:00,0.0
2025-02-06 06:00:00,0.0
2025-02-06 07:00:00,56.41
2025-02-06 08:00:00,230.76
2025-02-06 09:00:00,395.39
2025-02-06 10:00:00,548.9
2025-02-06 11:00:00,607.61
2025-02-06 12:00:00,645.35
2025-02-06 13:00:00,639.41
2025-02-06 14:00:00,619.18
2025-02-06 15:00:00,548.74
2025-02-06 16:00:00,428.88
2025-02-06 17:00:00,167.84
2025-02-06 18:00:00,0.0
2025-02-06 19:00:00,0.0
2025-02-06 20:00:00,0.0
2025-02-06 21:00:00,0.0
2025-02-06 22:00:00,0.0
2025-02-06 23:00:00,0.0
2025-02-07 00:00:00,0.0
2025-02-07 01:00:00,0.0
2025-02-07 02:00:00,0.0
2025-02-07 03:00:00,0.0
2025-02-07 04:00:00,0.0
2025-02-07 05:00:00,0.0
2025-02-07 06:00:00,0.0
2025-02-07 07:00:00,302.46
2025-02-07 08:00:00,675.67
2025-02-07 09:00:00,814.32
2025-02-07 10:00:00,900.08
2025-02-07 11:00:00,931.78
2025-02-07 12:00:00,930.97
2025-02-07 13:00:00,551.72
2025-02-07 14:00:00,907.93
2025-02-07 15:00:00,830.0
2025-02-07 16:00:00,701.83
2025-02-07 17:00:00,326.09
2025-02-07 18:00:00,0.0
2025-02-07 19:00:00,0.0
2025-02-07 20:00:00,0.0
2025-02-07 21:00:00,0.0
2025-02-07 22:00:00,0.0
2025-02-07 23:00:00,0.0
2025-02-08 00:00:00,0.0
2025-02-08 01:00:00,0.0
2025-02-08 02:00:00,0.0
2025-02-08 03:00:00,0.0
2025-02-08 04:00:00,0.0
2025-02-08 05:00:00,0.0
2025-02-08 06:00:00,0.0
2025-02-08 07:00:00,181.43
2025-02-08 08:00:00,540.39
2025-02-08 09:00:00,704.01
2025-02-08 10:00:00,811.66
2025-02-08 11:00:00,841.51
2025-02-08 12:00:00,806.71
2025-02-08 13:00:00,804.13
2025-02-08 14:00:00,751.66
2025-02-08 15:00:00,643.91
2025-02-08 16:00:00,480.7
2025-02-08 17:00:00,173.59
2025-02-08 18:00:00,0.0
2025-02-08 19:00:00,0.0
2025-02-08 20:00:00,0.0
2025-02-08 21:00:00,0.0
2025-02-08 22:00:00,0.0
2025-02-08 23:00:00,0.0
2025-02-09 00:00:00,0.0
2025-02-09 01:00:00,0.0
2025-02-09 02:00:00,0.0
2025-02-09 03:00:00,0.0
2025-02-09 04:00:00,0.0
2025-02-09 05:00:00,0.0
2025-02-09 06:00:00,0.0
2025-02-09 07:00:00,145.56
2025-02-09 08:00:00,433.89
2025-02-09 09:00:00,623.5
2025-02-09 10:00:00,721.49
2025-02-09 11:00:00,769.91
2025-02-09 12:00:00,747.51
2025-02-09 13:00:00,742.78
2025-02-09 14:00:00,713.24
2025-02-09 15:00:00,613.77
2025-02-09 16:00:00,453.92
2025-02-09 17:00:00,185.69
2025-02-09 18:00:00,0.0
2025-02-09 19:00:00,0.0
2025-02-09 20:00:00,0.0
2025-02-09 21:00:00,0.0
2025-02-09 22:00:00,0.0
2025-02-09 23:00:00,0.0
2025-02-10 00:00:00,0.0
2025-02-10 01:00:00,0.0
2025-02-10 02:00:00,0.0
2025-02-10 03:00:00,0.0
2025-02-10 04:00:00,0.0
2025-02-10 05:00:00,0.0
2025-02-10 06:00:00,0.0
2025-02-10 07:00:00,169.14
2025-02-10 08:00:00,477.94
2025-02-10 09:00:00,652.24
2025-02-10 10:00:00,754.91
2025-02-10 11:00:00,797.99
2025-02-10 12:00:00,789.78
2025-02-10 13:00:00,791.59
2025-02-10 14:00:00,781.38
2025-02-10 15:00:00,692.86
2025-02-10 16:00:00,531.45
2025-02-10 17:00:00,234.1
2025-02-10 18:00:00,0.0
2025-02-10 19:00:00,0.0
2025-02-10 20:00:00,0.0
2025-02-10 21:00:00,0.0
2025-02-10 22:00:00,0.0
2025-02-10 23:00:00,0.0
2025-02-11 00:00:00,0.0
2025-02-11 01:00:00,0.0
2025-02-11 02:00:00,0.0
2025-02-11 03:00:00,0.0
2025-02-11 04:00:00,0.0
2025-02-11 05:00:00,0.0
2025-02-11 06:00:00,0.0
2025-02-11 07:00:00,130.22
2025-02-11 08:00:00,398.74
2025-02-11 09:00:00,567.23
2025-02-11 10:00:00,675.29
2025-02-11 11:00:00,725.45
2025-02-11 12:00:00,714.83
2025-02-11 13:00:00,708.57
2025-02-11 14:00:00,685.79
2025-02-11 15:00:00,588.65
2025-02-11 16:00:00,428.61
2025-02-11 17:00:00,190.36
2025-02-11 18:00:00,0.0
2025-02-11 19:00:00,0.0
2025-02-11 20:00:00,0.0
2025-02-11 21:00:00,0.0
2025-02-11 22:00:00,0.0
2025-02-11 23:00:00,0.0
2025-02-12 00:00:00,0.0
2025-02-12 01:00:00,0.0
2025-02-12 02:00:00,0.0
2025-02-12 03:00:00,0.0
2025-02-12 04:00:00,0.0
2025-02-12 05:00:00,0.0
2025-02-12 06:00:00,0.0
2025-02-12 07:00:00,140.51
2025-02-12 08:00:00,420.63
2025-02-12 09:00:00,586.25
2025-02-12 10:00:00,696.34
2025-02-12 11:00:00,731.99
2025-02-12 12:00:00,677.74
2025-02-12 13:00:00,672.05
2025-02-12 14:00:00,647.39
2025-02-12 15:00:00,562.01
2025-02-12 16:00:00,418.09
2025-02-12 17:00:00,191.6
2025-02-12 18:00:00,0.0
2025-02-12 19:00:00,0.0
2025-02-12 20:00:00,0.0
2025-02-12 21:00:00,0.0
2025-02-12 22:00:00,0.0
2025-02-12 23:00:00,0.0
2025-02-13 00:00:00,0.0
2025-02-13 01:00:00,0.0
2025-02-13 02:00:00,0.0
2025-02-13 03:00:00,0.0
2025-02-13 04:00:00,0.0
2025-02-13 05:00:00,0.0
2025-02-13 06:00:00,0.0
2025-02-13 07:00:00,194.18
2025-02-13 08:00:00,529.59
2025-02-13 09:00:00,702.81
2025-02-13 10:00:00,816.4
2025-02-13 11:00:00,855.88
2025-02-13 12:00:00,774.26
2025-02-13 13:00:00,811.18
2025-02-13 14:00:00,824.52
2025-02-13 15:00:00,774.89
2025-02-13 16:00:00,655.12
2025-02-13 17:00:00,372.71
2025-02-13 18:00:00,0.0
2025-02-13 19:00:00,0.0
2025-02-13 20:00:00,0.0
2025-02-13 21:00:00,0.0
2025-02-13 22:00:00,0.0
2025-02-13 23:00:00,0.0
2025-02-14 00:00:00,0.0
2025-02-14 01:00:00,0.0
2025-02-14 02:00:00,0.0
2025-02-14 03:00:00,0.0
2025-02-14 04:00:00,0.0
2025-02-14 05:00:00,0.0
2025-02-14 06:00:00,0.0
2025-02-14 07:00:00,256.19
2025-02-14 08:00:00,620.18
2025-02-14 09:00:00,765.53
2025-02-14 10:00:00,857.8
2025-02-14 11:00:00,878.14
2025-02-14 12:00:00,878.75
2025-02-14 13:00:00,882.38
2025-02-14 14:00:00,869.78
2025-02-14 15:00:00,797.71
2025-02-14 16:00:00,655.8
2025-02-14 17:00:00,349.09
2025-02-14 18:00:00,0.0
2025-02-14 19:00:00,0.0
2025-02-14 20:00:00,0.0
2025-02-14 21:00:00,0.0
2025-02-14 22:00:00,0.0
2025-02-14 23:00:00,0.0
2025-02-15 00:00:00,0.0
2025-02-15 01:00:00,0.0
2025-02-15 02:00:00,0.0
2025-02-15 03:00:00,0.0
2025-02-15 04:00:00,0.0
2025-02-15 05:00:00,0.0
2025-02-15 06:00:00,0.0
2025-02-15 07:00:00,215.9
2025-02-15 08:00:00,535.31
2025-02-15 09:00:00,693.93
2025-02-15 10:00:00,782.82
2025-02-15 11:00:00,813.69
2025-02-15 12:00:00,836.3
2025-02-15 13:00:00,835.29
2025-02-15 14:00:00,807.07
2025-02-15 15:00:00,702.77
2025-02-15 16:00:00,534.03
2025-02-15 17:00:00,259.57
2025-02-15 18:00:00,0.0
2025-02-15 19:00:00,0.0
2025-02-15 20:00:00,0.0
2025-02-15 21:00:00,0.0
2025-02-15 22:00:00,0.0
2025-02-15 23:00:00,0.0
2025-02-16 00:00:00,0.0
2025-02-16 01:00:00,0.0
2025-02-16 02:00:00,0.0
2025-02-16 03:00:00,0.0
2025-02-16 04:00:00,0.0
2025-02-16 05:00:00,0.0
2025-02-16 06:00:00,0.0
2025-02-16 07:00:00,164.84
2025-02-16 08:00:00,485.96
2025-02-16 09:00:00,668.52
2025-02-16 10:00:00,763.97
2025-02-16 11:00:00,815.89
2025-02-16 12:00:00,691.67
2025-02-16 13:00:00,703.61
2025-02-16 14:00:00,642.92
2025-02-16 15:00:00,576.5
2025-02-16 16:00:00,439.84
2025-02-16 17:00:00,158.45
2025-02-16 18:00:00,0.0
2025-02-16 19:00:00,0.0
2025-02-16 20:00:00,0.0
2025-02-16 21:00:00,0.0
2025-02-16 22:00:00,0.0
2025-02-16 23:00:00,0.0
2025-02-17 00:00:00,0.0
2025-02-17 01:00:00,0.0
2025-02-17 02:00:00,0.0
2025-02-17 03:00:00,0.0
2025-02-17 04:00:00,0.0
2025-02-17 05:00:00,0.0
2025-02-17 06:00:00,0.0
2025-02-17 07:00:00,58.77
2025-02-17 08:00:00,233.62
2025-02-17 09:00:00,353.44
2025-02-17 10:00:00,509.51
2025-02-17 11:00:00,617.37
2025-02-17 12:00:00,492.69
2025-02-17 13:00:00,487.34
2025-02-17 14:00:00,451.02
2025-02-17 15:00:00,336.99
2025-02-17 16:00:00,226.2
2025-02-17 17:00:00,58.51
2025-02-17 18:00:00,0.0
2025-02-17 19:00:00,0.0
2025-02-17 20:00:00,0.0
2025-02-17 21:00:00,0.0
2025-02-17 22:00:00,0.0
2025-02-17 23:00:00,0.0
2025-02-18 00:00:00,0.0
2025-02-18 01:00:00,0.0
2025-02-18 02:00:00,0.0
2025-02-18 03:00:00,0.0
2025-02-18 04:00:00,0.0
2025-02-18 05:00:00,0.0
2025-02-18 06:00:00,0.0
2025-02-18 07:00:00,92.92
2025-02-18 08:00:00,355.59
2025-02-18 09:00:00,395.89
2025-02-18 10:00:00,490.93
2025-02-18 11:00:00,533.09
2025-02-18 12:00:00,551.2
2025-02-18 13:00:00,549.11
2025-02-18 14:00:00,506.31
2025-02-18 15:00:00,352.51
2025-02-18 16:00:00,209.22
2025-02-18 17:00:00,42.15
2025-02-18 18:00:00,0.0
2025-02-18 19:00:00,0.0
2025-02-18 20:00:00,0.0
2025-02-18 21:00:00,0.0
2025-02-18 22:00:00,0.0
2025-02-18 23:00:00,0.0
2025-02-19 00:00:00,0.0
2025-02-19 01:00:00,0.0
2025-02-19 02:00:00,0.0
2025-02-19 03:00:00,0.0
2025-02-19 04:00:00,0.0
2025-02-19 05:00:00,0.0
2025-02-19 06:00:00,0.0
2025-02-19 07:00:00,42.87
2025-02-19 08:00:00,189.81
2025-02-19 09:00:00,255.5
2025-02-19 10:00:00,447.5
2025-02-19 11:00:00,547.68
2025-02-19 12:00:00,381.08
2025-02-19 13:00:00,327.15
2025-02-19 14:00:00,167.11
2025-02-19 15:00:00,146.11
2025-02-19 16:00:00,93.11
2025-02-19 17:00:00,18.36
2025-02-19 18:00:00,0.0
2025-02-19 19:00:00,0.0
2025-02-19 20:00:00,0.0
2025-02-19 21:00:00,0.0
2025-02-19 22:00:00,0.0
2025-02-19 23:00:00,0.0
2025-02-20 00:00:00,0.0
2025-02-20 01:00:00,0.0
2025-02-20 02:00:00,0.0
2025-02-20 03:00:00,0.0
2025-02-20 04:00:00,0.0
2025-02-20 05:00:00,0.0
2025-02-20 06:00:00,0.0
2025-02-20 07:00:00,2.78
2025-02-20 08:00:00,19.34
2025-02-20 09:00:00,47.84
2025-02-20 10:00:00,86.09
2025-02-20 11:00:00,188.14
2025-02-20 12:00:00,97.95
2025-02-20 13:00:00,127.68
2025-02-20 14:00:00,128.04
2025-02-20 15:00:00,70.08
2025-02-20 16:00:00,26.8
2025-02-20 17:00:00,3.95
2025-02-20 18:00:00,0.0
2025-02-20 19:00:00,0.0
2025-02-20 20:00:00,0.0
2025-02-20 21:00:00,0.0
2025-02-20 22:00:00,0.0
2025-02-20 23:00:00,0.0
2025-02-21 00:00:00,0.0
2025-02-21 01:00:00,0.0
2025-02-21 02:00:00,0.0
2025-02-21 03:00:00,0.0
2025-02-21 04:00:00,0.0
2025-02-21 05:00:00,0.0
2025-02-21 06:00:00,0.0
2025-02-21 07:00:00,15.53
2025-02-21 08:00:00,123.97
2025-02-21 09:00:00,313.45
2025-02-21 10:00:00,338.41
2025-02-21 11:00:00,367.67
2025-02-21 12:00:00,305.73
2025-02-21 13:00:00,378.51
2025-02-21 14:00:00,316.31
2025-02-21 15:00:00,294.47
2025-02-21 16:00:00,191.86
2025-02-21 17:00:00,48.57
2025-02-21 18:00:00,0.0
2025-02-21 19:00:00,0.0
2025-02-21 20:00:00,0.0
2025-02-21 21:00:00,0.0
2025-02-21 22:00:00,0.0
2025-02-21 23:00:00,0.0
2025-02-22 00:00:00,0.0
2025-02-22 01:00:00,0.0
2025-02-22 02:00:00,0.0
2025-02-22 03:00:00,0.0
2025-02-22 04:00:00,0.0
2025-02-22 05:00:00,0.0
2025-02-22 06:00:00,0.0
2025-02-22 07:00:00,25.79
2025-02-22 08:00:00,120.93
2025-02-22 09:00:00,151.18
2025-02-22 10:00:00,425.52
2025-02-22 11:00:00,475.02
2025-02-22 12:00:00,262.97
2025-02-22 13:00:00,184.9
2025-02-22 14:00:00,132.57
2025-02-22 15:00:00,85.75
2025-02-22 16:00:00,41.06
2025-02-22 17:00:00,7.36
2025-02-22 18:00:00,0.0
2025-02-22 19:00:00,0.0
2025-02-22 20:00:00,0.0
2025-02-22 21:00:00,0.0
2025-02-22 22:00:00,0.0
2025-02-22 23:00:00,0.0
2025-02-23 00:00:00,0.0
2025-02-23 01:00:00,0.0
2025-02-23 02:00:00,0.0
2025-02-23 03:00:00,0.0
2025-02-23 04:00:00,0.0
2025-02-23 05:00:00,0.0
2025-02-23 06:00:00,0.0
2025-02-23 07:00:00,33.59
2025-02-23 08:00:00,199.44
2025-02-23 09:00:00,318.67
2025-02-23 10:00:00,435.92
2025-02-23 11:00:00,510.41
2025-02-23 12:00:00,319.75
2025-02-23 13:00:00,284.98
2025-02-23 14:00:00,268.13
2025-02-23 15:00:00,227.21
2025-02-23 16:00:00,127.53
2025-02-23 17:00:00,20.09
2025-02-23 18:00:00,0.0
2025-02-23 19:00:00,0.0
2025-02-23 20:00:00,0.0
2025-02-23 21:00:00,0.0
2025-02-23 22:00:00,0.0
2025-02-23 23:00:00,0.0
2025-02-24 00:00:00,0.0
2025-02-24 01:00:00,0.0
2025-02-24 02:00:00,0.0
2025-02-24 03:00:00,0.0
2025-02-24 04:00:00,0.0
2025-02-24 05:00:00,0.0
2025-02-24 06:00:00,0.0
2025-02-24 07:00:00,152.33
2025-02-24 08:00:00,377.1
2025-02-24 09:00:00,471.73
2025-02-24 10:00:00,584.45
2025-02-24 11:00:00,656.11
2025-02-24 12:00:00,661.86
2025-02-24 13:00:00,663.26
2025-02-24 14:00:00,634.16
2025-02-24 15:00:00,553.27
2025-02-24 16:00:00,414.76
2025-02-24 17:00:00,195.58
2025-02-24 18:00:00,0.0
2025-02-24 19:00:00,0.0
2025-02-24 20:00:00,0.0
2025-02-24 21:00:00,0.0
2025-02-24 22:00:00,0.0
2025-02-24 23:00:00,0.0
2025-02-25 00:00:00,0.0
2025-02-25 01:00:00,0.0
2025-02-25 02:00:00,0.0
2025-02-25 03:00:00,0.0
2025-02-25 04:00:00,0.0
2025-02-25 05:00:00,0.0
2025-02-25 06:00:00,0.0
2025-02-25 07:00:00,198.98
2025-02-25 08:00:00,376.96
2025-02-25 09:00:00,550.45
2025-02-25 10:00:00,652.89
2025-02-25 11:00:00,689.56
2025-02-25 12:00:00,347.62
2025-02-25 13:00:00,327.76
2025-02-25 14:00:00,247.89
2025-02-25 15:00:00,197.64
2025-02-25 16:00:00,141.8
2025-02-25 17:00:00,34.01
2025-02-25 18:00:00,0.0
2025-02-25 19:00:00,0.0
2025-02-25 20:00:00,0.0
2025-02-25 21:00:00,0.0
2025-02-25 22:00:00,0.0
2025-02-25 23:00:00,0.0
2025-02-26 00:00:00,0.0
2025-02-26 01:00:00,0.0
2025-02-26 02:00:00,0.0
2025-02-26 03:00:00,0.0
2025-02-26 04:00:00,0.0
2025-02-26 05:00:00,0.0
2025-02-26 06:00:00,0.0
2025-02-26 07:00:00,69.67
2025-02-26 08:00:00,239.05
2025-02-26 09:00:00,325.56
2025-02-26 10:00:00,437.55
2025-02-26 11:00:00,296.67
2025-02-26 12:00:00,167.78
2025-02-26 13:00:00,153.54
2025-02-26 14:00:00,197.07
2025-02-26 15:00:00,104.07
2025-02-26 16:00:00,78.55
2025-02-26 17:00:00,13.48
2025-02-26 18:00:00,0.0
2025-02-26 19:00:00,0.0
2025-02-26 20:00:00,0.0
2025-02-26 21:00:00,0.0
2025-02-26 22:00:00,0.0
2025-02-26 23:00:00,0.0
2025-02-27 00:00:00,0.0
2025-02-27 01:00:00,0.0
2025-02-27 02:00:00,0.0
2025-02-27 03:00:00,0.0
2025-02-27 04:00:00,0.0
2025-02-27 05:00:00,0.0
2025-02-27 06:00:00,0.0
2025-02-27 07:00:00,150.24
2025-02-27 08:00:00,386.8
2025-02-27 09:00:00,404.97
2025-02-27 10:00:00,498.8
2025-02-27 11:00:00,551.17
2025-02-27 12:00:00,351.2
2025-02-27 13:00:00,344.77
2025-02-27 14:00:00,301.41
2025-02-27 15:00:00,226.33
2025-02-27 16:00:00,123.34
2025-02-27 17:00:00,20.33
2025-02-27 18:00:00,0.0
2025-02-27 19:00:00,0.0
2025-02-27 20:00:00,0.0
2025-02-27 21:00:00,0.0
2025-02-27 22:00:00,0.0
2025-02-27 23:00:00,0.0
2025-02-28 00:00:00,0.0
2025-02-28 01:00:00,0.0
2025-02-28 02:00:00,0.0
2025-02-28 03:00:00,0.0
2025-02-28 04:00:00,0.0
2025-02-28 05:00:00,0.0
2025-02-28 06:00:00,0.0
2025-02-28 07:00:00,71.66
2025-02-28 08:00:00,217.14
2025-02-28 09:00:00,527.0
2025-02-28 10:00:00,426.38
2025-02-28 11:00:00,333.11
2025-02-28 12:00:00,328.27
2025-02-28 13:00:00,167.75
2025-02-28 14:00:00,384.91
2025-02-28 15:00:00,28.49
2025-02-28 16:00:00,3.06
2025-02-28 17:00:00,0.0
2025-02-28 18:00:00,0.0
2025-02-28 19:00:00,0.0
2025-02-28 20:00:00,0.0
2025-02-28 21:00:00,0.0
2025-02-28 22:00:00,0.0
2025-02-28 23:00:00,0.0
2025-03-01 00:00:00,0.0
2025-03-01 01:00:00,0.0
2025-03-01 02:00:00,0.0
2025-03-01 03:00:00,0.0
2025-03-01 04:00:00,0.0
2025-03-01 05:00:00,0.0
2025-03-01 06:00:00,0.0
2025-03-01 07:00:00,59.94
2025-03-01 08:00:00,284.37
2025-03-01 09:00:00,299.6
2025-03-01 10:00:00,408.18
2025-03-01 11:00:00,477.51
2025-03-01 12:00:00,367.28
2025-03-01 13:00:00,385.22
2025-03-01 14:00:00,250.36
2025-03-01 15:00:00,219.87
2025-03-01 16:00:00,169.86
2025-03-01 17:00:00,45.39
2025-03-01 18:00:00,0.0
2025-03-01 19:00:00,0.0
2025-03-01 20:00:00,0.0
2025-03-01 21:00:00,0.0
2025-03-01 22:00:00,0.0
2025-03-01 23:00:00,0.0
2025-03-02 00:00:00,0.0
2025-03-02 01:00:00,0.0
2025-03-02 02:00:00,0.0
2025-03-02 03:00:00,0.0
2025-03-02 04:00:00,0.0
2025-03-02 05:00:00,0.0
2025-03-02 06:00:00,0.0
2025-03-02 07:00:00,81.54
2025-03-02 08:00:00,343.25
2025-03-02 09:00:00,332.33
2025-03-02 10:00:00,424.13
2025-03-02 11:00:00,480.63
2025-03-02 12:00:00,643.98
2025-03-02 13:00:00,657.31
2025-03-02 14:00:00,559.12
2025-03-02 15:00:00,496.74
2025-03-02 16:00:00,352.24
2025-03-02 17:00:00,127.41
2025-03-02 18:00:00,0.0
2025-03-02 19:00:00,0.0
2025-03-02 20:00:00,0.0
2025-03-02 21:00:00,0.0
2025-03-02 22:00:00,0.0
2025-03-02 23:00:00,0.0
2025-03-03 00:00:00,0.0
2025-03-03 01:00:00,0.0
2025-03-03 02:00:00,0.0
2025-03-03 03:00:00,0.0
2025-03-03 04:00:00,0.0
2025-03-03 05:00:00,0.0
2025-03-03 06:00:00,0.0
2025-03-03 07:00:00,208.23
2025-03-03 08:00:00,389.43
2025-03-03 09:00:00,553.96
2025-03-03 10:00:00,641.54
2025-03-03 11:00:00,686.58
2025-03-03 12:00:00,720.82
2025-03-03 13:00:00,738.81
2025-03-03 14:00:00,724.12
2025-03-03 15:00:00,671.15
2025-03-03 16:00:00,547.66
2025-03-03 17:00:00,304.23
2025-03-03 18:00:00,1.75
2025-03-03 19:00:00,0.0
2025-03-03 20:00:00,0.0
2025-03-03 21:00:00,0.0
2025-03-03 22:00:00,0.0
2025-03-03 23:00:00,0.0
2025-03-04 00:00:00,0.0
2025-03-04 01:00:00,0.0
2025-03-04 02:00:00,0.0
2025-03-04 03:00:00,0.0
2025-03-04 04:00:00,0.0
2025-03-04 05:00:00,0.0
2025-03-04 06:00:00,1.81
2025-03-04 07:00:00,375.32
2025-03-04 08:00:00,586.15
2025-03-04 09:00:00,726.84
2025-03-04 10:00:00,785.16
2025-03-04 11:00:00,815.06
2025-03-04 12:00:00,878.05
2025-03-04 13:00:00,853.43
2025-03-04 14:00:00,798.78
2025-03-04 15:00:00,714.33
2025-03-04 16:00:00,544.39
2025-03-04 17:00:00,272.71
2025-03-04 18:00:00,0.83
2025-03-04 19:00:00,0.0
2025-03-04 20:00:00,0.0
2025-03-04 21:00:00,0.0
2025-03-04 22:00:00,0.0
2025-03-04 23:00:00,0.0
2025-03-05 00:00:00,0.0
2025-03-05 01:00:00,0.0
2025-03-05 02:00:00,0.0
2025-03-05 03:00:00,0.0
2025-03-05 04:00:00,0.0
2025-03-05 05:00:00,0.0
2025-03-05 06:00:00,0.0
2025-03-05 07:00:00,267.35
2025-03-05 08:00:00,321.27
2025-03-05 09:00:00,498.67
2025-03-05 10:00:00,571.47
2025-03-05 11:00:00,606.9
2025-03-05 12:00:00,923.38
2025-03-05 13:00:00,926.78
2025-03-05 14:00:00,903.93
2025-03-05 15:00:00,844.72
2025-03-05 16:00:00,730.11
2025-03-05 17:00:00,471.27
2025-03-05 18:00:00,9.77
2025-03-05 19:00:00,0.0
2025-03-05 20:00:00,0.0
2025-03-05 21:00:00,0.0
2025-03-05 22:00:00,0.0
2025-03-05 23:00:00,0.0
2025-03-06 00:00:00,0.0
2025-03-06 01:00:00,0.0
2025-03-06 02:00:00,0.0
2025-03-06 03:00:00,0.0
2025-03-06 04:00:00,0.0
2025-03-06 05:00:00,0.0
2025-03-06 06:00:00,6.78
2025-03-06 07:00:00,450.66
2025-03-06 08:00:00,687.47
2025-03-06 09:00:00,813.65
2025-03-06 10:00:00,884.09
2025-03-06 11:00:00,914.47
2025-03-06 12:00:00,943.3
2025-03-06 13:00:00,934.21
2025-03-06 14:00:00,890.64
2025-03-06 15:00:00,809.52
2025-03-06 16:00:00,667.71
2025-03-06 17:00:00,385.56
2025-03-06 18:00:00,4.24
2025-03-06 19:00:00,0.0
2025-03-06 20:00:00,0.0
2025-03-06 21:00:00,0.0
2025-03-06 22:00:00,0.0
2025-03-06 23:00:00,0.0
2025-03-07 00:00:00,0.0
2025-03-07 01:00:00,0.0
2025-03-07 02:00:00,0.0
2025-03-07 03:00:00,0.0
2025-03-07 04:00:00,0.0
2025-03-07 05:00:00,0.0
2025-03-07 06:00:00,2.46
2025-03-07 07:00:00,380.83
2025-03-07 08:00:00,598.44
2025-03-07 09:00:00,739.21
2025-03-07 10:00:00,812.1
2025-03-07 11:00:00,850.27
2025-03-07 12:00:00,872.24
2025-03-07 13:00:00,868.34
2025-03-07 14:00:00,830.38
2025-03-07 15:00:00,741.22
2025-03-07 16:00:00,581.49
2025-03-07 17:00:00,302.52
2025-03-07 18:00:00,0.81
2025-03-07 19:00:00,0.0
2025-03-07 20:00:00,0.0
2025-03-07 21:00:00,0.0
2025-03-07 22:00:00,0.0
2025-03-07 23:00:00,0.0
2025-03-08 00:00:00,0.0
2025-03-08 01:00:00,0.0
2025-03-08 02:00:00,0.0
2025-03-08 03:00:00,0.0
2025-03-08 04:00:00,0.0
2025-03-08 05:00:00,0.0
2025-03-08 06:00:00,0.64
2025-03-08 07:00:00,243.37
2025-03-08 08:00:00,383.1
2025-03-08 09:00:00,558.22
2025-03-08 10:00:00,653.08
2025-03-08 11:00:00,707.38
2025-03-08 12:00:00,848.54
2025-03-08 13:00:00,856.25
2025-03-08 14:00:00,839.11
2025-03-08 15:00:00,781.66
2025-03-08 16:00:00,666.83
2025-03-08 17:00:00,417.23
2025-03-08 18:00:00,6.98
2025-03-08 19:00:00,0.0
2025-03-08 20:00:00,0.0
2025-03-08 21:00:00,0.0
2025-03-08 22:00:00,0.0
2025-03-08 23:00:00,0.0
2025-03-09 00:00:00,0.0
2025-03-09 01:00:00,0.0
2025-03-09 02:00:00,0.0
2025-03-09 03:00:00,0.0
2025-03-09 04:00:00,0.0
2025-03-09 05:00:00,0.0
2025-03-09 06:00:00,4.1
2025-03-09 07:00:00,377.71
2025-03-09 08:00:00,597.65
2025-03-09 09:00:00,748.02
2025-03-09 10:00:00,812.68
2025-03-09 11:00:00,860.11
2025-03-09 12:00:00,689.62
2025-03-09 13:00:00,680.42
2025-03-09 14:00:00,638.68
2025-03-09 15:00:00,555.36
2025-03-09 16:00:00,400.35
2025-03-09 17:00:00,198.39
2025-03-09 18:00:00,0.74
2025-03-09 19:00:00,0.0
2025-03-09 20:00:00,0.0
2025-03-09 21:00:00,0.0
2025-03-09 22:00:00,0.0
2025-03-09 23:00:00,0.0
2025-03-10 00:00:00,0.0
2025-03-10 01:00:00,0.0
2025-03-10 02:00:00,0.0
2025-03-10 03:00:00,0.0
2025-03-10 04:00:00,0.0
2025-03-10 05:00:00,0.0
2025-03-10 06:00:00,0.55
2025-03-10 07:00:00,151.82
2025-03-10 08:00:00,371.81
2025-03-10 09:00:00,510.66
2025-03-10 10:00:00,613.52
2025-03-10 11:00:00,661.16
2025-03-10 12:00:00,530.17
2025-03-10 13:00:00,499.56
2025-03-10 14:00:00,375.46
2025-03-10 15:00:00,309.46
2025-03-10 16:00:00,235.12
2025-03-10 17:00:00,73.71
2025-03-10 18:00:00,0.0
2025-03-10 19:00:00,0.0
2025-03-10 20:00:00,0.0
2025-03-10 21:00:00,0.0
2025-03-10 22:00:00,0.0
2025-03-10 23:00:00,0.0
2025-03-11 00:00:00,0.0
2025-03-11 01:00:00,0.0
2025-03-11 02:00:00,0.0
2025-03-11 03:00:00,0.0
2025-03-11 04:00:00,0.0
2025-03-11 05:00:00,0.0
2025-03-11 06:00:00,0.57
2025-03-11 07:00:00,170.85
2025-03-11 08:00:00,378.76
2025-03-11 09:00:00,556.08
2025-03-11 10:00:00,645.72
2025-03-11 11:00:00,686.33
2025-03-11 12:00:00,567.83
2025-03-11 13:00:00,577.88
2025-03-11 14:00:00,537.65
2025-03-11 15:00:00,461.64
2025-03-11 16:00:00,316.35
2025-03-11 17:00:00,149.5
2025-03-11 18:00:00,0.0
2025-03-11 19:00:00,0.0
2025-03-11 20:00:00,0.0
2025-03-11 21:00:00,0.0
2025-03-11 22:00:00,0.0
2025-03-11 23:00:00,0.0
2025-03-12 00:00:00,0.0
2025-03-12 01:00:00,0.0
2025-03-12 02:00:00,0.0
2025-03-12 03:00:00,0.0
2025-03-12 04:00:00,0.0
2025-03-12 05:00:00,0.0
2025-03-12 06:00:00,0.0
2025-03-12 07:00:00,89.08
2025-03-12 08:00:00,279.87
2025-03-12 09:00:00,409.76
2025-03-12 10:00:00,514.53
2025-03-12 11:00:00,584.24
2025-03-12 12:00:00,648.83
2025-03-12 13:00:00,666.67
2025-03-12 14:00:00,649.39
2025-03-12 15:00:00,605.78
2025-03-12 16:00:00,487.7
2025-03-12 17:00:00,277.51
2025-03-12 18:00:00,1.98
2025-03-12 19:00:00,0.0
2025-03-12 20:00:00,0.0
2025-03-12 21:00:00,0.0
2025-03-12 22:00:00,0.0
2025-03-12 23:00:00,0.0
2025-03-13 00:00:00,0.0
2025-03-13 01:00:00,0.0
2025-03-13 02:00:00,0.0
2025-03-13 03:00:00,0.0
2025-03-13 04:00:00,0.0
2025-03-13 05:00:00,0.0
2025-03-13 06:00:00,1.98
2025-03-13 07:00:00,315.75
2025-03-13 08:00:00,494.54
2025-03-13 09:00:00,626.88
2025-03-13 10:00:00,702.47
2025-03-13 11:00:00,748.93
2025-03-13 12:00:00,815.61
2025-03-13 13:00:00,831.82
2025-03-13 14:00:00,795.21
2025-03-13 15:00:00,743.62
2025-03-13 16:00:00,615.75
2025-03-13 17:00:00,362.01
2025-03-13 18:00:00,3.81
2025-03-13 19:00:00,0.0
2025-03-13 20:00:00,0.0
2025-03-13 21:00:00,0.0
2025-03-13 22:00:00,0.0
2025-03-13 23:00:00,0.0
2025-03-14 00:00:00,0.0
2025-03-14 01:00:00,0.0
2025-03-14 02:00:00,0.0
2025-03-14 03:00:00,0.0
2025-03-14 04:00:00,0.0
2025-03-14 05:00:00,0.0
2025-03-14 06:00:00,1.23
2025-03-14 07:00:00,201.74
2025-03-14 08:00:00,419.81
2025-03-14 09:00:00,560.63
2025-03-14 10:00:00,634.64
2025-03-14 11:00:00,693.05
2025-03-14 12:00:00,764.78
2025-03-14 13:00:00,790.26
2025-03-14 14:00:00,707.31
2025-03-14 15:00:00,666.79
2025-03-14 16:00:00,537.18
2025-03-14 17:00:00,297.42
2025-03-14 18:00:00,1.58
2025-03-14 19:00:00,0.0
2025-03-14 20:00:00,0.0
2025-03-14 21:00:00,0.0
2025-03-14 22:00:00,0.0
2025-03-14 23:00:00,0.0
2025-03-15 00:00:00,0.0
2025-03-15 01:00:00,0.0
2025-03-15 02:00:00,0.0
2025-03-15 03:00:00,0.0
2025-03-15 04:00:00,0.0
2025-03-15 05:00:00,0.0
2025-03-15 06:00:00,1.13
2025-03-15 07:00:00,199.47
2025-03-15 08:00:00,403.06
2025-03-15 09:00:00,548.98
2025-03-15 10:00:00,621.87
2025-03-15 11:00:00,673.35
2025-03-15 12:00:00,796.59
2025-03-15 13:00:00,780.85
2025-03-15 14:00:00,701.98
2025-03-15 15:00:00,622.02
2025-03-15 16:00:00,444.96
2025-03-15 17:00:00,216.96
2025-03-15 18:00:00,1.13
2025-03-15 19:00:00,0.0
2025-03-15 20:00:00,0.0
2025-03-15 21:00:00,0.0
2025-03-15 22:00:00,0.0
2025-03-15 23:00:00,0.0
2025-03-16 00:00:00,0.0
2025-03-16 01:00:00,0.0
2025-03-16 02:00:00,0.0
2025-03-16 03:00:00,0.0
2025-03-16 04:00:00,0.0
2025-03-16 05:00:00,0.0
2025-03-16 06:00:00,1.12
2025-03-16 07:00:00,94.34
2025-03-16 08:00:00,212.18
2025-03-16 09:00:00,269.35
2025-03-16 10:00:00,357.76
2025-03-16 11:00:00,366.36
2025-03-16 12:00:00,392.47
2025-03-16 13:00:00,232.56
2025-03-16 14:00:00,221.79
2025-03-16 15:00:00,159.1
2025-03-16 16:00:00,82.66
2025-03-16 17:00:00,26.2
2025-03-16 18:00:00,0.0
2025-03-16 19:00:00,0.0
2025-03-16 20:00:00,0.0
2025-03-16 21:00:00,0.0
2025-03-16 22:00:00,0.0
2025-03-16 23:00:00,0.0
2025-03-17 00:00:00,0.0
2025-03-17 01:00:00,0.0
2025-03-17 02:00:00,0.0
2025-03-17 03:00:00,0.0
2025-03-17 04:00:00,0.0
2025-03-17 05:00:00,0.0
2025-03-17 06:00:00,0.0
2025-03-17 07:00:00,19.02
2025-03-17 08:00:00,60.21
2025-03-17 09:00:00,23.38
2025-03-17 10:00:00,58.78
2025-03-17 11:00:00,183.34
2025-03-17 12:00:00,201.83
2025-03-17 13:00:00,299.38
2025-03-17 14:00:00,243.77
2025-03-17 15:00:00,168.44
2025-03-17 16:00:00,122.81
2025-03-17 17:00:00,33.44
2025-03-17 18:00:00,0.0
2025-03-17 19:00:00,0.0
2025-03-17 20:00:00,0.0
2025-03-17 21:00:00,0.0
2025-03-17 22:00:00,0.0
2025-03-17 23:00:00,0.0
2025-03-18 00:00:00,0.0
2025-03-18 01:00:00,0.0
2025-03-18 02:00:00,0.0
2025-03-18 03:00:00,0.0
2025-03-18 04:00:00,0.0
2025-03-18 05:00:00,0.0
2025-03-18 06:00:00,1.45
2025-03-18 07:00:00,199.1
2025-03-18 08:00:00,431.13
2025-03-18 09:00:00,583.53
2025-03-18 10:00:00,678.65
2025-03-18 11:00:00,728.29
2025-03-18 12:00:00,804.66
2025-03-18 13:00:00,811.77
2025-03-18 14:00:00,786.0
2025-03-18 15:00:00,727.09
2025-03-18 16:00:00,597.09
2025-03-18 17:00:00,381.12
2025-03-18 18:00:00,5.47
2025-03-18 19:00:00,0.0
2025-03-18 20:00:00,0.0
2025-03-18 21:00:00,0.0
2025-03-18 22:00:00,0.0
2025-03-18 23:00:00,0.0
2025-03-19 00:00:00,0.0
2025-03-19 01:00:00,0.0
2025-03-19 02:00:00,0.0
2025-03-19 03:00:00,0.0
2025-03-19 04:00:00,0.0
2025-03-19 05:00:00,0.0
2025-03-19 06:00:00,11.96
2025-03-19 07:00:00,370.27
2025-03-19 08:00:00,578.59
2025-03-19 09:00:00,712.94
2025-03-19 10:00:00,774.0
2025-03-19 11:00:00,795.52
2025-03-19 12:00:00,816.89
2025-03-19 13:00:00,790.0
2025-03-19 14:00:00,729.74
2025-03-19 15:00:00,619.88
2025-03-19 16:00:00,447.16
2025-03-19 17:00:00,228.45
2025-03-19 18:00:00,1.07
2025-03-19 19:00:00,0.0
2025-03-19 20:00:00,0.0
2025-03-19 21:00:00,0.0
2025-03-19 22:00:00,0.0
2025-03-19 23:00:00,0.0
2025-03-20 00:00:00,0.0
2025-03-20 01:00:00,0.0
2025-03-20 02:00:00,0.0
2025-03-20 03:00:00,0.0
2025-03-20 04:00:00,0.0
2025-03-20 05:00:00,0.0
2025-03-20 06:00:00,0.0
2025-03-20 07:00:00,14.56
2025-03-20 08:00:00,24.27
2025-03-20 09:00:00,19.54
2025-03-20 10:00:00,74.42
2025-03-20 11:00:00,106.44
2025-03-20 12:00:00,183.75
2025-03-20 13:00:00,183.16
2025-03-20 14:00:00,92.86
2025-03-20 15:00:00,39.57
2025-03-20 16:00:00,15.25
2025-03-20 17:00:00,3.53
2025-03-20 18:00:00,0.0
2025-03-20 19:00:00,0.0
2025-03-20 20:00:00,0.0
2025-03-20 21:00:00,0.0
2025-03-20 22:00:00,0.0
2025-03-20 23:00:00,0.0
2025-03-21 00:00:00,0.0
2025-03-21 01:00:00,0.0
2025-03-21 02:00:00,0.0
2025-03-21 03:00:00,0.0
2025-03-21 04:00:00,0.0
2025-03-21 05:00:00,0.0
2025-03-21 06:00:00,0.0
2025-03-21 07:00:00,0.3
2025-03-21 08:00:00,1.3
2025-03-21 09:00:00,1.88
2025-03-21 10:00:00,1.65
2025-03-21 11:00:00,36.38
2025-03-21 12:00:00,1.07
2025-03-21 13:00:00,0.65
2025-03-21 14:00:00,0.37
2025-03-21 15:00:00,0.0
2025-03-21 16:00:00,0.43
2025-03-21 17:00:00,0.42
2025-03-21 18:00:00,0.0
2025-03-21 19:00:00,0.0
2025-03-21 20:00:00,0.0
2025-03-21 21:00:00,0.0
2025-03-21 22:00:00,0.0
2025-03-21 23:00:00,0.0
2025-03-22 00:00:00,0.0
2025-03-22 01:00:00,0.0
2025-03-22 02:00:00,0.0
2025-03-22 03:00:00,0.0
2025-03-22 04:00:00,0.0
2025-03-22 05:00:00,0.0
2025-03-22 06:00:00,0.0
2025-03-22 07:00:00,5.46
2025-03-22 08:00:00,25.62
2025-03-22 09:00:00,74.03
2025-03-22 10:00:00,137.58
2025-03-22 11:00:00,278.83
2025-03-22 12:00:00,537.34
2025-03-22 13:00:00,703.06
2025-03-22 14:00:00,641.73
2025-03-22 15:00:00,449.63
2025-03-22 16:00:00,300.72
2025-03-22 17:00:00,136.55
2025-03-22 18:00:00,1.25
2025-03-22 19:00:00,0.0
2025-03-22 20:00:00,0.0
2025-03-22 21:00:00,0.0
2025-03-22 22:00:00,0.0
2025-03-22 23:00:00,0.0
2025-03-23 00:00:00,0.0
2025-03-23 01:00:00,0.0
2025-03-23 02:00:00,0.0
2025-03-23 03:00:00,0.0
2025-03-23 04:00:00,0.0
2025-03-23 05:00:00,0.0
2025-03-23 06:00:00,0.78
2025-03-23 07:00:00,37.15
2025-03-23 08:00:00,75.05
2025-03-23 09:00:00,145.88
2025-03-23 10:00:00,213.91
2025-03-23 11:00:00,256.76
2025-03-23 12:00:00,240.48
2025-03-23 13:00:00,285.22
2025-03-23 14:00:00,210.51
2025-03-23 15:00:00,252.07
2025-03-23 16:00:00,201.71
2025-03-23 17:00:00,85.25
2025-03-23 18:00:00,0.47
2025-03-23 19:00:00,0.0
2025-03-23 20:00:00,0.0
2025-03-23 21:00:00,0.0
2025-03-23 22:00:00,0.0
2025-03-23 23:00:00,0.0
2025-03-24 00:00:00,0.0
2025-03-24 01:00:00,0.0
2025-03-24 02:00:00,0.0
2025-03-24 03:00:00,0.0
2025-03-24 04:00:00,0.0
2025-03-24 05:00:00,0.0
2025-03-24 06:00:00,6.04
2025-03-24 07:00:00,206.47
2025-03-24 08:00:00,347.12
2025-03-24 09:00:00,478.25
2025-03-24 10:00:00,553.66
2025-03-24 11:00:00,568.92
2025-03-24 12:00:00,432.87
2025-03-24 13:00:00,474.45
2025-03-24 14:00:00,387.56
2025-03-24 15:00:00,362.02
2025-03-24 16:00:00,270.88
2025-03-24 17:00:00,103.49
2025-03-24 18:00:00,0.49
2025-03-24 19:00:00,0.0
2025-03-24 20:00:00,0.0
2025-03-24 21:00:00,0.0
2025-03-24 22:00:00,0.0
2025-03-24 23:00:00,0.0
2025-03-25 00:00:00,0.0
2025-03-25 01:00:00,0.0
2025-03-25 02:00:00,0.0
2025-03-25 03:00:00,0.0
2025-03-25 04:00:00,0.0
2025-03-25 05:00:00,0.0
2025-03-25 06:00:00,13.41
2025-03-25 07:00:00,289.09
2025-03-25 08:00:00,471.76
2025-03-25 09:00:00,614.22
2025-03-25 10:00:00,695.25
2025-03-25 11:00:00,741.1
2025-03-25 12:00:00,611.17
2025-03-25 13:00:00,610.28
2025-03-25 14:00:00,573.75
2025-03-25 15:00:00,491.01
2025-03-25 16:00:00,358.63
2025-03-25 17:00:00,210.83
2025-03-25 18:00:00,0.99
2025-03-25 19:00:00,0.0
2025-03-25 20:00:00,0.0
2025-03-25 21:00:00,0.0
2025-03-25 22:00:00,0.0
2025-03-25 23:00:00,0.0
2025-03-26 00:00:00,0.0
2025-03-26 01:00:00,0.0
2025-03-26 02:00:00,0.0
2025-03-26 03:00:00,0.0
2025-03-26 04:00:00,0.0
2025-03-26 05:00:00,0.0
2025-03-26 06:00:00,14.26
2025-03-26 07:00:00,289.49
2025-03-26 08:00:00,455.31
2025-03-26 09:00:00,593.95
2025-03-26 10:00:00,673.77
2025-03-26 11:00:00,724.66
2025-03-26 12:00:00,700.29
2025-03-26 13:00:00,698.95
2025-03-26 14:00:00,662.53
2025-03-26 15:00:00,581.19
2025-03-26 16:00:00,444.61
2025-03-26 17:00:00,255.37
2025-03-26 18:00:00,1.92
2025-03-26 19:00:00,0.0
2025-03-26 20:00:00,0.0
2025-03-26 21:00:00,0.0
2025-03-26 22:00:00,0.0
2025-03-26 23:00:00,0.0
2025-03-27 00:00:00,0.0
2025-03-27 01:00:00,0.0
2025-03-27 02:00:00,0.0
2025-03-27 03:00:00,0.0
2025-03-27 04:00:00,0.0
2025-03-27 05:00:00,0.0
2025-03-27 06:00:00,13.26
2025-03-27 07:00:00,303.77
2025-03-27 08:00:00,451.07
2025-03-27 09:00:00,600.19
2025-03-27 10:00:00,683.44
2025-03-27 11:00:00,736.94
2025-03-27 12:00:00,803.02
2025-03-27 13:00:00,783.11
2025-03-27 14:00:00,740.23
2025-03-27 15:00:00,655.4
2025-03-27 16:00:00,515.01
2025-03-27 17:00:00,297.11
2025-03-27 18:00:00,2.8
2025-03-27 19:00:00,0.0
2025-03-27 20:00:00,0.0
2025-03-27 21:00:00,0.0
2025-03-27 22:00:00,0.0
2025-03-27 23:00:00,0.0
2025-03-28 00:00:00,0.0
2025-03-28 01:00:00,0.0
2025-03-28 02:00:00,0.0
2025-03-28 03:00:00,0.0
2025-03-28 04:00:00,0.0
2025-03-28 05:00:00,0.0
2025-03-28 06:00:00,13.84
2025-03-28 07:00:00,283.73
2025-03-28 08:00:00,488.58
2025-03-28 09:00:00,614.3
2025-03-28 10:00:00,697.56
2025-03-28 11:00:00,743.47
2025-03-28 12:00:00,785.4
2025-03-28 13:00:00,777.51
2025-03-28 14:00:00,729.97
2025-03-28 15:00:00,640.36
2025-03-28 16:00:00,496.97
2025-03-28 17:00:00,288.72
2025-03-28 18:00:00,2.27
2025-03-28 19:00:00,0.0
2025-03-28 20:00:00,0.0
2025-03-28 21:00:00,0.0
2025-03-28 22:00:00,0.0
2025-03-28 23:00:00,0.0
2025-03-29 00:00:00,0.0
2025-03-29 01:00:00,0.0
2025-03-29 02:00:00,0.0
2025-03-29 03:00:00,0.0
2025-03-29 04:00:00,0.0
2025-03-29 05:00:00,0.0
2025-03-29 06:00:00,17.48
2025-03-29 07:00:00,316.04
2025-03-29 08:00:00,496.12
2025-03-29 09:00:00,635.33
2025-03-29 10:00:00,707.68
2025-03-29 11:00:00,751.36
2025-03-29 12:00:00,914.73
2025-03-29 13:00:00,905.15
2025-03-29 14:00:00,877.38
2025-03-29 15:00:00,815.59
2025-03-29 16:00:00,704.08
2025-03-29 17:00:00,463.05
2025-03-29 18:00:00,14.17
2025-03-29 19:00:00,0.0
2025-03-29 20:00:00,0.0
2025-03-29 21:00:00,0.0
2025-03-29 22:00:00,0.0
2025-03-29 23:00:00,0.0
2025-03-30 00:00:00,0.0
2025-03-30 01:00:00,0.0
2025-03-30 02:00:00,0.0
2025-03-30 03:00:00,0.0
2025-03-30 04:00:00,0.0
2025-03-30 05:00:00,0.0
2025-03-30 06:00:00,41.67
2025-03-30 07:00:00,375.59
2025-03-30 08:00:00,584.32
2025-03-30 09:00:00,709.18
2025-03-30 10:00:00,761.56
2025-03-30 11:00:00,819.69
2025-03-30 12:00:00,776.07
2025-03-30 13:00:00,814.18
2025-03-30 14:00:00,769.23
2025-03-30 15:00:00,700.64
2025-03-30 16:00:00,570.49
2025-03-30 17:00:00,349.54
2025-03-30 18:00:00,5.18
2025-03-30 19:00:00,0.0
2025-03-30 20:00:00,0.0
2025-03-30 21:00:00,0.0
2025-03-30 22:00:00,0.0
2025-03-30 23:00:00,0.0
2025-03-31 00:00:00,0.0
2025-03-31 01:00:00,0.0
2025-03-31 02:00:00,0.0
2025-03-31 03:00:00,0.0
2025-03-31 04:00:00,0.0
2025-03-31 05:00:00,0.0
2025-03-31 06:00:00,21.03
2025-03-31 07:00:00,308.58
2025-03-31 08:00:00,460.78
2025-03-31 09:00:00,596.84
2025-03-31 10:00:00,702.89
2025-03-31 11:00:00,753.35
2025-03-31 12:00:00,834.72
2025-03-31 13:00:00,823.23
2025-03-31 14:00:00,779.04
2025-03-31 15:00:00,712.85
2025-03-31 16:00:00,583.93
2025-03-31 17:00:00,364.68
2025-03-31 18:00:00,6.73
2025-03-31 19:00:00,0.0
2025-03-31 20:00:00,0.0
2025-03-31 21:00:00,0.0
2025-03-31 22:00:00,0.0
2025-03-31 23:00:00,0.0
2025-04-01 00:00:00,0.0
2025-04-01 01:00:00,0.0
2025-04-01 02:00:00,0.0
2025-04-01 03:00:00,0.0
2025-04-01 04:00:00,0.0
2025-04-01 05:00:00,0.0
2025-04-01 06:00:00,51.72
2025-04-01 07:00:00,422.15
2025-04-01 08:00:00,576.09
2025-04-01 09:00:00,695.05
2025-04-01 10:00:00,750.96
2025-04-01 11:00:00,774.06
2025-04-01 12:00:00,703.74
2025-04-01 13:00:00,685.66
2025-04-01 14:00:00,629.09
2025-04-01 15:00:00,544.86
2025-04-01 16:00:00,393.99
2025-04-01 17:00:00,277.84
2025-04-01 18:00:00,2.13
2025-04-01 19:00:00,0.0
2025-04-01 20:00:00,0.0
2025-04-01 21:00:00,0.0
2025-04-01 22:00:00,0.0
2025-04-01 23:00:00,0.0
2025-04-02 00:00:00,0.0
2025-04-02 01:00:00,0.0
2025-04-02 02:00:00,0.0
2025-04-02 03:00:00,0.0
2025-04-02 04:00:00,0.0
2025-04-02 05:00:00,0.0
2025-04-02 06:00:00,6.39
2025-04-02 07:00:00,68.41
2025-04-02 08:00:00,100.22
2025-04-02 09:00:00,206.9
2025-04-02 10:00:00,442.05
2025-04-02 11:00:00,338.52
2025-04-02 12:00:00,164.16
2025-04-02 13:00:00,156.2
2025-04-02 14:00:00,75.22
2025-04-02 15:00:00,138.58
2025-04-02 16:00:00,87.85
2025-04-02 17:00:00,27.51
2025-04-02 18:00:00,0.0
2025-04-02 19:00:00,0.0
2025-04-02 20:00:00,0.0
2025-04-02 21:00:00,0.0
2025-04-02 22:00:00,0.0
2025-04-02 23:00:00,0.0
2025-04-03 00:00:00,0.0
2025-04-03 01:00:00,0.0
2025-04-03 02:00:00,0.0
2025-04-03 03:00:00,0.0
2025-04-03 04:00:00,0.0
2025-04-03 05:00:00,0.0
2025-04-03 06:00:00,1.74
2025-04-03 07:00:00,63.56
2025-04-03 08:00:00,165.47
2025-04-03 09:00:00,196.08
2025-04-03 10:00:00,306.89
2025-04-03 11:00:00,310.53
2025-04-03 12:00:00,543.09
2025-04-03 13:00:00,538.65
2025-04-03 14:00:00,276.12
2025-04-03 15:00:00,130.33
2025-04-03 16:00:00,66.73
2025-04-03 17:00:00,14.91
2025-04-03 18:00:00,0.0
2025-04-03 19:00:00,0.0
2025-04-03 20:00:00,0.0
2025-04-03 21:00:00,0.0
2025-04-03 22:00:00,0.0
2025-04-03 23:00:00,0.0
2025-04-04 00:00:00,0.0
2025-04-04 01:00:00,0.0
2025-04-04 02:00:00,0.0
2025-04-04 03:00:00,0.0
2025-04-04 04:00:00,0.0
2025-04-04 05:00:00,0.0
2025-04-04 06:00:00,0.0
2025-04-04 07:00:00,1.22
2025-04-04 08:00:00,2.51
2025-04-04 09:00:00,13.12
2025-04-04 10:00:00,149.36
2025-04-04 11:00:00,178.18
2025-04-04 12:00:00,342.7
2025-04-04 13:00:00,282.11
2025-04-04 14:00:00,21.5
2025-04-04 15:00:00,140.23
2025-04-04 16:00:00,96.73
2025-04-04 17:00:00,36.27
2025-04-04 18:00:00,0.62
2025-04-04 19:00:00,0.0
2025-04-04 20:00:00,0.0
2025-04-04 21:00:00,0.0
2025-04-04 22:00:00,0.0
2025-04-04 23:00:00,0.0
2025-04-05 00:00:00,0.0
2025-04-05 01:00:00,0.0
2025-04-05 02:00:00,0.0
2025-04-05 03:00:00,0.0
2025-04-05 04:00:00,0.0
2025-04-05 05:00:00,0.0
2025-04-05 06:00:00,29.19
2025-04-05 07:00:00,382.61
2025-04-05 08:00:00,443.08
2025-04-05 09:00:00,579.22
2025-04-05 10:00:00,656.56
2025-04-05 11:00:00,698.85
2025-04-05 12:00:00,812.66
2025-04-05 13:00:00,777.94
2025-04-05 14:00:00,733.61
2025-04-05 15:00:00,663.73
2025-04-05 16:00:00,500.98
2025-04-05 17:00:00,240.12
2025-04-05 18:00:00,3.53
2025-04-05 19:00:00,0.0
2025-04-05 20:00:00,0.0
2025-04-05 21:00:00,0.0
2025-04-05 22:00:00,0.0
2025-04-05 23:00:00,0.0
2025-04-06 00:00:00,0.0
2025-04-06 01:00:00,0.0
2025-04-06 02:00:00,0.0
2025-04-06 03:00:00,0.0
2025-04-06 04:00:00,0.0
2025-04-06 05:00:00,0.0
2025-04-06 06:00:00,18.49
2025-04-06 07:00:00,192.42
2025-04-06 08:00:00,309.97
2025-04-06 09:00:00,345.85
2025-04-06 10:00:00,509.39
2025-04-06 11:00:00,562.81
2025-04-06 12:00:00,495.9
2025-04-06 13:00:00,479.54
2025-04-06 14:00:00,416.43
2025-04-06 15:00:00,362.44
2025-04-06 16:00:00,279.5
2025-04-06 17:00:00,103.57
2025-04-06 18:00:00,0.5
2025-04-06 19:00:00,0.0
2025-04-06 20:00:00,0.0
2025-04-06 21:00:00,0.0
2025-04-06 22:00:00,0.0
2025-04-06 23:00:00,0.0
2025-04-07 00:00:00,0.0
2025-04-07 01:00:00,0.0
2025-04-07 02:00:00,0.0
2025-04-07 03:00:00,0.0
2025-04-07 04:00:00,0.0
2025-04-07 05:00:00,0.0
2025-04-07 06:00:00,14.57
2025-04-07 07:00:00,157.19
2025-04-07 08:00:00,235.18
2025-04-07 09:00:00,403.91
2025-04-07 10:00:00,533.42
2025-04-07 11:00:00,618.15
2025-04-07 12:00:00,633.53
2025-04-07 13:00:00,592.87
2025-04-07 14:00:00,523.71
2025-04-07 15:00:00,439.58
2025-04-07 16:00:00,320.61
2025-04-07 17:00:00,140.74
2025-04-07 18:00:00,1.42
2025-04-07 19:00:00,0.0
2025-04-07 20:00:00,0.0
2025-04-07 21:00:00,0.0
2025-04-07 22:00:00,0.0
2025-04-07 23:00:00,0.0
2025-04-08 00:00:00,0.0
2025-04-08 01:00:00,0.0
2025-04-08 02:00:00,0.0
2025-04-08 03:00:00,0.0
2025-04-08 04:00:00,0.0
2025-04-08 05:00:00,0.0
2025-04-08 06:00:00,32.05
2025-04-08 07:00:00,248.45
2025-04-08 08:00:00,424.56
2025-04-08 09:00:00,540.53
2025-04-08 10:00:00,605.61
2025-04-08 11:00:00,637.55
2025-04-08 12:00:00,589.11
2025-04-08 13:00:00,568.27
2025-04-08 14:00:00,492.03
2025-04-08 15:00:00,404.05
2025-04-08 16:00:00,283.86
2025-04-08 17:00:00,106.75
2025-04-08 18:00:00,0.91
2025-04-08 19:00:00,0.0
2025-04-08 20:00:00,0.0
2025-04-08 21:00:00,0.0
2025-04-08 22:00:00,0.0
2025-04-08 23:00:00,0.0
2025-04-09 00:00:00,0.0
2025-04-09 01:00:00,0.0
2025-04-09 02:00:00,0.0
2025-04-09 03:00:00,0.0
2025-04-09 04:00:00,0.0
2025-04-09 05:00:00,0.0
2025-04-09 06:00:00,10.52
2025-04-09 07:00:00,127.33
2025-04-09 08:00:00,267.07
2025-04-09 09:00:00,400.79
2025-04-09 10:00:00,467.39
2025-04-09 11:00:00,411.53
2025-04-09 12:00:00,295.17
2025-04-09 13:00:00,353.26
2025-04-09 14:00:00,313.32
2025-04-09 15:00:00,211.2
2025-04-09 16:00:00,114.3
2025-04-09 17:00:00,40.61
2025-04-09 18:00:00,0.74
2025-04-09 19:00:00,0.0
2025-04-09 20:00:00,0.0
2025-04-09 21:00:00,0.0
2025-04-09 22:00:00,0.0
2025-04-09 23:00:00,0.0
2025-04-10 00:00:00,0.0
2025-04-10 01:00:00,0.0
2025-04-10 02:00:00,0.0
2025-04-10 03:00:00,0.0
2025-04-10 04:00:00,0.0
2025-04-10 05:00:00,0.0
2025-04-10 06:00:00,16.76
2025-04-10 07:00:00,157.44
2025-04-10 08:00:00,294.04
2025-04-10 09:00:00,258.87
2025-04-10 10:00:00,153.99
2025-04-10 11:00:00,355.1
2025-04-10 12:00:00,245.31
2025-04-10 13:00:00,308.92
2025-04-10 14:00:00,199.31
2025-04-10 15:00:00,150.93
2025-04-10 16:00:00,73.8
2025-04-10 17:00:00,23.7
2025-04-10 18:00:00,0.0
2025-04-10 19:00:00,0.0
2025-04-10 20:00:00,0.0
2025-04-10 21:00:00,0.0
2025-04-10 22:00:00,0.0
2025-04-10 23:00:00,0.0
2025-04-11 00:00:00,0.0
2025-04-11 01:00:00,0.0
2025-04-11 02:00:00,0.0
2025-04-11 03:00:00,0.0
2025-04-11 04:00:00,0.0
2025-04-11 05:00:00,0.0
2025-04-11 06:00:00,8.16
2025-04-11 07:00:00,155.39
2025-04-11 08:00:00,187.03
2025-04-11 09:00:00,290.36
2025-04-11 10:00:00,368.37
2025-04-11 11:00:00,281.08
2025-04-11 12:00:00,417.64
2025-04-11 13:00:00,475.38
2025-04-11 14:00:00,487.67
2025-04-11 15:00:00,467.76
2025-04-11 16:00:00,289.63
2025-04-11 17:00:00,103.73
2025-04-11 18:00:00,1.01
2025-04-11 19:00:00,0.0
2025-04-11 20:00:00,0.0
2025-04-11 21:00:00,0.0
2025-04-11 22:00:00,0.0
2025-04-11 23:00:00,0.0
2025-04-12 00:00:00,0.0
2025-04-12 01:00:00,0.0
2025-04-12 02:00:00,0.0
2025-04-12 03:00:00,0.0
2025-04-12 04:00:00,0.0
2025-04-12 05:00:00,0.0
2025-04-12 06:00:00,10.59
2025-04-12 07:00:00,102.0
2025-04-12 08:00:00,159.28
2025-04-12 09:00:00,210.95
2025-04-12 10:00:00,363.52
2025-04-12 11:00:00,465.65
2025-04-12 12:00:00,523.18
2025-04-12 13:00:00,496.67
2025-04-12 14:00:00,453.11
2025-04-12 15:00:00,327.34
2025-04-12 16:00:00,240.0
2025-04-12 17:00:00,95.86
2025-04-12 18:00:00,1.32
2025-04-12 19:00:00,0.0
2025-04-12 20:00:00,0.0
2025-04-12 21:00:00,0.0
2025-04-12 22:00:00,0.0
2025-04-12 23:00:00,0.0
2025-04-13 00:00:00,0.0
2025-04-13 01:00:00,0.0
2025-04-13 02:00:00,0.0
2025-04-13 03:00:00,0.0
2025-04-13 04:00:00,0.0
2025-04-13 05:00:00,0.0
2025-04-13 06:00:00,6.25
2025-04-13 07:00:00,77.05
2025-04-13 08:00:00,168.4
2025-04-13 09:00:00,261.66
2025-04-13 10:00:00,308.49
2025-04-13 11:00:00,285.47
2025-04-13 12:00:00,298.08
2025-04-13 13:00:00,291.87
2025-04-13 14:00:00,349.85
2025-04-13 15:00:00,310.2
2025-04-13 16:00:00,197.24
2025-04-13 17:00:00,73.4
2025-04-13 18:00:00,0.43
2025-04-13 19:00:00,0.0
2025-04-13 20:00:00,0.0
2025-04-13 21:00:00,0.0
2025-04-13 22:00:00,0.0
2025-04-13 23:00:00,0.0
2025-04-14 00:00:00,0.0
2025-04-14 01:00:00,0.0
2025-04-14 02:00:00,0.0
2025-04-14 03:00:00,0.0
2025-04-14 04:00:00,0.0
2025-04-14 05:00:00,0.0
2025-04-14 06:00:00,13.45
2025-04-14 07:00:00,148.82
2025-04-14 08:00:00,228.18
2025-04-14 09:00:00,425.77
2025-04-14 10:00:00,491.09
2025-04-14 11:00:00,513.14
2025-04-14 12:00:00,415.04
2025-04-14 13:00:00,380.4
2025-04-14 14:00:00,182.05
2025-04-14 15:00:00,17.48
2025-04-14 16:00:00,1.04
2025-04-14 17:00:00,2.12
2025-04-14 18:00:00,0.0
2025-04-14 19:00:00,0.0
2025-04-14 20:00:00,0.0
2025-04-14 21:00:00,0.0
2025-04-14 22:00:00,0.0
2025-04-14 23:00:00,0.0
2025-04-15 00:00:00,0.0
2025-04-15 01:00:00,0.0
2025-04-15 02:00:00,0.0
2025-04-15 03:00:00,0.0
2025-04-15 04:00:00,0.0
2025-04-15 05:00:00,0.0
2025-04-15 06:00:00,5.26
2025-04-15 07:00:00,29.78
2025-04-15 08:00:00,17.64
2025-04-15 09:00:00,41.66
2025-04-15 10:00:00,151.36
2025-04-15 11:00:00,373.41
2025-04-15 12:00:00,387.15
2025-04-15 13:00:00,382.79
2025-04-15 14:00:00,395.01
2025-04-15 15:00:00,342.31
2025-04-15 16:00:00,178.39
2025-04-15 17:00:00,56.64
2025-04-15 18:00:00,0.0
2025-04-15 19:00:00,0.0
2025-04-15 20:00:00,0.0
2025-04-15 21:00:00,0.0
2025-04-15 22:00:00,0.0
2025-04-15 23:00:00,0.0
2025-04-16 00:00:00,0.0
2025-04-16 01:00:00,0.0
2025-04-16 02:00:00,0.0
2025-04-16 03:00:00,0.0
2025-04-16 04:00:00,0.0
2025-04-16 05:00:00,0.0
2025-04-16 06:00:00,7.87
2025-04-16 07:00:00,96.08
2025-04-16 08:00:00,192.36
2025-04-16 09:00:00,134.36
2025-04-16 10:00:00,168.37
2025-04-16 11:00:00,340.99
2025-04-16 12:00:00,452.74
2025-04-16 13:00:00,475.68
2025-04-16 14:00:00,467.73
2025-04-16 15:00:00,382.69
2025-04-16 16:00:00,249.76
2025-04-16 17:00:00,93.96
2025-04-16 18:00:00,0.94
2025-04-16 19:00:00,0.0
2025-04-16 20:00:00,0.0
2025-04-16 21:00:00,0.0
2025-04-16 22:00:00,0.0
2025-04-16 23:00:00,0.0
2025-04-17 00:00:00,0.0
2025-04-17 01:00:00,0.0
2025-04-17 02:00:00,0.0
2025-04-17 03:00:00,0.0
2025-04-17 04:00:00,0.0
2025-04-17 05:00:00,0.0
2025-04-17 06:00:00,14.62
2025-04-17 07:00:00,131.67
2025-04-17 08:00:00,243.52
2025-04-17 09:00:00,209.98
2025-04-17 10:00:00,450.62
2025-04-17 11:00:00,502.65
2025-04-17 12:00:00,218.06
2025-04-17 13:00:00,152.03
2025-04-17 14:00:00,115.92
2025-04-17 15:00:00,147.73
2025-04-17 16:00:00,85.08
2025-04-17 17:00:00,22.32
2025-04-17 18:00:00,0.0
2025-04-17 19:00:00,0.0
2025-04-17 20:00:00,0.0
2025-04-17 21:00:00,0.0
2025-04-17 22:00:00,0.0
2025-04-17 23:00:00,0.0
2025-04-18 00:00:00,0.0
2025-04-18 01:00:00,0.0
2025-04-18 02:00:00,0.0
2025-04-18 03:00:00,0.0
2025-04-18 04:00:00,0.0
2025-04-18 05:00:00,0.0
2025-04-18 06:00:00,5.05
2025-04-18 07:00:00,74.45
2025-04-18 08:00:00,165.92
2025-04-18 09:00:00,258.12
2025-04-18 10:00:00,297.39
2025-04-18 11:00:00,233.72
2025-04-18 12:00:00,106.9
2025-04-18 13:00:00,123.05
2025-04-18 14:00:00,78.24
2025-04-18 15:00:00,60.75
2025-04-18 16:00:00,32.05
2025-04-18 17:00:00,7.31
2025-04-18 18:00:00,0.0
2025-04-18 19:00:00,0.0
2025-04-18 20:00:00,0.0
2025-04-18 21:00:00,0.0
2025-04-18 22:00:00,0.0
2025-04-18 23:00:00,0.0
2025-04-19 00:00:00,0.0
2025-04-19 01:00:00,0.0
2025-04-19 02:00:00,0.0
2025-04-19 03:00:00,0.0
2025-04-19 04:00:00,0.0
2025-04-19 05:00:00,0.0
2025-04-19 06:00:00,6.45
2025-04-19 07:00:00,63.93
2025-04-19 08:00:00,107.67
2025-04-19 09:00:00,188.96
2025-04-19 10:00:00,232.76
2025-04-19 11:00:00,299.61
2025-04-19 12:00:00,448.28
2025-04-19 13:00:00,438.4
2025-04-19 14:00:00,404.87
2025-04-19 15:00:00,340.71
2025-04-19 16:00:00,226.18
2025-04-19 17:00:00,89.48
2025-04-19 18:00:00,1.35
2025-04-19 19:00:00,0.0
2025-04-19 20:00:00,0.0
2025-04-19 21:00:00,0.0
2025-04-19 22:00:00,0.0
2025-04-19 23:00:00,0.0
2025-04-20 00:00:00,0.0
2025-04-20 01:00:00,0.0
2025-04-20 02:00:00,0.0
2025-04-20 03:00:00,0.0
2025-04-20 04:00:00,0.0
2025-04-20 05:00:00,0.0
2025-04-20 06:00:00,20.56
2025-04-20 07:00:00,166.52
2025-04-20 08:00:00,283.83
2025-04-20 09:00:00,275.79
2025-04-20 10:00:00,509.0
2025-04-20 11:00:00,576.63
2025-04-20 12:00:00,475.41
2025-04-20 13:00:00,448.87
2025-04-20 14:00:00,295.6
2025-04-20 15:00:00,236.19
2025-04-20 16:00:00,171.23
2025-04-20 17:00:00,60.12
2025-04-20 18:00:00,0.95
2025-04-20 19:00:00,0.0
2025-04-20 20:00:00,0.0
2025-04-20 21:00:00,0.0
2025-04-20 22:00:00,0.0
2025-04-20 23:00:00,0.0
2025-04-21 00:00:00,0.0
2025-04-21 01:00:00,0.0
2025-04-21 02:00:00,0.0
2025-04-21 03:00:00,0.0
2025-04-21 04:00:00,0.0
2025-04-21 05:00:00,0.0
2025-04-21 06:00:00,21.11
2025-04-21 07:00:00,123.02
2025-04-21 08:00:00,328.35
2025-04-21 09:00:00,499.86
2025-04-21 10:00:00,479.03
2025-04-21 11:00:00,517.46
2025-04-21 12:00:00,473.51
2025-04-21 13:00:00,531.59
2025-04-21 14:00:00,408.31
2025-04-21 15:00:00,382.72
2025-04-21 16:00:00,301.96
2025-04-21 17:00:00,129.9
2025-04-21 18:00:00,1.27
2025-04-21 19:00:00,0.0
2025-04-21 20:00:00,0.0
2025-04-21 21:00:00,0.0
2025-04-21 22:00:00,0.0
2025-04-21 23:00:00,0.0
2025-04-22 00:00:00,0.0
2025-04-22 01:00:00,0.0
2025-04-22 02:00:00,0.0
2025-04-22 03:00:00,0.0
2025-04-22 04:00:00,0.0
2025-04-22 05:00:00,0.0
2025-04-22 06:00:00,29.96
2025-04-22 07:00:00,154.02
2025-04-22 08:00:00,214.48
2025-04-22 09:00:00,546.86
2025-04-22 10:00:00,618.61
2025-04-22 11:00:00,678.47
2025-04-22 12:00:00,625.25
2025-04-22 13:00:00,588.46
2025-04-22 14:00:00,549.75
2025-04-22 15:00:00,490.33
2025-04-22 16:00:00,362.02
2025-04-22 17:00:00,234.24
2025-04-22 18:00:00,1.58
2025-04-22 19:00:00,0.0
2025-04-22 20:00:00,0.0
2025-04-22 21:00:00,0.0
2025-04-22 22:00:00,0.0
2025-04-22 23:00:00,0.0
2025-04-23 00:00:00,0.0
2025-04-23 01:00:00,0.0
2025-04-23 02:00:00,0.0
2025-04-23 03:00:00,0.0
2025-04-23 04:00:00,0.0
2025-04-23 05:00:00,0.0
2025-04-23 06:00:00,49.28
2025-04-23 07:00:00,255.9
2025-04-23 08:00:00,401.44
2025-04-23 09:00:00,528.81
2025-04-23 10:00:00,646.34
2025-04-23 11:00:00,665.24
2025-04-23 12:00:00,795.07
2025-04-23 13:00:00,800.52
2025-04-23 14:00:00,810.81
2025-04-23 15:00:00,748.66
2025-04-23 16:00:00,603.43
2025-04-23 17:00:00,396.83
2025-04-23 18:00:00,17.41
2025-04-23 19:00:00,0.0
2025-04-23 20:00:00,0.0
2025-04-23 21:00:00,0.0
2025-04-23 22:00:00,0.0
2025-04-23 23:00:00,0.0
2025-04-24 00:00:00,0.0
2025-04-24 01:00:00,0.0
2025-04-24 02:00:00,0.0
2025-04-24 03:00:00,0.0
2025-04-24 04:00:00,0.0
2025-04-24 05:00:00,0.0
2025-04-24 06:00:00,53.26
2025-04-24 07:00:00,208.11
2025-04-24 08:00:00,381.66
2025-04-24 09:00:00,530.37
2025-04-24 10:00:00,616.03
2025-04-24 11:00:00,647.41
2025-04-24 12:00:00,784.72
2025-04-24 13:00:00,821.14
2025-04-24 14:00:00,782.78
2025-04-24 15:00:00,718.49
2025-04-24 16:00:00,585.53
2025-04-24 17:00:00,374.68
2025-04-24 18:00:00,18.77
2025-04-24 19:00:00,0.0
2025-04-24 20:00:00,0.0
2025-04-24 21:00:00,0.0
2025-04-24 22:00:00,0.0
2025-04-24 23:00:00,0.0
2025-04-25 00:00:00,0.0
2025-04-25 01:00:00,0.0
2025-04-25 02:00:00,0.0
2025-04-25 03:00:00,0.0
2025-04-25 04:00:00,0.0
2025-04-25 05:00:00,0.0
2025-04-25 06:00:00,61.85
2025-04-25 07:00:00,167.55
2025-04-25 08:00:00,310.82
2025-04-25 09:00:00,509.46
2025-04-25 10:00:00,626.66
2025-04-25 11:00:00,672.73
2025-04-25 12:00:00,812.41
2025-04-25 13:00:00,855.48
2025-04-25 14:00:00,810.83
2025-04-25 15:00:00,741.45
2025-04-25 16:00:00,600.03
2025-04-25 17:00:00,397.66
2025-04-25 18:00:00,23.74
2025-04-25 19:00:00,0.0
2025-04-25 20:00:00,0.0
2025-04-25 21:00:00,0.0
2025-04-25 22:00:00,0.0
2025-04-25 23:00:00,0.0
2025-04-26 00:00:00,0.0
2025-04-26 01:00:00,0.0
2025-04-26 02:00:00,0.0
2025-04-26 03:00:00,0.0
2025-04-26 04:00:00,0.0
2025-04-26 05:00:00,0.0
2025-04-26 06:00:00,82.43
2025-04-26 07:00:00,254.99
2025-04-26 08:00:00,669.37
2025-04-26 09:00:00,456.51
2025-04-26 10:00:00,565.99
2025-04-26 11:00:00,585.38
2025-04-26 12:00:00,596.78
2025-04-26 13:00:00,625.66
2025-04-26 14:00:00,474.02
2025-04-26 15:00:00,326.92
2025-04-26 16:00:00,227.45
2025-04-26 17:00:00,91.54
2025-04-26 18:00:00,0.79
2025-04-26 19:00:00,0.0
2025-04-26 20:00:00,0.0
2025-04-26 21:00:00,0.0
2025-04-26 22:00:00,0.0
2025-04-26 23:00:00,0.0
2025-04-27 00:00:00,0.0
2025-04-27 01:00:00,0.0
2025-04-27 02:00:00,0.0
2025-04-27 03:00:00,0.0
2025-04-27 04:00:00,0.0
2025-04-27 05:00:00,0.0
2025-04-27 06:00:00,2.45
2025-04-27 07:00:00,15.9
2025-04-27 08:00:00,40.98
2025-04-27 09:00:00,1.59
2025-04-27 10:00:00,6.75
2025-04-27 11:00:00,0.0
2025-04-27 12:00:00,0.59
2025-04-27 13:00:00,1.13
2025-04-27 14:00:00,0.22
2025-04-27 15:00:00,0.0
2025-04-27 16:00:00,6.85
2025-04-27 17:00:00,1.59
2025-04-27 18:00:00,0.0
2025-04-27 19:00:00,0.0
2025-04-27 20:00:00,0.0
2025-04-27 21:00:00,0.0
2025-04-27 22:00:00,0.0
2025-04-27 23:00:00,0.0
2025-04-28 00:00:00,0.0
2025-04-28 01:00:00,0.0
2025-04-28 02:00:00,0.0
2025-04-28 03:00:00,0.0
2025-04-28 04:00:00,0.0
2025-04-28 05:00:00,0.0
2025-04-28 06:00:00,4.44
2025-04-28 07:00:00,24.68
2025-04-28 08:00:00,227.85
2025-04-28 09:00:00,211.45
2025-04-28 10:00:00,349.25
2025-04-28 11:00:00,372.94
2025-04-28 12:00:00,393.18
2025-04-28 13:00:00,355.75
2025-04-28 14:00:00,279.15
2025-04-28 15:00:00,138.1
2025-04-28 16:00:00,87.05
2025-04-28 17:00:00,29.23
2025-04-28 18:00:00,0.64
2025-04-28 19:00:00,0.0
2025-04-28 20:00:00,0.0
2025-04-28 21:00:00,0.0
2025-04-28 22:00:00,0.0
2025-04-28 23:00:00,0.0
2025-04-29 00:00:00,0.0
2025-04-29 01:00:00,0.0
2025-04-29 02:00:00,0.0
2025-04-29 03:00:00,0.0
2025-04-29 04:00:00,0.0
2025-04-29 05:00:00,0.0
2025-04-29 06:00:00,11.31
2025-04-29 07:00:00,72.86
2025-04-29 08:00:00,108.59
2025-04-29 09:00:00,173.43
2025-04-29 10:00:00,203.3
2025-04-29 11:00:00,315.45
2025-04-29 12:00:00,388.97
2025-04-29 13:00:00,350.08
2025-04-29 14:00:00,323.7
2025-04-29 15:00:00,229.46
2025-04-29 16:00:00,121.41
2025-04-29 17:00:00,33.2
2025-04-29 18:00:00,0.47
2025-04-29 19:00:00,0.0
2025-04-29 20:00:00,0.0
2025-04-29 21:00:00,0.0
2025-04-29 22:00:00,0.0
2025-04-29 23:00:00,0.0
2025-04-30 00:00:00,-999.0
2025-04-30 01:00:00,-999.0
2025-04-30 02:00:00,-999.0
2025-04-30 03:00:00,-999.0
2025-04-30 04:00:00,-999.0
2025-04-30 05:00:00,-999.0
2025-04-30 06:00:00,-999.0
2025-04-30 07:00:00,-999.0
2025-04-30 08:00:00,-999.0
2025-04-30 09:00:00,-999.0
2025-04-30 10:00:00,-999.0
2025-04-30 11:00:00,-999.0
2025-04-30 12:00:00,-999.0
2025-04-30 13:00:00,-999.0
2025-04-30 14:00:00,-999.0
2025-04-30 15:00:00,-999.0
2025-04-30 16:00:00,-999.0
2025-04-30 17:00:00,-999.0
2025-04-30 18:00:00,-999.0
2025-04-30 19:00:00,-999.0
2025-04-30 20:00:00,-999.0
2025-04-30 21:00:00,-999.0
2025-04-30 22:00:00,-999.0
2025-04-30 23:00:00,-999.0
2025-05-01 00:00:00,-999.0
2025-05-01 01:00:00,-999.0
2025-05-01 02:00:00,-999.0
2025-05-01 03:00:00,-999.0
2025-05-01 04:00:00,-999.0
2025-05-01 05:00:00,-999.0
2025-05-01 06:00:00,-999.0
2025-05-01 07:00:00,-999.0
2025-05-01 08:00:00,-999.0
2025-05-01 09:00:00,-999.0
2025-05-01 10:00:00,-999.0
2025-05-01 11:00:00,-999.0
2025-05-01 12:00:00,-999.0
2025-05-01 13:00:00,-999.0
2025-05-01 14:00:00,-999.0
2025-05-01 15:00:00,-999.0
2025-05-01 16:00:00,-999.0
2025-05-01 17:00:00,-999.0
2025-05-01 18:00:00,-999.0
2025-05-01 19:00:00,-999.0
2025-05-01 20:00:00,-999.0
2025-05-01 21:00:00,-999.0
2025-05-01 22:00:00,-999.0
2025-05-01 23:00:00,-999.0
2025-05-02 00:00:00,-999.0
2025-05-02 01:00:00,-999.0
2025-05-02 02:00:00,-999.0
2025-05-02 03:00:00,-999.0
2025-05-02 04:00:00,-999.0
2025-05-02 05:00:00,-999.0
2025-05-02 06:00:00,-999.0
2025-05-02 07:00:00,-999.0
2025-05-02 08:00:00,-999.0
2025-05-02 09:00:00,-999.0
2025-05-02 10:00:00,-999.0
2025-05-02 11:00:00,-999.0
2025-05-02 12:00:00,-999.0
2025-05-02 13:00:00,-999.0
2025-05-02 14:00:00,-999.0
2025-05-02 15:00:00,-999.0
2025-05-02 16:00:00,-999.0
2025-05-02 17:00:00,-999.0
2025-05-02 18:00:00,-999.0
2025-05-02 19:00:00,-999.0
2025-05-02 20:00:00,-999.0
2025-05-02 21:00:00,-999.0
2025-05-02 22:00:00,-999.0
2025-05-02 23:00:00,-999.0
2025-05-03 00:00:00,-999.0
2025-05-03 01:00:00,-999.0
2025-05-03 02:00:00,-999.0
2025-05-03 03:00:00,-999.0
2025-05-03 04:00:00,-999.0
2025-05-03 05:00:00,-999.0
2025-05-03 06:00:00,-999.0
2025-05-03 07:00:00,-999.0
2025-05-03 08:00:00,-999.0
2025-05-03 09:00:00,-999.0
2025-05-03 10:00:00,-999.0
2025-05-03 11:00:00,-999.0
2025-05-03 12:00:00,-999.0
2025-05-03 13:00:00,-999.0
2025-05-03 14:00:00,-999.0
2025-05-03 15:00:00,-999.0
2025-05-03 16:00:00,-999.0
2025-05-03 17:00:00,-999.0
2025-05-03 18:00:00,-999.0
2025-05-03 19:00:00,-999.0
2025-05-03 20:00:00,-999.0
2025-05-03 21:00:00,-999.0
2025-05-03 22:00:00,-999.0
2025-05-03 23:00:00,-999.0
2025-05-04 00:00:00,-999.0
2025-05-04 01:00:00,-999.0
2025-05-04 02:00:00,-999.0
2025-05-04 03:00:00,-999.0
2025-05-04 04:00:00,-999.0
2025-05-04 05:00:00,-999.0
2025-05-04 06:00:00,-999.0
2025-05-04 07:00:00,-999.0
2025-05-04 08:00:00,-999.0
2025-05-04 09:00:00,-999.0
2025-05-04 10:00:00,-999.0
2025-05-04 11:00:00,-999.0
2025-05-04 12:00:00,-999.0
2025-05-04 13:00:00,-999.0
2025-05-04 14:00:00,-999.0
2025-05-04 15:00:00,-999.0
2025-05-04 16:00:00,-999.0
2025-05-04 17:00:00,-999.0
2025-05-04 18:00:00,-999.0
2025-05-04 19:00:00,-999.0
2025-05-04 20:00:00,-999.0
2025-05-04 21:00:00,-999.0
2025-05-04 22:00:00,-999.0
2025-05-04 23:00:00,-999.0
2025-05-05 00:00:00,-999.0
2025-05-05 01:00:00,-999.0
2025-05-05 02:00:00,-999.0
2025-05-05 03:00:00,-999.0
2025-05-05 04:00:00,-999.0
2025-05-05 05:00:00,-999.0
2025-05-05 06:00:00,-999.0
2025-05-05 07:00:00,-999.0
2025-05-05 08:00:00,-999.0
2025-05-05 09:00:00,-999.0
2025-05-05 10:00:00,-999.0
2025-05-05 11:00:00,-999.0
2025-05-05 12:00:00,-999.0
2025-05-05 13:00:00,-999.0
2025-05-05 14:00:00,-999.0
2025-05-05 15:00:00,-999.0
2025-05-05 16:00:00,-999.0
2025-05-05 17:00:00,-999.0
2025-05-05 18:00:00,-999.0
2025-05-05 19:00:00,-999.0
2025-05-05 20:00:00,-999.0
2025-05-05 21:00:00,-999.0
2025-05-05 22:00:00,-999.0
2025-05-05 23:00:00,-999.0
2025-05-06 00:00:00,-999.0
2025-05-06 01:00:00,-999.0
2025-05-06 02:00:00,-999.0
2025-05-06 03:00:00,-999.0
2025-05-06 04:00:00,-999.0
2025-05-06 05:00:00,-999.0
2025-05-06 06:00:00,-999.0
2025-05-06 07:00:00,-999.0
2025-05-06 08:00:00,-999.0
2025-05-06 09:00:00,-999.0
2025-05-06 10:00:00,-999.0
2025-05-06 11:00:00,-999.0
2025-05-06 12:00:00,-999.0
2025-05-06 13:00:00,-999.0
2025-05-06 14:00:00,-999.0
2025-05-06 15:00:00,-999.0
2025-05-06 16:00:00,-999.0
2025-05-06 17:00:00,-999.0
2025-05-06 18:00:00,-999.0
2025-05-06 19:00:00,-999.0
2025-05-06 20:00:00,-999.0
2025-05-06 21:00:00,-999.0
2025-05-06 22:00:00,-999.0
2025-05-06 23:00:00,-999.0
2025-05-07 00:00:00,-999.0
2025-05-07 01:00:00,-999.0
2025-05-07 02:00:00,-999.0
2025-05-07 03:00:00,-999.0
2025-05-07 04:00:00,-999.0
2025-05-07 05:00:00,-999.0
2025-05-07 06:00:00,-999.0
2025-05-07 07:00:00,-999.0
2025-05-07 08:00:00,-999.0
2025-05-07 09:00:00,-999.0
2025-05-07 10:00:00,-999.0
2025-05-07 11:00:00,-999.0
2025-05-07 12:00:00,-999.0
2025-05-07 13:00:00,-999.0
2025-05-07 14:00:00,-999.0
2025-05-07 15:00:00,-999.0
2025-05-07 16:00:00,-999.0
2025-05-07 17:00:00,-999.0
2025-05-07 18:00:00,-999.0
2025-05-07 19:00:00,-999.0
2025-05-07 20:00:00,-999.0
2025-05-07 21:00:00,-999.0
2025-05-07 22:00:00,-999.0
2025-05-07 23:00:00,-999.0
2025-05-08 00:00:00,-999.0
2025-05-08 01:00:00,-999.0
2025-05-08 02:00:00,-999.0
2025-05-08 03:00:00,-999.0
2025-05-08 04:00:00,-999.0
2025-05-08 05:00:00,-999.0
2025-05-08 06:00:00,-999.0
2025-05-08 07:00:00,-999.0
2025-05-08 08:00:00,-999.0
2025-05-08 09:00:00,-999.0
2025-05-08 10:00:00,-999.0
2025-05-08 11:00:00,-999.0
2025-05-08 12:00:00,-999.0
2025-05-08 13:00:00,-999.0
2025-05-08 14:00:00,-999.0
2025-05-08 15:00:00,-999.0
2025-05-08 16:00:00,-999.0
2025-05-08 17:00:00,-999.0
2025-05-08 18:00:00,-999.0
2025-05-08 19:00:00,-999.0
2025-05-08 20:00:00,-999.0
2025-05-08 21:00:00,-999.0
2025-05-08 22:00:00,-999.0
2025-05-08 23:00:00,-999.0
2025-05-09 00:00:00,-999.0
2025-05-09 01:00:00,-999.0
2025-05-09 02:00:00,-999.0
2025-05-09 03:00:00,-999.0
2025-05-09 04:00:00,-999.0
2025-05-09 05:00:00,-999.0
2025-05-09 06:00:00,-999.0
2025-05-09 07:00:00,-999.0
2025-05-09 08:00:00,-999.0
2025-05-09 09:00:00,-999.0
2025-05-09 10:00:00,-999.0
2025-05-09 11:00:00,-999.0
2025-05-09 12:00:00,-999.0
2025-05-09 13:00:00,-999.0
2025-05-09 14:00:00,-999.0
2025-05-09 15:00:00,-999.0
2025-05-09 16:00:00,-999.0
2025-05-09 17:00:00,-999.0
2025-05-09 18:00:00,-999.0
2025-05-09 19:00:00,-999.0
2025-05-09 20:00:00,-999.0
2025-05-09 21:00:00,-999.0
2025-05-09 22:00:00,-999.0
2025-05-09 23:00:00,-999.0
2025-05-10 00:00:00,-999.0
2025-05-10 01:00:00,-999.0
2025-05-10 02:00:00,-999.0
2025-05-10 03:00:00,-999.0
2025-05-10 04:00:00,-999.0
2025-05-10 05:00:00,-999.0
2025-05-10 06:00:00,-999.0
2025-05-10 07:00:00,-999.0
2025-05-10 08:00:00,-999.0
2025-05-10 09:00:00,-999.0
2025-05-10 10:00:00,-999.0
2025-05-10 11:00:00,-999.0
2025-05-10 12:00:00,-999.0
2025-05-10 13:00:00,-999.0
2025-05-10 14:00:00,-999.0
2025-05-10 15:00:00,-999.0
2025-05-10 16:00:00,-999.0
2025-05-10 17:00:00,-999.0
2025-05-10 18:00:00,-999.0
2025-05-10 19:00:00,-999.0
2025-05-10 20:00:00,-999.0
2025-05-10 21:00:00,-999.0
2025-05-10 22:00:00,-999.0
2025-05-10 23:00:00,-999.0
2025-05-11 00:00:00,-999.0
2025-05-11 01:00:00,-999.0
2025-05-11 02:00:00,-999.0
2025-05-11 03:00:00,-999.0
2025-05-11 04:00:00,-999.0
2025-05-11 05:00:00,-999.0
2025-05-11 06:00:00,-999.0
2025-05-11 07:00:00,-999.0
2025-05-11 08:00:00,-999.0
2025-05-11 09:00:00,-999.0
2025-05-11 10:00:00,-999.0
2025-05-11 11:00:00,-999.0
2025-05-11 12:00:00,-999.0
2025-05-11 13:00:00,-999.0
2025-05-11 14:00:00,-999.0
2025-05-11 15:00:00,-999.0
2025-05-11 16:00:00,-999.0
2025-05-11 17:00:00,-999.0
2025-05-11 18:00:00,-999.0
2025-05-11 19:00:00,-999.0
2025-05-11 20:00:00,-999.0
2025-05-11 21:00:00,-999.0
2025-05-11 22:00:00,-999.0
2025-05-11 23:00:00,-999.0
2025-05-12 00:00:00,-999.0
2025-05-12 01:00:00,-999.0
2025-05-12 02:00:00,-999.0
2025-05-12 03:00:00,-999.0
2025-05-12 04:00:00,-999.0
2025-05-12 05:00:00,-999.0
2025-05-12 06:00:00,-999.0
2025-05-12 07:00:00,-999.0
2025-05-12 08:00:00,-999.0
2025-05-12 09:00:00,-999.0
2025-05-12 10:00:00,-999.0
2025-05-12 11:00:00,-999.0
2025-05-12 12:00:00,-999.0
2025-05-12 13:00:00,-999.0
2025-05-12 14:00:00,-999.0
2025-05-12 15:00:00,-999.0
2025-05-12 16:00:00,-999.0
2025-05-12 17:00:00,-999.0
2025-05-12 18:00:00,-999.0
2025-05-12 19:00:00,-999.0
2025-05-12 20:00:00,-999.0
2025-05-12 21:00:00,-999.0
2025-05-12 22:00:00,-999.0
2025-05-12 23:00:00,-999.0
2025-05-13 00:00:00,-999.0
2025-05-13 01:00:00,-999.0
2025-05-13 02:00:00,-999.0
2025-05-13 03:00:00,-999.0
2025-05-13 04:00:00,-999.0
2025-05-13 05:00:00,-999.0
2025-05-13 06:00:00,-999.0
2025-05-13 07:00:00,-999.0
2025-05-13 08:00:00,-999.0
2025-05-13 09:00:00,-999.0
2025-05-13 10:00:00,-999.0
2025-05-13 11:00:00,-999.0
2025-05-13 12:00:00,-999.0
2025-05-13 13:00:00,-999.0
2025-05-13 14:00:00,-999.0
2025-05-13 15:00:00,-999.0
2025-05-13 16:00:00,-999.0
2025-05-13 17:00:00,-999.0
2025-05-13 18:00:00,-999.0
2025-05-13 19:00:00,-999.0
2025-05-13 20:00:00,-999.0
2025-05-13 21:00:00,-999.0
2025-05-13 22:00:00,-999.0
2025-05-13 23:00:00,-999.0
2025-05-14 00:00:00,-999.0
2025-05-14 01:00:00,-999.0
2025-05-14 02:00:00,-999.0
2025-05-14 03:00:00,-999.0
2025-05-14 04:00:00,-999.0
2025-05-14 05:00:00,-999.0
2025-05-14 06:00:00,-999.0
2025-05-14 07:00:00,-999.0
2025-05-14 08:00:00,-999.0
2025-05-14 09:00:00,-999.0
2025-05-14 10:00:00,-999.0
2025-05-14 11:00:00,-999.0
2025-05-14 12:00:00,-999.0
2025-05-14 13:00:00,-999.0
2025-05-14 14:00:00,-999.0
2025-05-14 15:00:00,-999.0
2025-05-14 16:00:00,-999.0
2025-05-14 17:00:00,-999.0
2025-05-14 18:00:00,-999.0
2025-05-14 19:00:00,-999.0
2025-05-14 20:00:00,-999.0
2025-05-14 21:00:00,-999.0
2025-05-14 22:00:00,-999.0
2025-05-14 23:00:00,-999.0
2025-05-15 00:00:00,-999.0
2025-05-15 01:00:00,-999.0
2025-05-15 02:00:00,-999.0
2025-05-15 03:00:00,-999.0
2025-05-15 04:00:00,-999.0
2025-05-15 05:00:00,-999.0
2025-05-15 06:00:00,-999.0
2025-05-15 07:00:00,-999.0
2025-05-15 08:00:00,-999.0
2025-05-15 09:00:00,-999.0
2025-05-15 10:00:00,-999.0
2025-05-15 11:00:00,-999.0
2025-05-15 12:00:00,-999.0
2025-05-15 13:00:00,-999.0
2025-05-15 14:00:00,-999.0
2025-05-15 15:00:00,-999.0
2025-05-15 16:00:00,-999.0
2025-05-15 17:00:00,-999.0
2025-05-15 18:00:00,-999.0
2025-05-15 19:00:00,-999.0
2025-05-15 20:00:00,-999.0
2025-05-15 21:00:00,-999.0
2025-05-15 22:00:00,-999.0
2025-05-15 23:00:00,-999.0
2025-05-16 00:00:00,-999.0
2025-05-16 01:00:00,-999.0
2025-05-16 02:00:00,-999.0
2025-05-16 03:00:00,-999.0
2025-05-16 04:00:00,-999.0
2025-05-16 05:00:00,-999.0
2025-05-16 06:00:00,-999.0
2025-05-16 07:00:00,-999.0
2025-05-16 08:00:00,-999.0
2025-05-16 09:00:00,-999.0
2025-05-16 10:00:00,-999.0
2025-05-16 11:00:00,-999.0
2025-05-16 12:00:00,-999.0
2025-05-16 13:00:00,-999.0
2025-05-16 14:00:00,-999.0
2025-05-16 15:00:00,-999.0
2025-05-16 16:00:00,-999.0
2025-05-16 17:00:00,-999.0
2025-05-16 18:00:00,-999.0
2025-05-16 19:00:00,-999.0
2025-05-16 20:00:00,-999.0
2025-05-16 21:00:00,-999.0
2025-05-16 22:00:00,-999.0
2025-05-16 23:00:00,-999.0
2025-05-17 00:00:00,-999.0
2025-05-17 01:00:00,-999.0
2025-05-17 02:00:00,-999.0
2025-05-17 03:00:00,-999.0
2025-05-17 04:00:00,-999.0
2025-05-17 05:00:00,-999.0
2025-05-17 06:00:00,-999.0
2025-05-17 07:00:00,-999.0
2025-05-17 08:00:00,-999.0
2025-05-17 09:00:00,-999.0
2025-05-17 10:00:00,-999.0
2025-05-17 11:00:00,-999.0
2025-05-17 12:00:00,-999.0
2025-05-17 13:00:00,-999.0
2025-05-17 14:00:00,-999.0
2025-05-17 15:00:00,-999.0
2025-05-17 16:00:00,-999.0
2025-05-17 17:00:00,-999.0
2025-05-17 18:00:00,-999.0
2025-05-17 19:00:00,-999.0
2025-05-17 20:00:00,-999.0
2025-05-17 21:00:00,-999.0
2025-05-17 22:00:00,-999.0
2025-05-17 23:00:00,-999.0
2025-05-18 00:00:00,-999.0
2025-05-18 01:00:00,-999.0
2025-05-18 02:00:00,-999.0
2025-05-18 03:00:00,-999.0
2025-05-18 04:00:00,-999.0
2025-05-18 05:00:00,-999.0
2025-05-18 06:00:00,-999.0
2025-05-18 07:00:00,-999.0
2025-05-18 08:00:00,-999.0
2025-05-18 09:00:00,-999.0
2025-05-18 10:00:00,-999.0
2025-05-18 11:00:00,-999.0
2025-05-18 12:00:00,-999.0
2025-05-18 13:00:00,-999.0
2025-05-18 14:00:00,-999.0
2025-05-18 15:00:00,-999.0
2025-05-18 16:00:00,-999.0
2025-05-18 17:00:00,-999.0
2025-05-18 18:00:00,-999.0
2025-05-18 19:00:00,-999.0
2025-05-18 20:00:00,-999.0
2025-05-18 21:00:00,-999.0
2025-05-18 22:00:00,-999.0
2025-05-18 23:00:00,-999.0
2025-05-19 00:00:00,-999.0
2025-05-19 01:00:00,-999.0
2025-05-19 02:00:00,-999.0
2025-05-19 03:00:00,-999.0
2025-05-19 04:00:00,-999.0
2025-05-19 05:00:00,-999.0
2025-05-19 06:00:00,-999.0
2025-05-19 07:00:00,-999.0
2025-05-19 08:00:00,-999.0
2025-05-19 09:00:00,-999.0
2025-05-19 10:00:00,-999.0
2025-05-19 11:00:00,-999.0
2025-05-19 12:00:00,-999.0
2025-05-19 13:00:00,-999.0
2025-05-19 14:00:00,-999.0
2025-05-19 15:00:00,-999.0
2025-05-19 16:00:00,-999.0
2025-05-19 17:00:00,-999.0
2025-05-19 18:00:00,-999.0
2025-05-19 19:00:00,-999.0
2025-05-19 20:00:00,-999.0
2025-05-19 21:00:00,-999.0
2025-05-19 22:00:00,-999.0
2025-05-19 23:00:00,-999.0
2025-05-20 00:00:00,-999.0
2025-05-20 01:00:00,-999.0
2025-05-20 02:00:00,-999.0
2025-05-20 03:00:00,-999.0
2025-05-20 04:00:00,-999.0
2025-05-20 05:00:00,-999.0
2025-05-20 06:00:00,-999.0
2025-05-20 07:00:00,-999.0
2025-05-20 08:00:00,-999.0
2025-05-20 09:00:00,-999.0
2025-05-20 10:00:00,-999.0
2025-05-20 11:00:00,-999.0
2025-05-20 12:00:00,-999.0
2025-05-20 13:00:00,-999.0
2025-05-20 14:00:00,-999.0
2025-05-20 15:00:00,-999.0
2025-05-20 16:00:00,-999.0
2025-05-20 17:00:00,-999.0
2025-05-20 18:00:00,-999.0
2025-05-20 19:00:00,-999.0
2025-05-20 20:00:00,-999.0
2025-05-20 21:00:00,-999.0
2025-05-20 22:00:00,-999.0
2025-05-20 23:00:00,-999.0
2025-05-21 00:00:00,-999.0
2025-05-21 01:00:00,-999.0
2025-05-21 02:00:00,-999.0
2025-05-21 03:00:00,-999.0
2025-05-21 04:00:00,-999.0
2025-05-21 05:00:00,-999.0
2025-05-21 06:00:00,-999.0
2025-05-21 07:00:00,-999.0
2025-05-21 08:00:00,-999.0
2025-05-21 09:00:00,-999.0
2025-05-21 10:00:00,-999.0
2025-05-21 11:00:00,-999.0
2025-05-21 12:00:00,-999.0
2025-05-21 13:00:00,-999.0
2025-05-21 14:00:00,-999.0
2025-05-21 15:00:00,-999.0
2025-05-21 16:00:00,-999.0
2025-05-21 17:00:00,-999.0
2025-05-21 18:00:00,-999.0
2025-05-21 19:00:00,-999.0
2025-05-21 20:00:00,-999.0
2025-05-21 21:00:00,-999.0
2025-05-21 22:00:00,-999.0
2025-05-21 23:00:00,-999.0
2025-05-22 00:00:00,-999.0
2025-05-22 01:00:00,-999.0
2025-05-22 02:00:00,-999.0
2025-05-22 03:00:00,-999.0
2025-05-22 04:00:00,-999.0
2025-05-22 05:00:00,-999.0
2025-05-22 06:00:00,-999.0
2025-05-22 07:00:00,-999.0
2025-05-22 08:00:00,-999.0
2025-05-22 09:00:00,-999.0
2025-05-22 10:00:00,-999.0
2025-05-22 11:00:00,-999.0
2025-05-22 12:00:00,-999.0
2025-05-22 13:00:00,-999.0
2025-05-22 14:00:00,-999.0
2025-05-22 15:00:00,-999.0
2025-05-22 16:00:00,-999.0
2025-05-22 17:00:00,-999.0
2025-05-22 18:00:00,-999.0
2025-05-22 19:00:00,-999.0
2025-05-22 20:00:00,-999.0
2025-05-22 21:00:00,-999.0
2025-05-22 22:00:00,-999.0
2025-05-22 23:00:00,-999.0
2025-05-23 00:00:00,-999.0
2025-05-23 01:00:00,-999.0
2025-05-23 02:00:00,-999.0
2025-05-23 03:00:00,-999.0
2025-05-23 04:00:00,-999.0
2025-05-23 05:00:00,-999.0
2025-05-23 06:00:00,-999.0
2025-05-23 07:00:00,-999.0
2025-05-23 08:00:00,-999.0
2025-05-23 09:00:00,-999.0
2025-05-23 10:00:00,-999.0
2025-05-23 11:00:00,-999.0
2025-05-23 12:00:00,-999.0
2025-05-23 13:00:00,-999.0
2025-05-23 14:00:00,-999.0
2025-05-23 15:00:00,-999.0
2025-05-23 16:00:00,-999.0
2025-05-23 17:00:00,-999.0
2025-05-23 18:00:00,-999.0
2025-05-23 19:00:00,-999.0
2025-05-23 20:00:00,-999.0
2025-05-23 21:00:00,-999.0
2025-05-23 22:00:00,-999.0
2025-05-23 23:00:00,-999.0
2025-05-24 00:00:00,-999.0
2025-05-24 01:00:00,-999.0
2025-05-24 02:00:00,-999.0
2025-05-24 03:00:00,-999.0
2025-05-24 04:00:00,-999.0
2025-05-24 05:00:00,-999.0
2025-05-24 06:00:00,-999.0
2025-05-24 07:00:00,-999.0
2025-05-24 08:00:00,-999.0
2025-05-24 09:00:00,-999.0
2025-05-24 10:00:00,-999.0
2025-05-24 11:00:00,-999.0
2025-05-24 12:00:00,-999.0
2025-05-24 13:00:00,-999.0
2025-05-24 14:00:00,-999.0
2025-05-24 15:00:00,-999.0
2025-05-24 16:00:00,-999.0
2025-05-24 17:00:00,-999.0
2025-05-24 18:00:00,-999.0
2025-05-24 19:00:00,-999.0
2025-05-24 20:00:00,-999.0
2025-05-24 21:00:00,-999.0
2025-05-24 22:00:00,-999.0
2025-05-24 23:00:00,-999.0
2025-05-25 00:00:00,-999.0
2025-05-25 01:00:00,-999.0
2025-05-25 02:00:00,-999.0
2025-05-25 03:00:00,-999.0
2025-05-25 04:00:00,-999.0
2025-05-25 05:00:00,-999.0
2025-05-25 06:00:00,-999.0
2025-05-25 07:00:00,-999.0
2025-05-25 08:00:00,-999.0
2025-05-25 09:00:00,-999.0
2025-05-25 10:00:00,-999.0
2025-05-25 11:00:00,-999.0
2025-05-25 12:00:00,-999.0
2025-05-25 13:00:00,-999.0
2025-05-25 14:00:00,-999.0
2025-05-25 15:00:00,-999.0
2025-05-25 16:00:00,-999.0
2025-05-25 17:00:00,-999.0
2025-05-25 18:00:00,-999.0
2025-05-25 19:00:00,-999.0
2025-05-25 20:00:00,-999.0
2025-05-25 21:00:00,-999.0
2025-05-25 22:00:00,-999.0
2025-05-25 23:00:00,-999.0
2025-05-26 00:00:00,-999.0
2025-05-26 01:00:00,-999.0
2025-05-26 02:00:00,-999.0
2025-05-26 03:00:00,-999.0
2025-05-26 04:00:00,-999.0
2025-05-26 05:00:00,-999.0
2025-05-26 06:00:00,-999.0
2025-05-26 07:00:00,-999.0
2025-05-26 08:00:00,-999.0
2025-05-26 09:00:00,-999.0
2025-05-26 10:00:00,-999.0
2025-05-26 11:00:00,-999.0
2025-05-26 12:00:00,-999.0
2025-05-26 13:00:00,-999.0
2025-05-26 14:00:00,-999.0
2025-05-26 15:00:00,-999.0
2025-05-26 16:00:00,-999.0
2025-05-26 17:00:00,-999.0
2025-05-26 18:00:00,-999.0
2025-05-26 19:00:00,-999.0
2025-05-26 20:00:00,-999.0
2025-05-26 21:00:00,-999.0
2025-05-26 22:00:00,-999.0
2025-05-26 23:00:00,-999.0
2025-05-27 00:00:00,-999.0
2025-05-27 01:00:00,-999.0
2025-05-27 02:00:00,-999.0
2025-05-27 03:00:00,-999.0
2025-05-27 04:00:00,-999.0
2025-05-27 05:00:00,-999.0
2025-05-27 06:00:00,-999.0
2025-05-27 07:00:00,-999.0
2025-05-27 08:00:00,-999.0
2025-05-27 09:00:00,-999.0
2025-05-27 10:00:00,-999.0
2025-05-27 11:00:00,-999.0
2025-05-27 12:00:00,-999.0
2025-05-27 13:00:00,-999.0
2025-05-27 14:00:00,-999.0
2025-05-27 15:00:00,-999.0
2025-05-27 16:00:00,-999.0
2025-05-27 17:00:00,-999.0
2025-05-27 18:00:00,-999.0
2025-05-27 19:00:00,-999.0
2025-05-27 20:00:00,-999.0
2025-05-27 21:00:00,-999.0
2025-05-27 22:00:00,-999.0
2025-05-27 23:00:00,-999.0
2025-05-28 00:00:00,-999.0
2025-05-28 01:00:00,-999.0
2025-05-28 02:00:00,-999.0
2025-05-28 03:00:00,-999.0
2025-05-28 04:00:00,-999.0
2025-05-28 05:00:00,-999.0
2025-05-28 06:00:00,-999.0
2025-05-28 07:00:00,-999.0
2025-05-28 08:00:00,-999.0
2025-05-28 09:00:00,-999.0
2025-05-28 10:00:00,-999.0
2025-05-28 11:00:00,-999.0
2025-05-28 12:00:00,-999.0
2025-05-28 13:00:00,-999.0
2025-05-28 14:00:00,-999.0
2025-05-28 15:00:00,-999.0
2025-05-28 16:00:00,-999.0
2025-05-28 17:00:00,-999.0
2025-05-28 18:00:00,-999.0
2025-05-28 19:00:00,-999.0
2025-05-28 20:00:00,-999.0
2025-05-28 21:00:00,-999.0
2025-05-28 22:00:00,-999.0
2025-05-28 23:00:00,-999.0
2025-05-29 00:00:00,-999.0
2025-05-29 01:00:00,-999.0
2025-05-29 02:00:00,-999.0
2025-05-29 03:00:00,-999.0
2025-05-29 04:00:00,-999.0
2025-05-29 05:00:00,-999.0
2025-05-29 06:00:00,-999.0
2025-05-29 07:00:00,-999.0
2025-05-29 08:00:00,-999.0
2025-05-29 09:00:00,-999.0
2025-05-29 10:00:00,-999.0
2025-05-29 11:00:00,-999.0
2025-05-29 12:00:00,-999.0
2025-05-29 13:00:00,-999.0
2025-05-29 14:00:00,-999.0
2025-05-29 15:00:00,-999.0
2025-05-29 16:00:00,-999.0
2025-05-29 17:00:00,-999.0
2025-05-29 18:00:00,-999.0
2025-05-29 19:00:00,-999.0
2025-05-29 20:00:00,-999.0
2025-05-29 21:00:00,-999.0
2025-05-29 22:00:00,-999.0
2025-05-29 23:00:00,-999.0
2025-05-30 00:00:00,-999.0
2025-05-30 01:00:00,-999.0
2025-05-30 02:00:00,-999.0
2025-05-30 03:00:00,-999.0
2025-05-30 04:00:00,-999.0
2025-05-30 05:00:00,-999.0
2025-05-30 06:00:00,-999.0
2025-05-30 07:00:00,-999.0
2025-05-30 08:00:00,-999.0
2025-05-30 09:00:00,-999.0
2025-05-30 10:00:00,-999.0
2025-05-30 11:00:00,-999.0
2025-05-30 12:00:00,-999.0
2025-05-30 13:00:00,-999.0
2025-05-30 14:00:00,-999.0
2025-05-30 15:00:00,-999.0
2025-05-30 16:00:00,-999.0
2025-05-30 17:00:00,-999.0
2025-05-30 18:00:00,-999.0
2025-05-30 19:00:00,-999.0
2025-05-30 20:00:00,-999.0
2025-05-30 21:00:00,-999.0
2025-05-30 22:00:00,-999.0
2025-05-30 23:00:00,-999.0
2025-05-31 00:00:00,-999.0
2025-05-31 01:00:00,-999.0
2025-05-31 02:00:00,-999.0
2025-05-31 03:00:00,-999.0
2025-05-31 04:00:00,-999.0
2025-05-31 05:00:00,-999.0
2025-05-31 06:00:00,-999.0
2025-05-31 07:00:00,-999.0
2025-05-31 08:00:00,-999.0
2025-05-31 09:00:00,-999.0
2025-05-31 10:00:00,-999.0
2025-05-31 11:00:00,-999.0
2025-05-31 12:00:00,-999.0
2025-05-31 13:00:00,-999.0
2025-05-31 14:00:00,-999.0
2025-05-31 15:00:00,-999.0
2025-05-31 16:00:00,-999.0
2025-05-31 17:00:00,-999.0
2025-05-31 18:00:00,-999.0
2025-05-31 19:00:00,-999.0
2025-05-31 20:00:00,-999.0
2025-05-31 21:00:00,-999.0
2025-05-31 22:00:00,-999.0
2025-05-31 23:00:00,-999.0
2025-06-01 00:00:00,-999.0
2025-06-01 01:00:00,-999.0
2025-06-01 02:00:00,-999.0
2025-06-01 03:00:00,-999.0
2025-06-01 04:00:00,-999.0
2025-06-01 05:00:00,-999.0
2025-06-01 06:00:00,-999.0
2025-06-01 07:00:00,-999.0
2025-06-01 08:00:00,-999.0
2025-06-01 09:00:00,-999.0
2025-06-01 10:00:00,-999.0
2025-06-01 11:00:00,-999.0
2025-06-01 12:00:00,-999.0
2025-06-01 13:00:00,-999.0
2025-06-01 14:00:00,-999.0
2025-06-01 15:00:00,-999.0
2025-06-01 16:00:00,-999.0
2025-06-01 17:00:00,-999.0
2025-06-01 18:00:00,-999.0
2025-06-01 19:00:00,-999.0
2025-06-01 20:00:00,-999.0
2025-06-01 21:00:00,-999.0
2025-06-01 22:00:00,-999.0
2025-06-01 23:00:00,-999.0
2025-06-02 00:00:00,-999.0
2025-06-02 01:00:00,-999.0
2025-06-02 02:00:00,-999.0
2025-06-02 03:00:00,-999.0
2025-06-02 04:00:00,-999.0
2025-06-02 05:00:00,-999.0
2025-06-02 06:00:00,-999.0
2025-06-02 07:00:00,-999.0
2025-06-02 08:00:00,-999.0
2025-06-02 09:00:00,-999.0
2025-06-02 10:00:00,-999.0
2025-06-02 11:00:00,-999.0
2025-06-02 12:00:00,-999.0
2025-06-02 13:00:00,-999.0
2025-06-02 14:00:00,-999.0
2025-06-02 15:00:00,-999.0
2025-06-02 16:00:00,-999.0
2025-06-02 17:00:00,-999.0
2025-06-02 18:00:00,-999.0
2025-06-02 19:00:00,-999.0
2025-06-02 20:00:00,-999.0
2025-06-02 21:00:00,-999.0
2025-06-02 22:00:00,-999.0
2025-06-02 23:00:00,-999.0
2025-06-03 00:00:00,-999.0
2025-06-03 01:00:00,-999.0
2025-06-03 02:00:00,-999.0
2025-06-03 03:00:00,-999.0
2025-06-03 04:00:00,-999.0
2025-06-03 05:00:00,-999.0
2025-06-03 06:00:00,-999.0
2025-06-03 07:00:00,-999.0
2025-06-03 08:00:00,-999.0
2025-06-03 09:00:00,-999.0
2025-06-03 10:00:00,-999.0
2025-06-03 11:00:00,-999.0
2025-06-03 12:00:00,-999.0
2025-06-03 13:00:00,-999.0
2025-06-03 14:00:00,-999.0
2025-06-03 15:00:00,-999.0
2025-06-03 16:00:00,-999.0
2025-06-03 17:00:00,-999.0
2025-06-03 18:00:00,-999.0
2025-06-03 19:00:00,-999.0
2025-06-03 20:00:00,-999.0
2025-06-03 21:00:00,-999.0
2025-06-03 22:00:00,-999.0
2025-06-03 23:00:00,-999.0
2025-06-04 00:00:00,-999.0
2025-06-04 01:00:00,-999.0
2025-06-04 02:00:00,-999.0
2025-06-04 03:00:00,-999.0
2025-06-04 04:00:00,-999.0
2025-06-04 05:00:00,-999.0
2025-06-04 06:00:00,-999.0
2025-06-04 07:00:00,-999.0
2025-06-04 08:00:00,-999.0
2025-06-04 09:00:00,-999.0
2025-06-04 10:00:00,-999.0
2025-06-04 11:00:00,-999.0
2025-06-04 12:00:00,-999.0
2025-06-04 13:00:00,-999.0
2025-06-04 14:00:00,-999.0
2025-06-04 15:00:00,-999.0
2025-06-04 16:00:00,-999.0
2025-06-04 17:00:00,-999.0
2025-06-04 18:00:00,-999.0
2025-06-04 19:00:00,-999.0
2025-06-04 20:00:00,-999.0
2025-06-04 21:00:00,-999.0
2025-06-04 22:00:00,-999.0
2025-06-04 23:00:00,-999.0
2025-06-05 00:00:00,-999.0
2025-06-05 01:00:00,-999.0
2025-06-05 02:00:00,-999.0
2025-06-05 03:00:00,-999.0
2025-06-05 04:00:00,-999.0
2025-06-05 05:00:00,-999.0
2025-06-05 06:00:00,-999.0
2025-06-05 07:00:00,-999.0
2025-06-05 08:00:00,-999.0
2025-06-05 09:00:00,-999.0
2025-06-05 10:00:00,-999.0
2025-06-05 11:00:00,-999.0
2025-06-05 12:00:00,-999.0
2025-06-05 13:00:00,-999.0
2025-06-05 14:00:00,-999.0
2025-06-05 15:00:00,-999.0
2025-06-05 16:00:00,-999.0
2025-06-05 17:00:00,-999.0
2025-06-05 18:00:00,-999.0
2025-06-05 19:00:00,-999.0
2025-06-05 20:00:00,-999.0
2025-06-05 21:00:00,-999.0
2025-06-05 22:00:00,-999.0
2025-06-05 23:00:00,-999.0
2025-06-06 00:00:00,-999.0
2025-06-06 01:00:00,-999.0
2025-06-06 02:00:00,-999.0
2025-06-06 03:00:00,-999.0
2025-06-06 04:00:00,-999.0
2025-06-06 05:00:00,-999.0
2025-06-06 06:00:00,-999.0
2025-06-06 07:00:00,-999.0
2025-06-06 08:00:00,-999.0
2025-06-06 09:00:00,-999.0
2025-06-06 10:00:00,-999.0
2025-06-06 11:00:00,-999.0
2025-06-06 12:00:00,-999.0
2025-06-06 13:00:00,-999.0
2025-06-06 14:00:00,-999.0
2025-06-06 15:00:00,-999.0
2025-06-06 16:00:00,-999.0
2025-06-06 17:00:00,-999.0
2025-06-06 18:00:00,-999.0
2025-06-06 19:00:00,-999.0
2025-06-06 20:00:00,-999.0
2025-06-06 21:00:00,-999.0
2025-06-06 22:00:00,-999.0
2025-06-06 23:00:00,-999.0
2025-06-07 00:00:00,-999.0
2025-06-07 01:00:00,-999.0
2025-06-07 02:00:00,-999.0
2025-06-07 03:00:00,-999.0
2025-06-07 04:00:00,-999.0
2025-06-07 05:00:00,-999.0
2025-06-07 06:00:00,-999.0
2025-06-07 07:00:00,-999.0
2025-06-07 08:00:00,-999.0
2025-06-07 09:00:00,-999.0
2025-06-07 10:00:00,-999.0
2025-06-07 11:00:00,-999.0
2025-06-07 12:00:00,-999.0
2025-06-07 13:00:00,-999.0
2025-06-07 14:00:00,-999.0
2025-06-07 15:00:00,-999.0
2025-06-07 16:00:00,-999.0
2025-06-07 17:00:00,-999.0
2025-06-07 18:00:00,-999.0
2025-06-07 19:00:00,-999.0
2025-06-07 20:00:00,-999.0
2025-06-07 21:00:00,-999.0
2025-06-07 22:00:00,-999.0
2025-06-07 23:00:00,-999.0
2025-06-08 00:00:00,-999.0
2025-06-08 01:00:00,-999.0
2025-06-08 02:00:00,-999.0
2025-06-08 03:00:00,-999.0
2025-06-08 04:00:00,-999.0
2025-06-08 05:00:00,-999.0
2025-06-08 06:00:00,-999.0
2025-06-08 07:00:00,-999.0
2025-06-08 08:00:00,-999.0
2025-06-08 09:00:00,-999.0
2025-06-08 10:00:00,-999.0
2025-06-08 11:00:00,-999.0
2025-06-08 12:00:00,-999.0
2025-06-08 13:00:00,-999.0
2025-06-08 14:00:00,-999.0
2025-06-08 15:00:00,-999.0
2025-06-08 16:00:00,-999.0
2025-06-08 17:00:00,-999.0
2025-06-08 18:00:00,-999.0
2025-06-08 19:00:00,-999.0
2025-06-08 20:00:00,-999.0
2025-06-08 21:00:00,-999.0
2025-06-08 22:00:00,-999.0
2025-06-08 23:00:00,-999.0
2025-06-09 00:00:00,-999.0
2025-06-09 01:00:00,-999.0
2025-06-09 02:00:00,-999.0
2025-06-09 03:00:00,-999.0
2025-06-09 04:00:00,-999.0
2025-06-09 05:00:00,-999.0
2025-06-09 06:00:00,-999.0
2025-06-09 07:00:00,-999.0
2025-06-09 08:00:00,-999.0
2025-06-09 09:00:00,-999.0
2025-06-09 10:00:00,-999.0
2025-06-09 11:00:00,-999.0
2025-06-09 12:00:00,-999.0
2025-06-09 13:00:00,-999.0
2025-06-09 14:00:00,-999.0
2025-06-09 15:00:00,-999.0
2025-06-09 16:00:00,-999.0
2025-06-09 17:00:00,-999.0
2025-06-09 18:00:00,-999.0
2025-06-09 19:00:00,-999.0
2025-06-09 20:00:00,-999.0
2025-06-09 21:00:00,-999.0
2025-06-09 22:00:00,-999.0
2025-06-09 23:00:00,-999.0
2025-06-10 00:00:00,-999.0
2025-06-10 01:00:00,-999.0
2025-06-10 02:00:00,-999.0
2025-06-10 03:00:00,-999.0
2025-06-10 04:00:00,-999.0
2025-06-10 05:00:00,-999.0
2025-06-10 06:00:00,-999.0
2025-06-10 07:00:00,-999.0
2025-06-10 08:00:00,-999.0
2025-06-10 09:00:00,-999.0
2025-06-10 10:00:00,-999.0
2025-06-10 11:00:00,-999.0
2025-06-10 12:00:00,-999.0
2025-06-10 13:00:00,-999.0
2025-06-10 14:00:00,-999.0
2025-06-10 15:00:00,-999.0
2025-06-10 16:00:00,-999.0
2025-06-10 17:00:00,-999.0
2025-06-10 18:00:00,-999.0
2025-06-10 19:00:00,-999.0
2025-06-10 20:00:00,-999.0
2025-06-10 21:00:00,-999.0
2025-06-10 22:00:00,-999.0
2025-06-10 23:00:00,-999.0
2025-06-11 00:00:00,-999.0
2025-06-11 01:00:00,-999.0
2025-06-11 02:00:00,-999.0
2025-06-11 03:00:00,-999.0
2025-06-11 04:00:00,-999.0
2025-06-11 05:00:00,-999.0
2025-06-11 06:00:00,-999.0
2025-06-11 07:00:00,-999.0
2025-06-11 08:00:00,-999.0
2025-06-11 09:00:00,-999.0
2025-06-11 10:00:00,-999.0
2025-06-11 11:00:00,-999.0
2025-06-11 12:00:00,-999.0
2025-06-11 13:00:00,-999.0
2025-06-11 14:00:00,-999.0
2025-06-11 15:00:00,-999.0
2025-06-11 16:00:00,-999.0
2025-06-11 17:00:00,-999.0
2025-06-11 18:00:00,-999.0
2025-06-11 19:00:00,-999.0
2025-06-11 20:00:00,-999.0
2025-06-11 21:00:00,-999.0
2025-06-11 22:00:00,-999.0
2025-06-11 23:00:00,-999.0
2025-06-12 00:00:00,-999.0
2025-06-12 01:00:00,-999.0
2025-06-12 02:00:00,-999.0
2025-06-12 03:00:00,-999.0
2025-06-12 04:00:00,-999.0
2025-06-12 05:00:00,-999.0
2025-06-12 06:00:00,-999.0
2025-06-12 07:00:00,-999.0
2025-06-12 08:00:00,-999.0
2025-06-12 09:00:00,-999.0
2025-06-12 10:00:00,-999.0
2025-06-12 11:00:00,-999.0
2025-06-12 12:00:00,-999.0
2025-06-12 13:00:00,-999.0
2025-06-12 14:00:00,-999.0
2025-06-12 15:00:00,-999.0
2025-06-12 16:00:00,-999.0
2025-06-12 17:00:00,-999.0
2025-06-12 18:00:00,-999.0
2025-06-12 19:00:00,-999.0
2025-06-12 20:00:00,-999.0
2025-06-12 21:00:00,-999.0
2025-06-12 22:00:00,-999.0
2025-06-12 23:00:00,-999.0
2025-06-13 00:00:00,-999.0
2025-06-13 01:00:00,-999.0
2025-06-13 02:00:00,-999.0
2025-06-13 03:00:00,-999.0
2025-06-13 04:00:00,-999.0
2025-06-13 05:00:00,-999.0
2025-06-13 06:00:00,-999.0
2025-06-13 07:00:00,-999.0
2025-06-13 08:00:00,-999.0
2025-06-13 09:00:00,-999.0
2025-06-13 10:00:00,-999.0
2025-06-13 11:00:00,-999.0
2025-06-13 12:00:00,-999.0
2025-06-13 13:00:00,-999.0
2025-06-13 14:00:00,-999.0
2025-06-13 15:00:00,-999.0
2025-06-13 16:00:00,-999.0
2025-06-13 17:00:00,-999.0
2025-06-13 18:00:00,-999.0
2025-06-13 19:00:00,-999.0
2025-06-13 20:00:00,-999.0
2025-06-13 21:00:00,-999.0
2025-06-13 22:00:00,-999.0
2025-06-13 23:00:00,-999.0
2025-06-14 00:00:00,-999.0
2025-06-14 01:00:00,-999.0
2025-06-14 02:00:00,-999.0
2025-06-14 03:00:00,-999.0
2025-06-14 04:00:00,-999.0
2025-06-14 05:00:00,-999.0
2025-06-14 06:00:00,-999.0
2025-06-14 07:00:00,-999.0
2025-06-14 08:00:00,-999.0
2025-06-14 09:00:00,-999.0
2025-06-14 10:00:00,-999.0
2025-06-14 11:00:00,-999.0
2025-06-14 12:00:00,-999.0
2025-06-14 13:00:00,-999.0
2025-06-14 14:00:00,-999.0
2025-06-14 15:00:00,-999.0
2025-06-14 16:00:00,-999.0
2025-06-14 17:00:00,-999.0
2025-06-14 18:00:00,-999.0
2025-06-14 19:00:00,-999.0
2025-06-14 20:00:00,-999.0
2025-06-14 21:00:00,-999.0
2025-06-14 22:00:00,-999.0
2025-06-14 23:00:00,-999.0
2025-06-15 00:00:00,-999.0
2025-06-15 01:00:00,-999.0
2025-06-15 02:00:00,-999.0
2025-06-15 03:00:00,-999.0
2025-06-15 04:00:00,-999.0
2025-06-15 05:00:00,-999.0
2025-06-15 06:00:00,-999.0
2025-06-15 07:00:00,-999.0
2025-06-15 08:00:00,-999.0
2025-06-15 09:00:00,-999.0
2025-06-15 10:00:00,-999.0
2025-06-15 11:00:00,-999.0
2025-06-15 12:00:00,-999.0
2025-06-15 13:00:00,-999.0
2025-06-15 14:00:00,-999.0
2025-06-15 15:00:00,-999.0
2025-06-15 16:00:00,-999.0
2025-06-15 17:00:00,-999.0
2025-06-15 18:00:00,-999.0
2025-06-15 19:00:00,-999.0
2025-06-15 20:00:00,-999.0
2025-06-15 21:00:00,-999.0
2025-06-15 22:00:00,-999.0
2025-06-15 23:00:00,-999.0
2025-06-16 00:00:00,-999.0
2025-06-16 01:00:00,-999.0
2025-06-16 02:00:00,-999.0
2025-06-16 03:00:00,-999.0
2025-06-16 04:00:00,-999.0
2025-06-16 05:00:00,-999.0
2025-06-16 06:00:00,-999.0
2025-06-16 07:00:00,-999.0
2025-06-16 08:00:00,-999.0
2025-06-16 09:00:00,-999.0
2025-06-16 10:00:00,-999.0
2025-06-16 11:00:00,-999.0
2025-06-16 12:00:00,-999.0
2025-06-16 13:00:00,-999.0
2025-06-16 14:00:00,-999.0
2025-06-16 15:00:00,-999.0
2025-06-16 16:00:00,-999.0
2025-06-16 17:00:00,-999.0
2025-06-16 18:00:00,-999.0
2025-06-16 19:00:00,-999.0
2025-06-16 20:00:00,-999.0
2025-06-16 21:00:00,-999.0
2025-06-16 22:00:00,-999.0
2025-06-16 23:00:00,-999.0
2025-06-17 00:00:00,-999.0
2025-06-17 01:00:00,-999.0
2025-06-17 02:00:00,-999.0
2025-06-17 03:00:00,-999.0
2025-06-17 04:00:00,-999.0
2025-06-17 05:00:00,-999.0
2025-06-17 06:00:00,-999.0
2025-06-17 07:00:00,-999.0
2025-06-17 08:00:00,-999.0
2025-06-17 09:00:00,-999.0
2025-06-17 10:00:00,-999.0
2025-06-17 11:00:00,-999.0
2025-06-17 12:00:00,-999.0
2025-06-17 13:00:00,-999.0
2025-06-17 14:00:00,-999.0
2025-06-17 15:00:00,-999.0
2025-06-17 16:00:00,-999.0
2025-06-17 17:00:00,-999.0
2025-06-17 18:00:00,-999.0
2025-06-17 19:00:00,-999.0
2025-06-17 20:00:00,-999.0
2025-06-17 21:00:00,-999.0
2025-06-17 22:00:00,-999.0
2025-06-17 23:00:00,-999.0
2025-06-18 00:00:00,-999.0
2025-06-18 01:00:00,-999.0
2025-06-18 02:00:00,-999.0
2025-06-18 03:00:00,-999.0
2025-06-18 04:00:00,-999.0
2025-06-18 05:00:00,-999.0
2025-06-18 06:00:00,-999.0
2025-06-18 07:00:00,-999.0
2025-06-18 08:00:00,-999.0
2025-06-18 09:00:00,-999.0
2025-06-18 10:00:00,-999.0
2025-06-18 11:00:00,-999.0
2025-06-18 12:00:00,-999.0
2025-06-18 13:00:00,-999.0
2025-06-18 14:00:00,-999.0
2025-06-18 15:00:00,-999.0
2025-06-18 16:00:00,-999.0
2025-06-18 17:00:00,-999.0
2025-06-18 18:00:00,-999.0
2025-06-18 19:00:00,-999.0
2025-06-18 20:00:00,-999.0
2025-06-18 21:00:00,-999.0
2025-06-18 22:00:00,-999.0
2025-06-18 23:00:00,-999.0
2025-06-19 00:00:00,-999.0
2025-06-19 01:00:00,-999.0
2025-06-19 02:00:00,-999.0
2025-06-19 03:00:00,-999.0
2025-06-19 04:00:00,-999.0
2025-06-19 05:00:00,-999.0
2025-06-19 06:00:00,-999.0
2025-06-19 07:00:00,-999.0
2025-06-19 08:00:00,-999.0
2025-06-19 09:00:00,-999.0
2025-06-19 10:00:00,-999.0
2025-06-19 11:00:00,-999.0
2025-06-19 12:00:00,-999.0
2025-06-19 13:00:00,-999.0
2025-06-19 14:00:00,-999.0
2025-06-19 15:00:00,-999.0
2025-06-19 16:00:00,-999.0
2025-06-19 17:00:00,-999.0
2025-06-19 18:00:00,-999.0
2025-06-19 19:00:00,-999.0
2025-06-19 20:00:00,-999.0
2025-06-19 21:00:00,-999.0
2025-06-19 22:00:00,-999.0
2025-06-19 23:00:00,-999.0
2025-06-20 00:00:00,-999.0
2025-06-20 01:00:00,-999.0
2025-06-20 02:00:00,-999.0
2025-06-20 03:00:00,-999.0
2025-06-20 04:00:00,-999.0
2025-06-20 05:00:00,-999.0
2025-06-20 06:00:00,-999.0
2025-06-20 07:00:00,-999.0
2025-06-20 08:00:00,-999.0
2025-06-20 09:00:00,-999.0
2025-06-20 10:00:00,-999.0
2025-06-20 11:00:00,-999.0
2025-06-20 12:00:00,-999.0
2025-06-20 13:00:00,-999.0
2025-06-20 14:00:00,-999.0
2025-06-20 15:00:00,-999.0
2025-06-20 16:00:00,-999.0
2025-06-20 17:00:00,-999.0
2025-06-20 18:00:00,-999.0
2025-06-20 19:00:00,-999.0
2025-06-20 20:00:00,-999.0
2025-06-20 21:00:00,-999.0
2025-06-20 22:00:00,-999.0
2025-06-20 23:00:00,-999.0
2025-06-21 00:00:00,-999.0
2025-06-21 01:00:00,-999.0
2025-06-21 02:00:00,-999.0
2025-06-21 03:00:00,-999.0
2025-06-21 04:00:00,-999.0
2025-06-21 05:00:00,-999.0
2025-06-21 06:00:00,-999.0
2025-06-21 07:00:00,-999.0
2025-06-21 08:00:00,-999.0
2025-06-21 09:00:00,-999.0
2025-06-21 10:00:00,-999.0
2025-06-21 11:00:00,-999.0
2025-06-21 12:00:00,-999.0
2025-06-21 13:00:00,-999.0
2025-06-21 14:00:00,-999.0
2025-06-21 15:00:00,-999.0
2025-06-21 16:00:00,-999.0
2025-06-21 17:00:00,-999.0
2025-06-21 18:00:00,-999.0
2025-06-21 19:00:00,-999.0
2025-06-21 20:00:00,-999.0
2025-06-21 21:00:00,-999.0
2025-06-21 22:00:00,-999.0
2025-06-21 23:00:00,-999.0
2025-06-22 00:00:00,-999.0
2025-06-22 01:00:00,-999.0
2025-06-22 02:00:00,-999.0
2025-06-22 03:00:00,-999.0
2025-06-22 04:00:00,-999.0
2025-06-22 05:00:00,-999.0
2025-06-22 06:00:00,-999.0
2025-06-22 07:00:00,-999.0
2025-06-22 08:00:00,-999.0
2025-06-22 09:00:00,-999.0
2025-06-22 10:00:00,-999.0
2025-06-22 11:00:00,-999.0
2025-06-22 12:00:00,-999.0
2025-06-22 13:00:00,-999.0
2025-06-22 14:00:00,-999.0
2025-06-22 15:00:00,-999.0
2025-06-22 16:00:00,-999.0
2025-06-22 17:00:00,-999.0
2025-06-22 18:00:00,-999.0
2025-06-22 19:00:00,-999.0
2025-06-22 20:00:00,-999.0
2025-06-22 21:00:00,-999.0
2025-06-22 22:00:00,-999.0
2025-06-22 23:00:00,-999.0
2025-06-23 00:00:00,-999.0
2025-06-23 01:00:00,-999.0
2025-06-23 02:00:00,-999.0
2025-06-23 03:00:00,-999.0
2025-06-23 04:00:00,-999.0
2025-06-23 05:00:00,-999.0
2025-06-23 06:00:00,-999.0
2025-06-23 07:00:00,-999.0
2025-06-23 08:00:00,-999.0
2025-06-23 09:00:00,-999.0
2025-06-23 10:00:00,-999.0
2025-06-23 11:00:00,-999.0
2025-06-23 12:00:00,-999.0
2025-06-23 13:00:00,-999.0
2025-06-23 14:00:00,-999.0
2025-06-23 15:00:00,-999.0
2025-06-23 16:00:00,-999.0
2025-06-23 17:00:00,-999.0
2025-06-23 18:00:00,-999.0
2025-06-23 19:00:00,-999.0
2025-06-23 20:00:00,-999.0
2025-06-23 21:00:00,-999.0
2025-06-23 22:00:00,-999.0
2025-06-23 23:00:00,-999.0
2025-06-24 00:00:00,-999.0
2025-06-24 01:00:00,-999.0
2025-06-24 02:00:00,-999.0
2025-06-24 03:00:00,-999.0
2025-06-24 04:00:00,-999.0
2025-06-24 05:00:00,-999.0
2025-06-24 06:00:00,-999.0
2025-06-24 07:00:00,-999.0
2025-06-24 08:00:00,-999.0
2025-06-24 09:00:00,-999.0
2025-06-24 10:00:00,-999.0
2025-06-24 11:00:00,-999.0
2025-06-24 12:00:00,-999.0
2025-06-24 13:00:00,-999.0
2025-06-24 14:00:00,-999.0
2025-06-24 15:00:00,-999.0
2025-06-24 16:00:00,-999.0
2025-06-24 17:00:00,-999.0
2025-06-24 18:00:00,-999.0
2025-06-24 19:00:00,-999.0
2025-06-24 20:00:00,-999.0
2025-06-24 21:00:00,-999.0
2025-06-24 22:00:00,-999.0
2025-06-24 23:00:00,-999.0
2025-06-25 00:00:00,-999.0
2025-06-25 01:00:00,-999.0
2025-06-25 02:00:00,-999.0
2025-06-25 03:00:00,-999.0
2025-06-25 04:00:00,-999.0
2025-06-25 05:00:00,-999.0
2025-06-25 06:00:00,-999.0
2025-06-25 07:00:00,-999.0
2025-06-25 08:00:00,-999.0
2025-06-25 09:00:00,-999.0
2025-06-25 10:00:00,-999.0
2025-06-25 11:00:00,-999.0
2025-06-25 12:00:00,-999.0
2025-06-25 13:00:00,-999.0
2025-06-25 14:00:00,-999.0
2025-06-25 15:00:00,-999.0
2025-06-25 16:00:00,-999.0
2025-06-25 17:00:00,-999.0
2025-06-25 18:00:00,-999.0
2025-06-25 19:00:00,-999.0
2025-06-25 20:00:00,-999.0
2025-06-25 21:00:00,-999.0
2025-06-25 22:00:00,-999.0
2025-06-25 23:00:00,-999.0
2025-06-26 00:00:00,-999.0
2025-06-26 01:00:00,-999.0
2025-06-26 02:00:00,-999.0
2025-06-26 03:00:00,-999.0
2025-06-26 04:00:00,-999.0
2025-06-26 05:00:00,-999.0
2025-06-26 06:00:00,-999.0
2025-06-26 07:00:00,-999.0
2025-06-26 08:00:00,-999.0
2025-06-26 09:00:00,-999.0
2025-06-26 10:00:00,-999.0
2025-06-26 11:00:00,-999.0
2025-06-26 12:00:00,-999.0
2025-06-26 13:00:00,-999.0
2025-06-26 14:00:00,-999.0
2025-06-26 15:00:00,-999.0
2025-06-26 16:00:00,-999.0
2025-06-26 17:00:00,-999.0
2025-06-26 18:00:00,-999.0
2025-06-26 19:00:00,-999.0
2025-06-26 20:00:00,-999.0
2025-06-26 21:00:00,-999.0
2025-06-26 22:00:00,-999.0
2025-06-26 23:00:00,-999.0
2025-06-27 00:00:00,-999.0
2025-06-27 01:00:00,-999.0
2025-06-27 02:00:00,-999.0
2025-06-27 03:00:00,-999.0
2025-06-27 04:00:00,-999.0
2025-06-27 05:00:00,-999.0
2025-06-27 06:00:00,-999.0
2025-06-27 07:00:00,-999.0
2025-06-27 08:00:00,-999.0
2025-06-27 09:00:00,-999.0
2025-06-27 10:00:00,-999.0
2025-06-27 11:00:00,-999.0
2025-06-27 12:00:00,-999.0
2025-06-27 13:00:00,-999.0
2025-06-27 14:00:00,-999.0
2025-06-27 15:00:00,-999.0
2025-06-27 16:00:00,-999.0
2025-06-27 17:00:00,-999.0
2025-06-27 18:00:00,-999.0
2025-06-27 19:00:00,-999.0
2025-06-27 20:00:00,-999.0
2025-06-27 21:00:00,-999.0
2025-06-27 22:00:00,-999.0
2025-06-27 23:00:00,-999.0
2025-06-28 00:00:00,-999.0
2025-06-28 01:00:00,-999.0
2025-06-28 02:00:00,-999.0
2025-06-28 03:00:00,-999.0
2025-06-28 04:00:00,-999.0
2025-06-28 05:00:00,-999.0
2025-06-28 06:00:00,-999.0
2025-06-28 07:00:00,-999.0
2025-06-28 08:00:00,-999.0
2025-06-28 09:00:00,-999.0
2025-06-28 10:00:00,-999.0
2025-06-28 11:00:00,-999.0
2025-06-28 12:00:00,-999.0
2025-06-28 13:00:00,-999.0
2025-06-28 14:00:00,-999.0
2025-06-28 15:00:00,-999.0
2025-06-28 16:00:00,-999.0
2025-06-28 17:00:00,-999.0
2025-06-28 18:00:00,-999.0
2025-06-28 19:00:00,-999.0
2025-06-28 20:00:00,-999.0
2025-06-28 21:00:00,-999.0
2025-06-28 22:00:00,-999.0
2025-06-28 23:00:00,-999.0
2025-06-29 00:00:00,-999.0
2025-06-29 01:00:00,-999.0
2025-06-29 02:00:00,-999.0
2025-06-29 03:00:00,-999.0
2025-06-29 04:00:00,-999.0
2025-06-29 05:00:00,-999.0
2025-06-29 06:00:00,-999.0
2025-06-29 07:00:00,-999.0
2025-06-29 08:00:00,-999.0
2025-06-29 09:00:00,-999.0
2025-06-29 10:00:00,-999.0
2025-06-29 11:00:00,-999.0
2025-06-29 12:00:00,-999.0
2025-06-29 13:00:00,-999.0
2025-06-29 14:00:00,-999.0
2025-06-29 15:00:00,-999.0
2025-06-29 16:00:00,-999.0
2025-06-29 17:00:00,-999.0
2025-06-29 18:00:00,-999.0
2025-06-29 19:00:00,-999.0
2025-06-29 20:00:00,-999.0
2025-06-29 21:00:00,-999.0
2025-06-29 22:00:00,-999.0
2025-06-29 23:00:00,-999.0
2025-06-30 00:00:00,-999.0
2025-06-30 01:00:00,-999.0
2025-06-30 02:00:00,-999.0
2025-06-30 03:00:00,-999.0
2025-06-30 04:00:00,-999.0
2025-06-30 05:00:00,-999.0
2025-06-30 06:00:00,-999.0
2025-06-30 07:00:00,-999.0
2025-06-30 08:00:00,-999.0
2025-06-30 09:00:00,-999.0
2025-06-30 10:00:00,-999.0
2025-06-30 11:00:00,-999.0
2025-06-30 12:00:00,-999.0
2025-06-30 13:00:00,-999.0
2025-06-30 14:00:00,-999.0
2025-06-30 15:00:00,-999.0
2025-06-30 16:00:00,-999.0
2025-06-30 17:00:00,-999.0
2025-06-30 18:00:00,-999.0
2025-06-30 19:00:00,-999.0
2025-06-30 20:00:00,-999.0
2025-06-30 21:00:00,-999.0
2025-06-30 22:00:00,-999.0
2025-06-30 23:00:00,-999.0
2025-07-01 00:00:00,-999.0
2025-07-01 01:00:00,-999.0
2025-07-01 02:00:00,-999.0
2025-07-01 03:00:00,-999.0
2025-07-01 04:00:00,-999.0
2025-07-01 05:00:00,-999.0
2025-07-01 06:00:00,-999.0
2025-07-01 07:00:00,-999.0
2025-07-01 08:00:00,-999.0
2025-07-01 09:00:00,-999.0
2025-07-01 10:00:00,-999.0
2025-07-01 11:00:00,-999.0
2025-07-01 12:00:00,-999.0
2025-07-01 13:00:00,-999.0
2025-07-01 14:00:00,-999.0
2025-07-01 15:00:00,-999.0
2025-07-01 16:00:00,-999.0
2025-07-01 17:00:00,-999.0
2025-07-01 18:00:00,-999.0
2025-07-01 19:00:00,-999.0
2025-07-01 20:00:00,-999.0
2025-07-01 21:00:00,-999.0
2025-07-01 22:00:00,-999.0
2025-07-01 23:00:00,-999.0
2025-07-02 00:00:00,-999.0
2025-07-02 01:00:00,-999.0
2025-07-02 02:00:00,-999.0
2025-07-02 03:00:00,-999.0
2025-07-02 04:00:00,-999.0
2025-07-02 05:00:00,-999.0
2025-07-02 06:00:00,-999.0
2025-07-02 07:00:00,-999.0
2025-07-02 08:00:00,-999.0
2025-07-02 09:00:00,-999.0
2025-07-02 10:00:00,-999.0
2025-07-02 11:00:00,-999.0
2025-07-02 12:00:00,-999.0
2025-07-02 13:00:00,-999.0
2025-07-02 14:00:00,-999.0
2025-07-02 15:00:00,-999.0
2025-07-02 16:00:00,-999.0
2025-07-02 17:00:00,-999.0
2025-07-02 18:00:00,-999.0
2025-07-02 19:00:00,-999.0
2025-07-02 20:00:00,-999.0
2025-07-02 21:00:00,-999.0
2025-07-02 22:00:00,-999.0
2025-07-02 23:00:00,-999.0
2025-07-03 00:00:00,-999.0
2025-07-03 01:00:00,-999.0
2025-07-03 02:00:00,-999.0
2025-07-03 03:00:00,-999.0
2025-07-03 04:00:00,-999.0
2025-07-03 05:00:00,-999.0
2025-07-03 06:00:00,-999.0
2025-07-03 07:00:00,-999.0
2025-07-03 08:00:00,-999.0
2025-07-03 09:00:00,-999.0
2025-07-03 10:00:00,-999.0
2025-07-03 11:00:00,-999.0
2025-07-03 12:00:00,-999.0
2025-07-03 13:00:00,-999.0
2025-07-03 14:00:00,-999.0
2025-07-03 15:00:00,-999.0
2025-07-03 16:00:00,-999.0
2025-07-03 17:00:00,-999.0
2025-07-03 18:00:00,-999.0
2025-07-03 19:00:00,-999.0
2025-07-03 20:00:00,-999.0
2025-07-03 21:00:00,-999.0
2025-07-03 22:00:00,-999.0
2025-07-03 23:00:00,-999.0
2025-07-04 00:00:00,-999.0
2025-07-04 01:00:00,-999.0
2025-07-04 02:00:00,-999.0
2025-07-04 03:00:00,-999.0
2025-07-04 04:00:00,-999.0
2025-07-04 05:00:00,-999.0
2025-07-04 06:00:00,-999.0
2025-07-04 07:00:00,-999.0
2025-07-04 08:00:00,-999.0
2025-07-04 09:00:00,-999.0
2025-07-04 10:00:00,-999.0
2025-07-04 11:00:00,-999.0
2025-07-04 12:00:00,-999.0
2025-07-04 13:00:00,-999.0
2025-07-04 14:00:00,-999.0
2025-07-04 15:00:00,-999.0
2025-07-04 16:00:00,-999.0
2025-07-04 17:00:00,-999.0
2025-07-04 18:00:00,-999.0
2025-07-04 19:00:00,-999.0
2025-07-04 20:00:00,-999.0
2025-07-04 21:00:00,-999.0
2025-07-04 22:00:00,-999.0
2025-07-04 23:00:00,-999.0
2025-07-05 00:00:00,-999.0
2025-07-05 01:00:00,-999.0
2025-07-05 02:00:00,-999.0
2025-07-05 03:00:00,-999.0
2025-07-05 04:00:00,-999.0
2025-07-05 05:00:00,-999.0
2025-07-05 06:00:00,-999.0
2025-07-05 07:00:00,-999.0
2025-07-05 08:00:00,-999.0
2025-07-05 09:00:00,-999.0
2025-07-05 10:00:00,-999.0
2025-07-05 11:00:00,-999.0
2025-07-05 12:00:00,-999.0
2025-07-05 13:00:00,-999.0
2025-07-05 14:00:00,-999.0
2025-07-05 15:00:00,-999.0
2025-07-05 16:00:00,-999.0
2025-07-05 17:00:00,-999.0
2025-07-05 18:00:00,-999.0
2025-07-05 19:00:00,-999.0
2025-07-05 20:00:00,-999.0
2025-07-05 21:00:00,-999.0
2025-07-05 22:00:00,-999.0
2025-07-05 23:00:00,-999.0
2025-07-06 00:00:00,-999.0
2025-07-06 01:00:00,-999.0
2025-07-06 02:00:00,-999.0
2025-07-06 03:00:00,-999.0
2025-07-06 04:00:00,-999.0
2025-07-06 05:00:00,-999.0
2025-07-06 06:00:00,-999.0
2025-07-06 07:00:00,-999.0
2025-07-06 08:00:00,-999.0
2025-07-06 09:00:00,-999.0
2025-07-06 10:00:00,-999.0
2025-07-06 11:00:00,-999.0
2025-07-06 12:00:00,-999.0
2025-07-06 13:00:00,-999.0
2025-07-06 14:00:00,-999.0
2025-07-06 15:00:00,-999.0
2025-07-06 16:00:00,-999.0
2025-07-06 17:00:00,-999.0
2025-07-06 18:00:00,-999.0
2025-07-06 19:00:00,-999.0
2025-07-06 20:00:00,-999.0
2025-07-06 21:00:00,-999.0
2025-07-06 22:00:00,-999.0
2025-07-06 23:00:00,-999.0
2025-07-07 00:00:00,-999.0
2025-07-07 01:00:00,-999.0
2025-07-07 02:00:00,-999.0
2025-07-07 03:00:00,-999.0
2025-07-07 04:00:00,-999.0
2025-07-07 05:00:00,-999.0
2025-07-07 06:00:00,-999.0
2025-07-07 07:00:00,-999.0
2025-07-07 08:00:00,-999.0
2025-07-07 09:00:00,-999.0
2025-07-07 10:00:00,-999.0
2025-07-07 11:00:00,-999.0
2025-07-07 12:00:00,-999.0
2025-07-07 13:00:00,-999.0
2025-07-07 14:00:00,-999.0
2025-07-07 15:00:00,-999.0
2025-07-07 16:00:00,-999.0
2025-07-07 17:00:00,-999.0
2025-07-07 18:00:00,-999.0
2025-07-07 19:00:00,-999.0
2025-07-07 20:00:00,-999.0
2025-07-07 21:00:00,-999.0
2025-07-07 22:00:00,-999.0
2025-07-07 23:00:00,-999.0
2025-07-08 00:00:00,-999.0
2025-07-08 01:00:00,-999.0
2025-07-08 02:00:00,-999.0
2025-07-08 03:00:00,-999.0
2025-07-08 04:00:00,-999.0
2025-07-08 05:00:00,-999.0
2025-07-08 06:00:00,-999.0
2025-07-08 07:00:00,-999.0
2025-07-08 08:00:00,-999.0
2025-07-08 09:00:00,-999.0
2025-07-08 10:00:00,-999.0
2025-07-08 11:00:00,-999.0
2025-07-08 12:00:00,-999.0
2025-07-08 13:00:00,-999.0
2025-07-08 14:00:00,-999.0
2025-07-08 15:00:00,-999.0
2025-07-08 16:00:00,-999.0
2025-07-08 17:00:00,-999.0
2025-07-08 18:00:00,-999.0
2025-07-08 19:00:00,-999.0
2025-07-08 20:00:00,-999.0
2025-07-08 21:00:00,-999.0
2025-07-08 22:00:00,-999.0
2025-07-08 23:00:00,-999.0
2025-07-09 00:00:00,-999.0
2025-07-09 01:00:00,-999.0
2025-07-09 02:00:00,-999.0
2025-07-09 03:00:00,-999.0
2025-07-09 04:00:00,-999.0
2025-07-09 05:00:00,-999.0
2025-07-09 06:00:00,-999.0
2025-07-09 07:00:00,-999.0
2025-07-09 08:00:00,-999.0
2025-07-09 09:00:00,-999.0
2025-07-09 10:00:00,-999.0
2025-07-09 11:00:00,-999.0
2025-07-09 12:00:00,-999.0
2025-07-09 13:00:00,-999.0
2025-07-09 14:00:00,-999.0
2025-07-09 15:00:00,-999.0
2025-07-09 16:00:00,-999.0
2025-07-09 17:00:00,-999.0
2025-07-09 18:00:00,-999.0
2025-07-09 19:00:00,-999.0
2025-07-09 20:00:00,-999.0
2025-07-09 21:00:00,-999.0
2025-07-09 22:00:00,-999.0
2025-07-09 23:00:00,-999.0
2025-07-10 00:00:00,-999.0
2025-07-10 01:00:00,-999.0
2025-07-10 02:00:00,-999.0
2025-07-10 03:00:00,-999.0
2025-07-10 04:00:00,-999.0
2025-07-10 05:00:00,-999.0
2025-07-10 06:00:00,-999.0
2025-07-10 07:00:00,-999.0
2025-07-10 08:00:00,-999.0
2025-07-10 09:00:00,-999.0
2025-07-10 10:00:00,-999.0
2025-07-10 11:00:00,-999.0
2025-07-10 12:00:00,-999.0
2025-07-10 13:00:00,-999.0
2025-07-10 14:00:00,-999.0
2025-07-10 15:00:00,-999.0
2025-07-10 16:00:00,-999.0
2025-07-10 17:00:00,-999.0
2025-07-10 18:00:00,-999.0
2025-07-10 19:00:00,-999.0
2025-07-10 20:00:00,-999.0
2025-07-10 21:00:00,-999.0
2025-07-10 22:00:00,-999.0
2025-07-10 23:00:00,-999.0
2025-07-11 00:00:00,-999.0
2025-07-11 01:00:00,-999.0
2025-07-11 02:00:00,-999.0
2025-07-11 03:00:00,-999.0
2025-07-11 04:00:00,-999.0
2025-07-11 05:00:00,-999.0
2025-07-11 06:00:00,-999.0
2025-07-11 07:00:00,-999.0
2025-07-11 08:00:00,-999.0
2025-07-11 09:00:00,-999.0
2025-07-11 10:00:00,-999.0
2025-07-11 11:00:00,-999.0
2025-07-11 12:00:00,-999.0
2025-07-11 13:00:00,-999.0
2025-07-11 14:00:00,-999.0
2025-07-11 15:00:00,-999.0
2025-07-11 16:00:00,-999.0
2025-07-11 17:00:00,-999.0
2025-07-11 18:00:00,-999.0
2025-07-11 19:00:00,-999.0
2025-07-11 20:00:00,-999.0
2025-07-11 21:00:00,-999.0
2025-07-11 22:00:00,-999.0
2025-07-11 23:00:00,-999.0
2025-07-12 00:00:00,-999.0
2025-07-12 01:00:00,-999.0
2025-07-12 02:00:00,-999.0
2025-07-12 03:00:00,-999.0
2025-07-12 04:00:00,-999.0
2025-07-12 05:00:00,-999.0
2025-07-12 06:00:00,-999.0
2025-07-12 07:00:00,-999.0
2025-07-12 08:00:00,-999.0
2025-07-12 09:00:00,-999.0
2025-07-12 10:00:00,-999.0
2025-07-12 11:00:00,-999.0
2025-07-12 12:00:00,-999.0
2025-07-12 13:00:00,-999.0
2025-07-12 14:00:00,-999.0
2025-07-12 15:00:00,-999.0
2025-07-12 16:00:00,-999.0
2025-07-12 17:00:00,-999.0
2025-07-12 18:00:00,-999.0
2025-07-12 19:00:00,-999.0
2025-07-12 20:00:00,-999.0
2025-07-12 21:00:00,-999.0
2025-07-12 22:00:00,-999.0
2025-07-12 23:00:00,-999.0
2025-07-13 00:00:00,-999.0
2025-07-13 01:00:00,-999.0
2025-07-13 02:00:00,-999.0
2025-07-13 03:00:00,-999.0
2025-07-13 04:00:00,-999.0
2025-07-13 05:00:00,-999.0
2025-07-13 06:00:00,-999.0
2025-07-13 07:00:00,-999.0
2025-07-13 08:00:00,-999.0
2025-07-13 09:00:00,-999.0
2025-07-13 10:00:00,-999.0
2025-07-13 11:00:00,-999.0
2025-07-13 12:00:00,-999.0
2025-07-13 13:00:00,-999.0
2025-07-13 14:00:00,-999.0
2025-07-13 15:00:00,-999.0
2025-07-13 16:00:00,-999.0
2025-07-13 17:00:00,-999.0
2025-07-13 18:00:00,-999.0
2025-07-13 19:00:00,-999.0
2025-07-13 20:00:00,-999.0
2025-07-13 21:00:00,-999.0
2025-07-13 22:00:00,-999.0
2025-07-13 23:00:00,-999.0
2025-07-14 00:00:00,-999.0
2025-07-14 01:00:00,-999.0
2025-07-14 02:00:00,-999.0
2025-07-14 03:00:00,-999.0
2025-07-14 04:00:00,-999.0
2025-07-14 05:00:00,-999.0
2025-07-14 06:00:00,-999.0
2025-07-14 07:00:00,-999.0
2025-07-14 08:00:00,-999.0
2025-07-14 09:00:00,-999.0
2025-07-14 10:00:00,-999.0
2025-07-14 11:00:00,-999.0
2025-07-14 12:00:00,-999.0
2025-07-14 13:00:00,-999.0
2025-07-14 14:00:00,-999.0
2025-07-14 15:00:00,-999.0
2025-07-14 16:00:00,-999.0
2025-07-14 17:00:00,-999.0
2025-07-14 18:00:00,-999.0
2025-07-14 19:00:00,-999.0
2025-07-14 20:00:00,-999.0
2025-07-14 21:00:00,-999.0
2025-07-14 22:00:00,-999.0
2025-07-14 23:00:00,-999.0
2025-07-15 00:00:00,-999.0
2025-07-15 01:00:00,-999.0
2025-07-15 02:00:00,-999.0
2025-07-15 03:00:00,-999.0
2025-07-15 04:00:00,-999.0
2025-07-15 05:00:00,-999.0
2025-07-15 06:00:00,-999.0
2025-07-15 07:00:00,-999.0
2025-07-15 08:00:00,-999.0
2025-07-15 09:00:00,-999.0
2025-07-15 10:00:00,-999.0
2025-07-15 11:00:00,-999.0
2025-07-15 12:00:00,-999.0
2025-07-15 13:00:00,-999.0
2025-07-15 14:00:00,-999.0
2025-07-15 15:00:00,-999.0
2025-07-15 16:00:00,-999.0
2025-07-15 17:00:00,-999.0
2025-07-15 18:00:00,-999.0
2025-07-15 19:00:00,-999.0
2025-07-15 20:00:00,-999.0
2025-07-15 21:00:00,-999.0
2025-07-15 22:00:00,-999.0
2025-07-15 23:00:00,-999.0
2025-07-16 00:00:00,-999.0
2025-07-16 01:00:00,-999.0
2025-07-16 02:00:00,-999.0
2025-07-16 03:00:00,-999.0
2025-07-16 04:00:00,-999.0
2025-07-16 05:00:00,-999.0
2025-07-16 06:00:00,-999.0
2025-07-16 07:00:00,-999.0
2025-07-16 08:00:00,-999.0
2025-07-16 09:00:00,-999.0
2025-07-16 10:00:00,-999.0
2025-07-16 11:00:00,-999.0
2025-07-16 12:00:00,-999.0
2025-07-16 13:00:00,-999.0
2025-07-16 14:00:00,-999.0
2025-07-16 15:00:00,-999.0
2025-07-16 16:00:00,-999.0
2025-07-16 17:00:00,-999.0
2025-07-16 18:00:00,-999.0
2025-07-16 19:00:00,-999.0
2025-07-16 20:00:00,-999.0
2025-07-16 21:00:00,-999.0
2025-07-16 22:00:00,-999.0
2025-07-16 23:00:00,-999.0
2025-07-17 00:00:00,-999.0
2025-07-17 01:00:00,-999.0
2025-07-17 02:00:00,-999.0
2025-07-17 03:00:00,-999.0
2025-07-17 04:00:00,-999.0
2025-07-17 05:00:00,-999.0
2025-07-17 06:00:00,-999.0
2025-07-17 07:00:00,-999.0
2025-07-17 08:00:00,-999.0
2025-07-17 09:00:00,-999.0
2025-07-17 10:00:00,-999.0
2025-07-17 11:00:00,-999.0
2025-07-17 12:00:00,-999.0
2025-07-17 13:00:00,-999.0
2025-07-17 14:00:00,-999.0
2025-07-17 15:00:00,-999.0
2025-07-17 16:00:00,-999.0
2025-07-17 17:00:00,-999.0
2025-07-17 18:00:00,-999.0
2025-07-17 19:00:00,-999.0
2025-07-17 20:00:00,-999.0
2025-07-17 21:00:00,-999.0
2025-07-17 22:00:00,-999.0
2025-07-17 23:00:00,-999.0
2025-07-18 00:00:00,-999.0
2025-07-18 01:00:00,-999.0
2025-07-18 02:00:00,-999.0
2025-07-18 03:00:00,-999.0
2025-07-18 04:00:00,-999.0
2025-07-18 05:00:00,-999.0
2025-07-18 06:00:00,-999.0
2025-07-18 07:00:00,-999.0
2025-07-18 08:00:00,-999.0
2025-07-18 09:00:00,-999.0
2025-07-18 10:00:00,-999.0
2025-07-18 11:00:00,-999.0
2025-07-18 12:00:00,-999.0
2025-07-18 13:00:00,-999.0
2025-07-18 14:00:00,-999.0
2025-07-18 15:00:00,-999.0
2025-07-18 16:00:00,-999.0
2025-07-18 17:00:00,-999.0
2025-07-18 18:00:00,-999.0
2025-07-18 19:00:00,-999.0
2025-07-18 20:00:00,-999.0
2025-07-18 21:00:00,-999.0
2025-07-18 22:00:00,-999.0
2025-07-18 23:00:00,-999.0
2025-07-19 00:00:00,-999.0
2025-07-19 01:00:00,-999.0
2025-07-19 02:00:00,-999.0
2025-07-19 03:00:00,-999.0
2025-07-19 04:00:00,-999.0
2025-07-19 05:00:00,-999.0
2025-07-19 06:00:00,-999.0
2025-07-19 07:00:00,-999.0
2025-07-19 08:00:00,-999.0
2025-07-19 09:00:00,-999.0
2025-07-19 10:00:00,-999.0
2025-07-19 11:00:00,-999.0
2025-07-19 12:00:00,-999.0
2025-07-19 13:00:00,-999.0
2025-07-19 14:00:00,-999.0
2025-07-19 15:00:00,-999.0
2025-07-19 16:00:00,-999.0
2025-07-19 17:00:00,-999.0
2025-07-19 18:00:00,-999.0
2025-07-19 19:00:00,-999.0
2025-07-19 20:00:00,-999.0
2025-07-19 21:00:00,-999.0
2025-07-19 22:00:00,-999.0
2025-07-19 23:00:00,-999.0
2025-07-20 00:00:00,-999.0
2025-07-20 01:00:00,-999.0
2025-07-20 02:00:00,-999.0
2025-07-20 03:00:00,-999.0
2025-07-20 04:00:00,-999.0
2025-07-20 05:00:00,-999.0
2025-07-20 06:00:00,-999.0
2025-07-20 07:00:00,-999.0
2025-07-20 08:00:00,-999.0
2025-07-20 09:00:00,-999.0
2025-07-20 10:00:00,-999.0
2025-07-20 11:00:00,-999.0
2025-07-20 12:00:00,-999.0
2025-07-20 13:00:00,-999.0
2025-07-20 14:00:00,-999.0
2025-07-20 15:00:00,-999.0
2025-07-20 16:00:00,-999.0
2025-07-20 17:00:00,-999.0
2025-07-20 18:00:00,-999.0
2025-07-20 19:00:00,-999.0
2025-07-20 20:00:00,-999.0
2025-07-20 21:00:00,-999.0
2025-07-20 22:00:00,-999.0
2025-07-20 23:00:00,-999.0
2025-07-21 00:00:00,-999.0
2025-07-21 01:00:00,-999.0
2025-07-21 02:00:00,-999.0
2025-07-21 03:00:00,-999.0
2025-07-21 04:00:00,-999.0
2025-07-21 05:00:00,-999.0
2025-07-21 06:00:00,-999.0
2025-07-21 07:00:00,-999.0
2025-07-21 08:00:00,-999.0
2025-07-21 09:00:00,-999.0
2025-07-21 10:00:00,-999.0
2025-07-21 11:00:00,-999.0
2025-07-21 12:00:00,-999.0
2025-07-21 13:00:00,-999.0
2025-07-21 14:00:00,-999.0
2025-07-21 15:00:00,-999.0
2025-07-21 16:00:00,-999.0
2025-07-21 17:00:00,-999.0
2025-07-21 18:00:00,-999.0
2025-07-21 19:00:00,-999.0
2025-07-21 20:00:00,-999.0
2025-07-21 21:00:00,-999.0
2025-07-21 22:00:00,-999.0
2025-07-21 23:00:00,-999.0
2025-07-22 00:00:00,-999.0
2025-07-22 01:00:00,-999.0
2025-07-22 02:00:00,-999.0
2025-07-22 03:00:00,-999.0
2025-07-22 04:00:00,-999.0
2025-07-22 05:00:00,-999.0
2025-07-22 06:00:00,-999.0
2025-07-22 07:00:00,-999.0
2025-07-22 08:00:00,-999.0
2025-07-22 09:00:00,-999.0
2025-07-22 10:00:00,-999.0
2025-07-22 11:00:00,-999.0
2025-07-22 12:00:00,-999.0
2025-07-22 13:00:00,-999.0
2025-07-22 14:00:00,-999.0
2025-07-22 15:00:00,-999.0
2025-07-22 16:00:00,-999.0
2025-07-22 17:00:00,-999.0
2025-07-22 18:00:00,-999.0
2025-07-22 19:00:00,-999.0
2025-07-22 20:00:00,-999.0
2025-07-22 21:00:00,-999.0
2025-07-22 22:00:00,-999.0
2025-07-22 23:00:00,-999.0
2025-07-23 00:00:00,-999.0
2025-07-23 01:00:00,-999.0
2025-07-23 02:00:00,-999.0
2025-07-23 03:00:00,-999.0
2025-07-23 04:00:00,-999.0
2025-07-23 05:00:00,-999.0
2025-07-23 06:00:00,-999.0
2025-07-23 07:00:00,-999.0
2025-07-23 08:00:00,-999.0
2025-07-23 09:00:00,-999.0
2025-07-23 10:00:00,-999.0
2025-07-23 11:00:00,-999.0
2025-07-23 12:00:00,-999.0
2025-07-23 13:00:00,-999.0
2025-07-23 14:00:00,-999.0
2025-07-23 15:00:00,-999.0
2025-07-23 16:00:00,-999.0
2025-07-23 17:00:00,-999.0
2025-07-23 18:00:00,-999.0
2025-07-23 19:00:00,-999.0
2025-07-23 20:00:00,-999.0
2025-07-23 21:00:00,-999.0
2025-07-23 22:00:00,-999.0
2025-07-23 23:00:00,-999.0
2025-07-24 00:00:00,-999.0
2025-07-24 01:00:00,-999.0
2025-07-24 02:00:00,-999.0
2025-07-24 03:00:00,-999.0
2025-07-24 04:00:00,-999.0
2025-07-24 05:00:00,-999.0
2025-07-24 06:00:00,-999.0
2025-07-24 07:00:00,-999.0
2025-07-24 08:00:00,-999.0
2025-07-24 09:00:00,-999.0
2025-07-24 10:00:00,-999.0
2025-07-24 11:00:00,-999.0
2025-07-24 12:00:00,-999.0
2025-07-24 13:00:00,-999.0
2025-07-24 14:00:00,-999.0
2025-07-24 15:00:00,-999.0
2025-07-24 16:00:00,-999.0
2025-07-24 17:00:00,-999.0
2025-07-24 18:00:00,-999.0
2025-07-24 19:00:00,-999.0
2025-07-24 20:00:00,-999.0
2025-07-24 21:00:00,-999.0
2025-07-24 22:00:00,-999.0
2025-07-24 23:00:00,-999.0
2025-07-25 00:00:00,-999.0
2025-07-25 01:00:00,-999.0
2025-07-25 02:00:00,-999.0
2025-07-25 03:00:00,-999.0
2025-07-25 04:00:00,-999.0
2025-07-25 05:00:00,-999.0
2025-07-25 06:00:00,-999.0
2025-07-25 07:00:00,-999.0
2025-07-25 08:00:00,-999.0
2025-07-25 09:00:00,-999.0
2025-07-25 10:00:00,-999.0
2025-07-25 11:00:00,-999.0
2025-07-25 12:00:00,-999.0
2025-07-25 13:00:00,-999.0
2025-07-25 14:00:00,-999.0
2025-07-25 15:00:00,-999.0
2025-07-25 16:00:00,-999.0
2025-07-25 17:00:00,-999.0
2025-07-25 18:00:00,-999.0
2025-07-25 19:00:00,-999.0
2025-07-25 20:00:00,-999.0
2025-07-25 21:00:00,-999.0
2025-07-25 22:00:00,-999.0
2025-07-25 23:00:00,-999.0
2025-07-26 00:00:00,-999.0
2025-07-26 01:00:00,-999.0
2025-07-26 02:00:00,-999.0
2025-07-26 03:00:00,-999.0
2025-07-26 04:00:00,-999.0
2025-07-26 05:00:00,-999.0
2025-07-26 06:00:00,-999.0
2025-07-26 07:00:00,-999.0
2025-07-26 08:00:00,-999.0
2025-07-26 09:00:00,-999.0
2025-07-26 10:00:00,-999.0
2025-07-26 11:00:00,-999.0
2025-07-26 12:00:00,-999.0
2025-07-26 13:00:00,-999.0
2025-07-26 14:00:00,-999.0
2025-07-26 15:00:00,-999.0
2025-07-26 16:00:00,-999.0
2025-07-26 17:00:00,-999.0
2025-07-26 18:00:00,-999.0
2025-07-26 19:00:00,-999.0
2025-07-26 20:00:00,-999.0
2025-07-26 21:00:00,-999.0
2025-07-26 22:00:00,-999.0
2025-07-26 23:00:00,-999.0
2025-07-27 00:00:00,-999.0
2025-07-27 01:00:00,-999.0
2025-07-27 02:00:00,-999.0
2025-07-27 03:00:00,-999.0
2025-07-27 04:00:00,-999.0
2025-07-27 05:00:00,-999.0
2025-07-27 06:00:00,-999.0
2025-07-27 07:00:00,-999.0
2025-07-27 08:00:00,-999.0
2025-07-27 09:00:00,-999.0
2025-07-27 10:00:00,-999.0
2025-07-27 11:00:00,-999.0
2025-07-27 12:00:00,-999.0
2025-07-27 13:00:00,-999.0
2025-07-27 14:00:00,-999.0
2025-07-27 15:00:00,-999.0
2025-07-27 16:00:00,-999.0
2025-07-27 17:00:00,-999.0
2025-07-27 18:00:00,-999.0
2025-07-27 19:00:00,-999.0
2025-07-27 20:00:00,-999.0
2025-07-27 21:00:00,-999.0
2025-07-27 22:00:00,-999.0
2025-07-27 23:00:00,-999.0
2025-07-28 00:00:00,-999.0
2025-07-28 01:00:00,-999.0
2025-07-28 02:00:00,-999.0
2025-07-28 03:00:00,-999.0
2025-07-28 04:00:00,-999.0
2025-07-28 05:00:00,-999.0
2025-07-28 06:00:00,-999.0
2025-07-28 07:00:00,-999.0
2025-07-28 08:00:00,-999.0
2025-07-28 09:00:00,-999.0
2025-07-28 10:00:00,-999.0
2025-07-28 11:00:00,-999.0
2025-07-28 12:00:00,-999.0
2025-07-28 13:00:00,-999.0
2025-07-28 14:00:00,-999.0
2025-07-28 15:00:00,-999.0
2025-07-28 16:00:00,-999.0
2025-07-28 17:00:00,-999.0
2025-07-28 18:00:00,-999.0
2025-07-28 19:00:00,-999.0
2025-07-28 20:00:00,-999.0
2025-07-28 21:00:00,-999.0
2025-07-28 22:00:00,-999.0
2025-07-28 23:00:00,-999.0
2025-07-29 00:00:00,-999.0
2025-07-29 01:00:00,-999.0
2025-07-29 02:00:00,-999.0
2025-07-29 03:00:00,-999.0
2025-07-29 04:00:00,-999.0
2025-07-29 05:00:00,-999.0
2025-07-29 06:00:00,-999.0
2025-07-29 07:00:00,-999.0
2025-07-29 08:00:00,-999.0
2025-07-29 09:00:00,-999.0
2025-07-29 10:00:00,-999.0
2025-07-29 11:00:00,-999.0
2025-07-29 12:00:00,-999.0
2025-07-29 13:00:00,-999.0
2025-07-29 14:00:00,-999.0
2025-07-29 15:00:00,-999.0
2025-07-29 16:00:00,-999.0
2025-07-29 17:00:00,-999.0
2025-07-29 18:00:00,-999.0
2025-07-29 19:00:00,-999.0
2025-07-29 20:00:00,-999.0
2025-07-29 21:00:00,-999.0
2025-07-29 22:00:00,-999.0
2025-07-29 23:00:00,-999.0
2025-07-30 00:00:00,-999.0
2025-07-30 01:00:00,-999.0
2025-07-30 02:00:00,-999.0
2025-07-30 03:00:00,-999.0
2025-07-30 04:00:00,-999.0
2025-07-30 05:00:00,-999.0
2025-07-30 06:00:00,-999.0
2025-07-30 07:00:00,-999.0
2025-07-30 08:00:00,-999.0
2025-07-30 09:00:00,-999.0
2025-07-30 10:00:00,-999.0
2025-07-30 11:00:00,-999.0
2025-07-30 12:00:00,-999.0
2025-07-30 13:00:00,-999.0
2025-07-30 14:00:00,-999.0
2025-07-30 15:00:00,-999.0
2025-07-30 16:00:00,-999.0
2025-07-30 17:00:00,-999.0
2025-07-30 18:00:00,-999.0
2025-07-30 19:00:00,-999.0
2025-07-30 20:00:00,-999.0
2025-07-30 21:00:00,-999.0
2025-07-30 22:00:00,-999.0
2025-07-30 23:00:00,-999.0
2025-07-31 00:00:00,-999.0
2025-07-31 01:00:00,-999.0
2025-07-31 02:00:00,-999.0
2025-07-31 03:00:00,-999.0
2025-07-31 04:00:00,-999.0
2025-07-31 05:00:00,-999.0
2025-07-31 06:00:00,-999.0
2025-07-31 07:00:00,-999.0
2025-07-31 08:00:00,-999.0
2025-07-31 09:00:00,-999.0
2025-07-31 10:00:00,-999.0
2025-07-31 11:00:00,-999.0
2025-07-31 12:00:00,-999.0
2025-07-31 13:00:00,-999.0
2025-07-31 14:00:00,-999.0
2025-07-31 15:00:00,-999.0
2025-07-31 16:00:00,-999.0
2025-07-31 17:00:00,-999.0
2025-07-31 18:00:00,-999.0
2025-07-31 19:00:00,-999.0
2025-07-31 20:00:00,-999.0
2025-07-31 21:00:00,-999.0
2025-07-31 22:00:00,-999.0
2025-07-31 23:00:00,-999.0
2025-08-01 00:00:00,-999.0
2025-08-01 01:00:00,-999.0
2025-08-01 02:00:00,-999.0
2025-08-01 03:00:00,-999.0
2025-08-01 04:00:00,-999.0
2025-08-01 05:00:00,-999.0
2025-08-01 06:00:00,-999.0
2025-08-01 07:00:00,-999.0
2025-08-01 08:00:00,-999.0
2025-08-01 09:00:00,-999.0
2025-08-01 10:00:00,-999.0
2025-08-01 11:00:00,-999.0
2025-08-01 12:00:00,-999.0
2025-08-01 13:00:00,-999.0
2025-08-01 14:00:00,-999.0
2025-08-01 15:00:00,-999.0
2025-08-01 16:00:00,-999.0
2025-08-01 17:00:00,-999.0
2025-08-01 18:00:00,-999.0
2025-08-01 19:00:00,-999.0
2025-08-01 20:00:00,-999.0
2025-08-01 21:00:00,-999.0
2025-08-01 22:00:00,-999.0
2025-08-01 23:00:00,-999.0
2025-08-02 00:00:00,-999.0
2025-08-02 01:00:00,-999.0
2025-08-02 02:00:00,-999.0
2025-08-02 03:00:00,-999.0
2025-08-02 04:00:00,-999.0
2025-08-02 05:00:00,-999.0
2025-08-02 06:00:00,-999.0
2025-08-02 07:00:00,-999.0
2025-08-02 08:00:00,-999.0
2025-08-02 09:00:00,-999.0
2025-08-02 10:00:00,-999.0
2025-08-02 11:00:00,-999.0
2025-08-02 12:00:00,-999.0
2025-08-02 13:00:00,-999.0
2025-08-02 14:00:00,-999.0
2025-08-02 15:00:00,-999.0
2025-08-02 16:00:00,-999.0
2025-08-02 17:00:00,-999.0
2025-08-02 18:00:00,-999.0
2025-08-02 19:00:00,-999.0
2025-08-02 20:00:00,-999.0
2025-08-02 21:00:00,-999.0
2025-08-02 22:00:00,-999.0
2025-08-02 23:00:00,-999.0
