datetime,ALLSKY_SFC_SW_DNI
2024-08-02 00:00:00,0.0
2024-08-02 01:00:00,0.0
2024-08-02 02:00:00,0.0
2024-08-02 03:00:00,0.0
2024-08-02 04:00:00,0.0
2024-08-02 05:00:00,0.0
2024-08-02 06:00:00,7.73
2024-08-02 07:00:00,63.69
2024-08-02 08:00:00,70.32
2024-08-02 09:00:00,62.63
2024-08-02 10:00:00,72.96
2024-08-02 11:00:00,35.6
2024-08-02 12:00:00,80.27
2024-08-02 13:00:00,26.8
2024-08-02 14:00:00,204.14
2024-08-02 15:00:00,217.04
2024-08-02 16:00:00,14.65
2024-08-02 17:00:00,1.24
2024-08-02 18:00:00,0.0
2024-08-02 19:00:00,0.0
2024-08-02 20:00:00,0.0
2024-08-02 21:00:00,0.0
2024-08-02 22:00:00,0.0
2024-08-02 23:00:00,0.0
2024-08-03 00:00:00,0.0
2024-08-03 01:00:00,0.0
2024-08-03 02:00:00,0.0
2024-08-03 03:00:00,0.0
2024-08-03 04:00:00,0.0
2024-08-03 05:00:00,0.0
2024-08-03 06:00:00,34.17
2024-08-03 07:00:00,152.32
2024-08-03 08:00:00,176.2
2024-08-03 09:00:00,289.93
2024-08-03 10:00:00,412.64
2024-08-03 11:00:00,478.62
2024-08-03 12:00:00,445.79
2024-08-03 13:00:00,457.34
2024-08-03 14:00:00,162.62
2024-08-03 15:00:00,133.42
2024-08-03 16:00:00,73.69
2024-08-03 17:00:00,11.26
2024-08-03 18:00:00,0.0
2024-08-03 19:00:00,0.0
2024-08-03 20:00:00,0.0
2024-08-03 21:00:00,0.0
2024-08-03 22:00:00,0.0
2024-08-03 23:00:00,0.0
2024-08-04 00:00:00,0.0
2024-08-04 01:00:00,0.0
2024-08-04 02:00:00,0.0
2024-08-04 03:00:00,0.0
2024-08-04 04:00:00,0.0
2024-08-04 05:00:00,0.0
2024-08-04 06:00:00,25.18
2024-08-04 07:00:00,175.88
2024-08-04 08:00:00,304.14
2024-08-04 09:00:00,417.8
2024-08-04 10:00:00,503.88
2024-08-04 11:00:00,579.84
2024-08-04 12:00:00,647.57
2024-08-04 13:00:00,608.13
2024-08-04 14:00:00,329.06
2024-08-04 15:00:00,247.84
2024-08-04 16:00:00,201.13
2024-08-04 17:00:00,41.35
2024-08-04 18:00:00,0.0
2024-08-04 19:00:00,0.0
2024-08-04 20:00:00,0.0
2024-08-04 21:00:00,0.0
2024-08-04 22:00:00,0.0
2024-08-04 23:00:00,0.0
2024-08-05 00:00:00,0.0
2024-08-05 01:00:00,0.0
2024-08-05 02:00:00,0.0
2024-08-05 03:00:00,0.0
2024-08-05 04:00:00,0.0
2024-08-05 05:00:00,0.0
2024-08-05 06:00:00,62.71
2024-08-05 07:00:00,216.77
2024-08-05 08:00:00,328.46
2024-08-05 09:00:00,365.4
2024-08-05 10:00:00,281.18
2024-08-05 11:00:00,324.16
2024-08-05 12:00:00,653.29
2024-08-05 13:00:00,274.02
2024-08-05 14:00:00,87.16
2024-08-05 15:00:00,25.47
2024-08-05 16:00:00,14.7
2024-08-05 17:00:00,2.8
2024-08-05 18:00:00,0.0
2024-08-05 19:00:00,0.0
2024-08-05 20:00:00,0.0
2024-08-05 21:00:00,0.0
2024-08-05 22:00:00,0.0
2024-08-05 23:00:00,0.0
2024-08-06 00:00:00,0.0
2024-08-06 01:00:00,0.0
2024-08-06 02:00:00,0.0
2024-08-06 03:00:00,0.0
2024-08-06 04:00:00,0.0
2024-08-06 05:00:00,0.0
2024-08-06 06:00:00,0.0
2024-08-06 07:00:00,9.55
2024-08-06 08:00:00,23.72
2024-08-06 09:00:00,37.67
2024-08-06 10:00:00,79.73
2024-08-06 11:00:00,142.91
2024-08-06 12:00:00,198.58
2024-08-06 13:00:00,273.35
2024-08-06 14:00:00,483.78
2024-08-06 15:00:00,448.24
2024-08-06 16:00:00,260.55
2024-08-06 17:00:00,41.8
2024-08-06 18:00:00,0.0
2024-08-06 19:00:00,0.0
2024-08-06 20:00:00,0.0
2024-08-06 21:00:00,0.0
2024-08-06 22:00:00,0.0
2024-08-06 23:00:00,0.0
2024-08-07 00:00:00,0.0
2024-08-07 01:00:00,0.0
2024-08-07 02:00:00,0.0
2024-08-07 03:00:00,0.0
2024-08-07 04:00:00,0.0
2024-08-07 05:00:00,0.0
2024-08-07 06:00:00,9.65
2024-08-07 07:00:00,48.9
2024-08-07 08:00:00,86.95
2024-08-07 09:00:00,93.14
2024-08-07 10:00:00,105.66
2024-08-07 11:00:00,126.03
2024-08-07 12:00:00,366.9
2024-08-07 13:00:00,462.18
2024-08-07 14:00:00,202.08
2024-08-07 15:00:00,175.19
2024-08-07 16:00:00,112.81
2024-08-07 17:00:00,30.46
2024-08-07 18:00:00,0.0
2024-08-07 19:00:00,0.0
2024-08-07 20:00:00,0.0
2024-08-07 21:00:00,0.0
2024-08-07 22:00:00,0.0
2024-08-07 23:00:00,0.0
2024-08-08 00:00:00,0.0
2024-08-08 01:00:00,0.0
2024-08-08 02:00:00,0.0
2024-08-08 03:00:00,0.0
2024-08-08 04:00:00,0.0
2024-08-08 05:00:00,0.0
2024-08-08 06:00:00,10.95
2024-08-08 07:00:00,56.48
2024-08-08 08:00:00,61.06
2024-08-08 09:00:00,57.52
2024-08-08 10:00:00,102.44
2024-08-08 11:00:00,10.89
2024-08-08 12:00:00,283.47
2024-08-08 13:00:00,383.2
2024-08-08 14:00:00,232.46
2024-08-08 15:00:00,33.92
2024-08-08 16:00:00,20.28
2024-08-08 17:00:00,1.43
2024-08-08 18:00:00,0.0
2024-08-08 19:00:00,0.0
2024-08-08 20:00:00,0.0
2024-08-08 21:00:00,0.0
2024-08-08 22:00:00,0.0
2024-08-08 23:00:00,0.0
2024-08-09 00:00:00,0.0
2024-08-09 01:00:00,0.0
2024-08-09 02:00:00,0.0
2024-08-09 03:00:00,0.0
2024-08-09 04:00:00,0.0
2024-08-09 05:00:00,0.0
2024-08-09 06:00:00,59.5
2024-08-09 07:00:00,315.63
2024-08-09 08:00:00,464.5
2024-08-09 09:00:00,701.92
2024-08-09 10:00:00,560.29
2024-08-09 11:00:00,596.39
2024-08-09 12:00:00,560.46
2024-08-09 13:00:00,584.84
2024-08-09 14:00:00,501.59
2024-08-09 15:00:00,398.59
2024-08-09 16:00:00,327.28
2024-08-09 17:00:00,81.17
2024-08-09 18:00:00,0.0
2024-08-09 19:00:00,0.0
2024-08-09 20:00:00,0.0
2024-08-09 21:00:00,0.0
2024-08-09 22:00:00,0.0
2024-08-09 23:00:00,0.0
2024-08-10 00:00:00,0.0
2024-08-10 01:00:00,0.0
2024-08-10 02:00:00,0.0
2024-08-10 03:00:00,0.0
2024-08-10 04:00:00,0.0
2024-08-10 05:00:00,0.0
2024-08-10 06:00:00,15.86
2024-08-10 07:00:00,67.54
2024-08-10 08:00:00,174.26
2024-08-10 09:00:00,183.32
2024-08-10 10:00:00,300.52
2024-08-10 11:00:00,390.55
2024-08-10 12:00:00,406.56
2024-08-10 13:00:00,476.7
2024-08-10 14:00:00,504.81
2024-08-10 15:00:00,428.04
2024-08-10 16:00:00,258.79
2024-08-10 17:00:00,33.7
2024-08-10 18:00:00,0.0
2024-08-10 19:00:00,0.0
2024-08-10 20:00:00,0.0
2024-08-10 21:00:00,0.0
2024-08-10 22:00:00,0.0
2024-08-10 23:00:00,0.0
2024-08-11 00:00:00,0.0
2024-08-11 01:00:00,0.0
2024-08-11 02:00:00,0.0
2024-08-11 03:00:00,0.0
2024-08-11 04:00:00,0.0
2024-08-11 05:00:00,0.0
2024-08-11 06:00:00,45.27
2024-08-11 07:00:00,240.75
2024-08-11 08:00:00,363.72
2024-08-11 09:00:00,300.93
2024-08-11 10:00:00,317.52
2024-08-11 11:00:00,339.82
2024-08-11 12:00:00,382.42
2024-08-11 13:00:00,367.91
2024-08-11 14:00:00,145.26
2024-08-11 15:00:00,22.24
2024-08-11 16:00:00,18.07
2024-08-11 17:00:00,0.0
2024-08-11 18:00:00,0.0
2024-08-11 19:00:00,0.0
2024-08-11 20:00:00,0.0
2024-08-11 21:00:00,0.0
2024-08-11 22:00:00,0.0
2024-08-11 23:00:00,0.0
2024-08-12 00:00:00,0.0
2024-08-12 01:00:00,0.0
2024-08-12 02:00:00,0.0
2024-08-12 03:00:00,0.0
2024-08-12 04:00:00,0.0
2024-08-12 05:00:00,0.0
2024-08-12 06:00:00,23.56
2024-08-12 07:00:00,192.04
2024-08-12 08:00:00,268.68
2024-08-12 09:00:00,443.7
2024-08-12 10:00:00,415.75
2024-08-12 11:00:00,539.65
2024-08-12 12:00:00,516.67
2024-08-12 13:00:00,578.19
2024-08-12 14:00:00,381.36
2024-08-12 15:00:00,60.29
2024-08-12 16:00:00,38.73
2024-08-12 17:00:00,11.84
2024-08-12 18:00:00,0.0
2024-08-12 19:00:00,0.0
2024-08-12 20:00:00,0.0
2024-08-12 21:00:00,0.0
2024-08-12 22:00:00,0.0
2024-08-12 23:00:00,0.0
2024-08-13 00:00:00,0.0
2024-08-13 01:00:00,0.0
2024-08-13 02:00:00,0.0
2024-08-13 03:00:00,0.0
2024-08-13 04:00:00,0.0
2024-08-13 05:00:00,0.0
2024-08-13 06:00:00,8.14
2024-08-13 07:00:00,24.81
2024-08-13 08:00:00,74.63
2024-08-13 09:00:00,103.47
2024-08-13 10:00:00,141.22
2024-08-13 11:00:00,212.5
2024-08-13 12:00:00,382.89
2024-08-13 13:00:00,336.54
2024-08-13 14:00:00,60.86
2024-08-13 15:00:00,17.82
2024-08-13 16:00:00,5.5
2024-08-13 17:00:00,0.0
2024-08-13 18:00:00,0.0
2024-08-13 19:00:00,0.0
2024-08-13 20:00:00,0.0
2024-08-13 21:00:00,0.0
2024-08-13 22:00:00,0.0
2024-08-13 23:00:00,0.0
2024-08-14 00:00:00,0.0
2024-08-14 01:00:00,0.0
2024-08-14 02:00:00,0.0
2024-08-14 03:00:00,0.0
2024-08-14 04:00:00,0.0
2024-08-14 05:00:00,0.0
2024-08-14 06:00:00,17.58
2024-08-14 07:00:00,47.25
2024-08-14 08:00:00,80.75
2024-08-14 09:00:00,129.79
2024-08-14 10:00:00,83.88
2024-08-14 11:00:00,141.94
2024-08-14 12:00:00,426.02
2024-08-14 13:00:00,524.38
2024-08-14 14:00:00,416.94
2024-08-14 15:00:00,361.91
2024-08-14 16:00:00,288.85
2024-08-14 17:00:00,86.95
2024-08-14 18:00:00,0.0
2024-08-14 19:00:00,0.0
2024-08-14 20:00:00,0.0
2024-08-14 21:00:00,0.0
2024-08-14 22:00:00,0.0
2024-08-14 23:00:00,0.0
2024-08-15 00:00:00,0.0
2024-08-15 01:00:00,0.0
2024-08-15 02:00:00,0.0
2024-08-15 03:00:00,0.0
2024-08-15 04:00:00,0.0
2024-08-15 05:00:00,0.0
2024-08-15 06:00:00,49.69
2024-08-15 07:00:00,169.64
2024-08-15 08:00:00,187.41
2024-08-15 09:00:00,218.33
2024-08-15 10:00:00,288.32
2024-08-15 11:00:00,269.93
2024-08-15 12:00:00,165.08
2024-08-15 13:00:00,400.89
2024-08-15 14:00:00,226.91
2024-08-15 15:00:00,395.43
2024-08-15 16:00:00,248.66
2024-08-15 17:00:00,55.96
2024-08-15 18:00:00,0.0
2024-08-15 19:00:00,0.0
2024-08-15 20:00:00,0.0
2024-08-15 21:00:00,0.0
2024-08-15 22:00:00,0.0
2024-08-15 23:00:00,0.0
2024-08-16 00:00:00,0.0
2024-08-16 01:00:00,0.0
2024-08-16 02:00:00,0.0
2024-08-16 03:00:00,0.0
2024-08-16 04:00:00,0.0
2024-08-16 05:00:00,0.0
2024-08-16 06:00:00,145.87
2024-08-16 07:00:00,241.51
2024-08-16 08:00:00,415.37
2024-08-16 09:00:00,324.51
2024-08-16 10:00:00,302.54
2024-08-16 11:00:00,102.21
2024-08-16 12:00:00,671.41
2024-08-16 13:00:00,228.91
2024-08-16 14:00:00,29.26
2024-08-16 15:00:00,39.93
2024-08-16 16:00:00,16.66
2024-08-16 17:00:00,4.16
2024-08-16 18:00:00,0.0
2024-08-16 19:00:00,0.0
2024-08-16 20:00:00,0.0
2024-08-16 21:00:00,0.0
2024-08-16 22:00:00,0.0
2024-08-16 23:00:00,0.0
2024-08-17 00:00:00,0.0
2024-08-17 01:00:00,0.0
2024-08-17 02:00:00,0.0
2024-08-17 03:00:00,0.0
2024-08-17 04:00:00,0.0
2024-08-17 05:00:00,0.0
2024-08-17 06:00:00,23.77
2024-08-17 07:00:00,186.5
2024-08-17 08:00:00,257.0
2024-08-17 09:00:00,127.98
2024-08-17 10:00:00,81.6
2024-08-17 11:00:00,84.22
2024-08-17 12:00:00,40.63
2024-08-17 13:00:00,70.87
2024-08-17 14:00:00,19.63
2024-08-17 15:00:00,26.86
2024-08-17 16:00:00,8.35
2024-08-17 17:00:00,0.0
2024-08-17 18:00:00,0.0
2024-08-17 19:00:00,0.0
2024-08-17 20:00:00,0.0
2024-08-17 21:00:00,0.0
2024-08-17 22:00:00,0.0
2024-08-17 23:00:00,0.0
2024-08-18 00:00:00,0.0
2024-08-18 01:00:00,0.0
2024-08-18 02:00:00,0.0
2024-08-18 03:00:00,0.0
2024-08-18 04:00:00,0.0
2024-08-18 05:00:00,0.0
2024-08-18 06:00:00,102.23
2024-08-18 07:00:00,378.38
2024-08-18 08:00:00,524.32
2024-08-18 09:00:00,588.42
2024-08-18 10:00:00,493.17
2024-08-18 11:00:00,523.93
2024-08-18 12:00:00,601.92
2024-08-18 13:00:00,624.45
2024-08-18 14:00:00,445.65
2024-08-18 15:00:00,445.29
2024-08-18 16:00:00,329.04
2024-08-18 17:00:00,78.54
2024-08-18 18:00:00,0.0
2024-08-18 19:00:00,0.0
2024-08-18 20:00:00,0.0
2024-08-18 21:00:00,0.0
2024-08-18 22:00:00,0.0
2024-08-18 23:00:00,0.0
2024-08-19 00:00:00,0.0
2024-08-19 01:00:00,0.0
2024-08-19 02:00:00,0.0
2024-08-19 03:00:00,0.0
2024-08-19 04:00:00,0.0
2024-08-19 05:00:00,0.0
2024-08-19 06:00:00,53.41
2024-08-19 07:00:00,118.92
2024-08-19 08:00:00,129.86
2024-08-19 09:00:00,35.27
2024-08-19 10:00:00,59.04
2024-08-19 11:00:00,227.63
2024-08-19 12:00:00,201.71
2024-08-19 13:00:00,160.38
2024-08-19 14:00:00,62.36
2024-08-19 15:00:00,46.11
2024-08-19 16:00:00,14.35
2024-08-19 17:00:00,4.39
2024-08-19 18:00:00,0.0
2024-08-19 19:00:00,0.0
2024-08-19 20:00:00,0.0
2024-08-19 21:00:00,0.0
2024-08-19 22:00:00,0.0
2024-08-19 23:00:00,0.0
2024-08-20 00:00:00,0.0
2024-08-20 01:00:00,0.0
2024-08-20 02:00:00,0.0
2024-08-20 03:00:00,0.0
2024-08-20 04:00:00,0.0
2024-08-20 05:00:00,0.0
2024-08-20 06:00:00,68.51
2024-08-20 07:00:00,107.76
2024-08-20 08:00:00,151.27
2024-08-20 09:00:00,215.98
2024-08-20 10:00:00,235.66
2024-08-20 11:00:00,292.29
2024-08-20 12:00:00,235.61
2024-08-20 13:00:00,391.05
2024-08-20 14:00:00,219.78
2024-08-20 15:00:00,69.48
2024-08-20 16:00:00,77.36
2024-08-20 17:00:00,11.12
2024-08-20 18:00:00,0.0
2024-08-20 19:00:00,0.0
2024-08-20 20:00:00,0.0
2024-08-20 21:00:00,0.0
2024-08-20 22:00:00,0.0
2024-08-20 23:00:00,0.0
2024-08-21 00:00:00,0.0
2024-08-21 01:00:00,0.0
2024-08-21 02:00:00,0.0
2024-08-21 03:00:00,0.0
2024-08-21 04:00:00,0.0
2024-08-21 05:00:00,0.0
2024-08-21 06:00:00,22.57
2024-08-21 07:00:00,57.17
2024-08-21 08:00:00,168.46
2024-08-21 09:00:00,77.61
2024-08-21 10:00:00,177.3
2024-08-21 11:00:00,185.09
2024-08-21 12:00:00,103.35
2024-08-21 13:00:00,200.98
2024-08-21 14:00:00,206.21
2024-08-21 15:00:00,129.54
2024-08-21 16:00:00,41.84
2024-08-21 17:00:00,9.23
2024-08-21 18:00:00,0.0
2024-08-21 19:00:00,0.0
2024-08-21 20:00:00,0.0
2024-08-21 21:00:00,0.0
2024-08-21 22:00:00,0.0
2024-08-21 23:00:00,0.0
2024-08-22 00:00:00,0.0
2024-08-22 01:00:00,0.0
2024-08-22 02:00:00,0.0
2024-08-22 03:00:00,0.0
2024-08-22 04:00:00,0.0
2024-08-22 05:00:00,0.0
2024-08-22 06:00:00,15.58
2024-08-22 07:00:00,34.65
2024-08-22 08:00:00,42.38
2024-08-22 09:00:00,35.08
2024-08-22 10:00:00,19.53
2024-08-22 11:00:00,32.39
2024-08-22 12:00:00,28.27
2024-08-22 13:00:00,197.98
2024-08-22 14:00:00,17.24
2024-08-22 15:00:00,16.47
2024-08-22 16:00:00,16.7
2024-08-22 17:00:00,0.0
2024-08-22 18:00:00,0.0
2024-08-22 19:00:00,0.0
2024-08-22 20:00:00,0.0
2024-08-22 21:00:00,0.0
2024-08-22 22:00:00,0.0
2024-08-22 23:00:00,0.0
2024-08-23 00:00:00,0.0
2024-08-23 01:00:00,0.0
2024-08-23 02:00:00,0.0
2024-08-23 03:00:00,0.0
2024-08-23 04:00:00,0.0
2024-08-23 05:00:00,0.0
2024-08-23 06:00:00,76.14
2024-08-23 07:00:00,344.14
2024-08-23 08:00:00,350.9
2024-08-23 09:00:00,388.63
2024-08-23 10:00:00,372.19
2024-08-23 11:00:00,488.14
2024-08-23 12:00:00,363.87
2024-08-23 13:00:00,620.29
2024-08-23 14:00:00,381.63
2024-08-23 15:00:00,362.47
2024-08-23 16:00:00,170.07
2024-08-23 17:00:00,20.66
2024-08-23 18:00:00,0.0
2024-08-23 19:00:00,0.0
2024-08-23 20:00:00,0.0
2024-08-23 21:00:00,0.0
2024-08-23 22:00:00,0.0
2024-08-23 23:00:00,0.0
2024-08-24 00:00:00,0.0
2024-08-24 01:00:00,0.0
2024-08-24 02:00:00,0.0
2024-08-24 03:00:00,0.0
2024-08-24 04:00:00,0.0
2024-08-24 05:00:00,0.0
2024-08-24 06:00:00,34.8
2024-08-24 07:00:00,144.58
2024-08-24 08:00:00,199.07
2024-08-24 09:00:00,277.21
2024-08-24 10:00:00,249.53
2024-08-24 11:00:00,437.87
2024-08-24 12:00:00,530.62
2024-08-24 13:00:00,511.44
2024-08-24 14:00:00,506.18
2024-08-24 15:00:00,341.68
2024-08-24 16:00:00,189.19
2024-08-24 17:00:00,32.14
2024-08-24 18:00:00,0.0
2024-08-24 19:00:00,0.0
2024-08-24 20:00:00,0.0
2024-08-24 21:00:00,0.0
2024-08-24 22:00:00,0.0
2024-08-24 23:00:00,0.0
2024-08-25 00:00:00,0.0
2024-08-25 01:00:00,0.0
2024-08-25 02:00:00,0.0
2024-08-25 03:00:00,0.0
2024-08-25 04:00:00,0.0
2024-08-25 05:00:00,0.0
2024-08-25 06:00:00,76.49
2024-08-25 07:00:00,349.84
2024-08-25 08:00:00,462.72
2024-08-25 09:00:00,521.68
2024-08-25 10:00:00,518.71
2024-08-25 11:00:00,596.74
2024-08-25 12:00:00,555.84
2024-08-25 13:00:00,646.21
2024-08-25 14:00:00,496.51
2024-08-25 15:00:00,416.76
2024-08-25 16:00:00,232.9
2024-08-25 17:00:00,34.39
2024-08-25 18:00:00,0.0
2024-08-25 19:00:00,0.0
2024-08-25 20:00:00,0.0
2024-08-25 21:00:00,0.0
2024-08-25 22:00:00,0.0
2024-08-25 23:00:00,0.0
2024-08-26 00:00:00,0.0
2024-08-26 01:00:00,0.0
2024-08-26 02:00:00,0.0
2024-08-26 03:00:00,0.0
2024-08-26 04:00:00,0.0
2024-08-26 05:00:00,0.0
2024-08-26 06:00:00,93.6
2024-08-26 07:00:00,397.65
2024-08-26 08:00:00,531.16
2024-08-26 09:00:00,460.79
2024-08-26 10:00:00,480.59
2024-08-26 11:00:00,543.05
2024-08-26 12:00:00,444.6
2024-08-26 13:00:00,471.54
2024-08-26 14:00:00,511.18
2024-08-26 15:00:00,469.07
2024-08-26 16:00:00,241.24
2024-08-26 17:00:00,19.43
2024-08-26 18:00:00,0.0
2024-08-26 19:00:00,0.0
2024-08-26 20:00:00,0.0
2024-08-26 21:00:00,0.0
2024-08-26 22:00:00,0.0
2024-08-26 23:00:00,0.0
2024-08-27 00:00:00,0.0
2024-08-27 01:00:00,0.0
2024-08-27 02:00:00,0.0
2024-08-27 03:00:00,0.0
2024-08-27 04:00:00,0.0
2024-08-27 05:00:00,0.0
2024-08-27 06:00:00,36.96
2024-08-27 07:00:00,291.73
2024-08-27 08:00:00,456.0
2024-08-27 09:00:00,258.51
2024-08-27 10:00:00,431.3
2024-08-27 11:00:00,459.02
2024-08-27 12:00:00,548.05
2024-08-27 13:00:00,395.15
2024-08-27 14:00:00,412.79
2024-08-27 15:00:00,370.76
2024-08-27 16:00:00,187.54
2024-08-27 17:00:00,35.31
2024-08-27 18:00:00,0.0
2024-08-27 19:00:00,0.0
2024-08-27 20:00:00,0.0
2024-08-27 21:00:00,0.0
2024-08-27 22:00:00,0.0
2024-08-27 23:00:00,0.0
2024-08-28 00:00:00,0.0
2024-08-28 01:00:00,0.0
2024-08-28 02:00:00,0.0
2024-08-28 03:00:00,0.0
2024-08-28 04:00:00,0.0
2024-08-28 05:00:00,0.0
2024-08-28 06:00:00,53.25
2024-08-28 07:00:00,103.12
2024-08-28 08:00:00,139.67
2024-08-28 09:00:00,119.42
2024-08-28 10:00:00,166.42
2024-08-28 11:00:00,183.12
2024-08-28 12:00:00,49.63
2024-08-28 13:00:00,185.46
2024-08-28 14:00:00,110.56
2024-08-28 15:00:00,60.06
2024-08-28 16:00:00,22.3
2024-08-28 17:00:00,2.34
2024-08-28 18:00:00,0.0
2024-08-28 19:00:00,0.0
2024-08-28 20:00:00,0.0
2024-08-28 21:00:00,0.0
2024-08-28 22:00:00,0.0
2024-08-28 23:00:00,0.0
2024-08-29 00:00:00,0.0
2024-08-29 01:00:00,0.0
2024-08-29 02:00:00,0.0
2024-08-29 03:00:00,0.0
2024-08-29 04:00:00,0.0
2024-08-29 05:00:00,0.0
2024-08-29 06:00:00,175.4
2024-08-29 07:00:00,495.04
2024-08-29 08:00:00,541.97
2024-08-29 09:00:00,570.18
2024-08-29 10:00:00,426.09
2024-08-29 11:00:00,407.02
2024-08-29 12:00:00,401.56
2024-08-29 13:00:00,860.04
2024-08-29 14:00:00,461.49
2024-08-29 15:00:00,431.78
2024-08-29 16:00:00,272.47
2024-08-29 17:00:00,45.15
2024-08-29 18:00:00,0.0
2024-08-29 19:00:00,0.0
2024-08-29 20:00:00,0.0
2024-08-29 21:00:00,0.0
2024-08-29 22:00:00,0.0
2024-08-29 23:00:00,0.0
2024-08-30 00:00:00,0.0
2024-08-30 01:00:00,0.0
2024-08-30 02:00:00,0.0
2024-08-30 03:00:00,0.0
2024-08-30 04:00:00,0.0
2024-08-30 05:00:00,0.0
2024-08-30 06:00:00,20.78
2024-08-30 07:00:00,50.56
2024-08-30 08:00:00,40.39
2024-08-30 09:00:00,0.0
2024-08-30 10:00:00,0.0
2024-08-30 11:00:00,0.56
2024-08-30 12:00:00,40.89
2024-08-30 13:00:00,10.13
2024-08-30 14:00:00,0.0
2024-08-30 15:00:00,0.0
2024-08-30 16:00:00,0.0
2024-08-30 17:00:00,0.0
2024-08-30 18:00:00,0.0
2024-08-30 19:00:00,0.0
2024-08-30 20:00:00,0.0
2024-08-30 21:00:00,0.0
2024-08-30 22:00:00,0.0
2024-08-30 23:00:00,0.0
2024-08-31 00:00:00,0.0
2024-08-31 01:00:00,0.0
2024-08-31 02:00:00,0.0
2024-08-31 03:00:00,0.0
2024-08-31 04:00:00,0.0
2024-08-31 05:00:00,0.0
2024-08-31 06:00:00,0.0
2024-08-31 07:00:00,0.0
2024-08-31 08:00:00,10.56
2024-08-31 09:00:00,38.47
2024-08-31 10:00:00,44.17
2024-08-31 11:00:00,136.34
2024-08-31 12:00:00,37.28
2024-08-31 13:00:00,14.16
2024-08-31 14:00:00,19.32
2024-08-31 15:00:00,60.8
2024-08-31 16:00:00,25.19
2024-08-31 17:00:00,2.46
2024-08-31 18:00:00,0.0
2024-08-31 19:00:00,0.0
2024-08-31 20:00:00,0.0
2024-08-31 21:00:00,0.0
2024-08-31 22:00:00,0.0
2024-08-31 23:00:00,0.0
2024-09-01 00:00:00,0.0
2024-09-01 01:00:00,0.0
2024-09-01 02:00:00,0.0
2024-09-01 03:00:00,0.0
2024-09-01 04:00:00,0.0
2024-09-01 05:00:00,0.0
2024-09-01 06:00:00,0.0
2024-09-01 07:00:00,0.0
2024-09-01 08:00:00,5.19
2024-09-01 09:00:00,24.89
2024-09-01 10:00:00,0.81
2024-09-01 11:00:00,0.0
2024-09-01 12:00:00,0.69
2024-09-01 13:00:00,33.95
2024-09-01 14:00:00,35.04
2024-09-01 15:00:00,33.29
2024-09-01 16:00:00,18.87
2024-09-01 17:00:00,2.5
2024-09-01 18:00:00,0.0
2024-09-01 19:00:00,0.0
2024-09-01 20:00:00,0.0
2024-09-01 21:00:00,0.0
2024-09-01 22:00:00,0.0
2024-09-01 23:00:00,0.0
2024-09-02 00:00:00,0.0
2024-09-02 01:00:00,0.0
2024-09-02 02:00:00,0.0
2024-09-02 03:00:00,0.0
2024-09-02 04:00:00,0.0
2024-09-02 05:00:00,0.0
2024-09-02 06:00:00,48.56
2024-09-02 07:00:00,192.62
2024-09-02 08:00:00,280.39
2024-09-02 09:00:00,216.36
2024-09-02 10:00:00,242.31
2024-09-02 11:00:00,302.79
2024-09-02 12:00:00,384.58
2024-09-02 13:00:00,301.84
2024-09-02 14:00:00,416.27
2024-09-02 15:00:00,388.44
2024-09-02 16:00:00,179.83
2024-09-02 17:00:00,28.24
2024-09-02 18:00:00,0.0
2024-09-02 19:00:00,0.0
2024-09-02 20:00:00,0.0
2024-09-02 21:00:00,0.0
2024-09-02 22:00:00,0.0
2024-09-02 23:00:00,0.0
2024-09-03 00:00:00,0.0
2024-09-03 01:00:00,0.0
2024-09-03 02:00:00,0.0
2024-09-03 03:00:00,0.0
2024-09-03 04:00:00,0.0
2024-09-03 05:00:00,0.0
2024-09-03 06:00:00,9.44
2024-09-03 07:00:00,61.46
2024-09-03 08:00:00,137.39
2024-09-03 09:00:00,75.68
2024-09-03 10:00:00,57.64
2024-09-03 11:00:00,124.44
2024-09-03 12:00:00,125.34
2024-09-03 13:00:00,52.31
2024-09-03 14:00:00,29.62
2024-09-03 15:00:00,100.43
2024-09-03 16:00:00,14.61
2024-09-03 17:00:00,2.28
2024-09-03 18:00:00,0.0
2024-09-03 19:00:00,0.0
2024-09-03 20:00:00,0.0
2024-09-03 21:00:00,0.0
2024-09-03 22:00:00,0.0
2024-09-03 23:00:00,0.0
2024-09-04 00:00:00,0.0
2024-09-04 01:00:00,0.0
2024-09-04 02:00:00,0.0
2024-09-04 03:00:00,0.0
2024-09-04 04:00:00,0.0
2024-09-04 05:00:00,0.0
2024-09-04 06:00:00,18.95
2024-09-04 07:00:00,78.4
2024-09-04 08:00:00,161.39
2024-09-04 09:00:00,247.0
2024-09-04 10:00:00,290.29
2024-09-04 11:00:00,486.41
2024-09-04 12:00:00,536.93
2024-09-04 13:00:00,575.55
2024-09-04 14:00:00,428.1
2024-09-04 15:00:00,185.76
2024-09-04 16:00:00,68.35
2024-09-04 17:00:00,5.09
2024-09-04 18:00:00,0.0
2024-09-04 19:00:00,0.0
2024-09-04 20:00:00,0.0
2024-09-04 21:00:00,0.0
2024-09-04 22:00:00,0.0
2024-09-04 23:00:00,0.0
2024-09-05 00:00:00,0.0
2024-09-05 01:00:00,0.0
2024-09-05 02:00:00,0.0
2024-09-05 03:00:00,0.0
2024-09-05 04:00:00,0.0
2024-09-05 05:00:00,0.0
2024-09-05 06:00:00,35.15
2024-09-05 07:00:00,165.21
2024-09-05 08:00:00,334.3
2024-09-05 09:00:00,426.35
2024-09-05 10:00:00,385.59
2024-09-05 11:00:00,549.6
2024-09-05 12:00:00,530.8
2024-09-05 13:00:00,465.54
2024-09-05 14:00:00,411.21
2024-09-05 15:00:00,381.78
2024-09-05 16:00:00,189.97
2024-09-05 17:00:00,29.94
2024-09-05 18:00:00,0.0
2024-09-05 19:00:00,0.0
2024-09-05 20:00:00,0.0
2024-09-05 21:00:00,0.0
2024-09-05 22:00:00,0.0
2024-09-05 23:00:00,0.0
2024-09-06 00:00:00,0.0
2024-09-06 01:00:00,0.0
2024-09-06 02:00:00,0.0
2024-09-06 03:00:00,0.0
2024-09-06 04:00:00,0.0
2024-09-06 05:00:00,0.0
2024-09-06 06:00:00,17.13
2024-09-06 07:00:00,166.05
2024-09-06 08:00:00,230.76
2024-09-06 09:00:00,167.27
2024-09-06 10:00:00,252.31
2024-09-06 11:00:00,487.2
2024-09-06 12:00:00,716.61
2024-09-06 13:00:00,409.37
2024-09-06 14:00:00,230.88
2024-09-06 15:00:00,133.3
2024-09-06 16:00:00,44.78
2024-09-06 17:00:00,0.0
2024-09-06 18:00:00,0.0
2024-09-06 19:00:00,0.0
2024-09-06 20:00:00,0.0
2024-09-06 21:00:00,0.0
2024-09-06 22:00:00,0.0
2024-09-06 23:00:00,0.0
2024-09-07 00:00:00,0.0
2024-09-07 01:00:00,0.0
2024-09-07 02:00:00,0.0
2024-09-07 03:00:00,0.0
2024-09-07 04:00:00,0.0
2024-09-07 05:00:00,0.0
2024-09-07 06:00:00,32.46
2024-09-07 07:00:00,138.84
2024-09-07 08:00:00,229.28
2024-09-07 09:00:00,155.66
2024-09-07 10:00:00,260.04
2024-09-07 11:00:00,518.94
2024-09-07 12:00:00,362.9
2024-09-07 13:00:00,235.21
2024-09-07 14:00:00,139.1
2024-09-07 15:00:00,103.49
2024-09-07 16:00:00,19.67
2024-09-07 17:00:00,2.08
2024-09-07 18:00:00,0.0
2024-09-07 19:00:00,0.0
2024-09-07 20:00:00,0.0
2024-09-07 21:00:00,0.0
2024-09-07 22:00:00,0.0
2024-09-07 23:00:00,0.0
2024-09-08 00:00:00,0.0
2024-09-08 01:00:00,0.0
2024-09-08 02:00:00,0.0
2024-09-08 03:00:00,0.0
2024-09-08 04:00:00,0.0
2024-09-08 05:00:00,0.0
2024-09-08 06:00:00,6.47
2024-09-08 07:00:00,26.5
2024-09-08 08:00:00,73.08
2024-09-08 09:00:00,83.0
2024-09-08 10:00:00,106.75
2024-09-08 11:00:00,276.78
2024-09-08 12:00:00,220.8
2024-09-08 13:00:00,178.03
2024-09-08 14:00:00,181.23
2024-09-08 15:00:00,253.73
2024-09-08 16:00:00,67.45
2024-09-08 17:00:00,6.27
2024-09-08 18:00:00,0.0
2024-09-08 19:00:00,0.0
2024-09-08 20:00:00,0.0
2024-09-08 21:00:00,0.0
2024-09-08 22:00:00,0.0
2024-09-08 23:00:00,0.0
2024-09-09 00:00:00,0.0
2024-09-09 01:00:00,0.0
2024-09-09 02:00:00,0.0
2024-09-09 03:00:00,0.0
2024-09-09 04:00:00,0.0
2024-09-09 05:00:00,0.0
2024-09-09 06:00:00,19.27
2024-09-09 07:00:00,71.3
2024-09-09 08:00:00,170.48
2024-09-09 09:00:00,142.46
2024-09-09 10:00:00,178.19
2024-09-09 11:00:00,432.45
2024-09-09 12:00:00,123.98
2024-09-09 13:00:00,173.6
2024-09-09 14:00:00,174.92
2024-09-09 15:00:00,106.73
2024-09-09 16:00:00,71.19
2024-09-09 17:00:00,10.02
2024-09-09 18:00:00,0.0
2024-09-09 19:00:00,0.0
2024-09-09 20:00:00,0.0
2024-09-09 21:00:00,0.0
2024-09-09 22:00:00,0.0
2024-09-09 23:00:00,0.0
2024-09-10 00:00:00,0.0
2024-09-10 01:00:00,0.0
2024-09-10 02:00:00,0.0
2024-09-10 03:00:00,0.0
2024-09-10 04:00:00,0.0
2024-09-10 05:00:00,0.0
2024-09-10 06:00:00,38.4
2024-09-10 07:00:00,237.23
2024-09-10 08:00:00,347.81
2024-09-10 09:00:00,521.5
2024-09-10 10:00:00,412.87
2024-09-10 11:00:00,594.16
2024-09-10 12:00:00,484.12
2024-09-10 13:00:00,570.81
2024-09-10 14:00:00,494.62
2024-09-10 15:00:00,443.25
2024-09-10 16:00:00,285.42
2024-09-10 17:00:00,25.71
2024-09-10 18:00:00,0.0
2024-09-10 19:00:00,0.0
2024-09-10 20:00:00,0.0
2024-09-10 21:00:00,0.0
2024-09-10 22:00:00,0.0
2024-09-10 23:00:00,0.0
2024-09-11 00:00:00,0.0
2024-09-11 01:00:00,0.0
2024-09-11 02:00:00,0.0
2024-09-11 03:00:00,0.0
2024-09-11 04:00:00,0.0
2024-09-11 05:00:00,0.0
2024-09-11 06:00:00,20.46
2024-09-11 07:00:00,44.13
2024-09-11 08:00:00,121.83
2024-09-11 09:00:00,47.3
2024-09-11 10:00:00,115.61
2024-09-11 11:00:00,106.73
2024-09-11 12:00:00,79.07
2024-09-11 13:00:00,88.7
2024-09-11 14:00:00,101.01
2024-09-11 15:00:00,47.71
2024-09-11 16:00:00,10.24
2024-09-11 17:00:00,0.0
2024-09-11 18:00:00,0.0
2024-09-11 19:00:00,0.0
2024-09-11 20:00:00,0.0
2024-09-11 21:00:00,0.0
2024-09-11 22:00:00,0.0
2024-09-11 23:00:00,0.0
2024-09-12 00:00:00,0.0
2024-09-12 01:00:00,0.0
2024-09-12 02:00:00,0.0
2024-09-12 03:00:00,0.0
2024-09-12 04:00:00,0.0
2024-09-12 05:00:00,0.0
2024-09-12 06:00:00,8.15
2024-09-12 07:00:00,23.84
2024-09-12 08:00:00,64.42
2024-09-12 09:00:00,124.94
2024-09-12 10:00:00,182.03
2024-09-12 11:00:00,342.2
2024-09-12 12:00:00,692.06
2024-09-12 13:00:00,463.78
2024-09-12 14:00:00,437.58
2024-09-12 15:00:00,412.39
2024-09-12 16:00:00,151.97
2024-09-12 17:00:00,14.49
2024-09-12 18:00:00,0.0
2024-09-12 19:00:00,0.0
2024-09-12 20:00:00,0.0
2024-09-12 21:00:00,0.0
2024-09-12 22:00:00,0.0
2024-09-12 23:00:00,0.0
2024-09-13 00:00:00,0.0
2024-09-13 01:00:00,0.0
2024-09-13 02:00:00,0.0
2024-09-13 03:00:00,0.0
2024-09-13 04:00:00,0.0
2024-09-13 05:00:00,0.0
2024-09-13 06:00:00,38.76
2024-09-13 07:00:00,173.9
2024-09-13 08:00:00,377.19
2024-09-13 09:00:00,312.19
2024-09-13 10:00:00,350.03
2024-09-13 11:00:00,545.33
2024-09-13 12:00:00,595.67
2024-09-13 13:00:00,608.86
2024-09-13 14:00:00,533.54
2024-09-13 15:00:00,494.15
2024-09-13 16:00:00,251.2
2024-09-13 17:00:00,36.42
2024-09-13 18:00:00,0.0
2024-09-13 19:00:00,0.0
2024-09-13 20:00:00,0.0
2024-09-13 21:00:00,0.0
2024-09-13 22:00:00,0.0
2024-09-13 23:00:00,0.0
2024-09-14 00:00:00,0.0
2024-09-14 01:00:00,0.0
2024-09-14 02:00:00,0.0
2024-09-14 03:00:00,0.0
2024-09-14 04:00:00,0.0
2024-09-14 05:00:00,0.0
2024-09-14 06:00:00,63.74
2024-09-14 07:00:00,164.89
2024-09-14 08:00:00,228.28
2024-09-14 09:00:00,213.53
2024-09-14 10:00:00,345.1
2024-09-14 11:00:00,671.29
2024-09-14 12:00:00,585.4
2024-09-14 13:00:00,645.71
2024-09-14 14:00:00,476.15
2024-09-14 15:00:00,380.83
2024-09-14 16:00:00,209.82
2024-09-14 17:00:00,16.02
2024-09-14 18:00:00,0.0
2024-09-14 19:00:00,0.0
2024-09-14 20:00:00,0.0
2024-09-14 21:00:00,0.0
2024-09-14 22:00:00,0.0
2024-09-14 23:00:00,0.0
2024-09-15 00:00:00,0.0
2024-09-15 01:00:00,0.0
2024-09-15 02:00:00,0.0
2024-09-15 03:00:00,0.0
2024-09-15 04:00:00,0.0
2024-09-15 05:00:00,0.0
2024-09-15 06:00:00,145.21
2024-09-15 07:00:00,349.96
2024-09-15 08:00:00,393.64
2024-09-15 09:00:00,414.24
2024-09-15 10:00:00,431.72
2024-09-15 11:00:00,493.49
2024-09-15 12:00:00,486.92
2024-09-15 13:00:00,538.27
2024-09-15 14:00:00,519.95
2024-09-15 15:00:00,398.79
2024-09-15 16:00:00,227.24
2024-09-15 17:00:00,22.27
2024-09-15 18:00:00,0.0
2024-09-15 19:00:00,0.0
2024-09-15 20:00:00,0.0
2024-09-15 21:00:00,0.0
2024-09-15 22:00:00,0.0
2024-09-15 23:00:00,0.0
2024-09-16 00:00:00,0.0
2024-09-16 01:00:00,0.0
2024-09-16 02:00:00,0.0
2024-09-16 03:00:00,0.0
2024-09-16 04:00:00,0.0
2024-09-16 05:00:00,0.0
2024-09-16 06:00:00,64.89
2024-09-16 07:00:00,271.35
2024-09-16 08:00:00,356.94
2024-09-16 09:00:00,494.71
2024-09-16 10:00:00,580.3
2024-09-16 11:00:00,588.56
2024-09-16 12:00:00,586.95
2024-09-16 13:00:00,475.96
2024-09-16 14:00:00,496.39
2024-09-16 15:00:00,348.01
2024-09-16 16:00:00,285.28
2024-09-16 17:00:00,33.67
2024-09-16 18:00:00,0.0
2024-09-16 19:00:00,0.0
2024-09-16 20:00:00,0.0
2024-09-16 21:00:00,0.0
2024-09-16 22:00:00,0.0
2024-09-16 23:00:00,0.0
2024-09-17 00:00:00,0.0
2024-09-17 01:00:00,0.0
2024-09-17 02:00:00,0.0
2024-09-17 03:00:00,0.0
2024-09-17 04:00:00,0.0
2024-09-17 05:00:00,0.0
2024-09-17 06:00:00,110.63
2024-09-17 07:00:00,208.74
2024-09-17 08:00:00,345.32
2024-09-17 09:00:00,401.93
2024-09-17 10:00:00,404.11
2024-09-17 11:00:00,560.16
2024-09-17 12:00:00,691.56
2024-09-17 13:00:00,579.08
2024-09-17 14:00:00,392.95
2024-09-17 15:00:00,409.7
2024-09-17 16:00:00,224.2
2024-09-17 17:00:00,20.4
2024-09-17 18:00:00,0.0
2024-09-17 19:00:00,0.0
2024-09-17 20:00:00,0.0
2024-09-17 21:00:00,0.0
2024-09-17 22:00:00,0.0
2024-09-17 23:00:00,0.0
2024-09-18 00:00:00,0.0
2024-09-18 01:00:00,0.0
2024-09-18 02:00:00,0.0
2024-09-18 03:00:00,0.0
2024-09-18 04:00:00,0.0
2024-09-18 05:00:00,0.0
2024-09-18 06:00:00,99.21
2024-09-18 07:00:00,252.2
2024-09-18 08:00:00,338.41
2024-09-18 09:00:00,405.84
2024-09-18 10:00:00,561.48
2024-09-18 11:00:00,580.26
2024-09-18 12:00:00,608.91
2024-09-18 13:00:00,575.21
2024-09-18 14:00:00,531.93
2024-09-18 15:00:00,484.57
2024-09-18 16:00:00,251.51
2024-09-18 17:00:00,29.55
2024-09-18 18:00:00,0.0
2024-09-18 19:00:00,0.0
2024-09-18 20:00:00,0.0
2024-09-18 21:00:00,0.0
2024-09-18 22:00:00,0.0
2024-09-18 23:00:00,0.0
2024-09-19 00:00:00,0.0
2024-09-19 01:00:00,0.0
2024-09-19 02:00:00,0.0
2024-09-19 03:00:00,0.0
2024-09-19 04:00:00,0.0
2024-09-19 05:00:00,0.0
2024-09-19 06:00:00,91.93
2024-09-19 07:00:00,321.14
2024-09-19 08:00:00,444.66
2024-09-19 09:00:00,462.18
2024-09-19 10:00:00,489.01
2024-09-19 11:00:00,557.78
2024-09-19 12:00:00,590.76
2024-09-19 13:00:00,586.08
2024-09-19 14:00:00,712.45
2024-09-19 15:00:00,520.99
2024-09-19 16:00:00,322.14
2024-09-19 17:00:00,17.18
2024-09-19 18:00:00,0.0
2024-09-19 19:00:00,0.0
2024-09-19 20:00:00,0.0
2024-09-19 21:00:00,0.0
2024-09-19 22:00:00,0.0
2024-09-19 23:00:00,0.0
2024-09-20 00:00:00,0.0
2024-09-20 01:00:00,0.0
2024-09-20 02:00:00,0.0
2024-09-20 03:00:00,0.0
2024-09-20 04:00:00,0.0
2024-09-20 05:00:00,0.0
2024-09-20 06:00:00,77.36
2024-09-20 07:00:00,303.58
2024-09-20 08:00:00,586.34
2024-09-20 09:00:00,375.51
2024-09-20 10:00:00,483.72
2024-09-20 11:00:00,609.8
2024-09-20 12:00:00,544.41
2024-09-20 13:00:00,704.21
2024-09-20 14:00:00,256.63
2024-09-20 15:00:00,44.91
2024-09-20 16:00:00,20.25
2024-09-20 17:00:00,0.0
2024-09-20 18:00:00,0.0
2024-09-20 19:00:00,0.0
2024-09-20 20:00:00,0.0
2024-09-20 21:00:00,0.0
2024-09-20 22:00:00,0.0
2024-09-20 23:00:00,0.0
2024-09-21 00:00:00,0.0
2024-09-21 01:00:00,0.0
2024-09-21 02:00:00,0.0
2024-09-21 03:00:00,0.0
2024-09-21 04:00:00,0.0
2024-09-21 05:00:00,0.0
2024-09-21 06:00:00,18.12
2024-09-21 07:00:00,129.28
2024-09-21 08:00:00,261.81
2024-09-21 09:00:00,324.98
2024-09-21 10:00:00,378.12
2024-09-21 11:00:00,631.79
2024-09-21 12:00:00,621.85
2024-09-21 13:00:00,549.24
2024-09-21 14:00:00,636.54
2024-09-21 15:00:00,512.16
2024-09-21 16:00:00,351.92
2024-09-21 17:00:00,46.03
2024-09-21 18:00:00,0.0
2024-09-21 19:00:00,0.0
2024-09-21 20:00:00,0.0
2024-09-21 21:00:00,0.0
2024-09-21 22:00:00,0.0
2024-09-21 23:00:00,0.0
2024-09-22 00:00:00,0.0
2024-09-22 01:00:00,0.0
2024-09-22 02:00:00,0.0
2024-09-22 03:00:00,0.0
2024-09-22 04:00:00,0.0
2024-09-22 05:00:00,0.0
2024-09-22 06:00:00,23.62
2024-09-22 07:00:00,94.8
2024-09-22 08:00:00,190.19
2024-09-22 09:00:00,148.17
2024-09-22 10:00:00,274.37
2024-09-22 11:00:00,377.82
2024-09-22 12:00:00,202.61
2024-09-22 13:00:00,124.2
2024-09-22 14:00:00,38.53
2024-09-22 15:00:00,71.43
2024-09-22 16:00:00,59.89
2024-09-22 17:00:00,3.56
2024-09-22 18:00:00,0.0
2024-09-22 19:00:00,0.0
2024-09-22 20:00:00,0.0
2024-09-22 21:00:00,0.0
2024-09-22 22:00:00,0.0
2024-09-22 23:00:00,0.0
2024-09-23 00:00:00,0.0
2024-09-23 01:00:00,0.0
2024-09-23 02:00:00,0.0
2024-09-23 03:00:00,0.0
2024-09-23 04:00:00,0.0
2024-09-23 05:00:00,0.0
2024-09-23 06:00:00,2.98
2024-09-23 07:00:00,35.42
2024-09-23 08:00:00,74.66
2024-09-23 09:00:00,61.96
2024-09-23 10:00:00,126.5
2024-09-23 11:00:00,209.16
2024-09-23 12:00:00,119.16
2024-09-23 13:00:00,101.77
2024-09-23 14:00:00,85.13
2024-09-23 15:00:00,47.06
2024-09-23 16:00:00,21.89
2024-09-23 17:00:00,0.0
2024-09-23 18:00:00,0.0
2024-09-23 19:00:00,0.0
2024-09-23 20:00:00,0.0
2024-09-23 21:00:00,0.0
2024-09-23 22:00:00,0.0
2024-09-23 23:00:00,0.0
2024-09-24 00:00:00,0.0
2024-09-24 01:00:00,0.0
2024-09-24 02:00:00,0.0
2024-09-24 03:00:00,0.0
2024-09-24 04:00:00,0.0
2024-09-24 05:00:00,0.0
2024-09-24 06:00:00,68.72
2024-09-24 07:00:00,148.68
2024-09-24 08:00:00,284.51
2024-09-24 09:00:00,208.8
2024-09-24 10:00:00,379.75
2024-09-24 11:00:00,457.94
2024-09-24 12:00:00,249.29
2024-09-24 13:00:00,456.8
2024-09-24 14:00:00,254.75
2024-09-24 15:00:00,176.11
2024-09-24 16:00:00,104.19
2024-09-24 17:00:00,11.44
2024-09-24 18:00:00,0.0
2024-09-24 19:00:00,0.0
2024-09-24 20:00:00,0.0
2024-09-24 21:00:00,0.0
2024-09-24 22:00:00,0.0
2024-09-24 23:00:00,0.0
2024-09-25 00:00:00,0.0
2024-09-25 01:00:00,0.0
2024-09-25 02:00:00,0.0
2024-09-25 03:00:00,0.0
2024-09-25 04:00:00,0.0
2024-09-25 05:00:00,0.0
2024-09-25 06:00:00,19.24
2024-09-25 07:00:00,151.01
2024-09-25 08:00:00,245.94
2024-09-25 09:00:00,170.17
2024-09-25 10:00:00,252.65
2024-09-25 11:00:00,359.89
2024-09-25 12:00:00,516.54
2024-09-25 13:00:00,515.27
2024-09-25 14:00:00,353.65
2024-09-25 15:00:00,274.28
2024-09-25 16:00:00,100.95
2024-09-25 17:00:00,8.21
2024-09-25 18:00:00,0.0
2024-09-25 19:00:00,0.0
2024-09-25 20:00:00,0.0
2024-09-25 21:00:00,0.0
2024-09-25 22:00:00,0.0
2024-09-25 23:00:00,0.0
2024-09-26 00:00:00,0.0
2024-09-26 01:00:00,0.0
2024-09-26 02:00:00,0.0
2024-09-26 03:00:00,0.0
2024-09-26 04:00:00,0.0
2024-09-26 05:00:00,0.0
2024-09-26 06:00:00,17.72
2024-09-26 07:00:00,111.33
2024-09-26 08:00:00,195.25
2024-09-26 09:00:00,116.05
2024-09-26 10:00:00,278.48
2024-09-26 11:00:00,384.19
2024-09-26 12:00:00,467.4
2024-09-26 13:00:00,432.29
2024-09-26 14:00:00,61.82
2024-09-26 15:00:00,53.46
2024-09-26 16:00:00,7.05
2024-09-26 17:00:00,0.0
2024-09-26 18:00:00,0.0
2024-09-26 19:00:00,0.0
2024-09-26 20:00:00,0.0
2024-09-26 21:00:00,0.0
2024-09-26 22:00:00,0.0
2024-09-26 23:00:00,0.0
2024-09-27 00:00:00,0.0
2024-09-27 01:00:00,0.0
2024-09-27 02:00:00,0.0
2024-09-27 03:00:00,0.0
2024-09-27 04:00:00,0.0
2024-09-27 05:00:00,0.0
2024-09-27 06:00:00,49.3
2024-09-27 07:00:00,182.48
2024-09-27 08:00:00,218.16
2024-09-27 09:00:00,251.62
2024-09-27 10:00:00,330.5
2024-09-27 11:00:00,482.45
2024-09-27 12:00:00,511.71
2024-09-27 13:00:00,500.42
2024-09-27 14:00:00,502.97
2024-09-27 15:00:00,429.08
2024-09-27 16:00:00,212.65
2024-09-27 17:00:00,8.26
2024-09-27 18:00:00,0.0
2024-09-27 19:00:00,0.0
2024-09-27 20:00:00,0.0
2024-09-27 21:00:00,0.0
2024-09-27 22:00:00,0.0
2024-09-27 23:00:00,0.0
2024-09-28 00:00:00,0.0
2024-09-28 01:00:00,0.0
2024-09-28 02:00:00,0.0
2024-09-28 03:00:00,0.0
2024-09-28 04:00:00,0.0
2024-09-28 05:00:00,0.0
2024-09-28 06:00:00,65.31
2024-09-28 07:00:00,301.99
2024-09-28 08:00:00,371.38
2024-09-28 09:00:00,567.58
2024-09-28 10:00:00,555.32
2024-09-28 11:00:00,552.74
2024-09-28 12:00:00,490.25
2024-09-28 13:00:00,345.71
2024-09-28 14:00:00,42.36
2024-09-28 15:00:00,12.9
2024-09-28 16:00:00,16.71
2024-09-28 17:00:00,5.48
2024-09-28 18:00:00,0.0
2024-09-28 19:00:00,0.0
2024-09-28 20:00:00,0.0
2024-09-28 21:00:00,0.0
2024-09-28 22:00:00,0.0
2024-09-28 23:00:00,0.0
2024-09-29 00:00:00,0.0
2024-09-29 01:00:00,0.0
2024-09-29 02:00:00,0.0
2024-09-29 03:00:00,0.0
2024-09-29 04:00:00,0.0
2024-09-29 05:00:00,0.0
2024-09-29 06:00:00,84.44
2024-09-29 07:00:00,247.03
2024-09-29 08:00:00,308.61
2024-09-29 09:00:00,522.3
2024-09-29 10:00:00,486.98
2024-09-29 11:00:00,462.67
2024-09-29 12:00:00,282.16
2024-09-29 13:00:00,403.89
2024-09-29 14:00:00,412.63
2024-09-29 15:00:00,251.03
2024-09-29 16:00:00,161.05
2024-09-29 17:00:00,8.81
2024-09-29 18:00:00,0.0
2024-09-29 19:00:00,0.0
2024-09-29 20:00:00,0.0
2024-09-29 21:00:00,0.0
2024-09-29 22:00:00,0.0
2024-09-29 23:00:00,0.0
2024-09-30 00:00:00,0.0
2024-09-30 01:00:00,0.0
2024-09-30 02:00:00,0.0
2024-09-30 03:00:00,0.0
2024-09-30 04:00:00,0.0
2024-09-30 05:00:00,0.0
2024-09-30 06:00:00,26.11
2024-09-30 07:00:00,29.29
2024-09-30 08:00:00,38.02
2024-09-30 09:00:00,118.47
2024-09-30 10:00:00,295.79
2024-09-30 11:00:00,245.15
2024-09-30 12:00:00,290.85
2024-09-30 13:00:00,603.77
2024-09-30 14:00:00,606.01
2024-09-30 15:00:00,86.25
2024-09-30 16:00:00,45.46
2024-09-30 17:00:00,15.23
2024-09-30 18:00:00,0.0
2024-09-30 19:00:00,0.0
2024-09-30 20:00:00,0.0
2024-09-30 21:00:00,0.0
2024-09-30 22:00:00,0.0
2024-09-30 23:00:00,0.0
2024-10-01 00:00:00,0.0
2024-10-01 01:00:00,0.0
2024-10-01 02:00:00,0.0
2024-10-01 03:00:00,0.0
2024-10-01 04:00:00,0.0
2024-10-01 05:00:00,0.0
2024-10-01 06:00:00,178.86
2024-10-01 07:00:00,428.78
2024-10-01 08:00:00,455.55
2024-10-01 09:00:00,334.84
2024-10-01 10:00:00,376.46
2024-10-01 11:00:00,413.89
2024-10-01 12:00:00,611.43
2024-10-01 13:00:00,523.87
2024-10-01 14:00:00,429.0
2024-10-01 15:00:00,239.9
2024-10-01 16:00:00,93.96
2024-10-01 17:00:00,20.08
2024-10-01 18:00:00,0.0
2024-10-01 19:00:00,0.0
2024-10-01 20:00:00,0.0
2024-10-01 21:00:00,0.0
2024-10-01 22:00:00,0.0
2024-10-01 23:00:00,0.0
2024-10-02 00:00:00,0.0
2024-10-02 01:00:00,0.0
2024-10-02 02:00:00,0.0
2024-10-02 03:00:00,0.0
2024-10-02 04:00:00,0.0
2024-10-02 05:00:00,0.0
2024-10-02 06:00:00,29.14
2024-10-02 07:00:00,22.58
2024-10-02 08:00:00,49.49
2024-10-02 09:00:00,36.66
2024-10-02 10:00:00,33.87
2024-10-02 11:00:00,72.21
2024-10-02 12:00:00,71.81
2024-10-02 13:00:00,26.19
2024-10-02 14:00:00,31.45
2024-10-02 15:00:00,32.02
2024-10-02 16:00:00,0.58
2024-10-02 17:00:00,0.0
2024-10-02 18:00:00,0.0
2024-10-02 19:00:00,0.0
2024-10-02 20:00:00,0.0
2024-10-02 21:00:00,0.0
2024-10-02 22:00:00,0.0
2024-10-02 23:00:00,0.0
2024-10-03 00:00:00,0.0
2024-10-03 01:00:00,0.0
2024-10-03 02:00:00,0.0
2024-10-03 03:00:00,0.0
2024-10-03 04:00:00,0.0
2024-10-03 05:00:00,0.0
2024-10-03 06:00:00,32.65
2024-10-03 07:00:00,33.35
2024-10-03 08:00:00,45.82
2024-10-03 09:00:00,45.25
2024-10-03 10:00:00,62.41
2024-10-03 11:00:00,75.24
2024-10-03 12:00:00,86.79
2024-10-03 13:00:00,165.38
2024-10-03 14:00:00,315.4
2024-10-03 15:00:00,96.15
2024-10-03 16:00:00,120.79
2024-10-03 17:00:00,13.2
2024-10-03 18:00:00,0.0
2024-10-03 19:00:00,0.0
2024-10-03 20:00:00,0.0
2024-10-03 21:00:00,0.0
2024-10-03 22:00:00,0.0
2024-10-03 23:00:00,0.0
2024-10-04 00:00:00,0.0
2024-10-04 01:00:00,0.0
2024-10-04 02:00:00,0.0
2024-10-04 03:00:00,0.0
2024-10-04 04:00:00,0.0
2024-10-04 05:00:00,0.0
2024-10-04 06:00:00,40.67
2024-10-04 07:00:00,78.04
2024-10-04 08:00:00,174.01
2024-10-04 09:00:00,194.12
2024-10-04 10:00:00,470.36
2024-10-04 11:00:00,594.33
2024-10-04 12:00:00,583.16
2024-10-04 13:00:00,330.6
2024-10-04 14:00:00,220.02
2024-10-04 15:00:00,306.56
2024-10-04 16:00:00,138.65
2024-10-04 17:00:00,12.33
2024-10-04 18:00:00,0.0
2024-10-04 19:00:00,0.0
2024-10-04 20:00:00,0.0
2024-10-04 21:00:00,0.0
2024-10-04 22:00:00,0.0
2024-10-04 23:00:00,0.0
2024-10-05 00:00:00,0.0
2024-10-05 01:00:00,0.0
2024-10-05 02:00:00,0.0
2024-10-05 03:00:00,0.0
2024-10-05 04:00:00,0.0
2024-10-05 05:00:00,0.0
2024-10-05 06:00:00,0.0
2024-10-05 07:00:00,16.23
2024-10-05 08:00:00,34.9
2024-10-05 09:00:00,51.93
2024-10-05 10:00:00,74.31
2024-10-05 11:00:00,72.39
2024-10-05 12:00:00,35.95
2024-10-05 13:00:00,11.43
2024-10-05 14:00:00,46.89
2024-10-05 15:00:00,52.52
2024-10-05 16:00:00,42.52
2024-10-05 17:00:00,13.41
2024-10-05 18:00:00,0.0
2024-10-05 19:00:00,0.0
2024-10-05 20:00:00,0.0
2024-10-05 21:00:00,0.0
2024-10-05 22:00:00,0.0
2024-10-05 23:00:00,0.0
2024-10-06 00:00:00,0.0
2024-10-06 01:00:00,0.0
2024-10-06 02:00:00,0.0
2024-10-06 03:00:00,0.0
2024-10-06 04:00:00,0.0
2024-10-06 05:00:00,0.0
2024-10-06 06:00:00,2.9
2024-10-06 07:00:00,34.24
2024-10-06 08:00:00,30.73
2024-10-06 09:00:00,22.78
2024-10-06 10:00:00,33.94
2024-10-06 11:00:00,44.73
2024-10-06 12:00:00,25.23
2024-10-06 13:00:00,2.05
2024-10-06 14:00:00,25.22
2024-10-06 15:00:00,38.51
2024-10-06 16:00:00,28.45
2024-10-06 17:00:00,5.5
2024-10-06 18:00:00,0.0
2024-10-06 19:00:00,0.0
2024-10-06 20:00:00,0.0
2024-10-06 21:00:00,0.0
2024-10-06 22:00:00,0.0
2024-10-06 23:00:00,0.0
2024-10-07 00:00:00,0.0
2024-10-07 01:00:00,0.0
2024-10-07 02:00:00,0.0
2024-10-07 03:00:00,0.0
2024-10-07 04:00:00,0.0
2024-10-07 05:00:00,0.0
2024-10-07 06:00:00,0.0
2024-10-07 07:00:00,0.0
2024-10-07 08:00:00,9.21
2024-10-07 09:00:00,0.0
2024-10-07 10:00:00,12.32
2024-10-07 11:00:00,0.1
2024-10-07 12:00:00,0.08
2024-10-07 13:00:00,3.75
2024-10-07 14:00:00,0.39
2024-10-07 15:00:00,0.0
2024-10-07 16:00:00,0.0
2024-10-07 17:00:00,0.0
2024-10-07 18:00:00,0.0
2024-10-07 19:00:00,0.0
2024-10-07 20:00:00,0.0
2024-10-07 21:00:00,0.0
2024-10-07 22:00:00,0.0
2024-10-07 23:00:00,0.0
2024-10-08 00:00:00,0.0
2024-10-08 01:00:00,0.0
2024-10-08 02:00:00,0.0
2024-10-08 03:00:00,0.0
2024-10-08 04:00:00,0.0
2024-10-08 05:00:00,0.0
2024-10-08 06:00:00,46.12
2024-10-08 07:00:00,64.55
2024-10-08 08:00:00,119.78
2024-10-08 09:00:00,73.26
2024-10-08 10:00:00,159.82
2024-10-08 11:00:00,204.67
2024-10-08 12:00:00,327.18
2024-10-08 13:00:00,103.47
2024-10-08 14:00:00,173.33
2024-10-08 15:00:00,162.87
2024-10-08 16:00:00,83.59
2024-10-08 17:00:00,11.52
2024-10-08 18:00:00,0.0
2024-10-08 19:00:00,0.0
2024-10-08 20:00:00,0.0
2024-10-08 21:00:00,0.0
2024-10-08 22:00:00,0.0
2024-10-08 23:00:00,0.0
2024-10-09 00:00:00,0.0
2024-10-09 01:00:00,0.0
2024-10-09 02:00:00,0.0
2024-10-09 03:00:00,0.0
2024-10-09 04:00:00,0.0
2024-10-09 05:00:00,0.0
2024-10-09 06:00:00,7.23
2024-10-09 07:00:00,37.11
2024-10-09 08:00:00,60.12
2024-10-09 09:00:00,26.73
2024-10-09 10:00:00,220.2
2024-10-09 11:00:00,174.18
2024-10-09 12:00:00,269.48
2024-10-09 13:00:00,178.22
2024-10-09 14:00:00,62.09
2024-10-09 15:00:00,36.78
2024-10-09 16:00:00,34.12
2024-10-09 17:00:00,0.0
2024-10-09 18:00:00,0.0
2024-10-09 19:00:00,0.0
2024-10-09 20:00:00,0.0
2024-10-09 21:00:00,0.0
2024-10-09 22:00:00,0.0
2024-10-09 23:00:00,0.0
2024-10-10 00:00:00,0.0
2024-10-10 01:00:00,0.0
2024-10-10 02:00:00,0.0
2024-10-10 03:00:00,0.0
2024-10-10 04:00:00,0.0
2024-10-10 05:00:00,0.0
2024-10-10 06:00:00,14.47
2024-10-10 07:00:00,19.08
2024-10-10 08:00:00,52.79
2024-10-10 09:00:00,53.34
2024-10-10 10:00:00,22.16
2024-10-10 11:00:00,156.99
2024-10-10 12:00:00,67.66
2024-10-10 13:00:00,53.93
2024-10-10 14:00:00,38.68
2024-10-10 15:00:00,2.48
2024-10-10 16:00:00,0.95
2024-10-10 17:00:00,0.0
2024-10-10 18:00:00,0.0
2024-10-10 19:00:00,0.0
2024-10-10 20:00:00,0.0
2024-10-10 21:00:00,0.0
2024-10-10 22:00:00,0.0
2024-10-10 23:00:00,0.0
2024-10-11 00:00:00,0.0
2024-10-11 01:00:00,0.0
2024-10-11 02:00:00,0.0
2024-10-11 03:00:00,0.0
2024-10-11 04:00:00,0.0
2024-10-11 05:00:00,0.0
2024-10-11 06:00:00,52.08
2024-10-11 07:00:00,186.54
2024-10-11 08:00:00,241.09
2024-10-11 09:00:00,98.01
2024-10-11 10:00:00,17.08
2024-10-11 11:00:00,28.44
2024-10-11 12:00:00,21.93
2024-10-11 13:00:00,14.24
2024-10-11 14:00:00,26.42
2024-10-11 15:00:00,0.43
2024-10-11 16:00:00,0.54
2024-10-11 17:00:00,0.0
2024-10-11 18:00:00,0.0
2024-10-11 19:00:00,0.0
2024-10-11 20:00:00,0.0
2024-10-11 21:00:00,0.0
2024-10-11 22:00:00,0.0
2024-10-11 23:00:00,0.0
2024-10-12 00:00:00,0.0
2024-10-12 01:00:00,0.0
2024-10-12 02:00:00,0.0
2024-10-12 03:00:00,0.0
2024-10-12 04:00:00,0.0
2024-10-12 05:00:00,0.0
2024-10-12 06:00:00,13.35
2024-10-12 07:00:00,14.53
2024-10-12 08:00:00,21.12
2024-10-12 09:00:00,26.42
2024-10-12 10:00:00,55.84
2024-10-12 11:00:00,117.14
2024-10-12 12:00:00,110.28
2024-10-12 13:00:00,377.45
2024-10-12 14:00:00,129.4
2024-10-12 15:00:00,114.34
2024-10-12 16:00:00,46.6
2024-10-12 17:00:00,5.86
2024-10-12 18:00:00,0.0
2024-10-12 19:00:00,0.0
2024-10-12 20:00:00,0.0
2024-10-12 21:00:00,0.0
2024-10-12 22:00:00,0.0
2024-10-12 23:00:00,0.0
2024-10-13 00:00:00,0.0
2024-10-13 01:00:00,0.0
2024-10-13 02:00:00,0.0
2024-10-13 03:00:00,0.0
2024-10-13 04:00:00,0.0
2024-10-13 05:00:00,0.0
2024-10-13 06:00:00,23.64
2024-10-13 07:00:00,91.95
2024-10-13 08:00:00,188.08
2024-10-13 09:00:00,307.15
2024-10-13 10:00:00,350.42
2024-10-13 11:00:00,435.03
2024-10-13 12:00:00,338.75
2024-10-13 13:00:00,261.0
2024-10-13 14:00:00,151.27
2024-10-13 15:00:00,103.74
2024-10-13 16:00:00,35.52
2024-10-13 17:00:00,0.0
2024-10-13 18:00:00,0.0
2024-10-13 19:00:00,0.0
2024-10-13 20:00:00,0.0
2024-10-13 21:00:00,0.0
2024-10-13 22:00:00,0.0
2024-10-13 23:00:00,0.0
2024-10-14 00:00:00,0.0
2024-10-14 01:00:00,0.0
2024-10-14 02:00:00,0.0
2024-10-14 03:00:00,0.0
2024-10-14 04:00:00,0.0
2024-10-14 05:00:00,0.0
2024-10-14 06:00:00,0.0
2024-10-14 07:00:00,0.0
2024-10-14 08:00:00,0.16
2024-10-14 09:00:00,0.08
2024-10-14 10:00:00,6.0
2024-10-14 11:00:00,46.89
2024-10-14 12:00:00,15.5
2024-10-14 13:00:00,5.77
2024-10-14 14:00:00,0.11
2024-10-14 15:00:00,0.0
2024-10-14 16:00:00,0.0
2024-10-14 17:00:00,0.0
2024-10-14 18:00:00,0.0
2024-10-14 19:00:00,0.0
2024-10-14 20:00:00,0.0
2024-10-14 21:00:00,0.0
2024-10-14 22:00:00,0.0
2024-10-14 23:00:00,0.0
2024-10-15 00:00:00,0.0
2024-10-15 01:00:00,0.0
2024-10-15 02:00:00,0.0
2024-10-15 03:00:00,0.0
2024-10-15 04:00:00,0.0
2024-10-15 05:00:00,0.0
2024-10-15 06:00:00,2.9
2024-10-15 07:00:00,14.74
2024-10-15 08:00:00,29.62
2024-10-15 09:00:00,27.01
2024-10-15 10:00:00,15.17
2024-10-15 11:00:00,38.71
2024-10-15 12:00:00,50.13
2024-10-15 13:00:00,155.44
2024-10-15 14:00:00,99.54
2024-10-15 15:00:00,66.51
2024-10-15 16:00:00,27.66
2024-10-15 17:00:00,0.0
2024-10-15 18:00:00,0.0
2024-10-15 19:00:00,0.0
2024-10-15 20:00:00,0.0
2024-10-15 21:00:00,0.0
2024-10-15 22:00:00,0.0
2024-10-15 23:00:00,0.0
2024-10-16 00:00:00,0.0
2024-10-16 01:00:00,0.0
2024-10-16 02:00:00,0.0
2024-10-16 03:00:00,0.0
2024-10-16 04:00:00,0.0
2024-10-16 05:00:00,0.0
2024-10-16 06:00:00,24.21
2024-10-16 07:00:00,55.7
2024-10-16 08:00:00,118.12
2024-10-16 09:00:00,66.18
2024-10-16 10:00:00,27.89
2024-10-16 11:00:00,26.04
2024-10-16 12:00:00,22.78
2024-10-16 13:00:00,131.2
2024-10-16 14:00:00,37.07
2024-10-16 15:00:00,32.27
2024-10-16 16:00:00,12.99
2024-10-16 17:00:00,4.27
2024-10-16 18:00:00,0.0
2024-10-16 19:00:00,0.0
2024-10-16 20:00:00,0.0
2024-10-16 21:00:00,0.0
2024-10-16 22:00:00,0.0
2024-10-16 23:00:00,0.0
2024-10-17 00:00:00,0.0
2024-10-17 01:00:00,0.0
2024-10-17 02:00:00,0.0
2024-10-17 03:00:00,0.0
2024-10-17 04:00:00,0.0
2024-10-17 05:00:00,0.0
2024-10-17 06:00:00,140.29
2024-10-17 07:00:00,311.81
2024-10-17 08:00:00,410.17
2024-10-17 09:00:00,229.88
2024-10-17 10:00:00,528.57
2024-10-17 11:00:00,498.37
2024-10-17 12:00:00,575.02
2024-10-17 13:00:00,588.09
2024-10-17 14:00:00,550.55
2024-10-17 15:00:00,426.9
2024-10-17 16:00:00,297.31
2024-10-17 17:00:00,21.86
2024-10-17 18:00:00,0.0
2024-10-17 19:00:00,0.0
2024-10-17 20:00:00,0.0
2024-10-17 21:00:00,0.0
2024-10-17 22:00:00,0.0
2024-10-17 23:00:00,0.0
2024-10-18 00:00:00,0.0
2024-10-18 01:00:00,0.0
2024-10-18 02:00:00,0.0
2024-10-18 03:00:00,0.0
2024-10-18 04:00:00,0.0
2024-10-18 05:00:00,0.0
2024-10-18 06:00:00,262.56
2024-10-18 07:00:00,394.76
2024-10-18 08:00:00,496.46
2024-10-18 09:00:00,314.41
2024-10-18 10:00:00,585.77
2024-10-18 11:00:00,464.28
2024-10-18 12:00:00,438.84
2024-10-18 13:00:00,475.12
2024-10-18 14:00:00,300.78
2024-10-18 15:00:00,384.26
2024-10-18 16:00:00,155.93
2024-10-18 17:00:00,7.45
2024-10-18 18:00:00,0.0
2024-10-18 19:00:00,0.0
2024-10-18 20:00:00,0.0
2024-10-18 21:00:00,0.0
2024-10-18 22:00:00,0.0
2024-10-18 23:00:00,0.0
2024-10-19 00:00:00,0.0
2024-10-19 01:00:00,0.0
2024-10-19 02:00:00,0.0
2024-10-19 03:00:00,0.0
2024-10-19 04:00:00,0.0
2024-10-19 05:00:00,0.0
2024-10-19 06:00:00,97.72
2024-10-19 07:00:00,222.14
2024-10-19 08:00:00,366.05
2024-10-19 09:00:00,138.24
2024-10-19 10:00:00,426.53
2024-10-19 11:00:00,469.82
2024-10-19 12:00:00,547.42
2024-10-19 13:00:00,406.5
2024-10-19 14:00:00,393.54
2024-10-19 15:00:00,288.82
2024-10-19 16:00:00,234.21
2024-10-19 17:00:00,5.38
2024-10-19 18:00:00,0.0
2024-10-19 19:00:00,0.0
2024-10-19 20:00:00,0.0
2024-10-19 21:00:00,0.0
2024-10-19 22:00:00,0.0
2024-10-19 23:00:00,0.0
2024-10-20 00:00:00,0.0
2024-10-20 01:00:00,0.0
2024-10-20 02:00:00,0.0
2024-10-20 03:00:00,0.0
2024-10-20 04:00:00,0.0
2024-10-20 05:00:00,0.0
2024-10-20 06:00:00,49.17
2024-10-20 07:00:00,212.8
2024-10-20 08:00:00,284.0
2024-10-20 09:00:00,189.64
2024-10-20 10:00:00,322.1
2024-10-20 11:00:00,336.96
2024-10-20 12:00:00,567.55
2024-10-20 13:00:00,536.08
2024-10-20 14:00:00,273.19
2024-10-20 15:00:00,132.22
2024-10-20 16:00:00,43.64
2024-10-20 17:00:00,1.64
2024-10-20 18:00:00,0.0
2024-10-20 19:00:00,0.0
2024-10-20 20:00:00,0.0
2024-10-20 21:00:00,0.0
2024-10-20 22:00:00,0.0
2024-10-20 23:00:00,0.0
2024-10-21 00:00:00,0.0
2024-10-21 01:00:00,0.0
2024-10-21 02:00:00,0.0
2024-10-21 03:00:00,0.0
2024-10-21 04:00:00,0.0
2024-10-21 05:00:00,0.0
2024-10-21 06:00:00,13.87
2024-10-21 07:00:00,60.39
2024-10-21 08:00:00,257.95
2024-10-21 09:00:00,230.52
2024-10-21 10:00:00,376.31
2024-10-21 11:00:00,601.11
2024-10-21 12:00:00,459.8
2024-10-21 13:00:00,469.3
2024-10-21 14:00:00,407.76
2024-10-21 15:00:00,349.62
2024-10-21 16:00:00,135.88
2024-10-21 17:00:00,9.44
2024-10-21 18:00:00,0.0
2024-10-21 19:00:00,0.0
2024-10-21 20:00:00,0.0
2024-10-21 21:00:00,0.0
2024-10-21 22:00:00,0.0
2024-10-21 23:00:00,0.0
2024-10-22 00:00:00,0.0
2024-10-22 01:00:00,0.0
2024-10-22 02:00:00,0.0
2024-10-22 03:00:00,0.0
2024-10-22 04:00:00,0.0
2024-10-22 05:00:00,0.0
2024-10-22 06:00:00,90.38
2024-10-22 07:00:00,214.58
2024-10-22 08:00:00,280.21
2024-10-22 09:00:00,380.91
2024-10-22 10:00:00,628.39
2024-10-22 11:00:00,490.09
2024-10-22 12:00:00,442.87
2024-10-22 13:00:00,280.32
2024-10-22 14:00:00,125.41
2024-10-22 15:00:00,53.35
2024-10-22 16:00:00,46.47
2024-10-22 17:00:00,0.0
2024-10-22 18:00:00,0.0
2024-10-22 19:00:00,0.0
2024-10-22 20:00:00,0.0
2024-10-22 21:00:00,0.0
2024-10-22 22:00:00,0.0
2024-10-22 23:00:00,0.0
2024-10-23 00:00:00,0.0
2024-10-23 01:00:00,0.0
2024-10-23 02:00:00,0.0
2024-10-23 03:00:00,0.0
2024-10-23 04:00:00,0.0
2024-10-23 05:00:00,0.0
2024-10-23 06:00:00,66.74
2024-10-23 07:00:00,191.67
2024-10-23 08:00:00,348.49
2024-10-23 09:00:00,329.05
2024-10-23 10:00:00,353.87
2024-10-23 11:00:00,309.23
2024-10-23 12:00:00,262.7
2024-10-23 13:00:00,194.17
2024-10-23 14:00:00,161.62
2024-10-23 15:00:00,117.63
2024-10-23 16:00:00,26.3
2024-10-23 17:00:00,0.0
2024-10-23 18:00:00,0.0
2024-10-23 19:00:00,0.0
2024-10-23 20:00:00,0.0
2024-10-23 21:00:00,0.0
2024-10-23 22:00:00,0.0
2024-10-23 23:00:00,0.0
2024-10-24 00:00:00,0.0
2024-10-24 01:00:00,0.0
2024-10-24 02:00:00,0.0
2024-10-24 03:00:00,0.0
2024-10-24 04:00:00,0.0
2024-10-24 05:00:00,0.0
2024-10-24 06:00:00,0.0
2024-10-24 07:00:00,0.0
2024-10-24 08:00:00,0.17
2024-10-24 09:00:00,0.0
2024-10-24 10:00:00,0.0
2024-10-24 11:00:00,0.09
2024-10-24 12:00:00,0.15
2024-10-24 13:00:00,4.68
2024-10-24 14:00:00,15.71
2024-10-24 15:00:00,1.15
2024-10-24 16:00:00,0.0
2024-10-24 17:00:00,0.0
2024-10-24 18:00:00,0.0
2024-10-24 19:00:00,0.0
2024-10-24 20:00:00,0.0
2024-10-24 21:00:00,0.0
2024-10-24 22:00:00,0.0
2024-10-24 23:00:00,0.0
2024-10-25 00:00:00,0.0
2024-10-25 01:00:00,0.0
2024-10-25 02:00:00,0.0
2024-10-25 03:00:00,0.0
2024-10-25 04:00:00,0.0
2024-10-25 05:00:00,0.0
2024-10-25 06:00:00,0.0
2024-10-25 07:00:00,0.0
2024-10-25 08:00:00,19.82
2024-10-25 09:00:00,16.53
2024-10-25 10:00:00,5.61
2024-10-25 11:00:00,14.77
2024-10-25 12:00:00,5.78
2024-10-25 13:00:00,0.0
2024-10-25 14:00:00,0.0
2024-10-25 15:00:00,0.0
2024-10-25 16:00:00,0.0
2024-10-25 17:00:00,0.0
2024-10-25 18:00:00,0.0
2024-10-25 19:00:00,0.0
2024-10-25 20:00:00,0.0
2024-10-25 21:00:00,0.0
2024-10-25 22:00:00,0.0
2024-10-25 23:00:00,0.0
2024-10-26 00:00:00,0.0
2024-10-26 01:00:00,0.0
2024-10-26 02:00:00,0.0
2024-10-26 03:00:00,0.0
2024-10-26 04:00:00,0.0
2024-10-26 05:00:00,0.0
2024-10-26 06:00:00,32.93
2024-10-26 07:00:00,80.7
2024-10-26 08:00:00,159.25
2024-10-26 09:00:00,110.52
2024-10-26 10:00:00,43.22
2024-10-26 11:00:00,155.24
2024-10-26 12:00:00,148.71
2024-10-26 13:00:00,78.47
2024-10-26 14:00:00,147.42
2024-10-26 15:00:00,60.45
2024-10-26 16:00:00,38.44
2024-10-26 17:00:00,0.0
2024-10-26 18:00:00,0.0
2024-10-26 19:00:00,0.0
2024-10-26 20:00:00,0.0
2024-10-26 21:00:00,0.0
2024-10-26 22:00:00,0.0
2024-10-26 23:00:00,0.0
2024-10-27 00:00:00,0.0
2024-10-27 01:00:00,0.0
2024-10-27 02:00:00,0.0
2024-10-27 03:00:00,0.0
2024-10-27 04:00:00,0.0
2024-10-27 05:00:00,0.0
2024-10-27 06:00:00,31.05
2024-10-27 07:00:00,33.56
2024-10-27 08:00:00,45.51
2024-10-27 09:00:00,107.18
2024-10-27 10:00:00,187.59
2024-10-27 11:00:00,282.1
2024-10-27 12:00:00,345.27
2024-10-27 13:00:00,410.53
2024-10-27 14:00:00,539.05
2024-10-27 15:00:00,471.66
2024-10-27 16:00:00,248.83
2024-10-27 17:00:00,13.18
2024-10-27 18:00:00,0.0
2024-10-27 19:00:00,0.0
2024-10-27 20:00:00,0.0
2024-10-27 21:00:00,0.0
2024-10-27 22:00:00,0.0
2024-10-27 23:00:00,0.0
2024-10-28 00:00:00,0.0
2024-10-28 01:00:00,0.0
2024-10-28 02:00:00,0.0
2024-10-28 03:00:00,0.0
2024-10-28 04:00:00,0.0
2024-10-28 05:00:00,0.0
2024-10-28 06:00:00,95.95
2024-10-28 07:00:00,195.24
2024-10-28 08:00:00,300.17
2024-10-28 09:00:00,337.92
2024-10-28 10:00:00,458.95
2024-10-28 11:00:00,564.78
2024-10-28 12:00:00,535.96
2024-10-28 13:00:00,607.72
2024-10-28 14:00:00,478.26
2024-10-28 15:00:00,424.95
2024-10-28 16:00:00,209.95
2024-10-28 17:00:00,9.19
2024-10-28 18:00:00,0.0
2024-10-28 19:00:00,0.0
2024-10-28 20:00:00,0.0
2024-10-28 21:00:00,0.0
2024-10-28 22:00:00,0.0
2024-10-28 23:00:00,0.0
2024-10-29 00:00:00,0.0
2024-10-29 01:00:00,0.0
2024-10-29 02:00:00,0.0
2024-10-29 03:00:00,0.0
2024-10-29 04:00:00,0.0
2024-10-29 05:00:00,0.0
2024-10-29 06:00:00,118.15
2024-10-29 07:00:00,416.32
2024-10-29 08:00:00,129.07
2024-10-29 09:00:00,253.52
2024-10-29 10:00:00,560.85
2024-10-29 11:00:00,707.24
2024-10-29 12:00:00,693.93
2024-10-29 13:00:00,601.08
2024-10-29 14:00:00,606.05
2024-10-29 15:00:00,539.21
2024-10-29 16:00:00,338.97
2024-10-29 17:00:00,22.57
2024-10-29 18:00:00,0.0
2024-10-29 19:00:00,0.0
2024-10-29 20:00:00,0.0
2024-10-29 21:00:00,0.0
2024-10-29 22:00:00,0.0
2024-10-29 23:00:00,0.0
2024-10-30 00:00:00,0.0
2024-10-30 01:00:00,0.0
2024-10-30 02:00:00,0.0
2024-10-30 03:00:00,0.0
2024-10-30 04:00:00,0.0
2024-10-30 05:00:00,0.0
2024-10-30 06:00:00,121.13
2024-10-30 07:00:00,406.35
2024-10-30 08:00:00,440.19
2024-10-30 09:00:00,463.36
2024-10-30 10:00:00,545.19
2024-10-30 11:00:00,594.83
2024-10-30 12:00:00,620.3
2024-10-30 13:00:00,553.34
2024-10-30 14:00:00,483.69
2024-10-30 15:00:00,356.48
2024-10-30 16:00:00,116.7
2024-10-30 17:00:00,3.71
2024-10-30 18:00:00,0.0
2024-10-30 19:00:00,0.0
2024-10-30 20:00:00,0.0
2024-10-30 21:00:00,0.0
2024-10-30 22:00:00,0.0
2024-10-30 23:00:00,0.0
2024-10-31 00:00:00,0.0
2024-10-31 01:00:00,0.0
2024-10-31 02:00:00,0.0
2024-10-31 03:00:00,0.0
2024-10-31 04:00:00,0.0
2024-10-31 05:00:00,0.0
2024-10-31 06:00:00,12.27
2024-10-31 07:00:00,64.2
2024-10-31 08:00:00,72.57
2024-10-31 09:00:00,110.99
2024-10-31 10:00:00,190.92
2024-10-31 11:00:00,337.7
2024-10-31 12:00:00,155.9
2024-10-31 13:00:00,304.76
2024-10-31 14:00:00,239.59
2024-10-31 15:00:00,137.24
2024-10-31 16:00:00,31.07
2024-10-31 17:00:00,0.0
2024-10-31 18:00:00,0.0
2024-10-31 19:00:00,0.0
2024-10-31 20:00:00,0.0
2024-10-31 21:00:00,0.0
2024-10-31 22:00:00,0.0
2024-10-31 23:00:00,0.0
2024-11-01 00:00:00,0.0
2024-11-01 01:00:00,0.0
2024-11-01 02:00:00,0.0
2024-11-01 03:00:00,0.0
2024-11-01 04:00:00,0.0
2024-11-01 05:00:00,0.0
2024-11-01 06:00:00,18.37
2024-11-01 07:00:00,85.38
2024-11-01 08:00:00,165.74
2024-11-01 09:00:00,292.96
2024-11-01 10:00:00,350.04
2024-11-01 11:00:00,430.4
2024-11-01 12:00:00,429.87
2024-11-01 13:00:00,374.11
2024-11-01 14:00:00,269.82
2024-11-01 15:00:00,150.29
2024-11-01 16:00:00,44.87
2024-11-01 17:00:00,0.0
2024-11-01 18:00:00,0.0
2024-11-01 19:00:00,0.0
2024-11-01 20:00:00,0.0
2024-11-01 21:00:00,0.0
2024-11-01 22:00:00,0.0
2024-11-01 23:00:00,0.0
2024-11-02 00:00:00,0.0
2024-11-02 01:00:00,0.0
2024-11-02 02:00:00,0.0
2024-11-02 03:00:00,0.0
2024-11-02 04:00:00,0.0
2024-11-02 05:00:00,0.0
2024-11-02 06:00:00,21.03
2024-11-02 07:00:00,93.3
2024-11-02 08:00:00,138.61
2024-11-02 09:00:00,149.71
2024-11-02 10:00:00,149.1
2024-11-02 11:00:00,345.1
2024-11-02 12:00:00,263.06
2024-11-02 13:00:00,174.71
2024-11-02 14:00:00,36.7
2024-11-02 15:00:00,23.11
2024-11-02 16:00:00,17.26
2024-11-02 17:00:00,0.0
2024-11-02 18:00:00,0.0
2024-11-02 19:00:00,0.0
2024-11-02 20:00:00,0.0
2024-11-02 21:00:00,0.0
2024-11-02 22:00:00,0.0
2024-11-02 23:00:00,0.0
2024-11-03 00:00:00,0.0
2024-11-03 01:00:00,0.0
2024-11-03 02:00:00,0.0
2024-11-03 03:00:00,0.0
2024-11-03 04:00:00,0.0
2024-11-03 05:00:00,0.0
2024-11-03 06:00:00,89.01
2024-11-03 07:00:00,250.32
2024-11-03 08:00:00,384.26
2024-11-03 09:00:00,458.97
2024-11-03 10:00:00,499.41
2024-11-03 11:00:00,562.69
2024-11-03 12:00:00,687.37
2024-11-03 13:00:00,660.59
2024-11-03 14:00:00,489.54
2024-11-03 15:00:00,363.34
2024-11-03 16:00:00,101.28
2024-11-03 17:00:00,2.08
2024-11-03 18:00:00,0.0
2024-11-03 19:00:00,0.0
2024-11-03 20:00:00,0.0
2024-11-03 21:00:00,0.0
2024-11-03 22:00:00,0.0
2024-11-03 23:00:00,0.0
2024-11-04 00:00:00,0.0
2024-11-04 01:00:00,0.0
2024-11-04 02:00:00,0.0
2024-11-04 03:00:00,0.0
2024-11-04 04:00:00,0.0
2024-11-04 05:00:00,0.0
2024-11-04 06:00:00,82.07
2024-11-04 07:00:00,268.61
2024-11-04 08:00:00,375.91
2024-11-04 09:00:00,452.08
2024-11-04 10:00:00,524.89
2024-11-04 11:00:00,533.1
2024-11-04 12:00:00,251.53
2024-11-04 13:00:00,245.94
2024-11-04 14:00:00,86.54
2024-11-04 15:00:00,65.75
2024-11-04 16:00:00,21.17
2024-11-04 17:00:00,0.0
2024-11-04 18:00:00,0.0
2024-11-04 19:00:00,0.0
2024-11-04 20:00:00,0.0
2024-11-04 21:00:00,0.0
2024-11-04 22:00:00,0.0
2024-11-04 23:00:00,0.0
2024-11-05 00:00:00,0.0
2024-11-05 01:00:00,0.0
2024-11-05 02:00:00,0.0
2024-11-05 03:00:00,0.0
2024-11-05 04:00:00,0.0
2024-11-05 05:00:00,0.0
2024-11-05 06:00:00,49.72
2024-11-05 07:00:00,242.92
2024-11-05 08:00:00,313.64
2024-11-05 09:00:00,429.24
2024-11-05 10:00:00,454.47
2024-11-05 11:00:00,658.09
2024-11-05 12:00:00,628.33
2024-11-05 13:00:00,639.35
2024-11-05 14:00:00,549.37
2024-11-05 15:00:00,457.35
2024-11-05 16:00:00,183.81
2024-11-05 17:00:00,4.35
2024-11-05 18:00:00,0.0
2024-11-05 19:00:00,0.0
2024-11-05 20:00:00,0.0
2024-11-05 21:00:00,0.0
2024-11-05 22:00:00,0.0
2024-11-05 23:00:00,0.0
2024-11-06 00:00:00,0.0
2024-11-06 01:00:00,0.0
2024-11-06 02:00:00,0.0
2024-11-06 03:00:00,0.0
2024-11-06 04:00:00,0.0
2024-11-06 05:00:00,0.0
2024-11-06 06:00:00,66.69
2024-11-06 07:00:00,245.93
2024-11-06 08:00:00,396.02
2024-11-06 09:00:00,425.15
2024-11-06 10:00:00,464.65
2024-11-06 11:00:00,380.09
2024-11-06 12:00:00,343.34
2024-11-06 13:00:00,347.37
2024-11-06 14:00:00,308.67
2024-11-06 15:00:00,176.56
2024-11-06 16:00:00,64.18
2024-11-06 17:00:00,0.67
2024-11-06 18:00:00,0.0
2024-11-06 19:00:00,0.0
2024-11-06 20:00:00,0.0
2024-11-06 21:00:00,0.0
2024-11-06 22:00:00,0.0
2024-11-06 23:00:00,0.0
2024-11-07 00:00:00,0.0
2024-11-07 01:00:00,0.0
2024-11-07 02:00:00,0.0
2024-11-07 03:00:00,0.0
2024-11-07 04:00:00,0.0
2024-11-07 05:00:00,0.0
2024-11-07 06:00:00,9.77
2024-11-07 07:00:00,60.43
2024-11-07 08:00:00,107.59
2024-11-07 09:00:00,162.26
2024-11-07 10:00:00,231.25
2024-11-07 11:00:00,408.84
2024-11-07 12:00:00,421.72
2024-11-07 13:00:00,453.77
2024-11-07 14:00:00,339.81
2024-11-07 15:00:00,206.1
2024-11-07 16:00:00,84.44
2024-11-07 17:00:00,0.75
2024-11-07 18:00:00,0.0
2024-11-07 19:00:00,0.0
2024-11-07 20:00:00,0.0
2024-11-07 21:00:00,0.0
2024-11-07 22:00:00,0.0
2024-11-07 23:00:00,0.0
2024-11-08 00:00:00,0.0
2024-11-08 01:00:00,0.0
2024-11-08 02:00:00,0.0
2024-11-08 03:00:00,0.0
2024-11-08 04:00:00,0.0
2024-11-08 05:00:00,0.0
2024-11-08 06:00:00,9.35
2024-11-08 07:00:00,28.69
2024-11-08 08:00:00,70.62
2024-11-08 09:00:00,149.01
2024-11-08 10:00:00,37.0
2024-11-08 11:00:00,87.24
2024-11-08 12:00:00,37.6
2024-11-08 13:00:00,5.53
2024-11-08 14:00:00,3.72
2024-11-08 15:00:00,0.0
2024-11-08 16:00:00,1.49
2024-11-08 17:00:00,0.0
2024-11-08 18:00:00,0.0
2024-11-08 19:00:00,0.0
2024-11-08 20:00:00,0.0
2024-11-08 21:00:00,0.0
2024-11-08 22:00:00,0.0
2024-11-08 23:00:00,0.0
2024-11-09 00:00:00,0.0
2024-11-09 01:00:00,0.0
2024-11-09 02:00:00,0.0
2024-11-09 03:00:00,0.0
2024-11-09 04:00:00,0.0
2024-11-09 05:00:00,0.0
2024-11-09 06:00:00,77.04
2024-11-09 07:00:00,283.16
2024-11-09 08:00:00,418.07
2024-11-09 09:00:00,582.4
2024-11-09 10:00:00,568.44
2024-11-09 11:00:00,657.86
2024-11-09 12:00:00,580.72
2024-11-09 13:00:00,539.03
2024-11-09 14:00:00,479.93
2024-11-09 15:00:00,308.25
2024-11-09 16:00:00,129.98
2024-11-09 17:00:00,7.04
2024-11-09 18:00:00,0.0
2024-11-09 19:00:00,0.0
2024-11-09 20:00:00,0.0
2024-11-09 21:00:00,0.0
2024-11-09 22:00:00,0.0
2024-11-09 23:00:00,0.0
2024-11-10 00:00:00,0.0
2024-11-10 01:00:00,0.0
2024-11-10 02:00:00,0.0
2024-11-10 03:00:00,0.0
2024-11-10 04:00:00,0.0
2024-11-10 05:00:00,0.0
2024-11-10 06:00:00,37.01
2024-11-10 07:00:00,212.91
2024-11-10 08:00:00,282.36
2024-11-10 09:00:00,468.19
2024-11-10 10:00:00,634.64
2024-11-10 11:00:00,705.57
2024-11-10 12:00:00,677.98
2024-11-10 13:00:00,685.41
2024-11-10 14:00:00,581.5
2024-11-10 15:00:00,471.06
2024-11-10 16:00:00,221.87
2024-11-10 17:00:00,8.57
2024-11-10 18:00:00,0.0
2024-11-10 19:00:00,0.0
2024-11-10 20:00:00,0.0
2024-11-10 21:00:00,0.0
2024-11-10 22:00:00,0.0
2024-11-10 23:00:00,0.0
2024-11-11 00:00:00,0.0
2024-11-11 01:00:00,0.0
2024-11-11 02:00:00,0.0
2024-11-11 03:00:00,0.0
2024-11-11 04:00:00,0.0
2024-11-11 05:00:00,0.0
2024-11-11 06:00:00,75.02
2024-11-11 07:00:00,246.47
2024-11-11 08:00:00,320.79
2024-11-11 09:00:00,412.62
2024-11-11 10:00:00,531.2
2024-11-11 11:00:00,567.22
2024-11-11 12:00:00,549.34
2024-11-11 13:00:00,467.15
2024-11-11 14:00:00,426.29
2024-11-11 15:00:00,322.88
2024-11-11 16:00:00,125.96
2024-11-11 17:00:00,2.4
2024-11-11 18:00:00,0.0
2024-11-11 19:00:00,0.0
2024-11-11 20:00:00,0.0
2024-11-11 21:00:00,0.0
2024-11-11 22:00:00,0.0
2024-11-11 23:00:00,0.0
2024-11-12 00:00:00,0.0
2024-11-12 01:00:00,0.0
2024-11-12 02:00:00,0.0
2024-11-12 03:00:00,0.0
2024-11-12 04:00:00,0.0
2024-11-12 05:00:00,0.0
2024-11-12 06:00:00,44.48
2024-11-12 07:00:00,205.37
2024-11-12 08:00:00,271.38
2024-11-12 09:00:00,306.59
2024-11-12 10:00:00,333.99
2024-11-12 11:00:00,398.17
2024-11-12 12:00:00,300.4
2024-11-12 13:00:00,330.23
2024-11-12 14:00:00,201.03
2024-11-12 15:00:00,214.06
2024-11-12 16:00:00,88.98
2024-11-12 17:00:00,1.39
2024-11-12 18:00:00,0.0
2024-11-12 19:00:00,0.0
2024-11-12 20:00:00,0.0
2024-11-12 21:00:00,0.0
2024-11-12 22:00:00,0.0
2024-11-12 23:00:00,0.0
2024-11-13 00:00:00,0.0
2024-11-13 01:00:00,0.0
2024-11-13 02:00:00,0.0
2024-11-13 03:00:00,0.0
2024-11-13 04:00:00,0.0
2024-11-13 05:00:00,0.0
2024-11-13 06:00:00,29.08
2024-11-13 07:00:00,138.67
2024-11-13 08:00:00,208.47
2024-11-13 09:00:00,258.52
2024-11-13 10:00:00,314.18
2024-11-13 11:00:00,287.63
2024-11-13 12:00:00,282.56
2024-11-13 13:00:00,314.25
2024-11-13 14:00:00,299.67
2024-11-13 15:00:00,219.67
2024-11-13 16:00:00,69.89
2024-11-13 17:00:00,1.14
2024-11-13 18:00:00,0.0
2024-11-13 19:00:00,0.0
2024-11-13 20:00:00,0.0
2024-11-13 21:00:00,0.0
2024-11-13 22:00:00,0.0
2024-11-13 23:00:00,0.0
2024-11-14 00:00:00,0.0
2024-11-14 01:00:00,0.0
2024-11-14 02:00:00,0.0
2024-11-14 03:00:00,0.0
2024-11-14 04:00:00,0.0
2024-11-14 05:00:00,0.0
2024-11-14 06:00:00,0.0
2024-11-14 07:00:00,0.0
2024-11-14 08:00:00,3.46
2024-11-14 09:00:00,44.79
2024-11-14 10:00:00,66.74
2024-11-14 11:00:00,239.73
2024-11-14 12:00:00,356.78
2024-11-14 13:00:00,442.88
2024-11-14 14:00:00,336.38
2024-11-14 15:00:00,326.64
2024-11-14 16:00:00,130.5
2024-11-14 17:00:00,1.48
2024-11-14 18:00:00,0.0
2024-11-14 19:00:00,0.0
2024-11-14 20:00:00,0.0
2024-11-14 21:00:00,0.0
2024-11-14 22:00:00,0.0
2024-11-14 23:00:00,0.0
2024-11-15 00:00:00,0.0
2024-11-15 01:00:00,0.0
2024-11-15 02:00:00,0.0
2024-11-15 03:00:00,0.0
2024-11-15 04:00:00,0.0
2024-11-15 05:00:00,0.0
2024-11-15 06:00:00,0.0
2024-11-15 07:00:00,0.5
2024-11-15 08:00:00,0.0
2024-11-15 09:00:00,0.0
2024-11-15 10:00:00,0.0
2024-11-15 11:00:00,2.53
2024-11-15 12:00:00,31.33
2024-11-15 13:00:00,2.97
2024-11-15 14:00:00,24.41
2024-11-15 15:00:00,20.35
2024-11-15 16:00:00,14.8
2024-11-15 17:00:00,2.65
2024-11-15 18:00:00,0.0
2024-11-15 19:00:00,0.0
2024-11-15 20:00:00,0.0
2024-11-15 21:00:00,0.0
2024-11-15 22:00:00,0.0
2024-11-15 23:00:00,0.0
2024-11-16 00:00:00,0.0
2024-11-16 01:00:00,0.0
2024-11-16 02:00:00,0.0
2024-11-16 03:00:00,0.0
2024-11-16 04:00:00,0.0
2024-11-16 05:00:00,0.0
2024-11-16 06:00:00,74.66
2024-11-16 07:00:00,104.42
2024-11-16 08:00:00,40.5
2024-11-16 09:00:00,34.19
2024-11-16 10:00:00,25.06
2024-11-16 11:00:00,49.36
2024-11-16 12:00:00,183.53
2024-11-16 13:00:00,50.28
2024-11-16 14:00:00,101.35
2024-11-16 15:00:00,181.06
2024-11-16 16:00:00,101.15
2024-11-16 17:00:00,7.36
2024-11-16 18:00:00,0.0
2024-11-16 19:00:00,0.0
2024-11-16 20:00:00,0.0
2024-11-16 21:00:00,0.0
2024-11-16 22:00:00,0.0
2024-11-16 23:00:00,0.0
2024-11-17 00:00:00,0.0
2024-11-17 01:00:00,0.0
2024-11-17 02:00:00,0.0
2024-11-17 03:00:00,0.0
2024-11-17 04:00:00,0.0
2024-11-17 05:00:00,0.0
2024-11-17 06:00:00,64.71
2024-11-17 07:00:00,188.84
2024-11-17 08:00:00,327.67
2024-11-17 09:00:00,526.95
2024-11-17 10:00:00,615.79
2024-11-17 11:00:00,694.2
2024-11-17 12:00:00,693.94
2024-11-17 13:00:00,765.76
2024-11-17 14:00:00,585.22
2024-11-17 15:00:00,458.11
2024-11-17 16:00:00,253.19
2024-11-17 17:00:00,9.59
2024-11-17 18:00:00,0.0
2024-11-17 19:00:00,0.0
2024-11-17 20:00:00,0.0
2024-11-17 21:00:00,0.0
2024-11-17 22:00:00,0.0
2024-11-17 23:00:00,0.0
2024-11-18 00:00:00,0.0
2024-11-18 01:00:00,0.0
2024-11-18 02:00:00,0.0
2024-11-18 03:00:00,0.0
2024-11-18 04:00:00,0.0
2024-11-18 05:00:00,0.0
2024-11-18 06:00:00,35.72
2024-11-18 07:00:00,66.38
2024-11-18 08:00:00,132.47
2024-11-18 09:00:00,284.63
2024-11-18 10:00:00,280.73
2024-11-18 11:00:00,391.14
2024-11-18 12:00:00,377.85
2024-11-18 13:00:00,225.59
2024-11-18 14:00:00,196.04
2024-11-18 15:00:00,171.19
2024-11-18 16:00:00,124.18
2024-11-18 17:00:00,8.11
2024-11-18 18:00:00,0.0
2024-11-18 19:00:00,0.0
2024-11-18 20:00:00,0.0
2024-11-18 21:00:00,0.0
2024-11-18 22:00:00,0.0
2024-11-18 23:00:00,0.0
2024-11-19 00:00:00,0.0
2024-11-19 01:00:00,0.0
2024-11-19 02:00:00,0.0
2024-11-19 03:00:00,0.0
2024-11-19 04:00:00,0.0
2024-11-19 05:00:00,0.0
2024-11-19 06:00:00,0.0
2024-11-19 07:00:00,0.0
2024-11-19 08:00:00,7.06
2024-11-19 09:00:00,8.22
2024-11-19 10:00:00,14.13
2024-11-19 11:00:00,15.22
2024-11-19 12:00:00,22.45
2024-11-19 13:00:00,8.44
2024-11-19 14:00:00,32.54
2024-11-19 15:00:00,21.52
2024-11-19 16:00:00,12.74
2024-11-19 17:00:00,0.0
2024-11-19 18:00:00,0.0
2024-11-19 19:00:00,0.0
2024-11-19 20:00:00,0.0
2024-11-19 21:00:00,0.0
2024-11-19 22:00:00,0.0
2024-11-19 23:00:00,0.0
2024-11-20 00:00:00,0.0
2024-11-20 01:00:00,0.0
2024-11-20 02:00:00,0.0
2024-11-20 03:00:00,0.0
2024-11-20 04:00:00,0.0
2024-11-20 05:00:00,0.0
2024-11-20 06:00:00,0.0
2024-11-20 07:00:00,0.0
2024-11-20 08:00:00,9.19
2024-11-20 09:00:00,0.0
2024-11-20 10:00:00,0.0
2024-11-20 11:00:00,6.72
2024-11-20 12:00:00,3.38
2024-11-20 13:00:00,32.92
2024-11-20 14:00:00,21.02
2024-11-20 15:00:00,8.31
2024-11-20 16:00:00,0.0
2024-11-20 17:00:00,0.0
2024-11-20 18:00:00,0.0
2024-11-20 19:00:00,0.0
2024-11-20 20:00:00,0.0
2024-11-20 21:00:00,0.0
2024-11-20 22:00:00,0.0
2024-11-20 23:00:00,0.0
2024-11-21 00:00:00,0.0
2024-11-21 01:00:00,0.0
2024-11-21 02:00:00,0.0
2024-11-21 03:00:00,0.0
2024-11-21 04:00:00,0.0
2024-11-21 05:00:00,0.0
2024-11-21 06:00:00,4.18
2024-11-21 07:00:00,12.39
2024-11-21 08:00:00,16.06
2024-11-21 09:00:00,0.34
2024-11-21 10:00:00,0.23
2024-11-21 11:00:00,0.0
2024-11-21 12:00:00,9.48
2024-11-21 13:00:00,17.57
2024-11-21 14:00:00,17.29
2024-11-21 15:00:00,15.4
2024-11-21 16:00:00,8.62
2024-11-21 17:00:00,0.0
2024-11-21 18:00:00,0.0
2024-11-21 19:00:00,0.0
2024-11-21 20:00:00,0.0
2024-11-21 21:00:00,0.0
2024-11-21 22:00:00,0.0
2024-11-21 23:00:00,0.0
2024-11-22 00:00:00,0.0
2024-11-22 01:00:00,0.0
2024-11-22 02:00:00,0.0
2024-11-22 03:00:00,0.0
2024-11-22 04:00:00,0.0
2024-11-22 05:00:00,0.0
2024-11-22 06:00:00,11.77
2024-11-22 07:00:00,82.37
2024-11-22 08:00:00,248.58
2024-11-22 09:00:00,268.17
2024-11-22 10:00:00,249.61
2024-11-22 11:00:00,177.13
2024-11-22 12:00:00,102.43
2024-11-22 13:00:00,218.27
2024-11-22 14:00:00,256.2
2024-11-22 15:00:00,61.0
2024-11-22 16:00:00,22.76
2024-11-22 17:00:00,0.0
2024-11-22 18:00:00,0.0
2024-11-22 19:00:00,0.0
2024-11-22 20:00:00,0.0
2024-11-22 21:00:00,0.0
2024-11-22 22:00:00,0.0
2024-11-22 23:00:00,0.0
2024-11-23 00:00:00,0.0
2024-11-23 01:00:00,0.0
2024-11-23 02:00:00,0.0
2024-11-23 03:00:00,0.0
2024-11-23 04:00:00,0.0
2024-11-23 05:00:00,0.0
2024-11-23 06:00:00,8.77
2024-11-23 07:00:00,23.38
2024-11-23 08:00:00,65.66
2024-11-23 09:00:00,89.84
2024-11-23 10:00:00,119.36
2024-11-23 11:00:00,99.6
2024-11-23 12:00:00,50.95
2024-11-23 13:00:00,107.54
2024-11-23 14:00:00,182.71
2024-11-23 15:00:00,128.12
2024-11-23 16:00:00,68.25
2024-11-23 17:00:00,2.18
2024-11-23 18:00:00,0.0
2024-11-23 19:00:00,0.0
2024-11-23 20:00:00,0.0
2024-11-23 21:00:00,0.0
2024-11-23 22:00:00,0.0
2024-11-23 23:00:00,0.0
2024-11-24 00:00:00,0.0
2024-11-24 01:00:00,0.0
2024-11-24 02:00:00,0.0
2024-11-24 03:00:00,0.0
2024-11-24 04:00:00,0.0
2024-11-24 05:00:00,0.0
2024-11-24 06:00:00,42.22
2024-11-24 07:00:00,83.14
2024-11-24 08:00:00,50.83
2024-11-24 09:00:00,82.31
2024-11-24 10:00:00,155.01
2024-11-24 11:00:00,124.57
2024-11-24 12:00:00,100.96
2024-11-24 13:00:00,138.84
2024-11-24 14:00:00,493.31
2024-11-24 15:00:00,285.97
2024-11-24 16:00:00,104.32
2024-11-24 17:00:00,1.27
2024-11-24 18:00:00,0.0
2024-11-24 19:00:00,0.0
2024-11-24 20:00:00,0.0
2024-11-24 21:00:00,0.0
2024-11-24 22:00:00,0.0
2024-11-24 23:00:00,0.0
2024-11-25 00:00:00,0.0
2024-11-25 01:00:00,0.0
2024-11-25 02:00:00,0.0
2024-11-25 03:00:00,0.0
2024-11-25 04:00:00,0.0
2024-11-25 05:00:00,0.0
2024-11-25 06:00:00,14.07
2024-11-25 07:00:00,88.5
2024-11-25 08:00:00,216.41
2024-11-25 09:00:00,279.22
2024-11-25 10:00:00,363.91
2024-11-25 11:00:00,264.03
2024-11-25 12:00:00,19.97
2024-11-25 13:00:00,34.05
2024-11-25 14:00:00,12.2
2024-11-25 15:00:00,0.0
2024-11-25 16:00:00,0.0
2024-11-25 17:00:00,0.0
2024-11-25 18:00:00,0.0
2024-11-25 19:00:00,0.0
2024-11-25 20:00:00,0.0
2024-11-25 21:00:00,0.0
2024-11-25 22:00:00,0.0
2024-11-25 23:00:00,0.0
2024-11-26 00:00:00,0.0
2024-11-26 01:00:00,0.0
2024-11-26 02:00:00,0.0
2024-11-26 03:00:00,0.0
2024-11-26 04:00:00,0.0
2024-11-26 05:00:00,0.0
2024-11-26 06:00:00,0.0
2024-11-26 07:00:00,0.0
2024-11-26 08:00:00,0.77
2024-11-26 09:00:00,11.46
2024-11-26 10:00:00,6.7
2024-11-26 11:00:00,1.06
2024-11-26 12:00:00,1.58
2024-11-26 13:00:00,10.84
2024-11-26 14:00:00,10.93
2024-11-26 15:00:00,7.09
2024-11-26 16:00:00,3.9
2024-11-26 17:00:00,0.0
2024-11-26 18:00:00,0.0
2024-11-26 19:00:00,0.0
2024-11-26 20:00:00,0.0
2024-11-26 21:00:00,0.0
2024-11-26 22:00:00,0.0
2024-11-26 23:00:00,0.0
2024-11-27 00:00:00,0.0
2024-11-27 01:00:00,0.0
2024-11-27 02:00:00,0.0
2024-11-27 03:00:00,0.0
2024-11-27 04:00:00,0.0
2024-11-27 05:00:00,0.0
2024-11-27 06:00:00,0.0
2024-11-27 07:00:00,6.5
2024-11-27 08:00:00,0.0
2024-11-27 09:00:00,2.08
2024-11-27 10:00:00,2.64
2024-11-27 11:00:00,0.82
2024-11-27 12:00:00,0.08
2024-11-27 13:00:00,4.26
2024-11-27 14:00:00,13.98
2024-11-27 15:00:00,0.0
2024-11-27 16:00:00,0.0
2024-11-27 17:00:00,0.0
2024-11-27 18:00:00,0.0
2024-11-27 19:00:00,0.0
2024-11-27 20:00:00,0.0
2024-11-27 21:00:00,0.0
2024-11-27 22:00:00,0.0
2024-11-27 23:00:00,0.0
2024-11-28 00:00:00,0.0
2024-11-28 01:00:00,0.0
2024-11-28 02:00:00,0.0
2024-11-28 03:00:00,0.0
2024-11-28 04:00:00,0.0
2024-11-28 05:00:00,0.0
2024-11-28 06:00:00,3.33
2024-11-28 07:00:00,10.28
2024-11-28 08:00:00,10.58
2024-11-28 09:00:00,12.12
2024-11-28 10:00:00,37.79
2024-11-28 11:00:00,59.29
2024-11-28 12:00:00,122.03
2024-11-28 13:00:00,2.94
2024-11-28 14:00:00,62.86
2024-11-28 15:00:00,0.31
2024-11-28 16:00:00,0.0
2024-11-28 17:00:00,0.0
2024-11-28 18:00:00,0.0
2024-11-28 19:00:00,0.0
2024-11-28 20:00:00,0.0
2024-11-28 21:00:00,0.0
2024-11-28 22:00:00,0.0
2024-11-28 23:00:00,0.0
2024-11-29 00:00:00,0.0
2024-11-29 01:00:00,0.0
2024-11-29 02:00:00,0.0
2024-11-29 03:00:00,0.0
2024-11-29 04:00:00,0.0
2024-11-29 05:00:00,0.0
2024-11-29 06:00:00,5.63
2024-11-29 07:00:00,6.17
2024-11-29 08:00:00,35.03
2024-11-29 09:00:00,114.2
2024-11-29 10:00:00,94.72
2024-11-29 11:00:00,132.58
2024-11-29 12:00:00,284.73
2024-11-29 13:00:00,185.24
2024-11-29 14:00:00,49.96
2024-11-29 15:00:00,21.26
2024-11-29 16:00:00,2.25
2024-11-29 17:00:00,0.0
2024-11-29 18:00:00,0.0
2024-11-29 19:00:00,0.0
2024-11-29 20:00:00,0.0
2024-11-29 21:00:00,0.0
2024-11-29 22:00:00,0.0
2024-11-29 23:00:00,0.0
2024-11-30 00:00:00,0.0
2024-11-30 01:00:00,0.0
2024-11-30 02:00:00,0.0
2024-11-30 03:00:00,0.0
2024-11-30 04:00:00,0.0
2024-11-30 05:00:00,0.0
2024-11-30 06:00:00,2.28
2024-11-30 07:00:00,71.16
2024-11-30 08:00:00,226.23
2024-11-30 09:00:00,186.2
2024-11-30 10:00:00,140.0
2024-11-30 11:00:00,148.49
2024-11-30 12:00:00,71.15
2024-11-30 13:00:00,76.89
2024-11-30 14:00:00,80.55
2024-11-30 15:00:00,27.1
2024-11-30 16:00:00,0.75
2024-11-30 17:00:00,0.0
2024-11-30 18:00:00,0.0
2024-11-30 19:00:00,0.0
2024-11-30 20:00:00,0.0
2024-11-30 21:00:00,0.0
2024-11-30 22:00:00,0.0
2024-11-30 23:00:00,0.0
2024-12-01 00:00:00,0.0
2024-12-01 01:00:00,0.0
2024-12-01 02:00:00,0.0
2024-12-01 03:00:00,0.0
2024-12-01 04:00:00,0.0
2024-12-01 05:00:00,0.0
2024-12-01 06:00:00,9.27
2024-12-01 07:00:00,24.09
2024-12-01 08:00:00,119.29
2024-12-01 09:00:00,82.52
2024-12-01 10:00:00,267.39
2024-12-01 11:00:00,397.39
2024-12-01 12:00:00,179.5
2024-12-01 13:00:00,204.65
2024-12-01 14:00:00,148.21
2024-12-01 15:00:00,76.17
2024-12-01 16:00:00,34.64
2024-12-01 17:00:00,0.0
2024-12-01 18:00:00,0.0
2024-12-01 19:00:00,0.0
2024-12-01 20:00:00,0.0
2024-12-01 21:00:00,0.0
2024-12-01 22:00:00,0.0
2024-12-01 23:00:00,0.0
2024-12-02 00:00:00,0.0
2024-12-02 01:00:00,0.0
2024-12-02 02:00:00,0.0
2024-12-02 03:00:00,0.0
2024-12-02 04:00:00,0.0
2024-12-02 05:00:00,0.0
2024-12-02 06:00:00,14.13
2024-12-02 07:00:00,37.13
2024-12-02 08:00:00,60.41
2024-12-02 09:00:00,107.41
2024-12-02 10:00:00,93.73
2024-12-02 11:00:00,98.63
2024-12-02 12:00:00,22.91
2024-12-02 13:00:00,211.03
2024-12-02 14:00:00,121.76
2024-12-02 15:00:00,69.59
2024-12-02 16:00:00,9.65
2024-12-02 17:00:00,0.0
2024-12-02 18:00:00,0.0
2024-12-02 19:00:00,0.0
2024-12-02 20:00:00,0.0
2024-12-02 21:00:00,0.0
2024-12-02 22:00:00,0.0
2024-12-02 23:00:00,0.0
2024-12-03 00:00:00,0.0
2024-12-03 01:00:00,0.0
2024-12-03 02:00:00,0.0
2024-12-03 03:00:00,0.0
2024-12-03 04:00:00,0.0
2024-12-03 05:00:00,0.0
2024-12-03 06:00:00,82.48
2024-12-03 07:00:00,342.88
2024-12-03 08:00:00,525.85
2024-12-03 09:00:00,548.61
2024-12-03 10:00:00,717.03
2024-12-03 11:00:00,604.32
2024-12-03 12:00:00,666.46
2024-12-03 13:00:00,623.02
2024-12-03 14:00:00,604.11
2024-12-03 15:00:00,452.23
2024-12-03 16:00:00,193.2
2024-12-03 17:00:00,3.89
2024-12-03 18:00:00,0.0
2024-12-03 19:00:00,0.0
2024-12-03 20:00:00,0.0
2024-12-03 21:00:00,0.0
2024-12-03 22:00:00,0.0
2024-12-03 23:00:00,0.0
2024-12-04 00:00:00,0.0
2024-12-04 01:00:00,0.0
2024-12-04 02:00:00,0.0
2024-12-04 03:00:00,0.0
2024-12-04 04:00:00,0.0
2024-12-04 05:00:00,0.0
2024-12-04 06:00:00,43.38
2024-12-04 07:00:00,178.5
2024-12-04 08:00:00,280.26
2024-12-04 09:00:00,327.74
2024-12-04 10:00:00,445.65
2024-12-04 11:00:00,597.07
2024-12-04 12:00:00,590.26
2024-12-04 13:00:00,494.76
2024-12-04 14:00:00,342.27
2024-12-04 15:00:00,266.1
2024-12-04 16:00:00,77.18
2024-12-04 17:00:00,4.87
2024-12-04 18:00:00,0.0
2024-12-04 19:00:00,0.0
2024-12-04 20:00:00,0.0
2024-12-04 21:00:00,0.0
2024-12-04 22:00:00,0.0
2024-12-04 23:00:00,0.0
2024-12-05 00:00:00,0.0
2024-12-05 01:00:00,0.0
2024-12-05 02:00:00,0.0
2024-12-05 03:00:00,0.0
2024-12-05 04:00:00,0.0
2024-12-05 05:00:00,0.0
2024-12-05 06:00:00,22.29
2024-12-05 07:00:00,39.36
2024-12-05 08:00:00,50.07
2024-12-05 09:00:00,66.35
2024-12-05 10:00:00,250.95
2024-12-05 11:00:00,309.24
2024-12-05 12:00:00,233.22
2024-12-05 13:00:00,374.81
2024-12-05 14:00:00,288.74
2024-12-05 15:00:00,339.54
2024-12-05 16:00:00,200.9
2024-12-05 17:00:00,28.23
2024-12-05 18:00:00,0.0
2024-12-05 19:00:00,0.0
2024-12-05 20:00:00,0.0
2024-12-05 21:00:00,0.0
2024-12-05 22:00:00,0.0
2024-12-05 23:00:00,0.0
2024-12-06 00:00:00,0.0
2024-12-06 01:00:00,0.0
2024-12-06 02:00:00,0.0
2024-12-06 03:00:00,0.0
2024-12-06 04:00:00,0.0
2024-12-06 05:00:00,0.0
2024-12-06 06:00:00,128.1
2024-12-06 07:00:00,449.23
2024-12-06 08:00:00,524.22
2024-12-06 09:00:00,687.82
2024-12-06 10:00:00,672.83
2024-12-06 11:00:00,623.22
2024-12-06 12:00:00,666.93
2024-12-06 13:00:00,642.84
2024-12-06 14:00:00,634.73
2024-12-06 15:00:00,541.96
2024-12-06 16:00:00,289.4
2024-12-06 17:00:00,36.71
2024-12-06 18:00:00,0.0
2024-12-06 19:00:00,0.0
2024-12-06 20:00:00,0.0
2024-12-06 21:00:00,0.0
2024-12-06 22:00:00,0.0
2024-12-06 23:00:00,0.0
2024-12-07 00:00:00,0.0
2024-12-07 01:00:00,0.0
2024-12-07 02:00:00,0.0
2024-12-07 03:00:00,0.0
2024-12-07 04:00:00,0.0
2024-12-07 05:00:00,0.0
2024-12-07 06:00:00,47.2
2024-12-07 07:00:00,303.28
2024-12-07 08:00:00,441.24
2024-12-07 09:00:00,494.08
2024-12-07 10:00:00,678.08
2024-12-07 11:00:00,687.47
2024-12-07 12:00:00,632.16
2024-12-07 13:00:00,712.72
2024-12-07 14:00:00,621.42
2024-12-07 15:00:00,469.78
2024-12-07 16:00:00,240.15
2024-12-07 17:00:00,17.82
2024-12-07 18:00:00,0.0
2024-12-07 19:00:00,0.0
2024-12-07 20:00:00,0.0
2024-12-07 21:00:00,0.0
2024-12-07 22:00:00,0.0
2024-12-07 23:00:00,0.0
2024-12-08 00:00:00,0.0
2024-12-08 01:00:00,0.0
2024-12-08 02:00:00,0.0
2024-12-08 03:00:00,0.0
2024-12-08 04:00:00,0.0
2024-12-08 05:00:00,0.0
2024-12-08 06:00:00,32.0
2024-12-08 07:00:00,254.6
2024-12-08 08:00:00,450.54
2024-12-08 09:00:00,488.94
2024-12-08 10:00:00,622.72
2024-12-08 11:00:00,639.89
2024-12-08 12:00:00,657.03
2024-12-08 13:00:00,609.56
2024-12-08 14:00:00,515.42
2024-12-08 15:00:00,402.49
2024-12-08 16:00:00,217.09
2024-12-08 17:00:00,11.33
2024-12-08 18:00:00,0.0
2024-12-08 19:00:00,0.0
2024-12-08 20:00:00,0.0
2024-12-08 21:00:00,0.0
2024-12-08 22:00:00,0.0
2024-12-08 23:00:00,0.0
2024-12-09 00:00:00,0.0
2024-12-09 01:00:00,0.0
2024-12-09 02:00:00,0.0
2024-12-09 03:00:00,0.0
2024-12-09 04:00:00,0.0
2024-12-09 05:00:00,0.0
2024-12-09 06:00:00,32.81
2024-12-09 07:00:00,219.35
2024-12-09 08:00:00,343.37
2024-12-09 09:00:00,423.45
2024-12-09 10:00:00,500.06
2024-12-09 11:00:00,483.97
2024-12-09 12:00:00,477.62
2024-12-09 13:00:00,477.74
2024-12-09 14:00:00,404.81
2024-12-09 15:00:00,321.91
2024-12-09 16:00:00,101.58
2024-12-09 17:00:00,3.7
2024-12-09 18:00:00,0.0
2024-12-09 19:00:00,0.0
2024-12-09 20:00:00,0.0
2024-12-09 21:00:00,0.0
2024-12-09 22:00:00,0.0
2024-12-09 23:00:00,0.0
2024-12-10 00:00:00,0.0
2024-12-10 01:00:00,0.0
2024-12-10 02:00:00,0.0
2024-12-10 03:00:00,0.0
2024-12-10 04:00:00,0.0
2024-12-10 05:00:00,0.0
2024-12-10 06:00:00,11.83
2024-12-10 07:00:00,133.7
2024-12-10 08:00:00,144.65
2024-12-10 09:00:00,312.39
2024-12-10 10:00:00,383.93
2024-12-10 11:00:00,545.55
2024-12-10 12:00:00,528.64
2024-12-10 13:00:00,490.3
2024-12-10 14:00:00,469.85
2024-12-10 15:00:00,303.23
2024-12-10 16:00:00,116.96
2024-12-10 17:00:00,5.07
2024-12-10 18:00:00,0.0
2024-12-10 19:00:00,0.0
2024-12-10 20:00:00,0.0
2024-12-10 21:00:00,0.0
2024-12-10 22:00:00,0.0
2024-12-10 23:00:00,0.0
2024-12-11 00:00:00,0.0
2024-12-11 01:00:00,0.0
2024-12-11 02:00:00,0.0
2024-12-11 03:00:00,0.0
2024-12-11 04:00:00,0.0
2024-12-11 05:00:00,0.0
2024-12-11 06:00:00,22.03
2024-12-11 07:00:00,153.95
2024-12-11 08:00:00,260.12
2024-12-11 09:00:00,311.25
2024-12-11 10:00:00,460.0
2024-12-11 11:00:00,518.68
2024-12-11 12:00:00,510.64
2024-12-11 13:00:00,482.89
2024-12-11 14:00:00,432.22
2024-12-11 15:00:00,322.59
2024-12-11 16:00:00,175.73
2024-12-11 17:00:00,6.24
2024-12-11 18:00:00,0.0
2024-12-11 19:00:00,0.0
2024-12-11 20:00:00,0.0
2024-12-11 21:00:00,0.0
2024-12-11 22:00:00,0.0
2024-12-11 23:00:00,0.0
2024-12-12 00:00:00,0.0
2024-12-12 01:00:00,0.0
2024-12-12 02:00:00,0.0
2024-12-12 03:00:00,0.0
2024-12-12 04:00:00,0.0
2024-12-12 05:00:00,0.0
2024-12-12 06:00:00,6.79
2024-12-12 07:00:00,17.52
2024-12-12 08:00:00,15.48
2024-12-12 09:00:00,12.38
2024-12-12 10:00:00,7.78
2024-12-12 11:00:00,4.5
2024-12-12 12:00:00,6.08
2024-12-12 13:00:00,18.52
2024-12-12 14:00:00,14.16
2024-12-12 15:00:00,7.08
2024-12-12 16:00:00,0.73
2024-12-12 17:00:00,0.0
2024-12-12 18:00:00,0.0
2024-12-12 19:00:00,0.0
2024-12-12 20:00:00,0.0
2024-12-12 21:00:00,0.0
2024-12-12 22:00:00,0.0
2024-12-12 23:00:00,0.0
2024-12-13 00:00:00,0.0
2024-12-13 01:00:00,0.0
2024-12-13 02:00:00,0.0
2024-12-13 03:00:00,0.0
2024-12-13 04:00:00,0.0
2024-12-13 05:00:00,0.0
2024-12-13 06:00:00,0.0
2024-12-13 07:00:00,0.0
2024-12-13 08:00:00,0.64
2024-12-13 09:00:00,23.76
2024-12-13 10:00:00,89.26
2024-12-13 11:00:00,22.53
2024-12-13 12:00:00,25.01
2024-12-13 13:00:00,66.0
2024-12-13 14:00:00,18.04
2024-12-13 15:00:00,17.95
2024-12-13 16:00:00,6.98
2024-12-13 17:00:00,0.0
2024-12-13 18:00:00,0.0
2024-12-13 19:00:00,0.0
2024-12-13 20:00:00,0.0
2024-12-13 21:00:00,0.0
2024-12-13 22:00:00,0.0
2024-12-13 23:00:00,0.0
2024-12-14 00:00:00,0.0
2024-12-14 01:00:00,0.0
2024-12-14 02:00:00,0.0
2024-12-14 03:00:00,0.0
2024-12-14 04:00:00,0.0
2024-12-14 05:00:00,0.0
2024-12-14 06:00:00,0.0
2024-12-14 07:00:00,0.0
2024-12-14 08:00:00,0.0
2024-12-14 09:00:00,11.71
2024-12-14 10:00:00,17.27
2024-12-14 11:00:00,10.36
2024-12-14 12:00:00,1.17
2024-12-14 13:00:00,5.71
2024-12-14 14:00:00,8.47
2024-12-14 15:00:00,12.4
2024-12-14 16:00:00,6.94
2024-12-14 17:00:00,0.0
2024-12-14 18:00:00,0.0
2024-12-14 19:00:00,0.0
2024-12-14 20:00:00,0.0
2024-12-14 21:00:00,0.0
2024-12-14 22:00:00,0.0
2024-12-14 23:00:00,0.0
2024-12-15 00:00:00,0.0
2024-12-15 01:00:00,0.0
2024-12-15 02:00:00,0.0
2024-12-15 03:00:00,0.0
2024-12-15 04:00:00,0.0
2024-12-15 05:00:00,0.0
2024-12-15 06:00:00,51.77
2024-12-15 07:00:00,348.05
2024-12-15 08:00:00,512.4
2024-12-15 09:00:00,618.47
2024-12-15 10:00:00,663.46
2024-12-15 11:00:00,805.03
2024-12-15 12:00:00,662.04
2024-12-15 13:00:00,626.69
2024-12-15 14:00:00,596.62
2024-12-15 15:00:00,461.95
2024-12-15 16:00:00,231.96
2024-12-15 17:00:00,13.2
2024-12-15 18:00:00,0.0
2024-12-15 19:00:00,0.0
2024-12-15 20:00:00,0.0
2024-12-15 21:00:00,0.0
2024-12-15 22:00:00,0.0
2024-12-15 23:00:00,0.0
2024-12-16 00:00:00,0.0
2024-12-16 01:00:00,0.0
2024-12-16 02:00:00,0.0
2024-12-16 03:00:00,0.0
2024-12-16 04:00:00,0.0
2024-12-16 05:00:00,0.0
2024-12-16 06:00:00,46.37
2024-12-16 07:00:00,324.49
2024-12-16 08:00:00,478.88
2024-12-16 09:00:00,699.95
2024-12-16 10:00:00,597.23
2024-12-16 11:00:00,585.0
2024-12-16 12:00:00,497.28
2024-12-16 13:00:00,366.1
2024-12-16 14:00:00,364.26
2024-12-16 15:00:00,203.17
2024-12-16 16:00:00,44.56
2024-12-16 17:00:00,2.17
2024-12-16 18:00:00,0.0
2024-12-16 19:00:00,0.0
2024-12-16 20:00:00,0.0
2024-12-16 21:00:00,0.0
2024-12-16 22:00:00,0.0
2024-12-16 23:00:00,0.0
2024-12-17 00:00:00,0.0
2024-12-17 01:00:00,0.0
2024-12-17 02:00:00,0.0
2024-12-17 03:00:00,0.0
2024-12-17 04:00:00,0.0
2024-12-17 05:00:00,0.0
2024-12-17 06:00:00,13.45
2024-12-17 07:00:00,54.07
2024-12-17 08:00:00,147.27
2024-12-17 09:00:00,152.73
2024-12-17 10:00:00,205.86
2024-12-17 11:00:00,317.77
2024-12-17 12:00:00,244.24
2024-12-17 13:00:00,177.2
2024-12-17 14:00:00,32.29
2024-12-17 15:00:00,47.75
2024-12-17 16:00:00,49.62
2024-12-17 17:00:00,7.1
2024-12-17 18:00:00,0.0
2024-12-17 19:00:00,0.0
2024-12-17 20:00:00,0.0
2024-12-17 21:00:00,0.0
2024-12-17 22:00:00,0.0
2024-12-17 23:00:00,0.0
2024-12-18 00:00:00,0.0
2024-12-18 01:00:00,0.0
2024-12-18 02:00:00,0.0
2024-12-18 03:00:00,0.0
2024-12-18 04:00:00,0.0
2024-12-18 05:00:00,0.0
2024-12-18 06:00:00,21.79
2024-12-18 07:00:00,155.94
2024-12-18 08:00:00,244.41
2024-12-18 09:00:00,283.12
2024-12-18 10:00:00,297.29
2024-12-18 11:00:00,332.53
2024-12-18 12:00:00,360.41
2024-12-18 13:00:00,248.6
2024-12-18 14:00:00,219.67
2024-12-18 15:00:00,217.62
2024-12-18 16:00:00,103.21
2024-12-18 17:00:00,6.12
2024-12-18 18:00:00,0.0
2024-12-18 19:00:00,0.0
2024-12-18 20:00:00,0.0
2024-12-18 21:00:00,0.0
2024-12-18 22:00:00,0.0
2024-12-18 23:00:00,0.0
2024-12-19 00:00:00,0.0
2024-12-19 01:00:00,0.0
2024-12-19 02:00:00,0.0
2024-12-19 03:00:00,0.0
2024-12-19 04:00:00,0.0
2024-12-19 05:00:00,0.0
2024-12-19 06:00:00,9.51
2024-12-19 07:00:00,150.33
2024-12-19 08:00:00,344.61
2024-12-19 09:00:00,401.46
2024-12-19 10:00:00,490.27
2024-12-19 11:00:00,543.83
2024-12-19 12:00:00,590.83
2024-12-19 13:00:00,632.93
2024-12-19 14:00:00,395.03
2024-12-19 15:00:00,234.9
2024-12-19 16:00:00,128.82
2024-12-19 17:00:00,5.55
2024-12-19 18:00:00,0.0
2024-12-19 19:00:00,0.0
2024-12-19 20:00:00,0.0
2024-12-19 21:00:00,0.0
2024-12-19 22:00:00,0.0
2024-12-19 23:00:00,0.0
2024-12-20 00:00:00,0.0
2024-12-20 01:00:00,0.0
2024-12-20 02:00:00,0.0
2024-12-20 03:00:00,0.0
2024-12-20 04:00:00,0.0
2024-12-20 05:00:00,0.0
2024-12-20 06:00:00,42.29
2024-12-20 07:00:00,280.75
2024-12-20 08:00:00,419.72
2024-12-20 09:00:00,536.9
2024-12-20 10:00:00,641.87
2024-12-20 11:00:00,583.06
2024-12-20 12:00:00,537.26
2024-12-20 13:00:00,587.29
2024-12-20 14:00:00,460.97
2024-12-20 15:00:00,386.26
2024-12-20 16:00:00,150.6
2024-12-20 17:00:00,5.89
2024-12-20 18:00:00,0.0
2024-12-20 19:00:00,0.0
2024-12-20 20:00:00,0.0
2024-12-20 21:00:00,0.0
2024-12-20 22:00:00,0.0
2024-12-20 23:00:00,0.0
2024-12-21 00:00:00,0.0
2024-12-21 01:00:00,0.0
2024-12-21 02:00:00,0.0
2024-12-21 03:00:00,0.0
2024-12-21 04:00:00,0.0
2024-12-21 05:00:00,0.0
2024-12-21 06:00:00,13.18
2024-12-21 07:00:00,118.0
2024-12-21 08:00:00,227.19
2024-12-21 09:00:00,269.23
2024-12-21 10:00:00,239.64
2024-12-21 11:00:00,282.42
2024-12-21 12:00:00,304.22
2024-12-21 13:00:00,265.83
2024-12-21 14:00:00,205.48
2024-12-21 15:00:00,60.4
2024-12-21 16:00:00,43.6
2024-12-21 17:00:00,1.46
2024-12-21 18:00:00,0.0
2024-12-21 19:00:00,0.0
2024-12-21 20:00:00,0.0
2024-12-21 21:00:00,0.0
2024-12-21 22:00:00,0.0
2024-12-21 23:00:00,0.0
2024-12-22 00:00:00,0.0
2024-12-22 01:00:00,0.0
2024-12-22 02:00:00,0.0
2024-12-22 03:00:00,0.0
2024-12-22 04:00:00,0.0
2024-12-22 05:00:00,0.0
2024-12-22 06:00:00,10.87
2024-12-22 07:00:00,161.4
2024-12-22 08:00:00,333.16
2024-12-22 09:00:00,464.86
2024-12-22 10:00:00,516.4
2024-12-22 11:00:00,613.49
2024-12-22 12:00:00,621.02
2024-12-22 13:00:00,580.8
2024-12-22 14:00:00,566.04
2024-12-22 15:00:00,513.06
2024-12-22 16:00:00,284.73
2024-12-22 17:00:00,25.16
2024-12-22 18:00:00,0.0
2024-12-22 19:00:00,0.0
2024-12-22 20:00:00,0.0
2024-12-22 21:00:00,0.0
2024-12-22 22:00:00,0.0
2024-12-22 23:00:00,0.0
2024-12-23 00:00:00,0.0
2024-12-23 01:00:00,0.0
2024-12-23 02:00:00,0.0
2024-12-23 03:00:00,0.0
2024-12-23 04:00:00,0.0
2024-12-23 05:00:00,0.0
2024-12-23 06:00:00,28.55
2024-12-23 07:00:00,225.94
2024-12-23 08:00:00,400.57
2024-12-23 09:00:00,489.19
2024-12-23 10:00:00,546.12
2024-12-23 11:00:00,696.2
2024-12-23 12:00:00,737.84
2024-12-23 13:00:00,679.86
2024-12-23 14:00:00,659.04
2024-12-23 15:00:00,576.53
2024-12-23 16:00:00,429.94
2024-12-23 17:00:00,76.96
2024-12-23 18:00:00,0.0
2024-12-23 19:00:00,0.0
2024-12-23 20:00:00,0.0
2024-12-23 21:00:00,0.0
2024-12-23 22:00:00,0.0
2024-12-23 23:00:00,0.0
2024-12-24 00:00:00,0.0
2024-12-24 01:00:00,0.0
2024-12-24 02:00:00,0.0
2024-12-24 03:00:00,0.0
2024-12-24 04:00:00,0.0
2024-12-24 05:00:00,0.0
2024-12-24 06:00:00,97.97
2024-12-24 07:00:00,401.79
2024-12-24 08:00:00,646.04
2024-12-24 09:00:00,691.23
2024-12-24 10:00:00,766.62
2024-12-24 11:00:00,697.18
2024-12-24 12:00:00,745.16
2024-12-24 13:00:00,747.17
2024-12-24 14:00:00,795.15
2024-12-24 15:00:00,564.04
2024-12-24 16:00:00,345.19
2024-12-24 17:00:00,40.3
2024-12-24 18:00:00,0.0
2024-12-24 19:00:00,0.0
2024-12-24 20:00:00,0.0
2024-12-24 21:00:00,0.0
2024-12-24 22:00:00,0.0
2024-12-24 23:00:00,0.0
2024-12-25 00:00:00,0.0
2024-12-25 01:00:00,0.0
2024-12-25 02:00:00,0.0
2024-12-25 03:00:00,0.0
2024-12-25 04:00:00,0.0
2024-12-25 05:00:00,0.0
2024-12-25 06:00:00,86.78
2024-12-25 07:00:00,428.93
2024-12-25 08:00:00,634.0
2024-12-25 09:00:00,662.48
2024-12-25 10:00:00,849.19
2024-12-25 11:00:00,768.29
2024-12-25 12:00:00,750.87
2024-12-25 13:00:00,808.63
2024-12-25 14:00:00,752.34
2024-12-25 15:00:00,497.54
2024-12-25 16:00:00,337.6
2024-12-25 17:00:00,32.18
2024-12-25 18:00:00,0.0
2024-12-25 19:00:00,0.0
2024-12-25 20:00:00,0.0
2024-12-25 21:00:00,0.0
2024-12-25 22:00:00,0.0
2024-12-25 23:00:00,0.0
2024-12-26 00:00:00,0.0
2024-12-26 01:00:00,0.0
2024-12-26 02:00:00,0.0
2024-12-26 03:00:00,0.0
2024-12-26 04:00:00,0.0
2024-12-26 05:00:00,0.0
2024-12-26 06:00:00,69.26
2024-12-26 07:00:00,344.74
2024-12-26 08:00:00,277.45
2024-12-26 09:00:00,572.33
2024-12-26 10:00:00,724.18
2024-12-26 11:00:00,733.28
2024-12-26 12:00:00,729.3
2024-12-26 13:00:00,625.78
2024-12-26 14:00:00,597.09
2024-12-26 15:00:00,410.63
2024-12-26 16:00:00,263.98
2024-12-26 17:00:00,15.32
2024-12-26 18:00:00,0.0
2024-12-26 19:00:00,0.0
2024-12-26 20:00:00,0.0
2024-12-26 21:00:00,0.0
2024-12-26 22:00:00,0.0
2024-12-26 23:00:00,0.0
2024-12-27 00:00:00,0.0
2024-12-27 01:00:00,0.0
2024-12-27 02:00:00,0.0
2024-12-27 03:00:00,0.0
2024-12-27 04:00:00,0.0
2024-12-27 05:00:00,0.0
2024-12-27 06:00:00,11.31
2024-12-27 07:00:00,104.81
2024-12-27 08:00:00,239.09
2024-12-27 09:00:00,279.39
2024-12-27 10:00:00,527.45
2024-12-27 11:00:00,637.8
2024-12-27 12:00:00,691.84
2024-12-27 13:00:00,637.75
2024-12-27 14:00:00,609.48
2024-12-27 15:00:00,491.94
2024-12-27 16:00:00,362.37
2024-12-27 17:00:00,34.92
2024-12-27 18:00:00,0.0
2024-12-27 19:00:00,0.0
2024-12-27 20:00:00,0.0
2024-12-27 21:00:00,0.0
2024-12-27 22:00:00,0.0
2024-12-27 23:00:00,0.0
2024-12-28 00:00:00,0.0
2024-12-28 01:00:00,0.0
2024-12-28 02:00:00,0.0
2024-12-28 03:00:00,0.0
2024-12-28 04:00:00,0.0
2024-12-28 05:00:00,0.0
2024-12-28 06:00:00,16.29
2024-12-28 07:00:00,191.56
2024-12-28 08:00:00,421.06
2024-12-28 09:00:00,498.28
2024-12-28 10:00:00,675.12
2024-12-28 11:00:00,698.26
2024-12-28 12:00:00,783.19
2024-12-28 13:00:00,695.73
2024-12-28 14:00:00,611.02
2024-12-28 15:00:00,390.38
2024-12-28 16:00:00,312.41
2024-12-28 17:00:00,33.99
2024-12-28 18:00:00,0.0
2024-12-28 19:00:00,0.0
2024-12-28 20:00:00,0.0
2024-12-28 21:00:00,0.0
2024-12-28 22:00:00,0.0
2024-12-28 23:00:00,0.0
2024-12-29 00:00:00,0.0
2024-12-29 01:00:00,0.0
2024-12-29 02:00:00,0.0
2024-12-29 03:00:00,0.0
2024-12-29 04:00:00,0.0
2024-12-29 05:00:00,0.0
2024-12-29 06:00:00,35.28
2024-12-29 07:00:00,267.12
2024-12-29 08:00:00,486.88
2024-12-29 09:00:00,572.02
2024-12-29 10:00:00,667.44
2024-12-29 11:00:00,757.82
2024-12-29 12:00:00,784.75
2024-12-29 13:00:00,764.16
2024-12-29 14:00:00,765.78
2024-12-29 15:00:00,371.42
2024-12-29 16:00:00,402.45
2024-12-29 17:00:00,55.82
2024-12-29 18:00:00,0.0
2024-12-29 19:00:00,0.0
2024-12-29 20:00:00,0.0
2024-12-29 21:00:00,0.0
2024-12-29 22:00:00,0.0
2024-12-29 23:00:00,0.0
2024-12-30 00:00:00,0.0
2024-12-30 01:00:00,0.0
2024-12-30 02:00:00,0.0
2024-12-30 03:00:00,0.0
2024-12-30 04:00:00,0.0
2024-12-30 05:00:00,0.0
2024-12-30 06:00:00,11.91
2024-12-30 07:00:00,150.87
2024-12-30 08:00:00,220.7
2024-12-30 09:00:00,378.67
2024-12-30 10:00:00,527.75
2024-12-30 11:00:00,625.78
2024-12-30 12:00:00,547.2
2024-12-30 13:00:00,809.65
2024-12-30 14:00:00,319.87
2024-12-30 15:00:00,324.11
2024-12-30 16:00:00,155.56
2024-12-30 17:00:00,10.19
2024-12-30 18:00:00,0.0
2024-12-30 19:00:00,0.0
2024-12-30 20:00:00,0.0
2024-12-30 21:00:00,0.0
2024-12-30 22:00:00,0.0
2024-12-30 23:00:00,0.0
2024-12-31 00:00:00,0.0
2024-12-31 01:00:00,0.0
2024-12-31 02:00:00,0.0
2024-12-31 03:00:00,0.0
2024-12-31 04:00:00,0.0
2024-12-31 05:00:00,0.0
2024-12-31 06:00:00,3.6
2024-12-31 07:00:00,46.76
2024-12-31 08:00:00,318.79
2024-12-31 09:00:00,470.07
2024-12-31 10:00:00,264.6
2024-12-31 11:00:00,163.56
2024-12-31 12:00:00,237.17
2024-12-31 13:00:00,365.57
2024-12-31 14:00:00,261.8
2024-12-31 15:00:00,184.93
2024-12-31 16:00:00,72.08
2024-12-31 17:00:00,8.59
2024-12-31 18:00:00,0.0
2024-12-31 19:00:00,0.0
2024-12-31 20:00:00,0.0
2024-12-31 21:00:00,0.0
2024-12-31 22:00:00,0.0
2024-12-31 23:00:00,0.0
2025-01-01 00:00:00,0.0
2025-01-01 01:00:00,0.0
2025-01-01 02:00:00,0.0
2025-01-01 03:00:00,0.0
2025-01-01 04:00:00,0.0
2025-01-01 05:00:00,0.0
2025-01-01 06:00:00,12.88
2025-01-01 07:00:00,236.98
2025-01-01 08:00:00,406.95
2025-01-01 09:00:00,533.76
2025-01-01 10:00:00,605.89
2025-01-01 11:00:00,683.61
2025-01-01 12:00:00,805.9
2025-01-01 13:00:00,639.95
2025-01-01 14:00:00,731.67
2025-01-01 15:00:00,549.01
2025-01-01 16:00:00,349.09
2025-01-01 17:00:00,30.43
2025-01-01 18:00:00,0.0
2025-01-01 19:00:00,0.0
2025-01-01 20:00:00,0.0
2025-01-01 21:00:00,0.0
2025-01-01 22:00:00,0.0
2025-01-01 23:00:00,0.0
2025-01-02 00:00:00,0.0
2025-01-02 01:00:00,0.0
2025-01-02 02:00:00,0.0
2025-01-02 03:00:00,0.0
2025-01-02 04:00:00,0.0
2025-01-02 05:00:00,0.0
2025-01-02 06:00:00,15.65
2025-01-02 07:00:00,172.93
2025-01-02 08:00:00,344.23
2025-01-02 09:00:00,324.12
2025-01-02 10:00:00,444.45
2025-01-02 11:00:00,647.3
2025-01-02 12:00:00,654.56
2025-01-02 13:00:00,605.87
2025-01-02 14:00:00,484.48
2025-01-02 15:00:00,427.18
2025-01-02 16:00:00,211.55
2025-01-02 17:00:00,14.79
2025-01-02 18:00:00,0.0
2025-01-02 19:00:00,0.0
2025-01-02 20:00:00,0.0
2025-01-02 21:00:00,0.0
2025-01-02 22:00:00,0.0
2025-01-02 23:00:00,0.0
2025-01-03 00:00:00,0.0
2025-01-03 01:00:00,0.0
2025-01-03 02:00:00,0.0
2025-01-03 03:00:00,0.0
2025-01-03 04:00:00,0.0
2025-01-03 05:00:00,0.0
2025-01-03 06:00:00,20.29
2025-01-03 07:00:00,165.34
2025-01-03 08:00:00,415.1
2025-01-03 09:00:00,494.87
2025-01-03 10:00:00,599.23
2025-01-03 11:00:00,637.6
2025-01-03 12:00:00,524.04
2025-01-03 13:00:00,546.64
2025-01-03 14:00:00,577.14
2025-01-03 15:00:00,486.75
2025-01-03 16:00:00,221.93
2025-01-03 17:00:00,25.93
2025-01-03 18:00:00,0.0
2025-01-03 19:00:00,0.0
2025-01-03 20:00:00,0.0
2025-01-03 21:00:00,0.0
2025-01-03 22:00:00,0.0
2025-01-03 23:00:00,0.0
2025-01-04 00:00:00,0.0
2025-01-04 01:00:00,0.0
2025-01-04 02:00:00,0.0
2025-01-04 03:00:00,0.0
2025-01-04 04:00:00,0.0
2025-01-04 05:00:00,0.0
2025-01-04 06:00:00,3.06
2025-01-04 07:00:00,28.84
2025-01-04 08:00:00,72.54
2025-01-04 09:00:00,233.23
2025-01-04 10:00:00,276.57
2025-01-04 11:00:00,265.52
2025-01-04 12:00:00,295.26
2025-01-04 13:00:00,757.41
2025-01-04 14:00:00,436.13
2025-01-04 15:00:00,308.98
2025-01-04 16:00:00,200.29
2025-01-04 17:00:00,29.21
2025-01-04 18:00:00,0.0
2025-01-04 19:00:00,0.0
2025-01-04 20:00:00,0.0
2025-01-04 21:00:00,0.0
2025-01-04 22:00:00,0.0
2025-01-04 23:00:00,0.0
2025-01-05 00:00:00,0.0
2025-01-05 01:00:00,0.0
2025-01-05 02:00:00,0.0
2025-01-05 03:00:00,0.0
2025-01-05 04:00:00,0.0
2025-01-05 05:00:00,0.0
2025-01-05 06:00:00,34.27
2025-01-05 07:00:00,233.16
2025-01-05 08:00:00,478.06
2025-01-05 09:00:00,602.54
2025-01-05 10:00:00,716.52
2025-01-05 11:00:00,751.51
2025-01-05 12:00:00,676.42
2025-01-05 13:00:00,740.78
2025-01-05 14:00:00,594.27
2025-01-05 15:00:00,533.76
2025-01-05 16:00:00,324.95
2025-01-05 17:00:00,28.56
2025-01-05 18:00:00,0.0
2025-01-05 19:00:00,0.0
2025-01-05 20:00:00,0.0
2025-01-05 21:00:00,0.0
2025-01-05 22:00:00,0.0
2025-01-05 23:00:00,0.0
2025-01-06 00:00:00,0.0
2025-01-06 01:00:00,0.0
2025-01-06 02:00:00,0.0
2025-01-06 03:00:00,0.0
2025-01-06 04:00:00,0.0
2025-01-06 05:00:00,0.0
2025-01-06 06:00:00,26.72
2025-01-06 07:00:00,236.14
2025-01-06 08:00:00,450.49
2025-01-06 09:00:00,537.53
2025-01-06 10:00:00,645.47
2025-01-06 11:00:00,721.54
2025-01-06 12:00:00,731.81
2025-01-06 13:00:00,727.46
2025-01-06 14:00:00,700.64
2025-01-06 15:00:00,529.86
2025-01-06 16:00:00,280.72
2025-01-06 17:00:00,32.67
2025-01-06 18:00:00,0.0
2025-01-06 19:00:00,0.0
2025-01-06 20:00:00,0.0
2025-01-06 21:00:00,0.0
2025-01-06 22:00:00,0.0
2025-01-06 23:00:00,0.0
2025-01-07 00:00:00,0.0
2025-01-07 01:00:00,0.0
2025-01-07 02:00:00,0.0
2025-01-07 03:00:00,0.0
2025-01-07 04:00:00,0.0
2025-01-07 05:00:00,0.0
2025-01-07 06:00:00,25.24
2025-01-07 07:00:00,220.42
2025-01-07 08:00:00,408.36
2025-01-07 09:00:00,463.82
2025-01-07 10:00:00,544.85
2025-01-07 11:00:00,666.71
2025-01-07 12:00:00,715.54
2025-01-07 13:00:00,706.28
2025-01-07 14:00:00,695.52
2025-01-07 15:00:00,593.98
2025-01-07 16:00:00,392.36
2025-01-07 17:00:00,78.29
2025-01-07 18:00:00,0.0
2025-01-07 19:00:00,0.0
2025-01-07 20:00:00,0.0
2025-01-07 21:00:00,0.0
2025-01-07 22:00:00,0.0
2025-01-07 23:00:00,0.0
2025-01-08 00:00:00,0.0
2025-01-08 01:00:00,0.0
2025-01-08 02:00:00,0.0
2025-01-08 03:00:00,0.0
2025-01-08 04:00:00,0.0
2025-01-08 05:00:00,0.0
2025-01-08 06:00:00,28.19
2025-01-08 07:00:00,236.48
2025-01-08 08:00:00,505.48
2025-01-08 09:00:00,588.43
2025-01-08 10:00:00,544.12
2025-01-08 11:00:00,628.82
2025-01-08 12:00:00,609.86
2025-01-08 13:00:00,666.05
2025-01-08 14:00:00,639.0
2025-01-08 15:00:00,560.84
2025-01-08 16:00:00,345.5
2025-01-08 17:00:00,52.17
2025-01-08 18:00:00,0.0
2025-01-08 19:00:00,0.0
2025-01-08 20:00:00,0.0
2025-01-08 21:00:00,0.0
2025-01-08 22:00:00,0.0
2025-01-08 23:00:00,0.0
2025-01-09 00:00:00,0.0
2025-01-09 01:00:00,0.0
2025-01-09 02:00:00,0.0
2025-01-09 03:00:00,0.0
2025-01-09 04:00:00,0.0
2025-01-09 05:00:00,0.0
2025-01-09 06:00:00,25.25
2025-01-09 07:00:00,227.32
2025-01-09 08:00:00,457.74
2025-01-09 09:00:00,550.6
2025-01-09 10:00:00,644.0
2025-01-09 11:00:00,824.9
2025-01-09 12:00:00,807.69
2025-01-09 13:00:00,783.22
2025-01-09 14:00:00,702.46
2025-01-09 15:00:00,536.21
2025-01-09 16:00:00,313.62
2025-01-09 17:00:00,40.95
2025-01-09 18:00:00,0.0
2025-01-09 19:00:00,0.0
2025-01-09 20:00:00,0.0
2025-01-09 21:00:00,0.0
2025-01-09 22:00:00,0.0
2025-01-09 23:00:00,0.0
2025-01-10 00:00:00,0.0
2025-01-10 01:00:00,0.0
2025-01-10 02:00:00,0.0
2025-01-10 03:00:00,0.0
2025-01-10 04:00:00,0.0
2025-01-10 05:00:00,0.0
2025-01-10 06:00:00,21.12
2025-01-10 07:00:00,231.94
2025-01-10 08:00:00,426.69
2025-01-10 09:00:00,542.22
2025-01-10 10:00:00,597.35
2025-01-10 11:00:00,679.39
2025-01-10 12:00:00,682.97
2025-01-10 13:00:00,699.18
2025-01-10 14:00:00,605.06
2025-01-10 15:00:00,596.76
2025-01-10 16:00:00,370.76
2025-01-10 17:00:00,37.99
2025-01-10 18:00:00,0.0
2025-01-10 19:00:00,0.0
2025-01-10 20:00:00,0.0
2025-01-10 21:00:00,0.0
2025-01-10 22:00:00,0.0
2025-01-10 23:00:00,0.0
2025-01-11 00:00:00,0.0
2025-01-11 01:00:00,0.0
2025-01-11 02:00:00,0.0
2025-01-11 03:00:00,0.0
2025-01-11 04:00:00,0.0
2025-01-11 05:00:00,0.0
2025-01-11 06:00:00,14.87
2025-01-11 07:00:00,197.89
2025-01-11 08:00:00,367.15
2025-01-11 09:00:00,506.71
2025-01-11 10:00:00,532.87
2025-01-11 11:00:00,571.66
2025-01-11 12:00:00,579.96
2025-01-11 13:00:00,763.23
2025-01-11 14:00:00,471.26
2025-01-11 15:00:00,294.77
2025-01-11 16:00:00,190.38
2025-01-11 17:00:00,9.01
2025-01-11 18:00:00,0.0
2025-01-11 19:00:00,0.0
2025-01-11 20:00:00,0.0
2025-01-11 21:00:00,0.0
2025-01-11 22:00:00,0.0
2025-01-11 23:00:00,0.0
2025-01-12 00:00:00,0.0
2025-01-12 01:00:00,0.0
2025-01-12 02:00:00,0.0
2025-01-12 03:00:00,0.0
2025-01-12 04:00:00,0.0
2025-01-12 05:00:00,0.0
2025-01-12 06:00:00,10.68
2025-01-12 07:00:00,127.77
2025-01-12 08:00:00,234.46
2025-01-12 09:00:00,337.74
2025-01-12 10:00:00,525.49
2025-01-12 11:00:00,501.53
2025-01-12 12:00:00,368.32
2025-01-12 13:00:00,242.27
2025-01-12 14:00:00,170.07
2025-01-12 15:00:00,151.51
2025-01-12 16:00:00,50.95
2025-01-12 17:00:00,3.49
2025-01-12 18:00:00,0.0
2025-01-12 19:00:00,0.0
2025-01-12 20:00:00,0.0
2025-01-12 21:00:00,0.0
2025-01-12 22:00:00,0.0
2025-01-12 23:00:00,0.0
2025-01-13 00:00:00,0.0
2025-01-13 01:00:00,0.0
2025-01-13 02:00:00,0.0
2025-01-13 03:00:00,0.0
2025-01-13 04:00:00,0.0
2025-01-13 05:00:00,0.0
2025-01-13 06:00:00,26.02
2025-01-13 07:00:00,286.37
2025-01-13 08:00:00,459.56
2025-01-13 09:00:00,551.85
2025-01-13 10:00:00,614.65
2025-01-13 11:00:00,591.46
2025-01-13 12:00:00,579.17
2025-01-13 13:00:00,511.83
2025-01-13 14:00:00,527.12
2025-01-13 15:00:00,397.28
2025-01-13 16:00:00,328.54
2025-01-13 17:00:00,52.33
2025-01-13 18:00:00,0.0
2025-01-13 19:00:00,0.0
2025-01-13 20:00:00,0.0
2025-01-13 21:00:00,0.0
2025-01-13 22:00:00,0.0
2025-01-13 23:00:00,0.0
2025-01-14 00:00:00,0.0
2025-01-14 01:00:00,0.0
2025-01-14 02:00:00,0.0
2025-01-14 03:00:00,0.0
2025-01-14 04:00:00,0.0
2025-01-14 05:00:00,0.0
2025-01-14 06:00:00,10.36
2025-01-14 07:00:00,61.67
2025-01-14 08:00:00,144.16
2025-01-14 09:00:00,296.14
2025-01-14 10:00:00,421.19
2025-01-14 11:00:00,555.31
2025-01-14 12:00:00,378.72
2025-01-14 13:00:00,16.47
2025-01-14 14:00:00,91.59
2025-01-14 15:00:00,151.23
2025-01-14 16:00:00,21.49
2025-01-14 17:00:00,0.0
2025-01-14 18:00:00,0.0
2025-01-14 19:00:00,0.0
2025-01-14 20:00:00,0.0
2025-01-14 21:00:00,0.0
2025-01-14 22:00:00,0.0
2025-01-14 23:00:00,0.0
2025-01-15 00:00:00,0.0
2025-01-15 01:00:00,0.0
2025-01-15 02:00:00,0.0
2025-01-15 03:00:00,0.0
2025-01-15 04:00:00,0.0
2025-01-15 05:00:00,0.0
2025-01-15 06:00:00,9.28
2025-01-15 07:00:00,112.96
2025-01-15 08:00:00,239.43
2025-01-15 09:00:00,472.44
2025-01-15 10:00:00,540.9
2025-01-15 11:00:00,670.73
2025-01-15 12:00:00,676.76
2025-01-15 13:00:00,650.84
2025-01-15 14:00:00,556.5
2025-01-15 15:00:00,462.42
2025-01-15 16:00:00,268.68
2025-01-15 17:00:00,40.43
2025-01-15 18:00:00,0.0
2025-01-15 19:00:00,0.0
2025-01-15 20:00:00,0.0
2025-01-15 21:00:00,0.0
2025-01-15 22:00:00,0.0
2025-01-15 23:00:00,0.0
2025-01-16 00:00:00,0.0
2025-01-16 01:00:00,0.0
2025-01-16 02:00:00,0.0
2025-01-16 03:00:00,0.0
2025-01-16 04:00:00,0.0
2025-01-16 05:00:00,0.0
2025-01-16 06:00:00,11.27
2025-01-16 07:00:00,188.78
2025-01-16 08:00:00,328.12
2025-01-16 09:00:00,524.48
2025-01-16 10:00:00,510.4
2025-01-16 11:00:00,682.17
2025-01-16 12:00:00,595.67
2025-01-16 13:00:00,729.0
2025-01-16 14:00:00,810.54
2025-01-16 15:00:00,575.29
2025-01-16 16:00:00,372.04
2025-01-16 17:00:00,44.66
2025-01-16 18:00:00,0.0
2025-01-16 19:00:00,0.0
2025-01-16 20:00:00,0.0
2025-01-16 21:00:00,0.0
2025-01-16 22:00:00,0.0
2025-01-16 23:00:00,0.0
2025-01-17 00:00:00,0.0
2025-01-17 01:00:00,0.0
2025-01-17 02:00:00,0.0
2025-01-17 03:00:00,0.0
2025-01-17 04:00:00,0.0
2025-01-17 05:00:00,0.0
2025-01-17 06:00:00,10.93
2025-01-17 07:00:00,159.28
2025-01-17 08:00:00,347.24
2025-01-17 09:00:00,453.29
2025-01-17 10:00:00,552.82
2025-01-17 11:00:00,745.71
2025-01-17 12:00:00,725.46
2025-01-17 13:00:00,756.5
2025-01-17 14:00:00,653.69
2025-01-17 15:00:00,512.52
2025-01-17 16:00:00,325.82
2025-01-17 17:00:00,41.09
2025-01-17 18:00:00,0.0
2025-01-17 19:00:00,0.0
2025-01-17 20:00:00,0.0
2025-01-17 21:00:00,0.0
2025-01-17 22:00:00,0.0
2025-01-17 23:00:00,0.0
2025-01-18 00:00:00,0.0
2025-01-18 01:00:00,0.0
2025-01-18 02:00:00,0.0
2025-01-18 03:00:00,0.0
2025-01-18 04:00:00,0.0
2025-01-18 05:00:00,0.0
2025-01-18 06:00:00,24.75
2025-01-18 07:00:00,225.13
2025-01-18 08:00:00,422.19
2025-01-18 09:00:00,521.67
2025-01-18 10:00:00,606.13
2025-01-18 11:00:00,526.87
2025-01-18 12:00:00,472.33
2025-01-18 13:00:00,403.96
2025-01-18 14:00:00,210.36
2025-01-18 15:00:00,158.02
2025-01-18 16:00:00,96.46
2025-01-18 17:00:00,16.47
2025-01-18 18:00:00,0.0
2025-01-18 19:00:00,0.0
2025-01-18 20:00:00,0.0
2025-01-18 21:00:00,0.0
2025-01-18 22:00:00,0.0
2025-01-18 23:00:00,0.0
2025-01-19 00:00:00,0.0
2025-01-19 01:00:00,0.0
2025-01-19 02:00:00,0.0
2025-01-19 03:00:00,0.0
2025-01-19 04:00:00,0.0
2025-01-19 05:00:00,0.0
2025-01-19 06:00:00,0.0
2025-01-19 07:00:00,9.33
2025-01-19 08:00:00,2.43
2025-01-19 09:00:00,3.17
2025-01-19 10:00:00,0.71
2025-01-19 11:00:00,11.02
2025-01-19 12:00:00,4.46
2025-01-19 13:00:00,7.41
2025-01-19 14:00:00,0.79
2025-01-19 15:00:00,0.21
2025-01-19 16:00:00,0.0
2025-01-19 17:00:00,0.0
2025-01-19 18:00:00,0.0
2025-01-19 19:00:00,0.0
2025-01-19 20:00:00,0.0
2025-01-19 21:00:00,0.0
2025-01-19 22:00:00,0.0
2025-01-19 23:00:00,0.0
2025-01-20 00:00:00,0.0
2025-01-20 01:00:00,0.0
2025-01-20 02:00:00,0.0
2025-01-20 03:00:00,0.0
2025-01-20 04:00:00,0.0
2025-01-20 05:00:00,0.0
2025-01-20 06:00:00,5.3
2025-01-20 07:00:00,56.64
2025-01-20 08:00:00,221.14
2025-01-20 09:00:00,362.64
2025-01-20 10:00:00,512.01
2025-01-20 11:00:00,606.26
2025-01-20 12:00:00,516.04
2025-01-20 13:00:00,347.07
2025-01-20 14:00:00,198.26
2025-01-20 15:00:00,154.65
2025-01-20 16:00:00,163.41
2025-01-20 17:00:00,4.02
2025-01-20 18:00:00,0.0
2025-01-20 19:00:00,0.0
2025-01-20 20:00:00,0.0
2025-01-20 21:00:00,0.0
2025-01-20 22:00:00,0.0
2025-01-20 23:00:00,0.0
2025-01-21 00:00:00,0.0
2025-01-21 01:00:00,0.0
2025-01-21 02:00:00,0.0
2025-01-21 03:00:00,0.0
2025-01-21 04:00:00,0.0
2025-01-21 05:00:00,0.0
2025-01-21 06:00:00,8.68
2025-01-21 07:00:00,112.22
2025-01-21 08:00:00,249.79
2025-01-21 09:00:00,363.82
2025-01-21 10:00:00,395.61
2025-01-21 11:00:00,530.66
2025-01-21 12:00:00,538.29
2025-01-21 13:00:00,630.72
2025-01-21 14:00:00,509.09
2025-01-21 15:00:00,426.12
2025-01-21 16:00:00,258.37
2025-01-21 17:00:00,24.59
2025-01-21 18:00:00,0.0
2025-01-21 19:00:00,0.0
2025-01-21 20:00:00,0.0
2025-01-21 21:00:00,0.0
2025-01-21 22:00:00,0.0
2025-01-21 23:00:00,0.0
2025-01-22 00:00:00,0.0
2025-01-22 01:00:00,0.0
2025-01-22 02:00:00,0.0
2025-01-22 03:00:00,0.0
2025-01-22 04:00:00,0.0
2025-01-22 05:00:00,0.0
2025-01-22 06:00:00,10.89
2025-01-22 07:00:00,173.34
2025-01-22 08:00:00,240.66
2025-01-22 09:00:00,307.32
2025-01-22 10:00:00,297.29
2025-01-22 11:00:00,67.57
2025-01-22 12:00:00,199.32
2025-01-22 13:00:00,265.32
2025-01-22 14:00:00,87.81
2025-01-22 15:00:00,64.97
2025-01-22 16:00:00,27.85
2025-01-22 17:00:00,0.0
2025-01-22 18:00:00,0.0
2025-01-22 19:00:00,0.0
2025-01-22 20:00:00,0.0
2025-01-22 21:00:00,0.0
2025-01-22 22:00:00,0.0
2025-01-22 23:00:00,0.0
2025-01-23 00:00:00,0.0
2025-01-23 01:00:00,0.0
2025-01-23 02:00:00,0.0
2025-01-23 03:00:00,0.0
2025-01-23 04:00:00,0.0
2025-01-23 05:00:00,0.0
2025-01-23 06:00:00,5.49
2025-01-23 07:00:00,67.78
2025-01-23 08:00:00,141.51
2025-01-23 09:00:00,190.97
2025-01-23 10:00:00,270.89
2025-01-23 11:00:00,284.72
2025-01-23 12:00:00,422.65
2025-01-23 13:00:00,569.94
2025-01-23 14:00:00,522.93
2025-01-23 15:00:00,354.46
2025-01-23 16:00:00,173.14
2025-01-23 17:00:00,26.95
2025-01-23 18:00:00,0.0
2025-01-23 19:00:00,0.0
2025-01-23 20:00:00,0.0
2025-01-23 21:00:00,0.0
2025-01-23 22:00:00,0.0
2025-01-23 23:00:00,0.0
2025-01-24 00:00:00,0.0
2025-01-24 01:00:00,0.0
2025-01-24 02:00:00,0.0
2025-01-24 03:00:00,0.0
2025-01-24 04:00:00,0.0
2025-01-24 05:00:00,0.0
2025-01-24 06:00:00,3.61
2025-01-24 07:00:00,89.05
2025-01-24 08:00:00,184.14
2025-01-24 09:00:00,268.4
2025-01-24 10:00:00,372.28
2025-01-24 11:00:00,480.9
2025-01-24 12:00:00,609.13
2025-01-24 13:00:00,395.86
2025-01-24 14:00:00,277.76
2025-01-24 15:00:00,106.7
2025-01-24 16:00:00,55.92
2025-01-24 17:00:00,21.11
2025-01-24 18:00:00,0.0
2025-01-24 19:00:00,0.0
2025-01-24 20:00:00,0.0
2025-01-24 21:00:00,0.0
2025-01-24 22:00:00,0.0
2025-01-24 23:00:00,0.0
2025-01-25 00:00:00,0.0
2025-01-25 01:00:00,0.0
2025-01-25 02:00:00,0.0
2025-01-25 03:00:00,0.0
2025-01-25 04:00:00,0.0
2025-01-25 05:00:00,0.0
2025-01-25 06:00:00,12.1
2025-01-25 07:00:00,189.71
2025-01-25 08:00:00,387.3
2025-01-25 09:00:00,465.4
2025-01-25 10:00:00,501.2
2025-01-25 11:00:00,650.06
2025-01-25 12:00:00,560.51
2025-01-25 13:00:00,530.68
2025-01-25 14:00:00,355.98
2025-01-25 15:00:00,301.5
2025-01-25 16:00:00,134.53
2025-01-25 17:00:00,47.61
2025-01-25 18:00:00,0.0
2025-01-25 19:00:00,0.0
2025-01-25 20:00:00,0.0
2025-01-25 21:00:00,0.0
2025-01-25 22:00:00,0.0
2025-01-25 23:00:00,0.0
2025-01-26 00:00:00,0.0
2025-01-26 01:00:00,0.0
2025-01-26 02:00:00,0.0
2025-01-26 03:00:00,0.0
2025-01-26 04:00:00,0.0
2025-01-26 05:00:00,0.0
2025-01-26 06:00:00,22.1
2025-01-26 07:00:00,254.52
2025-01-26 08:00:00,414.64
2025-01-26 09:00:00,487.62
2025-01-26 10:00:00,613.86
2025-01-26 11:00:00,552.83
2025-01-26 12:00:00,616.3
2025-01-26 13:00:00,451.59
2025-01-26 14:00:00,549.07
2025-01-26 15:00:00,265.99
2025-01-26 16:00:00,71.99
2025-01-26 17:00:00,6.64
2025-01-26 18:00:00,0.0
2025-01-26 19:00:00,0.0
2025-01-26 20:00:00,0.0
2025-01-26 21:00:00,0.0
2025-01-26 22:00:00,0.0
2025-01-26 23:00:00,0.0
2025-01-27 00:00:00,0.0
2025-01-27 01:00:00,0.0
2025-01-27 02:00:00,0.0
2025-01-27 03:00:00,0.0
2025-01-27 04:00:00,0.0
2025-01-27 05:00:00,0.0
2025-01-27 06:00:00,8.28
2025-01-27 07:00:00,214.54
2025-01-27 08:00:00,451.67
2025-01-27 09:00:00,566.68
2025-01-27 10:00:00,619.48
2025-01-27 11:00:00,716.52
2025-01-27 12:00:00,701.84
2025-01-27 13:00:00,740.19
2025-01-27 14:00:00,456.9
2025-01-27 15:00:00,459.1
2025-01-27 16:00:00,191.15
2025-01-27 17:00:00,22.26
2025-01-27 18:00:00,0.0
2025-01-27 19:00:00,0.0
2025-01-27 20:00:00,0.0
2025-01-27 21:00:00,0.0
2025-01-27 22:00:00,0.0
2025-01-27 23:00:00,0.0
2025-01-28 00:00:00,0.0
2025-01-28 01:00:00,0.0
2025-01-28 02:00:00,0.0
2025-01-28 03:00:00,0.0
2025-01-28 04:00:00,0.0
2025-01-28 05:00:00,0.0
2025-01-28 06:00:00,5.62
2025-01-28 07:00:00,159.68
2025-01-28 08:00:00,346.79
2025-01-28 09:00:00,390.23
2025-01-28 10:00:00,452.19
2025-01-28 11:00:00,382.66
2025-01-28 12:00:00,447.6
2025-01-28 13:00:00,338.17
2025-01-28 14:00:00,296.17
2025-01-28 15:00:00,85.85
2025-01-28 16:00:00,31.22
2025-01-28 17:00:00,5.08
2025-01-28 18:00:00,0.0
2025-01-28 19:00:00,0.0
2025-01-28 20:00:00,0.0
2025-01-28 21:00:00,0.0
2025-01-28 22:00:00,0.0
2025-01-28 23:00:00,0.0
2025-01-29 00:00:00,0.0
2025-01-29 01:00:00,0.0
2025-01-29 02:00:00,0.0
2025-01-29 03:00:00,0.0
2025-01-29 04:00:00,0.0
2025-01-29 05:00:00,0.0
2025-01-29 06:00:00,3.69
2025-01-29 07:00:00,54.84
2025-01-29 08:00:00,129.02
2025-01-29 09:00:00,255.21
2025-01-29 10:00:00,345.97
2025-01-29 11:00:00,213.36
2025-01-29 12:00:00,83.6
2025-01-29 13:00:00,28.05
2025-01-29 14:00:00,69.49
2025-01-29 15:00:00,96.69
2025-01-29 16:00:00,17.25
2025-01-29 17:00:00,0.0
2025-01-29 18:00:00,0.0
2025-01-29 19:00:00,0.0
2025-01-29 20:00:00,0.0
2025-01-29 21:00:00,0.0
2025-01-29 22:00:00,0.0
2025-01-29 23:00:00,0.0
2025-01-30 00:00:00,0.0
2025-01-30 01:00:00,0.0
2025-01-30 02:00:00,0.0
2025-01-30 03:00:00,0.0
2025-01-30 04:00:00,0.0
2025-01-30 05:00:00,0.0
2025-01-30 06:00:00,0.0
2025-01-30 07:00:00,31.32
2025-01-30 08:00:00,86.11
2025-01-30 09:00:00,41.04
2025-01-30 10:00:00,60.58
2025-01-30 11:00:00,48.68
2025-01-30 12:00:00,74.95
2025-01-30 13:00:00,288.91
2025-01-30 14:00:00,247.9
2025-01-30 15:00:00,307.88
2025-01-30 16:00:00,135.82
2025-01-30 17:00:00,23.01
2025-01-30 18:00:00,0.0
2025-01-30 19:00:00,0.0
2025-01-30 20:00:00,0.0
2025-01-30 21:00:00,0.0
2025-01-30 22:00:00,0.0
2025-01-30 23:00:00,0.0
2025-01-31 00:00:00,0.0
2025-01-31 01:00:00,0.0
2025-01-31 02:00:00,0.0
2025-01-31 03:00:00,0.0
2025-01-31 04:00:00,0.0
2025-01-31 05:00:00,0.0
2025-01-31 06:00:00,6.95
2025-01-31 07:00:00,86.78
2025-01-31 08:00:00,76.96
2025-01-31 09:00:00,254.83
2025-01-31 10:00:00,379.64
2025-01-31 11:00:00,334.61
2025-01-31 12:00:00,378.25
2025-01-31 13:00:00,512.54
2025-01-31 14:00:00,556.2
2025-01-31 15:00:00,495.07
2025-01-31 16:00:00,238.25
2025-01-31 17:00:00,44.88
2025-01-31 18:00:00,0.0
2025-01-31 19:00:00,0.0
2025-01-31 20:00:00,0.0
2025-01-31 21:00:00,0.0
2025-01-31 22:00:00,0.0
2025-01-31 23:00:00,0.0
2025-02-01 00:00:00,0.0
2025-02-01 01:00:00,0.0
2025-02-01 02:00:00,0.0
2025-02-01 03:00:00,0.0
2025-02-01 04:00:00,0.0
2025-02-01 05:00:00,0.0
2025-02-01 06:00:00,13.9
2025-02-01 07:00:00,193.64
2025-02-01 08:00:00,367.23
2025-02-01 09:00:00,516.44
2025-02-01 10:00:00,557.16
2025-02-01 11:00:00,649.97
2025-02-01 12:00:00,803.29
2025-02-01 13:00:00,860.48
2025-02-01 14:00:00,714.48
2025-02-01 15:00:00,477.99
2025-02-01 16:00:00,377.34
2025-02-01 17:00:00,78.48
2025-02-01 18:00:00,0.0
2025-02-01 19:00:00,0.0
2025-02-01 20:00:00,0.0
2025-02-01 21:00:00,0.0
2025-02-01 22:00:00,0.0
2025-02-01 23:00:00,0.0
2025-02-02 00:00:00,0.0
2025-02-02 01:00:00,0.0
2025-02-02 02:00:00,0.0
2025-02-02 03:00:00,0.0
2025-02-02 04:00:00,0.0
2025-02-02 05:00:00,0.0
2025-02-02 06:00:00,15.95
2025-02-02 07:00:00,178.1
2025-02-02 08:00:00,447.25
2025-02-02 09:00:00,387.99
2025-02-02 10:00:00,635.62
2025-02-02 11:00:00,709.0
2025-02-02 12:00:00,749.68
2025-02-02 13:00:00,741.34
2025-02-02 14:00:00,744.08
2025-02-02 15:00:00,632.18
2025-02-02 16:00:00,492.82
2025-02-02 17:00:00,133.92
2025-02-02 18:00:00,0.0
2025-02-02 19:00:00,0.0
2025-02-02 20:00:00,0.0
2025-02-02 21:00:00,0.0
2025-02-02 22:00:00,0.0
2025-02-02 23:00:00,0.0
2025-02-03 00:00:00,0.0
2025-02-03 01:00:00,0.0
2025-02-03 02:00:00,0.0
2025-02-03 03:00:00,0.0
2025-02-03 04:00:00,0.0
2025-02-03 05:00:00,0.0
2025-02-03 06:00:00,15.79
2025-02-03 07:00:00,194.31
2025-02-03 08:00:00,388.27
2025-02-03 09:00:00,512.61
2025-02-03 10:00:00,523.36
2025-02-03 11:00:00,687.83
2025-02-03 12:00:00,740.82
2025-02-03 13:00:00,706.2
2025-02-03 14:00:00,637.23
2025-02-03 15:00:00,688.1
2025-02-03 16:00:00,445.03
2025-02-03 17:00:00,141.83
2025-02-03 18:00:00,0.0
2025-02-03 19:00:00,0.0
2025-02-03 20:00:00,0.0
2025-02-03 21:00:00,0.0
2025-02-03 22:00:00,0.0
2025-02-03 23:00:00,0.0
2025-02-04 00:00:00,0.0
2025-02-04 01:00:00,0.0
2025-02-04 02:00:00,0.0
2025-02-04 03:00:00,0.0
2025-02-04 04:00:00,0.0
2025-02-04 05:00:00,0.0
2025-02-04 06:00:00,50.96
2025-02-04 07:00:00,367.11
2025-02-04 08:00:00,625.31
2025-02-04 09:00:00,776.55
2025-02-04 10:00:00,798.85
2025-02-04 11:00:00,793.07
2025-02-04 12:00:00,861.93
2025-02-04 13:00:00,701.81
2025-02-04 14:00:00,671.76
2025-02-04 15:00:00,576.91
2025-02-04 16:00:00,384.12
2025-02-04 17:00:00,88.71
2025-02-04 18:00:00,0.0
2025-02-04 19:00:00,0.0
2025-02-04 20:00:00,0.0
2025-02-04 21:00:00,0.0
2025-02-04 22:00:00,0.0
2025-02-04 23:00:00,0.0
2025-02-05 00:00:00,0.0
2025-02-05 01:00:00,0.0
2025-02-05 02:00:00,0.0
2025-02-05 03:00:00,0.0
2025-02-05 04:00:00,0.0
2025-02-05 05:00:00,0.0
2025-02-05 06:00:00,8.09
2025-02-05 07:00:00,170.78
2025-02-05 08:00:00,257.32
2025-02-05 09:00:00,510.49
2025-02-05 10:00:00,443.37
2025-02-05 11:00:00,580.45
2025-02-05 12:00:00,620.25
2025-02-05 13:00:00,649.14
2025-02-05 14:00:00,544.53
2025-02-05 15:00:00,414.81
2025-02-05 16:00:00,253.55
2025-02-05 17:00:00,15.05
2025-02-05 18:00:00,0.0
2025-02-05 19:00:00,0.0
2025-02-05 20:00:00,0.0
2025-02-05 21:00:00,0.0
2025-02-05 22:00:00,0.0
2025-02-05 23:00:00,0.0
2025-02-06 00:00:00,0.0
2025-02-06 01:00:00,0.0
2025-02-06 02:00:00,0.0
2025-02-06 03:00:00,0.0
2025-02-06 04:00:00,0.0
2025-02-06 05:00:00,0.0
2025-02-06 06:00:00,10.61
2025-02-06 07:00:00,150.64
2025-02-06 08:00:00,360.46
2025-02-06 09:00:00,426.75
2025-02-06 10:00:00,490.64
2025-02-06 11:00:00,688.48
2025-02-06 12:00:00,663.21
2025-02-06 13:00:00,781.14
2025-02-06 14:00:00,665.08
2025-02-06 15:00:00,503.65
2025-02-06 16:00:00,378.15
2025-02-06 17:00:00,95.72
2025-02-06 18:00:00,0.0
2025-02-06 19:00:00,0.0
2025-02-06 20:00:00,0.0
2025-02-06 21:00:00,0.0
2025-02-06 22:00:00,0.0
2025-02-06 23:00:00,0.0
2025-02-07 00:00:00,0.0
2025-02-07 01:00:00,0.0
2025-02-07 02:00:00,0.0
2025-02-07 03:00:00,0.0
2025-02-07 04:00:00,0.0
2025-02-07 05:00:00,0.0
2025-02-07 06:00:00,20.38
2025-02-07 07:00:00,314.24
2025-02-07 08:00:00,618.61
2025-02-07 09:00:00,758.2
2025-02-07 10:00:00,636.74
2025-02-07 11:00:00,777.34
2025-02-07 12:00:00,751.49
2025-02-07 13:00:00,869.96
2025-02-07 14:00:00,775.5
2025-02-07 15:00:00,775.7
2025-02-07 16:00:00,506.34
2025-02-07 17:00:00,111.61
2025-02-07 18:00:00,0.0
2025-02-07 19:00:00,0.0
2025-02-07 20:00:00,0.0
2025-02-07 21:00:00,0.0
2025-02-07 22:00:00,0.0
2025-02-07 23:00:00,0.0
2025-02-08 00:00:00,0.0
2025-02-08 01:00:00,0.0
2025-02-08 02:00:00,0.0
2025-02-08 03:00:00,0.0
2025-02-08 04:00:00,0.0
2025-02-08 05:00:00,0.0
2025-02-08 06:00:00,27.62
2025-02-08 07:00:00,323.03
2025-02-08 08:00:00,535.31
2025-02-08 09:00:00,598.4
2025-02-08 10:00:00,700.44
2025-02-08 11:00:00,891.99
2025-02-08 12:00:00,1020.77
2025-02-08 13:00:00,565.52
2025-02-08 14:00:00,495.85
2025-02-08 15:00:00,372.65
2025-02-08 16:00:00,248.86
2025-02-08 17:00:00,33.94
2025-02-08 18:00:00,0.0
2025-02-08 19:00:00,0.0
2025-02-08 20:00:00,0.0
2025-02-08 21:00:00,0.0
2025-02-08 22:00:00,0.0
2025-02-08 23:00:00,0.0
2025-02-09 00:00:00,0.0
2025-02-09 01:00:00,0.0
2025-02-09 02:00:00,0.0
2025-02-09 03:00:00,0.0
2025-02-09 04:00:00,0.0
2025-02-09 05:00:00,0.0
2025-02-09 06:00:00,6.6
2025-02-09 07:00:00,176.02
2025-02-09 08:00:00,297.6
2025-02-09 09:00:00,527.02
2025-02-09 10:00:00,504.54
2025-02-09 11:00:00,515.19
2025-02-09 12:00:00,494.35
2025-02-09 13:00:00,527.02
2025-02-09 14:00:00,399.16
2025-02-09 15:00:00,337.57
2025-02-09 16:00:00,197.05
2025-02-09 17:00:00,27.66
2025-02-09 18:00:00,0.0
2025-02-09 19:00:00,0.0
2025-02-09 20:00:00,0.0
2025-02-09 21:00:00,0.0
2025-02-09 22:00:00,0.0
2025-02-09 23:00:00,0.0
2025-02-10 00:00:00,0.0
2025-02-10 01:00:00,0.0
2025-02-10 02:00:00,0.0
2025-02-10 03:00:00,0.0
2025-02-10 04:00:00,0.0
2025-02-10 05:00:00,0.0
2025-02-10 06:00:00,6.67
2025-02-10 07:00:00,120.44
2025-02-10 08:00:00,362.64
2025-02-10 09:00:00,567.21
2025-02-10 10:00:00,519.51
2025-02-10 11:00:00,639.34
2025-02-10 12:00:00,612.83
2025-02-10 13:00:00,562.15
2025-02-10 14:00:00,568.75
2025-02-10 15:00:00,514.24
2025-02-10 16:00:00,294.24
2025-02-10 17:00:00,64.85
2025-02-10 18:00:00,0.0
2025-02-10 19:00:00,0.0
2025-02-10 20:00:00,0.0
2025-02-10 21:00:00,0.0
2025-02-10 22:00:00,0.0
2025-02-10 23:00:00,0.0
2025-02-11 00:00:00,0.0
2025-02-11 01:00:00,0.0
2025-02-11 02:00:00,0.0
2025-02-11 03:00:00,0.0
2025-02-11 04:00:00,0.0
2025-02-11 05:00:00,0.0
2025-02-11 06:00:00,25.44
2025-02-11 07:00:00,282.17
2025-02-11 08:00:00,472.05
2025-02-11 09:00:00,570.03
2025-02-11 10:00:00,669.96
2025-02-11 11:00:00,727.88
2025-02-11 12:00:00,819.71
2025-02-11 13:00:00,847.44
2025-02-11 14:00:00,760.58
2025-02-11 15:00:00,687.73
2025-02-11 16:00:00,443.65
2025-02-11 17:00:00,141.28
2025-02-11 18:00:00,0.0
2025-02-11 19:00:00,0.0
2025-02-11 20:00:00,0.0
2025-02-11 21:00:00,0.0
2025-02-11 22:00:00,0.0
2025-02-11 23:00:00,0.0
2025-02-12 00:00:00,0.0
2025-02-12 01:00:00,0.0
2025-02-12 02:00:00,0.0
2025-02-12 03:00:00,0.0
2025-02-12 04:00:00,0.0
2025-02-12 05:00:00,0.0
2025-02-12 06:00:00,18.21
2025-02-12 07:00:00,240.38
2025-02-12 08:00:00,459.45
2025-02-12 09:00:00,588.55
2025-02-12 10:00:00,628.78
2025-02-12 11:00:00,699.47
2025-02-12 12:00:00,695.23
2025-02-12 13:00:00,844.74
2025-02-12 14:00:00,661.42
2025-02-12 15:00:00,558.6
2025-02-12 16:00:00,343.59
2025-02-12 17:00:00,92.43
2025-02-12 18:00:00,0.0
2025-02-12 19:00:00,0.0
2025-02-12 20:00:00,0.0
2025-02-12 21:00:00,0.0
2025-02-12 22:00:00,0.0
2025-02-12 23:00:00,0.0
2025-02-13 00:00:00,0.0
2025-02-13 01:00:00,0.0
2025-02-13 02:00:00,0.0
2025-02-13 03:00:00,0.0
2025-02-13 04:00:00,0.0
2025-02-13 05:00:00,0.0
2025-02-13 06:00:00,35.74
2025-02-13 07:00:00,222.9
2025-02-13 08:00:00,500.47
2025-02-13 09:00:00,581.09
2025-02-13 10:00:00,707.82
2025-02-13 11:00:00,771.39
2025-02-13 12:00:00,938.17
2025-02-13 13:00:00,815.99
2025-02-13 14:00:00,753.87
2025-02-13 15:00:00,646.82
2025-02-13 16:00:00,491.21
2025-02-13 17:00:00,147.76
2025-02-13 18:00:00,0.0
2025-02-13 19:00:00,0.0
2025-02-13 20:00:00,0.0
2025-02-13 21:00:00,0.0
2025-02-13 22:00:00,0.0
2025-02-13 23:00:00,0.0
2025-02-14 00:00:00,0.0
2025-02-14 01:00:00,0.0
2025-02-14 02:00:00,0.0
2025-02-14 03:00:00,0.0
2025-02-14 04:00:00,0.0
2025-02-14 05:00:00,0.0
2025-02-14 06:00:00,36.5
2025-02-14 07:00:00,244.94
2025-02-14 08:00:00,399.0
2025-02-14 09:00:00,453.05
2025-02-14 10:00:00,567.21
2025-02-14 11:00:00,727.08
2025-02-14 12:00:00,719.07
2025-02-14 13:00:00,790.68
2025-02-14 14:00:00,728.73
2025-02-14 15:00:00,617.36
2025-02-14 16:00:00,515.4
2025-02-14 17:00:00,152.16
2025-02-14 18:00:00,0.0
2025-02-14 19:00:00,0.0
2025-02-14 20:00:00,0.0
2025-02-14 21:00:00,0.0
2025-02-14 22:00:00,0.0
2025-02-14 23:00:00,0.0
2025-02-15 00:00:00,0.0
2025-02-15 01:00:00,0.0
2025-02-15 02:00:00,0.0
2025-02-15 03:00:00,0.0
2025-02-15 04:00:00,0.0
2025-02-15 05:00:00,0.0
2025-02-15 06:00:00,34.56
2025-02-15 07:00:00,309.12
2025-02-15 08:00:00,391.74
2025-02-15 09:00:00,532.77
2025-02-15 10:00:00,650.05
2025-02-15 11:00:00,773.0
2025-02-15 12:00:00,879.04
2025-02-15 13:00:00,727.95
2025-02-15 14:00:00,727.8
2025-02-15 15:00:00,553.13
2025-02-15 16:00:00,315.77
2025-02-15 17:00:00,25.29
2025-02-15 18:00:00,0.0
2025-02-15 19:00:00,0.0
2025-02-15 20:00:00,0.0
2025-02-15 21:00:00,0.0
2025-02-15 22:00:00,0.0
2025-02-15 23:00:00,0.0
2025-02-16 00:00:00,0.0
2025-02-16 01:00:00,0.0
2025-02-16 02:00:00,0.0
2025-02-16 03:00:00,0.0
2025-02-16 04:00:00,0.0
2025-02-16 05:00:00,0.0
2025-02-16 06:00:00,49.74
2025-02-16 07:00:00,357.43
2025-02-16 08:00:00,507.84
2025-02-16 09:00:00,579.53
2025-02-16 10:00:00,661.74
2025-02-16 11:00:00,763.16
2025-02-16 12:00:00,798.85
2025-02-16 13:00:00,776.63
2025-02-16 14:00:00,721.59
2025-02-16 15:00:00,529.05
2025-02-16 16:00:00,360.51
2025-02-16 17:00:00,117.69
2025-02-16 18:00:00,0.0
2025-02-16 19:00:00,0.0
2025-02-16 20:00:00,0.0
2025-02-16 21:00:00,0.0
2025-02-16 22:00:00,0.0
2025-02-16 23:00:00,0.0
2025-02-17 00:00:00,0.0
2025-02-17 01:00:00,0.0
2025-02-17 02:00:00,0.0
2025-02-17 03:00:00,0.0
2025-02-17 04:00:00,0.0
2025-02-17 05:00:00,0.0
2025-02-17 06:00:00,39.87
2025-02-17 07:00:00,285.74
2025-02-17 08:00:00,530.33
2025-02-17 09:00:00,664.17
2025-02-17 10:00:00,698.67
2025-02-17 11:00:00,771.98
2025-02-17 12:00:00,817.8
2025-02-17 13:00:00,855.75
2025-02-17 14:00:00,696.23
2025-02-17 15:00:00,637.37
2025-02-17 16:00:00,518.3
2025-02-17 17:00:00,172.94
2025-02-17 18:00:00,0.0
2025-02-17 19:00:00,0.0
2025-02-17 20:00:00,0.0
2025-02-17 21:00:00,0.0
2025-02-17 22:00:00,0.0
2025-02-17 23:00:00,0.0
2025-02-18 00:00:00,0.0
2025-02-18 01:00:00,0.0
2025-02-18 02:00:00,0.0
2025-02-18 03:00:00,0.0
2025-02-18 04:00:00,0.0
2025-02-18 05:00:00,0.0
2025-02-18 06:00:00,44.2
2025-02-18 07:00:00,332.48
2025-02-18 08:00:00,526.19
2025-02-18 09:00:00,696.0
2025-02-18 10:00:00,754.91
2025-02-18 11:00:00,808.83
2025-02-18 12:00:00,782.22
2025-02-18 13:00:00,727.76
2025-02-18 14:00:00,698.26
2025-02-18 15:00:00,616.53
2025-02-18 16:00:00,476.54
2025-02-18 17:00:00,128.23
2025-02-18 18:00:00,0.0
2025-02-18 19:00:00,0.0
2025-02-18 20:00:00,0.0
2025-02-18 21:00:00,0.0
2025-02-18 22:00:00,0.0
2025-02-18 23:00:00,0.0
2025-02-19 00:00:00,0.0
2025-02-19 01:00:00,0.0
2025-02-19 02:00:00,0.0
2025-02-19 03:00:00,0.0
2025-02-19 04:00:00,0.0
2025-02-19 05:00:00,0.0
2025-02-19 06:00:00,30.38
2025-02-19 07:00:00,302.96
2025-02-19 08:00:00,468.96
2025-02-19 09:00:00,664.63
2025-02-19 10:00:00,703.02
2025-02-19 11:00:00,669.46
2025-02-19 12:00:00,773.66
2025-02-19 13:00:00,670.24
2025-02-19 14:00:00,644.82
2025-02-19 15:00:00,526.25
2025-02-19 16:00:00,374.13
2025-02-19 17:00:00,94.69
2025-02-19 18:00:00,0.0
2025-02-19 19:00:00,0.0
2025-02-19 20:00:00,0.0
2025-02-19 21:00:00,0.0
2025-02-19 22:00:00,0.0
2025-02-19 23:00:00,0.0
2025-02-20 00:00:00,0.0
2025-02-20 01:00:00,0.0
2025-02-20 02:00:00,0.0
2025-02-20 03:00:00,0.0
2025-02-20 04:00:00,0.0
2025-02-20 05:00:00,0.0
2025-02-20 06:00:00,21.12
2025-02-20 07:00:00,196.68
2025-02-20 08:00:00,367.42
2025-02-20 09:00:00,474.47
2025-02-20 10:00:00,577.19
2025-02-20 11:00:00,657.85
2025-02-20 12:00:00,668.17
2025-02-20 13:00:00,647.26
2025-02-20 14:00:00,572.74
2025-02-20 15:00:00,545.02
2025-02-20 16:00:00,378.09
2025-02-20 17:00:00,97.69
2025-02-20 18:00:00,0.0
2025-02-20 19:00:00,0.0
2025-02-20 20:00:00,0.0
2025-02-20 21:00:00,0.0
2025-02-20 22:00:00,0.0
2025-02-20 23:00:00,0.0
2025-02-21 00:00:00,0.0
2025-02-21 01:00:00,0.0
2025-02-21 02:00:00,0.0
2025-02-21 03:00:00,0.0
2025-02-21 04:00:00,0.0
2025-02-21 05:00:00,0.0
2025-02-21 06:00:00,27.81
2025-02-21 07:00:00,289.61
2025-02-21 08:00:00,547.21
2025-02-21 09:00:00,639.93
2025-02-21 10:00:00,656.21
2025-02-21 11:00:00,746.15
2025-02-21 12:00:00,750.2
2025-02-21 13:00:00,811.86
2025-02-21 14:00:00,626.28
2025-02-21 15:00:00,563.56
2025-02-21 16:00:00,435.75
2025-02-21 17:00:00,100.48
2025-02-21 18:00:00,0.0
2025-02-21 19:00:00,0.0
2025-02-21 20:00:00,0.0
2025-02-21 21:00:00,0.0
2025-02-21 22:00:00,0.0
2025-02-21 23:00:00,0.0
2025-02-22 00:00:00,0.0
2025-02-22 01:00:00,0.0
2025-02-22 02:00:00,0.0
2025-02-22 03:00:00,0.0
2025-02-22 04:00:00,0.0
2025-02-22 05:00:00,0.0
2025-02-22 06:00:00,26.17
2025-02-22 07:00:00,322.53
2025-02-22 08:00:00,490.96
2025-02-22 09:00:00,645.05
2025-02-22 10:00:00,693.91
2025-02-22 11:00:00,638.75
2025-02-22 12:00:00,731.08
2025-02-22 13:00:00,788.58
2025-02-22 14:00:00,602.89
2025-02-22 15:00:00,551.89
2025-02-22 16:00:00,408.7
2025-02-22 17:00:00,124.95
2025-02-22 18:00:00,0.0
2025-02-22 19:00:00,0.0
2025-02-22 20:00:00,0.0
2025-02-22 21:00:00,0.0
2025-02-22 22:00:00,0.0
2025-02-22 23:00:00,0.0
2025-02-23 00:00:00,0.0
2025-02-23 01:00:00,0.0
2025-02-23 02:00:00,0.0
2025-02-23 03:00:00,0.0
2025-02-23 04:00:00,0.0
2025-02-23 05:00:00,0.0
2025-02-23 06:00:00,34.5
2025-02-23 07:00:00,272.88
2025-02-23 08:00:00,365.55
2025-02-23 09:00:00,577.45
2025-02-23 10:00:00,641.74
2025-02-23 11:00:00,742.66
2025-02-23 12:00:00,745.16
2025-02-23 13:00:00,695.68
2025-02-23 14:00:00,649.56
2025-02-23 15:00:00,565.11
2025-02-23 16:00:00,412.57
2025-02-23 17:00:00,116.53
2025-02-23 18:00:00,0.0
2025-02-23 19:00:00,0.0
2025-02-23 20:00:00,0.0
2025-02-23 21:00:00,0.0
2025-02-23 22:00:00,0.0
2025-02-23 23:00:00,0.0
2025-02-24 00:00:00,0.0
2025-02-24 01:00:00,0.0
2025-02-24 02:00:00,0.0
2025-02-24 03:00:00,0.0
2025-02-24 04:00:00,0.0
2025-02-24 05:00:00,0.0
2025-02-24 06:00:00,50.64
2025-02-24 07:00:00,386.63
2025-02-24 08:00:00,574.04
2025-02-24 09:00:00,637.99
2025-02-24 10:00:00,735.92
2025-02-24 11:00:00,708.56
2025-02-24 12:00:00,804.6
2025-02-24 13:00:00,700.92
2025-02-24 14:00:00,642.43
2025-02-24 15:00:00,563.59
2025-02-24 16:00:00,403.15
2025-02-24 17:00:00,87.38
2025-02-24 18:00:00,0.0
2025-02-24 19:00:00,0.0
2025-02-24 20:00:00,0.0
2025-02-24 21:00:00,0.0
2025-02-24 22:00:00,0.0
2025-02-24 23:00:00,0.0
2025-02-25 00:00:00,0.0
2025-02-25 01:00:00,0.0
2025-02-25 02:00:00,0.0
2025-02-25 03:00:00,0.0
2025-02-25 04:00:00,0.0
2025-02-25 05:00:00,0.0
2025-02-25 06:00:00,29.8
2025-02-25 07:00:00,498.09
2025-02-25 08:00:00,651.1
2025-02-25 09:00:00,821.16
2025-02-25 10:00:00,697.29
2025-02-25 11:00:00,754.45
2025-02-25 12:00:00,741.01
2025-02-25 13:00:00,761.72
2025-02-25 14:00:00,669.68
2025-02-25 15:00:00,570.01
2025-02-25 16:00:00,395.45
2025-02-25 17:00:00,106.96
2025-02-25 18:00:00,0.0
2025-02-25 19:00:00,0.0
2025-02-25 20:00:00,0.0
2025-02-25 21:00:00,0.0
2025-02-25 22:00:00,0.0
2025-02-25 23:00:00,0.0
2025-02-26 00:00:00,0.0
2025-02-26 01:00:00,0.0
2025-02-26 02:00:00,0.0
2025-02-26 03:00:00,0.0
2025-02-26 04:00:00,0.0
2025-02-26 05:00:00,0.0
2025-02-26 06:00:00,10.99
2025-02-26 07:00:00,169.89
2025-02-26 08:00:00,503.61
2025-02-26 09:00:00,714.46
2025-02-26 10:00:00,508.79
2025-02-26 11:00:00,598.64
2025-02-26 12:00:00,515.65
2025-02-26 13:00:00,414.27
2025-02-26 14:00:00,392.82
2025-02-26 15:00:00,332.25
2025-02-26 16:00:00,231.45
2025-02-26 17:00:00,50.39
2025-02-26 18:00:00,0.0
2025-02-26 19:00:00,0.0
2025-02-26 20:00:00,0.0
2025-02-26 21:00:00,0.0
2025-02-26 22:00:00,0.0
2025-02-26 23:00:00,0.0
2025-02-27 00:00:00,0.0
2025-02-27 01:00:00,0.0
2025-02-27 02:00:00,0.0
2025-02-27 03:00:00,0.0
2025-02-27 04:00:00,0.0
2025-02-27 05:00:00,0.0
2025-02-27 06:00:00,74.36
2025-02-27 07:00:00,403.69
2025-02-27 08:00:00,567.75
2025-02-27 09:00:00,708.44
2025-02-27 10:00:00,750.96
2025-02-27 11:00:00,626.02
2025-02-27 12:00:00,668.31
2025-02-27 13:00:00,784.81
2025-02-27 14:00:00,608.13
2025-02-27 15:00:00,500.87
2025-02-27 16:00:00,350.24
2025-02-27 17:00:00,62.17
2025-02-27 18:00:00,0.0
2025-02-27 19:00:00,0.0
2025-02-27 20:00:00,0.0
2025-02-27 21:00:00,0.0
2025-02-27 22:00:00,0.0
2025-02-27 23:00:00,0.0
2025-02-28 00:00:00,0.0
2025-02-28 01:00:00,0.0
2025-02-28 02:00:00,0.0
2025-02-28 03:00:00,0.0
2025-02-28 04:00:00,0.0
2025-02-28 05:00:00,0.0
2025-02-28 06:00:00,30.87
2025-02-28 07:00:00,318.38
2025-02-28 08:00:00,618.63
2025-02-28 09:00:00,826.91
2025-02-28 10:00:00,659.58
2025-02-28 11:00:00,623.79
2025-02-28 12:00:00,514.04
2025-02-28 13:00:00,568.49
2025-02-28 14:00:00,278.4
2025-02-28 15:00:00,240.79
2025-02-28 16:00:00,93.59
2025-02-28 17:00:00,21.99
2025-02-28 18:00:00,0.0
2025-02-28 19:00:00,0.0
2025-02-28 20:00:00,0.0
2025-02-28 21:00:00,0.0
2025-02-28 22:00:00,0.0
2025-02-28 23:00:00,0.0
2025-03-01 00:00:00,0.0
2025-03-01 01:00:00,0.0
2025-03-01 02:00:00,0.0
2025-03-01 03:00:00,0.0
2025-03-01 04:00:00,0.0
2025-03-01 05:00:00,0.0
2025-03-01 06:00:00,0.0
2025-03-01 07:00:00,20.92
2025-03-01 08:00:00,52.24
2025-03-01 09:00:00,21.19
2025-03-01 10:00:00,6.91
2025-03-01 11:00:00,6.43
2025-03-01 12:00:00,26.37
2025-03-01 13:00:00,168.4
2025-03-01 14:00:00,140.19
2025-03-01 15:00:00,169.01
2025-03-01 16:00:00,66.18
2025-03-01 17:00:00,27.31
2025-03-01 18:00:00,0.0
2025-03-01 19:00:00,0.0
2025-03-01 20:00:00,0.0
2025-03-01 21:00:00,0.0
2025-03-01 22:00:00,0.0
2025-03-01 23:00:00,0.0
2025-03-02 00:00:00,0.0
2025-03-02 01:00:00,0.0
2025-03-02 02:00:00,0.0
2025-03-02 03:00:00,0.0
2025-03-02 04:00:00,0.0
2025-03-02 05:00:00,0.0
2025-03-02 06:00:00,0.0
2025-03-02 07:00:00,20.39
2025-03-02 08:00:00,30.17
2025-03-02 09:00:00,56.03
2025-03-02 10:00:00,49.49
2025-03-02 11:00:00,29.63
2025-03-02 12:00:00,60.52
2025-03-02 13:00:00,27.34
2025-03-02 14:00:00,6.35
2025-03-02 15:00:00,0.0
2025-03-02 16:00:00,0.0
2025-03-02 17:00:00,0.0
2025-03-02 18:00:00,0.0
2025-03-02 19:00:00,0.0
2025-03-02 20:00:00,0.0
2025-03-02 21:00:00,0.0
2025-03-02 22:00:00,0.0
2025-03-02 23:00:00,0.0
2025-03-03 00:00:00,0.0
2025-03-03 01:00:00,0.0
2025-03-03 02:00:00,0.0
2025-03-03 03:00:00,0.0
2025-03-03 04:00:00,0.0
2025-03-03 05:00:00,0.0
2025-03-03 06:00:00,20.8
2025-03-03 07:00:00,99.62
2025-03-03 08:00:00,254.17
2025-03-03 09:00:00,261.22
2025-03-03 10:00:00,374.79
2025-03-03 11:00:00,579.46
2025-03-03 12:00:00,488.58
2025-03-03 13:00:00,586.5
2025-03-03 14:00:00,362.79
2025-03-03 15:00:00,385.43
2025-03-03 16:00:00,209.35
2025-03-03 17:00:00,38.76
2025-03-03 18:00:00,0.0
2025-03-03 19:00:00,0.0
2025-03-03 20:00:00,0.0
2025-03-03 21:00:00,0.0
2025-03-03 22:00:00,0.0
2025-03-03 23:00:00,0.0
2025-03-04 00:00:00,0.0
2025-03-04 01:00:00,0.0
2025-03-04 02:00:00,0.0
2025-03-04 03:00:00,0.0
2025-03-04 04:00:00,0.0
2025-03-04 05:00:00,0.0
2025-03-04 06:00:00,40.44
2025-03-04 07:00:00,297.41
2025-03-04 08:00:00,364.89
2025-03-04 09:00:00,576.5
2025-03-04 10:00:00,739.09
2025-03-04 11:00:00,647.69
2025-03-04 12:00:00,602.46
2025-03-04 13:00:00,594.22
2025-03-04 14:00:00,136.84
2025-03-04 15:00:00,32.35
2025-03-04 16:00:00,17.85
2025-03-04 17:00:00,13.47
2025-03-04 18:00:00,0.0
2025-03-04 19:00:00,0.0
2025-03-04 20:00:00,0.0
2025-03-04 21:00:00,0.0
2025-03-04 22:00:00,0.0
2025-03-04 23:00:00,0.0
2025-03-05 00:00:00,0.0
2025-03-05 01:00:00,0.0
2025-03-05 02:00:00,0.0
2025-03-05 03:00:00,0.0
2025-03-05 04:00:00,0.0
2025-03-05 05:00:00,0.0
2025-03-05 06:00:00,57.96
2025-03-05 07:00:00,335.27
2025-03-05 08:00:00,496.59
2025-03-05 09:00:00,581.66
2025-03-05 10:00:00,637.35
2025-03-05 11:00:00,784.3
2025-03-05 12:00:00,835.86
2025-03-05 13:00:00,806.36
2025-03-05 14:00:00,753.91
2025-03-05 15:00:00,637.16
2025-03-05 16:00:00,494.78
2025-03-05 17:00:00,188.19
2025-03-05 18:00:00,0.0
2025-03-05 19:00:00,0.0
2025-03-05 20:00:00,0.0
2025-03-05 21:00:00,0.0
2025-03-05 22:00:00,0.0
2025-03-05 23:00:00,0.0
2025-03-06 00:00:00,0.0
2025-03-06 01:00:00,0.0
2025-03-06 02:00:00,0.0
2025-03-06 03:00:00,0.0
2025-03-06 04:00:00,0.0
2025-03-06 05:00:00,0.0
2025-03-06 06:00:00,20.93
2025-03-06 07:00:00,168.21
2025-03-06 08:00:00,346.64
2025-03-06 09:00:00,460.26
2025-03-06 10:00:00,470.59
2025-03-06 11:00:00,612.36
2025-03-06 12:00:00,663.62
2025-03-06 13:00:00,642.68
2025-03-06 14:00:00,539.79
2025-03-06 15:00:00,513.55
2025-03-06 16:00:00,315.74
2025-03-06 17:00:00,68.54
2025-03-06 18:00:00,0.0
2025-03-06 19:00:00,0.0
2025-03-06 20:00:00,0.0
2025-03-06 21:00:00,0.0
2025-03-06 22:00:00,0.0
2025-03-06 23:00:00,0.0
2025-03-07 00:00:00,0.0
2025-03-07 01:00:00,0.0
2025-03-07 02:00:00,0.0
2025-03-07 03:00:00,0.0
2025-03-07 04:00:00,0.0
2025-03-07 05:00:00,0.0
2025-03-07 06:00:00,11.45
2025-03-07 07:00:00,168.0
2025-03-07 08:00:00,262.5
2025-03-07 09:00:00,411.57
2025-03-07 10:00:00,424.33
2025-03-07 11:00:00,560.28
2025-03-07 12:00:00,491.82
2025-03-07 13:00:00,546.17
2025-03-07 14:00:00,475.09
2025-03-07 15:00:00,419.79
2025-03-07 16:00:00,236.03
2025-03-07 17:00:00,46.28
2025-03-07 18:00:00,0.0
2025-03-07 19:00:00,0.0
2025-03-07 20:00:00,0.0
2025-03-07 21:00:00,0.0
2025-03-07 22:00:00,0.0
2025-03-07 23:00:00,0.0
2025-03-08 00:00:00,0.0
2025-03-08 01:00:00,0.0
2025-03-08 02:00:00,0.0
2025-03-08 03:00:00,0.0
2025-03-08 04:00:00,0.0
2025-03-08 05:00:00,0.0
2025-03-08 06:00:00,11.03
2025-03-08 07:00:00,140.03
2025-03-08 08:00:00,168.38
2025-03-08 09:00:00,318.32
2025-03-08 10:00:00,391.58
2025-03-08 11:00:00,439.55
2025-03-08 12:00:00,421.52
2025-03-08 13:00:00,482.34
2025-03-08 14:00:00,432.5
2025-03-08 15:00:00,359.12
2025-03-08 16:00:00,209.26
2025-03-08 17:00:00,21.29
2025-03-08 18:00:00,0.0
2025-03-08 19:00:00,0.0
2025-03-08 20:00:00,0.0
2025-03-08 21:00:00,0.0
2025-03-08 22:00:00,0.0
2025-03-08 23:00:00,0.0
2025-03-09 00:00:00,0.0
2025-03-09 01:00:00,0.0
2025-03-09 02:00:00,0.0
2025-03-09 03:00:00,0.0
2025-03-09 04:00:00,0.0
2025-03-09 05:00:00,0.0
2025-03-09 06:00:00,8.3
2025-03-09 07:00:00,102.38
2025-03-09 08:00:00,191.3
2025-03-09 09:00:00,268.96
2025-03-09 10:00:00,376.84
2025-03-09 11:00:00,575.83
2025-03-09 12:00:00,632.97
2025-03-09 13:00:00,618.1
2025-03-09 14:00:00,510.39
2025-03-09 15:00:00,440.59
2025-03-09 16:00:00,305.94
2025-03-09 17:00:00,77.29
2025-03-09 18:00:00,0.0
2025-03-09 19:00:00,0.0
2025-03-09 20:00:00,0.0
2025-03-09 21:00:00,0.0
2025-03-09 22:00:00,0.0
2025-03-09 23:00:00,0.0
2025-03-10 00:00:00,0.0
2025-03-10 01:00:00,0.0
2025-03-10 02:00:00,0.0
2025-03-10 03:00:00,0.0
2025-03-10 04:00:00,0.0
2025-03-10 05:00:00,0.0
2025-03-10 06:00:00,23.58
2025-03-10 07:00:00,355.2
2025-03-10 08:00:00,538.68
2025-03-10 09:00:00,599.78
2025-03-10 10:00:00,703.81
2025-03-10 11:00:00,749.44
2025-03-10 12:00:00,730.07
2025-03-10 13:00:00,820.41
2025-03-10 14:00:00,636.51
2025-03-10 15:00:00,535.58
2025-03-10 16:00:00,272.63
2025-03-10 17:00:00,54.51
2025-03-10 18:00:00,0.0
2025-03-10 19:00:00,0.0
2025-03-10 20:00:00,0.0
2025-03-10 21:00:00,0.0
2025-03-10 22:00:00,0.0
2025-03-10 23:00:00,0.0
2025-03-11 00:00:00,0.0
2025-03-11 01:00:00,0.0
2025-03-11 02:00:00,0.0
2025-03-11 03:00:00,0.0
2025-03-11 04:00:00,0.0
2025-03-11 05:00:00,0.0
2025-03-11 06:00:00,28.43
2025-03-11 07:00:00,54.07
2025-03-11 08:00:00,43.45
2025-03-11 09:00:00,31.78
2025-03-11 10:00:00,11.18
2025-03-11 11:00:00,9.39
2025-03-11 12:00:00,149.37
2025-03-11 13:00:00,13.49
2025-03-11 14:00:00,1.09
2025-03-11 15:00:00,32.76
2025-03-11 16:00:00,18.38
2025-03-11 17:00:00,0.0
2025-03-11 18:00:00,0.0
2025-03-11 19:00:00,0.0
2025-03-11 20:00:00,0.0
2025-03-11 21:00:00,0.0
2025-03-11 22:00:00,0.0
2025-03-11 23:00:00,0.0
2025-03-12 00:00:00,0.0
2025-03-12 01:00:00,0.0
2025-03-12 02:00:00,0.0
2025-03-12 03:00:00,0.0
2025-03-12 04:00:00,0.0
2025-03-12 05:00:00,0.0
2025-03-12 06:00:00,0.0
2025-03-12 07:00:00,3.14
2025-03-12 08:00:00,22.88
2025-03-12 09:00:00,20.9
2025-03-12 10:00:00,0.16
2025-03-12 11:00:00,1.3
2025-03-12 12:00:00,0.1
2025-03-12 13:00:00,0.08
2025-03-12 14:00:00,4.0
2025-03-12 15:00:00,9.93
2025-03-12 16:00:00,0.0
2025-03-12 17:00:00,0.0
2025-03-12 18:00:00,0.0
2025-03-12 19:00:00,0.0
2025-03-12 20:00:00,0.0
2025-03-12 21:00:00,0.0
2025-03-12 22:00:00,0.0
2025-03-12 23:00:00,0.0
2025-03-13 00:00:00,0.0
2025-03-13 01:00:00,0.0
2025-03-13 02:00:00,0.0
2025-03-13 03:00:00,0.0
2025-03-13 04:00:00,0.0
2025-03-13 05:00:00,0.0
2025-03-13 06:00:00,57.44
2025-03-13 07:00:00,352.25
2025-03-13 08:00:00,582.78
2025-03-13 09:00:00,889.01
2025-03-13 10:00:00,870.2
2025-03-13 11:00:00,736.43
2025-03-13 12:00:00,786.01
2025-03-13 13:00:00,737.39
2025-03-13 14:00:00,725.91
2025-03-13 15:00:00,586.37
2025-03-13 16:00:00,423.93
2025-03-13 17:00:00,151.13
2025-03-13 18:00:00,0.0
2025-03-13 19:00:00,0.0
2025-03-13 20:00:00,0.0
2025-03-13 21:00:00,0.0
2025-03-13 22:00:00,0.0
2025-03-13 23:00:00,0.0
2025-03-14 00:00:00,0.0
2025-03-14 01:00:00,0.0
2025-03-14 02:00:00,0.0
2025-03-14 03:00:00,0.0
2025-03-14 04:00:00,0.0
2025-03-14 05:00:00,0.0
2025-03-14 06:00:00,64.06
2025-03-14 07:00:00,306.9
2025-03-14 08:00:00,512.93
2025-03-14 09:00:00,551.71
2025-03-14 10:00:00,635.77
2025-03-14 11:00:00,732.76
2025-03-14 12:00:00,675.19
2025-03-14 13:00:00,874.06
2025-03-14 14:00:00,698.91
2025-03-14 15:00:00,605.99
2025-03-14 16:00:00,407.92
2025-03-14 17:00:00,116.2
2025-03-14 18:00:00,0.0
2025-03-14 19:00:00,0.0
2025-03-14 20:00:00,0.0
2025-03-14 21:00:00,0.0
2025-03-14 22:00:00,0.0
2025-03-14 23:00:00,0.0
2025-03-15 00:00:00,0.0
2025-03-15 01:00:00,0.0
2025-03-15 02:00:00,0.0
2025-03-15 03:00:00,0.0
2025-03-15 04:00:00,0.0
2025-03-15 05:00:00,0.0
2025-03-15 06:00:00,83.72
2025-03-15 07:00:00,381.6
2025-03-15 08:00:00,560.45
2025-03-15 09:00:00,728.07
2025-03-15 10:00:00,705.07
2025-03-15 11:00:00,673.17
2025-03-15 12:00:00,688.16
2025-03-15 13:00:00,687.47
2025-03-15 14:00:00,695.88
2025-03-15 15:00:00,559.92
2025-03-15 16:00:00,381.75
2025-03-15 17:00:00,144.17
2025-03-15 18:00:00,0.0
2025-03-15 19:00:00,0.0
2025-03-15 20:00:00,0.0
2025-03-15 21:00:00,0.0
2025-03-15 22:00:00,0.0
2025-03-15 23:00:00,0.0
2025-03-16 00:00:00,0.0
2025-03-16 01:00:00,0.0
2025-03-16 02:00:00,0.0
2025-03-16 03:00:00,0.0
2025-03-16 04:00:00,0.0
2025-03-16 05:00:00,0.0
2025-03-16 06:00:00,9.47
2025-03-16 07:00:00,28.29
2025-03-16 08:00:00,58.24
2025-03-16 09:00:00,48.28
2025-03-16 10:00:00,108.04
2025-03-16 11:00:00,127.31
2025-03-16 12:00:00,468.79
2025-03-16 13:00:00,484.0
2025-03-16 14:00:00,501.24
2025-03-16 15:00:00,248.81
2025-03-16 16:00:00,110.97
2025-03-16 17:00:00,19.49
2025-03-16 18:00:00,0.0
2025-03-16 19:00:00,0.0
2025-03-16 20:00:00,0.0
2025-03-16 21:00:00,0.0
2025-03-16 22:00:00,0.0
2025-03-16 23:00:00,0.0
2025-03-17 00:00:00,0.0
2025-03-17 01:00:00,0.0
2025-03-17 02:00:00,0.0
2025-03-17 03:00:00,0.0
2025-03-17 04:00:00,0.0
2025-03-17 05:00:00,0.0
2025-03-17 06:00:00,8.91
2025-03-17 07:00:00,9.78
2025-03-17 08:00:00,26.21
2025-03-17 09:00:00,84.83
2025-03-17 10:00:00,52.51
2025-03-17 11:00:00,70.71
2025-03-17 12:00:00,127.43
2025-03-17 13:00:00,132.59
2025-03-17 14:00:00,92.42
2025-03-17 15:00:00,292.6
2025-03-17 16:00:00,127.94
2025-03-17 17:00:00,22.56
2025-03-17 18:00:00,0.0
2025-03-17 19:00:00,0.0
2025-03-17 20:00:00,0.0
2025-03-17 21:00:00,0.0
2025-03-17 22:00:00,0.0
2025-03-17 23:00:00,0.0
2025-03-18 00:00:00,0.0
2025-03-18 01:00:00,0.0
2025-03-18 02:00:00,0.0
2025-03-18 03:00:00,0.0
2025-03-18 04:00:00,0.0
2025-03-18 05:00:00,0.0
2025-03-18 06:00:00,55.89
2025-03-18 07:00:00,310.72
2025-03-18 08:00:00,479.35
2025-03-18 09:00:00,601.91
2025-03-18 10:00:00,623.66
2025-03-18 11:00:00,729.73
2025-03-18 12:00:00,641.37
2025-03-18 13:00:00,680.75
2025-03-18 14:00:00,614.43
2025-03-18 15:00:00,483.67
2025-03-18 16:00:00,262.27
2025-03-18 17:00:00,71.59
2025-03-18 18:00:00,0.0
2025-03-18 19:00:00,0.0
2025-03-18 20:00:00,0.0
2025-03-18 21:00:00,0.0
2025-03-18 22:00:00,0.0
2025-03-18 23:00:00,0.0
2025-03-19 00:00:00,0.0
2025-03-19 01:00:00,0.0
2025-03-19 02:00:00,0.0
2025-03-19 03:00:00,0.0
2025-03-19 04:00:00,0.0
2025-03-19 05:00:00,0.0
2025-03-19 06:00:00,22.79
2025-03-19 07:00:00,95.79
2025-03-19 08:00:00,198.7
2025-03-19 09:00:00,114.25
2025-03-19 10:00:00,265.5
2025-03-19 11:00:00,267.03
2025-03-19 12:00:00,313.63
2025-03-19 13:00:00,439.97
2025-03-19 14:00:00,418.79
2025-03-19 15:00:00,515.59
2025-03-19 16:00:00,303.2
2025-03-19 17:00:00,104.64
2025-03-19 18:00:00,0.0
2025-03-19 19:00:00,0.0
2025-03-19 20:00:00,0.0
2025-03-19 21:00:00,0.0
2025-03-19 22:00:00,0.0
2025-03-19 23:00:00,0.0
2025-03-20 00:00:00,0.0
2025-03-20 01:00:00,0.0
2025-03-20 02:00:00,0.0
2025-03-20 03:00:00,0.0
2025-03-20 04:00:00,0.0
2025-03-20 05:00:00,0.0
2025-03-20 06:00:00,129.38
2025-03-20 07:00:00,432.9
2025-03-20 08:00:00,854.28
2025-03-20 09:00:00,673.64
2025-03-20 10:00:00,632.32
2025-03-20 11:00:00,591.79
2025-03-20 12:00:00,713.59
2025-03-20 13:00:00,679.34
2025-03-20 14:00:00,696.67
2025-03-20 15:00:00,604.14
2025-03-20 16:00:00,485.09
2025-03-20 17:00:00,150.69
2025-03-20 18:00:00,0.0
2025-03-20 19:00:00,0.0
2025-03-20 20:00:00,0.0
2025-03-20 21:00:00,0.0
2025-03-20 22:00:00,0.0
2025-03-20 23:00:00,0.0
2025-03-21 00:00:00,0.0
2025-03-21 01:00:00,0.0
2025-03-21 02:00:00,0.0
2025-03-21 03:00:00,0.0
2025-03-21 04:00:00,0.0
2025-03-21 05:00:00,0.0
2025-03-21 06:00:00,86.11
2025-03-21 07:00:00,338.64
2025-03-21 08:00:00,628.25
2025-03-21 09:00:00,795.64
2025-03-21 10:00:00,676.27
2025-03-21 11:00:00,665.15
2025-03-21 12:00:00,671.05
2025-03-21 13:00:00,663.54
2025-03-21 14:00:00,632.64
2025-03-21 15:00:00,552.23
2025-03-21 16:00:00,319.13
2025-03-21 17:00:00,88.73
2025-03-21 18:00:00,0.0
2025-03-21 19:00:00,0.0
2025-03-21 20:00:00,0.0
2025-03-21 21:00:00,0.0
2025-03-21 22:00:00,0.0
2025-03-21 23:00:00,0.0
2025-03-22 00:00:00,0.0
2025-03-22 01:00:00,0.0
2025-03-22 02:00:00,0.0
2025-03-22 03:00:00,0.0
2025-03-22 04:00:00,0.0
2025-03-22 05:00:00,0.0
2025-03-22 06:00:00,19.4
2025-03-22 07:00:00,91.4
2025-03-22 08:00:00,188.92
2025-03-22 09:00:00,328.48
2025-03-22 10:00:00,294.31
2025-03-22 11:00:00,391.78
2025-03-22 12:00:00,367.83
2025-03-22 13:00:00,263.29
2025-03-22 14:00:00,130.77
2025-03-22 15:00:00,68.58
2025-03-22 16:00:00,42.62
2025-03-22 17:00:00,9.11
2025-03-22 18:00:00,0.0
2025-03-22 19:00:00,0.0
2025-03-22 20:00:00,0.0
2025-03-22 21:00:00,0.0
2025-03-22 22:00:00,0.0
2025-03-22 23:00:00,0.0
2025-03-23 00:00:00,0.0
2025-03-23 01:00:00,0.0
2025-03-23 02:00:00,0.0
2025-03-23 03:00:00,0.0
2025-03-23 04:00:00,0.0
2025-03-23 05:00:00,0.0
2025-03-23 06:00:00,55.97
2025-03-23 07:00:00,347.75
2025-03-23 08:00:00,572.55
2025-03-23 09:00:00,625.7
2025-03-23 10:00:00,573.62
2025-03-23 11:00:00,575.56
2025-03-23 12:00:00,567.67
2025-03-23 13:00:00,512.46
2025-03-23 14:00:00,416.41
2025-03-23 15:00:00,330.07
2025-03-23 16:00:00,115.54
2025-03-23 17:00:00,22.77
2025-03-23 18:00:00,0.0
2025-03-23 19:00:00,0.0
2025-03-23 20:00:00,0.0
2025-03-23 21:00:00,0.0
2025-03-23 22:00:00,0.0
2025-03-23 23:00:00,0.0
2025-03-24 00:00:00,0.0
2025-03-24 01:00:00,0.0
2025-03-24 02:00:00,0.0
2025-03-24 03:00:00,0.0
2025-03-24 04:00:00,0.0
2025-03-24 05:00:00,0.0
2025-03-24 06:00:00,45.57
2025-03-24 07:00:00,238.0
2025-03-24 08:00:00,427.22
2025-03-24 09:00:00,754.82
2025-03-24 10:00:00,505.4
2025-03-24 11:00:00,598.54
2025-03-24 12:00:00,557.23
2025-03-24 13:00:00,616.41
2025-03-24 14:00:00,625.31
2025-03-24 15:00:00,633.15
2025-03-24 16:00:00,329.08
2025-03-24 17:00:00,93.78
2025-03-24 18:00:00,0.0
2025-03-24 19:00:00,0.0
2025-03-24 20:00:00,0.0
2025-03-24 21:00:00,0.0
2025-03-24 22:00:00,0.0
2025-03-24 23:00:00,0.0
2025-03-25 00:00:00,0.0
2025-03-25 01:00:00,0.0
2025-03-25 02:00:00,0.0
2025-03-25 03:00:00,0.0
2025-03-25 04:00:00,0.0
2025-03-25 05:00:00,0.0
2025-03-25 06:00:00,33.18
2025-03-25 07:00:00,196.92
2025-03-25 08:00:00,353.43
2025-03-25 09:00:00,472.31
2025-03-25 10:00:00,502.55
2025-03-25 11:00:00,622.67
2025-03-25 12:00:00,598.95
2025-03-25 13:00:00,640.41
2025-03-25 14:00:00,595.27
2025-03-25 15:00:00,508.9
2025-03-25 16:00:00,306.15
2025-03-25 17:00:00,76.77
2025-03-25 18:00:00,0.0
2025-03-25 19:00:00,0.0
2025-03-25 20:00:00,0.0
2025-03-25 21:00:00,0.0
2025-03-25 22:00:00,0.0
2025-03-25 23:00:00,0.0
2025-03-26 00:00:00,0.0
2025-03-26 01:00:00,0.0
2025-03-26 02:00:00,0.0
2025-03-26 03:00:00,0.0
2025-03-26 04:00:00,0.0
2025-03-26 05:00:00,0.0
2025-03-26 06:00:00,74.66
2025-03-26 07:00:00,306.26
2025-03-26 08:00:00,450.98
2025-03-26 09:00:00,780.19
2025-03-26 10:00:00,631.05
2025-03-26 11:00:00,591.52
2025-03-26 12:00:00,601.84
2025-03-26 13:00:00,599.95
2025-03-26 14:00:00,603.99
2025-03-26 15:00:00,631.22
2025-03-26 16:00:00,327.12
2025-03-26 17:00:00,78.86
2025-03-26 18:00:00,0.0
2025-03-26 19:00:00,0.0
2025-03-26 20:00:00,0.0
2025-03-26 21:00:00,0.0
2025-03-26 22:00:00,0.0
2025-03-26 23:00:00,0.0
2025-03-27 00:00:00,0.0
2025-03-27 01:00:00,0.0
2025-03-27 02:00:00,0.0
2025-03-27 03:00:00,0.0
2025-03-27 04:00:00,0.0
2025-03-27 05:00:00,0.0
2025-03-27 06:00:00,26.63
2025-03-27 07:00:00,231.24
2025-03-27 08:00:00,362.09
2025-03-27 09:00:00,493.39
2025-03-27 10:00:00,534.95
2025-03-27 11:00:00,510.17
2025-03-27 12:00:00,519.12
2025-03-27 13:00:00,624.29
2025-03-27 14:00:00,470.86
2025-03-27 15:00:00,382.22
2025-03-27 16:00:00,199.43
2025-03-27 17:00:00,26.25
2025-03-27 18:00:00,0.0
2025-03-27 19:00:00,0.0
2025-03-27 20:00:00,0.0
2025-03-27 21:00:00,0.0
2025-03-27 22:00:00,0.0
2025-03-27 23:00:00,0.0
2025-03-28 00:00:00,0.0
2025-03-28 01:00:00,0.0
2025-03-28 02:00:00,0.0
2025-03-28 03:00:00,0.0
2025-03-28 04:00:00,0.0
2025-03-28 05:00:00,0.0
2025-03-28 06:00:00,42.52
2025-03-28 07:00:00,213.78
2025-03-28 08:00:00,398.01
2025-03-28 09:00:00,755.41
2025-03-28 10:00:00,490.72
2025-03-28 11:00:00,481.16
2025-03-28 12:00:00,436.14
2025-03-28 13:00:00,463.31
2025-03-28 14:00:00,425.7
2025-03-28 15:00:00,326.73
2025-03-28 16:00:00,148.89
2025-03-28 17:00:00,15.28
2025-03-28 18:00:00,0.0
2025-03-28 19:00:00,0.0
2025-03-28 20:00:00,0.0
2025-03-28 21:00:00,0.0
2025-03-28 22:00:00,0.0
2025-03-28 23:00:00,0.0
2025-03-29 00:00:00,0.0
2025-03-29 01:00:00,0.0
2025-03-29 02:00:00,0.0
2025-03-29 03:00:00,0.0
2025-03-29 04:00:00,0.0
2025-03-29 05:00:00,0.0
2025-03-29 06:00:00,25.68
2025-03-29 07:00:00,140.42
2025-03-29 08:00:00,234.52
2025-03-29 09:00:00,352.86
2025-03-29 10:00:00,397.99
2025-03-29 11:00:00,600.41
2025-03-29 12:00:00,542.75
2025-03-29 13:00:00,499.72
2025-03-29 14:00:00,617.01
2025-03-29 15:00:00,461.35
2025-03-29 16:00:00,352.78
2025-03-29 17:00:00,85.79
2025-03-29 18:00:00,0.0
2025-03-29 19:00:00,0.0
2025-03-29 20:00:00,0.0
2025-03-29 21:00:00,0.0
2025-03-29 22:00:00,0.0
2025-03-29 23:00:00,0.0
2025-03-30 00:00:00,0.0
2025-03-30 01:00:00,0.0
2025-03-30 02:00:00,0.0
2025-03-30 03:00:00,0.0
2025-03-30 04:00:00,0.0
2025-03-30 05:00:00,0.0
2025-03-30 06:00:00,17.12
2025-03-30 07:00:00,162.57
2025-03-30 08:00:00,278.67
2025-03-30 09:00:00,341.8
2025-03-30 10:00:00,365.17
2025-03-30 11:00:00,634.46
2025-03-30 12:00:00,595.37
2025-03-30 13:00:00,702.07
2025-03-30 14:00:00,550.59
2025-03-30 15:00:00,464.62
2025-03-30 16:00:00,314.63
2025-03-30 17:00:00,74.24
2025-03-30 18:00:00,0.0
2025-03-30 19:00:00,0.0
2025-03-30 20:00:00,0.0
2025-03-30 21:00:00,0.0
2025-03-30 22:00:00,0.0
2025-03-30 23:00:00,0.0
2025-03-31 00:00:00,0.0
2025-03-31 01:00:00,0.0
2025-03-31 02:00:00,0.0
2025-03-31 03:00:00,0.0
2025-03-31 04:00:00,0.0
2025-03-31 05:00:00,0.0
2025-03-31 06:00:00,33.23
2025-03-31 07:00:00,207.41
2025-03-31 08:00:00,374.22
2025-03-31 09:00:00,443.59
2025-03-31 10:00:00,429.25
2025-03-31 11:00:00,453.87
2025-03-31 12:00:00,422.04
2025-03-31 13:00:00,617.03
2025-03-31 14:00:00,377.75
2025-03-31 15:00:00,298.26
2025-03-31 16:00:00,174.34
2025-03-31 17:00:00,22.94
2025-03-31 18:00:00,0.0
2025-03-31 19:00:00,0.0
2025-03-31 20:00:00,0.0
2025-03-31 21:00:00,0.0
2025-03-31 22:00:00,0.0
2025-03-31 23:00:00,0.0
2025-04-01 00:00:00,0.0
2025-04-01 01:00:00,0.0
2025-04-01 02:00:00,0.0
2025-04-01 03:00:00,0.0
2025-04-01 04:00:00,0.0
2025-04-01 05:00:00,0.0
2025-04-01 06:00:00,9.19
2025-04-01 07:00:00,69.48
2025-04-01 08:00:00,181.31
2025-04-01 09:00:00,227.74
2025-04-01 10:00:00,280.77
2025-04-01 11:00:00,404.95
2025-04-01 12:00:00,413.27
2025-04-01 13:00:00,438.54
2025-04-01 14:00:00,354.66
2025-04-01 15:00:00,250.48
2025-04-01 16:00:00,124.73
2025-04-01 17:00:00,42.4
2025-04-01 18:00:00,0.0
2025-04-01 19:00:00,0.0
2025-04-01 20:00:00,0.0
2025-04-01 21:00:00,0.0
2025-04-01 22:00:00,0.0
2025-04-01 23:00:00,0.0
2025-04-02 00:00:00,0.0
2025-04-02 01:00:00,0.0
2025-04-02 02:00:00,0.0
2025-04-02 03:00:00,0.0
2025-04-02 04:00:00,0.0
2025-04-02 05:00:00,0.0
2025-04-02 06:00:00,78.8
2025-04-02 07:00:00,385.11
2025-04-02 08:00:00,468.0
2025-04-02 09:00:00,557.48
2025-04-02 10:00:00,533.96
2025-04-02 11:00:00,502.55
2025-04-02 12:00:00,525.58
2025-04-02 13:00:00,522.73
2025-04-02 14:00:00,601.74
2025-04-02 15:00:00,498.24
2025-04-02 16:00:00,295.52
2025-04-02 17:00:00,43.0
2025-04-02 18:00:00,0.0
2025-04-02 19:00:00,0.0
2025-04-02 20:00:00,0.0
2025-04-02 21:00:00,0.0
2025-04-02 22:00:00,0.0
2025-04-02 23:00:00,0.0
2025-04-03 00:00:00,0.0
2025-04-03 01:00:00,0.0
2025-04-03 02:00:00,0.0
2025-04-03 03:00:00,0.0
2025-04-03 04:00:00,0.0
2025-04-03 05:00:00,0.0
2025-04-03 06:00:00,50.3
2025-04-03 07:00:00,250.22
2025-04-03 08:00:00,344.96
2025-04-03 09:00:00,476.28
2025-04-03 10:00:00,528.14
2025-04-03 11:00:00,516.89
2025-04-03 12:00:00,494.44
2025-04-03 13:00:00,574.38
2025-04-03 14:00:00,483.87
2025-04-03 15:00:00,284.65
2025-04-03 16:00:00,150.61
2025-04-03 17:00:00,21.34
2025-04-03 18:00:00,0.0
2025-04-03 19:00:00,0.0
2025-04-03 20:00:00,0.0
2025-04-03 21:00:00,0.0
2025-04-03 22:00:00,0.0
2025-04-03 23:00:00,0.0
2025-04-04 00:00:00,0.0
2025-04-04 01:00:00,0.0
2025-04-04 02:00:00,0.0
2025-04-04 03:00:00,0.0
2025-04-04 04:00:00,0.0
2025-04-04 05:00:00,0.0
2025-04-04 06:00:00,25.42
2025-04-04 07:00:00,222.84
2025-04-04 08:00:00,322.06
2025-04-04 09:00:00,433.48
2025-04-04 10:00:00,489.3
2025-04-04 11:00:00,600.71
2025-04-04 12:00:00,618.69
2025-04-04 13:00:00,393.12
2025-04-04 14:00:00,386.44
2025-04-04 15:00:00,200.78
2025-04-04 16:00:00,103.25
2025-04-04 17:00:00,27.46
2025-04-04 18:00:00,0.0
2025-04-04 19:00:00,0.0
2025-04-04 20:00:00,0.0
2025-04-04 21:00:00,0.0
2025-04-04 22:00:00,0.0
2025-04-04 23:00:00,0.0
2025-04-05 00:00:00,0.0
2025-04-05 01:00:00,0.0
2025-04-05 02:00:00,0.0
2025-04-05 03:00:00,0.0
2025-04-05 04:00:00,0.0
2025-04-05 05:00:00,0.0
2025-04-05 06:00:00,36.54
2025-04-05 07:00:00,188.45
2025-04-05 08:00:00,314.86
2025-04-05 09:00:00,357.74
2025-04-05 10:00:00,421.96
2025-04-05 11:00:00,615.98
2025-04-05 12:00:00,564.27
2025-04-05 13:00:00,508.56
2025-04-05 14:00:00,466.59
2025-04-05 15:00:00,305.58
2025-04-05 16:00:00,170.84
2025-04-05 17:00:00,30.88
2025-04-05 18:00:00,0.0
2025-04-05 19:00:00,0.0
2025-04-05 20:00:00,0.0
2025-04-05 21:00:00,0.0
2025-04-05 22:00:00,0.0
2025-04-05 23:00:00,0.0
2025-04-06 00:00:00,0.0
2025-04-06 01:00:00,0.0
2025-04-06 02:00:00,0.0
2025-04-06 03:00:00,0.0
2025-04-06 04:00:00,0.0
2025-04-06 05:00:00,0.0
2025-04-06 06:00:00,135.21
2025-04-06 07:00:00,420.78
2025-04-06 08:00:00,533.97
2025-04-06 09:00:00,605.46
2025-04-06 10:00:00,641.72
2025-04-06 11:00:00,615.43
2025-04-06 12:00:00,626.58
2025-04-06 13:00:00,628.42
2025-04-06 14:00:00,561.68
2025-04-06 15:00:00,386.29
2025-04-06 16:00:00,209.6
2025-04-06 17:00:00,31.23
2025-04-06 18:00:00,0.0
2025-04-06 19:00:00,0.0
2025-04-06 20:00:00,0.0
2025-04-06 21:00:00,0.0
2025-04-06 22:00:00,0.0
2025-04-06 23:00:00,0.0
2025-04-07 00:00:00,0.0
2025-04-07 01:00:00,0.0
2025-04-07 02:00:00,0.0
2025-04-07 03:00:00,0.0
2025-04-07 04:00:00,0.0
2025-04-07 05:00:00,0.0
2025-04-07 06:00:00,23.05
2025-04-07 07:00:00,116.74
2025-04-07 08:00:00,232.0
2025-04-07 09:00:00,357.64
2025-04-07 10:00:00,353.83
2025-04-07 11:00:00,422.19
2025-04-07 12:00:00,453.28
2025-04-07 13:00:00,496.15
2025-04-07 14:00:00,368.82
2025-04-07 15:00:00,352.2
2025-04-07 16:00:00,235.83
2025-04-07 17:00:00,43.31
2025-04-07 18:00:00,0.0
2025-04-07 19:00:00,0.0
2025-04-07 20:00:00,0.0
2025-04-07 21:00:00,0.0
2025-04-07 22:00:00,0.0
2025-04-07 23:00:00,0.0
2025-04-08 00:00:00,0.0
2025-04-08 01:00:00,0.0
2025-04-08 02:00:00,0.0
2025-04-08 03:00:00,0.0
2025-04-08 04:00:00,0.0
2025-04-08 05:00:00,0.0
2025-04-08 06:00:00,52.64
2025-04-08 07:00:00,241.74
2025-04-08 08:00:00,500.82
2025-04-08 09:00:00,404.63
2025-04-08 10:00:00,421.2
2025-04-08 11:00:00,480.42
2025-04-08 12:00:00,502.27
2025-04-08 13:00:00,540.09
2025-04-08 14:00:00,490.97
2025-04-08 15:00:00,429.65
2025-04-08 16:00:00,248.0
2025-04-08 17:00:00,44.33
2025-04-08 18:00:00,0.0
2025-04-08 19:00:00,0.0
2025-04-08 20:00:00,0.0
2025-04-08 21:00:00,0.0
2025-04-08 22:00:00,0.0
2025-04-08 23:00:00,0.0
2025-04-09 00:00:00,0.0
2025-04-09 01:00:00,0.0
2025-04-09 02:00:00,0.0
2025-04-09 03:00:00,0.0
2025-04-09 04:00:00,0.0
2025-04-09 05:00:00,0.0
2025-04-09 06:00:00,34.54
2025-04-09 07:00:00,155.45
2025-04-09 08:00:00,249.86
2025-04-09 09:00:00,340.58
2025-04-09 10:00:00,384.96
2025-04-09 11:00:00,377.88
2025-04-09 12:00:00,142.16
2025-04-09 13:00:00,362.47
2025-04-09 14:00:00,306.83
2025-04-09 15:00:00,281.79
2025-04-09 16:00:00,143.33
2025-04-09 17:00:00,11.03
2025-04-09 18:00:00,0.0
2025-04-09 19:00:00,0.0
2025-04-09 20:00:00,0.0
2025-04-09 21:00:00,0.0
2025-04-09 22:00:00,0.0
2025-04-09 23:00:00,0.0
2025-04-10 00:00:00,0.0
2025-04-10 01:00:00,0.0
2025-04-10 02:00:00,0.0
2025-04-10 03:00:00,0.0
2025-04-10 04:00:00,0.0
2025-04-10 05:00:00,0.0
2025-04-10 06:00:00,0.0
2025-04-10 07:00:00,0.0
2025-04-10 08:00:00,0.0
2025-04-10 09:00:00,0.08
2025-04-10 10:00:00,0.54
2025-04-10 11:00:00,5.14
2025-04-10 12:00:00,0.1
2025-04-10 13:00:00,0.84
2025-04-10 14:00:00,8.35
2025-04-10 15:00:00,7.47
2025-04-10 16:00:00,0.0
2025-04-10 17:00:00,0.0
2025-04-10 18:00:00,0.0
2025-04-10 19:00:00,0.0
2025-04-10 20:00:00,0.0
2025-04-10 21:00:00,0.0
2025-04-10 22:00:00,0.0
2025-04-10 23:00:00,0.0
2025-04-11 00:00:00,0.0
2025-04-11 01:00:00,0.0
2025-04-11 02:00:00,0.0
2025-04-11 03:00:00,0.0
2025-04-11 04:00:00,0.0
2025-04-11 05:00:00,0.0
2025-04-11 06:00:00,45.12
2025-04-11 07:00:00,243.78
2025-04-11 08:00:00,323.07
2025-04-11 09:00:00,400.0
2025-04-11 10:00:00,287.97
2025-04-11 11:00:00,365.41
2025-04-11 12:00:00,485.98
2025-04-11 13:00:00,469.1
2025-04-11 14:00:00,448.57
2025-04-11 15:00:00,326.27
2025-04-11 16:00:00,155.55
2025-04-11 17:00:00,26.9
2025-04-11 18:00:00,0.0
2025-04-11 19:00:00,0.0
2025-04-11 20:00:00,0.0
2025-04-11 21:00:00,0.0
2025-04-11 22:00:00,0.0
2025-04-11 23:00:00,0.0
2025-04-12 00:00:00,0.0
2025-04-12 01:00:00,0.0
2025-04-12 02:00:00,0.0
2025-04-12 03:00:00,0.0
2025-04-12 04:00:00,0.0
2025-04-12 05:00:00,0.0
2025-04-12 06:00:00,17.86
2025-04-12 07:00:00,56.02
2025-04-12 08:00:00,50.41
2025-04-12 09:00:00,34.53
2025-04-12 10:00:00,36.3
2025-04-12 11:00:00,68.95
2025-04-12 12:00:00,20.98
2025-04-12 13:00:00,93.09
2025-04-12 14:00:00,340.68
2025-04-12 15:00:00,307.92
2025-04-12 16:00:00,157.72
2025-04-12 17:00:00,36.92
2025-04-12 18:00:00,0.0
2025-04-12 19:00:00,0.0
2025-04-12 20:00:00,0.0
2025-04-12 21:00:00,0.0
2025-04-12 22:00:00,0.0
2025-04-12 23:00:00,0.0
2025-04-13 00:00:00,0.0
2025-04-13 01:00:00,0.0
2025-04-13 02:00:00,0.0
2025-04-13 03:00:00,0.0
2025-04-13 04:00:00,0.0
2025-04-13 05:00:00,0.0
2025-04-13 06:00:00,48.25
2025-04-13 07:00:00,203.43
2025-04-13 08:00:00,273.71
2025-04-13 09:00:00,391.03
2025-04-13 10:00:00,480.56
2025-04-13 11:00:00,476.5
2025-04-13 12:00:00,516.76
2025-04-13 13:00:00,455.18
2025-04-13 14:00:00,382.27
2025-04-13 15:00:00,376.57
2025-04-13 16:00:00,233.5
2025-04-13 17:00:00,39.63
2025-04-13 18:00:00,0.0
2025-04-13 19:00:00,0.0
2025-04-13 20:00:00,0.0
2025-04-13 21:00:00,0.0
2025-04-13 22:00:00,0.0
2025-04-13 23:00:00,0.0
2025-04-14 00:00:00,0.0
2025-04-14 01:00:00,0.0
2025-04-14 02:00:00,0.0
2025-04-14 03:00:00,0.0
2025-04-14 04:00:00,0.0
2025-04-14 05:00:00,0.0
2025-04-14 06:00:00,29.62
2025-04-14 07:00:00,186.8
2025-04-14 08:00:00,306.61
2025-04-14 09:00:00,402.78
2025-04-14 10:00:00,395.34
2025-04-14 11:00:00,539.84
2025-04-14 12:00:00,435.88
2025-04-14 13:00:00,506.55
2025-04-14 14:00:00,462.42
2025-04-14 15:00:00,344.22
2025-04-14 16:00:00,164.42
2025-04-14 17:00:00,20.94
2025-04-14 18:00:00,0.0
2025-04-14 19:00:00,0.0
2025-04-14 20:00:00,0.0
2025-04-14 21:00:00,0.0
2025-04-14 22:00:00,0.0
2025-04-14 23:00:00,0.0
2025-04-15 00:00:00,0.0
2025-04-15 01:00:00,0.0
2025-04-15 02:00:00,0.0
2025-04-15 03:00:00,0.0
2025-04-15 04:00:00,0.0
2025-04-15 05:00:00,0.0
2025-04-15 06:00:00,47.0
2025-04-15 07:00:00,197.21
2025-04-15 08:00:00,367.72
2025-04-15 09:00:00,443.75
2025-04-15 10:00:00,498.85
2025-04-15 11:00:00,548.64
2025-04-15 12:00:00,490.5
2025-04-15 13:00:00,510.66
2025-04-15 14:00:00,443.77
2025-04-15 15:00:00,349.71
2025-04-15 16:00:00,239.26
2025-04-15 17:00:00,44.59
2025-04-15 18:00:00,0.0
2025-04-15 19:00:00,0.0
2025-04-15 20:00:00,0.0
2025-04-15 21:00:00,0.0
2025-04-15 22:00:00,0.0
2025-04-15 23:00:00,0.0
2025-04-16 00:00:00,0.0
2025-04-16 01:00:00,0.0
2025-04-16 02:00:00,0.0
2025-04-16 03:00:00,0.0
2025-04-16 04:00:00,0.0
2025-04-16 05:00:00,0.0
2025-04-16 06:00:00,110.5
2025-04-16 07:00:00,338.68
2025-04-16 08:00:00,546.78
2025-04-16 09:00:00,678.04
2025-04-16 10:00:00,560.37
2025-04-16 11:00:00,605.19
2025-04-16 12:00:00,562.88
2025-04-16 13:00:00,668.84
2025-04-16 14:00:00,555.1
2025-04-16 15:00:00,483.15
2025-04-16 16:00:00,316.88
2025-04-16 17:00:00,58.75
2025-04-16 18:00:00,0.0
2025-04-16 19:00:00,0.0
2025-04-16 20:00:00,0.0
2025-04-16 21:00:00,0.0
2025-04-16 22:00:00,0.0
2025-04-16 23:00:00,0.0
2025-04-17 00:00:00,0.0
2025-04-17 01:00:00,0.0
2025-04-17 02:00:00,0.0
2025-04-17 03:00:00,0.0
2025-04-17 04:00:00,0.0
2025-04-17 05:00:00,0.0
2025-04-17 06:00:00,30.92
2025-04-17 07:00:00,138.11
2025-04-17 08:00:00,340.0
2025-04-17 09:00:00,344.1
2025-04-17 10:00:00,342.54
2025-04-17 11:00:00,498.57
2025-04-17 12:00:00,475.87
2025-04-17 13:00:00,489.47
2025-04-17 14:00:00,481.26
2025-04-17 15:00:00,416.94
2025-04-17 16:00:00,195.82
2025-04-17 17:00:00,25.27
2025-04-17 18:00:00,0.0
2025-04-17 19:00:00,0.0
2025-04-17 20:00:00,0.0
2025-04-17 21:00:00,0.0
2025-04-17 22:00:00,0.0
2025-04-17 23:00:00,0.0
2025-04-18 00:00:00,0.0
2025-04-18 01:00:00,0.0
2025-04-18 02:00:00,0.0
2025-04-18 03:00:00,0.0
2025-04-18 04:00:00,0.0
2025-04-18 05:00:00,0.0
2025-04-18 06:00:00,18.06
2025-04-18 07:00:00,97.03
2025-04-18 08:00:00,194.98
2025-04-18 09:00:00,164.35
2025-04-18 10:00:00,237.97
2025-04-18 11:00:00,402.44
2025-04-18 12:00:00,601.46
2025-04-18 13:00:00,402.03
2025-04-18 14:00:00,345.82
2025-04-18 15:00:00,272.67
2025-04-18 16:00:00,115.62
2025-04-18 17:00:00,9.49
2025-04-18 18:00:00,0.0
2025-04-18 19:00:00,0.0
2025-04-18 20:00:00,0.0
2025-04-18 21:00:00,0.0
2025-04-18 22:00:00,0.0
2025-04-18 23:00:00,0.0
2025-04-19 00:00:00,0.0
2025-04-19 01:00:00,0.0
2025-04-19 02:00:00,0.0
2025-04-19 03:00:00,0.0
2025-04-19 04:00:00,0.0
2025-04-19 05:00:00,0.0
2025-04-19 06:00:00,51.42
2025-04-19 07:00:00,169.19
2025-04-19 08:00:00,272.93
2025-04-19 09:00:00,354.53
2025-04-19 10:00:00,369.24
2025-04-19 11:00:00,432.29
2025-04-19 12:00:00,396.56
2025-04-19 13:00:00,395.69
2025-04-19 14:00:00,340.82
2025-04-19 15:00:00,172.4
2025-04-19 16:00:00,74.06
2025-04-19 17:00:00,8.2
2025-04-19 18:00:00,0.0
2025-04-19 19:00:00,0.0
2025-04-19 20:00:00,0.0
2025-04-19 21:00:00,0.0
2025-04-19 22:00:00,0.0
2025-04-19 23:00:00,0.0
2025-04-20 00:00:00,0.0
2025-04-20 01:00:00,0.0
2025-04-20 02:00:00,0.0
2025-04-20 03:00:00,0.0
2025-04-20 04:00:00,0.0
2025-04-20 05:00:00,0.0
2025-04-20 06:00:00,16.88
2025-04-20 07:00:00,102.28
2025-04-20 08:00:00,139.05
2025-04-20 09:00:00,241.41
2025-04-20 10:00:00,303.23
2025-04-20 11:00:00,492.09
2025-04-20 12:00:00,434.11
2025-04-20 13:00:00,426.57
2025-04-20 14:00:00,427.57
2025-04-20 15:00:00,325.94
2025-04-20 16:00:00,179.12
2025-04-20 17:00:00,26.78
2025-04-20 18:00:00,0.0
2025-04-20 19:00:00,0.0
2025-04-20 20:00:00,0.0
2025-04-20 21:00:00,0.0
2025-04-20 22:00:00,0.0
2025-04-20 23:00:00,0.0
2025-04-21 00:00:00,0.0
2025-04-21 01:00:00,0.0
2025-04-21 02:00:00,0.0
2025-04-21 03:00:00,0.0
2025-04-21 04:00:00,0.0
2025-04-21 05:00:00,0.0
2025-04-21 06:00:00,59.78
2025-04-21 07:00:00,206.74
2025-04-21 08:00:00,322.99
2025-04-21 09:00:00,424.07
2025-04-21 10:00:00,435.76
2025-04-21 11:00:00,477.94
2025-04-21 12:00:00,422.48
2025-04-21 13:00:00,425.31
2025-04-21 14:00:00,414.09
2025-04-21 15:00:00,266.32
2025-04-21 16:00:00,135.88
2025-04-21 17:00:00,9.46
2025-04-21 18:00:00,0.0
2025-04-21 19:00:00,0.0
2025-04-21 20:00:00,0.0
2025-04-21 21:00:00,0.0
2025-04-21 22:00:00,0.0
2025-04-21 23:00:00,0.0
2025-04-22 00:00:00,0.0
2025-04-22 01:00:00,0.0
2025-04-22 02:00:00,0.0
2025-04-22 03:00:00,0.0
2025-04-22 04:00:00,0.0
2025-04-22 05:00:00,0.0
2025-04-22 06:00:00,11.72
2025-04-22 07:00:00,35.86
2025-04-22 08:00:00,70.85
2025-04-22 09:00:00,63.42
2025-04-22 10:00:00,82.68
2025-04-22 11:00:00,113.72
2025-04-22 12:00:00,97.05
2025-04-22 13:00:00,144.98
2025-04-22 14:00:00,283.3
2025-04-22 15:00:00,226.94
2025-04-22 16:00:00,96.71
2025-04-22 17:00:00,9.77
2025-04-22 18:00:00,0.0
2025-04-22 19:00:00,0.0
2025-04-22 20:00:00,0.0
2025-04-22 21:00:00,0.0
2025-04-22 22:00:00,0.0
2025-04-22 23:00:00,0.0
2025-04-23 00:00:00,0.0
2025-04-23 01:00:00,0.0
2025-04-23 02:00:00,0.0
2025-04-23 03:00:00,0.0
2025-04-23 04:00:00,0.0
2025-04-23 05:00:00,0.0
2025-04-23 06:00:00,18.41
2025-04-23 07:00:00,75.0
2025-04-23 08:00:00,211.91
2025-04-23 09:00:00,219.36
2025-04-23 10:00:00,253.51
2025-04-23 11:00:00,340.32
2025-04-23 12:00:00,478.1
2025-04-23 13:00:00,595.71
2025-04-23 14:00:00,310.54
2025-04-23 15:00:00,207.23
2025-04-23 16:00:00,64.07
2025-04-23 17:00:00,11.99
2025-04-23 18:00:00,0.0
2025-04-23 19:00:00,0.0
2025-04-23 20:00:00,0.0
2025-04-23 21:00:00,0.0
2025-04-23 22:00:00,0.0
2025-04-23 23:00:00,0.0
2025-04-24 00:00:00,0.0
2025-04-24 01:00:00,0.0
2025-04-24 02:00:00,0.0
2025-04-24 03:00:00,0.0
2025-04-24 04:00:00,0.0
2025-04-24 05:00:00,0.0
2025-04-24 06:00:00,59.65
2025-04-24 07:00:00,247.86
2025-04-24 08:00:00,407.35
2025-04-24 09:00:00,463.76
2025-04-24 10:00:00,505.89
2025-04-24 11:00:00,553.19
2025-04-24 12:00:00,550.46
2025-04-24 13:00:00,501.87
2025-04-24 14:00:00,505.12
2025-04-24 15:00:00,313.19
2025-04-24 16:00:00,147.58
2025-04-24 17:00:00,19.54
2025-04-24 18:00:00,0.0
2025-04-24 19:00:00,0.0
2025-04-24 20:00:00,0.0
2025-04-24 21:00:00,0.0
2025-04-24 22:00:00,0.0
2025-04-24 23:00:00,0.0
2025-04-25 00:00:00,0.0
2025-04-25 01:00:00,0.0
2025-04-25 02:00:00,0.0
2025-04-25 03:00:00,0.0
2025-04-25 04:00:00,0.0
2025-04-25 05:00:00,0.0
2025-04-25 06:00:00,28.43
2025-04-25 07:00:00,60.67
2025-04-25 08:00:00,149.17
2025-04-25 09:00:00,84.42
2025-04-25 10:00:00,48.88
2025-04-25 11:00:00,71.51
2025-04-25 12:00:00,90.79
2025-04-25 13:00:00,120.16
2025-04-25 14:00:00,32.53
2025-04-25 15:00:00,84.32
2025-04-25 16:00:00,35.97
2025-04-25 17:00:00,4.88
2025-04-25 18:00:00,0.0
2025-04-25 19:00:00,0.0
2025-04-25 20:00:00,0.0
2025-04-25 21:00:00,0.0
2025-04-25 22:00:00,0.0
2025-04-25 23:00:00,0.0
2025-04-26 00:00:00,0.0
2025-04-26 01:00:00,0.0
2025-04-26 02:00:00,0.0
2025-04-26 03:00:00,0.0
2025-04-26 04:00:00,0.0
2025-04-26 05:00:00,0.0
2025-04-26 06:00:00,10.03
2025-04-26 07:00:00,48.34
2025-04-26 08:00:00,94.99
2025-04-26 09:00:00,80.01
2025-04-26 10:00:00,48.96
2025-04-26 11:00:00,69.66
2025-04-26 12:00:00,134.91
2025-04-26 13:00:00,69.62
2025-04-26 14:00:00,52.07
2025-04-26 15:00:00,18.45
2025-04-26 16:00:00,15.51
2025-04-26 17:00:00,7.27
2025-04-26 18:00:00,0.0
2025-04-26 19:00:00,0.0
2025-04-26 20:00:00,0.0
2025-04-26 21:00:00,0.0
2025-04-26 22:00:00,0.0
2025-04-26 23:00:00,0.0
2025-04-27 00:00:00,0.0
2025-04-27 01:00:00,0.0
2025-04-27 02:00:00,0.0
2025-04-27 03:00:00,0.0
2025-04-27 04:00:00,0.0
2025-04-27 05:00:00,0.0
2025-04-27 06:00:00,49.8
2025-04-27 07:00:00,200.38
2025-04-27 08:00:00,252.23
2025-04-27 09:00:00,240.82
2025-04-27 10:00:00,434.68
2025-04-27 11:00:00,479.0
2025-04-27 12:00:00,509.33
2025-04-27 13:00:00,971.81
2025-04-27 14:00:00,480.61
2025-04-27 15:00:00,359.74
2025-04-27 16:00:00,170.22
2025-04-27 17:00:00,16.91
2025-04-27 18:00:00,0.0
2025-04-27 19:00:00,0.0
2025-04-27 20:00:00,0.0
2025-04-27 21:00:00,0.0
2025-04-27 22:00:00,0.0
2025-04-27 23:00:00,0.0
2025-04-28 00:00:00,0.0
2025-04-28 01:00:00,0.0
2025-04-28 02:00:00,0.0
2025-04-28 03:00:00,0.0
2025-04-28 04:00:00,0.0
2025-04-28 05:00:00,0.0
2025-04-28 06:00:00,54.59
2025-04-28 07:00:00,75.41
2025-04-28 08:00:00,208.73
2025-04-28 09:00:00,140.91
2025-04-28 10:00:00,257.24
2025-04-28 11:00:00,329.48
2025-04-28 12:00:00,442.94
2025-04-28 13:00:00,274.35
2025-04-28 14:00:00,265.84
2025-04-28 15:00:00,196.22
2025-04-28 16:00:00,99.48
2025-04-28 17:00:00,15.34
2025-04-28 18:00:00,0.0
2025-04-28 19:00:00,0.0
2025-04-28 20:00:00,0.0
2025-04-28 21:00:00,0.0
2025-04-28 22:00:00,0.0
2025-04-28 23:00:00,0.0
2025-04-29 00:00:00,0.0
2025-04-29 01:00:00,0.0
2025-04-29 02:00:00,0.0
2025-04-29 03:00:00,0.0
2025-04-29 04:00:00,0.0
2025-04-29 05:00:00,0.0
2025-04-29 06:00:00,109.23
2025-04-29 07:00:00,349.52
2025-04-29 08:00:00,448.38
2025-04-29 09:00:00,554.41
2025-04-29 10:00:00,527.91
2025-04-29 11:00:00,548.85
2025-04-29 12:00:00,595.13
2025-04-29 13:00:00,554.98
2025-04-29 14:00:00,510.75
2025-04-29 15:00:00,355.6
2025-04-29 16:00:00,200.76
2025-04-29 17:00:00,34.93
2025-04-29 18:00:00,0.0
2025-04-29 19:00:00,0.0
2025-04-29 20:00:00,0.0
2025-04-29 21:00:00,0.0
2025-04-29 22:00:00,0.0
2025-04-29 23:00:00,0.0
2025-04-30 00:00:00,-999.0
2025-04-30 01:00:00,-999.0
2025-04-30 02:00:00,-999.0
2025-04-30 03:00:00,-999.0
2025-04-30 04:00:00,-999.0
2025-04-30 05:00:00,-999.0
2025-04-30 06:00:00,-999.0
2025-04-30 07:00:00,-999.0
2025-04-30 08:00:00,-999.0
2025-04-30 09:00:00,-999.0
2025-04-30 10:00:00,-999.0
2025-04-30 11:00:00,-999.0
2025-04-30 12:00:00,-999.0
2025-04-30 13:00:00,-999.0
2025-04-30 14:00:00,-999.0
2025-04-30 15:00:00,-999.0
2025-04-30 16:00:00,-999.0
2025-04-30 17:00:00,-999.0
2025-04-30 18:00:00,-999.0
2025-04-30 19:00:00,-999.0
2025-04-30 20:00:00,-999.0
2025-04-30 21:00:00,-999.0
2025-04-30 22:00:00,-999.0
2025-04-30 23:00:00,-999.0
2025-05-01 00:00:00,-999.0
2025-05-01 01:00:00,-999.0
2025-05-01 02:00:00,-999.0
2025-05-01 03:00:00,-999.0
2025-05-01 04:00:00,-999.0
2025-05-01 05:00:00,-999.0
2025-05-01 06:00:00,-999.0
2025-05-01 07:00:00,-999.0
2025-05-01 08:00:00,-999.0
2025-05-01 09:00:00,-999.0
2025-05-01 10:00:00,-999.0
2025-05-01 11:00:00,-999.0
2025-05-01 12:00:00,-999.0
2025-05-01 13:00:00,-999.0
2025-05-01 14:00:00,-999.0
2025-05-01 15:00:00,-999.0
2025-05-01 16:00:00,-999.0
2025-05-01 17:00:00,-999.0
2025-05-01 18:00:00,-999.0
2025-05-01 19:00:00,-999.0
2025-05-01 20:00:00,-999.0
2025-05-01 21:00:00,-999.0
2025-05-01 22:00:00,-999.0
2025-05-01 23:00:00,-999.0
2025-05-02 00:00:00,-999.0
2025-05-02 01:00:00,-999.0
2025-05-02 02:00:00,-999.0
2025-05-02 03:00:00,-999.0
2025-05-02 04:00:00,-999.0
2025-05-02 05:00:00,-999.0
2025-05-02 06:00:00,-999.0
2025-05-02 07:00:00,-999.0
2025-05-02 08:00:00,-999.0
2025-05-02 09:00:00,-999.0
2025-05-02 10:00:00,-999.0
2025-05-02 11:00:00,-999.0
2025-05-02 12:00:00,-999.0
2025-05-02 13:00:00,-999.0
2025-05-02 14:00:00,-999.0
2025-05-02 15:00:00,-999.0
2025-05-02 16:00:00,-999.0
2025-05-02 17:00:00,-999.0
2025-05-02 18:00:00,-999.0
2025-05-02 19:00:00,-999.0
2025-05-02 20:00:00,-999.0
2025-05-02 21:00:00,-999.0
2025-05-02 22:00:00,-999.0
2025-05-02 23:00:00,-999.0
2025-05-03 00:00:00,-999.0
2025-05-03 01:00:00,-999.0
2025-05-03 02:00:00,-999.0
2025-05-03 03:00:00,-999.0
2025-05-03 04:00:00,-999.0
2025-05-03 05:00:00,-999.0
2025-05-03 06:00:00,-999.0
2025-05-03 07:00:00,-999.0
2025-05-03 08:00:00,-999.0
2025-05-03 09:00:00,-999.0
2025-05-03 10:00:00,-999.0
2025-05-03 11:00:00,-999.0
2025-05-03 12:00:00,-999.0
2025-05-03 13:00:00,-999.0
2025-05-03 14:00:00,-999.0
2025-05-03 15:00:00,-999.0
2025-05-03 16:00:00,-999.0
2025-05-03 17:00:00,-999.0
2025-05-03 18:00:00,-999.0
2025-05-03 19:00:00,-999.0
2025-05-03 20:00:00,-999.0
2025-05-03 21:00:00,-999.0
2025-05-03 22:00:00,-999.0
2025-05-03 23:00:00,-999.0
2025-05-04 00:00:00,-999.0
2025-05-04 01:00:00,-999.0
2025-05-04 02:00:00,-999.0
2025-05-04 03:00:00,-999.0
2025-05-04 04:00:00,-999.0
2025-05-04 05:00:00,-999.0
2025-05-04 06:00:00,-999.0
2025-05-04 07:00:00,-999.0
2025-05-04 08:00:00,-999.0
2025-05-04 09:00:00,-999.0
2025-05-04 10:00:00,-999.0
2025-05-04 11:00:00,-999.0
2025-05-04 12:00:00,-999.0
2025-05-04 13:00:00,-999.0
2025-05-04 14:00:00,-999.0
2025-05-04 15:00:00,-999.0
2025-05-04 16:00:00,-999.0
2025-05-04 17:00:00,-999.0
2025-05-04 18:00:00,-999.0
2025-05-04 19:00:00,-999.0
2025-05-04 20:00:00,-999.0
2025-05-04 21:00:00,-999.0
2025-05-04 22:00:00,-999.0
2025-05-04 23:00:00,-999.0
2025-05-05 00:00:00,-999.0
2025-05-05 01:00:00,-999.0
2025-05-05 02:00:00,-999.0
2025-05-05 03:00:00,-999.0
2025-05-05 04:00:00,-999.0
2025-05-05 05:00:00,-999.0
2025-05-05 06:00:00,-999.0
2025-05-05 07:00:00,-999.0
2025-05-05 08:00:00,-999.0
2025-05-05 09:00:00,-999.0
2025-05-05 10:00:00,-999.0
2025-05-05 11:00:00,-999.0
2025-05-05 12:00:00,-999.0
2025-05-05 13:00:00,-999.0
2025-05-05 14:00:00,-999.0
2025-05-05 15:00:00,-999.0
2025-05-05 16:00:00,-999.0
2025-05-05 17:00:00,-999.0
2025-05-05 18:00:00,-999.0
2025-05-05 19:00:00,-999.0
2025-05-05 20:00:00,-999.0
2025-05-05 21:00:00,-999.0
2025-05-05 22:00:00,-999.0
2025-05-05 23:00:00,-999.0
2025-05-06 00:00:00,-999.0
2025-05-06 01:00:00,-999.0
2025-05-06 02:00:00,-999.0
2025-05-06 03:00:00,-999.0
2025-05-06 04:00:00,-999.0
2025-05-06 05:00:00,-999.0
2025-05-06 06:00:00,-999.0
2025-05-06 07:00:00,-999.0
2025-05-06 08:00:00,-999.0
2025-05-06 09:00:00,-999.0
2025-05-06 10:00:00,-999.0
2025-05-06 11:00:00,-999.0
2025-05-06 12:00:00,-999.0
2025-05-06 13:00:00,-999.0
2025-05-06 14:00:00,-999.0
2025-05-06 15:00:00,-999.0
2025-05-06 16:00:00,-999.0
2025-05-06 17:00:00,-999.0
2025-05-06 18:00:00,-999.0
2025-05-06 19:00:00,-999.0
2025-05-06 20:00:00,-999.0
2025-05-06 21:00:00,-999.0
2025-05-06 22:00:00,-999.0
2025-05-06 23:00:00,-999.0
2025-05-07 00:00:00,-999.0
2025-05-07 01:00:00,-999.0
2025-05-07 02:00:00,-999.0
2025-05-07 03:00:00,-999.0
2025-05-07 04:00:00,-999.0
2025-05-07 05:00:00,-999.0
2025-05-07 06:00:00,-999.0
2025-05-07 07:00:00,-999.0
2025-05-07 08:00:00,-999.0
2025-05-07 09:00:00,-999.0
2025-05-07 10:00:00,-999.0
2025-05-07 11:00:00,-999.0
2025-05-07 12:00:00,-999.0
2025-05-07 13:00:00,-999.0
2025-05-07 14:00:00,-999.0
2025-05-07 15:00:00,-999.0
2025-05-07 16:00:00,-999.0
2025-05-07 17:00:00,-999.0
2025-05-07 18:00:00,-999.0
2025-05-07 19:00:00,-999.0
2025-05-07 20:00:00,-999.0
2025-05-07 21:00:00,-999.0
2025-05-07 22:00:00,-999.0
2025-05-07 23:00:00,-999.0
2025-05-08 00:00:00,-999.0
2025-05-08 01:00:00,-999.0
2025-05-08 02:00:00,-999.0
2025-05-08 03:00:00,-999.0
2025-05-08 04:00:00,-999.0
2025-05-08 05:00:00,-999.0
2025-05-08 06:00:00,-999.0
2025-05-08 07:00:00,-999.0
2025-05-08 08:00:00,-999.0
2025-05-08 09:00:00,-999.0
2025-05-08 10:00:00,-999.0
2025-05-08 11:00:00,-999.0
2025-05-08 12:00:00,-999.0
2025-05-08 13:00:00,-999.0
2025-05-08 14:00:00,-999.0
2025-05-08 15:00:00,-999.0
2025-05-08 16:00:00,-999.0
2025-05-08 17:00:00,-999.0
2025-05-08 18:00:00,-999.0
2025-05-08 19:00:00,-999.0
2025-05-08 20:00:00,-999.0
2025-05-08 21:00:00,-999.0
2025-05-08 22:00:00,-999.0
2025-05-08 23:00:00,-999.0
2025-05-09 00:00:00,-999.0
2025-05-09 01:00:00,-999.0
2025-05-09 02:00:00,-999.0
2025-05-09 03:00:00,-999.0
2025-05-09 04:00:00,-999.0
2025-05-09 05:00:00,-999.0
2025-05-09 06:00:00,-999.0
2025-05-09 07:00:00,-999.0
2025-05-09 08:00:00,-999.0
2025-05-09 09:00:00,-999.0
2025-05-09 10:00:00,-999.0
2025-05-09 11:00:00,-999.0
2025-05-09 12:00:00,-999.0
2025-05-09 13:00:00,-999.0
2025-05-09 14:00:00,-999.0
2025-05-09 15:00:00,-999.0
2025-05-09 16:00:00,-999.0
2025-05-09 17:00:00,-999.0
2025-05-09 18:00:00,-999.0
2025-05-09 19:00:00,-999.0
2025-05-09 20:00:00,-999.0
2025-05-09 21:00:00,-999.0
2025-05-09 22:00:00,-999.0
2025-05-09 23:00:00,-999.0
2025-05-10 00:00:00,-999.0
2025-05-10 01:00:00,-999.0
2025-05-10 02:00:00,-999.0
2025-05-10 03:00:00,-999.0
2025-05-10 04:00:00,-999.0
2025-05-10 05:00:00,-999.0
2025-05-10 06:00:00,-999.0
2025-05-10 07:00:00,-999.0
2025-05-10 08:00:00,-999.0
2025-05-10 09:00:00,-999.0
2025-05-10 10:00:00,-999.0
2025-05-10 11:00:00,-999.0
2025-05-10 12:00:00,-999.0
2025-05-10 13:00:00,-999.0
2025-05-10 14:00:00,-999.0
2025-05-10 15:00:00,-999.0
2025-05-10 16:00:00,-999.0
2025-05-10 17:00:00,-999.0
2025-05-10 18:00:00,-999.0
2025-05-10 19:00:00,-999.0
2025-05-10 20:00:00,-999.0
2025-05-10 21:00:00,-999.0
2025-05-10 22:00:00,-999.0
2025-05-10 23:00:00,-999.0
2025-05-11 00:00:00,-999.0
2025-05-11 01:00:00,-999.0
2025-05-11 02:00:00,-999.0
2025-05-11 03:00:00,-999.0
2025-05-11 04:00:00,-999.0
2025-05-11 05:00:00,-999.0
2025-05-11 06:00:00,-999.0
2025-05-11 07:00:00,-999.0
2025-05-11 08:00:00,-999.0
2025-05-11 09:00:00,-999.0
2025-05-11 10:00:00,-999.0
2025-05-11 11:00:00,-999.0
2025-05-11 12:00:00,-999.0
2025-05-11 13:00:00,-999.0
2025-05-11 14:00:00,-999.0
2025-05-11 15:00:00,-999.0
2025-05-11 16:00:00,-999.0
2025-05-11 17:00:00,-999.0
2025-05-11 18:00:00,-999.0
2025-05-11 19:00:00,-999.0
2025-05-11 20:00:00,-999.0
2025-05-11 21:00:00,-999.0
2025-05-11 22:00:00,-999.0
2025-05-11 23:00:00,-999.0
2025-05-12 00:00:00,-999.0
2025-05-12 01:00:00,-999.0
2025-05-12 02:00:00,-999.0
2025-05-12 03:00:00,-999.0
2025-05-12 04:00:00,-999.0
2025-05-12 05:00:00,-999.0
2025-05-12 06:00:00,-999.0
2025-05-12 07:00:00,-999.0
2025-05-12 08:00:00,-999.0
2025-05-12 09:00:00,-999.0
2025-05-12 10:00:00,-999.0
2025-05-12 11:00:00,-999.0
2025-05-12 12:00:00,-999.0
2025-05-12 13:00:00,-999.0
2025-05-12 14:00:00,-999.0
2025-05-12 15:00:00,-999.0
2025-05-12 16:00:00,-999.0
2025-05-12 17:00:00,-999.0
2025-05-12 18:00:00,-999.0
2025-05-12 19:00:00,-999.0
2025-05-12 20:00:00,-999.0
2025-05-12 21:00:00,-999.0
2025-05-12 22:00:00,-999.0
2025-05-12 23:00:00,-999.0
2025-05-13 00:00:00,-999.0
2025-05-13 01:00:00,-999.0
2025-05-13 02:00:00,-999.0
2025-05-13 03:00:00,-999.0
2025-05-13 04:00:00,-999.0
2025-05-13 05:00:00,-999.0
2025-05-13 06:00:00,-999.0
2025-05-13 07:00:00,-999.0
2025-05-13 08:00:00,-999.0
2025-05-13 09:00:00,-999.0
2025-05-13 10:00:00,-999.0
2025-05-13 11:00:00,-999.0
2025-05-13 12:00:00,-999.0
2025-05-13 13:00:00,-999.0
2025-05-13 14:00:00,-999.0
2025-05-13 15:00:00,-999.0
2025-05-13 16:00:00,-999.0
2025-05-13 17:00:00,-999.0
2025-05-13 18:00:00,-999.0
2025-05-13 19:00:00,-999.0
2025-05-13 20:00:00,-999.0
2025-05-13 21:00:00,-999.0
2025-05-13 22:00:00,-999.0
2025-05-13 23:00:00,-999.0
2025-05-14 00:00:00,-999.0
2025-05-14 01:00:00,-999.0
2025-05-14 02:00:00,-999.0
2025-05-14 03:00:00,-999.0
2025-05-14 04:00:00,-999.0
2025-05-14 05:00:00,-999.0
2025-05-14 06:00:00,-999.0
2025-05-14 07:00:00,-999.0
2025-05-14 08:00:00,-999.0
2025-05-14 09:00:00,-999.0
2025-05-14 10:00:00,-999.0
2025-05-14 11:00:00,-999.0
2025-05-14 12:00:00,-999.0
2025-05-14 13:00:00,-999.0
2025-05-14 14:00:00,-999.0
2025-05-14 15:00:00,-999.0
2025-05-14 16:00:00,-999.0
2025-05-14 17:00:00,-999.0
2025-05-14 18:00:00,-999.0
2025-05-14 19:00:00,-999.0
2025-05-14 20:00:00,-999.0
2025-05-14 21:00:00,-999.0
2025-05-14 22:00:00,-999.0
2025-05-14 23:00:00,-999.0
2025-05-15 00:00:00,-999.0
2025-05-15 01:00:00,-999.0
2025-05-15 02:00:00,-999.0
2025-05-15 03:00:00,-999.0
2025-05-15 04:00:00,-999.0
2025-05-15 05:00:00,-999.0
2025-05-15 06:00:00,-999.0
2025-05-15 07:00:00,-999.0
2025-05-15 08:00:00,-999.0
2025-05-15 09:00:00,-999.0
2025-05-15 10:00:00,-999.0
2025-05-15 11:00:00,-999.0
2025-05-15 12:00:00,-999.0
2025-05-15 13:00:00,-999.0
2025-05-15 14:00:00,-999.0
2025-05-15 15:00:00,-999.0
2025-05-15 16:00:00,-999.0
2025-05-15 17:00:00,-999.0
2025-05-15 18:00:00,-999.0
2025-05-15 19:00:00,-999.0
2025-05-15 20:00:00,-999.0
2025-05-15 21:00:00,-999.0
2025-05-15 22:00:00,-999.0
2025-05-15 23:00:00,-999.0
2025-05-16 00:00:00,-999.0
2025-05-16 01:00:00,-999.0
2025-05-16 02:00:00,-999.0
2025-05-16 03:00:00,-999.0
2025-05-16 04:00:00,-999.0
2025-05-16 05:00:00,-999.0
2025-05-16 06:00:00,-999.0
2025-05-16 07:00:00,-999.0
2025-05-16 08:00:00,-999.0
2025-05-16 09:00:00,-999.0
2025-05-16 10:00:00,-999.0
2025-05-16 11:00:00,-999.0
2025-05-16 12:00:00,-999.0
2025-05-16 13:00:00,-999.0
2025-05-16 14:00:00,-999.0
2025-05-16 15:00:00,-999.0
2025-05-16 16:00:00,-999.0
2025-05-16 17:00:00,-999.0
2025-05-16 18:00:00,-999.0
2025-05-16 19:00:00,-999.0
2025-05-16 20:00:00,-999.0
2025-05-16 21:00:00,-999.0
2025-05-16 22:00:00,-999.0
2025-05-16 23:00:00,-999.0
2025-05-17 00:00:00,-999.0
2025-05-17 01:00:00,-999.0
2025-05-17 02:00:00,-999.0
2025-05-17 03:00:00,-999.0
2025-05-17 04:00:00,-999.0
2025-05-17 05:00:00,-999.0
2025-05-17 06:00:00,-999.0
2025-05-17 07:00:00,-999.0
2025-05-17 08:00:00,-999.0
2025-05-17 09:00:00,-999.0
2025-05-17 10:00:00,-999.0
2025-05-17 11:00:00,-999.0
2025-05-17 12:00:00,-999.0
2025-05-17 13:00:00,-999.0
2025-05-17 14:00:00,-999.0
2025-05-17 15:00:00,-999.0
2025-05-17 16:00:00,-999.0
2025-05-17 17:00:00,-999.0
2025-05-17 18:00:00,-999.0
2025-05-17 19:00:00,-999.0
2025-05-17 20:00:00,-999.0
2025-05-17 21:00:00,-999.0
2025-05-17 22:00:00,-999.0
2025-05-17 23:00:00,-999.0
2025-05-18 00:00:00,-999.0
2025-05-18 01:00:00,-999.0
2025-05-18 02:00:00,-999.0
2025-05-18 03:00:00,-999.0
2025-05-18 04:00:00,-999.0
2025-05-18 05:00:00,-999.0
2025-05-18 06:00:00,-999.0
2025-05-18 07:00:00,-999.0
2025-05-18 08:00:00,-999.0
2025-05-18 09:00:00,-999.0
2025-05-18 10:00:00,-999.0
2025-05-18 11:00:00,-999.0
2025-05-18 12:00:00,-999.0
2025-05-18 13:00:00,-999.0
2025-05-18 14:00:00,-999.0
2025-05-18 15:00:00,-999.0
2025-05-18 16:00:00,-999.0
2025-05-18 17:00:00,-999.0
2025-05-18 18:00:00,-999.0
2025-05-18 19:00:00,-999.0
2025-05-18 20:00:00,-999.0
2025-05-18 21:00:00,-999.0
2025-05-18 22:00:00,-999.0
2025-05-18 23:00:00,-999.0
2025-05-19 00:00:00,-999.0
2025-05-19 01:00:00,-999.0
2025-05-19 02:00:00,-999.0
2025-05-19 03:00:00,-999.0
2025-05-19 04:00:00,-999.0
2025-05-19 05:00:00,-999.0
2025-05-19 06:00:00,-999.0
2025-05-19 07:00:00,-999.0
2025-05-19 08:00:00,-999.0
2025-05-19 09:00:00,-999.0
2025-05-19 10:00:00,-999.0
2025-05-19 11:00:00,-999.0
2025-05-19 12:00:00,-999.0
2025-05-19 13:00:00,-999.0
2025-05-19 14:00:00,-999.0
2025-05-19 15:00:00,-999.0
2025-05-19 16:00:00,-999.0
2025-05-19 17:00:00,-999.0
2025-05-19 18:00:00,-999.0
2025-05-19 19:00:00,-999.0
2025-05-19 20:00:00,-999.0
2025-05-19 21:00:00,-999.0
2025-05-19 22:00:00,-999.0
2025-05-19 23:00:00,-999.0
2025-05-20 00:00:00,-999.0
2025-05-20 01:00:00,-999.0
2025-05-20 02:00:00,-999.0
2025-05-20 03:00:00,-999.0
2025-05-20 04:00:00,-999.0
2025-05-20 05:00:00,-999.0
2025-05-20 06:00:00,-999.0
2025-05-20 07:00:00,-999.0
2025-05-20 08:00:00,-999.0
2025-05-20 09:00:00,-999.0
2025-05-20 10:00:00,-999.0
2025-05-20 11:00:00,-999.0
2025-05-20 12:00:00,-999.0
2025-05-20 13:00:00,-999.0
2025-05-20 14:00:00,-999.0
2025-05-20 15:00:00,-999.0
2025-05-20 16:00:00,-999.0
2025-05-20 17:00:00,-999.0
2025-05-20 18:00:00,-999.0
2025-05-20 19:00:00,-999.0
2025-05-20 20:00:00,-999.0
2025-05-20 21:00:00,-999.0
2025-05-20 22:00:00,-999.0
2025-05-20 23:00:00,-999.0
2025-05-21 00:00:00,-999.0
2025-05-21 01:00:00,-999.0
2025-05-21 02:00:00,-999.0
2025-05-21 03:00:00,-999.0
2025-05-21 04:00:00,-999.0
2025-05-21 05:00:00,-999.0
2025-05-21 06:00:00,-999.0
2025-05-21 07:00:00,-999.0
2025-05-21 08:00:00,-999.0
2025-05-21 09:00:00,-999.0
2025-05-21 10:00:00,-999.0
2025-05-21 11:00:00,-999.0
2025-05-21 12:00:00,-999.0
2025-05-21 13:00:00,-999.0
2025-05-21 14:00:00,-999.0
2025-05-21 15:00:00,-999.0
2025-05-21 16:00:00,-999.0
2025-05-21 17:00:00,-999.0
2025-05-21 18:00:00,-999.0
2025-05-21 19:00:00,-999.0
2025-05-21 20:00:00,-999.0
2025-05-21 21:00:00,-999.0
2025-05-21 22:00:00,-999.0
2025-05-21 23:00:00,-999.0
2025-05-22 00:00:00,-999.0
2025-05-22 01:00:00,-999.0
2025-05-22 02:00:00,-999.0
2025-05-22 03:00:00,-999.0
2025-05-22 04:00:00,-999.0
2025-05-22 05:00:00,-999.0
2025-05-22 06:00:00,-999.0
2025-05-22 07:00:00,-999.0
2025-05-22 08:00:00,-999.0
2025-05-22 09:00:00,-999.0
2025-05-22 10:00:00,-999.0
2025-05-22 11:00:00,-999.0
2025-05-22 12:00:00,-999.0
2025-05-22 13:00:00,-999.0
2025-05-22 14:00:00,-999.0
2025-05-22 15:00:00,-999.0
2025-05-22 16:00:00,-999.0
2025-05-22 17:00:00,-999.0
2025-05-22 18:00:00,-999.0
2025-05-22 19:00:00,-999.0
2025-05-22 20:00:00,-999.0
2025-05-22 21:00:00,-999.0
2025-05-22 22:00:00,-999.0
2025-05-22 23:00:00,-999.0
2025-05-23 00:00:00,-999.0
2025-05-23 01:00:00,-999.0
2025-05-23 02:00:00,-999.0
2025-05-23 03:00:00,-999.0
2025-05-23 04:00:00,-999.0
2025-05-23 05:00:00,-999.0
2025-05-23 06:00:00,-999.0
2025-05-23 07:00:00,-999.0
2025-05-23 08:00:00,-999.0
2025-05-23 09:00:00,-999.0
2025-05-23 10:00:00,-999.0
2025-05-23 11:00:00,-999.0
2025-05-23 12:00:00,-999.0
2025-05-23 13:00:00,-999.0
2025-05-23 14:00:00,-999.0
2025-05-23 15:00:00,-999.0
2025-05-23 16:00:00,-999.0
2025-05-23 17:00:00,-999.0
2025-05-23 18:00:00,-999.0
2025-05-23 19:00:00,-999.0
2025-05-23 20:00:00,-999.0
2025-05-23 21:00:00,-999.0
2025-05-23 22:00:00,-999.0
2025-05-23 23:00:00,-999.0
2025-05-24 00:00:00,-999.0
2025-05-24 01:00:00,-999.0
2025-05-24 02:00:00,-999.0
2025-05-24 03:00:00,-999.0
2025-05-24 04:00:00,-999.0
2025-05-24 05:00:00,-999.0
2025-05-24 06:00:00,-999.0
2025-05-24 07:00:00,-999.0
2025-05-24 08:00:00,-999.0
2025-05-24 09:00:00,-999.0
2025-05-24 10:00:00,-999.0
2025-05-24 11:00:00,-999.0
2025-05-24 12:00:00,-999.0
2025-05-24 13:00:00,-999.0
2025-05-24 14:00:00,-999.0
2025-05-24 15:00:00,-999.0
2025-05-24 16:00:00,-999.0
2025-05-24 17:00:00,-999.0
2025-05-24 18:00:00,-999.0
2025-05-24 19:00:00,-999.0
2025-05-24 20:00:00,-999.0
2025-05-24 21:00:00,-999.0
2025-05-24 22:00:00,-999.0
2025-05-24 23:00:00,-999.0
2025-05-25 00:00:00,-999.0
2025-05-25 01:00:00,-999.0
2025-05-25 02:00:00,-999.0
2025-05-25 03:00:00,-999.0
2025-05-25 04:00:00,-999.0
2025-05-25 05:00:00,-999.0
2025-05-25 06:00:00,-999.0
2025-05-25 07:00:00,-999.0
2025-05-25 08:00:00,-999.0
2025-05-25 09:00:00,-999.0
2025-05-25 10:00:00,-999.0
2025-05-25 11:00:00,-999.0
2025-05-25 12:00:00,-999.0
2025-05-25 13:00:00,-999.0
2025-05-25 14:00:00,-999.0
2025-05-25 15:00:00,-999.0
2025-05-25 16:00:00,-999.0
2025-05-25 17:00:00,-999.0
2025-05-25 18:00:00,-999.0
2025-05-25 19:00:00,-999.0
2025-05-25 20:00:00,-999.0
2025-05-25 21:00:00,-999.0
2025-05-25 22:00:00,-999.0
2025-05-25 23:00:00,-999.0
2025-05-26 00:00:00,-999.0
2025-05-26 01:00:00,-999.0
2025-05-26 02:00:00,-999.0
2025-05-26 03:00:00,-999.0
2025-05-26 04:00:00,-999.0
2025-05-26 05:00:00,-999.0
2025-05-26 06:00:00,-999.0
2025-05-26 07:00:00,-999.0
2025-05-26 08:00:00,-999.0
2025-05-26 09:00:00,-999.0
2025-05-26 10:00:00,-999.0
2025-05-26 11:00:00,-999.0
2025-05-26 12:00:00,-999.0
2025-05-26 13:00:00,-999.0
2025-05-26 14:00:00,-999.0
2025-05-26 15:00:00,-999.0
2025-05-26 16:00:00,-999.0
2025-05-26 17:00:00,-999.0
2025-05-26 18:00:00,-999.0
2025-05-26 19:00:00,-999.0
2025-05-26 20:00:00,-999.0
2025-05-26 21:00:00,-999.0
2025-05-26 22:00:00,-999.0
2025-05-26 23:00:00,-999.0
2025-05-27 00:00:00,-999.0
2025-05-27 01:00:00,-999.0
2025-05-27 02:00:00,-999.0
2025-05-27 03:00:00,-999.0
2025-05-27 04:00:00,-999.0
2025-05-27 05:00:00,-999.0
2025-05-27 06:00:00,-999.0
2025-05-27 07:00:00,-999.0
2025-05-27 08:00:00,-999.0
2025-05-27 09:00:00,-999.0
2025-05-27 10:00:00,-999.0
2025-05-27 11:00:00,-999.0
2025-05-27 12:00:00,-999.0
2025-05-27 13:00:00,-999.0
2025-05-27 14:00:00,-999.0
2025-05-27 15:00:00,-999.0
2025-05-27 16:00:00,-999.0
2025-05-27 17:00:00,-999.0
2025-05-27 18:00:00,-999.0
2025-05-27 19:00:00,-999.0
2025-05-27 20:00:00,-999.0
2025-05-27 21:00:00,-999.0
2025-05-27 22:00:00,-999.0
2025-05-27 23:00:00,-999.0
2025-05-28 00:00:00,-999.0
2025-05-28 01:00:00,-999.0
2025-05-28 02:00:00,-999.0
2025-05-28 03:00:00,-999.0
2025-05-28 04:00:00,-999.0
2025-05-28 05:00:00,-999.0
2025-05-28 06:00:00,-999.0
2025-05-28 07:00:00,-999.0
2025-05-28 08:00:00,-999.0
2025-05-28 09:00:00,-999.0
2025-05-28 10:00:00,-999.0
2025-05-28 11:00:00,-999.0
2025-05-28 12:00:00,-999.0
2025-05-28 13:00:00,-999.0
2025-05-28 14:00:00,-999.0
2025-05-28 15:00:00,-999.0
2025-05-28 16:00:00,-999.0
2025-05-28 17:00:00,-999.0
2025-05-28 18:00:00,-999.0
2025-05-28 19:00:00,-999.0
2025-05-28 20:00:00,-999.0
2025-05-28 21:00:00,-999.0
2025-05-28 22:00:00,-999.0
2025-05-28 23:00:00,-999.0
2025-05-29 00:00:00,-999.0
2025-05-29 01:00:00,-999.0
2025-05-29 02:00:00,-999.0
2025-05-29 03:00:00,-999.0
2025-05-29 04:00:00,-999.0
2025-05-29 05:00:00,-999.0
2025-05-29 06:00:00,-999.0
2025-05-29 07:00:00,-999.0
2025-05-29 08:00:00,-999.0
2025-05-29 09:00:00,-999.0
2025-05-29 10:00:00,-999.0
2025-05-29 11:00:00,-999.0
2025-05-29 12:00:00,-999.0
2025-05-29 13:00:00,-999.0
2025-05-29 14:00:00,-999.0
2025-05-29 15:00:00,-999.0
2025-05-29 16:00:00,-999.0
2025-05-29 17:00:00,-999.0
2025-05-29 18:00:00,-999.0
2025-05-29 19:00:00,-999.0
2025-05-29 20:00:00,-999.0
2025-05-29 21:00:00,-999.0
2025-05-29 22:00:00,-999.0
2025-05-29 23:00:00,-999.0
2025-05-30 00:00:00,-999.0
2025-05-30 01:00:00,-999.0
2025-05-30 02:00:00,-999.0
2025-05-30 03:00:00,-999.0
2025-05-30 04:00:00,-999.0
2025-05-30 05:00:00,-999.0
2025-05-30 06:00:00,-999.0
2025-05-30 07:00:00,-999.0
2025-05-30 08:00:00,-999.0
2025-05-30 09:00:00,-999.0
2025-05-30 10:00:00,-999.0
2025-05-30 11:00:00,-999.0
2025-05-30 12:00:00,-999.0
2025-05-30 13:00:00,-999.0
2025-05-30 14:00:00,-999.0
2025-05-30 15:00:00,-999.0
2025-05-30 16:00:00,-999.0
2025-05-30 17:00:00,-999.0
2025-05-30 18:00:00,-999.0
2025-05-30 19:00:00,-999.0
2025-05-30 20:00:00,-999.0
2025-05-30 21:00:00,-999.0
2025-05-30 22:00:00,-999.0
2025-05-30 23:00:00,-999.0
2025-05-31 00:00:00,-999.0
2025-05-31 01:00:00,-999.0
2025-05-31 02:00:00,-999.0
2025-05-31 03:00:00,-999.0
2025-05-31 04:00:00,-999.0
2025-05-31 05:00:00,-999.0
2025-05-31 06:00:00,-999.0
2025-05-31 07:00:00,-999.0
2025-05-31 08:00:00,-999.0
2025-05-31 09:00:00,-999.0
2025-05-31 10:00:00,-999.0
2025-05-31 11:00:00,-999.0
2025-05-31 12:00:00,-999.0
2025-05-31 13:00:00,-999.0
2025-05-31 14:00:00,-999.0
2025-05-31 15:00:00,-999.0
2025-05-31 16:00:00,-999.0
2025-05-31 17:00:00,-999.0
2025-05-31 18:00:00,-999.0
2025-05-31 19:00:00,-999.0
2025-05-31 20:00:00,-999.0
2025-05-31 21:00:00,-999.0
2025-05-31 22:00:00,-999.0
2025-05-31 23:00:00,-999.0
2025-06-01 00:00:00,-999.0
2025-06-01 01:00:00,-999.0
2025-06-01 02:00:00,-999.0
2025-06-01 03:00:00,-999.0
2025-06-01 04:00:00,-999.0
2025-06-01 05:00:00,-999.0
2025-06-01 06:00:00,-999.0
2025-06-01 07:00:00,-999.0
2025-06-01 08:00:00,-999.0
2025-06-01 09:00:00,-999.0
2025-06-01 10:00:00,-999.0
2025-06-01 11:00:00,-999.0
2025-06-01 12:00:00,-999.0
2025-06-01 13:00:00,-999.0
2025-06-01 14:00:00,-999.0
2025-06-01 15:00:00,-999.0
2025-06-01 16:00:00,-999.0
2025-06-01 17:00:00,-999.0
2025-06-01 18:00:00,-999.0
2025-06-01 19:00:00,-999.0
2025-06-01 20:00:00,-999.0
2025-06-01 21:00:00,-999.0
2025-06-01 22:00:00,-999.0
2025-06-01 23:00:00,-999.0
2025-06-02 00:00:00,-999.0
2025-06-02 01:00:00,-999.0
2025-06-02 02:00:00,-999.0
2025-06-02 03:00:00,-999.0
2025-06-02 04:00:00,-999.0
2025-06-02 05:00:00,-999.0
2025-06-02 06:00:00,-999.0
2025-06-02 07:00:00,-999.0
2025-06-02 08:00:00,-999.0
2025-06-02 09:00:00,-999.0
2025-06-02 10:00:00,-999.0
2025-06-02 11:00:00,-999.0
2025-06-02 12:00:00,-999.0
2025-06-02 13:00:00,-999.0
2025-06-02 14:00:00,-999.0
2025-06-02 15:00:00,-999.0
2025-06-02 16:00:00,-999.0
2025-06-02 17:00:00,-999.0
2025-06-02 18:00:00,-999.0
2025-06-02 19:00:00,-999.0
2025-06-02 20:00:00,-999.0
2025-06-02 21:00:00,-999.0
2025-06-02 22:00:00,-999.0
2025-06-02 23:00:00,-999.0
2025-06-03 00:00:00,-999.0
2025-06-03 01:00:00,-999.0
2025-06-03 02:00:00,-999.0
2025-06-03 03:00:00,-999.0
2025-06-03 04:00:00,-999.0
2025-06-03 05:00:00,-999.0
2025-06-03 06:00:00,-999.0
2025-06-03 07:00:00,-999.0
2025-06-03 08:00:00,-999.0
2025-06-03 09:00:00,-999.0
2025-06-03 10:00:00,-999.0
2025-06-03 11:00:00,-999.0
2025-06-03 12:00:00,-999.0
2025-06-03 13:00:00,-999.0
2025-06-03 14:00:00,-999.0
2025-06-03 15:00:00,-999.0
2025-06-03 16:00:00,-999.0
2025-06-03 17:00:00,-999.0
2025-06-03 18:00:00,-999.0
2025-06-03 19:00:00,-999.0
2025-06-03 20:00:00,-999.0
2025-06-03 21:00:00,-999.0
2025-06-03 22:00:00,-999.0
2025-06-03 23:00:00,-999.0
2025-06-04 00:00:00,-999.0
2025-06-04 01:00:00,-999.0
2025-06-04 02:00:00,-999.0
2025-06-04 03:00:00,-999.0
2025-06-04 04:00:00,-999.0
2025-06-04 05:00:00,-999.0
2025-06-04 06:00:00,-999.0
2025-06-04 07:00:00,-999.0
2025-06-04 08:00:00,-999.0
2025-06-04 09:00:00,-999.0
2025-06-04 10:00:00,-999.0
2025-06-04 11:00:00,-999.0
2025-06-04 12:00:00,-999.0
2025-06-04 13:00:00,-999.0
2025-06-04 14:00:00,-999.0
2025-06-04 15:00:00,-999.0
2025-06-04 16:00:00,-999.0
2025-06-04 17:00:00,-999.0
2025-06-04 18:00:00,-999.0
2025-06-04 19:00:00,-999.0
2025-06-04 20:00:00,-999.0
2025-06-04 21:00:00,-999.0
2025-06-04 22:00:00,-999.0
2025-06-04 23:00:00,-999.0
2025-06-05 00:00:00,-999.0
2025-06-05 01:00:00,-999.0
2025-06-05 02:00:00,-999.0
2025-06-05 03:00:00,-999.0
2025-06-05 04:00:00,-999.0
2025-06-05 05:00:00,-999.0
2025-06-05 06:00:00,-999.0
2025-06-05 07:00:00,-999.0
2025-06-05 08:00:00,-999.0
2025-06-05 09:00:00,-999.0
2025-06-05 10:00:00,-999.0
2025-06-05 11:00:00,-999.0
2025-06-05 12:00:00,-999.0
2025-06-05 13:00:00,-999.0
2025-06-05 14:00:00,-999.0
2025-06-05 15:00:00,-999.0
2025-06-05 16:00:00,-999.0
2025-06-05 17:00:00,-999.0
2025-06-05 18:00:00,-999.0
2025-06-05 19:00:00,-999.0
2025-06-05 20:00:00,-999.0
2025-06-05 21:00:00,-999.0
2025-06-05 22:00:00,-999.0
2025-06-05 23:00:00,-999.0
2025-06-06 00:00:00,-999.0
2025-06-06 01:00:00,-999.0
2025-06-06 02:00:00,-999.0
2025-06-06 03:00:00,-999.0
2025-06-06 04:00:00,-999.0
2025-06-06 05:00:00,-999.0
2025-06-06 06:00:00,-999.0
2025-06-06 07:00:00,-999.0
2025-06-06 08:00:00,-999.0
2025-06-06 09:00:00,-999.0
2025-06-06 10:00:00,-999.0
2025-06-06 11:00:00,-999.0
2025-06-06 12:00:00,-999.0
2025-06-06 13:00:00,-999.0
2025-06-06 14:00:00,-999.0
2025-06-06 15:00:00,-999.0
2025-06-06 16:00:00,-999.0
2025-06-06 17:00:00,-999.0
2025-06-06 18:00:00,-999.0
2025-06-06 19:00:00,-999.0
2025-06-06 20:00:00,-999.0
2025-06-06 21:00:00,-999.0
2025-06-06 22:00:00,-999.0
2025-06-06 23:00:00,-999.0
2025-06-07 00:00:00,-999.0
2025-06-07 01:00:00,-999.0
2025-06-07 02:00:00,-999.0
2025-06-07 03:00:00,-999.0
2025-06-07 04:00:00,-999.0
2025-06-07 05:00:00,-999.0
2025-06-07 06:00:00,-999.0
2025-06-07 07:00:00,-999.0
2025-06-07 08:00:00,-999.0
2025-06-07 09:00:00,-999.0
2025-06-07 10:00:00,-999.0
2025-06-07 11:00:00,-999.0
2025-06-07 12:00:00,-999.0
2025-06-07 13:00:00,-999.0
2025-06-07 14:00:00,-999.0
2025-06-07 15:00:00,-999.0
2025-06-07 16:00:00,-999.0
2025-06-07 17:00:00,-999.0
2025-06-07 18:00:00,-999.0
2025-06-07 19:00:00,-999.0
2025-06-07 20:00:00,-999.0
2025-06-07 21:00:00,-999.0
2025-06-07 22:00:00,-999.0
2025-06-07 23:00:00,-999.0
2025-06-08 00:00:00,-999.0
2025-06-08 01:00:00,-999.0
2025-06-08 02:00:00,-999.0
2025-06-08 03:00:00,-999.0
2025-06-08 04:00:00,-999.0
2025-06-08 05:00:00,-999.0
2025-06-08 06:00:00,-999.0
2025-06-08 07:00:00,-999.0
2025-06-08 08:00:00,-999.0
2025-06-08 09:00:00,-999.0
2025-06-08 10:00:00,-999.0
2025-06-08 11:00:00,-999.0
2025-06-08 12:00:00,-999.0
2025-06-08 13:00:00,-999.0
2025-06-08 14:00:00,-999.0
2025-06-08 15:00:00,-999.0
2025-06-08 16:00:00,-999.0
2025-06-08 17:00:00,-999.0
2025-06-08 18:00:00,-999.0
2025-06-08 19:00:00,-999.0
2025-06-08 20:00:00,-999.0
2025-06-08 21:00:00,-999.0
2025-06-08 22:00:00,-999.0
2025-06-08 23:00:00,-999.0
2025-06-09 00:00:00,-999.0
2025-06-09 01:00:00,-999.0
2025-06-09 02:00:00,-999.0
2025-06-09 03:00:00,-999.0
2025-06-09 04:00:00,-999.0
2025-06-09 05:00:00,-999.0
2025-06-09 06:00:00,-999.0
2025-06-09 07:00:00,-999.0
2025-06-09 08:00:00,-999.0
2025-06-09 09:00:00,-999.0
2025-06-09 10:00:00,-999.0
2025-06-09 11:00:00,-999.0
2025-06-09 12:00:00,-999.0
2025-06-09 13:00:00,-999.0
2025-06-09 14:00:00,-999.0
2025-06-09 15:00:00,-999.0
2025-06-09 16:00:00,-999.0
2025-06-09 17:00:00,-999.0
2025-06-09 18:00:00,-999.0
2025-06-09 19:00:00,-999.0
2025-06-09 20:00:00,-999.0
2025-06-09 21:00:00,-999.0
2025-06-09 22:00:00,-999.0
2025-06-09 23:00:00,-999.0
2025-06-10 00:00:00,-999.0
2025-06-10 01:00:00,-999.0
2025-06-10 02:00:00,-999.0
2025-06-10 03:00:00,-999.0
2025-06-10 04:00:00,-999.0
2025-06-10 05:00:00,-999.0
2025-06-10 06:00:00,-999.0
2025-06-10 07:00:00,-999.0
2025-06-10 08:00:00,-999.0
2025-06-10 09:00:00,-999.0
2025-06-10 10:00:00,-999.0
2025-06-10 11:00:00,-999.0
2025-06-10 12:00:00,-999.0
2025-06-10 13:00:00,-999.0
2025-06-10 14:00:00,-999.0
2025-06-10 15:00:00,-999.0
2025-06-10 16:00:00,-999.0
2025-06-10 17:00:00,-999.0
2025-06-10 18:00:00,-999.0
2025-06-10 19:00:00,-999.0
2025-06-10 20:00:00,-999.0
2025-06-10 21:00:00,-999.0
2025-06-10 22:00:00,-999.0
2025-06-10 23:00:00,-999.0
2025-06-11 00:00:00,-999.0
2025-06-11 01:00:00,-999.0
2025-06-11 02:00:00,-999.0
2025-06-11 03:00:00,-999.0
2025-06-11 04:00:00,-999.0
2025-06-11 05:00:00,-999.0
2025-06-11 06:00:00,-999.0
2025-06-11 07:00:00,-999.0
2025-06-11 08:00:00,-999.0
2025-06-11 09:00:00,-999.0
2025-06-11 10:00:00,-999.0
2025-06-11 11:00:00,-999.0
2025-06-11 12:00:00,-999.0
2025-06-11 13:00:00,-999.0
2025-06-11 14:00:00,-999.0
2025-06-11 15:00:00,-999.0
2025-06-11 16:00:00,-999.0
2025-06-11 17:00:00,-999.0
2025-06-11 18:00:00,-999.0
2025-06-11 19:00:00,-999.0
2025-06-11 20:00:00,-999.0
2025-06-11 21:00:00,-999.0
2025-06-11 22:00:00,-999.0
2025-06-11 23:00:00,-999.0
2025-06-12 00:00:00,-999.0
2025-06-12 01:00:00,-999.0
2025-06-12 02:00:00,-999.0
2025-06-12 03:00:00,-999.0
2025-06-12 04:00:00,-999.0
2025-06-12 05:00:00,-999.0
2025-06-12 06:00:00,-999.0
2025-06-12 07:00:00,-999.0
2025-06-12 08:00:00,-999.0
2025-06-12 09:00:00,-999.0
2025-06-12 10:00:00,-999.0
2025-06-12 11:00:00,-999.0
2025-06-12 12:00:00,-999.0
2025-06-12 13:00:00,-999.0
2025-06-12 14:00:00,-999.0
2025-06-12 15:00:00,-999.0
2025-06-12 16:00:00,-999.0
2025-06-12 17:00:00,-999.0
2025-06-12 18:00:00,-999.0
2025-06-12 19:00:00,-999.0
2025-06-12 20:00:00,-999.0
2025-06-12 21:00:00,-999.0
2025-06-12 22:00:00,-999.0
2025-06-12 23:00:00,-999.0
2025-06-13 00:00:00,-999.0
2025-06-13 01:00:00,-999.0
2025-06-13 02:00:00,-999.0
2025-06-13 03:00:00,-999.0
2025-06-13 04:00:00,-999.0
2025-06-13 05:00:00,-999.0
2025-06-13 06:00:00,-999.0
2025-06-13 07:00:00,-999.0
2025-06-13 08:00:00,-999.0
2025-06-13 09:00:00,-999.0
2025-06-13 10:00:00,-999.0
2025-06-13 11:00:00,-999.0
2025-06-13 12:00:00,-999.0
2025-06-13 13:00:00,-999.0
2025-06-13 14:00:00,-999.0
2025-06-13 15:00:00,-999.0
2025-06-13 16:00:00,-999.0
2025-06-13 17:00:00,-999.0
2025-06-13 18:00:00,-999.0
2025-06-13 19:00:00,-999.0
2025-06-13 20:00:00,-999.0
2025-06-13 21:00:00,-999.0
2025-06-13 22:00:00,-999.0
2025-06-13 23:00:00,-999.0
2025-06-14 00:00:00,-999.0
2025-06-14 01:00:00,-999.0
2025-06-14 02:00:00,-999.0
2025-06-14 03:00:00,-999.0
2025-06-14 04:00:00,-999.0
2025-06-14 05:00:00,-999.0
2025-06-14 06:00:00,-999.0
2025-06-14 07:00:00,-999.0
2025-06-14 08:00:00,-999.0
2025-06-14 09:00:00,-999.0
2025-06-14 10:00:00,-999.0
2025-06-14 11:00:00,-999.0
2025-06-14 12:00:00,-999.0
2025-06-14 13:00:00,-999.0
2025-06-14 14:00:00,-999.0
2025-06-14 15:00:00,-999.0
2025-06-14 16:00:00,-999.0
2025-06-14 17:00:00,-999.0
2025-06-14 18:00:00,-999.0
2025-06-14 19:00:00,-999.0
2025-06-14 20:00:00,-999.0
2025-06-14 21:00:00,-999.0
2025-06-14 22:00:00,-999.0
2025-06-14 23:00:00,-999.0
2025-06-15 00:00:00,-999.0
2025-06-15 01:00:00,-999.0
2025-06-15 02:00:00,-999.0
2025-06-15 03:00:00,-999.0
2025-06-15 04:00:00,-999.0
2025-06-15 05:00:00,-999.0
2025-06-15 06:00:00,-999.0
2025-06-15 07:00:00,-999.0
2025-06-15 08:00:00,-999.0
2025-06-15 09:00:00,-999.0
2025-06-15 10:00:00,-999.0
2025-06-15 11:00:00,-999.0
2025-06-15 12:00:00,-999.0
2025-06-15 13:00:00,-999.0
2025-06-15 14:00:00,-999.0
2025-06-15 15:00:00,-999.0
2025-06-15 16:00:00,-999.0
2025-06-15 17:00:00,-999.0
2025-06-15 18:00:00,-999.0
2025-06-15 19:00:00,-999.0
2025-06-15 20:00:00,-999.0
2025-06-15 21:00:00,-999.0
2025-06-15 22:00:00,-999.0
2025-06-15 23:00:00,-999.0
2025-06-16 00:00:00,-999.0
2025-06-16 01:00:00,-999.0
2025-06-16 02:00:00,-999.0
2025-06-16 03:00:00,-999.0
2025-06-16 04:00:00,-999.0
2025-06-16 05:00:00,-999.0
2025-06-16 06:00:00,-999.0
2025-06-16 07:00:00,-999.0
2025-06-16 08:00:00,-999.0
2025-06-16 09:00:00,-999.0
2025-06-16 10:00:00,-999.0
2025-06-16 11:00:00,-999.0
2025-06-16 12:00:00,-999.0
2025-06-16 13:00:00,-999.0
2025-06-16 14:00:00,-999.0
2025-06-16 15:00:00,-999.0
2025-06-16 16:00:00,-999.0
2025-06-16 17:00:00,-999.0
2025-06-16 18:00:00,-999.0
2025-06-16 19:00:00,-999.0
2025-06-16 20:00:00,-999.0
2025-06-16 21:00:00,-999.0
2025-06-16 22:00:00,-999.0
2025-06-16 23:00:00,-999.0
2025-06-17 00:00:00,-999.0
2025-06-17 01:00:00,-999.0
2025-06-17 02:00:00,-999.0
2025-06-17 03:00:00,-999.0
2025-06-17 04:00:00,-999.0
2025-06-17 05:00:00,-999.0
2025-06-17 06:00:00,-999.0
2025-06-17 07:00:00,-999.0
2025-06-17 08:00:00,-999.0
2025-06-17 09:00:00,-999.0
2025-06-17 10:00:00,-999.0
2025-06-17 11:00:00,-999.0
2025-06-17 12:00:00,-999.0
2025-06-17 13:00:00,-999.0
2025-06-17 14:00:00,-999.0
2025-06-17 15:00:00,-999.0
2025-06-17 16:00:00,-999.0
2025-06-17 17:00:00,-999.0
2025-06-17 18:00:00,-999.0
2025-06-17 19:00:00,-999.0
2025-06-17 20:00:00,-999.0
2025-06-17 21:00:00,-999.0
2025-06-17 22:00:00,-999.0
2025-06-17 23:00:00,-999.0
2025-06-18 00:00:00,-999.0
2025-06-18 01:00:00,-999.0
2025-06-18 02:00:00,-999.0
2025-06-18 03:00:00,-999.0
2025-06-18 04:00:00,-999.0
2025-06-18 05:00:00,-999.0
2025-06-18 06:00:00,-999.0
2025-06-18 07:00:00,-999.0
2025-06-18 08:00:00,-999.0
2025-06-18 09:00:00,-999.0
2025-06-18 10:00:00,-999.0
2025-06-18 11:00:00,-999.0
2025-06-18 12:00:00,-999.0
2025-06-18 13:00:00,-999.0
2025-06-18 14:00:00,-999.0
2025-06-18 15:00:00,-999.0
2025-06-18 16:00:00,-999.0
2025-06-18 17:00:00,-999.0
2025-06-18 18:00:00,-999.0
2025-06-18 19:00:00,-999.0
2025-06-18 20:00:00,-999.0
2025-06-18 21:00:00,-999.0
2025-06-18 22:00:00,-999.0
2025-06-18 23:00:00,-999.0
2025-06-19 00:00:00,-999.0
2025-06-19 01:00:00,-999.0
2025-06-19 02:00:00,-999.0
2025-06-19 03:00:00,-999.0
2025-06-19 04:00:00,-999.0
2025-06-19 05:00:00,-999.0
2025-06-19 06:00:00,-999.0
2025-06-19 07:00:00,-999.0
2025-06-19 08:00:00,-999.0
2025-06-19 09:00:00,-999.0
2025-06-19 10:00:00,-999.0
2025-06-19 11:00:00,-999.0
2025-06-19 12:00:00,-999.0
2025-06-19 13:00:00,-999.0
2025-06-19 14:00:00,-999.0
2025-06-19 15:00:00,-999.0
2025-06-19 16:00:00,-999.0
2025-06-19 17:00:00,-999.0
2025-06-19 18:00:00,-999.0
2025-06-19 19:00:00,-999.0
2025-06-19 20:00:00,-999.0
2025-06-19 21:00:00,-999.0
2025-06-19 22:00:00,-999.0
2025-06-19 23:00:00,-999.0
2025-06-20 00:00:00,-999.0
2025-06-20 01:00:00,-999.0
2025-06-20 02:00:00,-999.0
2025-06-20 03:00:00,-999.0
2025-06-20 04:00:00,-999.0
2025-06-20 05:00:00,-999.0
2025-06-20 06:00:00,-999.0
2025-06-20 07:00:00,-999.0
2025-06-20 08:00:00,-999.0
2025-06-20 09:00:00,-999.0
2025-06-20 10:00:00,-999.0
2025-06-20 11:00:00,-999.0
2025-06-20 12:00:00,-999.0
2025-06-20 13:00:00,-999.0
2025-06-20 14:00:00,-999.0
2025-06-20 15:00:00,-999.0
2025-06-20 16:00:00,-999.0
2025-06-20 17:00:00,-999.0
2025-06-20 18:00:00,-999.0
2025-06-20 19:00:00,-999.0
2025-06-20 20:00:00,-999.0
2025-06-20 21:00:00,-999.0
2025-06-20 22:00:00,-999.0
2025-06-20 23:00:00,-999.0
2025-06-21 00:00:00,-999.0
2025-06-21 01:00:00,-999.0
2025-06-21 02:00:00,-999.0
2025-06-21 03:00:00,-999.0
2025-06-21 04:00:00,-999.0
2025-06-21 05:00:00,-999.0
2025-06-21 06:00:00,-999.0
2025-06-21 07:00:00,-999.0
2025-06-21 08:00:00,-999.0
2025-06-21 09:00:00,-999.0
2025-06-21 10:00:00,-999.0
2025-06-21 11:00:00,-999.0
2025-06-21 12:00:00,-999.0
2025-06-21 13:00:00,-999.0
2025-06-21 14:00:00,-999.0
2025-06-21 15:00:00,-999.0
2025-06-21 16:00:00,-999.0
2025-06-21 17:00:00,-999.0
2025-06-21 18:00:00,-999.0
2025-06-21 19:00:00,-999.0
2025-06-21 20:00:00,-999.0
2025-06-21 21:00:00,-999.0
2025-06-21 22:00:00,-999.0
2025-06-21 23:00:00,-999.0
2025-06-22 00:00:00,-999.0
2025-06-22 01:00:00,-999.0
2025-06-22 02:00:00,-999.0
2025-06-22 03:00:00,-999.0
2025-06-22 04:00:00,-999.0
2025-06-22 05:00:00,-999.0
2025-06-22 06:00:00,-999.0
2025-06-22 07:00:00,-999.0
2025-06-22 08:00:00,-999.0
2025-06-22 09:00:00,-999.0
2025-06-22 10:00:00,-999.0
2025-06-22 11:00:00,-999.0
2025-06-22 12:00:00,-999.0
2025-06-22 13:00:00,-999.0
2025-06-22 14:00:00,-999.0
2025-06-22 15:00:00,-999.0
2025-06-22 16:00:00,-999.0
2025-06-22 17:00:00,-999.0
2025-06-22 18:00:00,-999.0
2025-06-22 19:00:00,-999.0
2025-06-22 20:00:00,-999.0
2025-06-22 21:00:00,-999.0
2025-06-22 22:00:00,-999.0
2025-06-22 23:00:00,-999.0
2025-06-23 00:00:00,-999.0
2025-06-23 01:00:00,-999.0
2025-06-23 02:00:00,-999.0
2025-06-23 03:00:00,-999.0
2025-06-23 04:00:00,-999.0
2025-06-23 05:00:00,-999.0
2025-06-23 06:00:00,-999.0
2025-06-23 07:00:00,-999.0
2025-06-23 08:00:00,-999.0
2025-06-23 09:00:00,-999.0
2025-06-23 10:00:00,-999.0
2025-06-23 11:00:00,-999.0
2025-06-23 12:00:00,-999.0
2025-06-23 13:00:00,-999.0
2025-06-23 14:00:00,-999.0
2025-06-23 15:00:00,-999.0
2025-06-23 16:00:00,-999.0
2025-06-23 17:00:00,-999.0
2025-06-23 18:00:00,-999.0
2025-06-23 19:00:00,-999.0
2025-06-23 20:00:00,-999.0
2025-06-23 21:00:00,-999.0
2025-06-23 22:00:00,-999.0
2025-06-23 23:00:00,-999.0
2025-06-24 00:00:00,-999.0
2025-06-24 01:00:00,-999.0
2025-06-24 02:00:00,-999.0
2025-06-24 03:00:00,-999.0
2025-06-24 04:00:00,-999.0
2025-06-24 05:00:00,-999.0
2025-06-24 06:00:00,-999.0
2025-06-24 07:00:00,-999.0
2025-06-24 08:00:00,-999.0
2025-06-24 09:00:00,-999.0
2025-06-24 10:00:00,-999.0
2025-06-24 11:00:00,-999.0
2025-06-24 12:00:00,-999.0
2025-06-24 13:00:00,-999.0
2025-06-24 14:00:00,-999.0
2025-06-24 15:00:00,-999.0
2025-06-24 16:00:00,-999.0
2025-06-24 17:00:00,-999.0
2025-06-24 18:00:00,-999.0
2025-06-24 19:00:00,-999.0
2025-06-24 20:00:00,-999.0
2025-06-24 21:00:00,-999.0
2025-06-24 22:00:00,-999.0
2025-06-24 23:00:00,-999.0
2025-06-25 00:00:00,-999.0
2025-06-25 01:00:00,-999.0
2025-06-25 02:00:00,-999.0
2025-06-25 03:00:00,-999.0
2025-06-25 04:00:00,-999.0
2025-06-25 05:00:00,-999.0
2025-06-25 06:00:00,-999.0
2025-06-25 07:00:00,-999.0
2025-06-25 08:00:00,-999.0
2025-06-25 09:00:00,-999.0
2025-06-25 10:00:00,-999.0
2025-06-25 11:00:00,-999.0
2025-06-25 12:00:00,-999.0
2025-06-25 13:00:00,-999.0
2025-06-25 14:00:00,-999.0
2025-06-25 15:00:00,-999.0
2025-06-25 16:00:00,-999.0
2025-06-25 17:00:00,-999.0
2025-06-25 18:00:00,-999.0
2025-06-25 19:00:00,-999.0
2025-06-25 20:00:00,-999.0
2025-06-25 21:00:00,-999.0
2025-06-25 22:00:00,-999.0
2025-06-25 23:00:00,-999.0
2025-06-26 00:00:00,-999.0
2025-06-26 01:00:00,-999.0
2025-06-26 02:00:00,-999.0
2025-06-26 03:00:00,-999.0
2025-06-26 04:00:00,-999.0
2025-06-26 05:00:00,-999.0
2025-06-26 06:00:00,-999.0
2025-06-26 07:00:00,-999.0
2025-06-26 08:00:00,-999.0
2025-06-26 09:00:00,-999.0
2025-06-26 10:00:00,-999.0
2025-06-26 11:00:00,-999.0
2025-06-26 12:00:00,-999.0
2025-06-26 13:00:00,-999.0
2025-06-26 14:00:00,-999.0
2025-06-26 15:00:00,-999.0
2025-06-26 16:00:00,-999.0
2025-06-26 17:00:00,-999.0
2025-06-26 18:00:00,-999.0
2025-06-26 19:00:00,-999.0
2025-06-26 20:00:00,-999.0
2025-06-26 21:00:00,-999.0
2025-06-26 22:00:00,-999.0
2025-06-26 23:00:00,-999.0
2025-06-27 00:00:00,-999.0
2025-06-27 01:00:00,-999.0
2025-06-27 02:00:00,-999.0
2025-06-27 03:00:00,-999.0
2025-06-27 04:00:00,-999.0
2025-06-27 05:00:00,-999.0
2025-06-27 06:00:00,-999.0
2025-06-27 07:00:00,-999.0
2025-06-27 08:00:00,-999.0
2025-06-27 09:00:00,-999.0
2025-06-27 10:00:00,-999.0
2025-06-27 11:00:00,-999.0
2025-06-27 12:00:00,-999.0
2025-06-27 13:00:00,-999.0
2025-06-27 14:00:00,-999.0
2025-06-27 15:00:00,-999.0
2025-06-27 16:00:00,-999.0
2025-06-27 17:00:00,-999.0
2025-06-27 18:00:00,-999.0
2025-06-27 19:00:00,-999.0
2025-06-27 20:00:00,-999.0
2025-06-27 21:00:00,-999.0
2025-06-27 22:00:00,-999.0
2025-06-27 23:00:00,-999.0
2025-06-28 00:00:00,-999.0
2025-06-28 01:00:00,-999.0
2025-06-28 02:00:00,-999.0
2025-06-28 03:00:00,-999.0
2025-06-28 04:00:00,-999.0
2025-06-28 05:00:00,-999.0
2025-06-28 06:00:00,-999.0
2025-06-28 07:00:00,-999.0
2025-06-28 08:00:00,-999.0
2025-06-28 09:00:00,-999.0
2025-06-28 10:00:00,-999.0
2025-06-28 11:00:00,-999.0
2025-06-28 12:00:00,-999.0
2025-06-28 13:00:00,-999.0
2025-06-28 14:00:00,-999.0
2025-06-28 15:00:00,-999.0
2025-06-28 16:00:00,-999.0
2025-06-28 17:00:00,-999.0
2025-06-28 18:00:00,-999.0
2025-06-28 19:00:00,-999.0
2025-06-28 20:00:00,-999.0
2025-06-28 21:00:00,-999.0
2025-06-28 22:00:00,-999.0
2025-06-28 23:00:00,-999.0
2025-06-29 00:00:00,-999.0
2025-06-29 01:00:00,-999.0
2025-06-29 02:00:00,-999.0
2025-06-29 03:00:00,-999.0
2025-06-29 04:00:00,-999.0
2025-06-29 05:00:00,-999.0
2025-06-29 06:00:00,-999.0
2025-06-29 07:00:00,-999.0
2025-06-29 08:00:00,-999.0
2025-06-29 09:00:00,-999.0
2025-06-29 10:00:00,-999.0
2025-06-29 11:00:00,-999.0
2025-06-29 12:00:00,-999.0
2025-06-29 13:00:00,-999.0
2025-06-29 14:00:00,-999.0
2025-06-29 15:00:00,-999.0
2025-06-29 16:00:00,-999.0
2025-06-29 17:00:00,-999.0
2025-06-29 18:00:00,-999.0
2025-06-29 19:00:00,-999.0
2025-06-29 20:00:00,-999.0
2025-06-29 21:00:00,-999.0
2025-06-29 22:00:00,-999.0
2025-06-29 23:00:00,-999.0
2025-06-30 00:00:00,-999.0
2025-06-30 01:00:00,-999.0
2025-06-30 02:00:00,-999.0
2025-06-30 03:00:00,-999.0
2025-06-30 04:00:00,-999.0
2025-06-30 05:00:00,-999.0
2025-06-30 06:00:00,-999.0
2025-06-30 07:00:00,-999.0
2025-06-30 08:00:00,-999.0
2025-06-30 09:00:00,-999.0
2025-06-30 10:00:00,-999.0
2025-06-30 11:00:00,-999.0
2025-06-30 12:00:00,-999.0
2025-06-30 13:00:00,-999.0
2025-06-30 14:00:00,-999.0
2025-06-30 15:00:00,-999.0
2025-06-30 16:00:00,-999.0
2025-06-30 17:00:00,-999.0
2025-06-30 18:00:00,-999.0
2025-06-30 19:00:00,-999.0
2025-06-30 20:00:00,-999.0
2025-06-30 21:00:00,-999.0
2025-06-30 22:00:00,-999.0
2025-06-30 23:00:00,-999.0
2025-07-01 00:00:00,-999.0
2025-07-01 01:00:00,-999.0
2025-07-01 02:00:00,-999.0
2025-07-01 03:00:00,-999.0
2025-07-01 04:00:00,-999.0
2025-07-01 05:00:00,-999.0
2025-07-01 06:00:00,-999.0
2025-07-01 07:00:00,-999.0
2025-07-01 08:00:00,-999.0
2025-07-01 09:00:00,-999.0
2025-07-01 10:00:00,-999.0
2025-07-01 11:00:00,-999.0
2025-07-01 12:00:00,-999.0
2025-07-01 13:00:00,-999.0
2025-07-01 14:00:00,-999.0
2025-07-01 15:00:00,-999.0
2025-07-01 16:00:00,-999.0
2025-07-01 17:00:00,-999.0
2025-07-01 18:00:00,-999.0
2025-07-01 19:00:00,-999.0
2025-07-01 20:00:00,-999.0
2025-07-01 21:00:00,-999.0
2025-07-01 22:00:00,-999.0
2025-07-01 23:00:00,-999.0
2025-07-02 00:00:00,-999.0
2025-07-02 01:00:00,-999.0
2025-07-02 02:00:00,-999.0
2025-07-02 03:00:00,-999.0
2025-07-02 04:00:00,-999.0
2025-07-02 05:00:00,-999.0
2025-07-02 06:00:00,-999.0
2025-07-02 07:00:00,-999.0
2025-07-02 08:00:00,-999.0
2025-07-02 09:00:00,-999.0
2025-07-02 10:00:00,-999.0
2025-07-02 11:00:00,-999.0
2025-07-02 12:00:00,-999.0
2025-07-02 13:00:00,-999.0
2025-07-02 14:00:00,-999.0
2025-07-02 15:00:00,-999.0
2025-07-02 16:00:00,-999.0
2025-07-02 17:00:00,-999.0
2025-07-02 18:00:00,-999.0
2025-07-02 19:00:00,-999.0
2025-07-02 20:00:00,-999.0
2025-07-02 21:00:00,-999.0
2025-07-02 22:00:00,-999.0
2025-07-02 23:00:00,-999.0
2025-07-03 00:00:00,-999.0
2025-07-03 01:00:00,-999.0
2025-07-03 02:00:00,-999.0
2025-07-03 03:00:00,-999.0
2025-07-03 04:00:00,-999.0
2025-07-03 05:00:00,-999.0
2025-07-03 06:00:00,-999.0
2025-07-03 07:00:00,-999.0
2025-07-03 08:00:00,-999.0
2025-07-03 09:00:00,-999.0
2025-07-03 10:00:00,-999.0
2025-07-03 11:00:00,-999.0
2025-07-03 12:00:00,-999.0
2025-07-03 13:00:00,-999.0
2025-07-03 14:00:00,-999.0
2025-07-03 15:00:00,-999.0
2025-07-03 16:00:00,-999.0
2025-07-03 17:00:00,-999.0
2025-07-03 18:00:00,-999.0
2025-07-03 19:00:00,-999.0
2025-07-03 20:00:00,-999.0
2025-07-03 21:00:00,-999.0
2025-07-03 22:00:00,-999.0
2025-07-03 23:00:00,-999.0
2025-07-04 00:00:00,-999.0
2025-07-04 01:00:00,-999.0
2025-07-04 02:00:00,-999.0
2025-07-04 03:00:00,-999.0
2025-07-04 04:00:00,-999.0
2025-07-04 05:00:00,-999.0
2025-07-04 06:00:00,-999.0
2025-07-04 07:00:00,-999.0
2025-07-04 08:00:00,-999.0
2025-07-04 09:00:00,-999.0
2025-07-04 10:00:00,-999.0
2025-07-04 11:00:00,-999.0
2025-07-04 12:00:00,-999.0
2025-07-04 13:00:00,-999.0
2025-07-04 14:00:00,-999.0
2025-07-04 15:00:00,-999.0
2025-07-04 16:00:00,-999.0
2025-07-04 17:00:00,-999.0
2025-07-04 18:00:00,-999.0
2025-07-04 19:00:00,-999.0
2025-07-04 20:00:00,-999.0
2025-07-04 21:00:00,-999.0
2025-07-04 22:00:00,-999.0
2025-07-04 23:00:00,-999.0
2025-07-05 00:00:00,-999.0
2025-07-05 01:00:00,-999.0
2025-07-05 02:00:00,-999.0
2025-07-05 03:00:00,-999.0
2025-07-05 04:00:00,-999.0
2025-07-05 05:00:00,-999.0
2025-07-05 06:00:00,-999.0
2025-07-05 07:00:00,-999.0
2025-07-05 08:00:00,-999.0
2025-07-05 09:00:00,-999.0
2025-07-05 10:00:00,-999.0
2025-07-05 11:00:00,-999.0
2025-07-05 12:00:00,-999.0
2025-07-05 13:00:00,-999.0
2025-07-05 14:00:00,-999.0
2025-07-05 15:00:00,-999.0
2025-07-05 16:00:00,-999.0
2025-07-05 17:00:00,-999.0
2025-07-05 18:00:00,-999.0
2025-07-05 19:00:00,-999.0
2025-07-05 20:00:00,-999.0
2025-07-05 21:00:00,-999.0
2025-07-05 22:00:00,-999.0
2025-07-05 23:00:00,-999.0
2025-07-06 00:00:00,-999.0
2025-07-06 01:00:00,-999.0
2025-07-06 02:00:00,-999.0
2025-07-06 03:00:00,-999.0
2025-07-06 04:00:00,-999.0
2025-07-06 05:00:00,-999.0
2025-07-06 06:00:00,-999.0
2025-07-06 07:00:00,-999.0
2025-07-06 08:00:00,-999.0
2025-07-06 09:00:00,-999.0
2025-07-06 10:00:00,-999.0
2025-07-06 11:00:00,-999.0
2025-07-06 12:00:00,-999.0
2025-07-06 13:00:00,-999.0
2025-07-06 14:00:00,-999.0
2025-07-06 15:00:00,-999.0
2025-07-06 16:00:00,-999.0
2025-07-06 17:00:00,-999.0
2025-07-06 18:00:00,-999.0
2025-07-06 19:00:00,-999.0
2025-07-06 20:00:00,-999.0
2025-07-06 21:00:00,-999.0
2025-07-06 22:00:00,-999.0
2025-07-06 23:00:00,-999.0
2025-07-07 00:00:00,-999.0
2025-07-07 01:00:00,-999.0
2025-07-07 02:00:00,-999.0
2025-07-07 03:00:00,-999.0
2025-07-07 04:00:00,-999.0
2025-07-07 05:00:00,-999.0
2025-07-07 06:00:00,-999.0
2025-07-07 07:00:00,-999.0
2025-07-07 08:00:00,-999.0
2025-07-07 09:00:00,-999.0
2025-07-07 10:00:00,-999.0
2025-07-07 11:00:00,-999.0
2025-07-07 12:00:00,-999.0
2025-07-07 13:00:00,-999.0
2025-07-07 14:00:00,-999.0
2025-07-07 15:00:00,-999.0
2025-07-07 16:00:00,-999.0
2025-07-07 17:00:00,-999.0
2025-07-07 18:00:00,-999.0
2025-07-07 19:00:00,-999.0
2025-07-07 20:00:00,-999.0
2025-07-07 21:00:00,-999.0
2025-07-07 22:00:00,-999.0
2025-07-07 23:00:00,-999.0
2025-07-08 00:00:00,-999.0
2025-07-08 01:00:00,-999.0
2025-07-08 02:00:00,-999.0
2025-07-08 03:00:00,-999.0
2025-07-08 04:00:00,-999.0
2025-07-08 05:00:00,-999.0
2025-07-08 06:00:00,-999.0
2025-07-08 07:00:00,-999.0
2025-07-08 08:00:00,-999.0
2025-07-08 09:00:00,-999.0
2025-07-08 10:00:00,-999.0
2025-07-08 11:00:00,-999.0
2025-07-08 12:00:00,-999.0
2025-07-08 13:00:00,-999.0
2025-07-08 14:00:00,-999.0
2025-07-08 15:00:00,-999.0
2025-07-08 16:00:00,-999.0
2025-07-08 17:00:00,-999.0
2025-07-08 18:00:00,-999.0
2025-07-08 19:00:00,-999.0
2025-07-08 20:00:00,-999.0
2025-07-08 21:00:00,-999.0
2025-07-08 22:00:00,-999.0
2025-07-08 23:00:00,-999.0
2025-07-09 00:00:00,-999.0
2025-07-09 01:00:00,-999.0
2025-07-09 02:00:00,-999.0
2025-07-09 03:00:00,-999.0
2025-07-09 04:00:00,-999.0
2025-07-09 05:00:00,-999.0
2025-07-09 06:00:00,-999.0
2025-07-09 07:00:00,-999.0
2025-07-09 08:00:00,-999.0
2025-07-09 09:00:00,-999.0
2025-07-09 10:00:00,-999.0
2025-07-09 11:00:00,-999.0
2025-07-09 12:00:00,-999.0
2025-07-09 13:00:00,-999.0
2025-07-09 14:00:00,-999.0
2025-07-09 15:00:00,-999.0
2025-07-09 16:00:00,-999.0
2025-07-09 17:00:00,-999.0
2025-07-09 18:00:00,-999.0
2025-07-09 19:00:00,-999.0
2025-07-09 20:00:00,-999.0
2025-07-09 21:00:00,-999.0
2025-07-09 22:00:00,-999.0
2025-07-09 23:00:00,-999.0
2025-07-10 00:00:00,-999.0
2025-07-10 01:00:00,-999.0
2025-07-10 02:00:00,-999.0
2025-07-10 03:00:00,-999.0
2025-07-10 04:00:00,-999.0
2025-07-10 05:00:00,-999.0
2025-07-10 06:00:00,-999.0
2025-07-10 07:00:00,-999.0
2025-07-10 08:00:00,-999.0
2025-07-10 09:00:00,-999.0
2025-07-10 10:00:00,-999.0
2025-07-10 11:00:00,-999.0
2025-07-10 12:00:00,-999.0
2025-07-10 13:00:00,-999.0
2025-07-10 14:00:00,-999.0
2025-07-10 15:00:00,-999.0
2025-07-10 16:00:00,-999.0
2025-07-10 17:00:00,-999.0
2025-07-10 18:00:00,-999.0
2025-07-10 19:00:00,-999.0
2025-07-10 20:00:00,-999.0
2025-07-10 21:00:00,-999.0
2025-07-10 22:00:00,-999.0
2025-07-10 23:00:00,-999.0
2025-07-11 00:00:00,-999.0
2025-07-11 01:00:00,-999.0
2025-07-11 02:00:00,-999.0
2025-07-11 03:00:00,-999.0
2025-07-11 04:00:00,-999.0
2025-07-11 05:00:00,-999.0
2025-07-11 06:00:00,-999.0
2025-07-11 07:00:00,-999.0
2025-07-11 08:00:00,-999.0
2025-07-11 09:00:00,-999.0
2025-07-11 10:00:00,-999.0
2025-07-11 11:00:00,-999.0
2025-07-11 12:00:00,-999.0
2025-07-11 13:00:00,-999.0
2025-07-11 14:00:00,-999.0
2025-07-11 15:00:00,-999.0
2025-07-11 16:00:00,-999.0
2025-07-11 17:00:00,-999.0
2025-07-11 18:00:00,-999.0
2025-07-11 19:00:00,-999.0
2025-07-11 20:00:00,-999.0
2025-07-11 21:00:00,-999.0
2025-07-11 22:00:00,-999.0
2025-07-11 23:00:00,-999.0
2025-07-12 00:00:00,-999.0
2025-07-12 01:00:00,-999.0
2025-07-12 02:00:00,-999.0
2025-07-12 03:00:00,-999.0
2025-07-12 04:00:00,-999.0
2025-07-12 05:00:00,-999.0
2025-07-12 06:00:00,-999.0
2025-07-12 07:00:00,-999.0
2025-07-12 08:00:00,-999.0
2025-07-12 09:00:00,-999.0
2025-07-12 10:00:00,-999.0
2025-07-12 11:00:00,-999.0
2025-07-12 12:00:00,-999.0
2025-07-12 13:00:00,-999.0
2025-07-12 14:00:00,-999.0
2025-07-12 15:00:00,-999.0
2025-07-12 16:00:00,-999.0
2025-07-12 17:00:00,-999.0
2025-07-12 18:00:00,-999.0
2025-07-12 19:00:00,-999.0
2025-07-12 20:00:00,-999.0
2025-07-12 21:00:00,-999.0
2025-07-12 22:00:00,-999.0
2025-07-12 23:00:00,-999.0
2025-07-13 00:00:00,-999.0
2025-07-13 01:00:00,-999.0
2025-07-13 02:00:00,-999.0
2025-07-13 03:00:00,-999.0
2025-07-13 04:00:00,-999.0
2025-07-13 05:00:00,-999.0
2025-07-13 06:00:00,-999.0
2025-07-13 07:00:00,-999.0
2025-07-13 08:00:00,-999.0
2025-07-13 09:00:00,-999.0
2025-07-13 10:00:00,-999.0
2025-07-13 11:00:00,-999.0
2025-07-13 12:00:00,-999.0
2025-07-13 13:00:00,-999.0
2025-07-13 14:00:00,-999.0
2025-07-13 15:00:00,-999.0
2025-07-13 16:00:00,-999.0
2025-07-13 17:00:00,-999.0
2025-07-13 18:00:00,-999.0
2025-07-13 19:00:00,-999.0
2025-07-13 20:00:00,-999.0
2025-07-13 21:00:00,-999.0
2025-07-13 22:00:00,-999.0
2025-07-13 23:00:00,-999.0
2025-07-14 00:00:00,-999.0
2025-07-14 01:00:00,-999.0
2025-07-14 02:00:00,-999.0
2025-07-14 03:00:00,-999.0
2025-07-14 04:00:00,-999.0
2025-07-14 05:00:00,-999.0
2025-07-14 06:00:00,-999.0
2025-07-14 07:00:00,-999.0
2025-07-14 08:00:00,-999.0
2025-07-14 09:00:00,-999.0
2025-07-14 10:00:00,-999.0
2025-07-14 11:00:00,-999.0
2025-07-14 12:00:00,-999.0
2025-07-14 13:00:00,-999.0
2025-07-14 14:00:00,-999.0
2025-07-14 15:00:00,-999.0
2025-07-14 16:00:00,-999.0
2025-07-14 17:00:00,-999.0
2025-07-14 18:00:00,-999.0
2025-07-14 19:00:00,-999.0
2025-07-14 20:00:00,-999.0
2025-07-14 21:00:00,-999.0
2025-07-14 22:00:00,-999.0
2025-07-14 23:00:00,-999.0
2025-07-15 00:00:00,-999.0
2025-07-15 01:00:00,-999.0
2025-07-15 02:00:00,-999.0
2025-07-15 03:00:00,-999.0
2025-07-15 04:00:00,-999.0
2025-07-15 05:00:00,-999.0
2025-07-15 06:00:00,-999.0
2025-07-15 07:00:00,-999.0
2025-07-15 08:00:00,-999.0
2025-07-15 09:00:00,-999.0
2025-07-15 10:00:00,-999.0
2025-07-15 11:00:00,-999.0
2025-07-15 12:00:00,-999.0
2025-07-15 13:00:00,-999.0
2025-07-15 14:00:00,-999.0
2025-07-15 15:00:00,-999.0
2025-07-15 16:00:00,-999.0
2025-07-15 17:00:00,-999.0
2025-07-15 18:00:00,-999.0
2025-07-15 19:00:00,-999.0
2025-07-15 20:00:00,-999.0
2025-07-15 21:00:00,-999.0
2025-07-15 22:00:00,-999.0
2025-07-15 23:00:00,-999.0
2025-07-16 00:00:00,-999.0
2025-07-16 01:00:00,-999.0
2025-07-16 02:00:00,-999.0
2025-07-16 03:00:00,-999.0
2025-07-16 04:00:00,-999.0
2025-07-16 05:00:00,-999.0
2025-07-16 06:00:00,-999.0
2025-07-16 07:00:00,-999.0
2025-07-16 08:00:00,-999.0
2025-07-16 09:00:00,-999.0
2025-07-16 10:00:00,-999.0
2025-07-16 11:00:00,-999.0
2025-07-16 12:00:00,-999.0
2025-07-16 13:00:00,-999.0
2025-07-16 14:00:00,-999.0
2025-07-16 15:00:00,-999.0
2025-07-16 16:00:00,-999.0
2025-07-16 17:00:00,-999.0
2025-07-16 18:00:00,-999.0
2025-07-16 19:00:00,-999.0
2025-07-16 20:00:00,-999.0
2025-07-16 21:00:00,-999.0
2025-07-16 22:00:00,-999.0
2025-07-16 23:00:00,-999.0
2025-07-17 00:00:00,-999.0
2025-07-17 01:00:00,-999.0
2025-07-17 02:00:00,-999.0
2025-07-17 03:00:00,-999.0
2025-07-17 04:00:00,-999.0
2025-07-17 05:00:00,-999.0
2025-07-17 06:00:00,-999.0
2025-07-17 07:00:00,-999.0
2025-07-17 08:00:00,-999.0
2025-07-17 09:00:00,-999.0
2025-07-17 10:00:00,-999.0
2025-07-17 11:00:00,-999.0
2025-07-17 12:00:00,-999.0
2025-07-17 13:00:00,-999.0
2025-07-17 14:00:00,-999.0
2025-07-17 15:00:00,-999.0
2025-07-17 16:00:00,-999.0
2025-07-17 17:00:00,-999.0
2025-07-17 18:00:00,-999.0
2025-07-17 19:00:00,-999.0
2025-07-17 20:00:00,-999.0
2025-07-17 21:00:00,-999.0
2025-07-17 22:00:00,-999.0
2025-07-17 23:00:00,-999.0
2025-07-18 00:00:00,-999.0
2025-07-18 01:00:00,-999.0
2025-07-18 02:00:00,-999.0
2025-07-18 03:00:00,-999.0
2025-07-18 04:00:00,-999.0
2025-07-18 05:00:00,-999.0
2025-07-18 06:00:00,-999.0
2025-07-18 07:00:00,-999.0
2025-07-18 08:00:00,-999.0
2025-07-18 09:00:00,-999.0
2025-07-18 10:00:00,-999.0
2025-07-18 11:00:00,-999.0
2025-07-18 12:00:00,-999.0
2025-07-18 13:00:00,-999.0
2025-07-18 14:00:00,-999.0
2025-07-18 15:00:00,-999.0
2025-07-18 16:00:00,-999.0
2025-07-18 17:00:00,-999.0
2025-07-18 18:00:00,-999.0
2025-07-18 19:00:00,-999.0
2025-07-18 20:00:00,-999.0
2025-07-18 21:00:00,-999.0
2025-07-18 22:00:00,-999.0
2025-07-18 23:00:00,-999.0
2025-07-19 00:00:00,-999.0
2025-07-19 01:00:00,-999.0
2025-07-19 02:00:00,-999.0
2025-07-19 03:00:00,-999.0
2025-07-19 04:00:00,-999.0
2025-07-19 05:00:00,-999.0
2025-07-19 06:00:00,-999.0
2025-07-19 07:00:00,-999.0
2025-07-19 08:00:00,-999.0
2025-07-19 09:00:00,-999.0
2025-07-19 10:00:00,-999.0
2025-07-19 11:00:00,-999.0
2025-07-19 12:00:00,-999.0
2025-07-19 13:00:00,-999.0
2025-07-19 14:00:00,-999.0
2025-07-19 15:00:00,-999.0
2025-07-19 16:00:00,-999.0
2025-07-19 17:00:00,-999.0
2025-07-19 18:00:00,-999.0
2025-07-19 19:00:00,-999.0
2025-07-19 20:00:00,-999.0
2025-07-19 21:00:00,-999.0
2025-07-19 22:00:00,-999.0
2025-07-19 23:00:00,-999.0
2025-07-20 00:00:00,-999.0
2025-07-20 01:00:00,-999.0
2025-07-20 02:00:00,-999.0
2025-07-20 03:00:00,-999.0
2025-07-20 04:00:00,-999.0
2025-07-20 05:00:00,-999.0
2025-07-20 06:00:00,-999.0
2025-07-20 07:00:00,-999.0
2025-07-20 08:00:00,-999.0
2025-07-20 09:00:00,-999.0
2025-07-20 10:00:00,-999.0
2025-07-20 11:00:00,-999.0
2025-07-20 12:00:00,-999.0
2025-07-20 13:00:00,-999.0
2025-07-20 14:00:00,-999.0
2025-07-20 15:00:00,-999.0
2025-07-20 16:00:00,-999.0
2025-07-20 17:00:00,-999.0
2025-07-20 18:00:00,-999.0
2025-07-20 19:00:00,-999.0
2025-07-20 20:00:00,-999.0
2025-07-20 21:00:00,-999.0
2025-07-20 22:00:00,-999.0
2025-07-20 23:00:00,-999.0
2025-07-21 00:00:00,-999.0
2025-07-21 01:00:00,-999.0
2025-07-21 02:00:00,-999.0
2025-07-21 03:00:00,-999.0
2025-07-21 04:00:00,-999.0
2025-07-21 05:00:00,-999.0
2025-07-21 06:00:00,-999.0
2025-07-21 07:00:00,-999.0
2025-07-21 08:00:00,-999.0
2025-07-21 09:00:00,-999.0
2025-07-21 10:00:00,-999.0
2025-07-21 11:00:00,-999.0
2025-07-21 12:00:00,-999.0
2025-07-21 13:00:00,-999.0
2025-07-21 14:00:00,-999.0
2025-07-21 15:00:00,-999.0
2025-07-21 16:00:00,-999.0
2025-07-21 17:00:00,-999.0
2025-07-21 18:00:00,-999.0
2025-07-21 19:00:00,-999.0
2025-07-21 20:00:00,-999.0
2025-07-21 21:00:00,-999.0
2025-07-21 22:00:00,-999.0
2025-07-21 23:00:00,-999.0
2025-07-22 00:00:00,-999.0
2025-07-22 01:00:00,-999.0
2025-07-22 02:00:00,-999.0
2025-07-22 03:00:00,-999.0
2025-07-22 04:00:00,-999.0
2025-07-22 05:00:00,-999.0
2025-07-22 06:00:00,-999.0
2025-07-22 07:00:00,-999.0
2025-07-22 08:00:00,-999.0
2025-07-22 09:00:00,-999.0
2025-07-22 10:00:00,-999.0
2025-07-22 11:00:00,-999.0
2025-07-22 12:00:00,-999.0
2025-07-22 13:00:00,-999.0
2025-07-22 14:00:00,-999.0
2025-07-22 15:00:00,-999.0
2025-07-22 16:00:00,-999.0
2025-07-22 17:00:00,-999.0
2025-07-22 18:00:00,-999.0
2025-07-22 19:00:00,-999.0
2025-07-22 20:00:00,-999.0
2025-07-22 21:00:00,-999.0
2025-07-22 22:00:00,-999.0
2025-07-22 23:00:00,-999.0
2025-07-23 00:00:00,-999.0
2025-07-23 01:00:00,-999.0
2025-07-23 02:00:00,-999.0
2025-07-23 03:00:00,-999.0
2025-07-23 04:00:00,-999.0
2025-07-23 05:00:00,-999.0
2025-07-23 06:00:00,-999.0
2025-07-23 07:00:00,-999.0
2025-07-23 08:00:00,-999.0
2025-07-23 09:00:00,-999.0
2025-07-23 10:00:00,-999.0
2025-07-23 11:00:00,-999.0
2025-07-23 12:00:00,-999.0
2025-07-23 13:00:00,-999.0
2025-07-23 14:00:00,-999.0
2025-07-23 15:00:00,-999.0
2025-07-23 16:00:00,-999.0
2025-07-23 17:00:00,-999.0
2025-07-23 18:00:00,-999.0
2025-07-23 19:00:00,-999.0
2025-07-23 20:00:00,-999.0
2025-07-23 21:00:00,-999.0
2025-07-23 22:00:00,-999.0
2025-07-23 23:00:00,-999.0
2025-07-24 00:00:00,-999.0
2025-07-24 01:00:00,-999.0
2025-07-24 02:00:00,-999.0
2025-07-24 03:00:00,-999.0
2025-07-24 04:00:00,-999.0
2025-07-24 05:00:00,-999.0
2025-07-24 06:00:00,-999.0
2025-07-24 07:00:00,-999.0
2025-07-24 08:00:00,-999.0
2025-07-24 09:00:00,-999.0
2025-07-24 10:00:00,-999.0
2025-07-24 11:00:00,-999.0
2025-07-24 12:00:00,-999.0
2025-07-24 13:00:00,-999.0
2025-07-24 14:00:00,-999.0
2025-07-24 15:00:00,-999.0
2025-07-24 16:00:00,-999.0
2025-07-24 17:00:00,-999.0
2025-07-24 18:00:00,-999.0
2025-07-24 19:00:00,-999.0
2025-07-24 20:00:00,-999.0
2025-07-24 21:00:00,-999.0
2025-07-24 22:00:00,-999.0
2025-07-24 23:00:00,-999.0
2025-07-25 00:00:00,-999.0
2025-07-25 01:00:00,-999.0
2025-07-25 02:00:00,-999.0
2025-07-25 03:00:00,-999.0
2025-07-25 04:00:00,-999.0
2025-07-25 05:00:00,-999.0
2025-07-25 06:00:00,-999.0
2025-07-25 07:00:00,-999.0
2025-07-25 08:00:00,-999.0
2025-07-25 09:00:00,-999.0
2025-07-25 10:00:00,-999.0
2025-07-25 11:00:00,-999.0
2025-07-25 12:00:00,-999.0
2025-07-25 13:00:00,-999.0
2025-07-25 14:00:00,-999.0
2025-07-25 15:00:00,-999.0
2025-07-25 16:00:00,-999.0
2025-07-25 17:00:00,-999.0
2025-07-25 18:00:00,-999.0
2025-07-25 19:00:00,-999.0
2025-07-25 20:00:00,-999.0
2025-07-25 21:00:00,-999.0
2025-07-25 22:00:00,-999.0
2025-07-25 23:00:00,-999.0
2025-07-26 00:00:00,-999.0
2025-07-26 01:00:00,-999.0
2025-07-26 02:00:00,-999.0
2025-07-26 03:00:00,-999.0
2025-07-26 04:00:00,-999.0
2025-07-26 05:00:00,-999.0
2025-07-26 06:00:00,-999.0
2025-07-26 07:00:00,-999.0
2025-07-26 08:00:00,-999.0
2025-07-26 09:00:00,-999.0
2025-07-26 10:00:00,-999.0
2025-07-26 11:00:00,-999.0
2025-07-26 12:00:00,-999.0
2025-07-26 13:00:00,-999.0
2025-07-26 14:00:00,-999.0
2025-07-26 15:00:00,-999.0
2025-07-26 16:00:00,-999.0
2025-07-26 17:00:00,-999.0
2025-07-26 18:00:00,-999.0
2025-07-26 19:00:00,-999.0
2025-07-26 20:00:00,-999.0
2025-07-26 21:00:00,-999.0
2025-07-26 22:00:00,-999.0
2025-07-26 23:00:00,-999.0
2025-07-27 00:00:00,-999.0
2025-07-27 01:00:00,-999.0
2025-07-27 02:00:00,-999.0
2025-07-27 03:00:00,-999.0
2025-07-27 04:00:00,-999.0
2025-07-27 05:00:00,-999.0
2025-07-27 06:00:00,-999.0
2025-07-27 07:00:00,-999.0
2025-07-27 08:00:00,-999.0
2025-07-27 09:00:00,-999.0
2025-07-27 10:00:00,-999.0
2025-07-27 11:00:00,-999.0
2025-07-27 12:00:00,-999.0
2025-07-27 13:00:00,-999.0
2025-07-27 14:00:00,-999.0
2025-07-27 15:00:00,-999.0
2025-07-27 16:00:00,-999.0
2025-07-27 17:00:00,-999.0
2025-07-27 18:00:00,-999.0
2025-07-27 19:00:00,-999.0
2025-07-27 20:00:00,-999.0
2025-07-27 21:00:00,-999.0
2025-07-27 22:00:00,-999.0
2025-07-27 23:00:00,-999.0
2025-07-28 00:00:00,-999.0
2025-07-28 01:00:00,-999.0
2025-07-28 02:00:00,-999.0
2025-07-28 03:00:00,-999.0
2025-07-28 04:00:00,-999.0
2025-07-28 05:00:00,-999.0
2025-07-28 06:00:00,-999.0
2025-07-28 07:00:00,-999.0
2025-07-28 08:00:00,-999.0
2025-07-28 09:00:00,-999.0
2025-07-28 10:00:00,-999.0
2025-07-28 11:00:00,-999.0
2025-07-28 12:00:00,-999.0
2025-07-28 13:00:00,-999.0
2025-07-28 14:00:00,-999.0
2025-07-28 15:00:00,-999.0
2025-07-28 16:00:00,-999.0
2025-07-28 17:00:00,-999.0
2025-07-28 18:00:00,-999.0
2025-07-28 19:00:00,-999.0
2025-07-28 20:00:00,-999.0
2025-07-28 21:00:00,-999.0
2025-07-28 22:00:00,-999.0
2025-07-28 23:00:00,-999.0
2025-07-29 00:00:00,-999.0
2025-07-29 01:00:00,-999.0
2025-07-29 02:00:00,-999.0
2025-07-29 03:00:00,-999.0
2025-07-29 04:00:00,-999.0
2025-07-29 05:00:00,-999.0
2025-07-29 06:00:00,-999.0
2025-07-29 07:00:00,-999.0
2025-07-29 08:00:00,-999.0
2025-07-29 09:00:00,-999.0
2025-07-29 10:00:00,-999.0
2025-07-29 11:00:00,-999.0
2025-07-29 12:00:00,-999.0
2025-07-29 13:00:00,-999.0
2025-07-29 14:00:00,-999.0
2025-07-29 15:00:00,-999.0
2025-07-29 16:00:00,-999.0
2025-07-29 17:00:00,-999.0
2025-07-29 18:00:00,-999.0
2025-07-29 19:00:00,-999.0
2025-07-29 20:00:00,-999.0
2025-07-29 21:00:00,-999.0
2025-07-29 22:00:00,-999.0
2025-07-29 23:00:00,-999.0
2025-07-30 00:00:00,-999.0
2025-07-30 01:00:00,-999.0
2025-07-30 02:00:00,-999.0
2025-07-30 03:00:00,-999.0
2025-07-30 04:00:00,-999.0
2025-07-30 05:00:00,-999.0
2025-07-30 06:00:00,-999.0
2025-07-30 07:00:00,-999.0
2025-07-30 08:00:00,-999.0
2025-07-30 09:00:00,-999.0
2025-07-30 10:00:00,-999.0
2025-07-30 11:00:00,-999.0
2025-07-30 12:00:00,-999.0
2025-07-30 13:00:00,-999.0
2025-07-30 14:00:00,-999.0
2025-07-30 15:00:00,-999.0
2025-07-30 16:00:00,-999.0
2025-07-30 17:00:00,-999.0
2025-07-30 18:00:00,-999.0
2025-07-30 19:00:00,-999.0
2025-07-30 20:00:00,-999.0
2025-07-30 21:00:00,-999.0
2025-07-30 22:00:00,-999.0
2025-07-30 23:00:00,-999.0
2025-07-31 00:00:00,-999.0
2025-07-31 01:00:00,-999.0
2025-07-31 02:00:00,-999.0
2025-07-31 03:00:00,-999.0
2025-07-31 04:00:00,-999.0
2025-07-31 05:00:00,-999.0
2025-07-31 06:00:00,-999.0
2025-07-31 07:00:00,-999.0
2025-07-31 08:00:00,-999.0
2025-07-31 09:00:00,-999.0
2025-07-31 10:00:00,-999.0
2025-07-31 11:00:00,-999.0
2025-07-31 12:00:00,-999.0
2025-07-31 13:00:00,-999.0
2025-07-31 14:00:00,-999.0
2025-07-31 15:00:00,-999.0
2025-07-31 16:00:00,-999.0
2025-07-31 17:00:00,-999.0
2025-07-31 18:00:00,-999.0
2025-07-31 19:00:00,-999.0
2025-07-31 20:00:00,-999.0
2025-07-31 21:00:00,-999.0
2025-07-31 22:00:00,-999.0
2025-07-31 23:00:00,-999.0
2025-08-01 00:00:00,-999.0
2025-08-01 01:00:00,-999.0
2025-08-01 02:00:00,-999.0
2025-08-01 03:00:00,-999.0
2025-08-01 04:00:00,-999.0
2025-08-01 05:00:00,-999.0
2025-08-01 06:00:00,-999.0
2025-08-01 07:00:00,-999.0
2025-08-01 08:00:00,-999.0
2025-08-01 09:00:00,-999.0
2025-08-01 10:00:00,-999.0
2025-08-01 11:00:00,-999.0
2025-08-01 12:00:00,-999.0
2025-08-01 13:00:00,-999.0
2025-08-01 14:00:00,-999.0
2025-08-01 15:00:00,-999.0
2025-08-01 16:00:00,-999.0
2025-08-01 17:00:00,-999.0
2025-08-01 18:00:00,-999.0
2025-08-01 19:00:00,-999.0
2025-08-01 20:00:00,-999.0
2025-08-01 21:00:00,-999.0
2025-08-01 22:00:00,-999.0
2025-08-01 23:00:00,-999.0
2025-08-02 00:00:00,-999.0
2025-08-02 01:00:00,-999.0
2025-08-02 02:00:00,-999.0
2025-08-02 03:00:00,-999.0
2025-08-02 04:00:00,-999.0
2025-08-02 05:00:00,-999.0
2025-08-02 06:00:00,-999.0
2025-08-02 07:00:00,-999.0
2025-08-02 08:00:00,-999.0
2025-08-02 09:00:00,-999.0
2025-08-02 10:00:00,-999.0
2025-08-02 11:00:00,-999.0
2025-08-02 12:00:00,-999.0
2025-08-02 13:00:00,-999.0
2025-08-02 14:00:00,-999.0
2025-08-02 15:00:00,-999.0
2025-08-02 16:00:00,-999.0
2025-08-02 17:00:00,-999.0
2025-08-02 18:00:00,-999.0
2025-08-02 19:00:00,-999.0
2025-08-02 20:00:00,-999.0
2025-08-02 21:00:00,-999.0
2025-08-02 22:00:00,-999.0
2025-08-02 23:00:00,-999.0
